Time,Category,Message,Status,Flag,Scope,Sector,RacingNumber,Lap,Year,RoundNumber
2023-03-05 14:04:34,Other,PINK HEAD PADDING MATERIAL MUST BE USED,,,,,,1,2023,1
2023-03-05 14:20:00,Flag,GREEN LIGHT - PIT EXIT OPEN,,GREEN,Track,,,1,2023,1
2023-03-05 14:23:00,Flag,YELLOW IN TRACK SECTOR 10,,YELLOW,Sector,10.0,,1,2023,1
2023-03-05 14:23:04,Flag,CLEAR IN TRACK SECTOR 10,,CLEAR,Sector,10.0,,1,2023,1
2023-03-05 14:30:00,Other,PIT EXIT CLOSED,,,,,,1,2023,1
2023-03-05 14:45:11,Other,RISK OF RAIN FOR F1 RACE IS 0%,,,,,,1,2023,1
2023-03-05 14:57:09,Drs,DRS DISABLED,DISABLED,,,,,1,2023,1
2023-03-05 15:03:38,Flag,GREEN LIGHT - PIT EXIT OPEN,,GREEN,Track,,,1,2023,1
2023-03-05 15:04:09,Flag,YELLOW IN TRACK SECTOR 4,,YELLOW,Sector,4.0,,1,2023,1
2023-03-05 15:04:09,Flag,CLEAR IN TRACK SECTOR 4,,CLEAR,Sector,4.0,,1,2023,1
2023-03-05 15:05:17,Flag,YELLOW IN TRACK SECTOR 11,,YELLOW,Sector,11.0,,2,2023,1
2023-03-05 15:05:52,Flag,CLEAR IN TRACK SECTOR 11,,CLEAR,Sector,11.0,,2,2023,1
2023-03-05 15:05:59,Other,TRACK SURFACE SLIPPERY IN TRACK SECTOR 11,,,,,,2,2023,1
2023-03-05 15:06:47,Drs,DRS ENABLED,ENABLED,,,,,2,2023,1
2023-03-05 15:06:52,Flag,CLEAR IN TRACK SECTOR 11,,CLEAR,Sector,11.0,,2,2023,1
2023-03-05 15:07:37,Other,TURN 4 INCIDENT INVOLVING CARS 18 (STR) AND 14 (ALO) NOTED - CAUSING A COLLISION,,,,,,3,2023,1
2023-03-05 15:08:47,Other,CAR 4 (NOR) TIME 1:39.777 DELETED - TRACK LIMITS AT TURN 4 LAP 3 18:07:34,,,,,,4,2023,1
2023-03-05 15:10:36,Other,FIA STEWARDS: TURN 4 INCIDENT INVOLVING CARS 18 (STR) AND 14 (ALO) REVIEWED NO FURTHER INVESTIGATION - CAUSING A COLLISION,,,,,,5,2023,1
2023-03-05 15:17:20,CarEvent,CAR 63 (RUS) OFF TRACK AND CONTINUED AT TURN 10,,,,,63,9,2023,1
2023-03-05 15:18:43,Other,CAR 77 (BOT) TIME 1:40.564 DELETED - TRACK LIMITS AT TURN 4 LAP 7 18:14:14,,,,,,10,2023,1
2023-03-05 15:19:29,Other,CAR 16 (LEC) TIME 1:38.614 DELETED - TRACK LIMITS AT TURN 4 LAP 8 18:15:41,,,,,,10,2023,1
2023-03-05 15:22:32,Other, INCIDENT INVOLVING CAR 31 (OCO) NOTED - INACCURATE GRID POSITION,,,,,,12,2023,1
2023-03-05 15:26:56,Other,FIA STEWARDS: INCIDENT INVOLVING CAR 31 (OCO) UNDER INVESTIGATION - INACCURATE GRID POSITION,,,,,,15,2023,1
2023-03-05 15:27:19,Other,FIA STEWARDS: 5 SECOND TIME PENALTY FOR CAR 31 (OCO) - INACCURATE GRID POSITION,,,,,,15,2023,1
2023-03-05 15:29:33,Other,CAR 4 (NOR) TIME 1:38.870 DELETED - TRACK LIMITS AT TURN 4 LAP 15 18:28:10,,,,,,16,2023,1
2023-03-05 15:35:30,Other,INCIDENT INVOLVING CAR 31 (OCO) NOTED - SERVING TIME PENALTY INCORRECTLY ,,,,,,20,2023,1
2023-03-05 15:37:23,Other,CAR 21 (DEV) TIME 1:39.078 DELETED - TRACK LIMITS AT TURN 13 LAP 19 18:35:40,,,,,,21,2023,1
2023-03-05 15:42:44,Other,FIA STEWARDS: INCIDENT INVOLVING CAR 31 (OCO) UNDER INVESTIGATION - SERVING TIME PENALTY INCORRECTLY ,,,,,,24,2023,1
2023-03-05 15:43:16,Other,FIA STEWARDS: 10 SECOND TIME PENALTY FOR CAR 31 (OCO) - SERVING TIME PENALTY INCORRECTLY ,,,,,,25,2023,1
2023-03-05 15:43:39,Other,CAR 27 (HUL) TIME 1:39.703 DELETED - TRACK LIMITS AT TURN 4 LAP 21 18:39:51,,,,,,25,2023,1
2023-03-05 15:48:12,Other,INCIDENT INVOLVING CAR 31 (OCO) NOTED - SPEEDING IN THE PIT LANE,,,,,,28,2023,1
2023-03-05 15:48:50,Other,FIA STEWARDS: INCIDENT INVOLVING CAR 31 (OCO) UNDER INVESTIGATION - SPEEDING IN THE PIT LANE,,,,,,28,2023,1
2023-03-05 15:49:07,Other,FIA STEWARDS: 5 SECOND TIME PENALTY FOR CAR 31 (OCO) - SPEEDING IN THE PIT LANE,,,,,,28,2023,1
2023-03-05 15:51:04,Other,CAR 20 (MAG) TIME 1:39.316 DELETED - TRACK LIMITS AT TURN 4 LAP 28 18:49:51,,,,,,29,2023,1
2023-03-05 15:51:39,Flag,WAVED BLUE FLAG FOR CAR 31 (OCO) TIMED AT 18:51:39,,BLUE,Driver,,31,30,2023,1
2023-03-05 16:00:14,Other,CAR 14 (ALO) LAP DELETED - TRACK LIMITS AT TURN 4 LAP 34 18:58:59 (PIT),,,,,,35,2023,1
2023-03-05 16:03:19,Flag,WAVED BLUE FLAG FOR CAR 4 (NOR) TIMED AT 19:03:18,,BLUE,Driver,,4,37,2023,1
2023-03-05 16:07:05,Flag,WAVED BLUE FLAG FOR CAR 4 (NOR) TIMED AT 19:07:05,,BLUE,Driver,,4,39,2023,1
2023-03-05 16:09:58,Other,CAR 27 (HUL) TIME 1:38.184 DELETED - TRACK LIMITS AT TURN 4 LAP 39 19:08:20,,,,,,41,2023,1
2023-03-05 16:10:01,Flag,YELLOW IN TRACK SECTOR 16,,YELLOW,Sector,16.0,,41,2023,1
2023-03-05 16:10:19,SafetyCar,VIRTUAL SAFETY CAR DEPLOYED,DEPLOYED,,,,,41,2023,1
2023-03-05 16:11:53,Flag,CLEAR IN TRACK SECTOR 16,,CLEAR,Sector,16.0,,42,2023,1
2023-03-05 16:11:55,SafetyCar,VIRTUAL SAFETY CAR ENDING,ENDING,,,,,42,2023,1
2023-03-05 16:12:08,Flag,TRACK CLEAR,,CLEAR,Track,,,42,2023,1
2023-03-05 16:12:16,Drs,DRS ENABLED,ENABLED,,,,,42,2023,1
2023-03-05 16:12:30,Flag,WAVED BLUE FLAG FOR CAR 27 (HUL) TIMED AT 19:12:29,,BLUE,Driver,,27,42,2023,1
2023-03-05 16:13:54,Flag,WAVED BLUE FLAG FOR CAR 31 (OCO) TIMED AT 19:13:53,,BLUE,Driver,,31,43,2023,1
2023-03-05 16:14:39,Other,CAR 63 (RUS) TIME 1:37.035 DELETED - TRACK LIMITS AT TURN 13 LAP 42 19:13:49,,,,,,43,2023,1
2023-03-05 16:16:18,Other,CAR 10 (GAS) TIME 1:35.942 DELETED - TRACK LIMITS AT TURN 4 LAP 43 19:15:07,,,,,,44,2023,1
2023-03-05 16:17:53,Other,CAR 10 (GAS) TIME 1:35.792 DELETED - TRACK LIMITS AT TURN 4 LAP 44 19:16:41,,,,,,45,2023,1
2023-03-05 16:23:02,Flag,WAVED BLUE FLAG FOR CAR 21 (DEV) TIMED AT 19:23:01,,BLUE,Driver,,21,48,2023,1
2023-03-05 16:24:12,Other,CAR 27 (HUL) TIME 1:36.806 DELETED - TRACK LIMITS AT TURN 4 LAP 47 19:22:09,,,,,,49,2023,1
2023-03-05 16:24:21,Flag,WAVED BLUE FLAG FOR CAR 4 (NOR) TIMED AT 19:24:20,,BLUE,Driver,,4,49,2023,1
2023-03-05 16:24:25,Flag,BLACK AND WHITE FLAG FOR CAR 27 (HUL) - TRACK LIMITS,,BLACK AND WHITE,Driver,,27,49,2023,1
2023-03-05 16:27:18,Flag,WAVED BLUE FLAG FOR CAR 24 (ZHO) TIMED AT 19:27:17,,BLUE,Driver,,24,51,2023,1
2023-03-05 16:27:24,Flag,WAVED BLUE FLAG FOR CAR 24 (ZHO) TIMED AT 19:27:24,,BLUE,Driver,,24,51,2023,1
2023-03-05 16:27:25,Other,CAR 44 (HAM) TIME 1:37.770 DELETED - TRACK LIMITS AT TURN 8 LAP 50 19:26:02,,,,,,51,2023,1
2023-03-05 16:28:38,Other,CAR 21 (DEV) TIME 1:39.089 DELETED - TRACK LIMITS AT TURN 4 LAP 50 19:26:51,,,,,,52,2023,1
2023-03-05 16:29:05,CarEvent,CAR 18 (STR) OFF TRACK AND CONTINUED AT TURN 10,,,,,18,52,2023,1
2023-03-05 16:29:55,Flag,WAVED BLUE FLAG FOR CAR 21 (DEV) TIMED AT 19:29:55,,BLUE,Driver,,21,53,2023,1
2023-03-05 16:31:31,Other,CAR 27 (HUL) TIME 1:37.917 DELETED - TRACK LIMITS AT TURN 4 LAP 52 19:30:15,,,,,,54,2023,1
2023-03-05 16:31:38,Other,INCIDENT INVOLVING CAR 27 (HUL) NOTED - MULTIPLE TRACK LIMITS,,,,,,54,2023,1
2023-03-05 16:31:52,Other,FIA STEWARDS: INCIDENT INVOLVING CAR 27 (HUL) UNDER INVESTIGATION - MULTIPLE TRACK LIMITS,,,,,,54,2023,1
2023-03-05 16:32:12,Other,FIA STEWARDS: 5 SECOND TIME PENALTY FOR CAR 27 (HUL) - MULTIPLE TRACK LIMITS,,,,,,54,2023,1
2023-03-05 16:32:50,Other,CAR 4 (NOR) TIME 1:35.257 DELETED - TRACK LIMITS AT TURN 7 LAP 50 19:28:08,,,,,,55,2023,1
2023-03-05 16:33:02,Flag,BLACK AND WHITE FLAG FOR CAR 4 (NOR) - TRACK LIMITS,,BLACK AND WHITE,Driver,,4,55,2023,1
2023-03-05 16:33:50,Flag,WAVED BLUE FLAG FOR CAR 20 (MAG) TIMED AT 19:33:50,,BLUE,Driver,,20,55,2023,1
2023-03-05 16:36:52,Flag,WAVED BLUE FLAG FOR CAR 2 (SAR) TIMED AT 19:36:51,,BLUE,Driver,,2,57,2023,1
2023-03-05 16:37:31,Flag,CHEQUERED FLAG,,CHEQUERED,Track,,,57,2023,1
2023-03-05 16:40:53,Other,CAR 27 (HUL) TIME 1:39.206 DELETED - TRACK LIMITS AT TURN 13 LAP 56 19:37:41,,,,,,57,2023,1
2023-03-05 16:42:16,Other,INCIDENT INVOLVING CAR 27 (HUL) NOTED - MULTIPLE TRACK LIMITS,,,,,,57,2023,1
2023-03-05 16:42:37,Other,FIA STEWARDS: INCIDENT INVOLVING CAR 27 (HUL) UNDER INVESTIGATION - MULTIPLE TRACK LIMITS,,,,,,57,2023,1
2023-03-05 16:42:52,Other,FIA STEWARDS: 10 SECOND TIME PENALTY FOR CAR 27 (HUL) - MULTIPLE TRACK LIMITS,,,,,,57,2023,1
2023-03-19 16:10:31,Other,PINK HEAD PADDING MATERIAL MUST BE USED,,,,,,1,2023,2
2023-03-19 16:20:00,Flag,GREEN LIGHT - PIT EXIT OPEN,,GREEN,Track,,,1,2023,2
2023-03-19 16:30:00,Other,PIT EXIT CLOSED,,,,,,1,2023,2
2023-03-19 16:45:27,Other,RISK OF RAIN FOR F1 RACE IS 0%,,,,,,1,2023,2
2023-03-19 16:57:03,Drs,DRS DISABLED,DISABLED,,,,,1,2023,2
2023-03-19 17:03:50,Flag,GREEN LIGHT - PIT EXIT OPEN,,GREEN,Track,,,1,2023,2
2023-03-19 17:04:28,Other,INCIDENT INVOLVING CAR 14 (ALO) NOTED - INCORRECT STARTING LOCATION,,,,,,1,2023,2
2023-03-19 17:05:30,Other,TRACK SURFACE SLIPPERY IN TRACK SECTOR 3,,,,,,2,2023,2
2023-03-19 17:05:33,Other,TRACK SURFACE SLIPPERY IN TRACK SECTOR 4,,,,,,2,2023,2
2023-03-19 17:05:51,Other,FIA STEWARDS: INCIDENT INVOLVING CAR 14 (ALO) UNDER INVESTIGATION - INCORRECT STARTING LOCATION,,,,,,2,2023,2
2023-03-19 17:06:05,Other,FIA STEWARDS: 5 SECOND TIME PENALTY FOR CAR 14 (ALO) - INCORRECT STARTING LOCATION,,,,,,2,2023,2
2023-03-19 17:07:20,Drs,DRS ENABLED,ENABLED,,,,,3,2023,2
2023-03-19 17:08:25,Flag,CLEAR IN TRACK SECTOR 3,,CLEAR,Sector,3.0,,3,2023,2
2023-03-19 17:08:27,Flag,CLEAR IN TRACK SECTOR 4,,CLEAR,Sector,4.0,,3,2023,2
2023-03-19 17:11:14,Other,CAR 20 (MAG) TIME 1:37.098 DELETED - TRACK LIMITS AT TURN 23 LAP 4 20:10:01,,,,,,5,2023,2
2023-03-19 17:12:23,Other,CAR 2 (SAR) TIME 1:36.881 DELETED - TRACK LIMITS AT TURN 23 LAP 5 20:11:41,,,,,,6,2023,2
2023-03-19 17:12:28,Other,CAR 1 (VER) TIME 1:35.359 DELETED - TRACK LIMITS AT TURN 23 LAP 5 20:11:37,,,,,,6,2023,2
2023-03-19 17:13:25,Other,CAR 23 (ALB) TIME 1:37.108 DELETED - TRACK LIMITS AT TURN 23 LAP 5 20:11:41,,,,,,7,2023,2
2023-03-19 17:15:21,Other,START STRAIGHT INCIDENT INVOLVING CAR 44 (HAM) NOTED - WEAVING ON STRAIGHT,,,,,,8,2023,2
2023-03-19 17:15:38,Other,FIA STEWARDS: START STRAIGHT INCIDENT INVOLVING CAR 44 (HAM) UNDER INVESTIGATION - WEAVING ON STRAIGHT,,,,,,8,2023,2
2023-03-19 17:16:35,Flag,BLACK AND WHITE FLAG FOR CAR 44 (HAM) - WEAVING ON STRAIGHT,,BLACK AND WHITE,Driver,,44,9,2023,2
2023-03-19 17:19:01,Other,CAR 27 (HUL) TIME 1:36.613 DELETED - TRACK LIMITS AT TURN 23 LAP 9 20:18:04,,,,,,10,2023,2
2023-03-19 17:23:45,CarEvent,CAR 18 (STR) MISSED THE APEX OF TURN 5,,,,,18,13,2023,2
2023-03-19 17:23:47,Other,CAR 18 (STR) TIME 1:36.522 DELETED - TRACK LIMITS AT TURN 5 LAP 12 20:21:45,,,,,,13,2023,2
2023-03-19 17:30:11,Other,CAR 55 (SAI) TIME 1:53.399 DELETED - TRACK LIMITS AT TURN 23 LAP 16 20:29:19,,,,,,17,2023,2
2023-03-19 17:30:31,Flag,YELLOW IN TRACK SECTOR 9,,YELLOW,Sector,9.0,,17,2023,2
2023-03-19 17:30:33,Flag,DOUBLE YELLOW IN TRACK SECTOR 9,,DOUBLE YELLOW,Sector,9.0,,17,2023,2
2023-03-19 17:30:49,Flag,YELLOW IN TRACK SECTOR 9,,YELLOW,Sector,9.0,,18,2023,2
2023-03-19 17:30:59,Flag,DOUBLE YELLOW IN TRACK SECTOR 9,,DOUBLE YELLOW,Sector,9.0,,18,2023,2
2023-03-19 17:31:01,Flag,YELLOW IN TRACK SECTOR 8,,YELLOW,Sector,8.0,,18,2023,2
2023-03-19 17:31:10,SafetyCar,SAFETY CAR DEPLOYED,DEPLOYED,,,,,18,2023,2
2023-03-19 17:34:23,Flag,CLEAR IN TRACK SECTOR 9,,CLEAR,Sector,9.0,,19,2023,2
2023-03-19 17:34:26,Flag,CLEAR IN TRACK SECTOR 8,,CLEAR,Sector,8.0,,19,2023,2
2023-03-19 17:36:10,SafetyCar,SAFETY CAR IN THIS LAP,IN THIS LAP,,,,,20,2023,2
2023-03-19 17:38:27,Flag,TRACK CLEAR,,CLEAR,Track,,,20,2023,2
2023-03-19 17:42:04,Drs,DRS ENABLED,ENABLED,,,,,23,2023,2
2023-03-19 17:43:56,Flag,BLACK AND WHITE FLAG FOR CAR 55 (SAI) - WEAVING ON STRAIGHT,,BLACK AND WHITE,Driver,,55,24,2023,2
2023-03-19 17:44:02,Other,CAR 77 (BOT) TIME 1:38.366 DELETED - TRACK LIMITS AT TURN 2 LAP 22 20:40:33,,,,,,24,2023,2
2023-03-19 17:44:22,Other,CAR 20 (MAG) TIME 1:35.702 DELETED - TRACK LIMITS AT TURN 23 LAP 23 20:43:09,,,,,,24,2023,2
2023-03-19 17:48:54,Other,CAR 23 (ALB) TIME 1:38.229 DELETED - TRACK LIMITS AT TURN 23 LAP 26 20:47:59,,,,,,27,2023,2
2023-03-19 17:50:05,Other,CAR 77 (BOT) TIME 1:38.366 WILL BE REINSTATED,,,,,,28,2023,2
2023-03-19 17:50:26,Other,CAR 24 (ZHO) TIME 1:37.391 DELETED - TRACK LIMITS AT TURN 2 LAP 22 20:40:33,,,,,,28,2023,2
2023-03-19 17:57:10,Other,CAR 16 (LEC) TIME 1:34.082 DELETED - TRACK LIMITS AT TURN 23 LAP 31 20:55:40,,,,,,32,2023,2
2023-03-19 17:58:08,Other,CAR 16 (LEC) TIME 1:34.701 DELETED - TRACK LIMITS AT TURN 2 LAP 32 20:56:15,,,,,,33,2023,2
2023-03-19 17:58:25,Other,CAR 4 (NOR) TIME 1:35.478 DELETED - TRACK LIMITS AT TURN 23 LAP 32 20:57:34,,,,,,33,2023,2
2023-03-19 18:05:43,Other,CAR 11 (PER) TIME 1:32.638 DELETED - TRACK LIMITS AT TURN 23 LAP 37 21:04:35,,,,,,38,2023,2
2023-03-19 18:06:09,Other,CAR 1 (VER) TIME 1:32.496 DELETED - TRACK LIMITS AT TURN 23 LAP 37 21:04:40,,,,,,38,2023,2
2023-03-19 18:09:23,Flag,WAVED BLUE FLAG FOR CAR 77 (BOT) TIMED AT 21:09:23,,BLUE,Driver,,77,40,2023,2
2023-03-19 18:11:14,Flag,WAVED BLUE FLAG FOR CAR 77 (BOT) TIMED AT 21:11:14,,BLUE,Driver,,77,42,2023,2
2023-03-19 18:15:39,Other,CAR 81 (PIA) TIME 1:35.257 DELETED - TRACK LIMITS AT TURN 23 LAP 43 21:15:03,,,,,,44,2023,2
2023-03-19 18:21:31,Flag,WAVED BLUE FLAG FOR CAR 77 (BOT) TIMED AT 21:21:31,,BLUE,Driver,,77,48,2023,2
2023-03-19 18:23:23,Flag,WAVED BLUE FLAG FOR CAR 77 (BOT) TIMED AT 21:23:22,,BLUE,Driver,,77,49,2023,2
2023-03-19 18:25:07,Flag,CHEQUERED FLAG,,CHEQUERED,Track,,,50,2023,2
2023-03-19 18:38:13,Other,PIT LANE INCIDENT INVOLVING CAR 14 (ALO) NOTED - SERVING PENALTY INCORRECTLY ,,,,,,50,2023,2
2023-03-19 18:38:32,Other,FIA STEWARDS: PIT LANE INCIDENT INVOLVING CAR 14 (ALO) UNDER INVESTIGATION - SERVING PENALTY INCORRECTLY ,,,,,,50,2023,2
2023-03-19 18:45:07,Other,FIA STEWARDS: 10 SECOND TIME PENALTY FOR CAR 14 (ALO) - SERVING PENALTY INCORRECTLY ,,,,,,50,2023,2
2023-04-02 04:05:11,Other,DRS DISABLED IN ZONE 3,,,,,,1,2023,3
2023-04-02 04:05:31,Other,PINK HEAD PADDING MATERIAL MUST BE USED,,,,,,1,2023,3
2023-04-02 04:14:09,Other,DRS ENABLED IN ZONE 3,,,,,,1,2023,3
2023-04-02 04:20:00,Flag,GREEN LIGHT - PIT EXIT OPEN,,GREEN,Track,,,1,2023,3
2023-04-02 04:30:00,Other,PIT EXIT CLOSED,,,,,,1,2023,3
2023-04-02 04:31:48,Flag,YELLOW IN TRACK SECTOR 15,,YELLOW,Sector,15.0,,1,2023,3
2023-04-02 04:31:50,Other,DRS DISABLED IN ZONE 2,,,,,,1,2023,3
2023-04-02 04:31:50,Flag,DOUBLE YELLOW IN TRACK SECTOR 15,,DOUBLE YELLOW,Sector,15.0,,1,2023,3
2023-04-02 04:32:22,Flag,YELLOW IN TRACK SECTOR 16,,YELLOW,Sector,16.0,,1,2023,3
2023-04-02 04:34:02,Flag,DOUBLE YELLOW IN TRACK SECTOR 18,,DOUBLE YELLOW,Sector,18.0,,1,2023,3
2023-04-02 04:35:18,Flag,CLEAR IN TRACK SECTOR 16,,CLEAR,Sector,16.0,,1,2023,3
2023-04-02 04:35:36,Flag,YELLOW IN TRACK SECTOR 16,,YELLOW,Sector,16.0,,1,2023,3
2023-04-02 04:37:08,Flag,CLEAR IN TRACK SECTOR 16,,CLEAR,Sector,16.0,,1,2023,3
2023-04-02 04:39:31,Flag,CLEAR IN TRACK SECTOR 18,,CLEAR,Sector,18.0,,1,2023,3
2023-04-02 04:40:14,Other,DRS ENABLED IN ZONE 2,,,,,,1,2023,3
2023-04-02 04:40:14,Flag,CLEAR IN TRACK SECTOR 15,,CLEAR,Sector,15.0,,1,2023,3
2023-04-02 04:45:09,Other,RISK OF RAIN FOR F1 RACE IS 0%,,,,,,1,2023,3
2023-04-02 04:57:10,Drs,DRS DISABLED,DISABLED,,,,,1,2023,3
2023-04-02 05:03:18,Flag,GREEN LIGHT - PIT EXIT OPEN,,GREEN,Track,,,1,2023,3
2023-04-02 05:03:46,Flag,YELLOW IN TRACK SECTOR 5,,YELLOW,Sector,5.0,,1,2023,3
2023-04-02 05:04:25,Flag,DOUBLE YELLOW IN TRACK SECTOR 5,,DOUBLE YELLOW,Sector,5.0,,1,2023,3
2023-04-02 05:04:27,SafetyCar,SAFETY CAR DEPLOYED,DEPLOYED,,,,,1,2023,3
2023-04-02 05:05:41,Other,TURN 1 INCIDENT INVOLVING CARS 16 (LEC) AND 18 (STR) NOTED - CAUSING A COLLISION,,,,,,2,2023,3
2023-04-02 05:06:04,Other,FIA STEWARDS: TURN 1 INCIDENT INVOLVING CARS 16 (LEC) AND 18 (STR) REVIEWED NO FURTHER INVESTIGATION - CAUSING A COLLISION,,,,,,2,2023,3
2023-04-02 05:07:27,SafetyCar,SAFETY CAR IN THIS LAP,IN THIS LAP,,,,,3,2023,3
2023-04-02 05:07:34,Flag,CLEAR IN TRACK SECTOR 5,,CLEAR,Sector,5.0,,3,2023,3
2023-04-02 05:09:12,Flag,TRACK CLEAR,,CLEAR,Track,,,3,2023,3
2023-04-02 05:12:15,Drs,DRS ENABLED,ENABLED,,,,,6,2023,3
2023-04-02 05:14:12,Flag,YELLOW IN TRACK SECTOR 9,,YELLOW,Sector,9.0,,7,2023,3
2023-04-02 05:14:24,SafetyCar,SAFETY CAR DEPLOYED,DEPLOYED,,,,,7,2023,3
2023-04-02 05:15:22,Other,RECOVERY VEHICLE ON TRACK AT TURN 6,,,,,,8,2023,3
2023-04-02 05:17:02,Flag,RED FLAG,,RED,Track,,,8,2023,3
2023-04-02 05:17:02,Flag,CLEAR IN TRACK SECTOR 9,,CLEAR,Sector,9.0,,8,2023,3
2023-04-02 05:22:27,Other,RACE WILL RESUME AT 15:33,,,,,,9,2023,3
2023-04-02 05:32:01,Other,RACE WILL RESUME AT 15:33 - STANDING START PROCEDURE,,,,,,9,2023,3
2023-04-02 05:32:43,Flag,TRACK CLEAR,,CLEAR,Track,,,9,2023,3
2023-04-02 05:34:05,Other,STANDING START PROCEDURE,,,,,,9,2023,3
2023-04-02 05:36:23,Other,RESTART PROCEDURE UNDER INVESTIGATION,,,,,,10,2023,3
2023-04-02 05:36:39,Other,TRACK SURFACE SLIPPERY IN TRACK SECTOR 9,,,,,,10,2023,3
2023-04-02 05:39:29,Flag,CLEAR IN TRACK SECTOR 9,,CLEAR,Sector,9.0,,11,2023,3
2023-04-02 05:39:46,Drs,DRS ENABLED,ENABLED,,,,,12,2023,3
2023-04-02 05:40:23,Other,TURN 3 INCIDENT INVOLVING CARS 21 (DEV) AND 31 (OCO) NOTED - CAUSING A COLLISION,,,,,,12,2023,3
2023-04-02 05:41:58,Other,FIA STEWARDS: TURN 3 INCIDENT INVOLVING CARS 21 (DEV) AND 31 (OCO) REVIEWED NO FURTHER INVESTIGATION - CAUSING A COLLISION,,,,,,13,2023,3
2023-04-02 05:46:30,Other,RESTART PROCEDURE NO FURTHER ACTION ,,,,,,16,2023,3
2023-04-02 05:47:52,Other,TURN 1 INCIDENT INVOLVING CARS 22 (TSU) AND 81 (PIA) NOTED - CAUSING A COLLISION,,,,,,17,2023,3
2023-04-02 05:48:31,Other,PIT LANE ENTRY CLOSED,,,,,,18,2023,3
2023-04-02 05:48:36,SafetyCar,VIRTUAL SAFETY CAR DEPLOYED,DEPLOYED,,,,,18,2023,3
2023-04-02 05:50:38,SafetyCar,VIRTUAL SAFETY CAR ENDING,ENDING,,,,,19,2023,3
2023-04-02 05:50:52,Flag,TRACK CLEAR,,CLEAR,Track,,,19,2023,3
2023-04-02 05:51:32,Drs,DRS ENABLED,ENABLED,,,,,20,2023,3
2023-04-02 05:53:02,Other,PIT LANE ENTRY OPEN,,,,,,21,2023,3
2023-04-02 05:54:02,Other,FIA STEWARDS: TURN 1 INCIDENT INVOLVING CARS 22 (TSU) AND 81 (PIA) REVIEWED NO FURTHER INVESTIGATION - CAUSING A COLLISION,,,,,,21,2023,3
2023-04-02 06:17:17,Flag,WAVED BLUE FLAG FOR CAR 2 (SAR) TIMED AT 16:17:17,,BLUE,Driver,,2,39,2023,3
2023-04-02 06:23:50,Flag,WAVED BLUE FLAG FOR CAR 21 (DEV) TIMED AT 16:23:49,,BLUE,Driver,,21,43,2023,3
2023-04-02 06:29:30,Flag,WAVED BLUE FLAG FOR CAR 2 (SAR) TIMED AT 16:29:30,,BLUE,Driver,,2,48,2023,3
2023-04-02 06:29:54,Flag,WAVED BLUE FLAG FOR CAR 2 (SAR) TIMED AT 16:29:54,,BLUE,Driver,,2,48,2023,3
2023-04-02 06:30:08,CarEvent,CAR 1 (VER) OFF TRACK AND CONTINUED AT TURN 13,,,,,1,48,2023,3
2023-04-02 06:30:41,Other,CAR 1 (VER) TIME 1:24.107 DELETED - TRACK LIMITS AT TURN 13 LAP 47 16:29:18,,,,,,48,2023,3
2023-04-02 06:30:58,Flag,WAVED BLUE FLAG FOR CAR 2 (SAR) TIMED AT 16:30:57,,BLUE,Driver,,2,49,2023,3
2023-04-02 06:32:21,Flag,WAVED BLUE FLAG FOR CAR 2 (SAR) TIMED AT 16:32:21,,BLUE,Driver,,2,50,2023,3
2023-04-02 06:33:44,Flag,WAVED BLUE FLAG FOR CAR 2 (SAR) TIMED AT 16:33:44,,BLUE,Driver,,2,51,2023,3
2023-04-02 06:34:01,Flag,WAVED BLUE FLAG FOR CAR 2 (SAR) TIMED AT 16:34:01,,BLUE,Driver,,2,51,2023,3
2023-04-02 06:35:08,Flag,WAVED BLUE FLAG FOR CAR 2 (SAR) TIMED AT 16:35:07,,BLUE,Driver,,2,52,2023,3
2023-04-02 06:35:26,Flag,WAVED BLUE FLAG FOR CAR 2 (SAR) TIMED AT 16:35:25,,BLUE,Driver,,2,52,2023,3
2023-04-02 06:36:10,CarEvent,CAR 27 (HUL) OFF TRACK AND CONTINUED AT TURN 12,,,,,27,52,2023,3
2023-04-02 06:37:31,Flag,YELLOW IN TRACK SECTOR 4,,YELLOW,Sector,4.0,,53,2023,3
2023-04-02 06:37:32,Other,DRS DISABLED IN ZONE 4,,,,,,53,2023,3
2023-04-02 06:37:39,Flag,CLEAR IN TRACK SECTOR 4,,CLEAR,Sector,4.0,,54,2023,3
2023-04-02 06:37:39,Other,DRS ENABLED IN ZONE 4,,,,,,54,2023,3
2023-04-02 06:37:49,Other,TRACK SURFACE SLIPPERY IN TRACK SECTOR 4,,,,,,54,2023,3
2023-04-02 06:38:20,Flag,WAVED BLUE FLAG FOR CAR 77 (BOT) TIMED AT 16:38:20,,BLUE,Driver,,77,54,2023,3
2023-04-02 06:38:27,Other,TRACK SURFACE SLIPPERY IN TRACK SECTOR 3,,,,,,54,2023,3
2023-04-02 06:38:32,SafetyCar,SAFETY CAR DEPLOYED,DEPLOYED,,,,,54,2023,3
2023-04-02 06:38:32,Flag,CLEAR IN TRACK SECTOR 3,,CLEAR,Sector,3.0,,54,2023,3
2023-04-02 06:38:32,Flag,CLEAR IN TRACK SECTOR 4,,CLEAR,Sector,4.0,,54,2023,3
2023-04-02 06:39:15,Other,RECOVERY VEHICLE ON TRACK AT TURN 3,,,,,,55,2023,3
2023-04-02 06:41:07,Flag,RED FLAG,,RED,Track,,,55,2023,3
2023-04-02 06:45:37,Other,RACE WILL RESUME AT 16:56,,,,,,56,2023,3
2023-04-02 06:51:10,Flag,TRACK CLEAR,,CLEAR,Track,,,56,2023,3
2023-04-02 06:54:09,Flag,WAVED BLUE FLAG FOR CAR 2 (SAR) TIMED AT 16:54:09,,BLUE,Driver,,2,56,2023,3
2023-04-02 06:55:05,Other,RACE WILL RESUME AT 16:56 - STANDING START PROCEDURE,,,,,,56,2023,3
2023-04-02 06:57:13,Other,STANDING START PROCEDURE,,,,,,56,2023,3
2023-04-02 07:00:14,Flag,YELLOW IN TRACK SECTOR 2,,YELLOW,Sector,2.0,,57,2023,3
2023-04-02 07:00:22,Flag,YELLOW IN TRACK SECTOR 4,,YELLOW,Sector,4.0,,57,2023,3
2023-04-02 07:00:26,Flag,RED FLAG,,RED,Track,,,57,2023,3
2023-04-02 07:00:26,Flag,CLEAR IN TRACK SECTOR 2,,CLEAR,Sector,2.0,,57,2023,3
2023-04-02 07:00:26,Flag,CLEAR IN TRACK SECTOR 4,,CLEAR,Sector,4.0,,57,2023,3
2023-04-02 07:03:31,Other,RESTART PROCEDURE NOTED,,,,,,58,2023,3
2023-04-02 07:03:39,Other,FIA STEWARDS: RESTART PROCEDURE UNDER INVESTIGATION,,,,,,58,2023,3
2023-04-02 07:15:38,Other,RESTART ORDER: 1 - 44 - 14 - 55 - 18 - 11 - 4 - 27 -81 - 24 - 22 -77,,,,,,58,2023,3
2023-04-02 07:22:32,Other,RACE WILL RESUME AT 17:33,,,,,,58,2023,3
2023-04-02 07:23:16,Flag,TRACK CLEAR,,CLEAR,Track,,,58,2023,3
2023-04-02 07:25:54,Other,TURN 1 INCIDENT INVOLVING CARS 14 (ALO) AND 55 (SAI) NOTED - CAUSING A COLLISION,,,,,,58,2023,3
2023-04-02 07:26:03,Other,FIA STEWARDS: TURN 1 INCIDENT INVOLVING CARS 14 (ALO) AND 55 (SAI) UNDER INVESTIGATION - CAUSING A COLLISION,,,,,,58,2023,3
2023-04-02 07:26:27,Other,FIA STEWARDS: 5 SECOND TIME PENALTY FOR CAR 55 (SAI) - CAUSING A COLLISION,,,,,,58,2023,3
2023-04-02 07:27:33,Other,TURN 2 INCIDENT INVOLVING CARS 10 (GAS) AND 31 (OCO) NOTED - CAUSING A COLLISION,,,,,,58,2023,3
2023-04-02 07:27:38,Other,FIA STEWARDS: TURN 2 INCIDENT INVOLVING CARS 10 (GAS) AND 31 (OCO) UNDER INVESTIGATION - CAUSING A COLLISION,,,,,,58,2023,3
2023-04-02 07:32:01,Other,RACE WILL RESUME AT 17:33 - ROLLING START PROCEDURE,,,,,,58,2023,3
2023-04-02 07:34:06,Other,SAFETY CAR WILL ENTER PITS: ROLLING START PROCEDURE,,,,,,58,2023,3
2023-04-02 07:35:58,Flag,CHEQUERED FLAG,,CHEQUERED,Track,,,58,2023,3
2023-04-02 07:37:06,Flag,RED FLAG,,RED,Track,,,58,2023,3
2023-04-02 07:55:05,Flag,DOUBLE YELLOW IN TRACK SECTOR 11,,DOUBLE YELLOW,Sector,11.0,,58,2023,3
2023-04-02 07:55:08,Flag,CLEAR IN TRACK SECTOR 11,,CLEAR,Sector,11.0,,58,2023,3
2023-04-30 10:01:11,Other,PINK HEAD PADDING MATERIAL MUST BE USED,,,,,,1,2023,4
2023-04-30 10:10:00,Flag,GREEN LIGHT - PIT EXIT OPEN,,GREEN,Track,,,1,2023,4
2023-04-30 10:12:24,Flag,YELLOW IN TRACK SECTOR 6,,YELLOW,Sector,6.0,,1,2023,4
2023-04-30 10:13:08,Flag,CLEAR IN TRACK SECTOR 6,,CLEAR,Sector,6.0,,1,2023,4
2023-04-30 10:14:17,Flag,DOUBLE YELLOW IN TRACK SECTOR 2,,DOUBLE YELLOW,Sector,2.0,,1,2023,4
2023-04-30 10:14:18,Other,DRS DISABLED IN ZONE 2,,,,,,1,2023,4
2023-04-30 10:14:31,Other,DRS ENABLED IN ZONE 2,,,,,,1,2023,4
2023-04-30 10:14:31,Flag,CLEAR IN TRACK SECTOR 2,,CLEAR,Sector,2.0,,1,2023,4
2023-04-30 10:20:01,Other,PIT EXIT CLOSED,,,,,,1,2023,4
2023-04-30 10:45:09,Other,RISK OF RAIN FOR F1 RACE IS 20 %,,,,,,1,2023,4
2023-04-30 10:57:15,Drs,DRS DISABLED,DISABLED,,,,,1,2023,4
2023-04-30 11:04:04,Flag,GREEN LIGHT - PIT EXIT OPEN,,GREEN,Track,,,1,2023,4
2023-04-30 11:04:37,Other,TRACK SURFACE SLIPPERY IN TRACK SECTOR 3,,,,,,1,2023,4
2023-04-30 11:05:07,Flag,DOUBLE YELLOW IN TRACK SECTOR 3,,DOUBLE YELLOW,Sector,3.0,,1,2023,4
2023-04-30 11:05:15,Flag,YELLOW IN TRACK SECTOR 2,,YELLOW,Sector,2.0,,1,2023,4
2023-04-30 11:05:22,Flag,CLEAR IN TRACK SECTOR 3,,CLEAR,Sector,3.0,,1,2023,4
2023-04-30 11:05:23,Flag,DOUBLE YELLOW IN TRACK SECTOR 3,,DOUBLE YELLOW,Sector,3.0,,1,2023,4
2023-04-30 11:05:23,Flag,CLEAR IN TRACK SECTOR 2,,CLEAR,Sector,2.0,,1,2023,4
2023-04-30 11:07:37,Drs,DRS ENABLED,ENABLED,,,,,2,2023,4
2023-04-30 11:11:59,Other,LAP 1 TURN 2 INCIDENT NOTED - CAUSING A COLLISION,,,,,,5,2023,4
2023-04-30 11:12:59,Other,FIA STEWARDS: LAP 1 TURN 2 INCIDENT REVIEWED NO FURTHER INVESTIGATION - CAUSING A COLLISION,,,,,,5,2023,4
2023-04-30 11:21:02,Flag,YELLOW IN TRACK SECTOR 5,,YELLOW,Sector,5.0,,10,2023,4
2023-04-30 11:21:04,Other,DRS DISABLED IN ZONE 1,,,,,,10,2023,4
2023-04-30 11:21:10,Flag,CLEAR IN TRACK SECTOR 5,,CLEAR,Sector,5.0,,10,2023,4
2023-04-30 11:21:10,Other,DRS ENABLED IN ZONE 1,,,,,,10,2023,4
2023-04-30 11:21:25,Flag,YELLOW IN TRACK SECTOR 8,,YELLOW,Sector,8.0,,10,2023,4
2023-04-30 11:21:25,Flag,DOUBLE YELLOW IN TRACK SECTOR 8,,DOUBLE YELLOW,Sector,8.0,,10,2023,4
2023-04-30 11:21:26,Flag,YELLOW IN TRACK SECTOR 7,,YELLOW,Sector,7.0,,10,2023,4
2023-04-30 11:22:24,SafetyCar,SAFETY CAR DEPLOYED,DEPLOYED,,,,,11,2023,4
2023-04-30 11:26:40,Other,RECOVERY VEHICLE ON TRACK AT TURN 6,,,,,,12,2023,4
2023-04-30 11:28:42,SafetyCar,SAFETY CAR IN THIS LAP,IN THIS LAP,,,,,13,2023,4
2023-04-30 11:29:44,Flag,TRACK CLEAR,,CLEAR,Track,,,13,2023,4
2023-04-30 11:29:44,Flag,CLEAR IN TRACK SECTOR 7,,CLEAR,Sector,7.0,,13,2023,4
2023-04-30 11:29:44,Flag,CLEAR IN TRACK SECTOR 8,,CLEAR,Sector,8.0,,13,2023,4
2023-04-30 11:32:37,Other,PIT LANE INCIDENT INVOLVING CAR 11 (PER) NOTED - UNSAFE RELEASE,,,,,,15,2023,4
2023-04-30 11:33:31,Drs,DRS ENABLED,ENABLED,,,,,15,2023,4
2023-04-30 11:34:04,Other,FIA STEWARDS: PIT LANE INCIDENT INVOLVING CAR 11 (PER) REVIEWED NO FURTHER INVESTIGATION - UNSAFE RELEASE,,,,,,16,2023,4
2023-04-30 11:35:12,Other,PIT ENTRY INCIDENT INVOLVING CAR 63 (RUS) NOTED ,,,,,,16,2023,4
2023-04-30 11:35:45,Flag,YELLOW IN TRACK SECTOR 2,,YELLOW,Sector,2.0,,17,2023,4
2023-04-30 11:35:46,Flag,CLEAR IN TRACK SECTOR 2,,CLEAR,Sector,2.0,,17,2023,4
2023-04-30 11:36:09,Other,FIA STEWARDS: PIT ENTRY INCIDENT INVOLVING CAR 63 (RUS) REVIEWED NO FURTHER INVESTIGATION ,,,,,,17,2023,4
2023-04-30 11:41:10,Other,CAR 18 (STR) TIME 1:48.008 DELETED - TRACK LIMITS AT TURN 16 LAP 19 15:40:29,,,,,,20,2023,4
2023-04-30 12:20:33,Flag,WAVED BLUE FLAG FOR CAR 77 (BOT) TIMED AT 16:20:32,,BLUE,Driver,,77,42,2023,4
2023-04-30 12:22:03,Flag,WAVED BLUE FLAG FOR CAR 77 (BOT) TIMED AT 16:22:02,,BLUE,Driver,,77,43,2023,4
2023-04-30 12:32:26,Flag,YELLOW IN TRACK SECTOR 2,,YELLOW,Sector,2.0,,49,2023,4
2023-04-30 12:32:27,Other,DRS DISABLED IN ZONE 2,,,,,,49,2023,4
2023-04-30 12:32:28,Other,DRS ENABLED IN ZONE 2,,,,,,49,2023,4
2023-04-30 12:32:28,Flag,CLEAR IN TRACK SECTOR 2,,CLEAR,Sector,2.0,,49,2023,4
2023-04-30 12:34:22,Other,CAR 63 (RUS) LAP DELETED - TRACK LIMITS AT TURN 1 LAP 49 16:32:26 (PIT),,,,,,50,2023,4
2023-04-30 12:36:44,Flag,CHEQUERED FLAG,,CHEQUERED,Track,,,51,2023,4
2023-04-30 12:46:46,Flag,DOUBLE YELLOW IN TRACK SECTOR 18,,DOUBLE YELLOW,Sector,18.0,,51,2023,4
2023-04-30 12:46:48,Flag,CLEAR IN TRACK SECTOR 18,,CLEAR,Sector,18.0,,51,2023,4
2023-05-07 18:40:00,Flag,GREEN LIGHT - PIT EXIT OPEN,,GREEN,Track,,,1,2023,5
2023-05-07 18:50:00,Other,PIT EXIT CLOSED,,,,,,1,2023,5
2023-05-07 18:50:41,Flag,YELLOW IN TRACK SECTOR 12,,YELLOW,Sector,12.0,,1,2023,5
2023-05-07 18:50:42,Other,DRS DISABLED IN ZONE 1,,,,,,1,2023,5
2023-05-07 18:50:44,Other,DRS ENABLED IN ZONE 1,,,,,,1,2023,5
2023-05-07 18:50:44,Flag,CLEAR IN TRACK SECTOR 12,,CLEAR,Sector,12.0,,1,2023,5
2023-05-07 18:50:46,Flag,DOUBLE YELLOW IN TRACK SECTOR 12,,DOUBLE YELLOW,Sector,12.0,,1,2023,5
2023-05-07 18:50:47,Other,DRS DISABLED IN ZONE 1,,,,,,1,2023,5
2023-05-07 18:50:49,Other,DRS ENABLED IN ZONE 1,,,,,,1,2023,5
2023-05-07 18:50:49,Flag,CLEAR IN TRACK SECTOR 12,,CLEAR,Sector,12.0,,1,2023,5
2023-05-07 18:50:56,Other,TRACK SURFACE SLIPPERY IN TRACK SECTOR 12,,,,,,1,2023,5
2023-05-07 18:50:59,Flag,CLEAR IN TRACK SECTOR 12,,CLEAR,Sector,12.0,,1,2023,5
2023-05-07 19:15:03,Other,RISK OF RAIN FOR THIS SESSION IS 10%,,,,,,1,2023,5
2023-05-07 19:27:15,Drs,DRS DISABLED,DISABLED,,,,,1,2023,5
2023-05-07 19:33:47,Flag,GREEN LIGHT - PIT EXIT OPEN,,GREEN,Track,,,1,2023,5
2023-05-07 19:37:01,Drs,DRS ENABLED,ENABLED,,,,,3,2023,5
2023-05-07 19:37:38,Other,LAP 1 TURN 1 INCIDENT INVOLVING CARS 4 (NOR) AND 21 (DEV) NOTED - CAUSING A COLLISION,,,,,,3,2023,5
2023-05-07 19:38:36,Other,FIA STEWARDS: LAP 1 TURN 1 INCIDENT INVOLVING CARS 4 (NOR) AND 21 (DEV) REVIEWED NO FURTHER INVESTIGATION - CAUSING A COLLISION,,,,,,4,2023,5
2023-05-07 19:43:28,Other,CAR 31 (OCO) TIME 1:33.355 DELETED - TRACK LIMITS AT TURN 15 LAP 5 15:41:13,,,,,,7,2023,5
2023-05-07 20:05:27,Other,INCIDENT INVOLVING CAR 55 (SAI) NOTED - SPEEDING IN THE PIT LANE,,,,,,21,2023,5
2023-05-07 20:07:50,Other,FIA STEWARDS: INCIDENT INVOLVING CAR 55 (SAI) UNDER INVESTIGATION - SPEEDING IN THE PIT LANE,,,,,,22,2023,5
2023-05-07 20:08:12,Other,FIA STEWARDS: 5 SECOND TIME PENALTY FOR CAR 55 (SAI) - SPEEDING IN THE PIT LANE,,,,,,23,2023,5
2023-05-07 20:09:35,Other,TURN 11 INCIDENT INVOLVING CARS 18 (STR) AND 63 (RUS) NOTED - LEAVING THE TRACK AND GAINING AN ADVANTAGE,,,,,,24,2023,5
2023-05-07 20:11:00,Other,FIA STEWARDS: TURN 11 INCIDENT INVOLVING CARS 18 (STR) AND 63 (RUS) REVIEWED NO FURTHER INVESTIGATION - LEAVING THE TRACK AND GAINING AN ADVANTAGE,,,,,,25,2023,5
2023-05-07 20:11:06,Other,CAR 18 (STR) TIME 1:34.178 DELETED - TRACK LIMITS AT TURN 11 LAP 22 16:07:40,,,,,,25,2023,5
2023-05-07 20:16:41,Other,CAR 23 (ALB) TIME 1:32.070 DELETED - TRACK LIMITS AT TURN 6 LAP 27 16:15:16,,,,,,28,2023,5
2023-05-07 20:24:05,Flag,WAVED BLUE FLAG FOR CAR 2 (SAR) TIMED AT 16:24:05,,BLUE,Driver,,2,33,2023,5
2023-05-07 20:25:44,Other,CAR 23 (ALB) TIME 1:32.681 DELETED - TRACK LIMITS AT TURN 6 LAP 33 16:24:30,,,,,,34,2023,5
2023-05-07 20:28:11,Other,CAR 2 (SAR) TIME 1:33.103 DELETED - TRACK LIMITS AT TURN 15 LAP 34 16:27:18,,,,,,36,2023,5
2023-05-07 20:28:51,Other,CAR 20 (MAG) TIME 1:32.958 DELETED - TRACK LIMITS AT TURN 15 LAP 35 16:28:01,,,,,,36,2023,5
2023-05-07 20:31:10,Other,CAR 55 (SAI) TIME 1:34.440 DELETED - TRACK LIMITS AT TURN 7 LAP 33 16:24:11,,,,,,38,2023,5
2023-05-07 20:35:12,Flag,WAVED BLUE FLAG FOR CAR 81 (PIA) TIMED AT 16:35:12,,BLUE,Driver,,81,40,2023,5
2023-05-07 20:38:22,Flag,WAVED BLUE FLAG FOR CAR 2 (SAR) TIMED AT 16:38:21,,BLUE,Driver,,2,42,2023,5
2023-05-07 20:48:39,Flag,WAVED BLUE FLAG FOR CAR 81 (PIA) TIMED AT 16:48:38,,BLUE,Driver,,81,49,2023,5
2023-05-07 20:49:11,Flag,WAVED BLUE FLAG FOR CAR 81 (PIA) TIMED AT 16:49:10,,BLUE,Driver,,81,49,2023,5
2023-05-07 20:56:47,Flag,WAVED BLUE FLAG FOR CAR 2 (SAR) TIMED AT 16:56:47,,BLUE,Driver,,2,54,2023,5
2023-05-07 21:01:24,Flag,WAVED BLUE FLAG FOR CAR 2 (SAR) TIMED AT 17:01:23,,BLUE,Driver,,2,57,2023,5
2023-05-07 21:01:28,Flag,CHEQUERED FLAG,,CHEQUERED,Track,,,57,2023,5
2023-05-28 12:05:10,Other,PINK HEAD PADDING MATERIAL MUST BE USED,,,,,,1,2023,6
2023-05-28 12:07:39,Flag,DOUBLE YELLOW IN TRACK SECTOR 9,,DOUBLE YELLOW,Sector,9.0,,1,2023,6
2023-05-28 12:07:53,Flag,CLEAR IN TRACK SECTOR 9,,CLEAR,Sector,9.0,,1,2023,6
2023-05-28 12:10:00,Flag,GREEN LIGHT - PIT EXIT OPEN,,GREEN,Track,,,1,2023,6
2023-05-28 12:20:00,Other,PIT EXIT CLOSED,,,,,,1,2023,6
2023-05-28 12:20:53,Flag,DOUBLE YELLOW IN TRACK SECTOR 10,,DOUBLE YELLOW,Sector,10.0,,1,2023,6
2023-05-28 12:20:59,Flag,YELLOW IN TRACK SECTOR 9,,YELLOW,Sector,9.0,,1,2023,6
2023-05-28 12:21:30,Flag,DOUBLE YELLOW IN TRACK SECTOR 9,,DOUBLE YELLOW,Sector,9.0,,1,2023,6
2023-05-28 12:21:50,Flag,YELLOW IN TRACK SECTOR 9,,YELLOW,Sector,9.0,,1,2023,6
2023-05-28 12:22:03,Flag,CLEAR IN TRACK SECTOR 9,,CLEAR,Sector,9.0,,1,2023,6
2023-05-28 12:23:07,Flag,CLEAR IN TRACK SECTOR 10,,CLEAR,Sector,10.0,,1,2023,6
2023-05-28 12:45:52,Other,RISK OF RAIN FOR F1 RACE IS 20%,,,,,,1,2023,6
2023-05-28 12:57:07,Drs,DRS DISABLED,DISABLED,,,,,1,2023,6
2023-05-28 13:03:04,Flag,GREEN LIGHT - PIT EXIT OPEN,,GREEN,Track,,,1,2023,6
2023-05-28 13:03:42,Flag,YELLOW IN TRACK SECTOR 7,,YELLOW,Sector,7.0,,1,2023,6
2023-05-28 13:03:45,Flag,CLEAR IN TRACK SECTOR 7,,CLEAR,Sector,7.0,,1,2023,6
2023-05-28 13:05:08,Other,TURN 5 INCIDENT INVOLVING CARS 27 (HUL) AND 2 (SAR) NOTED - CAUSING A COLLISION,,,,,,2,2023,6
2023-05-28 13:05:55,Drs,DRS ENABLED,ENABLED,,,,,3,2023,6
2023-05-28 13:06:21,Other,INCIDENT INVOLVING CAR 63 (RUS) NOTED - INCORRECT STARTING LOCATION,,,,,,3,2023,6
2023-05-28 13:07:56,Other,CAR 27 (HUL) TIME 1:17.221 DELETED - TRACK LIMITS AT TURN 10 LAP 3 15:07:13,,,,,,4,2023,6
2023-05-28 13:08:07,Other,FIA STEWARDS: TURN 5 INCIDENT INVOLVING CARS 27 (HUL) AND 2 (SAR) UNDER INVESTIGATION - CAUSING A COLLISION,,,,,,4,2023,6
2023-05-28 13:08:42,Other,FIA STEWARDS: 5 SECOND TIME PENALTY FOR CAR 27 (HUL) - CAUSING A COLLISION,,,,,,5,2023,6
2023-05-28 13:11:31,Other,FIA STEWARDS: INCIDENT INVOLVING CAR 63 (RUS) REVIEWED NO FURTHER INVESTIGATION - INCORRECT STARTING LOCATION,,,,,,7,2023,6
2023-05-28 13:16:41,Other,CAR 18 (STR) TRACK LIMITS TURN 10 LAP 1 ,,,,,,11,2023,6
2023-05-28 13:17:54,Flag,YELLOW IN TRACK SECTOR 3,,YELLOW,Sector,3.0,,12,2023,6
2023-05-28 13:18:51,Flag,CLEAR IN TRACK SECTOR 3,,CLEAR,Sector,3.0,,13,2023,6
2023-05-28 13:19:48,Other,TURN 10 INCIDENT INVOLVING CARS 55 (SAI) AND 31 (OCO) NOTED - CAUSING A COLLISION,,,,,,13,2023,6
2023-05-28 13:21:10,Flag,DOUBLE YELLOW IN TRACK SECTOR 3,,DOUBLE YELLOW,Sector,3.0,,14,2023,6
2023-05-28 13:21:21,Flag,CLEAR IN TRACK SECTOR 3,,CLEAR,Sector,3.0,,15,2023,6
2023-05-28 13:22:29,Other,CAR 31 (OCO) TIME 1:18.271 DELETED - TRACK LIMITS AT TURN 10 LAP 11 15:17:11,,,,,,15,2023,6
2023-05-28 13:22:39,Other,CAR 55 (SAI) TIME 1:18.265 DELETED - TRACK LIMITS AT TURN 11 LAP 11 15:17:12,,,,,,16,2023,6
2023-05-28 13:23:53,Flag,BLACK AND WHITE FLAG FOR CAR 55 (SAI) - CAUSING A COLLISION,,BLACK AND WHITE,Driver,,55,17,2023,6
2023-05-28 13:24:02,Other,CAR 23 (ALB) TIME 1:20.892 DELETED - TRACK LIMITS AT TURN 10 LAP 15 15:22:46,,,,,,17,2023,6
2023-05-28 13:28:38,Flag,WAVED BLUE FLAG FOR CAR 23 (ALB) TIMED AT 15:28:38,,BLUE,Driver,,23,20,2023,6
2023-05-28 13:29:52,Other,CAR 24 (ZHO) TIME 1:22.387 DELETED - TRACK LIMITS AT TURN 1 LAP 19 15:27:31,,,,,,21,2023,6
2023-05-28 13:39:08,Flag,WAVED BLUE FLAG FOR CAR 24 (ZHO) TIMED AT 15:39:07,,BLUE,Driver,,24,28,2023,6
2023-05-28 13:39:27,Flag,WAVED BLUE FLAG FOR CAR 24 (ZHO) TIMED AT 15:39:27,,BLUE,Driver,,24,29,2023,6
2023-05-28 13:41:11,Flag,WAVED BLUE FLAG FOR CAR 27 (HUL) TIMED AT 15:41:10,,BLUE,Driver,,27,30,2023,6
2023-05-28 13:42:18,Flag,WAVED BLUE FLAG FOR CAR 11 (PER) TIMED AT 15:42:18,,BLUE,Driver,,11,31,2023,6
2023-05-28 13:43:02,Flag,WAVED BLUE FLAG FOR CAR 18 (STR) TIMED AT 15:43:02,,BLUE,Driver,,18,31,2023,6
2023-05-28 13:44:26,Flag,WAVED BLUE FLAG FOR CAR 20 (MAG) TIMED AT 15:44:25,,BLUE,Driver,,20,32,2023,6
2023-05-28 13:45:44,Other,TURN 10 INCIDENT INVOLVING CARS 11 (PER) AND 18 (STR) NOTED - LEAVING THE TRACK AND GAINING AN ADVANTAGE,,,,,,33,2023,6
2023-05-28 13:45:54,Flag,WAVED BLUE FLAG FOR CAR 23 (ALB) TIMED AT 15:45:54,,BLUE,Driver,,23,34,2023,6
2023-05-28 13:46:12,Flag,WAVED BLUE FLAG FOR CAR 24 (ZHO) TIMED AT 15:46:12,,BLUE,Driver,,24,34,2023,6
2023-05-28 13:46:14,Other,CAR 11 (PER) TIME 1:19.292 DELETED - TRACK LIMITS AT TURN 10 LAP 31 15:44:01,,,,,,34,2023,6
2023-05-28 13:46:58,Flag,WAVED BLUE FLAG FOR CAR 77 (BOT) TIMED AT 15:46:57,,BLUE,Driver,,77,34,2023,6
2023-05-28 13:47:05,Flag,WAVED BLUE FLAG FOR CAR 27 (HUL) TIMED AT 15:47:05,,BLUE,Driver,,27,34,2023,6
2023-05-28 13:47:19,Flag,WAVED BLUE FLAG FOR CAR 11 (PER) TIMED AT 15:47:18,,BLUE,Driver,,11,35,2023,6
2023-05-28 13:47:32,Flag,WAVED BLUE FLAG FOR CAR 11 (PER) TIMED AT 15:47:31,,BLUE,Driver,,11,35,2023,6
2023-05-28 13:47:32,Flag,WAVED BLUE FLAG FOR CAR 77 (BOT) TIMED AT 15:47:32,,BLUE,Driver,,77,35,2023,6
2023-05-28 13:48:21,Flag,WAVED BLUE FLAG FOR CAR 21 (DEV) TIMED AT 15:48:20,,BLUE,Driver,,21,35,2023,6
2023-05-28 13:48:37,Other,FIA STEWARDS: TURN 10 INCIDENT INVOLVING CARS 11 (PER) AND 18 (STR) REVIEWED NO FURTHER INVESTIGATION - PLACE WAS GIVEN BACK,,,,,,36,2023,6
2023-05-28 13:49:02,Flag,WAVED BLUE FLAG FOR CAR 18 (STR) TIMED AT 15:49:02,,BLUE,Driver,,18,36,2023,6
2023-05-28 13:49:58,Flag,WAVED BLUE FLAG FOR CAR 20 (MAG) TIMED AT 15:49:58,,BLUE,Driver,,20,37,2023,6
2023-05-28 13:51:19,Other,CAR 20 (MAG) TIME 1:20.942 DELETED - TRACK LIMITS AT TURN 10 LAP 36 15:50:38,,,,,,38,2023,6
2023-05-28 13:52:43,Flag,WAVED BLUE FLAG FOR CAR 77 (BOT) TIMED AT 15:52:42,,BLUE,Driver,,77,39,2023,6
2023-05-28 13:53:31,Other,TURN 19 INCIDENT INVOLVING CARS 20 (MAG) AND 18 (STR) NOTED - CAUSING A COLLISION,,,,,,39,2023,6
2023-05-28 13:53:32,Flag,WAVED BLUE FLAG FOR CAR 2 (SAR) TIMED AT 15:53:32,,BLUE,Driver,,2,39,2023,6
2023-05-28 13:53:48,Flag,WAVED BLUE FLAG FOR CAR 21 (DEV) TIMED AT 15:53:48,,BLUE,Driver,,21,40,2023,6
2023-05-28 13:55:00,Flag,BLACK AND WHITE FLAG FOR CAR 18 (STR) - CAUSING A COLLISION,,BLACK AND WHITE,Driver,,18,41,2023,6
2023-05-28 13:55:03,Flag,WAVED BLUE FLAG FOR CAR 2 (SAR) TIMED AT 15:55:03,,BLUE,Driver,,2,41,2023,6
2023-05-28 13:55:22,Flag,WAVED BLUE FLAG FOR CAR 2 (SAR) TIMED AT 15:55:21,,BLUE,Driver,,2,41,2023,6
2023-05-28 14:00:57,Flag,WAVED BLUE FLAG FOR CAR 2 (SAR) TIMED AT 16:00:56,,BLUE,Driver,,2,45,2023,6
2023-05-28 14:03:04,Other,CAR 20 (MAG) TIME 1:18.920 DELETED - TRACK LIMITS AT TURN 10 LAP 45 16:02:27,,,,,,47,2023,6
2023-05-28 14:06:16,Flag,WAVED BLUE FLAG FOR CAR 81 (PIA) TIMED AT 16:06:15,,BLUE,Driver,,81,49,2023,6
2023-05-28 14:07:33,Flag,WAVED BLUE FLAG FOR CAR 23 (ALB) TIMED AT 16:07:32,,BLUE,Driver,,23,50,2023,6
2023-05-28 14:07:58,Flag,WAVED BLUE FLAG FOR CAR 2 (SAR) TIMED AT 16:07:57,,BLUE,Driver,,2,51,2023,6
2023-05-28 14:08:09,Flag,WAVED BLUE FLAG FOR CAR 24 (ZHO) TIMED AT 16:08:09,,BLUE,Driver,,24,51,2023,6
2023-05-28 14:08:20,Flag,WAVED BLUE FLAG FOR CAR 11 (PER) TIMED AT 16:08:20,,BLUE,Driver,,11,51,2023,6
2023-05-28 14:09:03,Flag,WAVED BLUE FLAG FOR CAR 11 (PER) TIMED AT 16:09:02,,BLUE,Driver,,11,52,2023,6
2023-05-28 14:09:16,Flag,WAVED BLUE FLAG FOR CAR 11 (PER) TIMED AT 16:09:16,,BLUE,Driver,,11,52,2023,6
2023-05-28 14:09:29,Flag,WAVED BLUE FLAG FOR CAR 11 (PER) TIMED AT 16:09:28,,BLUE,Driver,,11,52,2023,6
2023-05-28 14:09:51,Flag,WAVED BLUE FLAG FOR CAR 27 (HUL) TIMED AT 16:09:51,,BLUE,Driver,,27,52,2023,6
2023-05-28 14:10:21,Other,TRACK SURFACE SLIPPERY IN TRACK SECTOR 4,,,,,,52,2023,6
2023-05-28 14:10:21,Flag,WAVED BLUE FLAG FOR CAR 23 (ALB) TIMED AT 16:10:20,,BLUE,Driver,,23,52,2023,6
2023-05-28 14:10:37,Flag,WAVED BLUE FLAG FOR CAR 24 (ZHO) TIMED AT 16:10:36,,BLUE,Driver,,24,53,2023,6
2023-05-28 14:10:40,Flag,WAVED BLUE FLAG FOR CAR 23 (ALB) TIMED AT 16:10:39,,BLUE,Driver,,23,53,2023,6
2023-05-28 14:10:42,Flag,WAVED BLUE FLAG FOR CAR 11 (PER) TIMED AT 16:10:41,,BLUE,Driver,,11,53,2023,6
2023-05-28 14:10:45,Flag,WAVED BLUE FLAG FOR CAR 23 (ALB) TIMED AT 16:10:44,,BLUE,Driver,,23,53,2023,6
2023-05-28 14:11:13,Other,TRACK SURFACE SLIPPERY IN TRACK SECTOR 3,,,,,,53,2023,6
2023-05-28 14:11:15,Flag,WAVED BLUE FLAG FOR CAR 23 (ALB) TIMED AT 16:11:14,,BLUE,Driver,,23,53,2023,6
2023-05-28 14:11:18,Flag,WAVED BLUE FLAG FOR CAR 24 (ZHO) TIMED AT 16:11:18,,BLUE,Driver,,24,53,2023,6
2023-05-28 14:11:25,Other,CAR 23 (ALB) TIME 1:29.941 DELETED - TRACK LIMITS AT TURN 11 LAP 51 16:10:33,,,,,,53,2023,6
2023-05-28 14:11:34,Other,CAR 31 (OCO) TIME 1:26.990 DELETED - TRACK LIMITS AT TURN 10 LAP 52 16:10:33,,,,,,53,2023,6
2023-05-28 14:11:42,Flag,WAVED BLUE FLAG FOR CAR 23 (ALB) TIMED AT 16:11:41,,BLUE,Driver,,23,53,2023,6
2023-05-28 14:11:49,Other,LOW GRIP CONDITIONS,,,,,,53,2023,6
2023-05-28 14:11:53,Other,CAR 55 (SAI) TIME 1:26.201 DELETED - TRACK LIMITS AT TURN 10 LAP 52 16:10:34,,,,,,54,2023,6
2023-05-28 14:12:09,Other,CAR 14 (ALO) TIME 1:30.862 DELETED - TRACK LIMITS AT TURN 10 LAP 53 16:11:32,,,,,,54,2023,6
2023-05-28 14:12:19,Flag,CLEAR IN TRACK SECTOR 3,,CLEAR,Sector,3.0,,54,2023,6
2023-05-28 14:12:25,Other,CAR 24 (ZHO) TIME 1:30.253 DELETED - TRACK LIMITS AT TURN 10 LAP 51 16:10:32,,,,,,54,2023,6
2023-05-28 14:12:35,Flag,WAVED BLUE FLAG FOR CAR 24 (ZHO) TIMED AT 16:12:35,,BLUE,Driver,,24,54,2023,6
2023-05-28 14:12:46,Other,CAR 23 (ALB) LAP DELETED - TRACK LIMITS AT TURN 11 LAP 52 16:12:10 (PIT),,,,,,54,2023,6
2023-05-28 14:13:00,Other,CAR 10 (GAS) TIME 1:35.781 DELETED - TRACK LIMITS AT TURN 10 LAP 53 16:12:12,,,,,,54,2023,6
2023-05-28 14:13:02,Flag,WAVED BLUE FLAG FOR CAR 20 (MAG) TIMED AT 16:13:01,,BLUE,Driver,,20,54,2023,6
2023-05-28 14:13:09,Flag,CLEAR IN TRACK SECTOR 4,,CLEAR,Sector,4.0,,54,2023,6
2023-05-28 14:13:17,Other,TRACK SURFACE SLIPPERY IN TRACK SECTOR 10,,,,,,54,2023,6
2023-05-28 14:13:20,Flag,CLEAR IN TRACK SECTOR 10,,CLEAR,Sector,10.0,,54,2023,6
2023-05-28 14:13:23,Flag,WAVED BLUE FLAG FOR CAR 27 (HUL) TIMED AT 16:13:22,,BLUE,Driver,,27,54,2023,6
2023-05-28 14:13:32,Flag,BLACK AND WHITE FLAG FOR CAR 23 (ALB) - TRACK LIMITS,,BLACK AND WHITE,Driver,,23,55,2023,6
2023-05-28 14:13:34,Flag,WAVED BLUE FLAG FOR CAR 77 (BOT) TIMED AT 16:13:33,,BLUE,Driver,,77,55,2023,6
2023-05-28 14:13:45,Flag,WAVED BLUE FLAG FOR CAR 27 (HUL) TIMED AT 16:13:44,,BLUE,Driver,,27,55,2023,6
2023-05-28 14:14:08,Flag,WAVED BLUE FLAG FOR CAR 27 (HUL) TIMED AT 16:14:07,,BLUE,Driver,,27,55,2023,6
2023-05-28 14:14:09,Other,CAR 63 (RUS) LAP DELETED - TRACK LIMITS AT TURN 10 LAP 54 16:13:30 (PIT),,,,,,55,2023,6
2023-05-28 14:14:21,Flag,WAVED BLUE FLAG FOR CAR 21 (DEV) TIMED AT 16:14:20,,BLUE,Driver,,21,55,2023,6
2023-05-28 14:14:42,Other,CAR 44 (HAM) LAP DELETED - TRACK LIMITS AT TURN 10 LAP 54 16:13:40 (PIT),,,,,,55,2023,6
2023-05-28 14:14:44,Flag,WAVED BLUE FLAG FOR CAR 24 (ZHO) TIMED AT 16:14:43,,BLUE,Driver,,24,55,2023,6
2023-05-28 14:14:45,Flag,YELLOW IN TRACK SECTOR 7,,YELLOW,Sector,7.0,,55,2023,6
2023-05-28 14:14:52,Flag,CLEAR IN TRACK SECTOR 7,,CLEAR,Sector,7.0,,55,2023,6
2023-05-28 14:14:53,Flag,YELLOW IN TRACK SECTOR 7,,YELLOW,Sector,7.0,,55,2023,6
2023-05-28 14:15:02,Flag,DOUBLE YELLOW IN TRACK SECTOR 7,,DOUBLE YELLOW,Sector,7.0,,55,2023,6
2023-05-28 14:15:10,Flag,WAVED BLUE FLAG FOR CAR 77 (BOT) TIMED AT 16:15:10,,BLUE,Driver,,77,55,2023,6
2023-05-28 14:15:12,Flag,WAVED BLUE FLAG FOR CAR 2 (SAR) TIMED AT 16:15:11,,BLUE,Driver,,2,55,2023,6
2023-05-28 14:15:29,Flag,CLEAR IN TRACK SECTOR 7,,CLEAR,Sector,7.0,,55,2023,6
2023-05-28 14:15:35,Flag,YELLOW IN TRACK SECTOR 8,,YELLOW,Sector,8.0,,55,2023,6
2023-05-28 14:15:44,Flag,DOUBLE YELLOW IN TRACK SECTOR 9,,DOUBLE YELLOW,Sector,9.0,,56,2023,6
2023-05-28 14:15:48,Flag,YELLOW IN TRACK SECTOR 9,,YELLOW,Sector,9.0,,56,2023,6
2023-05-28 14:16:00,Flag,CLEAR IN TRACK SECTOR 9,,CLEAR,Sector,9.0,,56,2023,6
2023-05-28 14:16:19,Other,TRACK SURFACE SLIPPERY IN TRACK SECTOR 1,,,,,,56,2023,6
2023-05-28 14:16:28,Other,TRACK SURFACE SLIPPERY IN TRACK SECTOR 19,,,,,,56,2023,6
2023-05-28 14:16:41,Flag,WAVED BLUE FLAG FOR CAR 20 (MAG) TIMED AT 16:16:40,,BLUE,Driver,,20,56,2023,6
2023-05-28 14:16:47,Flag,CLEAR IN TRACK SECTOR 8,,CLEAR,Sector,8.0,,56,2023,6
2023-05-28 14:16:51,Flag,DOUBLE YELLOW IN TRACK SECTOR 8,,DOUBLE YELLOW,Sector,8.0,,56,2023,6
2023-05-28 14:16:53,Flag,YELLOW IN TRACK SECTOR 8,,YELLOW,Sector,8.0,,56,2023,6
2023-05-28 14:16:55,Flag,CLEAR IN TRACK SECTOR 8,,CLEAR,Sector,8.0,,56,2023,6
2023-05-28 14:17:06,Flag,CLEAR IN TRACK SECTOR 19,,CLEAR,Sector,19.0,,56,2023,6
2023-05-28 14:17:11,Flag,WAVED BLUE FLAG FOR CAR 20 (MAG) TIMED AT 16:17:11,,BLUE,Driver,,20,56,2023,6
2023-05-28 14:17:25,Other,CAR 27 (HUL) TIME 1:40.881 DELETED - TRACK LIMITS AT TURN 10 LAP 53 16:13:36,,,,,,56,2023,6
2023-05-28 14:17:27,Other,CAR 10 (GAS) LAP DELETED - TRACK LIMITS AT TURN 10 LAP 54 16:13:49 (PIT),,,,,,56,2023,6
2023-05-28 14:18:00,Flag,WAVED BLUE FLAG FOR CAR 23 (ALB) TIMED AT 16:18:00,,BLUE,Driver,,23,57,2023,6
2023-05-28 14:18:05,Flag,WAVED BLUE FLAG FOR CAR 20 (MAG) TIMED AT 16:18:05,,BLUE,Driver,,20,57,2023,6
2023-05-28 14:18:13,Flag,WAVED BLUE FLAG FOR CAR 23 (ALB) TIMED AT 16:18:12,,BLUE,Driver,,23,57,2023,6
2023-05-28 14:18:26,Flag,WAVED BLUE FLAG FOR CAR 20 (MAG) TIMED AT 16:18:25,,BLUE,Driver,,20,57,2023,6
2023-05-28 14:18:40,Other,TRACK SURFACE SLIPPERY IN TRACK SECTOR 2,,,,,,57,2023,6
2023-05-28 14:18:40,Flag,WAVED BLUE FLAG FOR CAR 20 (MAG) TIMED AT 16:18:40,,BLUE,Driver,,20,57,2023,6
2023-05-28 14:18:51,Flag,WAVED BLUE FLAG FOR CAR 23 (ALB) TIMED AT 16:18:50,,BLUE,Driver,,23,57,2023,6
2023-05-28 14:19:10,Other,CAR 14 (ALO) TIME 2:06.635 DELETED - TRACK LIMITS AT TURN 10 LAP 55 16:15:04,,,,,,57,2023,6
2023-05-28 14:19:13,Other,CAR 20 (MAG) TIME 2:07.055 DELETED - TRACK LIMITS AT TURN 11 LAP 55 16:17:18,,,,,,58,2023,6
2023-05-28 14:19:26,Other,TURN 5 INCIDENT INVOLVING CARS 63 (RUS) AND 11 (PER) NOTED - UNSAFE REJOIN,,,,,,58,2023,6
2023-05-28 14:19:58,Flag,BLACK AND WHITE FLAG FOR CAR 20 (MAG) - TRACK LIMITS,,BLACK AND WHITE,Driver,,20,58,2023,6
2023-05-28 14:20:04,Other,CAR 14 (ALO) TIME 1:42.581 DELETED - TRACK LIMITS AT TURN 16 LAP 57 16:19:14,,,,,,58,2023,6
2023-05-28 14:20:09,Flag,WAVED BLUE FLAG FOR CAR 21 (DEV) TIMED AT 16:20:08,,BLUE,Driver,,21,58,2023,6
2023-05-28 14:20:09,Flag,YELLOW IN TRACK SECTOR 17,,YELLOW,Sector,17.0,,58,2023,6
2023-05-28 14:20:25,Flag,CLEAR IN TRACK SECTOR 17,,CLEAR,Sector,17.0,,58,2023,6
2023-05-28 14:21:00,Flag,BLACK AND WHITE FLAG FOR CAR 14 (ALO) - TRACK LIMITS,,BLACK AND WHITE,Driver,,14,59,2023,6
2023-05-28 14:21:10,Flag,YELLOW IN TRACK SECTOR 8,,YELLOW,Sector,8.0,,59,2023,6
2023-05-28 14:21:11,Flag,YELLOW IN TRACK SECTOR 15,,YELLOW,Sector,15.0,,59,2023,6
2023-05-28 14:21:14,Flag,WAVED BLUE FLAG FOR CAR 24 (ZHO) TIMED AT 16:21:14,,BLUE,Driver,,24,59,2023,6
2023-05-28 14:21:15,Flag,CLEAR IN TRACK SECTOR 15,,CLEAR,Sector,15.0,,59,2023,6
2023-05-28 14:21:23,Flag,CLEAR IN TRACK SECTOR 8,,CLEAR,Sector,8.0,,59,2023,6
2023-05-28 14:21:35,Other, INCIDENT INVOLVING CAR 2 (SAR) NOTED - SPEEDING IN THE PIT LANE,,,,,,59,2023,6
2023-05-28 14:21:42,Other,FIA STEWARDS: INCIDENT INVOLVING CAR 2 (SAR) UNDER INVESTIGATION - SPEEDING IN THE PIT LANE,,,,,,59,2023,6
2023-05-28 14:21:54,Other,FIA STEWARDS: TURN 5 INCIDENT INVOLVING CARS 63 (RUS) AND 11 (PER) UNDER INVESTIGATION - UNSAFE REJOIN,,,,,,59,2023,6
2023-05-28 14:22:08,Flag,WAVED BLUE FLAG FOR CAR 20 (MAG) TIMED AT 16:22:07,,BLUE,Driver,,20,59,2023,6
2023-05-28 14:22:08,Other,FIA STEWARDS: 5 SECOND TIME PENALTY FOR CAR 2 (SAR) - SPEEDING IN THE PIT LANE,,,,,,59,2023,6
2023-05-28 14:22:20,Other,FIA STEWARDS: 5 SECOND TIME PENALTY FOR CAR 63 (RUS) - UNSAFE REJOIN,,,,,,59,2023,6
2023-05-28 14:23:06,Other,CAR 21 (DEV) TIME 1:43.778 DELETED - TRACK LIMITS AT TURN 10 LAP 58 16:22:23,,,,,,60,2023,6
2023-05-28 14:23:12,Flag,DOUBLE YELLOW IN TRACK SECTOR 2,,DOUBLE YELLOW,Sector,2.0,,60,2023,6
2023-05-28 14:23:12,Flag,YELLOW IN TRACK SECTOR 2,,YELLOW,Sector,2.0,,60,2023,6
2023-05-28 14:23:13,Other,DRS DISABLED IN ZONE 1,,,,,,60,2023,6
2023-05-28 14:23:50,Other,DRS ENABLED IN ZONE 1,,,,,,60,2023,6
2023-05-28 14:23:50,Flag,CLEAR IN TRACK SECTOR 2,,CLEAR,Sector,2.0,,60,2023,6
2023-05-28 14:24:06,Other,TRACK SURFACE SLIPPERY IN TRACK SECTOR 2,,,,,,60,2023,6
2023-05-28 14:24:17,Other,INCIDENT INVOLVING CAR 27 (HUL) NOTED - SERVING PENALTY INCORRECTLY ,,,,,,60,2023,6
2023-05-28 14:24:21,Other,CAR 23 (ALB) TIME 1:46.101 DELETED - TRACK LIMITS AT TURN 11 LAP 58 16:22:39,,,,,,61,2023,6
2023-05-28 14:25:32,Flag,YELLOW IN TRACK SECTOR 7,,YELLOW,Sector,7.0,,61,2023,6
2023-05-28 14:25:42,Flag,DOUBLE YELLOW IN TRACK SECTOR 7,,DOUBLE YELLOW,Sector,7.0,,61,2023,6
2023-05-28 14:25:45,Flag,CLEAR IN TRACK SECTOR 7,,CLEAR,Sector,7.0,,61,2023,6
2023-05-28 14:25:49,Other,CAR 11 (PER) TIME 1:40.595 DELETED - TRACK LIMITS AT TURN 10 LAP 59 16:24:45,,,,,,61,2023,6
2023-05-28 14:26:12,Other,CAR 4 (NOR) TIME 1:41.789 DELETED - TRACK LIMITS AT TURN 11 LAP 60 16:25:25,,,,,,62,2023,6
2023-05-28 14:28:06,Other,CAR 81 (PIA) TIME 1:41.089 DELETED - TRACK LIMITS AT TURN 10 LAP 61 16:27:07,,,,,,63,2023,6
2023-05-28 14:28:59,Other,FIA STEWARDS: INCIDENT INVOLVING CAR 27 (HUL) UNDER INVESTIGATION - SERVING PENALTY INCORRECTLY ,,,,,,63,2023,6
2023-05-28 14:29:26,Other,FIA STEWARDS: 10 SECOND TIME PENALTY FOR CAR 27 (HUL) - SERVING PENALTY INCORRECTLY ,,,,,,64,2023,6
2023-05-28 14:30:58,Flag,WAVED BLUE FLAG FOR CAR 2 (SAR) TIMED AT 16:30:57,,BLUE,Driver,,2,64,2023,6
2023-05-28 14:31:13,Flag,WAVED BLUE FLAG FOR CAR 2 (SAR) TIMED AT 16:31:13,,BLUE,Driver,,2,65,2023,6
2023-05-28 14:31:58,Flag,WAVED BLUE FLAG FOR CAR 22 (TSU) TIMED AT 16:31:57,,BLUE,Driver,,22,65,2023,6
2023-05-28 14:32:10,Flag,CLEAR IN TRACK SECTOR 1,,CLEAR,Sector,1.0,,65,2023,6
2023-05-28 14:32:13,Flag,CLEAR IN TRACK SECTOR 2,,CLEAR,Sector,2.0,,65,2023,6
2023-05-28 14:32:20,Flag,WAVED BLUE FLAG FOR CAR 24 (ZHO) TIMED AT 16:32:19,,BLUE,Driver,,24,65,2023,6
2023-05-28 14:32:41,Other,TRACK SURFACE SLIPPERY IN TRACK SECTOR 6,,,,,,66,2023,6
2023-05-28 14:32:43,Flag,CLEAR IN TRACK SECTOR 6,,CLEAR,Sector,6.0,,66,2023,6
2023-05-28 14:32:55,Flag,WAVED BLUE FLAG FOR CAR 24 (ZHO) TIMED AT 16:32:54,,BLUE,Driver,,24,66,2023,6
2023-05-28 14:33:05,Other,CAR 11 (PER) TRACK LIMITS TURN 10 LAP 53,,,,,,66,2023,6
2023-05-28 14:33:10,Flag,WAVED BLUE FLAG FOR CAR 24 (ZHO) TIMED AT 16:33:10,,BLUE,Driver,,24,66,2023,6
2023-05-28 14:33:33,Flag,BLACK AND WHITE FLAG FOR CAR 11 (PER) - TRACK LIMITS,,BLACK AND WHITE,Driver,,11,66,2023,6
2023-05-28 14:34:22,Other,TRACK SURFACE SLIPPERY IN TRACK SECTOR 7,,,,,,67,2023,6
2023-05-28 14:34:52,Flag,WAVED BLUE FLAG FOR CAR 2 (SAR) TIMED AT 16:34:52,,BLUE,Driver,,2,67,2023,6
2023-05-28 14:34:58,Other,CAR 21 (DEV) TIME 1:36.475 DELETED - TRACK LIMITS AT TURN 10 LAP 65 16:34:10,,,,,,67,2023,6
2023-05-28 14:35:09,Flag,CLEAR IN TRACK SECTOR 7,,CLEAR,Sector,7.0,,67,2023,6
2023-05-28 14:35:19,Other,CAR 10 (GAS) TIME 1:36.252 DELETED - TRACK LIMITS AT TURN 10 LAP 66 16:34:26,,,,,,67,2023,6
2023-05-28 14:35:44,Flag,BLACK AND WHITE FLAG FOR CAR 10 (GAS) - TRACK LIMITS,,BLACK AND WHITE,Driver,,10,68,2023,6
2023-05-28 14:36:14,Flag,WAVED BLUE FLAG FOR CAR 21 (DEV) TIMED AT 16:36:13,,BLUE,Driver,,21,68,2023,6
2023-05-28 14:36:47,Flag,WAVED BLUE FLAG FOR CAR 20 (MAG) TIMED AT 16:36:47,,BLUE,Driver,,20,68,2023,6
2023-05-28 14:37:41,Flag,WAVED BLUE FLAG FOR CAR 2 (SAR) TIMED AT 16:37:41,,BLUE,Driver,,2,69,2023,6
2023-05-28 14:37:41,Flag,WAVED BLUE FLAG FOR CAR 21 (DEV) TIMED AT 16:37:41,,BLUE,Driver,,21,69,2023,6
2023-05-28 14:38:02,Flag,YELLOW IN TRACK SECTOR 7,,YELLOW,Sector,7.0,,69,2023,6
2023-05-28 14:38:07,Flag,WAVED BLUE FLAG FOR CAR 21 (DEV) TIMED AT 16:38:07,,BLUE,Driver,,21,69,2023,6
2023-05-28 14:38:13,Flag,DOUBLE YELLOW IN TRACK SECTOR 7,,DOUBLE YELLOW,Sector,7.0,,69,2023,6
2023-05-28 14:38:16,Flag,WAVED BLUE FLAG FOR CAR 2 (SAR) TIMED AT 16:38:15,,BLUE,Driver,,2,69,2023,6
2023-05-28 14:38:16,Flag,YELLOW IN TRACK SECTOR 6,,YELLOW,Sector,6.0,,69,2023,6
2023-05-28 14:38:30,Flag,CLEAR IN TRACK SECTOR 7,,CLEAR,Sector,7.0,,69,2023,6
2023-05-28 14:38:33,Flag,CLEAR IN TRACK SECTOR 6,,CLEAR,Sector,6.0,,69,2023,6
2023-05-28 14:39:08,Flag,WAVED BLUE FLAG FOR CAR 22 (TSU) TIMED AT 16:39:07,,BLUE,Driver,,22,70,2023,6
2023-05-28 14:39:19,Flag,WAVED BLUE FLAG FOR CAR 22 (TSU) TIMED AT 16:39:19,,BLUE,Driver,,22,70,2023,6
2023-05-28 14:39:19,Flag,WAVED BLUE FLAG FOR CAR 20 (MAG) TIMED AT 16:39:19,,BLUE,Driver,,20,70,2023,6
2023-05-28 14:39:25,Flag,WAVED BLUE FLAG FOR CAR 22 (TSU) TIMED AT 16:39:25,,BLUE,Driver,,22,70,2023,6
2023-05-28 14:40:26,Flag,WAVED BLUE FLAG FOR CAR 20 (MAG) TIMED AT 16:40:26,,BLUE,Driver,,20,71,2023,6
2023-05-28 14:41:11,Flag,WAVED BLUE FLAG FOR CAR 20 (MAG) TIMED AT 16:41:10,,BLUE,Driver,,20,71,2023,6
2023-05-28 14:41:35,Flag,WAVED BLUE FLAG FOR CAR 20 (MAG) TIMED AT 16:41:34,,BLUE,Driver,,20,71,2023,6
2023-05-28 14:41:53,Flag,WAVED BLUE FLAG FOR CAR 20 (MAG) TIMED AT 16:41:52,,BLUE,Driver,,20,72,2023,6
2023-05-28 14:42:22,Other,CAR 2 (SAR) TIME 1:33.193 DELETED - TRACK LIMITS AT TURN 10 LAP 69 16:41:42,,,,,,72,2023,6
2023-05-28 14:42:25,Flag,WAVED BLUE FLAG FOR CAR 27 (HUL) TIMED AT 16:42:24,,BLUE,Driver,,27,72,2023,6
2023-05-28 14:43:11,Flag,WAVED BLUE FLAG FOR CAR 27 (HUL) TIMED AT 16:43:10,,BLUE,Driver,,27,72,2023,6
2023-05-28 14:43:16,Flag,WAVED BLUE FLAG FOR CAR 2 (SAR) TIMED AT 16:43:16,,BLUE,Driver,,2,72,2023,6
2023-05-28 14:43:35,Flag,WAVED BLUE FLAG FOR CAR 77 (BOT) TIMED AT 16:43:34,,BLUE,Driver,,77,73,2023,6
2023-05-28 14:43:50,Flag,WAVED BLUE FLAG FOR CAR 20 (MAG) TIMED AT 16:43:49,,BLUE,Driver,,20,73,2023,6
2023-05-28 14:43:51,Flag,WAVED BLUE FLAG FOR CAR 11 (PER) TIMED AT 16:43:50,,BLUE,Driver,,11,73,2023,6
2023-05-28 14:44:00,Flag,WAVED BLUE FLAG FOR CAR 20 (MAG) TIMED AT 16:43:59,,BLUE,Driver,,20,73,2023,6
2023-05-28 14:44:35,Flag,WAVED BLUE FLAG FOR CAR 20 (MAG) TIMED AT 16:44:34,,BLUE,Driver,,20,73,2023,6
2023-05-28 14:44:51,Flag,WAVED BLUE FLAG FOR CAR 27 (HUL) TIMED AT 16:44:51,,BLUE,Driver,,27,74,2023,6
2023-05-28 14:45:11,Flag,WAVED BLUE FLAG FOR CAR 20 (MAG) TIMED AT 16:45:11,,BLUE,Driver,,20,74,2023,6
2023-05-28 14:45:13,Flag,WAVED BLUE FLAG FOR CAR 2 (SAR) TIMED AT 16:45:12,,BLUE,Driver,,2,74,2023,6
2023-05-28 14:45:52,Flag,WAVED BLUE FLAG FOR CAR 2 (SAR) TIMED AT 16:45:51,,BLUE,Driver,,2,74,2023,6
2023-05-28 14:46:00,Flag,WAVED BLUE FLAG FOR CAR 2 (SAR) TIMED AT 16:45:59,,BLUE,Driver,,2,74,2023,6
2023-05-28 14:46:14,Flag,WAVED BLUE FLAG FOR CAR 20 (MAG) TIMED AT 16:46:14,,BLUE,Driver,,20,74,2023,6
2023-05-28 14:46:25,Flag,WAVED BLUE FLAG FOR CAR 20 (MAG) TIMED AT 16:46:24,,BLUE,Driver,,20,75,2023,6
2023-05-28 14:46:37,Flag,WAVED BLUE FLAG FOR CAR 20 (MAG) TIMED AT 16:46:37,,BLUE,Driver,,20,75,2023,6
2023-05-28 14:46:41,Flag,WAVED BLUE FLAG FOR CAR 20 (MAG) TIMED AT 16:46:41,,BLUE,Driver,,20,75,2023,6
2023-05-28 14:47:11,Flag,WAVED BLUE FLAG FOR CAR 20 (MAG) TIMED AT 16:47:10,,BLUE,Driver,,20,75,2023,6
2023-05-28 14:47:33,Other,CAR 23 (ALB) TIME 1:32.141 DELETED - TRACK LIMITS AT TURN 10 LAP 73 16:46:49,,,,,,75,2023,6
2023-05-28 14:48:13,Flag,WAVED BLUE FLAG FOR CAR 27 (HUL) TIMED AT 16:48:12,,BLUE,Driver,,27,76,2023,6
2023-05-28 14:48:38,Flag,WAVED BLUE FLAG FOR CAR 27 (HUL) TIMED AT 16:48:38,,BLUE,Driver,,27,76,2023,6
2023-05-28 14:49:33,Other,INCIDENT INVOLVING CAR 23 (ALB) NOTED - MULTIPLE TRACK LIMIT INFRINGEMENTS,,,,,,77,2023,6
2023-05-28 14:50:03,Flag,WAVED BLUE FLAG FOR CAR 11 (PER) TIMED AT 16:50:02,,BLUE,Driver,,11,77,2023,6
2023-05-28 14:50:12,Flag,WAVED BLUE FLAG FOR CAR 27 (HUL) TIMED AT 16:50:12,,BLUE,Driver,,27,77,2023,6
2023-05-28 14:50:18,Flag,WAVED BLUE FLAG FOR CAR 11 (PER) TIMED AT 16:50:17,,BLUE,Driver,,11,77,2023,6
2023-05-28 14:50:21,Flag,WAVED BLUE FLAG FOR CAR 27 (HUL) TIMED AT 16:50:21,,BLUE,Driver,,27,77,2023,6
2023-05-28 14:50:37,Flag,WAVED BLUE FLAG FOR CAR 22 (TSU) TIMED AT 16:50:36,,BLUE,Driver,,22,78,2023,6
2023-05-28 14:51:07,Flag,WAVED BLUE FLAG FOR CAR 22 (TSU) TIMED AT 16:51:07,,BLUE,Driver,,22,78,2023,6
2023-05-28 14:51:53,Flag,WAVED BLUE FLAG FOR CAR 2 (SAR) TIMED AT 16:51:53,,BLUE,Driver,,2,78,2023,6
2023-05-28 14:51:58,Flag,CHEQUERED FLAG,,CHEQUERED,Track,,,78,2023,6
2023-05-28 14:52:01,Flag,WAVED BLUE FLAG FOR CAR 2 (SAR) TIMED AT 16:52:01,,BLUE,Driver,,2,78,2023,6
2023-05-28 14:52:38,Other,FIA STEWARDS: INCIDENT INVOLVING CAR 23 (ALB) REVIEWED NO FURTHER INVESTIGATION - MULTIPLE TRACK LIMIT INFRINGEMENTS,,,,,,78,2023,6
2023-06-04 12:09:44,Other,PINK HEAD PADDING MATERIAL MUST BE USED,,,,,,1,2023,7
2023-06-04 12:10:00,Flag,GREEN LIGHT - PIT EXIT OPEN,,GREEN,Track,,,1,2023,7
2023-06-04 12:20:00,Other,PIT EXIT CLOSED,,,,,,1,2023,7
2023-06-04 12:45:14,Other,RISK OF RAIN FOR F1 RACE IS 40%,,,,,,1,2023,7
2023-06-04 12:57:07,Drs,DRS DISABLED,DISABLED,,,,,1,2023,7
2023-06-04 13:03:16,Flag,GREEN LIGHT - PIT EXIT OPEN,,GREEN,Track,,,1,2023,7
2023-06-04 13:06:10,Drs,DRS ENABLED,ENABLED,,,,,3,2023,7
2023-06-04 13:08:48,Other,TURN 1 INCIDENT INVOLVING CAR 63 (RUS) NOTED - LEAVING THE TRACK AND GAINING AN ADVANTAGE,,,,,,5,2023,7
2023-06-04 13:13:34,Other,CAR 20 (MAG) TIME 1:22.097 DELETED - TRACK LIMITS AT TURN 2 LAP 4 15:07:44,,,,,,8,2023,7
2023-06-04 13:14:29,Other,FIA STEWARDS: TURN 1 INCIDENT INVOLVING CAR 63 (RUS) REVIEWED NO FURTHER INVESTIGATION - LEAVING THE TRACK AND GAINING AN ADVANTAGE,,,,,,9,2023,7
2023-06-04 13:34:28,Other,CAR 27 (HUL) TIME 1:20.991 DELETED - TRACK LIMITS AT TURN 9 LAP 22 15:33:09,,,,,,24,2023,7
2023-06-04 13:50:19,Other,CAR 14 (ALO) TIME 1:20.634 DELETED - TRACK LIMITS AT TURN 13 LAP 34 15:49:32,,,,,,36,2023,7
2023-06-04 13:54:05,Flag,WAVED BLUE FLAG FOR CAR 4 (NOR) TIMED AT 15:54:04,,BLUE,Driver,,4,38,2023,7
2023-06-04 13:54:48,Other,CAR 20 (MAG) TIME 1:21.792 DELETED - TRACK LIMITS AT TURN 9 LAP 37 15:53:42,,,,,,39,2023,7
2023-06-04 13:55:39,Other,CAR 1 (VER) TIME 1:19.322 DELETED - TRACK LIMITS AT TURN 5 LAP 39 15:54:53,,,,,,40,2023,7
2023-06-04 13:55:56,Flag,WAVED BLUE FLAG FOR CAR 77 (BOT) TIMED AT 15:55:55,,BLUE,Driver,,77,40,2023,7
2023-06-04 13:57:09,Flag,WAVED BLUE FLAG FOR CAR 20 (MAG) TIMED AT 15:57:08,,BLUE,Driver,,20,41,2023,7
2023-06-04 13:57:48,Flag,WAVED BLUE FLAG FOR CAR 10 (GAS) TIMED AT 15:57:48,,BLUE,Driver,,10,41,2023,7
2023-06-04 14:00:16,Other,CAR 4 (NOR) TIME 1:20.992 DELETED - TRACK LIMITS AT TURN 9 LAP 41 15:59:09,,,,,,43,2023,7
2023-06-04 14:02:49,Flag,WAVED BLUE FLAG FOR CAR 77 (BOT) TIMED AT 16:02:49,,BLUE,Driver,,77,45,2023,7
2023-06-04 14:03:40,Other,CAR 1 (VER) TIME 1:19.104 DELETED - TRACK LIMITS AT TURN 5 LAP 45 16:02:48,,,,,,46,2023,7
2023-06-04 14:08:30,Flag,WAVED BLUE FLAG FOR CAR 81 (PIA) TIMED AT 16:08:29,,BLUE,Driver,,81,49,2023,7
2023-06-04 14:15:13,Flag,WAVED BLUE FLAG FOR CAR 77 (BOT) TIMED AT 16:15:13,,BLUE,Driver,,77,54,2023,7
2023-06-04 14:17:08,Flag,WAVED BLUE FLAG FOR CAR 4 (NOR) TIMED AT 16:17:08,,BLUE,Driver,,4,56,2023,7
2023-06-04 14:17:30,Flag,WAVED BLUE FLAG FOR CAR 2 (SAR) TIMED AT 16:17:30,,BLUE,Driver,,2,56,2023,7
2023-06-04 14:17:32,Flag,WAVED BLUE FLAG FOR CAR 27 (HUL) TIMED AT 16:17:31,,BLUE,Driver,,27,56,2023,7
2023-06-04 14:18:38,Flag,WAVED BLUE FLAG FOR CAR 77 (BOT) TIMED AT 16:18:38,,BLUE,Driver,,77,57,2023,7
2023-06-04 14:20:50,Other,CAR 1 (VER) TIME 1:17.183 DELETED - TRACK LIMITS AT TURN 10 LAP 56 16:17:58,,,,,,58,2023,7
2023-06-04 14:21:01,Flag,BLACK AND WHITE FLAG FOR CAR 1 (VER) - TRACK LIMITS,,BLACK AND WHITE,Driver,,1,59,2023,7
2023-06-04 14:21:15,Flag,WAVED BLUE FLAG FOR CAR 2 (SAR) TIMED AT 16:21:15,,BLUE,Driver,,2,59,2023,7
2023-06-04 14:21:27,Flag,WAVED BLUE FLAG FOR CAR 77 (BOT) TIMED AT 16:21:26,,BLUE,Driver,,77,59,2023,7
2023-06-04 14:21:47,Flag,WAVED BLUE FLAG FOR CAR 4 (NOR) TIMED AT 16:21:47,,BLUE,Driver,,4,59,2023,7
2023-06-04 14:21:50,Other,TURN 1 INCIDENT INVOLVING CARS 22 (TSU) AND 24 (ZHO) NOTED - FORCING ANOTHER DRIVER OFF THE TRACK,,,,,,59,2023,7
2023-06-04 14:22:27,Other,FIA STEWARDS: TURN 1 INCIDENT INVOLVING CARS 22 (TSU) AND 24 (ZHO) UNDER INVESTIGATION - FORCING ANOTHER DRIVER OFF THE TRACK,,,,,,60,2023,7
2023-06-04 14:22:49,Flag,WAVED BLUE FLAG FOR CAR 4 (NOR) TIMED AT 16:22:48,,BLUE,Driver,,4,60,2023,7
2023-06-04 14:23:23,Flag,WAVED BLUE FLAG FOR CAR 20 (MAG) TIMED AT 16:23:22,,BLUE,Driver,,20,60,2023,7
2023-06-04 14:23:23,Flag,WAVED BLUE FLAG FOR CAR 2 (SAR) TIMED AT 16:23:23,,BLUE,Driver,,2,60,2023,7
2023-06-04 14:24:48,Flag,WAVED BLUE FLAG FOR CAR 23 (ALB) TIMED AT 16:24:48,,BLUE,Driver,,23,62,2023,7
2023-06-04 14:24:57,Other,FIA STEWARDS: 5 SECOND TIME PENALTY FOR CAR 22 (TSU) - FORCING ANOTHER DRIVER OFF THE TRACK,,,,,,62,2023,7
2023-06-04 14:25:20,Other,CAR 24 (ZHO) TIME 1:20.335 DELETED - TRACK LIMITS AT TURN 2 LAP 56 16:18:06,,,,,,62,2023,7
2023-06-04 14:25:54,Flag,WAVED BLUE FLAG FOR CAR 21 (DEV) TIMED AT 16:25:54,,BLUE,Driver,,21,62,2023,7
2023-06-04 14:27:27,Flag,WAVED BLUE FLAG FOR CAR 2 (SAR) TIMED AT 16:27:26,,BLUE,Driver,,2,64,2023,7
2023-06-04 14:27:27,Flag,WAVED BLUE FLAG FOR CAR 81 (PIA) TIMED AT 16:27:26,,BLUE,Driver,,81,64,2023,7
2023-06-04 14:29:25,Flag,WAVED BLUE FLAG FOR CAR 20 (MAG) TIMED AT 16:29:24,,BLUE,Driver,,20,65,2023,7
2023-06-04 14:29:42,Flag,WAVED BLUE FLAG FOR CAR 77 (BOT) TIMED AT 16:29:42,,BLUE,Driver,,77,65,2023,7
2023-06-04 14:30:21,Flag,WAVED BLUE FLAG FOR CAR 20 (MAG) TIMED AT 16:30:21,,BLUE,Driver,,20,66,2023,7
2023-06-04 14:31:14,Flag,CHEQUERED FLAG,,CHEQUERED,Track,,,66,2023,7
2023-06-18 17:10:00,Flag,GREEN LIGHT - PIT EXIT OPEN,,GREEN,Track,,,1,2023,8
2023-06-18 17:20:00,Other,PIT EXIT CLOSED,,,,,,1,2023,8
2023-06-18 17:21:20,Flag,YELLOW IN TRACK SECTOR 5,,YELLOW,Sector,5.0,,1,2023,8
2023-06-18 17:22:55,Flag,CLEAR IN TRACK SECTOR 5,,CLEAR,Sector,5.0,,1,2023,8
2023-06-18 17:25:40,Flag,YELLOW IN TRACK SECTOR 4,,YELLOW,Sector,4.0,,1,2023,8
2023-06-18 17:25:49,Flag,CLEAR IN TRACK SECTOR 4,,CLEAR,Sector,4.0,,1,2023,8
2023-06-18 17:45:14,Other,RISK OF RAIN FOR F1 RACE IS 10 %,,,,,,1,2023,8
2023-06-18 17:57:03,Drs,DRS DISABLED,DISABLED,,,,,1,2023,8
2023-06-18 18:03:05,Flag,GREEN LIGHT - PIT EXIT OPEN,,GREEN,Track,,,1,2023,8
2023-06-18 18:05:47,Drs,DRS ENABLED,ENABLED,,,,,3,2023,8
2023-06-18 18:06:03,Other,CAR 20 (MAG) LAP DELETED - TRACK LIMITS AT TURN 13 LAP 1 14:04:30,,,,,,3,2023,8
2023-06-18 18:10:20,Other,CAR 21 (DEV) TIME 1:19.152 DELETED - TRACK LIMITS AT TURN 13 LAP 4 14:08:31,,,,,,6,2023,8
2023-06-18 18:11:47,Flag,YELLOW IN TRACK SECTOR 6,,YELLOW,Sector,6.0,,7,2023,8
2023-06-18 18:12:28,SafetyCar,VIRTUAL SAFETY CAR DEPLOYED,DEPLOYED,,,,,8,2023,8
2023-06-18 18:13:02,SafetyCar,VIRTUAL SAFETY CAR ENDING,ENDING,,,,,8,2023,8
2023-06-18 18:13:14,Flag,TRACK CLEAR,,CLEAR,Track,,,8,2023,8
2023-06-18 18:13:14,Flag,CLEAR IN TRACK SECTOR 6,,CLEAR,Sector,6.0,,8,2023,8
2023-06-18 18:13:18,Drs,DRS ENABLED,ENABLED,,,,,8,2023,8
2023-06-18 18:18:38,Flag,YELLOW IN TRACK SECTOR 9,,YELLOW,Sector,9.0,,12,2023,8
2023-06-18 18:18:39,Other,DRS DISABLED IN ZONE 1,,,,,,12,2023,8
2023-06-18 18:18:43,Other,DRS ENABLED IN ZONE 1,,,,,,12,2023,8
2023-06-18 18:18:43,Flag,CLEAR IN TRACK SECTOR 9,,CLEAR,Sector,9.0,,12,2023,8
2023-06-18 18:18:44,SafetyCar,SAFETY CAR DEPLOYED,DEPLOYED,,,,,12,2023,8
2023-06-18 18:21:14,Other,PIT LANE INCIDENT INVOLVING CARS 44 (HAM) AND 14 (ALO) NOTED - UNSAFE RELEASE,,,,,,13,2023,8
2023-06-18 18:22:21,Flag,DOUBLE YELLOW IN TRACK SECTOR 9,,DOUBLE YELLOW,Sector,9.0,,14,2023,8
2023-06-18 18:25:48,Other,"PIT EXIT INCIDENT INVOLVING CARS 31 (OCO), 77 (BOT) AND 20 (MAG) NOTED - OVERTAKING UNDER SAFETY CAR",,,,,,16,2023,8
2023-06-18 18:26:11,SafetyCar,SAFETY CAR IN THIS LAP,IN THIS LAP,,,,,16,2023,8
2023-06-18 18:26:21,Flag,CLEAR IN TRACK SECTOR 9,,CLEAR,Sector,9.0,,16,2023,8
2023-06-18 18:27:16,Flag,TRACK CLEAR,,CLEAR,Track,,,16,2023,8
2023-06-18 18:28:56,Other,PIT LANE INCIDENT INVOLVING CAR 4 (NOR) NOTED - UNSAFE RELEASE,,,,,,17,2023,8
2023-06-18 18:29:08,Other,FIA STEWARDS: PIT LANE INCIDENT INVOLVING CARS 44 (HAM) AND 14 (ALO) UNDER INVESTIGATION - UNSAFE RELEASE,,,,,,17,2023,8
2023-06-18 18:29:25,Other,FIA STEWARDS: PIT LANE INCIDENT INVOLVING CAR 4 (NOR) UNDER INVESTIGATION - UNSAFE RELEASE,,,,,,18,2023,8
2023-06-18 18:30:32,Drs,DRS ENABLED,ENABLED,,,,,19,2023,8
2023-06-18 18:32:32,Other,CAR 81 (PIA) TIME 1:18.501 DELETED - TRACK LIMITS AT TURN 13 LAP 19 14:31:54,,,,,,20,2023,8
2023-06-18 18:33:55,Other,"FIA STEWARDS: PIT EXIT INCIDENT INVOLVING CARS 31 (OCO), 77 (BOT) AND 20 (MAG) REVIEWED NO FURTHER INVESTIGATION - POSITIONS GIVEN BACK ",,,,,,21,2023,8
2023-06-18 18:36:58,Other,FIA STEWARDS: PIT LANE INCIDENT INVOLVING CARS 44 (HAM) AND 14 (ALO) NO FURTHER ACTION - UNSAFE RELEASE,,,,,,24,2023,8
2023-06-18 18:37:03,Other,FIA STEWARDS: PIT LANE INCIDENT INVOLVING CAR 4 (NOR) NO FURTHER ACTION - UNSAFE RELEASE,,,,,,24,2023,8
2023-06-18 18:37:31,Other,CAR 23 (ALB) TIME 1:18.868 DELETED - TRACK LIMITS AT TURN 13 LAP 22 14:35:49,,,,,,24,2023,8
2023-06-18 18:38:26,Other,TURN 10 INCIDENT INVOLVING CAR 4 (NOR) NOTED - DRIVING UNNECESSARILY SLOWLY,,,,,,25,2023,8
2023-06-18 18:43:39,Flag,YELLOW IN TRACK SECTOR 5,,YELLOW,Sector,5.0,,29,2023,8
2023-06-18 18:43:43,Flag,CLEAR IN TRACK SECTOR 5,,CLEAR,Sector,5.0,,29,2023,8
2023-06-18 18:49:15,Other,FIA STEWARDS: TURN 10 INCIDENT INVOLVING CAR 4 (NOR) UNDER INVESTIGATION - DRIVING UNNECESSARILY SLOWLY,,,,,,33,2023,8
2023-06-18 18:51:56,Flag,YELLOW IN TRACK SECTOR 3,,YELLOW,Sector,3.0,,35,2023,8
2023-06-18 18:52:17,Flag,YELLOW IN TRACK SECTOR 2,,YELLOW,Sector,2.0,,36,2023,8
2023-06-18 18:52:31,Flag,DOUBLE YELLOW IN TRACK SECTOR 3,,DOUBLE YELLOW,Sector,3.0,,36,2023,8
2023-06-18 18:52:50,Flag,CLEAR IN TRACK SECTOR 3,,CLEAR,Sector,3.0,,36,2023,8
2023-06-18 18:52:55,Flag,CLEAR IN TRACK SECTOR 2,,CLEAR,Sector,2.0,,36,2023,8
2023-06-18 18:52:57,Flag,WAVED BLUE FLAG FOR CAR 20 (MAG) TIMED AT 14:52:57,,BLUE,Driver,,20,36,2023,8
2023-06-18 18:53:50,Other,TURN 2 INCIDENT INVOLVING CARS 21 (DEV) AND 20 (MAG) NOTED - CAUSING A COLLISION,,,,,,37,2023,8
2023-06-18 18:55:18,Other,FIA STEWARDS: 5 SECOND TIME PENALTY FOR CAR 4 (NOR) - UNSPORTSMANLIKE BEHAVIOUR ,,,,,,38,2023,8
2023-06-18 18:58:04,Flag,WAVED BLUE FLAG FOR CAR 20 (MAG) TIMED AT 14:58:04,,BLUE,Driver,,20,40,2023,8
2023-06-18 18:58:28,Other,FIA STEWARDS: TURN 2 INCIDENT INVOLVING CARS 21 (DEV) AND 20 (MAG) UNDER INVESTIGATION - CAUSING A COLLISION,,,,,,40,2023,8
2023-06-18 19:00:10,Other,FIA STEWARDS: TURN 2 INCIDENT INVOLVING CARS 21 (DEV) AND 20 (MAG) NO FURTHER ACTION - CAUSING A COLLISION,,,,,,42,2023,8
2023-06-18 19:00:40,Flag,WAVED BLUE FLAG FOR CAR 20 (MAG) TIMED AT 15:00:39,,BLUE,Driver,,20,42,2023,8
2023-06-18 19:01:07,Flag,WAVED BLUE FLAG FOR CAR 21 (DEV) TIMED AT 15:01:07,,BLUE,Driver,,21,42,2023,8
2023-06-18 19:01:38,Flag,WAVED BLUE FLAG FOR CAR 21 (DEV) TIMED AT 15:01:37,,BLUE,Driver,,21,43,2023,8
2023-06-18 19:03:04,Other,CAR 24 (ZHO) TIME 1:19.675 DELETED - TRACK LIMITS AT TURN 13 LAP 42 15:02:17,,,,,,44,2023,8
2023-06-18 19:03:18,Flag,WAVED BLUE FLAG FOR CAR 20 (MAG) TIMED AT 15:03:17,,BLUE,Driver,,20,44,2023,8
2023-06-18 19:03:53,Flag,WAVED BLUE FLAG FOR CAR 21 (DEV) TIMED AT 15:03:52,,BLUE,Driver,,21,44,2023,8
2023-06-18 19:09:14,Other,CAR 14 (ALO) TIME 1:17.367 DELETED - TRACK LIMITS AT TURN 9 LAP 47 15:07:25,,,,,,49,2023,8
2023-06-18 19:17:52,Flag,WAVED BLUE FLAG FOR CAR 20 (MAG) TIMED AT 15:17:51,,BLUE,Driver,,20,55,2023,8
2023-06-18 19:19:45,Other,CAR 55 (SAI) TIME 1:16.357 DELETED - TRACK LIMITS AT TURN 9 LAP 56 15:19:00,,,,,,57,2023,8
2023-06-18 19:22:45,Flag,WAVED BLUE FLAG FOR CAR 20 (MAG) TIMED AT 15:22:44,,BLUE,Driver,,20,59,2023,8
2023-06-18 19:25:57,Flag,WAVED BLUE FLAG FOR CAR 24 (ZHO) TIMED AT 15:25:57,,BLUE,Driver,,24,62,2023,8
2023-06-18 19:26:50,Flag,WAVED BLUE FLAG FOR CAR 27 (HUL) TIMED AT 15:26:50,,BLUE,Driver,,27,62,2023,8
2023-06-18 19:31:30,Flag,WAVED BLUE FLAG FOR CAR 24 (ZHO) TIMED AT 15:31:30,,BLUE,Driver,,24,66,2023,8
2023-06-18 19:32:07,Flag,WAVED BLUE FLAG FOR CAR 27 (HUL) TIMED AT 15:32:07,,BLUE,Driver,,27,67,2023,8
2023-06-18 19:33:02,Flag,WAVED BLUE FLAG FOR CAR 24 (ZHO) TIMED AT 15:33:02,,BLUE,Driver,,24,67,2023,8
2023-06-18 19:33:23,Flag,WAVED BLUE FLAG FOR CAR 24 (ZHO) TIMED AT 15:33:22,,BLUE,Driver,,24,68,2023,8
2023-06-18 19:33:41,Flag,WAVED BLUE FLAG FOR CAR 27 (HUL) TIMED AT 15:33:40,,BLUE,Driver,,27,68,2023,8
2023-06-18 19:36:03,Other,INCIDENT INVOLVING CAR 31 (OCO) NOTED - LOOSE REAR WING ,,,,,,70,2023,8
2023-06-18 19:37:04,Flag,CHEQUERED FLAG,,CHEQUERED,Track,,,70,2023,8
2023-06-18 19:39:20,Other,CAR 4 (NOR) TIME 1:19.040 DELETED - TRACK LIMITS AT TURN 13 LAP 70 15:38:02,,,,,,70,2023,8
2023-06-18 19:39:21,Other,CAR 81 (PIA) TIME 1:17.296 DELETED - TRACK LIMITS AT TURN 13 LAP 70 15:38:04,,,,,,70,2023,8
2023-06-18 19:40:10,Flag,BLACK AND WHITE FLAG FOR CAR 81 (PIA) - FAILING TO FOLLOW RACE DIRECTORS INSTRUCTIONS – ESCAPE ROAD INSTRUCTIONS,,BLACK AND WHITE,Driver,,81,70,2023,8
2023-07-02 12:09:05,Other,PINK HEAD PADDING MATERIAL MUST BE USED,,,,,,1,2023,9
2023-07-02 12:10:01,Flag,GREEN LIGHT - PIT EXIT OPEN,,GREEN,Track,,,1,2023,9
2023-07-02 12:20:01,Other,PIT EXIT CLOSED,,,,,,1,2023,9
2023-07-02 12:45:21,Other,RISK OF RAIN FOR F1 RACE IS 30%,,,,,,1,2023,9
2023-07-02 12:57:42,Drs,DRS DISABLED,DISABLED,,,,,1,2023,9
2023-07-02 13:02:48,Flag,GREEN LIGHT - PIT EXIT OPEN,,GREEN,Track,,,1,2023,9
2023-07-02 13:03:13,Flag,YELLOW IN TRACK SECTOR 2,,YELLOW,Sector,2.0,,1,2023,9
2023-07-02 13:03:19,Flag,CLEAR IN TRACK SECTOR 2,,CLEAR,Sector,2.0,,1,2023,9
2023-07-02 13:03:20,Other,TRACK SURFACE SLIPPERY IN TRACK SECTOR 2,,,,,,1,2023,9
2023-07-02 13:03:56,SafetyCar,SAFETY CAR DEPLOYED,DEPLOYED,,,,,1,2023,9
2023-07-02 13:03:56,Flag,CLEAR IN TRACK SECTOR 2,,CLEAR,Sector,2.0,,1,2023,9
2023-07-02 13:05:02,SafetyCar,SAFETY CAR THROUGH THE PIT LANE,THROUGH THE PIT LANE,,,,,2,2023,9
2023-07-02 13:06:44,SafetyCar,SAFETY CAR IN THIS LAP,IN THIS LAP,,,,,3,2023,9
2023-07-02 13:07:46,Flag,TRACK CLEAR,,CLEAR,Track,,,3,2023,9
2023-07-02 13:08:25,Other,LAP 1 TURN 1 NOTED,,,,,,4,2023,9
2023-07-02 13:09:02,Other,FIA STEWARDS: LAP 1 TURN 1 REVIEWED NO FURTHER INVESTIGATION,,,,,,4,2023,9
2023-07-02 13:10:13,Drs,DRS ENABLED,ENABLED,,,,,5,2023,9
2023-07-02 13:13:26,Other,TURN 4 INCIDENT INVOLVING CARS 20 (MAG) AND 21 (DEV) NOTED - FORCING ANOTHER DRIVER OFF THE TRACK,,,,,,8,2023,9
2023-07-02 13:14:14,Other,CAR 44 (HAM) TIME 1:10.981 DELETED - TRACK LIMITS AT TURN 10 (NEXT LAP),,,,,,9,2023,9
2023-07-02 13:14:24,Other,CAR 14 (ALO) TIME 1:11.892 DELETED - TRACK LIMITS AT TURN 10 LAP 4 15:09:16,,,,,,9,2023,9
2023-07-02 13:14:25,Other,CAR 14 (ALO) TIME 1:11.059 DELETED - TRACK LIMITS AT TURN 10 (NEXT LAP),,,,,,9,2023,9
2023-07-02 13:15:48,Other,FIA STEWARDS: TURN 4 INCIDENT INVOLVING CARS 20 (MAG) AND 21 (DEV) REVIEWED NO FURTHER INVESTIGATION - FORCING ANOTHER DRIVER OFF THE TRACK,,,,,,10,2023,9
2023-07-02 13:15:54,Other,CAR 44 (HAM) TIME 1:10.981 DELETED - TRACK LIMITS AT TURN 10 LAP 4 15:09:15,,,,,,10,2023,9
2023-07-02 13:15:54,Other,CAR 44 (HAM) TIME 1:10.706 DELETED - TRACK LIMITS AT TURN 10 (NEXT LAP),,,,,,10,2023,9
2023-07-02 13:15:55,Other,CAR 22 (TSU) TIME 1:12.518 DELETED - TRACK LIMITS AT TURN 10 LAP 5 15:10:34,,,,,,10,2023,9
2023-07-02 13:15:56,Other,CAR 22 (TSU) TIME 1:11.940 DELETED - TRACK LIMITS AT TURN 10 (NEXT LAP),,,,,,10,2023,9
2023-07-02 13:16:06,Other,CAR 16 (LEC) TIME 1:10.416 DELETED - TRACK LIMITS AT TURN 9 LAP 5 15:10:20,,,,,,10,2023,9
2023-07-02 13:16:18,Other,CAR 55 (SAI) TIME 1:10.409 DELETED - TRACK LIMITS AT TURN 10 LAP 5 15:10:24,,,,,,11,2023,9
2023-07-02 13:16:18,Other,CAR 55 (SAI) TIME 1:10.399 DELETED - TRACK LIMITS AT TURN 10 (NEXT LAP),,,,,,11,2023,9
2023-07-02 13:17:02,Other,CAR 44 (HAM) TIME 1:10.706 DELETED - TRACK LIMITS AT TURN 10 LAP 5 15:10:25,,,,,,11,2023,9
2023-07-02 13:17:02,Other,CAR 44 (HAM) TIME 1:10.746 DELETED - TRACK LIMITS AT TURN 10 (NEXT LAP),,,,,,11,2023,9
2023-07-02 13:17:46,Other,CAR 77 (BOT) TIME 1:12.673 DELETED - TRACK LIMITS AT TURN 9 LAP 5 15:10:31,,,,,,12,2023,9
2023-07-02 13:17:59,Other,CAR 21 (DEV) TIME 1:12.701 DELETED - TRACK LIMITS AT TURN 9 LAP 5 15:10:31,,,,,,12,2023,9
2023-07-02 13:18:06,Other,CAR 44 (HAM) TIME 1:10.746 DELETED - TRACK LIMITS AT TURN 10 LAP 6 15:11:36,,,,,,12,2023,9
2023-07-02 13:18:07,Other,CAR 44 (HAM) TIME 1:10.597 DELETED - TRACK LIMITS AT TURN 10 (NEXT LAP),,,,,,12,2023,9
2023-07-02 13:18:19,Flag,BLACK AND WHITE FLAG FOR CAR 44 (HAM) - TRACK LIMITS,,BLACK AND WHITE,Driver,,44,12,2023,9
2023-07-02 13:18:23,Other,CAR 10 (GAS) TIME 1:11.213 DELETED - TRACK LIMITS AT TURN 10 LAP 6 15:11:41,,,,,,12,2023,9
2023-07-02 13:18:24,Other,CAR 10 (GAS) TIME 1:11.092 DELETED - TRACK LIMITS AT TURN 10 (NEXT LAP),,,,,,12,2023,9
2023-07-02 13:18:45,Other,CAR 18 (STR) TIME 1:11.287 DELETED - TRACK LIMITS AT TURN 9 LAP 6 15:11:37,,,,,,13,2023,9
2023-07-02 13:19:37,Flag,YELLOW IN TRACK SECTOR 6,,YELLOW,Sector,6.0,,13,2023,9
2023-07-02 13:19:37,Other,CAR 22 (TSU) TIME 1:11.940 DELETED - TRACK LIMITS AT TURN 9 LAP 6 15:11:42,,,,,,13,2023,9
2023-07-02 13:19:38,Other,DRS DISABLED IN ZONE 1,,,,,,13,2023,9
2023-07-02 13:19:59,Flag,DOUBLE YELLOW IN TRACK SECTOR 6,,DOUBLE YELLOW,Sector,6.0,,14,2023,9
2023-07-02 13:20:01,Flag,DOUBLE YELLOW IN TRACK SECTOR 5,,DOUBLE YELLOW,Sector,5.0,,14,2023,9
2023-07-02 13:20:04,Flag,YELLOW IN TRACK SECTOR 5,,YELLOW,Sector,5.0,,14,2023,9
2023-07-02 13:20:12,Other,CAR 22 (TSU) TIME 1:11.534 DELETED - TRACK LIMITS AT TURN 9 LAP 8 15:14:05,,,,,,14,2023,9
2023-07-02 13:20:53,SafetyCar,VIRTUAL SAFETY CAR DEPLOYED,DEPLOYED,,,,,14,2023,9
2023-07-02 13:21:08,Flag,BLACK AND WHITE FLAG FOR CAR 22 (TSU) - TRACK LIMITS,,BLACK AND WHITE,Driver,,22,15,2023,9
2023-07-02 13:22:01,Other,CAR 55 (SAI) TIME 1:10.431 DELETED - TRACK LIMITS AT TURN 10 LAP 8 15:13:55,,,,,,15,2023,9
2023-07-02 13:22:02,Other,CAR 55 (SAI) TIME 1:10.288 DELETED - TRACK LIMITS AT TURN 10 (NEXT LAP),,,,,,15,2023,9
2023-07-02 13:22:30,Other,CAR 44 (HAM) TIME 1:10.579 DELETED - TRACK LIMITS AT TURN 10 LAP 8 15:13:57,,,,,,15,2023,9
2023-07-02 13:22:31,Other,CAR 44 (HAM) TIME 1:10.598 DELETED - TRACK LIMITS AT TURN 10 (NEXT LAP),,,,,,15,2023,9
2023-07-02 13:22:38,Other,INCIDENT INVOLVING CAR 44 (HAM) NOTED - TRACK LIMITS,,,,,,16,2023,9
2023-07-02 13:22:55,Flag,CLEAR IN TRACK SECTOR 5,,CLEAR,Sector,5.0,,16,2023,9
2023-07-02 13:22:58,Flag,CLEAR IN TRACK SECTOR 6,,CLEAR,Sector,6.0,,16,2023,9
2023-07-02 13:23:00,SafetyCar,VIRTUAL SAFETY CAR ENDING,ENDING,,,,,16,2023,9
2023-07-02 13:23:12,Flag,TRACK CLEAR,,CLEAR,Track,,,16,2023,9
2023-07-02 13:23:15,Drs,DRS ENABLED,ENABLED,,,,,16,2023,9
2023-07-02 13:23:38,Other,CAR 27 (HUL) TIME 1:12.213 DELETED - TRACK LIMITS AT TURN 10 LAP 8 15:14:03,,,,,,16,2023,9
2023-07-02 13:23:38,Other,CAR 27 (HUL) TIME 1:11.248 DELETED - TRACK LIMITS AT TURN 10 (NEXT LAP),,,,,,16,2023,9
2023-07-02 13:24:14,Other,FIA STEWARDS: INCIDENT INVOLVING CAR 44 (HAM) UNDER INVESTIGATION - TRACK LIMITS,,,,,,17,2023,9
2023-07-02 13:24:24,Other,FIA STEWARDS: 5 SECOND TIME PENALTY FOR CAR 44 (HAM) - TRACK LIMITS,,,,,,17,2023,9
2023-07-02 13:25:01,Other,CAR 44 (HAM) TIME 1:10.598 DELETED - TRACK LIMITS AT TURN 10 LAP 9 15:15:08,,,,,,17,2023,9
2023-07-02 13:25:03,Other,CAR 44 (HAM) TIME 1:10.901 DELETED - TRACK LIMITS AT TURN 10 (NEXT LAP),,,,,,17,2023,9
2023-07-02 13:25:29,Other,CAR 22 (TSU) TIME 1:11.725 DELETED - TRACK LIMITS AT TURN 10 LAP 9 15:15:21,,,,,,18,2023,9
2023-07-02 13:25:30,Other,CAR 22 (TSU) TIME 1:11.852 DELETED - TRACK LIMITS AT TURN 10 (NEXT LAP),,,,,,18,2023,9
2023-07-02 13:25:36,Other,INCIDENT INVOLVING CAR 22 (TSU) NOTED - TRACK LIMITS,,,,,,18,2023,9
2023-07-02 13:25:49,Other,FIA STEWARDS: INCIDENT INVOLVING CAR 22 (TSU) UNDER INVESTIGATION - TRACK LIMITS,,,,,,18,2023,9
2023-07-02 13:25:53,Other,CAR 27 (HUL) TIME 1:11.248 DELETED - TRACK LIMITS AT TURN 9 LAP 9 15:15:11,,,,,,18,2023,9
2023-07-02 13:26:00,Other,FIA STEWARDS: 5 SECOND TIME PENALTY FOR CAR 22 (TSU) - TRACK LIMITS,,,,,,18,2023,9
2023-07-02 13:27:31,Other,PIT LANE INCIDENT INVOLVING CARS 23 (ALB) AND 10 (GAS) NOTED ,,,,,,20,2023,9
2023-07-02 13:28:00,Other,CORRECTION: PIT LANE INCIDENT INVOLVING CARS 2 (SAR) AND 10 (GAS) NOTED ,,,,,,20,2023,9
2023-07-02 13:28:05,Other,CAR 27 (HUL) TIME 1:11.254 DELETED - TRACK LIMITS AT TURN 10 LAP 10 15:16:25,,,,,,20,2023,9
2023-07-02 13:28:05,Other,CAR 27 (HUL) LAP DELETED - TRACK LIMITS AT TURN 10 (NEXT LAP PIT),,,,,,20,2023,9
2023-07-02 13:28:17,Flag,BLACK AND WHITE FLAG FOR CAR 27 (HUL) - TRACK LIMITS,,BLACK AND WHITE,Driver,,27,20,2023,9
2023-07-02 13:29:21,Other,CORRECTION: PIT LANE INCIDENT INVOLVING CARS 2 (SAR) AND 31 (OCO) NOTED ,,,,,,21,2023,9
2023-07-02 13:29:56,Other,CAR 55 (SAI) TIME 1:10.570 DELETED - TRACK LIMITS AT TURN 9 LAP 10 15:16:13,,,,,,22,2023,9
2023-07-02 13:30:14,Flag,BLACK AND WHITE FLAG FOR CAR 55 (SAI) - TRACK LIMITS,,BLACK AND WHITE,Driver,,55,22,2023,9
2023-07-02 13:30:47,Other,CAR 18 (STR) TIME 1:11.037 DELETED - TRACK LIMITS AT TURN 9 LAP 10 15:16:21,,,,,,22,2023,9
2023-07-02 13:31:27,Other,CAR 55 (SAI) TIME 1:10.395 DELETED - TRACK LIMITS AT TURN 9 LAP 11 15:17:23,,,,,,23,2023,9
2023-07-02 13:32:07,Other,FIA STEWARDS: PIT LANE INCIDENT INVOLVING CARS 2 (SAR) AND 31 (OCO) UNDER INVESTIGATION ,,,,,,24,2023,9
2023-07-02 13:32:11,Other,CAR 11 (PER) TIME 1:11.526 DELETED - TRACK LIMITS AT TURN 9 LAP 11 15:17:35,,,,,,24,2023,9
2023-07-02 13:33:33,Other,FIA STEWARDS: 5 SECOND TIME PENALTY FOR CAR 31 (OCO) - UNSAFE RELEASE,,,,,,25,2023,9
2023-07-02 13:33:37,Other,CAR 81 (PIA) TIME 1:11.339 DELETED - TRACK LIMITS AT TURN 9 LAP 12 15:18:49,,,,,,25,2023,9
2023-07-02 13:34:49,Other,CAR 11 (PER) TIME 1:10.289 DELETED - TRACK LIMITS AT TURN 10 LAP 17 15:25:19,,,,,,26,2023,9
2023-07-02 13:34:50,Other,CAR 11 (PER) TIME 1:10.399 DELETED - TRACK LIMITS AT TURN 10 (NEXT LAP),,,,,,26,2023,9
2023-07-02 13:35:31,Other,CAR 2 (SAR) TIME 1:46.237 DELETED - TRACK LIMITS AT TURN 9 LAP 15 15:23:14,,,,,,26,2023,9
2023-07-02 13:37:50,Other,CAR 55 (SAI) TIME 1:09.129 DELETED - TRACK LIMITS AT TURN 9 LAP 17 15:25:18,,,,,,28,2023,9
2023-07-02 13:38:01,Other,INCIDENT INVOLVING CAR 55 (SAI) NOTED - TRACK LIMITS,,,,,,28,2023,9
2023-07-02 13:38:12,Other,FIA STEWARDS: INCIDENT INVOLVING CAR 55 (SAI) UNDER INVESTIGATION - TRACK LIMITS,,,,,,29,2023,9
2023-07-02 13:38:19,Other,FIA STEWARDS: 5 SECOND TIME PENALTY FOR CAR 55 (SAI) - TRACK LIMITS,,,,,,29,2023,9
2023-07-02 13:39:31,Other,INCIDENT INVOLVING CAR 22 (TSU) NOTED - FAILING TO SERVE PENALTY CORRECTLY,,,,,,30,2023,9
2023-07-02 13:39:44,Other,FIA STEWARDS: INCIDENT INVOLVING CAR 22 (TSU) UNDER INVESTIGATION - FAILING TO SERVE PENALTY CORRECTLY,,,,,,30,2023,9
2023-07-02 13:40:25,Other,CAR 23 (ALB) TIME 1:11.355 DELETED - TRACK LIMITS AT TURN 9 LAP 19 15:27:53,,,,,,30,2023,9
2023-07-02 13:40:59,Other,CAR 23 (ALB) TIME 1:11.305 DELETED - TRACK LIMITS AT TURN 9 LAP 20 15:29:05,,,,,,31,2023,9
2023-07-02 13:41:31,Other,CAR 10 (GAS) TIME 1:10.670 DELETED - TRACK LIMITS AT TURN 10 LAP 28 15:38:27,,,,,,31,2023,9
2023-07-02 13:41:32,Other,CAR 10 (GAS) TIME 1:11.188 DELETED - TRACK LIMITS AT TURN 10 (NEXT LAP),,,,,,31,2023,9
2023-07-02 13:41:44,Other,CAR 23 (ALB) TIME 1:11.015 DELETED - TRACK LIMITS AT TURN 10 LAP 28 15:38:36,,,,,,32,2023,9
2023-07-02 13:41:45,Other,CAR 23 (ALB) TIME 1:11.016 DELETED - TRACK LIMITS AT TURN 10 (NEXT LAP),,,,,,32,2023,9
2023-07-02 13:41:59,Flag,BLACK AND WHITE FLAG FOR CAR 23 (ALB) - TRACK LIMITS,,BLACK AND WHITE,Driver,,23,32,2023,9
2023-07-02 13:42:15,Other,CAR 10 (GAS) TIME 1:10.541 DELETED - TRACK LIMITS AT TURN 10 LAP 25 15:34:55,,,,,,32,2023,9
2023-07-02 13:42:16,Other,CAR 10 (GAS) TIME 1:10.662 DELETED - TRACK LIMITS AT TURN 10 (NEXT LAP),,,,,,32,2023,9
2023-07-02 13:42:23,Flag,BLACK AND WHITE FLAG FOR CAR 10 (GAS) - TRACK LIMITS,,BLACK AND WHITE,Driver,,10,32,2023,9
2023-07-02 13:42:51,Other,CAR 23 (ALB) TIME 1:10.822 DELETED - TRACK LIMITS AT TURN 10 LAP 25 15:35:03,,,,,,33,2023,9
2023-07-02 13:42:52,Other,CAR 23 (ALB) TIME 1:10.898 DELETED - TRACK LIMITS AT TURN 10 (NEXT LAP),,,,,,33,2023,9
2023-07-02 13:43:28,Other,CAR 21 (DEV) TIME 1:11.292 DELETED - TRACK LIMITS AT TURN 9 LAP 21 15:30:29,,,,,,33,2023,9
2023-07-02 13:43:38,Other,CAR 10 (GAS) TIME 1:10.662 DELETED - TRACK LIMITS AT TURN 10 LAP 26 15:36:06,,,,,,33,2023,9
2023-07-02 13:43:39,Other,CAR 10 (GAS) TIME 1:10.649 DELETED - TRACK LIMITS AT TURN 10 (NEXT LAP),,,,,,33,2023,9
2023-07-02 13:44:03,Other,CAR 23 (ALB) TIME 1:10.898 DELETED - TRACK LIMITS AT TURN 10 LAP 26 15:36:14,,,,,,34,2023,9
2023-07-02 13:44:04,Other,CAR 23 (ALB) TIME 1:11.348 DELETED - TRACK LIMITS AT TURN 10 (NEXT LAP),,,,,,34,2023,9
2023-07-02 13:44:33,Other,INCIDENT INVOLVING CAR 23 (ALB) NOTED - TRACK LIMITS,,,,,,34,2023,9
2023-07-02 13:44:52,Other,FIA STEWARDS: INCIDENT INVOLVING CAR 23 (ALB) UNDER INVESTIGATION - TRACK LIMITS,,,,,,34,2023,9
2023-07-02 13:45:08,Other,FIA STEWARDS: 5 SECOND TIME PENALTY FOR CAR 23 (ALB) - TRACK LIMITS,,,,,,34,2023,9
2023-07-02 13:45:19,Other,FIA STEWARDS: INCIDENT INVOLVING CAR 22 (TSU) NO FURTHER ACTION - FAILING TO SERVE PENALTY CORRECTLY,,,,,,35,2023,9
2023-07-02 13:45:24,Other,CAR 10 (GAS) TIME 1:10.538 DELETED - TRACK LIMITS AT TURN 9 LAP 22 15:31:20,,,,,,35,2023,9
2023-07-02 13:45:36,Other,CAR 22 (TSU) TIME 1:12.890 DELETED - TRACK LIMITS AT TURN 9 LAP 22 15:31:30,,,,,,35,2023,9
2023-07-02 13:46:10,Other,CAR 10 (GAS) TIME 1:10.649 DELETED - TRACK LIMITS AT TURN 10 LAP 27 15:37:16,,,,,,35,2023,9
2023-07-02 13:46:15,Other,CAR 10 (GAS) TIME 1:10.670 DELETED - TRACK LIMITS AT TURN 10 (NEXT LAP),,,,,,35,2023,9
2023-07-02 13:46:27,Flag,WAVED BLUE FLAG FOR CAR 81 (PIA) TIMED AT 15:46:27,,BLUE,Driver,,81,36,2023,9
2023-07-02 13:46:28,Other,CAR 31 (OCO) TIME 1:10.937 DELETED - TRACK LIMITS AT TURN 10 LAP 27 15:37:26,,,,,,36,2023,9
2023-07-02 13:46:35,Other,CAR 31 (OCO) TIME 1:10.877 DELETED - TRACK LIMITS AT TURN 10 (NEXT LAP),,,,,,36,2023,9
2023-07-02 13:46:40,Other,CAR 4 (NOR) TIME 1:09.947 DELETED - TRACK LIMITS AT TURN 10 LAP 28 15:38:15,,,,,,36,2023,9
2023-07-02 13:46:44,Other,CAR 4 (NOR) TIME 1:10.826 DELETED - TRACK LIMITS AT TURN 10 (NEXT LAP),,,,,,36,2023,9
2023-07-02 13:46:59,Flag,WAVED BLUE FLAG FOR CAR 81 (PIA) TIMED AT 15:46:59,,BLUE,Driver,,81,36,2023,9
2023-07-02 13:47:04,Other,CAR 18 (STR) TIME 1:11.187 DELETED - TRACK LIMITS AT TURN 10 LAP 33 15:44:33,,,,,,36,2023,9
2023-07-02 13:47:11,Flag,BLACK AND WHITE FLAG FOR CAR 18 (STR) - TRACK LIMITS,,BLACK AND WHITE,Driver,,18,36,2023,9
2023-07-02 13:47:14,Other,CAR 10 (GAS) TIME 1:10.670 DELETED - TRACK LIMITS AT TURN 10 LAP 28 15:38:27,,,,,,36,2023,9
2023-07-02 13:47:18,Other,CAR 10 (GAS) TIME 1:11.188 DELETED - TRACK LIMITS AT TURN 10 (NEXT LAP),,,,,,36,2023,9
2023-07-02 13:47:36,Other,CAR 23 (ALB) TIME 1:11.015 DELETED - TRACK LIMITS AT TURN 10 LAP 28 15:38:36,,,,,,37,2023,9
2023-07-02 13:47:57,Flag,WAVED BLUE FLAG FOR CAR 77 (BOT) TIMED AT 15:47:57,,BLUE,Driver,,77,37,2023,9
2023-07-02 13:48:02,Other,CAR 23 (ALB) TIME 1:11.016 DELETED - TRACK LIMITS AT TURN 10 (NEXT LAP),,,,,,37,2023,9
2023-07-02 13:48:15,Other,CAR 18 (STR) TIME 1:11.045 DELETED - TRACK LIMITS AT TURN 10 (NEXT LAP),,,,,,37,2023,9
2023-07-02 13:48:17,Other,CAR 20 (MAG) TIME 1:12.254 DELETED - TRACK LIMITS AT TURN 10 LAP 28 15:38:50,,,,,,37,2023,9
2023-07-02 13:48:18,Other,CAR 20 (MAG) TIME 1:12.188 DELETED - TRACK LIMITS AT TURN 10 (NEXT LAP),,,,,,37,2023,9
2023-07-02 13:49:40,Flag,WAVED BLUE FLAG FOR CAR 22 (TSU) TIMED AT 15:49:39,,BLUE,Driver,,22,38,2023,9
2023-07-02 13:49:51,Other,TURN 6 INCIDENT INVOLVING CARS 20 (MAG) AND 21 (DEV) NOTED - FORCING ANOTHER DRIVER OFF THE TRACK,,,,,,39,2023,9
2023-07-02 13:49:57,Other,FIA STEWARDS: TURN 6 INCIDENT INVOLVING CARS 20 (MAG) AND 21 (DEV) UNDER INVESTIGATION - FORCING ANOTHER DRIVER OFF THE TRACK,,,,,,39,2023,9
2023-07-02 13:50:21,Other,FIA STEWARDS: 5 SECOND TIME PENALTY FOR CAR 21 (DEV) - FORCING ANOTHER DRIVER OFF THE TRACK,,,,,,39,2023,9
2023-07-02 13:51:48,Other,CAR 31 (OCO) TIME 1:11.585 DELETED - TRACK LIMITS AT TURN 9 LAP 38 15:50:24,,,,,,40,2023,9
2023-07-02 13:52:33,Flag,WAVED BLUE FLAG FOR CAR 77 (BOT) TIMED AT 15:52:32,,BLUE,Driver,,77,41,2023,9
2023-07-02 13:53:21,Other,INCIDENT INVOLVING CAR 10 (GAS) NOTED - TRACK LIMITS,,,,,,42,2023,9
2023-07-02 13:53:29,Other,FIA STEWARDS: INCIDENT INVOLVING CAR 10 (GAS) UNDER INVESTIGATION - TRACK LIMITS,,,,,,42,2023,9
2023-07-02 13:54:00,Other,FIA STEWARDS: 5 SECOND TIME PENALTY FOR CAR 10 (GAS) - TRACK LIMITS,,,,,,42,2023,9
2023-07-02 13:54:32,Flag,WAVED BLUE FLAG FOR CAR 81 (PIA) TIMED AT 15:54:31,,BLUE,Driver,,81,43,2023,9
2023-07-02 13:55:45,Flag,WAVED BLUE FLAG FOR CAR 22 (TSU) TIMED AT 15:55:44,,BLUE,Driver,,22,44,2023,9
2023-07-02 13:56:24,Flag,WAVED BLUE FLAG FOR CAR 77 (BOT) TIMED AT 15:56:23,,BLUE,Driver,,77,44,2023,9
2023-07-02 13:59:46,Other,CAR 20 (MAG) TIME 1:10.416 DELETED - TRACK LIMITS AT TURN 9 LAP 42 15:55:47,,,,,,47,2023,9
2023-07-02 13:59:49,Other,CAR 20 (MAG) TIME 1:10.631 DELETED - TRACK LIMITS AT TURN 10 LAP 43 15:57:01,,,,,,47,2023,9
2023-07-02 13:59:50,Other,CAR 20 (MAG) TIME 1:10.680 DELETED - TRACK LIMITS AT TURN 10 (NEXT LAP),,,,,,47,2023,9
2023-07-02 13:59:58,Flag,BLACK AND WHITE FLAG FOR CAR 20 (MAG) - TRACK LIMITS,,BLACK AND WHITE,Driver,,20,47,2023,9
2023-07-02 14:00:36,Flag,WAVED BLUE FLAG FOR CAR 20 (MAG) TIMED AT 16:00:35,,BLUE,Driver,,20,48,2023,9
2023-07-02 14:02:14,Flag,WAVED BLUE FLAG FOR CAR 77 (BOT) TIMED AT 16:02:13,,BLUE,Driver,,77,49,2023,9
2023-07-02 14:03:01,Flag,WAVED BLUE FLAG FOR CAR 2 (SAR) TIMED AT 16:03:01,,BLUE,Driver,,2,50,2023,9
2023-07-02 14:04:59,Other,CAR 22 (TSU) TIME 1:10.496 DELETED - TRACK LIMITS AT TURN 10 LAP 47 16:01:54,,,,,,51,2023,9
2023-07-02 14:05:00,Other,CAR 22 (TSU) TIME 1:10.008 DELETED - TRACK LIMITS AT TURN 10 (NEXT LAP),,,,,,51,2023,9
2023-07-02 14:05:09,Flag,WAVED BLUE FLAG FOR CAR 31 (OCO) TIMED AT 16:05:09,,BLUE,Driver,,31,51,2023,9
2023-07-02 14:05:41,Other,CAR 22 (TSU) TIME 1:10.008 DELETED - TRACK LIMITS AT TURN 10 LAP 48 16:03:04,,,,,,52,2023,9
2023-07-02 14:05:42,Other,CAR 22 (TSU) TIME 1:10.040 DELETED - TRACK LIMITS AT TURN 10 (NEXT LAP),,,,,,52,2023,9
2023-07-02 14:06:30,Flag,WAVED BLUE FLAG FOR CAR 20 (MAG) TIMED AT 16:06:30,,BLUE,Driver,,20,53,2023,9
2023-07-02 14:06:47,Other,INCIDENT INVOLVING CAR 22 (TSU) NOTED - 7 TRACK LIMITS,,,,,,53,2023,9
2023-07-02 14:06:51,Other,FIA STEWARDS: INCIDENT INVOLVING CAR 22 (TSU) UNDER INVESTIGATION - 7 TRACK LIMITS,,,,,,53,2023,9
2023-07-02 14:07:06,Other,FIA STEWARDS: 10 SECOND TIME PENALTY FOR CAR 22 (TSU) - 7 TRACK LIMITS,,,,,,53,2023,9
2023-07-02 14:07:11,Flag,WAVED BLUE FLAG FOR CAR 81 (PIA) TIMED AT 16:07:10,,BLUE,Driver,,81,53,2023,9
2023-07-02 14:07:25,Flag,WAVED BLUE FLAG FOR CAR 81 (PIA) TIMED AT 16:07:24,,BLUE,Driver,,81,53,2023,9
2023-07-02 14:07:47,Flag,WAVED BLUE FLAG FOR CAR 81 (PIA) TIMED AT 16:07:46,,BLUE,Driver,,81,54,2023,9
2023-07-02 14:08:38,Flag,WAVED BLUE FLAG FOR CAR 22 (TSU) TIMED AT 16:08:38,,BLUE,Driver,,22,55,2023,9
2023-07-02 14:09:40,Flag,WAVED BLUE FLAG FOR CAR 22 (TSU) TIMED AT 16:09:40,,BLUE,Driver,,22,55,2023,9
2023-07-02 14:10:09,Flag,WAVED BLUE FLAG FOR CAR 77 (BOT) TIMED AT 16:10:08,,BLUE,Driver,,77,56,2023,9
2023-07-02 14:11:41,Flag,WAVED BLUE FLAG FOR CAR 21 (DEV) TIMED AT 16:11:40,,BLUE,Driver,,21,57,2023,9
2023-07-02 14:12:24,Flag,WAVED BLUE FLAG FOR CAR 23 (ALB) TIMED AT 16:12:24,,BLUE,Driver,,23,58,2023,9
2023-07-02 14:12:43,Flag,WAVED BLUE FLAG FOR CAR 20 (MAG) TIMED AT 16:12:42,,BLUE,Driver,,20,58,2023,9
2023-07-02 14:12:48,Other,CAR 2 (SAR) TIME 1:10.001 DELETED - TRACK LIMITS AT TURN 10 LAP 54 16:09:48,,,,,,58,2023,9
2023-07-02 14:12:48,Other,CAR 2 (SAR) TIME 1:10.337 DELETED - TRACK LIMITS AT TURN 10 (NEXT LAP),,,,,,58,2023,9
2023-07-02 14:13:18,Flag,WAVED BLUE FLAG FOR CAR 20 (MAG) TIMED AT 16:13:18,,BLUE,Driver,,20,59,2023,9
2023-07-02 14:13:32,Other,CAR 2 (SAR) TIME 1:10.084 DELETED - TRACK LIMITS AT TURN 9 LAP 57 16:13:15,,,,,,59,2023,9
2023-07-02 14:13:52,Flag,WAVED BLUE FLAG FOR CAR 24 (ZHO) TIMED AT 16:13:52,,BLUE,Driver,,24,59,2023,9
2023-07-02 14:14:11,Flag,BLACK AND WHITE FLAG FOR CAR 2 (SAR) - TRACK LIMITS,,BLACK AND WHITE,Driver,,2,59,2023,9
2023-07-02 14:16:52,Flag,WAVED BLUE FLAG FOR CAR 2 (SAR) TIMED AT 16:16:51,,BLUE,Driver,,2,62,2023,9
2023-07-02 14:17:08,Flag,WAVED BLUE FLAG FOR CAR 81 (PIA) TIMED AT 16:17:07,,BLUE,Driver,,81,62,2023,9
2023-07-02 14:17:36,Flag,WAVED BLUE FLAG FOR CAR 22 (TSU) TIMED AT 16:17:36,,BLUE,Driver,,22,62,2023,9
2023-07-02 14:17:56,Other,CAR 31 (OCO) TIME 1:09.972 DELETED - TRACK LIMITS AT TURN 10 LAP 58 16:14:26,,,,,,63,2023,9
2023-07-02 14:17:56,Other,CAR 31 (OCO) TIME 1:09.992 DELETED - TRACK LIMITS AT TURN 10 (NEXT LAP),,,,,,63,2023,9
2023-07-02 14:18:01,Flag,BLACK AND WHITE FLAG FOR CAR 31 (OCO) - TRACK LIMITS,,BLACK AND WHITE,Driver,,31,63,2023,9
2023-07-02 14:19:06,Flag,WAVED BLUE FLAG FOR CAR 77 (BOT) TIMED AT 16:19:06,,BLUE,Driver,,77,64,2023,9
2023-07-02 14:19:27,Flag,WAVED BLUE FLAG FOR CAR 20 (MAG) TIMED AT 16:19:27,,BLUE,Driver,,20,64,2023,9
2023-07-02 14:20:07,Other,CAR 2 (SAR) TIME 1:10.084 DELETED - TRACK LIMITS AT TURN 9 LAP 57 16:13:15,,,,,,65,2023,9
2023-07-02 14:20:20,Other,INCIDENT INVOLVING CAR 2 (SAR) NOTED - TRACK LIMITS,,,,,,65,2023,9
2023-07-02 14:20:22,Flag,WAVED BLUE FLAG FOR CAR 31 (OCO) TIMED AT 16:20:21,,BLUE,Driver,,31,65,2023,9
2023-07-02 14:20:33,Flag,WAVED BLUE FLAG FOR CAR 81 (PIA) TIMED AT 16:20:33,,BLUE,Driver,,81,65,2023,9
2023-07-02 14:20:40,Flag,WAVED BLUE FLAG FOR CAR 21 (DEV) TIMED AT 16:20:39,,BLUE,Driver,,21,65,2023,9
2023-07-02 14:20:42,Flag,WAVED BLUE FLAG FOR CAR 10 (GAS) TIMED AT 16:20:42,,BLUE,Driver,,10,65,2023,9
2023-07-02 14:20:46,Other,FIA STEWARDS: INCIDENT INVOLVING CAR 2 (SAR) UNDER INVESTIGATION - TRACK LIMITS,,,,,,65,2023,9
2023-07-02 14:20:53,Other,FIA STEWARDS: 5 SECOND TIME PENALTY FOR CAR 2 (SAR) - TRACK LIMITS,,,,,,65,2023,9
2023-07-02 14:21:08,Flag,WAVED BLUE FLAG FOR CAR 22 (TSU) TIMED AT 16:21:07,,BLUE,Driver,,22,65,2023,9
2023-07-02 14:21:29,Other,CAR 20 (MAG) TIME 1:14.147 DELETED - TRACK LIMITS AT TURN 9 LAP 57 16:13:33,,,,,,66,2023,9
2023-07-02 14:21:38,Other,INCIDENT INVOLVING CAR 20 (MAG) NOTED - TRACK LIMITS,,,,,,66,2023,9
2023-07-02 14:21:49,Flag,WAVED BLUE FLAG FOR CAR 77 (BOT) TIMED AT 16:21:48,,BLUE,Driver,,77,66,2023,9
2023-07-02 14:21:50,Flag,WAVED BLUE FLAG FOR CAR 21 (DEV) TIMED AT 16:21:50,,BLUE,Driver,,21,66,2023,9
2023-07-02 14:22:21,Flag,WAVED BLUE FLAG FOR CAR 20 (MAG) TIMED AT 16:22:20,,BLUE,Driver,,20,67,2023,9
2023-07-02 14:22:28,Other,FIA STEWARDS: INCIDENT INVOLVING CAR 20 (MAG) UNDER INVESTIGATION - TRACK LIMITS,,,,,,67,2023,9
2023-07-02 14:22:34,Other,FIA STEWARDS: 5 SECOND TIME PENALTY FOR CAR 20 (MAG) - TRACK LIMITS,,,,,,67,2023,9
2023-07-02 14:23:18,Flag,WAVED BLUE FLAG FOR CAR 24 (ZHO) TIMED AT 16:23:17,,BLUE,Driver,,24,67,2023,9
2023-07-02 14:23:24,Flag,WAVED BLUE FLAG FOR CAR 21 (DEV) TIMED AT 16:23:23,,BLUE,Driver,,21,67,2023,9
2023-07-02 14:24:00,Other,CAR 22 (TSU) TIME 1:10.698 DELETED - TRACK LIMITS AT TURN 10 LAP 62 16:19:34,,,,,,68,2023,9
2023-07-02 14:24:01,Other,CAR 22 (TSU) TIME 1:11.455 DELETED - TRACK LIMITS AT TURN 10 (NEXT LAP),,,,,,68,2023,9
2023-07-02 14:25:09,Other,CAR 4 (NOR) TIME 1:09.658 DELETED - TRACK LIMITS AT TURN 10 LAP 64 16:20:35,,,,,,69,2023,9
2023-07-02 14:25:11,Other,CAR 4 (NOR) TIME 1:09.870 DELETED - TRACK LIMITS AT TURN 10 (NEXT LAP),,,,,,69,2023,9
2023-07-02 14:25:32,Flag,WAVED BLUE FLAG FOR CAR 24 (ZHO) TIMED AT 16:25:32,,BLUE,Driver,,24,69,2023,9
2023-07-02 14:25:37,Other,CAR 1 (VER) TIME 1:08.878 DELETED - TRACK LIMITS AT TURN 10 LAP 65 16:21:04,,,,,,69,2023,9
2023-07-02 14:25:38,Other,CAR 1 (VER) TIME 1:08.601 DELETED - TRACK LIMITS AT TURN 10 (NEXT LAP),,,,,,69,2023,9
2023-07-02 14:25:51,Other,CAR 11 (PER) TIME 1:09.188 DELETED - TRACK LIMITS AT TURN 9 LAP 61 16:17:01,,,,,,70,2023,9
2023-07-02 14:25:59,Flag,BLACK AND WHITE FLAG FOR CAR 11 (PER) - TRACK LIMITS,,BLACK AND WHITE,Driver,,11,70,2023,9
2023-07-02 14:26:48,Flag,WAVED BLUE FLAG FOR CAR 20 (MAG) TIMED AT 16:26:47,,BLUE,Driver,,20,70,2023,9
2023-07-02 14:28:15,Flag,WAVED BLUE FLAG FOR CAR 23 (ALB) TIMED AT 16:28:15,,BLUE,Driver,,23,71,2023,9
2023-07-02 14:28:22,Flag,WAVED BLUE FLAG FOR CAR 2 (SAR) TIMED AT 16:28:21,,BLUE,Driver,,2,71,2023,9
2023-07-02 14:28:23,Flag,CHEQUERED FLAG,,CHEQUERED,Track,,,71,2023,9
2023-07-02 14:28:26,Flag,WAVED BLUE FLAG FOR CAR 21 (DEV) TIMED AT 16:28:26,,BLUE,Driver,,21,71,2023,9
2023-07-09 13:05:09,Other,PINK HEAD PADDING MATERIAL MUST BE USED,,,,,,1,2023,10
2023-07-09 13:10:01,Flag,GREEN LIGHT - PIT EXIT OPEN,,GREEN,Track,,,1,2023,10
2023-07-09 13:20:01,Other,PIT EXIT CLOSED,,,,,,1,2023,10
2023-07-09 13:45:04,Other,RISK OF RAIN FOR F1 RACE IS 40%,,,,,,1,2023,10
2023-07-09 13:57:05,Drs,DRS DISABLED,DISABLED,,,,,1,2023,10
2023-07-09 14:03:10,Flag,GREEN LIGHT - PIT EXIT OPEN,,GREEN,Track,,,1,2023,10
2023-07-09 14:06:21,Drs,DRS ENABLED,ENABLED,,,,,3,2023,10
2023-07-09 14:15:23,Other,CAR 27 (HUL) TIME 1:34.412 DELETED - TRACK LIMITS AT TURN 15 LAP 7 15:14:11,,,,,,8,2023,10
2023-07-09 14:19:53,Other,CAR 23 (ALB) TIME 1:34.045 DELETED - TRACK LIMITS AT TURN 15 LAP 10 15:18:45,,,,,,11,2023,10
2023-07-09 14:20:10,Other,CAR 18 (STR) TIME 1:34.007 DELETED - TRACK LIMITS AT TURN 15 LAP 10 15:18:46,,,,,,11,2023,10
2023-07-09 14:20:46,Other,CAR 21 (DEV) TIME 1:33.985 DELETED - TRACK LIMITS AT TURN 15 LAP 10 15:18:53,,,,,,12,2023,10
2023-07-09 14:21:40,Other,CAR 18 (STR) TIME 1:34.198 DELETED - TRACK LIMITS AT TURN 15 LAP 11 15:20:20,,,,,,12,2023,10
2023-07-09 14:24:04,Other,CAR 4 (NOR) TIME 1:32.986 DELETED - TRACK LIMITS AT TURN 15 LAP 13 15:23:10,,,,,,14,2023,10
2023-07-09 14:25:18,Other,CAR 4 (NOR) TIME 1:33.670 DELETED - TRACK LIMITS AT TURN 9 LAP 14 15:24:16,,,,,,15,2023,10
2023-07-09 14:26:15,Other,CAR 63 (RUS) TIME 1:33.729 DELETED - TRACK LIMITS AT TURN 9 LAP 14 15:24:22,,,,,,15,2023,10
2023-07-09 14:27:30,Other,CAR 20 (MAG) TIME 1:35.024 DELETED - TRACK LIMITS AT TURN 9 LAP 14 15:24:46,,,,,,16,2023,10
2023-07-09 14:29:45,Other,CAR 2 (SAR) TIME 1:33.771 DELETED - TRACK LIMITS AT TURN 9 LAP 16 15:27:48,,,,,,18,2023,10
2023-07-09 14:35:21,Other,CAR 20 (MAG) TIME 1:33.935 DELETED - TRACK LIMITS AT TURN 15 LAP 20 15:34:40,,,,,,21,2023,10
2023-07-09 14:52:47,Flag,YELLOW IN TRACK SECTOR 6,,YELLOW,Sector,6.0,,33,2023,10
2023-07-09 14:52:48,Other,DRS DISABLED IN ZONE 1,,,,,,33,2023,10
2023-07-09 14:52:49,Flag,DOUBLE YELLOW IN TRACK SECTOR 6,,DOUBLE YELLOW,Sector,6.0,,33,2023,10
2023-07-09 14:52:54,SafetyCar,VIRTUAL SAFETY CAR DEPLOYED,DEPLOYED,,,,,33,2023,10
2023-07-09 14:53:20,Flag,YELLOW IN TRACK SECTOR 5,,YELLOW,Sector,5.0,,33,2023,10
2023-07-09 14:54:18,SafetyCar,SAFETY CAR DEPLOYED,DEPLOYED,,,,,33,2023,10
2023-07-09 14:58:13,Other,RECOVERY VEHICLE ON TRACK BETWEEN TURN 5 AND TURN 6,,,,,,35,2023,10
2023-07-09 15:04:08,Flag,CLEAR IN TRACK SECTOR 5,,CLEAR,Sector,5.0,,37,2023,10
2023-07-09 15:04:10,Flag,CLEAR IN TRACK SECTOR 6,,CLEAR,Sector,6.0,,37,2023,10
2023-07-09 15:05:22,SafetyCar,SAFETY CAR IN THIS LAP,IN THIS LAP,,,,,38,2023,10
2023-07-09 15:06:52,Flag,TRACK CLEAR,,CLEAR,Track,,,38,2023,10
2023-07-09 15:08:00,Other,CAR 11 (PER) TIME 2:16.625 DELETED - TRACK LIMITS AT TURN 15 LAP 38 16:07:05,,,,,,39,2023,10
2023-07-09 15:09:38,Other,TURN 15 INCIDENT INVOLVING CAR 18 (STR) NOTED - LEAVING THE TRACK AND GAINING AN ADVANTAGE,,,,,,40,2023,10
2023-07-09 15:10:15,Drs,DRS ENABLED,ENABLED,,,,,41,2023,10
2023-07-09 15:10:47,Other,CAR 18 (STR) TIME 1:32.306 DELETED - TRACK LIMITS AT TURN 15 LAP 39 16:08:39,,,,,,41,2023,10
2023-07-09 15:13:46,Other,FIA STEWARDS: TURN 15 INCIDENT INVOLVING CAR 18 (STR) REVIEWED NO FURTHER INVESTIGATION - LEAVING THE TRACK AND GAINING AN ADVANTAGE,,,,,,43,2023,10
2023-07-09 15:14:00,Flag,BLACK AND WHITE FLAG FOR CAR 18 (STR) - TRACK LIMITS,,BLACK AND WHITE,Driver,,18,43,2023,10
2023-07-09 15:19:12,Other,TURN 16 INCIDENT INVOLVING CARS 10 (GAS) AND 18 (STR) NOTED - CAUSING A COLLISION,,,,,,46,2023,10
2023-07-09 15:19:35,Other,FIA STEWARDS: TURN 16 INCIDENT INVOLVING CARS 10 (GAS) AND 18 (STR) UNDER INVESTIGATION - CAUSING A COLLISION,,,,,,47,2023,10
2023-07-09 15:20:32,Other,CAR 63 (RUS) TIME 1:31.718 DELETED - TRACK LIMITS AT TURN 15 LAP 45 16:17:44,,,,,,47,2023,10
2023-07-09 15:21:14,Other,CAR 63 (RUS) TIME 1:31.984 DELETED - TRACK LIMITS AT TURN 15 LAP 46 16:19:16,,,,,,48,2023,10
2023-07-09 15:21:19,Flag,BLACK AND WHITE FLAG FOR CAR 63 (RUS) - TRACK LIMITS,,BLACK AND WHITE,Driver,,63,48,2023,10
2023-07-09 15:22:00,Other,CAR 4 (NOR) TIME 1:31.593 DELETED - TRACK LIMITS AT TURN 15 LAP 47 16:20:41,,,,,,48,2023,10
2023-07-09 15:22:10,Flag,BLACK AND WHITE FLAG FOR CAR 4 (NOR) - TRACK LIMITS,,BLACK AND WHITE,Driver,,4,48,2023,10
2023-07-09 15:24:06,Other,FIA STEWARDS: 5 SECOND TIME PENALTY FOR CAR 18 (STR) - CAUSING A COLLISION,,,,,,50,2023,10
2023-07-09 15:28:27,Flag,CHEQUERED FLAG,,CHEQUERED,Track,,,52,2023,10
2023-07-23 12:10:00,Flag,GREEN LIGHT - PIT EXIT OPEN,,GREEN,Track,,,1,2023,11
2023-07-23 12:20:00,Other,PIT EXIT CLOSED,,,,,,1,2023,11
2023-07-23 12:45:10,Other,RISK OF RAIN FOR F1 RACE IS 0%,,,,,,1,2023,11
2023-07-23 12:57:38,Drs,DRS DISABLED,DISABLED,,,,,1,2023,11
2023-07-23 13:03:06,Flag,GREEN LIGHT - PIT EXIT OPEN,,GREEN,Track,,,1,2023,11
2023-07-23 13:03:22,Flag,YELLOW IN TRACK SECTOR 3,,YELLOW,Sector,3.0,,1,2023,11
2023-07-23 13:03:31,Flag,CLEAR IN TRACK SECTOR 3,,CLEAR,Sector,3.0,,1,2023,11
2023-07-23 13:04:15,Other,LAP 1 TURN 1 INCIDENT NOTED,,,,,,1,2023,11
2023-07-23 13:06:37,Drs,DRS ENABLED,ENABLED,,,,,3,2023,11
2023-07-23 13:12:34,Other,FIA STEWARDS: LAP 1 TURN 1 INCIDENT UNDER INVESTIGATION,,,,,,7,2023,11
2023-07-23 13:13:32,Other,FIA STEWARDS: 5 SECOND TIME PENALTY FOR CAR 24 (ZHO) - CAUSING A COLLISION,,,,,,8,2023,11
2023-07-23 13:13:45,Other,CAR 3 (RIC) TIME 1:26.073 DELETED - TRACK LIMITS AT TURN 4 LAP 7 15:12:31,,,,,,8,2023,11
2023-07-23 13:15:33,Other,CAR 23 (ALB) TIME 1:28.053 DELETED - TRACK LIMITS AT TURN 4 LAP 8 15:13:54,,,,,,9,2023,11
2023-07-23 13:18:53,Other,CAR 44 (HAM) TIME 1:25.153 DELETED - TRACK LIMITS AT TURN 4 LAP 11 15:17:57,,,,,,12,2023,11
2023-07-23 13:20:43,Other,CAR 27 (HUL) TIME 1:26.188 DELETED - TRACK LIMITS AT TURN 4 LAP 12 15:19:34,,,,,,13,2023,11
2023-07-23 13:25:02,Other,CAR 55 (SAI) TIME 1:28.509 DELETED - TRACK LIMITS AT TURN 4 LAP 15 15:23:44,,,,,,16,2023,11
2023-07-23 13:33:19,Other,CAR 81 (PIA) TIME 1:23.972 DELETED - TRACK LIMITS AT TURN 4 LAP 21 15:32:21,,,,,,22,2023,11
2023-07-23 13:35:11,Other,CAR 20 (MAG) TIME 1:26.014 DELETED - TRACK LIMITS AT TURN 4 LAP 22 15:34:16,,,,,,23,2023,11
2023-07-23 13:35:22,Other,CAR 2 (SAR) TIME 1:25.999 DELETED - TRACK LIMITS AT TURN 4 LAP 22 15:34:17,,,,,,23,2023,11
2023-07-23 13:40:56,Other,CAR 18 (STR) TIME 1:25.128 DELETED - TRACK LIMITS AT TURN 4 LAP 26 15:39:44,,,,,,27,2023,11
2023-07-23 13:41:57,Other,CAR 11 (PER) TIME 1:25.650 DELETED - TRACK LIMITS AT TURN 4 LAP 27 15:41:01,,,,,,28,2023,11
2023-07-23 13:47:39,Other,CAR 4 (NOR) TIME 1:24.289 DELETED - TRACK LIMITS AT TURN 4 LAP 31 15:46:18,,,,,,32,2023,11
2023-07-23 13:49:02,Other,CAR 16 (LEC) TIME 1:24.565 DELETED - TRACK LIMITS AT TURN 4 LAP 32 15:48:08,,,,,,33,2023,11
2023-07-23 13:50:25,Other,CAR 81 (PIA) TIME 1:24.768 DELETED - TRACK LIMITS AT TURN 4 LAP 33 15:49:13,,,,,,34,2023,11
2023-07-23 13:52:36,Flag,WAVED BLUE FLAG FOR CAR 3 (RIC) TIMED AT 15:52:35,,BLUE,Driver,,3,35,2023,11
2023-07-23 13:52:50,Flag,WAVED BLUE FLAG FOR CAR 3 (RIC) TIMED AT 15:52:49,,BLUE,Driver,,3,36,2023,11
2023-07-23 13:57:27,Flag,WAVED BLUE FLAG FOR CAR 20 (MAG) TIMED AT 15:57:26,,BLUE,Driver,,20,39,2023,11
2023-07-23 13:58:39,Flag,WAVED BLUE FLAG FOR CAR 24 (ZHO) TIMED AT 15:58:39,,BLUE,Driver,,24,40,2023,11
2023-07-23 13:59:10,Flag,WAVED BLUE FLAG FOR CAR 23 (ALB) TIMED AT 15:59:09,,BLUE,Driver,,23,40,2023,11
2023-07-23 14:05:04,Flag,WAVED BLUE FLAG FOR CAR 22 (TSU) TIMED AT 16:05:03,,BLUE,Driver,,22,44,2023,11
2023-07-23 14:05:27,Other,CAR 63 (RUS) TIME 1:23.697 DELETED - TRACK LIMITS AT TURN 11 LAP 43 16:04:15,,,,,,45,2023,11
2023-07-23 14:07:17,Other,INCIDENT INVOLVING CAR 16 (LEC) NOTED - SPEEDING IN THE PIT LANE,,,,,,46,2023,11
2023-07-23 14:07:46,Other,FIA STEWARDS: INCIDENT INVOLVING CAR 16 (LEC) UNDER INVESTIGATION - SPEEDING IN THE PIT LANE,,,,,,46,2023,11
2023-07-23 14:08:53,Other,CAR 81 (PIA) TIME 1:23.212 DELETED - TRACK LIMITS AT TURN 4 LAP 46 16:07:50,,,,,,47,2023,11
2023-07-23 14:09:05,Other,CAR 63 (RUS) LAP DELETED - TRACK LIMITS AT TURN 4 LAP 46 16:07:59 (PIT),,,,,,47,2023,11
2023-07-23 14:09:23,Flag,BLACK AND WHITE FLAG FOR CAR 81 (PIA) - TRACK LIMITS,,BLACK AND WHITE,Driver,,81,48,2023,11
2023-07-23 14:09:49,Flag,WAVED BLUE FLAG FOR CAR 20 (MAG) TIMED AT 16:09:48,,BLUE,Driver,,20,48,2023,11
2023-07-23 14:09:56,Other,FIA STEWARDS: 5 SECOND TIME PENALTY FOR CAR 16 (LEC) - SPEEDING IN THE PIT LANE,,,,,,48,2023,11
2023-07-23 14:10:20,Other,TURN 2 INCIDENT INVOLVING CARS 81 (PIA) AND 11 (PER) NOTED - FORCING ANOTHER DRIVER OFF THE TRACK,,,,,,48,2023,11
2023-07-23 14:12:05,Other,FIA STEWARDS: TURN 2 INCIDENT INVOLVING CARS 81 (PIA) AND 11 (PER) REVIEWED NO FURTHER INVESTIGATION - FORCING ANOTHER DRIVER OFF THE TRACK,,,,,,49,2023,11
2023-07-23 14:15:20,Flag,WAVED BLUE FLAG FOR CAR 2 (SAR) TIMED AT 16:15:20,,BLUE,Driver,,2,52,2023,11
2023-07-23 14:15:28,Flag,WAVED BLUE FLAG FOR CAR 20 (MAG) TIMED AT 16:15:27,,BLUE,Driver,,20,52,2023,11
2023-07-23 14:17:52,Flag,WAVED BLUE FLAG FOR CAR 27 (HUL) TIMED AT 16:17:51,,BLUE,Driver,,27,53,2023,11
2023-07-23 14:18:46,Flag,WAVED BLUE FLAG FOR CAR 24 (ZHO) TIMED AT 16:18:46,,BLUE,Driver,,24,54,2023,11
2023-07-23 14:21:51,Flag,WAVED BLUE FLAG FOR CAR 24 (ZHO) TIMED AT 16:21:51,,BLUE,Driver,,24,56,2023,11
2023-07-23 14:22:05,Flag,WAVED BLUE FLAG FOR CAR 3 (RIC) TIMED AT 16:22:04,,BLUE,Driver,,3,56,2023,11
2023-07-23 14:22:15,Flag,WAVED BLUE FLAG FOR CAR 3 (RIC) TIMED AT 16:22:15,,BLUE,Driver,,3,57,2023,11
2023-07-23 14:24:16,Flag,WAVED BLUE FLAG FOR CAR 77 (BOT) TIMED AT 16:24:16,,BLUE,Driver,,77,58,2023,11
2023-07-23 14:24:27,Flag,WAVED BLUE FLAG FOR CAR 20 (MAG) TIMED AT 16:24:26,,BLUE,Driver,,20,58,2023,11
2023-07-23 14:24:47,Flag,WAVED BLUE FLAG FOR CAR 22 (TSU) TIMED AT 16:24:47,,BLUE,Driver,,22,58,2023,11
2023-07-23 14:25:02,Flag,WAVED BLUE FLAG FOR CAR 20 (MAG) TIMED AT 16:25:02,,BLUE,Driver,,20,59,2023,11
2023-07-23 14:25:05,Flag,WAVED BLUE FLAG FOR CAR 22 (TSU) TIMED AT 16:25:04,,BLUE,Driver,,22,59,2023,11
2023-07-23 14:25:07,Flag,WAVED BLUE FLAG FOR CAR 23 (ALB) TIMED AT 16:25:06,,BLUE,Driver,,23,59,2023,11
2023-07-23 14:25:42,Flag,WAVED BLUE FLAG FOR CAR 22 (TSU) TIMED AT 16:25:41,,BLUE,Driver,,22,59,2023,11
2023-07-23 14:28:45,Flag,WAVED BLUE FLAG FOR CAR 22 (TSU) TIMED AT 16:28:45,,BLUE,Driver,,22,61,2023,11
2023-07-23 14:28:56,Flag,WAVED BLUE FLAG FOR CAR 24 (ZHO) TIMED AT 16:28:55,,BLUE,Driver,,24,61,2023,11
2023-07-23 14:29:03,Flag,WAVED BLUE FLAG FOR CAR 2 (SAR) TIMED AT 16:29:03,,BLUE,Driver,,2,62,2023,11
2023-07-23 14:29:12,Flag,WAVED BLUE FLAG FOR CAR 20 (MAG) TIMED AT 16:29:11,,BLUE,Driver,,20,62,2023,11
2023-07-23 14:29:27,CarEvent,CAR 20 (MAG) MISSED THE APEX OF TURN 7,,,,,20,62,2023,11
2023-07-23 14:30:41,Other,CAR 20 (MAG) TIME 1:27.626 DELETED - TRACK LIMITS AT TURN 7 LAP 60 16:29:04,,,,,,63,2023,11
2023-07-23 14:31:15,Other,CAR 4 (NOR) TIME 1:23.878 DELETED - TRACK LIMITS AT TURN 5 LAP 62 16:29:58,,,,,,63,2023,11
2023-07-23 14:31:20,Flag,WAVED BLUE FLAG FOR CAR 2 (SAR) TIMED AT 16:31:19,,BLUE,Driver,,2,63,2023,11
2023-07-23 14:31:21,Flag,WAVED BLUE FLAG FOR CAR 27 (HUL) TIMED AT 16:31:20,,BLUE,Driver,,27,63,2023,11
2023-07-23 14:33:26,Flag,WAVED BLUE FLAG FOR CAR 27 (HUL) TIMED AT 16:33:26,,BLUE,Driver,,27,65,2023,11
2023-07-23 14:34:21,Flag,WAVED BLUE FLAG FOR CAR 20 (MAG) TIMED AT 16:34:21,,BLUE,Driver,,20,65,2023,11
2023-07-23 14:34:22,Flag,WAVED BLUE FLAG FOR CAR 18 (STR) TIMED AT 16:34:22,,BLUE,Driver,,18,65,2023,11
2023-07-23 14:34:25,Flag,WAVED BLUE FLAG FOR CAR 22 (TSU) TIMED AT 16:34:24,,BLUE,Driver,,22,65,2023,11
2023-07-23 14:34:54,Flag,WAVED BLUE FLAG FOR CAR 2 (SAR) TIMED AT 16:34:54,,BLUE,Driver,,2,66,2023,11
2023-07-23 14:35:39,Flag,WAVED BLUE FLAG FOR CAR 27 (HUL) TIMED AT 16:35:38,,BLUE,Driver,,27,66,2023,11
2023-07-23 14:36:52,Flag,WAVED BLUE FLAG FOR CAR 20 (MAG) TIMED AT 16:36:52,,BLUE,Driver,,20,67,2023,11
2023-07-23 14:38:39,Flag,DOUBLE YELLOW IN TRACK SECTOR 10,,DOUBLE YELLOW,Sector,10.0,,69,2023,11
2023-07-23 14:38:47,Flag,CLEAR IN TRACK SECTOR 10,,CLEAR,Sector,10.0,,69,2023,11
2023-07-23 14:39:02,Flag,WAVED BLUE FLAG FOR CAR 2 (SAR) TIMED AT 16:39:01,,BLUE,Driver,,2,69,2023,11
2023-07-23 14:39:18,Flag,WAVED BLUE FLAG FOR CAR 2 (SAR) TIMED AT 16:39:17,,BLUE,Driver,,2,69,2023,11
2023-07-23 14:39:25,CarEvent,CAR 2 (SAR) SPUN AND CONTINUED AT TURN 6,,,,,2,69,2023,11
2023-07-23 14:40:22,Flag,WAVED BLUE FLAG FOR CAR 3 (RIC) TIMED AT 16:40:21,,BLUE,Driver,,3,70,2023,11
2023-07-23 14:41:14,Flag,CHEQUERED FLAG,,CHEQUERED,Track,,,70,2023,11
2023-07-23 14:34:54,Flag,WAVED BLUE FLAG FOR CAR 2 (SAR) TIMED AT 16:34:54,,BLUE,Driver,,2,70,2023,11
2023-07-23 14:35:39,Flag,WAVED BLUE FLAG FOR CAR 27 (HUL) TIMED AT 16:35:38,,BLUE,Driver,,27,70,2023,11
2023-07-23 14:36:52,Flag,WAVED BLUE FLAG FOR CAR 20 (MAG) TIMED AT 16:36:52,,BLUE,Driver,,20,70,2023,11
2023-07-23 14:38:39,Flag,DOUBLE YELLOW IN TRACK SECTOR 10,,DOUBLE YELLOW,Sector,10.0,,70,2023,11
2023-07-23 14:38:47,Flag,CLEAR IN TRACK SECTOR 10,,CLEAR,Sector,10.0,,70,2023,11
2023-07-23 14:39:02,Flag,WAVED BLUE FLAG FOR CAR 2 (SAR) TIMED AT 16:39:01,,BLUE,Driver,,2,70,2023,11
2023-07-23 14:39:18,Flag,WAVED BLUE FLAG FOR CAR 2 (SAR) TIMED AT 16:39:17,,BLUE,Driver,,2,70,2023,11
2023-07-23 14:39:25,CarEvent,CAR 2 (SAR) SPUN AND CONTINUED AT TURN 6,,,,,2,70,2023,11
2023-07-23 14:40:22,Flag,WAVED BLUE FLAG FOR CAR 3 (RIC) TIMED AT 16:40:21,,BLUE,Driver,,3,70,2023,11
2023-07-23 14:41:14,Flag,CHEQUERED FLAG,,CHEQUERED,Track,,,70,2023,11
2023-07-30 12:06:58,Flag,CLEAR IN TRACK SECTOR 5,,CLEAR,Sector,5.0,,1,2023,12
2023-07-30 12:06:58,Other,DRS ENABLED IN ZONE 1,,,,,,1,2023,12
2023-07-30 12:10:01,Flag,GREEN LIGHT - PIT EXIT OPEN,,GREEN,Track,,,1,2023,12
2023-07-30 12:20:01,Other,PIT EXIT CLOSED,,,,,,1,2023,12
2023-07-30 12:29:37,Flag,DOUBLE YELLOW IN TRACK SECTOR 16,,DOUBLE YELLOW,Sector,16.0,,1,2023,12
2023-07-30 12:29:55,Flag,DOUBLE YELLOW IN TRACK SECTOR 15,,DOUBLE YELLOW,Sector,15.0,,1,2023,12
2023-07-30 12:30:49,Flag,CLEAR IN TRACK SECTOR 15,,CLEAR,Sector,15.0,,1,2023,12
2023-07-30 12:30:51,Flag,CLEAR IN TRACK SECTOR 16,,CLEAR,Sector,16.0,,1,2023,12
2023-07-30 12:45:11,Other,RISK OF RAIN FOR F1 RACE IS 40%,,,,,,1,2023,12
2023-07-30 12:52:15,Flag,YELLOW IN TRACK SECTOR 20,,YELLOW,Sector,20.0,,1,2023,12
2023-07-30 12:52:37,Flag,CLEAR IN TRACK SECTOR 20,,CLEAR,Sector,20.0,,1,2023,12
2023-07-30 12:57:06,Drs,DRS DISABLED,DISABLED,,,,,1,2023,12
2023-07-30 13:03:46,Flag,GREEN LIGHT - PIT EXIT OPEN,,GREEN,Track,,,1,2023,12
2023-07-30 13:06:31,Flag,YELLOW IN TRACK SECTOR 14,,YELLOW,Sector,14.0,,2,2023,12
2023-07-30 13:06:39,Flag,DOUBLE YELLOW IN TRACK SECTOR 14,,DOUBLE YELLOW,Sector,14.0,,2,2023,12
2023-07-30 13:06:41,Flag,YELLOW IN TRACK SECTOR 13,,YELLOW,Sector,13.0,,2,2023,12
2023-07-30 13:07:24,Drs,DRS ENABLED,ENABLED,,,,,2,2023,12
2023-07-30 13:08:06,Flag,CLEAR IN TRACK SECTOR 13,,CLEAR,Sector,13.0,,3,2023,12
2023-07-30 13:08:06,Flag,CLEAR IN TRACK SECTOR 14,,CLEAR,Sector,14.0,,3,2023,12
2023-07-30 13:08:20,Flag,DOUBLE YELLOW IN TRACK SECTOR 2,,DOUBLE YELLOW,Sector,2.0,,3,2023,12
2023-07-30 13:08:21,Other,DRS DISABLED IN ZONE 2,,,,,,3,2023,12
2023-07-30 13:08:26,Flag,CLEAR IN TRACK SECTOR 2,,CLEAR,Sector,2.0,,3,2023,12
2023-07-30 13:08:26,Other,DRS ENABLED IN ZONE 2,,,,,,3,2023,12
2023-07-30 13:08:54,Other,LAP 1 TURN 1 NOTED,,,,,,3,2023,12
2023-07-30 13:09:29,Other,FIA STEWARDS: LAP 1 TURN 1 REVIEWED NO FURTHER INVESTIGATION,,,,,,4,2023,12
2023-07-30 13:13:35,Other,CAR 20 (MAG) LAP DELETED - TRACK LIMITS AT TURN 11 LAP 5 15:12:39 (PIT),,,,,,6,2023,12
2023-07-30 13:22:28,Other,CAR 2 (SAR) TIME 2:07.068 DELETED - TRACK LIMITS AT TURN 9 LAP 9 15:20:28,,,,,,10,2023,12
2023-07-30 13:23:16,Other,CAR 27 (HUL) TIME 1:54.655 DELETED - TRACK LIMITS AT TURN 11 LAP 10 15:22:16,,,,,,11,2023,12
2023-07-30 13:24:58,Other,CAR 55 (SAI) TIME 1:53.893 DELETED - TRACK LIMITS AT TURN 4 LAP 10 15:21:46,,,,,,12,2023,12
2023-07-30 13:28:26,Other,BETWEEN TURN 4 AND 5 INCIDENT INVOLVING CAR 44 (HAM) NOTED - WEAVING ON STRAIGHT,,,,,,14,2023,12
2023-07-30 13:30:17,Other,FIA STEWARDS: BETWEEN TURN 4 AND 5 INCIDENT INVOLVING CAR 44 (HAM) REVIEWED NO FURTHER INVESTIGATION - WEAVING ON STRAIGHT,,,,,,15,2023,12
2023-07-30 13:31:03,Other,CAR 22 (TSU) TIME 1:52.504 DELETED - TRACK LIMITS AT TURN 9 LAP 13 15:27:51,,,,,,15,2023,12
2023-07-30 13:33:47,Other,CAR 22 (TSU) TIME 1:52.963 DELETED - TRACK LIMITS AT TURN 9 LAP 14 15:29:44,,,,,,16,2023,12
2023-07-30 13:40:37,Other,TRACK SURFACE SLIPPERY IN TRACK SECTOR 12,,,,,,20,2023,12
2023-07-30 13:40:39,Flag,CLEAR IN TRACK SECTOR 12,,CLEAR,Sector,12.0,,20,2023,12
2023-07-30 13:43:33,Other,CAR 1 (VER) TIME 1:54.915 DELETED - TRACK LIMITS AT TURN 4 LAP 21 15:41:55,,,,,,22,2023,12
2023-07-30 13:43:39,Other,TRACK SURFACE SLIPPERY IN TRACK SECTOR 20,,,,,,22,2023,12
2023-07-30 13:43:39,Flag,CLEAR IN TRACK SECTOR 20,,CLEAR,Sector,20.0,,22,2023,12
2023-07-30 13:44:44,Other,CAR 55 (SAI) TIME 2:00.162 DELETED - TRACK LIMITS AT TURN 11 LAP 21 15:43:44,,,,,,22,2023,12
2023-07-30 13:45:36,Other,CAR 11 (PER) TIME 1:56.286 DELETED - TRACK LIMITS AT TURN 11 LAP 22 15:44:37,,,,,,23,2023,12
2023-07-30 13:58:00,Other,CAR 23 (ALB) TIME 1:52.076 DELETED - TRACK LIMITS AT TURN 9 LAP 28 15:56:43,,,,,,29,2023,12
2023-07-30 14:07:20,Other,CAR 2 (SAR) TIME 1:53.556 DELETED - TRACK LIMITS AT TURN 4 LAP 33 16:05:43,,,,,,34,2023,12
2023-07-30 14:12:34,Other,CAR 4 (NOR) TIME 1:52.433 DELETED - TRACK LIMITS AT TURN 4 LAP 36 16:10:59,,,,,,37,2023,12
2023-07-30 14:13:11,Other,CAR 2 (SAR) TIME 1:50.236 DELETED - TRACK LIMITS AT TURN 4 LAP 36 16:11:39,,,,,,37,2023,12
2023-07-30 14:13:17,Flag,BLACK AND WHITE FLAG FOR CAR 2 (SAR) - TRACK LIMITS,,BLACK AND WHITE,Driver,,2,37,2023,12
2023-07-30 14:13:52,Other,CAR 44 (HAM) TIME 1:51.428 DELETED - TRACK LIMITS AT TURN 9 LAP 37 16:12:51,,,,,,38,2023,12
2023-07-30 14:16:07,Other,CAR 3 (RIC) TIME 1:53.131 DELETED - TRACK LIMITS AT TURN 15 LAP 37 16:14:15,,,,,,39,2023,12
2023-07-30 14:26:16,Flag,CHEQUERED FLAG,,CHEQUERED,Track,,,44,2023,12
2023-07-30 14:26:25,Flag,YELLOW IN TRACK SECTOR 2,,YELLOW,Sector,2.0,,44,2023,12
2023-07-30 14:26:26,Other,DRS DISABLED IN ZONE 2,,,,,,44,2023,12
2023-07-30 14:28:26,Flag,DOUBLE YELLOW IN TRACK SECTOR 16,,DOUBLE YELLOW,Sector,16.0,,44,2023,12
2023-07-30 14:29:32,Flag,CLEAR IN TRACK SECTOR 16,,CLEAR,Sector,16.0,,44,2023,12
2023-07-30 14:32:31,Other,DRS ENABLED IN ZONE 2,,,,,,44,2023,12
2023-07-30 14:32:31,Flag,CLEAR IN TRACK SECTOR 2,,CLEAR,Sector,2.0,,44,2023,12
2023-08-27 12:05:53,Other,PINK HEAD PADDING MATERIAL MUST BE USED,,,,,,1,2023,13
2023-08-27 12:10:01,Flag,GREEN LIGHT - PIT EXIT OPEN,,GREEN,Track,,,1,2023,13
2023-08-27 12:20:01,Other,PIT EXIT CLOSED,,,,,,1,2023,13
2023-08-27 12:21:01,Flag,YELLOW IN TRACK SECTOR 11,,YELLOW,Sector,11.0,,1,2023,13
2023-08-27 12:21:04,Flag,CLEAR IN TRACK SECTOR 11,,CLEAR,Sector,11.0,,1,2023,13
2023-08-27 12:21:21,Flag,YELLOW IN TRACK SECTOR 11,,YELLOW,Sector,11.0,,1,2023,13
2023-08-27 12:21:33,Flag,CLEAR IN TRACK SECTOR 11,,CLEAR,Sector,11.0,,1,2023,13
2023-08-27 12:45:06,Other,RISK OF RAIN FOR F1 RACE IS 70%,,,,,,1,2023,13
2023-08-27 12:57:05,Drs,DRS DISABLED,DISABLED,,,,,1,2023,13
2023-08-27 13:03:05,Flag,GREEN LIGHT - PIT EXIT OPEN,,GREEN,Track,,,1,2023,13
2023-08-27 13:04:34,Other,LOW GRIP CONDITIONS,,,,,,1,2023,13
2023-08-27 13:07:16,Other,PIT LANE INCIDENT INVOLVING CARS 20 (MAG) AND 40 (LAW) NOTED - IMPEDING,,,,,,3,2023,13
2023-08-27 13:08:20,CarEvent,CAR 16 (LEC) OFF TRACK AND CONTINUED AT TURN 11,,,,,16,4,2023,13
2023-08-27 13:09:36,Other,FIA STEWARDS: PIT LANE INCIDENT INVOLVING CARS 20 (MAG) AND 40 (LAW) UNDER INVESTIGATION - IMPEDING,,,,,,5,2023,13
2023-08-27 13:10:44,CarEvent,CAR 23 (ALB) OFF TRACK AND CONTINUED AT TURN 11,,,,,23,5,2023,13
2023-08-27 13:11:36,Other,FIA STEWARDS: 10 SECOND TIME PENALTY FOR CAR 40 (LAW) - IMPEDING,,,,,,6,2023,13
2023-08-27 13:12:05,CarEvent,CAR 10 (GAS) OFF TRACK AND CONTINUED AT TURN 3,,,,,10,6,2023,13
2023-08-27 13:12:48,Other,CAR 10 (GAS) TIME 1:24.920 DELETED - TRACK LIMITS AT TURN 3 LAP 6 15:11:22,,,,,,7,2023,13
2023-08-27 13:13:17,Flag,WAVED BLUE FLAG FOR CAR 2 (SAR) TIMED AT 15:13:17,,BLUE,Driver,,2,7,2023,13
2023-08-27 13:14:34,Flag,WAVED BLUE FLAG FOR CAR 2 (SAR) TIMED AT 15:14:34,,BLUE,Driver,,2,8,2023,13
2023-08-27 13:15:03,Flag,WAVED BLUE FLAG FOR CAR 2 (SAR) TIMED AT 15:15:03,,BLUE,Driver,,2,8,2023,13
2023-08-27 13:15:18,Flag,WAVED BLUE FLAG FOR CAR 2 (SAR) TIMED AT 15:15:18,,BLUE,Driver,,2,9,2023,13
2023-08-27 13:16:50,Flag,WAVED BLUE FLAG FOR CAR 2 (SAR) TIMED AT 15:16:49,,BLUE,Driver,,2,10,2023,13
2023-08-27 13:17:54,Drs,DRS ENABLED,ENABLED,,,,,10,2023,13
2023-08-27 13:23:14,Other,INCIDENT INVOLVING CAR 10 (GAS) UNDER INVESTIGATION - SPEEDING IN THE PIT LANE,,,,,,14,2023,13
2023-08-27 13:25:25,Flag,YELLOW IN TRACK SECTOR 10,,YELLOW,Sector,10.0,,16,2023,13
2023-08-27 13:25:41,Flag,DOUBLE YELLOW IN TRACK SECTOR 10,,DOUBLE YELLOW,Sector,10.0,,16,2023,13
2023-08-27 13:25:43,Flag,YELLOW IN TRACK SECTOR 9,,YELLOW,Sector,9.0,,16,2023,13
2023-08-27 13:26:04,SafetyCar,SAFETY CAR DEPLOYED,DEPLOYED,,,,,16,2023,13
2023-08-27 13:27:07,Other,FIA STEWARDS: 5 SECOND TIME PENALTY FOR CAR 10 (GAS) - SPEEDING IN THE PIT LANE,,,,,,17,2023,13
2023-08-27 13:28:08,Other,RECOVERY VEHICLE ON TRACK AT TURN 8,,,,,,17,2023,13
2023-08-27 13:33:03,Flag,CLEAR IN TRACK SECTOR 10,,CLEAR,Sector,10.0,,20,2023,13
2023-08-27 13:33:06,Flag,CLEAR IN TRACK SECTOR 9,,CLEAR,Sector,9.0,,20,2023,13
2023-08-27 13:34:57,SafetyCar,SAFETY CAR IN THIS LAP,IN THIS LAP,,,,,21,2023,13
2023-08-27 13:36:19,Flag,TRACK CLEAR,,CLEAR,Track,,,21,2023,13
2023-08-27 13:39:14,Drs,DRS ENABLED,ENABLED,,,,,24,2023,13
2023-08-27 13:40:21,Other,TURN 1 INCIDENT INVOLVING CARS 20 (MAG) AND 23 (ALB) NOTED - MOVING UNDER BRAKING ,,,,,,24,2023,13
2023-08-27 13:41:15,Flag,BLACK AND WHITE FLAG FOR CAR 20 (MAG) - MOVING UNDER BRAKING ,,BLACK AND WHITE,Driver,,20,25,2023,13
2023-08-27 13:43:02,Other,TURN 1 INCIDENT INVOLVING CARS 22 (TSU) AND 31 (OCO) NOTED - FORCING ANOTHER DRIVER OFF THE TRACK,,,,,,27,2023,13
2023-08-27 13:45:41,Flag,BLACK AND WHITE FLAG FOR CAR 22 (TSU) - FORCING ANOTHER DRIVER OFF THE TRACK,,BLACK AND WHITE,Driver,,22,29,2023,13
2023-08-27 14:17:50,Other,TURN 1 INCIDENT INVOLVING CARS 22 (TSU) AND 63 (RUS) NOTED - CAUSING A COLLISION,,,,,,54,2023,13
2023-08-27 14:18:16,Other,FIA STEWARDS: TURN 1 INCIDENT INVOLVING CARS 22 (TSU) AND 63 (RUS) UNDER INVESTIGATION - CAUSING A COLLISION,,,,,,54,2023,13
2023-08-27 14:25:28,Flag,WAVED BLUE FLAG FOR CAR 40 (LAW) TIMED AT 16:25:27,,BLUE,Driver,,40,60,2023,13
2023-08-27 14:25:41,Flag,WAVED BLUE FLAG FOR CAR 40 (LAW) TIMED AT 16:25:40,,BLUE,Driver,,40,60,2023,13
2023-08-27 14:27:19,Flag,WAVED BLUE FLAG FOR CAR 40 (LAW) TIMED AT 16:27:19,,BLUE,Driver,,40,62,2023,13
2023-08-27 14:27:30,Flag,WAVED BLUE FLAG FOR CAR 77 (BOT) TIMED AT 16:27:29,,BLUE,Driver,,77,62,2023,13
2023-08-27 14:27:35,Drs,DRS DISABLED,DISABLED,,,,,62,2023,13
2023-08-27 14:28:01,Flag,WAVED BLUE FLAG FOR CAR 40 (LAW) TIMED AT 16:28:01,,BLUE,Driver,,40,62,2023,13
2023-08-27 14:29:14,Other,FIA STEWARDS: 5 SECOND TIME PENALTY FOR CAR 22 (TSU) - CAUSING A COLLISION,,,,,,63,2023,13
2023-08-27 14:29:23,Flag,YELLOW IN TRACK SECTOR 2,,YELLOW,Sector,2.0,,63,2023,13
2023-08-27 14:29:30,Flag,CLEAR IN TRACK SECTOR 2,,CLEAR,Sector,2.0,,63,2023,13
2023-08-27 14:30:11,Flag,YELLOW IN TRACK SECTOR 2,,YELLOW,Sector,2.0,,63,2023,13
2023-08-27 14:30:21,Flag,DOUBLE YELLOW IN TRACK SECTOR 2,,DOUBLE YELLOW,Sector,2.0,,63,2023,13
2023-08-27 14:30:29,SafetyCar,VIRTUAL SAFETY CAR DEPLOYED,DEPLOYED,,,,,64,2023,13
2023-08-27 14:31:16,Flag,RED FLAG,,RED,Track,,,64,2023,13
2023-08-27 14:31:16,Flag,CLEAR IN TRACK SECTOR 2,,CLEAR,Sector,2.0,,64,2023,13
2023-08-27 14:34:45,Other,AWNINGS MAY BE USED,,,,,,65,2023,13
2023-08-27 14:38:09,Other,"ORDER FOR RESTART: 1, 14, 11, 10, 55, 44, 4, 63, 23, 81, 31, 22, 18, 27, 77, 40, 20 ",,,,,,65,2023,13
2023-08-27 15:03:31,Other,RACE WILL RESUME AT 17:14,,,,,,65,2023,13
2023-08-27 15:05:32,Other,USE OF INTERMEDIATE TYRES IS MANDATORY,,,,,,65,2023,13
2023-08-27 15:07:08,Other,RACE WILL RESUME AT 17:14 - ROLLING START PROCEDURE,,,,,,65,2023,13
2023-08-27 15:09:49,Other,THE SAFETY CAR WILL STAY OUT FOR 2 LAPS ,,,,,,65,2023,13
2023-08-27 15:10:39,Flag,TRACK CLEAR,,CLEAR,Track,,,65,2023,13
2023-08-27 15:17:24,Other,SAFETY CAR WILL ENTER PITS: ROLLING START PROCEDURE,,,,,,66,2023,13
2023-08-27 15:19:36,Other,INCIDENT INVOLVING CAR 11 (PER) NOTED - SPEEDING IN THE PIT LANE,,,,,,67,2023,13
2023-08-27 15:19:45,Other,FIA STEWARDS: INCIDENT INVOLVING CAR 11 (PER) UNDER INVESTIGATION - SPEEDING IN THE PIT LANE,,,,,,67,2023,13
2023-08-27 15:20:00,Other,FIA STEWARDS: 5 SECOND TIME PENALTY FOR CAR 11 (PER) - SPEEDING IN THE PIT LANE,,,,,,67,2023,13
2023-08-27 15:20:59,Other,TRACK SURFACE SLIPPERY IN TRACK SECTOR 14,,,,,,68,2023,13
2023-08-27 15:21:40,Other,TURN 11 INCIDENT INVOLVING CARS 4 (NOR) AND 63 (RUS) NOTED - CAUSING A COLLISION,,,,,,68,2023,13
2023-08-27 15:23:38,Flag,CLEAR IN TRACK SECTOR 14,,CLEAR,Sector,14.0,,70,2023,13
2023-08-27 15:23:53,Other,FIA STEWARDS: TURN 11 INCIDENT INVOLVING CARS 4 (NOR) AND 63 (RUS) REVIEWED NO FURTHER INVESTIGATION - CAUSING A COLLISION,,,,,,70,2023,13
2023-08-27 15:27:08,Flag,CHEQUERED FLAG,,CHEQUERED,Track,,,72,2023,13
2023-08-27 15:38:47,Other,INCIDENT INVOLVING CAR 20 (MAG) NOTED - RESTART INFRINGEMENT ,,,,,,72,2023,13
2023-08-27 15:39:11,Other,FIA STEWARDS: INCIDENT INVOLVING CAR 20 (MAG) UNDER INVESTIGATION - RESTART INFRINGEMENT ,,,,,,72,2023,13
2023-09-03 12:02:18,Other,PINK HEAD PADDING MATERIAL MUST BE USED,,,,,,1,2023,14
2023-09-03 12:10:00,Flag,GREEN LIGHT - PIT EXIT OPEN,,GREEN,Track,,,1,2023,14
2023-09-03 12:20:00,Other,PIT EXIT CLOSED,,,,,,1,2023,14
2023-09-03 12:45:27,Other,RISK OF RAIN FOR F1 RACE IS 0%,,,,,,1,2023,14
2023-09-03 12:49:15,Other,PIT LANE ENTRY CLOSED,,,,,,1,2023,14
2023-09-03 12:49:19,Other,PIT LANE ENTRY OPEN,,,,,,1,2023,14
2023-09-03 12:57:04,Drs,DRS DISABLED,DISABLED,,,,,1,2023,14
2023-09-03 13:03:08,Other,ABORTED START,,,,,,1,2023,14
2023-09-03 13:03:39,Flag,DOUBLE YELLOW IN TRACK SECTOR 14,,DOUBLE YELLOW,Sector,14.0,,1,2023,14
2023-09-03 13:03:41,Flag,DOUBLE YELLOW IN TRACK SECTOR 13,,DOUBLE YELLOW,Sector,13.0,,1,2023,14
2023-09-03 13:12:59,Flag,CLEAR IN TRACK SECTOR 14,,CLEAR,Sector,14.0,,1,2023,14
2023-09-03 13:13:01,Flag,CLEAR IN TRACK SECTOR 13,,CLEAR,Sector,13.0,,1,2023,14
2023-09-03 13:13:20,Other,FORMATION LAP WILL START AT 15:20,,,,,,1,2023,14
2023-09-03 13:23:23,Flag,GREEN LIGHT - PIT EXIT OPEN,,GREEN,Track,,,1,2023,14
2023-09-03 13:26:28,Drs,DRS ENABLED,ENABLED,,,,,3,2023,14
2023-09-03 13:29:28,Other,CAR 14 (ALO) TIME 1:27.546 DELETED - TRACK LIMITS AT TURN 10 LAP 3 15:27:31,,,,,,5,2023,14
2023-09-03 13:31:29,Other,CAR 4 (NOR) TIME 1:27.142 DELETED - TRACK LIMITS AT TURN 7 LAP 5 15:30:09,,,,,,6,2023,14
2023-09-03 13:43:45,Other,CAR 63 (RUS) TIME 1:27.285 DELETED - TRACK LIMITS AT TURN 2 LAP 14 15:42:27,,,,,,15,2023,14
2023-09-03 13:43:49,Other,CAR 11 (PER) TIME 1:27.451 DELETED - TRACK LIMITS AT TURN 2 LAP 14 15:42:27,,,,,,15,2023,14
2023-09-03 13:53:44,Other,TURN 2 INCIDENT INVOLVING CARS 63 (RUS) AND 31 (OCO) NOTED - LEAVING THE TRACK AND GAINING AN ADVANTAGE,,,,,,21,2023,14
2023-09-03 13:55:41,Other,FIA STEWARDS: TURN 2 INCIDENT INVOLVING CARS 63 (RUS) AND 31 (OCO) UNDER INVESTIGATION - LEAVING THE TRACK AND GAINING AN ADVANTAGE,,,,,,23,2023,14
2023-09-03 13:57:32,Other,FIA STEWARDS: 5 SECOND TIME PENALTY FOR CAR 63 (RUS) - LEAVING THE TRACK AND GAINING AN ADVANTAGE,,,,,,24,2023,14
2023-09-03 13:59:00,Other,TURN 1 INCIDENT INVOLVING CARS 4 (NOR) AND 81 (PIA) NOTED - CAUSING A COLLISION,,,,,,25,2023,14
2023-09-03 14:02:19,Other,FIA STEWARDS: TURN 1 INCIDENT INVOLVING CARS 4 (NOR) AND 81 (PIA) REVIEWED NO FURTHER INVESTIGATION - CAUSING A COLLISION,,,,,,27,2023,14
2023-09-03 14:19:30,Other,CAR 4 (NOR) TIME 1:27.567 DELETED - TRACK LIMITS AT TURN 2 LAP 38 16:18:11,,,,,,39,2023,14
2023-09-03 14:20:04,Flag,WAVED BLUE FLAG FOR CAR 20 (MAG) TIMED AT 16:20:03,,BLUE,Driver,,20,40,2023,14
2023-09-03 14:20:22,Flag,WAVED BLUE FLAG FOR CAR 20 (MAG) TIMED AT 16:20:22,,BLUE,Driver,,20,40,2023,14
2023-09-03 14:21:08,Flag,WAVED BLUE FLAG FOR CAR 31 (OCO) TIMED AT 16:21:07,,BLUE,Driver,,31,40,2023,14
2023-09-03 14:22:09,Other,CAR 81 (PIA) TIME 1:26.853 DELETED - TRACK LIMITS AT TURN 5 LAP 40 16:20:57,,,,,,41,2023,14
2023-09-03 14:22:11,Other,CAR 44 (HAM) TIME 1:26.658 DELETED - TRACK LIMITS AT TURN 5 LAP 40 16:20:58,,,,,,41,2023,14
2023-09-03 14:22:43,Other,TURN 4 INCIDENT INVOLVING CARS 81 (PIA) AND 44 (HAM) NOTED - CAUSING A COLLISION,,,,,,42,2023,14
2023-09-03 14:24:18,Other,CAR 44 (HAM) TIME 1:27.501 DELETED - TRACK LIMITS AT TURN 4 LAP 41 16:22:25,,,,,,43,2023,14
2023-09-03 14:24:30,Other,FIA STEWARDS: TURN 4 INCIDENT INVOLVING CARS 81 (PIA) AND 44 (HAM) UNDER INVESTIGATION - CAUSING A COLLISION,,,,,,43,2023,14
2023-09-03 14:26:13,Other,CAR 11 (PER) TIME 1:26.624 DELETED - TRACK LIMITS AT TURN 2 LAP 43 16:24:54,,,,,,44,2023,14
2023-09-03 14:26:29,Other,FIA STEWARDS: 5 SECOND TIME PENALTY FOR CAR 44 (HAM) - CAUSING A COLLISION,,,,,,44,2023,14
2023-09-03 14:27:18,Other,TURN 5 INCIDENT INVOLVING CARS 2 (SAR) AND 77 (BOT) NOTED - CAUSING A COLLISION,,,,,,45,2023,14
2023-09-03 14:28:07,Other,CAR 77 (BOT) TIME 1:27.753 DELETED - TRACK LIMITS AT TURN 5 LAP 43 16:25:38,,,,,,45,2023,14
2023-09-03 14:28:08,Other,CAR 2 (SAR) TIME 1:29.385 DELETED - TRACK LIMITS AT TURN 5 LAP 43 16:25:38,,,,,,45,2023,14
2023-09-03 14:28:31,Other,FIA STEWARDS: TURN 5 INCIDENT INVOLVING CARS 2 (SAR) AND 77 (BOT) UNDER INVESTIGATION - CAUSING A COLLISION,,,,,,46,2023,14
2023-09-03 14:28:58,Other,CAR 11 (PER) TIME 1:26.573 DELETED - TRACK LIMITS AT TURN 2 LAP 45 16:27:38,,,,,,46,2023,14
2023-09-03 14:31:44,Other,CAR 55 (SAI) TIME 1:27.096 DELETED - TRACK LIMITS AT TURN 5 LAP 47 16:30:34,,,,,,48,2023,14
2023-09-03 14:31:45,Other,CAR 16 (LEC) TIME 1:27.371 DELETED - TRACK LIMITS AT TURN 5 LAP 47 16:30:34,,,,,,48,2023,14
2023-09-03 14:35:26,Other,FIA STEWARDS: 5 SECOND TIME PENALTY FOR CAR 2 (SAR) - CAUSING A COLLISION,,,,,,50,2023,14
2023-09-17 11:10:01,Flag,GREEN LIGHT - PIT EXIT OPEN,,GREEN,Track,,,1,2023,15
2023-09-17 11:20:01,Other,PIT EXIT CLOSED,,,,,,1,2023,15
2023-09-17 11:45:35,Other,RISK OF RAIN FOR THIS SESSION IS 10%,,,,,,1,2023,15
2023-09-17 11:57:11,Drs,DRS DISABLED,DISABLED,,,,,1,2023,15
2023-09-17 12:03:45,Flag,GREEN LIGHT - PIT EXIT OPEN,,GREEN,Track,,,1,2023,15
2023-09-17 12:05:21,Flag,YELLOW IN TRACK SECTOR 13,,YELLOW,Sector,13.0,,1,2023,15
2023-09-17 12:05:26,Flag,CLEAR IN TRACK SECTOR 13,,CLEAR,Sector,13.0,,1,2023,15
2023-09-17 12:05:38,Flag,YELLOW IN TRACK SECTOR 13,,YELLOW,Sector,13.0,,2,2023,15
2023-09-17 12:05:55,Flag,CLEAR IN TRACK SECTOR 13,,CLEAR,Sector,13.0,,2,2023,15
2023-09-17 12:07:13,Drs,DRS ENABLED,ENABLED,,,,,3,2023,15
2023-09-17 12:08:46,Other,TURN 2 INCIDENT INVOLVING CAR 44 (HAM) NOTED - LEAVING THE TRACK AND GAINING AN ADVANTAGE,,,,,,3,2023,15
2023-09-17 12:10:53,Other,FIA STEWARDS: TURN 2 INCIDENT INVOLVING CAR 44 (HAM) REVIEWED NO FURTHER INVESTIGATION - LEAVING THE TRACK AND GAINING AN ADVANTAGE,,,,,,5,2023,15
2023-09-17 12:20:39,Other,CAR 10 (GAS) TIME 1:41.829 DELETED - TRACK LIMITS AT TURN 7 LAP 6 20:12:55,,,,,,11,2023,15
2023-09-17 12:35:04,Flag,YELLOW IN TRACK SECTOR 7,,YELLOW,Sector,7.0,,19,2023,15
2023-09-17 12:35:04,Flag,DOUBLE YELLOW IN TRACK SECTOR 7,,DOUBLE YELLOW,Sector,7.0,,19,2023,15
2023-09-17 12:35:24,Flag,CLEAR IN TRACK SECTOR 7,,CLEAR,Sector,7.0,,19,2023,15
2023-09-17 12:35:36,Other,TRACK SURFACE SLIPPERY IN TRACK SECTOR 7,,,,,,20,2023,15
2023-09-17 12:36:41,SafetyCar,SAFETY CAR DEPLOYED,DEPLOYED,,,,,20,2023,15
2023-09-17 12:36:41,Flag,CLEAR IN TRACK SECTOR 7,,CLEAR,Sector,7.0,,20,2023,15
2023-09-17 12:39:51,Other,INCIDENT INVOLVING CAR 14 (ALO) NOTED - FAILING TO FOLLOW RACE DIRECTORS INSTRUCTIONS – CROSSING THE LINE AT PIT ENTRY,,,,,,21,2023,15
2023-09-17 12:40:52,Other,FIA STEWARDS: INCIDENT INVOLVING CAR 14 (ALO) UNDER INVESTIGATION - FAILING TO FOLLOW RACE DIRECTORS INSTRUCTIONS – CROSSING THE LINE AT PIT ENTRY,,,,,,22,2023,15
2023-09-17 12:41:01,SafetyCar,SAFETY CAR IN THIS LAP,IN THIS LAP,,,,,22,2023,15
2023-09-17 12:42:50,Flag,TRACK CLEAR,,CLEAR,Track,,,22,2023,15
2023-09-17 12:43:50,Other,FIA STEWARDS: 5 SECOND TIME PENALTY FOR CAR 14 (ALO) - FAILING TO FOLLOW RACE DIRECTORS INSTRUCTIONS – CROSSING THE LINE AT PIT ENTRY,,,,,,23,2023,15
2023-09-17 12:45:01,Other,CAR 16 (LEC) TIME 1:43.955 DELETED - TRACK LIMITS AT TURN 7 LAP 23 20:43:44,,,,,,24,2023,15
2023-09-17 12:46:31,Drs,DRS ENABLED,ENABLED,,,,,25,2023,15
2023-09-17 12:47:24,Other,CAR 44 (HAM) TIME 1:40.957 DELETED - TRACK LIMITS AT TURN 7 LAP 24 20:45:28,,,,,,25,2023,15
2023-09-17 12:49:48,Flag,BLACK AND WHITE FLAG FOR CAR 20 (MAG) - FORCING ANOTHER DRIVER OFF THE TRACK,,BLACK AND WHITE,Driver,,20,26,2023,15
2023-09-17 12:55:40,Other,CAR 14 (ALO) TIME 1:41.292 DELETED - TRACK LIMITS AT TURN 2 LAP 29 20:53:28,,,,,,30,2023,15
2023-09-17 13:05:41,Other,TURN 7 INCIDENT INVOLVING CARS 10 (GAS) AND 20 (MAG) NOTED - FORCING ANOTHER DRIVER OFF THE TRACK,,,,,,36,2023,15
2023-09-17 13:07:10,Other,CAR 20 (MAG) TIME 1:42.612 DELETED - TRACK LIMITS AT TURN 7 LAP 35 21:04:00,,,,,,37,2023,15
2023-09-17 13:07:47,Other,CAR 20 (MAG) TIME 1:48.130 DELETED - TRACK LIMITS AT TURN 2 LAP 36 21:05:18,,,,,,37,2023,15
2023-09-17 13:14:01,Other,CAR 27 (HUL) TIME 1:42.010 DELETED - TRACK LIMITS AT TURN 7 LAP 39 21:10:47,,,,,,41,2023,15
2023-09-17 13:17:10,Flag,DOUBLE YELLOW IN TRACK SECTOR 2,,DOUBLE YELLOW,Sector,2.0,,43,2023,15
2023-09-17 13:17:12,Other,DRS DISABLED IN ZONE 3,,,,,,43,2023,15
2023-09-17 13:17:27,Flag,YELLOW IN TRACK SECTOR 1,,YELLOW,Sector,1.0,,43,2023,15
2023-09-17 13:18:06,SafetyCar,VIRTUAL SAFETY CAR DEPLOYED,DEPLOYED,,,,,44,2023,15
2023-09-17 13:21:23,Flag,CLEAR IN TRACK SECTOR 1,,CLEAR,Sector,1.0,,45,2023,15
2023-09-17 13:21:26,Flag,CLEAR IN TRACK SECTOR 2,,CLEAR,Sector,2.0,,45,2023,15
2023-09-17 13:21:29,SafetyCar,VIRTUAL SAFETY CAR ENDING,ENDING,,,,,45,2023,15
2023-09-17 13:21:44,Flag,TRACK CLEAR,,CLEAR,Track,,,45,2023,15
2023-09-17 13:21:55,Drs,DRS ENABLED,ENABLED,,,,,45,2023,15
2023-09-17 13:22:57,Other,FIA STEWARDS: TURN 7 INCIDENT INVOLVING CARS 10 (GAS) AND 20 (MAG) REVIEWED NO FURTHER INVESTIGATION - FORCING ANOTHER DRIVER OFF THE TRACK,,,,,,46,2023,15
2023-09-17 13:24:47,Flag,YELLOW IN TRACK SECTOR 13,,YELLOW,Sector,13.0,,47,2023,15
2023-09-17 13:24:49,Other,DRS DISABLED IN ZONE 2,,,,,,47,2023,15
2023-09-17 13:24:50,Flag,DOUBLE YELLOW IN TRACK SECTOR 13,,DOUBLE YELLOW,Sector,13.0,,47,2023,15
2023-09-17 13:25:03,Flag,CLEAR IN TRACK SECTOR 13,,CLEAR,Sector,13.0,,47,2023,15
2023-09-17 13:25:03,Other,DRS ENABLED IN ZONE 2,,,,,,47,2023,15
2023-09-17 13:25:29,CarEvent,CAR 14 (ALO) OFF TRACK AND CONTINUED AT TURN 14,,,,,14,47,2023,15
2023-09-17 13:29:59,Other,PIT EXIT INCIDENT INVOLVING CARS 11 (PER) AND 23 (ALB) NOTED - VSC INFRINGEMENT,,,,,,50,2023,15
2023-09-17 13:31:48,Other,FIA STEWARDS: PIT EXIT INCIDENT INVOLVING CARS 11 (PER) AND 23 (ALB) WILL BE INVESTIGATED AFTER THE RACE - VSC INFRINGEMENT,,,,,,51,2023,15
2023-09-17 13:33:17,Other,CAR 63 (RUS) TIME 1:36.757 DELETED - TRACK LIMITS AT TURN 19 LAP 51 21:32:20,,,,,,52,2023,15
2023-09-17 13:34:42,Flag,YELLOW IN TRACK SECTOR 13,,YELLOW,Sector,13.0,,53,2023,15
2023-09-17 13:34:44,Other,DRS DISABLED IN ZONE 2,,,,,,53,2023,15
2023-09-17 13:34:45,Flag,CLEAR IN TRACK SECTOR 13,,CLEAR,Sector,13.0,,53,2023,15
2023-09-17 13:34:45,Other,DRS ENABLED IN ZONE 2,,,,,,53,2023,15
2023-09-17 13:37:49,Other,CAR 27 (HUL) TIME 1:43.808 DELETED - TRACK LIMITS AT TURN 7 LAP 53 21:35:18,,,,,,55,2023,15
2023-09-17 13:44:06,Flag,YELLOW IN TRACK SECTOR 11,,YELLOW,Sector,11.0,,59,2023,15
2023-09-17 13:44:09,Other,DRS DISABLED IN ZONE 2,,,,,,59,2023,15
2023-09-17 13:44:15,Flag,DOUBLE YELLOW IN TRACK SECTOR 11,,DOUBLE YELLOW,Sector,11.0,,59,2023,15
2023-09-17 13:44:17,Flag,YELLOW IN TRACK SECTOR 10,,YELLOW,Sector,10.0,,59,2023,15
2023-09-17 13:44:22,Flag,CLEAR IN TRACK SECTOR 11,,CLEAR,Sector,11.0,,59,2023,15
2023-09-17 13:44:22,Other,DRS ENABLED IN ZONE 2,,,,,,59,2023,15
2023-09-17 13:44:27,Flag,CLEAR IN TRACK SECTOR 10,,CLEAR,Sector,10.0,,59,2023,15
2023-09-17 13:45:13,Other,TURN 13 INCIDENT INVOLVING CARS 11 (PER) AND 23 (ALB) NOTED - CAUSING A COLLISION,,,,,,59,2023,15
2023-09-17 13:45:38,Other,FIA STEWARDS: TURN 13 INCIDENT INVOLVING CARS 11 (PER) AND 23 (ALB) WILL BE INVESTIGATED AFTER THE RACE - CAUSING A COLLISION,,,,,,60,2023,15
2023-09-17 13:48:42,Other,TURN 7 INCIDENT INVOLVING CARS 11 (PER) AND 40 (LAW) NOTED - CAUSING A COLLISION,,,,,,61,2023,15
2023-09-17 13:49:08,Other,CAR 11 (PER) TIME 1:39.147 DELETED - TRACK LIMITS AT TURN 7 LAP 60 21:46:56,,,,,,62,2023,15
2023-09-17 13:49:38,Flag,YELLOW IN TRACK SECTOR 9,,YELLOW,Sector,9.0,,62,2023,15
2023-09-17 13:49:46,Flag,DOUBLE YELLOW IN TRACK SECTOR 9,,DOUBLE YELLOW,Sector,9.0,,62,2023,15
2023-09-17 13:49:49,Flag,YELLOW IN TRACK SECTOR 8,,YELLOW,Sector,8.0,,62,2023,15
2023-09-17 13:50:26,Flag,CHEQUERED FLAG,,CHEQUERED,Track,,,62,2023,15
2023-09-17 13:57:01,Flag,YELLOW IN TRACK SECTOR 7,,YELLOW,Sector,7.0,,62,2023,15
2023-09-17 13:58:01,Other,FIA STEWARDS: TURN 7 INCIDENT INVOLVING CARS 11 (PER) AND 40 (LAW) REVIEWED NO FURTHER INVESTIGATION - CAUSING A COLLISION,,,,,,62,2023,15
2023-09-24 04:10:00,Flag,GREEN LIGHT - PIT EXIT OPEN,,GREEN,Track,,,1,2023,16
2023-09-24 04:20:00,Other,PIT EXIT CLOSED,,,,,,1,2023,16
2023-09-24 04:45:06,Other,RISK OF RAIN FOR F1 RACE IS 0%,,,,,,1,2023,16
2023-09-24 04:57:04,Drs,DRS DISABLED,DISABLED,,,,,1,2023,16
2023-09-24 05:04:05,Flag,GREEN LIGHT - PIT EXIT OPEN,,GREEN,Track,,,1,2023,16
2023-09-24 05:04:32,Flag,YELLOW IN TRACK SECTOR 4,,YELLOW,Sector,4.0,,1,2023,16
2023-09-24 05:04:38,Flag,CLEAR IN TRACK SECTOR 4,,CLEAR,Sector,4.0,,1,2023,16
2023-09-24 05:05:18,SafetyCar,SAFETY CAR DEPLOYED,DEPLOYED,,,,,1,2023,16
2023-09-24 05:06:30,Flag,DOUBLE YELLOW IN TRACK SECTOR 2,,DOUBLE YELLOW,Sector,2.0,,2,2023,16
2023-09-24 05:08:44,Other,LAP 1 TURN 1 NOTED,,,,,,2,2023,16
2023-09-24 05:11:45,Other,INCIDENT INVOLVING CAR 11 (PER) NOTED - SAFETY CAR INFRINGEMENT,,,,,,4,2023,16
2023-09-24 05:12:36,Flag,CLEAR IN TRACK SECTOR 2,,CLEAR,Sector,2.0,,4,2023,16
2023-09-24 05:12:41,SafetyCar,SAFETY CAR IN THIS LAP,IN THIS LAP,,,,,4,2023,16
2023-09-24 05:13:56,Flag,TRACK CLEAR,,CLEAR,Track,,,4,2023,16
2023-09-24 05:16:02,CarEvent,CAR 77 (BOT) OFF TRACK AND CONTINUED AT TURN 11,,,,,77,5,2023,16
2023-09-24 05:16:55,Other,TRACK SURFACE SLIPPERY IN TRACK SECTOR 11,,,,,,6,2023,16
2023-09-24 05:17:07,Other,TRACK SURFACE SLIPPERY IN TRACK SECTOR 12,,,,,,6,2023,16
2023-09-24 05:17:13,Flag,CLEAR IN TRACK SECTOR 12,,CLEAR,Sector,12.0,,6,2023,16
2023-09-24 05:17:25,Flag,CLEAR IN TRACK SECTOR 11,,CLEAR,Sector,11.0,,6,2023,16
2023-09-24 05:18:00,Drs,DRS ENABLED,ENABLED,,,,,7,2023,16
2023-09-24 05:18:34,Other,TURN 11 INCIDENT INVOLVING CARS 77 (BOT) AND 2 (SAR) NOTED - CAUSING A COLLISION,,,,,,7,2023,16
2023-09-24 05:19:38,Other,FIA STEWARDS: LAP 1 TURN 1 REVIEWED NO FURTHER INVESTIGATION,,,,,,8,2023,16
2023-09-24 05:20:27,Other,FIA STEWARDS: INCIDENT INVOLVING CAR 11 (PER) UNDER INVESTIGATION - SAFETY CAR INFRINGEMENT,,,,,,8,2023,16
2023-09-24 05:20:35,Other,FIA STEWARDS: TURN 11 INCIDENT INVOLVING CARS 77 (BOT) AND 2 (SAR) UNDER INVESTIGATION - CAUSING A COLLISION,,,,,,8,2023,16
2023-09-24 05:21:31,Other,FIA STEWARDS: 5 SECOND TIME PENALTY FOR CAR 2 (SAR) - CAUSING A COLLISION,,,,,,9,2023,16
2023-09-24 05:22:37,Other,FIA STEWARDS: 5 SECOND TIME PENALTY FOR CAR 11 (PER) - SAFETY CAR INFRINGEMENT,,,,,,9,2023,16
2023-09-24 05:27:16,Flag,YELLOW IN TRACK SECTOR 12,,YELLOW,Sector,12.0,,12,2023,16
2023-09-24 05:27:17,Flag,DOUBLE YELLOW IN TRACK SECTOR 12,,DOUBLE YELLOW,Sector,12.0,,12,2023,16
2023-09-24 05:27:22,Flag,YELLOW IN TRACK SECTOR 11,,YELLOW,Sector,11.0,,12,2023,16
2023-09-24 05:27:25,Flag,DOUBLE YELLOW IN TRACK SECTOR 11,,DOUBLE YELLOW,Sector,11.0,,12,2023,16
2023-09-24 05:27:32,Flag,CLEAR IN TRACK SECTOR 12,,CLEAR,Sector,12.0,,12,2023,16
2023-09-24 05:27:35,Flag,CLEAR IN TRACK SECTOR 11,,CLEAR,Sector,11.0,,12,2023,16
2023-09-24 05:27:45,Other,TRACK SURFACE SLIPPERY IN TRACK SECTOR 11,,,,,,13,2023,16
2023-09-24 05:27:50,Other,TRACK SURFACE SLIPPERY IN TRACK SECTOR 12,,,,,,13,2023,16
2023-09-24 05:28:14,Other,TURN 11 INCIDENT INVOLVING CARS 11 (PER) AND 20 (MAG) NOTED - CAUSING A COLLISION,,,,,,13,2023,16
2023-09-24 05:28:16,Other,CAR 11 (PER) TIME 1:40.896 DELETED - TRACK LIMITS AT TURN 14 LAP 11 14:25:51,,,,,,13,2023,16
2023-09-24 05:28:36,Other,CAR 14 (ALO) TIME 1:39.884 DELETED - TRACK LIMITS AT TURN 9 LAP 9 14:21:53,,,,,,13,2023,16
2023-09-24 05:29:34,SafetyCar,VIRTUAL SAFETY CAR DEPLOYED,DEPLOYED,,,,,14,2023,16
2023-09-24 05:29:34,Flag,CLEAR IN TRACK SECTOR 11,,CLEAR,Sector,11.0,,14,2023,16
2023-09-24 05:29:34,Flag,CLEAR IN TRACK SECTOR 12,,CLEAR,Sector,12.0,,14,2023,16
2023-09-24 05:29:47,Flag,DOUBLE YELLOW IN TRACK SECTOR 11,,DOUBLE YELLOW,Sector,11.0,,14,2023,16
2023-09-24 05:30:29,Flag,CLEAR IN TRACK SECTOR 11,,CLEAR,Sector,11.0,,14,2023,16
2023-09-24 05:30:36,SafetyCar,VIRTUAL SAFETY CAR ENDING,ENDING,,,,,14,2023,16
2023-09-24 05:30:51,Flag,TRACK CLEAR,,CLEAR,Track,,,14,2023,16
2023-09-24 05:30:58,Drs,DRS ENABLED,ENABLED,,,,,14,2023,16
2023-09-24 05:31:06,Other,CAR 20 (MAG) TIME 1:40.956 DELETED - TRACK LIMITS AT TURN 9 LAP 10 14:23:43,,,,,,14,2023,16
2023-09-24 05:31:17,Other,FIA STEWARDS: TURN 11 INCIDENT INVOLVING CARS 11 (PER) AND 20 (MAG) UNDER INVESTIGATION - CAUSING A COLLISION,,,,,,15,2023,16
2023-09-24 05:31:41,Other,FIA STEWARDS: 5 SECOND TIME PENALTY FOR CAR 11 (PER) - CAUSING A COLLISION,,,,,,15,2023,16
2023-09-24 05:34:56,Other,CAR 44 (HAM) LAP DELETED - TRACK LIMITS AT TURN 9 LAP 16 14:33:49 (PIT),,,,,,17,2023,16
2023-09-24 05:36:31,Other,TURN 14 INCIDENT INVOLVING CARS 63 (RUS) AND 44 (HAM) NOTED - FORCING ANOTHER DRIVER OFF THE TRACK,,,,,,18,2023,16
2023-09-24 05:38:32,Other,CAR 44 (HAM) TIME 1:43.793 DELETED - TRACK LIMITS AT TURN 14 LAP 16 14:34:16,,,,,,19,2023,16
2023-09-24 05:38:33,Other,CAR 63 (RUS) TIME 1:40.500 DELETED - TRACK LIMITS AT TURN 13 LAP 16 14:34:16,,,,,,19,2023,16
2023-09-24 05:41:22,Other,FIA STEWARDS: TURN 14 INCIDENT INVOLVING CARS 63 (RUS) AND 44 (HAM) REVIEWED NO FURTHER INVESTIGATION - FORCING ANOTHER DRIVER OFF THE TRACK,,,,,,20,2023,16
2023-09-24 05:45:14,Other,CAR 23 (ALB) TIME 1:40.421 DELETED - TRACK LIMITS AT TURN 14 LAP 21 14:43:40,,,,,,23,2023,16
2023-09-24 05:54:51,Other,CAR 4 (NOR) TIME 1:38.019 DELETED - TRACK LIMITS AT TURN 2 LAP 28 14:53:15,,,,,,29,2023,16
2023-09-24 05:55:47,Other,CAR 63 (RUS) TIME 1:37.678 DELETED - TRACK LIMITS AT TURN 14 LAP 28 14:54:31,,,,,,29,2023,16
2023-09-24 06:00:08,Other,CAR 81 (PIA) TIME 1:38.621 DELETED - TRACK LIMITS AT TURN 14 LAP 31 14:59:11,,,,,,32,2023,16
2023-09-24 06:03:20,Other,CAR 63 (RUS) TIME 1:38.129 DELETED - TRACK LIMITS AT TURN 14 LAP 33 15:02:42,,,,,,34,2023,16
2023-09-24 06:22:43,Flag,WAVED BLUE FLAG FOR CAR 27 (HUL) TIMED AT 15:22:42,,BLUE,Driver,,27,46,2023,16
2023-09-24 06:23:51,Other,TURN 2 INCIDENT INVOLVING CARS 16 (LEC) AND 63 (RUS) NOTED - LEAVING THE TRACK AND GAINING AN ADVANTAGE,,,,,,47,2023,16
2023-09-24 06:24:59,Other,FIA STEWARDS: TURN 2 INCIDENT INVOLVING CARS 16 (LEC) AND 63 (RUS) REVIEWED NO FURTHER INVESTIGATION - LEAVING THE TRACK AND GAINING AN ADVANTAGE,,,,,,47,2023,16
2023-09-24 06:25:16,Other,CAR 16 (LEC) TIME 1:37.234 DELETED - TRACK LIMITS AT TURN 2 LAP 45 15:21:23,,,,,,47,2023,16
2023-09-24 06:25:37,Other,CAR 22 (TSU) TIME 1:38.683 DELETED - TRACK LIMITS AT TURN 14 LAP 46 15:24:47,,,,,,48,2023,16
2023-09-24 06:29:08,Flag,WAVED BLUE FLAG FOR CAR 24 (ZHO) TIMED AT 15:29:08,,BLUE,Driver,,24,50,2023,16
2023-09-24 06:31:48,Other,CAR 81 (PIA) TIME 1:37.843 DELETED - TRACK LIMITS AT TURN 9 LAP 44 15:20:11,,,,,,51,2023,16
2023-09-24 06:32:22,Flag,WAVED BLUE FLAG FOR CAR 22 (TSU) TIMED AT 15:32:21,,BLUE,Driver,,22,52,2023,16
2023-09-24 06:33:17,Flag,WAVED BLUE FLAG FOR CAR 40 (LAW) TIMED AT 15:33:16,,BLUE,Driver,,40,52,2023,16
2023-09-24 06:35:04,Flag,CHEQUERED FLAG,,CHEQUERED,Track,,,53,2023,16
2023-09-24 06:36:14,Other,CAR 44 (HAM) TIME 1:37.353 DELETED - TRACK LIMITS AT TURN 14 LAP 53 15:35:26,,,,,,53,2023,16
2023-09-24 06:38:09,Flag,DOUBLE YELLOW IN TRACK SECTOR 4,,DOUBLE YELLOW,Sector,4.0,,53,2023,16
2023-09-24 06:38:34,Flag,CLEAR IN TRACK SECTOR 4,,CLEAR,Sector,4.0,,53,2023,16
2023-10-08 16:10:00,Flag,GREEN LIGHT - PIT EXIT OPEN,,GREEN,Track,,,1,2023,17
2023-10-08 16:20:01,Other,PIT EXIT CLOSED,,,,,,1,2023,17
2023-10-08 16:45:12,Other,RISK OF RAIN FOR F1 RACE IS 0%,,,,,,1,2023,17
2023-10-08 16:57:08,Drs,DRS DISABLED,DISABLED,,,,,1,2023,17
2023-10-08 17:03:34,Flag,GREEN LIGHT - PIT EXIT OPEN,,GREEN,Track,,,1,2023,17
2023-10-08 17:03:48,Flag,YELLOW IN TRACK SECTOR 3,,YELLOW,Sector,3.0,,1,2023,17
2023-10-08 17:04:43,SafetyCar,SAFETY CAR DEPLOYED,DEPLOYED,,,,,1,2023,17
2023-10-08 17:07:16,Other,TURN 1 INCIDENT INVOLVING CAR 44 (HAM) NOTED - CROSSING THE TRACK,,,,,,2,2023,17
2023-10-08 17:07:49,Other,FIA STEWARDS: TURN 1 INCIDENT INVOLVING CAR 44 (HAM) WILL BE INVESTIGATED AFTER THE RACE - CROSSING THE TRACK,,,,,,3,2023,17
2023-10-08 17:08:18,Other,INCIDENT INVOLVING CAR 27 (HUL) NOTED - INCORRECT STARTING LOCATION,,,,,,3,2023,17
2023-10-08 17:09:04,Other,TURN 1 INCIDENT INVOLVING CARS 44 (HAM) AND 63 (RUS) NOTED - CAUSING A COLLISION,,,,,,3,2023,17
2023-10-08 17:10:07,Other,FIA STEWARDS: TURN 1 INCIDENT INVOLVING CARS 44 (HAM) AND 63 (RUS) WILL BE INVESTIGATED AFTER THE RACE - CAUSING A COLLISION,,,,,,3,2023,17
2023-10-08 17:10:15,Flag,CLEAR IN TRACK SECTOR 3,,CLEAR,Sector,3.0,,4,2023,17
2023-10-08 17:11:00,SafetyCar,SAFETY CAR IN THIS LAP,IN THIS LAP,,,,,4,2023,17
2023-10-08 17:12:23,Flag,TRACK CLEAR,,CLEAR,Track,,,4,2023,17
2023-10-08 17:14:36,Other,FIA STEWARDS: INCIDENT INVOLVING CAR 27 (HUL) UNDER INVESTIGATION - INCORRECT STARTING LOCATION,,,,,,6,2023,17
2023-10-08 17:15:06,Other,FIA STEWARDS: 10 SECOND TIME PENALTY FOR CAR 27 (HUL) - INCORRECT STARTING LOCATION,,,,,,6,2023,17
2023-10-08 17:15:25,Other,CAR 31 (OCO) TIME 1:31.865 DELETED - TRACK LIMITS AT TURN 12 LAP 5 20:13:57,,,,,,6,2023,17
2023-10-08 17:15:57,Drs,DRS ENABLED,ENABLED,,,,,7,2023,17
2023-10-08 17:16:15,Other,CAR 24 (ZHO) TIME 1:33.411 DELETED - TRACK LIMITS AT TURN 1 LAP 5 20:14:12,,,,,,7,2023,17
2023-10-08 17:16:45,Other,CAR 10 (GAS) TIME 1:32.599 DELETED - TRACK LIMITS AT TURN 12 LAP 5 20:13:59,,,,,,7,2023,17
2023-10-08 17:16:56,Other,CAR 20 (MAG) TIME 1:33.919 DELETED - TRACK LIMITS AT TURN 1 LAP 5 20:14:15,,,,,,7,2023,17
2023-10-08 17:17:27,Other,CAR 14 (ALO) TIME 1:30.540 DELETED - TRACK LIMITS AT TURN 4 LAP 7 20:16:18,,,,,,8,2023,17
2023-10-08 17:20:06,Other,CAR 63 (RUS) TIME 1:30.052 DELETED - TRACK LIMITS AT TURN 12 LAP 8 20:18:37,,,,,,9,2023,17
2023-10-08 17:20:56,Other,CAR 77 (BOT) TIME 1:31.277 DELETED - TRACK LIMITS AT TURN 4 LAP 9 20:19:32,,,,,,10,2023,17
2023-10-08 17:21:34,Other,CAR 40 (LAW) TIME 1:31.125 DELETED - TRACK LIMITS AT TURN 12 LAP 9 20:20:14,,,,,,10,2023,17
2023-10-08 17:22:32,Other,CAR 63 (RUS) TIME 1:30.090 DELETED - TRACK LIMITS AT TURN 12 LAP 10 20:21:37,,,,,,11,2023,17
2023-10-08 17:22:58,Other,CAR 2 (SAR) TIME 1:31.699 DELETED - TRACK LIMITS AT TURN 15 LAP 9 20:20:18,,,,,,11,2023,17
2023-10-08 17:23:19,Other,CAR 40 (LAW) TIME 1:31.231 DELETED - TRACK LIMITS AT TURN 13 LAP 10 20:21:48,,,,,,12,2023,17
2023-10-08 17:23:51,Other,CAR 40 (LAW) TIME 1:31.106 DELETED - TRACK LIMITS AT TURN 13 LAP 11 20:23:19,,,,,,12,2023,17
2023-10-08 17:24:15,Flag,BLACK AND WHITE FLAG FOR CAR 40 (LAW) - TRACK LIMITS,,BLACK AND WHITE,Driver,,40,12,2023,17
2023-10-08 17:24:17,Other,CAR 23 (ALB) TIME 1:30.521 DELETED - TRACK LIMITS AT TURN 15 LAP 11 20:23:17,,,,,,12,2023,17
2023-10-08 17:25:19,Other,CAR 77 (BOT) TIME 1:30.958 DELETED - TRACK LIMITS AT TURN 5 LAP 10 20:21:06,,,,,,13,2023,17
2023-10-08 17:28:14,Other,CAR 11 (PER) TIME 1:30.196 DELETED - TRACK LIMITS AT TURN 4 LAP 14 20:27:05,,,,,,15,2023,17
2023-10-08 17:28:57,Other,CAR 23 (ALB) TIME 1:31.693 DELETED - TRACK LIMITS AT TURN 5 LAP 12 20:24:02,,,,,,15,2023,17
2023-10-08 17:30:01,Other,CAR 77 (BOT) TIME 1:31.142 DELETED - TRACK LIMITS AT TURN 5 LAP 13 20:25:40,,,,,,16,2023,17
2023-10-08 17:31:16,Other,CAR 81 (PIA) TIME 1:29.100 DELETED - TRACK LIMITS AT TURN 12 LAP 16 20:30:49,,,,,,17,2023,17
2023-10-08 17:31:45,Other,CAR 24 (ZHO) TIME 1:31.165 DELETED - TRACK LIMITS AT TURN 5 LAP 15 20:28:39,,,,,,17,2023,17
2023-10-08 17:33:39,Other,CAR 14 (ALO) TIME 1:28.923 DELETED - TRACK LIMITS AT TURN 15 LAP 17 20:32:30,,,,,,18,2023,17
2023-10-08 17:34:48,Other,CAR 10 (GAS) TIME 1:29.441 DELETED - TRACK LIMITS AT TURN 5 LAP 16 20:30:22,,,,,,19,2023,17
2023-10-08 17:35:35,Other,CAR 27 (HUL) TIME 1:28.224 DELETED - TRACK LIMITS AT TURN 12 LAP 18 20:34:13,,,,,,20,2023,17
2023-10-08 17:37:21,Other,CAR 16 (LEC) TIME 1:29.989 DELETED - TRACK LIMITS AT TURN 5 LAP 18 20:33:18,,,,,,21,2023,17
2023-10-08 17:39:13,Other,CAR 23 (ALB) TIME 1:29.204 DELETED - TRACK LIMITS AT TURN 12 LAP 21 20:38:33,,,,,,22,2023,17
2023-10-08 17:39:51,Flag,BLACK AND WHITE FLAG FOR CAR 23 (ALB) - TRACK LIMITS,,BLACK AND WHITE,Driver,,23,22,2023,17
2023-10-08 17:39:53,Other,CAR 81 (PIA) TIME 1:28.208 DELETED - TRACK LIMITS AT TURN 16 LAP 21 20:38:29,,,,,,22,2023,17
2023-10-08 17:40:13,Other,CAR 81 (PIA) TIME 1:28.290 DELETED - TRACK LIMITS AT TURN 16 (NEXT LAP),,,,,,23,2023,17
2023-10-08 17:41:06,Other,CAR 18 (STR) TIME 1:30.350 DELETED - TRACK LIMITS AT TURN 15 LAP 20 20:37:01,,,,,,23,2023,17
2023-10-08 17:41:44,Other,CAR 11 (PER) TIME 1:27.412 DELETED - TRACK LIMITS AT TURN 12 LAP 22 20:39:59,,,,,,24,2023,17
2023-10-08 17:42:27,Other,CAR 11 (PER) TIME 1:27.687 DELETED - TRACK LIMITS AT TURN 15 LAP 23 20:41:37,,,,,,24,2023,17
2023-10-08 17:42:34,Flag,BLACK AND WHITE FLAG FOR CAR 11 (PER) - TRACK LIMITS,,BLACK AND WHITE,Driver,,11,24,2023,17
2023-10-08 17:45:08,Other,CAR 11 (PER) TIME 1:28.552 DELETED - TRACK LIMITS AT TURN 12 LAP 25 20:44:23,,,,,,26,2023,17
2023-10-08 17:45:14,Other,INCIDENT INVOLVING CAR 11 (PER) NOTED - TRACK LIMITS,,,,,,26,2023,17
2023-10-08 17:45:41,Other,FIA STEWARDS: INCIDENT INVOLVING CAR 11 (PER) UNDER INVESTIGATION - TRACK LIMITS,,,,,,26,2023,17
2023-10-08 17:46:30,Other,FIA STEWARDS: 5 SECOND TIME PENALTY FOR CAR 11 (PER) - TRACK LIMITS,,,,,,27,2023,17
2023-10-08 17:50:02,Other,CAR 10 (GAS) TIME 1:27.586 DELETED - TRACK LIMITS AT TURN 13 LAP 28 20:49:19,,,,,,29,2023,17
2023-10-08 17:50:25,Flag,BLACK AND WHITE FLAG FOR CAR 10 (GAS) - TRACK LIMITS,,BLACK AND WHITE,Driver,,10,30,2023,17
2023-10-08 17:51:58,Other,CAR 22 (TSU) TIME 1:28.669 DELETED - TRACK LIMITS AT TURN 15 LAP 29 20:50:59,,,,,,31,2023,17
2023-10-08 17:55:36,Flag,YELLOW IN TRACK SECTOR 4,,YELLOW,Sector,4.0,,33,2023,17
2023-10-08 17:55:39,Flag,CLEAR IN TRACK SECTOR 4,,CLEAR,Sector,4.0,,33,2023,17
2023-10-08 17:56:31,CarEvent,CAR 14 (ALO) OFF TRACK AND CONTINUED AT TURN 2,,,,,14,34,2023,17
2023-10-08 17:57:12,Other,TURN 2 INCIDENT INVOLVING CAR 14 (ALO) NOTED - REJOINING UNSAFELY,,,,,,34,2023,17
2023-10-08 17:58:03,Other,CAR 14 (ALO) TIME 1:35.885 DELETED - TRACK LIMITS AT TURN 2 LAP 33 20:55:38,,,,,,35,2023,17
2023-10-08 17:59:03,Other,FIA STEWARDS: TURN 2 INCIDENT INVOLVING CAR 14 (ALO) UNDER INVESTIGATION - REJOINING UNSAFELY,,,,,,35,2023,17
2023-10-08 18:00:07,Other,CAR 4 (NOR) TIME 1:26.216 DELETED - TRACK LIMITS AT TURN 5 LAP 30 20:51:21,,,,,,36,2023,17
2023-10-08 18:02:10,Other,CAR 18 (STR) TIME 1:29.596 DELETED - TRACK LIMITS AT TURN 14 LAP 36 21:01:02,,,,,,37,2023,17
2023-10-08 18:02:29,Other,CAR 11 (PER) TIME 1:27.574 DELETED - TRACK LIMITS AT TURN 12 LAP 36 21:01:03,,,,,,38,2023,17
2023-10-08 18:02:36,Other,INCIDENT INVOLVING CAR 11 (PER) NOTED - TRACK LIMITS,,,,,,38,2023,17
2023-10-08 18:02:47,Other,FIA STEWARDS: INCIDENT INVOLVING CAR 11 (PER) UNDER INVESTIGATION - TRACK LIMITS,,,,,,38,2023,17
2023-10-08 18:03:27,Other,FIA STEWARDS: 5 SECOND TIME PENALTY FOR CAR 11 (PER) - TRACK LIMITS,,,,,,38,2023,17
2023-10-08 18:05:29,Other,CAR 2 (SAR) TIME 1:28.976 DELETED - TRACK LIMITS AT TURN 2 LAP 38 21:03:30,,,,,,40,2023,17
2023-10-08 18:06:11,Other,CAR 18 (STR) TIME 1:31.946 DELETED - TRACK LIMITS AT TURN 2 LAP 39 21:04:36,,,,,,40,2023,17
2023-10-08 18:06:17,Flag,BLACK AND WHITE FLAG FOR CAR 18 (STR) - TRACK LIMITS,,BLACK AND WHITE,Driver,,18,40,2023,17
2023-10-08 18:06:49,Flag,WAVED BLUE FLAG FOR CAR 27 (HUL) TIMED AT 21:06:49,,BLUE,Driver,,27,41,2023,17
2023-10-08 18:07:30,Flag,YELLOW IN TRACK SECTOR 16,,YELLOW,Sector,16.0,,41,2023,17
2023-10-08 18:07:32,Flag,WAVED BLUE FLAG FOR CAR 27 (HUL) TIMED AT 21:07:32,,BLUE,Driver,,27,41,2023,17
2023-10-08 18:07:33,Flag,CLEAR IN TRACK SECTOR 16,,CLEAR,Sector,16.0,,41,2023,17
2023-10-08 18:07:42,Flag,WAVED BLUE FLAG FOR CAR 2 (SAR) TIMED AT 21:07:41,,BLUE,Driver,,2,41,2023,17
2023-10-08 18:07:50,Flag,WAVED BLUE FLAG FOR CAR 40 (LAW) TIMED AT 21:07:50,,BLUE,Driver,,40,41,2023,17
2023-10-08 18:08:17,Other,CAR 2 (SAR) LAP DELETED - TRACK LIMITS AT TURN 4 LAP 40 21:06:39 (PIT),,,,,,42,2023,17
2023-10-08 18:09:05,Flag,WAVED BLUE FLAG FOR CAR 40 (LAW) TIMED AT 21:09:04,,BLUE,Driver,,40,42,2023,17
2023-10-08 18:09:08,Other,CAR 18 (STR) TIME 1:29.596 DELETED - TRACK LIMITS AT TURN 5 LAP 36 21:00:22,,,,,,42,2023,17
2023-10-08 18:09:48,Other,INCIDENT INVOLVING CAR 18 (STR) NOTED - TRACK LIMITS,,,,,,43,2023,17
2023-10-08 18:09:49,Flag,WAVED BLUE FLAG FOR CAR 20 (MAG) TIMED AT 21:09:48,,BLUE,Driver,,20,43,2023,17
2023-10-08 18:09:59,Other,FIA STEWARDS: INCIDENT INVOLVING CAR 18 (STR) UNDER INVESTIGATION - TRACK LIMITS,,,,,,43,2023,17
2023-10-08 18:10:25,Other,FIA STEWARDS: 5 SECOND TIME PENALTY FOR CAR 18 (STR) - TRACK LIMITS,,,,,,43,2023,17
2023-10-08 18:10:33,Other,CAR 10 (GAS) TIME 1:26.634 DELETED - TRACK LIMITS AT TURN 13 LAP 42 21:09:45,,,,,,43,2023,17
2023-10-08 18:10:40,Other,INCIDENT INVOLVING CAR 10 (GAS) NOTED - TRACK LIMITS,,,,,,43,2023,17
2023-10-08 18:10:47,Other,FIA STEWARDS: INCIDENT INVOLVING CAR 10 (GAS) UNDER INVESTIGATION - TRACK LIMITS,,,,,,44,2023,17
2023-10-08 18:11:10,Other,FIA STEWARDS: 5 SECOND TIME PENALTY FOR CAR 10 (GAS) - TRACK LIMITS,,,,,,44,2023,17
2023-10-08 18:13:38,Other,CAR 10 (GAS) TIME 1:27.357 DELETED - TRACK LIMITS AT TURN 12 LAP 43 21:11:09,,,,,,46,2023,17
2023-10-08 18:13:54,Other,INCIDENT INVOLVING CAR 10 (GAS) NOTED - TRACK LIMITS,,,,,,46,2023,17
2023-10-08 18:14:06,Flag,WAVED BLUE FLAG FOR CAR 11 (PER) TIMED AT 21:14:05,,BLUE,Driver,,11,46,2023,17
2023-10-08 18:14:10,Other,FIA STEWARDS: INCIDENT INVOLVING CAR 10 (GAS) UNDER INVESTIGATION - TRACK LIMITS,,,,,,46,2023,17
2023-10-08 18:14:25,Other,FIA STEWARDS: 5 SECOND TIME PENALTY FOR CAR 10 (GAS) - TRACK LIMITS,,,,,,46,2023,17
2023-10-08 18:14:50,Flag,WAVED BLUE FLAG FOR CAR 40 (LAW) TIMED AT 21:14:50,,BLUE,Driver,,40,46,2023,17
2023-10-08 18:15:25,Other,CAR 23 (ALB) TIME 1:51.580 DELETED - TRACK LIMITS AT TURN 12 LAP 45 21:14:46,,,,,,47,2023,17
2023-10-08 18:15:30,Other,INCIDENT INVOLVING CAR 23 (ALB) NOTED - TRACK LIMITS,,,,,,47,2023,17
2023-10-08 18:15:43,Other,FIA STEWARDS: INCIDENT INVOLVING CAR 23 (ALB) UNDER INVESTIGATION - TRACK LIMITS,,,,,,47,2023,17
2023-10-08 18:15:55,Other,FIA STEWARDS: 5 SECOND TIME PENALTY FOR CAR 23 (ALB) - TRACK LIMITS,,,,,,47,2023,17
2023-10-08 18:16:58,Flag,WAVED BLUE FLAG FOR CAR 10 (GAS) TIMED AT 21:16:57,,BLUE,Driver,,10,48,2023,17
2023-10-08 18:17:16,Flag,WAVED BLUE FLAG FOR CAR 27 (HUL) TIMED AT 21:17:15,,BLUE,Driver,,27,48,2023,17
2023-10-08 18:17:42,Flag,WAVED BLUE FLAG FOR CAR 10 (GAS) TIMED AT 21:17:42,,BLUE,Driver,,10,48,2023,17
2023-10-08 18:18:13,Other,CAR 23 (ALB) TIME 1:26.778 DELETED - TRACK LIMITS AT TURN 15 LAP 46 21:16:23,,,,,,49,2023,17
2023-10-08 18:18:34,Other,INCIDENT INVOLVING CAR 23 (ALB) NOTED - TRACK LIMITS,,,,,,49,2023,17
2023-10-08 18:18:40,Other,FIA STEWARDS: INCIDENT INVOLVING CAR 23 (ALB) UNDER INVESTIGATION - TRACK LIMITS,,,,,,49,2023,17
2023-10-08 18:18:49,Other,FIA STEWARDS: 5 SECOND TIME PENALTY FOR CAR 23 (ALB) - TRACK LIMITS,,,,,,49,2023,17
2023-10-08 18:20:01,Flag,WAVED BLUE FLAG FOR CAR 40 (LAW) TIMED AT 21:20:00,,BLUE,Driver,,40,50,2023,17
2023-10-08 18:20:26,Flag,WAVED BLUE FLAG FOR CAR 40 (LAW) TIMED AT 21:20:26,,BLUE,Driver,,40,50,2023,17
2023-10-08 18:20:32,Flag,WAVED BLUE FLAG FOR CAR 18 (STR) TIMED AT 21:20:31,,BLUE,Driver,,18,50,2023,17
2023-10-08 18:22:26,Other,CAR 4 (NOR) TIME 1:25.384 DELETED - TRACK LIMITS AT TURN 4 LAP 50 21:20:24,,,,,,52,2023,17
2023-10-08 18:24:03,Flag,WAVED BLUE FLAG FOR CAR 27 (HUL) TIMED AT 21:24:03,,BLUE,Driver,,27,52,2023,17
2023-10-08 18:24:26,Flag,WAVED BLUE FLAG FOR CAR 27 (HUL) TIMED AT 21:24:25,,BLUE,Driver,,27,53,2023,17
2023-10-08 18:24:41,Other,TURN 1 INCIDENT INVOLVING CARS 10 (GAS) AND 18 (STR) NOTED - LEAVING THE TRACK AND GAINING AN ADVANTAGE,,,,,,53,2023,17
2023-10-08 18:25:15,Other,FIA STEWARDS: TURN 1 INCIDENT INVOLVING CARS 10 (GAS) AND 18 (STR) UNDER INVESTIGATION - LEAVING THE TRACK AND GAINING AN ADVANTAGE,,,,,,53,2023,17
2023-10-08 18:26:06,Other,FIA STEWARDS: TURN 1 INCIDENT INVOLVING CARS 10 (GAS) AND 18 (STR) NO FURTHER ACTION - LEAVING THE TRACK AND GAINING AN ADVANTAGE,,,,,,54,2023,17
2023-10-08 18:26:14,Other,CAR 18 (STR) TIME 1:30.052 DELETED - TRACK LIMITS AT TURN 4 LAP 52 21:24:10,,,,,,54,2023,17
2023-10-08 18:26:20,Other,INCIDENT INVOLVING CAR 18 (STR) NOTED - TRACK LIMITS,,,,,,54,2023,17
2023-10-08 18:26:25,Other,FIA STEWARDS: INCIDENT INVOLVING CAR 18 (STR) UNDER INVESTIGATION - TRACK LIMITS,,,,,,54,2023,17
2023-10-08 18:26:31,Other,FIA STEWARDS: 5 SECOND TIME PENALTY FOR CAR 18 (STR) - TRACK LIMITS,,,,,,54,2023,17
2023-10-08 18:27:06,Other,CAR 10 (GAS) TIME 1:29.058 DELETED - TRACK LIMITS AT TURN 1 LAP 52 21:23:54,,,,,,55,2023,17
2023-10-08 18:27:58,Flag,WAVED BLUE FLAG FOR CAR 22 (TSU) TIMED AT 21:27:57,,BLUE,Driver,,22,55,2023,17
2023-10-08 18:29:08,Other,CAR 63 (RUS) TIME 1:27.050 DELETED - TRACK LIMITS AT TURN 4 LAP 55 21:27:55,,,,,,56,2023,17
2023-10-08 18:29:16,Flag,BLACK AND WHITE FLAG FOR CAR 63 (RUS) - TRACK LIMITS,,BLACK AND WHITE,Driver,,63,56,2023,17
2023-10-08 18:29:43,Other,CAR 10 (GAS) TIME 1:25.793 DELETED - TRACK LIMITS AT TURN 2 LAP 55 21:28:21,,,,,,56,2023,17
2023-10-08 18:30:00,Flag,WAVED BLUE FLAG FOR CAR 22 (TSU) TIMED AT 21:30:00,,BLUE,Driver,,22,57,2023,17
2023-10-08 18:30:00,Other,INCIDENT INVOLVING CAR 10 (GAS) NOTED - TRACK LIMITS,,,,,,57,2023,17
2023-10-08 18:30:17,Other,FIA STEWARDS: INCIDENT INVOLVING CAR 10 (GAS) UNDER INVESTIGATION - TRACK LIMITS,,,,,,57,2023,17
2023-10-08 18:30:28,Other,FIA STEWARDS: 5 SECOND TIME PENALTY FOR CAR 10 (GAS) - TRACK LIMITS,,,,,,57,2023,17
2023-10-08 18:30:41,Other,CAR 11 (PER) TIME 1:28.008 DELETED - TRACK LIMITS AT TURN 12 LAP 55 21:29:12,,,,,,57,2023,17
2023-10-08 18:30:45,Flag,WAVED BLUE FLAG FOR CAR 20 (MAG) TIMED AT 21:30:45,,BLUE,Driver,,20,57,2023,17
2023-10-08 18:30:57,Other,INCIDENT INVOLVING CAR 11 (PER) NOTED - TRACK LIMITS,,,,,,57,2023,17
2023-10-08 18:31:15,Flag,CHEQUERED FLAG,,CHEQUERED,Track,,,57,2023,17
2023-10-08 18:33:27,Other,CAR 27 (HUL) TIME 1:26.444 DELETED - TRACK LIMITS AT TURN 5 LAP 56 21:30:32,,,,,,57,2023,17
2023-10-08 18:36:17,Other,FIA STEWARDS: INCIDENT INVOLVING CAR 11 (PER) UNDER INVESTIGATION - TRACK LIMITS,,,,,,57,2023,17
2023-10-08 18:36:29,Other,FIA STEWARDS: 5 SECOND TIME PENALTY FOR CAR 11 (PER) - TRACK LIMITS,,,,,,57,2023,17
2023-10-22 18:10:01,Flag,GREEN LIGHT - PIT EXIT OPEN,,GREEN,Track,,,1,2023,18
2023-10-22 18:18:01,Other,INCIDENT INVOLVING CAR 18 (STR) NOTED - NOT ENTERING PIT LANE,,,,,,1,2023,18
2023-10-22 18:20:01,Other,PIT EXIT CLOSED,,,,,,1,2023,18
2023-10-22 18:30:12,Flag,DOUBLE YELLOW IN TRACK SECTOR 16,,DOUBLE YELLOW,Sector,16.0,,1,2023,18
2023-10-22 18:30:14,Flag,CLEAR IN TRACK SECTOR 16,,CLEAR,Sector,16.0,,1,2023,18
2023-10-22 18:30:25,Flag,YELLOW IN TRACK SECTOR 16,,YELLOW,Sector,16.0,,1,2023,18
2023-10-22 18:30:27,Flag,CLEAR IN TRACK SECTOR 16,,CLEAR,Sector,16.0,,1,2023,18
2023-10-22 18:33:40,Other,TRACK SURFACE SLIPPERY IN TRACK SECTOR 16,,,,,,1,2023,18
2023-10-22 18:33:43,Flag,CLEAR IN TRACK SECTOR 16,,CLEAR,Sector,16.0,,1,2023,18
2023-10-22 18:34:19,Other,FIA STEWARDS: INCIDENT INVOLVING CAR 18 (STR) WILL BE INVESTIGATED AFTER THE RACE - NOT ENTERING PIT LANE,,,,,,1,2023,18
2023-10-22 18:45:08,Other,RISK OF RAIN FOR F1 RACE IS 0%,,,,,,1,2023,18
2023-10-22 18:57:05,Drs,DRS DISABLED,DISABLED,,,,,1,2023,18
2023-10-22 19:03:42,Flag,GREEN LIGHT - PIT EXIT OPEN,,GREEN,Track,,,1,2023,18
2023-10-22 19:06:46,Other,TURN 1 INCIDENT INVOLVING CAR 63 (RUS) NOTED - LEAVING THE TRACK AND GAINING AN ADVANTAGE,,,,,,2,2023,18
2023-10-22 19:07:23,Drs,DRS ENABLED,ENABLED,,,,,3,2023,18
2023-10-22 19:10:44,Other,FIA STEWARDS: TURN 1 INCIDENT INVOLVING CAR 63 (RUS) REVIEWED NO FURTHER INVESTIGATION - LEAVING THE TRACK AND GAINING AN ADVANTAGE,,,,,,5,2023,18
2023-10-22 19:12:32,Other,CAR 22 (TSU) TIME 1:45.158 DELETED - TRACK LIMITS AT TURN 20 LAP 3 14:08:59,,,,,,6,2023,18
2023-10-22 19:14:26,Other,CAR 20 (MAG) TIME 1:43.618 DELETED - TRACK LIMITS AT TURN 19 LAP 5 14:12:23,,,,,,7,2023,18
2023-10-22 19:14:37,Other,CAR 27 (HUL) TIME 1:44.648 DELETED - TRACK LIMITS AT TURN 19 LAP 5 14:12:26,,,,,,7,2023,18
2023-10-22 19:15:09,Other,CAR 31 (OCO) TIME 1:48.938 DELETED - TRACK LIMITS AT TURN 19 LAP 5 14:12:29,,,,,,7,2023,18
2023-10-22 19:15:55,Other,CAR 20 (MAG) TIME 1:45.395 DELETED - TRACK LIMITS AT TURN 11 LAP 2 14:06:23,,,,,,8,2023,18
2023-10-22 19:16:15,Other,CAR 44 (HAM) TIME 1:42.189 DELETED - TRACK LIMITS AT TURN 19 LAP 6 14:13:49,,,,,,8,2023,18
2023-10-22 19:18:30,Other,CAR 14 (ALO) TIME 1:45.424 DELETED - TRACK LIMITS AT TURN 11 LAP 2 14:06:23,,,,,,9,2023,18
2023-10-22 19:20:58,Other,CAR 63 (RUS) LAP DELETED - TRACK LIMITS AT TURN 12 LAP 1 14:04:52,,,,,,11,2023,18
2023-10-22 19:25:08,Other,TURN 12 INCIDENT INVOLVING CARS 1 (VER) AND 16 (LEC) NOTED ,,,,,,13,2023,18
2023-10-22 19:25:26,Other,CAR 22 (TSU) LAP DELETED - TRACK LIMITS AT TURN 12 LAP 1 14:04:54,,,,,,13,2023,18
2023-10-22 19:25:55,Other,CAR 20 (MAG) TIME 1:44.749 DELETED - TRACK LIMITS AT TURN 12 LAP 10 14:20:35,,,,,,14,2023,18
2023-10-22 19:26:23,Other,CAR 16 (LEC) TIME 1:44.450 DELETED - TRACK LIMITS AT TURN 12 LAP 11 14:21:58,,,,,,14,2023,18
2023-10-22 19:26:47,Other,CAR 63 (RUS) TIME 1:43.172 DELETED - TRACK LIMITS AT TURN 12 LAP 11 14:22:03,,,,,,14,2023,18
2023-10-22 19:27:00,Other,CAR 2 (SAR) TIME 2:04.136 DELETED - TRACK LIMITS AT TURN 19 LAP 12 14:24:52,,,,,,14,2023,18
2023-10-22 19:29:10,Other,FIA STEWARDS: TURN 12 INCIDENT INVOLVING CARS 1 (VER) AND 16 (LEC) REVIEWED NO FURTHER INVESTIGATION ,,,,,,15,2023,18
2023-10-22 19:31:19,Other,CAR 4 (NOR) TIME 1:42.725 DELETED - TRACK LIMITS AT TURN 19 LAP 16 14:30:52,,,,,,17,2023,18
2023-10-22 19:31:49,Other,CAR 44 (HAM) TIME 1:42.540 DELETED - TRACK LIMITS AT TURN 19 LAP 16 14:30:54,,,,,,17,2023,18
2023-10-22 19:36:12,Other,CAR 27 (HUL) TIME 1:43.771 DELETED - TRACK LIMITS AT TURN 13 LAP 13 14:25:32,,,,,,20,2023,18
2023-10-22 19:38:26,Other,CAR 14 (ALO) TIME 1:44.156 DELETED - TRACK LIMITS AT TURN 9 LAP 18 14:33:52,,,,,,21,2023,18
2023-10-22 19:39:24,Other,CAR 23 (ALB) TIME 1:43.029 DELETED - TRACK LIMITS AT TURN 20 LAP 20 14:38:39,,,,,,21,2023,18
2023-10-22 19:40:32,Other,CAR 23 (ALB) TIME 1:42.679 DELETED - TRACK LIMITS AT TURN 20 (NEXT LAP),,,,,,22,2023,18
2023-10-22 19:44:00,Other,CAR 10 (GAS) TIME 1:42.598 DELETED - TRACK LIMITS AT TURN 12 LAP 22 14:41:18,,,,,,24,2023,18
2023-10-22 19:44:04,Other,CAR 20 (MAG) TIME 1:43.838 DELETED - TRACK LIMITS AT TURN 19 LAP 22 14:42:08,,,,,,24,2023,18
2023-10-22 19:44:17,Flag,BLACK AND WHITE FLAG FOR CAR 20 (MAG) - TRACK LIMITS,,BLACK AND WHITE,Driver,,20,24,2023,18
2023-10-22 19:48:32,Other,CAR 4 (NOR) TIME 1:42.115 DELETED - TRACK LIMITS AT TURN 19 LAP 26 14:48:08,,,,,,27,2023,18
2023-10-22 19:50:20,Other,TURN 12 INCIDENT INVOLVING CARS 2 (SAR) AND 18 (STR) NOTED ,,,,,,28,2023,18
2023-10-22 19:50:27,Other,CAR 18 (STR) TIME 1:42.273 DELETED - TRACK LIMITS AT TURN 12 LAP 26 14:48:28,,,,,,28,2023,18
2023-10-22 19:52:56,Other,FIA STEWARDS: TURN 12 INCIDENT INVOLVING CARS 2 (SAR) AND 18 (STR) UNDER INVESTIGATION ,,,,,,29,2023,18
2023-10-22 20:00:07,Other,FIA STEWARDS: TURN 12 INCIDENT INVOLVING CARS 2 (SAR) AND 18 (STR) NO FURTHER ACTION ,,,,,,33,2023,18
2023-10-22 20:01:01,Other,CAR 2 (SAR) TIME 1:43.953 DELETED - TRACK LIMITS AT TURN 11 LAP 32 14:58:30,,,,,,34,2023,18
2023-10-22 20:14:16,Other,CAR 55 (SAI) TIME 1:40.907 DELETED - TRACK LIMITS AT TURN 19 LAP 41 15:13:58,,,,,,42,2023,18
2023-10-22 20:14:33,Other,CAR 11 (PER) TIME 1:40.837 DELETED - TRACK LIMITS AT TURN 12 LAP 41 15:13:35,,,,,,42,2023,18
2023-10-22 20:15:07,Other,CAR 2 (SAR) TIME 1:41.432 DELETED - TRACK LIMITS AT TURN 19 LAP 41 15:14:52,,,,,,42,2023,18
2023-10-22 20:15:17,Flag,BLACK AND WHITE FLAG FOR CAR 2 (SAR) - TRACK LIMITS,,BLACK AND WHITE,Driver,,2,42,2023,18
2023-10-22 20:25:47,Flag,WAVED BLUE FLAG FOR CAR 3 (RIC) TIMED AT 15:25:46,,BLUE,Driver,,3,49,2023,18
2023-10-22 20:28:46,Other,CAR 16 (LEC) TIME 1:41.400 DELETED - TRACK LIMITS AT TURN 20 LAP 49 15:27:30,,,,,,50,2023,18
2023-10-22 20:29:32,Other,CAR 16 (LEC) TIME 1:42.085 DELETED - TRACK LIMITS AT TURN 20 (NEXT LAP),,,,,,51,2023,18
2023-10-22 20:29:35,Other,CAR 23 (ALB) TIME 1:41.675 DELETED - TRACK LIMITS AT TURN 6 LAP 47 15:23:49,,,,,,51,2023,18
2023-10-22 20:29:47,Other,CAR 23 (ALB) TIME 1:41.318 DELETED - TRACK LIMITS AT TURN 6 LAP 48 15:25:30,,,,,,51,2023,18
2023-10-22 20:29:56,Flag,BLACK AND WHITE FLAG FOR CAR 23 (ALB) - TRACK LIMITS,,BLACK AND WHITE,Driver,,23,51,2023,18
2023-10-22 20:30:29,Other,CAR 23 (ALB) TIME 1:41.596 DELETED - TRACK LIMITS AT TURN 19 LAP 49 15:28:18,,,,,,51,2023,18
2023-10-22 20:30:40,Other,INCIDENT INVOLVING CAR 23 (ALB) NOTED - TRACK LIMITS,,,,,,51,2023,18
2023-10-22 20:31:36,Other,FIA STEWARDS: INCIDENT INVOLVING CAR 23 (ALB) UNDER INVESTIGATION - TRACK LIMITS,,,,,,52,2023,18
2023-10-22 20:31:47,Other,FIA STEWARDS: 5 SECOND TIME PENALTY FOR CAR 23 (ALB) - TRACK LIMITS,,,,,,52,2023,18
2023-10-22 20:32:19,Other,CAR 23 (ALB) TIME 1:41.517 DELETED - TRACK LIMITS AT TURN 6 LAP 45 15:20:25,,,,,,52,2023,18
2023-10-22 20:33:21,Other,INCIDENT INVOLVING CAR 23 (ALB) NOTED - MULTIPLE TRACK LIMIT INFRINGEMENTS,,,,,,53,2023,18
2023-10-22 20:33:32,Other,CAR 16 (LEC) TIME 1:42.190 DELETED - TRACK LIMITS AT TURN 19 LAP 52 15:32:29,,,,,,53,2023,18
2023-10-22 20:33:38,Flag,WAVED BLUE FLAG FOR CAR 3 (RIC) TIMED AT 15:33:37,,BLUE,Driver,,3,53,2023,18
2023-10-22 20:34:10,Other,FIA STEWARDS: INCIDENT INVOLVING CAR 23 (ALB) WILL BE INVESTIGATED AFTER THE RACE - MULTIPLE TRACK LIMIT INFRINGEMENTS,,,,,,54,2023,18
2023-10-22 20:36:30,Flag,WAVED BLUE FLAG FOR CAR 20 (MAG) TIMED AT 15:36:29,,BLUE,Driver,,20,55,2023,18
2023-10-22 20:37:58,Flag,WAVED BLUE FLAG FOR CAR 24 (ZHO) TIMED AT 15:37:57,,BLUE,Driver,,24,56,2023,18
2023-10-22 20:38:31,Flag,WAVED BLUE FLAG FOR CAR 24 (ZHO) TIMED AT 15:38:30,,BLUE,Driver,,24,56,2023,18
2023-10-22 20:39:02,Flag,CHEQUERED FLAG,,CHEQUERED,Track,,,56,2023,18
2023-10-22 20:39:17,Other,CAR 44 (HAM) TIME 1:40.743 DELETED - TRACK LIMITS AT TURN 9 LAP 56 15:37:59,,,,,,56,2023,18
2023-10-22 20:39:33,Other,TRACK SURFACE SLIPPERY IN TRACK SECTOR 5,,,,,,56,2023,18
2023-10-22 20:39:35,Flag,CLEAR IN TRACK SECTOR 5,,CLEAR,Sector,5.0,,56,2023,18
2023-10-22 20:39:35,Flag,BLACK AND WHITE FLAG FOR CAR 44 (HAM) - TRACK LIMITS,,BLACK AND WHITE,Driver,,44,56,2023,18
2023-10-22 20:39:39,Other,TRACK SURFACE SLIPPERY IN TRACK SECTOR 5,,,,,,56,2023,18
2023-10-22 20:39:42,Flag,CLEAR IN TRACK SECTOR 5,,CLEAR,Sector,5.0,,56,2023,18
2023-10-22 20:39:50,Flag,DOUBLE YELLOW IN TRACK SECTOR 5,,DOUBLE YELLOW,Sector,5.0,,56,2023,18
2023-10-22 20:39:52,Flag,CLEAR IN TRACK SECTOR 5,,CLEAR,Sector,5.0,,56,2023,18
2023-10-22 20:39:57,Other,TRACK SURFACE SLIPPERY IN TRACK SECTOR 5,,,,,,56,2023,18
2023-10-22 20:39:59,Flag,CLEAR IN TRACK SECTOR 5,,CLEAR,Sector,5.0,,56,2023,18
2023-10-29 19:07:54,Flag,YELLOW IN TRACK SECTOR 14,,YELLOW,Sector,14.0,,1,2023,19
2023-10-29 19:08:23,Flag,CLEAR IN TRACK SECTOR 14,,CLEAR,Sector,14.0,,1,2023,19
2023-10-29 19:08:23,Flag,CLEAR IN TRACK SECTOR 15,,CLEAR,Sector,15.0,,1,2023,19
2023-10-29 19:08:33,Flag,CLEAR IN TRACK SECTOR 13,,CLEAR,Sector,13.0,,1,2023,19
2023-10-29 19:08:33,Other,DRS ENABLED IN ZONE 1,,,,,,1,2023,19
2023-10-29 19:08:54,Flag,CLEAR IN TRACK SECTOR 10,,CLEAR,Sector,10.0,,1,2023,19
2023-10-29 19:10:01,Flag,GREEN LIGHT - PIT EXIT OPEN,,GREEN,Track,,,1,2023,19
2023-10-29 19:17:03,Other,INCIDENT INVOLVING CAR 14 (ALO) NOTED - SPEEDING IN THE PIT LANE,,,,,,1,2023,19
2023-10-29 19:20:01,Other,PIT EXIT CLOSED,,,,,,1,2023,19
2023-10-29 19:22:05,Flag,DOUBLE YELLOW IN TRACK SECTOR 10,,DOUBLE YELLOW,Sector,10.0,,1,2023,19
2023-10-29 19:22:37,Flag,DOUBLE YELLOW IN TRACK SECTOR 5,,DOUBLE YELLOW,Sector,5.0,,1,2023,19
2023-10-29 19:22:38,Other,DRS DISABLED IN ZONE 3,,,,,,1,2023,19
2023-10-29 19:22:48,Flag,YELLOW IN TRACK SECTOR 6,,YELLOW,Sector,6.0,,1,2023,19
2023-10-29 19:23:03,Flag,DOUBLE YELLOW IN TRACK SECTOR 11,,DOUBLE YELLOW,Sector,11.0,,1,2023,19
2023-10-29 19:23:05,Other,DRS DISABLED IN ZONE 1,,,,,,1,2023,19
2023-10-29 19:23:30,Flag,DOUBLE YELLOW IN TRACK SECTOR 9,,DOUBLE YELLOW,Sector,9.0,,1,2023,19
2023-10-29 19:24:32,Flag,YELLOW IN TRACK SECTOR 12,,YELLOW,Sector,12.0,,1,2023,19
2023-10-29 19:26:06,Flag,CLEAR IN TRACK SECTOR 6,,CLEAR,Sector,6.0,,1,2023,19
2023-10-29 19:28:06,Flag,YELLOW IN TRACK SECTOR 6,,YELLOW,Sector,6.0,,1,2023,19
2023-10-29 19:28:20,Flag,CLEAR IN TRACK SECTOR 10,,CLEAR,Sector,10.0,,1,2023,19
2023-10-29 19:30:03,Flag,CLEAR IN TRACK SECTOR 6,,CLEAR,Sector,6.0,,1,2023,19
2023-10-29 19:30:36,Flag,CLEAR IN TRACK SECTOR 11,,CLEAR,Sector,11.0,,1,2023,19
2023-10-29 19:30:59,Flag,CLEAR IN TRACK SECTOR 5,,CLEAR,Sector,5.0,,1,2023,19
2023-10-29 19:30:59,Other,DRS ENABLED IN ZONE 3,,,,,,1,2023,19
2023-10-29 19:34:40,Flag,CLEAR IN TRACK SECTOR 12,,CLEAR,Sector,12.0,,1,2023,19
2023-10-29 19:34:40,Other,DRS ENABLED IN ZONE 1,,,,,,1,2023,19
2023-10-29 19:36:24,Flag,CLEAR IN TRACK SECTOR 9,,CLEAR,Sector,9.0,,1,2023,19
2023-10-29 19:45:10,Other,RISK OF RAIN FOR F1 RACE IS 0%,,,,,,1,2023,19
2023-10-29 19:57:03,Drs,DRS DISABLED,DISABLED,,,,,1,2023,19
2023-10-29 20:03:18,Flag,GREEN LIGHT - PIT EXIT OPEN,,GREEN,Track,,,1,2023,19
2023-10-29 20:03:36,Flag,DOUBLE YELLOW IN TRACK SECTOR 3,,DOUBLE YELLOW,Sector,3.0,,1,2023,19
2023-10-29 20:03:40,Flag,YELLOW IN TRACK SECTOR 3,,YELLOW,Sector,3.0,,1,2023,19
2023-10-29 20:03:47,Flag,CLEAR IN TRACK SECTOR 3,,CLEAR,Sector,3.0,,1,2023,19
2023-10-29 20:03:55,Other,LAP 1 TURN 1 NOTED,,,,,,1,2023,19
2023-10-29 20:06:23,Drs,DRS ENABLED,ENABLED,,,,,3,2023,19
2023-10-29 20:07:36,Other,FIA STEWARDS: LAP 1 TURN 1 REVIEWED NO FURTHER INVESTIGATION,,,,,,4,2023,19
2023-10-29 20:08:01,Other,TRACK SURFACE SLIPPERY IN TRACK SECTOR 3,,,,,,4,2023,19
2023-10-29 20:09:05,SafetyCar,VIRTUAL SAFETY CAR DEPLOYED,DEPLOYED,,,,,5,2023,19
2023-10-29 20:09:05,Flag,CLEAR IN TRACK SECTOR 3,,CLEAR,Sector,3.0,,5,2023,19
2023-10-29 20:10:19,Other,INCIDENT INVOLVING CAR 16 (LEC) NOTED - DRIVING IN AN UNSAFE CONDITION,,,,,,5,2023,19
2023-10-29 20:10:21,SafetyCar,VIRTUAL SAFETY CAR ENDING,ENDING,,,,,5,2023,19
2023-10-29 20:10:34,Flag,TRACK CLEAR,,CLEAR,Track,,,5,2023,19
2023-10-29 20:10:37,Drs,DRS ENABLED,ENABLED,,,,,5,2023,19
2023-10-29 20:14:03,Flag,YELLOW IN TRACK SECTOR 3,,YELLOW,Sector,3.0,,8,2023,19
2023-10-29 20:14:04,Flag,CLEAR IN TRACK SECTOR 3,,CLEAR,Sector,3.0,,8,2023,19
2023-10-29 20:15:22,Other,CAR 22 (TSU) TIME 1:25.565 DELETED - TRACK LIMITS AT TURN 1 LAP 8 14:14:01,,,,,,9,2023,19
2023-10-29 20:26:39,Other,CAR 63 (RUS) TIME 1:25.192 DELETED - TRACK LIMITS AT TURN 12 LAP 16 14:25:58,,,,,,17,2023,19
2023-10-29 20:28:27,Other,FIA STEWARDS: INCIDENT INVOLVING CAR 16 (LEC) WILL BE INVESTIGATED AFTER THE RACE - DRIVING IN AN UNSAFE CONDITION,,,,,,18,2023,19
2023-10-29 20:38:17,Other,CAR 20 (MAG) TIME 1:43.471 DELETED - TRACK LIMITS AT TURN 2 LAP 24 14:37:09,,,,,,25,2023,19
2023-10-29 20:43:49,Other,CAR 55 (SAI) TIME 1:24.158 DELETED - TRACK LIMITS AT TURN 2 LAP 28 14:41:52,,,,,,29,2023,19
2023-10-29 20:46:35,Other,CAR 20 (MAG) TIME 1:24.579 DELETED - TRACK LIMITS AT TURN 17 LAP 29 14:45:13,,,,,,31,2023,19
2023-10-29 20:49:04,Flag,DOUBLE YELLOW IN TRACK SECTOR 10,,DOUBLE YELLOW,Sector,10.0,,33,2023,19
2023-10-29 20:49:17,Flag,YELLOW IN TRACK SECTOR 9,,YELLOW,Sector,9.0,,33,2023,19
2023-10-29 20:49:24,SafetyCar,SAFETY CAR DEPLOYED,DEPLOYED,,,,,33,2023,19
2023-10-29 20:51:53,Flag,RED FLAG,,RED,Track,,,34,2023,19
2023-10-29 20:51:53,Flag,CLEAR IN TRACK SECTOR 9,,CLEAR,Sector,9.0,,34,2023,19
2023-10-29 20:51:53,Flag,CLEAR IN TRACK SECTOR 10,,CLEAR,Sector,10.0,,34,2023,19
2023-10-29 21:01:00,Other,"ORDER FOR RESTART: 1, 16, 44, 55, 3, 81, 63, 22, 27, 4, 10, 23, 24, 31, 2, 77, 18, 14",,,,,,35,2023,19
2023-10-29 21:01:47,Other,RACE WILL RESUME AT 15:13,,,,,,35,2023,19
2023-10-29 21:07:43,Flag,TRACK CLEAR,,CLEAR,Track,,,35,2023,19
2023-10-29 21:11:01,Other,RACE WILL RESUME AT 15:13 - STANDING START PROCEDURE,,,,,,35,2023,19
2023-10-29 21:11:47,Other,ALL CARS MAY OVERTAKE THE SAFETY CAR,,,,,,35,2023,19
2023-10-29 21:12:46,Other,ALL CARS MAY OVERTAKE THE SAFETY CAR,,,,,,35,2023,19
2023-10-29 21:13:38,Other,STANDING START PROCEDURE,,,,,,35,2023,19
2023-10-29 21:19:29,Drs,DRS ENABLED,ENABLED,,,,,38,2023,19
2023-10-29 21:34:43,Other,TURN 2 INCIDENT INVOLVING CARS 22 (TSU) AND 81 (PIA) NOTED - CAUSING A COLLISION,,,,,,49,2023,19
2023-10-29 21:34:54,Flag,DOUBLE YELLOW IN TRACK SECTOR 3,,DOUBLE YELLOW,Sector,3.0,,49,2023,19
2023-10-29 21:34:55,Flag,YELLOW IN TRACK SECTOR 3,,YELLOW,Sector,3.0,,49,2023,19
2023-10-29 21:34:56,Other,DRS DISABLED IN ZONE 2,,,,,,49,2023,19
2023-10-29 21:35:08,Flag,CLEAR IN TRACK SECTOR 3,,CLEAR,Sector,3.0,,49,2023,19
2023-10-29 21:35:08,Other,DRS ENABLED IN ZONE 2,,,,,,49,2023,19
2023-10-29 21:35:23,CarEvent,CAR 22 (TSU) OFF TRACK AND CONTINUED AT TURN 1,,,,,22,49,2023,19
2023-10-29 21:35:58,Other,TURN 1 INCIDENT INVOLVING CARS 22 (TSU) AND 81 (PIA) NOTED - CAUSING A COLLISION,,,,,,50,2023,19
2023-10-29 21:36:42,Other,CAR 22 (TSU) TIME 1:40.130 DELETED - TRACK LIMITS AT TURN 1 LAP 49 15:34:58,,,,,,50,2023,19
2023-10-29 21:39:59,Other,FIA STEWARDS: TURN 2 INCIDENT INVOLVING CARS 22 (TSU) AND 81 (PIA) UNDER INVESTIGATION - CAUSING A COLLISION,,,,,,53,2023,19
2023-10-29 21:40:05,Other,FIA STEWARDS: TURN 1 INCIDENT INVOLVING CARS 22 (TSU) AND 81 (PIA) UNDER INVESTIGATION - CAUSING A COLLISION,,,,,,53,2023,19
2023-10-29 21:42:28,Other,CAR 22 (TSU) TIME 1:24.328 DELETED - TRACK LIMITS AT TURN 12 LAP 53 15:41:51,,,,,,54,2023,19
2023-10-29 21:44:02,Other,CAR 2 (SAR) TIME 1:23.916 DELETED - TRACK LIMITS AT TURN 2 LAP 54 15:42:07,,,,,,56,2023,19
2023-10-29 21:58:40,Other,CAR 2 (SAR) TIME 1:23.751 DELETED - TRACK LIMITS AT TURN 2 LAP 65 15:57:30,,,,,,66,2023,19
2023-10-29 21:59:56,Flag,YELLOW IN TRACK SECTOR 14,,YELLOW,Sector,14.0,,67,2023,19
2023-10-29 22:00:02,Flag,YELLOW IN TRACK SECTOR 13,,YELLOW,Sector,13.0,,67,2023,19
2023-10-29 22:00:04,Flag,CLEAR IN TRACK SECTOR 14,,CLEAR,Sector,14.0,,67,2023,19
2023-10-29 22:00:05,Other,DRS DISABLED IN ZONE 1,,,,,,67,2023,19
2023-10-29 22:00:07,Flag,CLEAR IN TRACK SECTOR 13,,CLEAR,Sector,13.0,,67,2023,19
2023-10-29 22:00:07,Other,DRS ENABLED IN ZONE 1,,,,,,67,2023,19
2023-10-29 22:00:29,Other,TRACK SURFACE SLIPPERY IN TRACK SECTOR 14,,,,,,68,2023,19
2023-10-29 22:00:56,Flag,CLEAR IN TRACK SECTOR 14,,CLEAR,Sector,14.0,,68,2023,19
2023-10-29 22:00:56,Other,TURN 14 INCIDENT INVOLVING CARS 18 (STR) AND 77 (BOT) NOTED - CAUSING A COLLISION,,,,,,68,2023,19
2023-10-29 22:01:16,Other,TRACK SURFACE SLIPPERY IN TRACK SECTOR 14,,,,,,68,2023,19
2023-10-29 22:01:17,Other,TRACK SURFACE SLIPPERY IN TRACK SECTOR 13,,,,,,68,2023,19
2023-10-29 22:01:26,Flag,CLEAR IN TRACK SECTOR 13,,CLEAR,Sector,13.0,,68,2023,19
2023-10-29 22:01:27,Flag,CLEAR IN TRACK SECTOR 14,,CLEAR,Sector,14.0,,68,2023,19
2023-10-29 22:01:28,Other,FIA STEWARDS: TURN 14 INCIDENT INVOLVING CARS 18 (STR) AND 77 (BOT) WILL BE INVESTIGATED AFTER THE RACE - CAUSING A COLLISION,,,,,,68,2023,19
2023-10-29 22:05:49,Flag,CHEQUERED FLAG,,CHEQUERED,Track,,,71,2023,19
2023-10-29 22:05:59,Other,FIA STEWARDS: TURN 1 INCIDENT INVOLVING CARS 22 (TSU) AND 81 (PIA) NO FURTHER ACTION - CAUSING A COLLISION,,,,,,71,2023,19
2023-10-29 22:06:06,Other,FIA STEWARDS: TURN 2 INCIDENT INVOLVING CARS 22 (TSU) AND 81 (PIA) NO FURTHER ACTION - CAUSING A COLLISION,,,,,,71,2023,19
2023-11-05 16:04:57,Other,PINK HEAD PADDING MATERIAL MUST BE USED,,,,,,1,2023,20
2023-11-05 16:10:02,Flag,GREEN LIGHT - PIT EXIT OPEN,,GREEN,Track,,,1,2023,20
2023-11-05 16:20:01,Other,PIT EXIT CLOSED,,,,,,1,2023,20
2023-11-05 16:45:09,Other,RISK OF RAIN FOR F1 RACE IS 0 %,,,,,,1,2023,20
2023-11-05 16:57:05,Drs,DRS DISABLED,DISABLED,,,,,1,2023,20
2023-11-05 17:01:00,Flag,DOUBLE YELLOW IN TRACK SECTOR 8,,DOUBLE YELLOW,Sector,8.0,,1,2023,20
2023-11-05 17:01:14,Flag,CLEAR IN TRACK SECTOR 8,,CLEAR,Sector,8.0,,1,2023,20
2023-11-05 17:01:14,Flag,YELLOW IN TRACK SECTOR 8,,YELLOW,Sector,8.0,,1,2023,20
2023-11-05 17:01:46,Flag,CLEAR IN TRACK SECTOR 8,,CLEAR,Sector,8.0,,1,2023,20
2023-11-05 17:02:00,Flag,YELLOW IN TRACK SECTOR 9,,YELLOW,Sector,9.0,,1,2023,20
2023-11-05 17:02:15,Flag,CLEAR IN TRACK SECTOR 9,,CLEAR,Sector,9.0,,1,2023,20
2023-11-05 17:03:23,Flag,GREEN LIGHT - PIT EXIT OPEN,,GREEN,Track,,,1,2023,20
2023-11-05 17:03:32,Flag,DOUBLE YELLOW IN TRACK SECTOR 2,,DOUBLE YELLOW,Sector,2.0,,1,2023,20
2023-11-05 17:03:50,SafetyCar,SAFETY CAR DEPLOYED,DEPLOYED,,,,,1,2023,20
2023-11-05 17:04:04,SafetyCar,SAFETY CAR THROUGH THE PIT LANE,THROUGH THE PIT LANE,,,,,1,2023,20
2023-11-05 17:06:35,Flag,RED FLAG,,RED,Track,,,2,2023,20
2023-11-05 17:06:35,Flag,CLEAR IN TRACK SECTOR 2,,CLEAR,Sector,2.0,,2,2023,20
2023-11-05 17:15:39,Other,"ORDER FOR RESTART: 1, 4, 44, 14, 18, 63, 11, 55, 31, 22, 10, 77, 24, 2, 27, 81, 3",,,,,,3,2023,20
2023-11-05 17:19:22,Other,PIT LANE ENTRY OPEN,,,,,,3,2023,20
2023-11-05 17:20:25,Other,RACE WILL RESUME AT 14:31,,,,,,3,2023,20
2023-11-05 17:24:57,Other,LAP 1 TURN 1 INCIDENT INVOLVING CARS 23 (ALB) AND 20 (MAG) NOTED - CAUSING A COLLISION,,,,,,3,2023,20
2023-11-05 17:27:51,Flag,TRACK CLEAR,,CLEAR,Track,,,3,2023,20
2023-11-05 17:29:01,Other,RACE WILL RESUME AT 14:31 - STANDING START PROCEDURE,,,,,,3,2023,20
2023-11-05 17:30:46,Other,ALL CARS MAY OVERTAKE THE SAFETY CAR,,,,,,3,2023,20
2023-11-05 17:35:37,Other,FIA STEWARDS: LAP 1 TURN 1 INCIDENT INVOLVING CARS 23 (ALB) AND 20 (MAG) REVIEWED NO FURTHER INVESTIGATION - CAUSING A COLLISION,,,,,,5,2023,20
2023-11-05 17:36:37,Drs,DRS ENABLED,ENABLED,,,,,5,2023,20
2023-11-05 17:48:25,Flag,WAVED BLUE FLAG FOR CAR 3 (RIC) TIMED AT 14:48:24,,BLUE,Driver,,3,15,2023,20
2023-11-05 17:49:47,Flag,WAVED BLUE FLAG FOR CAR 81 (PIA) TIMED AT 14:49:46,,BLUE,Driver,,81,16,2023,20
2023-11-05 17:52:14,Flag,WAVED BLUE FLAG FOR CAR 3 (RIC) TIMED AT 14:52:14,,BLUE,Driver,,3,18,2023,20
2023-11-05 18:02:09,Flag,WAVED BLUE FLAG FOR CAR 81 (PIA) TIMED AT 15:02:08,,BLUE,Driver,,81,26,2023,20
2023-11-05 18:03:20,Flag,WAVED BLUE FLAG FOR CAR 3 (RIC) TIMED AT 15:03:20,,BLUE,Driver,,3,27,2023,20
2023-11-05 18:05:47,Flag,WAVED BLUE FLAG FOR CAR 3 (RIC) TIMED AT 15:05:47,,BLUE,Driver,,3,28,2023,20
2023-11-05 18:14:25,Flag,WAVED BLUE FLAG FOR CAR 3 (RIC) TIMED AT 15:14:25,,BLUE,Driver,,3,35,2023,20
2023-11-05 18:15:05,Flag,WAVED BLUE FLAG FOR CAR 81 (PIA) TIMED AT 15:15:05,,BLUE,Driver,,81,36,2023,20
2023-11-05 18:16:58,Flag,WAVED BLUE FLAG FOR CAR 3 (RIC) TIMED AT 15:16:57,,BLUE,Driver,,3,37,2023,20
2023-11-05 18:18:12,Flag,WAVED BLUE FLAG FOR CAR 81 (PIA) TIMED AT 15:18:12,,BLUE,Driver,,81,38,2023,20
2023-11-05 18:37:35,Flag,WAVED BLUE FLAG FOR CAR 81 (PIA) TIMED AT 15:37:35,,BLUE,Driver,,81,54,2023,20
2023-11-05 18:37:56,Flag,WAVED BLUE FLAG FOR CAR 81 (PIA) TIMED AT 15:37:55,,BLUE,Driver,,81,54,2023,20
2023-11-05 18:38:27,Flag,WAVED BLUE FLAG FOR CAR 81 (PIA) TIMED AT 15:38:26,,BLUE,Driver,,81,54,2023,20
2023-11-05 18:41:40,Flag,WAVED BLUE FLAG FOR CAR 81 (PIA) TIMED AT 15:41:39,,BLUE,Driver,,81,57,2023,20
2023-11-05 18:42:07,Flag,WAVED BLUE FLAG FOR CAR 3 (RIC) TIMED AT 15:42:06,,BLUE,Driver,,3,57,2023,20
2023-11-05 18:42:55,Flag,WAVED BLUE FLAG FOR CAR 3 (RIC) TIMED AT 15:42:55,,BLUE,Driver,,3,58,2023,20
2023-11-05 18:43:33,Flag,WAVED BLUE FLAG FOR CAR 81 (PIA) TIMED AT 15:43:32,,BLUE,Driver,,81,58,2023,20
2023-11-05 18:43:42,Flag,WAVED BLUE FLAG FOR CAR 63 (RUS) TIMED AT 15:43:42,,BLUE,Driver,,63,58,2023,20
2023-11-05 18:45:13,Flag,WAVED BLUE FLAG FOR CAR 2 (SAR) TIMED AT 15:45:13,,BLUE,Driver,,2,59,2023,20
2023-11-05 18:50:19,Flag,WAVED BLUE FLAG FOR CAR 81 (PIA) TIMED AT 15:50:19,,BLUE,Driver,,81,63,2023,20
2023-11-05 18:51:37,Flag,WAVED BLUE FLAG FOR CAR 81 (PIA) TIMED AT 15:51:36,,BLUE,Driver,,81,65,2023,20
2023-11-05 18:51:53,Flag,WAVED BLUE FLAG FOR CAR 2 (SAR) TIMED AT 15:51:53,,BLUE,Driver,,2,65,2023,20
2023-11-05 18:53:42,Flag,WAVED BLUE FLAG FOR CAR 31 (OCO) TIMED AT 15:53:41,,BLUE,Driver,,31,66,2023,20
2023-11-05 18:58:49,Flag,WAVED BLUE FLAG FOR CAR 31 (OCO) TIMED AT 15:58:48,,BLUE,Driver,,31,70,2023,20
2023-11-05 19:00:12,Flag,CHEQUERED FLAG,,CHEQUERED,Track,,,71,2023,20
2023-11-19 05:57:18,Drs,DRS DISABLED,DISABLED,,,,,1,2023,21
2023-11-19 06:04:05,Flag,GREEN LIGHT - PIT EXIT OPEN,,GREEN,Track,,,1,2023,21
2023-11-19 06:04:18,Flag,YELLOW IN TRACK SECTOR 2,,YELLOW,Sector,2.0,,1,2023,21
2023-11-19 06:04:23,Flag,CLEAR IN TRACK SECTOR 2,,CLEAR,Sector,2.0,,1,2023,21
2023-11-19 06:04:31,Flag,YELLOW IN TRACK SECTOR 2,,YELLOW,Sector,2.0,,1,2023,21
2023-11-19 06:04:40,Flag,CLEAR IN TRACK SECTOR 2,,CLEAR,Sector,2.0,,1,2023,21
2023-11-19 06:04:53,Other,LAP 1 TURN 1 NOTED,,,,,,1,2023,21
2023-11-19 06:05:49,SafetyCar,VIRTUAL SAFETY CAR DEPLOYED,DEPLOYED,,,,,1,2023,21
2023-11-19 06:07:46,SafetyCar,VIRTUAL SAFETY CAR ENDING,ENDING,,,,,2,2023,21
2023-11-19 06:07:58,Flag,TRACK CLEAR,,CLEAR,Track,,,2,2023,21
2023-11-19 06:08:40,Drs,DRS ENABLED,ENABLED,,,,,3,2023,21
2023-11-19 06:09:05,Other,FIA STEWARDS: LAP 1 TURN 1 UNDER INVESTIGATION,,,,,,3,2023,21
2023-11-19 06:09:18,Flag,DOUBLE YELLOW IN TRACK SECTOR 14,,DOUBLE YELLOW,Sector,14.0,,3,2023,21
2023-11-19 06:09:27,SafetyCar,SAFETY CAR DEPLOYED,DEPLOYED,,,,,3,2023,21
2023-11-19 06:13:40,Other,CAR 11 (PER) TIME 2:45.405 DELETED - TRACK LIMITS AT TURN 8 LAP 4 22:11:21,,,,,,5,2023,21
2023-11-19 06:14:26,Other,CAR 77 (BOT) TIME 2:27.981 DELETED - TRACK LIMITS AT TURN 8 LAP 2 22:07:56,,,,,,5,2023,21
2023-11-19 06:15:43,Flag,CLEAR IN TRACK SECTOR 14,,CLEAR,Sector,14.0,,5,2023,21
2023-11-19 06:16:28,SafetyCar,SAFETY CAR IN THIS LAP,IN THIS LAP,,,,,6,2023,21
2023-11-19 06:17:57,Flag,TRACK CLEAR,,CLEAR,Track,,,6,2023,21
2023-11-19 06:20:32,Other,FIA STEWARDS: LAP 1 TURN 1 INCIDENT 5 SECOND TIME PENALTY FOR CAR 1 (VER) - FORCING ANOTHER DRIVER OFF THE TRACK,,,,,,8,2023,21
2023-11-19 06:21:44,Drs,DRS ENABLED,ENABLED,,,,,8,2023,21
2023-11-19 06:24:00,Other,CAR 31 (OCO) TIME 1:41.013 DELETED - TRACK LIMITS AT TURN 17 LAP 8 22:21:56,,,,,,10,2023,21
2023-11-19 06:24:02,Other,CAR 31 (OCO) TIME 1:40.316 DELETED - TRACK LIMITS AT TURN 17 (NEXT LAP),,,,,,10,2023,21
2023-11-19 06:30:57,Other,CAR 20 (MAG) TIME 1:39.792 DELETED - TRACK LIMITS AT TURN 7 LAP 13 22:29:16,,,,,,14,2023,21
2023-11-19 06:30:58,Flag,YELLOW IN TRACK SECTOR 9,,YELLOW,Sector,9.0,,14,2023,21
2023-11-19 06:30:59,Flag,CLEAR IN TRACK SECTOR 9,,CLEAR,Sector,9.0,,14,2023,21
2023-11-19 06:31:39,Other,TRACK SURFACE SLIPPERY IN TRACK SECTOR 17,,,,,,14,2023,21
2023-11-19 06:32:11,Other,CAR 20 (MAG) LAP DELETED - TRACK LIMITS AT TURN 8 LAP 14 22:30:58 (PIT),,,,,,15,2023,21
2023-11-19 06:33:53,Flag,CLEAR IN TRACK SECTOR 17,,CLEAR,Sector,17.0,,16,2023,21
2023-11-19 06:37:18,Other,TURN 14 INCIDENT INVOLVING CARS 81 (PIA) AND 44 (HAM) NOTED - CAUSING A COLLISION,,,,,,18,2023,21
2023-11-19 06:38:04,Other,CAR 44 (HAM) TIME 1:58.137 DELETED - TRACK LIMITS AT TURN 7 LAP 17 22:35:58,,,,,,18,2023,21
2023-11-19 06:38:35,Other,FIA STEWARDS: TURN 14 INCIDENT INVOLVING CARS 81 (PIA) AND 44 (HAM) REVIEWED NO FURTHER INVESTIGATION - CAUSING A COLLISION,,,,,,19,2023,21
2023-11-19 06:40:33,Other,CAR 77 (BOT) TIME 1:43.971 DELETED - TRACK LIMITS AT TURN 1 LAP 14 22:30:36,,,,,,20,2023,21
2023-11-19 06:40:55,Flag,YELLOW IN TRACK SECTOR 9,,YELLOW,Sector,9.0,,20,2023,21
2023-11-19 06:40:57,Flag,CLEAR IN TRACK SECTOR 9,,CLEAR,Sector,9.0,,20,2023,21
2023-11-19 06:42:05,Other,CAR 18 (STR) TIME 1:39.953 DELETED - TRACK LIMITS AT TURN 8 LAP 20 22:40:54,,,,,,21,2023,21
2023-11-19 06:49:43,Other,TRACK SURFACE SLIPPERY IN TRACK SECTOR 14,,,,,,25,2023,21
2023-11-19 06:51:24,SafetyCar,SAFETY CAR DEPLOYED,DEPLOYED,,,,,26,2023,21
2023-11-19 06:51:24,Flag,CLEAR IN TRACK SECTOR 14,,CLEAR,Sector,14.0,,26,2023,21
2023-11-19 06:52:40,Flag,DOUBLE YELLOW IN TRACK SECTOR 14,,DOUBLE YELLOW,Sector,14.0,,27,2023,21
2023-11-19 06:52:52,Other,TURN 12 INCIDENT INVOLVING CARS 63 (RUS) AND 1 (VER) NOTED - CAUSING A COLLISION,,,,,,27,2023,21
2023-11-19 06:54:11,Other,FIA STEWARDS: TURN 12 INCIDENT INVOLVING CARS 63 (RUS) AND 1 (VER) UNDER INVESTIGATION - CAUSING A COLLISION,,,,,,27,2023,21
2023-11-19 06:56:03,Flag,CLEAR IN TRACK SECTOR 14,,CLEAR,Sector,14.0,,28,2023,21
2023-11-19 06:56:17,SafetyCar,SAFETY CAR IN THIS LAP,IN THIS LAP,,,,,28,2023,21
2023-11-19 06:57:17,Flag,TRACK CLEAR,,CLEAR,Track,,,28,2023,21
2023-11-19 06:57:20,Other,TRACK SURFACE SLIPPERY IN TRACK SECTOR 8,,,,,,28,2023,21
2023-11-19 06:57:22,Other,FIA STEWARDS: 5 SECOND TIME PENALTY FOR CAR 63 (RUS) - CAUSING A COLLISION,,,,,,28,2023,21
2023-11-19 06:57:30,Flag,CLEAR IN TRACK SECTOR 8,,CLEAR,Sector,8.0,,28,2023,21
2023-11-19 06:58:44,Other,PIT LANE INCIDENT INVOLVING CAR 1 (VER) NOTED - UNSAFE RELEASE,,,,,,29,2023,21
2023-11-19 06:58:47,Other,CAR 10 (GAS) TIME 2:45.291 DELETED - TRACK LIMITS AT TURN 17 LAP 28 22:57:45,,,,,,29,2023,21
2023-11-19 06:59:23,Other,FIA STEWARDS: PIT LANE INCIDENT INVOLVING CAR 1 (VER) REVIEWED NO FURTHER INVESTIGATION - UNSAFE RELEASE,,,,,,29,2023,21
2023-11-19 06:59:30,Other,CAR 10 (GAS) TIME 1:41.251 DELETED - TRACK LIMITS AT TURN 17 (NEXT LAP),,,,,,30,2023,21
2023-11-19 07:00:56,Drs,DRS ENABLED,ENABLED,,,,,30,2023,21
2023-11-19 07:16:35,Flag,YELLOW IN TRACK SECTOR 9,,YELLOW,Sector,9.0,,40,2023,21
2023-11-19 07:16:36,Flag,CLEAR IN TRACK SECTOR 9,,CLEAR,Sector,9.0,,40,2023,21
2023-11-19 07:17:45,Other,CAR 2 (SAR) TIME 1:39.781 DELETED - TRACK LIMITS AT TURN 8 LAP 40 23:16:34,,,,,,41,2023,21
2023-11-19 07:18:42,Other,CAR 23 (ALB) TIME 1:41.170 DELETED - TRACK LIMITS AT TURN 4 LAP 40 23:16:06,,,,,,41,2023,21
2023-11-19 07:22:13,Other,CAR 16 (LEC) TIME 1:38.449 DELETED - TRACK LIMITS AT TURN 12 LAP 43 23:21:23,,,,,,44,2023,21
2023-11-19 07:27:15,Flag,YELLOW IN TRACK SECTOR 18,,YELLOW,Sector,18.0,,47,2023,21
2023-11-19 07:27:17,Other,DRS DISABLED IN ZONE 2,,,,,,47,2023,21
2023-11-19 07:27:22,Flag,CLEAR IN TRACK SECTOR 18,,CLEAR,Sector,18.0,,47,2023,21
2023-11-19 07:27:23,Other,DRS ENABLED IN ZONE 2,,,,,,47,2023,21
2023-11-19 07:28:52,Other,CAR 44 (HAM) TIME 1:36.425 DELETED - TRACK LIMITS AT TURN 8 LAP 47 23:27:46,,,,,,48,2023,21
2023-11-19 07:28:53,Other,CAR 14 (ALO) TIME 1:36.718 DELETED - TRACK LIMITS AT TURN 8 LAP 47 23:27:47,,,,,,48,2023,21
2023-11-19 07:29:41,Flag,YELLOW IN TRACK SECTOR 18,,YELLOW,Sector,18.0,,48,2023,21
2023-11-19 07:29:43,Other,DRS DISABLED IN ZONE 2,,,,,,48,2023,21
2023-11-19 07:29:50,Flag,CLEAR IN TRACK SECTOR 18,,CLEAR,Sector,18.0,,48,2023,21
2023-11-19 07:29:50,Other,DRS ENABLED IN ZONE 2,,,,,,48,2023,21
2023-11-19 07:33:16,Flag,CHEQUERED FLAG,,CHEQUERED,Track,,,50,2023,21
2023-11-19 07:34:43,Flag,YELLOW IN TRACK SECTOR 21,,YELLOW,Sector,21.0,,50,2023,21
2023-11-19 07:34:47,Flag,YELLOW IN TRACK SECTOR 20,,YELLOW,Sector,20.0,,50,2023,21
2023-11-19 07:41:58,Flag,CLEAR IN TRACK SECTOR 20,,CLEAR,Sector,20.0,,50,2023,21
2023-11-19 07:42:03,Flag,CLEAR IN TRACK SECTOR 21,,CLEAR,Sector,21.0,,50,2023,21
2023-11-26 12:10:01,Flag,GREEN LIGHT - PIT EXIT OPEN,,GREEN,Track,,,1,2023,22
2023-11-26 12:20:01,Other,PIT EXIT CLOSED,,,,,,1,2023,22
2023-11-26 12:23:35,Flag,DOUBLE YELLOW IN TRACK SECTOR 12,,DOUBLE YELLOW,Sector,12.0,,1,2023,22
2023-11-26 12:23:38,Flag,CLEAR IN TRACK SECTOR 12,,CLEAR,Sector,12.0,,1,2023,22
2023-11-26 12:45:08,Other,RISK OF RAIN FOR F1 RACE IS 0%,,,,,,1,2023,22
2023-11-26 12:57:05,Drs,DRS DISABLED,DISABLED,,,,,1,2023,22
2023-11-26 13:03:26,Flag,GREEN LIGHT - PIT EXIT OPEN,,GREEN,Track,,,1,2023,22
2023-11-26 13:06:30,Drs,DRS ENABLED,ENABLED,,,,,3,2023,22
2023-11-26 13:11:34,Other,CAR 3 (RIC) TIME 1:31.326 DELETED - TRACK LIMITS AT TURN 1 LAP 5 17:09:49,,,,,,6,2023,22
2023-11-26 13:14:08,Other,TURN 7 INCIDENT INVOLVING CARS 24 (ZHO) AND 23 (ALB) NOTED - FORCING ANOTHER DRIVER OFF THE TRACK,,,,,,8,2023,22
2023-11-26 13:14:56,Other,TURN 7 INCIDENT INVOLVING CARS 2 (SAR) AND 20 (MAG) NOTED - FORCING ANOTHER DRIVER OFF THE TRACK,,,,,,8,2023,22
2023-11-26 13:15:56,Other,CAR 23 (ALB) TIME 1:33.560 DELETED - TRACK LIMITS AT TURN 7 LAP 2 17:05:55,,,,,,9,2023,22
2023-11-26 13:15:57,Other,CAR 2 (SAR) TIME 1:33.582 DELETED - TRACK LIMITS AT TURN 7 LAP 2 17:05:55,,,,,,9,2023,22
2023-11-26 13:16:05,Other,CAR 55 (SAI) TIME 1:31.175 DELETED - TRACK LIMITS AT TURN 1 LAP 6 17:11:19,,,,,,9,2023,22
2023-11-26 13:17:24,Other,FIA STEWARDS: TURN 7 INCIDENT INVOLVING CARS 24 (ZHO) AND 23 (ALB) REVIEWED NO FURTHER INVESTIGATION - FORCING ANOTHER DRIVER OFF THE TRACK,,,,,,10,2023,22
2023-11-26 13:18:08,Other,CAR 4 (NOR) TIME 1:30.613 DELETED - TRACK LIMITS AT TURN 1 LAP 9 17:15:42,,,,,,10,2023,22
2023-11-26 13:18:43,Other,CAR 16 (LEC) TIME 1:30.609 DELETED - TRACK LIMITS AT TURN 1 LAP 10 17:17:11,,,,,,11,2023,22
2023-11-26 13:19:10,Other,FIA STEWARDS: TURN 7 INCIDENT INVOLVING CARS 2 (SAR) AND 20 (MAG) REVIEWED NO FURTHER INVESTIGATION - FORCING ANOTHER DRIVER OFF THE TRACK,,,,,,11,2023,22
2023-11-26 13:20:02,Other,CAR 2 (SAR) TIME 1:32.038 DELETED - TRACK LIMITS AT TURN 4 LAP 10 17:17:38,,,,,,11,2023,22
2023-11-26 13:20:28,Other,CAR 27 (HUL) TIME 1:32.002 DELETED - TRACK LIMITS AT TURN 1 LAP 11 17:18:57,,,,,,12,2023,22
2023-11-26 13:21:59,Other,CAR 24 (ZHO) TIME 1:32.298 DELETED - TRACK LIMITS AT TURN 1 LAP 12 17:20:31,,,,,,13,2023,22
2023-11-26 13:24:53,Other,CAR 44 (HAM) TIME 1:31.432 DELETED - TRACK LIMITS AT TURN 1 LAP 14 17:23:26,,,,,,15,2023,22
2023-11-26 13:24:59,Other,CAR 18 (STR) TIME 1:31.693 DELETED - TRACK LIMITS AT TURN 1 LAP 14 17:23:27,,,,,,15,2023,22
2023-11-26 13:25:11,Other,CAR 23 (ALB) TIME 1:31.655 DELETED - TRACK LIMITS AT TURN 4 LAP 14 17:23:44,,,,,,15,2023,22
2023-11-26 13:26:41,Other,CAR 81 (PIA) TIME 1:30.649 DELETED - TRACK LIMITS AT TURN 4 LAP 15 17:25:20,,,,,,16,2023,22
2023-11-26 13:27:04,Other,TURN 6 INCIDENT INVOLVING CARS 44 (HAM) AND 10 (GAS) NOTED - CAUSING A COLLISION,,,,,,16,2023,22
2023-11-26 13:27:40,Other,CAR 22 (TSU) TIME 1:30.901 DELETED - TRACK LIMITS AT TURN 16 LAP 15 17:26:13,,,,,,17,2023,22
2023-11-26 13:27:52,Other,CAR 22 (TSU) TIME 1:31.081 DELETED - TRACK LIMITS AT TURN 16 (NEXT LAP),,,,,,17,2023,22
2023-11-26 13:28:10,Other,FIA STEWARDS: TURN 6 INCIDENT INVOLVING CARS 44 (HAM) AND 10 (GAS) UNDER INVESTIGATION - CAUSING A COLLISION,,,,,,17,2023,22
2023-11-26 13:29:23,Other,CAR 22 (TSU) TIME 1:31.228 DELETED - TRACK LIMITS AT TURN 1 LAP 17 17:27:55,,,,,,18,2023,22
2023-11-26 13:34:24,Other,FIA STEWARDS: TURN 6 INCIDENT INVOLVING CARS 44 (HAM) AND 10 (GAS) NO FURTHER ACTION - CAUSING A COLLISION,,,,,,21,2023,22
2023-11-26 13:38:31,Other,CAR 1 (VER) TIME 1:29.634 DELETED - TRACK LIMITS AT TURN 1 LAP 23 17:37:04,,,,,,24,2023,22
2023-11-26 13:39:28,Other,CAR 20 (MAG) TIME 1:51.422 DELETED - TRACK LIMITS AT TURN 4 LAP 23 17:38:07,,,,,,24,2023,22
2023-11-26 13:47:53,Other,CAR 16 (LEC) TIME 1:29.556 DELETED - TRACK LIMITS AT TURN 16 LAP 29 17:47:26,,,,,,30,2023,22
2023-11-26 13:49:31,Other,CAR 55 (SAI) TIME 1:29.700 DELETED - TRACK LIMITS AT TURN 1 LAP 30 17:48:05,,,,,,31,2023,22
2023-11-26 13:50:43,Other,CAR 81 (PIA) TIME 1:30.082 DELETED - TRACK LIMITS AT TURN 1 LAP 31 17:49:17,,,,,,32,2023,22
2023-11-26 13:51:01,Other,CAR 3 (RIC) TIME 1:32.484 DELETED - TRACK LIMITS AT TURN 1 LAP 31 17:49:29,,,,,,32,2023,22
2023-11-26 13:51:51,Other,CAR 4 (NOR) TIME 1:30.010 DELETED - TRACK LIMITS AT TURN 12 LAP 31 17:50:13,,,,,,33,2023,22
2023-11-26 13:52:23,Other,CAR 18 (STR) TIME 1:29.831 DELETED - TRACK LIMITS AT TURN 1 LAP 32 17:50:56,,,,,,33,2023,22
2023-11-26 13:53:47,Other,CAR 14 (ALO) TIME 1:30.426 DELETED - TRACK LIMITS AT TURN 1 LAP 33 17:52:18,,,,,,34,2023,22
2023-11-26 13:59:26,Other,CAR 23 (ALB) TIME 1:30.555 DELETED - TRACK LIMITS AT TURN 4 LAP 31 17:49:50,,,,,,38,2023,22
2023-11-26 13:59:51,Other,CAR 23 (ALB) TIME 1:30.350 DELETED - TRACK LIMITS AT TURN 4 LAP 32 17:51:21,,,,,,38,2023,22
2023-11-26 13:59:59,Flag,BLACK AND WHITE FLAG FOR CAR 23 (ALB) - TRACK LIMITS,,BLACK AND WHITE,Driver,,23,38,2023,22
2023-11-26 14:02:08,Other,TURN 4 INCIDENT INVOLVING CARS 14 (ALO) AND 44 (HAM) NOTED - DRIVING ERRATICALLY,,,,,,39,2023,22
2023-11-26 14:04:43,Other,FIA STEWARDS: TURN 4 INCIDENT INVOLVING CARS 14 (ALO) AND 44 (HAM) REVIEWED NO FURTHER INVESTIGATION - DRIVING ERRATICALLY,,,,,,41,2023,22
2023-11-26 14:05:31,Other,CAR 11 (PER) TIME 1:29.195 DELETED - TRACK LIMITS AT TURN 1 LAP 41 18:04:05,,,,,,42,2023,22
2023-11-26 14:08:35,Other,INCIDENT INVOLVING CAR 44 (HAM) NOTED - PIT STOP INFRINGEMENT,,,,,,44,2023,22
2023-11-26 14:09:13,Other,CAR 10 (GAS) TIME 1:29.621 DELETED - TRACK LIMITS AT TURN 4 LAP 41 18:05:02,,,,,,44,2023,22
2023-11-26 14:11:07,Other,CAR 10 (GAS) TIME 1:29.717 DELETED - TRACK LIMITS AT TURN 4 LAP 43 18:08:01,,,,,,45,2023,22
2023-11-26 14:11:35,Other,FIA STEWARDS: INCIDENT INVOLVING CAR 44 (HAM) WILL BE INVESTIGATED AFTER THE RACE - PIT STOP INFRINGEMENT,,,,,,46,2023,22
2023-11-26 14:13:23,Other,INCIDENT INVOLVING CAR 10 (GAS) NOTED - PIT STOP INFRINGEMENT,,,,,,47,2023,22
2023-11-26 14:13:31,Other,FIA STEWARDS: INCIDENT INVOLVING CAR 10 (GAS) WILL BE INVESTIGATED AFTER THE RACE - PIT STOP INFRINGEMENT,,,,,,47,2023,22
2023-11-26 14:14:22,Other,TURN 6 INCIDENT INVOLVING CARS 4 (NOR) AND 11 (PER) NOTED - CAUSING A COLLISION,,,,,,48,2023,22
2023-11-26 14:14:57,Other,CAR 4 (NOR) TIME 1:28.568 DELETED - TRACK LIMITS AT TURN 6 LAP 47 18:13:51,,,,,,48,2023,22
2023-11-26 14:15:37,Other,FIA STEWARDS: TURN 6 INCIDENT INVOLVING CARS 4 (NOR) AND 11 (PER) UNDER INVESTIGATION - CAUSING A COLLISION,,,,,,48,2023,22
2023-11-26 14:18:33,Other,"INCIDENT INVOLVING CARS 1 (VER), 2 (SAR), 24 (ZHO) NOTED - PIT STOP INFRINGEMENT",,,,,,50,2023,22
2023-11-26 14:19:14,Other,FIA STEWARDS: 5 SECOND TIME PENALTY FOR CAR 11 (PER) - CAUSING A COLLISION,,,,,,51,2023,22
2023-11-26 14:19:51,Other,"FIA STEWARDS: INCIDENT INVOLVING CARS 1 (VER), 2 (SAR), 24 (ZHO) WILL BE INVESTIGATED AFTER THE RACE - PIT STOP INFRINGEMENT",,,,,,51,2023,22
2023-11-26 14:22:01,Flag,WAVED BLUE FLAG FOR CAR 20 (MAG) TIMED AT 18:22:01,,BLUE,Driver,,20,53,2023,22
2023-11-26 14:23:22,Flag,WAVED BLUE FLAG FOR CAR 77 (BOT) TIMED AT 18:23:21,,BLUE,Driver,,77,54,2023,22
2023-11-26 14:24:58,Other,CAR 63 (RUS) TIME 1:30.038 DELETED - TRACK LIMITS AT TURN 1 LAP 54 18:23:31,,,,,,55,2023,22
2023-11-26 14:30:15,Flag,WAVED BLUE FLAG FOR CAR 24 (ZHO) TIMED AT 18:30:14,,BLUE,Driver,,24,58,2023,22
2023-11-26 14:30:29,Flag,CHEQUERED FLAG,,CHEQUERED,Track,,,58,2023,22
2023-11-26 14:40:35,Other,INCIDENT INVOLVING CAR 23 (ALB) NOTED - PIT STOP INFRINGEMENT,,,,,,58,2023,22
2023-11-26 14:40:42,Other,FIA STEWARDS: INCIDENT INVOLVING CAR 23 (ALB) WILL BE INVESTIGATED AFTER THE RACE - PIT STOP INFRINGEMENT,,,,,,58,2023,22
