Time,Category,Message,Status,Flag,Scope,Sector,RacingNumber,Lap,Season,Round,EventName
2021-03-28 14:45:06,Other,RISK OF RAIN FOR F1 RACE IS 0%,,,,,,1.0,2021,1,Bahrain Grand Prix
2021-03-28 14:57:06,Drs,DRS DISABLED,DISABLED,,,,,1.0,2021,1,Bahrain Grand Prix
2021-03-28 14:57:40,Flag,YELLOW IN TRACK SECTOR 12,,YELLOW,Sector,12.0,,1.0,2021,1,Bahrain Grand Prix
2021-03-28 14:57:41,Flag,CLEAR IN TRACK SECTOR 12,,CLEAR,Sector,12.0,,1.0,2021,1,Bahrain Grand Prix
2021-03-28 15:03:30,Other,START ABORTED - EXTRA FORMATION LAP,,,,,,1.0,2021,1,Bahrain Grand Prix
2021-03-28 15:07:10,Flag,GREEN LIGHT - PIT EXIT OPEN,,GREEN,Track,,,1.0,2021,1,Bahrain Grand Prix
2021-03-28 15:07:35,Flag,YELLOW IN TRACK SECTOR 3,,YELLOW,Sector,3.0,,1.0,2021,1,Bahrain Grand Prix
2021-03-28 15:08:12,SafetyCar,SAFETY CAR DEPLOYED,DEPLOYED,,,,,1.0,2021,1,Bahrain Grand Prix
2021-03-28 15:12:00,Flag,CLEAR IN TRACK SECTOR 3,,CLEAR,Sector,3.0,,3.0,2021,1,Bahrain Grand Prix
2021-03-28 15:12:15,SafetyCar,SAFETY CAR IN THIS LAP,IN THIS LAP,,,,,3.0,2021,1,Bahrain Grand Prix
2021-03-28 15:13:49,Flag,TRACK CLEAR,,CLEAR,Track,,,3.0,2021,1,Bahrain Grand Prix
2021-03-28 15:14:48,Flag,YELLOW IN TRACK SECTOR 4,,YELLOW,Sector,4.0,,4.0,2021,1,Bahrain Grand Prix
2021-03-28 15:14:48,Flag,YELLOW IN TRACK SECTOR 6,,YELLOW,Sector,6.0,,4.0,2021,1,Bahrain Grand Prix
2021-03-28 15:14:50,Flag,CLEAR IN TRACK SECTOR 6,,CLEAR,Sector,6.0,,4.0,2021,1,Bahrain Grand Prix
2021-03-28 15:15:01,Flag,CLEAR IN TRACK SECTOR 4,,CLEAR,Sector,4.0,,4.0,2021,1,Bahrain Grand Prix
2021-03-28 15:15:33,SafetyCar,VIRTUAL SAFETY CAR DEPLOYED,DEPLOYED,,,,,4.0,2021,1,Bahrain Grand Prix
2021-03-28 15:16:16,SafetyCar,VIRTUAL SAFETY CAR ENDING,ENDING,,,,,5.0,2021,1,Bahrain Grand Prix
2021-03-28 15:16:30,Flag,TRACK CLEAR,,CLEAR,Track,,,5.0,2021,1,Bahrain Grand Prix
2021-03-28 15:16:36,Drs,DRS ENABLED,ENABLED,,,,,5.0,2021,1,Bahrain Grand Prix
2021-03-28 15:17:34,Other,TURN 3 INCIDENT INVOLVING CAR 9 (MAZ) NOTED,,,,,,5.0,2021,1,Bahrain Grand Prix
2021-03-28 15:18:03,Other,TURN 4 INCIDENT INVOLVING CAR 10 (GAS) NOTED,,,,,,6.0,2021,1,Bahrain Grand Prix
2021-03-28 15:21:27,Other,TURN 4 INCIDENT INVOLVING CAR 10 (GAS) - NO INVESTIGATION NECESSARY,,,,,,8.0,2021,1,Bahrain Grand Prix
2021-03-28 15:24:30,Other,TURN 4 INCIDENT INVOLVING CARS 4 (NOR) AND 16 (LEC) NOTED - NO INVESTIGATION NECESSARY,,,,,,10.0,2021,1,Bahrain Grand Prix
2021-03-28 15:57:23,Flag,WAVED BLUE FLAG FOR CAR 47 (MSC) TIMED AT 18:57:23,,BLUE,Driver,,47,30.0,2021,1,Bahrain Grand Prix
2021-03-28 16:03:41,Flag,WAVED BLUE FLAG FOR CAR 6 (LAT) TIMED AT 19:03:40,,BLUE,Driver,,6,34.0,2021,1,Bahrain Grand Prix
2021-03-28 16:05:20,Flag,WAVED BLUE FLAG FOR CAR 10 (GAS) TIMED AT 19:05:20,,BLUE,Driver,,10,35.0,2021,1,Bahrain Grand Prix
2021-03-28 16:09:48,Flag,WAVED BLUE FLAG FOR CAR 47 (MSC) TIMED AT 19:09:48,,BLUE,Driver,,47,38.0,2021,1,Bahrain Grand Prix
2021-03-28 16:11:59,Flag,WAVED BLUE FLAG FOR CAR 6 (LAT) TIMED AT 19:11:58,,BLUE,Driver,,6,39.0,2021,1,Bahrain Grand Prix
2021-03-28 16:17:30,Flag,WAVED BLUE FLAG FOR CAR 47 (MSC) TIMED AT 19:17:30,,BLUE,Driver,,47,43.0,2021,1,Bahrain Grand Prix
2021-03-28 16:18:10,Flag,WAVED BLUE FLAG FOR CAR 63 (RUS) TIMED AT 19:18:10,,BLUE,Driver,,63,43.0,2021,1,Bahrain Grand Prix
2021-03-28 16:20:13,Flag,YELLOW IN TRACK SECTOR 2,,YELLOW,Sector,2.0,,44.0,2021,1,Bahrain Grand Prix
2021-03-28 16:20:14,Other,DRS DISABLED IN ZONE 3,,,,,,44.0,2021,1,Bahrain Grand Prix
2021-03-28 16:20:15,Flag,DOUBLE YELLOW IN TRACK SECTOR 2,,DOUBLE YELLOW,Sector,2.0,,44.0,2021,1,Bahrain Grand Prix
2021-03-28 16:20:21,Flag,CLEAR IN TRACK SECTOR 2,,CLEAR,Sector,2.0,,45.0,2021,1,Bahrain Grand Prix
2021-03-28 16:20:21,Other,DRS ENABLED IN ZONE 3,,,,,,45.0,2021,1,Bahrain Grand Prix
2021-03-28 16:21:04,Other,TURN 1 INCIDENT INVOLVING CARS 5 (VET) AND 31 (OCO) NOTED,,,,,,45.0,2021,1,Bahrain Grand Prix
2021-03-28 16:21:33,Flag,WAVED BLUE FLAG FOR CAR 63 (RUS) TIMED AT 19:21:32,,BLUE,Driver,,63,45.0,2021,1,Bahrain Grand Prix
2021-03-28 16:22:03,Flag,WAVED BLUE FLAG FOR CAR 47 (MSC) TIMED AT 19:22:02,,BLUE,Driver,,47,46.0,2021,1,Bahrain Grand Prix
2021-03-28 16:22:51,Flag,WAVED BLUE FLAG FOR CAR 31 (OCO) TIMED AT 19:22:50,,BLUE,Driver,,31,46.0,2021,1,Bahrain Grand Prix
2021-03-28 16:23:10,Flag,WAVED BLUE FLAG FOR CAR 6 (LAT) TIMED AT 19:23:10,,BLUE,Driver,,6,46.0,2021,1,Bahrain Grand Prix
2021-03-28 16:24:10,Flag,WAVED BLUE FLAG FOR CAR 5 (VET) TIMED AT 19:24:09,,BLUE,Driver,,5,47.0,2021,1,Bahrain Grand Prix
2021-03-28 16:24:41,Flag,WAVED BLUE FLAG FOR CAR 31 (OCO) TIMED AT 19:24:40,,BLUE,Driver,,31,47.0,2021,1,Bahrain Grand Prix
2021-03-28 16:24:42,Other,TURN 1 INCIDENT INVOLVING CARS 5 (VET) AND 31 (OCO) UNDER INVESTIGATION - CAUSING A COLLISION,,,,,,47.0,2021,1,Bahrain Grand Prix
2021-03-28 16:25:09,Flag,WAVED BLUE FLAG FOR CAR 5 (VET) TIMED AT 19:25:08,,BLUE,Driver,,5,48.0,2021,1,Bahrain Grand Prix
2021-03-28 16:25:31,Flag,WAVED BLUE FLAG FOR CAR 31 (OCO) TIMED AT 19:25:30,,BLUE,Driver,,31,48.0,2021,1,Bahrain Grand Prix
2021-03-28 16:25:48,Flag,WAVED BLUE FLAG FOR CAR 47 (MSC) TIMED AT 19:25:48,,BLUE,Driver,,47,48.0,2021,1,Bahrain Grand Prix
2021-03-28 16:26:28,Flag,WAVED BLUE FLAG FOR CAR 6 (LAT) TIMED AT 19:26:27,,BLUE,Driver,,6,48.0,2021,1,Bahrain Grand Prix
2021-03-28 16:27:34,Flag,WAVED BLUE FLAG FOR CAR 6 (LAT) TIMED AT 19:27:33,,BLUE,Driver,,6,49.0,2021,1,Bahrain Grand Prix
2021-03-28 16:30:03,Flag,WAVED BLUE FLAG FOR CAR 47 (MSC) TIMED AT 19:30:02,,BLUE,Driver,,47,51.0,2021,1,Bahrain Grand Prix
2021-03-28 16:30:36,Flag,WAVED BLUE FLAG FOR CAR 6 (LAT) TIMED AT 19:30:35,,BLUE,Driver,,6,51.0,2021,1,Bahrain Grand Prix
2021-03-28 16:31:14,Other,10 SECOND TIME PENALTY FOR CAR 5 (VET) - CAUSING A COLLISION,,,,,,51.0,2021,1,Bahrain Grand Prix
2021-03-28 16:31:26,Flag,WAVED BLUE FLAG FOR CAR 47 (MSC) TIMED AT 19:31:26,,BLUE,Driver,,47,52.0,2021,1,Bahrain Grand Prix
2021-03-28 16:32:04,Flag,WAVED BLUE FLAG FOR CAR 6 (LAT) TIMED AT 19:32:04,,BLUE,Driver,,6,52.0,2021,1,Bahrain Grand Prix
2021-03-28 16:32:28,Flag,WAVED BLUE FLAG FOR CAR 5 (VET) TIMED AT 19:32:28,,BLUE,Driver,,5,52.0,2021,1,Bahrain Grand Prix
2021-03-28 16:32:29,Flag,WAVED BLUE FLAG FOR CAR 6 (LAT) TIMED AT 19:32:29,,BLUE,Driver,,6,52.0,2021,1,Bahrain Grand Prix
2021-03-28 16:33:02,Flag,WAVED BLUE FLAG FOR CAR 99 (GIO) TIMED AT 19:33:01,,BLUE,Driver,,99,53.0,2021,1,Bahrain Grand Prix
2021-03-28 16:35:42,Flag,WAVED BLUE FLAG FOR CAR 63 (RUS) TIMED AT 19:35:41,,BLUE,Driver,,63,54.0,2021,1,Bahrain Grand Prix
2021-03-28 16:39:12,Flag,CHEQUERED FLAG,,CHEQUERED,Track,,,56.0,2021,1,Bahrain Grand Prix
2021-04-18 12:33:33,Flag,YELLOW IN TRACK SECTOR 11,,YELLOW,Sector,11.0,,1.0,2021,2,Emilia Romagna Grand Prix
2021-04-18 12:33:38,Flag,YELLOW IN TRACK SECTOR 10,,YELLOW,Sector,10.0,,1.0,2021,2,Emilia Romagna Grand Prix
2021-04-18 12:33:39,Flag,YELLOW IN TRACK SECTOR 8,,YELLOW,Sector,8.0,,1.0,2021,2,Emilia Romagna Grand Prix
2021-04-18 12:34:03,Flag,YELLOW IN TRACK SECTOR 9,,YELLOW,Sector,9.0,,1.0,2021,2,Emilia Romagna Grand Prix
2021-04-18 12:34:21,Other,TRACK SURFACE SLIPPERY IN TRACK SECTOR 13,,,,,,1.0,2021,2,Emilia Romagna Grand Prix
2021-04-18 12:34:30,Flag,CLEAR IN TRACK SECTOR 13,,CLEAR,Sector,13.0,,1.0,2021,2,Emilia Romagna Grand Prix
2021-04-18 12:34:31,Other,TRACK SURFACE SLIPPERY IN TRACK SECTOR 12,,,,,,1.0,2021,2,Emilia Romagna Grand Prix
2021-04-18 12:34:35,Flag,CLEAR IN TRACK SECTOR 12,,CLEAR,Sector,12.0,,1.0,2021,2,Emilia Romagna Grand Prix
2021-04-18 12:34:35,Other,TRACK SURFACE SLIPPERY IN TRACK SECTOR 5,,,,,,1.0,2021,2,Emilia Romagna Grand Prix
2021-04-18 12:34:38,Flag,CLEAR IN TRACK SECTOR 5,,CLEAR,Sector,5.0,,1.0,2021,2,Emilia Romagna Grand Prix
2021-04-18 12:34:47,Flag,CLEAR IN TRACK SECTOR 8,,CLEAR,Sector,8.0,,1.0,2021,2,Emilia Romagna Grand Prix
2021-04-18 12:34:53,Flag,CLEAR IN TRACK SECTOR 10,,CLEAR,Sector,10.0,,1.0,2021,2,Emilia Romagna Grand Prix
2021-04-18 12:35:06,Flag,CLEAR IN TRACK SECTOR 9,,CLEAR,Sector,9.0,,1.0,2021,2,Emilia Romagna Grand Prix
2021-04-18 12:35:49,Flag,YELLOW IN TRACK SECTOR 10,,YELLOW,Sector,10.0,,1.0,2021,2,Emilia Romagna Grand Prix
2021-04-18 12:36:46,Flag,CLEAR IN TRACK SECTOR 10,,CLEAR,Sector,10.0,,1.0,2021,2,Emilia Romagna Grand Prix
2021-04-18 12:39:36,Flag,CLEAR IN TRACK SECTOR 11,,CLEAR,Sector,11.0,,1.0,2021,2,Emilia Romagna Grand Prix
2021-04-18 12:45:02,Other,RISK OF RAIN FOR F1 RACE IS 80%,,,,,,1.0,2021,2,Emilia Romagna Grand Prix
2021-04-18 13:00:15,Drs,DRS DISABLED,DISABLED,,,,,1.0,2021,2,Emilia Romagna Grand Prix
2021-04-18 13:03:16,Flag,GREEN LIGHT - PIT EXIT OPEN,,GREEN,Track,,,1.0,2021,2,Emilia Romagna Grand Prix
2021-04-18 13:04:32,Flag,YELLOW IN TRACK SECTOR 12,,YELLOW,Sector,12.0,,1.0,2021,2,Emilia Romagna Grand Prix
2021-04-18 13:04:37,Flag,CLEAR IN TRACK SECTOR 12,,CLEAR,Sector,12.0,,1.0,2021,2,Emilia Romagna Grand Prix
2021-04-18 13:04:46,Flag,YELLOW IN TRACK SECTOR 13,,YELLOW,Sector,13.0,,1.0,2021,2,Emilia Romagna Grand Prix
2021-04-18 13:04:56,SafetyCar,SAFETY CAR DEPLOYED,DEPLOYED,,,,,2.0,2021,2,Emilia Romagna Grand Prix
2021-04-18 13:10:32,Other,PIT LANE ENTRY CLOSED,,,,,,4.0,2021,2,Emilia Romagna Grand Prix
2021-04-18 13:14:02,Other,PIT LANE ENTRY OPEN,,,,,,5.0,2021,2,Emilia Romagna Grand Prix
2021-04-18 13:15:06,SafetyCar,SAFETY CAR IN THIS LAP,IN THIS LAP,,,,,6.0,2021,2,Emilia Romagna Grand Prix
2021-04-18 13:15:14,Flag,CLEAR IN TRACK SECTOR 13,,CLEAR,Sector,13.0,,6.0,2021,2,Emilia Romagna Grand Prix
2021-04-18 13:16:44,Flag,TRACK CLEAR,,CLEAR,Track,,,6.0,2021,2,Emilia Romagna Grand Prix
2021-04-18 13:18:59,Other,LAP 1 TURN 2 INCIDENT INVOLVING CARS 33 (VER) AND 44 (HAM) NOTED ,,,,,,8.0,2021,2,Emilia Romagna Grand Prix
2021-04-18 13:22:15,Other,LAP 1 - TURN 2 INCIDENT INVOLVING CARS 33 (VER) AND 44 (HAM) - NO INVESTIGATION NECESSARY,,,,,,10.0,2021,2,Emilia Romagna Grand Prix
2021-04-18 13:22:36,Flag,YELLOW IN TRACK SECTOR 7,,YELLOW,Sector,7.0,,10.0,2021,2,Emilia Romagna Grand Prix
2021-04-18 13:22:41,Flag,CLEAR IN TRACK SECTOR 7,,CLEAR,Sector,7.0,,10.0,2021,2,Emilia Romagna Grand Prix
2021-04-18 13:23:03,Other,LAP 1 - TURN 14 INCIDENT INVOLVING CARS 6 (LAT) AND 9 (MAZ) - NO INVESTIGATION NECESSARY,,,,,,10.0,2021,2,Emilia Romagna Grand Prix
2021-04-18 13:24:20,Other,TURN 9 INCIDENT INVOLVING CAR 11 (PER) UNDER INVESTIGATION - OVERTAKING WHILE THE SAFETY CAR IS DEPLOYED ,,,,,,11.0,2021,2,Emilia Romagna Grand Prix
2021-04-18 13:25:23,Other,10 SECOND TIME PENALTY FOR CAR 11 (PER) - OVERTAKING WHILE THE SAFETY CAR IS DEPLOYED ,,,,,,12.0,2021,2,Emilia Romagna Grand Prix
2021-04-18 13:27:16,Flag,YELLOW IN TRACK SECTOR 8,,YELLOW,Sector,8.0,,13.0,2021,2,Emilia Romagna Grand Prix
2021-04-18 13:27:18,Flag,CLEAR IN TRACK SECTOR 8,,CLEAR,Sector,8.0,,13.0,2021,2,Emilia Romagna Grand Prix
2021-04-18 13:27:46,CarEvent,CAR 55 (SAI) OFF TRACK AND CONTINUED AT TURN 7,,,,,55,14.0,2021,2,Emilia Romagna Grand Prix
2021-04-18 13:27:47,Flag,WAVED BLUE FLAG FOR CAR 47 (MSC) TIMED AT 15:27:47,,BLUE,Driver,,47,14.0,2021,2,Emilia Romagna Grand Prix
2021-04-18 13:28:24,Flag,WAVED BLUE FLAG FOR CAR 47 (MSC) TIMED AT 15:28:23,,BLUE,Driver,,47,14.0,2021,2,Emilia Romagna Grand Prix
2021-04-18 13:28:34,Flag,WAVED BLUE FLAG FOR CAR 9 (MAZ) TIMED AT 15:28:33,,BLUE,Driver,,9,14.0,2021,2,Emilia Romagna Grand Prix
2021-04-18 13:30:24,Flag,WAVED BLUE FLAG FOR CAR 9 (MAZ) TIMED AT 15:30:24,,BLUE,Driver,,9,15.0,2021,2,Emilia Romagna Grand Prix
2021-04-18 13:30:35,Flag,WAVED BLUE FLAG FOR CAR 9 (MAZ) TIMED AT 15:30:34,,BLUE,Driver,,9,16.0,2021,2,Emilia Romagna Grand Prix
2021-04-18 13:31:10,Flag,WAVED BLUE FLAG FOR CAR 10 (GAS) TIMED AT 15:31:09,,BLUE,Driver,,10,16.0,2021,2,Emilia Romagna Grand Prix
2021-04-18 13:31:41,Flag,WAVED BLUE FLAG FOR CAR 47 (MSC) TIMED AT 15:31:41,,BLUE,Driver,,47,16.0,2021,2,Emilia Romagna Grand Prix
2021-04-18 13:31:51,Flag,WAVED BLUE FLAG FOR CAR 9 (MAZ) TIMED AT 15:31:51,,BLUE,Driver,,9,16.0,2021,2,Emilia Romagna Grand Prix
2021-04-18 13:33:56,Flag,WAVED BLUE FLAG FOR CAR 10 (GAS) TIMED AT 15:33:56,,BLUE,Driver,,10,18.0,2021,2,Emilia Romagna Grand Prix
2021-04-18 13:34:18,Flag,WAVED BLUE FLAG FOR CAR 9 (MAZ) TIMED AT 15:34:18,,BLUE,Driver,,9,18.0,2021,2,Emilia Romagna Grand Prix
2021-04-18 13:35:02,Flag,WAVED BLUE FLAG FOR CAR 14 (ALO) TIMED AT 15:35:02,,BLUE,Driver,,14,19.0,2021,2,Emilia Romagna Grand Prix
2021-04-18 13:35:39,Flag,WAVED BLUE FLAG FOR CAR 47 (MSC) TIMED AT 15:35:38,,BLUE,Driver,,47,19.0,2021,2,Emilia Romagna Grand Prix
2021-04-18 13:36:41,Flag,WAVED BLUE FLAG FOR CAR 9 (MAZ) TIMED AT 15:36:41,,BLUE,Driver,,9,20.0,2021,2,Emilia Romagna Grand Prix
2021-04-18 13:37:28,Flag,WAVED BLUE FLAG FOR CAR 31 (OCO) TIMED AT 15:37:27,,BLUE,Driver,,31,20.0,2021,2,Emilia Romagna Grand Prix
2021-04-18 13:37:49,Flag,WAVED BLUE FLAG FOR CAR 9 (MAZ) TIMED AT 15:37:49,,BLUE,Driver,,9,21.0,2021,2,Emilia Romagna Grand Prix
2021-04-18 13:38:09,Flag,WAVED BLUE FLAG FOR CAR 9 (MAZ) TIMED AT 15:38:08,,BLUE,Driver,,9,21.0,2021,2,Emilia Romagna Grand Prix
2021-04-18 13:38:19,Flag,WAVED BLUE FLAG FOR CAR 5 (VET) TIMED AT 15:38:18,,BLUE,Driver,,5,21.0,2021,2,Emilia Romagna Grand Prix
2021-04-18 13:38:40,Flag,WAVED BLUE FLAG FOR CAR 14 (ALO) TIMED AT 15:38:39,,BLUE,Driver,,14,21.0,2021,2,Emilia Romagna Grand Prix
2021-04-18 13:39:21,Flag,WAVED BLUE FLAG FOR CAR 14 (ALO) TIMED AT 15:39:21,,BLUE,Driver,,14,22.0,2021,2,Emilia Romagna Grand Prix
2021-04-18 13:39:39,Flag,WAVED BLUE FLAG FOR CAR 47 (MSC) TIMED AT 15:39:39,,BLUE,Driver,,47,22.0,2021,2,Emilia Romagna Grand Prix
2021-04-18 13:39:42,Other,10 SECOND STOP/GO PENALTY FOR CAR 5 (VET) - WHEELS NOT FITTED AT THE 5 MINUTES SIGNAL,,,,,,22.0,2021,2,Emilia Romagna Grand Prix
2021-04-18 13:40:03,Flag,WAVED BLUE FLAG FOR CAR 9 (MAZ) TIMED AT 15:40:03,,BLUE,Driver,,9,22.0,2021,2,Emilia Romagna Grand Prix
2021-04-18 13:40:46,Flag,WAVED BLUE FLAG FOR CAR 5 (VET) TIMED AT 15:40:45,,BLUE,Driver,,5,23.0,2021,2,Emilia Romagna Grand Prix
2021-04-18 13:41:17,Flag,WAVED BLUE FLAG FOR CAR 31 (OCO) TIMED AT 15:41:16,,BLUE,Driver,,31,23.0,2021,2,Emilia Romagna Grand Prix
2021-04-18 13:42:04,Flag,WAVED BLUE FLAG FOR CAR 47 (MSC) TIMED AT 15:42:04,,BLUE,Driver,,47,23.0,2021,2,Emilia Romagna Grand Prix
2021-04-18 13:42:16,Flag,WAVED BLUE FLAG FOR CAR 47 (MSC) TIMED AT 15:42:15,,BLUE,Driver,,47,24.0,2021,2,Emilia Romagna Grand Prix
2021-04-18 13:42:22,Flag,WAVED BLUE FLAG FOR CAR 9 (MAZ) TIMED AT 15:42:22,,BLUE,Driver,,9,24.0,2021,2,Emilia Romagna Grand Prix
2021-04-18 13:42:30,Flag,WAVED BLUE FLAG FOR CAR 47 (MSC) TIMED AT 15:42:30,,BLUE,Driver,,47,24.0,2021,2,Emilia Romagna Grand Prix
2021-04-18 13:42:38,Flag,WAVED BLUE FLAG FOR CAR 47 (MSC) TIMED AT 15:42:38,,BLUE,Driver,,47,24.0,2021,2,Emilia Romagna Grand Prix
2021-04-18 13:42:41,Flag,WAVED BLUE FLAG FOR CAR 9 (MAZ) TIMED AT 15:42:40,,BLUE,Driver,,9,24.0,2021,2,Emilia Romagna Grand Prix
2021-04-18 13:42:54,Flag,WAVED BLUE FLAG FOR CAR 47 (MSC) TIMED AT 15:42:54,,BLUE,Driver,,47,24.0,2021,2,Emilia Romagna Grand Prix
2021-04-18 13:43:13,Flag,WAVED BLUE FLAG FOR CAR 47 (MSC) TIMED AT 15:43:13,,BLUE,Driver,,47,24.0,2021,2,Emilia Romagna Grand Prix
2021-04-18 13:43:44,Flag,WAVED BLUE FLAG FOR CAR 5 (VET) TIMED AT 15:43:43,,BLUE,Driver,,5,25.0,2021,2,Emilia Romagna Grand Prix
2021-04-18 13:43:57,Flag,WAVED BLUE FLAG FOR CAR 5 (VET) TIMED AT 15:43:56,,BLUE,Driver,,5,25.0,2021,2,Emilia Romagna Grand Prix
2021-04-18 13:44:01,Flag,WAVED BLUE FLAG FOR CAR 47 (MSC) TIMED AT 15:44:01,,BLUE,Driver,,47,25.0,2021,2,Emilia Romagna Grand Prix
2021-04-18 13:44:03,Flag,WAVED BLUE FLAG FOR CAR 22 (TSU) TIMED AT 15:44:03,,BLUE,Driver,,22,25.0,2021,2,Emilia Romagna Grand Prix
2021-04-18 13:44:22,Flag,WAVED BLUE FLAG FOR CAR 5 (VET) TIMED AT 15:44:21,,BLUE,Driver,,5,25.0,2021,2,Emilia Romagna Grand Prix
2021-04-18 13:44:48,Flag,WAVED BLUE FLAG FOR CAR 22 (TSU) TIMED AT 15:44:48,,BLUE,Driver,,22,25.0,2021,2,Emilia Romagna Grand Prix
2021-04-18 13:45:00,Flag,WAVED BLUE FLAG FOR CAR 9 (MAZ) TIMED AT 15:44:59,,BLUE,Driver,,9,25.0,2021,2,Emilia Romagna Grand Prix
2021-04-18 13:45:48,Flag,WAVED BLUE FLAG FOR CAR 47 (MSC) TIMED AT 15:45:47,,BLUE,Driver,,47,26.0,2021,2,Emilia Romagna Grand Prix
2021-04-18 13:46:24,Flag,WAVED BLUE FLAG FOR CAR 9 (MAZ) TIMED AT 15:46:24,,BLUE,Driver,,9,26.0,2021,2,Emilia Romagna Grand Prix
2021-04-18 13:46:38,Flag,WAVED BLUE FLAG FOR CAR 9 (MAZ) TIMED AT 15:46:37,,BLUE,Driver,,9,27.0,2021,2,Emilia Romagna Grand Prix
2021-04-18 13:46:55,Flag,WAVED BLUE FLAG FOR CAR 99 (GIO) TIMED AT 15:46:55,,BLUE,Driver,,99,27.0,2021,2,Emilia Romagna Grand Prix
2021-04-18 13:47:17,Flag,WAVED BLUE FLAG FOR CAR 99 (GIO) TIMED AT 15:47:17,,BLUE,Driver,,99,27.0,2021,2,Emilia Romagna Grand Prix
2021-04-18 13:47:38,Flag,WAVED BLUE FLAG FOR CAR 10 (GAS) TIMED AT 15:47:37,,BLUE,Driver,,10,27.0,2021,2,Emilia Romagna Grand Prix
2021-04-18 13:47:56,Flag,WAVED BLUE FLAG FOR CAR 14 (ALO) TIMED AT 15:47:55,,BLUE,Driver,,14,27.0,2021,2,Emilia Romagna Grand Prix
2021-04-18 13:49:29,Flag,WAVED BLUE FLAG FOR CAR 10 (GAS) TIMED AT 15:49:28,,BLUE,Driver,,10,28.0,2021,2,Emilia Romagna Grand Prix
2021-04-18 13:49:35,Flag,WAVED BLUE FLAG FOR CAR 47 (MSC) TIMED AT 15:49:34,,BLUE,Driver,,47,29.0,2021,2,Emilia Romagna Grand Prix
2021-04-18 13:49:45,Flag,WAVED BLUE FLAG FOR CAR 7 (RAI) TIMED AT 15:49:44,,BLUE,Driver,,7,29.0,2021,2,Emilia Romagna Grand Prix
2021-04-18 13:50:37,Flag,WAVED BLUE FLAG FOR CAR 5 (VET) TIMED AT 15:50:36,,BLUE,Driver,,5,29.0,2021,2,Emilia Romagna Grand Prix
2021-04-18 13:50:47,Flag,WAVED BLUE FLAG FOR CAR 10 (GAS) TIMED AT 15:50:46,,BLUE,Driver,,10,29.0,2021,2,Emilia Romagna Grand Prix
2021-04-18 13:51:15,Flag,WAVED BLUE FLAG FOR CAR 63 (RUS) TIMED AT 15:51:14,,BLUE,Driver,,63,29.0,2021,2,Emilia Romagna Grand Prix
2021-04-18 13:51:53,Flag,WAVED BLUE FLAG FOR CAR 47 (MSC) TIMED AT 15:51:53,,BLUE,Driver,,47,30.0,2021,2,Emilia Romagna Grand Prix
2021-04-18 13:52:17,Flag,WAVED BLUE FLAG FOR CAR 18 (STR) TIMED AT 15:52:17,,BLUE,Driver,,18,30.0,2021,2,Emilia Romagna Grand Prix
2021-04-18 13:52:21,Flag,WAVED BLUE FLAG FOR CAR 77 (BOT) TIMED AT 15:52:20,,BLUE,Driver,,77,30.0,2021,2,Emilia Romagna Grand Prix
2021-04-18 13:52:24,Flag,WAVED BLUE FLAG FOR CAR 31 (OCO) TIMED AT 15:52:24,,BLUE,Driver,,31,30.0,2021,2,Emilia Romagna Grand Prix
2021-04-18 13:52:29,Drs,DRS ENABLED,ENABLED,,,,,30.0,2021,2,Emilia Romagna Grand Prix
2021-04-18 13:52:29,Flag,WAVED BLUE FLAG FOR CAR 7 (RAI) TIMED AT 15:52:29,,BLUE,Driver,,7,30.0,2021,2,Emilia Romagna Grand Prix
2021-04-18 13:53:11,Flag,WAVED BLUE FLAG FOR CAR 63 (RUS) TIMED AT 15:53:10,,BLUE,Driver,,63,31.0,2021,2,Emilia Romagna Grand Prix
2021-04-18 13:53:31,Flag,YELLOW IN TRACK SECTOR 8,,YELLOW,Sector,8.0,,31.0,2021,2,Emilia Romagna Grand Prix
2021-04-18 13:54:25,Flag,YELLOW IN TRACK SECTOR 4,,YELLOW,Sector,4.0,,32.0,2021,2,Emilia Romagna Grand Prix
2021-04-18 13:54:26,Other,DRS DISABLED IN ZONE 1,,,,,,32.0,2021,2,Emilia Romagna Grand Prix
2021-04-18 13:54:26,Flag,DOUBLE YELLOW IN TRACK SECTOR 4,,DOUBLE YELLOW,Sector,4.0,,32.0,2021,2,Emilia Romagna Grand Prix
2021-04-18 13:54:27,Flag,CLEAR IN TRACK SECTOR 8,,CLEAR,Sector,8.0,,32.0,2021,2,Emilia Romagna Grand Prix
2021-04-18 13:54:30,Flag,YELLOW IN TRACK SECTOR 3,,YELLOW,Sector,3.0,,32.0,2021,2,Emilia Romagna Grand Prix
2021-04-18 13:54:44,SafetyCar,SAFETY CAR DEPLOYED,DEPLOYED,,,,,32.0,2021,2,Emilia Romagna Grand Prix
2021-04-18 13:57:41,Flag,RED FLAG,,RED,Track,,,33.0,2021,2,Emilia Romagna Grand Prix
2021-04-18 13:57:41,Flag,CLEAR IN TRACK SECTOR 3,,CLEAR,Sector,3.0,,33.0,2021,2,Emilia Romagna Grand Prix
2021-04-18 13:57:41,Flag,CLEAR IN TRACK SECTOR 4,,CLEAR,Sector,4.0,,33.0,2021,2,Emilia Romagna Grand Prix
2021-04-18 14:05:21,Other,TURN 2 INCIDENT INVOLVING CAR 77 (BOT) AND CAR 63 (RUS) WILL BE INVESTIGATED AFTER THE RACE,,,,,,34.0,2021,2,Emilia Romagna Grand Prix
2021-04-18 14:12:58,Other,"AT THE 5 MINUTES SIGNAL THE FOLLOWING CARS SHOULD BE ROLLED TO PIT EXIT: 18, 7, 44, 22, 99, 14, 31, 10, 5, 47 AND 9",,,,,,34.0,2021,2,Emilia Romagna Grand Prix
2021-04-18 14:14:47,Other,RACE WILL RESUME AT 16:25,,,,,,34.0,2021,2,Emilia Romagna Grand Prix
2021-04-18 14:19:48,Flag,TRACK CLEAR,,CLEAR,Track,,,34.0,2021,2,Emilia Romagna Grand Prix
2021-04-18 14:22:42,SafetyCar,SAFETY CAR THROUGH THE PIT LANE,THROUGH THE PIT LANE,,,,,34.0,2021,2,Emilia Romagna Grand Prix
2021-04-18 14:25:16,Other,PIT LANE ENTRY OPEN,,,,,,34.0,2021,2,Emilia Romagna Grand Prix
2021-04-18 14:25:35,Other,SAFETY CAR WILL ENTER PITS: ROLLING START,,,,,,34.0,2021,2,Emilia Romagna Grand Prix
2021-04-18 14:28:10,Flag,YELLOW IN TRACK SECTOR 4,,YELLOW,Sector,4.0,,35.0,2021,2,Emilia Romagna Grand Prix
2021-04-18 14:28:30,Flag,CLEAR IN TRACK SECTOR 4,,CLEAR,Sector,4.0,,35.0,2021,2,Emilia Romagna Grand Prix
2021-04-18 14:28:44,Other,TRACK SURFACE SLIPPERY IN TRACK SECTOR 4,,,,,,35.0,2021,2,Emilia Romagna Grand Prix
2021-04-18 14:29:57,Flag,CLEAR IN TRACK SECTOR 4,,CLEAR,Sector,4.0,,36.0,2021,2,Emilia Romagna Grand Prix
2021-04-18 14:32:24,Flag,YELLOW IN TRACK SECTOR 7,,YELLOW,Sector,7.0,,38.0,2021,2,Emilia Romagna Grand Prix
2021-04-18 14:32:30,Drs,DRS ENABLED,ENABLED,,,,,38.0,2021,2,Emilia Romagna Grand Prix
2021-04-18 14:32:33,Flag,YELLOW IN TRACK SECTOR 6,,YELLOW,Sector,6.0,,38.0,2021,2,Emilia Romagna Grand Prix
2021-04-18 14:32:39,Flag,CLEAR IN TRACK SECTOR 6,,CLEAR,Sector,6.0,,38.0,2021,2,Emilia Romagna Grand Prix
2021-04-18 14:32:40,Flag,CLEAR IN TRACK SECTOR 7,,CLEAR,Sector,7.0,,38.0,2021,2,Emilia Romagna Grand Prix
2021-04-18 14:33:25,Flag,WAVED BLUE FLAG FOR CAR 9 (MAZ) TIMED AT 16:33:25,,BLUE,Driver,,9,39.0,2021,2,Emilia Romagna Grand Prix
2021-04-18 14:33:42,Other,CAR 47 (MSC) TIME 1:23.893 DELETED - TRACK LIMITS AT TURN 9,,,,,,39.0,2021,2,Emilia Romagna Grand Prix
2021-04-18 14:37:06,Flag,WAVED BLUE FLAG FOR CAR 47 (MSC) TIMED AT 16:37:05,,BLUE,Driver,,47,41.0,2021,2,Emilia Romagna Grand Prix
2021-04-18 14:37:39,Other,CAR 22 (TSU) TIME 1:20.001 DELETED - TRACK LIMITS AT TURN 9,,,,,,42.0,2021,2,Emilia Romagna Grand Prix
2021-04-18 14:39:10,Flag,WAVED BLUE FLAG FOR CAR 9 (MAZ) TIMED AT 16:39:09,,BLUE,Driver,,9,43.0,2021,2,Emilia Romagna Grand Prix
2021-04-18 14:40:33,Other,CAR 22 (TSU) TIME 1:19.660 DELETED - TRACK LIMITS AT TURN 9,,,,,,44.0,2021,2,Emilia Romagna Grand Prix
2021-04-18 14:42:08,Other,CAR 22 (TSU) TIME 1:19.890 DELETED - TRACK LIMITS AT TURN 15,,,,,,45.0,2021,2,Emilia Romagna Grand Prix
2021-04-18 14:42:37,Flag,BLACK AND WHITE FLAG FOR CAR 22 (TSU) - TRACK LIMITS,,BLACK AND WHITE,Driver,,22,46.0,2021,2,Emilia Romagna Grand Prix
2021-04-18 14:43:30,Flag,WAVED BLUE FLAG FOR CAR 47 (MSC) TIMED AT 16:43:29,,BLUE,Driver,,47,46.0,2021,2,Emilia Romagna Grand Prix
2021-04-18 14:45:47,Other,CAR 14 (ALO) TIME 1:20.029 DELETED - TRACK LIMITS AT TURN 9,,,,,,48.0,2021,2,Emilia Romagna Grand Prix
2021-04-18 14:48:03,Flag,WAVED BLUE FLAG FOR CAR 9 (MAZ) TIMED AT 16:48:03,,BLUE,Driver,,9,50.0,2021,2,Emilia Romagna Grand Prix
2021-04-18 14:53:50,Other,CAR 22 (TSU) TIME 1:19.711 DELETED - TRACK LIMITS AT TURN 9,,,,,,54.0,2021,2,Emilia Romagna Grand Prix
2021-04-18 14:54:32,Other,INCIDENT INVOLVING CAR 7 (RAI) WILL BE INVESTIGATED AFTER THE RACE - ROLLING START PROCEDURE INFRINGEMENT,,,,,,55.0,2021,2,Emilia Romagna Grand Prix
2021-04-18 14:54:50,Other,5 SECOND TIME PENALTY FOR CAR 22 (TSU) - TRACK LIMITS,,,,,,55.0,2021,2,Emilia Romagna Grand Prix
2021-04-18 14:54:50,Flag,WAVED BLUE FLAG FOR CAR 9 (MAZ) TIMED AT 16:54:50,,BLUE,Driver,,9,55.0,2021,2,Emilia Romagna Grand Prix
2021-04-18 14:55:03,Flag,WAVED BLUE FLAG FOR CAR 9 (MAZ) TIMED AT 16:55:02,,BLUE,Driver,,9,55.0,2021,2,Emilia Romagna Grand Prix
2021-04-18 14:55:27,Other,CAR 99 (GIO) TIME 1:19.707 DELETED - TRACK LIMITS AT TURN 9,,,,,,56.0,2021,2,Emilia Romagna Grand Prix
2021-04-18 14:57:00,Flag,WAVED BLUE FLAG FOR CAR 99 (GIO) TIMED AT 16:57:00,,BLUE,Driver,,99,57.0,2021,2,Emilia Romagna Grand Prix
2021-04-18 15:00:10,Other,CAR 3 (RIC) TIME 1:19.786 DELETED - TRACK LIMITS AT TURN 15,,,,,,59.0,2021,2,Emilia Romagna Grand Prix
2021-04-18 15:03:25,Flag,YELLOW IN TRACK SECTOR 12,,YELLOW,Sector,12.0,,62.0,2021,2,Emilia Romagna Grand Prix
2021-04-18 15:03:33,Flag,CLEAR IN TRACK SECTOR 12,,CLEAR,Sector,12.0,,62.0,2021,2,Emilia Romagna Grand Prix
2021-04-18 15:05:03,Flag,WAVED BLUE FLAG FOR CAR 47 (MSC) TIMED AT 17:05:02,,BLUE,Driver,,47,63.0,2021,2,Emilia Romagna Grand Prix
2021-04-18 15:05:55,Flag,CHEQUERED FLAG,,CHEQUERED,Track,,,63.0,2021,2,Emilia Romagna Grand Prix
2021-04-18 15:06:25,Flag,WAVED BLUE FLAG FOR CAR 9 (MAZ) TIMED AT 17:06:25,,BLUE,Driver,,9,63.0,2021,2,Emilia Romagna Grand Prix
2021-05-02 13:45:07,Other,RISK OF RAIN FOR F1 RACE IS 0%,,,,,,1.0,2021,3,Portuguese Grand Prix
2021-05-02 13:57:46,Drs,DRS DISABLED,DISABLED,,,,,1.0,2021,3,Portuguese Grand Prix
2021-05-02 14:03:03,Flag,GREEN LIGHT - PIT EXIT OPEN,,GREEN,Track,,,1.0,2021,3,Portuguese Grand Prix
2021-05-02 14:05:04,SafetyCar,SAFETY CAR DEPLOYED,DEPLOYED,,,,,2.0,2021,3,Portuguese Grand Prix
2021-05-02 14:05:09,SafetyCar,SAFETY CAR THROUGH THE PIT LANE,THROUGH THE PIT LANE,,,,,2.0,2021,3,Portuguese Grand Prix
2021-05-02 14:09:46,Other,SAFETY CAR WILL USE START/FINISH STRAIGHT,,,,,,4.0,2021,3,Portuguese Grand Prix
2021-05-02 14:13:29,SafetyCar,SAFETY CAR IN THIS LAP,IN THIS LAP,,,,,6.0,2021,3,Portuguese Grand Prix
2021-05-02 14:14:53,Flag,TRACK CLEAR,,CLEAR,Track,,,6.0,2021,3,Portuguese Grand Prix
2021-05-02 14:17:59,Drs,DRS ENABLED,ENABLED,,,,,9.0,2021,3,Portuguese Grand Prix
2021-05-02 14:19:27,Other,CAR 9 (MAZ) TIME 1:28.577 DELETED - TRACK LIMITS AT TURN 1,,,,,,10.0,2021,3,Portuguese Grand Prix
2021-05-02 14:21:04,Other,CAR 22 (TSU) TIME 1:24.972 DELETED - TRACK LIMITS AT TURN 4,,,,,,11.0,2021,3,Portuguese Grand Prix
2021-05-02 14:21:52,Other,MAIN STRAIGHT INCIDENT INVOLVING CARS 7 (RAI) AND 99 (GIO) NOTED - NO INVESTIGATION NECESSARY,,,,,,11.0,2021,3,Portuguese Grand Prix
2021-05-02 14:22:35,Other,CAR 22 (TSU) TIME 1:24.489 DELETED - TRACK LIMITS AT TURN 1,,,,,,12.0,2021,3,Portuguese Grand Prix
2021-05-02 14:22:40,Other,CAR 47 (MSC) TIME 1:25.244 DELETED - TRACK LIMITS AT TURN 1,,,,,,12.0,2021,3,Portuguese Grand Prix
2021-05-02 14:24:17,Other,CAR 9 (MAZ) TIME 1:25.308 DELETED - TRACK LIMITS AT TURN 1,,,,,,13.0,2021,3,Portuguese Grand Prix
2021-05-02 14:32:00,Other,CAR 4 (NOR) TIME 1:23.636 DELETED - TRACK LIMITS AT TURN 4,,,,,,19.0,2021,3,Portuguese Grand Prix
2021-05-02 14:33:35,Other,CAR 18 (STR) TIME 1:23.890 DELETED - TRACK LIMITS AT TURN 1,,,,,,20.0,2021,3,Portuguese Grand Prix
2021-05-02 14:40:10,Other,CAR 33 (VER) TIME 1:22.813 DELETED - TRACK LIMITS AT TURN 4,,,,,,25.0,2021,3,Portuguese Grand Prix
2021-05-02 14:42:28,Other,CAR 47 (MSC) TIME 1:26.159 DELETED - TRACK LIMITS AT TURN 1,,,,,,26.0,2021,3,Portuguese Grand Prix
2021-05-02 14:43:28,Flag,WAVED BLUE FLAG FOR CAR 6 (LAT) TIMED AT 15:43:28,,BLUE,Driver,,6,27.0,2021,3,Portuguese Grand Prix
2021-05-02 14:43:49,Other,CAR 5 (VET) TIME 1:23.341 DELETED - TRACK LIMITS AT TURN 1,,,,,,27.0,2021,3,Portuguese Grand Prix
2021-05-02 14:44:20,Flag,WAVED BLUE FLAG FOR CAR 6 (LAT) TIMED AT 15:44:19,,BLUE,Driver,,6,28.0,2021,3,Portuguese Grand Prix
2021-05-02 14:47:30,Other,CAR 14 (ALO) TIME 1:23.275 DELETED - TRACK LIMITS AT TURN 1,,,,,,30.0,2021,3,Portuguese Grand Prix
2021-05-02 14:49:14,Other,CAR 10 (GAS) TIME 1:23.003 DELETED - TRACK LIMITS AT TURN 4,,,,,,31.0,2021,3,Portuguese Grand Prix
2021-05-02 14:49:20,Flag,WAVED BLUE FLAG FOR CAR 63 (RUS) TIMED AT 15:49:20,,BLUE,Driver,,63,31.0,2021,3,Portuguese Grand Prix
2021-05-02 14:49:51,Other,CAR 6 (LAT) TIME 1:24.292 DELETED - TRACK LIMITS AT TURN 1,,,,,,32.0,2021,3,Portuguese Grand Prix
2021-05-02 14:50:08,Flag,WAVED BLUE FLAG FOR CAR 6 (LAT) TIMED AT 15:50:07,,BLUE,Driver,,6,32.0,2021,3,Portuguese Grand Prix
2021-05-02 14:54:48,Other,CAR 10 (GAS) TIME 1:24.121 DELETED - TRACK LIMITS AT TURN 1,,,,,,35.0,2021,3,Portuguese Grand Prix
2021-05-02 14:55:26,Flag,WAVED BLUE FLAG FOR CAR 9 (MAZ) TIMED AT 15:55:25,,BLUE,Driver,,9,36.0,2021,3,Portuguese Grand Prix
2021-05-02 14:55:52,Flag,WAVED BLUE FLAG FOR CAR 9 (MAZ) TIMED AT 15:55:52,,BLUE,Driver,,9,36.0,2021,3,Portuguese Grand Prix
2021-05-02 14:55:57,Flag,WAVED BLUE FLAG FOR CAR 22 (TSU) TIMED AT 15:55:56,,BLUE,Driver,,22,36.0,2021,3,Portuguese Grand Prix
2021-05-02 14:58:43,Flag,WAVED BLUE FLAG FOR CAR 47 (MSC) TIMED AT 15:58:42,,BLUE,Driver,,47,38.0,2021,3,Portuguese Grand Prix
2021-05-02 14:59:06,Flag,WAVED BLUE FLAG FOR CAR 6 (LAT) TIMED AT 15:59:06,,BLUE,Driver,,6,38.0,2021,3,Portuguese Grand Prix
2021-05-02 14:59:31,Flag,WAVED BLUE FLAG FOR CAR 47 (MSC) TIMED AT 15:59:30,,BLUE,Driver,,47,39.0,2021,3,Portuguese Grand Prix
2021-05-02 15:00:09,Flag,WAVED BLUE FLAG FOR CAR 63 (RUS) TIMED AT 16:00:09,,BLUE,Driver,,63,39.0,2021,3,Portuguese Grand Prix
2021-05-02 15:00:12,Flag,WAVED BLUE FLAG FOR CAR 6 (LAT) TIMED AT 16:00:11,,BLUE,Driver,,6,39.0,2021,3,Portuguese Grand Prix
2021-05-02 15:01:41,Other,CAR 10 (GAS) TIME 1:22.961 DELETED - TRACK LIMITS AT TURN 1,,,,,,40.0,2021,3,Portuguese Grand Prix
2021-05-02 15:01:48,Flag,WAVED BLUE FLAG FOR CAR 63 (RUS) TIMED AT 16:01:48,,BLUE,Driver,,63,40.0,2021,3,Portuguese Grand Prix
2021-05-02 15:02:48,Other,CAR 14 (ALO) TIME 1:28.031 DELETED - TRACK LIMITS AT TURN 1,,,,,,41.0,2021,3,Portuguese Grand Prix
2021-05-02 15:05:18,Flag,WAVED BLUE FLAG FOR CAR 9 (MAZ) TIMED AT 16:05:18,,BLUE,Driver,,9,43.0,2021,3,Portuguese Grand Prix
2021-05-02 15:06:10,Flag,WAVED BLUE FLAG FOR CAR 9 (MAZ) TIMED AT 16:06:10,,BLUE,Driver,,9,43.0,2021,3,Portuguese Grand Prix
2021-05-02 15:06:55,Flag,WAVED BLUE FLAG FOR CAR 9 (MAZ) TIMED AT 16:06:54,,BLUE,Driver,,9,44.0,2021,3,Portuguese Grand Prix
2021-05-02 15:07:56,Flag,WAVED BLUE FLAG FOR CAR 9 (MAZ) TIMED AT 16:07:55,,BLUE,Driver,,9,45.0,2021,3,Portuguese Grand Prix
2021-05-02 15:09:08,Flag,WAVED BLUE FLAG FOR CAR 9 (MAZ) TIMED AT 16:09:08,,BLUE,Driver,,9,46.0,2021,3,Portuguese Grand Prix
2021-05-02 15:10:14,Flag,WAVED BLUE FLAG FOR CAR 9 (MAZ) TIMED AT 16:10:14,,BLUE,Driver,,9,46.0,2021,3,Portuguese Grand Prix
2021-05-02 15:11:16,Flag,WAVED BLUE FLAG FOR CAR 9 (MAZ) TIMED AT 16:11:15,,BLUE,Driver,,9,47.0,2021,3,Portuguese Grand Prix
2021-05-02 15:11:41,Flag,WAVED BLUE FLAG FOR CAR 9 (MAZ) TIMED AT 16:11:41,,BLUE,Driver,,9,47.0,2021,3,Portuguese Grand Prix
2021-05-02 15:13:21,Other,TURN 3 INCIDENT INVOLVING CARS 9 (MAZ) AND 11 (PER) UNDER INVESTIGATION -IGNORING BLUE FLAGS,,,,,,49.0,2021,3,Portuguese Grand Prix
2021-05-02 15:17:16,Other,5 SECOND TIME PENALTY FOR CAR 9 (MAZ) - IGNORING BLUE FLAGS,,,,,,52.0,2021,3,Portuguese Grand Prix
2021-05-02 15:17:34,Flag,WAVED BLUE FLAG FOR CAR 47 (MSC) TIMED AT 16:17:34,,BLUE,Driver,,47,52.0,2021,3,Portuguese Grand Prix
2021-05-02 15:18:09,Flag,WAVED BLUE FLAG FOR CAR 22 (TSU) TIMED AT 16:18:08,,BLUE,Driver,,22,52.0,2021,3,Portuguese Grand Prix
2021-05-02 15:18:14,Flag,WAVED BLUE FLAG FOR CAR 6 (LAT) TIMED AT 16:18:14,,BLUE,Driver,,6,52.0,2021,3,Portuguese Grand Prix
2021-05-02 15:19:05,Flag,WAVED BLUE FLAG FOR CAR 47 (MSC) TIMED AT 16:19:04,,BLUE,Driver,,47,53.0,2021,3,Portuguese Grand Prix
2021-05-02 15:19:43,Flag,WAVED BLUE FLAG FOR CAR 6 (LAT) TIMED AT 16:19:42,,BLUE,Driver,,6,53.0,2021,3,Portuguese Grand Prix
2021-05-02 15:21:21,Flag,WAVED BLUE FLAG FOR CAR 22 (TSU) TIMED AT 16:21:21,,BLUE,Driver,,22,55.0,2021,3,Portuguese Grand Prix
2021-05-02 15:21:45,Flag,WAVED BLUE FLAG FOR CAR 22 (TSU) TIMED AT 16:21:44,,BLUE,Driver,,22,55.0,2021,3,Portuguese Grand Prix
2021-05-02 15:22:05,Flag,WAVED BLUE FLAG FOR CAR 47 (MSC) TIMED AT 16:22:04,,BLUE,Driver,,47,55.0,2021,3,Portuguese Grand Prix
2021-05-02 15:22:57,Flag,WAVED BLUE FLAG FOR CAR 6 (LAT) TIMED AT 16:22:57,,BLUE,Driver,,6,56.0,2021,3,Portuguese Grand Prix
2021-05-02 15:24:39,Flag,WAVED BLUE FLAG FOR CAR 9 (MAZ) TIMED AT 16:24:38,,BLUE,Driver,,9,57.0,2021,3,Portuguese Grand Prix
2021-05-02 15:25:21,Other,CAR 5 (VET) TIME 1:23.476 DELETED - TRACK LIMITS AT TURN 1,,,,,,57.0,2021,3,Portuguese Grand Prix
2021-05-02 15:26:57,Flag,WAVED BLUE FLAG FOR CAR 47 (MSC) TIMED AT 16:26:56,,BLUE,Driver,,47,59.0,2021,3,Portuguese Grand Prix
2021-05-02 15:27:03,Flag,WAVED BLUE FLAG FOR CAR 63 (RUS) TIMED AT 16:27:02,,BLUE,Driver,,63,59.0,2021,3,Portuguese Grand Prix
2021-05-02 15:27:15,Flag,WAVED BLUE FLAG FOR CAR 6 (LAT) TIMED AT 16:27:15,,BLUE,Driver,,6,59.0,2021,3,Portuguese Grand Prix
2021-05-02 15:27:33,Flag,WAVED BLUE FLAG FOR CAR 47 (MSC) TIMED AT 16:27:33,,BLUE,Driver,,47,59.0,2021,3,Portuguese Grand Prix
2021-05-02 15:27:56,Flag,WAVED BLUE FLAG FOR CAR 6 (LAT) TIMED AT 16:27:56,,BLUE,Driver,,6,59.0,2021,3,Portuguese Grand Prix
2021-05-02 15:28:02,Flag,WAVED BLUE FLAG FOR CAR 47 (MSC) TIMED AT 16:28:02,,BLUE,Driver,,47,59.0,2021,3,Portuguese Grand Prix
2021-05-02 15:28:30,Flag,WAVED BLUE FLAG FOR CAR 6 (LAT) TIMED AT 16:28:30,,BLUE,Driver,,6,60.0,2021,3,Portuguese Grand Prix
2021-05-02 15:28:42,Flag,WAVED BLUE FLAG FOR CAR 63 (RUS) TIMED AT 16:28:42,,BLUE,Driver,,63,60.0,2021,3,Portuguese Grand Prix
2021-05-02 15:28:58,Flag,WAVED BLUE FLAG FOR CAR 6 (LAT) TIMED AT 16:28:57,,BLUE,Driver,,6,60.0,2021,3,Portuguese Grand Prix
2021-05-02 15:30:52,Flag,WAVED BLUE FLAG FOR CAR 5 (VET) TIMED AT 16:30:52,,BLUE,Driver,,5,62.0,2021,3,Portuguese Grand Prix
2021-05-02 15:30:59,Flag,WAVED BLUE FLAG FOR CAR 9 (MAZ) TIMED AT 16:30:59,,BLUE,Driver,,9,62.0,2021,3,Portuguese Grand Prix
2021-05-02 15:32:00,Flag,WAVED BLUE FLAG FOR CAR 9 (MAZ) TIMED AT 16:31:59,,BLUE,Driver,,9,62.0,2021,3,Portuguese Grand Prix
2021-05-02 15:32:13,Flag,WAVED BLUE FLAG FOR CAR 18 (STR) TIMED AT 16:32:13,,BLUE,Driver,,18,63.0,2021,3,Portuguese Grand Prix
2021-05-02 15:32:44,Flag,WAVED BLUE FLAG FOR CAR 6 (LAT) TIMED AT 16:32:44,,BLUE,Driver,,6,63.0,2021,3,Portuguese Grand Prix
2021-05-02 15:33:40,Flag,WAVED BLUE FLAG FOR CAR 6 (LAT) TIMED AT 16:33:39,,BLUE,Driver,,6,64.0,2021,3,Portuguese Grand Prix
2021-05-02 15:33:46,Flag,WAVED BLUE FLAG FOR CAR 9 (MAZ) TIMED AT 16:33:45,,BLUE,Driver,,9,64.0,2021,3,Portuguese Grand Prix
2021-05-02 15:33:51,Flag,WAVED BLUE FLAG FOR CAR 5 (VET) TIMED AT 16:33:50,,BLUE,Driver,,5,64.0,2021,3,Portuguese Grand Prix
2021-05-02 15:33:59,Flag,WAVED BLUE FLAG FOR CAR 47 (MSC) TIMED AT 16:33:59,,BLUE,Driver,,47,64.0,2021,3,Portuguese Grand Prix
2021-05-02 15:34:11,Flag,WAVED BLUE FLAG FOR CAR 6 (LAT) TIMED AT 16:34:10,,BLUE,Driver,,6,64.0,2021,3,Portuguese Grand Prix
2021-05-02 15:34:19,Flag,WAVED BLUE FLAG FOR CAR 99 (GIO) TIMED AT 16:34:19,,BLUE,Driver,,99,64.0,2021,3,Portuguese Grand Prix
2021-05-02 15:34:33,Flag,WAVED BLUE FLAG FOR CAR 9 (MAZ) TIMED AT 16:34:33,,BLUE,Driver,,9,64.0,2021,3,Portuguese Grand Prix
2021-05-02 15:34:42,Flag,WAVED BLUE FLAG FOR CAR 6 (LAT) TIMED AT 16:34:41,,BLUE,Driver,,6,64.0,2021,3,Portuguese Grand Prix
2021-05-02 15:35:17,Flag,WAVED BLUE FLAG FOR CAR 9 (MAZ) TIMED AT 16:35:16,,BLUE,Driver,,9,65.0,2021,3,Portuguese Grand Prix
2021-05-02 15:35:18,Flag,WAVED BLUE FLAG FOR CAR 6 (LAT) TIMED AT 16:35:17,,BLUE,Driver,,6,65.0,2021,3,Portuguese Grand Prix
2021-05-02 15:35:21,Flag,WAVED BLUE FLAG FOR CAR 47 (MSC) TIMED AT 16:35:21,,BLUE,Driver,,47,65.0,2021,3,Portuguese Grand Prix
2021-05-02 15:36:07,Flag,WAVED BLUE FLAG FOR CAR 9 (MAZ) TIMED AT 16:36:06,,BLUE,Driver,,9,65.0,2021,3,Portuguese Grand Prix
2021-05-02 15:36:14,Flag,WAVED BLUE FLAG FOR CAR 63 (RUS) TIMED AT 16:36:14,,BLUE,Driver,,63,66.0,2021,3,Portuguese Grand Prix
2021-05-02 15:36:57,Flag,WAVED BLUE FLAG FOR CAR 63 (RUS) TIMED AT 16:36:56,,BLUE,Driver,,63,66.0,2021,3,Portuguese Grand Prix
2021-05-02 15:36:59,Flag,WAVED BLUE FLAG FOR CAR 47 (MSC) TIMED AT 16:36:59,,BLUE,Driver,,47,66.0,2021,3,Portuguese Grand Prix
2021-05-02 15:37:40,Flag,CHEQUERED FLAG,,CHEQUERED,Track,,,66.0,2021,3,Portuguese Grand Prix
2021-05-02 15:41:05,Other,CAR 33 (VER) TIME 1:19.849 DELETED - TRACK LIMITS AT TURN 14,,,,,,66.0,2021,3,Portuguese Grand Prix
2021-05-09 12:45:09,Other,RISK OF RAIN FOR F1 RACE IS 20%,,,,,,1.0,2021,4,Spanish Grand Prix
2021-05-09 12:57:06,Drs,DRS DISABLED,DISABLED,,,,,1.0,2021,4,Spanish Grand Prix
2021-05-09 13:03:18,Flag,GREEN LIGHT - PIT EXIT OPEN,,GREEN,Track,,,1.0,2021,4,Spanish Grand Prix
2021-05-09 13:06:22,Drs,DRS ENABLED,ENABLED,,,,,3.0,2021,4,Spanish Grand Prix
2021-05-09 13:08:22,Other,INCIDENT INVOLVING CAR 10 (GAS) UNDER INVESTIGATION - OUT OF POSITION AT THE START,,,,,,4.0,2021,4,Spanish Grand Prix
2021-05-09 13:11:06,Other,CAR 9 (MAZ) TIME 1:26.945 DELETED - TRACK LIMITS AT TURN 2,,,,,,6.0,2021,4,Spanish Grand Prix
2021-05-09 13:13:23,Flag,DOUBLE YELLOW IN TRACK SECTOR 12,,DOUBLE YELLOW,Sector,12.0,,8.0,2021,4,Spanish Grand Prix
2021-05-09 13:13:23,Flag,YELLOW IN TRACK SECTOR 13,,YELLOW,Sector,13.0,,8.0,2021,4,Spanish Grand Prix
2021-05-09 13:13:24,Other,DRS DISABLED IN ZONE 1,,,,,,8.0,2021,4,Spanish Grand Prix
2021-05-09 13:13:36,Flag,CLEAR IN TRACK SECTOR 13,,CLEAR,Sector,13.0,,8.0,2021,4,Spanish Grand Prix
2021-05-09 13:14:22,SafetyCar,SAFETY CAR DEPLOYED,DEPLOYED,,,,,8.0,2021,4,Spanish Grand Prix
2021-05-09 13:17:44,Flag,CLEAR IN TRACK SECTOR 12,,CLEAR,Sector,12.0,,10.0,2021,4,Spanish Grand Prix
2021-05-09 13:17:47,SafetyCar,SAFETY CAR IN THIS LAP,IN THIS LAP,,,,,10.0,2021,4,Spanish Grand Prix
2021-05-09 13:18:48,Flag,TRACK CLEAR,,CLEAR,Track,,,10.0,2021,4,Spanish Grand Prix
2021-05-09 13:20:07,Other,5 SECOND TIME PENALTY FOR CAR 10 (GAS) - OUT OF POSITION AT THE START,,,,,,11.0,2021,4,Spanish Grand Prix
2021-05-09 13:20:43,Other,CAR 14 (ALO) TIME 1:28.119 DELETED - TRACK LIMITS AT TURN 2,,,,,,12.0,2021,4,Spanish Grand Prix
2021-05-09 13:22:05,Drs,DRS ENABLED,ENABLED,,,,,13.0,2021,4,Spanish Grand Prix
2021-05-09 13:40:23,Flag,WAVED BLUE FLAG FOR CAR 9 (MAZ) TIMED AT 15:40:23,,BLUE,Driver,,9,26.0,2021,4,Spanish Grand Prix
2021-05-09 13:50:25,Flag,WAVED BLUE FLAG FOR CAR 9 (MAZ) TIMED AT 15:50:25,,BLUE,Driver,,9,33.0,2021,4,Spanish Grand Prix
2021-05-09 13:50:46,Flag,WAVED BLUE FLAG FOR CAR 9 (MAZ) TIMED AT 15:50:46,,BLUE,Driver,,9,33.0,2021,4,Spanish Grand Prix
2021-05-09 13:52:33,Flag,WAVED BLUE FLAG FOR CAR 9 (MAZ) TIMED AT 15:52:32,,BLUE,Driver,,9,34.0,2021,4,Spanish Grand Prix
2021-05-09 13:56:58,Flag,WAVED BLUE FLAG FOR CAR 47 (MSC) TIMED AT 15:56:58,,BLUE,Driver,,47,38.0,2021,4,Spanish Grand Prix
2021-05-09 13:58:17,Flag,WAVED BLUE FLAG FOR CAR 7 (RAI) TIMED AT 15:58:17,,BLUE,Driver,,7,39.0,2021,4,Spanish Grand Prix
2021-05-09 13:58:21,Flag,WAVED BLUE FLAG FOR CAR 7 (RAI) TIMED AT 15:58:21,,BLUE,Driver,,7,39.0,2021,4,Spanish Grand Prix
2021-05-09 13:58:43,Flag,WAVED BLUE FLAG FOR CAR 9 (MAZ) TIMED AT 15:58:42,,BLUE,Driver,,9,39.0,2021,4,Spanish Grand Prix
2021-05-09 13:59:18,Flag,WAVED BLUE FLAG FOR CAR 47 (MSC) TIMED AT 15:59:17,,BLUE,Driver,,47,39.0,2021,4,Spanish Grand Prix
2021-05-09 14:00:06,Flag,WAVED BLUE FLAG FOR CAR 99 (GIO) TIMED AT 16:00:06,,BLUE,Driver,,99,40.0,2021,4,Spanish Grand Prix
2021-05-09 14:00:20,Flag,WAVED BLUE FLAG FOR CAR 99 (GIO) TIMED AT 16:00:20,,BLUE,Driver,,99,40.0,2021,4,Spanish Grand Prix
2021-05-09 14:01:21,Flag,WAVED BLUE FLAG FOR CAR 99 (GIO) TIMED AT 16:01:21,,BLUE,Driver,,99,41.0,2021,4,Spanish Grand Prix
2021-05-09 14:02:59,Flag,WAVED BLUE FLAG FOR CAR 5 (VET) TIMED AT 16:02:59,,BLUE,Driver,,5,42.0,2021,4,Spanish Grand Prix
2021-05-09 14:03:10,Flag,WAVED BLUE FLAG FOR CAR 6 (LAT) TIMED AT 16:03:10,,BLUE,Driver,,6,42.0,2021,4,Spanish Grand Prix
2021-05-09 14:03:50,Flag,WAVED BLUE FLAG FOR CAR 7 (RAI) TIMED AT 16:03:49,,BLUE,Driver,,7,43.0,2021,4,Spanish Grand Prix
2021-05-09 14:05:32,Flag,WAVED BLUE FLAG FOR CAR 9 (MAZ) TIMED AT 16:05:31,,BLUE,Driver,,9,44.0,2021,4,Spanish Grand Prix
2021-05-09 14:05:47,Flag,WAVED BLUE FLAG FOR CAR 47 (MSC) TIMED AT 16:05:46,,BLUE,Driver,,47,44.0,2021,4,Spanish Grand Prix
2021-05-09 14:08:05,Flag,WAVED BLUE FLAG FOR CAR 18 (STR) TIMED AT 16:08:04,,BLUE,Driver,,18,46.0,2021,4,Spanish Grand Prix
2021-05-09 14:08:09,Flag,WAVED BLUE FLAG FOR CAR 63 (RUS) TIMED AT 16:08:08,,BLUE,Driver,,63,46.0,2021,4,Spanish Grand Prix
2021-05-09 14:09:48,Flag,WAVED BLUE FLAG FOR CAR 6 (LAT) TIMED AT 16:09:47,,BLUE,Driver,,6,47.0,2021,4,Spanish Grand Prix
2021-05-09 14:10:23,Flag,WAVED BLUE FLAG FOR CAR 5 (VET) TIMED AT 16:10:22,,BLUE,Driver,,5,48.0,2021,4,Spanish Grand Prix
2021-05-09 14:10:29,Flag,WAVED BLUE FLAG FOR CAR 10 (GAS) TIMED AT 16:10:28,,BLUE,Driver,,10,48.0,2021,4,Spanish Grand Prix
2021-05-09 14:10:48,Flag,WAVED BLUE FLAG FOR CAR 7 (RAI) TIMED AT 16:10:47,,BLUE,Driver,,7,48.0,2021,4,Spanish Grand Prix
2021-05-09 14:11:31,Flag,WAVED BLUE FLAG FOR CAR 47 (MSC) TIMED AT 16:11:31,,BLUE,Driver,,47,48.0,2021,4,Spanish Grand Prix
2021-05-09 14:11:40,Flag,WAVED BLUE FLAG FOR CAR 6 (LAT) TIMED AT 16:11:39,,BLUE,Driver,,6,48.0,2021,4,Spanish Grand Prix
2021-05-09 14:12:05,Flag,WAVED BLUE FLAG FOR CAR 14 (ALO) TIMED AT 16:12:05,,BLUE,Driver,,14,49.0,2021,4,Spanish Grand Prix
2021-05-09 14:13:09,Flag,WAVED BLUE FLAG FOR CAR 18 (STR) TIMED AT 16:13:09,,BLUE,Driver,,18,50.0,2021,4,Spanish Grand Prix
2021-05-09 14:15:02,Flag,WAVED BLUE FLAG FOR CAR 9 (MAZ) TIMED AT 16:15:02,,BLUE,Driver,,9,51.0,2021,4,Spanish Grand Prix
2021-05-09 14:15:24,Other,BLACK AND WHITE FLAG FOR CAR 4 (NOR),,,,,,51.0,2021,4,Spanish Grand Prix
2021-05-09 14:17:46,Flag,WAVED BLUE FLAG FOR CAR 63 (RUS) TIMED AT 16:17:46,,BLUE,Driver,,63,53.0,2021,4,Spanish Grand Prix
2021-05-09 14:18:32,Flag,WAVED BLUE FLAG FOR CAR 14 (ALO) TIMED AT 16:18:31,,BLUE,Driver,,14,53.0,2021,4,Spanish Grand Prix
2021-05-09 14:20:03,Flag,WAVED BLUE FLAG FOR CAR 9 (MAZ) TIMED AT 16:20:03,,BLUE,Driver,,9,55.0,2021,4,Spanish Grand Prix
2021-05-09 14:21:43,Flag,WAVED BLUE FLAG FOR CAR 31 (OCO) TIMED AT 16:21:42,,BLUE,Driver,,31,56.0,2021,4,Spanish Grand Prix
2021-05-09 14:23:16,Flag,WAVED BLUE FLAG FOR CAR 31 (OCO) TIMED AT 16:23:16,,BLUE,Driver,,31,57.0,2021,4,Spanish Grand Prix
2021-05-09 14:24:45,Flag,WAVED BLUE FLAG FOR CAR 9 (MAZ) TIMED AT 16:24:44,,BLUE,Driver,,9,58.0,2021,4,Spanish Grand Prix
2021-05-09 14:25:43,Flag,WAVED BLUE FLAG FOR CAR 5 (VET) TIMED AT 16:25:43,,BLUE,Driver,,5,59.0,2021,4,Spanish Grand Prix
2021-05-09 14:26:44,Flag,WAVED BLUE FLAG FOR CAR 10 (GAS) TIMED AT 16:26:44,,BLUE,Driver,,10,59.0,2021,4,Spanish Grand Prix
2021-05-09 14:27:20,Flag,WAVED BLUE FLAG FOR CAR 47 (MSC) TIMED AT 16:27:19,,BLUE,Driver,,47,60.0,2021,4,Spanish Grand Prix
2021-05-09 14:27:28,Flag,WAVED BLUE FLAG FOR CAR 7 (RAI) TIMED AT 16:27:28,,BLUE,Driver,,7,60.0,2021,4,Spanish Grand Prix
2021-05-09 14:27:42,Flag,WAVED BLUE FLAG FOR CAR 63 (RUS) TIMED AT 16:27:41,,BLUE,Driver,,63,60.0,2021,4,Spanish Grand Prix
2021-05-09 14:27:52,Flag,WAVED BLUE FLAG FOR CAR 47 (MSC) TIMED AT 16:27:51,,BLUE,Driver,,47,60.0,2021,4,Spanish Grand Prix
2021-05-09 14:27:55,Flag,WAVED BLUE FLAG FOR CAR 7 (RAI) TIMED AT 16:27:54,,BLUE,Driver,,7,60.0,2021,4,Spanish Grand Prix
2021-05-09 14:28:24,Flag,WAVED BLUE FLAG FOR CAR 18 (STR) TIMED AT 16:28:24,,BLUE,Driver,,18,61.0,2021,4,Spanish Grand Prix
2021-05-09 14:28:34,Flag,WAVED BLUE FLAG FOR CAR 6 (LAT) TIMED AT 16:28:34,,BLUE,Driver,,6,61.0,2021,4,Spanish Grand Prix
2021-05-09 14:28:54,Flag,WAVED BLUE FLAG FOR CAR 9 (MAZ) TIMED AT 16:28:53,,BLUE,Driver,,9,61.0,2021,4,Spanish Grand Prix
2021-05-09 14:29:00,Flag,WAVED BLUE FLAG FOR CAR 14 (ALO) TIMED AT 16:28:59,,BLUE,Driver,,14,61.0,2021,4,Spanish Grand Prix
2021-05-09 14:29:07,Flag,WAVED BLUE FLAG FOR CAR 18 (STR) TIMED AT 16:29:06,,BLUE,Driver,,18,61.0,2021,4,Spanish Grand Prix
2021-05-09 14:29:14,Flag,WAVED BLUE FLAG FOR CAR 14 (ALO) TIMED AT 16:29:13,,BLUE,Driver,,14,61.0,2021,4,Spanish Grand Prix
2021-05-09 14:30:16,Other,TURN 1 INCIDENT INVOLVING CARS 14 (ALO) AND 18 (STR) UNDER INVESTIGATION,,,,,,62.0,2021,4,Spanish Grand Prix
2021-05-09 14:30:48,Other,CAR 18 (STR) TIME 1:27.774 DELETED - TRACK LIMITS AT TURN 2,,,,,,62.0,2021,4,Spanish Grand Prix
2021-05-09 14:30:57,Flag,WAVED BLUE FLAG FOR CAR 9 (MAZ) TIMED AT 16:30:57,,BLUE,Driver,,9,62.0,2021,4,Spanish Grand Prix
2021-05-09 14:31:37,Flag,WAVED BLUE FLAG FOR CAR 31 (OCO) TIMED AT 16:31:37,,BLUE,Driver,,31,63.0,2021,4,Spanish Grand Prix
2021-05-09 14:32:11,Flag,WAVED BLUE FLAG FOR CAR 14 (ALO) TIMED AT 16:32:11,,BLUE,Driver,,14,63.0,2021,4,Spanish Grand Prix
2021-05-09 14:32:13,Flag,WAVED BLUE FLAG FOR CAR 9 (MAZ) TIMED AT 16:32:13,,BLUE,Driver,,9,63.0,2021,4,Spanish Grand Prix
2021-05-09 14:32:44,Flag,WAVED BLUE FLAG FOR CAR 99 (GIO) TIMED AT 16:32:43,,BLUE,Driver,,99,64.0,2021,4,Spanish Grand Prix
2021-05-09 14:32:54,Other,BLACK AND WHITE FLAG FOR CAR 18 (STR),,,,,,64.0,2021,4,Spanish Grand Prix
2021-05-09 14:32:57,Flag,WAVED BLUE FLAG FOR CAR 4 (NOR) TIMED AT 16:32:57,,BLUE,Driver,,4,64.0,2021,4,Spanish Grand Prix
2021-05-09 14:33:21,Flag,WAVED BLUE FLAG FOR CAR 9 (MAZ) TIMED AT 16:33:21,,BLUE,Driver,,9,64.0,2021,4,Spanish Grand Prix
2021-05-09 14:34:06,Flag,WAVED BLUE FLAG FOR CAR 31 (OCO) TIMED AT 16:34:06,,BLUE,Driver,,31,65.0,2021,4,Spanish Grand Prix
2021-05-09 14:34:08,Flag,WAVED BLUE FLAG FOR CAR 47 (MSC) TIMED AT 16:34:08,,BLUE,Driver,,47,65.0,2021,4,Spanish Grand Prix
2021-05-09 14:35:12,Flag,WAVED BLUE FLAG FOR CAR 63 (RUS) TIMED AT 16:35:11,,BLUE,Driver,,63,66.0,2021,4,Spanish Grand Prix
2021-05-09 14:36:18,Flag,WAVED BLUE FLAG FOR CAR 6 (LAT) TIMED AT 16:36:17,,BLUE,Driver,,6,66.0,2021,4,Spanish Grand Prix
2021-05-09 14:36:32,Flag,CHEQUERED FLAG,,CHEQUERED,Track,,,66.0,2021,4,Spanish Grand Prix
2021-05-09 14:36:43,Flag,WAVED BLUE FLAG FOR CAR 9 (MAZ) TIMED AT 16:36:42,,BLUE,Driver,,9,66.0,2021,4,Spanish Grand Prix
2021-05-23 12:45:02,Other,RISK OF RAIN FOR F1 RACE IS 0%,,,,,,1.0,2021,5,Monaco Grand Prix
2021-05-23 12:57:08,Drs,DRS DISABLED,DISABLED,,,,,1.0,2021,5,Monaco Grand Prix
2021-05-23 13:02:55,Flag,GREEN LIGHT - PIT EXIT OPEN,,GREEN,Track,,,1.0,2021,5,Monaco Grand Prix
2021-05-23 13:06:03,Drs,DRS ENABLED,ENABLED,,,,,3.0,2021,5,Monaco Grand Prix
2021-05-23 13:12:41,Other,CAR 9 (MAZ) TIME 1:19.535 DELETED - TRACK LIMITS AT TURN 10,,,,,,8.0,2021,5,Monaco Grand Prix
2021-05-23 13:16:04,Other,CAR 4 (NOR) TIME 1:17.190 DELETED - TRACK LIMITS AT TURN 10,,,,,,11.0,2021,5,Monaco Grand Prix
2021-05-23 13:19:15,Other,CAR 9 (MAZ) TIME 1:18.904 DELETED - TRACK LIMITS AT TURN 10,,,,,,13.0,2021,5,Monaco Grand Prix
2021-05-23 13:19:38,Flag,BLACK AND WHITE FLAG FOR CAR 9 (MAZ) - TRACK LIMITS,,BLACK AND WHITE,Driver,,9,13.0,2021,5,Monaco Grand Prix
2021-05-23 13:26:19,Other,CAR 4 (NOR) TIME 1:16.602 DELETED - TRACK LIMITS AT TURN 10,,,,,,19.0,2021,5,Monaco Grand Prix
2021-05-23 13:26:26,Flag,BLACK AND WHITE FLAG FOR CAR 4 (NOR) - TRACK LIMITS,,BLACK AND WHITE,Driver,,4,19.0,2021,5,Monaco Grand Prix
2021-05-23 13:28:00,Other,CAR 10 (GAS) TIME 1:17.309 DELETED - TRACK LIMITS AT TURN 10,,,,,,20.0,2021,5,Monaco Grand Prix
2021-05-23 13:31:23,Flag,WAVED BLUE FLAG FOR CAR 9 (MAZ) TIMED AT 15:31:23,,BLUE,Driver,,9,23.0,2021,5,Monaco Grand Prix
2021-05-23 13:32:23,Flag,WAVED BLUE FLAG FOR CAR 9 (MAZ) TIMED AT 15:32:23,,BLUE,Driver,,9,24.0,2021,5,Monaco Grand Prix
2021-05-23 13:33:37,Flag,WAVED BLUE FLAG FOR CAR 9 (MAZ) TIMED AT 15:33:37,,BLUE,Driver,,9,25.0,2021,5,Monaco Grand Prix
2021-05-23 13:34:39,Flag,WAVED BLUE FLAG FOR CAR 47 (MSC) TIMED AT 15:34:39,,BLUE,Driver,,47,25.0,2021,5,Monaco Grand Prix
2021-05-23 13:34:40,Flag,WAVED BLUE FLAG FOR CAR 9 (MAZ) TIMED AT 15:34:40,,BLUE,Driver,,9,25.0,2021,5,Monaco Grand Prix
2021-05-23 13:35:38,Flag,WAVED BLUE FLAG FOR CAR 9 (MAZ) TIMED AT 15:35:37,,BLUE,Driver,,9,26.0,2021,5,Monaco Grand Prix
2021-05-23 13:35:56,Flag,WAVED BLUE FLAG FOR CAR 47 (MSC) TIMED AT 15:35:55,,BLUE,Driver,,47,26.0,2021,5,Monaco Grand Prix
2021-05-23 13:36:08,Flag,WAVED BLUE FLAG FOR CAR 47 (MSC) TIMED AT 15:36:07,,BLUE,Driver,,47,26.0,2021,5,Monaco Grand Prix
2021-05-23 13:36:22,Other,CAR 47 (MSC) TIME 1:22.457 DELETED - TRACK LIMITS AT TURN 10,,,,,,27.0,2021,5,Monaco Grand Prix
2021-05-23 13:36:45,Flag,WAVED BLUE FLAG FOR CAR 47 (MSC) TIMED AT 15:36:44,,BLUE,Driver,,47,27.0,2021,5,Monaco Grand Prix
2021-05-23 13:37:21,Flag,WAVED BLUE FLAG FOR CAR 47 (MSC) TIMED AT 15:37:21,,BLUE,Driver,,47,27.0,2021,5,Monaco Grand Prix
2021-05-23 13:37:47,Flag,WAVED BLUE FLAG FOR CAR 47 (MSC) TIMED AT 15:37:47,,BLUE,Driver,,47,28.0,2021,5,Monaco Grand Prix
2021-05-23 13:37:48,Other,CAR 47 (MSC) TIME 1:23.437 DELETED - TRACK LIMITS AT TURN 10,,,,,,28.0,2021,5,Monaco Grand Prix
2021-05-23 13:38:03,Flag,WAVED BLUE FLAG FOR CAR 47 (MSC) TIMED AT 15:38:02,,BLUE,Driver,,47,28.0,2021,5,Monaco Grand Prix
2021-05-23 13:39:06,Flag,WAVED BLUE FLAG FOR CAR 22 (TSU) TIMED AT 15:39:06,,BLUE,Driver,,22,29.0,2021,5,Monaco Grand Prix
2021-05-23 13:39:49,Flag,WAVED BLUE FLAG FOR CAR 6 (LAT) TIMED AT 15:39:49,,BLUE,Driver,,6,29.0,2021,5,Monaco Grand Prix
2021-05-23 13:40:22,Flag,WAVED BLUE FLAG FOR CAR 47 (MSC) TIMED AT 15:40:21,,BLUE,Driver,,47,30.0,2021,5,Monaco Grand Prix
2021-05-23 13:40:34,Flag,WAVED BLUE FLAG FOR CAR 63 (RUS) TIMED AT 15:40:33,,BLUE,Driver,,63,30.0,2021,5,Monaco Grand Prix
2021-05-23 13:40:37,Flag,WAVED BLUE FLAG FOR CAR 47 (MSC) TIMED AT 15:40:36,,BLUE,Driver,,47,30.0,2021,5,Monaco Grand Prix
2021-05-23 13:40:45,Flag,WAVED BLUE FLAG FOR CAR 47 (MSC) TIMED AT 15:40:44,,BLUE,Driver,,47,30.0,2021,5,Monaco Grand Prix
2021-05-23 13:41:55,Flag,WAVED BLUE FLAG FOR CAR 47 (MSC) TIMED AT 15:41:54,,BLUE,Driver,,47,31.0,2021,5,Monaco Grand Prix
2021-05-23 13:41:55,Flag,WAVED BLUE FLAG FOR CAR 9 (MAZ) TIMED AT 15:41:54,,BLUE,Driver,,9,31.0,2021,5,Monaco Grand Prix
2021-05-23 13:42:16,Flag,WAVED BLUE FLAG FOR CAR 22 (TSU) TIMED AT 15:42:16,,BLUE,Driver,,22,31.0,2021,5,Monaco Grand Prix
2021-05-23 13:42:46,Flag,WAVED BLUE FLAG FOR CAR 6 (LAT) TIMED AT 15:42:45,,BLUE,Driver,,6,32.0,2021,5,Monaco Grand Prix
2021-05-23 13:42:51,Flag,WAVED BLUE FLAG FOR CAR 9 (MAZ) TIMED AT 15:42:50,,BLUE,Driver,,9,32.0,2021,5,Monaco Grand Prix
2021-05-23 13:43:03,Flag,WAVED BLUE FLAG FOR CAR 47 (MSC) TIMED AT 15:43:03,,BLUE,Driver,,47,32.0,2021,5,Monaco Grand Prix
2021-05-23 13:43:34,Flag,WAVED BLUE FLAG FOR CAR 63 (RUS) TIMED AT 15:43:33,,BLUE,Driver,,63,32.0,2021,5,Monaco Grand Prix
2021-05-23 13:44:11,Flag,WAVED BLUE FLAG FOR CAR 63 (RUS) TIMED AT 15:44:11,,BLUE,Driver,,63,33.0,2021,5,Monaco Grand Prix
2021-05-23 13:44:13,Flag,WAVED BLUE FLAG FOR CAR 47 (MSC) TIMED AT 15:44:12,,BLUE,Driver,,47,33.0,2021,5,Monaco Grand Prix
2021-05-23 13:44:51,Flag,WAVED BLUE FLAG FOR CAR 63 (RUS) TIMED AT 15:44:51,,BLUE,Driver,,63,33.0,2021,5,Monaco Grand Prix
2021-05-23 13:45:15,Flag,WAVED BLUE FLAG FOR CAR 47 (MSC) TIMED AT 15:45:14,,BLUE,Driver,,47,34.0,2021,5,Monaco Grand Prix
2021-05-23 13:45:48,Flag,WAVED BLUE FLAG FOR CAR 63 (RUS) TIMED AT 15:45:48,,BLUE,Driver,,63,34.0,2021,5,Monaco Grand Prix
2021-05-23 13:48:26,Flag,WAVED BLUE FLAG FOR CAR 9 (MAZ) TIMED AT 15:48:25,,BLUE,Driver,,9,36.0,2021,5,Monaco Grand Prix
2021-05-23 13:51:23,Other,CAR 99 (GIO) TIME 1:16.038 DELETED - TRACK LIMITS AT TURN 10,,,,,,38.0,2021,5,Monaco Grand Prix
2021-05-23 13:52:15,Flag,WAVED BLUE FLAG FOR CAR 22 (TSU) TIMED AT 15:52:14,,BLUE,Driver,,22,39.0,2021,5,Monaco Grand Prix
2021-05-23 13:52:50,Flag,WAVED BLUE FLAG FOR CAR 6 (LAT) TIMED AT 15:52:50,,BLUE,Driver,,6,39.0,2021,5,Monaco Grand Prix
2021-05-23 13:53:17,Flag,WAVED BLUE FLAG FOR CAR 47 (MSC) TIMED AT 15:53:17,,BLUE,Driver,,47,40.0,2021,5,Monaco Grand Prix
2021-05-23 13:53:44,Flag,WAVED BLUE FLAG FOR CAR 22 (TSU) TIMED AT 15:53:44,,BLUE,Driver,,22,40.0,2021,5,Monaco Grand Prix
2021-05-23 13:54:09,Flag,WAVED BLUE FLAG FOR CAR 47 (MSC) TIMED AT 15:54:08,,BLUE,Driver,,47,40.0,2021,5,Monaco Grand Prix
2021-05-23 13:54:15,Flag,WAVED BLUE FLAG FOR CAR 6 (LAT) TIMED AT 15:54:14,,BLUE,Driver,,6,41.0,2021,5,Monaco Grand Prix
2021-05-23 13:54:39,Flag,WAVED BLUE FLAG FOR CAR 9 (MAZ) TIMED AT 15:54:39,,BLUE,Driver,,9,41.0,2021,5,Monaco Grand Prix
2021-05-23 13:54:42,Other,CAR 47 (MSC) TIME 1:26.398 DELETED - TRACK LIMITS AT TURN 10,,,,,,41.0,2021,5,Monaco Grand Prix
2021-05-23 13:54:50,Flag,WAVED BLUE FLAG FOR CAR 47 (MSC) TIMED AT 15:54:50,,BLUE,Driver,,47,41.0,2021,5,Monaco Grand Prix
2021-05-23 13:55:08,Flag,BLACK AND WHITE FLAG FOR CAR 47 (MSC) - TRACK LIMITS,,BLACK AND WHITE,Driver,,47,41.0,2021,5,Monaco Grand Prix
2021-05-23 13:55:20,Flag,WAVED BLUE FLAG FOR CAR 47 (MSC) TIMED AT 15:55:19,,BLUE,Driver,,47,41.0,2021,5,Monaco Grand Prix
2021-05-23 13:55:35,Flag,WAVED BLUE FLAG FOR CAR 9 (MAZ) TIMED AT 15:55:35,,BLUE,Driver,,9,42.0,2021,5,Monaco Grand Prix
2021-05-23 13:55:48,Other,CAR 9 (MAZ) TIME 1:21.209 DELETED - TRACK LIMITS AT TURN 10,,,,,,42.0,2021,5,Monaco Grand Prix
2021-05-23 13:56:15,Flag,WAVED BLUE FLAG FOR CAR 47 (MSC) TIMED AT 15:56:15,,BLUE,Driver,,47,42.0,2021,5,Monaco Grand Prix
2021-05-23 13:56:19,Flag,WAVED BLUE FLAG FOR CAR 22 (TSU) TIMED AT 15:56:19,,BLUE,Driver,,22,42.0,2021,5,Monaco Grand Prix
2021-05-23 13:56:31,Flag,WAVED BLUE FLAG FOR CAR 9 (MAZ) TIMED AT 15:56:31,,BLUE,Driver,,9,42.0,2021,5,Monaco Grand Prix
2021-05-23 13:56:46,Flag,WAVED BLUE FLAG FOR CAR 6 (LAT) TIMED AT 15:56:46,,BLUE,Driver,,6,43.0,2021,5,Monaco Grand Prix
2021-05-23 13:56:49,Other,CAR 47 (MSC) TIME 1:24.818 DELETED - TRACK LIMITS AT TURN 10,,,,,,43.0,2021,5,Monaco Grand Prix
2021-05-23 13:58:36,Flag,WAVED BLUE FLAG FOR CAR 9 (MAZ) TIMED AT 15:58:35,,BLUE,Driver,,9,44.0,2021,5,Monaco Grand Prix
2021-05-23 13:58:53,Flag,WAVED BLUE FLAG FOR CAR 63 (RUS) TIMED AT 15:58:53,,BLUE,Driver,,63,44.0,2021,5,Monaco Grand Prix
2021-05-23 13:59:39,Other,CAR 9 (MAZ) TIME 1:20.555 DELETED - TRACK LIMITS AT TURN 10,,,,,,45.0,2021,5,Monaco Grand Prix
2021-05-23 13:59:55,Flag,WAVED BLUE FLAG FOR CAR 6 (LAT) TIMED AT 15:59:55,,BLUE,Driver,,6,45.0,2021,5,Monaco Grand Prix
2021-05-23 13:59:57,Flag,WAVED BLUE FLAG FOR CAR 9 (MAZ) TIMED AT 15:59:56,,BLUE,Driver,,9,45.0,2021,5,Monaco Grand Prix
2021-05-23 14:00:31,Flag,WAVED BLUE FLAG FOR CAR 9 (MAZ) TIMED AT 16:00:30,,BLUE,Driver,,9,45.0,2021,5,Monaco Grand Prix
2021-05-23 14:01:02,Other,CAR 9 (MAZ) TIME 1:22.757 DELETED - TRACK LIMITS AT TURN 10,,,,,,46.0,2021,5,Monaco Grand Prix
2021-05-23 14:01:19,Other,CAR 18 (STR) TIME 1:17.562 DELETED - TRACK LIMITS AT TURN 10,,,,,,46.0,2021,5,Monaco Grand Prix
2021-05-23 14:01:43,Flag,WAVED BLUE FLAG FOR CAR 3 (RIC) TIMED AT 16:01:42,,BLUE,Driver,,3,46.0,2021,5,Monaco Grand Prix
2021-05-23 14:01:50,Flag,WAVED BLUE FLAG FOR CAR 9 (MAZ) TIMED AT 16:01:50,,BLUE,Driver,,9,47.0,2021,5,Monaco Grand Prix
2021-05-23 14:02:12,Flag,WAVED BLUE FLAG FOR CAR 7 (RAI) TIMED AT 16:02:11,,BLUE,Driver,,7,47.0,2021,5,Monaco Grand Prix
2021-05-23 14:02:25,Flag,WAVED BLUE FLAG FOR CAR 3 (RIC) TIMED AT 16:02:24,,BLUE,Driver,,3,47.0,2021,5,Monaco Grand Prix
2021-05-23 14:02:47,Flag,WAVED BLUE FLAG FOR CAR 7 (RAI) TIMED AT 16:02:47,,BLUE,Driver,,7,47.0,2021,5,Monaco Grand Prix
2021-05-23 14:02:53,Flag,WAVED BLUE FLAG FOR CAR 9 (MAZ) TIMED AT 16:02:53,,BLUE,Driver,,9,47.0,2021,5,Monaco Grand Prix
2021-05-23 14:02:55,Other,CAR 6 (LAT) TIME 1:16.122 DELETED - TRACK LIMITS AT TURN 10,,,,,,47.0,2021,5,Monaco Grand Prix
2021-05-23 14:03:07,Flag,WAVED BLUE FLAG FOR CAR 22 (TSU) TIMED AT 16:03:07,,BLUE,Driver,,22,48.0,2021,5,Monaco Grand Prix
2021-05-23 14:03:09,Flag,WAVED BLUE FLAG FOR CAR 9 (MAZ) TIMED AT 16:03:09,,BLUE,Driver,,9,48.0,2021,5,Monaco Grand Prix
2021-05-23 14:03:21,Other,CAR 3 (RIC) TIME 1:22.040 DELETED - TRACK LIMITS AT TURN 10,,,,,,48.0,2021,5,Monaco Grand Prix
2021-05-23 14:04:05,Flag,WAVED BLUE FLAG FOR CAR 9 (MAZ) TIMED AT 16:04:04,,BLUE,Driver,,9,48.0,2021,5,Monaco Grand Prix
2021-05-23 14:04:27,Flag,WAVED BLUE FLAG FOR CAR 14 (ALO) TIMED AT 16:04:27,,BLUE,Driver,,14,49.0,2021,5,Monaco Grand Prix
2021-05-23 14:04:41,Flag,WAVED BLUE FLAG FOR CAR 14 (ALO) TIMED AT 16:04:40,,BLUE,Driver,,14,49.0,2021,5,Monaco Grand Prix
2021-05-23 14:05:09,Other,CAR 9 (MAZ) TIME 1:22.519 DELETED - TRACK LIMITS AT TURN 10,,,,,,49.0,2021,5,Monaco Grand Prix
2021-05-23 14:08:06,Flag,WAVED BLUE FLAG FOR CAR 3 (RIC) TIMED AT 16:08:06,,BLUE,Driver,,3,52.0,2021,5,Monaco Grand Prix
2021-05-23 14:11:36,Flag,WAVED BLUE FLAG FOR CAR 63 (RUS) TIMED AT 16:11:36,,BLUE,Driver,,63,54.0,2021,5,Monaco Grand Prix
2021-05-23 14:14:51,Flag,WAVED BLUE FLAG FOR CAR 63 (RUS) TIMED AT 16:14:51,,BLUE,Driver,,63,57.0,2021,5,Monaco Grand Prix
2021-05-23 14:15:21,Flag,WAVED BLUE FLAG FOR CAR 63 (RUS) TIMED AT 16:15:20,,BLUE,Driver,,63,57.0,2021,5,Monaco Grand Prix
2021-05-23 14:16:32,Other,CAR 63 (RUS) TIME 1:23.427 DELETED - TRACK LIMITS AT TURN 10,,,,,,58.0,2021,5,Monaco Grand Prix
2021-05-23 14:16:37,Other,CAR 6 (LAT) TIME 1:17.179 DELETED - TRACK LIMITS AT TURN 10,,,,,,58.0,2021,5,Monaco Grand Prix
2021-05-23 14:16:58,Flag,BLACK AND WHITE FLAG FOR CAR 6 (LAT) - TRACK LIMITS,,BLACK AND WHITE,Driver,,6,59.0,2021,5,Monaco Grand Prix
2021-05-23 14:17:52,Flag,WAVED BLUE FLAG FOR CAR 99 (GIO) TIMED AT 16:17:52,,BLUE,Driver,,99,59.0,2021,5,Monaco Grand Prix
2021-05-23 14:18:26,Flag,WAVED BLUE FLAG FOR CAR 31 (OCO) TIMED AT 16:18:25,,BLUE,Driver,,31,60.0,2021,5,Monaco Grand Prix
2021-05-23 14:19:34,Flag,WAVED BLUE FLAG FOR CAR 99 (GIO) TIMED AT 16:19:33,,BLUE,Driver,,99,61.0,2021,5,Monaco Grand Prix
2021-05-23 14:20:07,Flag,WAVED BLUE FLAG FOR CAR 31 (OCO) TIMED AT 16:20:07,,BLUE,Driver,,31,61.0,2021,5,Monaco Grand Prix
2021-05-23 14:20:13,Flag,WAVED BLUE FLAG FOR CAR 47 (MSC) TIMED AT 16:20:13,,BLUE,Driver,,47,61.0,2021,5,Monaco Grand Prix
2021-05-23 14:20:24,Flag,WAVED BLUE FLAG FOR CAR 9 (MAZ) TIMED AT 16:20:24,,BLUE,Driver,,9,61.0,2021,5,Monaco Grand Prix
2021-05-23 14:20:44,Flag,WAVED BLUE FLAG FOR CAR 3 (RIC) TIMED AT 16:20:44,,BLUE,Driver,,3,62.0,2021,5,Monaco Grand Prix
2021-05-23 14:21:17,Flag,WAVED BLUE FLAG FOR CAR 9 (MAZ) TIMED AT 16:21:17,,BLUE,Driver,,9,62.0,2021,5,Monaco Grand Prix
2021-05-23 14:21:52,Other,CAR 18 (STR) UNDER INVESTIGATION - FAILING TO KEEP TO THE RIGHT OF THE LINE AT PIT EXIT,,,,,,63.0,2021,5,Monaco Grand Prix
2021-05-23 14:22:55,Flag,WAVED BLUE FLAG FOR CAR 47 (MSC) TIMED AT 16:22:55,,BLUE,Driver,,47,63.0,2021,5,Monaco Grand Prix
2021-05-23 14:23:49,Flag,WAVED BLUE FLAG FOR CAR 9 (MAZ) TIMED AT 16:23:49,,BLUE,Driver,,9,64.0,2021,5,Monaco Grand Prix
2021-05-23 14:25:31,Other,CAR 44 (HAM) TIME 1:16.498 DELETED - TRACK LIMITS AT TURN 10,,,,,,65.0,2021,5,Monaco Grand Prix
2021-05-23 14:25:34,Flag,WAVED BLUE FLAG FOR CAR 7 (RAI) TIMED AT 16:25:34,,BLUE,Driver,,7,66.0,2021,5,Monaco Grand Prix
2021-05-23 14:25:40,Flag,WAVED BLUE FLAG FOR CAR 7 (RAI) TIMED AT 16:25:40,,BLUE,Driver,,7,66.0,2021,5,Monaco Grand Prix
2021-05-23 14:26:02,Flag,WAVED BLUE FLAG FOR CAR 18 (STR) TIMED AT 16:26:01,,BLUE,Driver,,18,66.0,2021,5,Monaco Grand Prix
2021-05-23 14:26:04,Flag,WAVED BLUE FLAG FOR CAR 22 (TSU) TIMED AT 16:26:03,,BLUE,Driver,,22,66.0,2021,5,Monaco Grand Prix
2021-05-23 14:26:50,Flag,WAVED BLUE FLAG FOR CAR 99 (GIO) TIMED AT 16:26:49,,BLUE,Driver,,99,67.0,2021,5,Monaco Grand Prix
2021-05-23 14:27:14,Flag,WAVED BLUE FLAG FOR CAR 31 (OCO) TIMED AT 16:27:13,,BLUE,Driver,,31,67.0,2021,5,Monaco Grand Prix
2021-05-23 14:27:40,Other,CAR 18 (STR) - NO FURTHER ACTION,,,,,,67.0,2021,5,Monaco Grand Prix
2021-05-23 14:29:52,Flag,WAVED BLUE FLAG FOR CAR 47 (MSC) TIMED AT 16:29:52,,BLUE,Driver,,47,69.0,2021,5,Monaco Grand Prix
2021-05-23 14:30:06,Flag,WAVED BLUE FLAG FOR CAR 47 (MSC) TIMED AT 16:30:05,,BLUE,Driver,,47,69.0,2021,5,Monaco Grand Prix
2021-05-23 14:32:23,Flag,WAVED BLUE FLAG FOR CAR 9 (MAZ) TIMED AT 16:32:23,,BLUE,Driver,,9,71.0,2021,5,Monaco Grand Prix
2021-05-23 14:33:37,Other,CAR 9 (MAZ) TIME 1:20.632 DELETED - TRACK LIMITS AT TURN 10,,,,,,72.0,2021,5,Monaco Grand Prix
2021-05-23 14:34:06,Flag,WAVED BLUE FLAG FOR CAR 22 (TSU) TIMED AT 16:34:06,,BLUE,Driver,,22,72.0,2021,5,Monaco Grand Prix
2021-05-23 14:35:39,Flag,WAVED BLUE FLAG FOR CAR 6 (LAT) TIMED AT 16:35:38,,BLUE,Driver,,6,74.0,2021,5,Monaco Grand Prix
2021-05-23 14:37:15,Flag,WAVED BLUE FLAG FOR CAR 63 (RUS) TIMED AT 16:37:15,,BLUE,Driver,,63,75.0,2021,5,Monaco Grand Prix
2021-05-23 14:39:22,Other,CAR 22 (TSU) TIME 1:17.043 DELETED - TRACK LIMITS AT TURN 10,,,,,,77.0,2021,5,Monaco Grand Prix
2021-05-23 14:39:40,Flag,BLACK AND WHITE FLAG FOR CAR 22 (TSU) - TRACK LIMITS,,BLACK AND WHITE,Driver,,22,77.0,2021,5,Monaco Grand Prix
2021-05-23 14:41:50,Flag,CHEQUERED FLAG,,CHEQUERED,Track,,,78.0,2021,5,Monaco Grand Prix
2021-06-06 11:45:13,Other,RISK OF RAIN FOR F1 RACE IS 0%,,,,,,1.0,2021,6,Azerbaijan Grand Prix
2021-06-06 11:57:09,Drs,DRS DISABLED,DISABLED,,,,,1.0,2021,6,Azerbaijan Grand Prix
2021-06-06 11:57:39,Flag,DOUBLE YELLOW IN TRACK SECTOR 21,,DOUBLE YELLOW,Sector,21.0,,1.0,2021,6,Azerbaijan Grand Prix
2021-06-06 11:57:48,Flag,CLEAR IN TRACK SECTOR 21,,CLEAR,Sector,21.0,,1.0,2021,6,Azerbaijan Grand Prix
2021-06-06 11:58:26,Flag,YELLOW IN TRACK SECTOR 2,,YELLOW,Sector,2.0,,1.0,2021,6,Azerbaijan Grand Prix
2021-06-06 11:58:31,Flag,CLEAR IN TRACK SECTOR 2,,CLEAR,Sector,2.0,,1.0,2021,6,Azerbaijan Grand Prix
2021-06-06 12:02:18,Flag,YELLOW IN TRACK SECTOR 17,,YELLOW,Sector,17.0,,1.0,2021,6,Azerbaijan Grand Prix
2021-06-06 12:02:19,Flag,CLEAR IN TRACK SECTOR 17,,CLEAR,Sector,17.0,,1.0,2021,6,Azerbaijan Grand Prix
2021-06-06 12:03:28,Flag,DOUBLE YELLOW IN TRACK SECTOR 21,,DOUBLE YELLOW,Sector,21.0,,1.0,2021,6,Azerbaijan Grand Prix
2021-06-06 12:03:32,Flag,CLEAR IN TRACK SECTOR 21,,CLEAR,Sector,21.0,,1.0,2021,6,Azerbaijan Grand Prix
2021-06-06 12:04:00,Flag,GREEN LIGHT - PIT EXIT OPEN,,GREEN,Track,,,1.0,2021,6,Azerbaijan Grand Prix
2021-06-06 12:07:11,Other,TRACK SURFACE SLIPPERY IN TRACK SECTOR 15,,,,,,2.0,2021,6,Azerbaijan Grand Prix
2021-06-06 12:07:25,Flag,CLEAR IN TRACK SECTOR 15,,CLEAR,Sector,15.0,,2.0,2021,6,Azerbaijan Grand Prix
2021-06-06 12:08:21,Drs,DRS ENABLED,ENABLED,,,,,3.0,2021,6,Azerbaijan Grand Prix
2021-06-06 12:08:32,Other,TRACK SURFACE SLIPPERY IN TRACK SECTOR 17,,,,,,3.0,2021,6,Azerbaijan Grand Prix
2021-06-06 12:09:01,Flag,CLEAR IN TRACK SECTOR 17,,CLEAR,Sector,17.0,,3.0,2021,6,Azerbaijan Grand Prix
2021-06-06 12:11:04,Flag,YELLOW IN TRACK SECTOR 17,,YELLOW,Sector,17.0,,4.0,2021,6,Azerbaijan Grand Prix
2021-06-06 12:11:09,Flag,CLEAR IN TRACK SECTOR 17,,CLEAR,Sector,17.0,,4.0,2021,6,Azerbaijan Grand Prix
2021-06-06 12:23:27,Flag,YELLOW IN TRACK SECTOR 10,,YELLOW,Sector,10.0,,11.0,2021,6,Azerbaijan Grand Prix
2021-06-06 12:23:41,Flag,DOUBLE YELLOW IN TRACK SECTOR 10,,DOUBLE YELLOW,Sector,10.0,,11.0,2021,6,Azerbaijan Grand Prix
2021-06-06 12:23:43,Flag,YELLOW IN TRACK SECTOR 9,,YELLOW,Sector,9.0,,11.0,2021,6,Azerbaijan Grand Prix
2021-06-06 12:23:45,Flag,DOUBLE YELLOW IN TRACK SECTOR 11,,DOUBLE YELLOW,Sector,11.0,,11.0,2021,6,Azerbaijan Grand Prix
2021-06-06 12:23:47,Flag,CLEAR IN TRACK SECTOR 11,,CLEAR,Sector,11.0,,11.0,2021,6,Azerbaijan Grand Prix
2021-06-06 12:23:47,Flag,CLEAR IN TRACK SECTOR 10,,CLEAR,Sector,10.0,,11.0,2021,6,Azerbaijan Grand Prix
2021-06-06 12:23:51,Flag,CLEAR IN TRACK SECTOR 9,,CLEAR,Sector,9.0,,12.0,2021,6,Azerbaijan Grand Prix
2021-06-06 12:23:57,CarEvent,CAR 55 (SAI) OFF TRACK AND CONTINUED AT TURN 8,,,,,55,12.0,2021,6,Azerbaijan Grand Prix
2021-06-06 12:45:29,Flag,YELLOW IN TRACK SECTOR 17,,YELLOW,Sector,17.0,,24.0,2021,6,Azerbaijan Grand Prix
2021-06-06 12:45:31,Flag,CLEAR IN TRACK SECTOR 17,,CLEAR,Sector,17.0,,24.0,2021,6,Azerbaijan Grand Prix
2021-06-06 12:45:51,CarEvent,CAR 77 (BOT) OFF TRACK AND CONTINUED AT TURN 16,,,,,77,24.0,2021,6,Azerbaijan Grand Prix
2021-06-06 12:47:24,Flag,YELLOW IN TRACK SECTOR 6,,YELLOW,Sector,6.0,,25.0,2021,6,Azerbaijan Grand Prix
2021-06-06 12:47:30,Flag,DOUBLE YELLOW IN TRACK SECTOR 6,,DOUBLE YELLOW,Sector,6.0,,25.0,2021,6,Azerbaijan Grand Prix
2021-06-06 12:47:35,Flag,CLEAR IN TRACK SECTOR 6,,CLEAR,Sector,6.0,,25.0,2021,6,Azerbaijan Grand Prix
2021-06-06 12:47:39,CarEvent,CAR 9 (MAZ) OFF TRACK AND CONTINUED AT TURN 4,,,,,9,25.0,2021,6,Azerbaijan Grand Prix
2021-06-06 12:48:32,Flag,WAVED BLUE FLAG FOR CAR 9 (MAZ) TIMED AT 16:48:31,,BLUE,Driver,,9,25.0,2021,6,Azerbaijan Grand Prix
2021-06-06 12:49:54,Flag,WAVED BLUE FLAG FOR CAR 9 (MAZ) TIMED AT 16:49:53,,BLUE,Driver,,9,26.0,2021,6,Azerbaijan Grand Prix
2021-06-06 12:50:23,CarEvent,CAR 9 (MAZ) MISSED THE APEX OF TURN 15,,,,,9,26.0,2021,6,Azerbaijan Grand Prix
2021-06-06 12:50:31,Flag,WAVED BLUE FLAG FOR CAR 9 (MAZ) TIMED AT 16:50:31,,BLUE,Driver,,9,26.0,2021,6,Azerbaijan Grand Prix
2021-06-06 12:57:23,Flag,WAVED BLUE FLAG FOR CAR 9 (MAZ) TIMED AT 16:57:22,,BLUE,Driver,,9,30.0,2021,6,Azerbaijan Grand Prix
2021-06-06 12:57:58,Flag,DOUBLE YELLOW IN TRACK SECTOR 21,,DOUBLE YELLOW,Sector,21.0,,31.0,2021,6,Azerbaijan Grand Prix
2021-06-06 12:57:59,Other,DRS DISABLED IN ZONE 2,,,,,,31.0,2021,6,Azerbaijan Grand Prix
2021-06-06 12:58:08,Flag,YELLOW IN TRACK SECTOR 20,,YELLOW,Sector,20.0,,31.0,2021,6,Azerbaijan Grand Prix
2021-06-06 12:58:21,Other,PIT LANE ENTRY CLOSED,,,,,,31.0,2021,6,Azerbaijan Grand Prix
2021-06-06 12:58:27,Flag,CLEAR IN TRACK SECTOR 20,,CLEAR,Sector,20.0,,31.0,2021,6,Azerbaijan Grand Prix
2021-06-06 12:58:32,SafetyCar,SAFETY CAR DEPLOYED,DEPLOYED,,,,,31.0,2021,6,Azerbaijan Grand Prix
2021-06-06 12:58:56,Other,MEDICAL CAR DEPLOYED,,,,,,31.0,2021,6,Azerbaijan Grand Prix
2021-06-06 13:07:57,Other,PIT LANE ENTRY OPEN,,,,,,34.0,2021,6,Azerbaijan Grand Prix
2021-06-06 13:08:29,Other,LAPPED CARS MAY NOW OVERTAKE - CAR 9 (MAZ),,,,,,34.0,2021,6,Azerbaijan Grand Prix
2021-06-06 13:09:44,Flag,CLEAR IN TRACK SECTOR 21,,CLEAR,Sector,21.0,,35.0,2021,6,Azerbaijan Grand Prix
2021-06-06 13:09:53,SafetyCar,SAFETY CAR IN THIS LAP,IN THIS LAP,,,,,35.0,2021,6,Azerbaijan Grand Prix
2021-06-06 13:11:42,Flag,TRACK CLEAR,,CLEAR,Track,,,35.0,2021,6,Azerbaijan Grand Prix
2021-06-06 13:16:16,Drs,DRS ENABLED,ENABLED,,,,,38.0,2021,6,Azerbaijan Grand Prix
2021-06-06 13:29:27,Flag,WAVED BLUE FLAG FOR CAR 9 (MAZ) TIMED AT 17:29:27,,BLUE,Driver,,9,45.0,2021,6,Azerbaijan Grand Prix
2021-06-06 13:30:10,Flag,WAVED BLUE FLAG FOR CAR 9 (MAZ) TIMED AT 17:30:10,,BLUE,Driver,,9,46.0,2021,6,Azerbaijan Grand Prix
2021-06-06 13:30:18,Flag,WAVED BLUE FLAG FOR CAR 9 (MAZ) TIMED AT 17:30:17,,BLUE,Driver,,9,46.0,2021,6,Azerbaijan Grand Prix
2021-06-06 13:30:41,Flag,WAVED BLUE FLAG FOR CAR 9 (MAZ) TIMED AT 17:30:40,,BLUE,Driver,,9,46.0,2021,6,Azerbaijan Grand Prix
2021-06-06 13:31:38,Flag,DOUBLE YELLOW IN TRACK SECTOR 21,,DOUBLE YELLOW,Sector,21.0,,47.0,2021,6,Azerbaijan Grand Prix
2021-06-06 13:31:39,Other,DRS DISABLED IN ZONE 2,,,,,,47.0,2021,6,Azerbaijan Grand Prix
2021-06-06 13:31:41,Flag,YELLOW IN TRACK SECTOR 20,,YELLOW,Sector,20.0,,47.0,2021,6,Azerbaijan Grand Prix
2021-06-06 13:32:26,SafetyCar,SAFETY CAR THROUGH THE PIT LANE,THROUGH THE PIT LANE,,,,,47.0,2021,6,Azerbaijan Grand Prix
2021-06-06 13:32:29,Flag,CLEAR IN TRACK SECTOR 20,,CLEAR,Sector,20.0,,47.0,2021,6,Azerbaijan Grand Prix
2021-06-06 13:32:47,SafetyCar,SAFETY CAR DEPLOYED,DEPLOYED,,,,,47.0,2021,6,Azerbaijan Grand Prix
2021-06-06 13:36:03,Flag,RED FLAG,,RED,Track,,,48.0,2021,6,Azerbaijan Grand Prix
2021-06-06 13:36:03,Flag,CLEAR IN TRACK SECTOR 21,,CLEAR,Sector,21.0,,48.0,2021,6,Azerbaijan Grand Prix
2021-06-06 13:37:10,Other,CAR 6 (LAT) UNDER INVESTIGATION - NOT USING PIT LANE,,,,,,49.0,2021,6,Azerbaijan Grand Prix
2021-06-06 13:38:36,Flag,TRACK CLEAR,,CLEAR,Track,,,49.0,2021,6,Azerbaijan Grand Prix
2021-06-06 13:40:24,Flag,DOUBLE YELLOW IN TRACK SECTOR 18,,DOUBLE YELLOW,Sector,18.0,,49.0,2021,6,Azerbaijan Grand Prix
2021-06-06 13:40:32,Flag,YELLOW IN TRACK SECTOR 17,,YELLOW,Sector,17.0,,49.0,2021,6,Azerbaijan Grand Prix
2021-06-06 13:40:34,Flag,CLEAR IN TRACK SECTOR 18,,CLEAR,Sector,18.0,,49.0,2021,6,Azerbaijan Grand Prix
2021-06-06 13:40:37,Flag,DOUBLE YELLOW IN TRACK SECTOR 17,,DOUBLE YELLOW,Sector,17.0,,49.0,2021,6,Azerbaijan Grand Prix
2021-06-06 13:40:37,Flag,CLEAR IN TRACK SECTOR 17,,CLEAR,Sector,17.0,,49.0,2021,6,Azerbaijan Grand Prix
2021-06-06 13:55:38,Other,RACE WILL BE RESUMED AT 18:10,,,,,,49.0,2021,6,Azerbaijan Grand Prix
2021-06-06 14:00:01,Other,10 MINUTE WARNING,,,,,,49.0,2021,6,Azerbaijan Grand Prix
2021-06-06 14:02:56,Other,CAR 6 (LAT) IN POSITION 15,,,,,,49.0,2021,6,Azerbaijan Grand Prix
2021-06-06 14:03:41,Other,THIS WILL BE A STANDING START RESTART,,,,,,49.0,2021,6,Azerbaijan Grand Prix
2021-06-06 14:09:02,Other,10 SECOND STOP/GO PENALTY FOR CAR 6 (LAT) AFTER RACE RESUMPTION- FAILING TO DRIVE THROUGH PIT LANE,,,,,,49.0,2021,6,Azerbaijan Grand Prix
2021-06-06 14:11:17,Other,STANDING START,,,,,,49.0,2021,6,Azerbaijan Grand Prix
2021-06-06 14:14:10,Flag,YELLOW IN TRACK SECTOR 2,,YELLOW,Sector,2.0,,50.0,2021,6,Azerbaijan Grand Prix
2021-06-06 14:14:16,Flag,CLEAR IN TRACK SECTOR 2,,CLEAR,Sector,2.0,,50.0,2021,6,Azerbaijan Grand Prix
2021-06-06 14:14:32,Other,PIT LANE ENTRY CLOSED,,,,,,50.0,2021,6,Azerbaijan Grand Prix
2021-06-06 14:16:24,Other,PIT LANE ENTRY OPEN,,,,,,51.0,2021,6,Azerbaijan Grand Prix
2021-06-06 14:17:33,Flag,CHEQUERED FLAG,,CHEQUERED,Track,,,51.0,2021,6,Azerbaijan Grand Prix
2021-06-06 14:18:17,Other,CAR 11 (PER) STOPPED AT PIT EXIT,,,,,,51.0,2021,6,Azerbaijan Grand Prix
2021-06-06 14:18:39,Flag,YELLOW IN TRACK SECTOR 2,,YELLOW,Sector,2.0,,51.0,2021,6,Azerbaijan Grand Prix
2021-06-06 14:18:44,Other,MEDICAL CAR DEPLOYED,,,,,,51.0,2021,6,Azerbaijan Grand Prix
2021-06-06 14:18:46,Flag,DOUBLE YELLOW IN TRACK SECTOR 2,,DOUBLE YELLOW,Sector,2.0,,51.0,2021,6,Azerbaijan Grand Prix
2021-06-06 14:20:42,Flag,CLEAR IN TRACK SECTOR 2,,CLEAR,Sector,2.0,,51.0,2021,6,Azerbaijan Grand Prix
2021-06-06 14:22:40,Flag,DOUBLE YELLOW IN TRACK SECTOR 18,,DOUBLE YELLOW,Sector,18.0,,51.0,2021,6,Azerbaijan Grand Prix
2021-06-06 14:22:42,Flag,CLEAR IN TRACK SECTOR 18,,CLEAR,Sector,18.0,,51.0,2021,6,Azerbaijan Grand Prix
2021-06-20 12:45:13,Other,RISK OF RAIN FOR F1 RACE IS 10%,,,,,,1.0,2021,7,French Grand Prix
2021-06-20 12:57:41,Drs,DRS DISABLED,DISABLED,,,,,1.0,2021,7,French Grand Prix
2021-06-20 13:03:26,Flag,GREEN LIGHT - PIT EXIT OPEN,,GREEN,Track,,,1.0,2021,7,French Grand Prix
2021-06-20 13:04:50,Other,TURN 2 INCIDENT INVOLVING CAR 33 (VER) NOTED - NO INVESTIGATION NECESSARY,,,,,,1.0,2021,7,French Grand Prix
2021-06-20 13:05:21,CarEvent,CAR 47 (MSC) MISSED THE APEX OF TURN 4,,,,,47,2.0,2021,7,French Grand Prix
2021-06-20 13:06:06,CarEvent,CAR 4 (NOR) MISSED THE APEX OF TURN 2,,,,,4,2.0,2021,7,French Grand Prix
2021-06-20 13:07:17,Drs,DRS ENABLED,ENABLED,,,,,3.0,2021,7,French Grand Prix
2021-06-20 13:10:05,CarEvent,CAR 47 (MSC) MISSED THE APEX OF TURN 4,,,,,47,4.0,2021,7,French Grand Prix
2021-06-20 13:22:30,CarEvent,CAR 77 (BOT) MISSED THE APEX OF TURN 4,,,,,77,12.0,2021,7,French Grand Prix
2021-06-20 13:25:46,Other,CAR 99 (GIO) TIME 1:41.689 DELETED - TRACK LIMITS AT TURN 6,,,,,,14.0,2021,7,French Grand Prix
2021-06-20 13:51:33,Flag,WAVED BLUE FLAG FOR CAR 47 (MSC) TIMED AT 15:51:33,,BLUE,Driver,,47,29.0,2021,7,French Grand Prix
2021-06-20 13:51:43,Flag,WAVED BLUE FLAG FOR CAR 47 (MSC) TIMED AT 15:51:43,,BLUE,Driver,,47,30.0,2021,7,French Grand Prix
2021-06-20 13:51:54,Flag,WAVED BLUE FLAG FOR CAR 47 (MSC) TIMED AT 15:51:54,,BLUE,Driver,,47,30.0,2021,7,French Grand Prix
2021-06-20 13:52:18,Other,TURN 11 INCIDENT INVOLVING CARS 4 (NOR) AND 10 (GAS) NOTED ,,,,,,30.0,2021,7,French Grand Prix
2021-06-20 13:54:19,Other,TURN 11 INCIDENT INVOLVING CARS 4 (NOR) AND 10 (GAS) - NO INVESTIGATION NECESSARY,,,,,,31.0,2021,7,French Grand Prix
2021-06-20 13:57:06,Flag,WAVED BLUE FLAG FOR CAR 9 (MAZ) TIMED AT 15:57:05,,BLUE,Driver,,9,33.0,2021,7,French Grand Prix
2021-06-20 13:59:14,Flag,WAVED BLUE FLAG FOR CAR 47 (MSC) TIMED AT 15:59:14,,BLUE,Driver,,47,34.0,2021,7,French Grand Prix
2021-06-20 13:59:32,Flag,WAVED BLUE FLAG FOR CAR 47 (MSC) TIMED AT 15:59:32,,BLUE,Driver,,47,34.0,2021,7,French Grand Prix
2021-06-20 14:00:01,Flag,WAVED BLUE FLAG FOR CAR 7 (RAI) TIMED AT 16:00:00,,BLUE,Driver,,7,35.0,2021,7,French Grand Prix
2021-06-20 14:04:17,Flag,WAVED BLUE FLAG FOR CAR 7 (RAI) TIMED AT 16:04:16,,BLUE,Driver,,7,37.0,2021,7,French Grand Prix
2021-06-20 14:07:24,Flag,WAVED BLUE FLAG FOR CAR 6 (LAT) TIMED AT 16:07:23,,BLUE,Driver,,6,39.0,2021,7,French Grand Prix
2021-06-20 14:07:45,Flag,WAVED BLUE FLAG FOR CAR 6 (LAT) TIMED AT 16:07:44,,BLUE,Driver,,6,39.0,2021,7,French Grand Prix
2021-06-20 14:10:00,Flag,WAVED BLUE FLAG FOR CAR 6 (LAT) TIMED AT 16:09:59,,BLUE,Driver,,6,41.0,2021,7,French Grand Prix
2021-06-20 14:10:33,Flag,WAVED BLUE FLAG FOR CAR 7 (RAI) TIMED AT 16:10:33,,BLUE,Driver,,7,41.0,2021,7,French Grand Prix
2021-06-20 14:12:15,Flag,WAVED BLUE FLAG FOR CAR 6 (LAT) TIMED AT 16:12:15,,BLUE,Driver,,6,42.0,2021,7,French Grand Prix
2021-06-20 14:15:30,Flag,WAVED BLUE FLAG FOR CAR 7 (RAI) TIMED AT 16:15:29,,BLUE,Driver,,7,44.0,2021,7,French Grand Prix
2021-06-20 14:15:59,Flag,WAVED BLUE FLAG FOR CAR 99 (GIO) TIMED AT 16:15:59,,BLUE,Driver,,99,44.0,2021,7,French Grand Prix
2021-06-20 14:18:17,Flag,WAVED BLUE FLAG FOR CAR 16 (LEC) TIMED AT 16:18:17,,BLUE,Driver,,16,46.0,2021,7,French Grand Prix
2021-06-20 14:18:34,Flag,WAVED BLUE FLAG FOR CAR 31 (OCO) TIMED AT 16:18:34,,BLUE,Driver,,31,46.0,2021,7,French Grand Prix
2021-06-20 14:19:19,Flag,WAVED BLUE FLAG FOR CAR 99 (GIO) TIMED AT 16:19:18,,BLUE,Driver,,99,46.0,2021,7,French Grand Prix
2021-06-20 14:20:35,Flag,WAVED BLUE FLAG FOR CAR 63 (RUS) TIMED AT 16:20:34,,BLUE,Driver,,63,47.0,2021,7,French Grand Prix
2021-06-20 14:21:25,Flag,WAVED BLUE FLAG FOR CAR 16 (LEC) TIMED AT 16:21:25,,BLUE,Driver,,16,48.0,2021,7,French Grand Prix
2021-06-20 14:21:44,Flag,WAVED BLUE FLAG FOR CAR 31 (OCO) TIMED AT 16:21:44,,BLUE,Driver,,31,48.0,2021,7,French Grand Prix
2021-06-20 14:22:26,Flag,WAVED BLUE FLAG FOR CAR 22 (TSU) TIMED AT 16:22:25,,BLUE,Driver,,22,48.0,2021,7,French Grand Prix
2021-06-20 14:23:04,Flag,WAVED BLUE FLAG FOR CAR 63 (RUS) TIMED AT 16:23:04,,BLUE,Driver,,63,49.0,2021,7,French Grand Prix
2021-06-20 14:23:51,Flag,WAVED BLUE FLAG FOR CAR 22 (TSU) TIMED AT 16:23:51,,BLUE,Driver,,22,49.0,2021,7,French Grand Prix
2021-06-20 14:25:38,Other,TURN 11 INCIDENT INVOLVING CARS 11 (PER) AND 77 (BOT) NOTED,,,,,,50.0,2021,7,French Grand Prix
2021-06-20 14:26:25,Flag,WAVED BLUE FLAG FOR CAR 99 (GIO) TIMED AT 16:26:25,,BLUE,Driver,,99,51.0,2021,7,French Grand Prix
2021-06-20 14:27:35,Other,TURN 11 INCIDENT INVOLVING CARS 11 (PER) AND 77 (BOT) UNDER INVESTIGATION,,,,,,51.0,2021,7,French Grand Prix
2021-06-20 14:28:05,Flag,WAVED BLUE FLAG FOR CAR 31 (OCO) TIMED AT 16:28:05,,BLUE,Driver,,31,52.0,2021,7,French Grand Prix
2021-06-20 14:28:09,Flag,WAVED BLUE FLAG FOR CAR 99 (GIO) TIMED AT 16:28:08,,BLUE,Driver,,99,52.0,2021,7,French Grand Prix
2021-06-20 14:28:41,Flag,WAVED BLUE FLAG FOR CAR 22 (TSU) TIMED AT 16:28:40,,BLUE,Driver,,22,52.0,2021,7,French Grand Prix
2021-06-20 14:30:29,Flag,WAVED BLUE FLAG FOR CAR 63 (RUS) TIMED AT 16:30:28,,BLUE,Driver,,63,53.0,2021,7,French Grand Prix
2021-06-20 14:30:31,Flag,WAVED BLUE FLAG FOR CAR 9 (MAZ) TIMED AT 16:30:30,,BLUE,Driver,,9,53.0,2021,7,French Grand Prix
2021-06-20 14:30:56,Flag,CHEQUERED FLAG,,CHEQUERED,Track,,,53.0,2021,7,French Grand Prix
2021-06-20 14:32:08,Other,TURN 11 INCIDENT INVOLVING CARS 11 (PER) AND 77 (BOT) - NO FURTHER ACTION,,,,,,53.0,2021,7,French Grand Prix
2021-06-27 12:45:02,Other,RISK OF RAIN FOR F1 RACE IS 40%,,,,,,1.0,2021,8,Styrian Grand Prix
2021-06-27 12:55:37,Drs,DRS DISABLED,DISABLED,,,,,1.0,2021,8,Styrian Grand Prix
2021-06-27 12:57:05,Drs,DRS DISABLED,DISABLED,,,,,1.0,2021,8,Styrian Grand Prix
2021-06-27 13:03:06,Flag,GREEN LIGHT - PIT EXIT OPEN,,GREEN,Track,,,1.0,2021,8,Styrian Grand Prix
2021-06-27 13:03:35,Flag,DOUBLE YELLOW IN TRACK SECTOR 5,,DOUBLE YELLOW,Sector,5.0,,1.0,2021,8,Styrian Grand Prix
2021-06-27 13:03:39,Flag,CLEAR IN TRACK SECTOR 5,,CLEAR,Sector,5.0,,1.0,2021,8,Styrian Grand Prix
2021-06-27 13:05:13,Other,TRACK SURFACE SLIPPERY IN TRACK SECTOR 12,,,,,,2.0,2021,8,Styrian Grand Prix
2021-06-27 13:05:14,Other,TRACK SURFACE SLIPPERY IN TRACK SECTOR 11,,,,,,2.0,2021,8,Styrian Grand Prix
2021-06-27 13:05:57,Drs,DRS ENABLED,ENABLED,,,,,3.0,2021,8,Styrian Grand Prix
2021-06-27 13:05:58,Flag,CLEAR IN TRACK SECTOR 11,,CLEAR,Sector,11.0,,3.0,2021,8,Styrian Grand Prix
2021-06-27 13:06:48,Flag,CLEAR IN TRACK SECTOR 12,,CLEAR,Sector,12.0,,4.0,2021,8,Styrian Grand Prix
2021-06-27 13:09:00,Other,TURN 3 INCIDENT LAP 1 NOTED - NO INVESTIGATION NECESSARY,,,,,,6.0,2021,8,Styrian Grand Prix
2021-06-27 13:09:01,Flag,WAVED BLUE FLAG FOR CAR 6 (LAT) TIMED AT 15:09:01,,BLUE,Driver,,6,6.0,2021,8,Styrian Grand Prix
2021-06-27 13:09:27,Other,CAR 44 (HAM) TIME 1:09.865 DELETED - TRACK LIMITS AT TURN 9,,,,,,6.0,2021,8,Styrian Grand Prix
2021-06-27 13:09:49,Flag,WAVED BLUE FLAG FOR CAR 6 (LAT) TIMED AT 15:09:48,,BLUE,Driver,,6,6.0,2021,8,Styrian Grand Prix
2021-06-27 13:11:50,Other,CAR 4 (NOR) TIME 1:10.987 DELETED - TRACK LIMITS AT TURN 10,,,,,,8.0,2021,8,Styrian Grand Prix
2021-06-27 13:12:44,Other,CAR 4 (NOR) TIME 1:11.203 DELETED - TRACK LIMITS AT TURN 10,,,,,,9.0,2021,8,Styrian Grand Prix
2021-06-27 13:15:20,Flag,WAVED BLUE FLAG FOR CAR 6 (LAT) TIMED AT 15:15:19,,BLUE,Driver,,6,11.0,2021,8,Styrian Grand Prix
2021-06-27 13:15:51,Flag,WAVED BLUE FLAG FOR CAR 6 (LAT) TIMED AT 15:15:50,,BLUE,Driver,,6,11.0,2021,8,Styrian Grand Prix
2021-06-27 13:16:19,Flag,WAVED BLUE FLAG FOR CAR 6 (LAT) TIMED AT 15:16:19,,BLUE,Driver,,6,12.0,2021,8,Styrian Grand Prix
2021-06-27 13:29:13,Flag,WAVED BLUE FLAG FOR CAR 9 (MAZ) TIMED AT 15:29:12,,BLUE,Driver,,9,23.0,2021,8,Styrian Grand Prix
2021-06-27 13:29:58,Flag,WAVED BLUE FLAG FOR CAR 9 (MAZ) TIMED AT 15:29:58,,BLUE,Driver,,9,24.0,2021,8,Styrian Grand Prix
2021-06-27 13:29:59,Flag,WAVED BLUE FLAG FOR CAR 47 (MSC) TIMED AT 15:29:59,,BLUE,Driver,,47,24.0,2021,8,Styrian Grand Prix
2021-06-27 13:32:07,Flag,WAVED BLUE FLAG FOR CAR 47 (MSC) TIMED AT 15:32:06,,BLUE,Driver,,47,25.0,2021,8,Styrian Grand Prix
2021-06-27 13:34:05,Flag,WAVED BLUE FLAG FOR CAR 6 (LAT) TIMED AT 15:34:05,,BLUE,Driver,,6,27.0,2021,8,Styrian Grand Prix
2021-06-27 13:36:03,Flag,WAVED BLUE FLAG FOR CAR 6 (LAT) TIMED AT 15:36:03,,BLUE,Driver,,6,29.0,2021,8,Styrian Grand Prix
2021-06-27 13:36:07,Flag,WAVED BLUE FLAG FOR CAR 63 (RUS) TIMED AT 15:36:06,,BLUE,Driver,,63,29.0,2021,8,Styrian Grand Prix
2021-06-27 13:36:34,Flag,WAVED BLUE FLAG FOR CAR 6 (LAT) TIMED AT 15:36:34,,BLUE,Driver,,6,29.0,2021,8,Styrian Grand Prix
2021-06-27 13:36:47,Flag,WAVED BLUE FLAG FOR CAR 6 (LAT) TIMED AT 15:36:46,,BLUE,Driver,,6,29.0,2021,8,Styrian Grand Prix
2021-06-27 13:37:09,Flag,WAVED BLUE FLAG FOR CAR 6 (LAT) TIMED AT 15:37:08,,BLUE,Driver,,6,30.0,2021,8,Styrian Grand Prix
2021-06-27 13:37:13,Other,CAR 22 (TSU) TIME 1:10.925 DELETED - TRACK LIMITS AT TURN 9,,,,,,30.0,2021,8,Styrian Grand Prix
2021-06-27 13:37:37,Other,CAR 9 (MAZ) TIME 1:11.708 DELETED - TRACK LIMITS AT TURN 9,,,,,,30.0,2021,8,Styrian Grand Prix
2021-06-27 13:39:02,Flag,WAVED BLUE FLAG FOR CAR 47 (MSC) TIMED AT 15:39:01,,BLUE,Driver,,47,31.0,2021,8,Styrian Grand Prix
2021-06-27 13:40:43,Flag,WAVED BLUE FLAG FOR CAR 47 (MSC) TIMED AT 15:40:43,,BLUE,Driver,,47,33.0,2021,8,Styrian Grand Prix
2021-06-27 13:41:09,Flag,WAVED BLUE FLAG FOR CAR 9 (MAZ) TIMED AT 15:41:08,,BLUE,Driver,,9,33.0,2021,8,Styrian Grand Prix
2021-06-27 13:41:58,Flag,WAVED BLUE FLAG FOR CAR 9 (MAZ) TIMED AT 15:41:57,,BLUE,Driver,,9,34.0,2021,8,Styrian Grand Prix
2021-06-27 13:45:04,Flag,WAVED BLUE FLAG FOR CAR 99 (GIO) TIMED AT 15:45:04,,BLUE,Driver,,99,36.0,2021,8,Styrian Grand Prix
2021-06-27 13:46:34,Flag,WAVED BLUE FLAG FOR CAR 6 (LAT) TIMED AT 15:46:34,,BLUE,Driver,,6,38.0,2021,8,Styrian Grand Prix
2021-06-27 13:47:20,Flag,WAVED BLUE FLAG FOR CAR 63 (RUS) TIMED AT 15:47:19,,BLUE,Driver,,63,38.0,2021,8,Styrian Grand Prix
2021-06-27 13:47:26,Flag,WAVED BLUE FLAG FOR CAR 99 (GIO) TIMED AT 15:47:25,,BLUE,Driver,,99,38.0,2021,8,Styrian Grand Prix
2021-06-27 13:48:26,Flag,WAVED BLUE FLAG FOR CAR 6 (LAT) TIMED AT 15:48:25,,BLUE,Driver,,6,39.0,2021,8,Styrian Grand Prix
2021-06-27 13:48:42,Flag,WAVED BLUE FLAG FOR CAR 6 (LAT) TIMED AT 15:48:41,,BLUE,Driver,,6,39.0,2021,8,Styrian Grand Prix
2021-06-27 13:48:42,Flag,WAVED BLUE FLAG FOR CAR 5 (VET) TIMED AT 15:48:42,,BLUE,Driver,,5,39.0,2021,8,Styrian Grand Prix
2021-06-27 13:50:16,Flag,WAVED BLUE FLAG FOR CAR 22 (TSU) TIMED AT 15:50:15,,BLUE,Driver,,22,41.0,2021,8,Styrian Grand Prix
2021-06-27 13:50:31,Flag,WAVED BLUE FLAG FOR CAR 6 (LAT) TIMED AT 15:50:31,,BLUE,Driver,,6,41.0,2021,8,Styrian Grand Prix
2021-06-27 13:50:52,Flag,WAVED BLUE FLAG FOR CAR 6 (LAT) TIMED AT 15:50:52,,BLUE,Driver,,6,41.0,2021,8,Styrian Grand Prix
2021-06-27 13:50:54,Flag,WAVED BLUE FLAG FOR CAR 14 (ALO) TIMED AT 15:50:53,,BLUE,Driver,,14,41.0,2021,8,Styrian Grand Prix
2021-06-27 13:51:13,Flag,WAVED BLUE FLAG FOR CAR 5 (VET) TIMED AT 15:51:13,,BLUE,Driver,,5,42.0,2021,8,Styrian Grand Prix
2021-06-27 13:52:12,Flag,WAVED BLUE FLAG FOR CAR 18 (STR) TIMED AT 15:52:11,,BLUE,Driver,,18,43.0,2021,8,Styrian Grand Prix
2021-06-27 13:52:37,Flag,WAVED BLUE FLAG FOR CAR 22 (TSU) TIMED AT 15:52:37,,BLUE,Driver,,22,43.0,2021,8,Styrian Grand Prix
2021-06-27 13:52:38,Flag,WAVED BLUE FLAG FOR CAR 6 (LAT) TIMED AT 15:52:37,,BLUE,Driver,,6,43.0,2021,8,Styrian Grand Prix
2021-06-27 13:53:19,Flag,WAVED BLUE FLAG FOR CAR 14 (ALO) TIMED AT 15:53:18,,BLUE,Driver,,14,44.0,2021,8,Styrian Grand Prix
2021-06-27 13:54:39,Flag,WAVED BLUE FLAG FOR CAR 55 (SAI) TIMED AT 15:54:39,,BLUE,Driver,,55,45.0,2021,8,Styrian Grand Prix
2021-06-27 13:55:09,Flag,WAVED BLUE FLAG FOR CAR 18 (STR) TIMED AT 15:55:08,,BLUE,Driver,,18,45.0,2021,8,Styrian Grand Prix
2021-06-27 13:56:18,Flag,WAVED BLUE FLAG FOR CAR 55 (SAI) TIMED AT 15:56:18,,BLUE,Driver,,55,46.0,2021,8,Styrian Grand Prix
2021-06-27 13:57:28,Flag,WAVED BLUE FLAG FOR CAR 9 (MAZ) TIMED AT 15:57:27,,BLUE,Driver,,9,47.0,2021,8,Styrian Grand Prix
2021-06-27 13:57:49,Flag,WAVED BLUE FLAG FOR CAR 6 (LAT) TIMED AT 15:57:49,,BLUE,Driver,,6,47.0,2021,8,Styrian Grand Prix
2021-06-27 13:59:51,Flag,WAVED BLUE FLAG FOR CAR 9 (MAZ) TIMED AT 15:59:51,,BLUE,Driver,,9,49.0,2021,8,Styrian Grand Prix
2021-06-27 14:00:20,Flag,WAVED BLUE FLAG FOR CAR 47 (MSC) TIMED AT 16:00:19,,BLUE,Driver,,47,50.0,2021,8,Styrian Grand Prix
2021-06-27 14:00:43,Other,CAR 16 (LEC) TIME 1:09.518 DELETED - TRACK LIMITS AT TURN 10,,,,,,50.0,2021,8,Styrian Grand Prix
2021-06-27 14:01:14,Flag,WAVED BLUE FLAG FOR CAR 47 (MSC) TIMED AT 16:01:14,,BLUE,Driver,,47,50.0,2021,8,Styrian Grand Prix
2021-06-27 14:01:46,Other,CAR 16 (LEC) TIME 1:09.411 DELETED - TRACK LIMITS AT TURN 10,,,,,,51.0,2021,8,Styrian Grand Prix
2021-06-27 14:02:16,Flag,WAVED BLUE FLAG FOR CAR 9 (MAZ) TIMED AT 16:02:15,,BLUE,Driver,,9,51.0,2021,8,Styrian Grand Prix
2021-06-27 14:03:14,Flag,WAVED BLUE FLAG FOR CAR 9 (MAZ) TIMED AT 16:03:14,,BLUE,Driver,,9,52.0,2021,8,Styrian Grand Prix
2021-06-27 14:04:01,Other,CAR 16 (LEC) TIME 1:09.968 DELETED - TRACK LIMITS AT TURN 10,,,,,,53.0,2021,8,Styrian Grand Prix
2021-06-27 14:04:34,Flag,WAVED BLUE FLAG FOR CAR 47 (MSC) TIMED AT 16:04:34,,BLUE,Driver,,47,53.0,2021,8,Styrian Grand Prix
2021-06-27 14:05:03,Flag,WAVED BLUE FLAG FOR CAR 47 (MSC) TIMED AT 16:05:02,,BLUE,Driver,,47,54.0,2021,8,Styrian Grand Prix
2021-06-27 14:05:12,Other,CAR 16 (LEC) TIME 1:10.244 DELETED - TRACK LIMITS AT TURN 10,,,,,,54.0,2021,8,Styrian Grand Prix
2021-06-27 14:05:40,Flag,WAVED BLUE FLAG FOR CAR 4 (NOR) TIMED AT 16:05:40,,BLUE,Driver,,4,54.0,2021,8,Styrian Grand Prix
2021-06-27 14:06:08,Flag,WAVED BLUE FLAG FOR CAR 31 (OCO) TIMED AT 16:06:07,,BLUE,Driver,,31,55.0,2021,8,Styrian Grand Prix
2021-06-27 14:06:29,Flag,WAVED BLUE FLAG FOR CAR 9 (MAZ) TIMED AT 16:06:29,,BLUE,Driver,,9,55.0,2021,8,Styrian Grand Prix
2021-06-27 14:07:02,Flag,WAVED BLUE FLAG FOR CAR 9 (MAZ) TIMED AT 16:07:02,,BLUE,Driver,,9,56.0,2021,8,Styrian Grand Prix
2021-06-27 14:07:31,Flag,WAVED BLUE FLAG FOR CAR 9 (MAZ) TIMED AT 16:07:31,,BLUE,Driver,,9,56.0,2021,8,Styrian Grand Prix
2021-06-27 14:08:19,Flag,WAVED BLUE FLAG FOR CAR 9 (MAZ) TIMED AT 16:08:18,,BLUE,Driver,,9,57.0,2021,8,Styrian Grand Prix
2021-06-27 14:09:08,Other,CAR 44 (HAM) TIME 1:08.969 DELETED - TRACK LIMITS AT TURN 10,,,,,,57.0,2021,8,Styrian Grand Prix
2021-06-27 14:09:33,Flag,WAVED BLUE FLAG FOR CAR 9 (MAZ) TIMED AT 16:09:32,,BLUE,Driver,,9,58.0,2021,8,Styrian Grand Prix
2021-06-27 14:09:36,Other,CAR 44 (HAM) TIME 1:09.001 DELETED - TRACK LIMITS AT TURN 10,,,,,,58.0,2021,8,Styrian Grand Prix
2021-06-27 14:09:50,Flag,WAVED BLUE FLAG FOR CAR 9 (MAZ) TIMED AT 16:09:49,,BLUE,Driver,,9,58.0,2021,8,Styrian Grand Prix
2021-06-27 14:11:57,Flag,WAVED BLUE FLAG FOR CAR 99 (GIO) TIMED AT 16:11:56,,BLUE,Driver,,99,60.0,2021,8,Styrian Grand Prix
2021-06-27 14:12:10,Flag,WAVED BLUE FLAG FOR CAR 6 (LAT) TIMED AT 16:12:10,,BLUE,Driver,,6,60.0,2021,8,Styrian Grand Prix
2021-06-27 14:14:24,Flag,WAVED BLUE FLAG FOR CAR 9 (MAZ) TIMED AT 16:14:23,,BLUE,Driver,,9,62.0,2021,8,Styrian Grand Prix
2021-06-27 14:16:17,Flag,WAVED BLUE FLAG FOR CAR 47 (MSC) TIMED AT 16:16:17,,BLUE,Driver,,47,64.0,2021,8,Styrian Grand Prix
2021-06-27 14:18:13,Flag,WAVED BLUE FLAG FOR CAR 55 (SAI) TIMED AT 16:18:12,,BLUE,Driver,,55,65.0,2021,8,Styrian Grand Prix
2021-06-27 14:18:53,Flag,WAVED BLUE FLAG FOR CAR 99 (GIO) TIMED AT 16:18:53,,BLUE,Driver,,99,66.0,2021,8,Styrian Grand Prix
2021-06-27 14:19:27,Other,CAR 7 (RAI) TIME 1:09.813 DELETED - TRACK LIMITS AT TURN 10,,,,,,66.0,2021,8,Styrian Grand Prix
2021-06-27 14:20:00,Flag,WAVED BLUE FLAG FOR CAR 3 (RIC) TIMED AT 16:20:00,,BLUE,Driver,,3,67.0,2021,8,Styrian Grand Prix
2021-06-27 14:20:26,Other,CAR 7 (RAI) TIME 1:10.153 DELETED - TRACK LIMITS AT TURN 10,,,,,,67.0,2021,8,Styrian Grand Prix
2021-06-27 14:20:26,Flag,WAVED BLUE FLAG FOR CAR 9 (MAZ) TIMED AT 16:20:26,,BLUE,Driver,,9,67.0,2021,8,Styrian Grand Prix
2021-06-27 14:21:16,Flag,WAVED BLUE FLAG FOR CAR 31 (OCO) TIMED AT 16:21:16,,BLUE,Driver,,31,68.0,2021,8,Styrian Grand Prix
2021-06-27 14:21:19,Flag,WAVED BLUE FLAG FOR CAR 7 (RAI) TIMED AT 16:21:19,,BLUE,Driver,,7,68.0,2021,8,Styrian Grand Prix
2021-06-27 14:21:39,Flag,WAVED BLUE FLAG FOR CAR 6 (LAT) TIMED AT 16:21:38,,BLUE,Driver,,6,68.0,2021,8,Styrian Grand Prix
2021-06-27 14:21:44,Other,CAR 5 (VET) TIME 1:10.273 DELETED - TRACK LIMITS AT TURN 10,,,,,,68.0,2021,8,Styrian Grand Prix
2021-06-27 14:22:29,Flag,WAVED BLUE FLAG FOR CAR 5 (VET) TIMED AT 16:22:29,,BLUE,Driver,,5,69.0,2021,8,Styrian Grand Prix
2021-06-27 14:22:32,Flag,WAVED BLUE FLAG FOR CAR 9 (MAZ) TIMED AT 16:22:31,,BLUE,Driver,,9,69.0,2021,8,Styrian Grand Prix
2021-06-27 14:22:48,Other,CAR 5 (VET) TIME 1:11.239 DELETED - TRACK LIMITS AT TURN 10,,,,,,69.0,2021,8,Styrian Grand Prix
2021-06-27 14:23:56,Flag,WAVED BLUE FLAG FOR CAR 18 (STR) TIMED AT 16:23:55,,BLUE,Driver,,18,70.0,2021,8,Styrian Grand Prix
2021-06-27 14:24:19,Flag,WAVED BLUE FLAG FOR CAR 3 (RIC) TIMED AT 16:24:19,,BLUE,Driver,,3,71.0,2021,8,Styrian Grand Prix
2021-06-27 14:24:26,Flag,WAVED BLUE FLAG FOR CAR 47 (MSC) TIMED AT 16:24:26,,BLUE,Driver,,47,71.0,2021,8,Styrian Grand Prix
2021-06-27 14:24:37,Flag,WAVED BLUE FLAG FOR CAR 5 (VET) TIMED AT 16:24:37,,BLUE,Driver,,5,71.0,2021,8,Styrian Grand Prix
2021-06-27 14:24:44,Flag,WAVED BLUE FLAG FOR CAR 47 (MSC) TIMED AT 16:24:44,,BLUE,Driver,,47,71.0,2021,8,Styrian Grand Prix
2021-06-27 14:25:15,Flag,WAVED BLUE FLAG FOR CAR 47 (MSC) TIMED AT 16:25:14,,BLUE,Driver,,47,71.0,2021,8,Styrian Grand Prix
2021-06-27 14:25:16,Flag,WAVED BLUE FLAG FOR CAR 9 (MAZ) TIMED AT 16:25:15,,BLUE,Driver,,9,71.0,2021,8,Styrian Grand Prix
2021-06-27 14:25:17,Other,CAR 22 (TSU) TIME 1:10.426 DELETED - TRACK LIMITS AT TURN 9,,,,,,71.0,2021,8,Styrian Grand Prix
2021-06-27 14:25:26,Flag,CHEQUERED FLAG,,CHEQUERED,Track,,,71.0,2021,8,Styrian Grand Prix
2021-07-04 12:20:00,Flag,GREEN LIGHT - PIT EXIT OPEN,,GREEN,Track,,,1.0,2021,9,Austrian Grand Prix
2021-07-04 12:30:00,Other,PIT EXIT CLOSED,,,,,,1.0,2021,9,Austrian Grand Prix
2021-07-04 12:45:02,Other,RISK OF RAIN FOR F1 RACE IS 60%,,,,,,1.0,2021,9,Austrian Grand Prix
2021-07-04 13:02:56,Flag,GREEN LIGHT - PIT EXIT OPEN,,GREEN,Track,,,1.0,2021,9,Austrian Grand Prix
2021-07-04 13:03:54,SafetyCar,SAFETY CAR DEPLOYED,DEPLOYED,,,,,1.0,2021,9,Austrian Grand Prix
2021-07-04 13:04:20,Other,CAR 31 (OCO) STOPPED AT TURN 3-4,,,,,,1.0,2021,9,Austrian Grand Prix
2021-07-04 13:06:44,SafetyCar,SAFETY CAR IN THIS LAP,IN THIS LAP,,,,,3.0,2021,9,Austrian Grand Prix
2021-07-04 13:07:58,Flag,TRACK CLEAR,,CLEAR,Track,,,3.0,2021,9,Austrian Grand Prix
2021-07-04 13:10:38,Other,PIT ENTRY INCIDENT INVOLVING CAR 99 (GIO) UNDER INVESTIGATION - OVERTAKING BEFORE SC LINE,,,,,,6.0,2021,9,Austrian Grand Prix
2021-07-04 13:11:33,Drs,DRS ENABLED,ENABLED,,,,,6.0,2021,9,Austrian Grand Prix
2021-07-04 13:12:25,Other,5 SECOND TIME PENALTY FOR CAR 99 (GIO) - OVERTAKING WHILE THE SAFETY CAR IS DEPLOYED ,,,,,,7.0,2021,9,Austrian Grand Prix
2021-07-04 13:13:30,Other,TURN 3 INCIDENT INVOLVING CAR 31 (OCO) NOTED,,,,,,8.0,2021,9,Austrian Grand Prix
2021-07-04 13:14:41,Other,TURN 3 INCIDENT INVOLVING CAR 31 (OCO) NO INVESTIGATION NECESSARY,,,,,,9.0,2021,9,Austrian Grand Prix
2021-07-04 13:15:28,Other,TURN 4 INCIDENT INVOLVING CARS 4 (NOR) AND 11 (PER) NOTED ,,,,,,10.0,2021,9,Austrian Grand Prix
2021-07-04 13:18:48,Other,TURN 4 INCIDENT INVOLVING CARS 4 (NOR) AND 11 (PER) UNDER INVESTIGATION ,,,,,,13.0,2021,9,Austrian Grand Prix
2021-07-04 13:19:52,Other,CAR 9 (MAZ) TIME 1:11.966 DELETED - TRACK LIMITS AT TURN 9,,,,,,14.0,2021,9,Austrian Grand Prix
2021-07-04 13:23:38,Other,INCIDENT INVOLVING CAR 22 (TSU) UNDER INVESTIGATION - CROSSING WHITE LINE AT PIT ENTRY,,,,,,17.0,2021,9,Austrian Grand Prix
2021-07-04 13:26:58,Other,5 SECOND TIME PENALTY FOR CAR 4 (NOR) - FORCING ANOTHER DRIVER OFF THE TRACK,,,,,,20.0,2021,9,Austrian Grand Prix
2021-07-04 13:29:32,Other,5 SECOND TIME PENALTY FOR CAR 22 (TSU) - CROSSING THE LINE AT PIT ENTRY,,,,,,22.0,2021,9,Austrian Grand Prix
2021-07-04 13:30:05,Other,CAR 22 (TSU) TIME 1:10.349 DELETED - TRACK LIMITS AT TURN 10,,,,,,22.0,2021,9,Austrian Grand Prix
2021-07-04 13:31:21,Other,CAR 22 (TSU) TIME 1:10.551 DELETED - TRACK LIMITS AT TURN 10,,,,,,24.0,2021,9,Austrian Grand Prix
2021-07-04 13:32:10,Flag,WAVED BLUE FLAG FOR CAR 9 (MAZ) TIMED AT 15:32:09,,BLUE,Driver,,9,24.0,2021,9,Austrian Grand Prix
2021-07-04 13:34:24,Flag,WAVED BLUE FLAG FOR CAR 47 (MSC) TIMED AT 15:34:24,,BLUE,Driver,,47,26.0,2021,9,Austrian Grand Prix
2021-07-04 13:36:58,Flag,WAVED BLUE FLAG FOR CAR 9 (MAZ) TIMED AT 15:36:58,,BLUE,Driver,,9,28.0,2021,9,Austrian Grand Prix
2021-07-04 13:37:01,Other,CAR 99 (GIO) TIME 1:11.013 DELETED - TRACK LIMITS AT TURN 9,,,,,,28.0,2021,9,Austrian Grand Prix
2021-07-04 13:38:12,Other,CAR 10 (GAS) TIME 1:09.891 DELETED - TRACK LIMITS AT TURN 10,,,,,,29.0,2021,9,Austrian Grand Prix
2021-07-04 13:39:18,Other,CAR 10 (GAS) TIME 1:09.894 DELETED - TRACK LIMITS AT TURN 10,,,,,,30.0,2021,9,Austrian Grand Prix
2021-07-04 13:39:36,Other,CAR 5 (VET) TIME 1:11.029 DELETED - TRACK LIMITS AT TURN 10,,,,,,31.0,2021,9,Austrian Grand Prix
2021-07-04 13:40:36,Other,CAR 5 (VET) TIME 1:10.740 DELETED - TRACK LIMITS AT TURN 10,,,,,,32.0,2021,9,Austrian Grand Prix
2021-07-04 13:40:58,Flag,WAVED BLUE FLAG FOR CAR 18 (STR) TIMED AT 15:40:57,,BLUE,Driver,,18,32.0,2021,9,Austrian Grand Prix
2021-07-04 13:41:51,Flag,WAVED BLUE FLAG FOR CAR 9 (MAZ) TIMED AT 15:41:50,,BLUE,Driver,,9,33.0,2021,9,Austrian Grand Prix
2021-07-04 13:42:00,Other,CAR 22 (TSU) TIME 1:10.285 DELETED - TRACK LIMITS AT TURN 10,,,,,,33.0,2021,9,Austrian Grand Prix
2021-07-04 13:42:27,Other,CAR 9 (MAZ) TIME 1:12.397 DELETED - TRACK LIMITS AT TURN 9,,,,,,33.0,2021,9,Austrian Grand Prix
2021-07-04 13:42:49,Flag,WAVED BLUE FLAG FOR CAR 9 (MAZ) TIMED AT 15:42:48,,BLUE,Driver,,9,33.0,2021,9,Austrian Grand Prix
2021-07-04 13:42:54,Other,CAR 22 (TSU) TIME 1:10.472 DELETED - TRACK LIMITS AT TURN 10,,,,,,33.0,2021,9,Austrian Grand Prix
2021-07-04 13:44:58,Other,CAR 55 (SAI) TIME 1:09.961 DELETED - TRACK LIMITS AT TURN 10,,,,,,35.0,2021,9,Austrian Grand Prix
2021-07-04 13:45:22,Flag,WAVED BLUE FLAG FOR CAR 47 (MSC) TIMED AT 15:45:22,,BLUE,Driver,,47,35.0,2021,9,Austrian Grand Prix
2021-07-04 13:46:04,Other,CAR 55 (SAI) TIME 1:09.907 DELETED - TRACK LIMITS AT TURN 10,,,,,,36.0,2021,9,Austrian Grand Prix
2021-07-04 13:46:21,Other,CAR 7 (RAI) TIME 1:10.335 DELETED - TRACK LIMITS AT TURN 10,,,,,,36.0,2021,9,Austrian Grand Prix
2021-07-04 13:46:38,Flag,WAVED BLUE FLAG FOR CAR 47 (MSC) TIMED AT 15:46:38,,BLUE,Driver,,47,37.0,2021,9,Austrian Grand Prix
2021-07-04 13:47:23,Other,CAR 7 (RAI) TIME 1:10.344 DELETED - TRACK LIMITS AT TURN 10,,,,,,37.0,2021,9,Austrian Grand Prix
2021-07-04 13:47:39,Flag,WAVED BLUE FLAG FOR CAR 9 (MAZ) TIMED AT 15:47:39,,BLUE,Driver,,9,37.0,2021,9,Austrian Grand Prix
2021-07-04 13:50:56,Flag,WAVED BLUE FLAG FOR CAR 7 (RAI) TIMED AT 15:50:55,,BLUE,Driver,,7,40.0,2021,9,Austrian Grand Prix
2021-07-04 13:52:37,Other,TURN 4 INCIDENT INVOLVING CARS 11 (PER) AND 16 (LEC) UNDER INVESTIGATION - FORCING ANOTHER DRIVER OFF THE TRACK,,,,,,42.0,2021,9,Austrian Grand Prix
2021-07-04 13:53:23,Other,5 SECOND TIME PENALTY FOR CAR 11 (PER) - FORCING ANOTHER DRIVER OFF THE TRACK,,,,,,42.0,2021,9,Austrian Grand Prix
2021-07-04 13:55:27,Flag,WAVED BLUE FLAG FOR CAR 14 (ALO) TIMED AT 15:55:27,,BLUE,Driver,,14,44.0,2021,9,Austrian Grand Prix
2021-07-04 13:56:27,Flag,WAVED BLUE FLAG FOR CAR 18 (STR) TIMED AT 15:56:26,,BLUE,Driver,,18,45.0,2021,9,Austrian Grand Prix
2021-07-04 13:58:20,Flag,WAVED BLUE FLAG FOR CAR 99 (GIO) TIMED AT 15:58:20,,BLUE,Driver,,99,47.0,2021,9,Austrian Grand Prix
2021-07-04 13:58:35,Flag,WAVED BLUE FLAG FOR CAR 99 (GIO) TIMED AT 15:58:34,,BLUE,Driver,,99,47.0,2021,9,Austrian Grand Prix
2021-07-04 13:58:42,Flag,WAVED BLUE FLAG FOR CAR 9 (MAZ) TIMED AT 15:58:41,,BLUE,Driver,,9,47.0,2021,9,Austrian Grand Prix
2021-07-04 13:58:52,Flag,WAVED BLUE FLAG FOR CAR 99 (GIO) TIMED AT 15:58:52,,BLUE,Driver,,99,47.0,2021,9,Austrian Grand Prix
2021-07-04 13:59:05,Flag,WAVED BLUE FLAG FOR CAR 6 (LAT) TIMED AT 15:59:04,,BLUE,Driver,,6,47.0,2021,9,Austrian Grand Prix
2021-07-04 13:59:08,Flag,WAVED BLUE FLAG FOR CAR 99 (GIO) TIMED AT 15:59:07,,BLUE,Driver,,99,47.0,2021,9,Austrian Grand Prix
2021-07-04 13:59:17,Other,TURN 6 INCIDENT INVOLVING CARS 11 (PER) AND 16 (LEC) NOTED,,,,,,48.0,2021,9,Austrian Grand Prix
2021-07-04 13:59:38,Flag,WAVED BLUE FLAG FOR CAR 9 (MAZ) TIMED AT 15:59:37,,BLUE,Driver,,9,48.0,2021,9,Austrian Grand Prix
2021-07-04 13:59:48,Flag,WAVED BLUE FLAG FOR CAR 6 (LAT) TIMED AT 15:59:47,,BLUE,Driver,,6,48.0,2021,9,Austrian Grand Prix
2021-07-04 14:00:13,Other,TURN 6 INCIDENT INVOLVING CARS 11 (PER) AND 16 (LEC) UNDER INVESTIGATION - FORCING ANOTHER DRIVER OFF THE TRACK,,,,,,48.0,2021,9,Austrian Grand Prix
2021-07-04 14:00:37,Other,CAR 9 (MAZ) TIME 1:31.577 DELETED - TRACK LIMITS AT TURN 9,,,,,,49.0,2021,9,Austrian Grand Prix
2021-07-04 14:00:49,Flag,WAVED BLUE FLAG FOR CAR 63 (RUS) TIMED AT 16:00:48,,BLUE,Driver,,63,49.0,2021,9,Austrian Grand Prix
2021-07-04 14:01:06,Other,BLACK AND WHITE FLAG FOR CAR 9 (MAZ),,,,,,49.0,2021,9,Austrian Grand Prix
2021-07-04 14:02:35,Flag,WAVED BLUE FLAG FOR CAR 5 (VET) TIMED AT 16:02:35,,BLUE,Driver,,5,50.0,2021,9,Austrian Grand Prix
2021-07-04 14:04:14,Other,5 SECOND TIME PENALTY FOR CAR 11 (PER) - FORCING ANOTHER DRIVER OFF THE TRACK,,,,,,52.0,2021,9,Austrian Grand Prix
2021-07-04 14:04:47,Flag,WAVED BLUE FLAG FOR CAR 22 (TSU) TIMED AT 16:04:46,,BLUE,Driver,,22,52.0,2021,9,Austrian Grand Prix
2021-07-04 14:05:32,Flag,WAVED BLUE FLAG FOR CAR 22 (TSU) TIMED AT 16:05:31,,BLUE,Driver,,22,53.0,2021,9,Austrian Grand Prix
2021-07-04 14:06:28,Other,5 SECOND TIME PENALTY FOR CAR 18 (STR) - SPEEDING IN THE PIT LANE,,,,,,54.0,2021,9,Austrian Grand Prix
2021-07-04 14:06:38,Flag,WAVED BLUE FLAG FOR CAR 9 (MAZ) TIMED AT 16:06:37,,BLUE,Driver,,9,54.0,2021,9,Austrian Grand Prix
2021-07-04 14:07:55,Other,CAR 22 (TSU) UNDER INVESTIGATION - CROSSING THE LINE AT PIT ENTRY,,,,,,55.0,2021,9,Austrian Grand Prix
2021-07-04 14:09:20,Other,5 SECOND TIME PENALTY FOR CAR 22 (TSU) - CROSSING THE LINE AT PIT ENTRY,,,,,,56.0,2021,9,Austrian Grand Prix
2021-07-04 14:09:35,Flag,WAVED BLUE FLAG FOR CAR 9 (MAZ) TIMED AT 16:09:35,,BLUE,Driver,,9,57.0,2021,9,Austrian Grand Prix
2021-07-04 14:11:54,Flag,WAVED BLUE FLAG FOR CAR 9 (MAZ) TIMED AT 16:11:54,,BLUE,Driver,,9,59.0,2021,9,Austrian Grand Prix
2021-07-04 14:12:16,Other,CAR 7 (RAI) TIME 1:09.028 DELETED - TRACK LIMITS AT TURN 10,,,,,,59.0,2021,9,Austrian Grand Prix
2021-07-04 14:13:18,Other,CAR 7 (RAI) TIME 1:08.836 DELETED - TRACK LIMITS AT TURN 10,,,,,,60.0,2021,9,Austrian Grand Prix
2021-07-04 14:13:26,Other,CAR 7 (RAI) TIME 1:08.836 DELETED - TRACK LIMITS AT TURN 9,,,,,,60.0,2021,9,Austrian Grand Prix
2021-07-04 14:13:35,Other,CAR 7 (RAI) TIME 1:08.836 DELETED - TRACK LIMITS AT TURN 10,,,,,,60.0,2021,9,Austrian Grand Prix
2021-07-04 14:14:00,Flag,BLACK AND WHITE FLAG FOR CAR 7 (RAI) - TRACK LIMITS,,BLACK AND WHITE,Driver,,7,60.0,2021,9,Austrian Grand Prix
2021-07-04 14:14:10,Flag,WAVED BLUE FLAG FOR CAR 47 (MSC) TIMED AT 16:14:09,,BLUE,Driver,,47,61.0,2021,9,Austrian Grand Prix
2021-07-04 14:14:25,Other,CAR 14 (ALO) TIME 1:09.214 DELETED - TRACK LIMITS AT TURN 10,,,,,,61.0,2021,9,Austrian Grand Prix
2021-07-04 14:14:28,Other,CAR 7 (RAI) TIME 1:09.461 DELETED - TRACK LIMITS AT TURN 10,,,,,,61.0,2021,9,Austrian Grand Prix
2021-07-04 14:14:36,Flag,WAVED BLUE FLAG FOR CAR 7 (RAI) TIMED AT 16:14:36,,BLUE,Driver,,7,61.0,2021,9,Austrian Grand Prix
2021-07-04 14:15:20,Other,CAR 16 (LEC) TIME 1:08.930 DELETED - TRACK LIMITS AT TURN 10,,,,,,61.0,2021,9,Austrian Grand Prix
2021-07-04 14:15:34,Other,CAR 14 (ALO) TIME 1:09.711 DELETED - TRACK LIMITS AT TURN 10,,,,,,62.0,2021,9,Austrian Grand Prix
2021-07-04 14:15:58,Other,CAR 14 (ALO) TIME 1:09.711 DELETED - TRACK LIMITS AT TURN 10,,,,,,62.0,2021,9,Austrian Grand Prix
2021-07-04 14:16:03,Flag,WAVED BLUE FLAG FOR CAR 9 (MAZ) TIMED AT 16:16:03,,BLUE,Driver,,9,62.0,2021,9,Austrian Grand Prix
2021-07-04 14:16:21,Other,CAR 16 (LEC) TIME 1:09.376 DELETED - TRACK LIMITS AT TURN 10,,,,,,62.0,2021,9,Austrian Grand Prix
2021-07-04 14:16:29,Flag,WAVED BLUE FLAG FOR CAR 14 (ALO) TIMED AT 16:16:29,,BLUE,Driver,,14,62.0,2021,9,Austrian Grand Prix
2021-07-04 14:16:36,Flag,WAVED BLUE FLAG FOR CAR 47 (MSC) TIMED AT 16:16:36,,BLUE,Driver,,47,62.0,2021,9,Austrian Grand Prix
2021-07-04 14:16:41,Other,CAR 14 (ALO) TIME 1:09.566 DELETED - TRACK LIMITS AT TURN 10,,,,,,63.0,2021,9,Austrian Grand Prix
2021-07-04 14:16:58,Flag,WAVED BLUE FLAG FOR CAR 47 (MSC) TIMED AT 16:16:57,,BLUE,Driver,,47,63.0,2021,9,Austrian Grand Prix
2021-07-04 14:17:03,Flag,WAVED BLUE FLAG FOR CAR 63 (RUS) TIMED AT 16:17:02,,BLUE,Driver,,63,63.0,2021,9,Austrian Grand Prix
2021-07-04 14:19:20,Flag,WAVED BLUE FLAG FOR CAR 47 (MSC) TIMED AT 16:19:20,,BLUE,Driver,,47,65.0,2021,9,Austrian Grand Prix
2021-07-04 14:19:54,Other,CAR 16 (LEC) TIME 1:09.065 DELETED - TRACK LIMITS AT TURN 10,,,,,,65.0,2021,9,Austrian Grand Prix
2021-07-04 14:20:14,Other,CAR 47 (MSC) TIME 1:12.211 DELETED - TRACK LIMITS AT TURN 9,,,,,,66.0,2021,9,Austrian Grand Prix
2021-07-04 14:20:32,Flag,WAVED BLUE FLAG FOR CAR 9 (MAZ) TIMED AT 16:20:31,,BLUE,Driver,,9,66.0,2021,9,Austrian Grand Prix
2021-07-04 14:20:58,Other,CAR 16 (LEC) TIME 1:10.530 DELETED - TRACK LIMITS AT TURN 10,,,,,,66.0,2021,9,Austrian Grand Prix
2021-07-04 14:21:18,Flag,WAVED BLUE FLAG FOR CAR 9 (MAZ) TIMED AT 16:21:18,,BLUE,Driver,,9,67.0,2021,9,Austrian Grand Prix
2021-07-04 14:22:56,Flag,BLACK AND WHITE FLAG FOR CAR 63 (RUS) - MOVEMENT UNDER BRAKES,,BLACK AND WHITE,Driver,,63,68.0,2021,9,Austrian Grand Prix
2021-07-04 14:22:57,Flag,WAVED BLUE FLAG FOR CAR 9 (MAZ) TIMED AT 16:22:56,,BLUE,Driver,,9,68.0,2021,9,Austrian Grand Prix
2021-07-04 14:23:26,Other,CAR 10 (GAS) TIME 1:08.250 DELETED - TRACK LIMITS AT TURN 10,,,,,,68.0,2021,9,Austrian Grand Prix
2021-07-04 14:24:18,Flag,WAVED BLUE FLAG FOR CAR 47 (MSC) TIMED AT 16:24:17,,BLUE,Driver,,47,69.0,2021,9,Austrian Grand Prix
2021-07-04 14:24:29,Other,CAR 10 (GAS) TIME 1:08.533 DELETED - TRACK LIMITS AT TURN 10,,,,,,69.0,2021,9,Austrian Grand Prix
2021-07-04 14:24:47,Other,CAR 3 (RIC) TIME 1:09.480 DELETED - TRACK LIMITS AT TURN 10,,,,,,70.0,2021,9,Austrian Grand Prix
2021-07-04 14:25:33,Other,CAR 3 (RIC) TIME 1:09.448 DELETED - TRACK LIMITS AT TURN 10,,,,,,70.0,2021,9,Austrian Grand Prix
2021-07-04 14:25:52,Flag,WAVED BLUE FLAG FOR CAR 5 (VET) TIMED AT 16:25:51,,BLUE,Driver,,5,71.0,2021,9,Austrian Grand Prix
2021-07-04 14:26:41,Flag,DOUBLE YELLOW IN TRACK SECTOR 9,,DOUBLE YELLOW,Sector,9.0,,71.0,2021,9,Austrian Grand Prix
2021-07-04 14:26:44,Flag,YELLOW IN TRACK SECTOR 10,,YELLOW,Sector,10.0,,71.0,2021,9,Austrian Grand Prix
2021-07-04 14:26:51,Flag,CHEQUERED FLAG,,CHEQUERED,Track,,,71.0,2021,9,Austrian Grand Prix
2021-07-04 14:26:54,Flag,DOUBLE YELLOW IN TRACK SECTOR 8,,DOUBLE YELLOW,Sector,8.0,,71.0,2021,9,Austrian Grand Prix
2021-07-04 14:26:55,Other,DRS DISABLED IN ZONE 2,,,,,,71.0,2021,9,Austrian Grand Prix
2021-07-04 14:27:04,Flag,YELLOW IN TRACK SECTOR 7,,YELLOW,Sector,7.0,,71.0,2021,9,Austrian Grand Prix
2021-07-04 14:27:17,Flag,CLEAR IN TRACK SECTOR 10,,CLEAR,Sector,10.0,,71.0,2021,9,Austrian Grand Prix
2021-07-04 14:27:20,Flag,CLEAR IN TRACK SECTOR 9,,CLEAR,Sector,9.0,,71.0,2021,9,Austrian Grand Prix
2021-07-04 14:27:30,Flag,WAVED BLUE FLAG FOR CAR 9 (MAZ) TIMED AT 16:27:29,,BLUE,Driver,,9,71.0,2021,9,Austrian Grand Prix
2021-07-04 14:27:43,Flag,CLEAR IN TRACK SECTOR 7,,CLEAR,Sector,7.0,,71.0,2021,9,Austrian Grand Prix
2021-07-04 14:27:43,Other,DRS ENABLED IN ZONE 2,,,,,,71.0,2021,9,Austrian Grand Prix
2021-07-04 14:27:43,Flag,CLEAR IN TRACK SECTOR 8,,CLEAR,Sector,8.0,,71.0,2021,9,Austrian Grand Prix
2021-07-04 14:28:03,Other,CAR 10 (GAS) TIME 1:10.068 DELETED - TRACK LIMITS AT TURN 9,,,,,,71.0,2021,9,Austrian Grand Prix
2021-07-04 14:28:49,Other,TURN 5 INCIDENT INVOLVING CARS 7 (RAI) AND 5 (VET) UNDER INVESTIGATION - CAUSING A COLLISION,,,,,,71.0,2021,9,Austrian Grand Prix
2021-07-04 14:30:37,Other,TURN 5 INCIDENT INVOLVING CARS 5 (VET) AND 7 (RAI) WILL BE INVESTIGATED AFTER THE RACE,,,,,,71.0,2021,9,Austrian Grand Prix
2021-07-18 13:04:34,Other,DRS DISABLED IN ZONE 1,,,,,,1.0,2021,10,British Grand Prix
2021-07-18 13:04:49,Other,DRS ENABLED IN ZONE 1,,,,,,1.0,2021,10,British Grand Prix
2021-07-18 13:20:00,Flag,GREEN LIGHT - PIT EXIT OPEN,,GREEN,Track,,,1.0,2021,10,British Grand Prix
2021-07-18 13:22:27,Flag,YELLOW IN TRACK SECTOR 8,,YELLOW,Sector,8.0,,1.0,2021,10,British Grand Prix
2021-07-18 13:22:34,Flag,CLEAR IN TRACK SECTOR 8,,CLEAR,Sector,8.0,,1.0,2021,10,British Grand Prix
2021-07-18 13:23:51,Other,TRACK SURFACE SLIPPERY IN TRACK SECTOR 8,,,,,,1.0,2021,10,British Grand Prix
2021-07-18 13:25:39,Flag,CLEAR IN TRACK SECTOR 8,,CLEAR,Sector,8.0,,1.0,2021,10,British Grand Prix
2021-07-18 13:30:00,Other,PIT EXIT CLOSED,,,,,,1.0,2021,10,British Grand Prix
2021-07-18 13:45:03,Other,RISK OF RAIN FOR F1 RACE IS 0%,,,,,,1.0,2021,10,British Grand Prix
2021-07-18 13:57:05,Drs,DRS DISABLED,DISABLED,,,,,1.0,2021,10,British Grand Prix
2021-07-18 14:03:23,Flag,GREEN LIGHT - PIT EXIT OPEN,,GREEN,Track,,,1.0,2021,10,British Grand Prix
2021-07-18 14:04:18,Flag,YELLOW IN TRACK SECTOR 10,,YELLOW,Sector,10.0,,1.0,2021,10,British Grand Prix
2021-07-18 14:04:19,Flag,DOUBLE YELLOW IN TRACK SECTOR 10,,DOUBLE YELLOW,Sector,10.0,,1.0,2021,10,British Grand Prix
2021-07-18 14:04:31,SafetyCar,SAFETY CAR DEPLOYED,DEPLOYED,,,,,1.0,2021,10,British Grand Prix
2021-07-18 14:05:20,CarEvent,CAR 33 (VER) STOPPED AT TURN 9,,,,,33,1.0,2021,10,British Grand Prix
2021-07-18 14:06:39,Flag,RED FLAG,,RED,Track,,,2.0,2021,10,British Grand Prix
2021-07-18 14:06:39,Flag,CLEAR IN TRACK SECTOR 10,,CLEAR,Sector,10.0,,2.0,2021,10,British Grand Prix
2021-07-18 14:14:50,Other,TURN 9 INCIDENT INVOLVING CARS 33 (VER) AND 44 (HAM) UNDER INVESTIGATION - CAUSING A COLLISION,,,,,,3.0,2021,10,British Grand Prix
2021-07-18 14:26:05,Other,APPROXIMATLY 15 MIN UNTIL RESUMPTION,,,,,,3.0,2021,10,British Grand Prix
2021-07-18 14:31:22,Other,RACE WILL RESUME AT 15:42,,,,,,3.0,2021,10,British Grand Prix
2021-07-18 14:31:42,Flag,TRACK CLEAR,,CLEAR,Track,,,3.0,2021,10,British Grand Prix
2021-07-18 14:42:53,Other,SAFETY CAR WILL ENTER PITS: STANDING START,,,,,,3.0,2021,10,British Grand Prix
2021-07-18 14:47:07,Flag,YELLOW IN TRACK SECTOR 8,,YELLOW,Sector,8.0,,4.0,2021,10,British Grand Prix
2021-07-18 14:47:16,Flag,CLEAR IN TRACK SECTOR 8,,CLEAR,Sector,8.0,,4.0,2021,10,British Grand Prix
2021-07-18 14:47:26,CarEvent,CAR 5 (VET) SPUN AND CONTINUED AT TURN 7,,,,,5,4.0,2021,10,British Grand Prix
2021-07-18 14:47:56,Other,10 SECOND TIME PENALTY FOR CAR 44 (HAM) - CAUSING A COLLISION,,,,,,5.0,2021,10,British Grand Prix
2021-07-18 14:49:27,Drs,DRS ENABLED,ENABLED,,,,,6.0,2021,10,British Grand Prix
2021-07-18 14:51:10,Other,CAR 55 (SAI) TIME 1:34.026 DELETED - TRACK LIMITS AT TURN 9,,,,,,7.0,2021,10,British Grand Prix
2021-07-18 14:52:49,Other,CAR 7 (RAI) TIME 1:35.251 DELETED - TRACK LIMITS AT TURN 9,,,,,,8.0,2021,10,British Grand Prix
2021-07-18 14:52:49,Other,CAR 99 (GIO) TIME 1:35.379 DELETED - TRACK LIMITS AT TURN 9,,,,,,8.0,2021,10,British Grand Prix
2021-07-18 14:54:22,Other,CAR 10 (GAS) TIME 1:35.158 DELETED - TRACK LIMITS AT TURN 9,,,,,,9.0,2021,10,British Grand Prix
2021-07-18 14:55:48,Other,CAR 3 (RIC) TIME 1:33.710 DELETED - TRACK LIMITS AT TURN 9,,,,,,10.0,2021,10,British Grand Prix
2021-07-18 15:01:38,Other,CAR 10 (GAS) TIME 1:34.825 DELETED - TRACK LIMITS AT TURN 9,,,,,,13.0,2021,10,British Grand Prix
2021-07-18 15:07:00,Other,CAR 10 (GAS) TIME 1:34.314 DELETED - TRACK LIMITS AT TURN 9,,,,,,17.0,2021,10,British Grand Prix
2021-07-18 15:07:05,Flag,BLACK AND WHITE FLAG FOR CAR 10 (GAS) - TRACK LIMITS,,BLACK AND WHITE,Driver,,10,17.0,2021,10,British Grand Prix
2021-07-18 15:08:38,Other,CAR 11 (PER) TIME 1:34.081 DELETED - TRACK LIMITS AT TURN 9,,,,,,18.0,2021,10,British Grand Prix
2021-07-18 15:22:12,Other,CAR 55 (SAI) TIME 1:31.819 DELETED - TRACK LIMITS AT TURN 9,,,,,,27.0,2021,10,British Grand Prix
2021-07-18 15:24:43,Flag,WAVED BLUE FLAG FOR CAR 9 (MAZ) TIMED AT 16:24:43,,BLUE,Driver,,9,28.0,2021,10,British Grand Prix
2021-07-18 15:27:38,Flag,WAVED BLUE FLAG FOR CAR 47 (MSC) TIMED AT 16:27:37,,BLUE,Driver,,47,30.0,2021,10,British Grand Prix
2021-07-18 15:27:47,Other,CAR 10 (GAS) TIME 1:53.002 DELETED - TRACK LIMITS AT TURN 15,,,,,,30.0,2021,10,British Grand Prix
2021-07-18 15:28:39,Flag,WAVED BLUE FLAG FOR CAR 9 (MAZ) TIMED AT 16:28:39,,BLUE,Driver,,9,31.0,2021,10,British Grand Prix
2021-07-18 15:29:22,Flag,WAVED BLUE FLAG FOR CAR 47 (MSC) TIMED AT 16:29:22,,BLUE,Driver,,47,31.0,2021,10,British Grand Prix
2021-07-18 15:29:35,Flag,WAVED BLUE FLAG FOR CAR 47 (MSC) TIMED AT 16:29:35,,BLUE,Driver,,47,31.0,2021,10,British Grand Prix
2021-07-18 15:30:30,Flag,WAVED BLUE FLAG FOR CAR 9 (MAZ) TIMED AT 16:30:29,,BLUE,Driver,,9,32.0,2021,10,British Grand Prix
2021-07-18 15:30:40,Other,CAR 4 (NOR) TIME 1:33.668 DELETED - TRACK LIMITS AT TURN 9,,,,,,32.0,2021,10,British Grand Prix
2021-07-18 15:31:05,Flag,WAVED BLUE FLAG FOR CAR 9 (MAZ) TIMED AT 16:31:04,,BLUE,Driver,,9,32.0,2021,10,British Grand Prix
2021-07-18 15:32:36,Other,CAR 5 (VET) TIME 1:33.713 DELETED - TRACK LIMITS AT TURN 15,,,,,,33.0,2021,10,British Grand Prix
2021-07-18 15:40:33,Flag,WAVED BLUE FLAG FOR CAR 47 (MSC) TIMED AT 16:40:32,,BLUE,Driver,,47,39.0,2021,10,British Grand Prix
2021-07-18 15:41:58,Flag,WAVED BLUE FLAG FOR CAR 9 (MAZ) TIMED AT 16:41:57,,BLUE,Driver,,9,39.0,2021,10,British Grand Prix
2021-07-18 15:53:55,Flag,YELLOW IN TRACK SECTOR 15,,YELLOW,Sector,15.0,,47.0,2021,10,British Grand Prix
2021-07-18 15:53:56,Flag,YELLOW IN TRACK SECTOR 16,,YELLOW,Sector,16.0,,47.0,2021,10,British Grand Prix
2021-07-18 15:54:02,Flag,CLEAR IN TRACK SECTOR 15,,CLEAR,Sector,15.0,,47.0,2021,10,British Grand Prix
2021-07-18 15:54:05,Flag,CLEAR IN TRACK SECTOR 16,,CLEAR,Sector,16.0,,47.0,2021,10,British Grand Prix
2021-07-18 15:54:09,Flag,WAVED BLUE FLAG FOR CAR 7 (RAI) TIMED AT 16:54:08,,BLUE,Driver,,7,47.0,2021,10,British Grand Prix
2021-07-18 15:54:23,CarEvent,CAR 7 (RAI) SPUN AND CONTINUED AT TURN 17,,,,,7,48.0,2021,10,British Grand Prix
2021-07-18 15:54:26,Flag,WAVED BLUE FLAG FOR CAR 7 (RAI) TIMED AT 16:54:26,,BLUE,Driver,,7,48.0,2021,10,British Grand Prix
2021-07-18 15:55:57,Other,TURN 17 INCIDENT INVOLVING CARS 7 (RAI) AND 11 (PER) NOTED,,,,,,49.0,2021,10,British Grand Prix
2021-07-18 15:56:21,Flag,WAVED BLUE FLAG FOR CAR 6 (LAT) TIMED AT 16:56:20,,BLUE,Driver,,6,49.0,2021,10,British Grand Prix
2021-07-18 15:56:37,Flag,WAVED BLUE FLAG FOR CAR 6 (LAT) TIMED AT 16:56:37,,BLUE,Driver,,6,49.0,2021,10,British Grand Prix
2021-07-18 15:57:03,Other,TURN 17 INCIDENT INVOLVING CARS 7 (RAI) AND 11 (PER) WILL BE INVESTIGATED AFTER THE RACE,,,,,,49.0,2021,10,British Grand Prix
2021-07-18 15:57:29,Flag,WAVED BLUE FLAG FOR CAR 11 (PER) TIMED AT 16:57:29,,BLUE,Driver,,11,50.0,2021,10,British Grand Prix
2021-07-18 15:58:50,Other,CAR 16 (LEC) TIME 1:32.956 DELETED - TRACK LIMITS AT TURN 9,,,,,,51.0,2021,10,British Grand Prix
2021-07-18 15:59:12,Flag,WAVED BLUE FLAG FOR CAR 99 (GIO) TIMED AT 16:59:12,,BLUE,Driver,,99,51.0,2021,10,British Grand Prix
2021-07-18 15:59:51,Flag,WAVED BLUE FLAG FOR CAR 99 (GIO) TIMED AT 16:59:51,,BLUE,Driver,,99,51.0,2021,10,British Grand Prix
2021-07-18 16:00:54,Flag,WAVED BLUE FLAG FOR CAR 63 (RUS) TIMED AT 17:00:53,,BLUE,Driver,,63,52.0,2021,10,British Grand Prix
2021-07-18 16:01:48,Flag,CHEQUERED FLAG,,CHEQUERED,Track,,,52.0,2021,10,British Grand Prix
2021-08-01 12:20:00,Flag,GREEN LIGHT - PIT EXIT OPEN,,GREEN,Track,,,1.0,2021,11,Hungarian Grand Prix
2021-08-01 12:30:00,Other,PIT EXIT CLOSED,,,,,,1.0,2021,11,Hungarian Grand Prix
2021-08-01 12:33:22,Other,TRACK SURFACE SLIPPERY IN TRACK SECTOR 19,,,,,,1.0,2021,11,Hungarian Grand Prix
2021-08-01 12:33:25,Flag,CLEAR IN TRACK SECTOR 19,,CLEAR,Sector,19.0,,1.0,2021,11,Hungarian Grand Prix
2021-08-01 12:37:15,Other,TRACK SURFACE SLIPPERY IN TRACK SECTOR 1,,,,,,1.0,2021,11,Hungarian Grand Prix
2021-08-01 12:37:36,Flag,CLEAR IN TRACK SECTOR 1,,CLEAR,Sector,1.0,,1.0,2021,11,Hungarian Grand Prix
2021-08-01 12:38:12,Other,LOW GRIP CONDITIONS,,,,,,1.0,2021,11,Hungarian Grand Prix
2021-08-01 12:39:03,Other,CHANGE IN CLIMATIC CONDITIONS,,,,,,1.0,2021,11,Hungarian Grand Prix
2021-08-01 12:44:15,Other,TRACK SURFACE SLIPPERY IN TRACK SECTOR 1,,,,,,1.0,2021,11,Hungarian Grand Prix
2021-08-01 12:44:17,Flag,CLEAR IN TRACK SECTOR 1,,CLEAR,Sector,1.0,,1.0,2021,11,Hungarian Grand Prix
2021-08-01 12:44:21,Other,TRACK SURFACE SLIPPERY IN TRACK SECTOR 1,,,,,,1.0,2021,11,Hungarian Grand Prix
2021-08-01 12:44:21,Flag,CLEAR IN TRACK SECTOR 1,,CLEAR,Sector,1.0,,1.0,2021,11,Hungarian Grand Prix
2021-08-01 12:44:26,Other,TRACK SURFACE SLIPPERY IN TRACK SECTOR 1,,,,,,1.0,2021,11,Hungarian Grand Prix
2021-08-01 12:44:29,Flag,CLEAR IN TRACK SECTOR 1,,CLEAR,Sector,1.0,,1.0,2021,11,Hungarian Grand Prix
2021-08-01 12:45:24,Other,RISK OF RAIN FOR F1 RACE IS 100%,,,,,,1.0,2021,11,Hungarian Grand Prix
2021-08-01 12:50:01,Drs,DRS DISABLED,DISABLED,,,,,1.0,2021,11,Hungarian Grand Prix
2021-08-01 13:02:25,Other,TRACK SURFACE SLIPPERY IN TRACK SECTOR 9,,,,,,1.0,2021,11,Hungarian Grand Prix
2021-08-01 13:02:28,Flag,CLEAR IN TRACK SECTOR 9,,CLEAR,Sector,9.0,,1.0,2021,11,Hungarian Grand Prix
2021-08-01 13:03:13,Flag,GREEN LIGHT - PIT EXIT OPEN,,GREEN,Track,,,1.0,2021,11,Hungarian Grand Prix
2021-08-01 13:03:30,Flag,YELLOW IN TRACK SECTOR 3,,YELLOW,Sector,3.0,,1.0,2021,11,Hungarian Grand Prix
2021-08-01 13:03:50,Flag,YELLOW IN TRACK SECTOR 5,,YELLOW,Sector,5.0,,1.0,2021,11,Hungarian Grand Prix
2021-08-01 13:04:23,SafetyCar,SAFETY CAR DEPLOYED,DEPLOYED,,,,,1.0,2021,11,Hungarian Grand Prix
2021-08-01 13:07:15,Flag,RED FLAG,,RED,Track,,,2.0,2021,11,Hungarian Grand Prix
2021-08-01 13:07:15,Flag,CLEAR IN TRACK SECTOR 3,,CLEAR,Sector,3.0,,2.0,2021,11,Hungarian Grand Prix
2021-08-01 13:07:15,Flag,CLEAR IN TRACK SECTOR 5,,CLEAR,Sector,5.0,,2.0,2021,11,Hungarian Grand Prix
2021-08-01 13:12:57,Other,TURN 1 INCIDENTS UNDER INVESTIGATION,,,,,,3.0,2021,11,Hungarian Grand Prix
2021-08-01 13:17:49,Other,RACE WILL RESUME IN APPROX. 15 MINUTES,,,,,,3.0,2021,11,Hungarian Grand Prix
2021-08-01 13:19:25,Other,RACE WILL RESUME AT 15:32,,,,,,3.0,2021,11,Hungarian Grand Prix
2021-08-01 13:22:09,Other,10 MINUTES SIGNAL,,,,,,3.0,2021,11,Hungarian Grand Prix
2021-08-01 13:22:36,Flag,TRACK CLEAR,,CLEAR,Track,,,3.0,2021,11,Hungarian Grand Prix
2021-08-01 13:33:04,Other,STANDING START,,,,,,3.0,2021,11,Hungarian Grand Prix
2021-08-01 13:38:57,Other,PIT LANE INCIDENT INVOLVING CAR 63 (RUS) NOTED - NO INVESTIGATION NECESSARY,,,,,,6.0,2021,11,Hungarian Grand Prix
2021-08-01 13:40:08,Drs,DRS ENABLED,ENABLED,,,,,7.0,2021,11,Hungarian Grand Prix
2021-08-01 13:40:47,Other,PIT LANE INCIDENT INVOLVING CARS 7 (RAI) AND 9 (MAZ) NOTED - UNSAFE RELEASE,,,,,,7.0,2021,11,Hungarian Grand Prix
2021-08-01 13:41:30,Other,PIT LANE INCIDENT INVOLVING CARS 7 (RAI) AND 9 (MAZ) UNDER INVESTIGATION - UNSAFE RELEASE,,,,,,8.0,2021,11,Hungarian Grand Prix
2021-08-01 13:43:36,Other,PIT LANE INCIDENT INVOLVING CARS 22 (TSU) AND 55 (SAI) NOTED - UNSAFE RELEASE,,,,,,9.0,2021,11,Hungarian Grand Prix
2021-08-01 13:44:16,Other,10 SECOND STOP/GO PENALTY FOR CAR 99 (GIO) - SPEEDING IN THE PIT LANE,,,,,,10.0,2021,11,Hungarian Grand Prix
2021-08-01 13:45:21,Other,NORMAL GRIP CONDITIONS,,,,,,11.0,2021,11,Hungarian Grand Prix
2021-08-01 13:46:36,Other,PIT LANE INCIDENT INVOLVING CARS 22 (TSU) AND 55 (SAI) NO INVESTIGATION NECESSARY - UNSAFE RELEASE,,,,,,12.0,2021,11,Hungarian Grand Prix
2021-08-01 13:50:18,Other,10 SECOND TIME PENALTY FOR CAR 7 (RAI) - UNSAFE RELEASE,,,,,,14.0,2021,11,Hungarian Grand Prix
2021-08-01 13:51:12,Other,TURN 1 INCIDENT INVOLVING CARS 33 (VER) AND 47 (MSC) NOTED,,,,,,15.0,2021,11,Hungarian Grand Prix
2021-08-01 13:51:22,Other,TURN 1 INCIDENT INVOLVING CARS 33 (VER) AND 47 (MSC) NO INVESTIGATION NECESSARY,,,,,,15.0,2021,11,Hungarian Grand Prix
2021-08-01 14:37:37,Flag,WAVED BLUE FLAG FOR CAR 99 (GIO) TIMED AT 16:37:36,,BLUE,Driver,,99,48.0,2021,11,Hungarian Grand Prix
2021-08-01 14:40:56,Flag,WAVED BLUE FLAG FOR CAR 47 (MSC) TIMED AT 16:40:55,,BLUE,Driver,,47,51.0,2021,11,Hungarian Grand Prix
2021-08-01 14:41:20,Flag,WAVED BLUE FLAG FOR CAR 99 (GIO) TIMED AT 16:41:19,,BLUE,Driver,,99,51.0,2021,11,Hungarian Grand Prix
2021-08-01 14:43:50,Flag,WAVED BLUE FLAG FOR CAR 99 (GIO) TIMED AT 16:43:49,,BLUE,Driver,,99,53.0,2021,11,Hungarian Grand Prix
2021-08-01 14:44:05,Flag,WAVED BLUE FLAG FOR CAR 47 (MSC) TIMED AT 16:44:05,,BLUE,Driver,,47,53.0,2021,11,Hungarian Grand Prix
2021-08-01 14:44:50,Flag,WAVED BLUE FLAG FOR CAR 47 (MSC) TIMED AT 16:44:50,,BLUE,Driver,,47,54.0,2021,11,Hungarian Grand Prix
2021-08-01 14:46:24,Flag,WAVED BLUE FLAG FOR CAR 7 (RAI) TIMED AT 16:46:23,,BLUE,Driver,,7,55.0,2021,11,Hungarian Grand Prix
2021-08-01 14:58:17,Flag,YELLOW IN TRACK SECTOR 5,,YELLOW,Sector,5.0,,63.0,2021,11,Hungarian Grand Prix
2021-08-01 14:58:18,Flag,DOUBLE YELLOW IN TRACK SECTOR 5,,DOUBLE YELLOW,Sector,5.0,,63.0,2021,11,Hungarian Grand Prix
2021-08-01 14:58:19,Other,DRS DISABLED IN ZONE 2,,,,,,63.0,2021,11,Hungarian Grand Prix
2021-08-01 14:58:20,Flag,WAVED BLUE FLAG FOR CAR 3 (RIC) TIMED AT 16:58:20,,BLUE,Driver,,3,63.0,2021,11,Hungarian Grand Prix
2021-08-01 14:58:21,Flag,YELLOW IN TRACK SECTOR 6,,YELLOW,Sector,6.0,,63.0,2021,11,Hungarian Grand Prix
2021-08-01 14:58:22,Flag,CLEAR IN TRACK SECTOR 6,,CLEAR,Sector,6.0,,63.0,2021,11,Hungarian Grand Prix
2021-08-01 14:58:23,Flag,CLEAR IN TRACK SECTOR 5,,CLEAR,Sector,5.0,,63.0,2021,11,Hungarian Grand Prix
2021-08-01 14:58:24,Other,DRS ENABLED IN ZONE 2,,,,,,63.0,2021,11,Hungarian Grand Prix
2021-08-01 14:59:12,CarEvent,CAR 22 (TSU) SPUN AND CONTINUED AT TURN 2,,,,,22,64.0,2021,11,Hungarian Grand Prix
2021-08-01 15:02:15,Flag,WAVED BLUE FLAG FOR CAR 3 (RIC) TIMED AT 17:02:14,,BLUE,Driver,,3,66.0,2021,11,Hungarian Grand Prix
2021-08-01 15:02:47,Flag,WAVED BLUE FLAG FOR CAR 3 (RIC) TIMED AT 17:02:46,,BLUE,Driver,,3,67.0,2021,11,Hungarian Grand Prix
2021-08-01 15:07:56,Flag,CHEQUERED FLAG,,CHEQUERED,Track,,,70.0,2021,11,Hungarian Grand Prix
2021-08-01 15:09:32,Flag,YELLOW IN TRACK SECTOR 3,,YELLOW,Sector,3.0,,70.0,2021,11,Hungarian Grand Prix
2021-08-01 15:09:33,Other,DRS DISABLED IN ZONE 1,,,,,,70.0,2021,11,Hungarian Grand Prix
2021-08-01 15:09:33,Other,DRS DISABLED IN ZONE 2,,,,,,70.0,2021,11,Hungarian Grand Prix
2021-08-01 15:09:58,Flag,YELLOW IN TRACK SECTOR 2,,YELLOW,Sector,2.0,,70.0,2021,11,Hungarian Grand Prix
2021-08-01 15:16:39,Flag,CLEAR IN TRACK SECTOR 3,,CLEAR,Sector,3.0,,70.0,2021,11,Hungarian Grand Prix
2021-08-01 15:16:47,Flag,CLEAR IN TRACK SECTOR 3,,CLEAR,Sector,3.0,,70.0,2021,11,Hungarian Grand Prix
2021-08-01 15:21:50,Flag,CLEAR IN TRACK SECTOR 3,,CLEAR,Sector,3.0,,70.0,2021,11,Hungarian Grand Prix
2021-08-01 15:21:52,Flag,CLEAR IN TRACK SECTOR 2,,CLEAR,Sector,2.0,,70.0,2021,11,Hungarian Grand Prix
2021-08-29 12:14:52,Other,LIGHT BLUE HEAD PADDING MATERIAL MUST BE USED,,,,,,1.0,2021,12,Belgian Grand Prix
2021-08-29 12:14:56,Other,LOW GRIP CONDITIONS,,,,,,1.0,2021,12,Belgian Grand Prix
2021-08-29 12:20:00,Flag,GREEN LIGHT - PIT EXIT OPEN,,GREEN,Track,,,1.0,2021,12,Belgian Grand Prix
2021-08-29 12:26:27,Flag,YELLOW IN TRACK SECTOR 7,,YELLOW,Sector,7.0,,1.0,2021,12,Belgian Grand Prix
2021-08-29 12:26:35,Flag,DOUBLE YELLOW IN TRACK SECTOR 7,,DOUBLE YELLOW,Sector,7.0,,1.0,2021,12,Belgian Grand Prix
2021-08-29 12:30:00,Other,PIT EXIT CLOSED,,,,,,1.0,2021,12,Belgian Grand Prix
2021-08-29 12:33:19,Flag,CLEAR IN TRACK SECTOR 7,,CLEAR,Sector,7.0,,1.0,2021,12,Belgian Grand Prix
2021-08-29 12:45:05,Other,RISK OF RAIN FOR F1 RACE IS 100%,,,,,,1.0,2021,12,Belgian Grand Prix
2021-08-29 12:50:01,Other,FORMATION LAP WILL BE STARTED BEHIND THE SAFETY CAR,,,,,,1.0,2021,12,Belgian Grand Prix
2021-08-29 12:57:09,Drs,DRS DISABLED,DISABLED,,,,,1.0,2021,12,Belgian Grand Prix
2021-08-29 12:58:33,Other,DELAYED START,,,,,,1.0,2021,12,Belgian Grand Prix
2021-08-29 12:59:53,Other,FORMATION LAP WILL START AT 15:10,,,,,,1.0,2021,12,Belgian Grand Prix
2021-08-29 13:04:42,Other,DELAYED START,,,,,,1.0,2021,12,Belgian Grand Prix
2021-08-29 13:05:03,Other,FORMATION LAP WILL START AT 15:15,,,,,,1.0,2021,12,Belgian Grand Prix
2021-08-29 13:07:40,Other,DELAYED START,,,,,,1.0,2021,12,Belgian Grand Prix
2021-08-29 13:07:59,Other,FORMATION LAP WILL START AT 15:20,,,,,,1.0,2021,12,Belgian Grand Prix
2021-08-29 13:14:35,Other,DELAYED START,,,,,,1.0,2021,12,Belgian Grand Prix
2021-08-29 13:14:52,Other,FORMATION LAP WILL START AT 15:25,,,,,,1.0,2021,12,Belgian Grand Prix
2021-08-29 13:30:31,Other,START PROCEDURE SUSPENDED,,,,,,1.0,2021,12,Belgian Grand Prix
2021-08-29 13:30:42,Flag,RED FLAG,,RED,Track,,,1.0,2021,12,Belgian Grand Prix
2021-08-29 15:28:57,Other,A WEATHER UPDATE WILL BE PROVIDED AT 17:45,,,,,,1.0,2021,12,Belgian Grand Prix
2021-08-29 15:45:05,Other,NEXT WEATHER UPDATE WILL BE PROVIDED AT 17:55,,,,,,1.0,2021,12,Belgian Grand Prix
2021-08-29 15:55:02,Other,NEXT WEATHER UPDATE WILL BE PROVIDED AT 18:00,,,,,,1.0,2021,12,Belgian Grand Prix
2021-08-29 16:00:02,Other,NEXT WEATHER UPDATE WILL BE PROVIDED AT 18:05,,,,,,1.0,2021,12,Belgian Grand Prix
2021-08-29 16:06:45,Other,RACE WILL RESUME AT 18:17,,,,,,1.0,2021,12,Belgian Grand Prix
2021-08-29 16:07:14,Other,EXTREME TIRES MUST BE FITTED,,,,,,1.0,2021,12,Belgian Grand Prix
2021-08-29 16:11:21,Flag,TRACK CLEAR,,CLEAR,Track,,,1.0,2021,12,Belgian Grand Prix
2021-08-29 16:17:00,Flag,GREEN LIGHT - PIT EXIT OPEN,,GREEN,Track,,,1.0,2021,12,Belgian Grand Prix
2021-08-29 16:25:36,Flag,RED FLAG,,RED,Track,,,3.0,2021,12,Belgian Grand Prix
2021-08-29 16:44:04,Other,RACE WILL NOT RESUME,,,,,,4.0,2021,12,Belgian Grand Prix
2021-08-29 16:45:14,Other,ALL CARS TO PARC FERME,,,,,,4.0,2021,12,Belgian Grand Prix
2021-08-29 16:45:43,Other,ALL DRIVERS TO FIA GARAGE TO BE WEIGHED,,,,,,4.0,2021,12,Belgian Grand Prix
2021-08-29 16:54:55,Flag,TRACK CLEAR,,CLEAR,Track,,,4.0,2021,12,Belgian Grand Prix
2021-09-05 11:00:03,Other,AIR TEMPERATURE 2 HOURS BEFORE THE RACE = 20 DEGREES,,,,,,1.0,2021,13,Dutch Grand Prix
2021-09-05 12:20:01,Flag,GREEN LIGHT - PIT EXIT OPEN,,GREEN,Track,,,1.0,2021,13,Dutch Grand Prix
2021-09-05 12:30:01,Other,PIT EXIT CLOSED,,,,,,1.0,2021,13,Dutch Grand Prix
2021-09-05 12:45:02,Other,RISK OF RAIN FOR F1 RACE IS 0%,,,,,,1.0,2021,13,Dutch Grand Prix
2021-09-05 12:58:13,Drs,DRS DISABLED,DISABLED,,,,,1.0,2021,13,Dutch Grand Prix
2021-09-05 13:03:08,Flag,GREEN LIGHT - PIT EXIT OPEN,,GREEN,Track,,,1.0,2021,13,Dutch Grand Prix
2021-09-05 13:05:58,Drs,DRS ENABLED,ENABLED,,,,,3.0,2021,13,Dutch Grand Prix
2021-09-05 13:12:10,Flag,WAVED BLUE FLAG FOR CAR 47 (MSC) TIMED AT 15:12:10,,BLUE,Driver,,47,8.0,2021,13,Dutch Grand Prix
2021-09-05 13:12:40,Flag,WAVED BLUE FLAG FOR CAR 47 (MSC) TIMED AT 15:12:40,,BLUE,Driver,,47,8.0,2021,13,Dutch Grand Prix
2021-09-05 13:13:59,Flag,WAVED BLUE FLAG FOR CAR 47 (MSC) TIMED AT 15:13:59,,BLUE,Driver,,47,9.0,2021,13,Dutch Grand Prix
2021-09-05 13:20:44,Flag,WAVED BLUE FLAG FOR CAR 47 (MSC) TIMED AT 15:20:44,,BLUE,Driver,,47,15.0,2021,13,Dutch Grand Prix
2021-09-05 13:21:27,Flag,WAVED BLUE FLAG FOR CAR 47 (MSC) TIMED AT 15:21:26,,BLUE,Driver,,47,15.0,2021,13,Dutch Grand Prix
2021-09-05 13:23:58,Flag,WAVED BLUE FLAG FOR CAR 47 (MSC) TIMED AT 15:23:58,,BLUE,Driver,,47,17.0,2021,13,Dutch Grand Prix
2021-09-05 13:26:51,Flag,WAVED BLUE FLAG FOR CAR 5 (VET) TIMED AT 15:26:50,,BLUE,Driver,,5,19.0,2021,13,Dutch Grand Prix
2021-09-05 13:27:24,Flag,WAVED BLUE FLAG FOR CAR 9 (MAZ) TIMED AT 15:27:24,,BLUE,Driver,,9,20.0,2021,13,Dutch Grand Prix
2021-09-05 13:30:04,Flag,WAVED BLUE FLAG FOR CAR 47 (MSC) TIMED AT 15:30:04,,BLUE,Driver,,47,22.0,2021,13,Dutch Grand Prix
2021-09-05 13:32:54,Flag,WAVED BLUE FLAG FOR CAR 5 (VET) TIMED AT 15:32:53,,BLUE,Driver,,5,24.0,2021,13,Dutch Grand Prix
2021-09-05 13:33:07,Flag,WAVED BLUE FLAG FOR CAR 47 (MSC) TIMED AT 15:33:07,,BLUE,Driver,,47,24.0,2021,13,Dutch Grand Prix
2021-09-05 13:33:32,Flag,WAVED BLUE FLAG FOR CAR 9 (MAZ) TIMED AT 15:33:32,,BLUE,Driver,,9,25.0,2021,13,Dutch Grand Prix
2021-09-05 13:34:21,Flag,WAVED BLUE FLAG FOR CAR 47 (MSC) TIMED AT 15:34:20,,BLUE,Driver,,47,25.0,2021,13,Dutch Grand Prix
2021-09-05 13:34:41,Flag,WAVED BLUE FLAG FOR CAR 9 (MAZ) TIMED AT 15:34:40,,BLUE,Driver,,9,25.0,2021,13,Dutch Grand Prix
2021-09-05 13:35:02,Flag,WAVED BLUE FLAG FOR CAR 9 (MAZ) TIMED AT 15:35:01,,BLUE,Driver,,9,26.0,2021,13,Dutch Grand Prix
2021-09-05 13:35:17,Flag,WAVED BLUE FLAG FOR CAR 47 (MSC) TIMED AT 15:35:17,,BLUE,Driver,,47,26.0,2021,13,Dutch Grand Prix
2021-09-05 13:35:26,Flag,WAVED BLUE FLAG FOR CAR 5 (VET) TIMED AT 15:35:25,,BLUE,Driver,,5,26.0,2021,13,Dutch Grand Prix
2021-09-05 13:35:33,Flag,WAVED BLUE FLAG FOR CAR 47 (MSC) TIMED AT 15:35:32,,BLUE,Driver,,47,26.0,2021,13,Dutch Grand Prix
2021-09-05 13:35:51,Flag,WAVED BLUE FLAG FOR CAR 47 (MSC) TIMED AT 15:35:50,,BLUE,Driver,,47,26.0,2021,13,Dutch Grand Prix
2021-09-05 13:35:54,Flag,WAVED BLUE FLAG FOR CAR 5 (VET) TIMED AT 15:35:53,,BLUE,Driver,,5,26.0,2021,13,Dutch Grand Prix
2021-09-05 13:36:43,Flag,WAVED BLUE FLAG FOR CAR 47 (MSC) TIMED AT 15:36:42,,BLUE,Driver,,47,27.0,2021,13,Dutch Grand Prix
2021-09-05 13:38:44,Flag,WAVED BLUE FLAG FOR CAR 63 (RUS) TIMED AT 15:38:43,,BLUE,Driver,,63,29.0,2021,13,Dutch Grand Prix
2021-09-05 13:39:05,Flag,WAVED BLUE FLAG FOR CAR 99 (GIO) TIMED AT 15:39:05,,BLUE,Driver,,99,29.0,2021,13,Dutch Grand Prix
2021-09-05 13:41:41,Flag,WAVED BLUE FLAG FOR CAR 88 (KUB) TIMED AT 15:41:41,,BLUE,Driver,,88,31.0,2021,13,Dutch Grand Prix
2021-09-05 13:42:20,Flag,WAVED BLUE FLAG FOR CAR 47 (MSC) TIMED AT 15:42:20,,BLUE,Driver,,47,32.0,2021,13,Dutch Grand Prix
2021-09-05 13:43:01,Flag,WAVED BLUE FLAG FOR CAR 47 (MSC) TIMED AT 15:43:00,,BLUE,Driver,,47,32.0,2021,13,Dutch Grand Prix
2021-09-05 13:43:16,Flag,WAVED BLUE FLAG FOR CAR 47 (MSC) TIMED AT 15:43:15,,BLUE,Driver,,47,32.0,2021,13,Dutch Grand Prix
2021-09-05 13:44:34,Flag,WAVED BLUE FLAG FOR CAR 9 (MAZ) TIMED AT 15:44:33,,BLUE,Driver,,9,33.0,2021,13,Dutch Grand Prix
2021-09-05 13:45:04,Other,5 SECOND TIME PENALTY FOR CAR 63 (RUS) - SPEEDING IN THE PIT LANE,,,,,,34.0,2021,13,Dutch Grand Prix
2021-09-05 13:46:34,Flag,WAVED BLUE FLAG FOR CAR 31 (OCO) TIMED AT 15:46:33,,BLUE,Driver,,31,35.0,2021,13,Dutch Grand Prix
2021-09-05 13:46:38,Flag,WAVED BLUE FLAG FOR CAR 6 (LAT) TIMED AT 15:46:37,,BLUE,Driver,,6,35.0,2021,13,Dutch Grand Prix
2021-09-05 13:47:00,Flag,WAVED BLUE FLAG FOR CAR 31 (OCO) TIMED AT 15:47:00,,BLUE,Driver,,31,35.0,2021,13,Dutch Grand Prix
2021-09-05 13:47:30,Flag,WAVED BLUE FLAG FOR CAR 14 (ALO) TIMED AT 15:47:30,,BLUE,Driver,,14,36.0,2021,13,Dutch Grand Prix
2021-09-05 13:47:52,Flag,WAVED BLUE FLAG FOR CAR 22 (TSU) TIMED AT 15:47:51,,BLUE,Driver,,22,36.0,2021,13,Dutch Grand Prix
2021-09-05 13:48:04,Flag,WAVED BLUE FLAG FOR CAR 14 (ALO) TIMED AT 15:48:03,,BLUE,Driver,,14,36.0,2021,13,Dutch Grand Prix
2021-09-05 13:49:13,Flag,DOUBLE YELLOW IN TRACK SECTOR 5,,DOUBLE YELLOW,Sector,5.0,,37.0,2021,13,Dutch Grand Prix
2021-09-05 13:49:21,Flag,CLEAR IN TRACK SECTOR 5,,CLEAR,Sector,5.0,,37.0,2021,13,Dutch Grand Prix
2021-09-05 13:49:30,CarEvent,CAR 5 (VET) SPUN AND CONTINUED AT TURN 3,,,,,5,37.0,2021,13,Dutch Grand Prix
2021-09-05 13:49:50,Flag,WAVED BLUE FLAG FOR CAR 88 (KUB) TIMED AT 15:49:50,,BLUE,Driver,,88,38.0,2021,13,Dutch Grand Prix
2021-09-05 13:50:21,Flag,WAVED BLUE FLAG FOR CAR 11 (PER) TIMED AT 15:50:20,,BLUE,Driver,,11,38.0,2021,13,Dutch Grand Prix
2021-09-05 13:50:41,Flag,WAVED BLUE FLAG FOR CAR 11 (PER) TIMED AT 15:50:40,,BLUE,Driver,,11,38.0,2021,13,Dutch Grand Prix
2021-09-05 13:50:52,Flag,WAVED BLUE FLAG FOR CAR 9 (MAZ) TIMED AT 15:50:51,,BLUE,Driver,,9,38.0,2021,13,Dutch Grand Prix
2021-09-05 13:51:16,Flag,WAVED BLUE FLAG FOR CAR 4 (NOR) TIMED AT 15:51:15,,BLUE,Driver,,4,39.0,2021,13,Dutch Grand Prix
2021-09-05 13:51:48,Flag,WAVED BLUE FLAG FOR CAR 4 (NOR) TIMED AT 15:51:47,,BLUE,Driver,,4,39.0,2021,13,Dutch Grand Prix
2021-09-05 13:52:48,Flag,WAVED BLUE FLAG FOR CAR 63 (RUS) TIMED AT 15:52:47,,BLUE,Driver,,63,40.0,2021,13,Dutch Grand Prix
2021-09-05 13:53:23,Flag,WAVED BLUE FLAG FOR CAR 3 (RIC) TIMED AT 15:53:23,,BLUE,Driver,,3,40.0,2021,13,Dutch Grand Prix
2021-09-05 13:53:29,Flag,WAVED BLUE FLAG FOR CAR 18 (STR) TIMED AT 15:53:28,,BLUE,Driver,,18,40.0,2021,13,Dutch Grand Prix
2021-09-05 13:54:02,Flag,WAVED BLUE FLAG FOR CAR 63 (RUS) TIMED AT 15:54:01,,BLUE,Driver,,63,41.0,2021,13,Dutch Grand Prix
2021-09-05 13:54:57,Flag,WAVED BLUE FLAG FOR CAR 3 (RIC) TIMED AT 15:54:56,,BLUE,Driver,,3,41.0,2021,13,Dutch Grand Prix
2021-09-05 13:57:56,Flag,WAVED BLUE FLAG FOR CAR 31 (OCO) TIMED AT 15:57:56,,BLUE,Driver,,31,44.0,2021,13,Dutch Grand Prix
2021-09-05 13:58:30,Flag,WAVED BLUE FLAG FOR CAR 14 (ALO) TIMED AT 15:58:29,,BLUE,Driver,,14,44.0,2021,13,Dutch Grand Prix
2021-09-05 13:59:02,Flag,WAVED BLUE FLAG FOR CAR 31 (OCO) TIMED AT 15:59:01,,BLUE,Driver,,31,45.0,2021,13,Dutch Grand Prix
2021-09-05 13:59:42,Flag,WAVED BLUE FLAG FOR CAR 14 (ALO) TIMED AT 15:59:42,,BLUE,Driver,,14,45.0,2021,13,Dutch Grand Prix
2021-09-05 14:00:03,Flag,WAVED BLUE FLAG FOR CAR 11 (PER) TIMED AT 16:00:03,,BLUE,Driver,,11,46.0,2021,13,Dutch Grand Prix
2021-09-05 14:00:26,Flag,WAVED BLUE FLAG FOR CAR 47 (MSC) TIMED AT 16:00:26,,BLUE,Driver,,47,46.0,2021,13,Dutch Grand Prix
2021-09-05 14:01:05,Flag,WAVED BLUE FLAG FOR CAR 11 (PER) TIMED AT 16:01:05,,BLUE,Driver,,11,46.0,2021,13,Dutch Grand Prix
2021-09-05 14:02:23,Flag,WAVED BLUE FLAG FOR CAR 99 (GIO) TIMED AT 16:02:22,,BLUE,Driver,,99,47.0,2021,13,Dutch Grand Prix
2021-09-05 14:05:20,Flag,WAVED BLUE FLAG FOR CAR 31 (OCO) TIMED AT 16:05:19,,BLUE,Driver,,31,50.0,2021,13,Dutch Grand Prix
2021-09-05 14:05:35,Flag,WAVED BLUE FLAG FOR CAR 47 (MSC) TIMED AT 16:05:34,,BLUE,Driver,,47,50.0,2021,13,Dutch Grand Prix
2021-09-05 14:05:41,Flag,WAVED BLUE FLAG FOR CAR 99 (GIO) TIMED AT 16:05:41,,BLUE,Driver,,99,50.0,2021,13,Dutch Grand Prix
2021-09-05 14:07:05,Flag,WAVED BLUE FLAG FOR CAR 14 (ALO) TIMED AT 16:07:04,,BLUE,Driver,,14,51.0,2021,13,Dutch Grand Prix
2021-09-05 14:07:33,Flag,WAVED BLUE FLAG FOR CAR 6 (LAT) TIMED AT 16:07:32,,BLUE,Driver,,6,52.0,2021,13,Dutch Grand Prix
2021-09-05 14:08:04,Flag,WAVED BLUE FLAG FOR CAR 55 (SAI) TIMED AT 16:08:04,,BLUE,Driver,,55,52.0,2021,13,Dutch Grand Prix
2021-09-05 14:08:30,Flag,WAVED BLUE FLAG FOR CAR 55 (SAI) TIMED AT 16:08:30,,BLUE,Driver,,55,52.0,2021,13,Dutch Grand Prix
2021-09-05 14:09:54,Flag,WAVED BLUE FLAG FOR CAR 99 (GIO) TIMED AT 16:09:53,,BLUE,Driver,,99,54.0,2021,13,Dutch Grand Prix
2021-09-05 14:10:26,Flag,WAVED BLUE FLAG FOR CAR 5 (VET) TIMED AT 16:10:25,,BLUE,Driver,,5,54.0,2021,13,Dutch Grand Prix
2021-09-05 14:10:43,Flag,WAVED BLUE FLAG FOR CAR 6 (LAT) TIMED AT 16:10:43,,BLUE,Driver,,6,54.0,2021,13,Dutch Grand Prix
2021-09-05 14:11:08,Flag,WAVED BLUE FLAG FOR CAR 88 (KUB) TIMED AT 16:11:07,,BLUE,Driver,,88,55.0,2021,13,Dutch Grand Prix
2021-09-05 14:11:14,Flag,WAVED BLUE FLAG FOR CAR 5 (VET) TIMED AT 16:11:14,,BLUE,Driver,,5,55.0,2021,13,Dutch Grand Prix
2021-09-05 14:11:52,Flag,WAVED BLUE FLAG FOR CAR 88 (KUB) TIMED AT 16:11:51,,BLUE,Driver,,88,55.0,2021,13,Dutch Grand Prix
2021-09-05 14:14:08,Flag,WAVED BLUE FLAG FOR CAR 47 (MSC) TIMED AT 16:14:08,,BLUE,Driver,,47,57.0,2021,13,Dutch Grand Prix
2021-09-05 14:14:28,Flag,WAVED BLUE FLAG FOR CAR 47 (MSC) TIMED AT 16:14:27,,BLUE,Driver,,47,57.0,2021,13,Dutch Grand Prix
2021-09-05 14:15:26,Flag,WAVED BLUE FLAG FOR CAR 99 (GIO) TIMED AT 16:15:25,,BLUE,Driver,,99,58.0,2021,13,Dutch Grand Prix
2021-09-05 14:15:46,Flag,WAVED BLUE FLAG FOR CAR 99 (GIO) TIMED AT 16:15:45,,BLUE,Driver,,99,58.0,2021,13,Dutch Grand Prix
2021-09-05 14:15:48,Flag,WAVED BLUE FLAG FOR CAR 6 (LAT) TIMED AT 16:15:47,,BLUE,Driver,,6,58.0,2021,13,Dutch Grand Prix
2021-09-05 14:16:15,Flag,WAVED BLUE FLAG FOR CAR 6 (LAT) TIMED AT 16:16:15,,BLUE,Driver,,6,59.0,2021,13,Dutch Grand Prix
2021-09-05 14:16:48,Flag,WAVED BLUE FLAG FOR CAR 47 (MSC) TIMED AT 16:16:48,,BLUE,Driver,,47,59.0,2021,13,Dutch Grand Prix
2021-09-05 14:20:54,Flag,WAVED BLUE FLAG FOR CAR 47 (MSC) TIMED AT 16:20:53,,BLUE,Driver,,47,63.0,2021,13,Dutch Grand Prix
2021-09-05 14:21:06,Flag,WAVED BLUE FLAG FOR CAR 55 (SAI) TIMED AT 16:21:05,,BLUE,Driver,,55,63.0,2021,13,Dutch Grand Prix
2021-09-05 14:21:26,Flag,WAVED BLUE FLAG FOR CAR 47 (MSC) TIMED AT 16:21:25,,BLUE,Driver,,47,63.0,2021,13,Dutch Grand Prix
2021-09-05 14:21:40,Flag,WAVED BLUE FLAG FOR CAR 55 (SAI) TIMED AT 16:21:39,,BLUE,Driver,,55,63.0,2021,13,Dutch Grand Prix
2021-09-05 14:21:47,Flag,WAVED BLUE FLAG FOR CAR 47 (MSC) TIMED AT 16:21:46,,BLUE,Driver,,47,63.0,2021,13,Dutch Grand Prix
2021-09-05 14:22:50,Flag,WAVED BLUE FLAG FOR CAR 16 (LEC) TIMED AT 16:22:49,,BLUE,Driver,,16,64.0,2021,13,Dutch Grand Prix
2021-09-05 14:23:10,Flag,WAVED BLUE FLAG FOR CAR 47 (MSC) TIMED AT 16:23:10,,BLUE,Driver,,47,64.0,2021,13,Dutch Grand Prix
2021-09-05 14:23:38,Flag,WAVED BLUE FLAG FOR CAR 47 (MSC) TIMED AT 16:23:37,,BLUE,Driver,,47,65.0,2021,13,Dutch Grand Prix
2021-09-05 14:24:10,Flag,WAVED BLUE FLAG FOR CAR 88 (KUB) TIMED AT 16:24:09,,BLUE,Driver,,88,65.0,2021,13,Dutch Grand Prix
2021-09-05 14:24:18,Flag,WAVED BLUE FLAG FOR CAR 16 (LEC) TIMED AT 16:24:18,,BLUE,Driver,,16,65.0,2021,13,Dutch Grand Prix
2021-09-05 14:25:12,Flag,WAVED BLUE FLAG FOR CAR 6 (LAT) TIMED AT 16:25:12,,BLUE,Driver,,6,66.0,2021,13,Dutch Grand Prix
2021-09-05 14:25:35,Other,TRACK SURFACE SLIPPERY IN TRACK SECTOR 2,,,,,,66.0,2021,13,Dutch Grand Prix
2021-09-05 14:26:19,Other,TRACK SURFACE SLIPPERY IN TRACK SECTOR 3,,,,,,67.0,2021,13,Dutch Grand Prix
2021-09-05 14:26:25,Flag,WAVED BLUE FLAG FOR CAR 10 (GAS) TIMED AT 16:26:24,,BLUE,Driver,,10,67.0,2021,13,Dutch Grand Prix
2021-09-05 14:26:31,Flag,WAVED BLUE FLAG FOR CAR 18 (STR) TIMED AT 16:26:30,,BLUE,Driver,,18,67.0,2021,13,Dutch Grand Prix
2021-09-05 14:26:47,Flag,CLEAR IN TRACK SECTOR 3,,CLEAR,Sector,3.0,,67.0,2021,13,Dutch Grand Prix
2021-09-05 14:26:48,Flag,CLEAR IN TRACK SECTOR 2,,CLEAR,Sector,2.0,,67.0,2021,13,Dutch Grand Prix
2021-09-05 14:26:57,Flag,WAVED BLUE FLAG FOR CAR 88 (KUB) TIMED AT 16:26:56,,BLUE,Driver,,88,67.0,2021,13,Dutch Grand Prix
2021-09-05 14:27:20,Flag,WAVED BLUE FLAG FOR CAR 18 (STR) TIMED AT 16:27:20,,BLUE,Driver,,18,68.0,2021,13,Dutch Grand Prix
2021-09-05 14:27:24,Other,TURN 1 INCIDENT INVOLVING CARS 4 (NOR) AND 11 (PER) NOTED ,,,,,,68.0,2021,13,Dutch Grand Prix
2021-09-05 14:27:44,Flag,WAVED BLUE FLAG FOR CAR 63 (RUS) TIMED AT 16:27:43,,BLUE,Driver,,63,68.0,2021,13,Dutch Grand Prix
2021-09-05 14:27:47,Flag,WAVED BLUE FLAG FOR CAR 10 (GAS) TIMED AT 16:27:47,,BLUE,Driver,,10,68.0,2021,13,Dutch Grand Prix
2021-09-05 14:27:56,Flag,WAVED BLUE FLAG FOR CAR 88 (KUB) TIMED AT 16:27:56,,BLUE,Driver,,88,68.0,2021,13,Dutch Grand Prix
2021-09-05 14:28:07,Flag,WAVED BLUE FLAG FOR CAR 3 (RIC) TIMED AT 16:28:07,,BLUE,Driver,,3,68.0,2021,13,Dutch Grand Prix
2021-09-05 14:28:10,Flag,WAVED BLUE FLAG FOR CAR 6 (LAT) TIMED AT 16:28:09,,BLUE,Driver,,6,68.0,2021,13,Dutch Grand Prix
2021-09-05 14:28:18,Flag,WAVED BLUE FLAG FOR CAR 88 (KUB) TIMED AT 16:28:17,,BLUE,Driver,,88,69.0,2021,13,Dutch Grand Prix
2021-09-05 14:28:33,Flag,WAVED BLUE FLAG FOR CAR 6 (LAT) TIMED AT 16:28:32,,BLUE,Driver,,6,69.0,2021,13,Dutch Grand Prix
2021-09-05 14:28:42,Flag,WAVED BLUE FLAG FOR CAR 6 (LAT) TIMED AT 16:28:42,,BLUE,Driver,,6,69.0,2021,13,Dutch Grand Prix
2021-09-05 14:28:57,Flag,WAVED BLUE FLAG FOR CAR 63 (RUS) TIMED AT 16:28:57,,BLUE,Driver,,63,69.0,2021,13,Dutch Grand Prix
2021-09-05 14:28:59,Flag,WAVED BLUE FLAG FOR CAR 3 (RIC) TIMED AT 16:28:58,,BLUE,Driver,,3,69.0,2021,13,Dutch Grand Prix
2021-09-05 14:29:30,Flag,WAVED BLUE FLAG FOR CAR 63 (RUS) TIMED AT 16:29:30,,BLUE,Driver,,63,69.0,2021,13,Dutch Grand Prix
2021-09-05 14:29:40,Flag,WAVED BLUE FLAG FOR CAR 88 (KUB) TIMED AT 16:29:40,,BLUE,Driver,,88,70.0,2021,13,Dutch Grand Prix
2021-09-05 14:30:08,Flag,WAVED BLUE FLAG FOR CAR 6 (LAT) TIMED AT 16:30:07,,BLUE,Driver,,6,70.0,2021,13,Dutch Grand Prix
2021-09-05 14:30:42,Flag,WAVED BLUE FLAG FOR CAR 18 (STR) TIMED AT 16:30:42,,BLUE,Driver,,18,70.0,2021,13,Dutch Grand Prix
2021-09-05 14:31:07,Flag,WAVED BLUE FLAG FOR CAR 47 (MSC) TIMED AT 16:31:06,,BLUE,Driver,,47,71.0,2021,13,Dutch Grand Prix
2021-09-05 14:31:54,Flag,WAVED BLUE FLAG FOR CAR 88 (KUB) TIMED AT 16:31:54,,BLUE,Driver,,88,71.0,2021,13,Dutch Grand Prix
2021-09-05 14:32:24,Flag,WAVED BLUE FLAG FOR CAR 6 (LAT) TIMED AT 16:32:24,,BLUE,Driver,,6,72.0,2021,13,Dutch Grand Prix
2021-09-05 14:32:54,Flag,WAVED BLUE FLAG FOR CAR 63 (RUS) TIMED AT 16:32:53,,BLUE,Driver,,63,72.0,2021,13,Dutch Grand Prix
2021-09-05 14:33:37,Flag,WAVED BLUE FLAG FOR CAR 18 (STR) TIMED AT 16:33:36,,BLUE,Driver,,18,72.0,2021,13,Dutch Grand Prix
2021-09-05 14:33:47,Flag,WAVED BLUE FLAG FOR CAR 18 (STR) TIMED AT 16:33:46,,BLUE,Driver,,18,72.0,2021,13,Dutch Grand Prix
2021-09-05 14:34:15,Flag,WAVED BLUE FLAG FOR CAR 99 (GIO) TIMED AT 16:34:15,,BLUE,Driver,,99,72.0,2021,13,Dutch Grand Prix
2021-09-05 14:34:29,Flag,WAVED BLUE FLAG FOR CAR 47 (MSC) TIMED AT 16:34:29,,BLUE,Driver,,47,72.0,2021,13,Dutch Grand Prix
2021-09-05 14:34:36,Flag,WAVED BLUE FLAG FOR CAR 6 (LAT) TIMED AT 16:34:36,,BLUE,Driver,,6,72.0,2021,13,Dutch Grand Prix
2021-09-05 14:34:37,Flag,WAVED BLUE FLAG FOR CAR 18 (STR) TIMED AT 16:34:37,,BLUE,Driver,,18,72.0,2021,13,Dutch Grand Prix
2021-09-05 14:35:50,Flag,WAVED BLUE FLAG FOR CAR 88 (KUB) TIMED AT 16:35:49,,BLUE,Driver,,88,72.0,2021,13,Dutch Grand Prix
2021-09-05 14:36:15,Flag,WAVED BLUE FLAG FOR CAR 88 (KUB) TIMED AT 16:36:14,,BLUE,Driver,,88,72.0,2021,13,Dutch Grand Prix
2021-09-12 12:03:17,Other,DRS DISABLED IN ZONE 1,,,,,,1.0,2021,14,Italian Grand Prix
2021-09-12 12:03:17,Other,DRS DISABLED IN ZONE 2,,,,,,1.0,2021,14,Italian Grand Prix
2021-09-12 12:08:49,Flag,CLEAR IN TRACK SECTOR 2,,CLEAR,Sector,2.0,,1.0,2021,14,Italian Grand Prix
2021-09-12 12:08:52,Flag,CLEAR IN TRACK SECTOR 4,,CLEAR,Sector,4.0,,1.0,2021,14,Italian Grand Prix
2021-09-12 12:08:53,Flag,CLEAR IN TRACK SECTOR 3,,CLEAR,Sector,3.0,,1.0,2021,14,Italian Grand Prix
2021-09-12 12:08:54,Other,DRS ENABLED IN ZONE 2,,,,,,1.0,2021,14,Italian Grand Prix
2021-09-12 12:08:56,Flag,CLEAR IN TRACK SECTOR 5,,CLEAR,Sector,5.0,,1.0,2021,14,Italian Grand Prix
2021-09-12 12:08:59,Flag,CLEAR IN TRACK SECTOR 13,,CLEAR,Sector,13.0,,1.0,2021,14,Italian Grand Prix
2021-09-12 12:08:59,Other,DRS ENABLED IN ZONE 1,,,,,,1.0,2021,14,Italian Grand Prix
2021-09-12 12:16:37,Drs,DRS DISABLED,DISABLED,,,,,1.0,2021,14,Italian Grand Prix
2021-09-12 12:20:01,Flag,GREEN LIGHT - PIT EXIT OPEN,,GREEN,Track,,,1.0,2021,14,Italian Grand Prix
2021-09-12 12:30:01,Other,PIT EXIT CLOSED,,,,,,1.0,2021,14,Italian Grand Prix
2021-09-12 12:45:11,Other,RISK OF RAIN FOR F1 RACE IS 0%,,,,,,1.0,2021,14,Italian Grand Prix
2021-09-12 12:57:50,Drs,DRS DISABLED,DISABLED,,,,,1.0,2021,14,Italian Grand Prix
2021-09-12 13:03:16,Flag,GREEN LIGHT - PIT EXIT OPEN,,GREEN,Track,,,1.0,2021,14,Italian Grand Prix
2021-09-12 13:04:03,Flag,YELLOW IN TRACK SECTOR 8,,YELLOW,Sector,8.0,,1.0,2021,14,Italian Grand Prix
2021-09-12 13:04:12,Flag,CLEAR IN TRACK SECTOR 8,,CLEAR,Sector,8.0,,1.0,2021,14,Italian Grand Prix
2021-09-12 13:04:23,SafetyCar,VIRTUAL SAFETY CAR DEPLOYED,DEPLOYED,,,,,1.0,2021,14,Italian Grand Prix
2021-09-12 13:05:02,SafetyCar,VIRTUAL SAFETY CAR ENDING,ENDING,,,,,2.0,2021,14,Italian Grand Prix
2021-09-12 13:05:12,Flag,TRACK CLEAR,,CLEAR,Track,,,2.0,2021,14,Italian Grand Prix
2021-09-12 13:07:00,Drs,DRS ENABLED,ENABLED,,,,,3.0,2021,14,Italian Grand Prix
2021-09-12 13:08:13,Other,TURN 5 INCIDENT INVOLVING CARS 14 (ALO) 31 AND 6 (LAT) NOTED,,,,,,4.0,2021,14,Italian Grand Prix
2021-09-12 13:09:32,Other,CAR 9 (MAZ) TIME 1:29.945 DELETED - TRACK LIMITS AT TURN 5,,,,,,5.0,2021,14,Italian Grand Prix
2021-09-12 13:09:57,Other,TURN 4 INCIDENT INVOLVING CARS 44 (HAM) AND 33 (VER) - NO INVESTIGATION NECESSARY,,,,,,5.0,2021,14,Italian Grand Prix
2021-09-12 13:10:38,Other,TURN 5 INCIDENT INVOLVING CARS 99 (GIO) AND 55 (SAI) UNDER INVESTIGATION,,,,,,5.0,2021,14,Italian Grand Prix
2021-09-12 13:11:18,Other,CAR 3 (RIC) TIME 1:26.410 DELETED - TRACK LIMITS AT TURN 11,,,,,,6.0,2021,14,Italian Grand Prix
2021-09-12 13:12:19,Other,CAR 3 (RIC) TIME 1:26.419 DELETED - TRACK LIMITS AT TURN 11,,,,,,7.0,2021,14,Italian Grand Prix
2021-09-12 13:13:30,Other,5 SECOND TIME PENALTY FOR CAR 99 (GIO) - UNSAFE REJOIN,,,,,,7.0,2021,14,Italian Grand Prix
2021-09-12 13:14:35,Other,TURN 5 INCIDENT INVOLVING CARS 14 (ALO) 31 AND 6 (LAT) NO INVESTIGATION NECESSARY,,,,,,8.0,2021,14,Italian Grand Prix
2021-09-12 13:20:03,Other,CAR 4 (NOR) TIME 1:26.663 DELETED - TRACK LIMITS AT TURN 11,,,,,,12.0,2021,14,Italian Grand Prix
2021-09-12 13:20:59,Other,CAR 4 (NOR) TIME 1:27.304 DELETED - TRACK LIMITS AT TURN 11,,,,,,13.0,2021,14,Italian Grand Prix
2021-09-12 13:25:32,Other,TURN 4 INCIDENT INVOLVING CARS 5 (VET) AND 31 (OCO) NOTED,,,,,,16.0,2021,14,Italian Grand Prix
2021-09-12 13:25:48,Other,TURN 4 INCIDENT INVOLVING CARS 5 (VET) AND 31 (OCO) UNDER INVESTIGATION,,,,,,16.0,2021,14,Italian Grand Prix
2021-09-12 13:32:00,Other,5 SECOND TIME PENALTY FOR CAR 31 (OCO) - CAUSING A COLLISION AT TURN 4,,,,,,20.0,2021,14,Italian Grand Prix
2021-09-12 13:32:56,CarEvent,CAR 63 (RUS) MISSED THE APEX OF TURN 2,,,,,63,21.0,2021,14,Italian Grand Prix
2021-09-12 13:33:14,CarEvent,CAR 33 (VER) MISSED THE APEX OF TURN 2,,,,,33,21.0,2021,14,Italian Grand Prix
2021-09-12 13:34:11,Other,TURN 2 INCIDENT INVOLVING CAR 33 (VER) - NOTED,,,,,,22.0,2021,14,Italian Grand Prix
2021-09-12 13:35:26,Other,TURN 2 INCIDENT INVOLVING CAR 33 (VER) - NO INVESTIGATION NECESSARY,,,,,,23.0,2021,14,Italian Grand Prix
2021-09-12 13:40:28,Flag,YELLOW IN TRACK SECTOR 3,,YELLOW,Sector,3.0,,26.0,2021,14,Italian Grand Prix
2021-09-12 13:40:29,Other,DRS DISABLED IN ZONE 2,,,,,,26.0,2021,14,Italian Grand Prix
2021-09-12 13:40:29,Flag,DOUBLE YELLOW IN TRACK SECTOR 3,,DOUBLE YELLOW,Sector,3.0,,26.0,2021,14,Italian Grand Prix
2021-09-12 13:40:42,SafetyCar,SAFETY CAR DEPLOYED,DEPLOYED,,,,,26.0,2021,14,Italian Grand Prix
2021-09-12 13:45:03,Other,TURN 2 INCIDENT INVOLVING CARS 44 (HAM) AND 33 (VER) - WILL BE INVESTIGATED AFTER THE RACE,,,,,,28.0,2021,14,Italian Grand Prix
2021-09-12 13:50:56,SafetyCar,SAFETY CAR IN THIS LAP,IN THIS LAP,,,,,30.0,2021,14,Italian Grand Prix
2021-09-12 13:51:54,Flag,TRACK CLEAR,,CLEAR,Track,,,30.0,2021,14,Italian Grand Prix
2021-09-12 13:51:54,Flag,CLEAR IN TRACK SECTOR 3,,CLEAR,Sector,3.0,,30.0,2021,14,Italian Grand Prix
2021-09-12 13:52:30,Other,CAR 4 (NOR) TIME 2:30.238 DELETED - TRACK LIMITS AT TURN 11,,,,,,31.0,2021,14,Italian Grand Prix
2021-09-12 13:54:09,Flag,YELLOW IN TRACK SECTOR 7,,YELLOW,Sector,7.0,,32.0,2021,14,Italian Grand Prix
2021-09-12 13:54:11,Flag,DOUBLE YELLOW IN TRACK SECTOR 7,,DOUBLE YELLOW,Sector,7.0,,32.0,2021,14,Italian Grand Prix
2021-09-12 13:54:19,Other,CAR 4 (NOR) TIME 1:26.782 DELETED - TRACK LIMITS AT TURN 11,,,,,,32.0,2021,14,Italian Grand Prix
2021-09-12 13:54:19,Flag,CLEAR IN TRACK SECTOR 7,,CLEAR,Sector,7.0,,32.0,2021,14,Italian Grand Prix
2021-09-12 13:54:30,CarEvent,CAR 47 (MSC) SPUN AND CONTINUED AT TURN 4,,,,,47,32.0,2021,14,Italian Grand Prix
2021-09-12 13:55:05,Drs,DRS ENABLED,ENABLED,,,,,33.0,2021,14,Italian Grand Prix
2021-09-12 13:55:27,Other,TURN 5 INCIDENT INVOLVING CAR 16 (LEC) NOTED,,,,,,33.0,2021,14,Italian Grand Prix
2021-09-12 13:55:34,CarEvent,CAR 16 (LEC) MISSED THE APEX OF TURN 2,,,,,16,33.0,2021,14,Italian Grand Prix
2021-09-12 13:56:13,Other,TURN 4 INCIDENT INVOLVING CARS 47 (MSC) AND 9 (MAZ) NOTED,,,,,,33.0,2021,14,Italian Grand Prix
2021-09-12 13:56:57,Other,TURN 1 INCIDENT INVOLVING CARS 5 (VET) 99 AND 47 (MSC) NOTED,,,,,,34.0,2021,14,Italian Grand Prix
2021-09-12 13:57:34,Other,CAR 11 (PER) TIME 1:26.594 DELETED - TRACK LIMITS AT TURN 5,,,,,,34.0,2021,14,Italian Grand Prix
2021-09-12 13:57:55,Other,CAR 47 (MSC) TIME 1:38.648 DELETED - TRACK LIMITS AT TURN 5,,,,,,35.0,2021,14,Italian Grand Prix
2021-09-12 14:01:36,Other,5 SECOND TIME PENALTY FOR CAR 11 (PER) - LEAVING THE TRACK AND GAINING AN ADVANTAGE AT TURN 5,,,,,,37.0,2021,14,Italian Grand Prix
2021-09-12 14:04:47,Other,5 SECOND TIME PENALTY FOR CAR 9 (MAZ) - CAUSING A COLLISION AT TURN 4,,,,,,39.0,2021,14,Italian Grand Prix
2021-09-12 14:05:10,CarEvent,CAR 9 (MAZ) MISSED THE APEX OF TURN 2,,,,,9,40.0,2021,14,Italian Grand Prix
2021-09-12 14:07:07,Flag,DOUBLE YELLOW IN TRACK SECTOR 3,,DOUBLE YELLOW,Sector,3.0,,41.0,2021,14,Italian Grand Prix
2021-09-12 14:07:09,Other,DRS DISABLED IN ZONE 2,,,,,,41.0,2021,14,Italian Grand Prix
2021-09-12 14:07:22,Flag,DOUBLE YELLOW IN TRACK SECTOR 2,,DOUBLE YELLOW,Sector,2.0,,41.0,2021,14,Italian Grand Prix
2021-09-12 14:07:34,Flag,CLEAR IN TRACK SECTOR 2,,CLEAR,Sector,2.0,,41.0,2021,14,Italian Grand Prix
2021-09-12 14:07:34,Flag,CLEAR IN TRACK SECTOR 3,,CLEAR,Sector,3.0,,41.0,2021,14,Italian Grand Prix
2021-09-12 14:07:34,Other,DRS ENABLED IN ZONE 2,,,,,,41.0,2021,14,Italian Grand Prix
2021-09-12 14:10:02,CarEvent,CAR 18 (STR) MISSED THE APEX OF TURN 2,,,,,18,43.0,2021,14,Italian Grand Prix
2021-09-12 14:10:27,Flag,YELLOW IN TRACK SECTOR 13,,YELLOW,Sector,13.0,,43.0,2021,14,Italian Grand Prix
2021-09-12 14:10:28,Other,DRS DISABLED IN ZONE 1,,,,,,43.0,2021,14,Italian Grand Prix
2021-09-12 14:10:58,CarEvent,CAR 9 (MAZ) STOPPED AT TURN 10,,,,,9,44.0,2021,14,Italian Grand Prix
2021-09-12 14:11:06,SafetyCar,VIRTUAL SAFETY CAR DEPLOYED,DEPLOYED,,,,,44.0,2021,14,Italian Grand Prix
2021-09-12 14:12:01,SafetyCar,VIRTUAL SAFETY CAR ENDING,ENDING,,,,,44.0,2021,14,Italian Grand Prix
2021-09-12 14:12:12,Flag,TRACK CLEAR,,CLEAR,Track,,,44.0,2021,14,Italian Grand Prix
2021-09-12 14:12:13,Flag,CLEAR IN TRACK SECTOR 13,,CLEAR,Sector,13.0,,44.0,2021,14,Italian Grand Prix
2021-09-12 14:12:38,Drs,DRS ENABLED,ENABLED,,,,,45.0,2021,14,Italian Grand Prix
2021-09-12 14:12:56,Other,CAR 14 (ALO) TIME 1:45.578 DELETED - TRACK LIMITS AT TURN 11,,,,,,45.0,2021,14,Italian Grand Prix
2021-09-12 14:13:04,Other,TURN 1 INCIDENT INVOLVING CARS 5 (VET) 99 AND 47 (MSC) - NO FURTHER ACTION,,,,,,45.0,2021,14,Italian Grand Prix
2021-09-12 14:14:11,Other,CAR 14 (ALO) TIME 1:26.574 DELETED - TRACK LIMITS AT TURN 11,,,,,,46.0,2021,14,Italian Grand Prix
2021-09-12 14:14:17,Other,CAR 5 (VET) TIME 1:26.631 DELETED - TRACK LIMITS AT TURN 11,,,,,,46.0,2021,14,Italian Grand Prix
2021-09-12 14:14:36,Other,CAR 14 (ALO) TIME 1:26.574 DELETED - TRACK LIMITS AT TURN 11,,,,,,46.0,2021,14,Italian Grand Prix
2021-09-12 14:15:01,Other,CAR 63 (RUS) TIME 1:27.102 DELETED - TRACK LIMITS AT TURN 11,,,,,,46.0,2021,14,Italian Grand Prix
2021-09-12 14:15:31,Other,CAR 14 (ALO) TIME 1:26.474 DELETED - TRACK LIMITS AT TURN 11,,,,,,47.0,2021,14,Italian Grand Prix
2021-09-12 14:15:32,Other,CAR 63 (RUS) TIME 1:26.513 DELETED - TRACK LIMITS AT TURN 11,,,,,,47.0,2021,14,Italian Grand Prix
2021-09-12 14:17:17,Other,CAR 5 (VET) TIME 1:26.498 DELETED - TRACK LIMITS AT TURN 11,,,,,,48.0,2021,14,Italian Grand Prix
2021-09-12 14:21:51,Other,INCIDENT INVOLVING CAR 18 (STR) UNDER INVESTIGATION - ALLEDGEDLY FAILING TO SLOW UNDER YELLOW FLAGS,,,,,,51.0,2021,14,Italian Grand Prix
2021-09-12 14:25:11,Flag,CHEQUERED FLAG,,CHEQUERED,Track,,,53.0,2021,14,Italian Grand Prix
2021-09-26 11:01:05,Other,PINK HEAD PADDING MATERIAL MUST BE USED,,,,,,,2021,15,Russian Grand Prix
2021-09-26 11:20:01,Flag,GREEN LIGHT - PIT EXIT OPEN,,GREEN,Track,,,1.0,2021,15,Russian Grand Prix
2021-09-26 11:30:01,Other,PIT EXIT CLOSED,,,,,,1.0,2021,15,Russian Grand Prix
2021-09-26 11:45:12,Other,RISK OF RAIN FOR F1 RACE IS 70%,,,,,,1.0,2021,15,Russian Grand Prix
2021-09-26 11:57:06,Drs,DRS DISABLED,DISABLED,,,,,1.0,2021,15,Russian Grand Prix
2021-09-26 12:03:44,Flag,GREEN LIGHT - PIT EXIT OPEN,,GREEN,Track,,,1.0,2021,15,Russian Grand Prix
2021-09-26 12:04:23,Other,TURN 2 INCIDENT NOTED,,,,,,1.0,2021,15,Russian Grand Prix
2021-09-26 12:05:40,Other,TRACK SURFACE SLIPPERY IN TRACK SECTOR 4,,,,,,2.0,2021,15,Russian Grand Prix
2021-09-26 12:06:22,Flag,DOUBLE YELLOW IN TRACK SECTOR 4,,DOUBLE YELLOW,Sector,4.0,,2.0,2021,15,Russian Grand Prix
2021-09-26 12:06:41,Flag,CLEAR IN TRACK SECTOR 4,,CLEAR,Sector,4.0,,2.0,2021,15,Russian Grand Prix
2021-09-26 12:06:46,Other,TRACK SURFACE SLIPPERY IN TRACK SECTOR 4,,,,,,2.0,2021,15,Russian Grand Prix
2021-09-26 12:06:48,Flag,CLEAR IN TRACK SECTOR 4,,CLEAR,Sector,4.0,,2.0,2021,15,Russian Grand Prix
2021-09-26 12:07:43,Drs,DRS ENABLED,ENABLED,,,,,3.0,2021,15,Russian Grand Prix
2021-09-26 12:07:56,Other,TURN 2 INCIDENT NO INVESTIGATION NECESSARY,,,,,,3.0,2021,15,Russian Grand Prix
2021-09-26 12:09:55,Other,TURN 2 INCIDENT INVOLVING CAR 47 (MSC) NOTED ,,,,,,4.0,2021,15,Russian Grand Prix
2021-09-26 12:10:59,Other,CAR 47 (MSC) TIME 1:44.586 DELETED - TRACK LIMITS AT TURN 2,,,,,,5.0,2021,15,Russian Grand Prix
2021-09-26 12:13:02,Other,TURN 2 INCIDENT INVOLVING CAR 47 (MSC) NO INVESTIGATION NECESSARY ,,,,,,6.0,2021,15,Russian Grand Prix
2021-09-26 12:32:45,Other,BLACK AND WHITE FLAG FOR CAR 9 (MAZ),,,,,,18.0,2021,15,Russian Grand Prix
2021-09-26 12:35:43,Other,TURN 2 INCIDENT INVOLVING CAR 63 (RUS) NOTED,,,,,,19.0,2021,15,Russian Grand Prix
2021-09-26 12:36:40,Other,CAR 63 (RUS) TIME 1:41.915 DELETED - TRACK LIMITS AT TURN 2,,,,,,20.0,2021,15,Russian Grand Prix
2021-09-26 12:39:15,Other,TURN 2 INCIDENT INVOLVING CAR 63 (RUS) NO INVESTIGATION NECESSARY,,,,,,21.0,2021,15,Russian Grand Prix
2021-09-26 12:53:55,CarEvent,CAR 18 (STR) OFF TRACK AND CONTINUED AT TURN 13,,,,,18,30.0,2021,15,Russian Grand Prix
2021-09-26 12:54:23,Other,CORRECTION - CAR 5 (VET) OFF TRACK AND CONTINUED AT TURN 13,,,,,,30.0,2021,15,Russian Grand Prix
2021-09-26 13:08:54,Flag,WAVED BLUE FLAG FOR CAR 9 (MAZ) TIMED AT 16:08:53,,BLUE,Driver,,9,39.0,2021,15,Russian Grand Prix
2021-09-26 13:09:17,Flag,WAVED BLUE FLAG FOR CAR 9 (MAZ) TIMED AT 16:09:17,,BLUE,Driver,,9,39.0,2021,15,Russian Grand Prix
2021-09-26 13:12:25,Other,CAR 77 (BOT) TIME 1:41.316 DELETED - TRACK LIMITS AT TURN 2,,,,,,41.0,2021,15,Russian Grand Prix
2021-09-26 13:19:02,Flag,WAVED BLUE FLAG FOR CAR 9 (MAZ) TIMED AT 16:19:02,,BLUE,Driver,,9,45.0,2021,15,Russian Grand Prix
2021-09-26 13:19:27,Flag,WAVED BLUE FLAG FOR CAR 9 (MAZ) TIMED AT 16:19:26,,BLUE,Driver,,9,46.0,2021,15,Russian Grand Prix
2021-09-26 13:19:37,Flag,WAVED BLUE FLAG FOR CAR 9 (MAZ) TIMED AT 16:19:36,,BLUE,Driver,,9,46.0,2021,15,Russian Grand Prix
2021-09-26 13:19:41,Flag,WAVED BLUE FLAG FOR CAR 9 (MAZ) TIMED AT 16:19:40,,BLUE,Driver,,9,46.0,2021,15,Russian Grand Prix
2021-09-26 13:19:46,Flag,WAVED BLUE FLAG FOR CAR 9 (MAZ) TIMED AT 16:19:46,,BLUE,Driver,,9,46.0,2021,15,Russian Grand Prix
2021-09-26 13:20:43,Flag,WAVED BLUE FLAG FOR CAR 9 (MAZ) TIMED AT 16:20:43,,BLUE,Driver,,9,46.0,2021,15,Russian Grand Prix
2021-09-26 13:22:02,CarEvent,CAR 4 (NOR) OFF TRACK AND CONTINUED AT TURN 5,,,,,4,47.0,2021,15,Russian Grand Prix
2021-09-26 13:22:21,Flag,WAVED BLUE FLAG FOR CAR 9 (MAZ) TIMED AT 16:22:21,,BLUE,Driver,,9,47.0,2021,15,Russian Grand Prix
2021-09-26 13:22:48,Flag,WAVED BLUE FLAG FOR CAR 9 (MAZ) TIMED AT 16:22:48,,BLUE,Driver,,9,48.0,2021,15,Russian Grand Prix
2021-09-26 13:22:54,Other,TRACK SURFACE SLIPPERY IN TRACK SECTOR 10,,,,,,48.0,2021,15,Russian Grand Prix
2021-09-26 13:23:01,Flag,WAVED BLUE FLAG FOR CAR 9 (MAZ) TIMED AT 16:23:01,,BLUE,Driver,,9,48.0,2021,15,Russian Grand Prix
2021-09-26 13:23:08,Other,TRACK SURFACE SLIPPERY IN TRACK SECTOR 4,,,,,,48.0,2021,15,Russian Grand Prix
2021-09-26 13:23:11,Flag,WAVED BLUE FLAG FOR CAR 9 (MAZ) TIMED AT 16:23:11,,BLUE,Driver,,9,48.0,2021,15,Russian Grand Prix
2021-09-26 13:23:19,Flag,CLEAR IN TRACK SECTOR 4,,CLEAR,Sector,4.0,,48.0,2021,15,Russian Grand Prix
2021-09-26 13:23:21,Flag,YELLOW IN TRACK SECTOR 10,,YELLOW,Sector,10.0,,48.0,2021,15,Russian Grand Prix
2021-09-26 13:23:22,Flag,CLEAR IN TRACK SECTOR 10,,CLEAR,Sector,10.0,,48.0,2021,15,Russian Grand Prix
2021-09-26 13:23:25,Flag,YELLOW IN TRACK SECTOR 10,,YELLOW,Sector,10.0,,48.0,2021,15,Russian Grand Prix
2021-09-26 13:23:30,Flag,CLEAR IN TRACK SECTOR 10,,CLEAR,Sector,10.0,,48.0,2021,15,Russian Grand Prix
2021-09-26 13:23:35,Other,TRACK SURFACE SLIPPERY IN TRACK SECTOR 10,,,,,,48.0,2021,15,Russian Grand Prix
2021-09-26 13:23:48,Other,TRACK SURFACE SLIPPERY IN TRACK SECTOR 5,,,,,,48.0,2021,15,Russian Grand Prix
2021-09-26 13:23:55,CarEvent,CAR 6 (LAT) SPUN AND CONTINUED AT TURN 7,,,,,6,48.0,2021,15,Russian Grand Prix
2021-09-26 13:24:00,Other,LOW GRIP CONDITIONS,,,,,,48.0,2021,15,Russian Grand Prix
2021-09-26 13:24:03,Drs,DRS DISABLED,DISABLED,,,,,48.0,2021,15,Russian Grand Prix
2021-09-26 13:24:08,Flag,CLEAR IN TRACK SECTOR 10,,CLEAR,Sector,10.0,,48.0,2021,15,Russian Grand Prix
2021-09-26 13:24:11,Flag,CLEAR IN TRACK SECTOR 5,,CLEAR,Sector,5.0,,48.0,2021,15,Russian Grand Prix
2021-09-26 13:24:12,Flag,WAVED BLUE FLAG FOR CAR 22 (TSU) TIMED AT 16:24:12,,BLUE,Driver,,22,48.0,2021,15,Russian Grand Prix
2021-09-26 13:24:25,Flag,WAVED BLUE FLAG FOR CAR 22 (TSU) TIMED AT 16:24:24,,BLUE,Driver,,22,48.0,2021,15,Russian Grand Prix
2021-09-26 13:24:32,Other,TRACK SURFACE SLIPPERY IN TRACK SECTOR 5,,,,,,48.0,2021,15,Russian Grand Prix
2021-09-26 13:24:38,Flag,CLEAR IN TRACK SECTOR 5,,CLEAR,Sector,5.0,,48.0,2021,15,Russian Grand Prix
2021-09-26 13:24:46,Other,TRACK SURFACE SLIPPERY IN TRACK SECTOR 5,,,,,,49.0,2021,15,Russian Grand Prix
2021-09-26 13:24:47,Flag,CLEAR IN TRACK SECTOR 5,,CLEAR,Sector,5.0,,49.0,2021,15,Russian Grand Prix
2021-09-26 13:24:51,Flag,YELLOW IN TRACK SECTOR 10,,YELLOW,Sector,10.0,,49.0,2021,15,Russian Grand Prix
2021-09-26 13:24:58,Flag,CLEAR IN TRACK SECTOR 10,,CLEAR,Sector,10.0,,49.0,2021,15,Russian Grand Prix
2021-09-26 13:25:05,Flag,YELLOW IN TRACK SECTOR 11,,YELLOW,Sector,11.0,,49.0,2021,15,Russian Grand Prix
2021-09-26 13:25:09,Flag,CLEAR IN TRACK SECTOR 11,,CLEAR,Sector,11.0,,49.0,2021,15,Russian Grand Prix
2021-09-26 13:25:16,Flag,WAVED BLUE FLAG FOR CAR 9 (MAZ) TIMED AT 16:25:16,,BLUE,Driver,,9,49.0,2021,15,Russian Grand Prix
2021-09-26 13:25:30,Other,TRACK SURFACE SLIPPERY IN TRACK SECTOR 5,,,,,,49.0,2021,15,Russian Grand Prix
2021-09-26 13:25:35,Flag,WAVED BLUE FLAG FOR CAR 9 (MAZ) TIMED AT 16:25:35,,BLUE,Driver,,9,49.0,2021,15,Russian Grand Prix
2021-09-26 13:25:44,Flag,CLEAR IN TRACK SECTOR 5,,CLEAR,Sector,5.0,,49.0,2021,15,Russian Grand Prix
2021-09-26 13:26:06,Flag,WAVED BLUE FLAG FOR CAR 99 (GIO) TIMED AT 16:26:05,,BLUE,Driver,,99,49.0,2021,15,Russian Grand Prix
2021-09-26 13:26:55,Flag,WAVED BLUE FLAG FOR CAR 9 (MAZ) TIMED AT 16:26:55,,BLUE,Driver,,9,50.0,2021,15,Russian Grand Prix
2021-09-26 13:27:14,Flag,WAVED BLUE FLAG FOR CAR 9 (MAZ) TIMED AT 16:27:13,,BLUE,Driver,,9,50.0,2021,15,Russian Grand Prix
2021-09-26 13:28:09,Flag,WAVED BLUE FLAG FOR CAR 9 (MAZ) TIMED AT 16:28:09,,BLUE,Driver,,9,50.0,2021,15,Russian Grand Prix
2021-09-26 13:28:10,Other,TRACK SURFACE SLIPPERY IN TRACK SECTOR 16,,,,,,50.0,2021,15,Russian Grand Prix
2021-09-26 13:28:12,Flag,CLEAR IN TRACK SECTOR 16,,CLEAR,Sector,16.0,,50.0,2021,15,Russian Grand Prix
2021-09-26 13:28:37,Flag,WAVED BLUE FLAG FOR CAR 99 (GIO) TIMED AT 16:28:37,,BLUE,Driver,,99,51.0,2021,15,Russian Grand Prix
2021-09-26 13:28:57,Flag,WAVED BLUE FLAG FOR CAR 9 (MAZ) TIMED AT 16:28:57,,BLUE,Driver,,9,51.0,2021,15,Russian Grand Prix
2021-09-26 13:29:26,Flag,WAVED BLUE FLAG FOR CAR 99 (GIO) TIMED AT 16:29:25,,BLUE,Driver,,99,51.0,2021,15,Russian Grand Prix
2021-09-26 13:29:27,Other,TURN 9 INCIDENT INVOLVING CARS 18 (STR) AND 10 (GAS) NOTED,,,,,,51.0,2021,15,Russian Grand Prix
2021-09-26 13:29:36,Flag,DOUBLE YELLOW IN TRACK SECTOR 8,,DOUBLE YELLOW,Sector,8.0,,51.0,2021,15,Russian Grand Prix
2021-09-26 13:29:41,Flag,CLEAR IN TRACK SECTOR 8,,CLEAR,Sector,8.0,,51.0,2021,15,Russian Grand Prix
2021-09-26 13:29:51,CarEvent,CAR 4 (NOR) OFF TRACK AND CONTINUED AT TURN 5,,,,,4,51.0,2021,15,Russian Grand Prix
2021-09-26 13:29:55,Flag,YELLOW IN TRACK SECTOR 15,,YELLOW,Sector,15.0,,51.0,2021,15,Russian Grand Prix
2021-09-26 13:30:19,Flag,CLEAR IN TRACK SECTOR 15,,CLEAR,Sector,15.0,,51.0,2021,15,Russian Grand Prix
2021-09-26 13:30:31,CarEvent,CAR 10 (GAS) OFF TRACK AND CONTINUED AT TURN 13,,,,,10,51.0,2021,15,Russian Grand Prix
2021-09-26 13:30:37,Flag,WAVED BLUE FLAG FOR CAR 9 (MAZ) TIMED AT 16:30:37,,BLUE,Driver,,9,51.0,2021,15,Russian Grand Prix
2021-09-26 13:30:37,Flag,WAVED BLUE FLAG FOR CAR 22 (TSU) TIMED AT 16:30:37,,BLUE,Driver,,22,51.0,2021,15,Russian Grand Prix
2021-09-26 13:30:42,Flag,DOUBLE YELLOW IN TRACK SECTOR 8,,DOUBLE YELLOW,Sector,8.0,,52.0,2021,15,Russian Grand Prix
2021-09-26 13:31:03,Flag,CLEAR IN TRACK SECTOR 8,,CLEAR,Sector,8.0,,52.0,2021,15,Russian Grand Prix
2021-09-26 13:31:09,CarEvent,CAR 16 (LEC) OFF TRACK AND CONTINUED AT TURN 5,,,,,16,52.0,2021,15,Russian Grand Prix
2021-09-26 13:31:12,Flag,WAVED BLUE FLAG FOR CAR 22 (TSU) TIMED AT 16:31:11,,BLUE,Driver,,22,52.0,2021,15,Russian Grand Prix
2021-09-26 13:31:46,Flag,WAVED BLUE FLAG FOR CAR 22 (TSU) TIMED AT 16:31:46,,BLUE,Driver,,22,52.0,2021,15,Russian Grand Prix
2021-09-26 13:31:52,Flag,WAVED BLUE FLAG FOR CAR 16 (LEC) TIMED AT 16:31:51,,BLUE,Driver,,16,52.0,2021,15,Russian Grand Prix
2021-09-26 13:32:12,Flag,WAVED BLUE FLAG FOR CAR 99 (GIO) TIMED AT 16:32:11,,BLUE,Driver,,99,52.0,2021,15,Russian Grand Prix
2021-09-26 13:32:27,CarEvent,CAR 16 (LEC) OFF TRACK AND CONTINUED AT TURN 13,,,,,16,52.0,2021,15,Russian Grand Prix
2021-09-26 13:32:36,Flag,WAVED BLUE FLAG FOR CAR 22 (TSU) TIMED AT 16:32:35,,BLUE,Driver,,22,53.0,2021,15,Russian Grand Prix
2021-09-26 13:32:50,Other,TURN 9 INCIDENT INVOLVING CARS 18 (STR) AND 10 (GAS) - WILL BE INVESTIGATED AFTER THE RACE,,,,,,53.0,2021,15,Russian Grand Prix
2021-09-26 13:33:39,Other,PIT ENTRY INCIDENT INVOLVING CAR 4 (NOR) - WILL BE INVESTIGATED AFTER THE RACE,,,,,,53.0,2021,15,Russian Grand Prix
2021-09-26 13:33:46,Flag,WAVED BLUE FLAG FOR CAR 16 (LEC) TIMED AT 16:33:46,,BLUE,Driver,,16,53.0,2021,15,Russian Grand Prix
2021-09-26 13:34:26,Flag,CHEQUERED FLAG,,CHEQUERED,Track,,,53.0,2021,15,Russian Grand Prix
2021-09-26 13:35:04,Flag,WAVED BLUE FLAG FOR CAR 99 (GIO) TIMED AT 16:35:03,,BLUE,Driver,,99,53.0,2021,15,Russian Grand Prix
2021-09-26 13:39:31,Other,TRACK SURFACE SLIPPERY IN TRACK SECTOR 5,,,,,,53.0,2021,15,Russian Grand Prix
2021-09-26 13:39:37,Flag,CLEAR IN TRACK SECTOR 5,,CLEAR,Sector,5.0,,53.0,2021,15,Russian Grand Prix
2021-10-10 11:06:52,Other,DRS DISABLED IN ZONE 1,,,,,,1.0,2021,16,Turkish Grand Prix
2021-10-10 11:07:30,Other,DRS ENABLED IN ZONE 1,,,,,,1.0,2021,16,Turkish Grand Prix
2021-10-10 11:19:36,Other,LOW GRIP CONDITIONS,,,,,,1.0,2021,16,Turkish Grand Prix
2021-10-10 11:20:01,Flag,GREEN LIGHT - PIT EXIT OPEN,,GREEN,Track,,,1.0,2021,16,Turkish Grand Prix
2021-10-10 11:30:01,Other,PIT EXIT CLOSED,,,,,,1.0,2021,16,Turkish Grand Prix
2021-10-10 11:34:31,Flag,YELLOW IN TRACK SECTOR 6,,YELLOW,Sector,6.0,,1.0,2021,16,Turkish Grand Prix
2021-10-10 11:34:40,Flag,CLEAR IN TRACK SECTOR 6,,CLEAR,Sector,6.0,,1.0,2021,16,Turkish Grand Prix
2021-10-10 11:45:06,Other,RISK OF RAIN FOR F1 RACE IS 20%,,,,,,1.0,2021,16,Turkish Grand Prix
2021-10-10 11:57:06,Drs,DRS DISABLED,DISABLED,,,,,1.0,2021,16,Turkish Grand Prix
2021-10-10 12:03:22,Flag,GREEN LIGHT - PIT EXIT OPEN,,GREEN,Track,,,1.0,2021,16,Turkish Grand Prix
2021-10-10 12:03:35,Flag,YELLOW IN TRACK SECTOR 2,,YELLOW,Sector,2.0,,1.0,2021,16,Turkish Grand Prix
2021-10-10 12:03:39,Flag,CLEAR IN TRACK SECTOR 2,,CLEAR,Sector,2.0,,1.0,2021,16,Turkish Grand Prix
2021-10-10 12:03:59,Other,TURN 1 INCIDENT NOTED,,,,,,1.0,2021,16,Turkish Grand Prix
2021-10-10 12:04:41,Flag,YELLOW IN TRACK SECTOR 13,,YELLOW,Sector,13.0,,1.0,2021,16,Turkish Grand Prix
2021-10-10 12:04:45,Flag,YELLOW IN TRACK SECTOR 14,,YELLOW,Sector,14.0,,1.0,2021,16,Turkish Grand Prix
2021-10-10 12:04:45,Flag,CLEAR IN TRACK SECTOR 13,,CLEAR,Sector,13.0,,1.0,2021,16,Turkish Grand Prix
2021-10-10 12:04:54,Flag,CLEAR IN TRACK SECTOR 14,,CLEAR,Sector,14.0,,1.0,2021,16,Turkish Grand Prix
2021-10-10 12:05:03,CarEvent,CAR 6 (LAT) OFF TRACK AND CONTINUED AT TURN 9,,,,,6,2.0,2021,16,Turkish Grand Prix
2021-10-10 12:05:36,Flag,YELLOW IN TRACK SECTOR 5,,YELLOW,Sector,5.0,,2.0,2021,16,Turkish Grand Prix
2021-10-10 12:05:41,Flag,CLEAR IN TRACK SECTOR 5,,CLEAR,Sector,5.0,,2.0,2021,16,Turkish Grand Prix
2021-10-10 12:05:52,CarEvent,CAR 47 (MSC) SPUN AND CONTINUED AT TURN 4,,,,,47,2.0,2021,16,Turkish Grand Prix
2021-10-10 12:07:14,Other,TURN 4 INCIDENT INVOLVING CAR 47 (MSC) NOTED ,,,,,,3.0,2021,16,Turkish Grand Prix
2021-10-10 12:09:33,Other,TURN 1 INCIDENT INVOLVING CARS 14 (ALO) AND 10 (GAS) UNDER INVESTIGATION - CAUSING A COLLISION,,,,,,4.0,2021,16,Turkish Grand Prix
2021-10-10 12:10:38,Other,TURN 4 INCIDENT INVOLVING CARS 14 (ALO) AND 47 (MSC) NOTED,,,,,,5.0,2021,16,Turkish Grand Prix
2021-10-10 12:11:57,Other,TURN 4 INCIDENT INVOLVING CARS 14 (ALO) AND 47 (MSC) UNDER INVESTIGATION - CAUSING A COLLISION,,,,,,6.0,2021,16,Turkish Grand Prix
2021-10-10 12:15:01,Other,5 SECOND TIME PENALTY FOR CAR 10 (GAS) - CAUSING A COLLISION,,,,,,8.0,2021,16,Turkish Grand Prix
2021-10-10 12:17:08,Other,5 SECOND TIME PENALTY FOR CAR 14 (ALO) - CAUSING A COLLISION,,,,,,9.0,2021,16,Turkish Grand Prix
2021-10-10 12:25:09,Other,TURN 12 INCIDENT INVOLVING CARS 55 (SAI) AND 5 (VET) NOTED,,,,,,14.0,2021,16,Turkish Grand Prix
2021-10-10 12:26:38,Other,TURN 12 INCIDENT INVOLVING CARS 55 (SAI) AND 5 (VET) - NO INVESTIGATION NECESSARY,,,,,,15.0,2021,16,Turkish Grand Prix
2021-10-10 12:38:09,Flag,YELLOW IN TRACK SECTOR 13,,YELLOW,Sector,13.0,,23.0,2021,16,Turkish Grand Prix
2021-10-10 12:38:15,Flag,CLEAR IN TRACK SECTOR 13,,CLEAR,Sector,13.0,,23.0,2021,16,Turkish Grand Prix
2021-10-10 12:38:25,CarEvent,CAR 22 (TSU) SPUN AND CONTINUED AT TURN 9,,,,,22,23.0,2021,16,Turkish Grand Prix
2021-10-10 12:40:52,Flag,WAVED BLUE FLAG FOR CAR 47 (MSC) TIMED AT 15:40:51,,BLUE,Driver,,47,24.0,2021,16,Turkish Grand Prix
2021-10-10 12:41:14,Flag,WAVED BLUE FLAG FOR CAR 9 (MAZ) TIMED AT 15:41:14,,BLUE,Driver,,9,25.0,2021,16,Turkish Grand Prix
2021-10-10 12:41:22,Flag,WAVED BLUE FLAG FOR CAR 47 (MSC) TIMED AT 15:41:22,,BLUE,Driver,,47,25.0,2021,16,Turkish Grand Prix
2021-10-10 12:41:46,Flag,WAVED BLUE FLAG FOR CAR 47 (MSC) TIMED AT 15:41:46,,BLUE,Driver,,47,25.0,2021,16,Turkish Grand Prix
2021-10-10 12:41:55,Flag,WAVED BLUE FLAG FOR CAR 9 (MAZ) TIMED AT 15:41:55,,BLUE,Driver,,9,25.0,2021,16,Turkish Grand Prix
2021-10-10 12:42:31,Flag,WAVED BLUE FLAG FOR CAR 9 (MAZ) TIMED AT 15:42:30,,BLUE,Driver,,9,25.0,2021,16,Turkish Grand Prix
2021-10-10 12:45:03,Flag,WAVED BLUE FLAG FOR CAR 47 (MSC) TIMED AT 15:45:02,,BLUE,Driver,,47,27.0,2021,16,Turkish Grand Prix
2021-10-10 12:45:50,Flag,WAVED BLUE FLAG FOR CAR 47 (MSC) TIMED AT 15:45:49,,BLUE,Driver,,47,28.0,2021,16,Turkish Grand Prix
2021-10-10 12:46:16,Flag,WAVED BLUE FLAG FOR CAR 9 (MAZ) TIMED AT 15:46:15,,BLUE,Driver,,9,28.0,2021,16,Turkish Grand Prix
2021-10-10 12:46:48,Flag,WAVED BLUE FLAG FOR CAR 9 (MAZ) TIMED AT 15:46:48,,BLUE,Driver,,9,28.0,2021,16,Turkish Grand Prix
2021-10-10 12:50:42,Flag,WAVED BLUE FLAG FOR CAR 47 (MSC) TIMED AT 15:50:42,,BLUE,Driver,,47,31.0,2021,16,Turkish Grand Prix
2021-10-10 12:51:49,Flag,WAVED BLUE FLAG FOR CAR 9 (MAZ) TIMED AT 15:51:49,,BLUE,Driver,,9,31.0,2021,16,Turkish Grand Prix
2021-10-10 12:55:34,Flag,WAVED BLUE FLAG FOR CAR 6 (LAT) TIMED AT 15:55:34,,BLUE,Driver,,6,34.0,2021,16,Turkish Grand Prix
2021-10-10 12:55:37,Flag,WAVED BLUE FLAG FOR CAR 47 (MSC) TIMED AT 15:55:36,,BLUE,Driver,,47,34.0,2021,16,Turkish Grand Prix
2021-10-10 12:55:52,Flag,WAVED BLUE FLAG FOR CAR 47 (MSC) TIMED AT 15:55:51,,BLUE,Driver,,47,34.0,2021,16,Turkish Grand Prix
2021-10-10 12:56:21,Flag,WAVED BLUE FLAG FOR CAR 9 (MAZ) TIMED AT 15:56:20,,BLUE,Driver,,9,34.0,2021,16,Turkish Grand Prix
2021-10-10 12:57:03,Flag,WAVED BLUE FLAG FOR CAR 6 (LAT) TIMED AT 15:57:03,,BLUE,Driver,,6,35.0,2021,16,Turkish Grand Prix
2021-10-10 12:57:14,Flag,WAVED BLUE FLAG FOR CAR 9 (MAZ) TIMED AT 15:57:14,,BLUE,Driver,,9,35.0,2021,16,Turkish Grand Prix
2021-10-10 12:57:20,Flag,WAVED BLUE FLAG FOR CAR 6 (LAT) TIMED AT 15:57:20,,BLUE,Driver,,6,35.0,2021,16,Turkish Grand Prix
2021-10-10 12:58:53,Flag,WAVED BLUE FLAG FOR CAR 6 (LAT) TIMED AT 15:58:52,,BLUE,Driver,,6,36.0,2021,16,Turkish Grand Prix
2021-10-10 13:01:44,Flag,YELLOW IN TRACK SECTOR 4,,YELLOW,Sector,4.0,,38.0,2021,16,Turkish Grand Prix
2021-10-10 13:01:48,Flag,CLEAR IN TRACK SECTOR 4,,CLEAR,Sector,4.0,,38.0,2021,16,Turkish Grand Prix
2021-10-10 13:02:14,Flag,YELLOW IN TRACK SECTOR 8,,YELLOW,Sector,8.0,,38.0,2021,16,Turkish Grand Prix
2021-10-10 13:02:16,Flag,CLEAR IN TRACK SECTOR 8,,CLEAR,Sector,8.0,,38.0,2021,16,Turkish Grand Prix
2021-10-10 13:02:23,Flag,WAVED BLUE FLAG FOR CAR 5 (VET) TIMED AT 16:02:22,,BLUE,Driver,,5,38.0,2021,16,Turkish Grand Prix
2021-10-10 13:02:33,CarEvent,CAR 5 (VET) OFF TRACK AND CONTINUED AT TURN 7,,,,,5,38.0,2021,16,Turkish Grand Prix
2021-10-10 13:02:35,Flag,WAVED BLUE FLAG FOR CAR 14 (ALO) TIMED AT 16:02:35,,BLUE,Driver,,14,38.0,2021,16,Turkish Grand Prix
2021-10-10 13:02:42,Flag,WAVED BLUE FLAG FOR CAR 5 (VET) TIMED AT 16:02:41,,BLUE,Driver,,5,38.0,2021,16,Turkish Grand Prix
2021-10-10 13:02:56,Flag,WAVED BLUE FLAG FOR CAR 5 (VET) TIMED AT 16:02:55,,BLUE,Driver,,5,38.0,2021,16,Turkish Grand Prix
2021-10-10 13:04:23,Flag,WAVED BLUE FLAG FOR CAR 5 (VET) TIMED AT 16:04:22,,BLUE,Driver,,5,39.0,2021,16,Turkish Grand Prix
2021-10-10 13:04:41,Flag,WAVED BLUE FLAG FOR CAR 63 (RUS) TIMED AT 16:04:41,,BLUE,Driver,,63,39.0,2021,16,Turkish Grand Prix
2021-10-10 13:04:50,Flag,WAVED BLUE FLAG FOR CAR 14 (ALO) TIMED AT 16:04:49,,BLUE,Driver,,14,40.0,2021,16,Turkish Grand Prix
2021-10-10 13:06:19,Flag,WAVED BLUE FLAG FOR CAR 22 (TSU) TIMED AT 16:06:18,,BLUE,Driver,,22,41.0,2021,16,Turkish Grand Prix
2021-10-10 13:07:35,Flag,WAVED BLUE FLAG FOR CAR 47 (MSC) TIMED AT 16:07:35,,BLUE,Driver,,47,41.0,2021,16,Turkish Grand Prix
2021-10-10 13:08:25,Flag,WAVED BLUE FLAG FOR CAR 9 (MAZ) TIMED AT 16:08:25,,BLUE,Driver,,9,42.0,2021,16,Turkish Grand Prix
2021-10-10 13:08:39,Flag,WAVED BLUE FLAG FOR CAR 63 (RUS) TIMED AT 16:08:38,,BLUE,Driver,,63,42.0,2021,16,Turkish Grand Prix
2021-10-10 13:10:47,Flag,WAVED BLUE FLAG FOR CAR 63 (RUS) TIMED AT 16:10:46,,BLUE,Driver,,63,43.0,2021,16,Turkish Grand Prix
2021-10-10 13:11:15,Flag,WAVED BLUE FLAG FOR CAR 5 (VET) TIMED AT 16:11:14,,BLUE,Driver,,5,44.0,2021,16,Turkish Grand Prix
2021-10-10 13:11:31,Flag,WAVED BLUE FLAG FOR CAR 7 (RAI) TIMED AT 16:11:30,,BLUE,Driver,,7,44.0,2021,16,Turkish Grand Prix
2021-10-10 13:11:31,Flag,WAVED BLUE FLAG FOR CAR 47 (MSC) TIMED AT 16:11:30,,BLUE,Driver,,47,44.0,2021,16,Turkish Grand Prix
2021-10-10 13:13:41,Flag,WAVED BLUE FLAG FOR CAR 22 (TSU) TIMED AT 16:13:40,,BLUE,Driver,,22,45.0,2021,16,Turkish Grand Prix
2021-10-10 13:15:37,Flag,WAVED BLUE FLAG FOR CAR 22 (TSU) TIMED AT 16:15:36,,BLUE,Driver,,22,46.0,2021,16,Turkish Grand Prix
2021-10-10 13:22:17,Flag,WAVED BLUE FLAG FOR CAR 9 (MAZ) TIMED AT 16:22:16,,BLUE,Driver,,9,51.0,2021,16,Turkish Grand Prix
2021-10-10 13:22:46,Flag,WAVED BLUE FLAG FOR CAR 99 (GIO) TIMED AT 16:22:45,,BLUE,Driver,,99,51.0,2021,16,Turkish Grand Prix
2021-10-10 13:23:51,Flag,WAVED BLUE FLAG FOR CAR 9 (MAZ) TIMED AT 16:23:50,,BLUE,Driver,,9,52.0,2021,16,Turkish Grand Prix
2021-10-10 13:24:00,Flag,WAVED BLUE FLAG FOR CAR 5 (VET) TIMED AT 16:23:59,,BLUE,Driver,,5,52.0,2021,16,Turkish Grand Prix
2021-10-10 13:24:04,Flag,WAVED BLUE FLAG FOR CAR 99 (GIO) TIMED AT 16:24:03,,BLUE,Driver,,99,52.0,2021,16,Turkish Grand Prix
2021-10-10 13:24:53,Flag,WAVED BLUE FLAG FOR CAR 9 (MAZ) TIMED AT 16:24:52,,BLUE,Driver,,9,52.0,2021,16,Turkish Grand Prix
2021-10-10 13:28:51,Flag,WAVED BLUE FLAG FOR CAR 47 (MSC) TIMED AT 16:28:51,,BLUE,Driver,,47,55.0,2021,16,Turkish Grand Prix
2021-10-10 13:29:30,Flag,WAVED BLUE FLAG FOR CAR 3 (RIC) TIMED AT 16:29:30,,BLUE,Driver,,3,55.0,2021,16,Turkish Grand Prix
2021-10-10 13:29:34,Flag,WAVED BLUE FLAG FOR CAR 6 (LAT) TIMED AT 16:29:33,,BLUE,Driver,,6,55.0,2021,16,Turkish Grand Prix
2021-10-10 13:30:36,Flag,WAVED BLUE FLAG FOR CAR 47 (MSC) TIMED AT 16:30:36,,BLUE,Driver,,47,56.0,2021,16,Turkish Grand Prix
2021-10-10 13:30:40,Flag,WAVED BLUE FLAG FOR CAR 9 (MAZ) TIMED AT 16:30:40,,BLUE,Driver,,9,56.0,2021,16,Turkish Grand Prix
2021-10-10 13:30:53,Flag,WAVED BLUE FLAG FOR CAR 47 (MSC) TIMED AT 16:30:53,,BLUE,Driver,,47,56.0,2021,16,Turkish Grand Prix
2021-10-10 13:31:16,Flag,WAVED BLUE FLAG FOR CAR 9 (MAZ) TIMED AT 16:31:16,,BLUE,Driver,,9,56.0,2021,16,Turkish Grand Prix
2021-10-10 13:31:25,Flag,WAVED BLUE FLAG FOR CAR 9 (MAZ) TIMED AT 16:31:24,,BLUE,Driver,,9,57.0,2021,16,Turkish Grand Prix
2021-10-10 13:31:31,Flag,WAVED BLUE FLAG FOR CAR 31 (OCO) TIMED AT 16:31:31,,BLUE,Driver,,31,57.0,2021,16,Turkish Grand Prix
2021-10-10 13:31:37,Flag,WAVED BLUE FLAG FOR CAR 47 (MSC) TIMED AT 16:31:37,,BLUE,Driver,,47,57.0,2021,16,Turkish Grand Prix
2021-10-10 13:32:00,Flag,WAVED BLUE FLAG FOR CAR 9 (MAZ) TIMED AT 16:32:00,,BLUE,Driver,,9,57.0,2021,16,Turkish Grand Prix
2021-10-10 13:32:47,Flag,WAVED BLUE FLAG FOR CAR 9 (MAZ) TIMED AT 16:32:47,,BLUE,Driver,,9,57.0,2021,16,Turkish Grand Prix
2021-10-10 13:33:06,Flag,WAVED BLUE FLAG FOR CAR 3 (RIC) TIMED AT 16:33:06,,BLUE,Driver,,3,58.0,2021,16,Turkish Grand Prix
2021-10-10 13:33:22,Flag,WAVED BLUE FLAG FOR CAR 9 (MAZ) TIMED AT 16:33:22,,BLUE,Driver,,9,58.0,2021,16,Turkish Grand Prix
2021-10-10 13:34:10,Flag,WAVED BLUE FLAG FOR CAR 7 (RAI) TIMED AT 16:34:10,,BLUE,Driver,,7,58.0,2021,16,Turkish Grand Prix
2021-10-10 13:34:24,Flag,CHEQUERED FLAG,,CHEQUERED,Track,,,58.0,2021,16,Turkish Grand Prix
2021-10-10 13:34:32,Flag,WAVED BLUE FLAG FOR CAR 9 (MAZ) TIMED AT 16:34:32,,BLUE,Driver,,9,58.0,2021,16,Turkish Grand Prix
2021-10-10 13:35:03,Flag,WAVED BLUE FLAG FOR CAR 9 (MAZ) TIMED AT 16:35:02,,BLUE,Driver,,9,58.0,2021,16,Turkish Grand Prix
2021-10-24 18:07:40,Other,PINK HEAD PADDING MATERIAL MUST BE USED,,,,,,1.0,2021,17,United States Grand Prix
2021-10-24 18:20:01,Flag,GREEN LIGHT - PIT EXIT OPEN,,GREEN,Track,,,1.0,2021,17,United States Grand Prix
2021-10-24 18:30:01,Other,PIT EXIT CLOSED,,,,,,1.0,2021,17,United States Grand Prix
2021-10-24 18:45:06,Other,RISK OF RAIN FOR F1 RACE IS 0%,,,,,,1.0,2021,17,United States Grand Prix
2021-10-24 18:57:21,Drs,DRS DISABLED,DISABLED,,,,,1.0,2021,17,United States Grand Prix
2021-10-24 19:02:33,Other,TRACK SURFACE SLIPPERY IN TRACK SECTOR 6,,,,,,1.0,2021,17,United States Grand Prix
2021-10-24 19:02:36,Flag,CLEAR IN TRACK SECTOR 6,,CLEAR,Sector,6.0,,1.0,2021,17,United States Grand Prix
2021-10-24 19:03:41,Flag,GREEN LIGHT - PIT EXIT OPEN,,GREEN,Track,,,1.0,2021,17,United States Grand Prix
2021-10-24 19:03:54,Flag,DOUBLE YELLOW IN TRACK SECTOR 3,,DOUBLE YELLOW,Sector,3.0,,1.0,2021,17,United States Grand Prix
2021-10-24 19:04:17,Flag,CLEAR IN TRACK SECTOR 3,,CLEAR,Sector,3.0,,1.0,2021,17,United States Grand Prix
2021-10-24 19:04:19,Other,TURN 1 INCIDENT NOTED,,,,,,1.0,2021,17,United States Grand Prix
2021-10-24 19:07:23,Drs,DRS ENABLED,ENABLED,,,,,3.0,2021,17,United States Grand Prix
2021-10-24 19:07:45,Other,TURN 1 INCIDENT NO INVESTIGATION NECESSARY,,,,,,3.0,2021,17,United States Grand Prix
2021-10-24 19:10:38,Other,CAR 33 (VER) TIME 1:41.125 DELETED - TRACK LIMITS AT TURN 19,,,,,,5.0,2021,17,United States Grand Prix
2021-10-24 19:14:13,Other,CAR 9 (MAZ) TIME 1:45.006 DELETED - TRACK LIMITS AT TURN 19,,,,,,7.0,2021,17,United States Grand Prix
2021-10-24 19:15:01,Other,CAR 31 (OCO) TIME 1:45.194 DELETED - TRACK LIMITS AT TURN 1,,,,,,7.0,2021,17,United States Grand Prix
2021-10-24 19:23:11,Other,CAR 22 (TSU) TIME 1:42.046 DELETED - TRACK LIMITS AT TURN 9,,,,,,12.0,2021,17,United States Grand Prix
2021-10-24 19:23:13,Other,CAR 10 (GAS) TIME 2:02.604 DELETED - TRACK LIMITS AT TURN 9,,,,,,12.0,2021,17,United States Grand Prix
2021-10-24 19:26:46,Other,CAR 11 (PER) TIME 2:01.373 DELETED - TRACK LIMITS AT TURN 19,,,,,,14.0,2021,17,United States Grand Prix
2021-10-24 19:26:48,Other,CAR 7 (RAI) TIME 2:02.425 DELETED - TRACK LIMITS AT TURN 9,,,,,,14.0,2021,17,United States Grand Prix
2021-10-24 19:29:07,Other,CAR 63 (RUS) TIME 1:43.719 DELETED - TRACK LIMITS AT TURN 19,,,,,,15.0,2021,17,United States Grand Prix
2021-10-24 19:31:10,Other,TURN 1 INCIDENT INVOLVING CARS 14 (ALO) AND 7 (RAI) NOTED,,,,,,17.0,2021,17,United States Grand Prix
2021-10-24 19:32:00,Other,CAR 7 (RAI) TIME 1:43.605 DELETED - TRACK LIMITS AT TURN 1,,,,,,17.0,2021,17,United States Grand Prix
2021-10-24 19:34:14,Other,TURN 1 INCIDENT INVOLVING CARS 14 (ALO) AND 7 (RAI) NO INVESTIGATION NECESSARY,,,,,,18.0,2021,17,United States Grand Prix
2021-10-24 19:36:29,Flag,WAVED BLUE FLAG FOR CAR 9 (MAZ) TIMED AT 14:36:28,,BLUE,Driver,,9,20.0,2021,17,United States Grand Prix
2021-10-24 19:38:15,Flag,WAVED BLUE FLAG FOR CAR 9 (MAZ) TIMED AT 14:38:15,,BLUE,Driver,,9,21.0,2021,17,United States Grand Prix
2021-10-24 19:39:39,Other,TURN 12 INCIDENT INVOLVING CARS 14 (ALO) AND 99 (GIO) NOTED,,,,,,22.0,2021,17,United States Grand Prix
2021-10-24 19:40:12,Flag,WAVED BLUE FLAG FOR CAR 9 (MAZ) TIMED AT 14:40:12,,BLUE,Driver,,9,22.0,2021,17,United States Grand Prix
2021-10-24 19:40:48,Other,CAR 18 (STR) TIME 1:43.098 DELETED - TRACK LIMITS AT TURN 9,,,,,,22.0,2021,17,United States Grand Prix
2021-10-24 19:44:03,Flag,WAVED BLUE FLAG FOR CAR 9 (MAZ) TIMED AT 14:44:03,,BLUE,Driver,,9,24.0,2021,17,United States Grand Prix
2021-10-24 19:45:38,Flag,WAVED BLUE FLAG FOR CAR 47 (MSC) TIMED AT 14:45:38,,BLUE,Driver,,47,25.0,2021,17,United States Grand Prix
2021-10-24 19:46:37,Other,TURN 12 INCIDENT INVOLVING CARS 99 (GIO) AND 14 (ALO) NOTED ,,,,,,26.0,2021,17,United States Grand Prix
2021-10-24 19:46:47,Flag,WAVED BLUE FLAG FOR CAR 47 (MSC) TIMED AT 14:46:46,,BLUE,Driver,,47,26.0,2021,17,United States Grand Prix
2021-10-24 19:46:56,Flag,WAVED BLUE FLAG FOR CAR 31 (OCO) TIMED AT 14:46:56,,BLUE,Driver,,31,26.0,2021,17,United States Grand Prix
2021-10-24 19:47:19,Other,TRACK SURFACE SLIPPERY IN TRACK SECTOR 17,,,,,,26.0,2021,17,United States Grand Prix
2021-10-24 19:47:28,Flag,WAVED BLUE FLAG FOR CAR 6 (LAT) TIMED AT 14:47:27,,BLUE,Driver,,6,26.0,2021,17,United States Grand Prix
2021-10-24 19:47:40,Flag,WAVED BLUE FLAG FOR CAR 31 (OCO) TIMED AT 14:47:39,,BLUE,Driver,,31,26.0,2021,17,United States Grand Prix
2021-10-24 19:49:26,Flag,WAVED BLUE FLAG FOR CAR 31 (OCO) TIMED AT 14:49:25,,BLUE,Driver,,31,27.0,2021,17,United States Grand Prix
2021-10-24 19:49:35,SafetyCar,VIRTUAL SAFETY CAR DEPLOYED,DEPLOYED,,,,,28.0,2021,17,United States Grand Prix
2021-10-24 19:49:35,Flag,CLEAR IN TRACK SECTOR 17,,CLEAR,Sector,17.0,,28.0,2021,17,United States Grand Prix
2021-10-24 19:49:55,SafetyCar,VIRTUAL SAFETY CAR ENDING,ENDING,,,,,28.0,2021,17,United States Grand Prix
2021-10-24 19:50:08,Flag,TRACK CLEAR,,CLEAR,Track,,,28.0,2021,17,United States Grand Prix
2021-10-24 19:50:13,Flag,WAVED BLUE FLAG FOR CAR 99 (GIO) TIMED AT 14:50:13,,BLUE,Driver,,99,28.0,2021,17,United States Grand Prix
2021-10-24 19:50:14,Drs,DRS ENABLED,ENABLED,,,,,28.0,2021,17,United States Grand Prix
2021-10-24 19:50:27,Flag,WAVED BLUE FLAG FOR CAR 31 (OCO) TIMED AT 14:50:27,,BLUE,Driver,,31,28.0,2021,17,United States Grand Prix
2021-10-24 19:52:01,Other,TURN 12 INCIDENT INVOLVING CARS 99 (GIO) AND 14 (ALO) NO INVESTIGATION NECESSARY ,,,,,,29.0,2021,17,United States Grand Prix
2021-10-24 19:53:10,Other,CAR 99 (GIO) TIME 1:40.792 DELETED - TRACK LIMITS AT TURN 9,,,,,,30.0,2021,17,United States Grand Prix
2021-10-24 19:54:40,Other,CAR 18 (STR) TIME 1:43.550 DELETED - TRACK LIMITS AT TURN 9,,,,,,30.0,2021,17,United States Grand Prix
2021-10-24 19:55:49,Flag,WAVED BLUE FLAG FOR CAR 47 (MSC) TIMED AT 14:55:49,,BLUE,Driver,,47,31.0,2021,17,United States Grand Prix
2021-10-24 19:56:24,Flag,WAVED BLUE FLAG FOR CAR 9 (MAZ) TIMED AT 14:56:24,,BLUE,Driver,,9,32.0,2021,17,United States Grand Prix
2021-10-24 19:57:14,Flag,WAVED BLUE FLAG FOR CAR 6 (LAT) TIMED AT 14:57:14,,BLUE,Driver,,6,32.0,2021,17,United States Grand Prix
2021-10-24 19:57:18,Flag,WAVED BLUE FLAG FOR CAR 63 (RUS) TIMED AT 14:57:17,,BLUE,Driver,,63,32.0,2021,17,United States Grand Prix
2021-10-24 19:57:58,Other,CAR 9 (MAZ) TIME 1:48.426 DELETED - TRACK LIMITS AT TURN 19,,,,,,32.0,2021,17,United States Grand Prix
2021-10-24 19:58:20,Flag,WAVED BLUE FLAG FOR CAR 7 (RAI) TIMED AT 14:58:19,,BLUE,Driver,,7,33.0,2021,17,United States Grand Prix
2021-10-24 20:00:08,Flag,WAVED BLUE FLAG FOR CAR 22 (TSU) TIMED AT 15:00:07,,BLUE,Driver,,22,34.0,2021,17,United States Grand Prix
2021-10-24 20:00:40,Flag,WAVED BLUE FLAG FOR CAR 18 (STR) TIMED AT 15:00:39,,BLUE,Driver,,18,34.0,2021,17,United States Grand Prix
2021-10-24 20:01:35,Flag,WAVED BLUE FLAG FOR CAR 31 (OCO) TIMED AT 15:01:35,,BLUE,Driver,,31,35.0,2021,17,United States Grand Prix
2021-10-24 20:01:47,Other,CAR 7 (RAI) TIME 1:42.505 DELETED - TRACK LIMITS AT TURN 19,,,,,,35.0,2021,17,United States Grand Prix
2021-10-24 20:02:31,Flag,WAVED BLUE FLAG FOR CAR 6 (LAT) TIMED AT 15:02:31,,BLUE,Driver,,6,35.0,2021,17,United States Grand Prix
2021-10-24 20:08:53,Flag,WAVED BLUE FLAG FOR CAR 99 (GIO) TIMED AT 15:08:53,,BLUE,Driver,,99,39.0,2021,17,United States Grand Prix
2021-10-24 20:08:54,Flag,WAVED BLUE FLAG FOR CAR 31 (OCO) TIMED AT 15:08:54,,BLUE,Driver,,31,39.0,2021,17,United States Grand Prix
2021-10-24 20:09:02,Flag,WAVED BLUE FLAG FOR CAR 9 (MAZ) TIMED AT 15:09:02,,BLUE,Driver,,9,39.0,2021,17,United States Grand Prix
2021-10-24 20:10:23,Flag,WAVED BLUE FLAG FOR CAR 6 (LAT) TIMED AT 15:10:22,,BLUE,Driver,,6,40.0,2021,17,United States Grand Prix
2021-10-24 20:10:27,Flag,WAVED BLUE FLAG FOR CAR 5 (VET) TIMED AT 15:10:26,,BLUE,Driver,,5,40.0,2021,17,United States Grand Prix
2021-10-24 20:10:32,Flag,WAVED BLUE FLAG FOR CAR 6 (LAT) TIMED AT 15:10:32,,BLUE,Driver,,6,40.0,2021,17,United States Grand Prix
2021-10-24 20:12:40,Flag,WAVED BLUE FLAG FOR CAR 9 (MAZ) TIMED AT 15:12:39,,BLUE,Driver,,9,41.0,2021,17,United States Grand Prix
2021-10-24 20:13:18,Flag,WAVED BLUE FLAG FOR CAR 7 (RAI) TIMED AT 15:13:18,,BLUE,Driver,,7,41.0,2021,17,United States Grand Prix
2021-10-24 20:13:45,Other,CAR 9 (MAZ) TIME 1:46.284 DELETED - TRACK LIMITS AT TURN 9,,,,,,42.0,2021,17,United States Grand Prix
2021-10-24 20:13:49,Other,CAR 63 (RUS) TIME 1:42.221 DELETED - TRACK LIMITS AT TURN 9,,,,,,42.0,2021,17,United States Grand Prix
2021-10-24 20:13:50,Other,CAR 7 (RAI) TIME 1:41.585 DELETED - TRACK LIMITS AT TURN 19,,,,,,42.0,2021,17,United States Grand Prix
2021-10-24 20:13:56,Flag,WAVED BLUE FLAG FOR CAR 99 (GIO) TIMED AT 15:13:56,,BLUE,Driver,,99,42.0,2021,17,United States Grand Prix
2021-10-24 20:14:08,Other,BLACK AND WHITE FLAG FOR CAR 9 (MAZ),,,,,,42.0,2021,17,United States Grand Prix
2021-10-24 20:14:17,Flag,WAVED BLUE FLAG FOR CAR 63 (RUS) TIMED AT 15:14:17,,BLUE,Driver,,63,42.0,2021,17,United States Grand Prix
2021-10-24 20:14:22,Other,BLACK AND WHITE FLAG FOR CAR 7 (RAI),,,,,,42.0,2021,17,United States Grand Prix
2021-10-24 20:14:26,Flag,WAVED BLUE FLAG FOR CAR 9 (MAZ) TIMED AT 15:14:26,,BLUE,Driver,,9,42.0,2021,17,United States Grand Prix
2021-10-24 20:14:35,Flag,WAVED BLUE FLAG FOR CAR 22 (TSU) TIMED AT 15:14:34,,BLUE,Driver,,22,42.0,2021,17,United States Grand Prix
2021-10-24 20:16:05,Flag,WAVED BLUE FLAG FOR CAR 47 (MSC) TIMED AT 15:16:04,,BLUE,Driver,,47,43.0,2021,17,United States Grand Prix
2021-10-24 20:16:16,Flag,WAVED BLUE FLAG FOR CAR 7 (RAI) TIMED AT 15:16:15,,BLUE,Driver,,7,43.0,2021,17,United States Grand Prix
2021-10-24 20:16:16,Flag,WAVED BLUE FLAG FOR CAR 47 (MSC) TIMED AT 15:16:15,,BLUE,Driver,,47,43.0,2021,17,United States Grand Prix
2021-10-24 20:17:06,Flag,WAVED BLUE FLAG FOR CAR 47 (MSC) TIMED AT 15:17:05,,BLUE,Driver,,47,44.0,2021,17,United States Grand Prix
2021-10-24 20:17:10,Flag,WAVED BLUE FLAG FOR CAR 22 (TSU) TIMED AT 15:17:09,,BLUE,Driver,,22,44.0,2021,17,United States Grand Prix
2021-10-24 20:19:06,Flag,WAVED BLUE FLAG FOR CAR 9 (MAZ) TIMED AT 15:19:06,,BLUE,Driver,,9,45.0,2021,17,United States Grand Prix
2021-10-24 20:19:38,Flag,WAVED BLUE FLAG FOR CAR 18 (STR) TIMED AT 15:19:37,,BLUE,Driver,,18,45.0,2021,17,United States Grand Prix
2021-10-24 20:22:40,Flag,WAVED BLUE FLAG FOR CAR 63 (RUS) TIMED AT 15:22:40,,BLUE,Driver,,63,47.0,2021,17,United States Grand Prix
2021-10-24 20:24:43,Other,CAR 47 (MSC) TIME 1:42.189 DELETED - TRACK LIMITS AT TURN 19,,,,,,48.0,2021,17,United States Grand Prix
2021-10-24 20:25:40,Other,CAR 18 (STR) TIME 1:41.381 DELETED - TRACK LIMITS AT TURN 9,,,,,,49.0,2021,17,United States Grand Prix
2021-10-24 20:25:50,Flag,BLACK AND WHITE FLAG FOR CAR 18 (STR) - TRACK LIMITS,,BLACK AND WHITE,Driver,,18,49.0,2021,17,United States Grand Prix
2021-10-24 20:28:08,Flag,WAVED BLUE FLAG FOR CAR 18 (STR) TIMED AT 15:28:07,,BLUE,Driver,,18,50.0,2021,17,United States Grand Prix
2021-10-24 20:29:10,Flag,WAVED BLUE FLAG FOR CAR 6 (LAT) TIMED AT 15:29:10,,BLUE,Driver,,6,51.0,2021,17,United States Grand Prix
2021-10-24 20:29:50,Flag,WAVED BLUE FLAG FOR CAR 6 (LAT) TIMED AT 15:29:49,,BLUE,Driver,,6,51.0,2021,17,United States Grand Prix
2021-10-24 20:30:52,Flag,WAVED BLUE FLAG FOR CAR 6 (LAT) TIMED AT 15:30:52,,BLUE,Driver,,6,52.0,2021,17,United States Grand Prix
2021-10-24 20:32:22,Other,CAR 5 (VET) TIME 1:41.439 DELETED - TRACK LIMITS AT TURN 19,,,,,,53.0,2021,17,United States Grand Prix
2021-10-24 20:32:33,Flag,YELLOW IN TRACK SECTOR 6,,YELLOW,Sector,6.0,,53.0,2021,17,United States Grand Prix
2021-10-24 20:32:37,Flag,CLEAR IN TRACK SECTOR 6,,CLEAR,Sector,6.0,,53.0,2021,17,United States Grand Prix
2021-10-24 20:32:45,Flag,WAVED BLUE FLAG FOR CAR 7 (RAI) TIMED AT 15:32:45,,BLUE,Driver,,7,53.0,2021,17,United States Grand Prix
2021-10-24 20:32:56,CarEvent,CAR 7 (RAI) SPUN AND CONTINUED AT TURN 6,,,,,7,53.0,2021,17,United States Grand Prix
2021-10-24 20:33:15,Flag,WAVED BLUE FLAG FOR CAR 9 (MAZ) TIMED AT 15:33:14,,BLUE,Driver,,9,53.0,2021,17,United States Grand Prix
2021-10-24 20:33:44,Flag,WAVED BLUE FLAG FOR CAR 9 (MAZ) TIMED AT 15:33:44,,BLUE,Driver,,9,54.0,2021,17,United States Grand Prix
2021-10-24 20:34:21,Flag,WAVED BLUE FLAG FOR CAR 9 (MAZ) TIMED AT 15:34:20,,BLUE,Driver,,9,54.0,2021,17,United States Grand Prix
2021-10-24 20:34:39,Flag,WAVED BLUE FLAG FOR CAR 7 (RAI) TIMED AT 15:34:38,,BLUE,Driver,,7,54.0,2021,17,United States Grand Prix
2021-10-24 20:36:17,Flag,WAVED BLUE FLAG FOR CAR 47 (MSC) TIMED AT 15:36:16,,BLUE,Driver,,47,55.0,2021,17,United States Grand Prix
2021-10-24 20:36:37,Flag,WAVED BLUE FLAG FOR CAR 99 (GIO) TIMED AT 15:36:37,,BLUE,Driver,,99,55.0,2021,17,United States Grand Prix
2021-10-24 20:38:16,Flag,CHEQUERED FLAG,,CHEQUERED,Track,,,56.0,2021,17,United States Grand Prix
2021-10-24 20:39:25,Other,CAR 5 (VET) TIME 1:41.639 DELETED - TRACK LIMITS AT TURN 19,,,,,,56.0,2021,17,United States Grand Prix
2021-10-24 20:39:57,Other,CAR 6 (LAT) TIME 1:43.709 DELETED - TRACK LIMITS AT TURN 9,,,,,,56.0,2021,17,United States Grand Prix
2021-11-07 18:20:01,Flag,GREEN LIGHT - PIT EXIT OPEN,,GREEN,Track,,,1.0,2021,18,Mexico City Grand Prix
2021-11-07 18:30:00,Other,PIT EXIT CLOSED,,,,,,1.0,2021,18,Mexico City Grand Prix
2021-11-07 18:45:02,Other,RISK OF RAIN FOR F1 RACE IS 0%,,,,,,1.0,2021,18,Mexico City Grand Prix
2021-11-07 18:57:16,Drs,DRS DISABLED,DISABLED,,,,,1.0,2021,18,Mexico City Grand Prix
2021-11-07 19:03:05,Flag,GREEN LIGHT - PIT EXIT OPEN,,GREEN,Track,,,1.0,2021,18,Mexico City Grand Prix
2021-11-07 19:03:26,Flag,YELLOW IN TRACK SECTOR 3,,YELLOW,Sector,3.0,,1.0,2021,18,Mexico City Grand Prix
2021-11-07 19:03:43,Flag,DOUBLE YELLOW IN TRACK SECTOR 3,,DOUBLE YELLOW,Sector,3.0,,1.0,2021,18,Mexico City Grand Prix
2021-11-07 19:04:03,SafetyCar,SAFETY CAR DEPLOYED,DEPLOYED,,,,,1.0,2021,18,Mexico City Grand Prix
2021-11-07 19:04:13,CarEvent,CAR 22 (TSU) STOPPED AT TURN 2,,,,,22,1.0,2021,18,Mexico City Grand Prix
2021-11-07 19:05:05,Other,CAR 47 (MSC) STOPPED AT TURN 3-4,,,,,,2.0,2021,18,Mexico City Grand Prix
2021-11-07 19:06:55,Other,LAP 1 TURNS 1-2 INCIDENT NOTED,,,,,,2.0,2021,18,Mexico City Grand Prix
2021-11-07 19:10:06,SafetyCar,SAFETY CAR IN THIS LAP,IN THIS LAP,,,,,4.0,2021,18,Mexico City Grand Prix
2021-11-07 19:10:39,Flag,CLEAR IN TRACK SECTOR 3,,CLEAR,Sector,3.0,,4.0,2021,18,Mexico City Grand Prix
2021-11-07 19:11:09,Flag,TRACK CLEAR,,CLEAR,Track,,,4.0,2021,18,Mexico City Grand Prix
2021-11-07 19:14:11,Other,TURN 7 INCIDENT INVOLVING CARS 3 (RIC) AND 18 (STR) NOTED,,,,,,7.0,2021,18,Mexico City Grand Prix
2021-11-07 19:14:39,Drs,DRS ENABLED,ENABLED,,,,,7.0,2021,18,Mexico City Grand Prix
2021-11-07 19:15:02,Other,LAP 1 TURNS 1-2 INCIDENT NO INVESTIGATION NECESSARY,,,,,,7.0,2021,18,Mexico City Grand Prix
2021-11-07 19:17:11,Other,TURN 7 INCIDENT INVOLVING CARS 3 (RIC) AND 18 (STR) NO INVESTIGATION NECESSARY,,,,,,9.0,2021,18,Mexico City Grand Prix
2021-11-07 19:29:48,Flag,WAVED BLUE FLAG FOR CAR 9 (MAZ) TIMED AT 13:29:47,,BLUE,Driver,,9,18.0,2021,18,Mexico City Grand Prix
2021-11-07 19:31:26,Flag,WAVED BLUE FLAG FOR CAR 6 (LAT) TIMED AT 13:31:25,,BLUE,Driver,,6,19.0,2021,18,Mexico City Grand Prix
2021-11-07 19:32:41,Flag,WAVED BLUE FLAG FOR CAR 9 (MAZ) TIMED AT 13:32:41,,BLUE,Driver,,9,20.0,2021,18,Mexico City Grand Prix
2021-11-07 19:33:24,Flag,WAVED BLUE FLAG FOR CAR 9 (MAZ) TIMED AT 13:33:24,,BLUE,Driver,,9,21.0,2021,18,Mexico City Grand Prix
2021-11-07 19:35:08,Flag,WAVED BLUE FLAG FOR CAR 6 (LAT) TIMED AT 13:35:07,,BLUE,Driver,,6,22.0,2021,18,Mexico City Grand Prix
2021-11-07 19:35:33,Flag,WAVED BLUE FLAG FOR CAR 6 (LAT) TIMED AT 13:35:32,,BLUE,Driver,,6,22.0,2021,18,Mexico City Grand Prix
2021-11-07 19:37:55,Flag,WAVED BLUE FLAG FOR CAR 18 (STR) TIMED AT 13:37:55,,BLUE,Driver,,18,24.0,2021,18,Mexico City Grand Prix
2021-11-07 19:38:58,Flag,WAVED BLUE FLAG FOR CAR 9 (MAZ) TIMED AT 13:38:57,,BLUE,Driver,,9,25.0,2021,18,Mexico City Grand Prix
2021-11-07 19:39:55,Flag,WAVED BLUE FLAG FOR CAR 9 (MAZ) TIMED AT 13:39:55,,BLUE,Driver,,9,26.0,2021,18,Mexico City Grand Prix
2021-11-07 19:40:02,Flag,WAVED BLUE FLAG FOR CAR 31 (OCO) TIMED AT 13:40:01,,BLUE,Driver,,31,26.0,2021,18,Mexico City Grand Prix
2021-11-07 19:40:51,Flag,WAVED BLUE FLAG FOR CAR 9 (MAZ) TIMED AT 13:40:51,,BLUE,Driver,,9,26.0,2021,18,Mexico City Grand Prix
2021-11-07 19:41:23,Flag,WAVED BLUE FLAG FOR CAR 63 (RUS) TIMED AT 13:41:23,,BLUE,Driver,,63,27.0,2021,18,Mexico City Grand Prix
2021-11-07 19:44:47,Flag,WAVED BLUE FLAG FOR CAR 18 (STR) TIMED AT 13:44:47,,BLUE,Driver,,18,29.0,2021,18,Mexico City Grand Prix
2021-11-07 19:44:56,CarEvent,CAR 5 (VET) OFF TRACK AND CONTINUED AT TURN 12,,,,,5,29.0,2021,18,Mexico City Grand Prix
2021-11-07 19:45:33,Flag,WAVED BLUE FLAG FOR CAR 6 (LAT) TIMED AT 13:45:32,,BLUE,Driver,,6,30.0,2021,18,Mexico City Grand Prix
2021-11-07 19:46:46,Flag,WAVED BLUE FLAG FOR CAR 6 (LAT) TIMED AT 13:46:46,,BLUE,Driver,,6,31.0,2021,18,Mexico City Grand Prix
2021-11-07 19:47:13,Flag,WAVED BLUE FLAG FOR CAR 6 (LAT) TIMED AT 13:47:12,,BLUE,Driver,,6,31.0,2021,18,Mexico City Grand Prix
2021-11-07 19:47:15,Flag,WAVED BLUE FLAG FOR CAR 99 (GIO) TIMED AT 13:47:14,,BLUE,Driver,,99,31.0,2021,18,Mexico City Grand Prix
2021-11-07 19:47:19,Flag,WAVED BLUE FLAG FOR CAR 18 (STR) TIMED AT 13:47:18,,BLUE,Driver,,18,31.0,2021,18,Mexico City Grand Prix
2021-11-07 19:47:27,Flag,WAVED BLUE FLAG FOR CAR 9 (MAZ) TIMED AT 13:47:26,,BLUE,Driver,,9,31.0,2021,18,Mexico City Grand Prix
2021-11-07 19:48:15,Flag,WAVED BLUE FLAG FOR CAR 9 (MAZ) TIMED AT 13:48:14,,BLUE,Driver,,9,32.0,2021,18,Mexico City Grand Prix
2021-11-07 19:48:18,Flag,WAVED BLUE FLAG FOR CAR 6 (LAT) TIMED AT 13:48:17,,BLUE,Driver,,6,32.0,2021,18,Mexico City Grand Prix
2021-11-07 19:48:52,Flag,WAVED BLUE FLAG FOR CAR 31 (OCO) TIMED AT 13:48:51,,BLUE,Driver,,31,32.0,2021,18,Mexico City Grand Prix
2021-11-07 19:49:33,Flag,WAVED BLUE FLAG FOR CAR 9 (MAZ) TIMED AT 13:49:33,,BLUE,Driver,,9,33.0,2021,18,Mexico City Grand Prix
2021-11-07 19:49:44,Flag,WAVED BLUE FLAG FOR CAR 63 (RUS) TIMED AT 13:49:44,,BLUE,Driver,,63,33.0,2021,18,Mexico City Grand Prix
2021-11-07 19:49:49,Flag,WAVED BLUE FLAG FOR CAR 9 (MAZ) TIMED AT 13:49:49,,BLUE,Driver,,9,33.0,2021,18,Mexico City Grand Prix
2021-11-07 19:50:00,Flag,WAVED BLUE FLAG FOR CAR 77 (BOT) TIMED AT 13:50:00,,BLUE,Driver,,77,33.0,2021,18,Mexico City Grand Prix
2021-11-07 19:52:39,Flag,WAVED BLUE FLAG FOR CAR 9 (MAZ) TIMED AT 13:52:39,,BLUE,Driver,,9,35.0,2021,18,Mexico City Grand Prix
2021-11-07 19:52:53,Flag,WAVED BLUE FLAG FOR CAR 18 (STR) TIMED AT 13:52:52,,BLUE,Driver,,18,35.0,2021,18,Mexico City Grand Prix
2021-11-07 19:52:59,Other,CAR 9 (MAZ) TIME 1:23.857 DELETED - TRACK LIMITS AT TURN 11,,,,,,35.0,2021,18,Mexico City Grand Prix
2021-11-07 19:53:18,Flag,WAVED BLUE FLAG FOR CAR 31 (OCO) TIMED AT 13:53:18,,BLUE,Driver,,31,35.0,2021,18,Mexico City Grand Prix
2021-11-07 19:53:56,Flag,WAVED BLUE FLAG FOR CAR 63 (RUS) TIMED AT 13:53:55,,BLUE,Driver,,63,36.0,2021,18,Mexico City Grand Prix
2021-11-07 19:56:14,Flag,WAVED BLUE FLAG FOR CAR 9 (MAZ) TIMED AT 13:56:13,,BLUE,Driver,,9,38.0,2021,18,Mexico City Grand Prix
2021-11-07 19:57:02,Flag,WAVED BLUE FLAG FOR CAR 31 (OCO) TIMED AT 13:57:01,,BLUE,Driver,,31,38.0,2021,18,Mexico City Grand Prix
2021-11-07 19:57:05,Flag,WAVED BLUE FLAG FOR CAR 9 (MAZ) TIMED AT 13:57:04,,BLUE,Driver,,9,38.0,2021,18,Mexico City Grand Prix
2021-11-07 19:57:19,Flag,WAVED BLUE FLAG FOR CAR 6 (LAT) TIMED AT 13:57:19,,BLUE,Driver,,6,38.0,2021,18,Mexico City Grand Prix
2021-11-07 19:57:23,Flag,WAVED BLUE FLAG FOR CAR 99 (GIO) TIMED AT 13:57:22,,BLUE,Driver,,99,38.0,2021,18,Mexico City Grand Prix
2021-11-07 19:57:38,Flag,WAVED BLUE FLAG FOR CAR 63 (RUS) TIMED AT 13:57:37,,BLUE,Driver,,63,39.0,2021,18,Mexico City Grand Prix
2021-11-07 19:58:28,Flag,WAVED BLUE FLAG FOR CAR 6 (LAT) TIMED AT 13:58:27,,BLUE,Driver,,6,39.0,2021,18,Mexico City Grand Prix
2021-11-07 19:59:45,Flag,WAVED BLUE FLAG FOR CAR 99 (GIO) TIMED AT 13:59:45,,BLUE,Driver,,99,40.0,2021,18,Mexico City Grand Prix
2021-11-07 20:00:47,Flag,WAVED BLUE FLAG FOR CAR 63 (RUS) TIMED AT 14:00:47,,BLUE,Driver,,63,41.0,2021,18,Mexico City Grand Prix
2021-11-07 20:02:01,Flag,WAVED BLUE FLAG FOR CAR 31 (OCO) TIMED AT 14:02:01,,BLUE,Driver,,31,42.0,2021,18,Mexico City Grand Prix
2021-11-07 20:02:23,Flag,WAVED BLUE FLAG FOR CAR 77 (BOT) TIMED AT 14:02:23,,BLUE,Driver,,77,42.0,2021,18,Mexico City Grand Prix
2021-11-07 20:02:41,Flag,WAVED BLUE FLAG FOR CAR 9 (MAZ) TIMED AT 14:02:40,,BLUE,Driver,,9,42.0,2021,18,Mexico City Grand Prix
2021-11-07 20:04:22,Flag,WAVED BLUE FLAG FOR CAR 3 (RIC) TIMED AT 14:04:21,,BLUE,Driver,,3,44.0,2021,18,Mexico City Grand Prix
2021-11-07 20:04:48,Flag,WAVED BLUE FLAG FOR CAR 18 (STR) TIMED AT 14:04:48,,BLUE,Driver,,18,44.0,2021,18,Mexico City Grand Prix
2021-11-07 20:05:20,Flag,WAVED BLUE FLAG FOR CAR 99 (GIO) TIMED AT 14:05:19,,BLUE,Driver,,99,44.0,2021,18,Mexico City Grand Prix
2021-11-07 20:05:30,Flag,WAVED BLUE FLAG FOR CAR 9 (MAZ) TIMED AT 14:05:29,,BLUE,Driver,,9,44.0,2021,18,Mexico City Grand Prix
2021-11-07 20:09:07,Flag,WAVED BLUE FLAG FOR CAR 9 (MAZ) TIMED AT 14:09:07,,BLUE,Driver,,9,47.0,2021,18,Mexico City Grand Prix
2021-11-07 20:09:32,Flag,WAVED BLUE FLAG FOR CAR 99 (GIO) TIMED AT 14:09:32,,BLUE,Driver,,99,47.0,2021,18,Mexico City Grand Prix
2021-11-07 20:10:06,Flag,WAVED BLUE FLAG FOR CAR 6 (LAT) TIMED AT 14:10:05,,BLUE,Driver,,6,48.0,2021,18,Mexico City Grand Prix
2021-11-07 20:10:41,Flag,WAVED BLUE FLAG FOR CAR 14 (ALO) TIMED AT 14:10:40,,BLUE,Driver,,14,48.0,2021,18,Mexico City Grand Prix
2021-11-07 20:11:03,Flag,WAVED BLUE FLAG FOR CAR 9 (MAZ) TIMED AT 14:11:03,,BLUE,Driver,,9,49.0,2021,18,Mexico City Grand Prix
2021-11-07 20:11:32,Flag,WAVED BLUE FLAG FOR CAR 6 (LAT) TIMED AT 14:11:31,,BLUE,Driver,,6,49.0,2021,18,Mexico City Grand Prix
2021-11-07 20:12:41,Flag,WAVED BLUE FLAG FOR CAR 9 (MAZ) TIMED AT 14:12:40,,BLUE,Driver,,9,50.0,2021,18,Mexico City Grand Prix
2021-11-07 20:12:56,Flag,WAVED BLUE FLAG FOR CAR 63 (RUS) TIMED AT 14:12:56,,BLUE,Driver,,63,50.0,2021,18,Mexico City Grand Prix
2021-11-07 20:13:32,Flag,WAVED BLUE FLAG FOR CAR 9 (MAZ) TIMED AT 14:13:32,,BLUE,Driver,,9,50.0,2021,18,Mexico City Grand Prix
2021-11-07 20:13:55,Flag,WAVED BLUE FLAG FOR CAR 9 (MAZ) TIMED AT 14:13:54,,BLUE,Driver,,9,51.0,2021,18,Mexico City Grand Prix
2021-11-07 20:14:42,Flag,WAVED BLUE FLAG FOR CAR 6 (LAT) TIMED AT 14:14:41,,BLUE,Driver,,6,51.0,2021,18,Mexico City Grand Prix
2021-11-07 20:16:59,Flag,WAVED BLUE FLAG FOR CAR 9 (MAZ) TIMED AT 14:16:59,,BLUE,Driver,,9,53.0,2021,18,Mexico City Grand Prix
2021-11-07 20:18:17,Flag,WAVED BLUE FLAG FOR CAR 18 (STR) TIMED AT 14:18:16,,BLUE,Driver,,18,54.0,2021,18,Mexico City Grand Prix
2021-11-07 20:18:59,Flag,WAVED BLUE FLAG FOR CAR 18 (STR) TIMED AT 14:18:59,,BLUE,Driver,,18,55.0,2021,18,Mexico City Grand Prix
2021-11-07 20:19:07,Flag,WAVED BLUE FLAG FOR CAR 63 (RUS) TIMED AT 14:19:06,,BLUE,Driver,,63,55.0,2021,18,Mexico City Grand Prix
2021-11-07 20:19:26,Flag,WAVED BLUE FLAG FOR CAR 63 (RUS) TIMED AT 14:19:26,,BLUE,Driver,,63,55.0,2021,18,Mexico City Grand Prix
2021-11-07 20:20:28,Flag,WAVED BLUE FLAG FOR CAR 9 (MAZ) TIMED AT 14:20:27,,BLUE,Driver,,9,56.0,2021,18,Mexico City Grand Prix
2021-11-07 20:20:39,Flag,WAVED BLUE FLAG FOR CAR 7 (RAI) TIMED AT 14:20:38,,BLUE,Driver,,7,56.0,2021,18,Mexico City Grand Prix
2021-11-07 20:23:34,CarEvent,CAR 44 (HAM) OFF TRACK AND CONTINUED AT TURN 12,,,,,44,58.0,2021,18,Mexico City Grand Prix
2021-11-07 20:24:39,Flag,WAVED BLUE FLAG FOR CAR 5 (VET) TIMED AT 14:24:38,,BLUE,Driver,,5,59.0,2021,18,Mexico City Grand Prix
2021-11-07 20:24:43,Flag,WAVED BLUE FLAG FOR CAR 9 (MAZ) TIMED AT 14:24:42,,BLUE,Driver,,9,59.0,2021,18,Mexico City Grand Prix
2021-11-07 20:25:56,Flag,WAVED BLUE FLAG FOR CAR 9 (MAZ) TIMED AT 14:25:55,,BLUE,Driver,,9,60.0,2021,18,Mexico City Grand Prix
2021-11-07 20:26:08,Flag,WAVED BLUE FLAG FOR CAR 63 (RUS) TIMED AT 14:26:07,,BLUE,Driver,,63,60.0,2021,18,Mexico City Grand Prix
2021-11-07 20:26:48,Flag,WAVED BLUE FLAG FOR CAR 63 (RUS) TIMED AT 14:26:48,,BLUE,Driver,,63,60.0,2021,18,Mexico City Grand Prix
2021-11-07 20:27:42,Flag,WAVED BLUE FLAG FOR CAR 9 (MAZ) TIMED AT 14:27:42,,BLUE,Driver,,9,61.0,2021,18,Mexico City Grand Prix
2021-11-07 20:27:54,CarEvent,CAR 10 (GAS) OFF TRACK AND CONTINUED AT TURN 12,,,,,10,61.0,2021,18,Mexico City Grand Prix
2021-11-07 20:28:40,Flag,WAVED BLUE FLAG FOR CAR 63 (RUS) TIMED AT 14:28:39,,BLUE,Driver,,63,62.0,2021,18,Mexico City Grand Prix
2021-11-07 20:28:45,Flag,WAVED BLUE FLAG FOR CAR 4 (NOR) TIMED AT 14:28:44,,BLUE,Driver,,4,62.0,2021,18,Mexico City Grand Prix
2021-11-07 20:31:20,Flag,WAVED BLUE FLAG FOR CAR 18 (STR) TIMED AT 14:31:19,,BLUE,Driver,,18,64.0,2021,18,Mexico City Grand Prix
2021-11-07 20:32:01,Flag,WAVED BLUE FLAG FOR CAR 14 (ALO) TIMED AT 14:32:00,,BLUE,Driver,,14,64.0,2021,18,Mexico City Grand Prix
2021-11-07 20:32:05,Flag,WAVED BLUE FLAG FOR CAR 31 (OCO) TIMED AT 14:32:05,,BLUE,Driver,,31,64.0,2021,18,Mexico City Grand Prix
2021-11-07 20:32:12,Flag,WAVED BLUE FLAG FOR CAR 63 (RUS) TIMED AT 14:32:12,,BLUE,Driver,,63,64.0,2021,18,Mexico City Grand Prix
2021-11-07 20:32:50,Flag,WAVED BLUE FLAG FOR CAR 63 (RUS) TIMED AT 14:32:49,,BLUE,Driver,,63,65.0,2021,18,Mexico City Grand Prix
2021-11-07 20:32:52,Flag,WAVED BLUE FLAG FOR CAR 14 (ALO) TIMED AT 14:32:51,,BLUE,Driver,,14,65.0,2021,18,Mexico City Grand Prix
2021-11-07 20:32:59,Flag,WAVED BLUE FLAG FOR CAR 63 (RUS) TIMED AT 14:32:59,,BLUE,Driver,,63,65.0,2021,18,Mexico City Grand Prix
2021-11-07 20:33:29,Flag,WAVED BLUE FLAG FOR CAR 14 (ALO) TIMED AT 14:33:28,,BLUE,Driver,,14,65.0,2021,18,Mexico City Grand Prix
2021-11-07 20:33:46,Flag,WAVED BLUE FLAG FOR CAR 63 (RUS) TIMED AT 14:33:45,,BLUE,Driver,,63,66.0,2021,18,Mexico City Grand Prix
2021-11-07 20:33:46,Flag,WAVED BLUE FLAG FOR CAR 77 (BOT) TIMED AT 14:33:46,,BLUE,Driver,,77,66.0,2021,18,Mexico City Grand Prix
2021-11-07 20:36:30,Flag,WAVED BLUE FLAG FOR CAR 77 (BOT) TIMED AT 14:36:29,,BLUE,Driver,,77,68.0,2021,18,Mexico City Grand Prix
2021-11-07 20:37:01,Flag,WAVED BLUE FLAG FOR CAR 77 (BOT) TIMED AT 14:37:00,,BLUE,Driver,,77,68.0,2021,18,Mexico City Grand Prix
2021-11-07 20:37:51,Flag,WAVED BLUE FLAG FOR CAR 77 (BOT) TIMED AT 14:37:51,,BLUE,Driver,,77,69.0,2021,18,Mexico City Grand Prix
2021-11-07 20:40:05,Flag,WAVED BLUE FLAG FOR CAR 55 (SAI) TIMED AT 14:40:05,,BLUE,Driver,,55,70.0,2021,18,Mexico City Grand Prix
2021-11-07 20:41:41,Flag,WAVED BLUE FLAG FOR CAR 16 (LEC) TIMED AT 14:41:40,,BLUE,Driver,,16,71.0,2021,18,Mexico City Grand Prix
2021-11-07 20:41:56,Flag,CHEQUERED FLAG,,CHEQUERED,Track,,,71.0,2021,18,Mexico City Grand Prix
2021-11-14 16:20:00,Flag,GREEN LIGHT - PIT EXIT OPEN,,GREEN,Track,,,1.0,2021,19,São Paulo Grand Prix
2021-11-14 16:30:00,Other,PIT EXIT CLOSED,,,,,,1.0,2021,19,São Paulo Grand Prix
2021-11-14 16:45:03,Other,RISK OF RAIN FOR F1 RACE IS 0%,,,,,,1.0,2021,19,São Paulo Grand Prix
2021-11-14 16:57:02,Drs,DRS DISABLED,DISABLED,,,,,1.0,2021,19,São Paulo Grand Prix
2021-11-14 17:02:52,Flag,GREEN LIGHT - PIT EXIT OPEN,,GREEN,Track,,,1.0,2021,19,São Paulo Grand Prix
2021-11-14 17:04:28,Other,TURN 1 INCIDENT NOTED ,,,,,,2.0,2021,19,São Paulo Grand Prix
2021-11-14 17:05:22,Drs,DRS ENABLED,ENABLED,,,,,2.0,2021,19,São Paulo Grand Prix
2021-11-14 17:06:00,Other,TURN 1 INCIDENT NO INVESTIGATION NECESSARY ,,,,,,3.0,2021,19,São Paulo Grand Prix
2021-11-14 17:08:03,Other,TRACK SURFACE SLIPPERY IN TRACK SECTOR 2,,,,,,5.0,2021,19,São Paulo Grand Prix
2021-11-14 17:09:27,Other,CAR 10 (GAS) TIME 1:16.073 DELETED - TRACK LIMITS AT TURN 4,,,,,,6.0,2021,19,São Paulo Grand Prix
2021-11-14 17:09:53,SafetyCar,SAFETY CAR DEPLOYED,DEPLOYED,,,,,6.0,2021,19,São Paulo Grand Prix
2021-11-14 17:09:53,Flag,CLEAR IN TRACK SECTOR 2,,CLEAR,Sector,2.0,,6.0,2021,19,São Paulo Grand Prix
2021-11-14 17:11:25,SafetyCar,SAFETY CAR THROUGH THE PIT LANE,THROUGH THE PIT LANE,,,,,7.0,2021,19,São Paulo Grand Prix
2021-11-14 17:15:56,Other,PIT LANE ENTRY OPEN,,,,,,9.0,2021,19,São Paulo Grand Prix
2021-11-14 17:15:59,SafetyCar,SAFETY CAR IN THIS LAP,IN THIS LAP,,,,,9.0,2021,19,São Paulo Grand Prix
2021-11-14 17:16:55,Flag,TRACK CLEAR,,CLEAR,Track,,,9.0,2021,19,São Paulo Grand Prix
2021-11-14 17:18:27,Other,TURN 1 INCIDENT INVOLVING CARS 22 (TSU) AND 18 (STR) UNDER INVESTIGATION,,,,,,10.0,2021,19,São Paulo Grand Prix
2021-11-14 17:19:47,Other,TRACK SURFACE SLIPPERY IN TRACK SECTOR 9,,,,,,11.0,2021,19,São Paulo Grand Prix
2021-11-14 17:20:10,SafetyCar,VIRTUAL SAFETY CAR DEPLOYED,DEPLOYED,,,,,12.0,2021,19,São Paulo Grand Prix
2021-11-14 17:20:10,Flag,CLEAR IN TRACK SECTOR 9,,CLEAR,Sector,9.0,,12.0,2021,19,São Paulo Grand Prix
2021-11-14 17:21:25,Flag,DOUBLE YELLOW IN TRACK SECTOR 5,,DOUBLE YELLOW,Sector,5.0,,13.0,2021,19,São Paulo Grand Prix
2021-11-14 17:21:34,Flag,CLEAR IN TRACK SECTOR 5,,CLEAR,Sector,5.0,,13.0,2021,19,São Paulo Grand Prix
2021-11-14 17:22:06,Flag,DOUBLE YELLOW IN TRACK SECTOR 9,,DOUBLE YELLOW,Sector,9.0,,13.0,2021,19,São Paulo Grand Prix
2021-11-14 17:23:13,Flag,CLEAR IN TRACK SECTOR 9,,CLEAR,Sector,9.0,,14.0,2021,19,São Paulo Grand Prix
2021-11-14 17:23:29,SafetyCar,VIRTUAL SAFETY CAR ENDING,ENDING,,,,,14.0,2021,19,São Paulo Grand Prix
2021-11-14 17:23:40,Flag,TRACK CLEAR,,CLEAR,Track,,,14.0,2021,19,São Paulo Grand Prix
2021-11-14 17:24:14,Other,TRACK SURFACE SLIPPERY IN TRACK SECTOR 13,,,,,,14.0,2021,19,São Paulo Grand Prix
2021-11-14 17:24:35,Flag,CLEAR IN TRACK SECTOR 13,,CLEAR,Sector,13.0,,15.0,2021,19,São Paulo Grand Prix
2021-11-14 17:24:58,Other,10 SECOND TIME PENALTY FOR CAR 22 (TSU) - CAUSING A COLLISION,,,,,,15.0,2021,19,São Paulo Grand Prix
2021-11-14 17:25:40,Drs,DRS ENABLED,ENABLED,,,,,15.0,2021,19,São Paulo Grand Prix
2021-11-14 17:25:44,Other,TURN 2 INCIDENT INVOLVING CARS 7 (RAI) AND 47 (MSC) NOTED,,,,,,16.0,2021,19,São Paulo Grand Prix
2021-11-14 17:26:58,Other,TURN 2 INCIDENT INVOLVING CARS 7 (RAI) AND 47 (MSC) NO INVESTIGATION NECESSARY,,,,,,17.0,2021,19,São Paulo Grand Prix
2021-11-14 17:35:27,Flag,WAVED BLUE FLAG FOR CAR 47 (MSC) TIMED AT 14:35:27,,BLUE,Driver,,47,23.0,2021,19,São Paulo Grand Prix
2021-11-14 17:37:14,Flag,WAVED BLUE FLAG FOR CAR 47 (MSC) TIMED AT 14:37:13,,BLUE,Driver,,47,25.0,2021,19,São Paulo Grand Prix
2021-11-14 17:38:04,Flag,WAVED BLUE FLAG FOR CAR 47 (MSC) TIMED AT 14:38:04,,BLUE,Driver,,47,25.0,2021,19,São Paulo Grand Prix
2021-11-14 17:38:25,Flag,WAVED BLUE FLAG FOR CAR 47 (MSC) TIMED AT 14:38:25,,BLUE,Driver,,47,26.0,2021,19,São Paulo Grand Prix
2021-11-14 17:41:41,Other,TRACK SURFACE SLIPPERY IN TRACK SECTOR 1,,,,,,28.0,2021,19,São Paulo Grand Prix
2021-11-14 17:43:15,Flag,WAVED BLUE FLAG FOR CAR 47 (MSC) TIMED AT 14:43:14,,BLUE,Driver,,47,29.0,2021,19,São Paulo Grand Prix
2021-11-14 17:43:29,Flag,WAVED BLUE FLAG FOR CAR 47 (MSC) TIMED AT 14:43:29,,BLUE,Driver,,47,30.0,2021,19,São Paulo Grand Prix
2021-11-14 17:44:10,SafetyCar,VIRTUAL SAFETY CAR DEPLOYED,DEPLOYED,,,,,30.0,2021,19,São Paulo Grand Prix
2021-11-14 17:44:10,Flag,CLEAR IN TRACK SECTOR 1,,CLEAR,Sector,1.0,,30.0,2021,19,São Paulo Grand Prix
2021-11-14 17:44:13,Flag,DOUBLE YELLOW IN TRACK SECTOR 1,,DOUBLE YELLOW,Sector,1.0,,30.0,2021,19,São Paulo Grand Prix
2021-11-14 17:44:29,Flag,DOUBLE YELLOW IN TRACK SECTOR 16,,DOUBLE YELLOW,Sector,16.0,,30.0,2021,19,São Paulo Grand Prix
2021-11-14 17:44:58,SafetyCar,VIRTUAL SAFETY CAR ENDING,ENDING,,,,,31.0,2021,19,São Paulo Grand Prix
2021-11-14 17:45:01,Flag,CLEAR IN TRACK SECTOR 16,,CLEAR,Sector,16.0,,31.0,2021,19,São Paulo Grand Prix
2021-11-14 17:45:03,Flag,CLEAR IN TRACK SECTOR 1,,CLEAR,Sector,1.0,,31.0,2021,19,São Paulo Grand Prix
2021-11-14 17:45:11,Flag,TRACK CLEAR,,CLEAR,Track,,,31.0,2021,19,São Paulo Grand Prix
2021-11-14 17:45:18,Drs,DRS ENABLED,ENABLED,,,,,31.0,2021,19,São Paulo Grand Prix
2021-11-14 17:45:35,Flag,WAVED BLUE FLAG FOR CAR 47 (MSC) TIMED AT 14:45:35,,BLUE,Driver,,47,31.0,2021,19,São Paulo Grand Prix
2021-11-14 17:45:58,Flag,WAVED BLUE FLAG FOR CAR 47 (MSC) TIMED AT 14:45:57,,BLUE,Driver,,47,31.0,2021,19,São Paulo Grand Prix
2021-11-14 17:49:38,Flag,WAVED BLUE FLAG FOR CAR 47 (MSC) TIMED AT 14:49:38,,BLUE,Driver,,47,34.0,2021,19,São Paulo Grand Prix
2021-11-14 17:52:52,Flag,WAVED BLUE FLAG FOR CAR 47 (MSC) TIMED AT 14:52:52,,BLUE,Driver,,47,37.0,2021,19,São Paulo Grand Prix
2021-11-14 17:54:10,Flag,WAVED BLUE FLAG FOR CAR 47 (MSC) TIMED AT 14:54:09,,BLUE,Driver,,47,38.0,2021,19,São Paulo Grand Prix
2021-11-14 17:56:53,Flag,WAVED BLUE FLAG FOR CAR 6 (LAT) TIMED AT 14:56:53,,BLUE,Driver,,6,40.0,2021,19,São Paulo Grand Prix
2021-11-14 17:57:33,Flag,WAVED BLUE FLAG FOR CAR 9 (MAZ) TIMED AT 14:57:32,,BLUE,Driver,,9,41.0,2021,19,São Paulo Grand Prix
2021-11-14 17:57:35,Flag,WAVED BLUE FLAG FOR CAR 6 (LAT) TIMED AT 14:57:34,,BLUE,Driver,,6,41.0,2021,19,São Paulo Grand Prix
2021-11-14 17:58:55,Flag,WAVED BLUE FLAG FOR CAR 22 (TSU) TIMED AT 14:58:55,,BLUE,Driver,,22,42.0,2021,19,São Paulo Grand Prix
2021-11-14 18:00:07,Flag,WAVED BLUE FLAG FOR CAR 9 (MAZ) TIMED AT 15:00:06,,BLUE,Driver,,9,43.0,2021,19,São Paulo Grand Prix
2021-11-14 18:00:19,Flag,WAVED BLUE FLAG FOR CAR 6 (LAT) TIMED AT 15:00:18,,BLUE,Driver,,6,43.0,2021,19,São Paulo Grand Prix
2021-11-14 18:01:05,Flag,WAVED BLUE FLAG FOR CAR 6 (LAT) TIMED AT 15:01:04,,BLUE,Driver,,6,44.0,2021,19,São Paulo Grand Prix
2021-11-14 18:01:27,Flag,WAVED BLUE FLAG FOR CAR 99 (GIO) TIMED AT 15:01:27,,BLUE,Driver,,99,44.0,2021,19,São Paulo Grand Prix
2021-11-14 18:01:53,Flag,WAVED BLUE FLAG FOR CAR 99 (GIO) TIMED AT 15:01:52,,BLUE,Driver,,99,44.0,2021,19,São Paulo Grand Prix
2021-11-14 18:02:02,Flag,WAVED BLUE FLAG FOR CAR 63 (RUS) TIMED AT 15:02:01,,BLUE,Driver,,63,44.0,2021,19,São Paulo Grand Prix
2021-11-14 18:02:26,Flag,WAVED BLUE FLAG FOR CAR 9 (MAZ) TIMED AT 15:02:26,,BLUE,Driver,,9,45.0,2021,19,São Paulo Grand Prix
2021-11-14 18:02:39,Flag,WAVED BLUE FLAG FOR CAR 22 (TSU) TIMED AT 15:02:38,,BLUE,Driver,,22,45.0,2021,19,São Paulo Grand Prix
2021-11-14 18:02:50,Flag,WAVED BLUE FLAG FOR CAR 63 (RUS) TIMED AT 15:02:49,,BLUE,Driver,,63,45.0,2021,19,São Paulo Grand Prix
2021-11-14 18:03:10,Flag,WAVED BLUE FLAG FOR CAR 6 (LAT) TIMED AT 15:03:09,,BLUE,Driver,,6,45.0,2021,19,São Paulo Grand Prix
2021-11-14 18:03:15,Other,CAR 47 (MSC) TIME 1:15.427 DELETED - TRACK LIMITS AT TURN 4,,,,,,45.0,2021,19,São Paulo Grand Prix
2021-11-14 18:03:30,Flag,WAVED BLUE FLAG FOR CAR 22 (TSU) TIMED AT 15:03:29,,BLUE,Driver,,22,45.0,2021,19,São Paulo Grand Prix
2021-11-14 18:03:39,Flag,WAVED BLUE FLAG FOR CAR 9 (MAZ) TIMED AT 15:03:39,,BLUE,Driver,,9,46.0,2021,19,São Paulo Grand Prix
2021-11-14 18:05:08,Flag,WAVED BLUE FLAG FOR CAR 99 (GIO) TIMED AT 15:05:07,,BLUE,Driver,,99,47.0,2021,19,São Paulo Grand Prix
2021-11-14 18:06:21,Flag,WAVED BLUE FLAG FOR CAR 63 (RUS) TIMED AT 15:06:20,,BLUE,Driver,,63,48.0,2021,19,São Paulo Grand Prix
2021-11-14 18:06:53,Flag,WAVED BLUE FLAG FOR CAR 99 (GIO) TIMED AT 15:06:53,,BLUE,Driver,,99,48.0,2021,19,São Paulo Grand Prix
2021-11-14 18:06:54,Flag,WAVED BLUE FLAG FOR CAR 22 (TSU) TIMED AT 15:06:53,,BLUE,Driver,,22,48.0,2021,19,São Paulo Grand Prix
2021-11-14 18:07:03,Other,TURN 4 INCIDENT INVOLVING CARS 33 (VER) AND 44 (HAM) NOTED,,,,,,48.0,2021,19,São Paulo Grand Prix
2021-11-14 18:07:59,Flag,WAVED BLUE FLAG FOR CAR 6 (LAT) TIMED AT 15:07:59,,BLUE,Driver,,6,49.0,2021,19,São Paulo Grand Prix
2021-11-14 18:08:02,Flag,WAVED BLUE FLAG FOR CAR 63 (RUS) TIMED AT 15:08:01,,BLUE,Driver,,63,49.0,2021,19,São Paulo Grand Prix
2021-11-14 18:08:08,Flag,WAVED BLUE FLAG FOR CAR 9 (MAZ) TIMED AT 15:08:07,,BLUE,Driver,,9,49.0,2021,19,São Paulo Grand Prix
2021-11-14 18:09:06,Other,CAR 33 (VER) TIME 1:14.042 DELETED - TRACK LIMITS AT TURN 4,,,,,,50.0,2021,19,São Paulo Grand Prix
2021-11-14 18:09:09,Other,CAR 44 (HAM) TIME 1:14.577 DELETED - TRACK LIMITS AT TURN 4,,,,,,50.0,2021,19,São Paulo Grand Prix
2021-11-14 18:11:18,Flag,WAVED BLUE FLAG FOR CAR 22 (TSU) TIMED AT 15:11:17,,BLUE,Driver,,22,52.0,2021,19,São Paulo Grand Prix
2021-11-14 18:11:26,Flag,WAVED BLUE FLAG FOR CAR 47 (MSC) TIMED AT 15:11:25,,BLUE,Driver,,47,52.0,2021,19,São Paulo Grand Prix
2021-11-14 18:12:14,Other,TURN 4 INCIDENT INVOLVING CARS 33 (VER) AND 44 (HAM) NO INVESTIGATION NECESSARY,,,,,,53.0,2021,19,São Paulo Grand Prix
2021-11-14 18:13:02,Flag,WAVED BLUE FLAG FOR CAR 7 (RAI) TIMED AT 15:13:02,,BLUE,Driver,,7,53.0,2021,19,São Paulo Grand Prix
2021-11-14 18:13:10,Flag,WAVED BLUE FLAG FOR CAR 9 (MAZ) TIMED AT 15:13:09,,BLUE,Driver,,9,53.0,2021,19,São Paulo Grand Prix
2021-11-14 18:13:54,Flag,WAVED BLUE FLAG FOR CAR 47 (MSC) TIMED AT 15:13:54,,BLUE,Driver,,47,54.0,2021,19,São Paulo Grand Prix
2021-11-14 18:14:56,Flag,WAVED BLUE FLAG FOR CAR 9 (MAZ) TIMED AT 15:14:56,,BLUE,Driver,,9,55.0,2021,19,São Paulo Grand Prix
2021-11-14 18:15:51,Flag,WAVED BLUE FLAG FOR CAR 9 (MAZ) TIMED AT 15:15:51,,BLUE,Driver,,9,56.0,2021,19,São Paulo Grand Prix
2021-11-14 18:16:24,Flag,WAVED BLUE FLAG FOR CAR 4 (NOR) TIMED AT 15:16:23,,BLUE,Driver,,4,56.0,2021,19,São Paulo Grand Prix
2021-11-14 18:16:47,Flag,WAVED BLUE FLAG FOR CAR 47 (MSC) TIMED AT 15:16:46,,BLUE,Driver,,47,56.0,2021,19,São Paulo Grand Prix
2021-11-14 18:17:28,Flag,WAVED BLUE FLAG FOR CAR 5 (VET) TIMED AT 15:17:28,,BLUE,Driver,,5,57.0,2021,19,São Paulo Grand Prix
2021-11-14 18:17:57,Flag,WAVED BLUE FLAG FOR CAR 47 (MSC) TIMED AT 15:17:56,,BLUE,Driver,,47,57.0,2021,19,São Paulo Grand Prix
2021-11-14 18:18:09,Flag,WAVED BLUE FLAG FOR CAR 47 (MSC) TIMED AT 15:18:08,,BLUE,Driver,,47,57.0,2021,19,São Paulo Grand Prix
2021-11-14 18:19:56,Flag,WAVED BLUE FLAG FOR CAR 47 (MSC) TIMED AT 15:19:56,,BLUE,Driver,,47,59.0,2021,19,São Paulo Grand Prix
2021-11-14 18:20:36,Flag,BLACK AND WHITE FLAG FOR CAR 33 (VER) - WEAVING ON STRAIGHT,,BLACK AND WHITE,Driver,,33,59.0,2021,19,São Paulo Grand Prix
2021-11-14 18:21:39,Flag,WAVED BLUE FLAG FOR CAR 9 (MAZ) TIMED AT 15:21:38,,BLUE,Driver,,9,60.0,2021,19,São Paulo Grand Prix
2021-11-14 18:22:02,Flag,WAVED BLUE FLAG FOR CAR 9 (MAZ) TIMED AT 15:22:01,,BLUE,Driver,,9,61.0,2021,19,São Paulo Grand Prix
2021-11-14 18:22:28,Flag,WAVED BLUE FLAG FOR CAR 6 (LAT) TIMED AT 15:22:28,,BLUE,Driver,,6,61.0,2021,19,São Paulo Grand Prix
2021-11-14 18:22:52,Flag,WAVED BLUE FLAG FOR CAR 31 (OCO) TIMED AT 15:22:51,,BLUE,Driver,,31,61.0,2021,19,São Paulo Grand Prix
2021-11-14 18:23:21,Other,CAR 4 (NOR) TIME 1:14.252 DELETED - TRACK LIMITS AT TURN 4,,,,,,62.0,2021,19,São Paulo Grand Prix
2021-11-14 18:23:42,Flag,WAVED BLUE FLAG FOR CAR 14 (ALO) TIMED AT 15:23:41,,BLUE,Driver,,14,62.0,2021,19,São Paulo Grand Prix
2021-11-14 18:23:44,Flag,WAVED BLUE FLAG FOR CAR 31 (OCO) TIMED AT 15:23:43,,BLUE,Driver,,31,62.0,2021,19,São Paulo Grand Prix
2021-11-14 18:24:24,Flag,WAVED BLUE FLAG FOR CAR 6 (LAT) TIMED AT 15:24:23,,BLUE,Driver,,6,63.0,2021,19,São Paulo Grand Prix
2021-11-14 18:24:39,Flag,WAVED BLUE FLAG FOR CAR 10 (GAS) TIMED AT 15:24:39,,BLUE,Driver,,10,63.0,2021,19,São Paulo Grand Prix
2021-11-14 18:25:30,Flag,WAVED BLUE FLAG FOR CAR 4 (NOR) TIMED AT 15:25:29,,BLUE,Driver,,4,64.0,2021,19,São Paulo Grand Prix
2021-11-14 18:26:00,Flag,WAVED BLUE FLAG FOR CAR 22 (TSU) TIMED AT 15:26:00,,BLUE,Driver,,22,64.0,2021,19,São Paulo Grand Prix
2021-11-14 18:26:02,Flag,WAVED BLUE FLAG FOR CAR 47 (MSC) TIMED AT 15:26:02,,BLUE,Driver,,47,64.0,2021,19,São Paulo Grand Prix
2021-11-14 18:26:11,Flag,WAVED BLUE FLAG FOR CAR 14 (ALO) TIMED AT 15:26:11,,BLUE,Driver,,14,64.0,2021,19,São Paulo Grand Prix
2021-11-14 18:26:51,Flag,WAVED BLUE FLAG FOR CAR 9 (MAZ) TIMED AT 15:26:50,,BLUE,Driver,,9,65.0,2021,19,São Paulo Grand Prix
2021-11-14 18:27:20,Flag,WAVED BLUE FLAG FOR CAR 9 (MAZ) TIMED AT 15:27:19,,BLUE,Driver,,9,65.0,2021,19,São Paulo Grand Prix
2021-11-14 18:27:37,Flag,WAVED BLUE FLAG FOR CAR 4 (NOR) TIMED AT 15:27:37,,BLUE,Driver,,4,65.0,2021,19,São Paulo Grand Prix
2021-11-14 18:27:43,Flag,WAVED BLUE FLAG FOR CAR 9 (MAZ) TIMED AT 15:27:42,,BLUE,Driver,,9,65.0,2021,19,São Paulo Grand Prix
2021-11-14 18:27:49,Flag,WAVED BLUE FLAG FOR CAR 4 (NOR) TIMED AT 15:27:49,,BLUE,Driver,,4,65.0,2021,19,São Paulo Grand Prix
2021-11-14 18:28:03,Flag,WAVED BLUE FLAG FOR CAR 22 (TSU) TIMED AT 15:28:02,,BLUE,Driver,,22,66.0,2021,19,São Paulo Grand Prix
2021-11-14 18:28:23,Other,CAR 7 (RAI) TIME 1:13.829 DELETED - TRACK LIMITS AT TURN 4,,,,,,66.0,2021,19,São Paulo Grand Prix
2021-11-14 18:29:23,Flag,WAVED BLUE FLAG FOR CAR 99 (GIO) TIMED AT 15:29:22,,BLUE,Driver,,99,67.0,2021,19,São Paulo Grand Prix
2021-11-14 18:29:55,Flag,WAVED BLUE FLAG FOR CAR 9 (MAZ) TIMED AT 15:29:55,,BLUE,Driver,,9,67.0,2021,19,São Paulo Grand Prix
2021-11-14 18:30:25,Flag,WAVED BLUE FLAG FOR CAR 63 (RUS) TIMED AT 15:30:24,,BLUE,Driver,,63,68.0,2021,19,São Paulo Grand Prix
2021-11-14 18:31:20,Flag,WAVED BLUE FLAG FOR CAR 31 (OCO) TIMED AT 15:31:19,,BLUE,Driver,,31,68.0,2021,19,São Paulo Grand Prix
2021-11-14 18:31:25,Flag,WAVED BLUE FLAG FOR CAR 99 (GIO) TIMED AT 15:31:24,,BLUE,Driver,,99,68.0,2021,19,São Paulo Grand Prix
2021-11-14 18:31:31,Other,CAR 47 (MSC) TIME 1:14.182 DELETED - TRACK LIMITS AT TURN 4,,,,,,68.0,2021,19,São Paulo Grand Prix
2021-11-14 18:32:28,Flag,WAVED BLUE FLAG FOR CAR 9 (MAZ) TIMED AT 15:32:28,,BLUE,Driver,,9,69.0,2021,19,São Paulo Grand Prix
2021-11-14 18:32:36,Flag,WAVED BLUE FLAG FOR CAR 63 (RUS) TIMED AT 15:32:35,,BLUE,Driver,,63,69.0,2021,19,São Paulo Grand Prix
2021-11-14 18:32:43,Flag,WAVED BLUE FLAG FOR CAR 31 (OCO) TIMED AT 15:32:43,,BLUE,Driver,,31,69.0,2021,19,São Paulo Grand Prix
2021-11-14 18:35:00,Flag,WAVED BLUE FLAG FOR CAR 14 (ALO) TIMED AT 15:35:00,,BLUE,Driver,,14,71.0,2021,19,São Paulo Grand Prix
2021-11-14 18:35:16,Flag,CHEQUERED FLAG,,CHEQUERED,Track,,,71.0,2021,19,São Paulo Grand Prix
2021-11-21 13:20:01,Flag,GREEN LIGHT - PIT EXIT OPEN,,GREEN,Track,,,1.0,2021,20,Qatar Grand Prix
2021-11-21 13:30:01,Other,PIT EXIT CLOSED,,,,,,1.0,2021,20,Qatar Grand Prix
2021-11-21 13:45:10,Other,RISK OF RAIN FOR F1 RACE IS 0%,,,,,,1.0,2021,20,Qatar Grand Prix
2021-11-21 13:57:03,Drs,DRS DISABLED,DISABLED,,,,,1.0,2021,20,Qatar Grand Prix
2021-11-21 14:01:55,Flag,YELLOW IN TRACK SECTOR 16,,YELLOW,Sector,16.0,,1.0,2021,20,Qatar Grand Prix
2021-11-21 14:01:56,Flag,CLEAR IN TRACK SECTOR 16,,CLEAR,Sector,16.0,,1.0,2021,20,Qatar Grand Prix
2021-11-21 14:03:49,Flag,GREEN LIGHT - PIT EXIT OPEN,,GREEN,Track,,,1.0,2021,20,Qatar Grand Prix
2021-11-21 14:07:13,Drs,DRS ENABLED,ENABLED,,,,,3.0,2021,20,Qatar Grand Prix
2021-11-21 14:08:37,Other,CAR 10 (GAS) TIME 1:30.886 DELETED - TRACK LIMITS AT TURN 16,,,,,,4.0,2021,20,Qatar Grand Prix
2021-11-21 14:10:04,Other,CAR 10 (GAS) TIME 1:31.260 DELETED - TRACK LIMITS AT TURN 16,,,,,,5.0,2021,20,Qatar Grand Prix
2021-11-21 14:16:12,CarEvent,CAR 18 (STR) OFF TRACK AND CONTINUED AT TURN 15,,,,,18,9.0,2021,20,Qatar Grand Prix
2021-11-21 14:19:26,Other,CAR 5 (VET) TIME 1:31.382 DELETED - TRACK LIMITS AT TURN 16,,,,,,11.0,2021,20,Qatar Grand Prix
2021-11-21 14:20:58,Other,CAR 5 (VET) TIME 1:31.343 DELETED - TRACK LIMITS AT TURN 16,,,,,,12.0,2021,20,Qatar Grand Prix
2021-11-21 14:38:18,Flag,WAVED BLUE FLAG FOR CAR 47 (MSC) TIMED AT 17:38:17,,BLUE,Driver,,47,24.0,2021,20,Qatar Grand Prix
2021-11-21 14:41:39,Flag,WAVED BLUE FLAG FOR CAR 47 (MSC) TIMED AT 17:41:39,,BLUE,Driver,,47,26.0,2021,20,Qatar Grand Prix
2021-11-21 14:43:19,Flag,WAVED BLUE FLAG FOR CAR 6 (LAT) TIMED AT 17:43:18,,BLUE,Driver,,6,27.0,2021,20,Qatar Grand Prix
2021-11-21 14:44:15,Flag,WAVED BLUE FLAG FOR CAR 9 (MAZ) TIMED AT 17:44:15,,BLUE,Driver,,9,28.0,2021,20,Qatar Grand Prix
2021-11-21 14:44:46,Flag,WAVED BLUE FLAG FOR CAR 63 (RUS) TIMED AT 17:44:46,,BLUE,Driver,,63,28.0,2021,20,Qatar Grand Prix
2021-11-21 14:46:00,Flag,WAVED BLUE FLAG FOR CAR 9 (MAZ) TIMED AT 17:46:00,,BLUE,Driver,,9,29.0,2021,20,Qatar Grand Prix
2021-11-21 14:46:40,Flag,WAVED BLUE FLAG FOR CAR 6 (LAT) TIMED AT 17:46:40,,BLUE,Driver,,6,29.0,2021,20,Qatar Grand Prix
2021-11-21 14:47:47,Other,CAR 14 (ALO) TIME 1:29.846 DELETED - TRACK LIMITS AT TURN 2,,,,,,30.0,2021,20,Qatar Grand Prix
2021-11-21 14:48:12,Flag,WAVED BLUE FLAG FOR CAR 3 (RIC) TIMED AT 17:48:12,,BLUE,Driver,,3,30.0,2021,20,Qatar Grand Prix
2021-11-21 14:48:41,Flag,WAVED BLUE FLAG FOR CAR 63 (RUS) TIMED AT 17:48:40,,BLUE,Driver,,63,31.0,2021,20,Qatar Grand Prix
2021-11-21 14:48:47,Flag,WAVED BLUE FLAG FOR CAR 99 (GIO) TIMED AT 17:48:47,,BLUE,Driver,,99,31.0,2021,20,Qatar Grand Prix
2021-11-21 14:50:15,Flag,WAVED BLUE FLAG FOR CAR 5 (VET) TIMED AT 17:50:14,,BLUE,Driver,,5,32.0,2021,20,Qatar Grand Prix
2021-11-21 14:51:30,Flag,WAVED BLUE FLAG FOR CAR 3 (RIC) TIMED AT 17:51:29,,BLUE,Driver,,3,33.0,2021,20,Qatar Grand Prix
2021-11-21 14:52:08,Flag,WAVED BLUE FLAG FOR CAR 9 (MAZ) TIMED AT 17:52:08,,BLUE,Driver,,9,33.0,2021,20,Qatar Grand Prix
2021-11-21 14:52:24,Flag,WAVED BLUE FLAG FOR CAR 9 (MAZ) TIMED AT 17:52:24,,BLUE,Driver,,9,33.0,2021,20,Qatar Grand Prix
2021-11-21 14:52:29,Flag,DOUBLE YELLOW IN TRACK SECTOR 11,,DOUBLE YELLOW,Sector,11.0,,33.0,2021,20,Qatar Grand Prix
2021-11-21 14:52:34,Flag,YELLOW IN TRACK SECTOR 12,,YELLOW,Sector,12.0,,33.0,2021,20,Qatar Grand Prix
2021-11-21 14:52:34,Flag,WAVED BLUE FLAG FOR CAR 99 (GIO) TIMED AT 17:52:34,,BLUE,Driver,,99,33.0,2021,20,Qatar Grand Prix
2021-11-21 14:52:36,Flag,YELLOW IN TRACK SECTOR 10,,YELLOW,Sector,10.0,,33.0,2021,20,Qatar Grand Prix
2021-11-21 14:52:37,Flag,YELLOW IN TRACK SECTOR 11,,YELLOW,Sector,11.0,,33.0,2021,20,Qatar Grand Prix
2021-11-21 14:52:44,Flag,CLEAR IN TRACK SECTOR 12,,CLEAR,Sector,12.0,,34.0,2021,20,Qatar Grand Prix
2021-11-21 14:52:49,Flag,CLEAR IN TRACK SECTOR 11,,CLEAR,Sector,11.0,,34.0,2021,20,Qatar Grand Prix
2021-11-21 14:52:51,Flag,CLEAR IN TRACK SECTOR 10,,CLEAR,Sector,10.0,,34.0,2021,20,Qatar Grand Prix
2021-11-21 14:52:53,CarEvent,CAR 77 (BOT) OFF TRACK AND CONTINUED AT TURN 7,,,,,77,34.0,2021,20,Qatar Grand Prix
2021-11-21 14:53:03,Flag,YELLOW IN TRACK SECTOR 16,,YELLOW,Sector,16.0,,34.0,2021,20,Qatar Grand Prix
2021-11-21 14:53:15,Flag,CLEAR IN TRACK SECTOR 16,,CLEAR,Sector,16.0,,34.0,2021,20,Qatar Grand Prix
2021-11-21 14:53:26,Flag,WAVED BLUE FLAG FOR CAR 16 (LEC) TIMED AT 17:53:25,,BLUE,Driver,,16,34.0,2021,20,Qatar Grand Prix
2021-11-21 14:53:37,Other,TRACK SURFACE SLIPPERY IN TRACK SECTOR 10,,,,,,34.0,2021,20,Qatar Grand Prix
2021-11-21 14:53:55,Other,TRACK SURFACE SLIPPERY IN TRACK SECTOR 12,,,,,,34.0,2021,20,Qatar Grand Prix
2021-11-21 14:54:01,Other,TRACK SURFACE SLIPPERY IN TRACK SECTOR 11,,,,,,34.0,2021,20,Qatar Grand Prix
2021-11-21 14:54:14,Flag,CLEAR IN TRACK SECTOR 10,,CLEAR,Sector,10.0,,35.0,2021,20,Qatar Grand Prix
2021-11-21 14:56:10,Flag,WAVED BLUE FLAG FOR CAR 5 (VET) TIMED AT 17:56:09,,BLUE,Driver,,5,36.0,2021,20,Qatar Grand Prix
2021-11-21 14:56:35,Flag,CLEAR IN TRACK SECTOR 11,,CLEAR,Sector,11.0,,36.0,2021,20,Qatar Grand Prix
2021-11-21 14:56:36,Flag,CLEAR IN TRACK SECTOR 12,,CLEAR,Sector,12.0,,36.0,2021,20,Qatar Grand Prix
2021-11-21 14:58:29,Flag,WAVED BLUE FLAG FOR CAR 9 (MAZ) TIMED AT 17:58:29,,BLUE,Driver,,9,38.0,2021,20,Qatar Grand Prix
2021-11-21 14:58:55,Flag,WAVED BLUE FLAG FOR CAR 55 (SAI) TIMED AT 17:58:55,,BLUE,Driver,,55,38.0,2021,20,Qatar Grand Prix
2021-11-21 15:00:01,Flag,WAVED BLUE FLAG FOR CAR 9 (MAZ) TIMED AT 18:00:01,,BLUE,Driver,,9,39.0,2021,20,Qatar Grand Prix
2021-11-21 15:01:49,Flag,WAVED BLUE FLAG FOR CAR 9 (MAZ) TIMED AT 18:01:48,,BLUE,Driver,,9,40.0,2021,20,Qatar Grand Prix
2021-11-21 15:02:38,Flag,WAVED BLUE FLAG FOR CAR 9 (MAZ) TIMED AT 18:02:37,,BLUE,Driver,,9,40.0,2021,20,Qatar Grand Prix
2021-11-21 15:03:09,Flag,WAVED BLUE FLAG FOR CAR 9 (MAZ) TIMED AT 18:03:09,,BLUE,Driver,,9,41.0,2021,20,Qatar Grand Prix
2021-11-21 15:03:25,Flag,WAVED BLUE FLAG FOR CAR 9 (MAZ) TIMED AT 18:03:24,,BLUE,Driver,,9,41.0,2021,20,Qatar Grand Prix
2021-11-21 15:04:57,Flag,WAVED BLUE FLAG FOR CAR 9 (MAZ) TIMED AT 18:04:57,,BLUE,Driver,,9,42.0,2021,20,Qatar Grand Prix
2021-11-21 15:08:10,Flag,WAVED BLUE FLAG FOR CAR 3 (RIC) TIMED AT 18:08:09,,BLUE,Driver,,3,44.0,2021,20,Qatar Grand Prix
2021-11-21 15:08:11,Flag,WAVED BLUE FLAG FOR CAR 9 (MAZ) TIMED AT 18:08:10,,BLUE,Driver,,9,44.0,2021,20,Qatar Grand Prix
2021-11-21 15:10:16,Flag,WAVED BLUE FLAG FOR CAR 77 (BOT) TIMED AT 18:10:15,,BLUE,Driver,,77,45.0,2021,20,Qatar Grand Prix
2021-11-21 15:11:02,Flag,WAVED BLUE FLAG FOR CAR 9 (MAZ) TIMED AT 18:11:01,,BLUE,Driver,,9,46.0,2021,20,Qatar Grand Prix
2021-11-21 15:11:18,Flag,WAVED BLUE FLAG FOR CAR 9 (MAZ) TIMED AT 18:11:17,,BLUE,Driver,,9,46.0,2021,20,Qatar Grand Prix
2021-11-21 15:13:50,Flag,WAVED BLUE FLAG FOR CAR 9 (MAZ) TIMED AT 18:13:50,,BLUE,Driver,,9,48.0,2021,20,Qatar Grand Prix
2021-11-21 15:14:31,Other,CAR 31 (OCO) TIME 1:29.029 DELETED - TRACK LIMITS AT TURN 2,,,,,,48.0,2021,20,Qatar Grand Prix
2021-11-21 15:15:11,Flag,WAVED BLUE FLAG FOR CAR 10 (GAS) TIMED AT 18:15:10,,BLUE,Driver,,10,49.0,2021,20,Qatar Grand Prix
2021-11-21 15:15:36,Flag,WAVED BLUE FLAG FOR CAR 9 (MAZ) TIMED AT 18:15:35,,BLUE,Driver,,9,49.0,2021,20,Qatar Grand Prix
2021-11-21 15:17:05,Flag,WAVED BLUE FLAG FOR CAR 5 (VET) TIMED AT 18:17:04,,BLUE,Driver,,5,50.0,2021,20,Qatar Grand Prix
2021-11-21 15:17:45,Flag,YELLOW IN TRACK SECTOR 16,,YELLOW,Sector,16.0,,51.0,2021,20,Qatar Grand Prix
2021-11-21 15:17:47,Flag,DOUBLE YELLOW IN TRACK SECTOR 16,,DOUBLE YELLOW,Sector,16.0,,51.0,2021,20,Qatar Grand Prix
2021-11-21 15:17:52,Flag,CLEAR IN TRACK SECTOR 16,,CLEAR,Sector,16.0,,51.0,2021,20,Qatar Grand Prix
2021-11-21 15:17:54,Flag,YELLOW IN TRACK SECTOR 17,,YELLOW,Sector,17.0,,51.0,2021,20,Qatar Grand Prix
2021-11-21 15:18:01,Flag,CLEAR IN TRACK SECTOR 17,,CLEAR,Sector,17.0,,51.0,2021,20,Qatar Grand Prix
2021-11-21 15:18:30,Other,CAR 99 (GIO) TIME 1:29.198 DELETED - TRACK LIMITS AT TURN 16,,,,,,51.0,2021,20,Qatar Grand Prix
2021-11-21 15:19:54,Other,CAR 99 (GIO) TIME 1:28.909 DELETED - TRACK LIMITS AT TURN 16,,,,,,52.0,2021,20,Qatar Grand Prix
2021-11-21 15:20:19,Flag,YELLOW IN TRACK SECTOR 5,,YELLOW,Sector,5.0,,52.0,2021,20,Qatar Grand Prix
2021-11-21 15:20:21,Flag,CLEAR IN TRACK SECTOR 5,,CLEAR,Sector,5.0,,52.0,2021,20,Qatar Grand Prix
2021-11-21 15:21:18,Flag,WAVED BLUE FLAG FOR CAR 10 (GAS) TIMED AT 18:21:17,,BLUE,Driver,,10,53.0,2021,20,Qatar Grand Prix
2021-11-21 15:21:50,Flag,WAVED BLUE FLAG FOR CAR 9 (MAZ) TIMED AT 18:21:49,,BLUE,Driver,,9,53.0,2021,20,Qatar Grand Prix
2021-11-21 15:22:46,Flag,CLEAR IN TRACK SECTOR 9,,CLEAR,Sector,9.0,,54.0,2021,20,Qatar Grand Prix
2021-11-21 15:24:04,Flag,WAVED BLUE FLAG FOR CAR 47 (MSC) TIMED AT 18:24:03,,BLUE,Driver,,47,55.0,2021,20,Qatar Grand Prix
2021-11-21 15:24:10,SafetyCar,VIRTUAL SAFETY CAR DEPLOYED,DEPLOYED,,,,,55.0,2021,20,Qatar Grand Prix
2021-11-21 15:26:47,SafetyCar,VIRTUAL SAFETY CAR ENDING,ENDING,,,,,57.0,2021,20,Qatar Grand Prix
2021-11-21 15:26:59,Flag,TRACK CLEAR,,CLEAR,Track,,,57.0,2021,20,Qatar Grand Prix
2021-11-21 15:27:04,Drs,DRS ENABLED,ENABLED,,,,,57.0,2021,20,Qatar Grand Prix
2021-11-21 15:28:03,Flag,WAVED BLUE FLAG FOR CAR 99 (GIO) TIMED AT 18:28:03,,BLUE,Driver,,99,57.0,2021,20,Qatar Grand Prix
2021-11-21 15:28:17,Flag,CHEQUERED FLAG,,CHEQUERED,Track,,,57.0,2021,20,Qatar Grand Prix
2021-11-21 15:28:47,Flag,WAVED BLUE FLAG FOR CAR 47 (MSC) TIMED AT 18:28:46,,BLUE,Driver,,47,57.0,2021,20,Qatar Grand Prix
2021-12-05 15:30:28,Other,AIR TEMPERATURE 2 HOURS BEFORE THE RACE =  29 DEGREES,,,,,,1.0,2021,21,Saudi Arabian Grand Prix
2021-12-05 16:50:00,Flag,GREEN LIGHT - PIT EXIT OPEN,,GREEN,Track,,,1.0,2021,21,Saudi Arabian Grand Prix
2021-12-05 17:00:00,Other,PIT EXIT CLOSED,,,,,,1.0,2021,21,Saudi Arabian Grand Prix
2021-12-05 17:03:01,Flag,DOUBLE YELLOW IN TRACK SECTOR 20,,DOUBLE YELLOW,Sector,20.0,,1.0,2021,21,Saudi Arabian Grand Prix
2021-12-05 17:03:02,Other,DRS DISABLED IN ZONE 3,,,,,,1.0,2021,21,Saudi Arabian Grand Prix
2021-12-05 17:03:19,Flag,CLEAR IN TRACK SECTOR 20,,CLEAR,Sector,20.0,,1.0,2021,21,Saudi Arabian Grand Prix
2021-12-05 17:03:20,Other,DRS ENABLED IN ZONE 3,,,,,,1.0,2021,21,Saudi Arabian Grand Prix
2021-12-05 17:15:08,Other,RISK OF RAIN FOR F1 RACE IS 0%,,,,,,1.0,2021,21,Saudi Arabian Grand Prix
2021-12-05 17:22:20,Flag,YELLOW IN TRACK SECTOR 17,,YELLOW,Sector,17.0,,1.0,2021,21,Saudi Arabian Grand Prix
2021-12-05 17:22:21,Other,DRS DISABLED IN ZONE 2,,,,,,1.0,2021,21,Saudi Arabian Grand Prix
2021-12-05 17:22:22,Other,DRS ENABLED IN ZONE 2,,,,,,1.0,2021,21,Saudi Arabian Grand Prix
2021-12-05 17:22:22,Flag,CLEAR IN TRACK SECTOR 17,,CLEAR,Sector,17.0,,1.0,2021,21,Saudi Arabian Grand Prix
2021-12-05 17:27:07,Drs,DRS DISABLED,DISABLED,,,,,1.0,2021,21,Saudi Arabian Grand Prix
2021-12-05 17:33:45,Flag,GREEN LIGHT - PIT EXIT OPEN,,GREEN,Track,,,1.0,2021,21,Saudi Arabian Grand Prix
2021-12-05 17:36:21,Other,TURN 7 INCIDENT INVOLVING CARS 18 (STR) AND 63 (RUS) NOTED,,,,,,2.0,2021,21,Saudi Arabian Grand Prix
2021-12-05 17:37:21,Drs,DRS ENABLED,ENABLED,,,,,3.0,2021,21,Saudi Arabian Grand Prix
2021-12-05 17:39:01,Other,TURN 7 INCIDENT INVOLVING CARS 18 (STR) AND 63 (RUS) NO INVESTIGATION NECESSARY,,,,,,4.0,2021,21,Saudi Arabian Grand Prix
2021-12-05 17:41:37,Other,START INCIDENT INVOLVING CARS 31 (OCO) AND 22 (TSU) NOTED,,,,,,6.0,2021,21,Saudi Arabian Grand Prix
2021-12-05 17:43:33,CarEvent,CAR 14 (ALO) MISSED THE APEX OF TURN 2,,,,,14,7.0,2021,21,Saudi Arabian Grand Prix
2021-12-05 17:44:56,Other,START INCIDENT INVOLVING CARS 31 (OCO) AND 22 (TSU) NO INVESTIGATION NECESSARY,,,,,,8.0,2021,21,Saudi Arabian Grand Prix
2021-12-05 17:48:06,Flag,YELLOW IN TRACK SECTOR 14,,YELLOW,Sector,14.0,,10.0,2021,21,Saudi Arabian Grand Prix
2021-12-05 17:48:07,Other,DRS DISABLED IN ZONE 1,,,,,,10.0,2021,21,Saudi Arabian Grand Prix
2021-12-05 17:48:17,SafetyCar,SAFETY CAR DEPLOYED,DEPLOYED,,,,,10.0,2021,21,Saudi Arabian Grand Prix
2021-12-05 17:57:00,Flag,RED FLAG,,RED,Track,,,13.0,2021,21,Saudi Arabian Grand Prix
2021-12-05 17:57:00,Flag,CLEAR IN TRACK SECTOR 14,,CLEAR,Sector,14.0,,13.0,2021,21,Saudi Arabian Grand Prix
2021-12-05 18:04:59,Other,RACE WILL RESUME AT 21:15,,,,,,14.0,2021,21,Saudi Arabian Grand Prix
2021-12-05 18:06:28,Flag,TRACK CLEAR,,CLEAR,Track,,,14.0,2021,21,Saudi Arabian Grand Prix
2021-12-05 18:16:27,Other,SAFETY CAR WILL ENTER PITS: STANDING START,,,,,,14.0,2021,21,Saudi Arabian Grand Prix
2021-12-05 18:19:54,Flag,DOUBLE YELLOW IN TRACK SECTOR 3,,DOUBLE YELLOW,Sector,3.0,,15.0,2021,21,Saudi Arabian Grand Prix
2021-12-05 18:20:07,Flag,DOUBLE YELLOW IN TRACK SECTOR 4,,DOUBLE YELLOW,Sector,4.0,,15.0,2021,21,Saudi Arabian Grand Prix
2021-12-05 18:20:30,Flag,RED FLAG,,RED,Track,,,15.0,2021,21,Saudi Arabian Grand Prix
2021-12-05 18:20:30,Flag,CLEAR IN TRACK SECTOR 3,,CLEAR,Sector,3.0,,15.0,2021,21,Saudi Arabian Grand Prix
2021-12-05 18:20:30,Flag,CLEAR IN TRACK SECTOR 4,,CLEAR,Sector,4.0,,15.0,2021,21,Saudi Arabian Grand Prix
2021-12-05 18:29:17,Other,RACE WILL RESUME AT 21:40,,,,,,16.0,2021,21,Saudi Arabian Grand Prix
2021-12-05 18:32:41,Flag,TRACK CLEAR,,CLEAR,Track,,,16.0,2021,21,Saudi Arabian Grand Prix
2021-12-05 18:41:28,Other,SAFETY CAR WILL ENTER PITS: STANDING START,,,,,,16.0,2021,21,Saudi Arabian Grand Prix
2021-12-05 18:42:49,Other,TURN 3 INCIDENT NOTED,,,,,,16.0,2021,21,Saudi Arabian Grand Prix
2021-12-05 18:48:41,Other,TURN 3 INCIDENT WILL BE INVESTIGATED AFTER THE RACE,,,,,,19.0,2021,21,Saudi Arabian Grand Prix
2021-12-05 18:52:51,Drs,DRS ENABLED,ENABLED,,,,,22.0,2021,21,Saudi Arabian Grand Prix
2021-12-05 18:54:31,Flag,DOUBLE YELLOW IN TRACK SECTOR 2,,DOUBLE YELLOW,Sector,2.0,,23.0,2021,21,Saudi Arabian Grand Prix
2021-12-05 18:54:32,Other,DRS DISABLED IN ZONE 3,,,,,,23.0,2021,21,Saudi Arabian Grand Prix
2021-12-05 18:55:17,SafetyCar,VIRTUAL SAFETY CAR DEPLOYED,DEPLOYED,,,,,23.0,2021,21,Saudi Arabian Grand Prix
2021-12-05 18:57:06,SafetyCar,VIRTUAL SAFETY CAR ENDING,ENDING,,,,,24.0,2021,21,Saudi Arabian Grand Prix
2021-12-05 18:57:17,Flag,TRACK CLEAR,,CLEAR,Track,,,24.0,2021,21,Saudi Arabian Grand Prix
2021-12-05 18:57:17,Flag,CLEAR IN TRACK SECTOR 2,,CLEAR,Sector,2.0,,24.0,2021,21,Saudi Arabian Grand Prix
2021-12-05 18:57:21,Drs,DRS ENABLED,ENABLED,,,,,24.0,2021,21,Saudi Arabian Grand Prix
2021-12-05 18:59:10,Other,TURN 2 INCIDENT INVOLVING CARS 5 (VET) AND 22 (TSU) NOTED - CAUSING A COLLISION,,,,,,25.0,2021,21,Saudi Arabian Grand Prix
2021-12-05 18:59:28,Other,TURN 2 INCIDENT INVOLVING CARS 5 (VET) AND 22 (TSU) UNDER INVESTIGATION - CAUSING A COLLISION,,,,,,26.0,2021,21,Saudi Arabian Grand Prix
2021-12-05 19:00:24,Other,5 SECOND TIME PENALTY FOR CAR 22 (TSU) - CAUSING A COLLISION,,,,,,26.0,2021,21,Saudi Arabian Grand Prix
2021-12-05 19:00:32,Flag,WAVED BLUE FLAG FOR CAR 22 (TSU) TIMED AT 22:00:32,,BLUE,Driver,,22,26.0,2021,21,Saudi Arabian Grand Prix
2021-12-05 19:00:47,Flag,WAVED BLUE FLAG FOR CAR 22 (TSU) TIMED AT 22:00:47,,BLUE,Driver,,22,27.0,2021,21,Saudi Arabian Grand Prix
2021-12-05 19:01:18,Other,TRACK SURFACE SLIPPERY IN TRACK SECTOR 8,,,,,,27.0,2021,21,Saudi Arabian Grand Prix
2021-12-05 19:01:42,Other,TRACK SURFACE SLIPPERY IN TRACK SECTOR 7,,,,,,27.0,2021,21,Saudi Arabian Grand Prix
2021-12-05 19:02:01,Other,TRACK SURFACE SLIPPERY IN TRACK SECTOR 6,,,,,,27.0,2021,21,Saudi Arabian Grand Prix
2021-12-05 19:02:15,SafetyCar,VIRTUAL SAFETY CAR DEPLOYED,DEPLOYED,,,,,27.0,2021,21,Saudi Arabian Grand Prix
2021-12-05 19:02:15,Flag,CLEAR IN TRACK SECTOR 6,,CLEAR,Sector,6.0,,28.0,2021,21,Saudi Arabian Grand Prix
2021-12-05 19:02:15,Flag,CLEAR IN TRACK SECTOR 7,,CLEAR,Sector,7.0,,28.0,2021,21,Saudi Arabian Grand Prix
2021-12-05 19:02:15,Flag,CLEAR IN TRACK SECTOR 8,,CLEAR,Sector,8.0,,28.0,2021,21,Saudi Arabian Grand Prix
2021-12-05 19:02:50,SafetyCar,VIRTUAL SAFETY CAR ENDING,ENDING,,,,,28.0,2021,21,Saudi Arabian Grand Prix
2021-12-05 19:03:05,Flag,TRACK CLEAR,,CLEAR,Track,,,28.0,2021,21,Saudi Arabian Grand Prix
2021-12-05 19:03:08,Drs,DRS ENABLED,ENABLED,,,,,28.0,2021,21,Saudi Arabian Grand Prix
2021-12-05 19:03:42,Other,TRACK SURFACE SLIPPERY IN TRACK SECTOR 7,,,,,,28.0,2021,21,Saudi Arabian Grand Prix
2021-12-05 19:03:44,Other,TRACK SURFACE SLIPPERY IN TRACK SECTOR 6,,,,,,28.0,2021,21,Saudi Arabian Grand Prix
2021-12-05 19:05:10,SafetyCar,VIRTUAL SAFETY CAR DEPLOYED,DEPLOYED,,,,,29.0,2021,21,Saudi Arabian Grand Prix
2021-12-05 19:05:10,Flag,CLEAR IN TRACK SECTOR 6,,CLEAR,Sector,6.0,,29.0,2021,21,Saudi Arabian Grand Prix
2021-12-05 19:05:10,Flag,CLEAR IN TRACK SECTOR 7,,CLEAR,Sector,7.0,,29.0,2021,21,Saudi Arabian Grand Prix
2021-12-05 19:05:59,Flag,DOUBLE YELLOW IN TRACK SECTOR 5,,DOUBLE YELLOW,Sector,5.0,,30.0,2021,21,Saudi Arabian Grand Prix
2021-12-05 19:06:02,Flag,DOUBLE YELLOW IN TRACK SECTOR 6,,DOUBLE YELLOW,Sector,6.0,,30.0,2021,21,Saudi Arabian Grand Prix
2021-12-05 19:10:18,Flag,CLEAR IN TRACK SECTOR 6,,CLEAR,Sector,6.0,,32.0,2021,21,Saudi Arabian Grand Prix
2021-12-05 19:10:23,Flag,CLEAR IN TRACK SECTOR 12,,CLEAR,Sector,12.0,,32.0,2021,21,Saudi Arabian Grand Prix
2021-12-05 19:10:31,Flag,CLEAR IN TRACK SECTOR 5,,CLEAR,Sector,5.0,,32.0,2021,21,Saudi Arabian Grand Prix
2021-12-05 19:12:20,SafetyCar,VIRTUAL SAFETY CAR ENDING,ENDING,,,,,33.0,2021,21,Saudi Arabian Grand Prix
2021-12-05 19:12:26,Other,TURN 4 INCIDENT INVOLVING CARS 5 (VET) AND 7 (RAI) NOTED,,,,,,33.0,2021,21,Saudi Arabian Grand Prix
2021-12-05 19:12:31,Flag,TRACK CLEAR,,CLEAR,Track,,,33.0,2021,21,Saudi Arabian Grand Prix
2021-12-05 19:12:40,Drs,DRS ENABLED,ENABLED,,,,,33.0,2021,21,Saudi Arabian Grand Prix
2021-12-05 19:12:48,Flag,WAVED BLUE FLAG FOR CAR 7 (RAI) TIMED AT 22:12:47,,BLUE,Driver,,7,33.0,2021,21,Saudi Arabian Grand Prix
2021-12-05 19:13:03,Other,TRACK SURFACE SLIPPERY IN TRACK SECTOR 6,,,,,,33.0,2021,21,Saudi Arabian Grand Prix
2021-12-05 19:13:26,Flag,CLEAR IN TRACK SECTOR 6,,CLEAR,Sector,6.0,,33.0,2021,21,Saudi Arabian Grand Prix
2021-12-05 19:15:40,Other,TRACK SURFACE SLIPPERY IN TRACK SECTOR 9,,,,,,35.0,2021,21,Saudi Arabian Grand Prix
2021-12-05 19:16:59,SafetyCar,VIRTUAL SAFETY CAR DEPLOYED,DEPLOYED,,,,,36.0,2021,21,Saudi Arabian Grand Prix
2021-12-05 19:16:59,Flag,CLEAR IN TRACK SECTOR 9,,CLEAR,Sector,9.0,,36.0,2021,21,Saudi Arabian Grand Prix
2021-12-05 19:17:34,SafetyCar,VIRTUAL SAFETY CAR ENDING,ENDING,,,,,36.0,2021,21,Saudi Arabian Grand Prix
2021-12-05 19:17:46,Flag,TRACK CLEAR,,CLEAR,Track,,,36.0,2021,21,Saudi Arabian Grand Prix
2021-12-05 19:17:49,Drs,DRS ENABLED,ENABLED,,,,,36.0,2021,21,Saudi Arabian Grand Prix
2021-12-05 19:19:00,Other,TURN 1 INCIDENT INVOLVING CARS 33 (VER) AND 44 (HAM) NOTED,,,,,,37.0,2021,21,Saudi Arabian Grand Prix
2021-12-05 19:20:39,Other,TURN 25 INCIDENT INVOLVING CARS 44 (HAM) AND 33 (VER) NOTED,,,,,,38.0,2021,21,Saudi Arabian Grand Prix
2021-12-05 19:20:49,Other,TURN 25 INCIDENT INVOLVING CARS 44 (HAM) AND 33 (VER) UNDER INVESTIGATION,,,,,,38.0,2021,21,Saudi Arabian Grand Prix
2021-12-05 19:27:46,Other,5 SECOND TIME PENALTY FOR CAR 33 (VER) - LEAVING THE TRACK AND GAINING AN ADVANTAGE,,,,,,43.0,2021,21,Saudi Arabian Grand Prix
2021-12-05 19:28:21,Other,TURN 27 INCIDENT INVOLVING CARS 44 (HAM) AND 33 (VER) - WILL BE INVESTIGATED AFTER THE RACE,,,,,,43.0,2021,21,Saudi Arabian Grand Prix
2021-12-05 19:29:52,Other,TURN 4 INCIDENT INVOLVING CARS 5 (VET) AND 7 (RAI) NO INVESTIGATION NECESSARY,,,,,,44.0,2021,21,Saudi Arabian Grand Prix
2021-12-05 19:31:28,Flag,WAVED BLUE FLAG FOR CAR 5 (VET) TIMED AT 22:31:28,,BLUE,Driver,,5,45.0,2021,21,Saudi Arabian Grand Prix
2021-12-05 19:32:15,Flag,WAVED BLUE FLAG FOR CAR 5 (VET) TIMED AT 22:32:15,,BLUE,Driver,,5,45.0,2021,21,Saudi Arabian Grand Prix
2021-12-05 19:34:04,Flag,WAVED BLUE FLAG FOR CAR 7 (RAI) TIMED AT 22:34:03,,BLUE,Driver,,7,47.0,2021,21,Saudi Arabian Grand Prix
2021-12-05 19:35:51,Other,TRACK SURFACE SLIPPERY IN TRACK SECTOR 16,,,,,,48.0,2021,21,Saudi Arabian Grand Prix
2021-12-05 19:36:13,Flag,CLEAR IN TRACK SECTOR 16,,CLEAR,Sector,16.0,,48.0,2021,21,Saudi Arabian Grand Prix
2021-12-05 19:39:57,Flag,CHEQUERED FLAG,,CHEQUERED,Track,,,50.0,2021,21,Saudi Arabian Grand Prix
2021-12-05 19:45:25,Flag,DOUBLE YELLOW IN TRACK SECTOR 17,,DOUBLE YELLOW,Sector,17.0,,50.0,2021,21,Saudi Arabian Grand Prix
2021-12-05 19:48:42,Flag,CLEAR IN TRACK SECTOR 17,,CLEAR,Sector,17.0,,50.0,2021,21,Saudi Arabian Grand Prix
2021-12-12 12:20:01,Flag,GREEN LIGHT - PIT EXIT OPEN,,GREEN,Track,,,1.0,2021,22,Abu Dhabi Grand Prix
2021-12-12 12:30:01,Other,PIT EXIT CLOSED,,,,,,1.0,2021,22,Abu Dhabi Grand Prix
2021-12-12 12:47:17,Other,RISK OF RAIN FOR F1 RACE IS 0%,,,,,,1.0,2021,22,Abu Dhabi Grand Prix
2021-12-12 12:57:06,Drs,DRS DISABLED,DISABLED,,,,,1.0,2021,22,Abu Dhabi Grand Prix
2021-12-12 13:03:22,Flag,GREEN LIGHT - PIT EXIT OPEN,,GREEN,Track,,,1.0,2021,22,Abu Dhabi Grand Prix
2021-12-12 13:04:33,CarEvent,CAR 44 (HAM) MISSED THE APEX OF TURN 7,,,,,44,1.0,2021,22,Abu Dhabi Grand Prix
2021-12-12 13:06:19,Other,TURN 7 INCIDENT INVOLVING CARS 33 (VER) AND 44 (HAM) NO INVESTIGATION NECESSARY,,,,,,2.0,2021,22,Abu Dhabi Grand Prix
2021-12-12 13:06:35,Drs,DRS ENABLED,ENABLED,,,,,3.0,2021,22,Abu Dhabi Grand Prix
2021-12-12 13:08:19,Other,CAR 47 (MSC) TIME 1:33.612 DELETED - TRACK LIMITS AT TURN 7,,,,,,4.0,2021,22,Abu Dhabi Grand Prix
2021-12-12 13:09:53,Other,CAR 18 (STR) TIME 1:31.871 DELETED - TRACK LIMITS AT TURN 15,,,,,,5.0,2021,22,Abu Dhabi Grand Prix
2021-12-12 13:23:39,CarEvent,CAR 16 (LEC) OFF TRACK AND CONTINUED AT TURN 4,,,,,16,14.0,2021,22,Abu Dhabi Grand Prix
2021-12-12 13:27:47,Other,CAR 33 (VER) TIME 1:29.006 DELETED - TRACK LIMITS AT TURN 15,,,,,,17.0,2021,22,Abu Dhabi Grand Prix
2021-12-12 13:30:03,Other,CAR 5 (VET) TIME 1:30.310 DELETED - TRACK LIMITS AT TURN 16,,,,,,18.0,2021,22,Abu Dhabi Grand Prix
2021-12-12 13:31:30,Other,CAR 5 (VET) TIME 1:30.160 DELETED - TRACK LIMITS AT TURN 16,,,,,,19.0,2021,22,Abu Dhabi Grand Prix
2021-12-12 13:41:06,Flag,YELLOW IN TRACK SECTOR 9,,YELLOW,Sector,9.0,,26.0,2021,22,Abu Dhabi Grand Prix
2021-12-12 13:41:07,Other,DRS DISABLED IN ZONE 1,,,,,,26.0,2021,22,Abu Dhabi Grand Prix
2021-12-12 13:41:30,CarEvent,CAR 7 (RAI) STOPPED AT TURN 6,,,,,7,26.0,2021,22,Abu Dhabi Grand Prix
2021-12-12 13:41:41,Flag,DOUBLE YELLOW IN TRACK SECTOR 8,,DOUBLE YELLOW,Sector,8.0,,26.0,2021,22,Abu Dhabi Grand Prix
2021-12-12 13:41:47,Flag,CLEAR IN TRACK SECTOR 9,,CLEAR,Sector,9.0,,26.0,2021,22,Abu Dhabi Grand Prix
2021-12-12 13:41:47,Flag,CLEAR IN TRACK SECTOR 8,,CLEAR,Sector,8.0,,26.0,2021,22,Abu Dhabi Grand Prix
2021-12-12 13:41:47,Other,DRS ENABLED IN ZONE 1,,,,,,26.0,2021,22,Abu Dhabi Grand Prix
2021-12-12 13:42:13,Flag,WAVED BLUE FLAG FOR CAR 7 (RAI) TIMED AT 17:42:12,,BLUE,Driver,,7,27.0,2021,22,Abu Dhabi Grand Prix
2021-12-12 13:44:11,Flag,WAVED BLUE FLAG FOR CAR 63 (RUS) TIMED AT 17:44:11,,BLUE,Driver,,63,28.0,2021,22,Abu Dhabi Grand Prix
2021-12-12 13:44:19,Flag,WAVED BLUE FLAG FOR CAR 63 (RUS) TIMED AT 17:44:19,,BLUE,Driver,,63,28.0,2021,22,Abu Dhabi Grand Prix
2021-12-12 13:44:27,Flag,WAVED BLUE FLAG FOR CAR 63 (RUS) TIMED AT 17:44:26,,BLUE,Driver,,63,28.0,2021,22,Abu Dhabi Grand Prix
2021-12-12 13:48:35,Flag,WAVED BLUE FLAG FOR CAR 47 (MSC) TIMED AT 17:48:34,,BLUE,Driver,,47,31.0,2021,22,Abu Dhabi Grand Prix
2021-12-12 13:49:34,Other,CAR 5 (VET) TIME 1:29.596 DELETED - TRACK LIMITS AT TURN 16,,,,,,32.0,2021,22,Abu Dhabi Grand Prix
2021-12-12 13:50:10,Flag,WAVED BLUE FLAG FOR CAR 47 (MSC) TIMED AT 17:50:10,,BLUE,Driver,,47,32.0,2021,22,Abu Dhabi Grand Prix
2021-12-12 13:50:48,Other,CAR 5 (VET) TIME 1:29.471 DELETED - TRACK LIMITS AT TURN 16,,,,,,32.0,2021,22,Abu Dhabi Grand Prix
2021-12-12 13:55:00,CarEvent,CAR 99 (GIO) MISSED THE APEX OF TURN 7,,,,,99,35.0,2021,22,Abu Dhabi Grand Prix
2021-12-12 13:56:03,SafetyCar,VIRTUAL SAFETY CAR DEPLOYED,DEPLOYED,,,,,36.0,2021,22,Abu Dhabi Grand Prix
2021-12-12 13:56:05,Flag,YELLOW IN TRACK SECTOR 13,,YELLOW,Sector,13.0,,36.0,2021,22,Abu Dhabi Grand Prix
2021-12-12 13:58:53,SafetyCar,VIRTUAL SAFETY CAR ENDING,ENDING,,,,,37.0,2021,22,Abu Dhabi Grand Prix
2021-12-12 13:59:00,Flag,CLEAR IN TRACK SECTOR 13,,CLEAR,Sector,13.0,,38.0,2021,22,Abu Dhabi Grand Prix
2021-12-12 13:59:06,Flag,TRACK CLEAR,,CLEAR,Track,,,38.0,2021,22,Abu Dhabi Grand Prix
2021-12-12 13:59:09,Drs,DRS ENABLED,ENABLED,,,,,38.0,2021,22,Abu Dhabi Grand Prix
2021-12-12 13:59:13,Flag,WAVED BLUE FLAG FOR CAR 47 (MSC) TIMED AT 17:59:12,,BLUE,Driver,,47,38.0,2021,22,Abu Dhabi Grand Prix
2021-12-12 14:00:41,Other, INCIDENT INVOLVING CARS 22 (TSU) AND 14 (ALO) NOTED,,,,,,39.0,2021,22,Abu Dhabi Grand Prix
2021-12-12 14:01:11,Flag,WAVED BLUE FLAG FOR CAR 18 (STR) TIMED AT 18:01:11,,BLUE,Driver,,18,39.0,2021,22,Abu Dhabi Grand Prix
2021-12-12 14:01:58,Other, INCIDENT INVOLVING CARS 22 (TSU) AND 14 (ALO) NO INVESTIGATION NECESSARY,,,,,,40.0,2021,22,Abu Dhabi Grand Prix
2021-12-12 14:02:46,Flag,WAVED BLUE FLAG FOR CAR 5 (VET) TIMED AT 18:02:45,,BLUE,Driver,,5,40.0,2021,22,Abu Dhabi Grand Prix
2021-12-12 14:06:38,Other,CAR 16 (LEC) TIME 1:28.338 DELETED - TRACK LIMITS AT TURN 16,,,,,,43.0,2021,22,Abu Dhabi Grand Prix
2021-12-12 14:07:54,Other,CAR 16 (LEC) TIME 1:28.729 DELETED - TRACK LIMITS AT TURN 16,,,,,,44.0,2021,22,Abu Dhabi Grand Prix
2021-12-12 14:09:41,Flag,WAVED BLUE FLAG FOR CAR 18 (STR) TIMED AT 18:09:41,,BLUE,Driver,,18,45.0,2021,22,Abu Dhabi Grand Prix
2021-12-12 14:11:04,Flag,WAVED BLUE FLAG FOR CAR 6 (LAT) TIMED AT 18:11:03,,BLUE,Driver,,6,46.0,2021,22,Abu Dhabi Grand Prix
2021-12-12 14:11:20,Flag,WAVED BLUE FLAG FOR CAR 16 (LEC) TIMED AT 18:11:19,,BLUE,Driver,,16,46.0,2021,22,Abu Dhabi Grand Prix
2021-12-12 14:11:51,Flag,WAVED BLUE FLAG FOR CAR 47 (MSC) TIMED AT 18:11:50,,BLUE,Driver,,47,46.0,2021,22,Abu Dhabi Grand Prix
2021-12-12 14:11:52,Flag,WAVED BLUE FLAG FOR CAR 3 (RIC) TIMED AT 18:11:51,,BLUE,Driver,,3,46.0,2021,22,Abu Dhabi Grand Prix
2021-12-12 14:12:28,Flag,WAVED BLUE FLAG FOR CAR 5 (VET) TIMED AT 18:12:28,,BLUE,Driver,,5,47.0,2021,22,Abu Dhabi Grand Prix
2021-12-12 14:12:36,Other,CAR 18 (STR) TIME 1:28.776 DELETED - TRACK LIMITS AT TURN 16,,,,,,47.0,2021,22,Abu Dhabi Grand Prix
2021-12-12 14:13:03,Flag,WAVED BLUE FLAG FOR CAR 31 (OCO) TIMED AT 18:13:03,,BLUE,Driver,,31,47.0,2021,22,Abu Dhabi Grand Prix
2021-12-12 14:13:50,Other,CAR 18 (STR) TIME 1:28.789 DELETED - TRACK LIMITS AT TURN 16,,,,,,48.0,2021,22,Abu Dhabi Grand Prix
2021-12-12 14:14:15,Flag,WAVED BLUE FLAG FOR CAR 14 (ALO) TIMED AT 18:14:14,,BLUE,Driver,,14,48.0,2021,22,Abu Dhabi Grand Prix
2021-12-12 14:19:22,Flag,WAVED BLUE FLAG FOR CAR 16 (LEC) TIMED AT 18:19:21,,BLUE,Driver,,16,52.0,2021,22,Abu Dhabi Grand Prix
2021-12-12 14:20:43,Flag,WAVED BLUE FLAG FOR CAR 3 (RIC) TIMED AT 18:20:43,,BLUE,Driver,,3,52.0,2021,22,Abu Dhabi Grand Prix
2021-12-12 14:20:58,Other,CAR 6 (LAT) TIME 1:29.752 DELETED - TRACK LIMITS AT TURN 16,,,,,,53.0,2021,22,Abu Dhabi Grand Prix
2021-12-12 14:21:38,Flag,DOUBLE YELLOW IN TRACK SECTOR 18,,DOUBLE YELLOW,Sector,18.0,,53.0,2021,22,Abu Dhabi Grand Prix
2021-12-12 14:21:51,Flag,YELLOW IN TRACK SECTOR 17,,YELLOW,Sector,17.0,,53.0,2021,22,Abu Dhabi Grand Prix
2021-12-12 14:21:51,Flag,WAVED BLUE FLAG FOR CAR 31 (OCO) TIMED AT 18:21:51,,BLUE,Driver,,31,53.0,2021,22,Abu Dhabi Grand Prix
2021-12-12 14:21:54,SafetyCar,SAFETY CAR DEPLOYED,DEPLOYED,,,,,53.0,2021,22,Abu Dhabi Grand Prix
2021-12-12 14:23:16,Flag,DOUBLE YELLOW IN TRACK SECTOR 15,,DOUBLE YELLOW,Sector,15.0,,54.0,2021,22,Abu Dhabi Grand Prix
2021-12-12 14:27:55,Other,LAPPED CARS WILL NOT BE ALLOWED TO OVERTAKE,,,,,,56.0,2021,22,Abu Dhabi Grand Prix
2021-12-12 14:31:01,Other,LAPPED CARS 4 (NOR) - 14 - 31 - 16 - 5 TO OVERTAKE SAFETY CAR,,,,,,57.0,2021,22,Abu Dhabi Grand Prix
2021-12-12 14:31:19,SafetyCar,SAFETY CAR IN THIS LAP,IN THIS LAP,,,,,57.0,2021,22,Abu Dhabi Grand Prix
2021-12-12 14:31:28,Flag,CLEAR IN TRACK SECTOR 17,,CLEAR,Sector,17.0,,57.0,2021,22,Abu Dhabi Grand Prix
2021-12-12 14:31:31,Flag,CLEAR IN TRACK SECTOR 15,,CLEAR,Sector,15.0,,57.0,2021,22,Abu Dhabi Grand Prix
2021-12-12 14:32:02,Flag,TRACK CLEAR,,CLEAR,Track,,,57.0,2021,22,Abu Dhabi Grand Prix
2021-12-12 14:32:02,Flag,CLEAR IN TRACK SECTOR 18,,CLEAR,Sector,18.0,,57.0,2021,22,Abu Dhabi Grand Prix
2021-12-12 14:32:12,Flag,WAVED BLUE FLAG FOR CAR 18 (STR) TIMED AT 18:32:11,,BLUE,Driver,,18,57.0,2021,22,Abu Dhabi Grand Prix
2021-12-12 14:32:13,Flag,WAVED BLUE FLAG FOR CAR 47 (MSC) TIMED AT 18:32:13,,BLUE,Driver,,47,58.0,2021,22,Abu Dhabi Grand Prix
2021-12-12 14:32:15,Flag,WAVED BLUE FLAG FOR CAR 18 (STR) TIMED AT 18:32:15,,BLUE,Driver,,18,58.0,2021,22,Abu Dhabi Grand Prix
2021-12-12 14:32:17,Flag,WAVED BLUE FLAG FOR CAR 47 (MSC) TIMED AT 18:32:17,,BLUE,Driver,,47,58.0,2021,22,Abu Dhabi Grand Prix
2021-12-12 14:32:42,Flag,WAVED BLUE FLAG FOR CAR 18 (STR) TIMED AT 18:32:41,,BLUE,Driver,,18,58.0,2021,22,Abu Dhabi Grand Prix
2021-12-12 14:33:38,Flag,CHEQUERED FLAG,,CHEQUERED,Track,,,58.0,2021,22,Abu Dhabi Grand Prix
