Time,Category,Message,Status,Flag,Scope,Sector,RacingNumber,Lap,Year,RoundNumber
2025-03-16 03:15:05,Other,LOW GRIP CONDITIONS,,,,,,1,2025,1
2025-03-16 03:15:08,Drs,DRS DISABLED,DISABLED,,,,,1,2025,1
2025-03-16 03:20:01,Flag,GREEN LIGHT - PIT EXIT OPEN,,GREEN,Track,,,1,2025,1
2025-03-16 03:25:03,Flag,YELLOW IN TRACK SECTOR 17,,YELLOW,Sector,17.0,,1,2025,1
2025-03-16 03:25:08,Flag,CLEAR IN TRACK SECTOR 17,,CLEAR,Sector,17.0,,1,2025,1
2025-03-16 03:30:01,Other,PIT EXIT CLOSED,,,,,,1,2025,1
2025-03-16 03:41:43,Flag,DOUBLE YELLOW IN TRACK SECTOR 10,,DOUBLE YELLOW,Sector,10.0,,1,2025,1
2025-03-16 03:42:22,Flag,YELLOW IN TRACK SECTOR 9,,YELLOW,Sector,9.0,,1,2025,1
2025-03-16 03:43:16,Flag,CLEAR IN TRACK SECTOR 10,,CLEAR,Sector,10.0,,1,2025,1
2025-03-16 03:43:17,Flag,CLEAR IN TRACK SECTOR 9,,CLEAR,Sector,9.0,,1,2025,1
2025-03-16 03:45:05,Other,RISK OF RAIN FOR F1 RACE IS 40%,,,,,,1,2025,1
2025-03-16 03:49:00,Flag,DOUBLE YELLOW IN TRACK SECTOR 3,,DOUBLE YELLOW,Sector,3.0,,1,2025,1
2025-03-16 03:49:47,Flag,CLEAR IN TRACK SECTOR 3,,CLEAR,Sector,3.0,,1,2025,1
2025-03-16 04:00:59,Flag,DOUBLE YELLOW IN TRACK SECTOR 2,,DOUBLE YELLOW,Sector,2.0,,1,2025,1
2025-03-16 04:02:17,Other,ABORTED START,,,,,,1,2025,1
2025-03-16 04:04:15,Other,FORMATION LAP WILL START AT 15:15,,,,,,1,2025,1
2025-03-16 04:05:17,Flag,CLEAR IN TRACK SECTOR 2,,CLEAR,Sector,2.0,,1,2025,1
2025-03-16 04:18:23,Flag,GREEN LIGHT - PIT EXIT OPEN,,GREEN,Track,,,1,2025,1
2025-03-16 04:19:27,Flag,DOUBLE YELLOW IN TRACK SECTOR 8,,DOUBLE YELLOW,Sector,8.0,,1,2025,1
2025-03-16 04:19:31,SafetyCar,SAFETY CAR DEPLOYED,DEPLOYED,,,,,1,2025,1
2025-03-16 04:20:18,Flag,DOUBLE YELLOW IN TRACK SECTOR 8,,DOUBLE YELLOW,Sector,8.0,,1,2025,1
2025-03-16 04:20:58,Flag,DOUBLE YELLOW IN TRACK SECTOR 20,,DOUBLE YELLOW,Sector,20.0,,2,2025,1
2025-03-16 04:21:22,SafetyCar,SAFETY CAR THROUGH THE PIT LANE,THROUGH THE PIT LANE,,,,,2,2025,1
2025-03-16 04:24:24,Other,RECOVERY VEHICLE ON TRACK AT TURN 14,,,,,,3,2025,1
2025-03-16 04:26:13,Other,RECOVERY VEHICLE ON TRACK BEFORE TURN 6,,,,,,4,2025,1
2025-03-16 04:30:00,Other,SAFETY CAR WILL USE START/FINISH STRAIGHT,,,,,,5,2025,1
2025-03-16 04:30:05,Flag,CLEAR IN TRACK SECTOR 20,,CLEAR,Sector,20.0,,5,2025,1
2025-03-16 04:30:31,Flag,CLEAR IN TRACK SECTOR 8,,CLEAR,Sector,8.0,,5,2025,1
2025-03-16 04:33:54,SafetyCar,SAFETY CAR IN THIS LAP,IN THIS LAP,,,,,7,2025,1
2025-03-16 04:35:12,Flag,TRACK CLEAR,,CLEAR,Track,,,7,2025,1
2025-03-16 04:36:21,Other,INCIDENT INVOLVING CAR 14 (ALO) NOTED - SAFETY CAR INFRINGEMENT,,,,,,8,2025,1
2025-03-16 04:37:35,Other,INCIDENT INVOLVING CAR 22 (TSU) NOTED - SAFETY CAR INFRINGEMENT,,,,,,9,2025,1
2025-03-16 04:37:41,Other,FIA STEWARDS: INCIDENT INVOLVING CAR 14 (ALO) UNDER INVESTIGATION - SAFETY CAR INFRINGEMENT,,,,,,9,2025,1
2025-03-16 04:38:41,Other,FIA STEWARDS: INCIDENT INVOLVING CAR 22 (TSU) UNDER INVESTIGATION - SAFETY CAR INFRINGEMENT,,,,,,10,2025,1
2025-03-16 04:42:06,Drs,DRS ENABLED,ENABLED,,,,,12,2025,1
2025-03-16 04:50:42,Other,CAR 12 (ANT) TIME 1:37.326 DELETED - TRACK LIMITS AT TURN 4 LAP 16 15:48:48,,,,,,17,2025,1
2025-03-16 04:51:05,Other,TRACK SURFACE SLIPPERY IN TRACK SECTOR 15,,,,,,18,2025,1
2025-03-16 04:51:15,Flag,CLEAR IN TRACK SECTOR 15,,CLEAR,Sector,15.0,,18,2025,1
2025-03-16 04:51:20,Other,TRACK SURFACE SLIPPERY IN TRACK SECTOR 12,,,,,,18,2025,1
2025-03-16 04:51:31,Flag,CLEAR IN TRACK SECTOR 12,,CLEAR,Sector,12.0,,18,2025,1
2025-03-16 04:51:45,Other,INCIDENT INVOLVING CAR 23 (ALB) NOTED - SAFETY CAR INFRINGEMENT,,,,,,18,2025,1
2025-03-16 04:51:51,Other,INCIDENT INVOLVING CAR 44 (HAM) NOTED - SAFETY CAR INFRINGEMENT,,,,,,18,2025,1
2025-03-16 04:52:03,Other,TRACK SURFACE SLIPPERY IN TRACK SECTOR 13,,,,,,18,2025,1
2025-03-16 04:52:04,Other,TRACK SURFACE SLIPPERY IN TRACK SECTOR 1,,,,,,18,2025,1
2025-03-16 04:52:10,Flag,CLEAR IN TRACK SECTOR 1,,CLEAR,Sector,1.0,,18,2025,1
2025-03-16 04:52:11,Flag,CLEAR IN TRACK SECTOR 13,,CLEAR,Sector,13.0,,18,2025,1
2025-03-16 04:52:52,Other,FIA STEWARDS: INCIDENT INVOLVING CAR 23 (ALB) UNDER INVESTIGATION - SAFETY CAR INFRINGEMENT,,,,,,19,2025,1
2025-03-16 04:52:56,Other,TRACK SURFACE SLIPPERY IN TRACK SECTOR 15,,,,,,19,2025,1
2025-03-16 04:52:56,Flag,CLEAR IN TRACK SECTOR 15,,CLEAR,Sector,15.0,,19,2025,1
2025-03-16 04:53:00,Other,FIA STEWARDS: INCIDENT INVOLVING CAR 44 (HAM) UNDER INVESTIGATION - SAFETY CAR INFRINGEMENT,,,,,,19,2025,1
2025-03-16 04:54:00,Other,FIA STEWARDS: INCIDENT INVOLVING CAR 14 (ALO) NO FURTHER ACTION - SAFETY CAR INFRINGEMENT,,,,,,20,2025,1
2025-03-16 04:54:12,Other,FIA STEWARDS: INCIDENT INVOLVING CAR 22 (TSU) NO FURTHER ACTION - SAFETY CAR INFRINGEMENT,,,,,,20,2025,1
2025-03-16 04:54:21,Other,FIA STEWARDS: INCIDENT INVOLVING CAR 23 (ALB) NO FURTHER ACTION - SAFETY CAR INFRINGEMENT,,,,,,20,2025,1
2025-03-16 04:54:31,Other,FIA STEWARDS: INCIDENT INVOLVING CAR 44 (HAM) NO FURTHER ACTION - SAFETY CAR INFRINGEMENT,,,,,,20,2025,1
2025-03-16 05:07:48,Flag,WAVED BLUE FLAG FOR CAR 87 (BEA) TIMED AT 16:07:48,,BLUE,Driver,,87,29,2025,1
2025-03-16 05:08:37,Flag,WAVED BLUE FLAG FOR CAR 31 (OCO) TIMED AT 16:08:36,,BLUE,Driver,,31,29,2025,1
2025-03-16 05:08:47,Other,CAR 30 (LAW) TIME 1:31.084 DELETED - TRACK LIMITS AT TURN 6 LAP 28 16:07:39,,,,,,30,2025,1
2025-03-16 05:13:01,Flag,WAVED BLUE FLAG FOR CAR 30 (LAW) TIMED AT 16:13:00,,BLUE,Driver,,30,32,2025,1
2025-03-16 05:13:38,Flag,WAVED BLUE FLAG FOR CAR 30 (LAW) TIMED AT 16:13:37,,BLUE,Driver,,30,33,2025,1
2025-03-16 05:13:42,Other,CAR 81 (PIA) TIME 1:29.379 DELETED - TRACK LIMITS AT TURN 6 LAP 32 16:12:17,,,,,,33,2025,1
2025-03-16 05:14:46,Flag,WAVED BLUE FLAG FOR CAR 87 (BEA) TIMED AT 16:14:46,,BLUE,Driver,,87,34,2025,1
2025-03-16 05:14:49,Flag,DOUBLE YELLOW IN TRACK SECTOR 10,,DOUBLE YELLOW,Sector,10.0,,34,2025,1
2025-03-16 05:15:09,SafetyCar,SAFETY CAR DEPLOYED,DEPLOYED,,,,,34,2025,1
2025-03-16 05:21:22,Other,RECOVERY VEHICLE ON TRACK AT TURN 8,,,,,,37,2025,1
2025-03-16 05:24:33,Flag,DOUBLE YELLOW IN TRACK SECTOR 8,,DOUBLE YELLOW,Sector,8.0,,38,2025,1
2025-03-16 05:24:36,Flag,DOUBLE YELLOW IN TRACK SECTOR 9,,DOUBLE YELLOW,Sector,9.0,,38,2025,1
2025-03-16 05:25:02,Flag,CLEAR IN TRACK SECTOR 8,,CLEAR,Sector,8.0,,38,2025,1
2025-03-16 05:28:03,Flag,CLEAR IN TRACK SECTOR 9,,CLEAR,Sector,9.0,,39,2025,1
2025-03-16 05:28:05,Flag,CLEAR IN TRACK SECTOR 10,,CLEAR,Sector,10.0,,39,2025,1
2025-03-16 05:28:35,Other,"LAPPED CARS MAY NOW OVERTAKE THE SAFETY CAR: 5, 31, 87, 30",,,,,,40,2025,1
2025-03-16 05:30:08,Other,INCIDENT INVOLVING CARS 5 (BOR) AND 30 (LAW) NOTED - UNSAFE RELEASE,,,,,,40,2025,1
2025-03-16 05:30:50,SafetyCar,SAFETY CAR IN THIS LAP,IN THIS LAP,,,,,41,2025,1
2025-03-16 05:31:01,Other,FIA STEWARDS: INCIDENT INVOLVING CARS 5 (BOR) AND 30 (LAW) UNDER INVESTIGATION - UNSAFE RELEASE,,,,,,41,2025,1
2025-03-16 05:32:25,Flag,TRACK CLEAR,,CLEAR,Track,,,41,2025,1
2025-03-16 05:34:05,Drs,DRS ENABLED,ENABLED,,,,,43,2025,1
2025-03-16 05:35:17,Other,FIA STEWARDS: 5 SECOND TIME PENALTY FOR CAR 5 (BOR) - UNSAFE RELEASE,,,,,,43,2025,1
2025-03-16 05:36:48,Flag,YELLOW IN TRACK SECTOR 19,,YELLOW,Sector,19.0,,44,2025,1
2025-03-16 05:37:14,Other,TRACK SURFACE SLIPPERY IN TRACK SECTOR 18,,,,,,45,2025,1
2025-03-16 05:37:35,Flag,DOUBLE YELLOW IN TRACK SECTOR 19,,DOUBLE YELLOW,Sector,19.0,,45,2025,1
2025-03-16 05:37:37,Flag,YELLOW IN TRACK SECTOR 18,,YELLOW,Sector,18.0,,45,2025,1
2025-03-16 05:38:12,Flag,CLEAR IN TRACK SECTOR 19,,CLEAR,Sector,19.0,,45,2025,1
2025-03-16 05:38:13,Flag,CLEAR IN TRACK SECTOR 18,,CLEAR,Sector,18.0,,45,2025,1
2025-03-16 05:38:34,Other,CAR 81 (PIA) LAP DELETED - TRACK LIMITS AT TURN 12 LAP 44 16:36:38,,,,,,46,2025,1
2025-03-16 05:38:45,Other,CAR 4 (NOR) TIME 1:45.587 DELETED - TRACK LIMITS AT TURN 12 LAP 44 16:36:36,,,,,,46,2025,1
2025-03-16 05:38:57,Flag,WAVED BLUE FLAG FOR CAR 87 (BEA) TIMED AT 16:38:56,,BLUE,Driver,,87,46,2025,1
2025-03-16 05:39:06,Flag,WAVED BLUE FLAG FOR CAR 87 (BEA) TIMED AT 16:39:06,,BLUE,Driver,,87,46,2025,1
2025-03-16 05:40:09,Flag,WAVED BLUE FLAG FOR CAR 81 (PIA) TIMED AT 16:40:09,,BLUE,Driver,,81,46,2025,1
2025-03-16 05:40:26,Flag,WAVED BLUE FLAG FOR CAR 87 (BEA) TIMED AT 16:40:25,,BLUE,Driver,,87,47,2025,1
2025-03-16 05:40:33,Flag,WAVED BLUE FLAG FOR CAR 81 (PIA) TIMED AT 16:40:33,,BLUE,Driver,,81,47,2025,1
2025-03-16 05:40:37,Flag,YELLOW IN TRACK SECTOR 18,,YELLOW,Sector,18.0,,47,2025,1
2025-03-16 05:40:41,Flag,DOUBLE YELLOW IN TRACK SECTOR 19,,DOUBLE YELLOW,Sector,19.0,,47,2025,1
2025-03-16 05:40:42,Flag,DOUBLE YELLOW IN TRACK SECTOR 18,,DOUBLE YELLOW,Sector,18.0,,47,2025,1
2025-03-16 05:40:45,Flag,YELLOW IN TRACK SECTOR 19,,YELLOW,Sector,19.0,,47,2025,1
2025-03-16 05:40:54,Flag,YELLOW IN TRACK SECTOR 18,,YELLOW,Sector,18.0,,47,2025,1
2025-03-16 05:40:55,Flag,CLEAR IN TRACK SECTOR 18,,CLEAR,Sector,18.0,,47,2025,1
2025-03-16 05:40:56,Flag,DOUBLE YELLOW IN TRACK SECTOR 19,,DOUBLE YELLOW,Sector,19.0,,47,2025,1
2025-03-16 05:41:00,Flag,DOUBLE YELLOW IN TRACK SECTOR 2,,DOUBLE YELLOW,Sector,2.0,,47,2025,1
2025-03-16 05:41:02,Other,DRS DISABLED IN ZONE 3,,,,,,47,2025,1
2025-03-16 05:41:06,SafetyCar,SAFETY CAR DEPLOYED,DEPLOYED,,,,,47,2025,1
2025-03-16 05:42:48,Other,CAR 22 (TSU) TIME 1:35.983 DELETED - TRACK LIMITS AT TURN 12 LAP 45 16:38:17,,,,,,48,2025,1
2025-03-16 05:45:02,Other,FIA STEWARDS: PENALTY SERVED - 5 SECOND TIME PENALTY FOR CAR 5 (BOR) - UNSAFE RELEASE,,,,,,49,2025,1
2025-03-16 05:46:32,Other,CAR 22 (TSU) TIME 2:33.312 DELETED - TRACK LIMITS AT TURN 4 LAP 47 16:40:53,,,,,,49,2025,1
2025-03-16 05:46:48,Flag,CLEAR IN TRACK SECTOR 2,,CLEAR,Sector,2.0,,49,2025,1
2025-03-16 05:47:00,Flag,CLEAR IN TRACK SECTOR 19,,CLEAR,Sector,19.0,,50,2025,1
2025-03-16 05:47:04,Other,LAPPED CAR MAY NOW OVERTAKE THE SAFETY CAR: 87,,,,,,50,2025,1
2025-03-16 05:49:42,SafetyCar,SAFETY CAR IN THIS LAP,IN THIS LAP,,,,,51,2025,1
2025-03-16 05:51:17,Flag,TRACK CLEAR,,CLEAR,Track,,,51,2025,1
2025-03-16 05:55:31,Drs,DRS ENABLED,ENABLED,,,,,54,2025,1
2025-03-16 05:58:19,Other,CAR 10 (GAS) TIME 1:34.967 DELETED - TRACK LIMITS AT TURN 1 LAP 54 16:54:53,,,,,,56,2025,1
2025-03-16 05:58:32,Other,INCIDENT INVOLVING CAR 12 (ANT) NOTED - UNSAFE RELEASE,,,,,,56,2025,1
2025-03-16 05:59:02,Other,FIA STEWARDS: INCIDENT INVOLVING CAR 12 (ANT) UNDER INVESTIGATION - UNSAFE RELEASE,,,,,,56,2025,1
2025-03-16 05:59:50,Other,FIA STEWARDS: 5 SECOND TIME PENALTY FOR CAR 12 (ANT) - UNSAFE RELEASE,,,,,,57,2025,1
2025-03-16 06:00:29,Flag,CHEQUERED FLAG,,CHEQUERED,Track,,,57,2025,1
2025-03-23 06:20:01,Flag,GREEN LIGHT - PIT EXIT OPEN,,GREEN,Track,,,1,2025,2
2025-03-23 06:24:15,Other,INCIDENT INVOLVING CAR 5 (BOR) NOTED - FAILING TO FOLLOW RACE DIRECTORS INSTRUCTIONS – PRACTICE START INFRINGEMENT,,,,,,1,2025,2
2025-03-23 06:25:50,Other,INCIDENT INVOLVING CAR 23 (ALB) NOTED - FAILING TO FOLLOW RACE DIRECTORS INSTRUCTIONS – PRACTICE START INFRINGEMENT,,,,,,1,2025,2
2025-03-23 06:28:10,Other,INCIDENT INVOLVING CAR 22 (TSU) NOTED - FAILING TO FOLLOW RACE DIRECTORS INSTRUCTIONS – PRACTICE START INFRINGEMENT,,,,,,1,2025,2
2025-03-23 06:30:01,Other,PIT EXIT CLOSED,,,,,,1,2025,2
2025-03-23 06:32:39,Flag,YELLOW IN TRACK SECTOR 15,,YELLOW,Sector,15.0,,1,2025,2
2025-03-23 06:32:40,Flag,DOUBLE YELLOW IN TRACK SECTOR 15,,DOUBLE YELLOW,Sector,15.0,,1,2025,2
2025-03-23 06:32:53,Flag,DOUBLE YELLOW IN TRACK SECTOR 19,,DOUBLE YELLOW,Sector,19.0,,1,2025,2
2025-03-23 06:32:54,Other,DRS DISABLED IN ZONE 2,,,,,,1,2025,2
2025-03-23 06:33:03,Flag,CLEAR IN TRACK SECTOR 19,,CLEAR,Sector,19.0,,1,2025,2
2025-03-23 06:33:03,Other,DRS ENABLED IN ZONE 2,,,,,,1,2025,2
2025-03-23 06:33:38,Other,FIA STEWARDS: INCIDENT INVOLVING CAR 5 (BOR) WILL BE INVESTIGATED AFTER THE RACE - FAILING TO FOLLOW RACE DIRECTORS INSTRUCTIONS – PRACTICE START INFRINGEMENT,,,,,,1,2025,2
2025-03-23 06:33:46,Other,FIA STEWARDS: INCIDENT INVOLVING CAR 23 (ALB) WILL BE INVESTIGATED AFTER THE RACE - FAILING TO FOLLOW RACE DIRECTORS INSTRUCTIONS – PRACTICE START INFRINGEMENT,,,,,,1,2025,2
2025-03-23 06:33:52,Other,FIA STEWARDS: INCIDENT INVOLVING CAR 22 (TSU) WILL BE INVESTIGATED AFTER THE RACE - FAILING TO FOLLOW RACE DIRECTORS INSTRUCTIONS – PRACTICE START INFRINGEMENT,,,,,,1,2025,2
2025-03-23 06:34:34,Flag,DOUBLE YELLOW IN TRACK SECTOR 14,,DOUBLE YELLOW,Sector,14.0,,1,2025,2
2025-03-23 06:34:55,Flag,CLEAR IN TRACK SECTOR 15,,CLEAR,Sector,15.0,,1,2025,2
2025-03-23 06:34:59,Flag,CLEAR IN TRACK SECTOR 14,,CLEAR,Sector,14.0,,1,2025,2
2025-03-23 06:36:38,Other,INCIDENT INVOLVING CAR 27 (HUL) NOTED - FAILING TO FOLLOW RACE DIRECTORS INSTRUCTIONS – PRACTICE START INFRINGEMENT,,,,,,1,2025,2
2025-03-23 06:37:40,Other,FIA STEWARDS: INCIDENT INVOLVING CAR 27 (HUL) WILL BE INVESTIGATED AFTER THE RACE - FAILING TO FOLLOW RACE DIRECTORS INSTRUCTIONS – PRACTICE START INFRINGEMENT,,,,,,1,2025,2
2025-03-23 06:45:19,Other,RISK OF RAIN FOR F1 RACE IS 10%,,,,,,1,2025,2
2025-03-23 06:57:03,Drs,DRS DISABLED,DISABLED,,,,,1,2025,2
2025-03-23 07:03:39,Flag,GREEN LIGHT - PIT EXIT OPEN,,GREEN,Track,,,1,2025,2
2025-03-23 07:04:30,Flag,DOUBLE YELLOW IN TRACK SECTOR 10,,DOUBLE YELLOW,Sector,10.0,,1,2025,2
2025-03-23 07:04:33,Flag,DOUBLE YELLOW IN TRACK SECTOR 9,,DOUBLE YELLOW,Sector,9.0,,1,2025,2
2025-03-23 07:04:39,Flag,YELLOW IN TRACK SECTOR 10,,YELLOW,Sector,10.0,,1,2025,2
2025-03-23 07:04:41,Flag,CLEAR IN TRACK SECTOR 10,,CLEAR,Sector,10.0,,1,2025,2
2025-03-23 07:04:42,Flag,CLEAR IN TRACK SECTOR 9,,CLEAR,Sector,9.0,,1,2025,2
2025-03-23 07:04:43,Flag,YELLOW IN TRACK SECTOR 8,,YELLOW,Sector,8.0,,1,2025,2
2025-03-23 07:04:46,Flag,CLEAR IN TRACK SECTOR 8,,CLEAR,Sector,8.0,,1,2025,2
2025-03-23 07:04:49,Flag,YELLOW IN TRACK SECTOR 8,,YELLOW,Sector,8.0,,1,2025,2
2025-03-23 07:04:51,Flag,CLEAR IN TRACK SECTOR 8,,CLEAR,Sector,8.0,,1,2025,2
2025-03-23 07:05:26,Other,TRACK SURFACE SLIPPERY IN TRACK SECTOR 10,,,,,,2,2025,2
2025-03-23 07:05:33,Drs,DRS ENABLED,ENABLED,,,,,2,2025,2
2025-03-23 07:07:00,Flag,DOUBLE YELLOW IN TRACK SECTOR 10,,DOUBLE YELLOW,Sector,10.0,,3,2025,2
2025-03-23 07:07:26,Flag,CLEAR IN TRACK SECTOR 10,,CLEAR,Sector,10.0,,3,2025,2
2025-03-23 07:07:57,Other,CAR 5 (BOR) LAP DELETED - TRACK LIMITS AT TURN 8 LAP 1 15:04:30,,,,,,3,2025,2
2025-03-23 07:13:03,Flag,DOUBLE YELLOW IN TRACK SECTOR 3,,DOUBLE YELLOW,Sector,3.0,,6,2025,2
2025-03-23 07:13:09,Flag,CLEAR IN TRACK SECTOR 3,,CLEAR,Sector,3.0,,6,2025,2
2025-03-23 07:13:55,Other,CAR 6 (HAD) LAP DELETED - TRACK LIMITS AT TURN 10 LAP 1 15:04:33,,,,,,7,2025,2
2025-03-23 07:35:41,Other,CAR 22 (TSU) TIME 1:39.932 DELETED - TRACK LIMITS AT TURN 14 LAP 16 15:30:17,,,,,,20,2025,2
2025-03-23 08:19:53,Other,TURN 14 INCIDENT INVOLVING CARS 7 (DOO) AND 6 (HAD) NOTED - FORCING ANOTHER DRIVER OFF THE TRACK,,,,,,47,2025,2
2025-03-23 08:20:50,Flag,WAVED BLUE FLAG FOR CAR 22 (TSU) TIMED AT 16:20:49,,BLUE,Driver,,22,48,2025,2
2025-03-23 08:21:24,Other,FIA STEWARDS: TURN 14 INCIDENT INVOLVING CARS 7 (DOO) AND 6 (HAD) UNDER INVESTIGATION - FORCING ANOTHER DRIVER OFF THE TRACK,,,,,,48,2025,2
2025-03-23 08:22:37,Flag,WAVED BLUE FLAG FOR CAR 27 (HUL) TIMED AT 16:22:36,,BLUE,Driver,,27,49,2025,2
2025-03-23 08:24:11,Flag,WAVED BLUE FLAG FOR CAR 27 (HUL) TIMED AT 16:24:10,,BLUE,Driver,,27,50,2025,2
2025-03-23 08:24:22,Other,FIA STEWARDS: 10 SECOND TIME PENALTY FOR CAR 7 (DOO) - FORCING ANOTHER DRIVER OFF THE TRACK,,,,,,50,2025,2
2025-03-23 08:24:33,Other,CAR 7 (DOO) TIME 1:38.345 DELETED - TRACK LIMITS AT TURN 14 LAP 45 16:17:53,,,,,,50,2025,2
2025-03-23 08:24:35,Other,CAR 6 (HAD) TIME 1:38.600 DELETED - TRACK LIMITS AT TURN 14 LAP 45 16:17:53,,,,,,50,2025,2
2025-03-23 08:26:04,Flag,WAVED BLUE FLAG FOR CAR 5 (BOR) TIMED AT 16:26:03,,BLUE,Driver,,5,51,2025,2
2025-03-23 08:26:38,Other,TURN 1 INCIDENT INVOLVING CAR 7 (DOO) NOTED - MOVING UNDER BRAKING,,,,,,52,2025,2
2025-03-23 08:27:22,Flag,WAVED BLUE FLAG FOR CAR 5 (BOR) TIMED AT 16:27:22,,BLUE,Driver,,5,52,2025,2
2025-03-23 08:29:53,Flag,WAVED BLUE FLAG FOR CAR 27 (HUL) TIMED AT 16:29:52,,BLUE,Driver,,27,54,2025,2
2025-03-23 08:32:57,Flag,WAVED BLUE FLAG FOR CAR 27 (HUL) TIMED AT 16:32:57,,BLUE,Driver,,27,56,2025,2
2025-03-23 08:33:14,Other,FIA STEWARDS: TURN 1 INCIDENT INVOLVING CAR 7 (DOO) REVIEWED NO FURTHER INVESTIGATION - MOVING UNDER BRAKING,,,,,,56,2025,2
2025-03-23 08:34:33,Flag,CHEQUERED FLAG,,CHEQUERED,Track,,,56,2025,2
2025-03-23 08:34:36,Flag,WAVED BLUE FLAG FOR CAR 5 (BOR) TIMED AT 16:34:35,,BLUE,Driver,,5,56,2025,2
2025-04-06 04:20:00,Flag,GREEN LIGHT - PIT EXIT OPEN,,GREEN,Track,,,1,2025,3
2025-04-06 04:30:00,Other,PIT EXIT CLOSED,,,,,,1,2025,3
2025-04-06 04:45:14,Other,RISK OF RAIN FOR F1 RACE IS 20%,,,,,,1,2025,3
2025-04-06 04:57:06,Drs,DRS DISABLED,DISABLED,,,,,1,2025,3
2025-04-06 05:03:47,Flag,GREEN LIGHT - PIT EXIT OPEN,,GREEN,Track,,,1,2025,3
2025-04-06 05:05:35,Drs,DRS ENABLED,ENABLED,,,,,2,2025,3
2025-04-06 05:08:16,Other,CAR 12 (ANT) TIME 1:34.531 DELETED - TRACK LIMITS AT TURN 17 LAP 2 14:06:57,,,,,,3,2025,3
2025-04-06 05:29:55,Other,CAR 55 (SAI) TIME 1:34.451 DELETED - TRACK LIMITS AT TURN 17 LAP 15 14:27:34,,,,,,17,2025,3
2025-04-06 05:31:49,Other,TURN 17 INCIDENT INVOLVING CARS 55 (SAI) NOTED - LEAVING THE TRACK AND GAINING AN ADVANTAGE,,,,,,18,2025,3
2025-04-06 05:35:26,Other,FIA STEWARDS: TURN 17 INCIDENT INVOLVING CAR 55 (SAI) REVIEWED NO FURTHER INVESTIGATION - LEAVING THE TRACK AND GAINING AN ADVANTAGE,,,,,,21,2025,3
2025-04-06 05:42:02,Other,PIT EXIT INCIDENT INVOLVING CARS 1 (VER) AND 4 (NOR) NOTED,,,,,,25,2025,3
2025-04-06 05:43:05,Other,FIA STEWARDS: PIT EXIT INCIDENT INVOLVING CARS 1 (VER) AND 4 (NOR) REVIEWED NO FURTHER INVESTIGATION,,,,,,26,2025,3
2025-04-06 05:45:15,Other,CAR 55 (SAI) TIME 1:33.932 DELETED - TRACK LIMITS AT TURN 17 LAP 25 14:43:19,,,,,,27,2025,3
2025-04-06 05:45:28,Other,TURN 17 INCIDENT INVOLVING CAR 55 (SAI) NOTED - LEAVING THE TRACK AND GAINING AN ADVANTAGE,,,,,,27,2025,3
2025-04-06 05:47:54,Other,FIA STEWARDS: TURN 17 INCIDENT INVOLVING CAR 55 (SAI) REVIEWED NO FURTHER INVESTIGATION - LEAVING THE TRACK AND GAINING AN ADVANTAGE,,,,,,29,2025,3
2025-04-06 05:48:23,Other,CAR 22 (TSU) TIME 1:33.745 DELETED - TRACK LIMITS AT TURN 17 LAP 26 14:45:10,,,,,,29,2025,3
2025-04-06 05:57:07,Other,CAR 63 (RUS) TIME 1:32.080 DELETED - TRACK LIMITS AT TURN 17 LAP 33 14:55:29,,,,,,35,2025,3
2025-04-06 06:13:43,Flag,WAVED BLUE FLAG FOR CAR 18 (STR) TIMED AT 15:13:43,,BLUE,Driver,,18,45,2025,3
2025-04-06 06:13:51,Flag,WAVED BLUE FLAG FOR CAR 18 (STR) TIMED AT 15:13:50,,BLUE,Driver,,18,46,2025,3
2025-04-06 06:18:15,Other,CAR 12 (ANT) TIME 1:31.238 DELETED - TRACK LIMITS AT TURN 17 LAP 47 15:16:58,,,,,,48,2025,3
2025-04-06 06:25:53,Flag,CHEQUERED FLAG,,CHEQUERED,Track,,,53,2025,3
2025-04-06 06:26:13,Other,CAR 4 (NOR) TIME 1:31.423 DELETED - TRACK LIMITS AT TURN 17 LAP 53 15:25:48,,,,,,53,2025,3
2025-04-06 06:29:16,Other,CAR 10 (GAS) TIME 1:33.169 DELETED - TRACK LIMITS AT TURN 17 LAP 53 15:26:48,,,,,,53,2025,3
2025-04-13 14:20:01,Flag,GREEN LIGHT - PIT EXIT OPEN,,GREEN,Track,,,1,2025,4
2025-04-13 14:30:01,Other,PIT EXIT CLOSED,,,,,,1,2025,4
2025-04-13 14:45:06,Other,RISK OF RAIN FOR F1 RACE IS 0%,,,,,,1,2025,4
2025-04-13 14:57:04,Drs,DRS DISABLED,DISABLED,,,,,1,2025,4
2025-04-13 15:03:49,Flag,GREEN LIGHT - PIT EXIT OPEN,,GREEN,Track,,,1,2025,4
2025-04-13 15:05:28,Drs,DRS ENABLED,ENABLED,,,,,2,2025,4
2025-04-13 15:06:27,Other,CAR 12 (ANT) LAP DELETED - TRACK LIMITS AT TURN 7 LAP 1 18:04:28,,,,,,2,2025,4
2025-04-13 15:07:50,Other,INCIDENT INVOLVING CAR 4 (NOR) NOTED - FALSE START - OUT OF POSITION,,,,,,3,2025,4
2025-04-13 15:09:45,Other,CAR 12 (ANT) LAP DELETED - TRACK LIMITS AT TURN 4 LAP 1 18:04:22,,,,,,4,2025,4
2025-04-13 15:09:50,Other,CAR 14 (ALO) LAP DELETED - TRACK LIMITS AT TURN 4 LAP 1 18:04:23,,,,,,4,2025,4
2025-04-13 15:10:28,Other,FIA STEWARDS: INCIDENT INVOLVING CAR 4 (NOR) UNDER INVESTIGATION - FALSE START - OUT OF POSITION,,,,,,5,2025,4
2025-04-13 15:11:40,Other,CAR 31 (OCO) LAP DELETED - TRACK LIMITS AT TURN 4 LAP 1 18:04:24,,,,,,5,2025,4
2025-04-13 15:12:40,Other,CAR 6 (HAD) TIME 1:39.603 DELETED - TRACK LIMITS AT TURN 13 LAP 2 18:06:57,,,,,,6,2025,4
2025-04-13 15:14:51,Other,FIA STEWARDS: 5 SECOND TIME PENALTY FOR CAR 4 (NOR) - FALSE START - OUT OF POSITION,,,,,,7,2025,4
2025-04-13 15:15:26,Other,CAR 44 (HAM) LAP DELETED - TRACK LIMITS AT TURN 3 LAP 1 18:04:08,,,,,,8,2025,4
2025-04-13 15:17:32,Other,CAR 12 (ANT) TIME 1:39.197 DELETED - TRACK LIMITS AT TURN 13 LAP 8 18:16:44,,,,,,9,2025,4
2025-04-13 15:19:11,Other,CAR 6 (HAD) TIME 1:37.392 DELETED - TRACK LIMITS AT TURN 13 LAP 8 18:17:15,,,,,,10,2025,4
2025-04-13 15:19:44,Other,CAR 22 (TSU) TIME 1:40.727 DELETED - TRACK LIMITS AT TURN 13 LAP 9 18:18:29,,,,,,10,2025,4
2025-04-13 15:21:20,Other,TURN 4 INCIDENT INVOLVING CARS 55 (SAI) AND 1 (VER) NOTED,,,,,,11,2025,4
2025-04-13 15:23:11,Other,CAR 7 (DOO) TIME 1:37.745 DELETED - TRACK LIMITS AT TURN 13 LAP 11 18:22:09,,,,,,12,2025,4
2025-04-13 15:24:26,Other,CAR 6 (HAD) TIME 1:38.623 DELETED - TRACK LIMITS AT TURN 13 LAP 11 18:22:12,,,,,,13,2025,4
2025-04-13 15:24:43,Other,CAR 4 (NOR) TIME 1:41.534 DELETED - TRACK LIMITS AT TURN 13 LAP 10 18:19:57,,,,,,13,2025,4
2025-04-13 15:25:47,Other,CAR 12 (ANT) TIME 1:59.713 DELETED - TRACK LIMITS AT TURN 11 LAP 13 18:25:11,,,,,,14,2025,4
2025-04-13 15:26:17,Other,FIA STEWARDS: TURN 4 INCIDENT INVOLVING CARS 55 (SAI) AND 1 (VER) REVIEWED NO FURTHER INVESTIGATION,,,,,,14,2025,4
2025-04-13 15:27:25,Other,CAR 30 (LAW) TIME 1:43.984 DELETED - TRACK LIMITS AT TURN 13 LAP 14 18:26:59,,,,,,15,2025,4
2025-04-13 15:27:56,Other,TRACK SURFACE SLIPPERY IN TRACK SECTOR 10,,,,,,15,2025,4
2025-04-13 15:28:16,Other,TRACK SURFACE SLIPPERY IN TRACK SECTOR 11,,,,,,15,2025,4
2025-04-13 15:28:55,Flag,CLEAR IN TRACK SECTOR 10,,CLEAR,Sector,10.0,,16,2025,4
2025-04-13 15:28:56,Flag,CLEAR IN TRACK SECTOR 11,,CLEAR,Sector,11.0,,16,2025,4
2025-04-13 15:30:36,Other,PIT LANE INCIDENT INVOLVING CAR 87 (BEA) NOTED - UNSAFE RELEASE,,,,,,17,2025,4
2025-04-13 15:32:51,Other,FIA STEWARDS: PENALTY SERVED - 5 SECOND TIME PENALTY FOR CAR 4 (NOR) - FALSE START - OUT OF POSITION,,,,,,18,2025,4
2025-04-13 15:33:56,Other,FIA STEWARDS: PIT LANE INCIDENT INVOLVING CAR 87 (BEA) REVIEWED NO FURTHER INVESTIGATION - UNSAFE RELEASE,,,,,,19,2025,4
2025-04-13 15:34:53,Other,CAR 30 (LAW) TIME 1:39.836 DELETED - TRACK LIMITS AT TURN 13 LAP 18 18:33:58,,,,,,19,2025,4
2025-04-13 15:39:33,Other,CAR 12 (ANT) TIME 1:39.467 DELETED - TRACK LIMITS AT TURN 13 LAP 10 18:20:03,,,,,,22,2025,4
2025-04-13 15:40:40,Flag,BLACK AND WHITE FLAG FOR CAR 6 (HAD) - TRACK LIMITS,,BLACK AND WHITE,Driver,,6,23,2025,4
2025-04-13 15:40:46,Flag,BLACK AND WHITE FLAG FOR CAR 12 (ANT) - TRACK LIMITS,,BLACK AND WHITE,Driver,,12,23,2025,4
2025-04-13 15:42:12,Other,CAR 81 (PIA) TIME 1:37.933 DELETED - TRACK LIMITS AT TURN 11 LAP 23 18:41:20,,,,,,24,2025,4
2025-04-13 15:49:52,Other,CAR 7 (DOO) TIME 1:39.521 DELETED - TRACK LIMITS AT TURN 13 LAP 27 18:48:31,,,,,,28,2025,4
2025-04-13 15:54:19,Other,TRACK SURFACE SLIPPERY IN TRACK SECTOR 3,,,,,,31,2025,4
2025-04-13 15:56:09,SafetyCar,SAFETY CAR DEPLOYED,DEPLOYED,,,,,32,2025,4
2025-04-13 15:56:09,Flag,CLEAR IN TRACK SECTOR 3,,CLEAR,Sector,3.0,,32,2025,4
2025-04-13 16:00:13,Other,TURN 1 INCIDENT INVOLVING CARS 22 (TSU) AND 55 (SAI) NOTED - CAUSING A COLLISION,,,,,,34,2025,4
2025-04-13 16:02:20,SafetyCar,SAFETY CAR IN THIS LAP,IN THIS LAP,,,,,35,2025,4
2025-04-13 16:03:55,Flag,TRACK CLEAR,,CLEAR,Track,,,35,2025,4
2025-04-13 16:04:43,Other,FIA STEWARDS: TURN 1 INCIDENT INVOLVING CARS 22 (TSU) AND 55 (SAI) REVIEWED NO FURTHER INVESTIGATION - CAUSING A COLLISION,,,,,,36,2025,4
2025-04-13 16:05:49,Drs,DRS ENABLED,ENABLED,,,,,37,2025,4
2025-04-13 16:06:27,Other,CAR 4 (NOR) TIME 1:36.505 DELETED - TRACK LIMITS AT TURN 4 LAP 36 19:04:45,,,,,,37,2025,4
2025-04-13 16:07:39,Other,TURN 2 INCIDENT INVOLVING CARS 30 (LAW) AND 18 (STR) NOTED - CAUSING A COLLISION,,,,,,38,2025,4
2025-04-13 16:09:08,Other,CAR 14 (ALO) TIME 1:40.731 DELETED - TRACK LIMITS AT TURN 1 LAP 36 19:04:35,,,,,,39,2025,4
2025-04-13 16:09:10,Other,CAR 55 (SAI) TIME 1:40.833 DELETED - TRACK LIMITS AT TURN 10 LAP 36 19:05:14,,,,,,39,2025,4
2025-04-13 16:10:09,Other,CAR 27 (HUL) TIME 1:38.943 DELETED - TRACK LIMITS AT TURN 13 LAP 36 19:05:40,,,,,,39,2025,4
2025-04-13 16:10:59,Other,FIA STEWARDS: TURN 2 INCIDENT INVOLVING CARS 30 (LAW) AND 18 (STR) UNDER INVESTIGATION - CAUSING A COLLISION,,,,,,40,2025,4
2025-04-13 16:11:07,Other,CAR 16 (LEC) TIME 1:36.142 DELETED - TRACK LIMITS AT TURN 13 LAP 38 19:08:45,,,,,,40,2025,4
2025-04-13 16:12:46,Other,TURN 4 INCIDENT INVOLVING CARS 30 (LAW) AND 18 (STR) NOTED - SAFETY CAR INFRINGEMENT,,,,,,41,2025,4
2025-04-13 16:13:05,Other,FIA STEWARDS: 5 SECOND TIME PENALTY FOR CAR 30 (LAW) - CAUSING A COLLISION,,,,,,41,2025,4
2025-04-13 16:14:09,Other,FIA STEWARDS: TURN 4 INCIDENT INVOLVING CARS 30 (LAW) AND 18 (STR) REVIEWED NO FURTHER INVESTIGATION - SAFETY CAR INFRINGEMENT,,,,,,42,2025,4
2025-04-13 16:14:41,Other,TURN 10 INCIDENT INVOLVING CARS 55 (SAI) AND 12 (ANT) NOTED - FORCING ANOTHER DRIVER OFF THE TRACK,,,,,,42,2025,4
2025-04-13 16:16:26,Other,TURN 1 INCIDENT INVOLVING CARS 22 (TSU) AND 55 (SAI) NOTED - CAUSING A COLLISION,,,,,,43,2025,4
2025-04-13 16:17:04,Other,FIA STEWARDS: TURN 10 INCIDENT INVOLVING CARS 55 (SAI) AND 12 (ANT) UNDER INVESTIGATION - FORCING ANOTHER DRIVER OFF THE TRACK,,,,,,44,2025,4
2025-04-13 16:17:16,Other,FIA STEWARDS: 10 SECOND TIME PENALTY FOR CAR 55 (SAI) - FORCING ANOTHER DRIVER OFF THE TRACK,,,,,,44,2025,4
2025-04-13 16:17:25,Other,CAR 44 (HAM) TIME 1:37.115 DELETED - TRACK LIMITS AT TURN 4 LAP 42 19:14:25,,,,,,44,2025,4
2025-04-13 16:18:34,Other,CAR 12 (ANT) TIME 1:39.917 DELETED - TRACK LIMITS AT TURN 10 LAP 36 19:05:15,,,,,,44,2025,4
2025-04-13 16:18:50,Other,FIA STEWARDS: TURN 1 INCIDENT INVOLVING CARS 22 (TSU) AND 55 (SAI) REVIEWED NO FURTHER INVESTIGATION - CAUSING A COLLISION,,,,,,45,2025,4
2025-04-13 16:21:14,Other,CAR 1 (VER) TIME 1:37.385 DELETED - TRACK LIMITS AT TURN 13 LAP 45 19:20:09,,,,,,46,2025,4
2025-04-13 16:23:49,Other,CAR 7 (DOO) TIME 1:37.533 DELETED - TRACK LIMITS AT TURN 13 LAP 42 19:15:22,,,,,,48,2025,4
2025-04-13 16:23:57,Flag,BLACK AND WHITE FLAG FOR CAR 7 (DOO) - TRACK LIMITS,,BLACK AND WHITE,Driver,,7,48,2025,4
2025-04-13 16:26:41,Other,TURN 1 INCIDENT INVOLVING CARS 30 (LAW) AND 27 (HUL) NOTED - CAUSING A COLLISION,,,,,,50,2025,4
2025-04-13 16:28:13,Other,CAR 1 (VER) TIME 1:37.484 DELETED - TRACK LIMITS AT TURN 13 LAP 48 19:25:01,,,,,,50,2025,4
2025-04-13 16:29:27,Other,FIA STEWARDS: TURN 1 INCIDENT INVOLVING CARS 30 (LAW) AND 27 (HUL) UNDER INVESTIGATION - CAUSING A COLLISION,,,,,,51,2025,4
2025-04-13 16:30:12,Other,INCIDENT INVOLVING CAR 63 (RUS) NOTED - DRS INFRINGEMENT,,,,,,52,2025,4
2025-04-13 16:31:55,Other,FIA STEWARDS: INCIDENT INVOLVING CAR 63 (RUS) WILL BE INVESTIGATED AFTER THE RACE - DRS INFRINGEMENT,,,,,,53,2025,4
2025-04-13 16:32:20,Other,CAR 4 (NOR) TIME 1:37.861 DELETED - TRACK LIMITS AT TURN 4 LAP 49 19:25:38,,,,,,53,2025,4
2025-04-13 16:32:25,Flag,BLACK AND WHITE FLAG FOR CAR 4 (NOR) - TRACK LIMITS,,BLACK AND WHITE,Driver,,4,53,2025,4
2025-04-13 16:33:03,Other,CAR 22 (TSU) TIME 1:37.834 DELETED - TRACK LIMITS AT TURN 13 LAP 50 19:28:25,,,,,,53,2025,4
2025-04-13 16:33:55,Other,FIA STEWARDS: 10 SECOND TIME PENALTY FOR CAR 30 (LAW) - CAUSING A COLLISION,,,,,,54,2025,4
2025-04-13 16:34:27,Other,CAR 87 (BEA) TIME 1:38.548 DELETED - TRACK LIMITS AT TURN 13 LAP 52 19:31:42,,,,,,54,2025,4
2025-04-13 16:34:48,Other,CAR 22 (TSU) TIME 1:38.497 DELETED - TRACK LIMITS AT TURN 13 LAP 52 19:31:41,,,,,,55,2025,4
2025-04-13 16:34:52,Flag,BLACK AND WHITE FLAG FOR CAR 22 (TSU) - TRACK LIMITS,,BLACK AND WHITE,Driver,,22,55,2025,4
2025-04-13 16:35:34,Other,CAR 87 (BEA) TIME 1:38.643 DELETED - TRACK LIMITS AT TURN 13 LAP 54 19:35:00,,,,,,55,2025,4
2025-04-13 16:37:36,Other,CAR 1 (VER) TIME 1:38.687 DELETED - TRACK LIMITS AT TURN 4 LAP 55 19:35:37,,,,,,56,2025,4
2025-04-13 16:37:41,Flag,BLACK AND WHITE FLAG FOR CAR 1 (VER) - TRACK LIMITS,,BLACK AND WHITE,Driver,,1,56,2025,4
2025-04-13 16:39:29,Flag,CHEQUERED FLAG,,CHEQUERED,Track,,,57,2025,4
2025-04-13 16:42:21,Other,CAR 7 (DOO) TIME 1:38.811 DELETED - TRACK LIMITS AT TURN 13 LAP 56 19:38:23,,,,,,57,2025,4
2025-04-13 16:42:28,Other,INCIDENT INVOLVING CAR 7 (DOO) NOTED - TRACK LIMITS,,,,,,57,2025,4
2025-04-13 16:42:48,Other,FIA STEWARDS: INCIDENT INVOLVING CAR 7 (DOO) UNDER INVESTIGATION - TRACK LIMITS,,,,,,57,2025,4
2025-04-13 16:42:56,Other,CAR 18 (STR) TIME 1:38.980 DELETED - TRACK LIMITS AT TURN 13 LAP 57 19:40:15,,,,,,57,2025,4
2025-04-13 16:43:07,Other,FIA STEWARDS: 5 SECOND TIME PENALTY FOR CAR 7 (DOO) - TRACK LIMITS,,,,,,57,2025,4
2025-04-13 16:52:34,Flag,DOUBLE YELLOW IN TRACK SECTOR 1,,DOUBLE YELLOW,Sector,1.0,,57,2025,4
2025-04-13 16:52:36,Flag,CLEAR IN TRACK SECTOR 1,,CLEAR,Sector,1.0,,57,2025,4
2025-04-13 16:53:27,Flag,DOUBLE YELLOW IN TRACK SECTOR 1,,DOUBLE YELLOW,Sector,1.0,,57,2025,4
2025-04-13 16:53:28,Flag,CLEAR IN TRACK SECTOR 1,,CLEAR,Sector,1.0,,57,2025,4
2025-04-20 16:20:01,Flag,GREEN LIGHT - PIT EXIT OPEN,,GREEN,Track,,,1,2025,5
2025-04-20 16:30:01,Other,PIT EXIT CLOSED,,,,,,1,2025,5
2025-04-20 16:45:48,Other,RISK OF RAIN FOR F1 RACE IS 0 %,,,,,,1,2025,5
2025-04-20 16:57:02,Drs,DRS DISABLED,DISABLED,,,,,1,2025,5
2025-04-20 17:03:55,Flag,GREEN LIGHT - PIT EXIT OPEN,,GREEN,Track,,,1,2025,5
2025-04-20 17:04:25,Flag,DOUBLE YELLOW IN TRACK SECTOR 4,,DOUBLE YELLOW,Sector,4.0,,1,2025,5
2025-04-20 17:04:27,Flag,DOUBLE YELLOW IN TRACK SECTOR 2,,DOUBLE YELLOW,Sector,2.0,,1,2025,5
2025-04-20 17:04:28,Flag,YELLOW IN TRACK SECTOR 2,,YELLOW,Sector,2.0,,1,2025,5
2025-04-20 17:04:28,Flag,YELLOW IN TRACK SECTOR 3,,YELLOW,Sector,3.0,,1,2025,5
2025-04-20 17:04:30,Flag,CLEAR IN TRACK SECTOR 2,,CLEAR,Sector,2.0,,1,2025,5
2025-04-20 17:04:31,Flag,YELLOW IN TRACK SECTOR 2,,YELLOW,Sector,2.0,,1,2025,5
2025-04-20 17:04:43,Flag,CLEAR IN TRACK SECTOR 2,,CLEAR,Sector,2.0,,1,2025,5
2025-04-20 17:05:02,SafetyCar,SAFETY CAR DEPLOYED,DEPLOYED,,,,,1,2025,5
2025-04-20 17:05:24,Flag,DOUBLE YELLOW IN TRACK SECTOR 4,,DOUBLE YELLOW,Sector,4.0,,1,2025,5
2025-04-20 17:05:34,Other,RECOVERY VEHICLE ON TRACK AT TURN 5,,,,,,1,2025,5
2025-04-20 17:06:05,Flag,CLEAR IN TRACK SECTOR 3,,CLEAR,Sector,3.0,,2,2025,5
2025-04-20 17:06:09,Flag,DOUBLE YELLOW IN TRACK SECTOR 4,,DOUBLE YELLOW,Sector,4.0,,2,2025,5
2025-04-20 17:06:14,Flag,DOUBLE YELLOW IN TRACK SECTOR 4,,DOUBLE YELLOW,Sector,4.0,,2,2025,5
2025-04-20 17:06:17,Flag,DOUBLE YELLOW IN TRACK SECTOR 4,,DOUBLE YELLOW,Sector,4.0,,2,2025,5
2025-04-20 17:07:30,Other,TURN 1 INCIDENT INVOLVING CARS 1 (VER) AND 81 (PIA) NOTED,,,,,,2,2025,5
2025-04-20 17:09:12,Other,FIA STEWARDS: TURN 1 INCIDENT INVOLVING CARS 1 (VER) AND 81 (PIA) UNDER INVESTIGATION,,,,,,3,2025,5
2025-04-20 17:09:28,SafetyCar,SAFETY CAR IN THIS LAP,IN THIS LAP,,,,,3,2025,5
2025-04-20 17:09:39,Flag,CLEAR IN TRACK SECTOR 4,,CLEAR,Sector,4.0,,3,2025,5
2025-04-20 17:11:06,Flag,TRACK CLEAR,,CLEAR,Track,,,3,2025,5
2025-04-20 17:11:26,Other,FIA STEWARDS: 5 SECOND TIME PENALTY FOR CAR 1 (VER) - LEAVING THE TRACK AND GAINING AN ADVANTAGE,,,,,,3,2025,5
2025-04-20 17:12:13,Other,TURN 5 INCIDENT INVOLVING CARS 22 (TSU) AND 10 (GAS) NOTED - CAUSING A COLLISION,,,,,,4,2025,5
2025-04-20 17:13:13,Drs,DRS ENABLED,ENABLED,,,,,5,2025,5
2025-04-20 17:16:33,Other,FIA STEWARDS: TURN 5 INCIDENT INVOLVING CARS 22 (TSU) AND 10 (GAS) WILL BE INVESTIGATED AFTER THE RACE - CAUSING A COLLISION,,,,,,7,2025,5
2025-04-20 17:18:03,Other,CAR 1 (VER) LAP DELETED - TRACK LIMITS AT TURN 2 LAP 1 20:04:05,,,,,,8,2025,5
2025-04-20 17:18:23,Other,CAR 12 (ANT) LAP DELETED - TRACK LIMITS AT TURN 2 LAP 1 20:04:06,,,,,,8,2025,5
2025-04-20 17:23:23,Other,CAR 5 (BOR) TIME 1:36.994 DELETED - TRACK LIMITS AT TURN 17 LAP 8 20:19:07,,,,,,11,2025,5
2025-04-20 17:26:27,Other,CAR 18 (STR) TIME 1:36.148 DELETED - TRACK LIMITS AT TURN 22 LAP 12 20:25:41,,,,,,13,2025,5
2025-04-20 17:36:30,Other,CAR 30 (LAW) TIME 1:35.162 DELETED - TRACK LIMITS AT TURN 11 LAP 18 20:34:35,,,,,,19,2025,5
2025-04-20 17:37:10,Other,CAR 23 (ALB) TIME 1:35.896 DELETED - TRACK LIMITS AT TURN 2 LAP 19 20:35:40,,,,,,20,2025,5
2025-04-20 17:40:43,Other,CAR 5 (BOR) TIME 1:36.354 DELETED - TRACK LIMITS AT TURN 2 LAP 21 20:39:10,,,,,,22,2025,5
2025-04-20 17:42:00,Other,CAR 6 (HAD) TIME 1:36.137 DELETED - TRACK LIMITS AT TURN 2 LAP 22 20:40:29,,,,,,23,2025,5
2025-04-20 17:42:04,Other,FIA STEWARDS: PENALTY SERVED - 5 SECOND TIME PENALTY FOR CAR 1 (VER),,,,,,23,2025,5
2025-04-20 17:47:33,Other,TURN 1 INCIDENT INVOLVING CARS 5 (BOR) AND 14 (ALO) NOTED,,,,,,26,2025,5
2025-04-20 17:47:59,Other,CAR 14 (ALO) TIME 1:37.031 DELETED - TRACK LIMITS AT TURN 2 LAP 25 20:45:38,,,,,,27,2025,5
2025-04-20 17:50:56,Other,CAR 4 (NOR) TIME 1:33.342 DELETED - TRACK LIMITS AT TURN 4 LAP 27 20:48:11,,,,,,29,2025,5
2025-04-20 17:52:31,Other,CAR 30 (LAW) TIME 1:35.190 DELETED - TRACK LIMITS AT TURN 2 LAP 28 20:50:21,,,,,,30,2025,5
2025-04-20 17:54:11,Other,CAR 12 (ANT) TIME 1:33.780 DELETED - TRACK LIMITS AT TURN 15 LAP 25 20:45:55,,,,,,31,2025,5
2025-04-20 17:54:53,Other,TURN 1 INCIDENT INVOLVING CARS 30 (LAW) AND 7 (DOO) NOTED,,,,,,31,2025,5
2025-04-20 17:56:14,Other,CAR 6 (HAD) TIME 1:35.421 DELETED - TRACK LIMITS AT TURN 22 LAP 31 20:55:40,,,,,,32,2025,5
2025-04-20 17:56:23,Other,CAR 44 (HAM) TIME 1:34.392 DELETED - TRACK LIMITS AT TURN 22 LAP 31 20:55:45,,,,,,32,2025,5
2025-04-20 18:00:29,Other,FIA STEWARDS: TURN 1 INCIDENT INVOLVING CARS 5 (BOR) AND 14 (ALO) REVIEWED NO FURTHER INVESTIGATION,,,,,,35,2025,5
2025-04-20 18:01:50,Flag,BLACK AND WHITE FLAG FOR CAR 5 (BOR) - MOVING UNDER BRAKING,,BLACK AND WHITE,Driver,,5,35,2025,5
2025-04-20 18:04:41,Other,FIA STEWARDS: TURN 1 INCIDENT INVOLVING CARS 30 (LAW) AND 7 (DOO) UNDER INVESTIGATION,,,,,,37,2025,5
2025-04-20 18:06:19,Other,FIA STEWARDS: 10 SECOND TIME PENALTY FOR CAR 30 (LAW) - LEAVING THE TRACK AND GAINING AN ADVANTAGE,,,,,,38,2025,5
2025-04-20 18:08:14,Other,INCIDENT INVOLVING CAR 4 (NOR) NOTED - FAILING TO FOLLOW RACE DIRECTORS INSTRUCTIONS – CROSSING THE LINE AT PIT EXIT,,,,,,40,2025,5
2025-04-20 18:10:54,Flag,WAVED BLUE FLAG FOR CAR 7 (DOO) TIMED AT 21:10:53,,BLUE,Driver,,7,41,2025,5
2025-04-20 18:13:06,Flag,WAVED BLUE FLAG FOR CAR 7 (DOO) TIMED AT 21:13:06,,BLUE,Driver,,7,43,2025,5
2025-04-20 18:14:11,Other,FIA STEWARDS: INCIDENT INVOLVING CAR 4 (NOR) REVIEWED NO FURTHER INVESTIGATION - FAILING TO FOLLOW RACE DIRECTORS INSTRUCTIONS – CROSSING THE LINE AT PIT EXIT,,,,,,43,2025,5
2025-04-20 18:16:33,Flag,WAVED BLUE FLAG FOR CAR 7 (DOO) TIMED AT 21:16:32,,BLUE,Driver,,7,45,2025,5
2025-04-20 18:17:19,Flag,WAVED BLUE FLAG FOR CAR 7 (DOO) TIMED AT 21:17:19,,BLUE,Driver,,7,46,2025,5
2025-04-20 18:18:11,Flag,WAVED BLUE FLAG FOR CAR 18 (STR) TIMED AT 21:18:11,,BLUE,Driver,,18,46,2025,5
2025-04-20 18:18:41,Flag,WAVED BLUE FLAG FOR CAR 5 (BOR) TIMED AT 21:18:40,,BLUE,Driver,,5,46,2025,5
2025-04-20 18:19:17,Flag,WAVED BLUE FLAG FOR CAR 5 (BOR) TIMED AT 21:19:16,,BLUE,Driver,,5,47,2025,5
2025-04-20 18:20:45,Flag,WAVED BLUE FLAG FOR CAR 18 (STR) TIMED AT 21:20:44,,BLUE,Driver,,18,48,2025,5
2025-04-20 18:21:16,Flag,WAVED BLUE FLAG FOR CAR 5 (BOR) TIMED AT 21:21:16,,BLUE,Driver,,5,48,2025,5
2025-04-20 18:21:31,Flag,WAVED BLUE FLAG FOR CAR 18 (STR) TIMED AT 21:21:30,,BLUE,Driver,,18,48,2025,5
2025-04-20 18:21:38,Flag,WAVED BLUE FLAG FOR CAR 5 (BOR) TIMED AT 21:21:37,,BLUE,Driver,,5,48,2025,5
2025-04-20 18:23:38,Flag,WAVED BLUE FLAG FOR CAR 27 (HUL) TIMED AT 21:23:38,,BLUE,Driver,,27,50,2025,5
2025-04-20 18:24:02,Flag,WAVED BLUE FLAG FOR CAR 27 (HUL) TIMED AT 21:24:02,,BLUE,Driver,,27,50,2025,5
2025-04-20 18:25:02,Flag,CHEQUERED FLAG,,CHEQUERED,Track,,,50,2025,5
2025-05-04 19:05:02,Other,PINK HEAD PADDING MATERIAL MUST BE USED,,,,,,1,2025,6
2025-05-04 19:20:00,Flag,GREEN LIGHT - PIT EXIT OPEN,,GREEN,Track,,,1,2025,6
2025-05-04 19:30:00,Other,PIT EXIT CLOSED,,,,,,1,2025,6
2025-05-04 19:31:07,Flag,DOUBLE YELLOW IN TRACK SECTOR 3,,DOUBLE YELLOW,Sector,3.0,,1,2025,6
2025-05-04 19:31:47,Flag,CLEAR IN TRACK SECTOR 3,,CLEAR,Sector,3.0,,1,2025,6
2025-05-04 19:31:50,Flag,DOUBLE YELLOW IN TRACK SECTOR 3,,DOUBLE YELLOW,Sector,3.0,,1,2025,6
2025-05-04 19:34:01,Flag,DOUBLE YELLOW IN TRACK SECTOR 20,,DOUBLE YELLOW,Sector,20.0,,1,2025,6
2025-05-04 19:34:02,Other,DRS DISABLED IN ZONE 3,,,,,,1,2025,6
2025-05-04 19:37:35,Flag,CLEAR IN TRACK SECTOR 3,,CLEAR,Sector,3.0,,1,2025,6
2025-05-04 19:40:30,Flag,DOUBLE YELLOW IN TRACK SECTOR 7,,DOUBLE YELLOW,Sector,7.0,,1,2025,6
2025-05-04 19:41:34,Flag,CLEAR IN TRACK SECTOR 7,,CLEAR,Sector,7.0,,1,2025,6
2025-05-04 19:41:38,Flag,DOUBLE YELLOW IN TRACK SECTOR 7,,DOUBLE YELLOW,Sector,7.0,,1,2025,6
2025-05-04 19:42:57,Flag,CLEAR IN TRACK SECTOR 7,,CLEAR,Sector,7.0,,1,2025,6
2025-05-04 19:43:14,Flag,DOUBLE YELLOW IN TRACK SECTOR 7,,DOUBLE YELLOW,Sector,7.0,,1,2025,6
2025-05-04 19:44:38,Flag,CLEAR IN TRACK SECTOR 7,,CLEAR,Sector,7.0,,1,2025,6
2025-05-04 19:44:52,Other,DRS ENABLED IN ZONE 3,,,,,,1,2025,6
2025-05-04 19:44:52,Flag,CLEAR IN TRACK SECTOR 20,,CLEAR,Sector,20.0,,1,2025,6
2025-05-04 19:45:22,Other,RISK OF RAIN FOR F1 RACE IS 30%,,,,,,1,2025,6
2025-05-04 19:57:01,Drs,DRS DISABLED,DISABLED,,,,,1,2025,6
2025-05-04 20:03:42,Flag,GREEN LIGHT - PIT EXIT OPEN,,GREEN,Track,,,1,2025,6
2025-05-04 20:03:56,Flag,DOUBLE YELLOW IN TRACK SECTOR 2,,DOUBLE YELLOW,Sector,2.0,,1,2025,6
2025-05-04 20:04:04,Flag,CLEAR IN TRACK SECTOR 2,,CLEAR,Sector,2.0,,1,2025,6
2025-05-04 20:04:08,Flag,YELLOW IN TRACK SECTOR 4,,YELLOW,Sector,4.0,,1,2025,6
2025-05-04 20:04:10,Flag,DOUBLE YELLOW IN TRACK SECTOR 4,,DOUBLE YELLOW,Sector,4.0,,1,2025,6
2025-05-04 20:04:13,Flag,CLEAR IN TRACK SECTOR 4,,CLEAR,Sector,4.0,,1,2025,6
2025-05-04 20:04:26,Flag,DOUBLE YELLOW IN TRACK SECTOR 2,,DOUBLE YELLOW,Sector,2.0,,1,2025,6
2025-05-04 20:04:34,Other,TRACK SURFACE SLIPPERY IN TRACK SECTOR 5,,,,,,1,2025,6
2025-05-04 20:05:12,Flag,CLEAR IN TRACK SECTOR 2,,CLEAR,Sector,2.0,,1,2025,6
2025-05-04 20:06:00,Flag,DOUBLE YELLOW IN TRACK SECTOR 13,,DOUBLE YELLOW,Sector,13.0,,2,2025,6
2025-05-04 20:06:00,Flag,DOUBLE YELLOW IN TRACK SECTOR 14,,DOUBLE YELLOW,Sector,14.0,,2,2025,6
2025-05-04 20:06:03,SafetyCar,VIRTUAL SAFETY CAR DEPLOYED,DEPLOYED,,,,,2,2025,6
2025-05-04 20:06:03,Flag,CLEAR IN TRACK SECTOR 5,,CLEAR,Sector,5.0,,2,2025,6
2025-05-04 20:08:51,Flag,CLEAR IN TRACK SECTOR 13,,CLEAR,Sector,13.0,,3,2025,6
2025-05-04 20:08:51,Flag,DOUBLE YELLOW IN TRACK SECTOR 13,,DOUBLE YELLOW,Sector,13.0,,3,2025,6
2025-05-04 20:08:52,Flag,CLEAR IN TRACK SECTOR 14,,CLEAR,Sector,14.0,,3,2025,6
2025-05-04 20:08:55,SafetyCar,VIRTUAL SAFETY CAR ENDING,ENDING,,,,,3,2025,6
2025-05-04 20:09:08,Flag,TRACK CLEAR,,CLEAR,Track,,,3,2025,6
2025-05-04 20:09:09,Drs,DRS ENABLED,ENABLED,,,,,3,2025,6
2025-05-04 20:10:59,Other,TURN 1 INCIDENT INVOLVING CARS 7 (DOO) AND 30 (LAW) NOTED - CAUSING A COLLISION,,,,,,5,2025,6
2025-05-04 20:12:34,Other,FIA STEWARDS: TURN 1 INCIDENT INVOLVING CARS 7 (DOO) AND 30 (LAW) REVIEWED NO FURTHER INVESTIGATION - CAUSING A COLLISION,,,,,,6,2025,6
2025-05-04 20:12:41,Other,TURN 2 INCIDENT INVOLVING CARS 1 (VER) AND 4 (NOR) NOTED,,,,,,6,2025,6
2025-05-04 20:13:41,Other,FIA STEWARDS: TURN 2 INCIDENT INVOLVING CARS 1 (VER) AND 4 (NOR) REVIEWED NO FURTHER INVESTIGATION,,,,,,6,2025,6
2025-05-04 20:29:40,Other,CAR 55 (SAI) TIME 1:32.915 DELETED - TRACK LIMITS AT TURN 15 LAP 16 16:28:57,,,,,,17,2025,6
2025-05-04 20:31:12,Other,TURN 15 INCIDENT INVOLVING CAR 55 (SAI) NOTED - LEAVING THE TRACK AND GAINING AN ADVANTAGE,,,,,,18,2025,6
2025-05-04 20:33:21,Other,CAR 4 (NOR) TIME 1:34.855 DELETED - TRACK LIMITS AT TURN 11 LAP 17 16:30:10,,,,,,19,2025,6
2025-05-04 20:33:21,Other,CAR 1 (VER) TIME 1:34.857 DELETED - TRACK LIMITS AT TURN 11 LAP 17 16:30:10,,,,,,19,2025,6
2025-05-04 20:34:17,Other,TURN 11 INCIDENT INVOLVING CARS 4 (NOR) AND 1 (VER) NOTED - LEAVING THE TRACK AND GAINING AN ADVANTAGE,,,,,,20,2025,6
2025-05-04 20:35:09,Other,FIA STEWARDS: TURN 15 INCIDENT INVOLVING CAR 55 (SAI) REVIEWED NO FURTHER INVESTIGATION - LEAVING THE TRACK AND GAINING AN ADVANTAGE,,,,,,20,2025,6
2025-05-04 20:35:30,Other,FIA STEWARDS: TURN 11 INCIDENT INVOLVING CARS 4 (NOR) AND 1 (VER) REVIEWED NO FURTHER INVESTIGATION - LEAVING THE TRACK AND GAINING AN ADVANTAGE,,,,,,21,2025,6
2025-05-04 20:48:05,SafetyCar,VIRTUAL SAFETY CAR DEPLOYED,DEPLOYED,,,,,29,2025,6
2025-05-04 20:50:12,SafetyCar,VIRTUAL SAFETY CAR ENDING,ENDING,,,,,30,2025,6
2025-05-04 20:50:25,Flag,TRACK CLEAR,,CLEAR,Track,,,30,2025,6
2025-05-04 20:50:25,Drs,DRS ENABLED,ENABLED,,,,,30,2025,6
2025-05-04 20:52:10,Other,INCIDENT INVOLVING CAR 22 (TSU) NOTED - SPEEDING IN THE PIT LANE,,,,,,31,2025,6
2025-05-04 20:52:24,Other,FIA STEWARDS: INCIDENT INVOLVING CAR 22 (TSU) UNDER INVESTIGATION - SPEEDING IN THE PIT LANE,,,,,,31,2025,6
2025-05-04 20:53:04,Other,CAR 5 (BOR) TIME 1:57.049 DELETED - TRACK LIMITS AT TURN 6 LAP 30 16:51:18,,,,,,32,2025,6
2025-05-04 20:53:15,Other,FIA STEWARDS: 5 SECOND TIME PENALTY FOR CAR 22 (TSU) - SPEEDING IN THE PIT LANE,,,,,,32,2025,6
2025-05-04 20:53:48,Flag,WAVED BLUE FLAG FOR CAR 5 (BOR) TIMED AT 16:53:47,,BLUE,Driver,,5,32,2025,6
2025-05-04 20:55:09,SafetyCar,VIRTUAL SAFETY CAR DEPLOYED,DEPLOYED,,,,,33,2025,6
2025-05-04 20:56:31,SafetyCar,VIRTUAL SAFETY CAR ENDING,ENDING,,,,,34,2025,6
2025-05-04 20:56:44,Flag,TRACK CLEAR,,CLEAR,Track,,,34,2025,6
2025-05-04 20:56:44,Drs,DRS ENABLED,ENABLED,,,,,34,2025,6
2025-05-04 20:58:39,Flag,WAVED BLUE FLAG FOR CAR 30 (LAW) TIMED AT 16:58:38,,BLUE,Driver,,30,35,2025,6
2025-05-04 21:01:25,Flag,WAVED BLUE FLAG FOR CAR 30 (LAW) TIMED AT 17:01:25,,BLUE,Driver,,30,37,2025,6
2025-05-04 21:08:31,Other,INCIDENT INVOLVING CAR 10 (GAS) NOTED - YELLOW FLAG INFRINGEMENT,,,,,,42,2025,6
2025-05-04 21:08:40,Other,INCIDENT INVOLVING CAR 55 (SAI) NOTED - YELLOW FLAG INFRINGEMENT,,,,,,42,2025,6
2025-05-04 21:14:23,Other,FIA STEWARDS: INCIDENT INVOLVING CAR 10 (GAS) WILL BE INVESTIGATED AFTER THE RACE - YELLOW FLAG INFRINGEMENT,,,,,,45,2025,6
2025-05-04 21:14:27,Other,FIA STEWARDS: INCIDENT INVOLVING CAR 55 (SAI) WILL BE INVESTIGATED AFTER THE RACE - YELLOW FLAG INFRINGEMENT,,,,,,45,2025,6
2025-05-04 21:15:03,Flag,WAVED BLUE FLAG FOR CAR 18 (STR) TIMED AT 17:15:02,,BLUE,Driver,,18,46,2025,6
2025-05-04 21:16:34,Flag,WAVED BLUE FLAG FOR CAR 18 (STR) TIMED AT 17:16:34,,BLUE,Driver,,18,47,2025,6
2025-05-04 21:18:03,Flag,WAVED BLUE FLAG FOR CAR 14 (ALO) TIMED AT 17:18:03,,BLUE,Driver,,14,48,2025,6
2025-05-04 21:20:04,Flag,WAVED BLUE FLAG FOR CAR 14 (ALO) TIMED AT 17:20:04,,BLUE,Driver,,14,49,2025,6
2025-05-04 21:20:13,Flag,WAVED BLUE FLAG FOR CAR 14 (ALO) TIMED AT 17:20:13,,BLUE,Driver,,14,49,2025,6
2025-05-04 21:32:03,Flag,WAVED BLUE FLAG FOR CAR 27 (HUL) TIMED AT 17:32:03,,BLUE,Driver,,27,57,2025,6
2025-05-04 21:32:33,Flag,CHEQUERED FLAG,,CHEQUERED,Track,,,57,2025,6
2025-05-04 21:34:36,Other,TURN 17 INCIDENT INVOLVING CARS 44 (HAM) AND 55 (SAI) NOTED - CAUSING A COLLISION,,,,,,57,2025,6
2025-05-04 21:34:50,Other,FIA STEWARDS: TURN 17 INCIDENT INVOLVING CARS 44 (HAM) AND 55 (SAI) WILL BE INVESTIGATED AFTER THE RACE - CAUSING A COLLISION,,,,,,57,2025,6
2025-05-18 12:20:00,Flag,GREEN LIGHT - PIT EXIT OPEN,,GREEN,Track,,,1,2025,7
2025-05-18 12:30:00,Other,PIT EXIT CLOSED,,,,,,1,2025,7
2025-05-18 12:45:13,Other,RISK OF RAIN FOR F1 RACE IS 20%,,,,,,1,2025,7
2025-05-18 12:57:02,Drs,DRS DISABLED,DISABLED,,,,,1,2025,7
2025-05-18 13:03:33,Flag,GREEN LIGHT - PIT EXIT OPEN,,GREEN,Track,,,1,2025,7
2025-05-18 13:05:08,Drs,DRS ENABLED,ENABLED,,,,,2,2025,7
2025-05-18 13:08:32,Other,CAR 10 (GAS) TIME 1:25.766 DELETED - TRACK LIMITS AT TURN 10 LAP 3 15:07:09,,,,,,4,2025,7
2025-05-18 13:13:47,Other,CAR 10 (GAS) TIME 1:22.462 DELETED - TRACK LIMITS AT TURN 17 LAP 7 15:13:08,,,,,,8,2025,7
2025-05-18 13:42:11,Flag,YELLOW IN TRACK SECTOR 8,,YELLOW,Sector,8.0,,29,2025,7
2025-05-18 13:42:34,SafetyCar,VIRTUAL SAFETY CAR DEPLOYED,DEPLOYED,,,,,29,2025,7
2025-05-18 13:42:37,Flag,DOUBLE YELLOW IN TRACK SECTOR 8,,DOUBLE YELLOW,Sector,8.0,,29,2025,7
2025-05-18 13:42:44,Flag,YELLOW IN TRACK SECTOR 7,,YELLOW,Sector,7.0,,29,2025,7
2025-05-18 13:45:59,Flag,CLEAR IN TRACK SECTOR 8,,CLEAR,Sector,8.0,,31,2025,7
2025-05-18 13:46:01,Flag,CLEAR IN TRACK SECTOR 7,,CLEAR,Sector,7.0,,31,2025,7
2025-05-18 13:46:03,SafetyCar,VIRTUAL SAFETY CAR ENDING,ENDING,,,,,31,2025,7
2025-05-18 13:46:14,Flag,TRACK CLEAR,,CLEAR,Track,,,31,2025,7
2025-05-18 13:46:15,Drs,DRS ENABLED,ENABLED,,,,,31,2025,7
2025-05-18 13:50:08,Other,TURN 2 INCIDENT INVOLVING CARS 22 (TSU) AND 55 (SAI) NOTED - CAUSING A COLLISION,,,,,,34,2025,7
2025-05-18 13:51:21,Other,FIA STEWARDS: TURN 2 INCIDENT INVOLVING CARS 22 (TSU) AND 55 (SAI) REVIEWED NO FURTHER INVESTIGATION - CAUSING A COLLISION,,,,,,35,2025,7
2025-05-18 13:57:03,Other,TURN 7 INCIDENT INVOLVING CAR 23 (ALB) NOTED -YELLOW FLAG INFRINGEMENT,,,,,,39,2025,7
2025-05-18 13:58:03,Other,FIA STEWARDS: TURN 7 INCIDENT INVOLVING CAR 23 (ALB) REVIEWED NO FURTHER INVESTIGATION - YELLOW FLAG INFRINGEMENT,,,,,,40,2025,7
2025-05-18 14:01:56,Flag,WAVED BLUE FLAG FOR CAR 5 (BOR) TIMED AT 16:01:55,,BLUE,Driver,,5,43,2025,7
2025-05-18 14:04:26,Flag,WAVED BLUE FLAG FOR CAR 30 (LAW) TIMED AT 16:04:26,,BLUE,Driver,,30,45,2025,7
2025-05-18 14:04:53,Flag,WAVED BLUE FLAG FOR CAR 43 (COL) TIMED AT 16:04:53,,BLUE,Driver,,43,45,2025,7
2025-05-18 14:06:02,Flag,WAVED BLUE FLAG FOR CAR 10 (GAS) TIMED AT 16:06:01,,BLUE,Driver,,10,46,2025,7
2025-05-18 14:06:07,Flag,YELLOW IN TRACK SECTOR 8,,YELLOW,Sector,8.0,,46,2025,7
2025-05-18 14:06:21,Flag,WAVED BLUE FLAG FOR CAR 10 (GAS) TIMED AT 16:06:20,,BLUE,Driver,,10,46,2025,7
2025-05-18 14:06:27,SafetyCar,SAFETY CAR DEPLOYED,DEPLOYED,,,,,46,2025,7
2025-05-18 14:07:06,Flag,DOUBLE YELLOW IN TRACK SECTOR 8,,DOUBLE YELLOW,Sector,8.0,,47,2025,7
2025-05-18 14:09:30,Other,RECOVERY VEHICLE ON TRACK AT TURN 7,,,,,,48,2025,7
2025-05-18 14:14:18,Flag,DOUBLE YELLOW IN TRACK SECTOR 9,,DOUBLE YELLOW,Sector,9.0,,50,2025,7
2025-05-18 14:16:20,Flag,CLEAR IN TRACK SECTOR 8,,CLEAR,Sector,8.0,,51,2025,7
2025-05-18 14:17:21,Flag,CLEAR IN TRACK SECTOR 9,,CLEAR,Sector,9.0,,51,2025,7
2025-05-18 14:18:03,Other,LAPPED CAR MAY NOW OVERTAKE THE SAFETY CAR: 87,,,,,,52,2025,7
2025-05-18 14:20:09,SafetyCar,SAFETY CAR IN THIS LAP,IN THIS LAP,,,,,53,2025,7
2025-05-18 14:21:42,Flag,TRACK CLEAR,,CLEAR,Track,,,53,2025,7
2025-05-18 14:23:24,Other,INCIDENT INVOLVING CARS 4 (NOR) AND 23 (ALB) NOTED - SAFETY CAR INFRINGEMENT,,,,,,55,2025,7
2025-05-18 14:23:33,Drs,DRS ENABLED,ENABLED,,,,,55,2025,7
2025-05-18 14:24:31,Other,FIA STEWARDS: INCIDENT INVOLVING CARS 4 (NOR) AND 23 (ALB) REVIEWED NO FURTHER INVESTIGATION - SAFETY CAR INFRINGEMENT,,,,,,55,2025,7
2025-05-18 14:31:22,Other,TURN 2 INCIDENT INVOLVING CARS 16 (LEC) AND 23 (ALB) NOTED - FORCING ANOTHER DRIVER OFF THE TRACK,,,,,,61,2025,7
2025-05-18 14:31:43,Other,CAR 23 (ALB) TIME 1:21.386 DELETED - TRACK LIMITS AT TURN 3 LAP 60 16:30:16,,,,,,61,2025,7
2025-05-18 14:33:47,Other,FIA STEWARDS: TURN 2 INCIDENT INVOLVING CARS 16 (LEC) AND 23 (ALB) UNDER INVESTIGATION - FORCING ANOTHER DRIVER OFF THE TRACK,,,,,,62,2025,7
2025-05-18 14:35:06,Flag,CHEQUERED FLAG,,CHEQUERED,Track,,,63,2025,7
2025-05-18 14:36:51,Other,FIA STEWARDS: TURN 2 INCIDENT INVOLVING CARS 16 (LEC) AND 23 (ALB) NO FURTHER ACTION - FORCING ANOTHER DRIVER OFF THE TRACK,,,,,,63,2025,7
2025-05-25 12:20:01,Flag,GREEN LIGHT - PIT EXIT OPEN,,GREEN,Track,,,1,2025,8
2025-05-25 12:30:01,Other,PIT EXIT CLOSED,,,,,,1,2025,8
2025-05-25 12:31:26,Flag,DOUBLE YELLOW IN TRACK SECTOR 7,,DOUBLE YELLOW,Sector,7.0,,1,2025,8
2025-05-25 12:31:36,Flag,CLEAR IN TRACK SECTOR 7,,CLEAR,Sector,7.0,,1,2025,8
2025-05-25 12:37:42,Other,INCIDENT INVOLVING CAR 87 (BEA) NOTED - UNSAFE CONDITION,,,,,,1,2025,8
2025-05-25 12:39:28,Other,FIA STEWARDS: INCIDENT INVOLVING CAR 87 (BEA) WILL BE INVESTIGATED AFTER THE RACE - UNSAFE CONDITION,,,,,,1,2025,8
2025-05-25 12:45:08,Other,RISK OF RAIN FOR F1 RACE IS 0%,,,,,,1,2025,8
2025-05-25 12:57:02,Drs,DRS DISABLED,DISABLED,,,,,1,2025,8
2025-05-25 13:03:09,Flag,GREEN LIGHT - PIT EXIT OPEN,,GREEN,Track,,,1,2025,8
2025-05-25 13:04:01,Flag,YELLOW IN TRACK SECTOR 10,,YELLOW,Sector,10.0,,1,2025,8
2025-05-25 13:04:18,Flag,CLEAR IN TRACK SECTOR 10,,CLEAR,Sector,10.0,,1,2025,8
2025-05-25 13:04:43,SafetyCar,VIRTUAL SAFETY CAR DEPLOYED,DEPLOYED,,,,,2,2025,8
2025-05-25 13:04:57,Flag,DOUBLE YELLOW IN TRACK SECTOR 10,,DOUBLE YELLOW,Sector,10.0,,2,2025,8
2025-05-25 13:09:07,Flag,CLEAR IN TRACK SECTOR 10,,CLEAR,Sector,10.0,,4,2025,8
2025-05-25 13:09:15,SafetyCar,VIRTUAL SAFETY CAR ENDING,ENDING,,,,,4,2025,8
2025-05-25 13:09:28,Flag,TRACK CLEAR,,CLEAR,Track,,,4,2025,8
2025-05-25 13:09:31,Drs,DRS ENABLED,ENABLED,,,,,4,2025,8
2025-05-25 13:10:35,Other,TURN 8 INCIDENT INVOLVING CARS 12 (ANT) AND 5 (BOR) NOTED,,,,,,5,2025,8
2025-05-25 13:11:07,Other,FIA STEWARDS: TURN 8 INCIDENT INVOLVING CARS 12 (ANT) AND 5 (BOR) REVIEWED NO FURTHER INVESTIGATION,,,,,,6,2025,8
2025-05-25 13:14:56,Flag,DOUBLE YELLOW IN TRACK SECTOR 13,,DOUBLE YELLOW,Sector,13.0,,8,2025,8
2025-05-25 13:16:39,Flag,DOUBLE YELLOW IN TRACK SECTOR 16,,DOUBLE YELLOW,Sector,16.0,,10,2025,8
2025-05-25 13:16:52,Flag,CLEAR IN TRACK SECTOR 16,,CLEAR,Sector,16.0,,10,2025,8
2025-05-25 13:16:58,Other,PIT LANE ENTRY CLOSED,,,,,,10,2025,8
2025-05-25 13:18:39,Flag,CLEAR IN TRACK SECTOR 13,,CLEAR,Sector,13.0,,11,2025,8
2025-05-25 13:18:48,Other,PIT LANE ENTRY OPEN,,,,,,11,2025,8
2025-05-25 13:19:30,Other,CAR 22 (TSU) TIME 1:23.351 DELETED - TRACK LIMITS AT TURN 10 LAP 8 15:14:56,,,,,,12,2025,8
2025-05-25 13:19:33,Other,CAR 30 (LAW) TIME 1:24.550 DELETED - TRACK LIMITS AT TURN 10 LAP 9 15:16:11,,,,,,12,2025,8
2025-05-25 13:20:17,Other,TURN 10 INCIDENT INVOLVING CARS 22 (TSU) AND 10 (GAS) NOTED - CAUSING A COLLISION,,,,,,12,2025,8
2025-05-25 13:21:20,Other,FIA STEWARDS: TURN 10 INCIDENT INVOLVING CARS 22 (TSU) AND 10 (GAS) WILL BE INVESTIGATED AFTER THE RACE - CAUSING A COLLISION,,,,,,13,2025,8
2025-05-25 13:33:12,Other,CAR 16 (LEC) TIME 1:15.782 DELETED - TRACK LIMITS AT TURN 10 LAP 21 15:31:13,,,,,,23,2025,8
2025-05-25 13:37:56,Flag,WAVED BLUE FLAG FOR CAR 87 (BEA) TIMED AT 15:37:55,,BLUE,Driver,,87,26,2025,8
2025-05-25 13:38:51,Flag,WAVED BLUE FLAG FOR CAR 18 (STR) TIMED AT 15:38:50,,BLUE,Driver,,18,27,2025,8
2025-05-25 13:39:43,Flag,WAVED BLUE FLAG FOR CAR 43 (COL) TIMED AT 15:39:42,,BLUE,Driver,,43,28,2025,8
2025-05-25 13:40:23,Flag,WAVED BLUE FLAG FOR CAR 27 (HUL) TIMED AT 15:40:23,,BLUE,Driver,,27,28,2025,8
2025-05-25 13:40:40,Flag,WAVED BLUE FLAG FOR CAR 5 (BOR) TIMED AT 15:40:39,,BLUE,Driver,,5,28,2025,8
2025-05-25 13:40:50,Flag,WAVED BLUE FLAG FOR CAR 5 (BOR) TIMED AT 15:40:49,,BLUE,Driver,,5,29,2025,8
2025-05-25 13:41:00,Flag,WAVED BLUE FLAG FOR CAR 43 (COL) TIMED AT 15:41:00,,BLUE,Driver,,43,29,2025,8
2025-05-25 13:41:09,Flag,WAVED BLUE FLAG FOR CAR 43 (COL) TIMED AT 15:41:09,,BLUE,Driver,,43,29,2025,8
2025-05-25 13:41:54,Flag,WAVED BLUE FLAG FOR CAR 87 (BEA) TIMED AT 15:41:54,,BLUE,Driver,,87,29,2025,8
2025-05-25 13:42:15,Flag,WAVED BLUE FLAG FOR CAR 18 (STR) TIMED AT 15:42:15,,BLUE,Driver,,18,30,2025,8
2025-05-25 13:42:45,Flag,WAVED BLUE FLAG FOR CAR 27 (HUL) TIMED AT 15:42:44,,BLUE,Driver,,27,30,2025,8
2025-05-25 13:43:10,Flag,WAVED BLUE FLAG FOR CAR 87 (BEA) TIMED AT 15:43:10,,BLUE,Driver,,87,30,2025,8
2025-05-25 13:43:20,Flag,WAVED BLUE FLAG FOR CAR 22 (TSU) TIMED AT 15:43:19,,BLUE,Driver,,22,31,2025,8
2025-05-25 13:43:40,Flag,WAVED BLUE FLAG FOR CAR 12 (ANT) TIMED AT 15:43:40,,BLUE,Driver,,12,31,2025,8
2025-05-25 13:43:54,Flag,WAVED BLUE FLAG FOR CAR 18 (STR) TIMED AT 15:43:54,,BLUE,Driver,,18,31,2025,8
2025-05-25 13:44:06,Flag,WAVED BLUE FLAG FOR CAR 63 (RUS) TIMED AT 15:44:05,,BLUE,Driver,,63,31,2025,8
2025-05-25 13:44:27,Flag,WAVED BLUE FLAG FOR CAR 27 (HUL) TIMED AT 15:44:26,,BLUE,Driver,,27,31,2025,8
2025-05-25 13:44:43,Flag,WAVED BLUE FLAG FOR CAR 22 (TSU) TIMED AT 15:44:43,,BLUE,Driver,,22,32,2025,8
2025-05-25 13:44:46,Flag,WAVED BLUE FLAG FOR CAR 87 (BEA) TIMED AT 15:44:46,,BLUE,Driver,,87,32,2025,8
2025-05-25 13:44:52,Flag,WAVED BLUE FLAG FOR CAR 87 (BEA) TIMED AT 15:44:51,,BLUE,Driver,,87,32,2025,8
2025-05-25 13:45:01,Flag,WAVED BLUE FLAG FOR CAR 12 (ANT) TIMED AT 15:45:00,,BLUE,Driver,,12,32,2025,8
2025-05-25 13:45:04,Flag,WAVED BLUE FLAG FOR CAR 18 (STR) TIMED AT 15:45:03,,BLUE,Driver,,18,32,2025,8
2025-05-25 13:45:25,Flag,WAVED BLUE FLAG FOR CAR 27 (HUL) TIMED AT 15:45:25,,BLUE,Driver,,27,32,2025,8
2025-05-25 13:45:37,Flag,WAVED BLUE FLAG FOR CAR 5 (BOR) TIMED AT 15:45:36,,BLUE,Driver,,5,32,2025,8
2025-05-25 13:45:37,Flag,WAVED BLUE FLAG FOR CAR 27 (HUL) TIMED AT 15:45:37,,BLUE,Driver,,27,32,2025,8
2025-05-25 13:45:39,Flag,WAVED BLUE FLAG FOR CAR 63 (RUS) TIMED AT 15:45:38,,BLUE,Driver,,63,32,2025,8
2025-05-25 13:45:49,Flag,WAVED BLUE FLAG FOR CAR 87 (BEA) TIMED AT 15:45:49,,BLUE,Driver,,87,33,2025,8
2025-05-25 13:46:03,Flag,WAVED BLUE FLAG FOR CAR 22 (TSU) TIMED AT 15:46:03,,BLUE,Driver,,22,33,2025,8
2025-05-25 13:46:06,Flag,WAVED BLUE FLAG FOR CAR 18 (STR) TIMED AT 15:46:05,,BLUE,Driver,,18,33,2025,8
2025-05-25 13:46:17,Flag,WAVED BLUE FLAG FOR CAR 55 (SAI) TIMED AT 15:46:16,,BLUE,Driver,,55,33,2025,8
2025-05-25 13:46:23,Flag,WAVED BLUE FLAG FOR CAR 27 (HUL) TIMED AT 15:46:22,,BLUE,Driver,,27,33,2025,8
2025-05-25 13:46:36,Flag,WAVED BLUE FLAG FOR CAR 12 (ANT) TIMED AT 15:46:36,,BLUE,Driver,,12,33,2025,8
2025-05-25 13:46:44,Flag,WAVED BLUE FLAG FOR CAR 22 (TSU) TIMED AT 15:46:44,,BLUE,Driver,,22,33,2025,8
2025-05-25 13:46:45,Flag,WAVED BLUE FLAG FOR CAR 43 (COL) TIMED AT 15:46:44,,BLUE,Driver,,43,33,2025,8
2025-05-25 13:47:01,Flag,WAVED BLUE FLAG FOR CAR 12 (ANT) TIMED AT 15:47:00,,BLUE,Driver,,12,33,2025,8
2025-05-25 13:47:12,Flag,WAVED BLUE FLAG FOR CAR 23 (ALB) TIMED AT 15:47:12,,BLUE,Driver,,23,34,2025,8
2025-05-25 13:47:15,Flag,WAVED BLUE FLAG FOR CAR 5 (BOR) TIMED AT 15:47:14,,BLUE,Driver,,5,34,2025,8
2025-05-25 13:47:19,Flag,WAVED BLUE FLAG FOR CAR 63 (RUS) TIMED AT 15:47:19,,BLUE,Driver,,63,34,2025,8
2025-05-25 13:47:41,Flag,WAVED BLUE FLAG FOR CAR 55 (SAI) TIMED AT 15:47:41,,BLUE,Driver,,55,34,2025,8
2025-05-25 13:47:42,Flag,WAVED BLUE FLAG FOR CAR 30 (LAW) TIMED AT 15:47:42,,BLUE,Driver,,30,34,2025,8
2025-05-25 13:47:49,Flag,WAVED BLUE FLAG FOR CAR 63 (RUS) TIMED AT 15:47:49,,BLUE,Driver,,63,34,2025,8
2025-05-25 13:47:50,Flag,WAVED BLUE FLAG FOR CAR 30 (LAW) TIMED AT 15:47:49,,BLUE,Driver,,30,34,2025,8
2025-05-25 13:47:52,Flag,WAVED BLUE FLAG FOR CAR 55 (SAI) TIMED AT 15:47:52,,BLUE,Driver,,55,34,2025,8
2025-05-25 13:48:09,Flag,WAVED BLUE FLAG FOR CAR 55 (SAI) TIMED AT 15:48:08,,BLUE,Driver,,55,34,2025,8
2025-05-25 13:48:19,Flag,WAVED BLUE FLAG FOR CAR 23 (ALB) TIMED AT 15:48:19,,BLUE,Driver,,23,35,2025,8
2025-05-25 13:48:23,Flag,WAVED BLUE FLAG FOR CAR 87 (BEA) TIMED AT 15:48:22,,BLUE,Driver,,87,35,2025,8
2025-05-25 13:48:47,Flag,WAVED BLUE FLAG FOR CAR 23 (ALB) TIMED AT 15:48:46,,BLUE,Driver,,23,35,2025,8
2025-05-25 13:48:56,Flag,WAVED BLUE FLAG FOR CAR 18 (STR) TIMED AT 15:48:55,,BLUE,Driver,,18,35,2025,8
2025-05-25 13:49:09,Flag,WAVED BLUE FLAG FOR CAR 18 (STR) TIMED AT 15:49:09,,BLUE,Driver,,18,35,2025,8
2025-05-25 13:49:20,Flag,WAVED BLUE FLAG FOR CAR 18 (STR) TIMED AT 15:49:19,,BLUE,Driver,,18,35,2025,8
2025-05-25 13:50:12,Flag,WAVED BLUE FLAG FOR CAR 27 (HUL) TIMED AT 15:50:11,,BLUE,Driver,,27,36,2025,8
2025-05-25 13:50:24,Flag,WAVED BLUE FLAG FOR CAR 27 (HUL) TIMED AT 15:50:24,,BLUE,Driver,,27,36,2025,8
2025-05-25 13:50:41,Flag,WAVED BLUE FLAG FOR CAR 22 (TSU) TIMED AT 15:50:41,,BLUE,Driver,,22,36,2025,8
2025-05-25 13:51:05,Flag,WAVED BLUE FLAG FOR CAR 30 (LAW) TIMED AT 15:51:05,,BLUE,Driver,,30,37,2025,8
2025-05-25 13:51:07,Flag,WAVED BLUE FLAG FOR CAR 12 (ANT) TIMED AT 15:51:07,,BLUE,Driver,,12,37,2025,8
2025-05-25 13:51:11,Other,CAR 44 (HAM) TIME 1:17.826 DELETED - TRACK LIMITS AT TURN 10 LAP 35 15:49:24,,,,,,37,2025,8
2025-05-25 13:51:23,Flag,WAVED BLUE FLAG FOR CAR 30 (LAW) TIMED AT 15:51:22,,BLUE,Driver,,30,37,2025,8
2025-05-25 13:51:29,Flag,WAVED BLUE FLAG FOR CAR 63 (RUS) TIMED AT 15:51:28,,BLUE,Driver,,63,37,2025,8
2025-05-25 13:51:33,Flag,WAVED BLUE FLAG FOR CAR 30 (LAW) TIMED AT 15:51:33,,BLUE,Driver,,30,37,2025,8
2025-05-25 13:51:49,Flag,WAVED BLUE FLAG FOR CAR 30 (LAW) TIMED AT 15:51:49,,BLUE,Driver,,30,37,2025,8
2025-05-25 13:51:53,Flag,WAVED BLUE FLAG FOR CAR 55 (SAI) TIMED AT 15:51:52,,BLUE,Driver,,55,37,2025,8
2025-05-25 13:52:55,Flag,YELLOW IN TRACK SECTOR 17,,YELLOW,Sector,17.0,,38,2025,8
2025-05-25 13:53:02,Flag,CLEAR IN TRACK SECTOR 17,,CLEAR,Sector,17.0,,38,2025,8
2025-05-25 13:55:14,Flag,WAVED BLUE FLAG FOR CAR 31 (OCO) TIMED AT 15:55:14,,BLUE,Driver,,31,40,2025,8
2025-05-25 13:56:54,Flag,WAVED BLUE FLAG FOR CAR 31 (OCO) TIMED AT 15:56:54,,BLUE,Driver,,31,41,2025,8
2025-05-25 13:57:07,Flag,WAVED BLUE FLAG FOR CAR 31 (OCO) TIMED AT 15:57:07,,BLUE,Driver,,31,42,2025,8
2025-05-25 13:58:04,Flag,WAVED BLUE FLAG FOR CAR 6 (HAD) TIMED AT 15:58:04,,BLUE,Driver,,6,42,2025,8
2025-05-25 13:59:22,Other,CAR 12 (ANT) TIME 1:18.060 DELETED - TRACK LIMITS AT TURN 10 LAP 41 15:58:34,,,,,,43,2025,8
2025-05-25 13:59:24,Flag,WAVED BLUE FLAG FOR CAR 6 (HAD) TIMED AT 15:59:23,,BLUE,Driver,,6,43,2025,8
2025-05-25 13:59:37,Flag,WAVED BLUE FLAG FOR CAR 6 (HAD) TIMED AT 15:59:36,,BLUE,Driver,,6,44,2025,8
2025-05-25 14:01:52,Flag,WAVED BLUE FLAG FOR CAR 31 (OCO) TIMED AT 16:01:52,,BLUE,Driver,,31,45,2025,8
2025-05-25 14:02:16,Flag,WAVED BLUE FLAG FOR CAR 31 (OCO) TIMED AT 16:02:15,,BLUE,Driver,,31,46,2025,8
2025-05-25 14:03:07,Flag,WAVED BLUE FLAG FOR CAR 6 (HAD) TIMED AT 16:03:06,,BLUE,Driver,,6,46,2025,8
2025-05-25 14:04:52,Flag,WAVED BLUE FLAG FOR CAR 5 (BOR) TIMED AT 16:04:52,,BLUE,Driver,,5,48,2025,8
2025-05-25 14:05:13,Flag,WAVED BLUE FLAG FOR CAR 43 (COL) TIMED AT 16:05:12,,BLUE,Driver,,43,48,2025,8
2025-05-25 14:05:31,Flag,WAVED BLUE FLAG FOR CAR 87 (BEA) TIMED AT 16:05:30,,BLUE,Driver,,87,48,2025,8
2025-05-25 14:05:52,Flag,WAVED BLUE FLAG FOR CAR 18 (STR) TIMED AT 16:05:52,,BLUE,Driver,,18,49,2025,8
2025-05-25 14:06:04,Flag,WAVED BLUE FLAG FOR CAR 22 (TSU) TIMED AT 16:06:03,,BLUE,Driver,,22,49,2025,8
2025-05-25 14:06:26,Flag,WAVED BLUE FLAG FOR CAR 12 (ANT) TIMED AT 16:06:25,,BLUE,Driver,,12,49,2025,8
2025-05-25 14:06:39,Flag,WAVED BLUE FLAG FOR CAR 5 (BOR) TIMED AT 16:06:38,,BLUE,Driver,,5,49,2025,8
2025-05-25 14:06:47,Flag,WAVED BLUE FLAG FOR CAR 63 (RUS) TIMED AT 16:06:47,,BLUE,Driver,,63,49,2025,8
2025-05-25 14:06:52,Flag,WAVED BLUE FLAG FOR CAR 43 (COL) TIMED AT 16:06:51,,BLUE,Driver,,43,49,2025,8
2025-05-25 14:07:01,Flag,WAVED BLUE FLAG FOR CAR 23 (ALB) TIMED AT 16:07:00,,BLUE,Driver,,23,50,2025,8
2025-05-25 14:07:09,Other,CAR 63 (RUS) TIME 1:19.959 DELETED - TRACK LIMITS AT TURN 10 LAP 47 16:06:25,,,,,,50,2025,8
2025-05-25 14:08:23,Other,TURN 10 INCIDENT INVOLVING CAR 63 (RUS) NOTED - LEAVING THE TRACK AND GAINING AN ADVANTAGE,,,,,,50,2025,8
2025-05-25 14:08:28,Other,CAR 63 (RUS) TIME 1:17.477 DELETED - TRACK LIMITS AT TURN 10 LAP 48 16:07:44,,,,,,51,2025,8
2025-05-25 14:08:37,Flag,WAVED BLUE FLAG FOR CAR 27 (HUL) TIMED AT 16:08:36,,BLUE,Driver,,27,51,2025,8
2025-05-25 14:09:00,Other,FIA STEWARDS: TURN 10 INCIDENT INVOLVING CAR 63 (RUS) UNDER INVESTIGATION - LEAVING THE TRACK AND GAINING AN ADVANTAGE,,,,,,51,2025,8
2025-05-25 14:09:49,Flag,WAVED BLUE FLAG FOR CAR 31 (OCO) TIMED AT 16:09:48,,BLUE,Driver,,31,52,2025,8
2025-05-25 14:10:09,Flag,WAVED BLUE FLAG FOR CAR 5 (BOR) TIMED AT 16:10:08,,BLUE,Driver,,5,52,2025,8
2025-05-25 14:10:32,Flag,WAVED BLUE FLAG FOR CAR 43 (COL) TIMED AT 16:10:31,,BLUE,Driver,,43,52,2025,8
2025-05-25 14:10:37,Flag,WAVED BLUE FLAG FOR CAR 6 (HAD) TIMED AT 16:10:36,,BLUE,Driver,,6,52,2025,8
2025-05-25 14:10:47,Flag,WAVED BLUE FLAG FOR CAR 87 (BEA) TIMED AT 16:10:46,,BLUE,Driver,,87,52,2025,8
2025-05-25 14:11:09,Flag,WAVED BLUE FLAG FOR CAR 18 (STR) TIMED AT 16:11:08,,BLUE,Driver,,18,53,2025,8
2025-05-25 14:11:10,Other,FIA STEWARDS: DRIVE THROUGH PENALTY FOR CAR 63 (RUS) - LEAVING THE TRACK AND GAINING AN ADVANTAGE,,,,,,53,2025,8
2025-05-25 14:11:29,Flag,WAVED BLUE FLAG FOR CAR 27 (HUL) TIMED AT 16:11:28,,BLUE,Driver,,27,53,2025,8
2025-05-25 14:11:42,Flag,WAVED BLUE FLAG FOR CAR 22 (TSU) TIMED AT 16:11:42,,BLUE,Driver,,22,53,2025,8
2025-05-25 14:11:46,Flag,WAVED BLUE FLAG FOR CAR 5 (BOR) TIMED AT 16:11:45,,BLUE,Driver,,5,53,2025,8
2025-05-25 14:11:51,Flag,WAVED BLUE FLAG FOR CAR 27 (HUL) TIMED AT 16:11:51,,BLUE,Driver,,27,53,2025,8
2025-05-25 14:11:54,Flag,WAVED BLUE FLAG FOR CAR 43 (COL) TIMED AT 16:11:54,,BLUE,Driver,,43,53,2025,8
2025-05-25 14:12:04,Flag,WAVED BLUE FLAG FOR CAR 12 (ANT) TIMED AT 16:12:04,,BLUE,Driver,,12,53,2025,8
2025-05-25 14:12:07,Flag,WAVED BLUE FLAG FOR CAR 87 (BEA) TIMED AT 16:12:07,,BLUE,Driver,,87,53,2025,8
2025-05-25 14:12:09,Flag,WAVED BLUE FLAG FOR CAR 5 (BOR) TIMED AT 16:12:09,,BLUE,Driver,,5,53,2025,8
2025-05-25 14:12:18,Flag,WAVED BLUE FLAG FOR CAR 23 (ALB) TIMED AT 16:12:17,,BLUE,Driver,,23,54,2025,8
2025-05-25 14:12:18,Other,CAR 12 (ANT) TIME 1:20.341 DELETED - TRACK LIMITS AT TURN 10 LAP 51 16:11:41,,,,,,54,2025,8
2025-05-25 14:12:22,Flag,WAVED BLUE FLAG FOR CAR 43 (COL) TIMED AT 16:12:22,,BLUE,Driver,,43,54,2025,8
2025-05-25 14:12:23,Flag,WAVED BLUE FLAG FOR CAR 18 (STR) TIMED AT 16:12:23,,BLUE,Driver,,18,54,2025,8
2025-05-25 14:12:28,Flag,WAVED BLUE FLAG FOR CAR 87 (BEA) TIMED AT 16:12:28,,BLUE,Driver,,87,54,2025,8
2025-05-25 14:12:41,Flag,WAVED BLUE FLAG FOR CAR 22 (TSU) TIMED AT 16:12:40,,BLUE,Driver,,22,54,2025,8
2025-05-25 14:12:42,Flag,WAVED BLUE FLAG FOR CAR 18 (STR) TIMED AT 16:12:42,,BLUE,Driver,,18,54,2025,8
2025-05-25 14:12:52,Flag,WAVED BLUE FLAG FOR CAR 12 (ANT) TIMED AT 16:12:51,,BLUE,Driver,,12,54,2025,8
2025-05-25 14:12:53,Flag,WAVED BLUE FLAG FOR CAR 31 (OCO) TIMED AT 16:12:52,,BLUE,Driver,,31,54,2025,8
2025-05-25 14:13:04,Flag,WAVED BLUE FLAG FOR CAR 31 (OCO) TIMED AT 16:13:03,,BLUE,Driver,,31,54,2025,8
2025-05-25 14:13:05,Flag,WAVED BLUE FLAG FOR CAR 22 (TSU) TIMED AT 16:13:04,,BLUE,Driver,,22,54,2025,8
2025-05-25 14:13:14,Flag,WAVED BLUE FLAG FOR CAR 22 (TSU) TIMED AT 16:13:13,,BLUE,Driver,,22,54,2025,8
2025-05-25 14:13:14,Flag,WAVED BLUE FLAG FOR CAR 23 (ALB) TIMED AT 16:13:14,,BLUE,Driver,,23,54,2025,8
2025-05-25 14:13:24,Flag,WAVED BLUE FLAG FOR CAR 23 (ALB) TIMED AT 16:13:23,,BLUE,Driver,,23,54,2025,8
2025-05-25 14:13:26,Flag,WAVED BLUE FLAG FOR CAR 12 (ANT) TIMED AT 16:13:26,,BLUE,Driver,,12,54,2025,8
2025-05-25 14:13:39,Flag,WAVED BLUE FLAG FOR CAR 27 (HUL) TIMED AT 16:13:39,,BLUE,Driver,,27,55,2025,8
2025-05-25 14:13:59,Flag,WAVED BLUE FLAG FOR CAR 5 (BOR) TIMED AT 16:13:58,,BLUE,Driver,,5,55,2025,8
2025-05-25 14:14:09,Flag,WAVED BLUE FLAG FOR CAR 23 (ALB) TIMED AT 16:14:09,,BLUE,Driver,,23,55,2025,8
2025-05-25 14:14:10,Other,CAR 1 (VER) TIME 1:17.547 DELETED - TRACK LIMITS AT TURN 10 LAP 53 16:11:43,,,,,,55,2025,8
2025-05-25 14:14:16,Flag,WAVED BLUE FLAG FOR CAR 43 (COL) TIMED AT 16:14:15,,BLUE,Driver,,43,55,2025,8
2025-05-25 14:14:31,Flag,WAVED BLUE FLAG FOR CAR 6 (HAD) TIMED AT 16:14:30,,BLUE,Driver,,6,55,2025,8
2025-05-25 14:14:37,Other,CAR 87 (BEA) TIME 1:22.205 DELETED - TRACK LIMITS AT TURN 10 LAP 51 16:11:44,,,,,,55,2025,8
2025-05-25 14:14:38,Flag,WAVED BLUE FLAG FOR CAR 87 (BEA) TIMED AT 16:14:37,,BLUE,Driver,,87,55,2025,8
2025-05-25 14:14:40,Other,CAR 27 (HUL) TIME 1:20.376 DELETED - TRACK LIMITS AT TURN 10 LAP 52 16:13:08,,,,,,55,2025,8
2025-05-25 14:14:53,Flag,WAVED BLUE FLAG FOR CAR 18 (STR) TIMED AT 16:14:52,,BLUE,Driver,,18,56,2025,8
2025-05-25 14:14:54,Flag,WAVED BLUE FLAG FOR CAR 63 (RUS) TIMED AT 16:14:53,,BLUE,Driver,,63,56,2025,8
2025-05-25 14:15:00,Flag,WAVED BLUE FLAG FOR CAR 55 (SAI) TIMED AT 16:14:59,,BLUE,Driver,,55,56,2025,8
2025-05-25 14:15:04,Flag,WAVED BLUE FLAG FOR CAR 22 (TSU) TIMED AT 16:15:03,,BLUE,Driver,,22,56,2025,8
2025-05-25 14:15:21,Flag,WAVED BLUE FLAG FOR CAR 12 (ANT) TIMED AT 16:15:20,,BLUE,Driver,,12,56,2025,8
2025-05-25 14:17:05,Flag,WAVED BLUE FLAG FOR CAR 23 (ALB) TIMED AT 16:17:05,,BLUE,Driver,,23,57,2025,8
2025-05-25 14:17:22,Flag,WAVED BLUE FLAG FOR CAR 23 (ALB) TIMED AT 16:17:22,,BLUE,Driver,,23,58,2025,8
2025-05-25 14:18:01,Flag,WAVED BLUE FLAG FOR CAR 63 (RUS) TIMED AT 16:18:00,,BLUE,Driver,,63,58,2025,8
2025-05-25 14:21:16,Flag,WAVED BLUE FLAG FOR CAR 55 (SAI) TIMED AT 16:21:16,,BLUE,Driver,,55,61,2025,8
2025-05-25 14:21:22,Flag,WAVED BLUE FLAG FOR CAR 55 (SAI) TIMED AT 16:21:21,,BLUE,Driver,,55,61,2025,8
2025-05-25 14:21:27,Flag,WAVED BLUE FLAG FOR CAR 55 (SAI) TIMED AT 16:21:27,,BLUE,Driver,,55,61,2025,8
2025-05-25 14:25:43,Flag,WAVED BLUE FLAG FOR CAR 27 (HUL) TIMED AT 16:25:42,,BLUE,Driver,,27,64,2025,8
2025-05-25 14:25:49,Flag,WAVED BLUE FLAG FOR CAR 27 (HUL) TIMED AT 16:25:48,,BLUE,Driver,,27,64,2025,8
2025-05-25 14:25:56,Flag,WAVED BLUE FLAG FOR CAR 27 (HUL) TIMED AT 16:25:56,,BLUE,Driver,,27,64,2025,8
2025-05-25 14:27:50,Flag,WAVED BLUE FLAG FOR CAR 27 (HUL) TIMED AT 16:27:50,,BLUE,Driver,,27,66,2025,8
2025-05-25 14:28:00,Flag,WAVED BLUE FLAG FOR CAR 27 (HUL) TIMED AT 16:28:00,,BLUE,Driver,,27,66,2025,8
2025-05-25 14:28:02,Flag,WAVED BLUE FLAG FOR CAR 5 (BOR) TIMED AT 16:28:01,,BLUE,Driver,,5,66,2025,8
2025-05-25 14:28:09,Flag,WAVED BLUE FLAG FOR CAR 30 (LAW) TIMED AT 16:28:09,,BLUE,Driver,,30,66,2025,8
2025-05-25 14:28:15,Flag,WAVED BLUE FLAG FOR CAR 27 (HUL) TIMED AT 16:28:14,,BLUE,Driver,,27,66,2025,8
2025-05-25 14:28:21,Flag,WAVED BLUE FLAG FOR CAR 30 (LAW) TIMED AT 16:28:20,,BLUE,Driver,,30,66,2025,8
2025-05-25 14:28:40,Flag,WAVED BLUE FLAG FOR CAR 30 (LAW) TIMED AT 16:28:39,,BLUE,Driver,,30,67,2025,8
2025-05-25 14:29:13,Flag,WAVED BLUE FLAG FOR CAR 5 (BOR) TIMED AT 16:29:13,,BLUE,Driver,,5,67,2025,8
2025-05-25 14:29:33,Flag,WAVED BLUE FLAG FOR CAR 5 (BOR) TIMED AT 16:29:32,,BLUE,Driver,,5,67,2025,8
2025-05-25 14:29:35,Other,CAR 27 (HUL) TIME 1:20.147 DELETED - TRACK LIMITS AT TURN 10 LAP 64 16:28:59,,,,,,67,2025,8
2025-05-25 14:29:56,Flag,WAVED BLUE FLAG FOR CAR 31 (OCO) TIMED AT 16:29:56,,BLUE,Driver,,31,68,2025,8
2025-05-25 14:30:34,Flag,WAVED BLUE FLAG FOR CAR 6 (HAD) TIMED AT 16:30:34,,BLUE,Driver,,6,68,2025,8
2025-05-25 14:30:47,Flag,WAVED BLUE FLAG FOR CAR 6 (HAD) TIMED AT 16:30:47,,BLUE,Driver,,6,68,2025,8
2025-05-25 14:32:16,Flag,WAVED BLUE FLAG FOR CAR 43 (COL) TIMED AT 16:32:15,,BLUE,Driver,,43,69,2025,8
2025-05-25 14:32:24,Flag,WAVED BLUE FLAG FOR CAR 43 (COL) TIMED AT 16:32:23,,BLUE,Driver,,43,70,2025,8
2025-05-25 14:33:13,Flag,WAVED BLUE FLAG FOR CAR 87 (BEA) TIMED AT 16:33:13,,BLUE,Driver,,87,70,2025,8
2025-05-25 14:33:22,Flag,WAVED BLUE FLAG FOR CAR 87 (BEA) TIMED AT 16:33:21,,BLUE,Driver,,87,70,2025,8
2025-05-25 14:33:31,Flag,WAVED BLUE FLAG FOR CAR 87 (BEA) TIMED AT 16:33:31,,BLUE,Driver,,87,70,2025,8
2025-05-25 14:34:58,Flag,WAVED BLUE FLAG FOR CAR 22 (TSU) TIMED AT 16:34:58,,BLUE,Driver,,22,72,2025,8
2025-05-25 14:42:26,Other,CAR 18 (STR) TIME 1:17.061 DELETED - TRACK LIMITS AT TURN 10 LAP 74 16:41:50,,,,,,77,2025,8
2025-05-25 14:43:43,Flag,CHEQUERED FLAG,,CHEQUERED,Track,,,78,2025,8
2025-05-25 14:44:02,Other,TURN 10 INCIDENT INVOLVING CARS 27 (HUL) AND 18 (STR) NOTED - FORCING ANOTHER DRIVER OFF THE TRACK,,,,,,78,2025,8
2025-05-25 14:45:13,Other,FIA STEWARDS: TURN 10 INCIDENT INVOLVING CARS 27 (HUL) AND 18 (STR) REVIEWED NO FURTHER INVESTIGATION - FORCING ANOTHER DRIVER OFF THE TRACK,,,,,,78,2025,8
2025-05-25 14:45:40,Other,FIA STEWARDS: PENALTY SERVED - DRIVE THROUGH PENALTY FOR CAR 63 (RUS) - LEAVING THE TRACK AND GAINING AN ADVANTAGE,,,,,,78,2025,8
2025-05-25 14:45:53,Other,CAR 87 (BEA) TIME 1:17.224 DELETED - TRACK LIMITS AT TURN 10 LAP 76 16:44:08,,,,,,78,2025,8
2025-06-01 12:05:01,Other,BLUE HEAD PADDING MATERIAL MUST BE USED,,,,,,1,2025,9
2025-06-01 12:20:01,Flag,GREEN LIGHT - PIT EXIT OPEN,,GREEN,Track,,,1,2025,9
2025-06-01 12:30:01,Other,PIT EXIT CLOSED,,,,,,1,2025,9
2025-06-01 12:45:07,Other,RISK OF RAIN FOR F1 RACE IS 10%,,,,,,1,2025,9
2025-06-01 12:57:01,Drs,DRS DISABLED,DISABLED,,,,,1,2025,9
2025-06-01 13:03:18,Flag,GREEN LIGHT - PIT EXIT OPEN,,GREEN,Track,,,1,2025,9
2025-06-01 13:04:41,Drs,DRS ENABLED,ENABLED,,,,,2,2025,9
2025-06-01 13:10:00,Other,LAP 1 TURN 1 INCIDENT INVOLVING CAR 27 (HUL) NOTED - LEAVING THE TRACK AND GAINING AN ADVANTAGE,,,,,,5,2025,9
2025-06-01 13:12:04,Other,FIA STEWARDS: LAP 1 TURN 1 INCIDENT INVOLVING CAR 27 (HUL) REVIEWED NO FURTHER INVESTIGATION - LEAVING THE TRACK AND GAINING AN ADVANTAGE,,,,,,7,2025,9
2025-06-01 13:20:25,Other,CAR 43 (COL) TIME 1:23.037 DELETED - TRACK LIMITS AT TURN 13 LAP 12 15:19:55,,,,,,13,2025,9
2025-06-01 13:21:54,Other,CAR 14 (ALO) TIME 1:30.665 DELETED - TRACK LIMITS AT TURN 5 LAP 13 15:20:33,,,,,,14,2025,9
2025-06-01 13:22:00,Other,TURN 5 INCIDENT INVOLVING CAR 14 (ALO) NOTED - REJOINING UNSAFELY,,,,,,14,2025,9
2025-06-01 13:23:10,Other,CAR 12 (ANT) TIME 1:22.313 DELETED - TRACK LIMITS AT TURN 10 LAP 14 15:22:08,,,,,,15,2025,9
2025-06-01 13:24:25,Other,FIA STEWARDS: TURN 5 INCIDENT INVOLVING CAR 14 (ALO) REVIEWED NO FURTHER INVESTIGATION - REJOINING UNSAFELY,,,,,,16,2025,9
2025-06-01 13:32:54,Other,CAR 44 (HAM) TIME 1:20.755 DELETED - TRACK LIMITS AT TURN 10 LAP 20 15:30:34,,,,,,22,2025,9
2025-06-01 13:34:43,Other,CAR 44 (HAM) TIME 1:20.755 WILL BE REINSTATED,,,,,,24,2025,9
2025-06-01 13:37:18,Other,TURN 1 INCIDENT INVOLVING CARS 23 (ALB) AND 30 (LAW) NOTED,,,,,,26,2025,9
2025-06-01 13:37:25,Other,FIA STEWARDS: TURN 1 INCIDENT INVOLVING CARS 23 (ALB) AND 30 (LAW) UNDER INVESTIGATION,,,,,,26,2025,9
2025-06-01 13:38:36,Other,CAR 23 (ALB) TIME 1:23.477 DELETED - TRACK LIMITS AT TURN 2 LAP 24 15:35:34,,,,,,27,2025,9
2025-06-01 13:39:31,Other,FIA STEWARDS: 10 SECOND TIME PENALTY FOR CAR 23 (ALB) -LEAVING THE TRACK AND GAINING AN ADVANTAGE ,,,,,,27,2025,9
2025-06-01 13:40:47,Other,TURN 1 INCIDENT INVOLVING CARS 23 (ALB) AND 30 (LAW) NOTED - CAUSING A COLLISION,,,,,,28,2025,9
2025-06-01 13:41:03,Other,FIA STEWARDS: TURN 1 INCIDENT INVOLVING CARS 23 (ALB) AND 30 (LAW) UNDER INVESTIGATION - CAUSING A COLLISION,,,,,,28,2025,9
2025-06-01 13:42:34,Other,FIA STEWARDS: TURN 1 INCIDENT INVOLVING CARS 23 (ALB) AND 30 (LAW) NO FURTHER ACTION - CAUSING A COLLISION,,,,,,29,2025,9
2025-06-01 13:43:02,Other,FIA STEWARDS: PENALTY SERVED - 10 SECOND TIME PENALTY FOR CAR 23 (ALB),,,,,,30,2025,9
2025-06-01 13:46:30,Other,TURN 1 INCIDENT INVOLVING CARS 30 (LAW) AND 87 (BEA) NOTED - CAUSING A COLLISION,,,,,,32,2025,9
2025-06-01 13:46:39,Other,CAR 87 (BEA) TIME 1:23.130 DELETED - TRACK LIMITS AT TURN 2 LAP 31 15:45:05,,,,,,33,2025,9
2025-06-01 13:46:45,Other,FIA STEWARDS: TURN 1 INCIDENT INVOLVING CARS 30 (LAW) AND 87 (BEA) UNDER INVESTIGATION - CAUSING A COLLISION,,,,,,33,2025,9
2025-06-01 13:47:50,Flag,WAVED BLUE FLAG FOR CAR 43 (COL) TIMED AT 15:47:50,,BLUE,Driver,,43,33,2025,9
2025-06-01 13:47:55,Flag,WAVED BLUE FLAG FOR CAR 43 (COL) TIMED AT 15:47:55,,BLUE,Driver,,43,33,2025,9
2025-06-01 13:49:30,Flag,WAVED BLUE FLAG FOR CAR 43 (COL) TIMED AT 15:49:30,,BLUE,Driver,,43,35,2025,9
2025-06-01 13:49:32,Other,FIA STEWARDS: TURN 1 INCIDENT INVOLVING CARS 30 (LAW) AND 87 (BEA) NO FURTHER ACTION - CAUSING A COLLISION,,,,,,35,2025,9
2025-06-01 13:51:52,Flag,WAVED BLUE FLAG FOR CAR 43 (COL) TIMED AT 15:51:52,,BLUE,Driver,,43,36,2025,9
2025-06-01 13:52:20,Flag,WAVED BLUE FLAG FOR CAR 10 (GAS) TIMED AT 15:52:19,,BLUE,Driver,,10,37,2025,9
2025-06-01 13:52:24,Flag,WAVED BLUE FLAG FOR CAR 43 (COL) TIMED AT 15:52:24,,BLUE,Driver,,43,37,2025,9
2025-06-01 13:52:32,Flag,WAVED BLUE FLAG FOR CAR 10 (GAS) TIMED AT 15:52:32,,BLUE,Driver,,10,37,2025,9
2025-06-01 13:53:48,Flag,WAVED BLUE FLAG FOR CAR 87 (BEA) TIMED AT 15:53:48,,BLUE,Driver,,87,38,2025,9
2025-06-01 13:54:13,Flag,WAVED BLUE FLAG FOR CAR 10 (GAS) TIMED AT 15:54:12,,BLUE,Driver,,10,38,2025,9
2025-06-01 13:54:17,Other,CAR 12 (ANT) TIME 1:20.752 DELETED - TRACK LIMITS AT TURN 10 LAP 37 15:53:39,,,,,,38,2025,9
2025-06-01 13:56:32,Flag,WAVED BLUE FLAG FOR CAR 31 (OCO) TIMED AT 15:56:31,,BLUE,Driver,,31,40,2025,9
2025-06-01 13:57:22,Flag,WAVED BLUE FLAG FOR CAR 10 (GAS) TIMED AT 15:57:21,,BLUE,Driver,,10,41,2025,9
2025-06-01 13:57:45,Flag,WAVED BLUE FLAG FOR CAR 31 (OCO) TIMED AT 15:57:45,,BLUE,Driver,,31,41,2025,9
2025-06-01 13:58:12,Flag,WAVED BLUE FLAG FOR CAR 31 (OCO) TIMED AT 15:58:12,,BLUE,Driver,,31,41,2025,9
2025-06-01 13:58:57,Flag,WAVED BLUE FLAG FOR CAR 22 (TSU) TIMED AT 15:58:56,,BLUE,Driver,,22,42,2025,9
2025-06-01 14:00:12,Flag,WAVED BLUE FLAG FOR CAR 22 (TSU) TIMED AT 16:00:11,,BLUE,Driver,,22,43,2025,9
2025-06-01 14:00:45,Flag,WAVED BLUE FLAG FOR CAR 31 (OCO) TIMED AT 16:00:44,,BLUE,Driver,,31,43,2025,9
2025-06-01 14:01:09,Flag,WAVED BLUE FLAG FOR CAR 43 (COL) TIMED AT 16:01:08,,BLUE,Driver,,43,43,2025,9
2025-06-01 14:01:18,Flag,WAVED BLUE FLAG FOR CAR 43 (COL) TIMED AT 16:01:17,,BLUE,Driver,,43,43,2025,9
2025-06-01 14:01:23,Flag,WAVED BLUE FLAG FOR CAR 5 (BOR) TIMED AT 16:01:23,,BLUE,Driver,,5,44,2025,9
2025-06-01 14:02:34,Flag,WAVED BLUE FLAG FOR CAR 5 (BOR) TIMED AT 16:02:34,,BLUE,Driver,,5,44,2025,9
2025-06-01 14:02:41,Flag,WAVED BLUE FLAG FOR CAR 22 (TSU) TIMED AT 16:02:41,,BLUE,Driver,,22,45,2025,9
2025-06-01 14:02:46,Flag,WAVED BLUE FLAG FOR CAR 22 (TSU) TIMED AT 16:02:46,,BLUE,Driver,,22,45,2025,9
2025-06-01 14:05:10,Flag,WAVED BLUE FLAG FOR CAR 5 (BOR) TIMED AT 16:05:10,,BLUE,Driver,,5,46,2025,9
2025-06-01 14:05:27,Flag,WAVED BLUE FLAG FOR CAR 5 (BOR) TIMED AT 16:05:26,,BLUE,Driver,,5,47,2025,9
2025-06-01 14:07:18,Flag,WAVED BLUE FLAG FOR CAR 22 (TSU) TIMED AT 16:07:18,,BLUE,Driver,,22,48,2025,9
2025-06-01 14:09:15,Flag,WAVED BLUE FLAG FOR CAR 43 (COL) TIMED AT 16:09:14,,BLUE,Driver,,43,49,2025,9
2025-06-01 14:09:27,Flag,WAVED BLUE FLAG FOR CAR 55 (SAI) TIMED AT 16:09:27,,BLUE,Driver,,55,50,2025,9
2025-06-01 14:10:16,Flag,WAVED BLUE FLAG FOR CAR 14 (ALO) TIMED AT 16:10:16,,BLUE,Driver,,14,50,2025,9
2025-06-01 14:11:01,Flag,WAVED BLUE FLAG FOR CAR 30 (LAW) TIMED AT 16:11:01,,BLUE,Driver,,30,51,2025,9
2025-06-01 14:11:15,Flag,WAVED BLUE FLAG FOR CAR 30 (LAW) TIMED AT 16:11:14,,BLUE,Driver,,30,51,2025,9
2025-06-01 14:11:35,Flag,WAVED BLUE FLAG FOR CAR 87 (BEA) TIMED AT 16:11:35,,BLUE,Driver,,87,51,2025,9
2025-06-01 14:11:42,Flag,WAVED BLUE FLAG FOR CAR 14 (ALO) TIMED AT 16:11:41,,BLUE,Driver,,14,51,2025,9
2025-06-01 14:11:44,Flag,WAVED BLUE FLAG FOR CAR 87 (BEA) TIMED AT 16:11:44,,BLUE,Driver,,87,51,2025,9
2025-06-01 14:12:03,Flag,WAVED BLUE FLAG FOR CAR 30 (LAW) TIMED AT 16:12:02,,BLUE,Driver,,30,51,2025,9
2025-06-01 14:12:04,Flag,WAVED BLUE FLAG FOR CAR 14 (ALO) TIMED AT 16:12:04,,BLUE,Driver,,14,51,2025,9
2025-06-01 14:12:28,Flag,WAVED BLUE FLAG FOR CAR 87 (BEA) TIMED AT 16:12:27,,BLUE,Driver,,87,52,2025,9
2025-06-01 14:12:30,Flag,WAVED BLUE FLAG FOR CAR 10 (GAS) TIMED AT 16:12:30,,BLUE,Driver,,10,52,2025,9
2025-06-01 14:12:33,Flag,WAVED BLUE FLAG FOR CAR 30 (LAW) TIMED AT 16:12:32,,BLUE,Driver,,30,52,2025,9
2025-06-01 14:12:40,Flag,WAVED BLUE FLAG FOR CAR 10 (GAS) TIMED AT 16:12:39,,BLUE,Driver,,10,52,2025,9
2025-06-01 14:12:40,Flag,WAVED BLUE FLAG FOR CAR 87 (BEA) TIMED AT 16:12:39,,BLUE,Driver,,87,52,2025,9
2025-06-01 14:13:33,Flag,WAVED BLUE FLAG FOR CAR 10 (GAS) TIMED AT 16:13:32,,BLUE,Driver,,10,52,2025,9
2025-06-01 14:14:06,Flag,WAVED BLUE FLAG FOR CAR 10 (GAS) TIMED AT 16:14:06,,BLUE,Driver,,10,53,2025,9
2025-06-01 14:15:10,Other,TURN 1 INCIDENT INVOLVING CARS 87 (BEA) AND 30 (LAW) NOTED - LEAVING THE TRACK AND GAINING AN ADVANTAGE,,,,,,54,2025,9
2025-06-01 14:15:25,Flag,WAVED BLUE FLAG FOR CAR 27 (HUL) TIMED AT 16:15:24,,BLUE,Driver,,27,54,2025,9
2025-06-01 14:15:57,Other,FIA STEWARDS: TURN 1 INCIDENT INVOLVING CARS 87 (BEA) AND 30 (LAW) UNDER INVESTIGATION - LEAVING THE TRACK AND GAINING AN ADVANTAGE,,,,,,54,2025,9
2025-06-01 14:16:22,Other,CAR 87 (BEA) TIME 1:22.963 DELETED - TRACK LIMITS AT TURN 2 LAP 51 16:12:31,,,,,,55,2025,9
2025-06-01 14:16:23,Other,CAR 30 (LAW) TIME 1:19.805 DELETED - TRACK LIMITS AT TURN 5 LAP 52 16:14:18,,,,,,55,2025,9
2025-06-01 14:16:42,Flag,WAVED BLUE FLAG FOR CAR 5 (BOR) TIMED AT 16:16:41,,BLUE,Driver,,5,55,2025,9
2025-06-01 14:16:46,Flag,DOUBLE YELLOW IN TRACK SECTOR 12,,DOUBLE YELLOW,Sector,12.0,,55,2025,9
2025-06-01 14:16:48,Other,DRS DISABLED IN ZONE 1,,,,,,55,2025,9
2025-06-01 14:16:48,Flag,YELLOW IN TRACK SECTOR 12,,YELLOW,Sector,12.0,,55,2025,9
2025-06-01 14:16:52,Flag,WAVED BLUE FLAG FOR CAR 27 (HUL) TIMED AT 16:16:51,,BLUE,Driver,,27,55,2025,9
2025-06-01 14:17:01,SafetyCar,SAFETY CAR DEPLOYED,DEPLOYED,,,,,55,2025,9
2025-06-01 14:19:04,Flag,DOUBLE YELLOW IN TRACK SECTOR 12,,DOUBLE YELLOW,Sector,12.0,,56,2025,9
2025-06-01 14:19:09,Other,RECOVERY VEHICLE ON TRACK AT TURN 10,,,,,,56,2025,9
2025-06-01 14:23:12,Flag,CLEAR IN TRACK SECTOR 12,,CLEAR,Sector,12.0,,58,2025,9
2025-06-01 14:23:46,Other,"LAPPED CARS MAY NOW OVERTAKE THE SAFETY CAR: 30, 31, 5, 14, 87, 22, 55, 43",,,,,,58,2025,9
2025-06-01 14:27:16,SafetyCar,SAFETY CAR IN THIS LAP,IN THIS LAP,,,,,60,2025,9
2025-06-01 14:28:21,Flag,TRACK CLEAR,,CLEAR,Track,,,60,2025,9
2025-06-01 14:29:52,Drs,DRS ENABLED,ENABLED,,,,,62,2025,9
2025-06-01 14:30:10,Other,FIA STEWARDS: 10 SECOND TIME PENALTY FOR CAR 87 (BEA) - LEAVING THE TRACK AND GAINING AN ADVANTAGE,,,,,,62,2025,9
2025-06-01 14:30:48,Other,TURN 1 INCIDENT INVOLVING CARS 1 (VER) AND 63 (RUS) NOTED,,,,,,62,2025,9
2025-06-01 14:30:59,Other,FIA STEWARDS: TURN 1 INCIDENT INVOLVING CARS 1 (VER) AND 63 (RUS) UNDER INVESTIGATION,,,,,,62,2025,9
2025-06-01 14:31:39,Other,CAR 1 (VER) TIME 1:18.862 DELETED - TRACK LIMITS AT TURN 2 LAP 61 16:28:50,,,,,,63,2025,9
2025-06-01 14:33:59,Other,TURN 5 INCIDENT INVOLVING CARS 1 (VER) AND 63 (RUS) NOTED - CAUSING A COLLISION,,,,,,65,2025,9
2025-06-01 14:35:28,Other,FIA STEWARDS: TURN 5 INCIDENT INVOLVING CARS 1 (VER) AND 63 (RUS) UNDER INVESTIGATION - CAUSING A COLLISION,,,,,,66,2025,9
2025-06-01 14:35:49,Other,FIA STEWARDS: TURN 1 INCIDENT INVOLVING CARS 1 (VER) AND 63 (RUS) NO FURTHER ACTION,,,,,,66,2025,9
2025-06-01 14:36:15,Flag,CHEQUERED FLAG,,CHEQUERED,Track,,,66,2025,9
2025-06-01 14:37:18,Other,FIA STEWARDS: 10 SECOND TIME PENALTY FOR CAR 1 (VER) - CAUSING A COLLISION,,,,,,66,2025,9
2025-06-01 14:41:03,Other,START/FINISH STRAIGHT INCIDENT INVOLVING CARS 1 (VER) AND 16 (LEC) NOTED - CAUSING A COLLISION,,,,,,66,2025,9
2025-06-01 14:42:18,Other,FIA STEWARDS: START/FINISH STRAIGHT INCIDENT INVOLVING CARS 1 (VER) AND 16 (LEC) WILL BE INVESTIGATED AFTER THE RACE - CAUSING A COLLISION,,,,,,66,2025,9
2025-06-15 17:05:00,Other,PINK HEAD PADDING MATERIAL MUST BE USED,,,,,,1,2025,10
2025-06-15 17:20:00,Flag,GREEN LIGHT - PIT EXIT OPEN,,GREEN,Track,,,1,2025,10
2025-06-15 17:30:00,Other,PIT EXIT CLOSED,,,,,,1,2025,10
2025-06-15 17:45:10,Other,RISK OF RAIN FOR F1 RACE IS 0 %,,,,,,1,2025,10
2025-06-15 17:57:03,Drs,DRS DISABLED,DISABLED,,,,,1,2025,10
2025-06-15 18:03:05,Flag,GREEN LIGHT - PIT EXIT OPEN,,GREEN,Track,,,1,2025,10
2025-06-15 18:04:27,Drs,DRS ENABLED,ENABLED,,,,,2,2025,10
2025-06-15 18:05:50,Other,TRACK SURFACE SLIPPERY IN TRACK SECTOR 13,,,,,,3,2025,10
2025-06-15 18:07:09,Flag,CLEAR IN TRACK SECTOR 13,,CLEAR,Sector,13.0,,4,2025,10
2025-06-15 18:08:24,Other,CAR 12 (ANT) TIME 1:16.878 DELETED - TRACK LIMITS AT TURN 14 LAP 3 14:06:54,,,,,,5,2025,10
2025-06-15 18:10:43,Other,CAR 23 (ALB) LAP DELETED - TRACK LIMITS AT TURN 9 LAP 1 14:03:53,,,,,,6,2025,10
2025-06-15 18:22:12,Other,TRACK SURFACE SLIPPERY IN TRACK SECTOR 11,,,,,,15,2025,10
2025-06-15 18:23:03,Flag,CLEAR IN TRACK SECTOR 11,,CLEAR,Sector,11.0,,16,2025,10
2025-06-15 18:53:08,Flag,WAVED BLUE FLAG FOR CAR 30 (LAW) TIMED AT 14:53:07,,BLUE,Driver,,30,40,2025,10
2025-06-15 18:54:15,Flag,WAVED BLUE FLAG FOR CAR 30 (LAW) TIMED AT 14:54:15,,BLUE,Driver,,30,41,2025,10
2025-06-15 18:57:24,Flag,WAVED BLUE FLAG FOR CAR 30 (LAW) TIMED AT 14:57:24,,BLUE,Driver,,30,43,2025,10
2025-06-15 18:58:31,Other,CAR 87 (BEA) TIME 1:16.813 DELETED - TRACK LIMITS AT TURN 14 LAP 41 14:56:28,,,,,,44,2025,10
2025-06-15 18:59:05,Flag,WAVED BLUE FLAG FOR CAR 30 (LAW) TIMED AT 14:59:04,,BLUE,Driver,,30,44,2025,10
2025-06-15 18:59:24,Flag,WAVED BLUE FLAG FOR CAR 30 (LAW) TIMED AT 14:59:24,,BLUE,Driver,,30,45,2025,10
2025-06-15 19:01:19,Other,TURN 13 INCIDENT INVOLVING CARS 18 (STR) AND 10 (GAS) NOTED - FORCING ANOTHER DRIVER OFF THE TRACK,,,,,,46,2025,10
2025-06-15 19:01:26,Flag,WAVED BLUE FLAG FOR CAR 30 (LAW) TIMED AT 15:01:26,,BLUE,Driver,,30,46,2025,10
2025-06-15 19:01:47,Other,CAR 10 (GAS) TIME 1:18.503 DELETED - TRACK LIMITS AT TURN 14 LAP 44 15:00:21,,,,,,46,2025,10
2025-06-15 19:02:23,Flag,WAVED BLUE FLAG FOR CAR 30 (LAW) TIMED AT 15:02:22,,BLUE,Driver,,30,47,2025,10
2025-06-15 19:02:33,Other,FIA STEWARDS: TURN 13 INCIDENT INVOLVING CARS 18 (STR) AND 10 (GAS) UNDER INVESTIGATION - FORCING ANOTHER DRIVER OFF THE TRACK,,,,,,47,2025,10
2025-06-15 19:03:00,Flag,WAVED BLUE FLAG FOR CAR 23 (ALB) TIMED AT 15:02:59,,BLUE,Driver,,23,47,2025,10
2025-06-15 19:03:06,Flag,WAVED BLUE FLAG FOR CAR 30 (LAW) TIMED AT 15:03:06,,BLUE,Driver,,30,47,2025,10
2025-06-15 19:03:15,Flag,WAVED BLUE FLAG FOR CAR 30 (LAW) TIMED AT 15:03:14,,BLUE,Driver,,30,48,2025,10
2025-06-15 19:03:44,Flag,WAVED BLUE FLAG FOR CAR 23 (ALB) TIMED AT 15:03:44,,BLUE,Driver,,23,48,2025,10
2025-06-15 19:03:53,Flag,WAVED BLUE FLAG FOR CAR 23 (ALB) TIMED AT 15:03:52,,BLUE,Driver,,23,48,2025,10
2025-06-15 19:03:55,Other,CAR 6 (HAD) TIME 1:18.101 DELETED - TRACK LIMITS AT TURN 14 LAP 45 15:01:37,,,,,,48,2025,10
2025-06-15 19:04:01,Flag,WAVED BLUE FLAG FOR CAR 23 (ALB) TIMED AT 15:04:01,,BLUE,Driver,,23,48,2025,10
2025-06-15 19:04:07,Other,INCIDENT INVOLVING CAR 30 (LAW) NOTED - IGNORING BLUE FLAGS,,,,,,48,2025,10
2025-06-15 19:04:24,Flag,YELLOW IN TRACK SECTOR 11,,YELLOW,Sector,11.0,,48,2025,10
2025-06-15 19:04:29,Flag,YELLOW IN TRACK SECTOR 10,,YELLOW,Sector,10.0,,49,2025,10
2025-06-15 19:04:35,Flag,CLEAR IN TRACK SECTOR 10,,CLEAR,Sector,10.0,,49,2025,10
2025-06-15 19:04:41,Flag,CLEAR IN TRACK SECTOR 11,,CLEAR,Sector,11.0,,49,2025,10
2025-06-15 19:05:00,Other,FIA STEWARDS: 10 SECOND TIME PENALTY FOR CAR 18 (STR) - FORCING ANOTHER DRIVER OFF THE TRACK,,,,,,49,2025,10
2025-06-15 19:05:32,Flag,WAVED BLUE FLAG FOR CAR 30 (LAW) TIMED AT 15:05:32,,BLUE,Driver,,30,49,2025,10
2025-06-15 19:06:39,Other,TURN 13 INCIDENT INVOLVING CARS 87 (BEA) AND 6 (HAD) NOTED,,,,,,50,2025,10
2025-06-15 19:07:45,Flag,WAVED BLUE FLAG FOR CAR 5 (BOR) TIMED AT 15:07:45,,BLUE,Driver,,5,51,2025,10
2025-06-15 19:07:54,Other,CAR 6 (HAD) TIME 1:17.795 DELETED - TRACK LIMITS AT TURN 14 LAP 47 15:04:12,,,,,,51,2025,10
2025-06-15 19:07:54,Other,CAR 87 (BEA) TIME 1:17.889 DELETED - TRACK LIMITS AT TURN 14 LAP 47 15:04:13,,,,,,51,2025,10
2025-06-15 19:10:37,Flag,WAVED BLUE FLAG FOR CAR 10 (GAS) TIMED AT 15:10:37,,BLUE,Driver,,10,53,2025,10
2025-06-15 19:11:11,Flag,WAVED BLUE FLAG FOR CAR 30 (LAW) TIMED AT 15:11:10,,BLUE,Driver,,30,54,2025,10
2025-06-15 19:11:37,Flag,WAVED BLUE FLAG FOR CAR 10 (GAS) TIMED AT 15:11:37,,BLUE,Driver,,10,54,2025,10
2025-06-15 19:12:32,Flag,WAVED BLUE FLAG FOR CAR 10 (GAS) TIMED AT 15:12:31,,BLUE,Driver,,10,55,2025,10
2025-06-15 19:12:52,Flag,WAVED BLUE FLAG FOR CAR 6 (HAD) TIMED AT 15:12:52,,BLUE,Driver,,6,55,2025,10
2025-06-15 19:13:09,Flag,WAVED BLUE FLAG FOR CAR 6 (HAD) TIMED AT 15:13:08,,BLUE,Driver,,6,55,2025,10
2025-06-15 19:13:44,Flag,WAVED BLUE FLAG FOR CAR 6 (HAD) TIMED AT 15:13:43,,BLUE,Driver,,6,56,2025,10
2025-06-15 19:13:52,Other,FIA STEWARDS: TURN 13 INCIDENT INVOLVING CARS 87 (BEA) AND 6 (HAD) REVIEWED NO FURTHER INVESTIGATION,,,,,,56,2025,10
2025-06-15 19:14:11,Flag,WAVED BLUE FLAG FOR CAR 6 (HAD) TIMED AT 15:14:10,,BLUE,Driver,,6,56,2025,10
2025-06-15 19:14:43,Flag,WAVED BLUE FLAG FOR CAR 87 (BEA) TIMED AT 15:14:42,,BLUE,Driver,,87,57,2025,10
2025-06-15 19:14:45,Flag,WAVED BLUE FLAG FOR CAR 6 (HAD) TIMED AT 15:14:44,,BLUE,Driver,,6,57,2025,10
2025-06-15 19:15:12,Flag,WAVED BLUE FLAG FOR CAR 87 (BEA) TIMED AT 15:15:11,,BLUE,Driver,,87,57,2025,10
2025-06-15 19:15:22,Flag,WAVED BLUE FLAG FOR CAR 43 (COL) TIMED AT 15:15:21,,BLUE,Driver,,43,57,2025,10
2025-06-15 19:15:40,Flag,WAVED BLUE FLAG FOR CAR 43 (COL) TIMED AT 15:15:40,,BLUE,Driver,,43,57,2025,10
2025-06-15 19:15:45,Flag,WAVED BLUE FLAG FOR CAR 87 (BEA) TIMED AT 15:15:44,,BLUE,Driver,,87,57,2025,10
2025-06-15 19:15:52,Flag,WAVED BLUE FLAG FOR CAR 87 (BEA) TIMED AT 15:15:52,,BLUE,Driver,,87,58,2025,10
2025-06-15 19:16:15,Flag,WAVED BLUE FLAG FOR CAR 43 (COL) TIMED AT 15:16:15,,BLUE,Driver,,43,58,2025,10
2025-06-15 19:16:16,Flag,WAVED BLUE FLAG FOR CAR 87 (BEA) TIMED AT 15:16:15,,BLUE,Driver,,87,58,2025,10
2025-06-15 19:16:25,Flag,WAVED BLUE FLAG FOR CAR 43 (COL) TIMED AT 15:16:24,,BLUE,Driver,,43,58,2025,10
2025-06-15 19:16:26,Flag,WAVED BLUE FLAG FOR CAR 87 (BEA) TIMED AT 15:16:26,,BLUE,Driver,,87,58,2025,10
2025-06-15 19:16:46,Other,TURN 14 INCIDENT INVOLVING CAR 87 (BEA) NOTED - FAILING TO FOLLOW RACE DIRECTORS INSTRUCTIONS – ESCAPE ROAD INSTRUCTIONS,,,,,,58,2025,10
2025-06-15 19:16:55,Flag,WAVED BLUE FLAG FOR CAR 43 (COL) TIMED AT 15:16:55,,BLUE,Driver,,43,58,2025,10
2025-06-15 19:17:01,Other,CAR 87 (BEA) TIME 1:16.646 DELETED - TRACK LIMITS AT TURN 14 LAP 55 15:14:22,,,,,,59,2025,10
2025-06-15 19:17:12,Flag,WAVED BLUE FLAG FOR CAR 31 (OCO) TIMED AT 15:17:11,,BLUE,Driver,,31,59,2025,10
2025-06-15 19:17:13,Other,CAR 55 (SAI) TIME 1:17.283 DELETED - TRACK LIMITS AT TURN 14 LAP 56 15:15:25,,,,,,59,2025,10
2025-06-15 19:17:20,Flag,WAVED BLUE FLAG FOR CAR 31 (OCO) TIMED AT 15:17:19,,BLUE,Driver,,31,59,2025,10
2025-06-15 19:18:00,Flag,WAVED BLUE FLAG FOR CAR 5 (BOR) TIMED AT 15:17:59,,BLUE,Driver,,5,59,2025,10
2025-06-15 19:18:01,Other,FIA STEWARDS: PENALTY SERVED - 10 SECOND TIME PENALTY FOR CAR 18 (STR) - FORCING ANOTHER DRIVER OFF THE TRACK,,,,,,59,2025,10
2025-06-15 19:18:44,Other,TRACK SURFACE SLIPPERY IN TRACK SECTOR 10,,,,,,60,2025,10
2025-06-15 19:18:47,Flag,CLEAR IN TRACK SECTOR 10,,CLEAR,Sector,10.0,,60,2025,10
2025-06-15 19:19:22,Other,FIA STEWARDS: INCIDENT INVOLVING CAR 30 (LAW) REVIEWED NO FURTHER INVESTIGATION - IGNORING BLUE FLAGS,,,,,,60,2025,10
2025-06-15 19:21:33,Flag,WAVED BLUE FLAG FOR CAR 22 (TSU) TIMED AT 15:21:32,,BLUE,Driver,,22,62,2025,10
2025-06-15 19:21:55,Flag,WAVED BLUE FLAG FOR CAR 22 (TSU) TIMED AT 15:21:55,,BLUE,Driver,,22,62,2025,10
2025-06-15 19:22:31,Flag,WAVED BLUE FLAG FOR CAR 6 (HAD) TIMED AT 15:22:30,,BLUE,Driver,,6,63,2025,10
2025-06-15 19:22:54,Other,FIA STEWARDS: TURN 14 INCIDENT INVOLVING CAR 87 (BEA) WILL BE INVESTIGATED AFTER THE RACE - FAILING TO FOLLOW RACE DIRECTORS INSTRUCTIONS – ESCAPE ROAD INSTRUCTIONS,,,,,,63,2025,10
2025-06-15 19:23:04,Flag,WAVED BLUE FLAG FOR CAR 43 (COL) TIMED AT 15:23:03,,BLUE,Driver,,43,63,2025,10
2025-06-15 19:26:31,Other,CAR 16 (LEC) TIME 1:15.338 DELETED - TRACK LIMITS AT TURN 14 LAP 65 15:25:57,,,,,,66,2025,10
2025-06-15 19:27:05,Flag,DOUBLE YELLOW IN TRACK SECTOR 1,,DOUBLE YELLOW,Sector,1.0,,67,2025,10
2025-06-15 19:27:05,Flag,YELLOW IN TRACK SECTOR 1,,YELLOW,Sector,1.0,,67,2025,10
2025-06-15 19:27:06,Other,DRS DISABLED IN ZONE 3,,,,,,67,2025,10
2025-06-15 19:27:19,Flag,DOUBLE YELLOW IN TRACK SECTOR 1,,DOUBLE YELLOW,Sector,1.0,,67,2025,10
2025-06-15 19:27:23,Flag,YELLOW IN TRACK SECTOR 15,,YELLOW,Sector,15.0,,67,2025,10
2025-06-15 19:27:32,SafetyCar,SAFETY CAR DEPLOYED,DEPLOYED,,,,,67,2025,10
2025-06-15 19:27:49,Other,ALL CARS TO FOLLOW THE SAFETY CAR THROUGH THE PIT LANE,,,,,,67,2025,10
2025-06-15 19:33:50,Other,PIT LANE ENTRY OPEN,,,,,,70,2025,10
2025-06-15 19:34:01,Flag,CLEAR IN TRACK SECTOR 15,,CLEAR,Sector,15.0,,70,2025,10
2025-06-15 19:34:03,Flag,CLEAR IN TRACK SECTOR 1,,CLEAR,Sector,1.0,,70,2025,10
2025-06-15 19:34:56,Flag,CHEQUERED FLAG,,CHEQUERED,Track,,,70,2025,10
2025-06-15 19:39:31,Other,TURN 2 INCIDENT INVOLVING CARS 31 (OCO) AND 55 (SAI) NOTED - DRIVING ERRATICALLY,,,,,,70,2025,10
2025-06-15 19:39:45,Flag,TRACK CLEAR,,CLEAR,Track,,,70,2025,10
2025-06-15 19:44:20,Other,FIA STEWARDS: TURN 2 INCIDENT INVOLVING CARS 31 (OCO) AND 55 (SAI) WILL BE INVESTIGATED AFTER THE RACE - DRIVING ERRATICALLY,,,,,,70,2025,10
2025-06-15 19:48:27,Other,"INCIDENT INVOLVING CARS 12 (ANT), 81 (PIA), 31 (OCO), 16 (LEC), 55 (SAI), 10 (GAS) AND 18 (STR) NOTED - SAFETY CAR INFRINGEMENT",,,,,,70,2025,10
2025-06-15 19:54:57,Other,START/FINISH STRAIGHT INCIDENT INVOLVING CARS 4 (NOR) AND 81 (PIA) NOTED - CAUSING A COLLISION,,,,,,70,2025,10
2025-06-15 19:58:16,Other,"FIA STEWARDS: INCIDENT INVOLVING CARS 12 (ANT), 81 (PIA), 31 (OCO), 16 (LEC), 55 (SAI), 10 (GAS) AND 18 (STR) WILL BE INVESTIGATED AFTER THE RACE - SAFETY CAR INFRINGEMENT",,,,,,70,2025,10
2025-06-15 19:58:19,Other,FIA STEWARDS: START/FINISH STRAIGHT INCIDENT INVOLVING CARS 4 (NOR) AND 81 (PIA) WILL BE INVESTIGATED AFTER THE RACE - CAUSING A COLLISION,,,,,,70,2025,10
2025-06-29 12:20:01,Flag,GREEN LIGHT - PIT EXIT OPEN,,GREEN,Track,,,1,2025,11
2025-06-29 12:20:26,Flag,YELLOW IN TRACK SECTOR 3,,YELLOW,Sector,3.0,,1,2025,11
2025-06-29 12:20:27,Other,DRS DISABLED IN ZONE 1,,,,,,1,2025,11
2025-06-29 12:20:36,Flag,CLEAR IN TRACK SECTOR 3,,CLEAR,Sector,3.0,,1,2025,11
2025-06-29 12:20:36,Other,DRS ENABLED IN ZONE 1,,,,,,1,2025,11
2025-06-29 12:20:38,Flag,YELLOW IN TRACK SECTOR 3,,YELLOW,Sector,3.0,,1,2025,11
2025-06-29 12:20:39,Other,DRS DISABLED IN ZONE 1,,,,,,1,2025,11
2025-06-29 12:20:45,Other,DRS ENABLED IN ZONE 1,,,,,,1,2025,11
2025-06-29 12:20:45,Flag,CLEAR IN TRACK SECTOR 3,,CLEAR,Sector,3.0,,1,2025,11
2025-06-29 12:30:01,Other,PIT EXIT CLOSED,,,,,,1,2025,11
2025-06-29 12:31:31,Other,FIA STEWARDS: INCIDENT INVOLVING CAR 81 (PIA) NOTED - FAILING TO FOLLOW RACE DIRECTORS INSTRUCTIONS - MAXIMUM DELTA TIME,,,,,,1,2025,11
2025-06-29 12:45:09,Other,RISK OF RAIN FOR F1 RACE IS 0 %,,,,,,1,2025,11
2025-06-29 12:49:28,Other,FIA STEWARDS: INCIDENT INVOLVING CAR 81 (PIA) REVIEWED NO FURTHER INVESTIGATION - FAILING TO FOLLOW RACE DIRECTORS INSTRUCTIONS - MAXIMUM DELTA TIME,,,,,,1,2025,11
2025-06-29 12:57:30,Drs,DRS DISABLED,DISABLED,,,,,1,2025,11
2025-06-29 13:01:31,Flag,YELLOW IN TRACK SECTOR 16,,YELLOW,Sector,16.0,,1,2025,11
2025-06-29 13:01:36,Other,ABORTED START,,,,,,1,2025,11
2025-06-29 13:01:41,Flag,CLEAR IN TRACK SECTOR 16,,CLEAR,Sector,16.0,,1,2025,11
2025-06-29 13:04:23,Other,FORMATION LAP WILL START AT 15:15,,,,,,1,2025,11
2025-06-29 13:18:01,Flag,GREEN LIGHT - PIT EXIT OPEN,,GREEN,Track,,,1,2025,11
2025-06-29 13:18:29,Flag,DOUBLE YELLOW IN TRACK SECTOR 6,,DOUBLE YELLOW,Sector,6.0,,1,2025,11
2025-06-29 13:18:36,Flag,YELLOW IN TRACK SECTOR 5,,YELLOW,Sector,5.0,,1,2025,11
2025-06-29 13:18:56,SafetyCar,SAFETY CAR DEPLOYED,DEPLOYED,,,,,1,2025,11
2025-06-29 13:19:15,Other,RECOVERY VEHICLE ON TRACK AT TURN 3,,,,,,1,2025,11
2025-06-29 13:19:28,Flag,DOUBLE YELLOW IN TRACK SECTOR 6,,DOUBLE YELLOW,Sector,6.0,,1,2025,11
2025-06-29 13:22:13,SafetyCar,SAFETY CAR IN THIS LAP,IN THIS LAP,,,,,3,2025,11
2025-06-29 13:22:20,Flag,CLEAR IN TRACK SECTOR 6,,CLEAR,Sector,6.0,,3,2025,11
2025-06-29 13:22:21,Flag,CLEAR IN TRACK SECTOR 5,,CLEAR,Sector,5.0,,3,2025,11
2025-06-29 13:22:46,Other,TURN 3 INCIDENT INVOLVING CARS 12 (ANT) AND 1 (VER) NOTED - CAUSING A COLLISION,,,,,,3,2025,11
2025-06-29 13:23:02,Flag,TRACK CLEAR,,CLEAR,Track,,,3,2025,11
2025-06-29 13:23:31,Other,FIA STEWARDS: TURN 3 INCIDENT INVOLVING CARS 12 (ANT) AND 1 (VER) WILL BE INVESTIGATED AFTER THE RACE - CAUSING A COLLISION,,,,,,4,2025,11
2025-06-29 13:24:17,Drs,DRS ENABLED,ENABLED,,,,,4,2025,11
2025-06-29 13:26:47,Other,TURN 3 INCIDENT INVOLVING CARS 43 (COL) AND 87 (BEA) NOTED,,,,,,6,2025,11
2025-06-29 13:27:10,Other,CAR 87 (BEA) TIME 1:12.690 DELETED - TRACK LIMITS AT TURN 3 LAP 4 15:23:46,,,,,,7,2025,11
2025-06-29 13:29:32,Other,FIA STEWARDS: TURN 3 INCIDENT INVOLVING CARS 43 (COL) AND 87 (BEA) UNDER INVESTIGATION,,,,,,9,2025,11
2025-06-29 13:30:32,Other,FIA STEWARDS: TURN 3 INCIDENT INVOLVING CARS 43 (COL) AND 87 (BEA) NO FURTHER ACTION,,,,,,10,2025,11
2025-06-29 13:36:49,Other,CAR 4 (NOR) TIME 1:11.318 DELETED - TRACK LIMITS AT TURN 10 LAP 14 15:36:03,,,,,,15,2025,11
2025-06-29 13:38:13,Other,CAR 18 (STR) TIME 1:13.402 DELETED - TRACK LIMITS AT TURN 3 LAP 15 15:36:56,,,,,,16,2025,11
2025-06-29 13:39:08,Other,TURN 3 INCIDENT INVOLVING CARS 22 (TSU) AND 18 (STR) NOTED - CAUSING A COLLISION,,,,,,17,2025,11
2025-06-29 13:39:50,Other,CAR 16 (LEC) TIME 1:11.747 DELETED - TRACK LIMITS AT TURN 1 LAP 17 15:38:42,,,,,,18,2025,11
2025-06-29 13:42:40,Other,FIA STEWARDS: TURN 3 INCIDENT INVOLVING CARS 22 (TSU) AND 18 (STR) UNDER INVESTIGATION - CAUSING A COLLISION,,,,,,20,2025,11
2025-06-29 13:43:43,Other,FIA STEWARDS: TURN 3 INCIDENT INVOLVING CARS 22 (TSU) AND 18 (STR) NO FURTHER ACTION - CAUSING A COLLISION,,,,,,21,2025,11
2025-06-29 13:53:42,Other,TURN 3 INCIDENT INVOLVING CARS 43 (COL) AND 31 (OCO) NOTED,,,,,,29,2025,11
2025-06-29 13:54:05,Other,CAR 31 (OCO) TIME 1:12.205 DELETED - TRACK LIMITS AT TURN 3 LAP 27 15:51:29,,,,,,30,2025,11
2025-06-29 13:54:31,Other,CAR 14 (ALO) TIME 1:13.447 DELETED - TRACK LIMITS AT TURN 1 LAP 29 15:53:21,,,,,,30,2025,11
2025-06-29 13:54:43,Other,CAR 87 (BEA) TIME 1:12.441 DELETED - TRACK LIMITS AT TURN 1 LAP 29 15:53:35,,,,,,30,2025,11
2025-06-29 13:55:17,Other,FIA STEWARDS: TURN 3 INCIDENT INVOLVING CARS 43 (COL) AND 31 (OCO) REVIEWED NO FURTHER INVESTIGATION,,,,,,31,2025,11
2025-06-29 13:55:22,Flag,YELLOW IN TRACK SECTOR 9,,YELLOW,Sector,9.0,,31,2025,11
2025-06-29 13:55:23,Other,DRS DISABLED IN ZONE 2,,,,,,31,2025,11
2025-06-29 13:55:26,Flag,CLEAR IN TRACK SECTOR 9,,CLEAR,Sector,9.0,,31,2025,11
2025-06-29 13:55:26,Other,DRS ENABLED IN ZONE 2,,,,,,31,2025,11
2025-06-29 13:56:56,Other,TURN 4 INCIDENT INVOLVING CARS 22 (TSU) AND 43 (COL) NOTED - CAUSING A COLLISION,,,,,,32,2025,11
2025-06-29 13:57:20,Other,CAR 43 (COL) TIME 1:12.507 DELETED - TRACK LIMITS AT TURN 1 LAP 31 15:56:07,,,,,,32,2025,11
2025-06-29 13:57:44,Other,FIA STEWARDS: TURN 4 INCIDENT INVOLVING CARS 22 (TSU) AND 43 (COL) UNDER INVESTIGATION - CAUSING A COLLISION,,,,,,33,2025,11
2025-06-29 13:58:27,Other,FIA STEWARDS: 10 SECOND TIME PENALTY FOR CAR 22 (TSU) - CAUSING A COLLISION,,,,,,33,2025,11
2025-06-29 14:06:21,Flag,WAVED BLUE FLAG FOR CAR 43 (COL) TIMED AT 16:06:21,,BLUE,Driver,,43,40,2025,11
2025-06-29 14:07:46,Flag,WAVED BLUE FLAG FOR CAR 18 (STR) TIMED AT 16:07:46,,BLUE,Driver,,18,41,2025,11
2025-06-29 14:07:52,Flag,WAVED BLUE FLAG FOR CAR 18 (STR) TIMED AT 16:07:51,,BLUE,Driver,,18,41,2025,11
2025-06-29 14:07:56,Flag,WAVED BLUE FLAG FOR CAR 18 (STR) TIMED AT 16:07:55,,BLUE,Driver,,18,41,2025,11
2025-06-29 14:10:04,Flag,WAVED BLUE FLAG FOR CAR 18 (STR) TIMED AT 16:10:03,,BLUE,Driver,,18,43,2025,11
2025-06-29 14:13:42,Flag,WAVED BLUE FLAG FOR CAR 27 (HUL) TIMED AT 16:13:41,,BLUE,Driver,,27,46,2025,11
2025-06-29 14:13:55,Flag,WAVED BLUE FLAG FOR CAR 27 (HUL) TIMED AT 16:13:54,,BLUE,Driver,,27,47,2025,11
2025-06-29 14:14:06,Flag,WAVED BLUE FLAG FOR CAR 27 (HUL) TIMED AT 16:14:06,,BLUE,Driver,,27,47,2025,11
2025-06-29 14:15:02,Flag,WAVED BLUE FLAG FOR CAR 22 (TSU) TIMED AT 16:15:02,,BLUE,Driver,,22,48,2025,11
2025-06-29 14:16:15,Other,CAR 81 (PIA) TIME 1:10.621 DELETED - TRACK LIMITS AT TURN 1 LAP 48 16:15:08,,,,,,49,2025,11
2025-06-29 14:16:40,Other,CAR 44 (HAM) TIME 1:11.777 DELETED - TRACK LIMITS AT TURN 3 LAP 48 16:15:45,,,,,,49,2025,11
2025-06-29 14:18:41,Flag,WAVED BLUE FLAG FOR CAR 5 (BOR) TIMED AT 16:18:41,,BLUE,Driver,,5,51,2025,11
2025-06-29 14:22:30,Flag,WAVED BLUE FLAG FOR CAR 43 (COL) TIMED AT 16:22:30,,BLUE,Driver,,43,54,2025,11
2025-06-29 14:22:47,Flag,WAVED BLUE FLAG FOR CAR 22 (TSU) TIMED AT 16:22:46,,BLUE,Driver,,22,54,2025,11
2025-06-29 14:23:20,Flag,WAVED BLUE FLAG FOR CAR 18 (STR) TIMED AT 16:23:20,,BLUE,Driver,,18,54,2025,11
2025-06-29 14:23:26,Other,TURN 3 INCIDENT INVOLVING CARS 43 (COL) AND 81 (PIA) NOTED - FORCING ANOTHER DRIVER OFF THE TRACK,,,,,,54,2025,11
2025-06-29 14:23:54,Other,FIA STEWARDS: TURN 3 INCIDENT INVOLVING CARS 43 (COL) AND 81 (PIA) UNDER INVESTIGATION - FORCING ANOTHER DRIVER OFF THE TRACK,,,,,,55,2025,11
2025-06-29 14:24:06,Flag,WAVED BLUE FLAG FOR CAR 10 (GAS) TIMED AT 16:24:05,,BLUE,Driver,,10,55,2025,11
2025-06-29 14:25:36,Flag,WAVED BLUE FLAG FOR CAR 10 (GAS) TIMED AT 16:25:36,,BLUE,Driver,,10,56,2025,11
2025-06-29 14:26:00,Other,FIA STEWARDS: 5 SECOND TIME PENALTY FOR CAR 43 (COL) - FORCING ANOTHER DRIVER OFF THE TRACK,,,,,,57,2025,11
2025-06-29 14:27:18,Flag,WAVED BLUE FLAG FOR CAR 87 (BEA) TIMED AT 16:27:17,,BLUE,Driver,,87,58,2025,11
2025-06-29 14:27:57,Flag,WAVED BLUE FLAG FOR CAR 22 (TSU) TIMED AT 16:27:57,,BLUE,Driver,,22,58,2025,11
2025-06-29 14:28:04,Flag,WAVED BLUE FLAG FOR CAR 87 (BEA) TIMED AT 16:28:04,,BLUE,Driver,,87,59,2025,11
2025-06-29 14:28:20,Flag,WAVED BLUE FLAG FOR CAR 18 (STR) TIMED AT 16:28:20,,BLUE,Driver,,18,59,2025,11
2025-06-29 14:29:20,Flag,WAVED BLUE FLAG FOR CAR 43 (COL) TIMED AT 16:29:20,,BLUE,Driver,,43,60,2025,11
2025-06-29 14:29:27,Flag,WAVED BLUE FLAG FOR CAR 43 (COL) TIMED AT 16:29:26,,BLUE,Driver,,43,60,2025,11
2025-06-29 14:29:49,Flag,WAVED BLUE FLAG FOR CAR 6 (HAD) TIMED AT 16:29:48,,BLUE,Driver,,6,60,2025,11
2025-06-29 14:30:20,Flag,WAVED BLUE FLAG FOR CAR 6 (HAD) TIMED AT 16:30:20,,BLUE,Driver,,6,61,2025,11
2025-06-29 14:31:52,Flag,WAVED BLUE FLAG FOR CAR 31 (OCO) TIMED AT 16:31:51,,BLUE,Driver,,31,62,2025,11
2025-06-29 14:32:17,Flag,WAVED BLUE FLAG FOR CAR 31 (OCO) TIMED AT 16:32:16,,BLUE,Driver,,31,62,2025,11
2025-06-29 14:32:32,Flag,WAVED BLUE FLAG FOR CAR 22 (TSU) TIMED AT 16:32:32,,BLUE,Driver,,22,62,2025,11
2025-06-29 14:33:33,Flag,WAVED BLUE FLAG FOR CAR 10 (GAS) TIMED AT 16:33:32,,BLUE,Driver,,10,63,2025,11
2025-06-29 14:34:09,Flag,WAVED BLUE FLAG FOR CAR 27 (HUL) TIMED AT 16:34:09,,BLUE,Driver,,27,64,2025,11
2025-06-29 14:34:38,Flag,WAVED BLUE FLAG FOR CAR 27 (HUL) TIMED AT 16:34:38,,BLUE,Driver,,27,64,2025,11
2025-06-29 14:35:04,Flag,WAVED BLUE FLAG FOR CAR 43 (COL) TIMED AT 16:35:03,,BLUE,Driver,,43,65,2025,11
2025-06-29 14:35:25,Flag,WAVED BLUE FLAG FOR CAR 43 (COL) TIMED AT 16:35:24,,BLUE,Driver,,43,65,2025,11
2025-06-29 14:35:43,Other,FIA STEWARDS: PENALTY SERVED - 10 SECOND TIME PENALTY FOR CAR 22 (TSU) - CAUSING A COLLISION,,,,,,65,2025,11
2025-06-29 14:37:00,Flag,WAVED BLUE FLAG FOR CAR 22 (TSU) TIMED AT 16:37:00,,BLUE,Driver,,22,66,2025,11
2025-06-29 14:38:10,Flag,WAVED BLUE FLAG FOR CAR 6 (HAD) TIMED AT 16:38:10,,BLUE,Driver,,6,67,2025,11
2025-06-29 14:38:35,Flag,WAVED BLUE FLAG FOR CAR 87 (BEA) TIMED AT 16:38:35,,BLUE,Driver,,87,68,2025,11
2025-06-29 14:38:41,Flag,WAVED BLUE FLAG FOR CAR 87 (BEA) TIMED AT 16:38:40,,BLUE,Driver,,87,68,2025,11
2025-06-29 14:39:14,Flag,WAVED BLUE FLAG FOR CAR 10 (GAS) TIMED AT 16:39:14,,BLUE,Driver,,10,68,2025,11
2025-06-29 14:39:20,Flag,WAVED BLUE FLAG FOR CAR 22 (TSU) TIMED AT 16:39:19,,BLUE,Driver,,22,68,2025,11
2025-06-29 14:39:21,Flag,WAVED BLUE FLAG FOR CAR 10 (GAS) TIMED AT 16:39:20,,BLUE,Driver,,10,68,2025,11
2025-06-29 14:39:27,Flag,WAVED BLUE FLAG FOR CAR 22 (TSU) TIMED AT 16:39:26,,BLUE,Driver,,22,68,2025,11
2025-06-29 14:39:40,Flag,WAVED BLUE FLAG FOR CAR 22 (TSU) TIMED AT 16:39:40,,BLUE,Driver,,22,69,2025,11
2025-06-29 14:40:18,Flag,WAVED BLUE FLAG FOR CAR 5 (BOR) TIMED AT 16:40:18,,BLUE,Driver,,5,69,2025,11
2025-06-29 14:40:29,Flag,WAVED BLUE FLAG FOR CAR 14 (ALO) TIMED AT 16:40:29,,BLUE,Driver,,14,69,2025,11
2025-06-29 14:40:34,Flag,WAVED BLUE FLAG FOR CAR 5 (BOR) TIMED AT 16:40:33,,BLUE,Driver,,5,69,2025,11
2025-06-29 14:41:47,Flag,CHEQUERED FLAG,,CHEQUERED,Track,,,70,2025,11
2025-06-29 14:41:57,Other,CAR 81 (PIA) TIME 1:10.782 DELETED - TRACK LIMITS AT TURN 1 LAP 70 16:40:49,,,,,,70,2025,11
2025-06-29 14:42:11,Flag,WAVED BLUE FLAG FOR CAR 6 (HAD) TIMED AT 16:42:10,,BLUE,Driver,,6,70,2025,11
2025-06-29 14:44:42,Other,ALL PASS HOLDERS MAY ACCESS THE PIT LANE,,,,,,70,2025,11
2025-06-29 14:45:15,Flag,YELLOW IN TRACK SECTOR 9,,YELLOW,Sector,9.0,,70,2025,11
2025-06-29 14:45:16,Other,DRS DISABLED IN ZONE 2,,,,,,70,2025,11
2025-06-29 14:45:52,Flag,YELLOW IN TRACK SECTOR 10,,YELLOW,Sector,10.0,,70,2025,11
2025-06-29 14:46:11,Flag,CLEAR IN TRACK SECTOR 9,,CLEAR,Sector,9.0,,70,2025,11
2025-06-29 14:46:11,Other,DRS ENABLED IN ZONE 2,,,,,,70,2025,11
2025-06-29 14:46:17,Flag,YELLOW IN TRACK SECTOR 9,,YELLOW,Sector,9.0,,70,2025,11
2025-06-29 14:46:18,Other,DRS DISABLED IN ZONE 2,,,,,,70,2025,11
2025-06-29 14:47:32,Flag,CLEAR IN TRACK SECTOR 9,,CLEAR,Sector,9.0,,70,2025,11
2025-06-29 14:47:32,Other,DRS ENABLED IN ZONE 2,,,,,,70,2025,11
2025-06-29 14:48:12,Flag,CLEAR IN TRACK SECTOR 10,,CLEAR,Sector,10.0,,70,2025,11
2025-07-06 13:19:04,Other,AWNINGS MAY BE USED,,,,,,1,2025,12
2025-07-06 13:20:01,Flag,GREEN LIGHT - PIT EXIT OPEN,,GREEN,Track,,,1,2025,12
2025-07-06 13:30:01,Other,PIT EXIT CLOSED,,,,,,1,2025,12
2025-07-06 13:31:23,Flag,YELLOW IN TRACK SECTOR 13,,YELLOW,Sector,13.0,,1,2025,12
2025-07-06 13:31:24,Other,DRS DISABLED IN ZONE 2,,,,,,1,2025,12
2025-07-06 13:31:29,Flag,YELLOW IN TRACK SECTOR 7,,YELLOW,Sector,7.0,,1,2025,12
2025-07-06 13:31:30,Flag,YELLOW IN TRACK SECTOR 12,,YELLOW,Sector,12.0,,1,2025,12
2025-07-06 13:31:30,Other,DRS DISABLED IN ZONE 1,,,,,,1,2025,12
2025-07-06 13:31:43,Flag,DOUBLE YELLOW IN TRACK SECTOR 8,,DOUBLE YELLOW,Sector,8.0,,1,2025,12
2025-07-06 13:32:01,Flag,YELLOW IN TRACK SECTOR 16,,YELLOW,Sector,16.0,,1,2025,12
2025-07-06 13:32:07,Flag,YELLOW IN TRACK SECTOR 6,,YELLOW,Sector,6.0,,1,2025,12
2025-07-06 13:32:19,Flag,DOUBLE YELLOW IN TRACK SECTOR 9,,DOUBLE YELLOW,Sector,9.0,,1,2025,12
2025-07-06 13:32:27,Flag,DOUBLE YELLOW IN TRACK SECTOR 10,,DOUBLE YELLOW,Sector,10.0,,1,2025,12
2025-07-06 13:32:27,Flag,YELLOW IN TRACK SECTOR 11,,YELLOW,Sector,11.0,,1,2025,12
2025-07-06 13:32:36,Flag,YELLOW IN TRACK SECTOR 4,,YELLOW,Sector,4.0,,1,2025,12
2025-07-06 13:32:37,Flag,DOUBLE YELLOW IN TRACK SECTOR 11,,DOUBLE YELLOW,Sector,11.0,,1,2025,12
2025-07-06 13:32:52,Flag,DOUBLE YELLOW IN TRACK SECTOR 6,,DOUBLE YELLOW,Sector,6.0,,1,2025,12
2025-07-06 13:33:05,Flag,DOUBLE YELLOW IN TRACK SECTOR 7,,DOUBLE YELLOW,Sector,7.0,,1,2025,12
2025-07-06 13:33:58,Flag,YELLOW IN TRACK SECTOR 6,,YELLOW,Sector,6.0,,1,2025,12
2025-07-06 13:34:00,Flag,CLEAR IN TRACK SECTOR 4,,CLEAR,Sector,4.0,,1,2025,12
2025-07-06 13:34:04,Flag,DOUBLE YELLOW IN TRACK SECTOR 15,,DOUBLE YELLOW,Sector,15.0,,1,2025,12
2025-07-06 13:34:13,Flag,CLEAR IN TRACK SECTOR 9,,CLEAR,Sector,9.0,,1,2025,12
2025-07-06 13:34:43,Flag,YELLOW IN TRACK SECTOR 5,,YELLOW,Sector,5.0,,1,2025,12
2025-07-06 13:35:50,Flag,CLEAR IN TRACK SECTOR 7,,CLEAR,Sector,7.0,,1,2025,12
2025-07-06 13:35:51,Flag,YELLOW IN TRACK SECTOR 9,,YELLOW,Sector,9.0,,1,2025,12
2025-07-06 13:35:57,Flag,CLEAR IN TRACK SECTOR 6,,CLEAR,Sector,6.0,,1,2025,12
2025-07-06 13:36:03,Flag,YELLOW IN TRACK SECTOR 8,,YELLOW,Sector,8.0,,1,2025,12
2025-07-06 13:36:44,Flag,CLEAR IN TRACK SECTOR 8,,CLEAR,Sector,8.0,,1,2025,12
2025-07-06 13:36:55,Flag,YELLOW IN TRACK SECTOR 17,,YELLOW,Sector,17.0,,1,2025,12
2025-07-06 13:37:10,Flag,CLEAR IN TRACK SECTOR 5,,CLEAR,Sector,5.0,,1,2025,12
2025-07-06 13:37:10,Other,DRS ENABLED IN ZONE 1,,,,,,1,2025,12
2025-07-06 13:37:16,Flag,CLEAR IN TRACK SECTOR 10,,CLEAR,Sector,10.0,,1,2025,12
2025-07-06 13:37:22,Flag,YELLOW IN TRACK SECTOR 14,,YELLOW,Sector,14.0,,1,2025,12
2025-07-06 13:38:21,Flag,CLEAR IN TRACK SECTOR 9,,CLEAR,Sector,9.0,,1,2025,12
2025-07-06 13:38:36,Flag,CLEAR IN TRACK SECTOR 16,,CLEAR,Sector,16.0,,1,2025,12
2025-07-06 13:38:42,Flag,CLEAR IN TRACK SECTOR 17,,CLEAR,Sector,17.0,,1,2025,12
2025-07-06 13:39:22,Flag,YELLOW IN TRACK SECTOR 10,,YELLOW,Sector,10.0,,1,2025,12
2025-07-06 13:40:13,Flag,YELLOW IN TRACK SECTOR 15,,YELLOW,Sector,15.0,,1,2025,12
2025-07-06 13:41:59,Flag,YELLOW IN TRACK SECTOR 11,,YELLOW,Sector,11.0,,1,2025,12
2025-07-06 13:42:02,Flag,CLEAR IN TRACK SECTOR 10,,CLEAR,Sector,10.0,,1,2025,12
2025-07-06 13:43:40,Flag,CLEAR IN TRACK SECTOR 15,,CLEAR,Sector,15.0,,1,2025,12
2025-07-06 13:44:20,Flag,YELLOW IN TRACK SECTOR 15,,YELLOW,Sector,15.0,,1,2025,12
2025-07-06 13:44:42,Flag,CLEAR IN TRACK SECTOR 15,,CLEAR,Sector,15.0,,1,2025,12
2025-07-06 13:44:46,Flag,CLEAR IN TRACK SECTOR 11,,CLEAR,Sector,11.0,,1,2025,12
2025-07-06 13:44:50,Flag,YELLOW IN TRACK SECTOR 4,,YELLOW,Sector,4.0,,1,2025,12
2025-07-06 13:45:16,Other,RISK OF RAIN FOR F1 RACE IS 60%,,,,,,1,2025,12
2025-07-06 13:45:45,Flag,CLEAR IN TRACK SECTOR 12,,CLEAR,Sector,12.0,,1,2025,12
2025-07-06 13:46:27,Flag,CLEAR IN TRACK SECTOR 4,,CLEAR,Sector,4.0,,1,2025,12
2025-07-06 13:46:41,Flag,YELLOW IN TRACK SECTOR 5,,YELLOW,Sector,5.0,,1,2025,12
2025-07-06 13:46:42,Other,DRS DISABLED IN ZONE 1,,,,,,1,2025,12
2025-07-06 13:47:22,Flag,CLEAR IN TRACK SECTOR 13,,CLEAR,Sector,13.0,,1,2025,12
2025-07-06 13:48:30,Flag,CLEAR IN TRACK SECTOR 5,,CLEAR,Sector,5.0,,1,2025,12
2025-07-06 13:48:30,Other,DRS ENABLED IN ZONE 1,,,,,,1,2025,12
2025-07-06 13:50:02,Flag,YELLOW IN TRACK SECTOR 15,,YELLOW,Sector,15.0,,1,2025,12
2025-07-06 13:50:48,Flag,CLEAR IN TRACK SECTOR 15,,CLEAR,Sector,15.0,,1,2025,12
2025-07-06 13:50:51,Other,DRS ENABLED IN ZONE 2,,,,,,1,2025,12
2025-07-06 13:50:51,Flag,CLEAR IN TRACK SECTOR 14,,CLEAR,Sector,14.0,,1,2025,12
2025-07-06 13:55:00,Other,FORMATION LAP WILL BE STARTED BEHIND THE SAFETY CAR,,,,,,1,2025,12
2025-07-06 13:57:07,Drs,DRS DISABLED,DISABLED,,,,,1,2025,12
2025-07-06 13:57:09,Other,LOW GRIP CONDITIONS,,,,,,1,2025,12
2025-07-06 14:00:55,Other,STANDING START,,,,,,1,2025,12
2025-07-06 14:03:50,Flag,GREEN LIGHT - PIT EXIT OPEN,,GREEN,Track,,,1,2025,12
2025-07-06 14:04:23,Flag,YELLOW IN TRACK SECTOR 5,,YELLOW,Sector,5.0,,1,2025,12
2025-07-06 14:04:39,Flag,CLEAR IN TRACK SECTOR 5,,CLEAR,Sector,5.0,,1,2025,12
2025-07-06 14:04:43,Flag,YELLOW IN TRACK SECTOR 6,,YELLOW,Sector,6.0,,1,2025,12
2025-07-06 14:04:46,Other,TRACK SURFACE SLIPPERY IN TRACK SECTOR 5,,,,,,1,2025,12
2025-07-06 14:05:12,Flag,DOUBLE YELLOW IN TRACK SECTOR 6,,DOUBLE YELLOW,Sector,6.0,,1,2025,12
2025-07-06 14:05:48,SafetyCar,VIRTUAL SAFETY CAR DEPLOYED,DEPLOYED,,,,,2,2025,12
2025-07-06 14:05:48,Flag,CLEAR IN TRACK SECTOR 5,,CLEAR,Sector,5.0,,2,2025,12
2025-07-06 14:09:36,Flag,DOUBLE YELLOW IN TRACK SECTOR 4,,DOUBLE YELLOW,Sector,4.0,,3,2025,12
2025-07-06 14:09:37,Flag,DOUBLE YELLOW IN TRACK SECTOR 5,,DOUBLE YELLOW,Sector,5.0,,3,2025,12
2025-07-06 14:10:14,Flag,CLEAR IN TRACK SECTOR 4,,CLEAR,Sector,4.0,,4,2025,12
2025-07-06 14:10:18,SafetyCar,VIRTUAL SAFETY CAR ENDING,ENDING,,,,,4,2025,12
2025-07-06 14:10:20,Flag,CLEAR IN TRACK SECTOR 6,,CLEAR,Sector,6.0,,4,2025,12
2025-07-06 14:10:22,Flag,CLEAR IN TRACK SECTOR 5,,CLEAR,Sector,5.0,,4,2025,12
2025-07-06 14:10:31,Flag,TRACK CLEAR,,CLEAR,Track,,,4,2025,12
2025-07-06 14:11:03,Flag,YELLOW IN TRACK SECTOR 2,,YELLOW,Sector,2.0,,4,2025,12
2025-07-06 14:11:04,Other,TURN 5 INCIDENT INVOLVING CARS 31 (OCO) AND 30 (LAW) NOTED - CAUSING A COLLISION,,,,,,4,2025,12
2025-07-06 14:11:22,Flag,CLEAR IN TRACK SECTOR 2,,CLEAR,Sector,2.0,,4,2025,12
2025-07-06 14:12:35,Other,FIA STEWARDS: TURN 5 INCIDENT INVOLVING CARS 31 (OCO) AND 30 (LAW) REVIEWED NO FURTHER INVESTIGATION - CAUSING A COLLISION,,,,,,5,2025,12
2025-07-06 14:12:36,Flag,YELLOW IN TRACK SECTOR 10,,YELLOW,Sector,10.0,,5,2025,12
2025-07-06 14:13:39,SafetyCar,VIRTUAL SAFETY CAR DEPLOYED,DEPLOYED,,,,,5,2025,12
2025-07-06 14:15:05,Flag,DOUBLE YELLOW IN TRACK SECTOR 10,,DOUBLE YELLOW,Sector,10.0,,6,2025,12
2025-07-06 14:15:32,Other,CAR 4 (NOR) TIME 1:45.033 DELETED - TRACK LIMITS AT TURN 6 LAP 5 15:12:34,,,,,,6,2025,12
2025-07-06 14:16:38,Other,CAR 16 (LEC) TIME 1:58.458 DELETED - TRACK LIMITS AT TURN 1 LAP 5 15:12:36,,,,,,7,2025,12
2025-07-06 14:16:38,Other,CAR 87 (BEA) TIME 2:00.293 DELETED - TRACK LIMITS AT TURN 1 LAP 5 15:12:41,,,,,,7,2025,12
2025-07-06 14:17:02,Flag,CLEAR IN TRACK SECTOR 10,,CLEAR,Sector,10.0,,7,2025,12
2025-07-06 14:17:04,SafetyCar,VIRTUAL SAFETY CAR ENDING,ENDING,,,,,7,2025,12
2025-07-06 14:17:17,Flag,TRACK CLEAR,,CLEAR,Track,,,7,2025,12
2025-07-06 14:18:12,Drs,DRS ENABLED,ENABLED,,,,,8,2025,12
2025-07-06 14:18:15,Other,NORMAL GRIP CONDITIONS,,,,,,8,2025,12
2025-07-06 14:23:23,Drs,DRS DISABLED,DISABLED,,,,,11,2025,12
2025-07-06 14:23:34,Other,LOW GRIP CONDITIONS,,,,,,11,2025,12
2025-07-06 14:25:10,Other,CAR 1 (VER) LAP DELETED - TRACK LIMITS AT TURN 14 LAP 11 15:24:40 (PIT),,,,,,12,2025,12
2025-07-06 14:28:03,Other,CAR 44 (HAM) TIME 2:07.044 DELETED - TRACK LIMITS AT TURN 6 LAP 12 15:26:18,,,,,,13,2025,12
2025-07-06 14:28:59,Flag,YELLOW IN TRACK SECTOR 12,,YELLOW,Sector,12.0,,14,2025,12
2025-07-06 14:29:01,Flag,CLEAR IN TRACK SECTOR 12,,CLEAR,Sector,12.0,,14,2025,12
2025-07-06 14:29:14,SafetyCar,SAFETY CAR DEPLOYED,DEPLOYED,,,,,14,2025,12
2025-07-06 14:29:45,Other,CAR 16 (LEC) TIME 2:00.583 DELETED - TRACK LIMITS AT TURN 12 LAP 13 15:28:53,,,,,,14,2025,12
2025-07-06 14:38:36,SafetyCar,SAFETY CAR IN THIS LAP,IN THIS LAP,,,,,17,2025,12
2025-07-06 14:39:12,Flag,TRACK CLEAR,,CLEAR,Track,,,17,2025,12
2025-07-06 14:41:01,Flag,YELLOW IN TRACK SECTOR 10,,YELLOW,Sector,10.0,,18,2025,12
2025-07-06 14:41:15,SafetyCar,SAFETY CAR DEPLOYED,DEPLOYED,,,,,18,2025,12
2025-07-06 14:42:05,Flag,DOUBLE YELLOW IN TRACK SECTOR 10,,DOUBLE YELLOW,Sector,10.0,,19,2025,12
2025-07-06 14:43:27,Other,TURN 9 INCIDENT INVOLVING CARS 6 (HAD) AND 12 (ANT) NOTED - CAUSING A COLLISION,,,,,,19,2025,12
2025-07-06 14:45:05,Other,RECOVERY VEHICLE ON TRACK AT TURN 9,,,,,,20,2025,12
2025-07-06 14:45:08,Flag,CLEAR IN TRACK SECTOR 10,,CLEAR,Sector,10.0,,20,2025,12
2025-07-06 14:45:35,Other,FIA STEWARDS: TURN 9 INCIDENT INVOLVING CARS 6 (HAD) AND 12 (ANT) WILL BE INVESTIGATED AFTER THE RACE - CAUSING A COLLISION,,,,,,20,2025,12
2025-07-06 14:49:02,SafetyCar,SAFETY CAR IN THIS LAP,IN THIS LAP,,,,,21,2025,12
2025-07-06 14:49:28,Flag,TRACK CLEAR,,CLEAR,Track,,,21,2025,12
2025-07-06 14:49:47,Other,INCIDENT INVOLVING CAR 81 (PIA) NOTED - SAFETY CAR INFRINGEMENT,,,,,,22,2025,12
2025-07-06 14:50:38,Flag,YELLOW IN TRACK SECTOR 7,,YELLOW,Sector,7.0,,22,2025,12
2025-07-06 14:50:41,Flag,CLEAR IN TRACK SECTOR 7,,CLEAR,Sector,7.0,,22,2025,12
2025-07-06 14:51:52,Other,TURN 6 INCIDENT INVOLVING CARS 22 (TSU) AND 87 (BEA) NOTED - CAUSING A COLLISION,,,,,,23,2025,12
2025-07-06 14:51:57,Other,FIA STEWARDS: INCIDENT INVOLVING CAR 81 (PIA) UNDER INVESTIGATION - SAFETY CAR INFRINGEMENT,,,,,,23,2025,12
2025-07-06 14:55:02,Other,FIA STEWARDS: 10 SECOND TIME PENALTY FOR CAR 81 (PIA) - SAFETY CAR INFRINGEMENT,,,,,,25,2025,12
2025-07-06 14:55:58,Other,CAR 44 (HAM) TIME 1:45.853 DELETED - TRACK LIMITS AT TURN 9 LAP 24 15:54:25,,,,,,25,2025,12
2025-07-06 14:56:10,Other,FIA STEWARDS: TURN 6 INCIDENT INVOLVING CARS 22 (TSU) AND 87 (BEA) UNDER INVESTIGATION - CAUSING A COLLISION,,,,,,25,2025,12
2025-07-06 14:59:11,Other,FIA STEWARDS: 10 SECOND TIME PENALTY FOR CAR 22 (TSU) - CAUSING A COLLISION,,,,,,27,2025,12
2025-07-06 15:09:18,Other,CAR 16 (LEC) TIME 1:45.187 DELETED - TRACK LIMITS AT TURN 9 LAP 32 16:08:27,,,,,,33,2025,12
2025-07-06 15:11:42,Drs,DRS ENABLED,ENABLED,,,,,34,2025,12
2025-07-06 15:11:47,Other,NORMAL GRIP CONDITIONS,,,,,,34,2025,12
2025-07-06 15:17:59,Other,CAR 87 (BEA) TIME 1:43.169 DELETED - TRACK LIMITS AT TURN 9 LAP 37 16:17:08,,,,,,38,2025,12
2025-07-06 15:20:56,Flag,YELLOW IN TRACK SECTOR 12,,YELLOW,Sector,12.0,,40,2025,12
2025-07-06 15:21:06,Flag,CLEAR IN TRACK SECTOR 12,,CLEAR,Sector,12.0,,40,2025,12
2025-07-06 15:21:48,Other,TURN 4 INCIDENT INVOLVING CARS 16 (LEC) AND 55 (SAI) NOTED,,,,,,40,2025,12
2025-07-06 15:23:21,Other,FIA STEWARDS: TURN 4 INCIDENT INVOLVING CARS 16 (LEC) AND 55 (SAI) REVIEWED NO FURTHER INVESTIGATION,,,,,,41,2025,12
2025-07-06 15:26:08,Flag,YELLOW IN TRACK SECTOR 11,,YELLOW,Sector,11.0,,43,2025,12
2025-07-06 15:26:09,Flag,YELLOW IN TRACK SECTOR 12,,YELLOW,Sector,12.0,,43,2025,12
2025-07-06 15:26:10,Flag,CLEAR IN TRACK SECTOR 11,,CLEAR,Sector,11.0,,43,2025,12
2025-07-06 15:26:10,Flag,CLEAR IN TRACK SECTOR 12,,CLEAR,Sector,12.0,,43,2025,12
2025-07-06 15:26:48,Other,CAR 44 (HAM) TIME 2:09.772 DELETED - TRACK LIMITS AT TURN 3 LAP 42 16:24:48,,,,,,43,2025,12
2025-07-06 15:27:21,Flag,YELLOW IN TRACK SECTOR 7,,YELLOW,Sector,7.0,,44,2025,12
2025-07-06 15:27:22,Other,FIA STEWARDS: PENALTY SERVED - 10 SECOND TIME PENALTY FOR CAR 22 (TSU) - CAUSING A COLLISION,,,,,,44,2025,12
2025-07-06 15:27:22,Other,DRS DISABLED IN ZONE 1,,,,,,44,2025,12
2025-07-06 15:27:31,Flag,CLEAR IN TRACK SECTOR 7,,CLEAR,Sector,7.0,,44,2025,12
2025-07-06 15:27:31,Other,DRS ENABLED IN ZONE 1,,,,,,44,2025,12
2025-07-06 15:27:53,Other,TRACK SURFACE SLIPPERY IN TRACK SECTOR 7,,,,,,44,2025,12
2025-07-06 15:27:54,Flag,WAVED BLUE FLAG FOR CAR 31 (OCO) TIMED AT 16:27:53,,BLUE,Driver,,31,44,2025,12
2025-07-06 15:27:59,Flag,CLEAR IN TRACK SECTOR 7,,CLEAR,Sector,7.0,,44,2025,12
2025-07-06 15:28:07,Other,TRACK SURFACE SLIPPERY IN TRACK SECTOR 7,,,,,,44,2025,12
2025-07-06 15:28:11,Flag,YELLOW IN TRACK SECTOR 15,,YELLOW,Sector,15.0,,44,2025,12
2025-07-06 15:28:12,Other,DRS DISABLED IN ZONE 2,,,,,,44,2025,12
2025-07-06 15:28:23,Other,DRS ENABLED IN ZONE 2,,,,,,44,2025,12
2025-07-06 15:28:23,Flag,CLEAR IN TRACK SECTOR 15,,CLEAR,Sector,15.0,,44,2025,12
2025-07-06 15:28:54,Other,CAR 1 (VER) TIME 1:39.479 DELETED - TRACK LIMITS AT TURN 2 LAP 43 16:26:43,,,,,,45,2025,12
2025-07-06 15:30:14,Other,TURN 6 INCIDENT INVOLVING CARS 87 (BEA) AND 31 (OCO) NOTED,,,,,,45,2025,12
2025-07-06 15:30:58,Other,TURN 15 INCIDENT INVOLVING CARS 55 (SAI) AND 16 (LEC) NOTED - CAUSING A COLLISION,,,,,,46,2025,12
2025-07-06 15:31:14,Flag,CLEAR IN TRACK SECTOR 7,,CLEAR,Sector,7.0,,46,2025,12
2025-07-06 15:31:53,Other,CAR 81 (PIA) TIME 1:34.870 DELETED - TRACK LIMITS AT TURN 11 LAP 45 16:30:03,,,,,,46,2025,12
2025-07-06 15:32:46,Other,FIA STEWARDS: TURN 6 INCIDENT INVOLVING CARS 87 (BEA) AND 31 (OCO) WILL BE INVESTIGATED AFTER THE RACE,,,,,,47,2025,12
2025-07-06 15:33:16,Other,CAR 1 (VER) TIME 1:39.479 DELETED - TRACK LIMITS AT TURN 1 LAP 43 16:26:42,,,,,,47,2025,12
2025-07-06 15:33:41,Other,FIA STEWARDS: PENALTY SERVED - 10 SECOND TIME PENALTY FOR CAR 81 (PIA) - SAFETY CAR INFRINGEMENT,,,,,,48,2025,12
2025-07-06 15:34:12,Other,FIA STEWARDS: TURN 15 INCIDENT INVOLVING CARS 55 (SAI) AND 16 (LEC) REVIEWED NO FURTHER INVESTIGATION - CAUSING A COLLISION,,,,,,48,2025,12
2025-07-06 15:37:55,Other,CAR 55 (SAI) TIME 1:34.080 DELETED - TRACK LIMITS AT TURN 6 LAP 46 16:32:15,,,,,,50,2025,12
2025-07-06 15:41:05,Flag,CHEQUERED FLAG,,CHEQUERED,Track,,,52,2025,12
2025-07-06 15:43:42,Other,ALL PASS HOLDERS MAY ACCESS THE PIT LANE,,,,,,52,2025,12
2025-07-06 15:44:55,Other,CAR 81 (PIA) TIME 1:32.340 DELETED - TRACK LIMITS AT TURN 6 LAP 52 16:40:13,,,,,,52,2025,12
2025-07-27 12:19:00,Other,LOW GRIP CONDITIONS,,,,,,1,2025,13
2025-07-27 12:20:00,Flag,GREEN LIGHT - PIT EXIT OPEN,,GREEN,Track,,,1,2025,13
2025-07-27 12:22:08,Other,AWNINGS MAY BE USED,,,,,,1,2025,13
2025-07-27 12:26:06,Other,TRACK SURFACE SLIPPERY IN TRACK SECTOR 11,,,,,,1,2025,13
2025-07-27 12:26:17,Flag,CLEAR IN TRACK SECTOR 11,,CLEAR,Sector,11.0,,1,2025,13
2025-07-27 12:28:44,Other,TRACK SURFACE SLIPPERY IN TRACK SECTOR 14,,,,,,1,2025,13
2025-07-27 12:28:52,Flag,CLEAR IN TRACK SECTOR 14,,CLEAR,Sector,14.0,,1,2025,13
2025-07-27 12:28:59,Other,TRACK SURFACE SLIPPERY IN TRACK SECTOR 8,,,,,,1,2025,13
2025-07-27 12:29:06,Flag,CLEAR IN TRACK SECTOR 8,,CLEAR,Sector,8.0,,1,2025,13
2025-07-27 12:30:00,Other,PIT EXIT CLOSED,,,,,,1,2025,13
2025-07-27 12:30:53,Other,TRACK SURFACE SLIPPERY IN TRACK SECTOR 14,,,,,,1,2025,13
2025-07-27 12:30:54,Flag,CLEAR IN TRACK SECTOR 14,,CLEAR,Sector,14.0,,1,2025,13
2025-07-27 12:31:00,Other,TRACK SURFACE SLIPPERY IN TRACK SECTOR 14,,,,,,1,2025,13
2025-07-27 12:31:03,Flag,CLEAR IN TRACK SECTOR 14,,CLEAR,Sector,14.0,,1,2025,13
2025-07-27 12:31:08,Other,TRACK SURFACE SLIPPERY IN TRACK SECTOR 14,,,,,,1,2025,13
2025-07-27 12:31:10,Flag,CLEAR IN TRACK SECTOR 14,,CLEAR,Sector,14.0,,1,2025,13
2025-07-27 12:38:46,Other,TRACK SURFACE SLIPPERY IN TRACK SECTOR 20,,,,,,1,2025,13
2025-07-27 12:38:53,Flag,CLEAR IN TRACK SECTOR 20,,CLEAR,Sector,20.0,,1,2025,13
2025-07-27 12:42:58,Other,TRACK SURFACE SLIPPERY IN TRACK SECTOR 15,,,,,,1,2025,13
2025-07-27 12:43:01,Flag,CLEAR IN TRACK SECTOR 15,,CLEAR,Sector,15.0,,1,2025,13
2025-07-27 12:43:44,Other,TRACK SURFACE SLIPPERY IN TRACK SECTOR 14,,,,,,1,2025,13
2025-07-27 12:43:48,Flag,CLEAR IN TRACK SECTOR 14,,CLEAR,Sector,14.0,,1,2025,13
2025-07-27 12:43:50,Other,TRACK SURFACE SLIPPERY IN TRACK SECTOR 14,,,,,,1,2025,13
2025-07-27 12:43:50,Other,TRACK SURFACE SLIPPERY IN TRACK SECTOR 11,,,,,,1,2025,13
2025-07-27 12:43:55,Flag,CLEAR IN TRACK SECTOR 14,,CLEAR,Sector,14.0,,1,2025,13
2025-07-27 12:44:02,Flag,CLEAR IN TRACK SECTOR 11,,CLEAR,Sector,11.0,,1,2025,13
2025-07-27 12:44:06,Other,TRACK SURFACE SLIPPERY IN TRACK SECTOR 11,,,,,,1,2025,13
2025-07-27 12:44:08,Flag,CLEAR IN TRACK SECTOR 11,,CLEAR,Sector,11.0,,1,2025,13
2025-07-27 12:50:18,Other,RISK OF RAIN FOR F1 RACE IS 100%,,,,,,1,2025,13
2025-07-27 12:55:01,Other,FORMATION LAP WILL BE STARTED BEHIND THE SAFETY CAR,,,,,,1,2025,13
2025-07-27 12:57:01,Drs,DRS DISABLED,DISABLED,,,,,1,2025,13
2025-07-27 13:01:44,Other,STARTING PROCEDURE SUSPENDED,,,,,,1,2025,13
2025-07-27 13:01:58,Flag,RED FLAG,,RED,Track,,,1,2025,13
2025-07-27 13:09:08,Other,AWNINGS MAY BE USED,,,,,,1,2025,13
2025-07-27 13:54:50,Flag,TRACK CLEAR,,CLEAR,Track,,,1,2025,13
2025-07-27 13:55:46,Flag,DOUBLE YELLOW IN TRACK SECTOR 4,,DOUBLE YELLOW,Sector,4.0,,1,2025,13
2025-07-27 13:56:16,Flag,CLEAR IN TRACK SECTOR 4,,CLEAR,Sector,4.0,,1,2025,13
2025-07-27 13:56:17,Flag,DOUBLE YELLOW IN TRACK SECTOR 7,,DOUBLE YELLOW,Sector,7.0,,1,2025,13
2025-07-27 13:56:26,Flag,CLEAR IN TRACK SECTOR 7,,CLEAR,Sector,7.0,,1,2025,13
2025-07-27 13:56:34,Flag,DOUBLE YELLOW IN TRACK SECTOR 16,,DOUBLE YELLOW,Sector,16.0,,1,2025,13
2025-07-27 13:56:52,Flag,DOUBLE YELLOW IN TRACK SECTOR 4,,DOUBLE YELLOW,Sector,4.0,,1,2025,13
2025-07-27 13:56:52,Flag,DOUBLE YELLOW IN TRACK SECTOR 5,,DOUBLE YELLOW,Sector,5.0,,1,2025,13
2025-07-27 13:56:52,Flag,DOUBLE YELLOW IN TRACK SECTOR 6,,DOUBLE YELLOW,Sector,6.0,,1,2025,13
2025-07-27 13:57:29,Flag,CLEAR IN TRACK SECTOR 16,,CLEAR,Sector,16.0,,1,2025,13
2025-07-27 13:58:11,Flag,DOUBLE YELLOW IN TRACK SECTOR 14,,DOUBLE YELLOW,Sector,14.0,,1,2025,13
2025-07-27 14:00:01,Flag,CLEAR IN TRACK SECTOR 14,,CLEAR,Sector,14.0,,1,2025,13
2025-07-27 14:00:12,Flag,DOUBLE YELLOW IN TRACK SECTOR 7,,DOUBLE YELLOW,Sector,7.0,,1,2025,13
2025-07-27 14:00:30,Flag,DOUBLE YELLOW IN TRACK SECTOR 13,,DOUBLE YELLOW,Sector,13.0,,1,2025,13
2025-07-27 14:00:43,Flag,YELLOW IN TRACK SECTOR 12,,YELLOW,Sector,12.0,,1,2025,13
2025-07-27 14:02:04,Flag,YELLOW IN TRACK SECTOR 11,,YELLOW,Sector,11.0,,1,2025,13
2025-07-27 14:02:18,Flag,CLEAR IN TRACK SECTOR 7,,CLEAR,Sector,7.0,,1,2025,13
2025-07-27 14:03:15,Flag,YELLOW IN TRACK SECTOR 20,,YELLOW,Sector,20.0,,1,2025,13
2025-07-27 14:03:21,Flag,CLEAR IN TRACK SECTOR 13,,CLEAR,Sector,13.0,,1,2025,13
2025-07-27 14:03:22,Flag,DOUBLE YELLOW IN TRACK SECTOR 14,,DOUBLE YELLOW,Sector,14.0,,1,2025,13
2025-07-27 14:03:27,Flag,CLEAR IN TRACK SECTOR 12,,CLEAR,Sector,12.0,,1,2025,13
2025-07-27 14:03:30,Flag,CLEAR IN TRACK SECTOR 20,,CLEAR,Sector,20.0,,1,2025,13
2025-07-27 14:03:50,Flag,CLEAR IN TRACK SECTOR 14,,CLEAR,Sector,14.0,,1,2025,13
2025-07-27 14:04:09,Flag,CLEAR IN TRACK SECTOR 11,,CLEAR,Sector,11.0,,1,2025,13
2025-07-27 14:04:18,Flag,DOUBLE YELLOW IN TRACK SECTOR 16,,DOUBLE YELLOW,Sector,16.0,,1,2025,13
2025-07-27 14:04:44,Other,RACE WILL RESUME AT 16:20,,,,,,1,2025,13
2025-07-27 14:05:31,Flag,CLEAR IN TRACK SECTOR 16,,CLEAR,Sector,16.0,,1,2025,13
2025-07-27 14:06:18,Flag,DOUBLE YELLOW IN TRACK SECTOR 7,,DOUBLE YELLOW,Sector,7.0,,1,2025,13
2025-07-27 14:06:30,Flag,DOUBLE YELLOW IN TRACK SECTOR 14,,DOUBLE YELLOW,Sector,14.0,,1,2025,13
2025-07-27 14:06:40,Flag,DOUBLE YELLOW IN TRACK SECTOR 13,,DOUBLE YELLOW,Sector,13.0,,1,2025,13
2025-07-27 14:06:41,Flag,CLEAR IN TRACK SECTOR 14,,CLEAR,Sector,14.0,,1,2025,13
2025-07-27 14:06:56,Flag,YELLOW IN TRACK SECTOR 12,,YELLOW,Sector,12.0,,1,2025,13
2025-07-27 14:07:18,Flag,CLEAR IN TRACK SECTOR 7,,CLEAR,Sector,7.0,,1,2025,13
2025-07-27 14:08:26,Flag,DOUBLE YELLOW IN TRACK SECTOR 14,,DOUBLE YELLOW,Sector,14.0,,1,2025,13
2025-07-27 14:08:27,Flag,CLEAR IN TRACK SECTOR 13,,CLEAR,Sector,13.0,,1,2025,13
2025-07-27 14:08:31,Flag,CLEAR IN TRACK SECTOR 12,,CLEAR,Sector,12.0,,1,2025,13
2025-07-27 14:10:27,Flag,DOUBLE YELLOW IN TRACK SECTOR 15,,DOUBLE YELLOW,Sector,15.0,,1,2025,13
2025-07-27 14:10:32,Flag,CLEAR IN TRACK SECTOR 14,,CLEAR,Sector,14.0,,1,2025,13
2025-07-27 14:11:04,Flag,DOUBLE YELLOW IN TRACK SECTOR 16,,DOUBLE YELLOW,Sector,16.0,,1,2025,13
2025-07-27 14:11:05,Flag,DOUBLE YELLOW IN TRACK SECTOR 7,,DOUBLE YELLOW,Sector,7.0,,1,2025,13
2025-07-27 14:11:16,Flag,CLEAR IN TRACK SECTOR 15,,CLEAR,Sector,15.0,,1,2025,13
2025-07-27 14:12:13,Flag,CLEAR IN TRACK SECTOR 16,,CLEAR,Sector,16.0,,1,2025,13
2025-07-27 14:12:17,Flag,DOUBLE YELLOW IN TRACK SECTOR 15,,DOUBLE YELLOW,Sector,15.0,,1,2025,13
2025-07-27 14:12:18,Flag,CLEAR IN TRACK SECTOR 7,,CLEAR,Sector,7.0,,1,2025,13
2025-07-27 14:12:50,Flag,DOUBLE YELLOW IN TRACK SECTOR 14,,DOUBLE YELLOW,Sector,14.0,,1,2025,13
2025-07-27 14:12:52,Flag,CLEAR IN TRACK SECTOR 15,,CLEAR,Sector,15.0,,1,2025,13
2025-07-27 14:13:08,Flag,CLEAR IN TRACK SECTOR 14,,CLEAR,Sector,14.0,,1,2025,13
2025-07-27 14:13:10,Flag,DOUBLE YELLOW IN TRACK SECTOR 13,,DOUBLE YELLOW,Sector,13.0,,1,2025,13
2025-07-27 14:13:15,Flag,CLEAR IN TRACK SECTOR 4,,CLEAR,Sector,4.0,,1,2025,13
2025-07-27 14:13:15,Flag,CLEAR IN TRACK SECTOR 5,,CLEAR,Sector,5.0,,1,2025,13
2025-07-27 14:13:15,Flag,CLEAR IN TRACK SECTOR 6,,CLEAR,Sector,6.0,,1,2025,13
2025-07-27 14:13:15,Flag,YELLOW IN TRACK SECTOR 12,,YELLOW,Sector,12.0,,1,2025,13
2025-07-27 14:14:02,Flag,CLEAR IN TRACK SECTOR 13,,CLEAR,Sector,13.0,,1,2025,13
2025-07-27 14:14:21,Flag,CLEAR IN TRACK SECTOR 12,,CLEAR,Sector,12.0,,1,2025,13
2025-07-27 14:15:01,Other,RACE WILL START BEHIND THE SAFETY CAR,,,,,,1,2025,13
2025-07-27 14:20:00,Flag,GREEN LIGHT - PIT EXIT OPEN,,GREEN,Track,,,1,2025,13
2025-07-27 14:29:35,Other,ROLLING START,,,,,,4,2025,13
2025-07-27 14:34:11,Other,CAR 55 (SAI) TIME 2:03.311 DELETED - TRACK LIMITS AT TURN 6 LAP 5 16:32:41,,,,,,6,2025,13
2025-07-27 14:38:14,Other,CAR 10 (GAS) TIME 2:02.794 DELETED - TRACK LIMITS AT TURN 4 LAP 7 16:36:28,,,,,,8,2025,13
2025-07-27 14:38:33,Other,CAR 12 (ANT) TIME 2:02.188 DELETED - TRACK LIMITS AT TURN 18 LAP 7 16:38:08,,,,,,8,2025,13
2025-07-27 14:40:09,Other,CAR 6 (HAD) TIME 2:02.837 DELETED - TRACK LIMITS AT TURN 4 LAP 8 16:38:24,,,,,,9,2025,13
2025-07-27 14:40:19,Other,CAR 43 (COL) TIME 2:04.446 DELETED - TRACK LIMITS AT TURN 4 LAP 8 16:38:33,,,,,,9,2025,13
2025-07-27 14:42:18,Other,CAR 5 (BOR) TIME 2:03.996 DELETED - TRACK LIMITS AT TURN 4 LAP 9 16:40:29,,,,,,10,2025,13
2025-07-27 14:46:35,Other,CAR 55 (SAI) TIME 2:04.978 DELETED - TRACK LIMITS AT TURN 4 LAP 11 16:44:49,,,,,,12,2025,13
2025-07-27 14:48:00,Drs,DRS ENABLED,ENABLED,,,,,12,2025,13
2025-07-27 14:48:01,Other,NORMAL GRIP CONDITIONS,,,,,,13,2025,13
2025-07-27 14:48:27,Other,CAR 6 (HAD) TIME 2:04.240 DELETED - TRACK LIMITS AT TURN 4 LAP 12 16:46:40,,,,,,13,2025,13
2025-07-27 14:58:13,Other,CAR 43 (COL) TIME 1:49.645 DELETED - TRACK LIMITS AT TURN 4 LAP 17 16:56:40,,,,,,18,2025,13
2025-07-27 15:13:39,Other,CAR 4 (NOR) TIME 1:47.660 DELETED - TRACK LIMITS AT TURN 10 LAP 26 17:12:48,,,,,,27,2025,13
2025-07-27 15:14:34,Other,CAR 55 (SAI) LAP DELETED - TRACK LIMITS AT TURN 4 LAP 26 17:13:02 (PIT),,,,,,27,2025,13
2025-07-27 15:16:18,Flag,BLACK AND WHITE FLAG FOR CAR 55 (SAI) - TRACK LIMITS,,BLACK AND WHITE,Driver,,55,28,2025,13
2025-07-27 15:18:03,Other,CAR 14 (ALO) TIME 1:48.720 DELETED - TRACK LIMITS AT TURN 6 LAP 28 17:16:45,,,,,,29,2025,13
2025-07-27 15:35:18,Flag,WAVED BLUE FLAG FOR CAR 6 (HAD) TIMED AT 17:35:18,,BLUE,Driver,,6,39,2025,13
2025-07-27 15:37:40,Flag,WAVED BLUE FLAG FOR CAR 6 (HAD) TIMED AT 17:37:40,,BLUE,Driver,,6,40,2025,13
2025-07-27 15:37:44,Flag,WAVED BLUE FLAG FOR CAR 6 (HAD) TIMED AT 17:37:44,,BLUE,Driver,,6,40,2025,13
2025-07-27 15:37:53,Flag,WAVED BLUE FLAG FOR CAR 6 (HAD) TIMED AT 17:37:52,,BLUE,Driver,,6,40,2025,13
2025-07-27 15:45:22,Flag,CHEQUERED FLAG,,CHEQUERED,Track,,,44,2025,13
2025-07-27 15:46:05,Other,CAR 23 (ALB) TIME 1:47.252 DELETED - TRACK LIMITS AT TURN 10 LAP 44 17:45:15,,,,,,44,2025,13
2025-07-27 15:46:41,Other,CAR 22 (TSU) TIME 1:48.375 DELETED - TRACK LIMITS AT TURN 4 LAP 44 17:45:10,,,,,,44,2025,13
2025-07-27 15:48:29,Other,ALL PASS HOLDERS MAY ACCESS THE PIT LANE,,,,,,44,2025,13
2025-07-27 15:48:59,Flag,DOUBLE YELLOW IN TRACK SECTOR 10,,DOUBLE YELLOW,Sector,10.0,,44,2025,13
2025-07-27 15:49:46,Flag,CLEAR IN TRACK SECTOR 10,,CLEAR,Sector,10.0,,44,2025,13
2025-08-03 12:20:00,Flag,GREEN LIGHT - PIT EXIT OPEN,,GREEN,Track,,,1,2025,14
2025-08-03 12:30:00,Other,PIT EXIT CLOSED,,,,,,1,2025,14
2025-08-03 12:31:37,Flag,YELLOW IN TRACK SECTOR 3,,YELLOW,Sector,3.0,,1,2025,14
2025-08-03 12:31:38,Other,DRS DISABLED IN ZONE 1,,,,,,1,2025,14
2025-08-03 12:31:39,Other,DRS DISABLED IN ZONE 2,,,,,,1,2025,14
2025-08-03 12:32:28,Other,DRS ENABLED IN ZONE 1,,,,,,1,2025,14
2025-08-03 12:32:28,Other,DRS ENABLED IN ZONE 2,,,,,,1,2025,14
2025-08-03 12:32:28,Flag,CLEAR IN TRACK SECTOR 3,,CLEAR,Sector,3.0,,1,2025,14
2025-08-03 12:43:44,Other,PINK HEAD PADDING MATERIAL MUST BE USED,,,,,,1,2025,14
2025-08-03 12:45:14,Other,RISK OF RAIN FOR F1 RACE IS 20 %,,,,,,1,2025,14
2025-08-03 12:47:21,Flag,YELLOW IN TRACK SECTOR 3,,YELLOW,Sector,3.0,,1,2025,14
2025-08-03 12:47:22,Other,DRS DISABLED IN ZONE 1,,,,,,1,2025,14
2025-08-03 12:47:22,Other,DRS DISABLED IN ZONE 2,,,,,,1,2025,14
2025-08-03 12:47:46,Other,DRS ENABLED IN ZONE 1,,,,,,1,2025,14
2025-08-03 12:47:46,Other,DRS ENABLED IN ZONE 2,,,,,,1,2025,14
2025-08-03 12:47:46,Flag,CLEAR IN TRACK SECTOR 3,,CLEAR,Sector,3.0,,1,2025,14
2025-08-03 12:57:05,Drs,DRS DISABLED,DISABLED,,,,,1,2025,14
2025-08-03 13:03:06,Flag,GREEN LIGHT - PIT EXIT OPEN,,GREEN,Track,,,1,2025,14
2025-08-03 13:04:34,Drs,DRS ENABLED,ENABLED,,,,,2,2025,14
2025-08-03 13:06:37,Other,CAR 10 (GAS) TIME 1:25.330 DELETED - TRACK LIMITS AT TURN 1 LAP 2 15:04:55,,,,,,3,2025,14
2025-08-03 13:08:27,Other,INCIDENT INVOLVING CAR 5 (BOR) NOTED - FALSE START - MOVING BEFORE SIGNAL,,,,,,4,2025,14
2025-08-03 13:09:03,Other,CAR 27 (HUL) TIME 1:24.397 DELETED - TRACK LIMITS AT TURN 1 LAP 4 15:07:43,,,,,,5,2025,14
2025-08-03 13:10:20,Other,INCIDENT INVOLVING CAR 27 (HUL) NOTED - FALSE START - MOVING BEFORE SIGNAL,,,,,,6,2025,14
2025-08-03 13:12:57,Other,FIA STEWARDS: INCIDENT INVOLVING CAR 5 (BOR) REVIEWED NO FURTHER INVESTIGATION - FALSE START - MOVING BEFORE SIGNAL,,,,,,8,2025,14
2025-08-03 13:13:05,Other,FIA STEWARDS: INCIDENT INVOLVING CAR 27 (HUL) UNDER INVESTIGATION - FALSE START - MOVING BEFORE SIGNAL,,,,,,8,2025,14
2025-08-03 13:15:06,Other,FIA STEWARDS: 5 SECOND TIME PENALTY FOR CAR 27 (HUL) - FALSE START - MOVING BEFORE SIGNAL,,,,,,9,2025,14
2025-08-03 13:34:18,Other,CAR 87 (BEA) TIME 1:23.890 DELETED - TRACK LIMITS AT TURN 14 LAP 21 15:32:32,,,,,,23,2025,14
2025-08-03 13:34:21,Other,CAR 27 (HUL) TIME 1:24.497 DELETED - TRACK LIMITS AT TURN 7 LAP 22 15:33:23,,,,,,23,2025,14
2025-08-03 13:34:29,Other,CAR 12 (ANT) TIME 1:43.212 DELETED - TRACK LIMITS AT TURN 7 LAP 22 15:33:42,,,,,,23,2025,14
2025-08-03 13:41:16,Other,CAR 43 (COL) TIME 1:22.421 DELETED - TRACK LIMITS AT TURN 7 LAP 27 15:40:30,,,,,,28,2025,14
2025-08-03 13:43:10,Other,CAR 4 (NOR) TIME 1:22.533 DELETED - TRACK LIMITS AT TURN 7 LAP 29 15:42:20,,,,,,30,2025,14
2025-08-03 13:43:39,Other,CAR 63 (RUS) TIME 1:21.680 DELETED - TRACK LIMITS AT TURN 7 LAP 29 15:42:35,,,,,,30,2025,14
2025-08-03 13:46:13,Other,TURN 4 INCIDENT INVOLVING CARS 1 (VER) AND 44 (HAM) NOTED,,,,,,32,2025,14
2025-08-03 13:46:59,Other,CAR 44 (HAM) TIME 1:25.490 DELETED - TRACK LIMITS AT TURN 4 LAP 29 15:42:56,,,,,,32,2025,14
2025-08-03 13:47:05,Other,CAR 23 (ALB) TIME 1:24.453 DELETED - TRACK LIMITS AT TURN 7 LAP 30 15:44:35,,,,,,32,2025,14
2025-08-03 13:51:24,Other,FIA STEWARDS: TURN 4 INCIDENT INVOLVING CARS 1 (VER) AND 44 (HAM) UNDER INVESTIGATION,,,,,,36,2025,14
2025-08-03 13:56:07,Flag,WAVED BLUE FLAG FOR CAR 43 (COL) TIMED AT 15:56:07,,BLUE,Driver,,43,39,2025,14
2025-08-03 13:56:21,Flag,WAVED BLUE FLAG FOR CAR 43 (COL) TIMED AT 15:56:20,,BLUE,Driver,,43,39,2025,14
2025-08-03 13:58:27,Flag,WAVED BLUE FLAG FOR CAR 43 (COL) TIMED AT 15:58:26,,BLUE,Driver,,43,41,2025,14
2025-08-03 13:59:18,Other,FIA STEWARDS: TURN 4 INCIDENT INVOLVING CARS 1 (VER) AND 44 (HAM) WILL BE INVESTIGATED AFTER THE RACE,,,,,,41,2025,14
2025-08-03 14:01:01,Flag,WAVED BLUE FLAG FOR CAR 27 (HUL) TIMED AT 16:01:01,,BLUE,Driver,,27,43,2025,14
2025-08-03 14:02:12,Flag,WAVED BLUE FLAG FOR CAR 44 (HAM) TIMED AT 16:02:12,,BLUE,Driver,,44,44,2025,14
2025-08-03 14:02:27,Other,FIA STEWARDS: PENALTY SERVED - 5 SECOND TIME PENALTY FOR CAR 27 (HUL) - FALSE START - MOVING BEFORE SIGNAL,,,,,,44,2025,14
2025-08-03 14:04:53,Flag,WAVED BLUE FLAG FOR CAR 22 (TSU) TIMED AT 16:04:53,,BLUE,Driver,,22,46,2025,14
2025-08-03 14:05:08,Flag,WAVED BLUE FLAG FOR CAR 43 (COL) TIMED AT 16:05:07,,BLUE,Driver,,43,46,2025,14
2025-08-03 14:07:51,Flag,WAVED BLUE FLAG FOR CAR 23 (ALB) TIMED AT 16:07:50,,BLUE,Driver,,23,48,2025,14
2025-08-03 14:08:06,Flag,WAVED BLUE FLAG FOR CAR 23 (ALB) TIMED AT 16:08:06,,BLUE,Driver,,23,48,2025,14
2025-08-03 14:08:15,Flag,WAVED BLUE FLAG FOR CAR 43 (COL) TIMED AT 16:08:15,,BLUE,Driver,,43,48,2025,14
2025-08-03 14:09:25,Flag,WAVED BLUE FLAG FOR CAR 87 (BEA) TIMED AT 16:09:24,,BLUE,Driver,,87,49,2025,14
2025-08-03 14:10:46,Other,BLACK AND WHITE FLAG FOR CAR 31 (OCO),,,,,,50,2025,14
2025-08-03 14:11:03,Flag,WAVED BLUE FLAG FOR CAR 22 (TSU) TIMED AT 16:11:02,,BLUE,Driver,,22,50,2025,14
2025-08-03 14:11:52,Flag,WAVED BLUE FLAG FOR CAR 43 (COL) TIMED AT 16:11:52,,BLUE,Driver,,43,51,2025,14
2025-08-03 14:11:59,Other,CAR 43 (COL) TIME 1:23.690 DELETED - TRACK LIMITS AT TURN 7 LAP 47 16:08:30,,,,,,51,2025,14
2025-08-03 14:11:59,Flag,WAVED BLUE FLAG FOR CAR 43 (COL) TIMED AT 16:11:59,,BLUE,Driver,,43,51,2025,14
2025-08-03 14:12:43,Flag,WAVED BLUE FLAG FOR CAR 27 (HUL) TIMED AT 16:12:43,,BLUE,Driver,,27,51,2025,14
2025-08-03 14:13:21,Other,TURN 1 INCIDENT INVOLVING CARS 27 (HUL) AND 22 (TSU) NOTED,,,,,,52,2025,14
2025-08-03 14:13:44,Flag,WAVED BLUE FLAG FOR CAR 10 (GAS) TIMED AT 16:13:44,,BLUE,Driver,,10,52,2025,14
2025-08-03 14:13:58,Other,CAR 27 (HUL) TIME 1:21.837 DELETED - TRACK LIMITS AT TURN 1 LAP 49 16:10:36,,,,,,52,2025,14
2025-08-03 14:14:17,Flag,WAVED BLUE FLAG FOR CAR 31 (OCO) TIMED AT 16:14:17,,BLUE,Driver,,31,52,2025,14
2025-08-03 14:14:49,Flag,WAVED BLUE FLAG FOR CAR 22 (TSU) TIMED AT 16:14:49,,BLUE,Driver,,22,53,2025,14
2025-08-03 14:15:00,Flag,WAVED BLUE FLAG FOR CAR 22 (TSU) TIMED AT 16:14:59,,BLUE,Driver,,22,53,2025,14
2025-08-03 14:15:24,Flag,WAVED BLUE FLAG FOR CAR 23 (ALB) TIMED AT 16:15:24,,BLUE,Driver,,23,53,2025,14
2025-08-03 14:16:39,Flag,WAVED BLUE FLAG FOR CAR 10 (GAS) TIMED AT 16:16:39,,BLUE,Driver,,10,54,2025,14
2025-08-03 14:17:14,Flag,WAVED BLUE FLAG FOR CAR 31 (OCO) TIMED AT 16:17:13,,BLUE,Driver,,31,55,2025,14
2025-08-03 14:19:41,Other,CAR 12 (ANT) TIME 1:21.234 DELETED - TRACK LIMITS AT TURN 7 LAP 55 16:18:53,,,,,,56,2025,14
2025-08-03 14:20:37,Other,FIA STEWARDS: TURN 1 INCIDENT INVOLVING CARS 27 (HUL) AND 22 (TSU) UNDER INVESTIGATION,,,,,,57,2025,14
2025-08-03 14:20:54,Flag,WAVED BLUE FLAG FOR CAR 27 (HUL) TIMED AT 16:20:53,,BLUE,Driver,,27,57,2025,14
2025-08-03 14:21:11,Flag,WAVED BLUE FLAG FOR CAR 27 (HUL) TIMED AT 16:21:11,,BLUE,Driver,,27,58,2025,14
2025-08-03 14:21:43,Other,FIA STEWARDS: TURN 1 INCIDENT INVOLVING CARS 27 (HUL) AND 22 (TSU) NO FURTHER ACTION,,,,,,58,2025,14
2025-08-03 14:22:16,Flag,WAVED BLUE FLAG FOR CAR 23 (ALB) TIMED AT 16:22:15,,BLUE,Driver,,23,58,2025,14
2025-08-03 14:22:32,Flag,WAVED BLUE FLAG FOR CAR 23 (ALB) TIMED AT 16:22:31,,BLUE,Driver,,23,59,2025,14
2025-08-03 14:22:39,Flag,WAVED BLUE FLAG FOR CAR 23 (ALB) TIMED AT 16:22:38,,BLUE,Driver,,23,59,2025,14
2025-08-03 14:23:53,Flag,WAVED BLUE FLAG FOR CAR 10 (GAS) TIMED AT 16:23:53,,BLUE,Driver,,10,60,2025,14
2025-08-03 14:24:13,Flag,WAVED BLUE FLAG FOR CAR 10 (GAS) TIMED AT 16:24:13,,BLUE,Driver,,10,60,2025,14
2025-08-03 14:24:37,Flag,WAVED BLUE FLAG FOR CAR 10 (GAS) TIMED AT 16:24:36,,BLUE,Driver,,10,60,2025,14
2025-08-03 14:26:23,Flag,WAVED BLUE FLAG FOR CAR 31 (OCO) TIMED AT 16:26:22,,BLUE,Driver,,31,62,2025,14
2025-08-03 14:27:43,Flag,WAVED BLUE FLAG FOR CAR 31 (OCO) TIMED AT 16:27:42,,BLUE,Driver,,31,63,2025,14
2025-08-03 14:28:20,Flag,WAVED BLUE FLAG FOR CAR 31 (OCO) TIMED AT 16:28:20,,BLUE,Driver,,31,63,2025,14
2025-08-03 14:28:24,Other,TURN 1 INCIDENT INVOLVING CARS 16 (LEC) AND 63 (RUS) NOTED,,,,,,63,2025,14
2025-08-03 14:29:35,Other,TURN 2 INCIDENT INVOLVING CARS 10 (GAS) AND 55 (SAI) NOTED - CAUSING A COLLISION,,,,,,64,2025,14
2025-08-03 14:29:56,Flag,WAVED BLUE FLAG FOR CAR 44 (HAM) TIMED AT 16:29:55,,BLUE,Driver,,44,64,2025,14
2025-08-03 14:30:14,Other,FIA STEWARDS: TURN 1 INCIDENT INVOLVING CARS 16 (LEC) AND 63 (RUS) UNDER INVESTIGATION,,,,,,64,2025,14
2025-08-03 14:30:18,Flag,WAVED BLUE FLAG FOR CAR 44 (HAM) TIMED AT 16:30:17,,BLUE,Driver,,44,64,2025,14
2025-08-03 14:31:03,Other,CAR 55 (SAI) TIME 1:23.355 DELETED - TRACK LIMITS AT TURN 2 LAP 61 16:27:07,,,,,,65,2025,14
2025-08-03 14:31:21,Flag,WAVED BLUE FLAG FOR CAR 6 (HAD) TIMED AT 16:31:21,,BLUE,Driver,,6,65,2025,14
2025-08-03 14:31:59,Flag,WAVED BLUE FLAG FOR CAR 6 (HAD) TIMED AT 16:31:58,,BLUE,Driver,,6,66,2025,14
2025-08-03 14:32:16,Other,FIA STEWARDS: TURN 2 INCIDENT INVOLVING CARS 10 (GAS) AND 55 (SAI) UNDER INVESTIGATION - CAUSING A COLLISION,,,,,,66,2025,14
2025-08-03 14:32:45,Flag,WAVED BLUE FLAG FOR CAR 12 (ANT) TIMED AT 16:32:45,,BLUE,Driver,,12,66,2025,14
2025-08-03 14:34:14,Other,FIA STEWARDS: 10 SECOND TIME PENALTY FOR CAR 10 (GAS) - CAUSING A COLLISION,,,,,,67,2025,14
2025-08-03 14:35:10,Flag,WAVED BLUE FLAG FOR CAR 27 (HUL) TIMED AT 16:35:09,,BLUE,Driver,,27,68,2025,14
2025-08-03 14:35:15,Other,CAR 10 (GAS) TIME 1:24.101 DELETED - TRACK LIMITS AT TURN 1 LAP 64 16:31:08,,,,,,68,2025,14
2025-08-03 14:35:42,Flag,WAVED BLUE FLAG FOR CAR 27 (HUL) TIMED AT 16:35:42,,BLUE,Driver,,27,68,2025,14
2025-08-03 14:36:23,Flag,WAVED BLUE FLAG FOR CAR 55 (SAI) TIMED AT 16:36:22,,BLUE,Driver,,55,69,2025,14
2025-08-03 14:37:01,Other,FIA STEWARDS: 5 SECOND TIME PENALTY FOR CAR 16 (LEC) - DRIVING ERRATICALLY,,,,,,69,2025,14
2025-08-03 14:38:27,Flag,CHEQUERED FLAG,,CHEQUERED,Track,,,70,2025,14
2025-08-03 14:41:45,Other,ALL PASS HOLDERS MAY ACCESS THE PIT LANE,,,,,,70,2025,14
2025-08-31 12:17:58,Flag,YELLOW IN TRACK SECTOR 16,,YELLOW,Sector,16.0,,1,2025,15
2025-08-31 12:17:59,Flag,YELLOW IN TRACK SECTOR 17,,YELLOW,Sector,17.0,,1,2025,15
2025-08-31 12:18:28,Flag,CLEAR IN TRACK SECTOR 16,,CLEAR,Sector,16.0,,1,2025,15
2025-08-31 12:18:28,Flag,CLEAR IN TRACK SECTOR 17,,CLEAR,Sector,17.0,,1,2025,15
2025-08-31 12:20:00,Flag,GREEN LIGHT - PIT EXIT OPEN,,GREEN,Track,,,1,2025,15
2025-08-31 12:30:00,Other,PIT EXIT CLOSED,,,,,,1,2025,15
2025-08-31 12:30:20,Other,PIT ENTRY INCIDENT INVOLVING CAR 44 (HAM) NOTED - YELLOW FLAG INFRINGEMENT,,,,,,1,2025,15
2025-08-31 12:30:36,Flag,DOUBLE YELLOW IN TRACK SECTOR 8,,DOUBLE YELLOW,Sector,8.0,,1,2025,15
2025-08-31 12:30:47,Flag,DOUBLE YELLOW IN TRACK SECTOR 7,,DOUBLE YELLOW,Sector,7.0,,1,2025,15
2025-08-31 12:30:51,Flag,YELLOW IN TRACK SECTOR 13,,YELLOW,Sector,13.0,,1,2025,15
2025-08-31 12:30:53,Flag,DOUBLE YELLOW IN TRACK SECTOR 16,,DOUBLE YELLOW,Sector,16.0,,1,2025,15
2025-08-31 12:30:53,Flag,DOUBLE YELLOW IN TRACK SECTOR 17,,DOUBLE YELLOW,Sector,17.0,,1,2025,15
2025-08-31 12:30:55,Flag,DOUBLE YELLOW IN TRACK SECTOR 6,,DOUBLE YELLOW,Sector,6.0,,1,2025,15
2025-08-31 12:34:42,Other,"FIA STEWARDS: INCIDENT INVOLVING CARS 27 (HUL), 55 (SAI), 1 (VER) AND 4 (NOR) NOTED - FAILING TO FOLLOW RACE DIRECTORS INSTRUCTIONS - MAXIMUM DELTA TIME",,,,,,1,2025,15
2025-08-31 12:35:28,Other,FIA STEWARDS: PIT ENTRY INCIDENT INVOLVING CAR 44 (HAM) WILL BE INVESTIGATED AFTER THE RACE - YELLOW FLAG INFRINGEMENT,,,,,,1,2025,15
2025-08-31 12:35:35,Other,"FIA STEWARDS: INCIDENT INVOLVING CARS 27 (HUL), 55 (SAI), 1 (VER) AND 4 (NOR) WILL BE INVESTIGATED AFTER THE RACE - FAILING TO FOLLOW RACE DIRECTORS INSTRUCTIONS - MAXIMUM DELTA TIME",,,,,,1,2025,15
2025-08-31 12:45:06,Other,RISK OF RAIN FOR F1 RACE IS 60%,,,,,,1,2025,15
2025-08-31 12:51:16,Flag,CLEAR IN TRACK SECTOR 18,,CLEAR,Sector,18.0,,1,2025,15
2025-08-31 12:57:03,Drs,DRS DISABLED,DISABLED,,,,,1,2025,15
2025-08-31 13:03:21,Flag,GREEN LIGHT - PIT EXIT OPEN,,GREEN,Track,,,1,2025,15
2025-08-31 13:04:40,Drs,DRS ENABLED,ENABLED,,,,,2,2025,15
2025-08-31 13:06:10,Other,CAR 16 (LEC) TIME 1:17.076 DELETED - TRACK LIMITS AT TURN 3 LAP 2 15:04:59,,,,,,3,2025,15
2025-08-31 13:10:44,Other,TURN 11 INCIDENT INVOLVING CARS 18 (STR) AND 5 (BOR) NOTED - CAUSING A COLLISION,,,,,,6,2025,15
2025-08-31 13:15:44,Other,FIA STEWARDS: TURN 11 INCIDENT INVOLVING CARS 18 (STR) AND 5 (BOR) REVIEWED NO FURTHER INVESTIGATION - CAUSING A COLLISION,,,,,,10,2025,15
2025-08-31 13:19:09,Other,TRACK SURFACE SLIPPERY IN TRACK SECTOR 15,,,,,,13,2025,15
2025-08-31 13:20:37,Flag,CLEAR IN TRACK SECTOR 15,,CLEAR,Sector,15.0,,14,2025,15
2025-08-31 13:22:26,Other,INCIDENT INVOLVING CAR 5 (BOR) NOTED - UNSAFE CONDITION,,,,,,16,2025,15
2025-08-31 13:23:12,Other,CAR 63 (RUS) TIME 1:16.228 DELETED - TRACK LIMITS AT TURN 3 LAP 13 15:18:58,,,,,,16,2025,15
2025-08-31 13:23:40,Other,FIA STEWARDS: INCIDENT INVOLVING CAR 5 (BOR) UNDER INVESTIGATION - UNSAFE CONDITION,,,,,,17,2025,15
2025-08-31 13:28:13,Other,CAR 14 (ALO) TIME 1:30.437 DELETED - TRACK LIMITS AT TURN 3 LAP 19 15:27:09,,,,,,20,2025,15
2025-08-31 13:30:50,Other,CAR 43 (COL) TIME 1:16.107 DELETED - TRACK LIMITS AT TURN 3 LAP 21 15:29:46,,,,,,22,2025,15
2025-08-31 13:31:47,Flag,DOUBLE YELLOW IN TRACK SECTOR 5,,DOUBLE YELLOW,Sector,5.0,,23,2025,15
2025-08-31 13:31:48,Flag,YELLOW IN TRACK SECTOR 4,,YELLOW,Sector,4.0,,23,2025,15
2025-08-31 13:31:48,Flag,YELLOW IN TRACK SECTOR 5,,YELLOW,Sector,5.0,,23,2025,15
2025-08-31 13:32:02,SafetyCar,SAFETY CAR DEPLOYED,DEPLOYED,,,,,23,2025,15
2025-08-31 13:32:02,Flag,CLEAR IN TRACK SECTOR 4,,CLEAR,Sector,4.0,,23,2025,15
2025-08-31 13:33:31,Flag,DOUBLE YELLOW IN TRACK SECTOR 5,,DOUBLE YELLOW,Sector,5.0,,24,2025,15
2025-08-31 13:33:36,Other,RECOVERY VEHICLE ON TRACK AT TURN 3,,,,,,24,2025,15
2025-08-31 13:34:15,Flag,DOUBLE YELLOW IN TRACK SECTOR 5,,DOUBLE YELLOW,Sector,5.0,,24,2025,15
2025-08-31 13:35:51,Flag,CLEAR IN TRACK SECTOR 5,,CLEAR,Sector,5.0,,25,2025,15
2025-08-31 13:37:09,SafetyCar,SAFETY CAR IN THIS LAP,IN THIS LAP,,,,,26,2025,15
2025-08-31 13:38:27,Flag,TRACK CLEAR,,CLEAR,Track,,,26,2025,15
2025-08-31 13:39:51,Drs,DRS ENABLED,ENABLED,,,,,28,2025,15
2025-08-31 13:41:16,Flag,WAVED BLUE FLAG FOR CAR 30 (LAW) TIMED AT 15:41:15,,BLUE,Driver,,30,29,2025,15
2025-08-31 13:41:19,Flag,WAVED BLUE FLAG FOR CAR 55 (SAI) TIMED AT 15:41:19,,BLUE,Driver,,55,29,2025,15
2025-08-31 13:41:24,Flag,WAVED BLUE FLAG FOR CAR 30 (LAW) TIMED AT 15:41:24,,BLUE,Driver,,30,29,2025,15
2025-08-31 13:41:26,Flag,WAVED BLUE FLAG FOR CAR 55 (SAI) TIMED AT 15:41:25,,BLUE,Driver,,55,29,2025,15
2025-08-31 13:41:29,Other,TURN 1 INCIDENT INVOLVING CARS 55 (SAI) AND 30 (LAW) NOTED,,,,,,29,2025,15
2025-08-31 13:41:37,Flag,WAVED BLUE FLAG FOR CAR 30 (LAW) TIMED AT 15:41:37,,BLUE,Driver,,30,29,2025,15
2025-08-31 13:41:47,Other,FIA STEWARDS: INCIDENT INVOLVING CAR 5 (BOR) WILL BE INVESTIGATED AFTER THE RACE - UNSAFE CONDITION,,,,,,29,2025,15
2025-08-31 13:41:56,Flag,WAVED BLUE FLAG FOR CAR 30 (LAW) TIMED AT 15:41:55,,BLUE,Driver,,30,29,2025,15
2025-08-31 13:44:12,Other,FIA STEWARDS: TURN 1 INCIDENT INVOLVING CARS 55 (SAI) AND 30 (LAW) UNDER INVESTIGATION,,,,,,31,2025,15
2025-08-31 13:44:35,SafetyCar,VIRTUAL SAFETY CAR DEPLOYED,DEPLOYED,,,,,31,2025,15
2025-08-31 13:45:45,SafetyCar,VIRTUAL SAFETY CAR ENDING,ENDING,,,,,32,2025,15
2025-08-31 13:45:57,Flag,TRACK CLEAR,,CLEAR,Track,,,32,2025,15
2025-08-31 13:45:58,Drs,DRS ENABLED,ENABLED,,,,,32,2025,15
2025-08-31 13:46:45,Other,FIA STEWARDS: 10 SECOND TIME PENALTY FOR CAR 55 (SAI) - CAUSING A COLLISION,,,,,,33,2025,15
2025-08-31 13:47:57,Other,TRACK SURFACE SLIPPERY IN TRACK SECTOR 16,,,,,,34,2025,15
2025-08-31 13:49:18,Flag,DOUBLE YELLOW IN TRACK SECTOR 16,,DOUBLE YELLOW,Sector,16.0,,35,2025,15
2025-08-31 13:49:27,Other,CAR 16 (LEC) TIME 1:26.822 DELETED - TRACK LIMITS AT TURN 12 LAP 32 15:46:15,,,,,,35,2025,15
2025-08-31 13:49:33,Other,TRACK SURFACE SLIPPERY IN TRACK SECTOR 16,,,,,,35,2025,15
2025-08-31 13:49:36,Flag,CLEAR IN TRACK SECTOR 16,,CLEAR,Sector,16.0,,35,2025,15
2025-08-31 13:49:59,Other,TURN 12 INCIDENT INVOLVING CARS 16 (LEC) AND 63 (RUS) NOTED - CAUSING A COLLISION,,,,,,35,2025,15
2025-08-31 13:50:24,Other,FIA STEWARDS: TURN 12 INCIDENT INVOLVING CARS 16 (LEC) AND 63 (RUS) UNDER INVESTIGATION - CAUSING A COLLISION,,,,,,36,2025,15
2025-08-31 13:58:46,Other,FIA STEWARDS: TURN 12 INCIDENT INVOLVING CARS 16 (LEC) AND 63 (RUS) WILL BE INVESTIGATED AFTER THE RACE - CAUSING A COLLISION,,,,,,42,2025,15
2025-08-31 14:11:23,Flag,WAVED BLUE FLAG FOR CAR 55 (SAI) TIMED AT 16:11:23,,BLUE,Driver,,55,53,2025,15
2025-08-31 14:12:11,Flag,DOUBLE YELLOW IN TRACK SECTOR 5,,DOUBLE YELLOW,Sector,5.0,,53,2025,15
2025-08-31 14:12:13,Flag,YELLOW IN TRACK SECTOR 4,,YELLOW,Sector,4.0,,53,2025,15
2025-08-31 14:12:19,SafetyCar,SAFETY CAR DEPLOYED,DEPLOYED,,,,,53,2025,15
2025-08-31 14:12:34,Flag,DOUBLE YELLOW IN TRACK SECTOR 5,,DOUBLE YELLOW,Sector,5.0,,53,2025,15
2025-08-31 14:13:33,Other,RECOVERY VEHICLE ON TRACK AT TURN 3,,,,,,54,2025,15
2025-08-31 14:15:02,Flag,DOUBLE YELLOW IN TRACK SECTOR 5,,DOUBLE YELLOW,Sector,5.0,,55,2025,15
2025-08-31 14:15:07,Flag,DOUBLE YELLOW IN TRACK SECTOR 5,,DOUBLE YELLOW,Sector,5.0,,55,2025,15
2025-08-31 14:16:11,Other,TURN 3 INCIDENT INVOLVING CARS 63 (RUS) AND 16 (LEC) NOTED - CAUSING A COLLISION,,,,,,55,2025,15
2025-08-31 14:16:37,Other,FIA STEWARDS: TURN 3 INCIDENT INVOLVING CARS 63 (RUS) AND 16 (LEC) UNDER INVESTIGATION - CAUSING A COLLISION,,,,,,55,2025,15
2025-08-31 14:17:34,Other,CORRECTION:: TURN 3 INCIDENT INVOLVING CARS 12 (ANT) AND 16 (LEC) UNDER INVESTIGATION - CAUSING A COLLISION,,,,,,56,2025,15
2025-08-31 14:17:56,Other,FIA STEWARDS: 10 SECOND TIME PENALTY FOR CAR 12 (ANT) - CAUSING A COLLISION,,,,,,56,2025,15
2025-08-31 14:18:16,Flag,CLEAR IN TRACK SECTOR 5,,CLEAR,Sector,5.0,,56,2025,15
2025-08-31 14:18:18,Other,LAPPED CARS MAY NOW OVERTAKE THE SAFETY CAR: 30 AND 55,,,,,,56,2025,15
2025-08-31 14:18:54,Other,INCIDENT INVOLVING CAR 12 (ANT) NOTED - SPEEDING IN THE PIT LANE,,,,,,56,2025,15
2025-08-31 14:19:15,Flag,CLEAR IN TRACK SECTOR 4,,CLEAR,Sector,4.0,,57,2025,15
2025-08-31 14:19:34,SafetyCar,SAFETY CAR IN THIS LAP,IN THIS LAP,,,,,57,2025,15
2025-08-31 14:19:53,Other,FIA STEWARDS: PENALTY SERVED - 10 SECOND TIME PENALTY FOR CAR 55 (SAI),,,,,,57,2025,15
2025-08-31 14:20:51,Flag,TRACK CLEAR,,CLEAR,Track,,,57,2025,15
2025-08-31 14:22:12,Drs,DRS ENABLED,ENABLED,,,,,59,2025,15
2025-08-31 14:22:51,Other,FIA STEWARDS: INCIDENT INVOLVING CAR 12 (ANT) UNDER INVESTIGATION - SPEEDING IN THE PIT LANE,,,,,,59,2025,15
2025-08-31 14:25:55,Other,FIA STEWARDS: 5 SECOND TIME PENALTY FOR CAR 12 (ANT) - SPEEDING IN THE PIT LANE,,,,,,62,2025,15
2025-08-31 14:30:12,Flag,YELLOW IN TRACK SECTOR 11,,YELLOW,Sector,11.0,,65,2025,15
2025-08-31 14:30:28,SafetyCar,SAFETY CAR DEPLOYED,DEPLOYED,,,,,65,2025,15
2025-08-31 14:30:36,Flag,DOUBLE YELLOW IN TRACK SECTOR 11,,DOUBLE YELLOW,Sector,11.0,,65,2025,15
2025-08-31 14:32:26,Other,RECOVERY VEHICLE ON TRACK AT TURN 9,,,,,,66,2025,15
2025-08-31 14:33:11,Flag,DOUBLE YELLOW IN TRACK SECTOR 5,,DOUBLE YELLOW,Sector,5.0,,67,2025,15
2025-08-31 14:35:14,Flag,CLEAR IN TRACK SECTOR 11,,CLEAR,Sector,11.0,,68,2025,15
2025-08-31 14:35:45,Flag,CLEAR IN TRACK SECTOR 5,,CLEAR,Sector,5.0,,68,2025,15
2025-08-31 14:36:08,SafetyCar,SAFETY CAR IN THIS LAP,IN THIS LAP,,,,,68,2025,15
2025-08-31 14:36:48,Flag,TRACK CLEAR,,CLEAR,Track,,,68,2025,15
2025-08-31 14:38:12,Drs,DRS ENABLED,ENABLED,,,,,70,2025,15
2025-08-31 14:40:06,Other,TURN 11 INCIDENT INVOLVING CARS 22 (TSU) AND 10 (GAS) NOTED,,,,,,71,2025,15
2025-08-31 14:40:42,Other,CAR 27 (HUL) TIME 1:18.274 DELETED - TRACK LIMITS AT TURN 3 LAP 69 16:37:21,,,,,,72,2025,15
2025-08-31 14:40:55,Other,CAR 55 (SAI) TIME 1:17.352 DELETED - TRACK LIMITS AT TURN 3 LAP 69 16:37:22,,,,,,72,2025,15
2025-08-31 14:41:06,Other,CAR 10 (GAS) TIME 1:17.528 DELETED - TRACK LIMITS AT TURN 12 LAP 69 16:38:01,,,,,,72,2025,15
2025-08-31 14:41:50,Flag,CHEQUERED FLAG,,CHEQUERED,Track,,,72,2025,15
2025-08-31 14:43:39,Other,FIA STEWARDS: TURN 11 INCIDENT INVOLVING CARS 22 (TSU) AND 10 (GAS) REVIEWED NO FURTHER INVESTIGATION,,,,,,72,2025,15
2025-08-31 14:45:05,Other,ALL PASS HOLDERS MAY ACCESS THE PIT LANE,,,,,,72,2025,15
2025-08-31 14:45:34,Flag,DOUBLE YELLOW IN TRACK SECTOR 11,,DOUBLE YELLOW,Sector,11.0,,72,2025,15
2025-08-31 14:49:09,Flag,CLEAR IN TRACK SECTOR 11,,CLEAR,Sector,11.0,,72,2025,15
2025-08-31 14:49:10,Flag,DOUBLE YELLOW IN TRACK SECTOR 11,,DOUBLE YELLOW,Sector,11.0,,72,2025,15
2025-08-31 14:53:30,Flag,DOUBLE YELLOW IN TRACK SECTOR 7,,DOUBLE YELLOW,Sector,7.0,,72,2025,15
2025-09-07 12:20:01,Flag,GREEN LIGHT - PIT EXIT OPEN,,GREEN,Track,,,1,2025,16
2025-09-07 12:27:55,Other,PIT EXIT INCIDENT INVOLVING CAR 14 (ALO) NOTED - FAILING TO FOLLOW RACE DIRECTORS INSTRUCTIONS – PRACTICE START INFRINGEMENT,,,,,,1,2025,16
2025-09-07 12:28:15,Other,PIT EXIT INCIDENT INVOLVING CAR 18 (STR) NOTED - FAILING TO FOLLOW RACE DIRECTORS INSTRUCTIONS – PRACTICE START INFRINGEMENT,,,,,,1,2025,16
2025-09-07 12:30:01,Other,PIT EXIT CLOSED,,,,,,1,2025,16
2025-09-07 12:30:44,Flag,YELLOW IN TRACK SECTOR 7,,YELLOW,Sector,7.0,,1,2025,16
2025-09-07 12:31:59,Other,FIA STEWARDS: PIT EXIT INCIDENT INVOLVING CAR 14 (ALO) WILL BE INVESTIGATED AFTER THE RACE - FAILING TO FOLLOW RACE DIRECTORS INSTRUCTIONS – PRACTICE START INFRINGEMENT,,,,,,1,2025,16
2025-09-07 12:32:06,Other,FIA STEWARDS: PIT EXIT INCIDENT INVOLVING CAR 18 (STR) WILL BE INVESTIGATED AFTER THE RACE - FAILING TO FOLLOW RACE DIRECTORS INSTRUCTIONS – PRACTICE START INFRINGEMENT,,,,,,1,2025,16
2025-09-07 12:32:19,Flag,YELLOW IN TRACK SECTOR 8,,YELLOW,Sector,8.0,,1,2025,16
2025-09-07 12:32:19,Flag,YELLOW IN TRACK SECTOR 9,,YELLOW,Sector,9.0,,1,2025,16
2025-09-07 12:32:20,Other,DRS DISABLED IN ZONE 1,,,,,,1,2025,16
2025-09-07 12:32:24,Flag,YELLOW IN TRACK SECTOR 11,,YELLOW,Sector,11.0,,1,2025,16
2025-09-07 12:32:53,Flag,YELLOW IN TRACK SECTOR 10,,YELLOW,Sector,10.0,,1,2025,16
2025-09-07 12:34:04,Flag,CLEAR IN TRACK SECTOR 8,,CLEAR,Sector,8.0,,1,2025,16
2025-09-07 12:34:04,Flag,CLEAR IN TRACK SECTOR 9,,CLEAR,Sector,9.0,,1,2025,16
2025-09-07 12:35:36,Flag,CLEAR IN TRACK SECTOR 10,,CLEAR,Sector,10.0,,1,2025,16
2025-09-07 12:35:48,Flag,CLEAR IN TRACK SECTOR 11,,CLEAR,Sector,11.0,,1,2025,16
2025-09-07 12:35:48,Other,DRS ENABLED IN ZONE 1,,,,,,1,2025,16
2025-09-07 12:39:08,Flag,CLEAR IN TRACK SECTOR 7,,CLEAR,Sector,7.0,,1,2025,16
2025-09-07 12:45:33,Other,RISK OF RAIN FOR F1 RACE IS 0%,,,,,,1,2025,16
2025-09-07 12:57:04,Drs,DRS DISABLED,DISABLED,,,,,1,2025,16
2025-09-07 13:03:35,Flag,GREEN LIGHT - PIT EXIT OPEN,,GREEN,Track,,,1,2025,16
2025-09-07 13:04:53,Other,TURN 1 INCIDENT INVOLVING CARS 1 (VER) AND 4 (NOR) NOTED,,,,,,1,2025,16
2025-09-07 13:05:25,Drs,DRS ENABLED,ENABLED,,,,,2,2025,16
2025-09-07 13:05:38,Other,FIA STEWARDS: TURN 1 INCIDENT INVOLVING CARS 1 (VER) AND 4 (NOR) REVIEWED NO FURTHER INVESTIGATION,,,,,,2,2025,16
2025-09-07 13:08:21,Other,TURN 1 INCIDENT INVOLVING CARS 22 (TSU) AND 44 (HAM) NOTED - LEAVING THE TRACK AND GAINING AN ADVANTAGE,,,,,,4,2025,16
2025-09-07 13:10:57,Other,CAR 16 (LEC) TIME 1:24.525 DELETED - TRACK LIMITS AT TURN 1 LAP 4 15:08:05,,,,,,6,2025,16
2025-09-07 13:11:41,Other,TURN 4 INCIDENT INVOLVING CARS 31 (OCO) AND 18 (STR) NOTED - FORCING ANOTHER DRIVER OFF THE TRACK,,,,,,6,2025,16
2025-09-07 13:11:47,Other,CAR 18 (STR) TIME 1:26.506 DELETED - TRACK LIMITS AT TURN 4 LAP 2 15:05:41,,,,,,6,2025,16
2025-09-07 13:12:23,Other,FIA STEWARDS: TURN 1 INCIDENT INVOLVING CARS 22 (TSU) AND 44 (HAM) REVIEWED NO FURTHER INVESTIGATION - LEAVING THE TRACK AND GAINING AN ADVANTAGE,,,,,,7,2025,16
2025-09-07 13:13:58,Other,FIA STEWARDS: TURN 4 INCIDENT INVOLVING CARS 31 (OCO) AND 18 (STR) UNDER INVESTIGATION - FORCING ANOTHER DRIVER OFF THE TRACK,,,,,,8,2025,16
2025-09-07 13:15:35,Other,FIA STEWARDS: 5 SECOND TIME PENALTY FOR CAR 31 (OCO) - FORCING ANOTHER DRIVER OFF THE TRACK,,,,,,9,2025,16
2025-09-07 13:16:16,Other,CAR 12 (ANT) TIME 1:25.080 DELETED - TRACK LIMITS AT TURN 5 LAP 6 15:11:21,,,,,,10,2025,16
2025-09-07 13:17:36,Other,CAR 6 (HAD) TIME 1:25.728 DELETED - TRACK LIMITS AT TURN 1 LAP 8 15:13:53,,,,,,11,2025,16
2025-09-07 13:18:12,Other,CAR 43 (COL) TIME 1:24.816 DELETED - TRACK LIMITS AT TURN 5 LAP 9 15:15:41,,,,,,11,2025,16
2025-09-07 13:25:24,Other,CAR 10 (GAS) TIME 1:25.448 DELETED - TRACK LIMITS AT TURN 5 LAP 15 15:24:13,,,,,,16,2025,16
2025-09-07 13:27:51,Other,TURN 4 INCIDENT INVOLVING CAR 55 (SAI) NOTED - FAILING TO FOLLOW RACE DIRECTORS INSTRUCTIONS – ESCAPE ROAD INSTRUCTIONS,,,,,,18,2025,16
2025-09-07 13:29:00,Other,CAR 55 (SAI) TIME 1:24.342 DELETED - TRACK LIMITS AT TURN 4 LAP 17 15:26:50,,,,,,19,2025,16
2025-09-07 13:29:59,Other,CAR 10 (GAS) TIME 1:24.841 DELETED - TRACK LIMITS AT TURN 7 LAP 18 15:28:43,,,,,,19,2025,16
2025-09-07 13:36:18,Other,CAR 12 (ANT) TIME 1:23.671 DELETED - TRACK LIMITS AT TURN 5 LAP 23 15:35:14,,,,,,24,2025,16
2025-09-07 13:36:20,Other,CAR 55 (SAI) TIME 1:23.827 DELETED - TRACK LIMITS AT TURN 5 LAP 23 15:35:17,,,,,,24,2025,16
2025-09-07 13:39:15,Other,FIA STEWARDS: TURN 4 INCIDENT INVOLVING CAR 55 (SAI) UNDER INVESTIGATION - FAILING TO FOLLOW RACE DIRECTORS INSTRUCTIONS – ESCAPE ROAD INSTRUCTIONS,,,,,,26,2025,16
2025-09-07 13:42:13,Other,FIA STEWARDS: REPRIMAND (DRIVING) FOR CAR 55 (SAI) - FAILING TO FOLLOW RACE DIRECTORS INSTRUCTIONS – ESCAPE ROAD INSTRUCTIONS,,,,,,28,2025,16
2025-09-07 13:43:10,Other,CAR 23 (ALB) TIME 1:23.723 DELETED - TRACK LIMITS AT TURN 2 LAP 27 15:40:31,,,,,,29,2025,16
2025-09-07 13:43:31,Other,CAR 12 (ANT) TIME 1:24.699 DELETED - TRACK LIMITS AT TURN 2 LAP 26 15:39:02,,,,,,29,2025,16
2025-09-07 13:44:27,Flag,BLACK AND WHITE FLAG FOR CAR 12 (ANT) - TRACK LIMITS,,BLACK AND WHITE,Driver,,12,30,2025,16
2025-09-07 13:45:34,Other,CAR 22 (TSU) TIME 1:26.182 DELETED - TRACK LIMITS AT TURN 5 LAP 27 15:41:21,,,,,,31,2025,16
2025-09-07 13:45:35,Other,CAR 30 (LAW) TIME 1:27.448 DELETED - TRACK LIMITS AT TURN 5 LAP 27 15:41:21,,,,,,31,2025,16
2025-09-07 13:46:28,Other,CAR 43 (COL) TIME 1:25.753 DELETED - TRACK LIMITS AT TURN 1 LAP 30 15:44:54,,,,,,31,2025,16
2025-09-07 13:52:19,Other,CAR 10 (GAS) TIME 1:24.437 DELETED - TRACK LIMITS AT TURN 5 LAP 33 15:49:26,,,,,,36,2025,16
2025-09-07 13:52:24,Flag,BLACK AND WHITE FLAG FOR CAR 10 (GAS) - TRACK LIMITS,,BLACK AND WHITE,Driver,,10,36,2025,16
2025-09-07 13:57:54,Flag,WAVED BLUE FLAG FOR CAR 43 (COL) TIMED AT 15:57:53,,BLUE,Driver,,43,40,2025,16
2025-09-07 13:59:18,Flag,DOUBLE YELLOW IN TRACK SECTOR 7,,DOUBLE YELLOW,Sector,7.0,,41,2025,16
2025-09-07 13:59:24,Flag,YELLOW IN TRACK SECTOR 6,,YELLOW,Sector,6.0,,41,2025,16
2025-09-07 13:59:28,Flag,CLEAR IN TRACK SECTOR 7,,CLEAR,Sector,7.0,,41,2025,16
2025-09-07 13:59:30,Flag,CLEAR IN TRACK SECTOR 6,,CLEAR,Sector,6.0,,41,2025,16
2025-09-07 14:00:33,Other,TURN 5 INCIDENT INVOLVING CARS 55 (SAI) AND 87 (BEA) NOTED,,,,,,42,2025,16
2025-09-07 14:01:49,Other,FIA STEWARDS: TURN 5 INCIDENT INVOLVING CARS 87 (BEA) AND 55 (SAI) UNDER INVESTIGATION - CAUSING A COLLISION,,,,,,42,2025,16
2025-09-07 14:04:25,Other,CAR 55 (SAI) TIME 1:29.703 DELETED - TRACK LIMITS AT TURN 5 LAP 40 15:59:16,,,,,,44,2025,16
2025-09-07 14:04:26,Other,CAR 87 (BEA) TIME 1:33.514 DELETED - TRACK LIMITS AT TURN 5 LAP 40 15:59:20,,,,,,44,2025,16
2025-09-07 14:06:00,Other,TURN 3 INCIDENT INVOLVING CARS 12 (ANT) AND 23 (ALB) NOTED - FORCING ANOTHER DRIVER OFF THE TRACK,,,,,,46,2025,16
2025-09-07 14:07:12,Other,FIA STEWARDS: 10 SECOND TIME PENALTY FOR CAR 87 (BEA) - CAUSING A COLLISION,,,,,,46,2025,16
2025-09-07 14:07:27,Other,FIA STEWARDS: TURN 3 INCIDENT INVOLVING CARS 12 (ANT) AND 23 (ALB) UNDER INVESTIGATION - FORCING ANOTHER DRIVER OFF THE TRACK,,,,,,47,2025,16
2025-09-07 14:10:50,Other,CAR 63 (RUS) TIME 1:22.496 DELETED - TRACK LIMITS AT TURN 2 LAP 48 16:09:31,,,,,,49,2025,16
2025-09-07 14:12:46,Flag,WAVED BLUE FLAG FOR CAR 43 (COL) TIMED AT 16:12:45,,BLUE,Driver,,43,50,2025,16
2025-09-07 14:15:49,Flag,WAVED BLUE FLAG FOR CAR 31 (OCO) TIMED AT 16:15:48,,BLUE,Driver,,31,53,2025,16
2025-09-07 14:16:12,Other,FIA STEWARDS: 5 SECOND TIME PENALTY FOR CAR 12 (ANT) - DRIVING ERRATICALLY,,,,,,53,2025,16
2025-09-07 14:16:59,Flag,CHEQUERED FLAG,,CHEQUERED,Track,,,53,2025,16
2025-09-07 14:17:05,Other,CAR 5 (BOR) TIME 1:22.619 DELETED - TRACK LIMITS AT TURN 1 LAP 52 16:15:25,,,,,,53,2025,16
2025-09-07 14:17:56,Other,CAR 43 (COL) TIME 1:25.035 DELETED - TRACK LIMITS AT TURN 5 LAP 50 16:13:33,,,,,,53,2025,16
2025-09-07 14:18:26,Other,FIA STEWARDS: PENALTY SERVED - 5 SECOND TIME PENALTY FOR CAR 31 (OCO) - FORCING ANOTHER DRIVER OFF THE TRACK,,,,,,53,2025,16
2025-09-07 14:21:36,Other,ALL PASS HOLDERS MAY ACCESS THE PIT LANE,,,,,,53,2025,16
2025-09-21 10:20:00,Flag,GREEN LIGHT - PIT EXIT OPEN,,GREEN,Track,,,1,2025,17
2025-09-21 10:30:00,Other,PIT EXIT CLOSED,,,,,,1,2025,17
2025-09-21 10:30:28,Flag,DOUBLE YELLOW IN TRACK SECTOR 5,,DOUBLE YELLOW,Sector,5.0,,1,2025,17
2025-09-21 10:30:29,Other,DRS DISABLED IN ZONE 1,,,,,,1,2025,17
2025-09-21 10:31:53,Flag,DOUBLE YELLOW IN TRACK SECTOR 4,,DOUBLE YELLOW,Sector,4.0,,1,2025,17
2025-09-21 10:32:46,Flag,YELLOW IN TRACK SECTOR 3,,YELLOW,Sector,3.0,,1,2025,17
2025-09-21 10:33:19,Flag,CLEAR IN TRACK SECTOR 5,,CLEAR,Sector,5.0,,1,2025,17
2025-09-21 10:34:10,Flag,DOUBLE YELLOW IN TRACK SECTOR 3,,DOUBLE YELLOW,Sector,3.0,,1,2025,17
2025-09-21 10:36:02,Flag,DOUBLE YELLOW IN TRACK SECTOR 21,,DOUBLE YELLOW,Sector,21.0,,1,2025,17
2025-09-21 10:36:03,Other,DRS DISABLED IN ZONE 2,,,,,,1,2025,17
2025-09-21 10:36:10,Flag,DOUBLE YELLOW IN TRACK SECTOR 18,,DOUBLE YELLOW,Sector,18.0,,1,2025,17
2025-09-21 10:36:24,Flag,CLEAR IN TRACK SECTOR 18,,CLEAR,Sector,18.0,,1,2025,17
2025-09-21 10:37:12,Flag,CLEAR IN TRACK SECTOR 21,,CLEAR,Sector,21.0,,1,2025,17
2025-09-21 10:37:12,Other,DRS ENABLED IN ZONE 2,,,,,,1,2025,17
2025-09-21 10:38:16,Flag,CLEAR IN TRACK SECTOR 4,,CLEAR,Sector,4.0,,1,2025,17
2025-09-21 10:38:18,Other,DRS ENABLED IN ZONE 1,,,,,,1,2025,17
2025-09-21 10:38:18,Flag,CLEAR IN TRACK SECTOR 3,,CLEAR,Sector,3.0,,1,2025,17
2025-09-21 10:45:39,Other,RISK OF RAIN FOR F1 RACE IS 10 %,,,,,,1,2025,17
2025-09-21 10:47:24,Flag,DOUBLE YELLOW IN TRACK SECTOR 2,,DOUBLE YELLOW,Sector,2.0,,1,2025,17
2025-09-21 10:47:26,Other,DRS DISABLED IN ZONE 2,,,,,,1,2025,17
2025-09-21 10:48:47,Other,DRS ENABLED IN ZONE 2,,,,,,1,2025,17
2025-09-21 10:48:47,Flag,CLEAR IN TRACK SECTOR 2,,CLEAR,Sector,2.0,,1,2025,17
2025-09-21 10:48:49,Flag,DOUBLE YELLOW IN TRACK SECTOR 2,,DOUBLE YELLOW,Sector,2.0,,1,2025,17
2025-09-21 10:48:50,Other,DRS DISABLED IN ZONE 2,,,,,,1,2025,17
2025-09-21 10:49:18,Other,DRS ENABLED IN ZONE 2,,,,,,1,2025,17
2025-09-21 10:49:18,Flag,CLEAR IN TRACK SECTOR 2,,CLEAR,Sector,2.0,,1,2025,17
2025-09-21 10:57:04,Drs,DRS DISABLED,DISABLED,,,,,1,2025,17
2025-09-21 11:03:54,Flag,GREEN LIGHT - PIT EXIT OPEN,,GREEN,Track,,,1,2025,17
2025-09-21 11:04:47,Flag,YELLOW IN TRACK SECTOR 7,,YELLOW,Sector,7.0,,1,2025,17
2025-09-21 11:04:53,Flag,DOUBLE YELLOW IN TRACK SECTOR 7,,DOUBLE YELLOW,Sector,7.0,,1,2025,17
2025-09-21 11:05:16,SafetyCar,SAFETY CAR DEPLOYED,DEPLOYED,,,,,1,2025,17
2025-09-21 11:05:47,Flag,YELLOW IN TRACK SECTOR 6,,YELLOW,Sector,6.0,,1,2025,17
2025-09-21 11:05:51,Flag,DOUBLE YELLOW IN TRACK SECTOR 7,,DOUBLE YELLOW,Sector,7.0,,1,2025,17
2025-09-21 11:06:08,Other,RECOVERY VEHICLE ON TRACK AT TURN 6,,,,,,2,2025,17
2025-09-21 11:10:36,Flag,CLEAR IN TRACK SECTOR 6,,CLEAR,Sector,6.0,,3,2025,17
2025-09-21 11:11:47,Other,INCIDENT INVOLVING CAR 81 (PIA) NOTED - FALSE START - MOVING BEFORE SIGNAL,,,,,,4,2025,17
2025-09-21 11:11:57,Other,INCIDENT INVOLVING CAR 14 (ALO) NOTED - FALSE START - MOVING BEFORE SIGNAL,,,,,,4,2025,17
2025-09-21 11:12:13,Flag,CLEAR IN TRACK SECTOR 7,,CLEAR,Sector,7.0,,4,2025,17
2025-09-21 11:12:23,SafetyCar,SAFETY CAR IN THIS LAP,IN THIS LAP,,,,,4,2025,17
2025-09-21 11:13:24,Other,FIA STEWARDS: INCIDENT INVOLVING CAR 81 (PIA) UNDER INVESTIGATION - FALSE START - MOVING BEFORE SIGNAL,,,,,,4,2025,17
2025-09-21 11:13:28,Other,FIA STEWARDS: INCIDENT INVOLVING CAR 14 (ALO) UNDER INVESTIGATION - FALSE START - MOVING BEFORE SIGNAL,,,,,,4,2025,17
2025-09-21 11:13:56,Flag,TRACK CLEAR,,CLEAR,Track,,,4,2025,17
2025-09-21 11:14:58,Other,FIA STEWARDS: 5 SECOND TIME PENALTY FOR CAR 81 (PIA) - FALSE START - MOVING BEFORE SIGNAL,,,,,,5,2025,17
2025-09-21 11:15:23,Other,FIA STEWARDS: 5 SECOND TIME PENALTY FOR CAR 14 (ALO) - FALSE START - MOVING BEFORE SIGNAL,,,,,,5,2025,17
2025-09-21 11:16:26,Drs,DRS ENABLED,ENABLED,,,,,6,2025,17
2025-09-21 11:16:46,Other,TURN 6 INCIDENT INVOLVING CARS 27 (HUL) AND 31 (OCO) NOTED - CAUSING A COLLISION,,,,,,6,2025,17
2025-09-21 11:17:31,Other,FIA STEWARDS: TURN 6 INCIDENT INVOLVING CARS 27 (HUL) AND 31 (OCO) REVIEWED NO FURTHER INVESTIGATION - CAUSING A COLLISION,,,,,,6,2025,17
2025-09-21 11:19:50,Flag,DOUBLE YELLOW IN TRACK SECTOR 17,,DOUBLE YELLOW,Sector,17.0,,7,2025,17
2025-09-21 11:19:52,Flag,CLEAR IN TRACK SECTOR 17,,CLEAR,Sector,17.0,,7,2025,17
2025-09-21 11:21:51,Other,CAR 14 (ALO) TIME 1:48.701 DELETED - TRACK LIMITS AT TURN 16 LAP 7 15:19:49,,,,,,9,2025,17
2025-09-21 11:37:29,Flag,YELLOW IN TRACK SECTOR 7,,YELLOW,Sector,7.0,,17,2025,17
2025-09-21 11:37:30,Flag,DOUBLE YELLOW IN TRACK SECTOR 7,,DOUBLE YELLOW,Sector,7.0,,17,2025,17
2025-09-21 11:37:39,Other,TRACK SURFACE SLIPPERY IN TRACK SECTOR 7,,,,,,17,2025,17
2025-09-21 11:39:30,Flag,DOUBLE YELLOW IN TRACK SECTOR 7,,DOUBLE YELLOW,Sector,7.0,,19,2025,17
2025-09-21 11:39:40,Flag,CLEAR IN TRACK SECTOR 7,,CLEAR,Sector,7.0,,19,2025,17
2025-09-21 11:40:06,Other,TURN 5 INCIDENT INVOLVING CARS 23 (ALB) AND 43 (COL) NOTED - CAUSING A COLLISION,,,,,,19,2025,17
2025-09-21 11:40:29,Other,FIA STEWARDS: TURN 5 INCIDENT INVOLVING CARS 23 (ALB) AND 43 (COL) UNDER INVESTIGATION - CAUSING A COLLISION,,,,,,19,2025,17
2025-09-21 11:41:00,Other,FIA STEWARDS: 10 SECOND TIME PENALTY FOR CAR 23 (ALB) - CAUSING A COLLISION,,,,,,19,2025,17
2025-09-21 11:48:32,Other,FIA STEWARDS: PENALTY SERVED - 5 SECOND TIME PENALTY FOR CAR 14 (ALO) - FALSE START - MOVING BEFORE SIGNAL,,,,,,24,2025,17
2025-09-21 11:55:57,Other,TRACK SURFACE SLIPPERY IN TRACK SECTOR 8,,,,,,28,2025,17
2025-09-21 11:56:22,Flag,CLEAR IN TRACK SECTOR 8,,CLEAR,Sector,8.0,,28,2025,17
2025-09-21 12:32:49,Flag,WAVED BLUE FLAG FOR CAR 10 (GAS) TIMED AT 16:32:49,,BLUE,Driver,,10,49,2025,17
2025-09-21 12:33:13,Flag,WAVED BLUE FLAG FOR CAR 43 (COL) TIMED AT 16:33:12,,BLUE,Driver,,43,49,2025,17
2025-09-21 12:37:19,Flag,CHEQUERED FLAG,,CHEQUERED,Track,,,51,2025,17
2025-09-21 12:40:25,Other,ALL PASS HOLDERS MAY ACCESS THE PIT LANE,,,,,,51,2025,17
2025-09-21 12:41:41,Flag,DOUBLE YELLOW IN TRACK SECTOR 2,,DOUBLE YELLOW,Sector,2.0,,51,2025,17
2025-09-21 12:41:42,Other,DRS DISABLED IN ZONE 2,,,,,,51,2025,17
2025-09-21 12:41:59,Other,DRS ENABLED IN ZONE 2,,,,,,51,2025,17
2025-09-21 12:41:59,Flag,CLEAR IN TRACK SECTOR 2,,CLEAR,Sector,2.0,,51,2025,17
2025-09-21 12:42:33,Flag,DOUBLE YELLOW IN TRACK SECTOR 7,,DOUBLE YELLOW,Sector,7.0,,51,2025,17
2025-09-21 12:42:55,Flag,CLEAR IN TRACK SECTOR 7,,CLEAR,Sector,7.0,,51,2025,17
2025-10-05 11:16:40,Flag,DOUBLE YELLOW IN TRACK SECTOR 2,,DOUBLE YELLOW,Sector,2.0,,1,2025,18
2025-10-05 11:16:41,Other,DRS DISABLED IN ZONE 4,,,,,,1,2025,18
2025-10-05 11:16:55,Other,DRS ENABLED IN ZONE 4,,,,,,1,2025,18
2025-10-05 11:16:55,Flag,CLEAR IN TRACK SECTOR 2,,CLEAR,Sector,2.0,,1,2025,18
2025-10-05 11:20:01,Flag,GREEN LIGHT - PIT EXIT OPEN,,GREEN,Track,,,1,2025,18
2025-10-05 11:22:00,Flag,DOUBLE YELLOW IN TRACK SECTOR 16,,DOUBLE YELLOW,Sector,16.0,,1,2025,18
2025-10-05 11:22:01,Other,DRS DISABLED IN ZONE 4,,,,,,1,2025,18
2025-10-05 11:22:09,Flag,CLEAR IN TRACK SECTOR 16,,CLEAR,Sector,16.0,,1,2025,18
2025-10-05 11:22:09,Other,DRS ENABLED IN ZONE 4,,,,,,1,2025,18
2025-10-05 11:26:48,Other,INCIDENT INVOLVING CAR 23 (ALB) NOTED - FAILING TO FOLLOW RACE DIRECTORS INSTRUCTIONS – PRACTICE START INFRINGEMENT,,,,,,1,2025,18
2025-10-05 11:30:01,Other,PIT EXIT CLOSED,,,,,,1,2025,18
2025-10-05 11:31:57,Other,FIA STEWARDS: INCIDENT INVOLVING CAR 23 (ALB) WILL BE INVESTIGATED AFTER THE RACE - FAILING TO FOLLOW RACE DIRECTORS INSTRUCTIONS – PRACTICE START INFRINGEMENT,,,,,,1,2025,18
2025-10-05 11:39:51,Flag,DOUBLE YELLOW IN TRACK SECTOR 4,,DOUBLE YELLOW,Sector,4.0,,1,2025,18
2025-10-05 11:39:52,Other,DRS DISABLED IN ZONE 1,,,,,,1,2025,18
2025-10-05 11:43:00,Other,DRS ENABLED IN ZONE 1,,,,,,1,2025,18
2025-10-05 11:43:00,Flag,CLEAR IN TRACK SECTOR 4,,CLEAR,Sector,4.0,,1,2025,18
2025-10-05 11:45:12,Other,RISK OF RAIN FOR F1 RACE IS 30%,,,,,,1,2025,18
2025-10-05 11:57:04,Drs,DRS DISABLED,DISABLED,,,,,1,2025,18
2025-10-05 12:03:32,Flag,GREEN LIGHT - PIT EXIT OPEN,,GREEN,Track,,,1,2025,18
2025-10-05 12:05:16,Drs,DRS ENABLED,ENABLED,,,,,2,2025,18
2025-10-05 12:05:31,Other,TURN 1 INCIDENT INVOLVING CARS 6 (HAD) AND 87 (BEA) NOTED - CAUSING A COLLISION,,,,,,2,2025,18
2025-10-05 12:07:07,Other,FIA STEWARDS: TURN 1 INCIDENT INVOLVING CARS 6 (HAD) AND 87 (BEA) REVIEWED NO FURTHER INVESTIGATION - CAUSING A COLLISION,,,,,,3,2025,18
2025-10-05 12:07:17,Other,LAP 1 TURN 3 INCIDENT INVOLVING CARS 4 (NOR) AND 81 (PIA) NOTED - CAUSING A COLLISION,,,,,,3,2025,18
2025-10-05 12:08:58,Other,FIA STEWARDS: LAP 1 TURN 3 INCIDENT INVOLVING CARS 4 (NOR) AND 81 (PIA) REVIEWED NO FURTHER INVESTIGATION - CAUSING A COLLISION,,,,,,4,2025,18
2025-10-05 12:12:16,Other,CAR 12 (ANT) TIME 1:38.206 DELETED - TRACK LIMITS AT TURN 2 LAP 4 20:08:48,,,,,,6,2025,18
2025-10-05 12:14:39,Flag,DOUBLE YELLOW IN TRACK SECTOR 5,,DOUBLE YELLOW,Sector,5.0,,7,2025,18
2025-10-05 12:14:40,Other,DRS DISABLED IN ZONE 1,,,,,,7,2025,18
2025-10-05 12:14:56,Flag,CLEAR IN TRACK SECTOR 5,,CLEAR,Sector,5.0,,7,2025,18
2025-10-05 12:14:57,Other,DRS ENABLED IN ZONE 1,,,,,,7,2025,18
2025-10-05 12:28:23,Other,CAR 87 (BEA) TIME 1:38.526 DELETED - TRACK LIMITS AT TURN 19 LAP 14 20:26:48,,,,,,16,2025,18
2025-10-05 13:04:13,Other,CAR 1 (VER) TIME 1:36.420 DELETED - TRACK LIMITS AT TURN 2 LAP 37 21:02:16,,,,,,38,2025,18
2025-10-05 13:05:29,Other,CAR 1 (VER) TIME 1:36.064 DELETED - TRACK LIMITS AT TURN 2 LAP 38 21:03:52,,,,,,39,2025,18
2025-10-05 13:10:11,Flag,WAVED BLUE FLAG FOR CAR 18 (STR) TIMED AT 21:10:11,,BLUE,Driver,,18,42,2025,18
2025-10-05 13:10:34,Flag,WAVED BLUE FLAG FOR CAR 18 (STR) TIMED AT 21:10:33,,BLUE,Driver,,18,42,2025,18
2025-10-05 13:13:14,Other,CAR 23 (ALB) LAP DELETED - TRACK LIMITS AT TURN 7 LAP 42 21:11:58 (PIT),,,,,,43,2025,18
2025-10-05 13:13:40,Flag,WAVED BLUE FLAG FOR CAR 23 (ALB) TIMED AT 21:13:39,,BLUE,Driver,,23,44,2025,18
2025-10-05 13:14:19,Flag,WAVED BLUE FLAG FOR CAR 31 (OCO) TIMED AT 21:14:18,,BLUE,Driver,,31,44,2025,18
2025-10-05 13:15:06,Other,CAR 43 (COL) TIME 1:41.546 DELETED - TRACK LIMITS AT TURN 7 LAP 42 21:12:07,,,,,,45,2025,18
2025-10-05 13:15:09,Other,TURN 8 INCIDENT INVOLVING CARS 27 (HUL) AND 43 (COL) NOTED,,,,,,45,2025,18
2025-10-05 13:15:19,Flag,WAVED BLUE FLAG FOR CAR 10 (GAS) TIMED AT 21:15:18,,BLUE,Driver,,10,45,2025,18
2025-10-05 13:15:28,Flag,YELLOW IN TRACK SECTOR 6,,YELLOW,Sector,6.0,,45,2025,18
2025-10-05 13:15:29,Other,DRS DISABLED IN ZONE 1,,,,,,45,2025,18
2025-10-05 13:15:32,Flag,WAVED BLUE FLAG FOR CAR 10 (GAS) TIMED AT 21:15:32,,BLUE,Driver,,10,45,2025,18
2025-10-05 13:15:38,Other,DRS ENABLED IN ZONE 1,,,,,,45,2025,18
2025-10-05 13:15:38,Flag,CLEAR IN TRACK SECTOR 6,,CLEAR,Sector,6.0,,45,2025,18
2025-10-05 13:15:58,Flag,WAVED BLUE FLAG FOR CAR 27 (HUL) TIMED AT 21:15:58,,BLUE,Driver,,27,45,2025,18
2025-10-05 13:16:05,Flag,WAVED BLUE FLAG FOR CAR 18 (STR) TIMED AT 21:16:04,,BLUE,Driver,,18,45,2025,18
2025-10-05 13:16:22,Flag,WAVED BLUE FLAG FOR CAR 5 (BOR) TIMED AT 21:16:22,,BLUE,Driver,,5,45,2025,18
2025-10-05 13:16:26,Flag,WAVED BLUE FLAG FOR CAR 18 (STR) TIMED AT 21:16:25,,BLUE,Driver,,18,45,2025,18
2025-10-05 13:16:57,Other,CAR 27 (HUL) LAP DELETED - TRACK LIMITS AT TURN 7 LAP 44 21:15:26 (PIT),,,,,,46,2025,18
2025-10-05 13:18:18,Other,CAR 55 (SAI) TIME 1:38.539 DELETED - TRACK LIMITS AT TURN 17 LAP 43 21:14:27,,,,,,47,2025,18
2025-10-05 13:18:21,Other,CAR 87 (BEA) TIME 1:39.621 DELETED - TRACK LIMITS AT TURN 2 LAP 44 21:14:44,,,,,,47,2025,18
2025-10-05 13:18:22,Flag,WAVED BLUE FLAG FOR CAR 31 (OCO) TIMED AT 21:18:21,,BLUE,Driver,,31,47,2025,18
2025-10-05 13:18:26,Flag,WAVED BLUE FLAG FOR CAR 43 (COL) TIMED AT 21:18:26,,BLUE,Driver,,43,47,2025,18
2025-10-05 13:18:31,Flag,WAVED BLUE FLAG FOR CAR 31 (OCO) TIMED AT 21:18:30,,BLUE,Driver,,31,47,2025,18
2025-10-05 13:18:34,Other,CAR 27 (HUL) LAP DELETED - TRACK LIMITS AT TURN 11 LAP 44 21:16:08 (PIT),,,,,,47,2025,18
2025-10-05 13:18:37,Flag,WAVED BLUE FLAG FOR CAR 31 (OCO) TIMED AT 21:18:37,,BLUE,Driver,,31,47,2025,18
2025-10-05 13:18:45,Flag,WAVED BLUE FLAG FOR CAR 31 (OCO) TIMED AT 21:18:45,,BLUE,Driver,,31,47,2025,18
2025-10-05 13:19:07,Flag,WAVED BLUE FLAG FOR CAR 27 (HUL) TIMED AT 21:19:07,,BLUE,Driver,,27,47,2025,18
2025-10-05 13:19:15,Flag,WAVED BLUE FLAG FOR CAR 10 (GAS) TIMED AT 21:19:14,,BLUE,Driver,,10,47,2025,18
2025-10-05 13:19:58,Flag,WAVED BLUE FLAG FOR CAR 18 (STR) TIMED AT 21:19:57,,BLUE,Driver,,18,48,2025,18
2025-10-05 13:20:09,Flag,WAVED BLUE FLAG FOR CAR 10 (GAS) TIMED AT 21:20:08,,BLUE,Driver,,10,48,2025,18
2025-10-05 13:20:33,Flag,WAVED BLUE FLAG FOR CAR 18 (STR) TIMED AT 21:20:32,,BLUE,Driver,,18,48,2025,18
2025-10-05 13:20:47,Flag,WAVED BLUE FLAG FOR CAR 5 (BOR) TIMED AT 21:20:47,,BLUE,Driver,,5,48,2025,18
2025-10-05 13:21:04,Flag,WAVED BLUE FLAG FOR CAR 5 (BOR) TIMED AT 21:21:03,,BLUE,Driver,,5,48,2025,18
2025-10-05 13:21:18,Flag,WAVED BLUE FLAG FOR CAR 43 (COL) TIMED AT 21:21:18,,BLUE,Driver,,43,48,2025,18
2025-10-05 13:21:23,Other,FIA STEWARDS: TURN 8 INCIDENT INVOLVING CARS 27 (HUL) AND 43 (COL) REVIEWED NO FURTHER INVESTIGATION,,,,,,48,2025,18
2025-10-05 13:21:48,Flag,WAVED BLUE FLAG FOR CAR 43 (COL) TIMED AT 21:21:48,,BLUE,Driver,,43,49,2025,18
2025-10-05 13:22:21,Flag,WAVED BLUE FLAG FOR CAR 31 (OCO) TIMED AT 21:22:20,,BLUE,Driver,,31,49,2025,18
2025-10-05 13:22:45,Flag,WAVED BLUE FLAG FOR CAR 10 (GAS) TIMED AT 21:22:45,,BLUE,Driver,,10,49,2025,18
2025-10-05 13:23:30,Flag,WAVED BLUE FLAG FOR CAR 5 (BOR) TIMED AT 21:23:29,,BLUE,Driver,,5,50,2025,18
2025-10-05 13:23:47,Flag,WAVED BLUE FLAG FOR CAR 5 (BOR) TIMED AT 21:23:47,,BLUE,Driver,,5,50,2025,18
2025-10-05 13:24:18,Other,CAR 23 (ALB) TIME 1:39.502 DELETED - TRACK LIMITS AT TURN 2 LAP 48 21:21:45,,,,,,50,2025,18
2025-10-05 13:24:23,Other,CAR 12 (ANT) TIME 1:37.413 DELETED - TRACK LIMITS AT TURN 2 LAP 49 21:21:56,,,,,,50,2025,18
2025-10-05 13:24:38,Flag,WAVED BLUE FLAG FOR CAR 43 (COL) TIMED AT 21:24:37,,BLUE,Driver,,43,51,2025,18
2025-10-05 13:25:36,Flag,WAVED BLUE FLAG FOR CAR 22 (TSU) TIMED AT 21:25:35,,BLUE,Driver,,22,51,2025,18
2025-10-05 13:26:20,Flag,WAVED BLUE FLAG FOR CAR 6 (HAD) TIMED AT 21:26:20,,BLUE,Driver,,6,52,2025,18
2025-10-05 13:26:29,Flag,WAVED BLUE FLAG FOR CAR 6 (HAD) TIMED AT 21:26:29,,BLUE,Driver,,6,52,2025,18
2025-10-05 13:27:05,Other,CAR 31 (OCO) TIME 1:40.651 DELETED - TRACK LIMITS AT TURN 19 LAP 50 21:26:31,,,,,,52,2025,18
2025-10-05 13:28:10,Flag,WAVED BLUE FLAG FOR CAR 10 (GAS) TIMED AT 21:28:09,,BLUE,Driver,,10,53,2025,18
2025-10-05 13:28:25,Other,CAR 31 (OCO) TIME 1:40.340 DELETED - TRACK LIMITS AT TURN 2 LAP 51 21:26:40,,,,,,53,2025,18
2025-10-05 13:29:17,Flag,WAVED BLUE FLAG FOR CAR 22 (TSU) TIMED AT 21:29:17,,BLUE,Driver,,22,53,2025,18
2025-10-05 13:30:36,Flag,WAVED BLUE FLAG FOR CAR 22 (TSU) TIMED AT 21:30:35,,BLUE,Driver,,22,54,2025,18
2025-10-05 13:31:19,Flag,WAVED BLUE FLAG FOR CAR 31 (OCO) TIMED AT 21:31:19,,BLUE,Driver,,31,55,2025,18
2025-10-05 13:31:38,Flag,WAVED BLUE FLAG FOR CAR 31 (OCO) TIMED AT 21:31:37,,BLUE,Driver,,31,55,2025,18
2025-10-05 13:31:47,Flag,WAVED BLUE FLAG FOR CAR 31 (OCO) TIMED AT 21:31:46,,BLUE,Driver,,31,55,2025,18
2025-10-05 13:32:08,Flag,WAVED BLUE FLAG FOR CAR 31 (OCO) TIMED AT 21:32:08,,BLUE,Driver,,31,55,2025,18
2025-10-05 13:32:25,Flag,WAVED BLUE FLAG FOR CAR 31 (OCO) TIMED AT 21:32:24,,BLUE,Driver,,31,55,2025,18
2025-10-05 13:32:30,Other,CAR 10 (GAS) TIME 1:41.305 DELETED - TRACK LIMITS AT TURN 18 LAP 50 21:26:29,,,,,,55,2025,18
2025-10-05 13:33:07,Other,CAR 4 (NOR) TIME 1:36.390 DELETED - TRACK LIMITS AT TURN 2 LAP 55 21:31:18,,,,,,56,2025,18
2025-10-05 13:33:14,Flag,WAVED BLUE FLAG FOR CAR 5 (BOR) TIMED AT 21:33:14,,BLUE,Driver,,5,56,2025,18
2025-10-05 13:33:21,Flag,WAVED BLUE FLAG FOR CAR 6 (HAD) TIMED AT 21:33:21,,BLUE,Driver,,6,56,2025,18
2025-10-05 13:33:23,Flag,WAVED BLUE FLAG FOR CAR 5 (BOR) TIMED AT 21:33:23,,BLUE,Driver,,5,56,2025,18
2025-10-05 13:33:36,Flag,WAVED BLUE FLAG FOR CAR 6 (HAD) TIMED AT 21:33:35,,BLUE,Driver,,6,56,2025,18
2025-10-05 13:33:57,Flag,WAVED BLUE FLAG FOR CAR 6 (HAD) TIMED AT 21:33:56,,BLUE,Driver,,6,56,2025,18
2025-10-05 13:34:10,Flag,WAVED BLUE FLAG FOR CAR 5 (BOR) TIMED AT 21:34:09,,BLUE,Driver,,5,56,2025,18
2025-10-05 13:34:32,Flag,WAVED BLUE FLAG FOR CAR 6 (HAD) TIMED AT 21:34:32,,BLUE,Driver,,6,57,2025,18
2025-10-05 13:34:44,Flag,WAVED BLUE FLAG FOR CAR 5 (BOR) TIMED AT 21:34:43,,BLUE,Driver,,5,57,2025,18
2025-10-05 13:34:44,Flag,WAVED BLUE FLAG FOR CAR 6 (HAD) TIMED AT 21:34:43,,BLUE,Driver,,6,57,2025,18
2025-10-05 13:35:58,Other,TURN 7 INCIDENT INVOLVING CAR 18 (STR) NOTED - LEAVING THE TRACK AND GAINING AN ADVANTAGE,,,,,,58,2025,18
2025-10-05 13:36:31,Other,CAR 18 (STR) TIME 1:37.937 DELETED - TRACK LIMITS AT TURN 7 LAP 55 21:33:36,,,,,,58,2025,18
2025-10-05 13:37:29,Other,CAR 87 (BEA) TIME 1:36.262 DELETED - TRACK LIMITS AT TURN 2 LAP 57 21:35:57,,,,,,59,2025,18
2025-10-05 13:37:33,Flag,BLACK AND WHITE FLAG FOR CAR 87 (BEA) - TRACK LIMITS,,BLACK AND WHITE,Driver,,87,59,2025,18
2025-10-05 13:38:19,Flag,WAVED BLUE FLAG FOR CAR 30 (LAW) TIMED AT 21:38:19,,BLUE,Driver,,30,59,2025,18
2025-10-05 13:38:39,Flag,WAVED BLUE FLAG FOR CAR 43 (COL) TIMED AT 21:38:39,,BLUE,Driver,,43,59,2025,18
2025-10-05 13:41:23,Flag,WAVED BLUE FLAG FOR CAR 43 (COL) TIMED AT 21:41:22,,BLUE,Driver,,43,61,2025,18
2025-10-05 13:41:44,Other,FIA STEWARDS: TURN 7 INCIDENT INVOLVING CAR 18 (STR) REVIEWED NO FURTHER INVESTIGATION - LEAVING THE TRACK AND GAINING AN ADVANTAGE,,,,,,61,2025,18
2025-10-05 13:41:50,Flag,WAVED BLUE FLAG FOR CAR 27 (HUL) TIMED AT 21:41:49,,BLUE,Driver,,27,61,2025,18
2025-10-05 13:43:05,Other,CAR 43 (COL) TIME 1:40.213 DELETED - TRACK LIMITS AT TURN 2 LAP 60 21:41:28,,,,,,62,2025,18
2025-10-05 13:43:08,Other,CAR 16 (LEC) TIME 1:41.327 DELETED - TRACK LIMITS AT TURN 2 LAP 61 21:41:27,,,,,,62,2025,18
2025-10-05 13:43:28,Other,CAR 44 (HAM) TIME 1:40.466 DELETED - TRACK LIMITS AT TURN 2 LAP 60 21:41:28,,,,,,62,2025,18
2025-10-05 13:43:54,Flag,CHEQUERED FLAG,,CHEQUERED,Track,,,62,2025,18
2025-10-05 13:43:58,Other,CAR 44 (HAM) TIME 2:08.668 DELETED - TRACK LIMITS AT TURN 5 LAP 61 21:41:41,,,,,,62,2025,18
2025-10-05 13:44:05,Other,CAR 44 (HAM) TIME 1:40.466 DELETED - TRACK LIMITS AT TURN 17 LAP 60 21:41:07,,,,,,62,2025,18
2025-10-05 13:44:09,Flag,BLACK AND WHITE FLAG FOR CAR 44 (HAM) - TRACK LIMITS,,BLACK AND WHITE,Driver,,44,62,2025,18
2025-10-05 13:44:13,Other,CAR 44 (HAM) TIME 1:40.466 DELETED - TRACK LIMITS AT TURN 16 LAP 60 21:41:05,,,,,,62,2025,18
2025-10-05 13:44:46,Other,INCIDENT INVOLVING CAR 44 (HAM) NOTED - TRACK LIMITS,,,,,,62,2025,18
2025-10-05 13:47:52,Other,ALL PASS HOLDERS MAY ACCESS THE PIT LANE,,,,,,62,2025,18
2025-10-05 13:48:52,Other,FIA STEWARDS: INCIDENT INVOLVING CAR 44 (HAM) WILL BE INVESTIGATED AFTER THE RACE - TRACK LIMITS,,,,,,62,2025,18
2025-10-19 18:20:01,Flag,GREEN LIGHT - PIT EXIT OPEN,,GREEN,Track,,,1,2025,19
2025-10-19 18:30:01,Other,PIT EXIT CLOSED,,,,,,1,2025,19
2025-10-19 18:45:06,Other,RISK OF RAIN FOR F1 RACE IS 0%,,,,,,1,2025,19
2025-10-19 18:57:05,Drs,DRS DISABLED,DISABLED,,,,,1,2025,19
2025-10-19 19:03:40,Flag,GREEN LIGHT - PIT EXIT OPEN,,GREEN,Track,,,1,2025,19
2025-10-19 19:04:55,Flag,DOUBLE YELLOW IN TRACK SECTOR 14,,DOUBLE YELLOW,Sector,14.0,,1,2025,19
2025-10-19 19:05:04,Flag,CLEAR IN TRACK SECTOR 14,,CLEAR,Sector,14.0,,1,2025,19
2025-10-19 19:05:36,Drs,DRS ENABLED,ENABLED,,,,,2,2025,19
2025-10-19 19:06:51,Other,TURN 12 INCIDENT INVOLVING CARS 23 (ALB) AND 5 (BOR) NOTED - CAUSING A COLLISION,,,,,,2,2025,19
2025-10-19 19:08:26,Other,FIA STEWARDS: TURN 12 INCIDENT INVOLVING CARS 23 (ALB) AND 5 (BOR) REVIEWED NO FURTHER INVESTIGATION - CAUSING A COLLISION,,,,,,3,2025,19
2025-10-19 19:10:47,Other,CAR 81 (PIA) TIME 1:40.371 DELETED - TRACK LIMITS AT TURN 9 LAP 3 14:07:39,,,,,,5,2025,19
2025-10-19 19:10:48,Other,CAR 6 (HAD) TIME 1:43.071 DELETED - TRACK LIMITS AT TURN 19 LAP 3 14:08:49,,,,,,5,2025,19
2025-10-19 19:11:20,Other,CAR 6 (HAD) TIME 1:44.189 DELETED - TRACK LIMITS AT TURN 12 LAP 2 14:06:38,,,,,,5,2025,19
2025-10-19 19:11:33,Other,CAR 5 (BOR) TIME 1:42.033 DELETED - TRACK LIMITS AT TURN 12 LAP 3 14:08:17,,,,,,5,2025,19
2025-10-19 19:12:21,Other,CAR 6 (HAD) TIME 1:43.071 DELETED - TRACK LIMITS AT TURN 12 LAP 3 14:08:21,,,,,,6,2025,19
2025-10-19 19:12:35,Flag,BLACK AND WHITE FLAG FOR CAR 6 (HAD) - TRACK LIMITS,,BLACK AND WHITE,Driver,,6,6,2025,19
2025-10-19 19:12:52,Other,CAR 31 (OCO) TIME 1:43.038 DELETED - TRACK LIMITS AT TURN 12 LAP 3 14:08:19,,,,,,6,2025,19
2025-10-19 19:12:53,Other,CAR 12 (ANT) TIME 1:40.784 DELETED - TRACK LIMITS AT TURN 12 LAP 4 14:09:52,,,,,,6,2025,19
2025-10-19 19:13:06,Other,CAR 43 (COL) TIME 1:41.843 DELETED - TRACK LIMITS AT TURN 12 LAP 4 14:10:01,,,,,,6,2025,19
2025-10-19 19:13:22,Other,INCIDENT INVOLVING CAR 31 (OCO) NOTED - FALSE START - MOVING BEFORE SIGNAL,,,,,,6,2025,19
2025-10-19 19:13:30,Flag,YELLOW IN TRACK SECTOR 16,,YELLOW,Sector,16.0,,6,2025,19
2025-10-19 19:13:59,Flag,CLEAR IN TRACK SECTOR 16,,CLEAR,Sector,16.0,,7,2025,19
2025-10-19 19:14:00,Flag,YELLOW IN TRACK SECTOR 19,,YELLOW,Sector,19.0,,7,2025,19
2025-10-19 19:14:02,Other,TRACK SURFACE SLIPPERY IN TRACK SECTOR 16,,,,,,7,2025,19
2025-10-19 19:14:35,SafetyCar,VIRTUAL SAFETY CAR DEPLOYED,DEPLOYED,,,,,7,2025,19
2025-10-19 19:14:35,Flag,CLEAR IN TRACK SECTOR 16,,CLEAR,Sector,16.0,,7,2025,19
2025-10-19 19:14:48,Other,CAR 43 (COL) TIME 1:42.734 DELETED - TRACK LIMITS AT TURN 19 LAP 6 14:13:53,,,,,,7,2025,19
2025-10-19 19:15:04,Flag,DOUBLE YELLOW IN TRACK SECTOR 19,,DOUBLE YELLOW,Sector,19.0,,7,2025,19
2025-10-19 19:15:10,Other,CAR 18 (STR) TIME 1:43.008 DELETED - TRACK LIMITS AT TURN 19 LAP 6 14:13:53,,,,,,7,2025,19
2025-10-19 19:16:24,Other,TURN 15 INCIDENT INVOLVING CARS 12 (ANT) AND 55 (SAI) NOTED - CAUSING A COLLISION,,,,,,8,2025,19
2025-10-19 19:16:41,Flag,CLEAR IN TRACK SECTOR 19,,CLEAR,Sector,19.0,,8,2025,19
2025-10-19 19:16:53,Flag,DOUBLE YELLOW IN TRACK SECTOR 16,,DOUBLE YELLOW,Sector,16.0,,8,2025,19
2025-10-19 19:17:02,Flag,CLEAR IN TRACK SECTOR 16,,CLEAR,Sector,16.0,,8,2025,19
2025-10-19 19:17:48,Flag,DOUBLE YELLOW IN TRACK SECTOR 2,,DOUBLE YELLOW,Sector,2.0,,8,2025,19
2025-10-19 19:17:53,Flag,CLEAR IN TRACK SECTOR 2,,CLEAR,Sector,2.0,,8,2025,19
2025-10-19 19:17:55,SafetyCar,VIRTUAL SAFETY CAR ENDING,ENDING,,,,,8,2025,19
2025-10-19 19:18:08,Flag,TRACK CLEAR,,CLEAR,Track,,,9,2025,19
2025-10-19 19:18:09,Drs,DRS ENABLED,ENABLED,,,,,9,2025,19
2025-10-19 19:18:38,Other,FIA STEWARDS: INCIDENT INVOLVING CAR 31 (OCO) REVIEWED NO FURTHER INVESTIGATION - FALSE START - MOVING BEFORE SIGNAL,,,,,,9,2025,19
2025-10-19 19:18:56,Other,FIA STEWARDS: TURN 15 INCIDENT INVOLVING CARS 12 (ANT) AND 55 (SAI) WILL BE INVESTIGATED AFTER THE RACE - CAUSING A COLLISION,,,,,,9,2025,19
2025-10-19 19:25:35,Other,CAR 81 (PIA) TIME 1:40.681 DELETED - TRACK LIMITS AT TURN 13 LAP 12 14:24:19,,,,,,13,2025,19
2025-10-19 19:26:44,Other,CAR 4 (NOR) TIME 1:39.712 DELETED - TRACK LIMITS AT TURN 20 LAP 13 14:26:21,,,,,,14,2025,19
2025-10-19 19:26:52,Other,CAR 87 (BEA) TIME 1:40.635 DELETED - TRACK LIMITS AT TURN 19 LAP 13 14:26:26,,,,,,14,2025,19
2025-10-19 19:30:09,Other,CAR 4 (NOR) TIME 1:41.266 DELETED - TRACK LIMITS AT TURN 9 LAP 15 14:28:38,,,,,,16,2025,19
2025-10-19 19:38:08,Other,CAR 4 (NOR) TIME 1:40.603 DELETED - TRACK LIMITS AT TURN 13 LAP 19 14:35:56,,,,,,21,2025,19
2025-10-19 19:38:17,Flag,BLACK AND WHITE FLAG FOR CAR 4 (NOR) - TRACK LIMITS,,BLACK AND WHITE,Driver,,4,21,2025,19
2025-10-19 19:38:40,Other,CAR 14 (ALO) TIME 1:41.455 DELETED - TRACK LIMITS AT TURN 13 LAP 20 14:37:58,,,,,,21,2025,19
2025-10-19 19:39:21,Other,CAR 12 (ANT) TIME 1:41.225 DELETED - TRACK LIMITS AT TURN 20 LAP 20 14:38:40,,,,,,21,2025,19
2025-10-19 19:39:51,Other,CAR 16 (LEC) TIME 1:41.601 DELETED - TRACK LIMITS AT TURN 9 LAP 21 14:38:40,,,,,,22,2025,19
2025-10-19 19:44:58,Other,CAR 44 (HAM) TIME 1:40.418 DELETED - TRACK LIMITS AT TURN 19 LAP 24 14:44:40,,,,,,25,2025,19
2025-10-19 19:56:45,Other,CAR 23 (ALB) TIME 1:40.263 DELETED - TRACK LIMITS AT TURN 12 LAP 28 14:51:36,,,,,,32,2025,19
2025-10-19 19:56:49,Other,CAR 63 (RUS) TIME 1:40.988 DELETED - TRACK LIMITS AT TURN 12 LAP 30 14:54:22,,,,,,32,2025,19
2025-10-19 19:57:39,Other,CAR 5 (BOR) TIME 1:40.752 DELETED - TRACK LIMITS AT TURN 20 LAP 31 14:57:17,,,,,,32,2025,19
2025-10-19 20:01:44,Flag,YELLOW IN TRACK SECTOR 16,,YELLOW,Sector,16.0,,35,2025,19
2025-10-19 20:01:51,Flag,DOUBLE YELLOW IN TRACK SECTOR 16,,DOUBLE YELLOW,Sector,16.0,,35,2025,19
2025-10-19 20:01:54,Flag,CLEAR IN TRACK SECTOR 16,,CLEAR,Sector,16.0,,35,2025,19
2025-10-19 20:04:58,Other,CAR 87 (BEA) TIME 1:44.003 DELETED - TRACK LIMITS AT TURN 15 LAP 34 15:01:40,,,,,,37,2025,19
2025-10-19 20:05:17,Other,CAR 23 (ALB) TIME 1:40.831 DELETED - TRACK LIMITS AT TURN 12 LAP 35 15:03:18,,,,,,37,2025,19
2025-10-19 20:06:35,Other,CAR 5 (BOR) TIME 1:41.645 DELETED - TRACK LIMITS AT TURN 12 LAP 35 15:03:31,,,,,,38,2025,19
2025-10-19 20:06:53,Flag,BLACK AND WHITE FLAG FOR CAR 5 (BOR) - TRACK LIMITS,,BLACK AND WHITE,Driver,,5,38,2025,19
2025-10-19 20:06:57,Other,CAR 23 (ALB) LAP DELETED - TRACK LIMITS AT TURN 12 LAP 36 15:04:59 (PIT),,,,,,38,2025,19
2025-10-19 20:07:03,Other,CAR 18 (STR) TIME 1:39.827 DELETED - TRACK LIMITS AT TURN 20 LAP 36 15:05:42,,,,,,38,2025,19
2025-10-19 20:07:15,Flag,BLACK AND WHITE FLAG FOR CAR 23 (ALB) - TRACK LIMITS,,BLACK AND WHITE,Driver,,23,38,2025,19
2025-10-19 20:11:11,Other,CAR 12 (ANT) TIME 1:39.024 DELETED - TRACK LIMITS AT TURN 9 LAP 39 15:09:43,,,,,,40,2025,19
2025-10-19 20:11:32,Flag,BLACK AND WHITE FLAG FOR CAR 12 (ANT) - TRACK LIMITS,,BLACK AND WHITE,Driver,,12,41,2025,19
2025-10-19 20:22:24,Other,CAR 44 (HAM) TIME 1:38.572 DELETED - TRACK LIMITS AT TURN 19 LAP 46 15:21:26,,,,,,47,2025,19
2025-10-19 20:34:11,Flag,WAVED BLUE FLAG FOR CAR 5 (BOR) TIMED AT 15:34:11,,BLUE,Driver,,5,54,2025,19
2025-10-19 20:34:49,Flag,WAVED BLUE FLAG FOR CAR 10 (GAS) TIMED AT 15:34:49,,BLUE,Driver,,10,55,2025,19
2025-10-19 20:35:41,Flag,WAVED BLUE FLAG FOR CAR 43 (COL) TIMED AT 15:35:41,,BLUE,Driver,,43,55,2025,19
2025-10-19 20:35:50,Flag,WAVED BLUE FLAG FOR CAR 43 (COL) TIMED AT 15:35:50,,BLUE,Driver,,43,55,2025,19
2025-10-19 20:36:01,Flag,WAVED BLUE FLAG FOR CAR 43 (COL) TIMED AT 15:36:01,,BLUE,Driver,,43,55,2025,19
2025-10-19 20:36:20,Other,CAR 43 (COL) TIME 1:39.173 DELETED - TRACK LIMITS AT TURN 1 LAP 54 15:34:33,,,,,,56,2025,19
2025-10-19 20:37:40,Flag,CHEQUERED FLAG,,CHEQUERED,Track,,,56,2025,19
2025-10-19 20:37:49,Other,CAR 10 (GAS) TIME 1:42.383 DELETED - TRACK LIMITS AT TURN 1 LAP 54 15:34:34,,,,,,56,2025,19
2025-10-19 20:37:58,Other,CAR 43 (COL) TIME 1:39.173 WILL BE REINSTATED,,,,,,56,2025,19
2025-10-19 20:38:40,Other,CAR 22 (TSU) TIME 1:38.845 DELETED - TRACK LIMITS AT TURN 20 LAP 55 15:36:52,,,,,,56,2025,19
2025-10-19 20:40:12,Other,CAR 44 (HAM) TIME 1:43.194 DELETED - TRACK LIMITS AT TURN 19 LAP 56 15:38:00,,,,,,56,2025,19
2025-10-19 20:40:19,Flag,BLACK AND WHITE FLAG FOR CAR 44 (HAM) - TRACK LIMITS,,BLACK AND WHITE,Driver,,44,56,2025,19
2025-10-19 20:41:45,Other,ALL PASS HOLDERS MAY ACCESS THE PIT LANE,,,,,,56,2025,19
2025-10-26 19:20:00,Flag,GREEN LIGHT - PIT EXIT OPEN,,GREEN,Track,,,1,2025,20
2025-10-26 19:30:00,Other,PIT EXIT CLOSED,,,,,,1,2025,20
2025-10-26 19:45:02,Other,RISK OF RAIN FOR F1 RACE IS 0%,,,,,,1,2025,20
2025-10-26 19:57:04,Drs,DRS DISABLED,DISABLED,,,,,1,2025,20
2025-10-26 20:03:16,Flag,GREEN LIGHT - PIT EXIT OPEN,,GREEN,Track,,,1,2025,20
2025-10-26 20:05:11,Drs,DRS ENABLED,ENABLED,,,,,2,2025,20
2025-10-26 20:05:45,Other,LAP 1 TURN 1 INCIDENT NOTED,,,,,,2,2025,20
2025-10-26 20:06:11,Other,TRACK SURFACE SLIPPERY IN TRACK SECTOR 3,,,,,,3,2025,20
2025-10-26 20:06:48,Flag,YELLOW IN TRACK SECTOR 3,,YELLOW,Sector,3.0,,3,2025,20
2025-10-26 20:06:49,Other,DRS DISABLED IN ZONE 2,,,,,,3,2025,20
2025-10-26 20:06:54,Flag,DOUBLE YELLOW IN TRACK SECTOR 3,,DOUBLE YELLOW,Sector,3.0,,3,2025,20
2025-10-26 20:07:20,Other,DRS ENABLED IN ZONE 2,,,,,,3,2025,20
2025-10-26 20:07:20,Other,TRACK SURFACE SLIPPERY IN TRACK SECTOR 3,,,,,,3,2025,20
2025-10-26 20:09:47,Flag,CLEAR IN TRACK SECTOR 3,,CLEAR,Sector,3.0,,5,2025,20
2025-10-26 20:10:50,Flag,YELLOW IN TRACK SECTOR 6,,YELLOW,Sector,6.0,,6,2025,20
2025-10-26 20:10:51,Other,DRS DISABLED IN ZONE 3,,,,,,6,2025,20
2025-10-26 20:10:53,Other,DRS ENABLED IN ZONE 3,,,,,,6,2025,20
2025-10-26 20:10:53,Flag,CLEAR IN TRACK SECTOR 6,,CLEAR,Sector,6.0,,6,2025,20
2025-10-26 20:13:20,Other,LAP 1 TURN 2 INCIDENT INVOLVING CARS 55 (SAI) AND 14 (ALO) NOTED - LEAVING THE TRACK AND GAINING AN ADVANTAGE,,,,,,8,2025,20
2025-10-26 20:13:39,Other,TURN 4 INCIDENT INVOLVING CAR 44 (HAM) NOTED - FAILING TO FOLLOW RACE DIRECTORS INSTRUCTIONS – ESCAPE ROAD INSTRUCTIONS,,,,,,8,2025,20
2025-10-26 20:14:21,Other,FIA STEWARDS: TURN 4 INCIDENT INVOLVING CAR 44 (HAM) UNDER INVESTIGATION - FAILING TO FOLLOW RACE DIRECTORS INSTRUCTIONS – ESCAPE ROAD INSTRUCTIONS,,,,,,9,2025,20
2025-10-26 20:15:06,Other,CAR 1 (VER) TIME 1:28.329 DELETED - TRACK LIMITS AT TURN 3 LAP 6 14:10:36,,,,,,9,2025,20
2025-10-26 20:15:38,Other,TURN 1 INCIDENT INVOLVING CARS 1 (VER) AND 44 (HAM) NOTED - CAUSING A COLLISION,,,,,,9,2025,20
2025-10-26 20:16:38,Other,CAR 44 (HAM) TIME 1:25.860 DELETED - TRACK LIMITS AT TURN 1 LAP 6 14:10:31,,,,,,10,2025,20
2025-10-26 20:17:36,Other,CAR 44 (HAM) TIME 1:25.860 DELETED - TRACK LIMITS AT TURN 4 LAP 6 14:10:50,,,,,,11,2025,20
2025-10-26 20:19:42,Other,CAR 1 (VER) TIME 1:28.329 DELETED - TRACK LIMITS AT TURN 5 LAP 6 14:10:50,,,,,,12,2025,20
2025-10-26 20:19:56,Other,CAR 63 (RUS) TIME 1:28.589 DELETED - TRACK LIMITS AT TURN 5 LAP 6 14:10:55,,,,,,13,2025,20
2025-10-26 20:21:48,Other,FIA STEWARDS: LAP 1 TURN 2 INCIDENT INVOLVING CARS 55 (SAI) AND 14 (ALO) REVIEWED NO FURTHER INVESTIGATION - LEAVING THE TRACK AND GAINING AN ADVANTAGE,,,,,,14,2025,20
2025-10-26 20:23:08,Other,TURN 4 INCIDENT INVOLVING CAR 44 (HAM) NOTED - LEAVING THE TRACK AND GAINING AN ADVANTAGE,,,,,,15,2025,20
2025-10-26 20:23:17,Other,FIA STEWARDS: TURN 4 INCIDENT INVOLVING CAR 44 (HAM) NO FURTHER ACTION - FAILING TO FOLLOW RACE DIRECTORS INSTRUCTIONS – ESCAPE ROAD INSTRUCTIONS,,,,,,15,2025,20
2025-10-26 20:23:21,Other,FIA STEWARDS: TURN 4 INCIDENT INVOLVING CAR 44 (HAM) UNDER INVESTIGATION - LEAVING THE TRACK AND GAINING AN ADVANTAGE,,,,,,15,2025,20
2025-10-26 20:23:46,Other,CAR 87 (BEA) TIME 1:25.563 DELETED - TRACK LIMITS AT TURN 8 LAP 6 14:11:08,,,,,,15,2025,20
2025-10-26 20:24:03,Other,FIA STEWARDS: 10 SECOND TIME PENALTY FOR CAR 44 (HAM) - LEAVING THE TRACK AND GAINING AN ADVANTAGE,,,,,,16,2025,20
2025-10-26 20:29:20,Other,CAR 55 (SAI) TIME 1:42.516 DELETED - TRACK LIMITS AT TURN 1 LAP 18 14:27:52,,,,,,19,2025,20
2025-10-26 20:29:31,Other,FIA STEWARDS: TURN 1 INCIDENT INVOLVING CARS 1 (VER) AND 44 (HAM) UNDER INVESTIGATION - CAUSING A COLLISION,,,,,,20,2025,20
2025-10-26 20:31:42,Other,TURN 3 INCIDENT INVOLVING CAR 1 (VER) NOTED - LEAVING THE TRACK AND GAINING AN ADVANTAGE,,,,,,21,2025,20
2025-10-26 20:32:55,Other,FIA STEWARDS: TURN 3 INCIDENT INVOLVING CAR 1 (VER) REVIEWED NO FURTHER INVESTIGATION - LEAVING THE TRACK AND GAINING AN ADVANTAGE,,,,,,22,2025,20
2025-10-26 20:34:53,Other,FIA STEWARDS: TURN 1 INCIDENT INVOLVING CARS 1 (VER) AND 44 (HAM) NO FURTHER ACTION - CAUSING A COLLISION,,,,,,23,2025,20
2025-10-26 20:38:19,Other,FIA STEWARDS: PENALTY SERVED - 10 SECOND TIME PENALTY FOR CAR 44 (HAM) - LEAVING THE TRACK AND GAINING AN ADVANTAGE,,,,,,26,2025,20
2025-10-26 20:38:54,Other,INCIDENT INVOLVING CAR 55 (SAI) NOTED - SPEEDING IN THE PIT LANE,,,,,,26,2025,20
2025-10-26 20:38:58,Other,FIA STEWARDS: INCIDENT INVOLVING CAR 55 (SAI) UNDER INVESTIGATION - SPEEDING IN THE PIT LANE,,,,,,26,2025,20
2025-10-26 20:40:03,Other,FIA STEWARDS: 5 SECOND TIME PENALTY FOR CAR 55 (SAI) - SPEEDING IN THE PIT LANE,,,,,,27,2025,20
2025-10-26 20:53:56,Flag,WAVED BLUE FLAG FOR CAR 10 (GAS) TIMED AT 14:53:55,,BLUE,Driver,,10,37,2025,20
2025-10-26 21:03:50,Flag,WAVED BLUE FLAG FOR CAR 43 (COL) TIMED AT 15:03:49,,BLUE,Driver,,43,44,2025,20
2025-10-26 21:05:40,Other,CAR 18 (STR) TIME 1:42.462 DELETED - TRACK LIMITS AT TURN 1 LAP 44 15:04:17,,,,,,46,2025,20
2025-10-26 21:10:22,Other,FIA STEWARDS: PENALTY SERVED - 5 SECOND TIME PENALTY FOR CAR 55 (SAI) - SPEEDING IN THE PIT LANE,,,,,,49,2025,20
2025-10-26 21:11:54,Flag,WAVED BLUE FLAG FOR CAR 18 (STR) TIMED AT 15:11:53,,BLUE,Driver,,18,50,2025,20
2025-10-26 21:12:04,Flag,WAVED BLUE FLAG FOR CAR 18 (STR) TIMED AT 15:12:03,,BLUE,Driver,,18,50,2025,20
2025-10-26 21:12:05,Other,TURN 5 INCIDENT INVOLVING CARS 81 (PIA) AND 31 (OCO) NOTED - CAUSING A COLLISION,,,,,,50,2025,20
2025-10-26 21:12:16,Flag,WAVED BLUE FLAG FOR CAR 18 (STR) TIMED AT 15:12:16,,BLUE,Driver,,18,51,2025,20
2025-10-26 21:14:57,Other,INCIDENT INVOLVING CAR 55 (SAI) NOTED - SPEEDING IN THE PIT LANE,,,,,,53,2025,20
2025-10-26 21:15:03,Other,FIA STEWARDS: INCIDENT INVOLVING CAR 55 (SAI) UNDER INVESTIGATION - SPEEDING IN THE PIT LANE,,,,,,53,2025,20
2025-10-26 21:15:13,Other,FIA STEWARDS: TURN 5 INCIDENT INVOLVING CARS 81 (PIA) AND 31 (OCO) REVIEWED NO FURTHER INVESTIGATION - CAUSING A COLLISION,,,,,,53,2025,20
2025-10-26 21:19:55,Other,FIA STEWARDS: DRIVE THROUGH PENALTY FOR CAR 55 (SAI) - SPEEDING IN THE PIT LANE,,,,,,56,2025,20
2025-10-26 21:22:20,Other,FIA STEWARDS: PENALTY SERVED - DRIVE THROUGH PENALTY FOR CAR 55 (SAI) - SPEEDING IN THE PIT LANE,,,,,,58,2025,20
2025-10-26 21:23:57,Flag,WAVED BLUE FLAG FOR CAR 10 (GAS) TIMED AT 15:23:56,,BLUE,Driver,,10,59,2025,20
2025-10-26 21:27:53,Flag,WAVED BLUE FLAG FOR CAR 10 (GAS) TIMED AT 15:27:52,,BLUE,Driver,,10,62,2025,20
2025-10-26 21:31:11,Flag,WAVED BLUE FLAG FOR CAR 23 (ALB) TIMED AT 15:31:11,,BLUE,Driver,,23,64,2025,20
2025-10-26 21:31:23,Other,CAR 44 (HAM) TIME 1:23.139 DELETED - TRACK LIMITS AT TURN 3 LAP 62 15:28:25,,,,,,65,2025,20
2025-10-26 21:31:23,Other,CAR 12 (ANT) TIME 1:20.900 DELETED - TRACK LIMITS AT TURN 14 LAP 62 15:29:12,,,,,,65,2025,20
2025-10-26 21:31:34,Flag,WAVED BLUE FLAG FOR CAR 23 (ALB) TIMED AT 15:31:33,,BLUE,Driver,,23,65,2025,20
2025-10-26 21:31:52,Flag,WAVED BLUE FLAG FOR CAR 6 (HAD) TIMED AT 15:31:52,,BLUE,Driver,,6,65,2025,20
2025-10-26 21:31:58,Flag,WAVED BLUE FLAG FOR CAR 23 (ALB) TIMED AT 15:31:57,,BLUE,Driver,,23,65,2025,20
2025-10-26 21:37:05,Flag,WAVED BLUE FLAG FOR CAR 43 (COL) TIMED AT 15:37:04,,BLUE,Driver,,43,69,2025,20
2025-10-26 21:37:21,Flag,WAVED BLUE FLAG FOR CAR 43 (COL) TIMED AT 15:37:20,,BLUE,Driver,,43,69,2025,20
2025-10-26 21:37:36,Flag,WAVED BLUE FLAG FOR CAR 43 (COL) TIMED AT 15:37:36,,BLUE,Driver,,43,69,2025,20
2025-10-26 21:37:50,Flag,WAVED BLUE FLAG FOR CAR 43 (COL) TIMED AT 15:37:49,,BLUE,Driver,,43,69,2025,20
2025-10-26 21:37:54,Flag,WAVED BLUE FLAG FOR CAR 10 (GAS) TIMED AT 15:37:53,,BLUE,Driver,,10,69,2025,20
2025-10-26 21:38:14,Flag,DOUBLE YELLOW IN TRACK SECTOR 14,,DOUBLE YELLOW,Sector,14.0,,70,2025,20
2025-10-26 21:38:22,Flag,YELLOW IN TRACK SECTOR 13,,YELLOW,Sector,13.0,,70,2025,20
2025-10-26 21:38:23,Other,DRS DISABLED IN ZONE 1,,,,,,70,2025,20
2025-10-26 21:39:16,SafetyCar,VIRTUAL SAFETY CAR DEPLOYED,DEPLOYED,,,,,70,2025,20
2025-10-26 21:40:42,Flag,CLEAR IN TRACK SECTOR 13,,CLEAR,Sector,13.0,,71,2025,20
2025-10-26 21:40:44,SafetyCar,VIRTUAL SAFETY CAR ENDING,ENDING,,,,,71,2025,20
2025-10-26 21:40:47,Flag,CLEAR IN TRACK SECTOR 14,,CLEAR,Sector,14.0,,71,2025,20
2025-10-26 21:40:56,Flag,TRACK CLEAR,,CLEAR,Track,,,71,2025,20
2025-10-26 21:41:13,Flag,CHEQUERED FLAG,,CHEQUERED,Track,,,71,2025,20
2025-10-26 21:46:38,Other,ALL PASS HOLDERS MAY ACCESS THE PIT LANE,,,,,,71,2025,20
2025-11-09 16:16:20,Other,AWNINGS MAY BE USED,,,,,,1,2025,21
2025-11-09 16:20:01,Flag,GREEN LIGHT - PIT EXIT OPEN,,GREEN,Track,,,1,2025,21
2025-11-09 16:30:01,Other,PIT EXIT CLOSED,,,,,,1,2025,21
2025-11-09 16:45:06,Other,RISK OF RAIN FOR F1 RACE IS 40%,,,,,,1,2025,21
2025-11-09 16:52:51,Flag,DOUBLE YELLOW IN TRACK SECTOR 14,,DOUBLE YELLOW,Sector,14.0,,1,2025,21
2025-11-09 16:52:51,Flag,DOUBLE YELLOW IN TRACK SECTOR 15,,DOUBLE YELLOW,Sector,15.0,,1,2025,21
2025-11-09 16:52:53,Other,DRS DISABLED IN ZONE 2,,,,,,1,2025,21
2025-11-09 16:52:55,Other,DRS ENABLED IN ZONE 2,,,,,,1,2025,21
2025-11-09 16:52:55,Flag,CLEAR IN TRACK SECTOR 14,,CLEAR,Sector,14.0,,1,2025,21
2025-11-09 16:52:55,Flag,CLEAR IN TRACK SECTOR 15,,CLEAR,Sector,15.0,,1,2025,21
2025-11-09 16:57:08,Drs,DRS DISABLED,DISABLED,,,,,1,2025,21
2025-11-09 17:03:14,Flag,GREEN LIGHT - PIT EXIT OPEN,,GREEN,Track,,,1,2025,21
2025-11-09 17:04:16,Flag,DOUBLE YELLOW IN TRACK SECTOR 11,,DOUBLE YELLOW,Sector,11.0,,1,2025,21
2025-11-09 17:04:58,SafetyCar,SAFETY CAR DEPLOYED,DEPLOYED,,,,,2,2025,21
2025-11-09 17:06:18,Other,RECOVERY VEHICLE ON TRACK AT TURN 10,,,,,,3,2025,21
2025-11-09 17:07:08,Flag,DOUBLE YELLOW IN TRACK SECTOR 10,,DOUBLE YELLOW,Sector,10.0,,3,2025,21
2025-11-09 17:09:12,Flag,CLEAR IN TRACK SECTOR 11,,CLEAR,Sector,11.0,,4,2025,21
2025-11-09 17:09:53,Flag,CLEAR IN TRACK SECTOR 10,,CLEAR,Sector,10.0,,4,2025,21
2025-11-09 17:11:15,SafetyCar,SAFETY CAR IN THIS LAP,IN THIS LAP,,,,,5,2025,21
2025-11-09 17:11:42,Flag,TRACK CLEAR,,CLEAR,Track,,,5,2025,21
2025-11-09 17:12:39,Flag,YELLOW IN TRACK SECTOR 5,,YELLOW,Sector,5.0,,6,2025,21
2025-11-09 17:12:49,Flag,DOUBLE YELLOW IN TRACK SECTOR 9,,DOUBLE YELLOW,Sector,9.0,,6,2025,21
2025-11-09 17:12:55,Flag,YELLOW IN TRACK SECTOR 9,,YELLOW,Sector,9.0,,6,2025,21
2025-11-09 17:13:00,Flag,CLEAR IN TRACK SECTOR 9,,CLEAR,Sector,9.0,,6,2025,21
2025-11-09 17:13:05,Drs,DRS ENABLED,ENABLED,,,,,6,2025,21
2025-11-09 17:13:07,Other,DRS DISABLED IN ZONE 1,,,,,,6,2025,21
2025-11-09 17:13:31,SafetyCar,VIRTUAL SAFETY CAR DEPLOYED,DEPLOYED,,,,,7,2025,21
2025-11-09 17:16:26,SafetyCar,VIRTUAL SAFETY CAR ENDING,ENDING,,,,,8,2025,21
2025-11-09 17:16:31,Flag,CLEAR IN TRACK SECTOR 5,,CLEAR,Sector,5.0,,8,2025,21
2025-11-09 17:16:38,Flag,TRACK CLEAR,,CLEAR,Track,,,8,2025,21
2025-11-09 17:16:39,Drs,DRS ENABLED,ENABLED,,,,,8,2025,21
2025-11-09 17:17:56,Other,TURN 8 INCIDENT INVOLVING CARS 22 (TSU) AND 18 (STR) NOTED - CAUSING A COLLISION,,,,,,10,2025,21
2025-11-09 17:18:44,Other,FIA STEWARDS: TURN 8 INCIDENT INVOLVING CARS 22 (TSU) AND 18 (STR) UNDER INVESTIGATION - CAUSING A COLLISION,,,,,,10,2025,21
2025-11-09 17:19:50,Other,TURN 1 INCIDENT INVOLVING CARS 81 (PIA) AND 12 (ANT) NOTED - CAUSING A COLLISION,,,,,,11,2025,21
2025-11-09 17:21:01,Other,FIA STEWARDS: 10 SECOND TIME PENALTY FOR CAR 22 (TSU) - CAUSING A COLLISION,,,,,,12,2025,21
2025-11-09 17:23:20,Other,LAP 1 TURN 1 INCIDENT INVOLVING CARS 55 (SAI) AND 44 (HAM) NOTED - CAUSING A COLLISION,,,,,,14,2025,21
2025-11-09 17:25:21,Other,TURN 15 INCIDENT INVOLVING CARS 44 (HAM) AND 43 (COL) NOTED - CAUSING A COLLISION,,,,,,16,2025,21
2025-11-09 17:25:37,Other,FIA STEWARDS: TURN 1 INCIDENT INVOLVING CARS 81 (PIA) AND 12 (ANT) UNDER INVESTIGATION - CAUSING A COLLISION,,,,,,16,2025,21
2025-11-09 17:26:07,Other,FIA STEWARDS: 10 SECOND TIME PENALTY FOR CAR 81 (PIA) - CAUSING A COLLISION,,,,,,16,2025,21
2025-11-09 17:26:46,Other,CAR 12 (ANT) TIME 1:16.547 DELETED - TRACK LIMITS AT TURN 2 LAP 6 14:12:11,,,,,,17,2025,21
2025-11-09 17:27:19,Other,FIA STEWARDS: LAP 1 TURN 1 INCIDENT INVOLVING CARS 55 (SAI) AND 44 (HAM) REVIEWED NO FURTHER INVESTIGATION - CAUSING A COLLISION,,,,,,17,2025,21
2025-11-09 17:28:16,Other,FIA STEWARDS: TURN 15 INCIDENT INVOLVING CARS 44 (HAM) AND 43 (COL) UNDER INVESTIGATION - CAUSING A COLLISION,,,,,,18,2025,21
2025-11-09 17:28:58,Other,CAR 14 (ALO) LAP DELETED - TRACK LIMITS AT TURN 8 LAP 1 14:03:59,,,,,,18,2025,21
2025-11-09 17:38:51,Other,INCIDENT INVOLVING CAR 22 (TSU) NOTED - FAILING TO SERVE TIME PENALTY CORRECTLY,,,,,,26,2025,21
2025-11-09 17:40:50,Other,FIA STEWARDS: INCIDENT INVOLVING CAR 22 (TSU) UNDER INVESTIGATION - FAILING TO SERVE TIME PENALTY CORRECTLY,,,,,,28,2025,21
2025-11-09 17:41:27,Other,FIA STEWARDS: 5 SECOND TIME PENALTY FOR CAR 44 (HAM) - CAUSING A COLLISION,,,,,,28,2025,21
2025-11-09 17:47:45,Other,FIA STEWARDS: 10 SECOND TIME PENALTY FOR CAR 22 (TSU) - FAILING TO SERVE TIME PENALTY CORRECTLY,,,,,,33,2025,21
2025-11-09 17:50:24,Flag,WAVED BLUE FLAG FOR CAR 44 (HAM) TIMED AT 14:50:23,,BLUE,Driver,,44,35,2025,21
2025-11-09 17:50:38,Other,FIA STEWARDS: PENALTY SERVED - 5 SECOND TIME PENALTY FOR CAR 44 (HAM) - CAUSING A COLLISION,,,,,,36,2025,21
2025-11-09 17:54:07,Flag,WAVED BLUE FLAG FOR CAR 44 (HAM) TIMED AT 14:54:07,,BLUE,Driver,,44,38,2025,21
2025-11-09 17:56:23,Other,FIA STEWARDS: PENALTY SERVED - 10 SECOND TIME PENALTY FOR CAR 81 (PIA) - CAUSING A COLLISION,,,,,,40,2025,21
2025-11-09 18:08:36,Other,FIA STEWARDS: PENALTY SERVED - 10 SECOND TIME PENALTY FOR CAR 22 (TSU) - FAILING TO SERVE TIME PENALTY CORRECTLY,,,,,,50,2025,21
2025-11-09 18:35:14,Flag,CHEQUERED FLAG,,CHEQUERED,Track,,,71,2025,21
2025-11-09 18:36:20,Other,TURN 1 INCIDENT INVOLVING CARS 6 (HAD) AND 30 (LAW) NOTED,,,,,,71,2025,21
2025-11-09 18:38:09,Other,FIA STEWARDS: TURN 1 INCIDENT INVOLVING CARS 6 (HAD) AND 30 (LAW) REVIEWED NO FURTHER INVESTIGATION,,,,,,71,2025,21
2025-11-09 18:38:28,Other,ALL PASS HOLDERS MAY ACCESS THE PIT LANE,,,,,,71,2025,21
2025-11-23 03:20:00,Flag,GREEN LIGHT - PIT EXIT OPEN,,GREEN,Track,,,1,2025,22
2025-11-23 03:30:00,Other,PIT EXIT CLOSED,,,,,,1,2025,22
2025-11-23 03:31:42,Other,FIA STEWARDS: INCIDENT INVOLVING CAR 4 (NOR) NOTED - FAILING TO FOLLOW RACE DIRECTORS INSTRUCTIONS - MAXIMUM DELTA TIME,,,,,,1,2025,22
2025-11-23 03:32:21,Flag,DOUBLE YELLOW IN TRACK SECTOR 3,,DOUBLE YELLOW,Sector,3.0,,1,2025,22
2025-11-23 03:32:22,Other,DRS DISABLED IN ZONE 1,,,,,,1,2025,22
2025-11-23 03:33:28,Other,FIA STEWARDS: INCIDENT INVOLVING CAR 4 (NOR) WILL BE INVESTIGATED AFTER THE RACE - FAILING TO FOLLOW RACE DIRECTORS INSTRUCTIONS - MAXIMUM DELTA TIME,,,,,,1,2025,22
2025-11-23 03:34:08,Other,DRS ENABLED IN ZONE 1,,,,,,1,2025,22
2025-11-23 03:34:08,Flag,CLEAR IN TRACK SECTOR 3,,CLEAR,Sector,3.0,,1,2025,22
2025-11-23 03:45:15,Other,RISK OF RAIN FOR F1 RACE IS 10 %,,,,,,1,2025,22
2025-11-23 03:50:44,Other,FIA STEWARDS: INCIDENT INVOLVING CAR 4 (NOR) NO FURTHER ACTION - FAILING TO FOLLOW RACE DIRECTORS INSTRUCTIONS - MAXIMUM DELTA TIME,,,,,,1,2025,22
2025-11-23 03:57:06,Drs,DRS DISABLED,DISABLED,,,,,1,2025,22
2025-11-23 04:04:09,Flag,GREEN LIGHT - PIT EXIT OPEN,,GREEN,Track,,,1,2025,22
2025-11-23 04:04:21,Flag,YELLOW IN TRACK SECTOR 2,,YELLOW,Sector,2.0,,1,2025,22
2025-11-23 04:04:22,Flag,DOUBLE YELLOW IN TRACK SECTOR 2,,DOUBLE YELLOW,Sector,2.0,,1,2025,22
2025-11-23 04:04:34,Flag,CLEAR IN TRACK SECTOR 2,,CLEAR,Sector,2.0,,1,2025,22
2025-11-23 04:04:35,Other,TRACK SURFACE SLIPPERY IN TRACK SECTOR 3,,,,,,1,2025,22
2025-11-23 04:04:39,Other,TRACK SURFACE SLIPPERY IN TRACK SECTOR 4,,,,,,1,2025,22
2025-11-23 04:04:48,Other,TRACK SURFACE SLIPPERY IN TRACK SECTOR 2,,,,,,1,2025,22
2025-11-23 04:05:33,Flag,DOUBLE YELLOW IN TRACK SECTOR 2,,DOUBLE YELLOW,Sector,2.0,,1,2025,22
2025-11-23 04:05:35,Flag,CLEAR IN TRACK SECTOR 4,,CLEAR,Sector,4.0,,1,2025,22
2025-11-23 04:05:49,Drs,DRS ENABLED,ENABLED,,,,,1,2025,22
2025-11-23 04:05:51,Flag,CLEAR IN TRACK SECTOR 2,,CLEAR,Sector,2.0,,2,2025,22
2025-11-23 04:06:00,Flag,DOUBLE YELLOW IN TRACK SECTOR 2,,DOUBLE YELLOW,Sector,2.0,,2,2025,22
2025-11-23 04:07:08,SafetyCar,VIRTUAL SAFETY CAR DEPLOYED,DEPLOYED,,,,,2,2025,22
2025-11-23 04:07:08,Flag,CLEAR IN TRACK SECTOR 3,,CLEAR,Sector,3.0,,2,2025,22
2025-11-23 04:07:18,Flag,DOUBLE YELLOW IN TRACK SECTOR 3,,DOUBLE YELLOW,Sector,3.0,,2,2025,22
2025-11-23 04:09:21,Other,TURN 1 INCIDENT INVOLVING CARS 81 (PIA) AND 30 (LAW) NOTED - CAUSING A COLLISION,,,,,,3,2025,22
2025-11-23 04:09:36,Other,FIA STEWARDS: TURN 1 INCIDENT INVOLVING CARS 81 (PIA) AND 30 (LAW) UNDER INVESTIGATION - CAUSING A COLLISION,,,,,,3,2025,22
2025-11-23 04:09:50,Flag,CLEAR IN TRACK SECTOR 2,,CLEAR,Sector,2.0,,3,2025,22
2025-11-23 04:09:51,Flag,CLEAR IN TRACK SECTOR 3,,CLEAR,Sector,3.0,,3,2025,22
2025-11-23 04:09:53,SafetyCar,VIRTUAL SAFETY CAR ENDING,ENDING,,,,,4,2025,22
2025-11-23 04:10:06,Flag,TRACK CLEAR,,CLEAR,Track,,,4,2025,22
2025-11-23 04:10:08,Drs,DRS ENABLED,ENABLED,,,,,4,2025,22
2025-11-23 04:10:27,Other,"TURN 1 INCIDENT INVOLVING CARS 5 (BOR), 43 (COL) AND 18 (STR) NOTED - CAUSING A COLLISION",,,,,,4,2025,22
2025-11-23 04:11:51,Other,FIA STEWARDS: TURN 1 INCIDENT INVOLVING CARS 5 (BOR) AND 18 (STR) UNDER INVESTIGATION - CAUSING A COLLISION,,,,,,5,2025,22
2025-11-23 04:15:58,Other,FIA STEWARDS: TURN 1 INCIDENT INVOLVING CARS 81 (PIA) AND 30 (LAW) NO FURTHER ACTION - CAUSING A COLLISION,,,,,,7,2025,22
2025-11-23 04:18:11,Other,FIA STEWARDS: TURN 1 INCIDENT INVOLVING CARS 5 (BOR) AND 18 (STR) WILL BE INVESTIGATED AFTER THE RACE - CAUSING A COLLISION,,,,,,9,2025,22
2025-11-23 04:19:02,Other,INCIDENT INVOLVING CAR 12 (ANT) NOTED - FALSE START - MOVING BEFORE SIGNAL,,,,,,9,2025,22
2025-11-23 04:20:33,Other,INCIDENT INVOLVING CAR 23 (ALB) NOTED - STARTING PROCEDURE INFRINGEMENT,,,,,,10,2025,22
2025-11-23 04:22:21,Other,FIA STEWARDS: INCIDENT INVOLVING CAR 12 (ANT) UNDER INVESTIGATION - FALSE START - MOVING BEFORE SIGNAL,,,,,,11,2025,22
2025-11-23 04:27:28,Other,TRACK SURFACE SLIPPERY IN TRACK SECTOR 17,,,,,,14,2025,22
2025-11-23 04:28:12,Other,FIA STEWARDS: 5 SECOND TIME PENALTY FOR CAR 12 (ANT) - FALSE START - MOVING BEFORE SIGNAL,,,,,,15,2025,22
2025-11-23 04:29:05,Other,TURN 14 INCIDENT INVOLVING CARS 23 (ALB) AND 44 (HAM) NOTED - CAUSING A COLLISION,,,,,,15,2025,22
2025-11-23 04:29:40,SafetyCar,VIRTUAL SAFETY CAR DEPLOYED,DEPLOYED,,,,,16,2025,22
2025-11-23 04:29:40,Flag,CLEAR IN TRACK SECTOR 17,,CLEAR,Sector,17.0,,16,2025,22
2025-11-23 04:30:05,Flag,DOUBLE YELLOW IN TRACK SECTOR 17,,DOUBLE YELLOW,Sector,17.0,,16,2025,22
2025-11-23 04:30:40,Flag,CLEAR IN TRACK SECTOR 17,,CLEAR,Sector,17.0,,16,2025,22
2025-11-23 04:30:43,SafetyCar,VIRTUAL SAFETY CAR ENDING,ENDING,,,,,16,2025,22
2025-11-23 04:30:49,Other,FIA STEWARDS: TURN 14 INCIDENT INVOLVING CARS 23 (ALB) AND 44 (HAM) UNDER INVESTIGATION - CAUSING A COLLISION,,,,,,16,2025,22
2025-11-23 04:30:56,Flag,TRACK CLEAR,,CLEAR,Track,,,16,2025,22
2025-11-23 04:30:59,Drs,DRS ENABLED,ENABLED,,,,,16,2025,22
2025-11-23 04:34:45,Other,FIA STEWARDS: INCIDENT INVOLVING CAR 23 (ALB) UNDER INVESTIGATION - STARTING PROCEDURE INFRINGEMENT,,,,,,19,2025,22
2025-11-23 04:36:49,Other,FIA STEWARDS: 5 SECOND TIME PENALTY FOR CAR 23 (ALB) - CAUSING A COLLISION,,,,,,20,2025,22
2025-11-23 04:38:01,Other,FIA STEWARDS: REPRIMAND (DRIVING) FOR CAR 23 (ALB) - STARTING PROCEDURE INFRINGEMENT,,,,,,21,2025,22
2025-11-23 05:02:02,Flag,WAVED BLUE FLAG FOR CAR 23 (ALB) TIMED AT 21:02:02,,BLUE,Driver,,23,36,2025,22
2025-11-23 05:02:10,Flag,WAVED BLUE FLAG FOR CAR 23 (ALB) TIMED AT 21:02:09,,BLUE,Driver,,23,36,2025,22
2025-11-23 05:04:26,Other,FIA STEWARDS: PENALTY SERVED - 5 SECOND TIME PENALTY FOR CAR 23 (ALB) - CAUSING A COLLISION,,,,,,37,2025,22
2025-11-23 05:17:22,Flag,WAVED BLUE FLAG FOR CAR 43 (COL) TIMED AT 21:17:21,,BLUE,Driver,,43,45,2025,22
2025-11-23 05:22:21,Flag,WAVED BLUE FLAG FOR CAR 30 (LAW) TIMED AT 21:22:21,,BLUE,Driver,,30,49,2025,22
2025-11-23 05:25:17,Flag,CHEQUERED FLAG,,CHEQUERED,Track,,,50,2025,22
2025-11-23 05:29:18,Other,ALL PASS HOLDERS MAY ACCESS THE PIT LANE,,,,,,50,2025,22
2025-11-30 15:05:38,Other,PINK HEAD PADDING MATERIAL MUST BE USED,,,,,,1,2025,23
2025-11-30 15:20:01,Flag,GREEN LIGHT - PIT EXIT OPEN,,GREEN,Track,,,1,2025,23
2025-11-30 15:30:01,Other,PIT EXIT CLOSED,,,,,,1,2025,23
2025-11-30 15:45:07,Other,RISK OF RAIN FOR F1 RACE IS 0%,,,,,,1,2025,23
2025-11-30 15:57:04,Drs,DRS DISABLED,DISABLED,,,,,1,2025,23
2025-11-30 16:03:27,Flag,GREEN LIGHT - PIT EXIT OPEN,,GREEN,Track,,,1,2025,23
2025-11-30 16:05:21,Drs,DRS ENABLED,ENABLED,,,,,2,2025,23
2025-11-30 16:06:52,Other,CAR 22 (TSU) TIME 1:29.251 DELETED - TRACK LIMITS AT TURN 10 LAP 2 19:05:58,,,,,,3,2025,23
2025-11-30 16:07:58,Other,TURN 14 INCIDENT INVOLVING CAR 10 (GAS) NOTED - REJOINING UNSAFELY,,,,,,4,2025,23
2025-11-30 16:10:01,Other,CAR 12 (ANT) TIME 1:27.737 DELETED - TRACK LIMITS AT TURN 10 LAP 3 19:07:18,,,,,,5,2025,23
2025-11-30 16:10:31,Other,CAR 10 (GAS) TIME 1:29.291 DELETED - TRACK LIMITS AT TURN 14 LAP 2 19:06:12,,,,,,5,2025,23
2025-11-30 16:11:00,Flag,BLACK AND WHITE FLAG FOR CAR 10 (GAS) - REJOINING UNSAFELY,,BLACK AND WHITE,Driver,,10,6,2025,23
2025-11-30 16:12:12,Other,INCIDENT INVOLVING CAR 31 (OCO) NOTED - FALSE START - MOVING BEFORE SIGNAL,,,,,,7,2025,23
2025-11-30 16:12:45,Flag,DOUBLE YELLOW IN TRACK SECTOR 4,,DOUBLE YELLOW,Sector,4.0,,7,2025,23
2025-11-30 16:12:59,Flag,YELLOW IN TRACK SECTOR 3,,YELLOW,Sector,3.0,,7,2025,23
2025-11-30 16:13:00,Other,DRS DISABLED IN ZONE 1,,,,,,7,2025,23
2025-11-30 16:13:01,SafetyCar,SAFETY CAR DEPLOYED,DEPLOYED,,,,,7,2025,23
2025-11-30 16:14:24,Other,FIA STEWARDS: INCIDENT INVOLVING CAR 31 (OCO) UNDER INVESTIGATION - FALSE START - MOVING BEFORE SIGNAL,,,,,,8,2025,23
2025-11-30 16:14:53,Other,RECOVERY VEHICLE ON TRACK AT TURN 2,,,,,,8,2025,23
2025-11-30 16:15:12,Other,FIA STEWARDS: 5 SECOND TIME PENALTY FOR CAR 31 (OCO) - FALSE START - MOVING BEFORE SIGNAL,,,,,,8,2025,23
2025-11-30 16:17:53,Flag,CLEAR IN TRACK SECTOR 3,,CLEAR,Sector,3.0,,9,2025,23
2025-11-30 16:18:51,Other,TURN 2 INCIDENT INVOLVING CARS 10 (GAS) AND 27 (HUL) NOTED - CAUSING A COLLISION,,,,,,10,2025,23
2025-11-30 16:19:03,Other,FIA STEWARDS: TURN 2 INCIDENT INVOLVING CARS 10 (GAS) AND 27 (HUL) UNDER INVESTIGATION - CAUSING A COLLISION,,,,,,10,2025,23
2025-11-30 16:20:02,Flag,CLEAR IN TRACK SECTOR 4,,CLEAR,Sector,4.0,,10,2025,23
2025-11-30 16:20:04,SafetyCar,SAFETY CAR IN THIS LAP,IN THIS LAP,,,,,10,2025,23
2025-11-30 16:20:49,Flag,TRACK CLEAR,,CLEAR,Track,,,10,2025,23
2025-11-30 16:22:38,Other,INCIDENT INVOLVING CAR 31 (OCO) NOTED - FAILING TO SERVE TIME PENALTY CORRECTLY,,,,,,12,2025,23
2025-11-30 16:22:41,Other,CAR 4 (NOR) TIME 1:25.639 DELETED - TRACK LIMITS AT TURN 10 LAP 11 19:21:51,,,,,,12,2025,23
2025-11-30 16:22:50,Drs,DRS ENABLED,ENABLED,,,,,12,2025,23
2025-11-30 16:23:54,Other,FIA STEWARDS: TURN 2 INCIDENT INVOLVING CARS 10 (GAS) AND 27 (HUL) NO FURTHER ACTION - CAUSING A COLLISION,,,,,,13,2025,23
2025-11-30 16:24:04,Other,FIA STEWARDS: INCIDENT INVOLVING CAR 31 (OCO) REVIEWED NO FURTHER INVESTIGATION - FAILING TO SERVE TIME PENALTY CORRECTLY,,,,,,13,2025,23
2025-11-30 16:24:19,Other,CAR 23 (ALB) TIME 1:28.247 DELETED - TRACK LIMITS AT TURN 10 LAP 11 19:21:58,,,,,,13,2025,23
2025-11-30 16:25:36,Other,CAR 23 (ALB) TIME 1:28.153 DELETED - TRACK LIMITS AT TURN 10 LAP 13 19:24:54,,,,,,14,2025,23
2025-11-30 16:29:07,Other,INCIDENT INVOLVING CAR 18 (STR) NOTED - YELLOW FLAG INFRINGEMENT,,,,,,16,2025,23
2025-11-30 16:29:18,Other,INCIDENT INVOLVING CAR 5 (BOR) NOTED - YELLOW FLAG INFRINGEMENT,,,,,,16,2025,23
2025-11-30 16:29:27,Other,INCIDENT INVOLVING CAR 23 (ALB) NOTED - YELLOW FLAG INFRINGEMENT,,,,,,16,2025,23
2025-11-30 16:31:32,Other,CAR 22 (TSU) TIME 1:27.857 DELETED - TRACK LIMITS AT TURN 10 LAP 17 19:30:45,,,,,,18,2025,23
2025-11-30 16:32:47,Other,FIA STEWARDS: INCIDENT INVOLVING CAR 18 (STR) REVIEWED NO FURTHER INVESTIGATION - YELLOW FLAG INFRINGEMENT,,,,,,19,2025,23
2025-11-30 16:33:01,Other,FIA STEWARDS: INCIDENT INVOLVING CAR 5 (BOR) REVIEWED NO FURTHER INVESTIGATION - YELLOW FLAG INFRINGEMENT,,,,,,19,2025,23
2025-11-30 16:33:37,Other,FIA STEWARDS: INCIDENT INVOLVING CAR 23 (ALB) REVIEWED NO FURTHER INVESTIGATION - YELLOW FLAG INFRINGEMENT,,,,,,19,2025,23
2025-11-30 16:35:54,Other,CAR 30 (LAW) TIME 1:27.374 DELETED - TRACK LIMITS AT TURN 8 LAP 20 19:35:02,,,,,,21,2025,23
2025-11-30 16:35:56,Other,CAR 23 (ALB) TIME 1:27.586 DELETED - TRACK LIMITS AT TURN 10 LAP 20 19:35:08,,,,,,21,2025,23
2025-11-30 16:36:07,Flag,BLACK AND WHITE FLAG FOR CAR 23 (ALB) - TRACK LIMITS,,BLACK AND WHITE,Driver,,23,21,2025,23
2025-11-30 16:43:53,Other,INCIDENT INVOLVING CAR 18 (STR) NOTED - SPEEDING IN THE PIT LANE,,,,,,26,2025,23
2025-11-30 16:43:59,Other,FIA STEWARDS: INCIDENT INVOLVING CAR 18 (STR) UNDER INVESTIGATION - SPEEDING IN THE PIT LANE,,,,,,27,2025,23
2025-11-30 16:44:48,Other,FIA STEWARDS: 5 SECOND TIME PENALTY FOR CAR 18 (STR) - SPEEDING IN THE PIT LANE,,,,,,27,2025,23
2025-11-30 16:48:45,Other,CAR 4 (NOR) TIME 1:25.020 DELETED - TRACK LIMITS AT TURN 10 LAP 29 19:48:01,,,,,,30,2025,23
2025-11-30 16:51:45,Other,CAR 63 (RUS) TIME 1:26.633 DELETED - TRACK LIMITS AT TURN 10 LAP 31 19:51:03,,,,,,32,2025,23
2025-11-30 16:54:53,Other,INCIDENT INVOLVING CAR 87 (BEA) NOTED - UNSAFE CONDITION,,,,,,34,2025,23
2025-11-30 16:56:32,Other,FIA STEWARDS: INCIDENT INVOLVING CAR 87 (BEA) UNDER INVESTIGATION - UNSAFE CONDITION,,,,,,35,2025,23
2025-11-30 16:57:08,Other,INCIDENT INVOLVING CAR 22 (TSU) NOTED - UNSAFE RELEASE,,,,,,36,2025,23
2025-11-30 16:59:35,Other,FIA STEWARDS: INCIDENT INVOLVING CAR 22 (TSU) REVIEWED NO FURTHER INVESTIGATION - UNSAFE RELEASE,,,,,,37,2025,23
2025-11-30 17:00:23,Other,CAR 63 (RUS) TIME 1:25.297 DELETED - TRACK LIMITS AT TURN 10 LAP 36 19:58:38,,,,,,38,2025,23
2025-11-30 17:03:08,Other,FIA STEWARDS: 10 SECOND STOP/GO PENALTY FOR CAR 87 (BEA) - UNSAFE CONDITION,,,,,,40,2025,23
2025-11-30 17:07:52,Other,CAR 63 (RUS) TIME 1:26.070 DELETED - TRACK LIMITS AT TURN 1 LAP 42 20:06:33,,,,,,43,2025,23
2025-11-30 17:10:33,Flag,BLACK AND WHITE FLAG FOR CAR 63 (RUS) - TRACK LIMITS,,BLACK AND WHITE,Driver,,63,45,2025,23
2025-11-30 17:11:52,Other,FIA STEWARDS: PENALTY SERVED - 10 SECOND STOP/GO PENALTY FOR CAR 87 (BEA) - UNSAFE CONDITION,,,,,,46,2025,23
2025-11-30 17:15:35,Other,CAR 43 (COL) TIME 1:25.985 DELETED - TRACK LIMITS AT TURN 10 LAP 47 20:14:40,,,,,,49,2025,23
2025-11-30 17:17:43,Other,CAR 6 (HAD) TIME 1:24.325 DELETED - TRACK LIMITS AT TURN 10 LAP 49 20:17:05,,,,,,50,2025,23
2025-11-30 17:20:41,Other,FIA STEWARDS: PENALTY SERVED - 5 SECOND TIME PENALTY FOR CAR 18 (STR) - SPEEDING IN THE PIT LANE,,,,,,52,2025,23
2025-11-30 17:22:27,Flag,WAVED BLUE FLAG FOR CAR 10 (GAS) TIMED AT 20:22:26,,BLUE,Driver,,10,53,2025,23
2025-11-30 17:22:30,Flag,WAVED BLUE FLAG FOR CAR 10 (GAS) TIMED AT 20:22:29,,BLUE,Driver,,10,54,2025,23
2025-11-30 17:24:05,Flag,WAVED BLUE FLAG FOR CAR 31 (OCO) TIMED AT 20:24:04,,BLUE,Driver,,31,55,2025,23
2025-11-30 17:24:21,Other,CAR 81 (PIA) TIME 1:23.889 DELETED - TRACK LIMITS AT TURN 10 LAP 54 20:23:29,,,,,,55,2025,23
2025-11-30 17:24:27,Flag,WAVED BLUE FLAG FOR CAR 18 (STR) TIMED AT 20:24:26,,BLUE,Driver,,18,55,2025,23
2025-11-30 17:24:43,Flag,WAVED BLUE FLAG FOR CAR 43 (COL) TIMED AT 20:24:43,,BLUE,Driver,,43,55,2025,23
2025-11-30 17:24:52,Flag,WAVED BLUE FLAG FOR CAR 43 (COL) TIMED AT 20:24:51,,BLUE,Driver,,43,55,2025,23
2025-11-30 17:24:52,Other,CAR 16 (LEC) TIME 1:25.109 DELETED - TRACK LIMITS AT TURN 14 LAP 53 20:23:06,,,,,,55,2025,23
2025-11-30 17:25:02,Flag,WAVED BLUE FLAG FOR CAR 43 (COL) TIMED AT 20:25:01,,BLUE,Driver,,43,55,2025,23
2025-11-30 17:25:53,Other,TRACK SURFACE SLIPPERY IN TRACK SECTOR 1,,,,,,56,2025,23
2025-11-30 17:25:55,Other,TRACK SURFACE SLIPPERY IN TRACK SECTOR 2,,,,,,56,2025,23
2025-11-30 17:25:59,Flag,CLEAR IN TRACK SECTOR 1,,CLEAR,Sector,1.0,,56,2025,23
2025-11-30 17:26:59,Flag,WAVED BLUE FLAG FOR CAR 6 (HAD) TIMED AT 20:26:59,,BLUE,Driver,,6,57,2025,23
2025-11-30 17:28:05,Flag,CHEQUERED FLAG,,CHEQUERED,Track,,,57,2025,23
2025-11-30 17:28:13,Other,CAR 12 (ANT) TIME 1:26.977 DELETED - TRACK LIMITS AT TURN 10 LAP 56 20:26:36,,,,,,57,2025,23
2025-11-30 17:28:32,Other,INCIDENT INVOLVING CAR 6 (HAD) NOTED - UNSAFE CONDITION,,,,,,57,2025,23
2025-11-30 17:30:07,Other,FIA STEWARDS: INCIDENT INVOLVING CAR 6 (HAD) WILL BE INVESTIGATED AFTER THE RACE - UNSAFE CONDITION,,,,,,57,2025,23
2025-11-30 17:30:39,Flag,CLEAR IN TRACK SECTOR 2,,CLEAR,Sector,2.0,,57,2025,23
2025-11-30 17:30:53,Other,ALL PASS HOLDERS MAY ACCESS THE PIT LANE,,,,,,57,2025,23
2025-12-07 12:20:00,Flag,GREEN LIGHT - PIT EXIT OPEN,,GREEN,Track,,,1,2025,24
2025-12-07 12:30:00,Other,PIT EXIT CLOSED,,,,,,1,2025,24
2025-12-07 12:45:02,Other,RISK OF RAIN FOR F1 RACE IS 0%,,,,,,1,2025,24
2025-12-07 12:51:46,Flag,DOUBLE YELLOW IN TRACK SECTOR 14,,DOUBLE YELLOW,Sector,14.0,,1,2025,24
2025-12-07 12:51:47,Other,DRS DISABLED IN ZONE 1,,,,,,1,2025,24
2025-12-07 12:51:59,Other,DRS ENABLED IN ZONE 1,,,,,,1,2025,24
2025-12-07 12:51:59,Flag,CLEAR IN TRACK SECTOR 14,,CLEAR,Sector,14.0,,1,2025,24
2025-12-07 12:57:03,Drs,DRS DISABLED,DISABLED,,,,,1,2025,24
2025-12-07 13:03:28,Flag,GREEN LIGHT - PIT EXIT OPEN,,GREEN,Track,,,1,2025,24
2025-12-07 13:05:07,Drs,DRS ENABLED,ENABLED,,,,,2,2025,24
2025-12-07 13:05:29,Other,INCIDENT INVOLVING CAR 43 (COL) NOTED - STARTING PROCEDURE INFRINGEMENT,,,,,,2,2025,24
2025-12-07 13:06:50,Other,TURN 7 INCIDENT INVOLVING CARS 44 (HAM) AND 23 (ALB) NOTED - LEAVING THE TRACK AND GAINING AN ADVANTAGE,,,,,,3,2025,24
2025-12-07 13:09:29,Other,FIA STEWARDS: INCIDENT INVOLVING CAR 43 (COL) REVIEWED NO FURTHER INVESTIGATION - STARTING PROCEDURE INFRINGEMENT,,,,,,5,2025,24
2025-12-07 13:10:25,Other,TURN 6 INCIDENT INVOLVING CARS 12 (ANT) AND 18 (STR) NOTED - LEAVING THE TRACK AND GAINING AN ADVANTAGE,,,,,,5,2025,24
2025-12-07 13:10:33,Other,CAR 30 (LAW) TIME 1:30.661 DELETED - TRACK LIMITS AT TURN 1 LAP 4 17:08:15,,,,,,5,2025,24
2025-12-07 13:10:34,Other,CAR 27 (HUL) TIME 1:30.573 DELETED - TRACK LIMITS AT TURN 1 LAP 4 17:08:19,,,,,,5,2025,24
2025-12-07 13:11:44,Other,CAR 10 (GAS) TIME 1:32.010 DELETED - TRACK LIMITS AT TURN 6 LAP 2 17:05:53,,,,,,6,2025,24
2025-12-07 13:12:03,Other,TURN 5 INCIDENT INVOLVING CARS 10 (GAS) AND 27 (HUL) NOTED - CAUSING A COLLISION,,,,,,6,2025,24
2025-12-07 13:12:53,Other,FIA STEWARDS: TURN 7 INCIDENT INVOLVING CARS 44 (HAM) AND 23 (ALB) REVIEWED NO FURTHER INVESTIGATION - LEAVING THE TRACK AND GAINING AN ADVANTAGE,,,,,,7,2025,24
2025-12-07 13:13:40,Other,TURN 8 INCIDENT INVOLVING CARS 87 (BEA) AND 30 (LAW) NOTED,,,,,,7,2025,24
2025-12-07 13:14:11,Other,CAR 30 (LAW) TIME 1:30.219 DELETED - TRACK LIMITS AT TURN 1 LAP 5 17:09:45,,,,,,8,2025,24
2025-12-07 13:14:12,Other,CAR 44 (HAM) TIME 1:30.229 DELETED - TRACK LIMITS AT TURN 1 LAP 5 17:09:47,,,,,,8,2025,24
2025-12-07 13:14:33,Other,FIA STEWARDS: TURN 6 INCIDENT INVOLVING CARS 12 (ANT) AND 18 (STR) REVIEWED NO FURTHER INVESTIGATION - LEAVING THE TRACK AND GAINING AN ADVANTAGE,,,,,,8,2025,24
2025-12-07 13:16:01,Other,CAR 22 (TSU) TIME 1:30.395 DELETED - TRACK LIMITS AT TURN 1 LAP 8 17:14:16,,,,,,9,2025,24
2025-12-07 13:16:30,Other,FIA STEWARDS: TURN 5 INCIDENT INVOLVING CARS 10 (GAS) AND 27 (HUL) UNDER INVESTIGATION - CAUSING A COLLISION,,,,,,9,2025,24
2025-12-07 13:17:41,Other,FIA STEWARDS: TURN 5 INCIDENT INVOLVING CARS 10 (GAS) AND 27 (HUL) NO FURTHER ACTION - CAUSING A COLLISION,,,,,,10,2025,24
2025-12-07 13:18:09,Other,UPDATE: TURN 8 INCIDENT INVOLVING CARS 30 (LAW) AND 87 (BEA) NOTED - DRIVING ERRATICALLY,,,,,,10,2025,24
2025-12-07 13:18:25,Other,FIA STEWARDS: TURN 8 INCIDENT INVOLVING CARS 30 (LAW) AND 87 (BEA) UNDER INVESTIGATION - DRIVING ERRATICALLY,,,,,,10,2025,24
2025-12-07 13:18:54,Other,CAR 16 (LEC) TIME 1:29.654 DELETED - TRACK LIMITS AT TURN 1 LAP 9 17:15:39,,,,,,11,2025,24
2025-12-07 13:18:57,Other,CAR 22 (TSU) TIME 1:30.184 DELETED - TRACK LIMITS AT TURN 1 LAP 9 17:15:46,,,,,,11,2025,24
2025-12-07 13:20:39,Other,CAR 87 (BEA) TIME 1:30.903 DELETED - TRACK LIMITS AT TURN 1 LAP 11 17:18:49,,,,,,12,2025,24
2025-12-07 13:21:16,Other,CAR 10 (GAS) TIME 1:31.135 DELETED - TRACK LIMITS AT TURN 1 LAP 11 17:18:54,,,,,,12,2025,24
2025-12-07 13:23:13,Other,FIA STEWARDS: 5 SECOND TIME PENALTY FOR CAR 30 (LAW) - DRIVING ERRATICALLY,,,,,,14,2025,24
2025-12-07 13:24:52,Other,CAR 55 (SAI) TIME 1:31.059 DELETED - TRACK LIMITS AT TURN 1 LAP 14 17:23:22,,,,,,15,2025,24
2025-12-07 13:29:47,Other,CAR 23 (ALB) TIME 1:30.133 DELETED - TRACK LIMITS AT TURN 1 LAP 17 17:28:08,,,,,,18,2025,24
2025-12-07 13:30:57,Other,TURN 9 INCIDENT INVOLVING CARS 16 (LEC) AND 63 (RUS) NOTED - MOVING UNDER BRAKING,,,,,,19,2025,24
2025-12-07 13:30:59,Other,CAR 55 (SAI) LAP DELETED - TRACK LIMITS AT TURN 1 LAP 18 17:29:27 (PIT),,,,,,19,2025,24
2025-12-07 13:32:36,Other,TURN 6 INCIDENT INVOLVING CARS 30 (LAW) AND 18 (STR) NOTED,,,,,,20,2025,24
2025-12-07 13:32:38,Other,CAR 12 (ANT) TIME 1:31.119 DELETED - TRACK LIMITS AT TURN 1 LAP 19 17:30:59,,,,,,20,2025,24
2025-12-07 13:32:58,Other,CAR 23 (ALB) TIME 1:30.047 DELETED - TRACK LIMITS AT TURN 1 LAP 19 17:31:08,,,,,,20,2025,24
2025-12-07 13:34:41,Other,FIA STEWARDS: TURN 6 INCIDENT INVOLVING CARS 30 (LAW) AND 18 (STR) REVIEWED NO FURTHER INVESTIGATION,,,,,,21,2025,24
2025-12-07 13:35:38,Other,CAR 30 (LAW) TIME 1:35.813 DELETED - TRACK LIMITS AT TURN 7 LAP 21 17:34:40,,,,,,22,2025,24
2025-12-07 13:37:38,Flag,BLACK AND WHITE FLAG FOR CAR 30 (LAW) - TRACK LIMITS,,BLACK AND WHITE,Driver,,30,23,2025,24
2025-12-07 13:38:29,Other,TURN 5 INCIDENT INVOLVING CARS 22 (TSU) AND 4 (NOR) NOTED,,,,,,24,2025,24
2025-12-07 13:40:46,Other,UPDATE: TURN 5 INCIDENT INVOLVING CARS 22 (TSU) AND 4 (NOR) NOTED - FORCING ANOTHER DRIVER OFF THE TRACK,,,,,,25,2025,24
2025-12-07 13:41:01,Other,TURN 5 INCIDENT INVOLVING CARS 4 (NOR) AND 22 (TSU) NOTED - LEAVING THE TRACK AND GAINING AN ADVANTAGE,,,,,,26,2025,24
2025-12-07 13:41:21,Other,FIA STEWARDS: TURN 5 INCIDENT INVOLVING CARS 22 (TSU) AND 4 (NOR) UNDER INVESTIGATION - FORCING ANOTHER DRIVER OFF THE TRACK,,,,,,26,2025,24
2025-12-07 13:41:25,Other,FIA STEWARDS: TURN 5 INCIDENT INVOLVING CARS 4 (NOR) AND 22 (TSU) UNDER INVESTIGATION - LEAVING THE TRACK AND GAINING AN ADVANTAGE,,,,,,26,2025,24
2025-12-07 13:42:07,Other,CAR 27 (HUL) TIME 1:30.732 DELETED - TRACK LIMITS AT TURN 1 LAP 22 17:35:35,,,,,,26,2025,24
2025-12-07 13:42:08,Other,CAR 6 (HAD) TIME 1:30.078 DELETED - TRACK LIMITS AT TURN 6 LAP 23 17:37:47,,,,,,26,2025,24
2025-12-07 13:42:09,Other,CAR 43 (COL) TIME 1:30.138 DELETED - TRACK LIMITS AT TURN 1 LAP 25 17:40:23,,,,,,26,2025,24
2025-12-07 13:42:26,Other,CAR 44 (HAM) TIME 1:29.810 DELETED - TRACK LIMITS AT TURN 1 LAP 25 17:40:05,,,,,,27,2025,24
2025-12-07 13:42:34,Other,FIA STEWARDS: PENALTY SERVED - 5 SECOND TIME PENALTY FOR CAR 30 (LAW) - DRIVING ERRATICALLY,,,,,,27,2025,24
2025-12-07 13:42:47,Other,CAR 12 (ANT) TIME 1:30.200 DELETED - TRACK LIMITS AT TURN 1 LAP 25 17:40:06,,,,,,27,2025,24
2025-12-07 13:44:35,Other,CAR 44 (HAM) TIME 1:30.144 DELETED - TRACK LIMITS AT TURN 1 LAP 27 17:43:05,,,,,,28,2025,24
2025-12-07 13:46:38,Other,FIA STEWARDS: 5 SECOND TIME PENALTY FOR CAR 22 (TSU) - MORE THAN ONE CHANGE OF DIRECTION,,,,,,29,2025,24
2025-12-07 13:47:04,Other,FIA STEWARDS: TURN 5 INCIDENT INVOLVING CARS 4 (NOR) AND 22 (TSU) NO FURTHER ACTION - LEAVING THE TRACK AND GAINING AN ADVANTAGE,,,,,,30,2025,24
2025-12-07 13:47:27,Other,CAR 10 (GAS) TIME 1:29.747 DELETED - TRACK LIMITS AT TURN 4 LAP 24 17:38:57,,,,,,30,2025,24
2025-12-07 13:47:51,Other,CAR 27 (HUL) TIME 1:30.573 DELETED - TRACK LIMITS AT TURN 1 LAP 29 17:46:09,,,,,,30,2025,24
2025-12-07 13:48:09,Other,CAR 12 (ANT) TIME 1:29.821 DELETED - TRACK LIMITS AT TURN 1 LAP 26 17:41:36,,,,,,30,2025,24
2025-12-07 13:48:31,Other,CAR 43 (COL) TIME 1:29.652 DELETED - TRACK LIMITS AT TURN 1 LAP 26 17:41:53,,,,,,31,2025,24
2025-12-07 13:48:40,Flag,BLACK AND WHITE FLAG FOR CAR 12 (ANT) - TRACK LIMITS,,BLACK AND WHITE,Driver,,12,31,2025,24
2025-12-07 13:48:58,Flag,BLACK AND WHITE FLAG FOR CAR 44 (HAM) - TRACK LIMITS,,BLACK AND WHITE,Driver,,44,31,2025,24
2025-12-07 13:49:07,Flag,BLACK AND WHITE FLAG FOR CAR 10 (GAS) - TRACK LIMITS,,BLACK AND WHITE,Driver,,10,31,2025,24
2025-12-07 13:49:11,Flag,BLACK AND WHITE FLAG FOR CAR 27 (HUL) - TRACK LIMITS,,BLACK AND WHITE,Driver,,27,31,2025,24
2025-12-07 13:49:23,Other,FIA STEWARDS: TURN 9 INCIDENT INVOLVING CARS 16 (LEC) AND 63 (RUS) REVIEWED NO FURTHER INVESTIGATION - MOVING UNDER BRAKING,,,,,,31,2025,24
2025-12-07 13:49:24,Other,CAR 18 (STR) TIME 1:29.860 DELETED - TRACK LIMITS AT TURN 1 LAP 28 17:44:33,,,,,,31,2025,24
2025-12-07 13:52:09,Other,CAR 43 (COL) TIME 1:29.915 DELETED - TRACK LIMITS AT TURN 1 LAP 29 17:46:23,,,,,,33,2025,24
2025-12-07 13:52:14,Other,CAR 81 (PIA) TIME 1:29.119 DELETED - TRACK LIMITS AT TURN 1 LAP 30 17:46:55,,,,,,33,2025,24
2025-12-07 13:52:19,Flag,BLACK AND WHITE FLAG FOR CAR 43 (COL) - TRACK LIMITS,,BLACK AND WHITE,Driver,,43,33,2025,24
2025-12-07 13:56:37,Other,FIA STEWARDS: PENALTY SERVED - 5 SECOND TIME PENALTY FOR CAR 22 (TSU) - MORE THAN ONE CHANGE OF DIRECTION,,,,,,36,2025,24
2025-12-07 13:56:54,Other,INCIDENT INVOLVING CAR 23 (ALB) NOTED - SPEEDING IN THE PIT LANE,,,,,,36,2025,24
2025-12-07 13:59:34,Other,FIA STEWARDS: INCIDENT INVOLVING CAR 23 (ALB) UNDER INVESTIGATION - SPEEDING IN THE PIT LANE,,,,,,38,2025,24
2025-12-07 14:00:05,Other,FIA STEWARDS: 5 SECOND TIME PENALTY FOR CAR 23 (ALB) - SPEEDING IN THE PIT LANE,,,,,,38,2025,24
2025-12-07 14:05:41,Other,CAR 6 (HAD) TIME 1:29.381 DELETED - TRACK LIMITS AT TURN 1 LAP 41 18:04:17,,,,,,42,2025,24
2025-12-07 14:07:04,Other,CAR 18 (STR) LAP DELETED - TRACK LIMITS AT TURN 1 LAP 42 18:05:33 (PIT),,,,,,43,2025,24
2025-12-07 14:07:05,Other,CAR 5 (BOR) TIME 1:30.115 DELETED - TRACK LIMITS AT TURN 1 LAP 39 18:01:09,,,,,,43,2025,24
2025-12-07 14:10:03,Other,CAR 31 (OCO) TIME 1:29.244 DELETED - TRACK LIMITS AT TURN 1 LAP 44 18:08:37,,,,,,45,2025,24
2025-12-07 14:10:39,Other,CAR 10 (GAS) TIME 1:28.166 DELETED - TRACK LIMITS AT TURN 4 LAP 44 18:09:18,,,,,,46,2025,24
2025-12-07 14:11:00,Other,INCIDENT INVOLVING CAR 10 (GAS) NOTED - TRACK LIMITS,,,,,,46,2025,24
2025-12-07 14:11:15,Other,FIA STEWARDS: INCIDENT INVOLVING CAR 10 (GAS) UNDER INVESTIGATION - TRACK LIMITS,,,,,,46,2025,24
2025-12-07 14:11:25,Other,FIA STEWARDS: 5 SECOND TIME PENALTY FOR CAR 10 (GAS) - TRACK LIMITS,,,,,,46,2025,24
2025-12-07 14:13:06,Other,CAR 5 (BOR) TIME 1:29.386 DELETED - TRACK LIMITS AT TURN 1 LAP 46 18:11:39,,,,,,47,2025,24
2025-12-07 14:13:56,Other,CAR 1 (VER) TIME 1:27.752 DELETED - TRACK LIMITS AT TURN 1 LAP 45 18:09:08,,,,,,48,2025,24
2025-12-07 14:19:26,Other,CAR 1 (VER) TIME 1:27.983 DELETED - TRACK LIMITS AT TURN 1 LAP 51 18:17:55,,,,,,52,2025,24
2025-12-07 14:22:08,Other,CAR 16 (LEC) TIME 1:27.550 DELETED - TRACK LIMITS AT TURN 1 LAP 52 18:19:49,,,,,,53,2025,24
2025-12-07 14:22:30,Flag,WAVED BLUE FLAG FOR CAR 30 (LAW) TIMED AT 18:22:29,,BLUE,Driver,,30,54,2025,24
2025-12-07 14:23:05,Other,CAR 16 (LEC) TIME 1:27.550 DELETED - TRACK LIMITS AT TURN 6 LAP 52 18:21:52,,,,,,54,2025,24
2025-12-07 14:25:23,Other,CAR 23 (ALB) TIME 1:28.627 DELETED - TRACK LIMITS AT TURN 1 LAP 53 18:22:15,,,,,,56,2025,24
2025-12-07 14:25:43,Other,TURN 8 INCIDENT INVOLVING CARS 18 (STR) AND 55 (SAI) NOTED,,,,,,56,2025,24
2025-12-07 14:26:24,Flag,BLACK AND WHITE FLAG FOR CAR 23 (ALB) - TRACK LIMITS,,BLACK AND WHITE,Driver,,23,56,2025,24
2025-12-07 14:27:28,Flag,WAVED BLUE FLAG FOR CAR 43 (COL) TIMED AT 18:27:28,,BLUE,Driver,,43,57,2025,24
2025-12-07 14:27:57,Flag,WAVED BLUE FLAG FOR CAR 43 (COL) TIMED AT 18:27:57,,BLUE,Driver,,43,57,2025,24
2025-12-07 14:28:03,Flag,WAVED BLUE FLAG FOR CAR 6 (HAD) TIMED AT 18:28:02,,BLUE,Driver,,6,57,2025,24
2025-12-07 14:28:13,Flag,WAVED BLUE FLAG FOR CAR 43 (COL) TIMED AT 18:28:12,,BLUE,Driver,,43,58,2025,24
2025-12-07 14:28:25,Flag,WAVED BLUE FLAG FOR CAR 43 (COL) TIMED AT 18:28:24,,BLUE,Driver,,43,58,2025,24
2025-12-07 14:28:33,Flag,WAVED BLUE FLAG FOR CAR 43 (COL) TIMED AT 18:28:32,,BLUE,Driver,,43,58,2025,24
2025-12-07 14:28:37,Flag,WAVED BLUE FLAG FOR CAR 43 (COL) TIMED AT 18:28:37,,BLUE,Driver,,43,58,2025,24
2025-12-07 14:28:57,Flag,WAVED BLUE FLAG FOR CAR 43 (COL) TIMED AT 18:28:56,,BLUE,Driver,,43,58,2025,24
2025-12-07 14:29:35,Flag,CHEQUERED FLAG,,CHEQUERED,Track,,,58,2025,24
2025-12-07 14:30:37,Other,UPDATE: TURN 8 INCIDENT INVOLVING CARS 18 (STR) AND 55 (SAI) NOTED - MORE THAN ONE CHANGE OF DIRECTION,,,,,,58,2025,24
2025-12-07 14:30:48,Other,FIA STEWARDS: TURN 8 INCIDENT INVOLVING CARS 18 (STR) AND 55 (SAI) UNDER INVESTIGATION - MORE THAN ONE CHANGE OF DIRECTION,,,,,,58,2025,24
2025-12-07 14:32:24,Other,FIA STEWARDS: 5 SECOND TIME PENALTY FOR CAR 18 (STR) - MORE THAN ONE CHANGE OF DIRECTION,,,,,,58,2025,24
2025-12-07 14:33:54,Other,TURN 8 INCIDENT INVOLVING CARS 87 (BEA) AND 18 (STR) NOTED - MORE THAN ONE CHANGE OF DIRECTION,,,,,,58,2025,24
2025-12-07 14:34:22,Other,ALL PASS HOLDERS MAY ACCESS THE PIT LANE,,,,,,58,2025,24
2025-12-07 14:36:32,Other,FIA STEWARDS: TURN 8 INCIDENT INVOLVING CARS 87 (BEA) AND 18 (STR) UNDER INVESTIGATION - MORE THAN ONE CHANGE OF DIRECTION,,,,,,58,2025,24
2025-12-07 14:38:08,Other,FIA STEWARDS: 5 SECOND TIME PENALTY FOR CAR 87 (BEA) - MORE THAN ONE CHANGE OF DIRECTION,,,,,,58,2025,24
