time,lap,compound,stint,s1,s2,s3,ms1,ms2,ms3,life,pos,status,pb,sesT,drv,dNum,pout,pin,s1T,s2T,s3T,vi1,vi2,vfl,vst,fresh,team,lST,lSD,del,delR,ff1G,iacc,wT,wAT,wH,wP,wR,wTT,wWD,wWS
99.919,1,MEDIUM,1,None,39.73,26.066,None,None,None,4,9,12,False,2097.159,ALB,23,None,None,None,2071.137,2097.277,307.0,251.0,246.0,318.0,False,Red Bull Racing,1997.072,2020-08-09T13:13:17.118000000,False,None,False,False,2010.085,24.2,61.2,1001.1,False,42.9,13,3.2
94.083,2,MEDIUM,1,29.45,38.533,26.1,None,None,None,5,9,1,True,2191.242,ALB,23,None,None,2126.62,2165.153,2191.253,295.0,256.0,246.0,308.0,False,Red Bull Racing,2097.159,2020-08-09T13:14:57.205000000,False,None,False,True,2130.084,24.5,61.2,1001.1,False,42.6,5,3.7
93.802,3,MEDIUM,1,29.262,38.684,25.856,None,None,None,6,9,1,True,2285.044,ALB,23,None,None,2220.515,2259.199,2285.055,306.0,258.0,246.0,321.0,False,Red Bull Racing,2191.242,2020-08-09T13:16:31.288000000,False,None,False,True,2191.19,24.9,59.9,1001.2,False,42.8,19,1.9
93.617,4,MEDIUM,1,29.175,38.397,26.045,None,None,None,7,9,1,True,2378.661,ALB,23,None,None,2314.23,2352.627,2378.672,303.0,253.0,246.0,314.0,False,Red Bull Racing,2285.044,2020-08-09T13:18:05.090000000,False,None,False,True,2310.089,24.9,59.4,1001.0,False,43.1,295,2.0
93.703,5,MEDIUM,1,29.099,38.591,26.013,None,None,None,8,9,1,False,2472.364,ALB,23,None,None,2407.771,2446.362,2472.375,303.0,255.0,244.0,315.0,False,Red Bull Racing,2378.661,2020-08-09T13:19:38.707000000,False,None,False,True,2370.085,24.9,59.8,1001.0,False,43.0,11,1.9
93.049,6,MEDIUM,1,29.179,38.536,25.334,None,None,None,9,9,1,False,2565.413,ALB,23,None,2559.598,2501.554,2540.09,2565.424,304.0,256.0,None,314.0,False,Red Bull Racing,2472.364,2020-08-09T13:21:12.410000000,False,None,False,False,2490.11,25.1,58.7,1001.0,False,43.3,18,2.4
112.422,7,HARD,2,49.8,37.414,25.208,None,None,None,1,20,1,False,2677.835,ALB,23,2587.968,None,2615.224,2652.638,2677.846,281.0,258.0,247.0,298.0,True,Red Bull Racing,2565.413,2020-08-09T13:22:45.459000000,False,None,False,False,2610.119,25.1,58.3,1001.0,False,43.1,6,3.0
91.989,8,HARD,2,29.057,37.647,25.285,None,None,None,2,19,1,True,2769.824,ALB,23,None,None,2706.903,2744.55,2769.835,285.0,258.0,248.0,311.0,True,Red Bull Racing,2677.835,2020-08-09T13:24:37.881000000,False,None,False,True,2670.103,25.1,58.4,1001.0,False,43.1,285,3.0
93.411,9,HARD,2,28.908,38.808,25.695,None,None,None,3,18,1,False,2863.235,ALB,23,None,None,2798.743,2837.551,2863.246,311.0,257.0,247.0,324.0,True,Red Bull Racing,2769.824,2020-08-09T13:26:09.870000000,False,None,False,True,2790.154,25.4,57.8,1000.9,False,43.4,3,2.3
94.107,10,HARD,2,28.961,38.324,26.822,None,None,None,4,16,1,False,2957.342,ALB,23,None,None,2892.207,2930.531,2957.353,318.0,260.0,244.0,322.0,True,Red Bull Racing,2863.235,2020-08-09T13:27:43.281000000,True,TRACK LIMITS AT TURN 15,False,True,2850.101,25.5,58.3,1001.0,False,43.8,7,2.1
93.877,11,HARD,2,29.437,38.517,25.923,None,None,None,5,16,1,False,3051.219,ALB,23,None,None,2986.79,3025.307,3051.23,309.0,260.0,246.0,333.0,True,Red Bull Racing,2957.342,2020-08-09T13:29:17.388000000,False,None,False,True,2970.13,25.5,58.5,1000.9,False,44.0,22,2.1
94.029,12,HARD,2,29.323,38.785,25.921,None,None,None,6,16,1,False,3145.248,ALB,23,None,None,3080.553,3119.338,3145.259,316.0,256.0,247.0,326.0,True,Red Bull Racing,3051.219,2020-08-09T13:30:51.265000000,False,None,False,True,3030.127,25.7,57.3,1000.9,False,44.0,10,3.0
94.436,13,HARD,2,29.31,39.361,25.765,None,None,None,7,15,1,False,3239.684,ALB,23,None,None,3174.569,3213.93,3239.695,306.0,254.0,247.0,297.0,True,Red Bull Racing,3145.248,2020-08-09T13:32:25.294000000,False,None,False,True,3150.113,25.7,56.8,1000.9,False,43.5,330,1.3
92.244,14,HARD,2,29.326,37.369,25.549,None,None,None,8,15,1,False,3331.928,ALB,23,None,None,3269.021,3306.39,3331.939,285.0,257.0,245.0,300.0,True,Red Bull Racing,3239.684,2020-08-09T13:33:59.730000000,False,None,False,True,3210.123,25.5,57.4,1000.9,False,42.9,343,1.8
92.269,15,HARD,2,29.124,37.632,25.513,None,None,None,9,15,1,False,3424.197,ALB,23,None,None,3361.063,3398.695,3424.208,290.0,258.0,246.0,306.0,True,Red Bull Racing,3331.928,2020-08-09T13:35:31.974000000,False,None,False,True,3330.18,25.5,58.3,1000.7,False,43.3,28,2.2
92.74,16,HARD,2,29.21,37.888,25.642,None,None,None,10,15,1,False,3516.937,ALB,23,None,None,3453.418,3491.306,3516.948,289.0,259.0,247.0,322.0,True,Red Bull Racing,3424.197,2020-08-09T13:37:04.243000000,False,None,False,True,3390.154,25.4,58.4,1000.9,False,43.5,61,2.3
93.676,17,HARD,2,29.225,38.655,25.796,None,None,None,11,15,1,False,3610.613,ALB,23,None,None,3546.173,3584.828,3610.624,304.0,259.0,249.0,328.0,True,Red Bull Racing,3516.937,2020-08-09T13:38:36.983000000,False,None,False,True,3510.14,25.4,58.5,1000.8,False,43.6,29,2.1
93.557,18,HARD,2,29.314,38.474,25.769,None,None,None,12,14,1,False,3704.17,ALB,23,None,None,3639.938,3678.412,3704.181,304.0,257.0,248.0,320.0,True,Red Bull Racing,3610.613,2020-08-09T13:40:10.659000000,False,None,False,True,3570.133,25.2,59.1,1001.0,False,43.6,1,2.4
94.195,19,HARD,2,28.902,39.417,25.876,None,None,None,13,14,1,False,3798.365,ALB,23,None,None,3733.083,3772.5,3798.376,320.0,256.0,246.0,318.0,True,Red Bull Racing,3704.17,2020-08-09T13:41:44.216000000,False,None,False,True,3690.124,25.5,58.4,1000.9,False,43.9,6,1.8
93.35,20,HARD,2,29.306,38.286,25.758,None,None,None,14,13,1,False,3891.715,ALB,23,None,None,3827.682,3865.968,3891.726,301.0,261.0,247.0,322.0,True,Red Bull Racing,3798.365,2020-08-09T13:43:18.411000000,False,None,False,True,3810.162,25.5,57.8,1000.9,False,43.6,14,2.5
92.358,21,HARD,2,28.899,37.926,25.533,None,None,None,15,12,1,False,3984.073,ALB,23,None,None,3920.625,3958.551,3984.084,322.0,259.0,247.0,293.0,True,Red Bull Racing,3891.715,2020-08-09T13:44:51.761000000,False,None,False,True,3870.143,25.6,57.9,1000.8,False,44.0,22,2.3
91.785,22,HARD,2,28.976,37.313,25.496,None,None,None,16,12,1,True,4075.858,ALB,23,None,None,4013.06,4050.373,4075.869,285.0,259.0,248.0,296.0,True,Red Bull Racing,3984.073,2020-08-09T13:46:24.119000000,False,None,False,True,3990.133,25.8,56.8,1001.0,False,43.8,13,2.1
91.376,23,HARD,2,28.953,37.078,25.345,None,None,None,17,9,1,True,4167.234,ALB,23,None,None,4104.822,4141.9,4167.245,288.0,261.0,248.0,299.0,True,Red Bull Racing,4075.858,2020-08-09T13:47:55.904000000,False,None,False,True,4050.112,25.9,56.5,1000.9,False,43.8,4,1.0
91.742,24,HARD,2,29.033,37.212,25.497,None,None,None,18,9,1,False,4258.976,ALB,23,None,None,4196.278,4233.49,4258.987,287.0,259.0,249.0,298.0,True,Red Bull Racing,4167.234,2020-08-09T13:49:27.280000000,False,None,False,True,4170.17,26.4,54.7,1000.9,False,44.6,287,1.0
91.685,25,HARD,2,29.031,37.326,25.328,None,None,None,19,9,1,False,4350.661,ALB,23,None,None,4288.018,4325.344,4350.672,289.0,260.0,249.0,304.0,True,Red Bull Racing,4258.976,2020-08-09T13:50:59.022000000,False,None,False,True,4230.187,26.5,54.6,1000.9,False,44.6,33,1.8
91.728,26,HARD,2,29.088,37.287,25.353,None,None,None,20,9,1,False,4442.389,ALB,23,None,None,4379.76,4417.047,4442.4,292.0,262.0,247.0,322.0,True,Red Bull Racing,4350.661,2020-08-09T13:52:30.707000000,False,None,False,True,4350.19,26.6,54.5,1000.9,False,44.8,7,1.4
92.17,27,HARD,2,28.982,37.744,25.444,None,None,None,21,8,1,False,4534.559,ALB,23,None,None,4471.382,4509.126,4534.57,307.0,260.0,249.0,322.0,True,Red Bull Racing,4442.389,2020-08-09T13:54:02.435000000,False,None,False,True,4410.191,26.7,55.0,1000.9,False,44.4,9,3.0
91.826,28,HARD,2,28.915,37.439,25.472,None,None,None,22,8,1,False,4626.385,ALB,23,None,None,4563.485,4600.924,4626.396,311.0,263.0,248.0,326.0,True,Red Bull Racing,4534.559,2020-08-09T13:55:34.605000000,False,None,False,True,4530.212,26.2,56.5,1000.8,False,43.2,23,3.3
91.133,29,HARD,2,28.591,37.238,25.304,None,None,None,23,7,1,True,4717.518,ALB,23,None,None,4654.987,4692.225,4717.529,319.0,260.0,249.0,300.0,True,Red Bull Racing,4626.385,2020-08-09T13:57:06.431000000,False,None,False,True,4650.232,25.9,56.8,1000.8,False,43.6,21,1.1
90.44,30,HARD,2,28.817,36.741,24.882,None,None,None,24,7,1,False,4807.958,ALB,23,None,4802.127,4746.346,4783.087,4807.969,285.0,262.0,None,297.0,True,Red Bull Racing,4717.518,2020-08-09T13:58:37.564000000,False,None,False,False,4710.237,25.9,56.5,1000.9,False,43.6,14,1.5
111.242,31,HARD,3,48.675,37.272,25.295,None,None,None,1,11,12,False,4919.2,ALB,23,4830.221,None,4856.644,4893.916,4919.211,288.0,263.0,249.0,305.0,True,Red Bull Racing,4807.958,2020-08-09T14:00:08.004000000,False,None,False,False,4830.313,25.8,57.1,1000.8,False,43.6,38,2.0
91.045,32,HARD,3,28.661,36.987,25.397,None,None,None,2,11,1,True,5010.245,ALB,23,None,None,4947.872,4984.859,5010.256,292.0,263.0,250.0,314.0,True,Red Bull Racing,4919.2,2020-08-09T14:01:59.246000000,False,None,False,True,4890.265,25.8,57.0,1000.7,False,43.6,23,2.2
91.852,33,HARD,3,28.553,37.939,25.36,None,None,None,3,11,1,False,5102.097,ALB,23,None,None,5038.809,5076.748,5102.108,322.0,264.0,249.0,348.0,True,Red Bull Racing,5010.245,2020-08-09T14:03:30.291000000,True,TRACK LIMITS AT TURN 15,False,True,5010.272,25.6,58.2,1000.8,False,43.2,2,2.0
91.993,34,HARD,3,28.861,37.699,25.433,None,None,None,4,10,1,False,5194.09,ALB,23,None,None,5130.969,5168.668,5194.101,310.0,261.0,249.0,328.0,True,Red Bull Racing,5102.097,2020-08-09T14:05:02.143000000,False,None,False,True,5070.281,25.6,57.7,1000.8,False,43.2,14,1.8
91.103,35,HARD,3,28.795,37.602,24.706,None,None,None,5,8,1,False,5285.193,ALB,23,None,None,5222.896,5260.498,5285.204,295.0,265.0,249.0,335.0,True,Red Bull Racing,5194.09,2020-08-09T14:06:34.136000000,False,None,False,True,5190.281,26.0,56.8,1000.7,False,43.7,11,1.5
90.548,36,HARD,3,28.819,36.727,25.002,None,None,None,6,7,1,True,5375.741,ALB,23,None,None,5314.023,5350.75,5375.752,285.0,264.0,249.0,294.0,True,Red Bull Racing,5285.193,2020-08-09T14:08:05.239000000,False,None,False,True,5250.297,26.5,54.8,1000.7,False,45.1,25,2.4
90.103,37,HARD,3,28.746,36.468,24.889,None,None,None,7,7,1,True,5465.844,ALB,23,None,None,5404.498,5440.966,5465.855,286.0,263.0,250.0,295.0,True,Red Bull Racing,5375.741,2020-08-09T14:09:35.787000000,False,None,False,True,5370.329,26.8,54.5,1000.8,False,44.3,17,2.3
90.154,38,HARD,3,28.709,36.463,24.982,None,None,None,8,7,1,False,5555.998,ALB,23,None,None,5494.564,5531.027,5556.009,286.0,264.0,250.0,295.0,True,Red Bull Racing,5465.844,2020-08-09T14:11:05.890000000,False,None,False,True,5430.343,26.6,54.9,1000.7,False,44.0,17,3.4
90.36,39,HARD,3,28.839,36.538,24.983,None,None,None,9,7,1,False,5646.358,ALB,23,None,None,5584.848,5621.386,5646.369,285.0,263.0,250.0,295.0,True,Red Bull Racing,5555.998,2020-08-09T14:12:36.044000000,False,None,False,True,5550.337,26.4,55.3,1000.7,False,43.7,16,1.5
90.245,40,HARD,3,28.884,36.392,24.969,None,None,None,10,7,1,False,5736.603,ALB,23,None,None,5675.253,5711.645,5736.614,284.0,264.0,251.0,295.0,True,Red Bull Racing,5646.358,2020-08-09T14:14:06.404000000,False,None,False,True,5670.376,26.2,56.2,1000.7,False,43.6,2,1.7
89.899,41,HARD,3,28.725,36.307,24.867,None,None,None,11,7,1,True,5826.502,ALB,23,None,None,5765.339,5801.646,5826.513,286.0,264.0,252.0,299.0,True,Red Bull Racing,5736.603,2020-08-09T14:15:36.649000000,False,None,False,True,5730.374,26.3,55.7,1000.7,False,43.7,4,1.6
89.986,42,HARD,3,28.716,36.357,24.913,None,None,None,12,7,1,False,5916.488,ALB,23,None,None,5855.229,5891.586,5916.499,285.0,265.0,251.0,297.0,True,Red Bull Racing,5826.502,2020-08-09T14:17:06.548000000,False,None,False,True,5850.384,26.4,56.1,1000.7,False,43.7,48,1.8
89.719,43,HARD,3,28.717,36.184,24.818,None,None,None,13,7,1,True,6006.207,ALB,23,None,None,5945.216,5981.4,6006.218,286.0,266.0,251.0,297.0,True,Red Bull Racing,5916.488,2020-08-09T14:18:36.534000000,False,None,False,True,5910.382,26.2,56.5,1000.7,False,44.1,245,2.4
89.91,44,HARD,3,28.749,36.276,24.885,None,None,None,14,7,1,False,6096.117,ALB,23,None,None,6034.967,6071.243,6096.128,286.0,264.0,252.0,298.0,True,Red Bull Racing,6006.207,2020-08-09T14:20:06.253000000,False,None,False,True,6030.377,26.4,55.2,1000.7,False,44.3,15,2.0
90.004,45,HARD,3,28.804,36.32,24.88,None,None,None,15,6,1,False,6186.121,ALB,23,None,None,6124.932,6161.252,6186.132,289.0,266.0,251.0,303.0,True,Red Bull Racing,6096.117,2020-08-09T14:21:36.163000000,False,None,False,True,6090.37,26.2,56.6,1000.8,False,44.3,20,1.4
89.477,46,HARD,3,28.651,36.18,24.646,None,None,None,16,6,1,True,6275.598,ALB,23,None,None,6214.783,6250.963,6275.609,288.0,264.0,251.0,304.0,True,Red Bull Racing,6186.121,2020-08-09T14:23:06.167000000,False,None,False,True,6210.391,26.6,55.6,1000.7,False,43.9,28,1.4
89.877,47,HARD,3,28.753,36.285,24.839,None,None,None,17,6,1,False,6365.475,ALB,23,None,None,6304.362,6340.647,6365.486,288.0,266.0,251.0,299.0,True,Red Bull Racing,6275.598,2020-08-09T14:24:35.644000000,False,None,False,True,6270.377,26.8,54.3,1000.7,False,43.9,357,3.0
89.949,48,HARD,3,28.537,36.55,24.862,None,None,None,18,6,1,False,6455.424,ALB,23,None,None,6394.023,6430.573,6455.435,289.0,266.0,253.0,300.0,True,Red Bull Racing,6365.475,2020-08-09T14:26:05.521000000,False,None,False,True,6330.379,26.3,56.0,1000.6,False,43.7,42,3.1
90.255,49,HARD,3,28.736,36.642,24.877,None,None,None,19,6,1,False,6545.679,ALB,23,None,None,6484.171,6520.813,6545.69,290.0,266.0,254.0,324.0,True,Red Bull Racing,6455.424,2020-08-09T14:27:35.470000000,False,None,False,True,6451.381,26.2,56.4,1000.8,False,43.8,357,2.5
90.184,50,HARD,3,28.505,36.531,25.148,None,None,None,20,5,1,False,6635.863,ALB,23,None,None,6574.195,6610.726,6635.874,322.0,266.0,251.0,301.0,True,Red Bull Racing,6545.679,2020-08-09T14:29:05.725000000,False,None,False,True,6510.37,26.0,56.5,1000.7,False,43.6,349,2.2
89.832,51,HARD,3,28.802,36.328,24.702,None,None,None,21,5,1,False,6725.695,ALB,23,None,None,6664.676,6701.004,6725.706,287.0,265.0,253.0,301.0,True,Red Bull Racing,6635.863,2020-08-09T14:30:35.909000000,False,None,False,True,6630.387,25.9,57.4,1000.7,False,43.2,15,1.8
92.684,52,HARD,3,29.0,37.43,26.254,None,None,None,22,5,1,False,6818.379,ALB,23,None,None,6754.706,6792.136,6818.39,257.0,265.0,247.0,261.0,True,Red Bull Racing,6725.695,2020-08-09T14:32:05.741000000,False,None,False,True,6690.398,26.0,57.4,1000.8,False,43.3,337,1.5
92.846,1,MEDIUM,1,None,36.878,24.824,None,None,None,4,1,12,False,2090.086,BOT,77,None,None,None,2065.342,2090.274,299.0,262.0,245.0,307.0,False,Mercedes,1997.072,2020-08-09T13:13:17.118000000,False,None,False,False,2010.085,24.2,61.2,1001.1,False,42.9,13,3.2
91.384,2,MEDIUM,1,29.088,37.126,25.17,None,None,None,5,1,1,True,2181.47,BOT,77,None,None,2119.191,2156.317,2181.487,288.0,261.0,247.0,299.0,False,Mercedes,2090.086,2020-08-09T13:14:50.132000000,False,None,False,True,2130.084,24.5,61.2,1001.1,False,42.6,5,3.7
91.656,3,MEDIUM,1,29.02,37.409,25.227,None,None,None,6,1,1,False,2273.126,BOT,77,None,None,2210.507,2247.916,2273.143,287.0,259.0,247.0,303.0,False,Mercedes,2181.47,2020-08-09T13:16:21.516000000,False,None,False,True,2191.19,24.9,59.9,1001.2,False,42.8,19,1.9
91.562,4,MEDIUM,1,29.049,37.241,25.272,None,None,None,7,1,1,False,2364.688,BOT,77,None,None,2302.192,2339.433,2364.705,287.0,259.0,247.0,300.0,False,Mercedes,2273.126,2020-08-09T13:17:53.172000000,False,None,False,True,2310.089,24.9,59.4,1001.0,False,43.1,295,2.0
92.275,5,MEDIUM,1,29.151,37.765,25.359,None,None,None,8,1,1,False,2456.963,BOT,77,None,None,2393.856,2431.621,2456.98,289.0,258.0,246.0,300.0,False,Mercedes,2364.688,2020-08-09T13:19:24.734000000,False,None,False,True,2370.085,24.9,59.8,1001.0,False,43.0,11,1.9
92.752,6,MEDIUM,1,29.362,37.831,25.559,None,None,None,9,1,1,False,2549.715,BOT,77,None,None,2486.342,2524.173,2549.732,287.0,258.0,246.0,298.0,False,Mercedes,2456.963,2020-08-09T13:20:57.009000000,False,None,False,True,2490.11,25.1,58.7,1001.0,False,43.3,18,2.4
92.153,7,MEDIUM,1,29.371,37.469,25.313,None,None,None,10,1,1,False,2641.868,BOT,77,None,None,2579.103,2616.572,2641.885,287.0,257.0,246.0,302.0,False,Mercedes,2549.715,2020-08-09T13:22:29.761000000,False,None,False,True,2610.119,25.1,58.3,1001.0,False,43.1,6,3.0
92.574,8,MEDIUM,1,29.506,37.633,25.435,None,None,None,11,1,1,False,2734.442,BOT,77,None,None,2671.391,2709.024,2734.459,287.0,259.0,246.0,301.0,False,Mercedes,2641.868,2020-08-09T13:24:01.914000000,False,None,False,True,2670.103,25.1,58.4,1001.0,False,43.1,285,3.0
92.636,9,MEDIUM,1,29.339,37.856,25.441,None,None,None,12,1,1,False,2827.078,BOT,77,None,None,2763.798,2801.654,2827.095,289.0,258.0,247.0,304.0,False,Mercedes,2734.442,2020-08-09T13:25:34.488000000,False,None,False,True,2790.154,25.4,57.8,1000.9,False,43.4,3,2.3
92.583,10,MEDIUM,1,29.489,37.643,25.451,None,None,None,13,1,1,False,2919.661,BOT,77,None,None,2856.584,2894.227,2919.678,287.0,259.0,247.0,300.0,False,Mercedes,2827.078,2020-08-09T13:27:07.124000000,False,None,False,True,2850.101,25.5,58.3,1001.0,False,43.8,7,2.1
92.673,11,MEDIUM,1,29.595,37.657,25.421,None,None,None,14,1,1,False,3012.334,BOT,77,None,None,2949.273,2986.93,3012.351,287.0,260.0,244.0,300.0,False,Mercedes,2919.661,2020-08-09T13:28:39.707000000,False,None,False,True,2970.13,25.5,58.5,1000.9,False,44.0,22,2.1
92.503,12,MEDIUM,1,29.403,37.692,25.408,None,None,None,15,1,1,False,3104.837,BOT,77,None,None,3041.754,3079.446,3104.854,287.0,260.0,246.0,299.0,False,Mercedes,3012.334,2020-08-09T13:30:12.380000000,False,None,False,True,3030.127,25.7,57.3,1000.9,False,44.0,10,3.0
91.947,13,MEDIUM,1,29.264,37.724,24.959,None,None,None,16,1,1,False,3196.784,BOT,77,None,3190.876,3134.118,3171.842,3196.801,288.0,257.0,None,303.0,False,Mercedes,3104.837,2020-08-09T13:31:44.883000000,False,None,False,False,3150.113,25.7,56.8,1000.9,False,43.5,330,1.3
111.03,14,HARD,2,48.625,37.391,25.014,None,None,None,1,6,1,False,3307.814,BOT,77,3219.314,None,3245.426,3282.817,3307.831,288.0,262.0,250.0,301.0,True,Mercedes,3196.784,2020-08-09T13:33:16.830000000,False,None,False,False,3210.123,25.5,57.4,1000.9,False,42.9,343,1.8
90.971,15,HARD,2,29.027,36.923,25.021,None,None,None,2,4,1,True,3398.785,BOT,77,None,None,3336.858,3373.781,3398.802,287.0,262.0,249.0,302.0,True,Mercedes,3307.814,2020-08-09T13:35:07.860000000,False,None,False,True,3330.18,25.5,58.3,1000.7,False,43.3,28,2.2
90.85,16,HARD,2,28.85,37.026,24.974,None,None,None,3,3,1,True,3489.635,BOT,77,None,None,3427.652,3464.678,3489.652,289.0,262.0,250.0,305.0,True,Mercedes,3398.785,2020-08-09T13:36:38.831000000,False,None,False,True,3390.154,25.4,58.4,1000.9,False,43.5,61,2.3
91.761,17,HARD,2,29.115,37.402,25.244,None,None,None,4,3,1,False,3581.396,BOT,77,None,None,3518.767,3556.169,3581.413,288.0,262.0,248.0,306.0,True,Mercedes,3489.635,2020-08-09T13:38:09.681000000,False,None,False,True,3510.14,25.4,58.5,1000.8,False,43.6,29,2.1
91.558,18,HARD,2,29.101,37.217,25.24,None,None,None,5,3,1,False,3672.954,BOT,77,None,None,3610.514,3647.731,3672.971,291.0,262.0,247.0,302.0,True,Mercedes,3581.396,2020-08-09T13:39:41.442000000,False,None,False,True,3570.133,25.2,59.1,1001.0,False,43.6,1,2.4
92.038,19,HARD,2,29.089,37.651,25.298,None,None,None,6,2,1,False,3764.992,BOT,77,None,None,3702.06,3739.711,3765.009,288.0,260.0,247.0,304.0,True,Mercedes,3672.954,2020-08-09T13:41:13.000000000,False,None,False,True,3690.124,25.5,58.4,1000.9,False,43.9,6,1.8
91.909,20,HARD,2,29.182,37.499,25.228,None,None,None,7,2,1,False,3856.901,BOT,77,None,None,3794.191,3831.69,3856.918,290.0,261.0,247.0,307.0,True,Mercedes,3764.992,2020-08-09T13:42:45.038000000,False,None,False,True,3810.162,25.5,57.8,1000.9,False,43.6,14,2.5
92.938,21,HARD,2,29.458,38.088,25.392,None,None,None,8,2,1,False,3949.839,BOT,77,None,None,3886.376,3924.464,3949.856,292.0,259.0,247.0,305.0,True,Mercedes,3856.901,2020-08-09T13:44:16.947000000,False,None,False,True,3870.143,25.6,57.9,1000.8,False,44.0,22,2.3
92.544,22,HARD,2,29.269,37.906,25.369,None,None,None,9,2,1,False,4042.383,BOT,77,None,None,3979.125,4017.031,4042.4,291.0,258.0,248.0,304.0,True,Mercedes,3949.839,2020-08-09T13:45:49.885000000,False,None,False,True,3990.133,25.8,56.8,1001.0,False,43.8,13,2.1
92.075,23,HARD,2,29.114,37.623,25.338,None,None,None,10,2,1,False,4134.458,BOT,77,None,None,4071.514,4109.137,4134.475,291.0,258.0,247.0,305.0,True,Mercedes,4042.383,2020-08-09T13:47:22.429000000,False,None,False,True,4050.112,25.9,56.5,1000.9,False,43.8,4,1.0
91.832,24,HARD,2,29.266,37.312,25.254,None,None,None,11,2,1,False,4226.29,BOT,77,None,None,4163.741,4201.053,4226.307,290.0,259.0,246.0,303.0,True,Mercedes,4134.458,2020-08-09T13:48:54.504000000,False,None,False,True,4170.17,26.4,54.7,1000.9,False,44.6,287,1.0
92.044,25,HARD,2,29.263,37.618,25.163,None,None,None,12,2,1,False,4318.334,BOT,77,None,None,4255.57,4293.188,4318.351,292.0,259.0,248.0,305.0,True,Mercedes,4226.29,2020-08-09T13:50:26.336000000,False,None,False,True,4230.187,26.5,54.6,1000.9,False,44.6,33,1.8
92.192,26,HARD,2,29.309,37.687,25.196,None,None,None,13,2,1,False,4410.526,BOT,77,None,None,4347.66,4385.347,4410.543,290.0,257.0,250.0,306.0,True,Mercedes,4318.334,2020-08-09T13:51:58.380000000,False,None,False,True,4350.19,26.6,54.5,1000.9,False,44.8,7,1.4
92.697,27,HARD,2,29.356,38.026,25.315,None,None,None,14,2,1,False,4503.223,BOT,77,None,None,4439.899,4477.925,4503.24,300.0,264.0,248.0,325.0,True,Mercedes,4410.526,2020-08-09T13:53:30.572000000,False,None,False,True,4410.191,26.7,55.0,1000.9,False,44.4,9,3.0
92.31,28,HARD,2,29.541,37.62,25.149,None,None,None,15,2,1,False,4595.533,BOT,77,None,None,4532.781,4570.401,4595.55,289.0,262.0,249.0,306.0,True,Mercedes,4503.223,2020-08-09T13:55:03.269000000,False,None,False,True,4530.212,26.2,56.5,1000.8,False,43.2,23,3.3
90.976,29,HARD,2,29.063,36.887,25.026,None,None,None,16,2,1,False,4686.509,BOT,77,None,None,4624.613,4661.5,4686.526,293.0,261.0,250.0,311.0,True,Mercedes,4595.533,2020-08-09T13:56:35.579000000,False,None,False,True,4650.232,25.9,56.8,1000.8,False,43.6,21,1.1
90.544,30,HARD,2,28.745,36.744,25.055,None,None,None,17,2,1,True,4777.053,BOT,77,None,None,4715.271,4752.015,4777.07,292.0,265.0,251.0,302.0,True,Mercedes,4686.509,2020-08-09T13:58:06.555000000,False,None,False,True,4710.237,25.9,56.5,1000.9,False,43.6,14,1.5
90.437,31,HARD,2,28.708,36.82,24.909,None,None,None,18,2,12,True,4867.49,BOT,77,None,None,4805.778,4842.598,4867.507,297.0,264.0,251.0,308.0,True,Mercedes,4777.053,2020-08-09T13:59:37.099000000,False,None,False,True,4830.313,25.8,57.1,1000.8,False,43.6,38,2.0
90.071,32,HARD,2,28.706,36.745,24.62,None,None,None,19,2,1,False,4957.561,BOT,77,None,4951.72,4896.213,4932.958,4957.578,293.0,262.0,None,308.0,True,Mercedes,4867.49,2020-08-09T14:01:07.536000000,False,None,False,False,4890.265,25.8,57.0,1000.7,False,43.6,23,2.2
110.959,33,HARD,3,48.13,37.697,25.132,None,None,None,1,3,1,False,5068.52,BOT,77,4979.85,None,5005.708,5043.405,5068.537,294.0,261.0,251.0,307.0,True,Mercedes,4957.561,2020-08-09T14:02:37.607000000,False,None,False,False,5010.272,25.6,58.2,1000.8,False,43.2,2,2.0
90.998,34,HARD,3,28.772,37.223,25.003,None,None,None,2,3,1,False,5159.518,BOT,77,None,None,5097.309,5134.532,5159.535,292.0,265.0,251.0,302.0,True,Mercedes,5068.52,2020-08-09T14:04:28.566000000,False,None,False,True,5070.281,25.6,57.7,1000.8,False,43.2,14,1.8
90.966,35,HARD,3,28.786,37.076,25.104,None,None,None,3,3,1,False,5250.484,BOT,77,None,None,5188.321,5225.397,5250.501,295.0,264.0,250.0,309.0,True,Mercedes,5159.518,2020-08-09T14:05:59.564000000,False,None,False,True,5190.281,26.0,56.8,1000.7,False,43.7,11,1.5
90.912,36,HARD,3,28.973,36.969,24.97,None,None,None,4,3,1,False,5341.396,BOT,77,None,None,5279.474,5316.443,5341.413,299.0,263.0,250.0,304.0,True,Mercedes,5250.484,2020-08-09T14:07:30.530000000,False,None,False,True,5250.297,26.5,54.8,1000.7,False,45.1,25,2.4
90.606,37,HARD,3,28.723,37.02,24.863,None,None,None,5,3,1,False,5432.002,BOT,77,None,None,5370.136,5407.156,5432.019,294.0,261.0,249.0,304.0,True,Mercedes,5341.396,2020-08-09T14:09:01.442000000,False,None,False,True,5370.329,26.8,54.5,1000.8,False,44.3,17,2.3
91.014,38,HARD,3,28.792,37.148,25.074,None,None,None,6,3,1,False,5523.016,BOT,77,None,None,5460.811,5497.959,5523.033,295.0,265.0,251.0,303.0,True,Mercedes,5432.002,2020-08-09T14:10:32.048000000,False,None,False,True,5430.343,26.6,54.9,1000.7,False,44.0,17,3.4
90.997,39,HARD,3,28.749,37.251,24.997,None,None,None,7,3,1,False,5614.013,BOT,77,None,None,5551.782,5589.033,5614.03,292.0,262.0,250.0,306.0,True,Mercedes,5523.016,2020-08-09T14:12:03.062000000,False,None,False,True,5550.337,26.4,55.3,1000.7,False,43.7,16,1.5
90.612,40,HARD,3,28.774,36.96,24.878,None,None,None,8,3,1,False,5704.625,BOT,77,None,None,5642.804,5679.764,5704.642,292.0,263.0,251.0,310.0,True,Mercedes,5614.013,2020-08-09T14:13:34.059000000,False,None,False,True,5670.376,26.2,56.2,1000.7,False,43.6,2,1.7
90.627,41,HARD,3,28.776,36.917,24.934,None,None,None,9,3,1,False,5795.252,BOT,77,None,None,5733.418,5770.335,5795.269,292.0,262.0,251.0,311.0,True,Mercedes,5704.625,2020-08-09T14:15:04.671000000,False,None,False,True,5730.374,26.3,55.7,1000.7,False,43.7,4,1.6
90.477,42,HARD,3,28.801,36.946,24.73,None,None,None,10,2,1,False,5885.729,BOT,77,None,None,5824.07,5861.016,5885.746,294.0,262.0,251.0,312.0,True,Mercedes,5795.252,2020-08-09T14:16:35.298000000,False,None,False,True,5850.384,26.4,56.1,1000.7,False,43.7,48,1.8
90.672,43,HARD,3,28.844,36.645,25.183,None,None,None,11,2,1,False,5976.401,BOT,77,None,None,5914.59,5951.235,5976.418,293.0,263.0,250.0,306.0,True,Mercedes,5885.729,2020-08-09T14:18:05.775000000,False,None,False,True,5910.382,26.2,56.5,1000.7,False,44.1,245,2.4
89.765,44,HARD,3,28.658,36.475,24.632,None,None,None,12,2,1,True,6066.166,BOT,77,None,None,6005.076,6041.551,6066.183,294.0,263.0,251.0,309.0,True,Mercedes,5976.401,2020-08-09T14:19:36.447000000,False,None,False,True,6030.377,26.4,55.2,1000.7,False,44.3,15,2.0
89.814,45,HARD,3,28.615,36.473,24.726,None,None,None,13,2,1,False,6155.98,BOT,77,None,None,6094.798,6131.271,6155.997,293.0,263.0,251.0,310.0,True,Mercedes,6066.166,2020-08-09T14:21:06.212000000,False,None,False,True,6090.37,26.2,56.6,1000.8,False,44.3,20,1.4
89.944,46,HARD,3,28.544,36.617,24.783,None,None,None,14,2,1,False,6245.924,BOT,77,None,None,6184.541,6221.158,6245.941,294.0,264.0,251.0,314.0,True,Mercedes,6155.98,2020-08-09T14:22:36.026000000,False,None,False,True,6210.391,26.6,55.6,1000.7,False,43.9,28,1.4
90.929,47,HARD,3,28.888,37.274,24.767,None,None,None,15,2,1,False,6336.853,BOT,77,None,None,6274.829,6312.103,6336.87,313.0,262.0,251.0,309.0,True,Mercedes,6245.924,2020-08-09T14:24:05.970000000,False,None,False,True,6270.377,26.8,54.3,1000.7,False,43.9,357,3.0
90.026,48,HARD,3,28.938,36.507,24.581,None,None,None,16,2,1,False,6426.879,BOT,77,None,None,6365.808,6402.315,6426.896,306.0,265.0,250.0,309.0,True,Mercedes,6336.853,2020-08-09T14:25:36.899000000,False,None,False,True,6330.379,26.3,56.0,1000.6,False,43.7,42,3.1
90.554,49,HARD,3,28.848,36.471,25.235,None,None,None,17,2,1,False,6517.433,BOT,77,None,None,6455.744,6492.215,6517.45,292.0,265.0,252.0,312.0,True,Mercedes,6426.879,2020-08-09T14:27:06.925000000,False,None,False,True,6451.381,26.2,56.4,1000.8,False,43.8,357,2.5
92.282,50,HARD,3,29.175,38.156,24.951,None,None,None,18,3,1,False,6609.715,BOT,77,None,None,6546.625,6584.781,6609.732,299.0,262.0,251.0,312.0,True,Mercedes,6517.433,2020-08-09T14:28:37.479000000,False,None,False,True,6510.37,26.0,56.5,1000.7,False,43.6,349,2.2
93.333,51,HARD,3,29.124,38.167,26.042,None,None,None,19,3,1,False,6703.048,BOT,77,None,None,6638.856,6677.023,6703.065,289.0,260.0,245.0,297.0,True,Mercedes,6609.715,2020-08-09T14:30:09.761000000,False,None,False,True,6630.387,25.9,57.4,1000.7,False,43.2,15,1.8
95.416,52,HARD,3,29.348,39.342,26.726,None,None,None,20,3,1,False,6798.464,BOT,77,None,None,6732.413,6771.755,6798.481,292.0,254.0,235.0,304.0,True,Mercedes,6703.048,2020-08-09T14:31:43.094000000,False,None,False,True,6690.398,26.0,57.4,1000.8,False,43.3,337,1.5
98.443,1,MEDIUM,1,None,39.272,25.749,None,None,None,4,7,12,False,2095.683,GAS,10,None,None,None,2069.953,2095.806,306.0,256.0,247.0,302.0,False,AlphaTauri,1997.072,2020-08-09T13:13:17.118000000,False,None,False,False,2010.085,24.2,61.2,1001.1,False,42.9,13,3.2
93.873,2,MEDIUM,1,29.549,38.408,25.916,None,None,None,5,7,1,True,2189.556,GAS,10,None,None,2125.241,2163.649,2189.565,292.0,256.0,247.0,304.0,False,AlphaTauri,2095.683,2020-08-09T13:14:55.729000000,False,None,False,True,2130.084,24.5,61.2,1001.1,False,42.6,5,3.7
93.235,3,MEDIUM,1,29.278,38.427,25.53,None,None,None,6,7,1,True,2282.791,GAS,10,None,None,2218.843,2257.27,2282.8,306.0,257.0,245.0,321.0,False,AlphaTauri,2189.556,2020-08-09T13:16:29.602000000,False,None,False,True,2191.19,24.9,59.9,1001.2,False,42.8,19,1.9
93.557,4,MEDIUM,1,29.173,38.504,25.88,None,None,None,7,7,1,False,2376.348,GAS,10,None,None,2311.973,2350.477,2376.357,307.0,253.0,244.0,316.0,False,AlphaTauri,2282.791,2020-08-09T13:18:02.837000000,False,None,False,True,2310.089,24.9,59.4,1001.0,False,43.1,295,2.0
93.683,5,MEDIUM,1,29.279,38.597,25.807,None,None,None,8,7,1,False,2470.031,GAS,10,None,None,2405.636,2444.233,2470.04,305.0,253.0,245.0,298.0,False,AlphaTauri,2376.348,2020-08-09T13:19:36.394000000,False,None,False,True,2370.085,24.9,59.8,1001.0,False,43.0,11,1.9
93.544,6,MEDIUM,1,29.36,38.401,25.783,None,None,None,9,7,1,False,2563.575,GAS,10,None,None,2499.4,2537.801,2563.584,290.0,255.0,246.0,297.0,False,AlphaTauri,2470.031,2020-08-09T13:21:10.077000000,False,None,False,True,2490.11,25.1,58.7,1001.0,False,43.3,18,2.4
92.447,7,MEDIUM,1,29.483,38.139,24.825,None,None,None,10,7,1,False,2656.022,GAS,10,None,2650.185,2593.067,2631.206,2656.031,288.0,254.0,None,300.0,False,AlphaTauri,2563.575,2020-08-09T13:22:43.621000000,False,None,False,False,2610.119,25.1,58.3,1001.0,False,43.1,6,3.0
112.813,8,HARD,2,49.173,38.148,25.492,None,None,None,1,18,1,False,2768.835,GAS,10,2678.545,None,2705.204,2743.352,2768.844,290.0,258.0,248.0,317.0,True,AlphaTauri,2656.022,2020-08-09T13:24:16.068000000,False,None,False,False,2670.103,25.1,58.4,1001.0,False,43.1,285,3.0
93.844,9,HARD,2,29.158,38.844,25.842,None,None,None,2,17,1,False,2862.679,GAS,10,None,None,2798.002,2836.846,2862.688,322.0,261.0,248.0,326.0,True,AlphaTauri,2768.835,2020-08-09T13:26:08.881000000,False,None,False,True,2790.154,25.4,57.8,1000.9,False,43.4,3,2.3
93.188,10,HARD,2,29.253,37.888,26.047,None,None,None,3,14,1,True,2955.867,GAS,10,None,None,2891.941,2929.829,2955.876,304.0,260.0,244.0,335.0,True,AlphaTauri,2862.679,2020-08-09T13:27:42.725000000,False,None,False,True,2850.101,25.5,58.3,1001.0,False,43.8,7,2.1
93.52,11,HARD,2,29.559,38.298,25.663,None,None,None,4,14,1,False,3049.387,GAS,10,None,None,2985.435,3023.733,3049.396,293.0,257.0,245.0,301.0,True,AlphaTauri,2955.867,2020-08-09T13:29:15.913000000,False,None,False,True,2970.13,25.5,58.5,1000.9,False,44.0,22,2.1
93.408,12,HARD,2,29.513,38.429,25.466,None,None,None,5,14,1,False,3142.795,GAS,10,None,None,3078.909,3117.338,3142.804,287.0,257.0,244.0,302.0,True,AlphaTauri,3049.387,2020-08-09T13:30:49.433000000,False,None,False,True,3030.127,25.7,57.3,1000.9,False,44.0,10,3.0
93.603,13,HARD,2,29.373,38.586,25.644,None,None,None,6,14,1,False,3236.398,GAS,10,None,None,3172.177,3210.763,3236.407,309.0,257.0,248.0,309.0,True,AlphaTauri,3142.795,2020-08-09T13:32:22.841000000,False,None,False,True,3150.113,25.7,56.8,1000.9,False,43.5,330,1.3
93.054,14,HARD,2,29.449,38.077,25.528,None,None,None,7,14,1,True,3329.452,GAS,10,None,None,3265.856,3303.933,3329.461,289.0,257.0,246.0,305.0,True,AlphaTauri,3236.398,2020-08-09T13:33:56.444000000,False,None,False,True,3210.123,25.5,57.4,1000.9,False,42.9,343,1.8
93.457,15,HARD,2,29.463,38.397,25.597,None,None,None,8,14,1,False,3422.909,GAS,10,None,None,3358.924,3397.321,3422.918,287.0,259.0,245.0,307.0,True,AlphaTauri,3329.452,2020-08-09T13:35:29.498000000,False,None,False,True,3330.18,25.5,58.3,1000.7,False,43.3,28,2.2
93.246,16,HARD,2,29.299,38.331,25.616,None,None,None,9,14,1,False,3516.155,GAS,10,None,None,3452.217,3490.548,3516.164,291.0,258.0,246.0,308.0,True,AlphaTauri,3422.909,2020-08-09T13:37:02.955000000,False,None,False,True,3390.154,25.4,58.4,1000.9,False,43.5,61,2.3
93.758,17,HARD,2,29.516,38.541,25.701,None,None,None,10,14,1,False,3609.913,GAS,10,None,None,3545.68,3584.221,3609.922,293.0,259.0,247.0,309.0,True,AlphaTauri,3516.155,2020-08-09T13:38:36.201000000,False,None,False,True,3510.14,25.4,58.5,1000.8,False,43.6,29,2.1
93.612,18,HARD,2,29.626,38.24,25.746,None,None,None,11,13,1,False,3703.525,GAS,10,None,None,3639.548,3677.788,3703.534,287.0,260.0,245.0,307.0,True,AlphaTauri,3609.913,2020-08-09T13:40:09.959000000,False,None,False,True,3570.133,25.2,59.1,1001.0,False,43.6,1,2.4
94.128,19,HARD,2,29.531,38.806,25.791,None,None,None,12,13,1,False,3797.653,GAS,10,None,None,3733.065,3771.871,3797.662,301.0,259.0,246.0,301.0,True,AlphaTauri,3703.525,2020-08-09T13:41:43.571000000,False,None,False,True,3690.124,25.5,58.4,1000.9,False,43.9,6,1.8
93.375,20,HARD,2,29.392,38.348,25.635,None,None,None,13,12,1,False,3891.028,GAS,10,None,None,3827.054,3865.402,3891.037,288.0,259.0,246.0,303.0,True,AlphaTauri,3797.653,2020-08-09T13:43:17.699000000,False,None,False,True,3810.162,25.5,57.8,1000.9,False,43.6,14,2.5
94.653,21,HARD,2,29.433,39.387,25.833,None,None,None,14,13,1,False,3985.681,GAS,10,None,None,3920.47,3959.857,3985.69,299.0,257.0,245.0,324.0,True,AlphaTauri,3891.028,2020-08-09T13:44:51.074000000,False,None,False,True,3870.143,25.6,57.9,1000.8,False,44.0,22,2.3
93.627,22,HARD,2,29.444,38.557,25.626,None,None,None,15,13,1,False,4079.308,GAS,10,None,None,4015.134,4053.691,4079.317,292.0,257.0,246.0,303.0,True,AlphaTauri,3985.681,2020-08-09T13:46:25.727000000,False,None,False,True,3990.133,25.8,56.8,1001.0,False,43.8,13,2.1
92.386,23,HARD,2,29.432,38.079,24.875,None,None,None,16,10,1,False,4171.694,GAS,10,None,4165.871,4108.749,4146.828,4171.703,286.0,259.0,None,301.0,True,AlphaTauri,4079.308,2020-08-09T13:47:59.354000000,False,None,False,False,4050.112,25.9,56.5,1000.9,False,43.8,4,1.0
114.397,24,HARD,3,50.081,38.891,25.425,None,None,None,1,19,1,False,4286.091,GAS,10,4196.343,None,4221.784,4260.675,4286.1,282.0,259.0,249.0,298.0,True,AlphaTauri,4171.694,2020-08-09T13:49:31.740000000,False,None,False,False,4170.17,26.4,54.7,1000.9,False,44.6,287,1.0
93.364,25,HARD,3,29.474,38.525,25.365,None,None,None,2,18,1,False,4379.455,GAS,10,None,None,4315.574,4354.099,4379.464,286.0,259.0,249.0,301.0,True,AlphaTauri,4286.091,2020-08-09T13:51:26.137000000,False,None,False,True,4230.187,26.5,54.6,1000.9,False,44.6,33,1.8
92.152,26,HARD,3,29.073,37.731,25.348,None,None,None,3,18,1,True,4471.607,GAS,10,None,None,4408.537,4446.268,4471.616,288.0,261.0,248.0,302.0,True,AlphaTauri,4379.455,2020-08-09T13:52:59.501000000,False,None,False,True,4350.19,26.6,54.5,1000.9,False,44.8,7,1.4
92.567,27,HARD,3,29.251,37.957,25.359,None,None,None,4,16,1,False,4564.174,GAS,10,None,None,4500.867,4538.824,4564.183,288.0,260.0,249.0,305.0,True,AlphaTauri,4471.607,2020-08-09T13:54:31.653000000,False,None,False,True,4410.191,26.7,55.0,1000.9,False,44.4,9,3.0
92.236,28,HARD,3,29.056,37.881,25.299,None,None,None,5,16,1,False,4656.41,GAS,10,None,None,4593.239,4631.12,4656.419,291.0,261.0,250.0,308.0,True,AlphaTauri,4564.174,2020-08-09T13:56:04.220000000,False,None,False,True,4530.212,26.2,56.5,1000.8,False,43.2,23,3.3
91.882,29,HARD,3,29.088,37.659,25.135,None,None,None,6,15,1,True,4748.292,GAS,10,None,None,4685.507,4723.166,4748.301,299.0,265.0,249.0,330.0,True,AlphaTauri,4656.41,2020-08-09T13:57:36.456000000,False,None,False,True,4650.232,25.9,56.8,1000.8,False,43.6,21,1.1
92.498,30,HARD,3,29.143,38.307,25.048,None,None,None,7,14,1,False,4840.79,GAS,10,None,None,4777.444,4815.751,4840.799,305.0,263.0,249.0,325.0,True,AlphaTauri,4748.292,2020-08-09T13:59:08.338000000,False,None,False,True,4710.237,25.9,56.5,1000.9,False,43.6,14,1.5
92.548,31,HARD,3,29.33,37.867,25.351,None,None,None,8,14,12,False,4933.338,GAS,10,None,None,4870.129,4907.996,4933.347,290.0,262.0,250.0,302.0,True,AlphaTauri,4840.79,2020-08-09T14:00:40.836000000,False,None,False,True,4830.313,25.8,57.1,1000.8,False,43.6,38,2.0
92.239,32,HARD,3,29.129,37.768,25.342,None,None,None,9,14,1,False,5025.577,GAS,10,None,None,4962.476,5000.244,5025.586,287.0,261.0,250.0,301.0,True,AlphaTauri,4933.338,2020-08-09T14:02:13.384000000,False,None,False,True,4890.265,25.8,57.0,1000.7,False,43.6,23,2.2
91.999,33,HARD,3,28.997,37.682,25.32,None,None,None,10,14,1,False,5117.576,GAS,10,None,None,5054.583,5092.265,5117.585,288.0,262.0,248.0,303.0,True,AlphaTauri,5025.577,2020-08-09T14:03:45.623000000,False,None,False,True,5010.272,25.6,58.2,1000.8,False,43.2,2,2.0
92.064,34,HARD,3,29.165,37.611,25.288,None,None,None,11,13,1,False,5209.64,GAS,10,None,None,5146.75,5184.361,5209.649,290.0,262.0,249.0,302.0,True,AlphaTauri,5117.576,2020-08-09T14:05:17.622000000,False,None,False,True,5070.281,25.6,57.7,1000.8,False,43.2,14,1.8
92.106,35,HARD,3,29.022,37.809,25.275,None,None,None,12,12,1,False,5301.746,GAS,10,None,None,5238.671,5276.48,5301.755,289.0,262.0,248.0,302.0,True,AlphaTauri,5209.64,2020-08-09T14:06:49.686000000,False,None,False,True,5190.281,26.0,56.8,1000.7,False,43.7,11,1.5
91.951,36,HARD,3,29.197,37.489,25.265,None,None,None,13,11,1,False,5393.697,GAS,10,None,None,5330.952,5368.441,5393.706,294.0,261.0,250.0,302.0,True,AlphaTauri,5301.746,2020-08-09T14:08:21.792000000,False,None,False,True,5250.297,26.5,54.8,1000.7,False,45.1,25,2.4
91.907,37,HARD,3,29.031,37.51,25.366,None,None,None,14,11,1,False,5485.604,GAS,10,None,None,5422.737,5460.247,5485.613,295.0,264.0,249.0,299.0,True,AlphaTauri,5393.697,2020-08-09T14:09:53.743000000,False,None,False,True,5370.329,26.8,54.5,1000.8,False,44.3,17,2.3
91.547,38,HARD,3,29.035,37.364,25.148,None,None,None,15,11,1,True,5577.151,GAS,10,None,None,5514.648,5552.012,5577.16,291.0,264.0,250.0,299.0,True,AlphaTauri,5485.604,2020-08-09T14:11:25.650000000,False,None,False,True,5430.343,26.6,54.9,1000.7,False,44.0,17,3.4
91.685,39,HARD,3,29.097,37.319,25.269,None,None,None,16,11,1,False,5668.836,GAS,10,None,None,5606.257,5643.576,5668.845,289.0,265.0,250.0,302.0,True,AlphaTauri,5577.151,2020-08-09T14:12:57.197000000,False,None,False,True,5550.337,26.4,55.3,1000.7,False,43.7,16,1.5
91.324,40,HARD,3,28.999,37.243,25.082,None,None,None,17,11,1,True,5760.16,GAS,10,None,None,5697.844,5735.087,5760.169,290.0,265.0,251.0,306.0,True,AlphaTauri,5668.836,2020-08-09T14:14:28.882000000,False,None,False,True,5670.376,26.2,56.2,1000.7,False,43.6,2,1.7
91.29,41,HARD,3,28.856,37.303,25.131,None,None,None,18,11,1,True,5851.45,GAS,10,None,None,5789.025,5826.328,5851.459,290.0,264.0,250.0,305.0,True,AlphaTauri,5760.16,2020-08-09T14:16:00.206000000,False,None,False,True,5730.374,26.3,55.7,1000.7,False,43.7,4,1.6
91.271,42,HARD,3,28.829,37.3,25.142,None,None,None,19,11,1,True,5942.721,GAS,10,None,None,5880.288,5917.588,5942.73,291.0,263.0,252.0,302.0,True,AlphaTauri,5851.45,2020-08-09T14:17:31.496000000,False,None,False,True,5850.384,26.4,56.1,1000.7,False,43.7,48,1.8
90.955,43,HARD,3,28.876,37.022,25.057,None,None,None,20,11,1,True,6033.676,GAS,10,None,None,5971.606,6008.628,6033.685,290.0,265.0,251.0,304.0,True,AlphaTauri,5942.721,2020-08-09T14:19:02.767000000,False,None,False,True,5910.382,26.2,56.5,1000.7,False,44.1,245,2.4
91.075,44,HARD,3,28.844,37.174,25.057,None,None,None,21,11,1,False,6124.751,GAS,10,None,None,6062.529,6099.703,6124.76,290.0,264.0,252.0,301.0,True,AlphaTauri,6033.676,2020-08-09T14:20:33.722000000,False,None,False,True,6030.377,26.4,55.2,1000.7,False,44.3,15,2.0
90.835,45,HARD,3,28.775,37.033,25.027,None,None,None,22,11,1,True,6215.586,GAS,10,None,None,6153.535,6190.568,6215.595,292.0,263.0,250.0,308.0,True,AlphaTauri,6124.751,2020-08-09T14:22:04.797000000,False,None,False,True,6090.37,26.2,56.6,1000.8,False,44.3,20,1.4
90.935,46,HARD,3,28.925,37.01,25.0,None,None,None,23,11,1,False,6306.521,GAS,10,None,None,6244.52,6281.53,6306.53,291.0,264.0,251.0,306.0,True,AlphaTauri,6215.586,2020-08-09T14:23:35.632000000,False,None,False,True,6210.391,26.6,55.6,1000.7,False,43.9,28,1.4
90.983,47,HARD,3,28.888,37.047,25.048,None,None,None,24,11,1,False,6397.504,GAS,10,None,None,6335.418,6372.465,6397.513,290.0,264.0,250.0,302.0,True,AlphaTauri,6306.521,2020-08-09T14:25:06.567000000,False,None,False,True,6270.377,26.8,54.3,1000.7,False,43.9,357,3.0
90.747,48,HARD,3,28.892,36.891,24.964,None,None,None,25,11,1,True,6488.251,GAS,10,None,None,6426.405,6463.296,6488.26,288.0,264.0,253.0,300.0,True,AlphaTauri,6397.504,2020-08-09T14:26:37.550000000,False,None,False,True,6330.379,26.3,56.0,1000.6,False,43.7,42,3.1
90.507,49,HARD,3,28.82,36.784,24.903,None,None,None,26,11,1,True,6578.758,GAS,10,None,None,6517.08,6553.864,6578.767,288.0,263.0,252.0,303.0,True,AlphaTauri,6488.251,2020-08-09T14:28:08.297000000,False,None,False,True,6451.381,26.2,56.4,1000.8,False,43.8,357,2.5
90.68,50,HARD,3,28.805,36.872,25.003,None,None,None,27,11,1,False,6669.438,GAS,10,None,None,6607.572,6644.444,6669.447,289.0,260.0,252.0,303.0,True,AlphaTauri,6578.758,2020-08-09T14:29:38.804000000,False,None,False,True,6510.37,26.0,56.5,1000.7,False,43.6,349,2.2
90.345,51,HARD,3,28.764,36.696,24.885,None,None,None,28,11,1,True,6759.783,GAS,10,None,None,6698.211,6734.907,6759.792,290.0,261.0,253.0,305.0,True,AlphaTauri,6669.438,2020-08-09T14:31:09.484000000,False,None,False,True,6630.387,25.9,57.4,1000.7,False,43.2,15,1.8
90.092,52,HARD,3,28.572,36.631,24.889,None,None,None,29,11,1,True,6849.875,GAS,10,None,None,6788.364,6824.995,6849.884,292.0,265.0,254.0,302.0,True,AlphaTauri,6759.783,2020-08-09T14:32:39.829000000,False,None,False,True,6690.398,26.0,57.4,1000.8,False,43.3,337,1.5
103.606,1,MEDIUM,1,None,40.61,27.033,None,None,None,1,15,12,False,2100.846,GIO,99,None,None,None,2073.862,2101.005,301.0,251.0,238.0,319.0,True,Alfa Romeo Racing,1997.072,2020-08-09T13:13:17.118000000,False,None,False,False,2010.085,24.2,61.2,1001.1,False,42.9,13,3.2
95.129,2,MEDIUM,1,29.855,39.159,26.115,None,None,None,2,15,1,True,2195.975,GIO,99,None,None,2130.715,2169.874,2195.989,300.0,257.0,246.0,317.0,True,Alfa Romeo Racing,2100.846,2020-08-09T13:15:00.892000000,False,None,False,True,2130.084,24.5,61.2,1001.1,False,42.6,5,3.7
95.541,3,MEDIUM,1,29.466,39.746,26.329,None,None,None,3,15,1,False,2291.516,GIO,99,None,None,2225.455,2265.201,2291.53,320.0,258.0,244.0,330.0,True,Alfa Romeo Racing,2195.975,2020-08-09T13:16:36.021000000,False,None,False,True,2191.19,24.9,59.9,1001.2,False,42.8,19,1.9
95.236,4,MEDIUM,1,29.79,39.188,26.258,None,None,None,4,15,1,False,2386.752,GIO,99,None,None,2321.32,2360.508,2386.766,316.0,255.0,243.0,327.0,True,Alfa Romeo Racing,2291.516,2020-08-09T13:18:11.562000000,False,None,False,True,2310.089,24.9,59.4,1001.0,False,43.1,295,2.0
94.694,5,MEDIUM,1,29.445,39.163,26.086,None,None,None,5,15,1,True,2481.446,GIO,99,None,None,2416.211,2455.374,2481.46,312.0,256.0,243.0,325.0,True,Alfa Romeo Racing,2386.752,2020-08-09T13:19:46.798000000,False,None,False,True,2370.085,24.9,59.8,1001.0,False,43.0,11,1.9
94.612,6,MEDIUM,1,29.436,39.071,26.105,None,None,None,6,15,1,True,2576.058,GIO,99,None,None,2510.896,2549.967,2576.072,314.0,256.0,244.0,327.0,True,Alfa Romeo Racing,2481.446,2020-08-09T13:21:21.492000000,False,None,False,True,2490.11,25.1,58.7,1001.0,False,43.3,18,2.4
94.067,7,MEDIUM,1,29.566,39.095,25.406,None,None,None,7,14,1,False,2670.125,GIO,99,None,2665.214,2605.638,2644.733,2670.139,312.0,255.0,None,327.0,True,Alfa Romeo Racing,2576.058,2020-08-09T13:22:56.104000000,False,None,False,False,2610.119,25.1,58.3,1001.0,False,43.1,6,3.0
112.5,8,HARD,2,48.955,37.961,25.584,None,None,None,1,20,1,False,2782.625,GIO,99,2692.201,None,2719.094,2757.055,2782.639,296.0,257.0,246.0,310.0,True,Alfa Romeo Racing,2670.125,2020-08-09T13:24:30.171000000,False,None,False,False,2670.103,25.1,58.4,1001.0,False,43.1,285,3.0
92.892,9,HARD,2,29.323,37.882,25.687,None,None,None,2,19,1,True,2875.517,GIO,99,None,None,2811.962,2849.844,2875.531,298.0,256.0,245.0,308.0,True,Alfa Romeo Racing,2782.625,2020-08-09T13:26:22.671000000,False,None,False,True,2790.154,25.4,57.8,1000.9,False,43.4,3,2.3
92.838,10,HARD,2,29.325,37.781,25.732,None,None,None,3,17,1,True,2968.355,GIO,99,None,None,2904.856,2942.637,2968.369,297.0,255.0,244.0,307.0,True,Alfa Romeo Racing,2875.517,2020-08-09T13:27:55.563000000,False,None,False,True,2850.101,25.5,58.3,1001.0,False,43.8,7,2.1
93.193,11,HARD,2,29.459,37.957,25.777,None,None,None,4,17,1,False,3061.548,GIO,99,None,None,2997.828,3035.785,3061.562,296.0,254.0,243.0,308.0,True,Alfa Romeo Racing,2968.355,2020-08-09T13:29:28.401000000,False,None,False,True,2970.13,25.5,58.5,1000.9,False,44.0,22,2.1
93.397,12,HARD,2,29.451,38.139,25.807,None,None,None,5,17,1,False,3154.945,GIO,99,None,None,3091.013,3129.152,3154.959,295.0,255.0,244.0,308.0,True,Alfa Romeo Racing,3061.548,2020-08-09T13:31:01.594000000,False,None,False,True,3030.127,25.7,57.3,1000.9,False,44.0,10,3.0
93.271,13,HARD,2,29.47,38.086,25.715,None,None,None,6,17,1,False,3248.216,GIO,99,None,None,3184.429,3222.515,3248.23,295.0,256.0,245.0,309.0,True,Alfa Romeo Racing,3154.945,2020-08-09T13:32:34.991000000,False,None,False,True,3150.113,25.7,56.8,1000.9,False,43.5,330,1.3
93.232,14,HARD,2,29.532,37.935,25.765,None,None,None,7,17,1,False,3341.448,GIO,99,None,None,3277.762,3315.697,3341.462,296.0,255.0,244.0,309.0,True,Alfa Romeo Racing,3248.216,2020-08-09T13:34:08.262000000,False,None,False,True,3210.123,25.5,57.4,1000.9,False,42.9,343,1.8
93.371,15,HARD,2,29.474,38.108,25.789,None,None,None,8,17,1,False,3434.819,GIO,99,None,None,3370.936,3409.044,3434.833,296.0,254.0,244.0,309.0,True,Alfa Romeo Racing,3341.448,2020-08-09T13:35:41.494000000,False,None,False,True,3330.18,25.5,58.3,1000.7,False,43.3,28,2.2
93.687,16,HARD,2,29.607,38.319,25.761,None,None,None,9,17,1,False,3528.506,GIO,99,None,None,3464.44,3502.759,3528.52,295.0,254.0,245.0,310.0,True,Alfa Romeo Racing,3434.819,2020-08-09T13:37:14.865000000,False,None,False,True,3390.154,25.4,58.4,1000.9,False,43.5,61,2.3
93.816,17,HARD,2,29.535,38.354,25.927,None,None,None,10,17,1,False,3622.322,GIO,99,None,None,3558.055,3596.409,3622.336,296.0,255.0,245.0,311.0,True,Alfa Romeo Racing,3528.506,2020-08-09T13:38:48.552000000,False,None,False,True,3510.14,25.4,58.5,1000.8,False,43.6,29,2.1
93.397,18,HARD,2,29.441,38.049,25.907,None,None,None,11,16,1,False,3715.719,GIO,99,None,None,3651.777,3689.826,3715.733,295.0,257.0,244.0,309.0,True,Alfa Romeo Racing,3622.322,2020-08-09T13:40:22.368000000,False,None,False,True,3570.133,25.2,59.1,1001.0,False,43.6,1,2.4
93.572,19,HARD,2,29.519,38.062,25.991,None,None,None,12,16,1,False,3809.291,GIO,99,None,None,3745.252,3783.314,3809.305,296.0,257.0,245.0,309.0,True,Alfa Romeo Racing,3715.719,2020-08-09T13:41:55.765000000,False,None,False,True,3690.124,25.5,58.4,1000.9,False,43.9,6,1.8
93.885,20,HARD,2,29.488,38.404,25.993,None,None,None,13,16,1,False,3903.176,GIO,99,None,None,3838.793,3877.197,3903.19,296.0,256.0,243.0,311.0,True,Alfa Romeo Racing,3809.291,2020-08-09T13:43:29.337000000,False,None,False,True,3810.162,25.5,57.8,1000.9,False,43.6,14,2.5
93.913,21,HARD,2,29.439,38.504,25.97,None,None,None,14,16,1,False,3997.089,GIO,99,None,None,3932.629,3971.133,3997.103,297.0,254.0,244.0,309.0,True,Alfa Romeo Racing,3903.176,2020-08-09T13:45:03.222000000,False,None,False,True,3870.143,25.6,57.9,1000.8,False,44.0,22,2.3
93.666,22,HARD,2,29.374,38.383,25.909,None,None,None,15,16,1,False,4090.755,GIO,99,None,None,4026.477,4064.86,4090.769,297.0,256.0,244.0,309.0,True,Alfa Romeo Racing,3997.089,2020-08-09T13:46:37.135000000,False,None,False,True,3990.133,25.8,56.8,1001.0,False,43.8,13,2.1
93.918,23,HARD,2,29.587,38.295,26.036,None,None,None,16,16,1,False,4184.673,GIO,99,None,None,4120.356,4158.651,4184.687,297.0,255.0,241.0,306.0,True,Alfa Romeo Racing,4090.755,2020-08-09T13:48:10.801000000,False,None,False,True,4050.112,25.9,56.5,1000.9,False,43.8,4,1.0
94.03,24,HARD,2,29.648,38.369,26.013,None,None,None,17,16,1,False,4278.703,GIO,99,None,None,4214.335,4252.704,4278.717,297.0,256.0,244.0,307.0,True,Alfa Romeo Racing,4184.673,2020-08-09T13:49:44.719000000,False,None,False,True,4170.17,26.4,54.7,1000.9,False,44.6,287,1.0
94.067,25,HARD,2,29.66,38.381,26.026,None,None,None,18,15,1,False,4372.77,GIO,99,None,None,4308.377,4346.758,4372.784,296.0,254.0,244.0,308.0,True,Alfa Romeo Racing,4278.703,2020-08-09T13:51:18.749000000,False,None,False,True,4230.187,26.5,54.6,1000.9,False,44.6,33,1.8
93.828,26,HARD,2,29.654,38.214,25.96,None,None,None,19,16,1,False,4466.598,GIO,99,None,None,4402.438,4440.652,4466.612,297.0,254.0,243.0,309.0,True,Alfa Romeo Racing,4372.77,2020-08-09T13:52:52.816000000,False,None,False,True,4350.19,26.6,54.5,1000.9,False,44.8,7,1.4
93.959,27,HARD,2,29.658,38.387,25.914,None,None,None,20,14,1,False,4560.557,GIO,99,None,None,4496.27,4534.657,4560.571,295.0,254.0,243.0,308.0,True,Alfa Romeo Racing,4466.598,2020-08-09T13:54:26.644000000,False,None,False,True,4410.191,26.7,55.0,1000.9,False,44.4,9,3.0
93.506,28,HARD,2,29.485,38.169,25.852,None,None,None,21,14,1,False,4654.063,GIO,99,None,None,4590.056,4628.225,4654.077,296.0,255.0,244.0,309.0,True,Alfa Romeo Racing,4560.557,2020-08-09T13:56:00.603000000,False,None,False,True,4530.212,26.2,56.5,1000.8,False,43.2,23,3.3
93.57,29,HARD,2,29.504,38.162,25.904,None,None,None,22,14,1,False,4747.633,GIO,99,None,None,4683.581,4721.743,4747.647,297.0,255.0,243.0,307.0,True,Alfa Romeo Racing,4654.063,2020-08-09T13:57:34.109000000,False,None,False,True,4650.232,25.9,56.8,1000.8,False,43.6,21,1.1
94.287,30,HARD,2,29.54,38.223,26.524,None,None,None,23,15,12,False,4841.92,GIO,99,None,None,4777.187,4815.41,4841.934,297.0,255.0,245.0,311.0,True,Alfa Romeo Racing,4747.633,2020-08-09T13:59:07.679000000,False,None,False,True,4710.237,25.9,56.5,1000.9,False,43.6,14,1.5
94.042,31,HARD,2,29.58,38.563,25.899,None,None,None,24,15,21,False,4935.962,GIO,99,None,None,4871.514,4910.077,4935.976,313.0,255.0,245.0,311.0,True,Alfa Romeo Racing,4841.92,2020-08-09T14:00:41.966000000,False,None,False,True,4830.313,25.8,57.1,1000.8,False,43.6,38,2.0
93.483,32,HARD,2,29.269,38.351,25.863,None,None,None,25,15,1,False,5029.445,GIO,99,None,None,4965.245,5003.596,5029.459,298.0,256.0,245.0,308.0,True,Alfa Romeo Racing,4935.962,2020-08-09T14:02:16.008000000,False,None,False,True,4890.265,25.8,57.0,1000.7,False,43.6,23,2.2
93.517,33,HARD,2,29.438,38.339,25.74,None,None,None,26,15,1,False,5122.962,GIO,99,None,5117.147,5058.897,5097.236,5122.976,298.0,258.0,None,310.0,True,Alfa Romeo Racing,5029.445,2020-08-09T14:03:49.491000000,False,None,False,False,5010.272,25.6,58.2,1000.8,False,43.2,2,2.0
112.24,34,MEDIUM,3,49.048,37.825,25.367,None,None,None,1,19,1,False,5235.202,GIO,99,5144.791,None,5172.024,5209.849,5235.216,297.0,257.0,247.0,308.0,False,Alfa Romeo Racing,5122.962,2020-08-09T14:05:23.008000000,False,None,False,False,5070.281,25.6,57.7,1000.8,False,43.2,14,1.8
93.64,35,MEDIUM,3,28.991,37.539,27.11,None,None,None,2,19,1,False,5328.842,GIO,99,None,None,5264.207,5301.746,5328.856,299.0,259.0,247.0,271.0,False,Alfa Romeo Racing,5235.202,2020-08-09T14:07:15.248000000,False,None,False,True,5190.281,26.0,56.8,1000.7,False,43.7,11,1.5
92.26,36,MEDIUM,3,29.03,37.703,25.527,None,None,None,3,19,1,True,5421.102,GIO,99,None,None,5357.886,5395.589,5421.116,315.0,257.0,246.0,309.0,False,Alfa Romeo Racing,5328.842,2020-08-09T14:08:48.888000000,False,None,False,True,5250.297,26.5,54.8,1000.7,False,45.1,25,2.4
91.826,37,MEDIUM,3,28.99,37.445,25.391,None,None,None,4,19,1,True,5512.928,GIO,99,None,None,5450.106,5487.551,5512.942,301.0,257.0,249.0,308.0,False,Alfa Romeo Racing,5421.102,2020-08-09T14:10:21.148000000,False,None,False,True,5370.329,26.8,54.5,1000.8,False,44.3,17,2.3
92.203,38,MEDIUM,3,29.009,37.668,25.526,None,None,None,5,19,1,False,5605.131,GIO,99,None,None,5541.951,5579.619,5605.145,299.0,257.0,247.0,301.0,False,Alfa Romeo Racing,5512.928,2020-08-09T14:11:52.974000000,False,None,False,True,5430.343,26.6,54.9,1000.7,False,44.0,17,3.4
92.135,39,MEDIUM,3,29.094,37.602,25.439,None,None,None,6,18,1,False,5697.266,GIO,99,None,None,5634.239,5671.841,5697.28,297.0,258.0,246.0,307.0,False,Alfa Romeo Racing,5605.131,2020-08-09T14:13:25.177000000,False,None,False,True,5550.337,26.4,55.3,1000.7,False,43.7,16,1.5
92.15,40,MEDIUM,3,29.188,37.543,25.419,None,None,None,7,17,1,False,5789.416,GIO,99,None,None,5726.468,5764.011,5789.43,293.0,258.0,247.0,307.0,False,Alfa Romeo Racing,5697.266,2020-08-09T14:14:57.312000000,False,None,False,True,5670.376,26.2,56.2,1000.7,False,43.6,2,1.7
93.817,41,MEDIUM,3,29.168,39.215,25.434,None,None,None,8,17,1,False,5883.233,GIO,99,None,None,5818.598,5857.813,5883.247,293.0,260.0,248.0,323.0,False,Alfa Romeo Racing,5789.416,2020-08-09T14:16:29.462000000,False,None,False,True,5730.374,26.3,55.7,1000.7,False,43.7,4,1.6
93.704,42,MEDIUM,3,29.314,37.589,26.801,None,None,None,9,17,1,False,5976.937,GIO,99,None,None,5912.561,5950.15,5976.951,296.0,258.0,249.0,308.0,False,Alfa Romeo Racing,5883.233,2020-08-09T14:18:03.279000000,False,None,False,True,5850.384,26.4,56.1,1000.7,False,43.7,48,1.8
92.134,43,MEDIUM,3,29.092,37.757,25.285,None,None,None,10,17,1,False,6069.071,GIO,99,None,None,6006.043,6043.8,6069.085,313.0,258.0,247.0,310.0,False,Alfa Romeo Racing,5976.937,2020-08-09T14:19:36.983000000,False,None,False,True,5910.382,26.2,56.5,1000.7,False,44.1,245,2.4
94.427,44,MEDIUM,3,29.471,39.393,25.563,None,None,None,11,17,1,False,6163.498,GIO,99,None,None,6098.556,6137.949,6163.512,247.0,259.0,248.0,313.0,False,Alfa Romeo Racing,6069.071,2020-08-09T14:21:09.117000000,False,None,False,True,6030.377,26.4,55.2,1000.7,False,44.3,15,2.0
92.108,45,MEDIUM,3,29.195,37.68,25.233,None,None,None,12,17,1,False,6255.606,GIO,99,None,None,6192.707,6230.387,6255.62,302.0,259.0,248.0,318.0,False,Alfa Romeo Racing,6163.498,2020-08-09T14:22:43.544000000,False,None,False,True,6090.37,26.2,56.6,1000.8,False,44.3,20,1.4
92.892,46,MEDIUM,3,29.221,37.616,26.055,None,None,None,13,18,1,False,6348.498,GIO,99,None,None,6284.841,6322.457,6348.512,299.0,260.0,248.0,313.0,False,Alfa Romeo Racing,6255.606,2020-08-09T14:24:15.652000000,False,None,False,True,6210.391,26.6,55.6,1000.7,False,43.9,28,1.4
92.758,47,MEDIUM,3,29.245,38.051,25.462,None,None,None,14,17,1,False,6441.256,GIO,99,None,None,6377.757,6415.808,6441.27,310.0,258.0,247.0,314.0,False,Alfa Romeo Racing,6348.498,2020-08-09T14:25:48.544000000,False,None,False,True,6270.377,26.8,54.3,1000.7,False,43.9,357,3.0
92.251,48,MEDIUM,3,29.148,37.733,25.37,None,None,None,15,17,1,False,6533.507,GIO,99,None,None,6470.418,6508.151,6533.521,298.0,258.0,247.0,312.0,False,Alfa Romeo Racing,6441.256,2020-08-09T14:27:21.302000000,False,None,False,True,6330.379,26.3,56.0,1000.6,False,43.7,42,3.1
92.207,49,MEDIUM,3,29.071,37.715,25.421,None,None,None,16,17,1,False,6625.714,GIO,99,None,None,6562.592,6600.307,6625.728,297.0,258.0,247.0,313.0,False,Alfa Romeo Racing,6533.507,2020-08-09T14:28:53.553000000,False,None,False,True,6451.381,26.2,56.4,1000.8,False,43.8,357,2.5
92.403,50,MEDIUM,3,29.235,37.787,25.381,None,None,None,17,17,1,False,6718.117,GIO,99,None,None,6654.963,6692.75,6718.131,297.0,257.0,248.0,313.0,False,Alfa Romeo Racing,6625.714,2020-08-09T14:30:25.760000000,False,None,False,True,6510.37,26.0,56.5,1000.7,False,43.6,349,2.2
92.13,51,MEDIUM,3,29.068,37.603,25.459,None,None,None,18,17,1,False,6810.247,GIO,99,None,None,6747.199,6784.802,6810.261,301.0,259.0,249.0,311.0,False,Alfa Romeo Racing,6718.117,2020-08-09T14:31:58.163000000,False,None,False,True,6630.387,25.9,57.4,1000.7,False,43.2,15,1.8
103.776,1,MEDIUM,1,None,40.698,26.948,None,None,None,4,16,12,False,2101.016,GRO,8,None,None,None,2074.182,2101.171,305.0,253.0,235.0,328.0,False,Haas F1 Team,1997.072,2020-08-09T13:13:17.118000000,False,None,False,False,2010.085,24.2,61.2,1001.1,False,42.9,13,3.2
95.593,2,MEDIUM,1,30.217,39.154,26.222,None,None,None,5,16,1,True,2196.609,GRO,8,None,None,2131.268,2170.422,2196.644,301.0,251.0,245.0,317.0,False,Haas F1 Team,2101.016,2020-08-09T13:15:01.062000000,False,None,False,True,2130.084,24.5,61.2,1001.1,False,42.6,5,3.7
95.375,3,MEDIUM,1,29.354,39.646,26.375,None,None,None,6,16,1,True,2291.984,GRO,8,None,None,2225.998,2265.644,2292.019,322.0,254.0,243.0,338.0,False,Haas F1 Team,2196.609,2020-08-09T13:16:36.655000000,False,None,False,True,2191.19,24.9,59.9,1001.2,False,42.8,19,1.9
95.218,4,MEDIUM,1,30.219,38.921,26.078,None,None,None,7,16,1,True,2387.202,GRO,8,None,None,2322.238,2361.159,2387.237,315.0,252.0,244.0,333.0,False,Haas F1 Team,2291.984,2020-08-09T13:18:12.030000000,False,None,False,True,2310.089,24.9,59.4,1001.0,False,43.1,295,2.0
94.982,5,MEDIUM,1,29.555,39.336,26.091,None,None,None,8,16,1,True,2482.184,GRO,8,None,None,2416.792,2456.128,2482.219,321.0,254.0,240.0,332.0,False,Haas F1 Team,2387.202,2020-08-09T13:19:47.248000000,False,None,False,True,2370.085,24.9,59.8,1001.0,False,43.0,11,1.9
94.547,6,MEDIUM,1,29.519,38.895,26.133,None,None,None,9,16,1,True,2576.731,GRO,8,None,None,2511.738,2550.633,2576.766,315.0,254.0,243.0,334.0,False,Haas F1 Team,2482.184,2020-08-09T13:21:22.230000000,False,None,False,True,2490.11,25.1,58.7,1001.0,False,43.3,18,2.4
94.402,7,MEDIUM,1,29.635,38.965,25.802,None,None,None,10,15,1,True,2671.133,GRO,8,None,None,2606.401,2645.366,2671.168,316.0,252.0,243.0,333.0,False,Haas F1 Team,2576.731,2020-08-09T13:22:56.777000000,False,None,False,True,2610.119,25.1,58.3,1001.0,False,43.1,6,3.0
93.97,8,MEDIUM,1,29.441,38.699,25.83,None,None,None,11,13,1,True,2765.103,GRO,8,None,None,2700.609,2739.308,2765.138,299.0,252.0,243.0,326.0,False,Haas F1 Team,2671.133,2020-08-09T13:24:31.179000000,False,None,False,True,2670.103,25.1,58.4,1001.0,False,43.1,285,3.0
93.996,9,MEDIUM,1,29.411,38.711,25.874,None,None,None,12,13,1,False,2859.099,GRO,8,None,None,2794.549,2833.26,2859.134,311.0,250.0,242.0,326.0,False,Haas F1 Team,2765.103,2020-08-09T13:26:05.149000000,False,None,False,True,2790.154,25.4,57.8,1000.9,False,43.4,3,2.3
93.802,10,MEDIUM,1,29.612,38.238,25.952,None,None,None,13,12,1,True,2952.901,GRO,8,None,None,2888.746,2926.984,2952.936,295.0,254.0,241.0,307.0,False,Haas F1 Team,2859.099,2020-08-09T13:27:39.145000000,False,None,False,True,2850.101,25.5,58.3,1001.0,False,43.8,7,2.1
93.576,11,MEDIUM,1,29.613,38.156,25.807,None,None,None,14,12,1,True,3046.477,GRO,8,None,None,2982.549,3020.705,3046.512,296.0,255.0,243.0,308.0,False,Haas F1 Team,2952.901,2020-08-09T13:29:12.947000000,False,None,False,True,2970.13,25.5,58.5,1000.9,False,44.0,22,2.1
92.947,12,MEDIUM,1,29.379,38.066,25.502,None,None,None,15,12,1,True,3139.424,GRO,8,None,None,3075.891,3113.957,3139.459,297.0,254.0,242.0,310.0,False,Haas F1 Team,3046.477,2020-08-09T13:30:46.523000000,False,None,False,True,3030.127,25.7,57.3,1000.9,False,44.0,10,3.0
93.42,13,MEDIUM,1,29.519,38.281,25.62,None,None,None,16,11,1,False,3232.844,GRO,8,None,None,3168.978,3207.259,3232.879,299.0,256.0,245.0,311.0,False,Haas F1 Team,3139.424,2020-08-09T13:32:19.470000000,False,None,False,True,3150.113,25.7,56.8,1000.9,False,43.5,330,1.3
93.107,14,MEDIUM,1,29.399,37.959,25.749,None,None,None,17,11,1,False,3325.951,GRO,8,None,None,3262.278,3300.237,3325.986,297.0,255.0,244.0,310.0,False,Haas F1 Team,3232.844,2020-08-09T13:33:52.890000000,False,None,False,True,3210.123,25.5,57.4,1000.9,False,42.9,343,1.8
93.416,15,MEDIUM,1,29.566,38.204,25.646,None,None,None,18,11,1,False,3419.367,GRO,8,None,None,3355.552,3393.756,3419.402,300.0,256.0,244.0,314.0,False,Haas F1 Team,3325.951,2020-08-09T13:35:25.997000000,False,None,False,True,3330.18,25.5,58.3,1000.7,False,43.3,28,2.2
93.438,16,MEDIUM,1,29.506,38.272,25.66,None,None,None,19,11,1,False,3512.805,GRO,8,None,None,3448.908,3487.18,3512.84,298.0,255.0,245.0,314.0,False,Haas F1 Team,3419.367,2020-08-09T13:36:59.413000000,False,None,False,True,3390.154,25.4,58.4,1000.9,False,43.5,61,2.3
94.198,17,MEDIUM,1,29.607,39.196,25.395,None,None,None,20,12,1,False,3607.003,GRO,8,None,3601.496,3542.447,3581.643,3607.038,306.0,253.0,None,322.0,False,Haas F1 Team,3512.805,2020-08-09T13:38:32.851000000,False,None,False,False,3510.14,25.4,58.5,1000.8,False,43.6,29,2.1
114.044,18,HARD,2,50.721,37.78,25.543,None,None,None,2,20,1,False,3721.047,GRO,8,3630.541,None,3657.759,3695.539,3721.082,294.0,258.0,246.0,313.0,False,Haas F1 Team,3607.003,2020-08-09T13:40:07.049000000,False,None,False,False,3570.133,25.2,59.1,1001.0,False,43.6,1,2.4
93.584,19,HARD,2,29.186,38.183,26.215,None,None,None,3,20,1,False,3814.631,GRO,8,None,None,3750.268,3788.451,3814.666,304.0,256.0,247.0,334.0,False,Haas F1 Team,3721.047,2020-08-09T13:42:01.093000000,False,None,False,True,3690.124,25.5,58.4,1000.9,False,43.9,6,1.8
94.435,20,HARD,2,29.238,39.514,25.683,None,None,None,4,19,1,False,3909.066,GRO,8,None,None,3843.904,3883.418,3909.101,318.0,253.0,245.0,334.0,False,Haas F1 Team,3814.631,2020-08-09T13:43:34.677000000,False,None,False,True,3810.162,25.5,57.8,1000.9,False,43.6,14,2.5
92.879,21,HARD,2,29.21,38.03,25.639,None,None,None,5,19,1,True,4001.945,GRO,8,None,None,3938.311,3976.341,4001.98,303.0,255.0,244.0,312.0,False,Haas F1 Team,3909.066,2020-08-09T13:45:09.112000000,False,None,False,True,3870.143,25.6,57.9,1000.8,False,44.0,22,2.3
93.439,22,HARD,2,29.239,38.163,26.037,None,None,None,6,19,1,False,4095.384,GRO,8,None,None,4031.219,4069.382,4095.419,302.0,255.0,242.0,311.0,False,Haas F1 Team,4001.945,2020-08-09T13:46:41.991000000,False,None,False,True,3990.133,25.8,56.8,1001.0,False,43.8,13,2.1
93.058,23,HARD,2,29.33,37.995,25.733,None,None,None,7,19,1,False,4188.442,GRO,8,None,None,4124.749,4162.744,4188.477,299.0,255.0,243.0,312.0,False,Haas F1 Team,4095.384,2020-08-09T13:48:15.430000000,False,None,False,True,4050.112,25.9,56.5,1000.9,False,43.8,4,1.0
93.338,24,HARD,2,29.417,38.174,25.747,None,None,None,8,18,1,False,4281.78,GRO,8,None,None,4217.894,4256.068,4281.815,301.0,256.0,244.0,315.0,False,Haas F1 Team,4188.442,2020-08-09T13:49:48.488000000,False,None,False,True,4170.17,26.4,54.7,1000.9,False,44.6,287,1.0
93.506,25,HARD,2,29.484,38.319,25.703,None,None,None,9,17,1,False,4375.286,GRO,8,None,None,4311.299,4349.618,4375.321,301.0,255.0,244.0,312.0,False,Haas F1 Team,4281.78,2020-08-09T13:51:21.826000000,False,None,False,True,4230.187,26.5,54.6,1000.9,False,44.6,33,1.8
93.548,26,HARD,2,29.463,38.332,25.753,None,None,None,10,17,1,False,4468.834,GRO,8,None,None,4404.784,4443.116,4468.869,306.0,255.0,243.0,315.0,False,Haas F1 Team,4375.286,2020-08-09T13:52:55.332000000,False,None,False,True,4350.19,26.6,54.5,1000.9,False,44.8,7,1.4
93.258,27,HARD,2,29.608,38.164,25.486,None,None,None,11,15,1,False,4562.092,GRO,8,None,None,4498.477,4536.641,4562.127,298.0,256.0,245.0,312.0,False,Haas F1 Team,4468.834,2020-08-09T13:54:28.880000000,False,None,False,True,4410.191,26.7,55.0,1000.9,False,44.4,9,3.0
92.988,28,HARD,2,29.325,38.015,25.648,None,None,None,12,15,1,False,4655.08,GRO,8,None,None,4591.452,4629.467,4655.115,300.0,256.0,244.0,315.0,False,Haas F1 Team,4562.092,2020-08-09T13:56:02.138000000,False,None,False,True,4530.212,26.2,56.5,1000.8,False,43.2,23,3.3
94.258,29,HARD,2,29.445,38.22,26.593,None,None,None,13,16,1,False,4749.338,GRO,8,None,None,4684.56,4722.78,4749.373,303.0,257.0,242.0,312.0,False,Haas F1 Team,4655.08,2020-08-09T13:57:35.126000000,True,TRACK LIMITS AT TURN 15,False,True,4650.232,25.9,56.8,1000.8,False,43.6,21,1.1
93.22,30,HARD,2,29.512,38.032,25.676,None,None,None,14,16,12,False,4842.558,GRO,8,None,None,4778.885,4816.917,4842.593,304.0,257.0,246.0,318.0,False,Haas F1 Team,4749.338,2020-08-09T13:59:09.384000000,False,None,False,True,4710.237,25.9,56.5,1000.9,False,43.6,14,1.5
94.165,31,HARD,2,29.54,38.578,26.047,None,None,None,15,16,21,False,4936.723,GRO,8,None,None,4872.133,4910.711,4936.758,319.0,252.0,246.0,328.0,False,Haas F1 Team,4842.558,2020-08-09T14:00:42.604000000,False,None,False,True,4830.313,25.8,57.1,1000.8,False,43.6,38,2.0
93.399,32,HARD,2,29.181,38.27,25.948,None,None,None,16,16,1,False,5030.122,GRO,8,None,None,4965.939,5004.209,5030.157,314.0,257.0,245.0,328.0,False,Haas F1 Team,4936.723,2020-08-09T14:02:16.769000000,False,None,False,True,4890.265,25.8,57.0,1000.7,False,43.6,23,2.2
93.387,33,HARD,2,29.276,38.286,25.825,None,None,None,17,16,1,False,5123.509,GRO,8,None,None,5059.433,5097.719,5123.544,314.0,256.0,244.0,329.0,False,Haas F1 Team,5030.122,2020-08-09T14:03:50.168000000,False,None,False,True,5010.272,25.6,58.2,1000.8,False,43.2,2,2.0
92.475,34,HARD,2,29.271,37.642,25.562,None,None,None,18,15,1,True,5215.984,GRO,8,None,None,5152.815,5190.457,5216.019,300.0,257.0,244.0,312.0,False,Haas F1 Team,5123.509,2020-08-09T14:05:23.555000000,False,None,False,True,5070.281,25.6,57.7,1000.8,False,43.2,14,1.8
92.938,35,HARD,2,29.233,38.166,25.539,None,None,None,19,15,1,False,5308.922,GRO,8,None,None,5245.252,5283.418,5308.957,301.0,255.0,244.0,312.0,False,Haas F1 Team,5215.984,2020-08-09T14:06:56.030000000,False,None,False,True,5190.281,26.0,56.8,1000.7,False,43.7,11,1.5
92.449,36,HARD,2,29.242,37.699,25.508,None,None,None,20,14,1,True,5401.371,GRO,8,None,None,5338.199,5375.898,5401.406,301.0,258.0,244.0,309.0,False,Haas F1 Team,5308.922,2020-08-09T14:08:28.968000000,False,None,False,True,5250.297,26.5,54.8,1000.7,False,45.1,25,2.4
92.593,37,HARD,2,29.295,37.747,25.551,None,None,None,21,14,1,False,5493.964,GRO,8,None,None,5430.701,5468.448,5493.999,302.0,258.0,245.0,309.0,False,Haas F1 Team,5401.371,2020-08-09T14:10:01.417000000,False,None,False,True,5370.329,26.8,54.5,1000.8,False,44.3,17,2.3
92.097,38,HARD,2,29.432,37.904,24.761,None,None,None,22,14,1,False,5586.061,GRO,8,None,5580.219,5523.431,5561.335,5586.096,300.0,256.0,None,306.0,False,Haas F1 Team,5493.964,2020-08-09T14:11:34.010000000,False,None,False,False,5430.343,26.6,54.9,1000.7,False,44.0,17,3.4
116.257,39,HARD,3,51.207,37.969,27.081,None,None,None,1,19,1,False,5702.318,GRO,8,5610.014,None,5637.303,5675.272,5702.353,294.0,260.0,248.0,309.0,True,Haas F1 Team,5586.061,2020-08-09T14:13:06.107000000,False,None,False,False,5550.337,26.4,55.3,1000.7,False,43.7,16,1.5
91.217,40,HARD,3,29.018,37.114,25.085,None,None,None,2,18,1,True,5793.535,GRO,8,None,None,5731.371,5768.485,5793.57,301.0,259.0,248.0,315.0,True,Haas F1 Team,5702.318,2020-08-09T14:15:02.364000000,False,None,False,True,5670.376,26.2,56.2,1000.7,False,43.6,2,1.7
93.192,41,HARD,3,28.969,37.309,26.914,None,None,None,3,18,1,False,5886.727,GRO,8,None,None,5822.539,5859.848,5886.762,299.0,260.0,248.0,314.0,True,Haas F1 Team,5793.535,2020-08-09T14:16:33.581000000,False,None,False,True,5730.374,26.3,55.7,1000.7,False,43.7,4,1.6
94.229,42,HARD,3,29.024,39.618,25.587,None,None,None,4,18,1,False,5980.956,GRO,8,None,None,5915.786,5955.404,5980.991,304.0,261.0,246.0,328.0,True,Haas F1 Team,5886.727,2020-08-09T14:18:06.773000000,False,None,False,True,5850.384,26.4,56.1,1000.7,False,43.7,48,1.8
91.865,43,HARD,3,29.404,37.366,25.095,None,None,None,5,18,1,False,6072.821,GRO,8,None,None,6010.395,6047.761,6072.856,319.0,257.0,249.0,314.0,True,Haas F1 Team,5980.956,2020-08-09T14:19:41.002000000,False,None,False,True,5910.382,26.2,56.5,1000.7,False,44.1,245,2.4
91.539,44,HARD,3,28.937,37.435,25.167,None,None,None,6,18,1,False,6164.36,GRO,8,None,None,6101.793,6139.228,6164.395,302.0,260.0,249.0,317.0,True,Haas F1 Team,6072.821,2020-08-09T14:21:12.867000000,False,None,False,True,6030.377,26.4,55.2,1000.7,False,44.3,15,2.0
91.918,45,HARD,3,28.835,37.717,25.366,None,None,None,7,18,1,False,6256.278,GRO,8,None,None,6193.23,6230.947,6256.313,317.0,257.0,248.0,333.0,True,Haas F1 Team,6164.36,2020-08-09T14:22:44.406000000,False,None,False,True,6090.37,26.2,56.6,1000.8,False,44.3,20,1.4
91.647,46,HARD,3,28.958,37.706,24.983,None,None,None,8,17,1,False,6347.925,GRO,8,None,None,6285.271,6322.977,6347.96,318.0,263.0,247.0,335.0,True,Haas F1 Team,6256.278,2020-08-09T14:24:16.324000000,False,None,False,True,6210.391,26.6,55.6,1000.7,False,43.9,28,1.4
91.277,47,HARD,3,28.836,37.449,24.992,None,None,None,9,16,1,False,6439.202,GRO,8,None,None,6376.796,6414.245,6439.237,300.0,260.0,247.0,315.0,True,Haas F1 Team,6347.925,2020-08-09T14:25:47.971000000,False,None,False,True,6270.377,26.8,54.3,1000.7,False,43.9,357,3.0
91.078,48,HARD,3,28.991,37.19,24.897,None,None,None,10,16,1,True,6530.28,GRO,8,None,None,6468.228,6505.418,6530.315,302.0,259.0,248.0,315.0,True,Haas F1 Team,6439.202,2020-08-09T14:27:19.248000000,False,None,False,True,6330.379,26.3,56.0,1000.6,False,43.7,42,3.1
92.288,49,HARD,3,28.997,37.67,25.621,None,None,None,11,16,1,False,6622.568,GRO,8,None,None,6559.312,6596.982,6622.603,305.0,261.0,246.0,333.0,True,Haas F1 Team,6530.28,2020-08-09T14:28:50.326000000,False,None,False,True,6451.381,26.2,56.4,1000.8,False,43.8,357,2.5
91.086,50,HARD,3,29.038,37.143,24.905,None,None,None,12,16,1,False,6713.654,GRO,8,None,None,6651.641,6688.784,6713.689,299.0,261.0,247.0,311.0,True,Haas F1 Team,6622.568,2020-08-09T14:30:22.614000000,False,None,False,True,6510.37,26.0,56.5,1000.7,False,43.6,349,2.2
90.793,51,HARD,3,28.796,37.016,24.981,None,None,None,13,16,1,True,6804.447,GRO,8,None,None,6742.485,6779.501,6804.482,299.0,261.0,248.0,310.0,True,Haas F1 Team,6713.654,2020-08-09T14:31:53.700000000,False,None,False,True,6630.387,25.9,57.4,1000.7,False,43.2,15,1.8
93.847,1,MEDIUM,1,None,37.663,25.038,None,None,None,4,2,12,False,2091.087,HAM,44,None,None,None,2066.144,2091.264,303.0,262.0,247.0,312.0,False,Mercedes,1997.072,2020-08-09T13:13:17.118000000,False,None,False,False,2010.085,24.2,61.2,1001.1,False,42.9,13,3.2
91.44,2,MEDIUM,1,29.012,37.233,25.195,None,None,None,5,2,1,True,2182.527,HAM,44,None,None,2120.115,2157.348,2182.543,293.0,258.0,249.0,307.0,False,Mercedes,2091.087,2020-08-09T13:14:51.133000000,False,None,False,True,2130.084,24.5,61.2,1001.1,False,42.6,5,3.7
91.448,3,MEDIUM,1,28.793,37.461,25.194,None,None,None,6,2,1,False,2273.975,HAM,44,None,None,2211.336,2248.797,2273.991,309.0,263.0,248.0,328.0,False,Mercedes,2182.527,2020-08-09T13:16:22.573000000,False,None,False,True,2191.19,24.9,59.9,1001.2,False,42.8,19,1.9
91.859,4,MEDIUM,1,29.019,37.573,25.267,None,None,None,7,2,1,False,2365.834,HAM,44,None,None,2303.01,2340.583,2365.85,307.0,261.0,247.0,320.0,False,Mercedes,2273.975,2020-08-09T13:17:54.021000000,False,None,False,True,2310.089,24.9,59.4,1001.0,False,43.1,295,2.0
92.698,5,MEDIUM,1,29.285,37.926,25.487,None,None,None,8,2,1,False,2458.532,HAM,44,None,None,2395.135,2433.061,2458.548,293.0,258.0,247.0,306.0,False,Mercedes,2365.834,2020-08-09T13:19:25.880000000,False,None,False,True,2370.085,24.9,59.8,1001.0,False,43.0,11,1.9
92.401,6,MEDIUM,1,29.214,37.533,25.654,None,None,None,9,2,1,False,2550.933,HAM,44,None,None,2487.762,2525.295,2550.949,291.0,259.0,246.0,304.0,False,Mercedes,2458.532,2020-08-09T13:20:58.578000000,False,None,False,True,2490.11,25.1,58.7,1001.0,False,43.3,18,2.4
92.352,7,MEDIUM,1,29.269,37.61,25.473,None,None,None,10,2,1,False,2643.285,HAM,44,None,None,2580.218,2617.828,2643.301,291.0,259.0,246.0,306.0,False,Mercedes,2550.933,2020-08-09T13:22:30.979000000,False,None,False,True,2610.119,25.1,58.3,1001.0,False,43.1,6,3.0
92.481,8,MEDIUM,1,29.259,37.665,25.557,None,None,None,11,2,1,False,2735.766,HAM,44,None,None,2672.56,2710.225,2735.782,295.0,258.0,247.0,312.0,False,Mercedes,2643.285,2020-08-09T13:24:03.331000000,False,None,False,True,2670.103,25.1,58.4,1001.0,False,43.1,285,3.0
92.685,9,MEDIUM,1,29.309,37.774,25.602,None,None,None,12,2,1,False,2828.451,HAM,44,None,None,2765.091,2802.865,2828.467,293.0,258.0,247.0,306.0,False,Mercedes,2735.766,2020-08-09T13:25:35.812000000,False,None,False,True,2790.154,25.4,57.8,1000.9,False,43.4,3,2.3
92.615,10,MEDIUM,1,29.343,37.683,25.589,None,None,None,13,2,1,False,2921.066,HAM,44,None,None,2857.81,2895.493,2921.082,293.0,258.0,247.0,307.0,False,Mercedes,2828.451,2020-08-09T13:27:08.497000000,False,None,False,True,2850.101,25.5,58.3,1001.0,False,43.8,7,2.1
92.752,11,MEDIUM,1,29.335,37.72,25.697,None,None,None,14,2,1,False,3013.818,HAM,44,None,None,2950.417,2988.137,3013.834,294.0,257.0,245.0,308.0,False,Mercedes,2921.066,2020-08-09T13:28:41.112000000,False,None,False,True,2970.13,25.5,58.5,1000.9,False,44.0,22,2.1
92.891,12,MEDIUM,1,29.445,37.936,25.51,None,None,None,15,2,1,False,3106.709,HAM,44,None,None,3043.279,3081.215,3106.725,292.0,257.0,246.0,306.0,False,Mercedes,3013.818,2020-08-09T13:30:13.864000000,False,None,False,True,3030.127,25.7,57.3,1000.9,False,44.0,10,3.0
92.782,13,MEDIUM,1,29.45,37.838,25.494,None,None,None,16,2,1,False,3199.491,HAM,44,None,None,3136.175,3174.013,3199.507,291.0,257.0,246.0,308.0,False,Mercedes,3106.709,2020-08-09T13:31:46.755000000,False,None,False,True,3150.113,25.7,56.8,1000.9,False,43.5,330,1.3
91.888,14,MEDIUM,1,29.316,37.675,24.897,None,None,None,17,1,1,False,3291.379,HAM,44,None,3285.554,3228.823,3266.498,3291.395,287.0,260.0,None,304.0,False,Mercedes,3199.491,2020-08-09T13:33:19.537000000,False,None,False,False,3210.123,25.5,57.4,1000.9,False,42.9,343,1.8
110.491,15,HARD,2,49.157,36.882,24.452,None,None,None,1,5,1,False,3401.87,HAM,44,3313.932,None,3340.552,3377.434,3401.886,295.0,263.0,249.0,340.0,True,Mercedes,3291.379,2020-08-09T13:34:51.425000000,False,None,False,False,3330.18,25.5,58.3,1000.7,False,43.3,28,2.2
91.423,16,HARD,2,29.159,37.288,24.976,None,None,None,2,4,1,True,3493.293,HAM,44,None,None,3431.045,3468.333,3493.309,288.0,260.0,249.0,304.0,True,Mercedes,3401.87,2020-08-09T13:36:41.916000000,False,None,False,True,3390.154,25.4,58.4,1000.9,False,43.5,61,2.3
91.441,17,HARD,2,29.142,37.361,24.938,None,None,None,3,4,1,False,3584.734,HAM,44,None,None,3522.451,3559.812,3584.75,289.0,261.0,248.0,304.0,True,Mercedes,3493.293,2020-08-09T13:38:13.339000000,False,None,False,True,3510.14,25.4,58.5,1000.8,False,43.6,29,2.1
91.595,18,HARD,2,28.997,37.422,25.176,None,None,None,4,4,1,False,3676.329,HAM,44,None,None,3613.747,3651.169,3676.345,288.0,260.0,247.0,301.0,True,Mercedes,3584.734,2020-08-09T13:39:44.780000000,False,None,False,True,3570.133,25.2,59.1,1001.0,False,43.6,1,2.4
91.602,19,HARD,2,29.002,37.448,25.152,None,None,None,5,3,1,False,3767.931,HAM,44,None,None,3705.347,3742.795,3767.947,289.0,261.0,248.0,304.0,True,Mercedes,3676.329,2020-08-09T13:41:16.375000000,False,None,False,True,3690.124,25.5,58.4,1000.9,False,43.9,6,1.8
92.118,20,HARD,2,28.995,37.88,25.243,None,None,None,6,3,1,False,3860.049,HAM,44,None,None,3796.942,3834.822,3860.065,292.0,259.0,247.0,305.0,True,Mercedes,3767.931,2020-08-09T13:42:47.977000000,False,None,False,True,3810.162,25.5,57.8,1000.9,False,43.6,14,2.5
92.435,21,HARD,2,29.343,37.867,25.225,None,None,None,7,3,1,False,3952.484,HAM,44,None,None,3889.408,3927.275,3952.5,294.0,260.0,247.0,309.0,True,Mercedes,3860.049,2020-08-09T13:44:20.095000000,False,None,False,True,3870.143,25.6,57.9,1000.8,False,44.0,22,2.3
92.213,22,HARD,2,29.157,37.822,25.234,None,None,None,8,3,1,False,4044.697,HAM,44,None,None,3981.657,4019.479,4044.713,293.0,258.0,248.0,305.0,True,Mercedes,3952.484,2020-08-09T13:45:52.530000000,False,None,False,True,3990.133,25.8,56.8,1001.0,False,43.8,13,2.1
92.175,23,HARD,2,29.156,37.676,25.343,None,None,None,9,3,1,False,4136.872,HAM,44,None,None,4073.869,4111.545,4136.888,293.0,257.0,248.0,305.0,True,Mercedes,4044.697,2020-08-09T13:47:24.743000000,False,None,False,True,4050.112,25.9,56.5,1000.9,False,43.8,4,1.0
93.531,24,HARD,2,29.477,38.457,25.597,None,None,None,10,3,1,False,4230.403,HAM,44,None,None,4166.365,4204.822,4230.419,289.0,257.0,247.0,301.0,True,Mercedes,4136.872,2020-08-09T13:48:56.918000000,False,None,False,True,4170.17,26.4,54.7,1000.9,False,44.6,287,1.0
92.658,25,HARD,2,29.451,37.951,25.256,None,None,None,11,3,1,False,4323.061,HAM,44,None,None,4259.87,4297.821,4323.077,292.0,259.0,248.0,306.0,True,Mercedes,4230.403,2020-08-09T13:50:30.449000000,False,None,False,True,4230.187,26.5,54.6,1000.9,False,44.6,33,1.8
92.333,26,HARD,2,29.43,37.638,25.265,None,None,None,12,3,1,False,4415.394,HAM,44,None,None,4352.507,4390.145,4415.41,291.0,259.0,248.0,307.0,True,Mercedes,4323.061,2020-08-09T13:52:03.107000000,False,None,False,True,4350.19,26.6,54.5,1000.9,False,44.8,7,1.4
92.341,27,HARD,2,29.314,37.846,25.181,None,None,None,13,3,1,False,4507.735,HAM,44,None,None,4444.724,4482.57,4507.751,292.0,260.0,248.0,308.0,True,Mercedes,4415.394,2020-08-09T13:53:35.440000000,False,None,False,True,4410.191,26.7,55.0,1000.9,False,44.4,9,3.0
91.643,28,HARD,2,29.261,37.409,24.973,None,None,None,14,3,1,False,4599.378,HAM,44,None,None,4537.012,4574.421,4599.394,290.0,261.0,249.0,308.0,True,Mercedes,4507.735,2020-08-09T13:55:07.781000000,False,None,False,True,4530.212,26.2,56.5,1000.8,False,43.2,23,3.3
91.702,29,HARD,2,29.151,37.395,25.156,None,None,None,15,3,1,False,4691.08,HAM,44,None,None,4628.545,4665.94,4691.096,290.0,261.0,247.0,306.0,True,Mercedes,4599.378,2020-08-09T13:56:39.424000000,False,None,False,True,4650.232,25.9,56.8,1000.8,False,43.6,21,1.1
91.217,30,HARD,2,29.067,37.003,25.147,None,None,None,16,3,1,True,4782.297,HAM,44,None,None,4720.163,4757.166,4782.313,293.0,262.0,248.0,310.0,True,Mercedes,4691.08,2020-08-09T13:58:11.126000000,False,None,False,True,4710.237,25.9,56.5,1000.9,False,43.6,14,1.5
91.325,31,HARD,2,29.099,37.116,25.11,None,None,None,17,3,12,False,4873.622,HAM,44,None,None,4811.412,4848.528,4873.638,290.0,261.0,247.0,308.0,True,Mercedes,4782.297,2020-08-09T13:59:42.343000000,False,None,False,True,4830.313,25.8,57.1,1000.8,False,43.6,38,2.0
90.688,32,HARD,2,28.841,36.906,24.941,None,None,None,18,3,1,True,4964.31,HAM,44,None,None,4902.479,4939.385,4964.326,293.0,261.0,248.0,306.0,True,Mercedes,4873.622,2020-08-09T14:01:13.668000000,False,None,False,True,4890.265,25.8,57.0,1000.7,False,43.6,23,2.2
90.705,33,HARD,2,28.776,36.971,24.958,None,None,None,19,1,1,False,5055.015,HAM,44,None,None,4993.102,5030.073,5055.031,290.0,261.0,248.0,305.0,True,Mercedes,4964.31,2020-08-09T14:02:44.356000000,False,None,False,True,5010.272,25.6,58.2,1000.8,False,43.2,2,2.0
90.701,34,HARD,2,28.866,36.87,24.965,None,None,None,20,1,1,False,5145.716,HAM,44,None,None,5083.897,5120.767,5145.732,295.0,262.0,246.0,309.0,True,Mercedes,5055.015,2020-08-09T14:04:15.061000000,False,None,False,True,5070.281,25.6,57.7,1000.8,False,43.2,14,1.8
91.101,35,HARD,2,29.0,37.012,25.089,None,None,None,21,1,1,False,5236.817,HAM,44,None,None,5174.732,5211.744,5236.833,292.0,259.0,248.0,310.0,True,Mercedes,5145.716,2020-08-09T14:05:45.762000000,False,None,False,True,5190.281,26.0,56.8,1000.7,False,43.7,11,1.5
91.118,36,HARD,2,28.907,37.028,25.183,None,None,None,22,1,1,False,5327.935,HAM,44,None,None,5265.74,5302.768,5327.951,296.0,259.0,247.0,313.0,True,Mercedes,5236.817,2020-08-09T14:07:16.863000000,False,None,False,True,5250.297,26.5,54.8,1000.7,False,45.1,25,2.4
91.045,37,HARD,2,29.012,37.02,25.013,None,None,None,23,1,1,False,5418.98,HAM,44,None,None,5356.963,5393.983,5418.996,293.0,260.0,247.0,306.0,True,Mercedes,5327.935,2020-08-09T14:08:47.981000000,False,None,False,True,5370.329,26.8,54.5,1000.8,False,44.3,17,2.3
90.785,38,HARD,2,28.926,36.902,24.957,None,None,None,24,1,1,False,5509.765,HAM,44,None,None,5447.922,5484.824,5509.781,295.0,261.0,249.0,308.0,True,Mercedes,5418.98,2020-08-09T14:10:19.026000000,False,None,False,True,5430.343,26.6,54.9,1000.7,False,44.0,17,3.4
91.077,39,HARD,2,28.966,37.028,25.083,None,None,None,25,1,1,False,5600.842,HAM,44,None,None,5538.747,5575.775,5600.858,290.0,261.0,249.0,304.0,True,Mercedes,5509.765,2020-08-09T14:11:49.811000000,False,None,False,True,5550.337,26.4,55.3,1000.7,False,43.7,16,1.5
91.348,40,HARD,2,29.094,37.112,25.142,None,None,None,26,1,1,False,5692.19,HAM,44,None,None,5629.952,5667.064,5692.206,292.0,261.0,248.0,309.0,True,Mercedes,5600.842,2020-08-09T14:13:20.888000000,False,None,False,True,5670.376,26.2,56.2,1000.7,False,43.6,2,1.7
91.236,41,HARD,2,29.094,37.193,24.949,None,None,None,27,1,1,False,5783.426,HAM,44,None,5776.99,None,5758.493,5783.442,292.0,261.0,None,312.0,True,Mercedes,5692.19,2020-08-09T14:14:52.236000000,False,None,False,False,5730.374,26.3,55.7,1000.7,False,43.7,4,1.6
109.543,42,HARD,3,49.309,35.923,24.311,None,None,None,1,4,1,False,5892.969,HAM,44,5806.577,None,5832.751,5868.674,5892.985,290.0,265.0,252.0,311.0,True,Mercedes,5783.426,2020-08-09T14:16:23.472000000,False,None,False,False,5850.384,26.4,56.1,1000.7,False,43.7,48,1.8
88.451,43,HARD,3,28.333,35.694,24.424,None,None,None,2,4,1,True,5981.42,HAM,44,None,None,5921.318,5957.012,5981.436,293.0,266.0,254.0,310.0,True,Mercedes,5892.969,2020-08-09T14:18:13.015000000,False,None,False,True,5910.382,26.2,56.5,1000.7,False,44.1,245,2.4
89.625,44,HARD,3,28.403,36.091,25.131,None,None,None,3,4,1,False,6071.045,HAM,44,None,None,6009.839,6045.93,6071.061,295.0,262.0,255.0,310.0,True,Mercedes,5981.42,2020-08-09T14:19:41.466000000,False,None,False,True,6030.377,26.4,55.2,1000.7,False,44.3,15,2.0
89.997,45,HARD,3,28.465,37.123,24.409,None,None,None,4,3,1,False,6161.042,HAM,44,None,None,6099.526,6136.649,6161.058,318.0,269.0,253.0,323.0,True,Mercedes,6071.045,2020-08-09T14:21:11.091000000,False,None,False,True,6090.37,26.2,56.6,1000.8,False,44.3,20,1.4
88.599,46,HARD,3,28.328,35.784,24.487,None,None,None,5,3,1,False,6249.641,HAM,44,None,None,6189.386,6225.17,6249.657,288.0,267.0,251.0,307.0,True,Mercedes,6161.042,2020-08-09T14:22:41.088000000,False,None,False,True,6210.391,26.6,55.6,1000.7,False,43.9,28,1.4
89.363,47,HARD,3,28.492,36.105,24.766,None,None,None,6,3,1,False,6339.004,HAM,44,None,None,6278.149,6314.254,6339.02,291.0,262.0,253.0,319.0,True,Mercedes,6249.641,2020-08-09T14:24:09.687000000,False,None,False,True,6270.377,26.8,54.3,1000.7,False,43.9,357,3.0
88.882,48,HARD,3,28.396,36.062,24.424,None,None,None,7,3,1,False,6427.886,HAM,44,None,None,6367.416,6403.478,6427.902,301.0,265.0,254.0,311.0,True,Mercedes,6339.004,2020-08-09T14:25:39.050000000,False,None,False,True,6330.379,26.3,56.0,1000.6,False,43.7,42,3.1
89.887,49,HARD,3,28.477,36.393,25.017,None,None,None,8,3,1,False,6517.773,HAM,44,None,None,6456.379,6492.772,6517.789,310.0,269.0,255.0,331.0,True,Mercedes,6427.886,2020-08-09T14:27:07.932000000,False,None,False,True,6451.381,26.2,56.4,1000.8,False,43.8,357,2.5
89.795,50,HARD,3,28.78,36.354,24.661,None,None,None,9,2,1,False,6607.568,HAM,44,None,None,6546.569,6582.923,6607.584,305.0,264.0,249.0,303.0,True,Mercedes,6517.773,2020-08-09T14:28:37.819000000,False,None,False,True,6510.37,26.0,56.5,1000.7,False,43.6,349,2.2
90.613,51,HARD,3,28.971,36.796,24.846,None,None,None,10,2,1,False,6698.181,HAM,44,None,None,6636.555,6673.351,6698.197,289.0,263.0,247.0,305.0,True,Mercedes,6607.568,2020-08-09T14:30:07.614000000,False,None,False,True,6630.387,25.9,57.4,1000.7,False,43.2,15,1.8
92.378,52,HARD,3,29.081,38.037,25.26,None,None,None,11,2,1,False,6790.559,HAM,44,None,None,6727.278,6765.315,6790.575,292.0,259.0,245.0,307.0,True,Mercedes,6698.181,2020-08-09T14:31:38.227000000,False,None,False,True,6690.398,26.0,57.4,1000.8,False,43.3,337,1.5
96.138,1,MEDIUM,1,None,38.015,25.423,None,None,None,4,4,12,False,2093.378,HUL,27,None,None,None,2068.044,2093.54,310.0,258.0,249.0,316.0,False,Racing Point,1997.072,2020-08-09T13:13:17.118000000,False,None,False,False,2010.085,24.2,61.2,1001.1,False,42.9,13,3.2
92.833,2,MEDIUM,1,29.231,38.213,25.389,None,None,None,5,4,1,True,2186.211,HUL,27,None,None,2122.631,2160.844,2186.233,296.0,258.0,249.0,307.0,False,Racing Point,2093.378,2020-08-09T13:14:53.424000000,False,None,False,True,2130.084,24.5,61.2,1001.1,False,42.6,5,3.7
92.482,3,MEDIUM,1,29.091,37.899,25.492,None,None,None,6,4,1,True,2278.693,HUL,27,None,None,2215.324,2253.223,2278.715,293.0,258.0,247.0,306.0,False,Racing Point,2186.211,2020-08-09T13:16:26.257000000,False,None,False,True,2191.19,24.9,59.9,1001.2,False,42.8,19,1.9
93.226,4,MEDIUM,1,29.313,38.116,25.797,None,None,None,7,4,1,False,2371.919,HUL,27,None,None,2308.028,2346.144,2371.941,288.0,257.0,247.0,298.0,False,Racing Point,2278.693,2020-08-09T13:17:58.739000000,False,None,False,True,2310.089,24.9,59.4,1001.0,False,43.1,295,2.0
92.868,5,MEDIUM,1,29.195,38.032,25.641,None,None,None,8,4,1,False,2464.787,HUL,27,None,None,2401.136,2439.168,2464.809,292.0,256.0,247.0,303.0,False,Racing Point,2371.919,2020-08-09T13:19:31.965000000,False,None,False,True,2370.085,24.9,59.8,1001.0,False,43.0,11,1.9
92.989,6,MEDIUM,1,29.315,37.91,25.764,None,None,None,9,4,1,False,2557.776,HUL,27,None,None,2494.124,2532.034,2557.798,287.0,257.0,247.0,299.0,False,Racing Point,2464.787,2020-08-09T13:21:04.833000000,False,None,False,True,2490.11,25.1,58.7,1001.0,False,43.3,18,2.4
93.492,7,MEDIUM,1,29.511,38.219,25.762,None,None,None,10,4,1,False,2651.268,HUL,27,None,None,2587.309,2625.528,2651.29,288.0,255.0,246.0,300.0,False,Racing Point,2557.776,2020-08-09T13:22:37.822000000,False,None,False,True,2610.119,25.1,58.3,1001.0,False,43.1,6,3.0
93.277,8,MEDIUM,1,29.549,38.081,25.647,None,None,None,11,4,1,False,2744.545,HUL,27,None,None,2680.839,2718.92,2744.567,289.0,257.0,247.0,307.0,False,Racing Point,2651.268,2020-08-09T13:24:11.314000000,False,None,False,True,2670.103,25.1,58.4,1001.0,False,43.1,285,3.0
93.05,9,MEDIUM,1,29.396,37.952,25.702,None,None,None,12,4,1,False,2837.595,HUL,27,None,None,2773.963,2811.915,2837.617,289.0,256.0,249.0,302.0,False,Racing Point,2744.545,2020-08-09T13:25:44.591000000,False,None,False,True,2790.154,25.4,57.8,1000.9,False,43.4,3,2.3
92.848,10,MEDIUM,1,29.483,37.664,25.701,None,None,None,13,4,1,False,2930.443,HUL,27,None,None,2867.1,2904.764,2930.465,286.0,257.0,249.0,298.0,False,Racing Point,2837.595,2020-08-09T13:27:17.641000000,False,None,False,True,2850.101,25.5,58.3,1001.0,False,43.8,7,2.1
92.493,11,MEDIUM,1,29.301,37.622,25.57,None,None,None,14,4,1,False,3022.936,HUL,27,None,None,2959.766,2997.388,3022.958,289.0,257.0,247.0,302.0,False,Racing Point,2930.443,2020-08-09T13:28:50.489000000,False,None,False,True,2970.13,25.5,58.5,1000.9,False,44.0,22,2.1
92.962,12,MEDIUM,1,29.334,37.926,25.702,None,None,None,15,4,1,False,3115.898,HUL,27,None,None,3052.292,3090.218,3115.92,288.0,256.0,247.0,299.0,False,Racing Point,3022.936,2020-08-09T13:30:22.982000000,False,None,False,True,3030.127,25.7,57.3,1000.9,False,44.0,10,3.0
92.548,13,MEDIUM,1,29.315,37.725,25.508,None,None,None,16,4,1,False,3208.446,HUL,27,None,None,3145.235,3182.96,3208.468,289.0,256.0,247.0,304.0,False,Racing Point,3115.898,2020-08-09T13:31:55.944000000,False,None,False,True,3150.113,25.7,56.8,1000.9,False,43.5,330,1.3
92.339,14,MEDIUM,1,29.247,37.6,25.492,None,None,None,17,3,1,True,3300.785,HUL,27,None,None,3237.715,3275.315,3300.807,289.0,257.0,247.0,303.0,False,Racing Point,3208.446,2020-08-09T13:33:28.492000000,False,None,False,True,3210.123,25.5,57.4,1000.9,False,42.9,343,1.8
91.718,15,MEDIUM,1,29.237,37.406,25.075,None,None,None,18,2,1,False,3392.503,HUL,27,None,3386.686,3330.044,3367.45,3392.525,292.0,258.0,None,305.0,False,Racing Point,3300.785,2020-08-09T13:35:00.831000000,False,None,False,False,3330.18,25.5,58.3,1000.7,False,43.3,28,2.2
111.76,16,HARD,2,49.202,37.337,25.221,None,None,None,1,7,1,False,3504.263,HUL,27,3415.684,None,3441.727,3479.064,3504.285,289.0,261.0,250.0,306.0,True,Racing Point,3392.503,2020-08-09T13:36:32.549000000,False,None,False,False,3390.154,25.4,58.4,1000.9,False,43.5,61,2.3
91.99,17,HARD,2,29.226,37.449,25.315,None,None,None,2,7,1,True,3596.253,HUL,27,None,None,3533.511,3570.96,3596.275,288.0,260.0,251.0,302.0,True,Racing Point,3504.263,2020-08-09T13:38:24.309000000,False,None,False,True,3510.14,25.4,58.5,1000.8,False,43.6,29,2.1
91.996,18,HARD,2,29.046,37.494,25.456,None,None,None,3,7,1,False,3688.249,HUL,27,None,None,3625.321,3662.815,3688.271,291.0,260.0,247.0,303.0,True,Racing Point,3596.253,2020-08-09T13:39:56.299000000,False,None,False,True,3570.133,25.2,59.1,1001.0,False,43.6,1,2.4
92.311,19,HARD,2,29.264,37.563,25.484,None,None,None,4,5,1,False,3780.56,HUL,27,None,None,3717.535,3755.098,3780.582,288.0,259.0,249.0,304.0,True,Racing Point,3688.249,2020-08-09T13:41:28.295000000,False,None,False,True,3690.124,25.5,58.4,1000.9,False,43.9,6,1.8
92.024,20,HARD,2,29.042,37.574,25.408,None,None,None,5,5,1,False,3872.584,HUL,27,None,None,3809.624,3847.198,3872.606,296.0,262.0,249.0,325.0,True,Racing Point,3780.56,2020-08-09T13:43:00.606000000,False,None,False,True,3810.162,25.5,57.8,1000.9,False,43.6,14,2.5
92.539,21,HARD,2,28.999,38.118,25.422,None,None,None,6,5,1,False,3965.123,HUL,27,None,None,3901.605,3939.723,3965.145,310.0,259.0,243.0,325.0,True,Racing Point,3872.584,2020-08-09T13:44:32.630000000,False,None,False,True,3870.143,25.6,57.9,1000.8,False,44.0,22,2.3
92.855,22,HARD,2,29.104,38.176,25.575,None,None,None,7,5,1,False,4057.978,HUL,27,None,None,3994.249,4032.425,4058.0,317.0,263.0,250.0,318.0,True,Racing Point,3965.123,2020-08-09T13:46:05.169000000,False,None,False,True,3990.133,25.8,56.8,1001.0,False,43.8,13,2.1
92.33,23,HARD,2,29.204,37.578,25.548,None,None,None,8,4,1,False,4150.308,HUL,27,None,None,4087.204,4124.782,4150.33,286.0,257.0,249.0,298.0,True,Racing Point,4057.978,2020-08-09T13:47:38.024000000,False,None,False,True,4050.112,25.9,56.5,1000.9,False,43.8,4,1.0
91.987,24,HARD,2,29.224,37.352,25.411,None,None,None,9,4,1,True,4242.295,HUL,27,None,None,4179.554,4216.906,4242.317,292.0,258.0,249.0,303.0,True,Racing Point,4150.308,2020-08-09T13:49:10.354000000,False,None,False,True,4170.17,26.4,54.7,1000.9,False,44.6,287,1.0
92.054,25,HARD,2,29.253,37.472,25.329,None,None,None,10,4,1,False,4334.349,HUL,27,None,None,4271.57,4309.042,4334.371,291.0,258.0,249.0,302.0,True,Racing Point,4242.295,2020-08-09T13:50:42.341000000,False,None,False,True,4230.187,26.5,54.6,1000.9,False,44.6,33,1.8
92.178,26,HARD,2,29.379,37.337,25.462,None,None,None,11,4,1,False,4426.527,HUL,27,None,None,4363.75,4401.087,4426.549,289.0,257.0,249.0,302.0,True,Racing Point,4334.349,2020-08-09T13:52:14.395000000,False,None,False,True,4350.19,26.6,54.5,1000.9,False,44.8,7,1.4
91.489,27,HARD,2,29.194,37.158,25.137,None,None,None,12,4,1,True,4518.016,HUL,27,None,None,4455.743,4492.901,4518.038,292.0,262.0,251.0,309.0,True,Racing Point,4426.527,2020-08-09T13:53:46.573000000,False,None,False,True,4410.191,26.7,55.0,1000.9,False,44.4,9,3.0
91.407,28,HARD,2,29.083,37.055,25.269,None,None,None,13,4,1,True,4609.423,HUL,27,None,None,4547.121,4584.176,4609.445,286.0,261.0,252.0,301.0,True,Racing Point,4518.016,2020-08-09T13:55:18.062000000,False,None,False,True,4530.212,26.2,56.5,1000.8,False,43.2,23,3.3
91.088,29,HARD,2,28.976,36.897,25.215,None,None,None,14,4,1,True,4700.511,HUL,27,None,None,4638.421,4675.318,4700.533,287.0,262.0,250.0,301.0,True,Racing Point,4609.423,2020-08-09T13:56:49.469000000,False,None,False,True,4650.232,25.9,56.8,1000.8,False,43.6,21,1.1
90.474,30,HARD,2,28.889,36.902,24.683,None,None,None,15,4,1,False,4790.985,HUL,27,None,4785.157,4729.422,4766.324,4791.007,290.0,262.0,None,302.0,True,Racing Point,4700.511,2020-08-09T13:58:20.557000000,False,None,False,False,4710.237,25.9,56.5,1000.9,False,43.6,14,1.5
110.153,31,HARD,3,48.438,36.764,24.951,None,None,None,1,6,12,False,4901.138,HUL,27,4813.529,None,4839.445,4876.209,4901.16,290.0,263.0,252.0,303.0,True,Racing Point,4790.985,2020-08-09T13:59:51.031000000,False,None,False,False,4830.313,25.8,57.1,1000.8,False,43.6,38,2.0
90.834,32,HARD,3,28.918,36.814,25.102,None,None,None,2,5,1,True,4991.972,HUL,27,None,None,4930.078,4966.892,4991.994,287.0,262.0,251.0,299.0,True,Racing Point,4901.138,2020-08-09T14:01:41.184000000,False,None,False,True,4890.265,25.8,57.0,1000.7,False,43.6,23,2.2
91.037,33,HARD,3,28.924,36.971,25.142,None,None,None,3,5,1,False,5083.009,HUL,27,None,None,5020.918,5057.889,5083.031,290.0,260.0,249.0,304.0,True,Racing Point,4991.972,2020-08-09T14:03:12.018000000,False,None,False,True,5010.272,25.6,58.2,1000.8,False,43.2,2,2.0
91.155,34,HARD,3,28.86,36.967,25.328,None,None,None,4,5,1,False,5174.164,HUL,27,None,None,5111.891,5148.858,5174.186,289.0,259.0,249.0,303.0,True,Racing Point,5083.009,2020-08-09T14:04:43.055000000,False,None,False,True,5070.281,25.6,57.7,1000.8,False,43.2,14,1.8
90.788,35,HARD,3,28.825,36.888,25.075,None,None,None,5,5,1,True,5264.952,HUL,27,None,None,5203.011,5239.899,5264.974,294.0,261.0,250.0,306.0,True,Racing Point,5174.164,2020-08-09T14:06:14.210000000,False,None,False,True,5190.281,26.0,56.8,1000.7,False,43.7,11,1.5
91.189,36,HARD,3,28.922,37.069,25.198,None,None,None,6,5,1,False,5356.141,HUL,27,None,None,5293.896,5330.965,5356.163,293.0,261.0,249.0,300.0,True,Racing Point,5264.952,2020-08-09T14:07:44.998000000,False,None,False,True,5250.297,26.5,54.8,1000.7,False,45.1,25,2.4
91.643,37,HARD,3,28.948,37.302,25.393,None,None,None,7,5,1,False,5447.784,HUL,27,None,None,5385.111,5422.413,5447.806,290.0,257.0,250.0,300.0,True,Racing Point,5356.141,2020-08-09T14:09:16.187000000,False,None,False,True,5370.329,26.8,54.5,1000.8,False,44.3,17,2.3
91.492,38,HARD,3,29.031,37.144,25.317,None,None,None,8,5,1,False,5539.276,HUL,27,None,None,5476.837,5513.981,5539.298,291.0,260.0,250.0,302.0,True,Racing Point,5447.784,2020-08-09T14:10:47.830000000,False,None,False,True,5430.343,26.6,54.9,1000.7,False,44.0,17,3.4
91.179,39,HARD,3,29.018,36.971,25.19,None,None,None,9,5,1,False,5630.455,HUL,27,None,None,5568.316,5605.287,5630.477,292.0,261.0,250.0,305.0,True,Racing Point,5539.276,2020-08-09T14:12:19.322000000,False,None,False,True,5550.337,26.4,55.3,1000.7,False,43.7,16,1.5
90.939,40,HARD,3,28.891,36.902,25.146,None,None,None,10,5,1,False,5721.394,HUL,27,None,None,5659.368,5696.27,5721.416,291.0,261.0,250.0,305.0,True,Racing Point,5630.455,2020-08-09T14:13:50.501000000,False,None,False,True,5670.376,26.2,56.2,1000.7,False,43.6,2,1.7
91.485,41,HARD,3,28.953,37.277,25.255,None,None,None,11,5,1,False,5812.879,HUL,27,None,None,5750.369,5787.646,5812.901,290.0,259.0,250.0,308.0,True,Racing Point,5721.394,2020-08-09T14:15:21.440000000,False,None,False,True,5730.374,26.3,55.7,1000.7,False,43.7,4,1.6
91.889,42,HARD,3,29.175,37.326,25.388,None,None,None,12,5,1,False,5904.768,HUL,27,None,None,5842.076,5879.402,5904.79,290.0,258.0,249.0,306.0,True,Racing Point,5812.879,2020-08-09T14:16:52.925000000,False,None,False,True,5850.384,26.4,56.1,1000.7,False,43.7,48,1.8
91.363,43,HARD,3,29.088,37.003,25.272,None,None,None,13,5,1,False,5996.131,HUL,27,None,None,5933.878,5970.881,5996.153,292.0,260.0,249.0,308.0,True,Racing Point,5904.768,2020-08-09T14:18:24.814000000,False,None,False,True,5910.382,26.2,56.5,1000.7,False,44.1,245,2.4
91.426,44,HARD,3,29.066,37.547,24.813,None,None,None,14,5,1,False,6087.557,HUL,27,None,6081.72,6025.219,6062.766,6087.579,294.0,258.0,None,304.0,True,Racing Point,5996.131,2020-08-09T14:19:56.177000000,False,None,False,False,6030.377,26.4,55.2,1000.7,False,44.3,15,2.0
110.849,45,SOFT,4,48.75,37.038,25.061,None,None,None,3,7,1,False,6198.406,HUL,27,6110.447,None,6136.329,6173.367,6198.428,291.0,262.0,250.0,307.0,False,Racing Point,6087.557,2020-08-09T14:21:27.603000000,False,None,False,False,6090.37,26.2,56.6,1000.8,False,44.3,20,1.4
90.893,46,SOFT,4,28.849,36.948,25.096,None,None,None,4,7,1,False,6289.299,HUL,27,None,None,6227.277,6264.225,6289.321,289.0,259.0,250.0,304.0,False,Racing Point,6198.406,2020-08-09T14:23:18.452000000,False,None,False,True,6210.391,26.6,55.6,1000.7,False,43.9,28,1.4
91.083,47,SOFT,4,29.056,36.919,25.108,None,None,None,5,7,1,False,6380.382,HUL,27,None,None,6318.377,6355.296,6380.404,287.0,261.0,249.0,304.0,False,Racing Point,6289.299,2020-08-09T14:24:49.345000000,False,None,False,True,6270.377,26.8,54.3,1000.7,False,43.9,357,3.0
90.627,48,SOFT,4,28.806,36.794,25.027,None,None,None,6,7,1,True,6471.009,HUL,27,None,None,6409.21,6446.004,6471.031,287.0,261.0,251.0,299.0,False,Racing Point,6380.382,2020-08-09T14:26:20.428000000,False,None,False,True,6330.379,26.3,56.0,1000.6,False,43.7,42,3.1
90.785,49,SOFT,4,28.981,36.793,25.011,None,None,None,7,7,1,False,6561.794,HUL,27,None,None,6500.012,6536.805,6561.816,287.0,262.0,252.0,302.0,False,Racing Point,6471.009,2020-08-09T14:27:51.055000000,False,None,False,True,6451.381,26.2,56.4,1000.8,False,43.8,357,2.5
90.547,50,SOFT,4,28.875,36.731,24.941,None,None,None,8,7,1,True,6652.341,HUL,27,None,None,6590.691,6627.422,6652.363,287.0,263.0,252.0,302.0,False,Racing Point,6561.794,2020-08-09T14:29:21.840000000,False,None,False,True,6510.37,26.0,56.5,1000.7,False,43.6,349,2.2
92.756,51,SOFT,4,29.058,38.149,25.549,None,None,None,9,7,1,False,6745.097,HUL,27,None,None,6681.421,6719.57,6745.119,288.0,258.0,254.0,306.0,False,Racing Point,6652.341,2020-08-09T14:30:52.387000000,False,None,False,True,6630.387,25.9,57.4,1000.7,False,43.2,15,1.8
90.087,52,SOFT,4,28.597,36.451,25.039,None,None,None,10,7,1,True,6835.184,HUL,27,None,None,6773.716,6810.167,6835.206,290.0,263.0,252.0,300.0,False,Racing Point,6745.097,2020-08-09T14:32:25.143000000,False,None,False,True,6690.398,26.0,57.4,1000.8,False,43.3,337,1.5
102.608,1,HARD,1,None,40.319,26.668,None,None,None,1,14,12,False,2099.848,KVY,26,None,None,None,2073.232,2099.959,271.0,256.0,245.0,323.0,True,AlphaTauri,1997.072,2020-08-09T13:13:17.118000000,False,None,False,False,2010.085,24.2,61.2,1001.1,False,42.9,13,3.2
95.284,2,HARD,1,29.621,39.392,26.271,None,None,None,2,14,1,True,2195.132,KVY,26,None,None,2129.476,2168.868,2195.139,300.0,258.0,248.0,325.0,True,AlphaTauri,2099.848,2020-08-09T13:14:59.894000000,False,None,False,True,2130.084,24.5,61.2,1001.1,False,42.6,5,3.7
95.3,3,HARD,1,29.661,39.796,25.843,None,None,None,3,13,1,False,2290.432,KVY,26,None,None,2224.8,2264.596,2290.439,315.0,259.0,244.0,334.0,True,AlphaTauri,2195.132,2020-08-09T13:16:35.178000000,False,None,False,True,2191.19,24.9,59.9,1001.2,False,42.8,19,1.9
93.918,4,HARD,1,29.501,38.319,26.098,None,None,None,4,13,1,True,2384.35,KVY,26,None,None,2319.94,2358.259,2384.357,287.0,254.0,244.0,298.0,True,AlphaTauri,2290.432,2020-08-09T13:18:10.478000000,False,None,False,True,2310.089,24.9,59.4,1001.0,False,43.1,295,2.0
94.293,5,HARD,1,29.589,38.456,26.248,None,None,None,5,13,1,False,2478.643,KVY,26,None,None,2413.946,2452.402,2478.65,288.0,255.0,245.0,297.0,True,AlphaTauri,2384.35,2020-08-09T13:19:44.396000000,False,None,False,True,2370.085,24.9,59.8,1001.0,False,43.0,11,1.9
94.254,6,HARD,1,29.709,38.389,26.156,None,None,None,6,13,1,False,2572.897,KVY,26,None,None,2508.359,2546.748,2572.904,286.0,256.0,244.0,298.0,True,AlphaTauri,2478.643,2020-08-09T13:21:18.689000000,False,None,False,True,2490.11,25.1,58.7,1001.0,False,43.3,18,2.4
94.048,7,HARD,1,29.629,38.456,25.963,None,None,None,7,12,1,False,2666.945,KVY,26,None,None,2602.533,2640.989,2666.952,286.0,256.0,246.0,298.0,True,AlphaTauri,2572.897,2020-08-09T13:22:52.943000000,False,None,False,True,2610.119,25.1,58.3,1001.0,False,43.1,6,3.0
94.369,8,HARD,1,29.639,38.847,25.883,None,None,None,8,11,1,False,2761.314,KVY,26,None,None,2696.591,2735.438,2761.321,288.0,257.0,246.0,305.0,True,AlphaTauri,2666.945,2020-08-09T13:24:26.991000000,False,None,False,True,2670.103,25.1,58.4,1001.0,False,43.1,285,3.0
94.013,9,HARD,1,29.641,38.359,26.013,None,None,None,9,11,1,False,2855.327,KVY,26,None,None,2790.962,2829.321,2855.334,288.0,258.0,247.0,298.0,True,AlphaTauri,2761.314,2020-08-09T13:26:01.360000000,False,None,False,True,2790.154,25.4,57.8,1000.9,False,43.4,3,2.3
93.73,10,HARD,1,29.526,38.216,25.988,None,None,None,10,11,1,True,2949.057,KVY,26,None,None,2884.86,2923.076,2949.064,289.0,257.0,246.0,300.0,True,AlphaTauri,2855.327,2020-08-09T13:27:35.373000000,False,None,False,True,2850.101,25.5,58.3,1001.0,False,43.8,7,2.1
93.594,11,HARD,1,29.495,38.234,25.865,None,None,None,11,11,1,True,3042.651,KVY,26,None,None,2978.559,3016.793,3042.658,289.0,258.0,246.0,301.0,True,AlphaTauri,2949.057,2020-08-09T13:29:09.103000000,False,None,False,True,2970.13,25.5,58.5,1000.9,False,44.0,22,2.1
93.394,12,HARD,1,29.518,38.131,25.745,None,None,None,12,11,1,True,3136.045,KVY,26,None,None,3072.176,3110.307,3136.052,288.0,257.0,245.0,306.0,True,AlphaTauri,3042.651,2020-08-09T13:30:42.697000000,False,None,False,True,3030.127,25.7,57.3,1000.9,False,44.0,10,3.0
93.232,13,HARD,1,29.278,38.259,25.695,None,None,None,13,10,1,True,3229.277,KVY,26,None,None,3165.33,3203.589,3229.284,303.0,262.0,247.0,329.0,True,AlphaTauri,3136.045,2020-08-09T13:32:16.091000000,False,None,False,True,3150.113,25.7,56.8,1000.9,False,43.5,330,1.3
92.937,14,HARD,1,29.138,38.033,25.766,None,None,None,14,10,1,True,3322.214,KVY,26,None,None,3258.422,3296.455,3322.221,307.0,262.0,248.0,329.0,True,AlphaTauri,3229.277,2020-08-09T13:33:49.323000000,False,None,False,True,3210.123,25.5,57.4,1000.9,False,42.9,343,1.8
93.029,15,HARD,1,29.223,38.197,25.609,None,None,None,15,9,1,False,3415.243,KVY,26,None,None,3351.444,3389.641,3415.25,308.0,262.0,246.0,325.0,True,AlphaTauri,3322.214,2020-08-09T13:35:22.260000000,False,None,False,True,3330.18,25.5,58.3,1000.7,False,43.3,28,2.2
93.222,16,HARD,1,29.321,38.287,25.614,None,None,None,16,9,1,False,3508.465,KVY,26,None,None,3444.571,3482.858,3508.472,309.0,260.0,247.0,321.0,True,AlphaTauri,3415.243,2020-08-09T13:36:55.289000000,False,None,False,True,3390.154,25.4,58.4,1000.9,False,43.5,61,2.3
92.977,17,HARD,1,29.285,38.182,25.51,None,None,None,17,9,1,False,3601.442,KVY,26,None,None,3537.757,3575.939,3601.449,307.0,260.0,250.0,323.0,True,AlphaTauri,3508.465,2020-08-09T13:38:28.511000000,False,None,False,True,3510.14,25.4,58.5,1000.8,False,43.6,29,2.1
92.86,18,HARD,1,29.261,38.038,25.561,None,None,None,18,9,1,True,3694.302,KVY,26,None,None,3630.71,3668.748,3694.309,302.0,261.0,247.0,322.0,True,AlphaTauri,3601.442,2020-08-09T13:40:01.488000000,False,None,False,True,3570.133,25.2,59.1,1001.0,False,43.6,1,2.4
92.191,19,HARD,1,29.182,38.134,24.875,None,None,None,19,8,1,False,3786.493,KVY,26,None,3783.548,3723.491,3761.625,3786.5,306.0,258.0,None,308.0,True,AlphaTauri,3694.302,2020-08-09T13:41:34.348000000,False,None,False,False,3690.124,25.5,58.4,1000.9,False,43.9,6,1.8
112.535,20,HARD,2,49.005,38.029,25.501,None,None,None,1,15,1,False,3899.028,KVY,26,3808.696,None,3835.505,3873.534,3899.035,284.0,261.0,248.0,306.0,True,AlphaTauri,3786.493,2020-08-09T13:43:06.539000000,False,None,False,False,3810.162,25.5,57.8,1000.9,False,43.6,14,2.5
92.264,21,HARD,2,29.121,37.701,25.442,None,None,None,2,15,1,True,3991.292,KVY,26,None,None,3928.156,3965.857,3991.299,290.0,259.0,248.0,308.0,True,AlphaTauri,3899.028,2020-08-09T13:44:59.074000000,False,None,False,True,3870.143,25.6,57.9,1000.8,False,44.0,22,2.3
91.915,22,HARD,2,28.529,38.068,25.318,None,None,None,3,14,1,True,4083.207,KVY,26,None,None,4019.828,4057.896,4083.214,319.0,259.0,249.0,301.0,True,AlphaTauri,3991.292,2020-08-09T13:46:31.338000000,False,None,False,True,3990.133,25.8,56.8,1001.0,False,43.8,13,2.1
92.43,23,HARD,2,29.28,37.622,25.528,None,None,None,4,12,1,False,4175.637,KVY,26,None,None,4112.494,4150.116,4175.644,308.0,261.0,247.0,311.0,True,AlphaTauri,4083.207,2020-08-09T13:48:03.253000000,False,None,False,True,4050.112,25.9,56.5,1000.9,False,43.8,4,1.0
91.956,24,HARD,2,29.065,37.524,25.367,None,None,None,5,11,1,False,4267.593,KVY,26,None,None,4204.709,4242.233,4267.6,302.0,263.0,249.0,320.0,True,AlphaTauri,4175.637,2020-08-09T13:49:35.683000000,False,None,False,True,4170.17,26.4,54.7,1000.9,False,44.6,287,1.0
92.275,25,HARD,2,29.117,37.79,25.368,None,None,None,6,11,1,False,4359.868,KVY,26,None,None,4296.717,4334.507,4359.875,307.0,263.0,249.0,322.0,True,AlphaTauri,4267.593,2020-08-09T13:51:07.639000000,False,None,False,True,4230.187,26.5,54.6,1000.9,False,44.6,33,1.8
92.468,26,HARD,2,29.245,37.715,25.508,None,None,None,7,11,1,False,4452.336,KVY,26,None,None,4389.12,4426.835,4452.343,303.0,262.0,248.0,327.0,True,AlphaTauri,4359.868,2020-08-09T13:52:39.914000000,False,None,False,True,4350.19,26.6,54.5,1000.9,False,44.8,7,1.4
92.148,27,HARD,2,29.027,37.518,25.603,None,None,None,8,10,1,False,4544.484,KVY,26,None,None,4481.37,4518.888,4544.491,303.0,262.0,249.0,335.0,True,AlphaTauri,4452.336,2020-08-09T13:54:12.382000000,False,None,False,True,4410.191,26.7,55.0,1000.9,False,44.4,9,3.0
92.417,28,HARD,2,29.223,37.779,25.415,None,None,None,9,10,1,False,4636.901,KVY,26,None,None,4573.714,4611.493,4636.908,303.0,263.0,249.0,324.0,True,AlphaTauri,4544.484,2020-08-09T13:55:44.530000000,False,None,False,True,4530.212,26.2,56.5,1000.8,False,43.2,23,3.3
92.647,29,HARD,2,29.292,37.85,25.505,None,None,None,10,10,1,False,4729.548,KVY,26,None,None,4666.2,4704.05,4729.555,308.0,263.0,250.0,327.0,True,AlphaTauri,4636.901,2020-08-09T13:57:16.947000000,False,None,False,True,4650.232,25.9,56.8,1000.8,False,43.6,21,1.1
92.858,30,HARD,2,29.133,37.916,25.809,None,None,None,11,9,1,False,4822.406,KVY,26,None,None,4758.688,4796.604,4822.413,309.0,262.0,249.0,336.0,True,AlphaTauri,4729.548,2020-08-09T13:58:49.594000000,True,TRACK LIMITS AT TURN 15,False,True,4710.237,25.9,56.5,1000.9,False,43.6,14,1.5
91.837,31,HARD,2,29.168,37.295,25.374,None,None,None,12,7,12,True,4914.243,KVY,26,None,None,4851.581,4888.876,4914.25,301.0,261.0,249.0,299.0,True,AlphaTauri,4822.406,2020-08-09T14:00:22.452000000,False,None,False,True,4830.313,25.8,57.1,1000.8,False,43.6,38,2.0
91.944,32,HARD,2,29.291,37.299,25.354,None,None,None,13,7,1,False,5006.187,KVY,26,None,None,4943.541,4980.84,5006.194,283.0,260.0,249.0,300.0,True,AlphaTauri,4914.243,2020-08-09T14:01:54.289000000,False,None,False,True,4890.265,25.8,57.0,1000.7,False,43.6,23,2.2
91.727,33,HARD,2,29.088,37.264,25.375,None,None,None,14,7,1,True,5097.914,KVY,26,None,None,5035.282,5072.546,5097.921,283.0,261.0,249.0,298.0,True,AlphaTauri,5006.187,2020-08-09T14:03:26.233000000,False,None,False,True,5010.272,25.6,58.2,1000.8,False,43.2,2,2.0
91.575,34,HARD,2,29.137,37.163,25.275,None,None,None,15,7,1,True,5189.489,KVY,26,None,None,5127.058,5164.221,5189.496,282.0,261.0,248.0,296.0,True,AlphaTauri,5097.914,2020-08-09T14:04:57.960000000,False,None,False,True,5070.281,25.6,57.7,1000.8,False,43.2,14,1.8
90.998,35,HARD,2,28.993,37.181,24.824,None,None,None,16,7,1,True,5280.487,KVY,26,None,5274.624,5218.489,5255.67,5280.494,284.0,261.0,None,296.0,True,AlphaTauri,5189.489,2020-08-09T14:06:29.535000000,False,None,False,False,5190.281,26.0,56.8,1000.7,False,43.7,11,1.5
111.685,36,MEDIUM,3,48.988,37.45,25.247,None,None,None,1,10,1,False,5392.172,KVY,26,5303.033,None,5329.482,5366.932,5392.179,284.0,263.0,250.0,295.0,True,AlphaTauri,5280.487,2020-08-09T14:08:00.533000000,False,None,False,False,5250.297,26.5,54.8,1000.7,False,45.1,25,2.4
90.998,37,MEDIUM,3,28.813,36.981,25.204,None,None,None,2,10,1,False,5483.17,KVY,26,None,None,5420.992,5457.973,5483.177,286.0,264.0,250.0,294.0,True,AlphaTauri,5392.172,2020-08-09T14:09:52.218000000,False,None,False,True,5370.329,26.8,54.5,1000.8,False,44.3,17,2.3
91.318,38,MEDIUM,3,28.905,37.225,25.188,None,None,None,3,10,1,False,5574.488,KVY,26,None,None,5512.082,5549.307,5574.495,286.0,265.0,250.0,296.0,True,AlphaTauri,5483.17,2020-08-09T14:11:23.216000000,False,None,False,True,5430.343,26.6,54.9,1000.7,False,44.0,17,3.4
91.339,39,MEDIUM,3,28.973,37.149,25.217,None,None,None,4,10,1,False,5665.827,KVY,26,None,None,5603.468,5640.617,5665.834,285.0,264.0,251.0,301.0,True,AlphaTauri,5574.488,2020-08-09T14:12:54.534000000,False,None,False,True,5550.337,26.4,55.3,1000.7,False,43.7,16,1.5
91.096,40,MEDIUM,3,29.079,37.061,24.956,None,None,None,5,10,1,False,5756.923,KVY,26,None,None,5694.913,5731.974,5756.93,284.0,264.0,251.0,303.0,True,AlphaTauri,5665.827,2020-08-09T14:14:25.873000000,False,None,False,True,5670.376,26.2,56.2,1000.7,False,43.6,2,1.7
91.316,41,MEDIUM,3,29.044,37.203,25.069,None,None,None,6,10,1,False,5848.239,KVY,26,None,None,5785.974,5823.177,5848.246,285.0,262.0,250.0,310.0,True,AlphaTauri,5756.923,2020-08-09T14:15:56.969000000,False,None,False,True,5730.374,26.3,55.7,1000.7,False,43.7,4,1.6
91.082,42,MEDIUM,3,28.98,37.073,25.029,None,None,None,7,10,1,False,5939.321,KVY,26,None,None,5877.226,5914.299,5939.328,286.0,262.0,252.0,301.0,True,AlphaTauri,5848.239,2020-08-09T14:17:28.285000000,False,None,False,True,5850.384,26.4,56.1,1000.7,False,43.7,48,1.8
90.761,43,MEDIUM,3,28.804,36.873,25.084,None,None,None,8,10,1,True,6030.082,KVY,26,None,None,5968.132,6005.005,6030.089,285.0,265.0,251.0,302.0,True,AlphaTauri,5939.321,2020-08-09T14:18:59.367000000,False,None,False,True,5910.382,26.2,56.5,1000.7,False,44.1,245,2.4
90.799,44,MEDIUM,3,28.932,36.85,25.017,None,None,None,9,10,1,False,6120.881,KVY,26,None,None,6059.021,6095.871,6120.888,284.0,263.0,252.0,298.0,True,AlphaTauri,6030.082,2020-08-09T14:20:30.128000000,False,None,False,True,6030.377,26.4,55.2,1000.7,False,44.3,15,2.0
91.097,45,MEDIUM,3,28.875,37.026,25.196,None,None,None,10,10,1,False,6211.978,KVY,26,None,None,6149.763,6186.789,6211.985,286.0,260.0,251.0,305.0,True,AlphaTauri,6120.881,2020-08-09T14:22:00.927000000,False,None,False,True,6090.37,26.2,56.6,1000.8,False,44.3,20,1.4
90.987,46,MEDIUM,3,29.024,36.975,24.988,None,None,None,11,10,1,False,6302.965,KVY,26,None,None,6241.009,6277.984,6302.972,285.0,262.0,251.0,302.0,True,AlphaTauri,6211.978,2020-08-09T14:23:32.024000000,False,None,False,True,6210.391,26.6,55.6,1000.7,False,43.9,28,1.4
91.12,47,MEDIUM,3,29.02,37.123,24.977,None,None,None,12,10,1,False,6394.085,KVY,26,None,None,6331.992,6369.115,6394.092,286.0,263.0,251.0,304.0,True,AlphaTauri,6302.965,2020-08-09T14:25:03.011000000,False,None,False,True,6270.377,26.8,54.3,1000.7,False,43.9,357,3.0
90.852,48,MEDIUM,3,28.831,36.958,25.063,None,None,None,13,10,1,False,6484.937,KVY,26,None,None,6422.923,6459.881,6484.944,285.0,263.0,252.0,296.0,True,AlphaTauri,6394.085,2020-08-09T14:26:34.131000000,False,None,False,True,6330.379,26.3,56.0,1000.6,False,43.7,42,3.1
90.932,49,MEDIUM,3,29.087,36.835,25.01,None,None,None,14,10,1,False,6575.869,KVY,26,None,None,6514.031,6550.866,6575.876,284.0,262.0,251.0,299.0,True,AlphaTauri,6484.937,2020-08-09T14:28:04.983000000,False,None,False,True,6451.381,26.2,56.4,1000.8,False,43.8,357,2.5
90.98,50,MEDIUM,3,28.95,37.07,24.96,None,None,None,15,10,1,False,6666.849,KVY,26,None,None,6604.826,6641.896,6666.856,284.0,263.0,251.0,298.0,True,AlphaTauri,6575.869,2020-08-09T14:29:35.915000000,False,None,False,True,6510.37,26.0,56.5,1000.7,False,43.6,349,2.2
91.315,51,MEDIUM,3,29.027,37.108,25.18,None,None,None,16,10,1,False,6758.164,KVY,26,None,None,6695.883,6732.991,6758.171,284.0,263.0,252.0,299.0,True,AlphaTauri,6666.849,2020-08-09T14:31:06.895000000,False,None,False,True,6630.387,25.9,57.4,1000.7,False,43.2,15,1.8
90.738,52,MEDIUM,3,28.772,36.941,25.025,None,None,None,17,10,1,True,6848.902,KVY,26,None,None,6786.943,6823.884,6848.909,286.0,264.0,251.0,307.0,True,AlphaTauri,6758.164,2020-08-09T14:32:38.210000000,False,None,False,True,6690.398,26.0,57.4,1000.8,False,43.3,337,1.5
104.999,1,MEDIUM,1,None,41.803,26.703,None,None,None,1,18,12,False,2102.239,LAT,6,None,None,None,2075.629,2102.361,305.0,250.0,243.0,323.0,True,Williams,1997.072,2020-08-09T13:13:17.118000000,False,None,False,False,2010.085,24.2,61.2,1001.1,False,42.9,13,3.2
97.405,2,MEDIUM,1,30.242,40.825,26.338,None,None,None,2,20,1,True,2199.644,LAT,6,None,None,2132.49,2173.315,2199.653,295.0,253.0,247.0,300.0,True,Williams,2102.239,2020-08-09T13:15:02.285000000,False,None,False,True,2130.084,24.5,61.2,1001.1,False,42.6,5,3.7
94.869,3,MEDIUM,1,29.631,38.834,26.404,None,None,None,3,20,1,True,2294.513,LAT,6,None,None,2229.284,2268.118,2294.522,289.0,252.0,245.0,301.0,True,Williams,2199.644,2020-08-09T13:16:39.690000000,False,None,False,True,2191.19,24.9,59.9,1001.2,False,42.8,19,1.9
96.001,4,MEDIUM,1,29.539,39.637,26.825,None,None,None,4,20,1,False,2390.514,LAT,6,None,None,2324.061,2363.698,2390.523,301.0,248.0,243.0,333.0,True,Williams,2294.513,2020-08-09T13:18:14.559000000,False,None,False,True,2310.089,24.9,59.4,1001.0,False,43.1,295,2.0
94.864,5,MEDIUM,1,29.771,38.925,26.168,None,None,None,5,20,1,True,2485.378,LAT,6,None,None,2420.294,2459.219,2485.387,303.0,254.0,245.0,307.0,True,Williams,2390.514,2020-08-09T13:19:50.560000000,False,None,False,True,2370.085,24.9,59.8,1001.0,False,43.0,11,1.9
93.9,6,MEDIUM,1,29.579,38.41,25.911,None,None,None,6,20,1,True,2579.278,LAT,6,None,None,2514.966,2553.376,2579.287,296.0,258.0,246.0,327.0,True,Williams,2485.378,2020-08-09T13:21:25.424000000,False,None,False,True,2490.11,25.1,58.7,1001.0,False,43.3,18,2.4
94.722,7,MEDIUM,1,29.672,38.88,26.17,None,None,None,7,19,1,False,2674.0,LAT,6,None,None,2608.959,2647.839,2674.009,310.0,251.0,246.0,333.0,True,Williams,2579.278,2020-08-09T13:22:59.324000000,False,None,False,True,2610.119,25.1,58.3,1001.0,False,43.1,6,3.0
94.068,8,MEDIUM,1,29.519,38.65,25.899,None,None,None,8,17,1,False,2768.068,LAT,6,None,None,2703.528,2742.178,2768.077,309.0,256.0,246.0,334.0,True,Williams,2674.0,2020-08-09T13:24:34.046000000,False,None,False,True,2670.103,25.1,58.4,1001.0,False,43.1,285,3.0
93.133,9,MEDIUM,1,29.527,38.717,24.889,None,None,None,9,15,1,False,2861.201,LAT,6,None,2855.388,2797.604,2836.321,2861.21,307.0,255.0,None,327.0,True,Williams,2768.068,2020-08-09T13:26:08.114000000,False,None,False,False,2790.154,25.4,57.8,1000.9,False,43.4,3,2.3
112.534,10,HARD,2,49.343,37.512,25.679,None,None,None,1,20,1,False,2973.735,LAT,6,2884.058,None,2910.553,2948.065,2973.744,287.0,257.0,245.0,302.0,True,Williams,2861.201,2020-08-09T13:27:41.247000000,False,None,False,False,2850.101,25.5,58.3,1001.0,False,43.8,7,2.1
92.79,11,HARD,2,29.34,37.706,25.744,None,None,None,2,20,1,True,3066.525,LAT,6,None,None,3003.084,3040.79,3066.534,283.0,259.0,247.0,293.0,True,Williams,2973.735,2020-08-09T13:29:33.781000000,False,None,False,True,2970.13,25.5,58.5,1000.9,False,44.0,22,2.1
92.526,12,HARD,2,29.323,37.669,25.534,None,None,None,3,20,1,True,3159.051,LAT,6,None,None,3095.857,3133.526,3159.06,287.0,258.0,247.0,304.0,True,Williams,3066.525,2020-08-09T13:31:06.571000000,False,None,False,True,3030.127,25.7,57.3,1000.9,False,44.0,10,3.0
93.288,13,HARD,2,29.093,38.503,25.692,None,None,None,4,20,1,False,3252.339,LAT,6,None,None,3188.153,3226.656,3252.348,304.0,238.0,248.0,316.0,True,Williams,3159.051,2020-08-09T13:32:39.097000000,False,None,False,True,3150.113,25.7,56.8,1000.9,False,43.5,330,1.3
92.638,14,HARD,2,29.092,37.945,25.601,None,None,None,5,20,1,False,3344.977,LAT,6,None,None,3281.44,3319.385,3344.986,301.0,258.0,247.0,315.0,True,Williams,3252.339,2020-08-09T13:34:12.385000000,False,None,False,True,3210.123,25.5,57.4,1000.9,False,42.9,343,1.8
93.23,15,HARD,2,29.16,38.389,25.681,None,None,None,6,20,1,False,3438.207,LAT,6,None,None,3374.146,3412.535,3438.216,305.0,253.0,248.0,315.0,True,Williams,3344.977,2020-08-09T13:35:45.023000000,False,None,False,True,3330.18,25.5,58.3,1000.7,False,43.3,28,2.2
93.686,16,HARD,2,29.195,38.616,25.875,None,None,None,7,20,1,False,3531.893,LAT,6,None,None,3467.411,3506.027,3531.902,307.0,254.0,247.0,332.0,True,Williams,3438.207,2020-08-09T13:37:18.253000000,True,TRACK LIMITS AT TURN 15,False,True,3390.154,25.4,58.4,1000.9,False,43.5,61,2.3
93.733,17,HARD,2,29.023,38.476,26.234,None,None,None,8,20,1,False,3625.626,LAT,6,None,None,3560.925,3599.401,3625.635,319.0,258.0,248.0,338.0,True,Williams,3531.893,2020-08-09T13:38:51.939000000,False,None,False,True,3510.14,25.4,58.5,1000.8,False,43.6,29,2.1
94.067,18,HARD,2,29.474,38.708,25.885,None,None,None,9,19,1,False,3719.693,LAT,6,None,None,3655.109,3693.817,3719.702,305.0,252.0,249.0,311.0,True,Williams,3625.626,2020-08-09T13:40:25.672000000,False,None,False,True,3570.133,25.2,59.1,1001.0,False,43.6,1,2.4
94.316,19,HARD,2,29.563,38.593,26.16,None,None,None,10,19,1,False,3814.009,LAT,6,None,None,3749.265,3787.858,3814.018,307.0,259.0,246.0,333.0,True,Williams,3719.693,2020-08-09T13:41:59.739000000,False,None,False,True,3690.124,25.5,58.4,1000.9,False,43.9,6,1.8
93.809,20,HARD,2,29.318,38.809,25.682,None,None,None,11,18,1,False,3907.818,LAT,6,None,None,3843.336,3882.145,3907.827,306.0,257.0,246.0,303.0,True,Williams,3814.009,2020-08-09T13:43:34.055000000,False,None,False,True,3810.162,25.5,57.8,1000.9,False,43.6,14,2.5
92.823,21,HARD,2,29.244,37.796,25.783,None,None,None,12,18,1,False,4000.641,LAT,6,None,None,3937.071,3974.867,4000.65,288.0,256.0,247.0,303.0,True,Williams,3907.818,2020-08-09T13:45:07.864000000,False,None,False,True,3870.143,25.6,57.9,1000.8,False,44.0,22,2.3
93.069,22,HARD,2,29.418,37.788,25.863,None,None,None,13,18,1,False,4093.71,LAT,6,None,None,4030.068,4067.856,4093.719,290.0,258.0,248.0,301.0,True,Williams,4000.641,2020-08-09T13:46:40.687000000,False,None,False,True,3990.133,25.8,56.8,1001.0,False,43.8,13,2.1
93.007,23,HARD,2,29.305,37.782,25.92,None,None,None,14,18,1,False,4186.717,LAT,6,None,None,4123.024,4160.806,4186.726,290.0,257.0,246.0,306.0,True,Williams,4093.71,2020-08-09T13:48:13.756000000,False,None,False,True,4050.112,25.9,56.5,1000.9,False,43.8,4,1.0
93.823,24,HARD,2,29.424,38.533,25.866,None,None,None,15,17,1,False,4280.54,LAT,6,None,None,4216.15,4254.683,4280.549,292.0,243.0,248.0,304.0,True,Williams,4186.717,2020-08-09T13:49:46.763000000,False,None,False,True,4170.17,26.4,54.7,1000.9,False,44.6,287,1.0
93.162,25,HARD,2,29.377,37.961,25.824,None,None,None,16,16,1,False,4373.702,LAT,6,None,None,4309.926,4347.887,4373.711,288.0,256.0,248.0,302.0,True,Williams,4280.54,2020-08-09T13:51:20.586000000,False,None,False,True,4230.187,26.5,54.6,1000.9,False,44.6,33,1.8
92.436,26,HARD,2,29.421,38.11,24.905,None,None,None,17,15,1,False,4466.138,LAT,6,None,4460.322,4403.132,4441.242,4466.147,306.0,259.0,None,324.0,True,Williams,4373.702,2020-08-09T13:52:53.748000000,False,None,False,False,4350.19,26.6,54.5,1000.9,False,44.8,7,1.4
110.648,27,HARD,3,48.404,37.158,25.086,None,None,None,1,19,1,False,4576.786,LAT,6,4488.375,None,4514.551,4551.709,4576.795,283.0,261.0,250.0,298.0,True,Williams,4466.138,2020-08-09T13:54:26.184000000,False,None,False,False,4410.191,26.7,55.0,1000.9,False,44.4,9,3.0
91.114,28,HARD,3,28.963,36.832,25.319,None,None,None,2,19,1,True,4667.9,LAT,6,None,None,4605.758,4642.59,4667.909,287.0,262.0,251.0,307.0,True,Williams,4576.786,2020-08-09T13:56:16.832000000,False,None,False,True,4530.212,26.2,56.5,1000.8,False,43.2,23,3.3
92.214,29,HARD,3,29.114,37.582,25.518,None,None,None,3,19,1,False,4760.114,LAT,6,None,None,4697.023,4734.605,4760.123,290.0,258.0,247.0,321.0,True,Williams,4667.9,2020-08-09T13:57:47.946000000,False,None,False,True,4650.232,25.9,56.8,1000.8,False,43.6,21,1.1
91.924,30,HARD,3,29.142,37.446,25.336,None,None,None,4,19,12,False,4852.038,LAT,6,None,None,4789.265,4826.711,4852.047,296.0,259.0,248.0,307.0,True,Williams,4760.114,2020-08-09T13:59:20.160000000,False,None,False,True,4710.237,25.9,56.5,1000.9,False,43.6,14,1.5
91.986,31,HARD,3,29.013,37.545,25.428,None,None,None,5,19,1,False,4944.024,LAT,6,None,None,4881.06,4918.605,4944.033,298.0,252.0,248.0,331.0,True,Williams,4852.038,2020-08-09T14:00:52.084000000,False,None,False,True,4830.313,25.8,57.1,1000.8,False,43.6,38,2.0
92.354,32,HARD,3,28.955,38.025,25.374,None,None,None,6,19,1,False,5036.378,LAT,6,None,None,4972.988,5011.013,5036.387,313.0,261.0,247.0,328.0,True,Williams,4944.024,2020-08-09T14:02:24.070000000,False,None,False,True,4890.265,25.8,57.0,1000.7,False,43.6,23,2.2
92.792,33,HARD,3,29.161,38.005,25.626,None,None,None,7,19,1,False,5129.17,LAT,6,None,None,5065.548,5103.553,5129.179,309.0,260.0,245.0,326.0,True,Williams,5036.378,2020-08-09T14:03:56.424000000,False,None,False,True,5010.272,25.6,58.2,1000.8,False,43.2,2,2.0
92.08,34,HARD,3,28.864,37.812,25.404,None,None,None,8,18,1,False,5221.25,LAT,6,None,None,5158.043,5195.855,5221.259,311.0,258.0,246.0,317.0,True,Williams,5129.17,2020-08-09T14:05:29.216000000,False,None,False,True,5070.281,25.6,57.7,1000.8,False,43.2,14,1.8
92.474,35,HARD,3,29.002,37.85,25.622,None,None,None,9,18,1,False,5313.724,LAT,6,None,None,5250.261,5288.111,5313.733,312.0,258.0,247.0,331.0,True,Williams,5221.25,2020-08-09T14:07:01.296000000,False,None,False,True,5190.281,26.0,56.8,1000.7,False,43.7,11,1.5
93.815,36,HARD,3,29.252,38.903,25.66,None,None,None,10,18,1,False,5407.539,LAT,6,None,None,5342.985,5381.888,5407.548,320.0,255.0,247.0,325.0,True,Williams,5313.724,2020-08-09T14:08:33.770000000,False,None,False,True,5250.297,26.5,54.8,1000.7,False,45.1,25,2.4
92.714,37,HARD,3,29.01,37.932,25.772,None,None,None,11,18,1,False,5500.253,LAT,6,None,None,5436.558,5474.49,5500.262,313.0,263.0,248.0,332.0,True,Williams,5407.539,2020-08-09T14:10:07.585000000,False,None,False,True,5370.329,26.8,54.5,1000.8,False,44.3,17,2.3
93.18,38,HARD,3,29.185,38.386,25.609,None,None,None,12,18,1,False,5593.433,LAT,6,None,None,5529.447,5567.833,5593.442,305.0,259.0,249.0,317.0,True,Williams,5500.253,2020-08-09T14:11:40.299000000,False,None,False,True,5430.343,26.6,54.9,1000.7,False,44.0,17,3.4
93.804,39,HARD,3,29.226,38.774,25.804,None,None,None,13,17,1,False,5687.237,LAT,6,None,None,5622.668,5661.442,5687.246,306.0,253.0,248.0,327.0,True,Williams,5593.433,2020-08-09T14:13:13.479000000,False,None,False,True,5550.337,26.4,55.3,1000.7,False,43.7,16,1.5
92.722,40,HARD,3,29.338,37.682,25.702,None,None,None,14,16,1,False,5779.959,LAT,6,None,None,5716.584,5754.266,5779.968,286.0,259.0,248.0,303.0,True,Williams,5687.237,2020-08-09T14:14:47.283000000,False,None,False,True,5670.376,26.2,56.2,1000.7,False,43.6,2,1.7
92.964,41,HARD,3,29.538,37.846,25.58,None,None,None,15,16,1,False,5872.923,LAT,6,None,None,5809.506,5847.352,5872.932,289.0,260.0,246.0,302.0,True,Williams,5779.959,2020-08-09T14:16:20.005000000,False,None,False,True,5730.374,26.3,55.7,1000.7,False,43.7,4,1.6
92.692,42,HARD,3,29.32,37.94,25.432,None,None,None,16,16,1,False,5965.615,LAT,6,None,None,5902.252,5940.192,5965.624,290.0,261.0,249.0,306.0,True,Williams,5872.923,2020-08-09T14:17:52.969000000,False,None,False,True,5850.384,26.4,56.1,1000.7,False,43.7,48,1.8
92.87,43,HARD,3,29.349,38.051,25.47,None,None,None,17,16,1,False,6058.485,LAT,6,None,None,5994.973,6033.024,6058.494,287.0,260.0,248.0,298.0,True,Williams,5965.615,2020-08-09T14:19:25.661000000,False,None,False,True,5910.382,26.2,56.5,1000.7,False,44.1,245,2.4
93.531,44,HARD,3,29.242,37.826,26.463,None,None,None,18,16,1,False,6152.016,LAT,6,None,None,6087.736,6125.562,6152.025,287.0,258.0,250.0,283.0,True,Williams,6058.485,2020-08-09T14:20:58.531000000,False,None,False,True,6030.377,26.4,55.2,1000.7,False,44.3,15,2.0
92.579,45,HARD,3,29.302,37.699,25.578,None,None,None,19,16,1,False,6244.595,LAT,6,None,None,6181.327,6219.026,6244.604,288.0,262.0,248.0,305.0,True,Williams,6152.016,2020-08-09T14:22:32.062000000,False,None,False,True,6090.37,26.2,56.6,1000.8,False,44.3,20,1.4
93.483,46,HARD,3,29.441,39.498,24.544,None,None,None,20,16,1,False,6338.078,LAT,6,None,6332.152,6274.045,6313.543,6338.087,290.0,261.0,None,311.0,True,Williams,6244.595,2020-08-09T14:24:04.641000000,False,None,False,False,6210.391,26.6,55.6,1000.7,False,43.9,28,1.4
110.327,47,MEDIUM,4,48.916,36.795,24.616,None,None,None,1,19,1,False,6448.405,LAT,6,6361.21,None,6387.003,6423.798,6448.414,294.0,262.0,250.0,310.0,True,Williams,6338.078,2020-08-09T14:25:38.124000000,False,None,False,False,6270.377,26.8,54.3,1000.7,False,43.9,357,3.0
89.95,48,MEDIUM,4,28.66,36.329,24.961,None,None,None,2,19,1,True,6538.355,LAT,6,None,None,6477.074,6513.403,6538.364,285.0,264.0,250.0,301.0,True,Williams,6448.405,2020-08-09T14:27:28.451000000,False,None,False,True,6330.379,26.3,56.0,1000.6,False,43.7,42,3.1
90.055,49,MEDIUM,4,28.652,36.43,24.973,None,None,None,3,19,1,False,6628.41,LAT,6,None,None,6567.016,6603.446,6628.419,290.0,262.0,251.0,311.0,True,Williams,6538.355,2020-08-09T14:28:58.401000000,False,None,False,True,6451.381,26.2,56.4,1000.8,False,43.8,357,2.5
91.216,50,MEDIUM,4,28.687,37.13,25.399,None,None,None,4,19,1,False,6719.626,LAT,6,None,None,6657.106,6694.236,6719.635,313.0,262.0,249.0,333.0,True,Williams,6628.41,2020-08-09T14:30:28.456000000,False,None,False,True,6510.37,26.0,56.5,1000.7,False,43.6,349,2.2
92.11,51,MEDIUM,4,28.752,37.566,25.792,None,None,None,5,19,1,False,6811.736,LAT,6,None,None,6748.387,6785.953,6811.745,314.0,265.0,246.0,340.0,True,Williams,6719.626,2020-08-09T14:31:59.672000000,True,TRACK LIMITS AT TURN 15,False,True,6630.387,25.9,57.4,1000.7,False,43.2,15,1.8
100.456,1,MEDIUM,1,None,40.438,26.213,None,None,None,4,10,12,False,2097.696,LEC,16,None,None,None,2071.565,2097.833,314.0,252.0,246.0,324.0,False,Ferrari,1997.072,2020-08-09T13:13:17.118000000,False,None,False,False,2010.085,24.2,61.2,1001.1,False,42.9,13,3.2
94.324,2,MEDIUM,1,29.43,38.943,25.951,None,None,None,5,10,1,True,2192.02,LEC,16,None,None,2127.149,2166.092,2192.043,301.0,256.0,248.0,313.0,False,Ferrari,2097.696,2020-08-09T13:14:57.742000000,False,None,False,True,2130.084,24.5,61.2,1001.1,False,42.6,5,3.7
93.93,3,MEDIUM,1,29.011,38.952,25.967,None,None,None,6,10,1,True,2285.95,LEC,16,None,None,2221.054,2260.006,2285.973,318.0,257.0,247.0,334.0,False,Ferrari,2192.02,2020-08-09T13:16:32.066000000,False,None,False,True,2191.19,24.9,59.9,1001.2,False,42.8,19,1.9
93.672,4,MEDIUM,1,28.983,38.785,25.904,None,None,None,7,10,1,True,2379.622,LEC,16,None,None,2314.956,2353.741,2379.645,319.0,256.0,246.0,331.0,False,Ferrari,2285.95,2020-08-09T13:18:05.996000000,False,None,False,True,2310.089,24.9,59.4,1001.0,False,43.1,295,2.0
93.703,5,MEDIUM,1,29.157,38.688,25.858,None,None,None,8,10,1,False,2473.325,LEC,16,None,None,2408.802,2447.49,2473.348,317.0,256.0,245.0,332.0,False,Ferrari,2379.622,2020-08-09T13:19:39.668000000,False,None,False,True,2370.085,24.9,59.8,1001.0,False,43.0,11,1.9
93.392,6,MEDIUM,1,29.344,38.43,25.618,None,None,None,9,10,1,True,2566.717,LEC,16,None,None,2502.692,2541.122,2566.74,304.0,259.0,246.0,332.0,False,Ferrari,2473.325,2020-08-09T13:21:13.371000000,False,None,False,True,2490.11,25.1,58.7,1001.0,False,43.3,18,2.4
93.191,7,MEDIUM,1,29.281,38.164,25.746,None,None,None,10,9,1,True,2659.908,LEC,16,None,None,2596.021,2634.185,2659.931,299.0,256.0,246.0,316.0,False,Ferrari,2566.717,2020-08-09T13:22:46.763000000,False,None,False,True,2610.119,25.1,58.3,1001.0,False,43.1,6,3.0
93.057,8,MEDIUM,1,29.11,38.305,25.642,None,None,None,11,8,1,True,2752.965,LEC,16,None,None,2689.041,2727.346,2752.988,312.0,259.0,246.0,327.0,False,Ferrari,2659.908,2020-08-09T13:24:19.954000000,False,None,False,True,2670.103,25.1,58.4,1001.0,False,43.1,285,3.0
92.831,9,MEDIUM,1,29.115,38.145,25.571,None,None,None,12,8,1,True,2845.796,LEC,16,None,None,2782.103,2820.248,2845.819,313.0,258.0,247.0,324.0,False,Ferrari,2752.965,2020-08-09T13:25:53.011000000,False,None,False,True,2790.154,25.4,57.8,1000.9,False,43.4,3,2.3
93.132,10,MEDIUM,1,28.985,38.321,25.826,None,None,None,13,8,1,False,2938.928,LEC,16,None,None,2874.804,2913.125,2938.951,313.0,258.0,247.0,323.0,False,Ferrari,2845.796,2020-08-09T13:27:25.842000000,False,None,False,True,2850.101,25.5,58.3,1001.0,False,43.8,7,2.1
92.946,11,MEDIUM,1,29.147,38.094,25.705,None,None,None,14,8,1,False,3031.874,LEC,16,None,None,2968.098,3006.192,3031.897,311.0,257.0,246.0,324.0,False,Ferrari,2938.928,2020-08-09T13:28:58.974000000,False,None,False,True,2970.13,25.5,58.5,1000.9,False,44.0,22,2.1
92.915,12,MEDIUM,1,29.239,38.186,25.49,None,None,None,15,8,1,False,3124.789,LEC,16,None,None,3061.136,3099.322,3124.812,299.0,256.0,246.0,324.0,False,Ferrari,3031.874,2020-08-09T13:30:31.920000000,False,None,False,True,3030.127,25.7,57.3,1000.9,False,44.0,10,3.0
92.429,13,MEDIUM,1,29.1,37.789,25.54,None,None,None,16,7,1,True,3217.218,LEC,16,None,None,3153.912,3191.701,3217.241,297.0,257.0,247.0,314.0,False,Ferrari,3124.789,2020-08-09T13:32:04.835000000,False,None,False,True,3150.113,25.7,56.8,1000.9,False,43.5,330,1.3
92.68,14,MEDIUM,1,29.154,37.929,25.597,None,None,None,17,7,1,False,3309.898,LEC,16,None,None,3246.395,3284.324,3309.921,311.0,256.0,247.0,315.0,False,Ferrari,3217.218,2020-08-09T13:33:37.264000000,False,None,False,True,3210.123,25.5,57.4,1000.9,False,42.9,343,1.8
93.151,15,MEDIUM,1,29.143,37.939,26.069,None,None,None,18,6,1,False,3403.049,LEC,16,None,None,3339.064,3377.003,3403.072,299.0,257.0,246.0,315.0,False,Ferrari,3309.898,2020-08-09T13:35:09.944000000,False,None,False,True,3330.18,25.5,58.3,1000.7,False,43.3,28,2.2
92.252,16,MEDIUM,1,28.978,37.889,25.385,None,None,None,19,5,1,True,3495.301,LEC,16,None,None,3432.05,3469.939,3495.324,313.0,257.0,247.0,318.0,False,Ferrari,3403.049,2020-08-09T13:36:43.095000000,False,None,False,True,3390.154,25.4,58.4,1000.9,False,43.5,61,2.3
92.711,17,MEDIUM,1,29.206,37.777,25.728,None,None,None,20,5,1,False,3588.012,LEC,16,None,None,3524.53,3562.307,3588.035,297.0,258.0,248.0,314.0,False,Ferrari,3495.301,2020-08-09T13:38:15.347000000,False,None,False,True,3510.14,25.4,58.5,1000.8,False,43.6,29,2.1
91.751,18,MEDIUM,1,29.042,37.791,24.918,None,None,None,21,5,1,False,3679.763,LEC,16,None,3673.903,3617.077,3654.868,3679.786,293.0,257.0,None,309.0,False,Ferrari,3588.012,2020-08-09T13:39:48.058000000,False,None,False,False,3570.133,25.2,59.1,1001.0,False,43.6,1,2.4
113.869,19,HARD,2,50.322,37.598,25.949,None,None,None,1,12,1,False,3793.632,LEC,16,3703.358,None,3730.108,3767.706,3793.655,305.0,262.0,251.0,329.0,True,Ferrari,3679.763,2020-08-09T13:41:19.809000000,False,None,False,False,3690.124,25.5,58.4,1000.9,False,43.9,6,1.8
91.776,20,HARD,2,28.777,37.53,25.469,None,None,None,2,10,1,True,3885.408,LEC,16,None,None,3822.432,3859.962,3885.431,309.0,259.0,247.0,307.0,True,Ferrari,3793.632,2020-08-09T13:43:13.678000000,False,None,False,True,3810.162,25.5,57.8,1000.9,False,43.6,14,2.5
91.79,21,HARD,2,28.859,37.507,25.424,None,None,None,3,10,1,False,3977.198,LEC,16,None,None,3914.29,3951.797,3977.221,297.0,259.0,249.0,310.0,True,Ferrari,3885.408,2020-08-09T13:44:45.454000000,False,None,False,True,3870.143,25.6,57.9,1000.8,False,44.0,22,2.3
91.467,22,HARD,2,28.607,37.42,25.44,None,None,None,4,10,1,True,4068.665,LEC,16,None,None,4005.828,4043.248,4068.688,302.0,259.0,248.0,313.0,True,Ferrari,3977.198,2020-08-09T13:46:17.244000000,False,None,False,True,3990.133,25.8,56.8,1001.0,False,43.8,13,2.1
91.378,23,HARD,2,28.733,37.348,25.297,None,None,None,5,7,1,True,4160.043,LEC,16,None,None,4097.421,4134.769,4160.066,298.0,260.0,248.0,310.0,True,Ferrari,4068.665,2020-08-09T13:47:48.711000000,False,None,False,True,4050.112,25.9,56.5,1000.9,False,43.8,4,1.0
91.567,24,HARD,2,28.799,37.437,25.331,None,None,None,6,7,1,False,4251.61,LEC,16,None,None,4188.865,4226.302,4251.633,300.0,260.0,248.0,310.0,True,Ferrari,4160.043,2020-08-09T13:49:20.089000000,False,None,False,True,4170.17,26.4,54.7,1000.9,False,44.6,287,1.0
91.364,25,HARD,2,28.699,37.316,25.349,None,None,None,7,7,1,True,4342.974,LEC,16,None,None,4280.332,4317.648,4342.997,300.0,260.0,249.0,313.0,True,Ferrari,4251.61,2020-08-09T13:50:51.656000000,False,None,False,True,4230.187,26.5,54.6,1000.9,False,44.6,33,1.8
91.398,26,HARD,2,28.807,37.478,25.113,None,None,None,8,7,1,False,4434.372,LEC,16,None,None,4371.804,4409.282,4434.395,301.0,260.0,249.0,329.0,True,Ferrari,4342.974,2020-08-09T13:52:23.020000000,False,None,False,True,4350.19,26.6,54.5,1000.9,False,44.8,7,1.4
91.012,27,HARD,2,28.776,37.102,25.134,None,None,None,9,6,1,True,4525.384,LEC,16,None,None,4463.171,4500.273,4525.407,296.0,261.0,248.0,312.0,True,Ferrari,4434.372,2020-08-09T13:53:54.418000000,False,None,False,True,4410.191,26.7,55.0,1000.9,False,44.4,9,3.0
90.804,28,HARD,2,28.791,36.988,25.025,None,None,None,10,6,1,True,4616.188,LEC,16,None,None,4554.198,4591.186,4616.211,294.0,262.0,250.0,313.0,True,Ferrari,4525.384,2020-08-09T13:55:25.430000000,False,None,False,True,4530.212,26.2,56.5,1000.8,False,43.2,23,3.3
90.668,29,HARD,2,28.597,36.905,25.166,None,None,None,11,6,1,True,4706.856,LEC,16,None,None,4644.808,4681.713,4706.879,298.0,261.0,248.0,313.0,True,Ferrari,4616.188,2020-08-09T13:56:56.234000000,False,None,False,True,4650.232,25.9,56.8,1000.8,False,43.6,21,1.1
90.731,30,HARD,2,28.583,37.05,25.098,None,None,None,12,6,1,False,4797.587,LEC,16,None,None,4735.462,4772.512,4797.61,299.0,261.0,248.0,312.0,True,Ferrari,4706.856,2020-08-09T13:58:26.902000000,False,None,False,True,4710.237,25.9,56.5,1000.9,False,43.6,14,1.5
90.704,31,HARD,2,28.584,37.058,25.062,None,None,None,13,5,12,False,4888.291,LEC,16,None,None,4826.194,4863.252,4888.314,300.0,262.0,249.0,314.0,True,Ferrari,4797.587,2020-08-09T13:59:57.633000000,False,None,False,True,4830.313,25.8,57.1,1000.8,False,43.6,38,2.0
90.629,32,HARD,2,28.542,37.034,25.053,None,None,None,14,4,1,True,4978.92,LEC,16,None,None,4916.856,4953.89,4978.943,297.0,261.0,249.0,312.0,True,Ferrari,4888.291,2020-08-09T14:01:28.337000000,False,None,False,True,4890.265,25.8,57.0,1000.7,False,43.6,23,2.2
91.415,33,HARD,2,28.742,37.392,25.281,None,None,None,15,4,1,False,5070.335,LEC,16,None,None,5007.685,5045.077,5070.358,298.0,260.0,249.0,316.0,True,Ferrari,4978.92,2020-08-09T14:02:58.966000000,False,None,False,True,5010.272,25.6,58.2,1000.8,False,43.2,2,2.0
91.201,34,HARD,2,28.716,37.225,25.26,None,None,None,16,4,1,False,5161.536,LEC,16,None,None,5099.074,5136.299,5161.559,301.0,261.0,248.0,316.0,True,Ferrari,5070.335,2020-08-09T14:04:30.381000000,False,None,False,True,5070.281,25.6,57.7,1000.8,False,43.2,14,1.8
90.978,35,HARD,2,28.626,37.291,25.061,None,None,None,17,4,1,False,5252.514,LEC,16,None,None,5190.185,5227.476,5252.537,302.0,260.0,249.0,318.0,True,Ferrari,5161.536,2020-08-09T14:06:01.582000000,False,None,False,True,5190.281,26.0,56.8,1000.7,False,43.7,11,1.5
90.952,36,HARD,2,28.626,37.174,25.152,None,None,None,18,4,1,False,5343.466,LEC,16,None,None,None,5318.337,5343.489,302.0,262.0,249.0,313.0,True,Ferrari,5252.514,2020-08-09T14:07:32.560000000,False,None,False,True,5250.297,26.5,54.8,1000.7,False,45.1,25,2.4
90.911,37,HARD,2,28.599,37.186,25.126,None,None,None,19,4,1,False,5434.377,LEC,16,None,None,5372.088,5409.274,5434.4,304.0,261.0,249.0,314.0,True,Ferrari,5343.466,2020-08-09T14:09:03.512000000,False,None,False,True,5370.329,26.8,54.5,1000.8,False,44.3,17,2.3
90.638,38,HARD,2,28.551,37.042,25.045,None,None,None,20,4,1,False,5525.015,LEC,16,None,None,5462.951,5499.993,5525.038,303.0,261.0,250.0,314.0,True,Ferrari,5434.377,2020-08-09T14:10:34.423000000,False,None,False,True,5430.343,26.6,54.9,1000.7,False,44.0,17,3.4
90.552,39,HARD,2,28.477,36.975,25.1,None,None,None,21,4,1,True,5615.567,LEC,16,None,None,5553.515,5590.49,5615.59,303.0,260.0,251.0,315.0,True,Ferrari,5525.015,2020-08-09T14:12:05.061000000,False,None,False,True,5550.337,26.4,55.3,1000.7,False,43.7,16,1.5
90.753,40,HARD,2,28.593,37.076,25.084,None,None,None,22,4,1,False,5706.32,LEC,16,None,None,5644.183,5681.259,5706.343,299.0,261.0,251.0,318.0,True,Ferrari,5615.567,2020-08-09T14:13:35.613000000,False,None,False,True,5670.376,26.2,56.2,1000.7,False,43.6,2,1.7
91.054,41,HARD,2,28.633,37.258,25.163,None,None,None,23,4,1,False,5797.374,LEC,16,None,None,5734.976,5772.234,5797.397,310.0,261.0,251.0,317.0,True,Ferrari,5706.32,2020-08-09T14:15:06.366000000,False,None,False,True,5730.374,26.3,55.7,1000.7,False,43.7,4,1.6
91.212,42,HARD,2,28.629,37.333,25.25,None,None,None,24,3,1,False,5888.586,LEC,16,None,None,5826.026,5863.359,5888.609,298.0,260.0,250.0,315.0,True,Ferrari,5797.374,2020-08-09T14:16:37.420000000,False,None,False,True,5850.384,26.4,56.1,1000.7,False,43.7,48,1.8
91.122,43,HARD,2,28.567,37.273,25.282,None,None,None,25,3,1,False,5979.708,LEC,16,None,None,5917.176,5954.449,5979.731,302.0,260.0,250.0,314.0,True,Ferrari,5888.586,2020-08-09T14:18:08.632000000,False,None,False,True,5910.382,26.2,56.5,1000.7,False,44.1,245,2.4
90.832,44,HARD,2,28.503,37.206,25.123,None,None,None,26,3,1,False,6070.54,LEC,16,None,None,6008.234,6045.44,6070.563,304.0,262.0,252.0,316.0,True,Ferrari,5979.708,2020-08-09T14:19:39.754000000,False,None,False,True,6030.377,26.4,55.2,1000.7,False,44.3,15,2.0
91.719,45,HARD,2,28.489,37.208,26.022,None,None,None,27,4,1,False,6162.259,LEC,16,None,None,6099.052,6136.26,6162.282,303.0,262.0,249.0,313.0,True,Ferrari,6070.54,2020-08-09T14:21:10.586000000,False,None,False,True,6090.37,26.2,56.6,1000.8,False,44.3,20,1.4
91.513,46,HARD,2,28.97,37.434,25.109,None,None,None,28,4,1,False,6253.772,LEC,16,None,None,6191.252,6228.686,6253.795,299.0,260.0,250.0,316.0,True,Ferrari,6162.259,2020-08-09T14:22:42.305000000,False,None,False,True,6210.391,26.6,55.6,1000.7,False,43.9,28,1.4
91.373,47,HARD,2,28.783,37.533,25.057,None,None,None,29,4,1,False,6345.145,LEC,16,None,None,6282.578,6320.111,6345.168,299.0,261.0,250.0,314.0,True,Ferrari,6253.772,2020-08-09T14:24:13.818000000,False,None,False,True,6270.377,26.8,54.3,1000.7,False,43.9,357,3.0
91.602,48,HARD,2,28.681,37.592,25.329,None,None,None,30,4,1,False,6436.747,LEC,16,None,None,6373.849,6411.441,6436.77,299.0,259.0,251.0,315.0,True,Ferrari,6345.145,2020-08-09T14:25:45.191000000,False,None,False,True,6330.379,26.3,56.0,1000.6,False,43.7,42,3.1
92.063,49,HARD,2,28.738,37.753,25.572,None,None,None,31,4,1,False,6528.81,LEC,16,None,None,6465.508,6503.261,6528.833,298.0,259.0,250.0,314.0,True,Ferrari,6436.747,2020-08-09T14:27:16.793000000,False,None,False,True,6451.381,26.2,56.4,1000.8,False,43.8,357,2.5
94.054,50,HARD,2,29.33,38.197,26.527,None,None,None,32,4,1,False,6622.864,LEC,16,None,None,6558.163,6596.36,6622.887,299.0,260.0,246.0,316.0,True,Ferrari,6528.81,2020-08-09T14:28:48.856000000,False,None,False,True,6510.37,26.0,56.5,1000.7,False,43.6,349,2.2
93.817,51,HARD,2,29.535,38.573,25.709,None,None,None,33,4,1,False,6716.681,LEC,16,None,None,6652.422,6690.995,6716.704,304.0,260.0,251.0,315.0,True,Ferrari,6622.864,2020-08-09T14:30:22.910000000,False,None,False,True,6630.387,25.9,57.4,1000.7,False,43.2,15,1.8
91.841,52,HARD,2,28.667,37.745,25.429,None,None,None,34,4,1,False,6808.522,LEC,16,None,None,6745.371,6783.116,6808.545,301.0,259.0,249.0,311.0,True,Ferrari,6716.681,2020-08-09T14:31:56.727000000,False,None,False,True,6690.398,26.0,57.4,1000.8,False,43.3,337,1.5
101.958,1,MEDIUM,1,None,40.245,26.424,None,None,None,1,13,12,False,2099.198,MAG,20,None,None,None,2072.89,2099.346,308.0,253.0,243.0,316.0,True,Haas F1 Team,1997.072,2020-08-09T13:13:17.118000000,False,None,False,False,2010.085,24.2,61.2,1001.1,False,42.9,13,3.2
95.587,2,MEDIUM,1,29.938,39.332,26.317,None,None,None,2,13,1,True,2194.785,MAG,20,None,None,2129.179,2168.511,2194.828,301.0,250.0,245.0,312.0,True,Haas F1 Team,2099.198,2020-08-09T13:14:59.244000000,False,None,False,True,2130.084,24.5,61.2,1001.1,False,42.6,5,3.7
96.36,3,MEDIUM,1,29.471,39.855,27.034,None,None,None,3,14,1,False,2291.145,MAG,20,None,None,2224.299,2264.154,2291.188,312.0,253.0,242.0,309.0,True,Haas F1 Team,2194.785,2020-08-09T13:16:34.831000000,False,None,False,True,2191.19,24.9,59.9,1001.2,False,42.8,19,1.9
94.897,4,MEDIUM,1,29.578,39.064,26.255,None,None,None,4,14,1,True,2386.042,MAG,20,None,None,2320.766,2359.83,2386.085,311.0,252.0,240.0,308.0,True,Haas F1 Team,2291.145,2020-08-09T13:18:11.191000000,False,None,False,True,2310.089,24.9,59.4,1001.0,False,43.1,295,2.0
94.648,5,MEDIUM,1,29.511,39.01,26.127,None,None,None,5,14,1,True,2480.69,MAG,20,None,None,2415.596,2454.606,2480.733,300.0,252.0,241.0,308.0,True,Haas F1 Team,2386.042,2020-08-09T13:19:46.088000000,False,None,False,True,2370.085,24.9,59.8,1001.0,False,43.0,11,1.9
94.64,6,MEDIUM,1,29.586,38.936,26.118,None,None,None,6,14,1,True,2575.33,MAG,20,None,None,2510.319,2549.255,2575.373,297.0,253.0,240.0,308.0,True,Haas F1 Team,2480.69,2020-08-09T13:21:20.736000000,False,None,False,True,2490.11,25.1,58.7,1001.0,False,43.3,18,2.4
94.452,7,MEDIUM,1,29.594,38.963,25.895,None,None,None,7,13,1,True,2669.782,MAG,20,None,None,2604.967,2643.93,2669.825,295.0,252.0,242.0,310.0,True,Haas F1 Team,2575.33,2020-08-09T13:22:55.376000000,False,None,False,True,2610.119,25.1,58.3,1001.0,False,43.1,6,3.0
94.36,8,MEDIUM,1,29.695,38.793,25.872,None,None,None,8,12,1,True,2764.142,MAG,20,None,None,2699.52,2738.313,2764.185,296.0,253.0,241.0,311.0,True,Haas F1 Team,2669.782,2020-08-09T13:24:29.828000000,False,None,False,True,2670.103,25.1,58.4,1001.0,False,43.1,285,3.0
93.626,9,MEDIUM,1,29.58,38.809,25.237,None,None,None,9,12,1,False,2857.768,MAG,20,None,2852.162,2793.765,2832.574,2857.811,296.0,251.0,None,303.0,True,Haas F1 Team,2764.142,2020-08-09T13:26:04.188000000,False,None,False,False,2790.154,25.4,57.8,1000.9,False,43.4,3,2.3
114.192,10,HARD,2,50.223,38.345,25.624,None,None,None,2,19,1,False,2971.96,MAG,20,2880.867,None,2908.034,2946.379,2972.003,297.0,256.0,244.0,307.0,False,Haas F1 Team,2857.768,2020-08-09T13:27:37.814000000,False,None,False,False,2850.101,25.5,58.3,1001.0,False,43.8,7,2.1
92.94,11,HARD,2,29.218,38.112,25.61,None,None,None,3,19,1,True,3064.9,MAG,20,None,None,3001.221,3039.333,3064.943,294.0,256.0,243.0,305.0,False,Haas F1 Team,2971.96,2020-08-09T13:29:32.006000000,False,None,False,True,2970.13,25.5,58.5,1000.9,False,44.0,22,2.1
93.15,12,HARD,2,29.358,38.253,25.539,None,None,None,4,19,1,False,3158.05,MAG,20,None,None,3094.301,3132.554,3158.093,294.0,254.0,243.0,311.0,False,Haas F1 Team,3064.9,2020-08-09T13:31:04.946000000,False,None,False,True,3030.127,25.7,57.3,1000.9,False,44.0,10,3.0
93.203,13,HARD,2,29.394,38.277,25.532,None,None,None,5,19,1,False,3251.253,MAG,20,None,None,3187.487,3225.764,3251.296,295.0,255.0,244.0,311.0,False,Haas F1 Team,3158.05,2020-08-09T13:32:38.096000000,False,None,False,True,3150.113,25.7,56.8,1000.9,False,43.5,330,1.3
92.992,14,HARD,2,29.325,38.079,25.588,None,None,None,6,19,1,False,3344.245,MAG,20,None,None,3280.621,3318.7,3344.288,299.0,254.0,244.0,313.0,False,Haas F1 Team,3251.253,2020-08-09T13:34:11.299000000,False,None,False,True,3210.123,25.5,57.4,1000.9,False,42.9,343,1.8
93.246,15,HARD,2,29.371,38.279,25.596,None,None,None,7,19,1,False,3437.491,MAG,20,None,None,3373.659,3411.938,3437.534,301.0,255.0,243.0,315.0,False,Haas F1 Team,3344.245,2020-08-09T13:35:44.291000000,False,None,False,True,3330.18,25.5,58.3,1000.7,False,43.3,28,2.2
93.688,16,HARD,2,29.437,38.546,25.705,None,None,None,8,19,1,False,3531.179,MAG,20,None,None,3466.971,3505.517,3531.222,298.0,254.0,244.0,314.0,False,Haas F1 Team,3437.491,2020-08-09T13:37:17.537000000,False,None,False,True,3390.154,25.4,58.4,1000.9,False,43.5,61,2.3
93.976,17,HARD,2,29.421,38.349,26.206,None,None,None,9,19,1,False,3625.155,MAG,20,None,None,3560.643,3598.992,3625.198,300.0,253.0,244.0,313.0,False,Haas F1 Team,3531.179,2020-08-09T13:38:51.225000000,True,TRACK LIMITS AT TURN 15,False,True,3510.14,25.4,58.5,1000.8,False,43.6,29,2.1
94.172,18,HARD,2,29.554,38.453,26.165,None,None,None,10,18,1,False,3719.327,MAG,20,None,None,3654.752,3693.205,3719.37,300.0,255.0,241.0,312.0,False,Haas F1 Team,3625.155,2020-08-09T13:40:25.201000000,False,None,False,True,3570.133,25.2,59.1,1001.0,False,43.6,1,2.4
94.015,19,HARD,2,29.6,38.399,26.016,None,None,None,11,18,1,False,3813.342,MAG,20,None,None,3748.97,3787.369,3813.385,299.0,254.0,242.0,310.0,False,Haas F1 Team,3719.327,2020-08-09T13:41:59.373000000,False,None,False,True,3690.124,25.5,58.4,1000.9,False,43.9,6,1.8
96.049,20,HARD,2,29.449,40.259,26.341,None,None,None,12,20,1,False,3909.391,MAG,20,None,3903.559,3842.834,3883.093,3909.434,299.0,251.0,None,304.0,False,Haas F1 Team,3813.342,2020-08-09T13:43:33.388000000,False,None,False,False,3810.162,25.5,57.8,1000.9,False,43.6,14,2.5
114.658,21,HARD,3,50.651,38.507,25.5,None,None,None,1,20,1,False,4024.049,MAG,20,3932.961,None,3960.085,3998.592,4024.092,298.0,255.0,244.0,303.0,True,Haas F1 Team,3909.391,2020-08-09T13:45:09.437000000,False,None,False,False,3870.143,25.6,57.9,1000.8,False,44.0,22,2.3
94.879,22,HARD,3,29.2,38.033,27.646,None,None,None,2,20,1,False,4118.928,MAG,20,None,None,4053.292,4091.325,4118.971,292.0,254.0,243.0,233.0,True,Haas F1 Team,4024.049,2020-08-09T13:47:04.095000000,False,None,False,True,3990.133,25.8,56.8,1001.0,False,43.8,13,2.1
92.772,23,HARD,3,29.173,38.08,25.519,None,None,None,3,20,1,True,4211.7,MAG,20,None,None,4148.144,4186.224,4211.743,301.0,255.0,244.0,307.0,True,Haas F1 Team,4118.928,2020-08-09T13:48:38.974000000,False,None,False,True,4050.112,25.9,56.5,1000.9,False,43.8,4,1.0
92.957,24,HARD,3,29.23,38.201,25.526,None,None,None,4,20,1,False,4304.657,MAG,20,None,None,4240.973,4279.174,4304.7,296.0,256.0,244.0,307.0,True,Haas F1 Team,4211.7,2020-08-09T13:50:11.746000000,False,None,False,True,4170.17,26.4,54.7,1000.9,False,44.6,287,1.0
92.867,25,HARD,3,29.331,37.882,25.654,None,None,None,5,20,1,False,4397.524,MAG,20,None,None,4334.031,4371.913,4397.567,297.0,254.0,244.0,310.0,True,Haas F1 Team,4304.657,2020-08-09T13:51:44.703000000,False,None,False,True,4230.187,26.5,54.6,1000.9,False,44.6,33,1.8
93.238,26,HARD,3,29.477,38.046,25.715,None,None,None,6,20,1,False,4490.762,MAG,20,None,None,4427.044,4465.09,4490.805,297.0,254.0,242.0,308.0,True,Haas F1 Team,4397.524,2020-08-09T13:53:17.570000000,False,None,False,True,4350.19,26.6,54.5,1000.9,False,44.8,7,1.4
94.025,27,HARD,3,29.524,38.537,25.964,None,None,None,7,20,1,False,4584.787,MAG,20,None,None,4520.329,4558.866,4584.83,295.0,253.0,242.0,307.0,True,Haas F1 Team,4490.762,2020-08-09T13:54:50.808000000,False,None,False,True,4410.191,26.7,55.0,1000.9,False,44.4,9,3.0
94.36,28,HARD,3,29.295,38.823,26.242,None,None,None,8,20,1,False,4679.147,MAG,20,None,None,4614.125,4652.948,4679.19,296.0,252.0,241.0,309.0,True,Haas F1 Team,4584.787,2020-08-09T13:56:24.833000000,False,None,False,True,4530.212,26.2,56.5,1000.8,False,43.2,23,3.3
95.025,29,HARD,3,29.501,39.291,26.233,None,None,None,9,20,1,False,4774.172,MAG,20,None,None,4708.691,4747.982,4774.215,296.0,250.0,242.0,306.0,True,Haas F1 Team,4679.147,2020-08-09T13:57:59.193000000,False,None,False,True,4650.232,25.9,56.8,1000.8,False,43.6,21,1.1
97.141,30,HARD,3,31.566,39.911,25.664,None,None,None,10,20,12,False,4871.313,MAG,20,None,None,4805.781,4845.692,4871.356,243.0,253.0,244.0,312.0,True,Haas F1 Team,4774.172,2020-08-09T13:59:34.218000000,False,None,False,True,4710.237,25.9,56.5,1000.9,False,43.6,14,1.5
95.791,31,HARD,3,29.375,40.687,25.729,None,None,None,11,20,1,False,4967.104,MAG,20,None,None,4900.731,4941.418,4967.147,297.0,253.0,245.0,322.0,True,Haas F1 Team,4871.313,2020-08-09T14:01:11.359000000,False,None,False,True,4830.313,25.8,57.1,1000.8,False,43.6,38,2.0
93.326,32,HARD,3,29.417,38.239,25.67,None,None,None,12,20,1,False,5060.43,MAG,20,None,None,4996.564,5034.803,5060.473,296.0,257.0,243.0,307.0,True,Haas F1 Team,4967.104,2020-08-09T14:02:47.150000000,False,None,False,True,4890.265,25.8,57.0,1000.7,False,43.6,23,2.2
93.404,33,HARD,3,29.342,38.245,25.817,None,None,None,13,20,1,False,5153.834,MAG,20,None,None,5089.815,5128.06,5153.877,297.0,256.0,242.0,307.0,True,Haas F1 Team,5060.43,2020-08-09T14:04:20.476000000,False,None,False,True,5010.272,25.6,58.2,1000.8,False,43.2,2,2.0
93.285,34,HARD,3,29.397,38.318,25.57,None,None,None,14,20,1,False,5247.119,MAG,20,None,None,5183.274,5221.592,5247.162,298.0,255.0,243.0,309.0,True,Haas F1 Team,5153.834,2020-08-09T14:05:53.880000000,False,None,False,True,5070.281,25.6,57.7,1000.8,False,43.2,14,1.8
99.507,35,HARD,3,32.363,41.516,25.628,None,None,None,15,20,1,False,5346.626,MAG,20,None,None,5279.525,5321.041,5346.669,218.0,255.0,244.0,308.0,True,Haas F1 Team,5247.119,2020-08-09T14:07:27.165000000,False,None,False,True,5190.281,26.0,56.8,1000.7,False,43.7,11,1.5
92.986,36,HARD,3,29.27,38.13,25.586,None,None,None,16,20,1,False,5439.612,MAG,20,None,None,5375.939,5414.069,5439.655,300.0,253.0,244.0,307.0,True,Haas F1 Team,5346.626,2020-08-09T14:09:06.672000000,False,None,False,True,5250.297,26.5,54.8,1000.7,False,45.1,25,2.4
92.391,37,HARD,3,29.129,37.778,25.484,None,None,None,17,20,1,True,5532.003,MAG,20,None,None,5468.784,5506.562,5532.046,299.0,256.0,244.0,307.0,True,Haas F1 Team,5439.612,2020-08-09T14:10:39.658000000,False,None,False,True,5370.329,26.8,54.5,1000.8,False,44.3,17,2.3
92.298,38,HARD,3,29.133,37.762,25.403,None,None,None,18,20,1,True,5624.301,MAG,20,None,None,5561.179,5598.941,5624.344,298.0,257.0,245.0,308.0,True,Haas F1 Team,5532.003,2020-08-09T14:12:12.049000000,False,None,False,True,5430.343,26.6,54.9,1000.7,False,44.0,17,3.4
91.83,39,HARD,3,29.077,37.487,25.266,None,None,None,19,20,1,True,5716.131,MAG,20,None,None,5653.421,5690.908,5716.174,297.0,257.0,245.0,309.0,True,Haas F1 Team,5624.301,2020-08-09T14:13:44.347000000,False,None,False,True,5550.337,26.4,55.3,1000.7,False,43.7,16,1.5
92.133,40,HARD,3,29.091,37.74,25.302,None,None,None,20,20,1,False,5808.264,MAG,20,None,None,5745.265,5783.005,5808.307,296.0,257.0,244.0,311.0,True,Haas F1 Team,5716.131,2020-08-09T14:15:16.177000000,False,None,False,True,5670.376,26.2,56.2,1000.7,False,43.6,2,1.7
92.755,41,HARD,3,29.17,38.066,25.519,None,None,None,21,20,1,False,5901.019,MAG,20,None,None,5837.477,5875.543,5901.062,297.0,256.0,245.0,309.0,True,Haas F1 Team,5808.264,2020-08-09T14:16:48.310000000,False,None,False,True,5730.374,26.3,55.7,1000.7,False,43.7,4,1.6
93.623,42,HARD,3,29.406,38.573,25.644,None,None,None,22,20,1,False,5994.642,MAG,20,None,None,5930.468,5969.041,5994.685,297.0,253.0,244.0,305.0,True,Haas F1 Team,5901.019,2020-08-09T14:18:21.065000000,False,None,False,True,5850.384,26.4,56.1,1000.7,False,43.7,48,1.8
97.962,43,HARD,3,29.244,42.765,25.953,None,None,None,23,20,1,False,6092.604,MAG,20,None,6086.641,6023.929,6066.694,6092.647,297.0,251.0,None,305.0,True,Haas F1 Team,5994.642,2020-08-09T14:19:54.688000000,False,None,False,False,5910.382,26.2,56.5,1000.7,False,44.1,245,2.4
99.451,1,MEDIUM,1,None,39.42,26.117,None,None,None,4,8,12,False,2096.691,NOR,4,None,None,None,2070.672,2096.825,306.0,256.0,244.0,309.0,False,McLaren,1997.072,2020-08-09T13:13:17.118000000,False,None,False,False,2010.085,24.2,61.2,1001.1,False,42.9,13,3.2
93.816,2,MEDIUM,1,29.442,38.468,25.906,None,None,None,5,8,1,True,2190.507,NOR,4,None,None,2126.166,2164.634,2190.54,288.0,259.0,247.0,302.0,False,McLaren,2096.691,2020-08-09T13:14:56.737000000,False,None,False,True,2130.084,24.5,61.2,1001.1,False,42.6,5,3.7
93.862,3,MEDIUM,1,29.312,38.71,25.84,None,None,None,6,8,1,False,2284.369,NOR,4,None,None,2219.852,2258.562,2284.402,300.0,258.0,245.0,303.0,False,McLaren,2190.507,2020-08-09T13:16:30.553000000,False,None,False,True,2191.19,24.9,59.9,1001.2,False,42.8,19,1.9
93.357,4,MEDIUM,1,29.245,38.055,26.057,None,None,None,7,8,1,True,2377.726,NOR,4,None,None,2313.647,2351.702,2377.759,290.0,256.0,244.0,300.0,False,McLaren,2284.369,2020-08-09T13:18:04.415000000,False,None,False,True,2310.089,24.9,59.4,1001.0,False,43.1,295,2.0
93.901,5,MEDIUM,1,29.417,38.262,26.222,None,None,None,8,8,1,False,2471.627,NOR,4,None,None,2407.176,2445.438,2471.66,290.0,256.0,245.0,299.0,False,McLaren,2377.726,2020-08-09T13:19:37.772000000,False,None,False,True,2370.085,24.9,59.8,1001.0,False,43.0,11,1.9
93.435,6,MEDIUM,1,29.36,38.073,26.002,None,None,None,9,8,1,False,2565.062,NOR,4,None,None,2501.02,2539.093,2565.095,285.0,258.0,245.0,299.0,False,McLaren,2471.627,2020-08-09T13:21:11.673000000,False,None,False,True,2490.11,25.1,58.7,1001.0,False,43.3,18,2.4
93.758,7,MEDIUM,1,29.647,38.208,25.903,None,None,None,10,8,1,False,2658.82,NOR,4,None,None,2594.742,2632.95,2658.853,282.0,255.0,244.0,297.0,False,McLaren,2565.062,2020-08-09T13:22:45.108000000,False,None,False,True,2610.119,25.1,58.3,1001.0,False,43.1,6,3.0
93.181,8,MEDIUM,1,29.563,37.759,25.859,None,None,None,11,7,1,True,2752.001,NOR,4,None,None,2688.416,2726.175,2752.034,283.0,258.0,244.0,296.0,False,McLaren,2658.82,2020-08-09T13:24:18.866000000,False,None,False,True,2670.103,25.1,58.4,1001.0,False,43.1,285,3.0
92.752,9,MEDIUM,1,29.423,37.559,25.77,None,None,None,12,7,1,True,2844.753,NOR,4,None,None,2781.457,2819.016,2844.786,284.0,258.0,246.0,293.0,False,McLaren,2752.001,2020-08-09T13:25:52.047000000,False,None,False,True,2790.154,25.4,57.8,1000.9,False,43.4,3,2.3
93.128,10,MEDIUM,1,29.525,37.604,25.999,None,None,None,13,7,1,False,2937.881,NOR,4,None,None,2874.311,2911.915,2937.914,282.0,259.0,244.0,293.0,False,McLaren,2844.753,2020-08-09T13:27:24.799000000,False,None,False,True,2850.101,25.5,58.3,1001.0,False,43.8,7,2.1
92.827,11,MEDIUM,1,29.472,37.597,25.758,None,None,None,14,7,1,False,3030.708,NOR,4,None,None,2967.386,3004.983,3030.741,282.0,257.0,244.0,293.0,False,McLaren,2937.881,2020-08-09T13:28:57.927000000,False,None,False,True,2970.13,25.5,58.5,1000.9,False,44.0,22,2.1
92.315,12,MEDIUM,1,29.547,37.695,25.073,None,None,None,15,7,1,False,3123.023,NOR,4,None,3117.239,3060.288,3097.983,3123.056,282.0,257.0,None,293.0,False,McLaren,3030.708,2020-08-09T13:30:30.754000000,False,None,False,False,3030.127,25.7,57.3,1000.9,False,44.0,10,3.0
112.18,13,HARD,2,48.8,37.851,25.529,None,None,None,1,13,1,False,3235.203,NOR,4,3145.173,None,3171.856,3209.707,3235.236,285.0,260.0,248.0,303.0,True,McLaren,3123.023,2020-08-09T13:32:03.069000000,False,None,False,False,3150.113,25.7,56.8,1000.9,False,43.5,330,1.3
92.347,14,HARD,2,29.082,37.603,25.662,None,None,None,2,13,1,True,3327.55,NOR,4,None,None,3264.318,3301.921,3327.583,289.0,260.0,247.0,305.0,True,McLaren,3235.203,2020-08-09T13:33:55.249000000,False,None,False,True,3210.123,25.5,57.4,1000.9,False,42.9,343,1.8
93.051,15,HARD,2,29.196,38.275,25.58,None,None,None,3,13,1,False,3420.601,NOR,4,None,None,3356.779,3395.054,3420.634,291.0,262.0,247.0,325.0,True,McLaren,3327.55,2020-08-09T13:35:27.596000000,False,None,False,True,3330.18,25.5,58.3,1000.7,False,43.3,28,2.2
93.572,16,HARD,2,29.278,38.431,25.863,None,None,None,4,13,1,False,3514.173,NOR,4,None,None,3449.912,3488.343,3514.206,307.0,258.0,247.0,331.0,True,McLaren,3420.601,2020-08-09T13:37:00.647000000,False,None,False,True,3390.154,25.4,58.4,1000.9,False,43.5,61,2.3
93.245,17,HARD,2,29.216,38.502,25.527,None,None,None,5,13,1,False,3607.418,NOR,4,None,None,3543.422,3581.924,3607.451,302.0,264.0,248.0,333.0,True,McLaren,3514.173,2020-08-09T13:38:34.219000000,False,None,False,True,3510.14,25.4,58.5,1000.8,False,43.6,29,2.1
92.43,18,HARD,2,29.306,37.47,25.654,None,None,None,6,12,1,False,3699.848,NOR,4,None,None,3636.757,3674.227,3699.881,284.0,259.0,247.0,298.0,True,McLaren,3607.418,2020-08-09T13:40:07.464000000,False,None,False,True,3570.133,25.2,59.1,1001.0,False,43.6,1,2.4
93.188,19,HARD,2,29.179,37.953,26.056,None,None,None,7,11,1,False,3793.036,NOR,4,None,None,3729.06,3767.013,3793.069,287.0,258.0,247.0,298.0,True,McLaren,3699.848,2020-08-09T13:41:39.894000000,False,None,False,True,3690.124,25.5,58.4,1000.9,False,43.9,6,1.8
93.661,20,HARD,2,29.468,38.415,25.778,None,None,None,8,11,1,False,3886.697,NOR,4,None,None,3822.537,3860.952,3886.73,315.0,261.0,247.0,317.0,True,McLaren,3793.036,2020-08-09T13:43:13.082000000,False,None,False,True,3810.162,25.5,57.8,1000.9,False,43.6,14,2.5
93.209,21,HARD,2,29.406,37.913,25.89,None,None,None,9,11,1,False,3979.906,NOR,4,None,None,3916.136,3954.049,3979.939,286.0,259.0,247.0,300.0,True,McLaren,3886.697,2020-08-09T13:44:46.743000000,False,None,False,True,3870.143,25.6,57.9,1000.8,False,44.0,22,2.3
92.553,22,HARD,2,29.154,37.747,25.652,None,None,None,10,11,1,False,4072.459,NOR,4,None,None,4009.093,4046.84,4072.492,284.0,259.0,247.0,296.0,True,McLaren,3979.906,2020-08-09T13:46:19.952000000,False,None,False,True,3990.133,25.8,56.8,1001.0,False,43.8,13,2.1
92.284,23,HARD,2,29.158,37.499,25.627,None,None,None,11,8,1,True,4164.743,NOR,4,None,None,4101.65,4139.149,4164.776,284.0,260.0,246.0,294.0,True,McLaren,4072.459,2020-08-09T13:47:52.505000000,False,None,False,True,4050.112,25.9,56.5,1000.9,False,43.8,4,1.0
92.27,24,HARD,2,29.26,37.514,25.496,None,None,None,12,8,1,True,4257.013,NOR,4,None,None,4194.036,4231.55,4257.046,281.0,260.0,247.0,291.0,True,McLaren,4164.743,2020-08-09T13:49:24.789000000,False,None,False,True,4170.17,26.4,54.7,1000.9,False,44.6,287,1.0
92.365,25,HARD,2,29.339,37.521,25.505,None,None,None,13,8,1,False,4349.378,NOR,4,None,None,4286.385,4323.906,4349.411,281.0,260.0,247.0,292.0,True,McLaren,4257.013,2020-08-09T13:50:57.059000000,False,None,False,True,4230.187,26.5,54.6,1000.9,False,44.6,33,1.8
92.111,26,HARD,2,29.337,37.233,25.541,None,None,None,14,8,1,True,4441.489,NOR,4,None,None,4378.748,4415.981,4441.522,282.0,260.0,247.0,295.0,True,McLaren,4349.378,2020-08-09T13:52:29.424000000,False,None,False,True,4350.19,26.6,54.5,1000.9,False,44.8,7,1.4
92.327,27,HARD,2,29.419,37.422,25.486,None,None,None,15,7,1,False,4533.816,NOR,4,None,None,4470.941,4508.363,4533.849,280.0,258.0,246.0,294.0,True,McLaren,4441.489,2020-08-09T13:54:01.535000000,False,None,False,True,4410.191,26.7,55.0,1000.9,False,44.4,9,3.0
91.796,28,HARD,2,29.263,37.128,25.405,None,None,None,16,7,1,True,4625.612,NOR,4,None,None,4563.112,4600.24,4625.645,281.0,261.0,247.0,295.0,True,McLaren,4533.816,2020-08-09T13:55:33.862000000,False,None,False,True,4530.212,26.2,56.5,1000.8,False,43.2,23,3.3
92.554,29,HARD,2,29.237,38.223,25.094,None,None,None,17,8,1,False,4718.166,NOR,4,None,4712.469,4654.882,4693.105,4718.199,281.0,254.0,None,317.0,True,McLaren,4625.612,2020-08-09T13:57:05.658000000,False,None,False,False,4650.232,25.9,56.8,1000.8,False,43.6,21,1.1
114.466,30,HARD,3,50.332,38.451,25.683,None,None,None,1,13,1,False,4832.632,NOR,4,4741.289,None,4768.531,4806.982,4832.665,280.0,259.0,249.0,305.0,True,McLaren,4718.166,2020-08-09T13:58:38.212000000,False,None,False,False,4710.237,25.9,56.5,1000.9,False,43.6,14,1.5
93.318,31,HARD,3,29.614,38.169,25.535,None,None,None,2,13,12,False,4925.95,NOR,4,None,None,4862.279,4900.448,4925.983,286.0,261.0,249.0,298.0,True,McLaren,4832.632,2020-08-09T14:00:32.678000000,False,None,False,True,4830.313,25.8,57.1,1000.8,False,43.6,38,2.0
92.244,32,HARD,3,29.189,37.596,25.459,None,None,None,3,13,1,False,5018.194,NOR,4,None,None,4955.172,4992.768,5018.227,284.0,261.0,249.0,298.0,True,McLaren,4925.95,2020-08-09T14:02:05.996000000,False,None,False,True,4890.265,25.8,57.0,1000.7,False,43.6,23,2.2
92.072,33,HARD,3,28.992,37.683,25.397,None,None,None,4,13,1,False,5110.266,NOR,4,None,None,5047.219,5084.902,5110.299,286.0,260.0,248.0,302.0,True,McLaren,5018.194,2020-08-09T14:03:38.240000000,False,None,False,True,5010.272,25.6,58.2,1000.8,False,43.2,2,2.0
92.021,34,HARD,3,29.025,37.567,25.429,None,None,None,5,12,1,False,5202.287,NOR,4,None,None,5139.324,5176.891,5202.32,287.0,260.0,249.0,305.0,True,McLaren,5110.266,2020-08-09T14:05:10.312000000,False,None,False,True,5070.281,25.6,57.7,1000.8,False,43.2,14,1.8
91.72,35,HARD,3,29.113,37.711,24.896,None,None,None,6,11,1,True,5294.007,NOR,4,None,None,5231.433,5269.144,5294.04,292.0,264.0,248.0,334.0,True,McLaren,5202.287,2020-08-09T14:06:42.333000000,False,None,False,True,5190.281,26.0,56.8,1000.7,False,43.7,11,1.5
91.523,36,HARD,3,29.104,37.217,25.202,None,None,None,7,9,1,True,5385.53,NOR,4,None,None,5323.144,5360.361,5385.563,286.0,262.0,247.0,294.0,True,McLaren,5294.007,2020-08-09T14:08:14.053000000,False,None,False,True,5250.297,26.5,54.8,1000.7,False,45.1,25,2.4
91.315,37,HARD,3,29.015,37.041,25.259,None,None,None,8,9,1,True,5476.845,NOR,4,None,None,5414.578,5451.619,5476.878,286.0,261.0,249.0,293.0,True,McLaren,5385.53,2020-08-09T14:09:45.576000000,False,None,False,True,5370.329,26.8,54.5,1000.8,False,44.3,17,2.3
91.396,38,HARD,3,28.923,37.151,25.322,None,None,None,9,9,1,False,5568.241,NOR,4,None,None,5505.801,5542.952,5568.274,285.0,262.0,249.0,294.0,True,McLaren,5476.845,2020-08-09T14:11:16.891000000,False,None,False,True,5430.343,26.6,54.9,1000.7,False,44.0,17,3.4
90.991,39,HARD,3,29.034,36.849,25.108,None,None,None,10,9,1,True,5659.232,NOR,4,None,None,5597.308,5634.157,5659.265,284.0,262.0,249.0,299.0,True,McLaren,5568.241,2020-08-09T14:12:48.287000000,False,None,False,True,5550.337,26.4,55.3,1000.7,False,43.7,16,1.5
91.017,40,HARD,3,28.966,36.894,25.157,None,None,None,11,9,1,False,5750.249,NOR,4,None,None,5688.231,5725.125,5750.282,284.0,261.0,250.0,299.0,True,McLaren,5659.232,2020-08-09T14:14:19.278000000,False,None,False,True,5670.376,26.2,56.2,1000.7,False,43.6,2,1.7
91.546,41,HARD,3,29.129,37.092,25.325,None,None,None,12,9,1,False,5841.795,NOR,4,None,None,5779.411,5816.503,5841.828,283.0,262.0,251.0,298.0,True,McLaren,5750.249,2020-08-09T14:15:50.295000000,False,None,False,True,5730.374,26.3,55.7,1000.7,False,43.7,4,1.6
91.417,42,HARD,3,28.928,37.219,25.27,None,None,None,13,9,1,False,5933.212,NOR,4,None,None,5870.756,5907.975,5933.245,298.0,264.0,250.0,316.0,True,McLaren,5841.795,2020-08-09T14:17:21.841000000,False,None,False,True,5850.384,26.4,56.1,1000.7,False,43.7,48,1.8
90.976,43,HARD,3,28.853,36.935,25.188,None,None,None,14,9,1,True,6024.188,NOR,4,None,None,5962.098,5999.033,6024.221,300.0,266.0,251.0,318.0,True,McLaren,5933.212,2020-08-09T14:18:53.258000000,False,None,False,True,5910.382,26.2,56.5,1000.7,False,44.1,245,2.4
91.269,44,HARD,3,29.048,37.058,25.163,None,None,None,15,9,1,False,6115.457,NOR,4,None,None,6053.269,6090.327,6115.49,300.0,265.0,252.0,317.0,True,McLaren,6024.188,2020-08-09T14:20:24.234000000,False,None,False,True,6030.377,26.4,55.2,1000.7,False,44.3,15,2.0
91.392,45,HARD,3,29.016,37.004,25.372,None,None,None,16,9,1,False,6206.849,NOR,4,None,None,6144.506,6181.51,6206.882,300.0,265.0,250.0,318.0,True,McLaren,6115.457,2020-08-09T14:21:55.503000000,False,None,False,True,6090.37,26.2,56.6,1000.8,False,44.3,20,1.4
91.663,46,HARD,3,29.217,37.175,25.271,None,None,None,17,9,1,False,6298.512,NOR,4,None,None,6236.099,6273.274,6298.545,287.0,262.0,251.0,298.0,True,McLaren,6206.849,2020-08-09T14:23:26.895000000,False,None,False,True,6210.391,26.6,55.6,1000.7,False,43.9,28,1.4
91.562,47,HARD,3,29.23,37.215,25.117,None,None,None,18,9,1,False,6390.074,NOR,4,None,None,6327.775,6364.99,6390.107,286.0,263.0,249.0,300.0,True,McLaren,6298.512,2020-08-09T14:24:58.558000000,False,None,False,True,6270.377,26.8,54.3,1000.7,False,43.9,357,3.0
91.075,48,HARD,3,29.127,36.93,25.018,None,None,None,19,9,1,False,6481.149,NOR,4,None,None,6419.234,6456.164,6481.182,286.0,263.0,251.0,296.0,True,McLaren,6390.074,2020-08-09T14:26:30.120000000,False,None,False,True,6330.379,26.3,56.0,1000.6,False,43.7,42,3.1
90.698,49,HARD,3,29.027,36.639,25.032,None,None,None,20,9,1,True,6571.847,NOR,4,None,None,6510.209,6546.848,6571.88,285.0,264.0,251.0,300.0,True,McLaren,6481.149,2020-08-09T14:28:01.195000000,False,None,False,True,6451.381,26.2,56.4,1000.8,False,43.8,357,2.5
91.01,50,HARD,3,29.058,36.578,25.374,None,None,None,21,9,1,False,6662.857,NOR,4,None,None,6600.938,6637.516,6662.89,286.0,263.0,249.0,302.0,True,McLaren,6571.847,2020-08-09T14:29:31.893000000,False,None,False,True,6510.37,26.0,56.5,1000.7,False,43.6,349,2.2
91.044,51,HARD,3,29.022,36.857,25.165,None,None,None,22,9,1,False,6753.901,NOR,4,None,None,6691.912,6728.769,6753.934,286.0,262.0,249.0,302.0,True,McLaren,6662.857,2020-08-09T14:31:02.903000000,False,None,False,True,6630.387,25.9,57.4,1000.7,False,43.2,15,1.8
90.876,52,HARD,3,28.915,36.832,25.129,None,None,None,23,9,1,False,6844.777,NOR,4,None,None,6782.849,6819.681,6844.81,286.0,264.0,251.0,298.0,True,McLaren,6753.901,2020-08-09T14:32:33.947000000,False,None,False,True,6690.398,26.0,57.4,1000.8,False,43.3,337,1.5
101.495,1,MEDIUM,1,None,40.117,26.509,None,None,None,1,12,12,False,2098.735,OCO,31,None,None,None,2072.329,2098.9,305.0,254.0,244.0,316.0,True,Renault,1997.072,2020-08-09T13:13:17.118000000,False,None,False,False,2010.085,24.2,61.2,1001.1,False,42.9,13,3.2
95.198,2,MEDIUM,1,29.768,39.125,26.305,None,None,None,2,12,1,True,2193.933,OCO,31,None,None,2128.534,2167.659,2193.964,290.0,256.0,245.0,308.0,True,Renault,2098.735,2020-08-09T13:14:58.781000000,False,None,False,True,2130.084,24.5,61.2,1001.1,False,42.6,5,3.7
94.245,3,MEDIUM,1,29.453,38.71,26.082,None,None,None,3,12,1,True,2288.178,OCO,31,None,None,2223.417,2262.127,2288.209,293.0,256.0,243.0,307.0,True,Renault,2193.933,2020-08-09T13:16:33.979000000,False,None,False,True,2191.19,24.9,59.9,1001.2,False,42.8,19,1.9
94.268,4,MEDIUM,1,29.692,38.479,26.097,None,None,None,4,12,1,False,2382.446,OCO,31,None,None,2317.901,2356.38,2382.477,292.0,254.0,242.0,302.0,True,Renault,2288.178,2020-08-09T13:18:08.224000000,False,None,False,True,2310.089,24.9,59.4,1001.0,False,43.1,295,2.0
94.234,5,MEDIUM,1,29.7,38.434,26.1,None,None,None,5,12,1,True,2476.68,OCO,31,None,None,2412.177,2450.611,2476.711,291.0,256.0,242.0,302.0,True,Renault,2382.446,2020-08-09T13:19:42.492000000,False,None,False,True,2370.085,24.9,59.8,1001.0,False,43.0,11,1.9
94.355,6,MEDIUM,1,29.773,38.583,25.999,None,None,None,6,12,1,False,2571.035,OCO,31,None,None,2506.484,2545.067,2571.066,289.0,254.0,242.0,301.0,True,Renault,2476.68,2020-08-09T13:21:16.726000000,False,None,False,True,2490.11,25.1,58.7,1001.0,False,43.3,18,2.4
94.129,7,MEDIUM,1,29.668,38.407,26.054,None,None,None,7,11,1,True,2665.164,OCO,31,None,None,2600.734,2639.141,2665.195,287.0,253.0,242.0,299.0,True,Renault,2571.035,2020-08-09T13:22:51.081000000,False,None,False,True,2610.119,25.1,58.3,1001.0,False,43.1,6,3.0
94.225,8,MEDIUM,1,29.838,38.448,25.939,None,None,None,8,10,1,False,2759.389,OCO,31,None,None,2695.033,2733.481,2759.42,288.0,256.0,242.0,302.0,True,Renault,2665.164,2020-08-09T13:24:25.210000000,False,None,False,True,2670.103,25.1,58.4,1001.0,False,43.1,285,3.0
94.0,9,MEDIUM,1,29.659,38.46,25.881,None,None,None,9,10,1,True,2853.389,OCO,31,None,None,2789.079,2827.539,2853.42,291.0,255.0,243.0,300.0,True,Renault,2759.389,2020-08-09T13:25:59.435000000,False,None,False,True,2790.154,25.4,57.8,1000.9,False,43.4,3,2.3
93.892,10,MEDIUM,1,29.811,38.212,25.869,None,None,None,10,10,1,True,2947.281,OCO,31,None,None,2883.231,2921.443,2947.312,289.0,256.0,242.0,300.0,True,Renault,2853.389,2020-08-09T13:27:33.435000000,False,None,False,True,2850.101,25.5,58.3,1001.0,False,43.8,7,2.1
93.853,11,MEDIUM,1,29.662,38.233,25.958,None,None,None,11,10,1,True,3041.134,OCO,31,None,None,2976.974,3015.207,3041.165,289.0,255.0,242.0,299.0,True,Renault,2947.281,2020-08-09T13:29:07.327000000,False,None,False,True,2970.13,25.5,58.5,1000.9,False,44.0,22,2.1
93.863,12,MEDIUM,1,29.799,38.207,25.857,None,None,None,12,10,1,False,3134.997,OCO,31,None,None,3070.964,3109.171,3135.028,288.0,256.0,242.0,301.0,True,Renault,3041.134,2020-08-09T13:30:41.180000000,False,None,False,True,3030.127,25.7,57.3,1000.9,False,44.0,10,3.0
93.297,13,MEDIUM,1,29.674,38.067,25.556,None,None,None,13,9,1,True,3228.294,OCO,31,None,None,3164.702,3202.769,3228.325,288.0,256.0,244.0,301.0,True,Renault,3134.997,2020-08-09T13:32:15.043000000,False,None,False,True,3150.113,25.7,56.8,1000.9,False,43.5,330,1.3
93.04,14,MEDIUM,1,29.507,37.93,25.603,None,None,None,14,9,1,True,3321.334,OCO,31,None,None,3257.832,3295.762,3321.365,288.0,257.0,244.0,300.0,True,Renault,3228.294,2020-08-09T13:33:48.340000000,False,None,False,True,3210.123,25.5,57.4,1000.9,False,42.9,343,1.8
93.04,15,MEDIUM,1,29.602,37.864,25.574,None,None,None,15,8,1,False,3414.374,OCO,31,None,None,3350.967,3388.831,3414.405,289.0,257.0,243.0,301.0,True,Renault,3321.334,2020-08-09T13:35:21.380000000,False,None,False,True,3330.18,25.5,58.3,1000.7,False,43.3,28,2.2
93.086,16,MEDIUM,1,29.593,37.991,25.502,None,None,None,16,8,1,False,3507.46,OCO,31,None,None,3443.998,3481.989,3507.491,288.0,256.0,245.0,304.0,True,Renault,3414.374,2020-08-09T13:36:54.420000000,False,None,False,True,3390.154,25.4,58.4,1000.9,False,43.5,61,2.3
92.953,17,MEDIUM,1,29.563,37.883,25.507,None,None,None,17,8,1,True,3600.413,OCO,31,None,None,3537.054,3574.937,3600.444,289.0,258.0,245.0,303.0,True,Renault,3507.46,2020-08-09T13:38:27.506000000,False,None,False,True,3510.14,25.4,58.5,1000.8,False,43.6,29,2.1
92.832,18,MEDIUM,1,29.432,37.844,25.556,None,None,None,18,8,1,True,3693.245,OCO,31,None,None,3629.876,3667.72,3693.276,287.0,258.0,244.0,301.0,True,Renault,3600.413,2020-08-09T13:40:00.459000000,False,None,False,True,3570.133,25.2,59.1,1001.0,False,43.6,1,2.4
92.621,19,MEDIUM,1,29.369,37.775,25.477,None,None,None,19,7,1,True,3785.866,OCO,31,None,None,3722.645,3760.42,3785.897,288.0,259.0,245.0,301.0,True,Renault,3693.245,2020-08-09T13:41:33.291000000,False,None,False,True,3690.124,25.5,58.4,1000.9,False,43.9,6,1.8
92.607,20,MEDIUM,1,29.355,37.68,25.572,None,None,None,20,7,1,True,3878.473,OCO,31,None,None,3815.252,3852.932,3878.504,289.0,257.0,244.0,302.0,True,Renault,3785.866,2020-08-09T13:43:05.912000000,False,None,False,True,3810.162,25.5,57.8,1000.9,False,43.6,14,2.5
92.559,21,MEDIUM,1,29.318,37.728,25.513,None,None,None,21,7,1,True,3971.032,OCO,31,None,None,3907.822,3945.55,3971.063,288.0,257.0,245.0,302.0,True,Renault,3878.473,2020-08-09T13:44:38.519000000,False,None,False,True,3870.143,25.6,57.9,1000.8,False,44.0,22,2.3
91.772,22,MEDIUM,1,29.254,37.509,25.009,None,None,None,22,7,1,False,4062.804,OCO,31,None,4056.937,4000.317,4037.826,4062.835,290.0,259.0,None,301.0,True,Renault,3971.032,2020-08-09T13:46:11.078000000,False,None,False,False,3990.133,25.8,56.8,1001.0,False,43.8,13,2.1
111.722,23,HARD,2,48.855,37.551,25.316,None,None,None,1,11,1,False,4174.526,OCO,31,4085.064,None,4111.69,4149.241,4174.557,288.0,262.0,247.0,302.0,True,Renault,4062.804,2020-08-09T13:47:42.850000000,False,None,False,False,4050.112,25.9,56.5,1000.9,False,43.8,4,1.0
92.275,24,HARD,2,29.107,37.75,25.418,None,None,None,2,10,1,True,4266.801,OCO,31,None,None,4203.664,4241.414,4266.832,287.0,258.0,245.0,297.0,True,Renault,4174.526,2020-08-09T13:49:34.572000000,False,None,False,True,4170.17,26.4,54.7,1000.9,False,44.6,287,1.0
92.154,25,HARD,2,29.14,37.718,25.296,None,None,None,3,10,1,True,4358.955,OCO,31,None,None,4295.972,4333.69,4358.986,288.0,260.0,246.0,299.0,True,Renault,4266.801,2020-08-09T13:51:06.847000000,False,None,False,True,4230.187,26.5,54.6,1000.9,False,44.6,33,1.8
92.607,26,HARD,2,29.186,37.916,25.505,None,None,None,4,10,1,False,4451.562,OCO,31,None,None,4388.172,4426.088,4451.593,288.0,259.0,245.0,301.0,True,Renault,4358.955,2020-08-09T13:52:39.001000000,False,None,False,True,4350.19,26.6,54.5,1000.9,False,44.8,7,1.4
91.835,27,HARD,2,29.128,37.566,25.141,None,None,None,5,9,1,True,4543.397,OCO,31,None,None,4480.721,4518.287,4543.428,288.0,260.0,246.0,312.0,True,Renault,4451.562,2020-08-09T13:54:11.608000000,False,None,False,True,4410.191,26.7,55.0,1000.9,False,44.4,9,3.0
92.702,28,HARD,2,29.284,37.955,25.463,None,None,None,6,9,1,False,4636.099,OCO,31,None,None,4572.712,4610.667,4636.13,287.0,260.0,245.0,302.0,True,Renault,4543.397,2020-08-09T13:55:43.443000000,False,None,False,True,4530.212,26.2,56.5,1000.8,False,43.2,23,3.3
92.747,29,HARD,2,29.318,37.956,25.473,None,None,None,7,9,1,False,4728.846,OCO,31,None,None,4665.448,4703.404,4728.877,288.0,260.0,246.0,302.0,True,Renault,4636.099,2020-08-09T13:57:16.145000000,False,None,False,True,4650.232,25.9,56.8,1000.8,False,43.6,21,1.1
93.049,30,HARD,2,29.33,37.899,25.82,None,None,None,8,8,1,False,4821.895,OCO,31,None,None,4758.207,4796.106,4821.926,287.0,260.0,245.0,306.0,True,Renault,4728.846,2020-08-09T13:58:48.892000000,False,None,False,True,4710.237,25.9,56.5,1000.9,False,43.6,14,1.5
93.957,31,HARD,2,30.167,38.199,25.591,None,None,None,9,8,12,False,4915.852,OCO,31,None,None,4852.093,4890.292,4915.883,300.0,261.0,248.0,303.0,True,Renault,4821.895,2020-08-09T14:00:21.941000000,False,None,False,True,4830.313,25.8,57.1,1000.8,False,43.6,38,2.0
92.285,32,HARD,2,29.172,37.619,25.494,None,None,None,10,8,1,False,5008.137,OCO,31,None,None,4945.055,4982.674,5008.168,290.0,260.0,247.0,301.0,True,Renault,4915.852,2020-08-09T14:01:55.898000000,False,None,False,True,4890.265,25.8,57.0,1000.7,False,43.6,23,2.2
92.265,33,HARD,2,29.201,37.544,25.52,None,None,None,11,8,1,False,5100.402,OCO,31,None,None,5037.369,5074.913,5100.433,290.0,260.0,246.0,301.0,True,Renault,5008.137,2020-08-09T14:03:28.183000000,False,None,False,True,5010.272,25.6,58.2,1000.8,False,43.2,2,2.0
92.313,34,HARD,2,29.187,37.619,25.507,None,None,None,12,8,1,False,5192.715,OCO,31,None,None,5129.62,5167.239,5192.746,291.0,262.0,246.0,303.0,True,Renault,5100.402,2020-08-09T14:05:00.448000000,False,None,False,True,5070.281,25.6,57.7,1000.8,False,43.2,14,1.8
93.366,35,HARD,2,29.476,37.857,26.033,None,None,None,13,9,1,False,5286.081,OCO,31,None,None,5222.222,5260.079,5286.112,292.0,259.0,246.0,312.0,True,Renault,5192.715,2020-08-09T14:06:32.761000000,False,None,False,True,5190.281,26.0,56.8,1000.7,False,43.7,11,1.5
93.134,36,HARD,2,29.519,38.091,25.524,None,None,None,14,8,1,False,5379.215,OCO,31,None,None,5315.631,5353.722,5379.246,292.0,259.0,245.0,297.0,True,Renault,5286.081,2020-08-09T14:08:06.127000000,False,None,False,True,5250.297,26.5,54.8,1000.7,False,45.1,25,2.4
92.582,37,HARD,2,29.238,37.825,25.519,None,None,None,15,8,1,False,5471.797,OCO,31,None,None,5408.484,5446.309,5471.828,292.0,260.0,247.0,300.0,True,Renault,5379.215,2020-08-09T14:09:39.261000000,False,None,False,True,5370.329,26.8,54.5,1000.8,False,44.3,17,2.3
92.425,38,HARD,2,29.308,37.735,25.382,None,None,None,16,8,1,False,5564.222,OCO,31,None,None,5501.136,5538.871,5564.253,289.0,260.0,247.0,298.0,True,Renault,5471.797,2020-08-09T14:11:11.843000000,False,None,False,True,5430.343,26.6,54.9,1000.7,False,44.0,17,3.4
92.419,39,HARD,2,29.291,37.704,25.424,None,None,None,17,8,1,False,5656.641,OCO,31,None,None,5593.544,5631.248,5656.672,289.0,260.0,246.0,301.0,True,Renault,5564.222,2020-08-09T14:12:44.268000000,False,None,False,True,5550.337,26.4,55.3,1000.7,False,43.7,16,1.5
91.76,40,HARD,2,29.112,37.427,25.221,None,None,None,18,8,1,True,5748.401,OCO,31,None,None,5685.784,5723.211,5748.432,289.0,260.0,247.0,302.0,True,Renault,5656.641,2020-08-09T14:14:16.687000000,False,None,False,True,5670.376,26.2,56.2,1000.7,False,43.6,2,1.7
92.199,41,HARD,2,29.106,37.674,25.419,None,None,None,19,8,1,False,5840.6,OCO,31,None,None,5777.538,5815.212,5840.631,288.0,260.0,248.0,302.0,True,Renault,5748.401,2020-08-09T14:15:48.447000000,False,None,False,True,5730.374,26.3,55.7,1000.7,False,43.7,4,1.6
91.609,42,HARD,2,29.198,37.273,25.138,None,None,None,20,8,1,True,5932.209,OCO,31,None,None,5869.829,5907.102,5932.24,289.0,261.0,248.0,302.0,True,Renault,5840.6,2020-08-09T14:17:20.646000000,False,None,False,True,5850.384,26.4,56.1,1000.7,False,43.7,48,1.8
91.118,43,HARD,2,29.006,37.023,25.089,None,None,None,21,8,1,True,6023.327,OCO,31,None,None,5961.246,5998.269,6023.358,288.0,263.0,247.0,300.0,True,Renault,5932.209,2020-08-09T14:18:52.255000000,False,None,False,True,5910.382,26.2,56.5,1000.7,False,44.1,245,2.4
91.397,44,HARD,2,28.966,37.176,25.255,None,None,None,22,8,1,False,6114.724,OCO,31,None,None,6052.324,6089.5,6114.755,288.0,262.0,248.0,298.0,True,Renault,6023.327,2020-08-09T14:20:23.373000000,False,None,False,True,6030.377,26.4,55.2,1000.7,False,44.3,15,2.0
91.041,45,HARD,2,28.86,37.008,25.173,None,None,None,23,8,1,True,6205.765,OCO,31,None,None,6143.615,6180.623,6205.796,287.0,262.0,248.0,303.0,True,Renault,6114.724,2020-08-09T14:21:54.770000000,False,None,False,True,6090.37,26.2,56.6,1000.8,False,44.3,20,1.4
91.29,46,HARD,2,28.927,37.023,25.34,None,None,None,24,8,1,False,6297.055,OCO,31,None,None,6234.723,6271.746,6297.086,288.0,260.0,248.0,301.0,True,Renault,6205.765,2020-08-09T14:23:25.811000000,False,None,False,True,6210.391,26.6,55.6,1000.7,False,43.9,28,1.4
91.412,47,HARD,2,29.12,37.259,25.033,None,None,None,25,8,1,False,6388.467,OCO,31,None,None,6326.206,6363.465,6388.498,274.0,263.0,248.0,301.0,True,Renault,6297.055,2020-08-09T14:24:57.101000000,False,None,False,True,6270.377,26.8,54.3,1000.7,False,43.9,357,3.0
91.206,48,HARD,2,29.049,37.046,25.111,None,None,None,26,8,1,False,6479.673,OCO,31,None,None,6417.547,6454.593,6479.704,275.0,262.0,249.0,300.0,True,Renault,6388.467,2020-08-09T14:26:28.513000000,False,None,False,True,6330.379,26.3,56.0,1000.6,False,43.7,42,3.1
90.877,49,HARD,2,28.866,36.927,25.084,None,None,None,27,8,1,True,6570.55,OCO,31,None,None,6508.57,6545.497,6570.581,287.0,262.0,249.0,300.0,True,Renault,6479.673,2020-08-09T14:27:59.719000000,False,None,False,True,6451.381,26.2,56.4,1000.8,False,43.8,357,2.5
90.575,50,HARD,2,28.86,36.825,24.89,None,None,None,28,8,1,True,6661.125,OCO,31,None,None,6599.441,6636.266,6661.156,288.0,263.0,249.0,302.0,True,Renault,6570.55,2020-08-09T14:29:30.596000000,False,None,False,True,6510.37,26.0,56.5,1000.7,False,43.6,349,2.2
90.829,51,HARD,2,28.85,36.886,25.093,None,None,None,29,8,1,False,6751.954,OCO,31,None,None,6690.006,6726.892,6751.985,287.0,262.0,249.0,300.0,True,Renault,6661.125,2020-08-09T14:31:01.171000000,False,None,False,True,6630.387,25.9,57.4,1000.7,False,43.2,15,1.8
92.052,52,HARD,2,28.745,36.744,26.563,None,None,None,30,8,1,False,6844.006,OCO,31,None,None,6780.73,6817.474,6844.037,289.0,264.0,222.0,272.0,True,Renault,6751.954,2020-08-09T14:32:32.000000000,False,None,False,True,6690.398,26.0,57.4,1000.8,False,43.3,337,1.5
105.241,1,HARD,1,None,41.721,26.834,None,None,None,1,19,12,False,2102.481,RAI,7,None,None,None,2075.719,2102.578,276.0,252.0,246.0,316.0,False,Alfa Romeo Racing,1997.072,2020-08-09T13:13:17.118000000,False,None,False,False,2010.085,24.2,61.2,1001.1,False,42.9,13,3.2
95.215,2,HARD,1,30.096,39.082,26.037,None,None,None,2,18,1,True,2197.696,RAI,7,None,None,2132.581,2171.663,2197.7,313.0,253.0,246.0,316.0,False,Alfa Romeo Racing,2102.481,2020-08-09T13:15:02.527000000,False,None,False,True,2130.084,24.5,61.2,1001.1,False,42.6,5,3.7
95.089,3,HARD,1,29.445,39.567,26.077,None,None,None,3,18,1,True,2292.785,RAI,7,None,None,2227.145,2266.712,2292.789,321.0,251.0,244.0,332.0,False,Alfa Romeo Racing,2197.696,2020-08-09T13:16:37.742000000,False,None,False,True,2191.19,24.9,59.9,1001.2,False,42.8,19,1.9
96.911,4,HARD,1,30.237,40.239,26.435,None,None,None,4,19,1,False,2389.696,RAI,7,None,None,2323.026,2363.265,2389.7,317.0,252.0,244.0,330.0,False,Alfa Romeo Racing,2292.785,2020-08-09T13:18:12.831000000,False,None,False,True,2310.089,24.9,59.4,1001.0,False,43.1,295,2.0
94.655,5,HARD,1,29.787,38.893,25.975,None,None,None,5,19,1,True,2484.351,RAI,7,None,None,2419.487,2458.38,2484.355,301.0,254.0,243.0,330.0,False,Alfa Romeo Racing,2389.696,2020-08-09T13:19:49.742000000,False,None,False,True,2370.085,24.9,59.8,1001.0,False,43.0,11,1.9
94.12,6,HARD,1,29.42,38.86,25.84,None,None,None,6,19,1,True,2578.471,RAI,7,None,None,2513.775,2552.635,2578.475,315.0,251.0,244.0,330.0,False,Alfa Romeo Racing,2484.351,2020-08-09T13:21:24.397000000,False,None,False,True,2490.11,25.1,58.7,1001.0,False,43.3,18,2.4
94.692,7,HARD,1,29.675,39.226,25.791,None,None,None,7,18,1,False,2673.163,RAI,7,None,None,2608.15,2647.376,2673.167,319.0,248.0,245.0,335.0,False,Alfa Romeo Racing,2578.471,2020-08-09T13:22:58.517000000,False,None,False,True,2610.119,25.1,58.3,1001.0,False,43.1,6,3.0
94.112,8,HARD,1,29.466,38.976,25.67,None,None,None,8,16,1,True,2767.275,RAI,7,None,None,2702.633,2741.609,2767.279,315.0,252.0,244.0,333.0,False,Alfa Romeo Racing,2673.163,2020-08-09T13:24:33.209000000,False,None,False,True,2670.103,25.1,58.4,1001.0,False,43.1,285,3.0
94.153,9,HARD,1,29.505,38.524,26.124,None,None,None,9,16,1,False,2861.428,RAI,7,None,None,2796.784,2835.308,2861.432,310.0,251.0,244.0,308.0,False,Alfa Romeo Racing,2767.275,2020-08-09T13:26:07.321000000,False,None,False,True,2790.154,25.4,57.8,1000.9,False,43.4,3,2.3
94.758,10,HARD,1,29.622,38.349,26.787,None,None,None,10,15,1,False,2956.186,RAI,7,None,None,2891.054,2929.403,2956.19,301.0,251.0,242.0,310.0,False,Alfa Romeo Racing,2861.428,2020-08-09T13:27:41.474000000,False,None,False,True,2850.101,25.5,58.3,1001.0,False,43.8,7,2.1
94.428,11,HARD,1,29.897,38.688,25.843,None,None,None,11,15,1,False,3050.614,RAI,7,None,None,2986.087,3024.775,3050.618,311.0,253.0,244.0,325.0,False,Alfa Romeo Racing,2956.186,2020-08-09T13:29:16.232000000,False,None,False,True,2970.13,25.5,58.5,1000.9,False,44.0,22,2.1
94.118,12,HARD,1,29.665,38.529,25.924,None,None,None,12,15,1,False,3144.732,RAI,7,None,None,3080.283,3118.812,3144.736,298.0,252.0,241.0,309.0,False,Alfa Romeo Racing,3050.614,2020-08-09T13:30:50.660000000,False,None,False,True,3030.127,25.7,57.3,1000.9,False,44.0,10,3.0
95.941,13,HARD,1,29.77,39.994,26.177,None,None,None,13,16,1,False,3240.673,RAI,7,None,None,3174.506,3214.5,3240.677,299.0,251.0,245.0,331.0,False,Alfa Romeo Racing,3144.732,2020-08-09T13:32:24.778000000,False,None,False,True,3150.113,25.7,56.8,1000.9,False,43.5,330,1.3
94.187,14,HARD,1,29.846,38.345,25.996,None,None,None,14,16,1,False,3334.86,RAI,7,None,None,3270.523,3308.868,3334.864,294.0,250.0,244.0,305.0,False,Alfa Romeo Racing,3240.673,2020-08-09T13:34:00.719000000,False,None,False,True,3210.123,25.5,57.4,1000.9,False,42.9,343,1.8
93.886,15,HARD,1,29.723,38.317,25.846,None,None,None,15,16,1,True,3428.746,RAI,7,None,None,3364.587,3402.904,3428.75,293.0,251.0,244.0,306.0,False,Alfa Romeo Racing,3334.86,2020-08-09T13:35:34.906000000,False,None,False,True,3330.18,25.5,58.3,1000.7,False,43.3,28,2.2
93.576,16,HARD,1,29.731,38.101,25.744,None,None,None,16,16,1,True,3522.322,RAI,7,None,None,3458.481,3496.582,3522.326,293.0,252.0,244.0,307.0,False,Alfa Romeo Racing,3428.746,2020-08-09T13:37:08.792000000,False,None,False,True,3390.154,25.4,58.4,1000.9,False,43.5,61,2.3
93.688,17,HARD,1,29.697,38.232,25.759,None,None,None,17,16,1,False,3616.01,RAI,7,None,None,3552.023,3590.255,3616.014,295.0,252.0,244.0,308.0,False,Alfa Romeo Racing,3522.322,2020-08-09T13:38:42.368000000,False,None,False,True,3510.14,25.4,58.5,1000.8,False,43.6,29,2.1
93.519,18,HARD,1,29.562,38.122,25.835,None,None,None,18,15,1,True,3709.529,RAI,7,None,None,3645.576,3683.698,3709.533,293.0,254.0,243.0,305.0,False,Alfa Romeo Racing,3616.01,2020-08-09T13:40:16.056000000,False,None,False,True,3570.133,25.2,59.1,1001.0,False,43.6,1,2.4
93.65,19,HARD,1,29.563,38.231,25.856,None,None,None,19,15,1,False,3803.179,RAI,7,None,None,3739.096,3777.327,3803.183,293.0,255.0,244.0,305.0,False,Alfa Romeo Racing,3709.529,2020-08-09T13:41:49.575000000,False,None,False,True,3690.124,25.5,58.4,1000.9,False,43.9,6,1.8
93.7,20,HARD,1,29.561,38.226,25.913,None,None,None,20,14,1,False,3896.879,RAI,7,None,None,3832.744,3870.97,3896.883,295.0,251.0,243.0,306.0,False,Alfa Romeo Racing,3803.179,2020-08-09T13:43:23.225000000,False,None,False,True,3810.162,25.5,57.8,1000.9,False,43.6,14,2.5
93.656,21,HARD,1,29.506,38.297,25.853,None,None,None,21,14,1,False,3990.535,RAI,7,None,None,3926.389,3964.686,3990.539,295.0,253.0,243.0,305.0,False,Alfa Romeo Racing,3896.879,2020-08-09T13:44:56.925000000,False,None,False,True,3870.143,25.6,57.9,1000.8,False,44.0,22,2.3
94.141,22,HARD,1,29.369,39.065,25.707,None,None,None,22,15,1,False,4084.676,RAI,7,None,None,4019.908,4058.973,4084.68,297.0,251.0,245.0,323.0,False,Alfa Romeo Racing,3990.535,2020-08-09T13:46:30.581000000,False,None,False,True,3990.133,25.8,56.8,1001.0,False,43.8,13,2.1
93.389,23,HARD,1,29.351,38.214,25.824,None,None,None,23,14,1,True,4178.065,RAI,7,None,None,4114.031,4152.245,4178.069,318.0,253.0,244.0,310.0,False,Alfa Romeo Racing,4084.676,2020-08-09T13:48:04.722000000,False,None,False,True,4050.112,25.9,56.5,1000.9,False,43.8,4,1.0
94.345,24,HARD,1,29.33,38.459,26.556,None,None,None,24,14,1,False,4272.41,RAI,7,None,None,4207.399,4245.858,4272.414,300.0,252.0,244.0,310.0,False,Alfa Romeo Racing,4178.065,2020-08-09T13:49:38.111000000,False,None,False,True,4170.17,26.4,54.7,1000.9,False,44.6,287,1.0
93.785,25,HARD,1,29.458,38.381,25.946,None,None,None,25,14,1,False,4366.195,RAI,7,None,None,4301.872,4340.253,4366.199,299.0,252.0,245.0,307.0,False,Alfa Romeo Racing,4272.41,2020-08-09T13:51:12.456000000,False,None,False,True,4230.187,26.5,54.6,1000.9,False,44.6,33,1.8
92.973,26,HARD,1,29.622,38.267,25.084,None,None,None,26,14,1,False,4459.168,RAI,7,None,4453.35,4395.821,4434.088,4459.172,295.0,253.0,None,307.0,False,Alfa Romeo Racing,4366.195,2020-08-09T13:52:46.241000000,False,None,False,False,4350.19,26.6,54.5,1000.9,False,44.8,7,1.4
113.308,27,MEDIUM,2,49.875,38.045,25.388,None,None,None,1,17,1,False,4572.476,RAI,7,4482.647,None,4509.047,4547.092,4572.48,290.0,256.0,245.0,306.0,True,Alfa Romeo Racing,4459.168,2020-08-09T13:54:19.214000000,False,None,False,False,4410.191,26.7,55.0,1000.9,False,44.4,9,3.0
93.142,28,MEDIUM,2,29.509,38.095,25.538,None,None,None,2,17,1,True,4665.618,RAI,7,None,None,4601.989,4640.084,4665.622,293.0,258.0,246.0,307.0,True,Alfa Romeo Racing,4572.476,2020-08-09T13:56:12.522000000,False,None,False,True,4530.212,26.2,56.5,1000.8,False,43.2,23,3.3
92.642,29,MEDIUM,2,29.197,37.929,25.516,None,None,None,3,17,1,True,4758.26,RAI,7,None,None,4694.819,4732.748,4758.264,294.0,257.0,246.0,304.0,True,Alfa Romeo Racing,4665.618,2020-08-09T13:57:45.664000000,False,None,False,True,4650.232,25.9,56.8,1000.8,False,43.6,21,1.1
91.756,30,MEDIUM,2,29.101,37.42,25.235,None,None,None,4,17,12,True,4850.016,RAI,7,None,None,4787.365,4824.785,4850.02,295.0,259.0,247.0,307.0,True,Alfa Romeo Racing,4758.26,2020-08-09T13:59:18.306000000,False,None,False,True,4710.237,25.9,56.5,1000.9,False,43.6,14,1.5
92.216,31,MEDIUM,2,29.064,37.648,25.504,None,None,None,5,17,1,False,4942.232,RAI,7,None,None,4879.084,4916.732,4942.236,295.0,259.0,247.0,307.0,True,Alfa Romeo Racing,4850.016,2020-08-09T14:00:50.062000000,False,None,False,True,4830.313,25.8,57.1,1000.8,False,43.6,38,2.0
92.369,32,MEDIUM,2,29.374,37.468,25.527,None,None,None,6,17,1,False,5034.601,RAI,7,None,None,4971.61,5009.078,5034.605,294.0,259.0,245.0,306.0,True,Alfa Romeo Racing,4942.232,2020-08-09T14:02:22.278000000,False,None,False,True,4890.265,25.8,57.0,1000.7,False,43.6,23,2.2
92.588,33,MEDIUM,2,29.442,37.508,25.638,None,None,None,7,17,1,False,5127.189,RAI,7,None,None,5064.047,5101.555,5127.193,293.0,258.0,244.0,307.0,True,Alfa Romeo Racing,5034.601,2020-08-09T14:03:54.647000000,False,None,False,True,5010.272,25.6,58.2,1000.8,False,43.2,2,2.0
92.424,34,MEDIUM,2,29.417,37.431,25.576,None,None,None,8,16,1,False,5219.613,RAI,7,None,None,5156.61,5194.041,5219.617,294.0,259.0,246.0,309.0,True,Alfa Romeo Racing,5127.189,2020-08-09T14:05:27.235000000,False,None,False,True,5070.281,25.6,57.7,1000.8,False,43.2,14,1.8
92.274,35,MEDIUM,2,29.271,37.426,25.577,None,None,None,9,16,1,False,5311.887,RAI,7,None,None,5248.888,5286.314,5311.891,296.0,258.0,246.0,310.0,True,Alfa Romeo Racing,5219.613,2020-08-09T14:06:59.659000000,False,None,False,True,5190.281,26.0,56.8,1000.7,False,43.7,11,1.5
92.724,36,MEDIUM,2,29.431,37.864,25.429,None,None,None,10,15,1,False,5404.611,RAI,7,None,None,5341.322,5379.186,5404.615,296.0,257.0,246.0,307.0,True,Alfa Romeo Racing,5311.887,2020-08-09T14:08:31.933000000,False,None,False,True,5250.297,26.5,54.8,1000.7,False,45.1,25,2.4
92.514,37,MEDIUM,2,29.501,37.529,25.484,None,None,None,11,15,1,False,5497.125,RAI,7,None,None,5434.116,5471.645,5497.129,297.0,260.0,248.0,309.0,True,Alfa Romeo Racing,5404.611,2020-08-09T14:10:04.657000000,False,None,False,True,5370.329,26.8,54.5,1000.8,False,44.3,17,2.3
92.655,38,MEDIUM,2,29.096,37.753,25.806,None,None,None,12,15,1,False,5589.78,RAI,7,None,None,5526.225,5563.978,5589.784,299.0,260.0,246.0,300.0,True,Alfa Romeo Racing,5497.125,2020-08-09T14:11:37.171000000,False,None,False,True,5430.343,26.6,54.9,1000.7,False,44.0,17,3.4
93.183,39,MEDIUM,2,29.456,38.133,25.594,None,None,None,13,15,1,False,5682.963,RAI,7,None,None,5619.24,5657.373,5682.967,275.0,259.0,245.0,322.0,True,Alfa Romeo Racing,5589.78,2020-08-09T14:13:09.826000000,False,None,False,True,5550.337,26.4,55.3,1000.7,False,43.7,16,1.5
93.598,40,MEDIUM,2,29.533,38.399,25.666,None,None,None,14,15,1,False,5776.561,RAI,7,None,None,5712.5,5750.899,5776.565,292.0,257.0,246.0,306.0,True,Alfa Romeo Racing,5682.963,2020-08-09T14:14:43.009000000,False,None,False,True,5670.376,26.2,56.2,1000.7,False,43.6,2,1.7
93.222,41,MEDIUM,2,29.533,37.998,25.691,None,None,None,15,15,1,False,5869.783,RAI,7,None,None,None,5844.096,5869.787,291.0,258.0,247.0,305.0,True,Alfa Romeo Racing,5776.561,2020-08-09T14:16:16.607000000,False,None,False,True,5730.374,26.3,55.7,1000.7,False,43.7,4,1.6
93.456,42,MEDIUM,2,29.514,38.275,25.667,None,None,None,16,15,1,False,5963.239,RAI,7,None,None,5899.301,5937.576,5963.243,291.0,257.0,248.0,304.0,True,Alfa Romeo Racing,5869.783,2020-08-09T14:17:49.829000000,False,None,False,True,5850.384,26.4,56.1,1000.7,False,43.7,48,1.8
93.128,43,MEDIUM,2,29.524,38.051,25.553,None,None,None,17,15,1,False,6056.367,RAI,7,None,None,5992.767,6030.818,6056.371,292.0,257.0,246.0,304.0,True,Alfa Romeo Racing,5963.239,2020-08-09T14:19:23.285000000,False,None,False,True,5910.382,26.2,56.5,1000.7,False,44.1,245,2.4
92.827,44,MEDIUM,2,29.28,38.068,25.479,None,None,None,18,15,1,False,6149.194,RAI,7,None,None,6085.651,6123.719,6149.198,291.0,256.0,247.0,302.0,True,Alfa Romeo Racing,6056.367,2020-08-09T14:20:56.413000000,False,None,False,True,6030.377,26.4,55.2,1000.7,False,44.3,15,2.0
93.76,45,MEDIUM,2,29.608,38.885,25.267,None,None,None,19,15,1,False,6242.954,RAI,7,None,None,6178.806,6217.691,6242.958,290.0,259.0,246.0,311.0,True,Alfa Romeo Racing,6149.194,2020-08-09T14:22:29.240000000,False,None,False,True,6090.37,26.2,56.6,1000.8,False,44.3,20,1.4
92.709,46,MEDIUM,2,29.521,37.774,25.414,None,None,None,20,15,1,False,6335.663,RAI,7,None,None,6272.479,6310.253,6335.667,291.0,256.0,246.0,304.0,True,Alfa Romeo Racing,6242.954,2020-08-09T14:24:03.000000000,False,None,False,True,6210.391,26.6,55.6,1000.7,False,43.9,28,1.4
95.129,47,MEDIUM,2,30.92,38.974,25.235,None,None,None,21,15,1,False,6430.792,RAI,7,None,None,6366.587,6405.561,6430.796,300.0,258.0,248.0,308.0,True,Alfa Romeo Racing,6335.663,2020-08-09T14:25:35.709000000,False,None,False,True,6270.377,26.8,54.3,1000.7,False,43.9,357,3.0
92.499,48,MEDIUM,2,29.342,37.784,25.373,None,None,None,22,15,1,False,6523.291,RAI,7,None,None,6460.138,6497.922,6523.295,294.0,258.0,247.0,296.0,True,Alfa Romeo Racing,6430.792,2020-08-09T14:27:10.838000000,False,None,False,True,6330.379,26.3,56.0,1000.6,False,43.7,42,3.1
92.424,49,MEDIUM,2,29.561,37.726,25.137,None,None,None,23,15,1,False,6615.715,RAI,7,None,None,6552.856,6590.582,6615.719,285.0,258.0,248.0,306.0,True,Alfa Romeo Racing,6523.291,2020-08-09T14:28:43.337000000,False,None,False,True,6451.381,26.2,56.4,1000.8,False,43.8,357,2.5
93.082,50,MEDIUM,2,29.321,38.235,25.526,None,None,None,24,15,1,False,6708.797,RAI,7,None,None,6645.04,6683.275,6708.801,291.0,257.0,246.0,279.0,True,Alfa Romeo Racing,6615.715,2020-08-09T14:30:15.761000000,False,None,False,True,6510.37,26.0,56.5,1000.7,False,43.6,349,2.2
93.48,51,MEDIUM,2,29.468,38.079,25.933,None,None,None,25,15,1,False,6802.277,RAI,7,None,None,6738.269,6776.348,6802.281,282.0,252.0,240.0,279.0,True,Alfa Romeo Racing,6708.797,2020-08-09T14:31:48.843000000,False,None,False,True,6630.387,25.9,57.4,1000.7,False,43.2,15,1.8
97.686,1,MEDIUM,1,None,39.005,25.697,None,None,None,4,6,12,False,2094.926,RIC,3,None,None,None,2069.298,2095.094,292.0,255.0,244.0,312.0,False,Renault,1997.072,2020-08-09T13:13:17.118000000,False,None,False,False,2010.085,24.2,61.2,1001.1,False,42.9,13,3.2
93.776,2,MEDIUM,1,29.474,38.53,25.772,None,None,None,5,6,1,True,2188.702,RIC,3,None,None,2124.437,2162.967,2188.739,292.0,254.0,244.0,306.0,False,Renault,2094.926,2020-08-09T13:14:54.972000000,False,None,False,True,2130.084,24.5,61.2,1001.1,False,42.6,5,3.7
93.179,3,MEDIUM,1,29.326,38.308,25.545,None,None,None,6,6,1,True,2281.881,RIC,3,None,None,2218.065,2256.373,2281.918,292.0,255.0,243.0,306.0,False,Renault,2188.702,2020-08-09T13:16:28.748000000,False,None,False,True,2191.19,24.9,59.9,1001.2,False,42.8,19,1.9
93.44,4,MEDIUM,1,29.274,38.427,25.739,None,None,None,7,6,1,False,2375.321,RIC,3,None,None,2311.192,2349.619,2375.358,293.0,254.0,243.0,303.0,False,Renault,2281.881,2020-08-09T13:18:01.927000000,False,None,False,True,2310.089,24.9,59.4,1001.0,False,43.1,295,2.0
93.418,5,MEDIUM,1,29.397,38.376,25.645,None,None,None,8,6,1,False,2468.739,RIC,3,None,None,2404.755,2443.131,2468.776,293.0,251.0,244.0,303.0,False,Renault,2375.321,2020-08-09T13:19:35.367000000,False,None,False,True,2370.085,24.9,59.8,1001.0,False,43.0,11,1.9
93.29,6,MEDIUM,1,29.331,38.269,25.69,None,None,None,9,6,1,False,2562.029,RIC,3,None,None,2498.107,2536.376,2562.066,291.0,253.0,244.0,302.0,False,Renault,2468.739,2020-08-09T13:21:08.785000000,False,None,False,True,2490.11,25.1,58.7,1001.0,False,43.3,18,2.4
93.365,7,MEDIUM,1,29.463,38.275,25.627,None,None,None,10,6,1,False,2655.394,RIC,3,None,None,2591.529,2629.804,2655.431,291.0,251.0,244.0,306.0,False,Renault,2562.029,2020-08-09T13:22:42.075000000,False,None,False,True,2610.119,25.1,58.3,1001.0,False,43.1,6,3.0
93.413,8,MEDIUM,1,29.471,38.281,25.661,None,None,None,11,6,1,False,2748.807,RIC,3,None,None,2684.902,2723.183,2748.844,293.0,254.0,244.0,306.0,False,Renault,2655.394,2020-08-09T13:24:15.440000000,False,None,False,True,2670.103,25.1,58.4,1001.0,False,43.1,285,3.0
93.003,9,MEDIUM,1,29.349,38.057,25.597,None,None,None,12,6,1,True,2841.81,RIC,3,None,None,2778.193,2816.25,2841.847,293.0,254.0,246.0,303.0,False,Renault,2748.807,2020-08-09T13:25:48.853000000,False,None,False,True,2790.154,25.4,57.8,1000.9,False,43.4,3,2.3
92.744,10,MEDIUM,1,29.383,37.931,25.43,None,None,None,13,6,1,True,2934.554,RIC,3,None,None,2871.23,2909.161,2934.591,294.0,256.0,245.0,303.0,False,Renault,2841.81,2020-08-09T13:27:21.856000000,False,None,False,True,2850.101,25.5,58.3,1001.0,False,43.8,7,2.1
92.746,11,MEDIUM,1,29.317,37.969,25.46,None,None,None,14,6,1,False,3027.3,RIC,3,None,None,2963.908,3001.877,3027.337,292.0,254.0,244.0,304.0,False,Renault,2934.554,2020-08-09T13:28:54.600000000,False,None,False,True,2970.13,25.5,58.5,1000.9,False,44.0,22,2.1
92.955,12,MEDIUM,1,29.363,38.098,25.494,None,None,None,15,6,1,False,3120.255,RIC,3,None,None,3056.7,3094.798,3120.292,292.0,254.0,245.0,304.0,False,Renault,3027.3,2020-08-09T13:30:27.346000000,False,None,False,True,3030.127,25.7,57.3,1000.9,False,44.0,10,3.0
92.743,13,MEDIUM,1,29.33,38.05,25.363,None,None,None,16,6,1,True,3212.998,RIC,3,None,None,3149.622,3187.672,3213.035,292.0,253.0,247.0,307.0,False,Renault,3120.255,2020-08-09T13:32:00.301000000,False,None,False,True,3150.113,25.7,56.8,1000.9,False,43.5,330,1.3
91.966,14,MEDIUM,1,29.264,37.601,25.101,None,None,None,17,5,1,False,3304.964,RIC,3,None,3299.177,3242.299,3279.9,3305.001,292.0,256.0,None,304.0,False,Renault,3212.998,2020-08-09T13:33:33.044000000,False,None,False,False,3210.123,25.5,57.4,1000.9,False,42.9,343,1.8
112.681,15,MEDIUM,2,49.234,37.953,25.494,None,None,None,4,10,1,False,3417.645,RIC,3,3327.756,None,3354.235,3392.188,3417.682,293.0,255.0,245.0,304.0,False,Renault,3304.964,2020-08-09T13:35:05.010000000,False,None,False,False,3330.18,25.5,58.3,1000.7,False,43.3,28,2.2
93.037,16,MEDIUM,2,29.464,38.13,25.443,None,None,None,5,10,1,False,3510.682,RIC,3,None,None,3447.146,3485.276,3510.719,292.0,256.0,245.0,307.0,False,Renault,3417.645,2020-08-09T13:36:57.691000000,False,None,False,True,3390.154,25.4,58.4,1000.9,False,43.5,61,2.3
92.725,17,MEDIUM,2,29.315,38.102,25.308,None,None,None,6,10,1,True,3603.407,RIC,3,None,None,3540.034,3578.136,3603.444,294.0,255.0,247.0,310.0,False,Renault,3510.682,2020-08-09T13:38:30.728000000,False,None,False,True,3510.14,25.4,58.5,1000.8,False,43.6,29,2.1
92.268,18,MEDIUM,2,29.294,37.606,25.368,None,None,None,7,10,1,True,3695.675,RIC,3,None,None,3632.738,3670.344,3695.712,293.0,257.0,246.0,309.0,False,Renault,3603.407,2020-08-09T13:40:03.453000000,False,None,False,True,3570.133,25.2,59.1,1001.0,False,43.6,1,2.4
92.454,19,MEDIUM,2,29.329,37.799,25.326,None,None,None,8,9,1,False,3788.129,RIC,3,None,None,3725.041,3762.84,3788.166,295.0,255.0,246.0,306.0,False,Renault,3695.675,2020-08-09T13:41:35.721000000,False,None,False,True,3690.124,25.5,58.4,1000.9,False,43.9,6,1.8
92.268,20,MEDIUM,2,29.202,37.743,25.323,None,None,None,9,8,1,False,3880.397,RIC,3,None,None,3817.368,3855.111,3880.434,294.0,257.0,244.0,303.0,False,Renault,3788.129,2020-08-09T13:43:08.175000000,False,None,False,True,3810.162,25.5,57.8,1000.9,False,43.6,14,2.5
92.191,21,MEDIUM,2,29.141,37.706,25.344,None,None,None,10,8,1,True,3972.588,RIC,3,None,None,3909.575,3947.281,3972.625,292.0,256.0,246.0,306.0,False,Renault,3880.397,2020-08-09T13:44:40.443000000,False,None,False,True,3870.143,25.6,57.9,1000.8,False,44.0,22,2.3
91.972,22,MEDIUM,2,29.09,37.655,25.227,None,None,None,11,8,1,True,4064.56,RIC,3,None,None,4001.715,4039.37,4064.597,295.0,255.0,246.0,306.0,False,Renault,3972.588,2020-08-09T13:46:12.634000000,False,None,False,True,3990.133,25.8,56.8,1001.0,False,43.8,13,2.1
91.823,23,MEDIUM,2,29.087,37.474,25.262,None,None,None,12,6,1,True,4156.383,RIC,3,None,None,4093.684,4131.158,4156.42,291.0,256.0,245.0,302.0,False,Renault,4064.56,2020-08-09T13:47:44.606000000,False,None,False,True,4050.112,25.9,56.5,1000.9,False,43.8,4,1.0
92.259,24,MEDIUM,2,29.233,37.628,25.398,None,None,None,13,6,1,False,4248.642,RIC,3,None,None,4185.653,4223.281,4248.679,291.0,256.0,245.0,299.0,False,Renault,4156.383,2020-08-09T13:49:16.429000000,False,None,False,True,4170.17,26.4,54.7,1000.9,False,44.6,287,1.0
92.207,25,MEDIUM,2,29.235,37.786,25.186,None,None,None,14,6,1,False,4340.849,RIC,3,None,None,4277.914,4315.7,4340.886,291.0,255.0,246.0,302.0,False,Renault,4248.642,2020-08-09T13:50:48.688000000,False,None,False,True,4230.187,26.5,54.6,1000.9,False,44.6,33,1.8
92.214,26,MEDIUM,2,29.551,37.88,24.783,None,None,None,15,6,1,False,4433.063,RIC,3,None,4427.191,4370.437,4408.317,4433.1,290.0,255.0,None,302.0,False,Renault,4340.849,2020-08-09T13:52:20.895000000,False,None,False,False,4350.19,26.6,54.5,1000.9,False,44.8,7,1.4
112.02,27,HARD,3,48.614,37.976,25.43,None,None,None,1,11,1,False,4545.083,RIC,3,4455.434,None,4481.714,4519.69,4545.12,315.0,265.0,249.0,330.0,True,Renault,4433.063,2020-08-09T13:53:53.109000000,False,None,False,False,4410.191,26.7,55.0,1000.9,False,44.4,9,3.0
92.532,28,HARD,3,28.878,38.246,25.408,None,None,None,2,11,1,False,4637.615,RIC,3,None,None,4573.998,4612.244,4637.652,317.0,259.0,249.0,328.0,True,Renault,4545.083,2020-08-09T13:55:45.129000000,False,None,False,True,4530.212,26.2,56.5,1000.8,False,43.2,23,3.3
92.623,29,HARD,3,29.058,38.136,25.429,None,None,None,3,11,1,False,4730.238,RIC,3,None,None,4666.71,4704.846,4730.275,314.0,261.0,248.0,327.0,True,Renault,4637.615,2020-08-09T13:57:17.661000000,False,None,False,True,4650.232,25.9,56.8,1000.8,False,43.6,21,1.1
92.721,30,HARD,3,28.977,38.041,25.703,None,None,None,4,10,1,False,4822.959,RIC,3,None,None,4759.252,4797.293,4822.996,316.0,260.0,247.0,330.0,True,Renault,4730.238,2020-08-09T13:58:50.284000000,False,None,False,True,4710.237,25.9,56.5,1000.9,False,43.6,14,1.5
99.84,31,HARD,3,36.581,38.096,25.163,None,None,None,5,12,12,False,4922.799,RIC,3,None,None,4859.577,4897.673,4922.836,311.0,256.0,245.0,311.0,True,Renault,4822.959,2020-08-09T14:00:23.005000000,False,None,False,True,4830.313,25.8,57.1,1000.8,False,43.6,38,2.0
92.263,32,HARD,3,29.117,37.868,25.278,None,None,None,6,12,1,False,5015.062,RIC,3,None,None,4951.953,4989.821,5015.099,289.0,258.0,246.0,300.0,True,Renault,4922.799,2020-08-09T14:02:02.845000000,False,None,False,True,4890.265,25.8,57.0,1000.7,False,43.6,23,2.2
92.928,33,HARD,3,29.144,38.286,25.498,None,None,None,7,12,1,False,5107.99,RIC,3,None,None,5044.243,5082.529,5108.027,293.0,255.0,245.0,305.0,True,Renault,5015.062,2020-08-09T14:03:35.108000000,False,None,False,True,5010.272,25.6,58.2,1000.8,False,43.2,2,2.0
92.988,34,HARD,3,29.323,38.262,25.403,None,None,None,8,11,1,False,5200.978,RIC,3,None,None,5137.35,5175.612,5201.015,293.0,255.0,244.0,306.0,True,Renault,5107.99,2020-08-09T14:05:08.036000000,False,None,False,True,5070.281,25.6,57.7,1000.8,False,43.2,14,1.8
92.93,35,HARD,3,29.396,38.332,25.202,None,None,None,9,10,1,False,5293.908,RIC,3,None,5288.108,5230.411,5268.743,5293.945,293.0,259.0,None,305.0,True,Renault,5200.978,2020-08-09T14:06:41.024000000,False,None,False,False,5190.281,26.0,56.8,1000.7,False,43.7,11,1.5
111.764,36,MEDIUM,4,48.666,37.956,25.142,None,None,None,3,16,1,False,5405.672,RIC,3,5316.15,None,5342.611,5380.567,5405.709,314.0,260.0,247.0,304.0,False,Renault,5293.908,2020-08-09T14:08:13.954000000,False,None,False,False,5250.297,26.5,54.8,1000.7,False,45.1,25,2.4
92.028,37,MEDIUM,4,28.965,37.568,25.495,None,None,None,4,16,1,False,5497.7,RIC,3,None,None,5434.674,5472.242,5497.737,309.0,265.0,250.0,324.0,False,Renault,5405.672,2020-08-09T14:10:05.718000000,False,None,False,True,5370.329,26.8,54.5,1000.8,False,44.3,17,2.3
92.306,38,MEDIUM,4,28.539,38.312,25.455,None,None,None,5,16,1,False,5590.006,RIC,3,None,None,5526.276,5564.588,5590.043,322.0,262.0,251.0,333.0,False,Renault,5497.7,2020-08-09T14:11:37.746000000,False,None,False,True,5430.343,26.6,54.9,1000.7,False,44.0,17,3.4
91.168,39,MEDIUM,4,29.064,37.136,24.968,None,None,None,6,14,1,True,5681.174,RIC,3,None,None,5619.107,5656.243,5681.211,318.0,260.0,249.0,302.0,False,Renault,5590.006,2020-08-09T14:13:10.052000000,False,None,False,True,5550.337,26.4,55.3,1000.7,False,43.7,16,1.5
91.29,40,MEDIUM,4,28.935,37.276,25.079,None,None,None,7,14,1,False,5772.464,RIC,3,None,None,5710.146,5747.422,5772.501,290.0,257.0,248.0,304.0,False,Renault,5681.174,2020-08-09T14:14:41.220000000,False,None,False,True,5670.376,26.2,56.2,1000.7,False,43.6,2,1.7
91.91,41,MEDIUM,4,28.892,37.833,25.185,None,None,None,8,14,1,False,5864.374,RIC,3,None,None,5801.393,5839.226,5864.411,290.0,258.0,246.0,303.0,False,Renault,5772.464,2020-08-09T14:16:12.510000000,False,None,False,True,5730.374,26.3,55.7,1000.7,False,43.7,4,1.6
91.817,42,MEDIUM,4,29.193,37.601,25.023,None,None,None,9,14,1,False,5956.191,RIC,3,None,None,5893.604,5931.205,5956.228,291.0,258.0,248.0,304.0,False,Renault,5864.374,2020-08-09T14:17:44.420000000,False,None,False,True,5850.384,26.4,56.1,1000.7,False,43.7,48,1.8
92.314,43,MEDIUM,4,29.346,37.726,25.242,None,None,None,10,14,1,False,6048.505,RIC,3,None,None,5985.574,6023.3,6048.542,286.0,259.0,246.0,299.0,False,Renault,5956.191,2020-08-09T14:19:16.237000000,False,None,False,True,5910.382,26.2,56.5,1000.7,False,44.1,245,2.4
91.725,44,MEDIUM,4,29.044,37.621,25.06,None,None,None,11,14,1,False,6140.23,RIC,3,None,None,6077.586,6115.207,6140.267,288.0,257.0,247.0,297.0,False,Renault,6048.505,2020-08-09T14:20:48.551000000,False,None,False,True,6030.377,26.4,55.2,1000.7,False,44.3,15,2.0
91.716,45,MEDIUM,4,29.143,37.54,25.033,None,None,None,12,14,1,False,6231.946,RIC,3,None,None,6169.41,6206.95,6231.983,287.0,258.0,246.0,299.0,False,Renault,6140.23,2020-08-09T14:22:20.276000000,False,None,False,True,6090.37,26.2,56.6,1000.8,False,44.3,20,1.4
91.63,46,MEDIUM,4,29.193,37.357,25.08,None,None,None,13,14,1,False,6323.576,RIC,3,None,None,6261.176,6298.533,6323.613,287.0,259.0,247.0,299.0,False,Renault,6231.946,2020-08-09T14:23:51.992000000,False,None,False,True,6210.391,26.6,55.6,1000.7,False,43.9,28,1.4
91.658,47,MEDIUM,4,29.057,37.552,25.049,None,None,None,14,14,1,False,6415.234,RIC,3,None,None,6352.67,6390.222,6415.271,287.0,258.0,247.0,298.0,False,Renault,6323.576,2020-08-09T14:25:23.622000000,False,None,False,True,6270.377,26.8,54.3,1000.7,False,43.9,357,3.0
91.517,48,MEDIUM,4,29.027,37.36,25.13,None,None,None,15,14,1,False,6506.751,RIC,3,None,None,6444.298,6481.658,6506.788,287.0,258.0,247.0,299.0,False,Renault,6415.234,2020-08-09T14:26:55.280000000,False,None,False,True,6330.379,26.3,56.0,1000.6,False,43.7,42,3.1
93.432,49,MEDIUM,4,28.984,37.657,26.791,None,None,None,16,14,1,False,6600.183,RIC,3,None,None,6535.772,6573.429,6600.22,287.0,255.0,247.0,250.0,False,Renault,6506.751,2020-08-09T14:28:26.797000000,False,None,False,True,6451.381,26.2,56.4,1000.8,False,43.8,357,2.5
92.441,50,MEDIUM,4,29.316,37.884,25.241,None,None,None,17,14,1,False,6692.624,RIC,3,None,None,6629.536,6667.42,6692.661,289.0,256.0,245.0,302.0,False,Renault,6600.183,2020-08-09T14:30:00.229000000,False,None,False,True,6510.37,26.0,56.5,1000.7,False,43.6,349,2.2
93.26,51,MEDIUM,4,29.378,38.063,25.819,None,None,None,18,14,1,False,6785.884,RIC,3,None,None,6722.039,6760.102,6785.921,288.0,259.0,225.0,298.0,False,Renault,6692.624,2020-08-09T14:31:32.670000000,False,None,False,True,6630.387,25.9,57.4,1000.7,False,43.2,15,1.8
104.029,1,MEDIUM,1,None,41.41,26.078,None,None,None,1,17,12,False,2101.269,RUS,63,None,None,None,2075.281,2101.373,308.0,250.0,246.0,312.0,True,Williams,1997.072,2020-08-09T13:13:17.118000000,False,None,False,False,2010.085,24.2,61.2,1001.1,False,42.9,13,3.2
95.891,2,MEDIUM,1,30.43,39.242,26.219,None,None,None,2,17,1,True,2197.16,RUS,63,None,None,2131.714,2170.956,2197.175,296.0,255.0,248.0,320.0,True,Williams,2101.269,2020-08-09T13:15:01.315000000,False,None,False,True,2130.084,24.5,61.2,1001.1,False,42.6,5,3.7
95.156,3,MEDIUM,1,29.553,39.384,26.219,None,None,None,3,17,1,True,2292.316,RUS,63,None,None,2226.728,2266.112,2292.331,320.0,257.0,246.0,328.0,True,Williams,2197.16,2020-08-09T13:16:37.206000000,False,None,False,True,2191.19,24.9,59.9,1001.2,False,42.8,19,1.9
95.938,4,MEDIUM,1,30.331,39.304,26.303,None,None,None,4,17,1,False,2388.254,RUS,63,None,None,2322.662,2361.966,2388.269,322.0,253.0,244.0,317.0,True,Williams,2292.316,2020-08-09T13:18:12.362000000,False,None,False,True,2310.089,24.9,59.4,1001.0,False,43.1,295,2.0
94.546,5,MEDIUM,1,29.553,39.067,25.926,None,None,None,5,17,1,True,2482.8,RUS,63,None,None,2417.822,2456.889,2482.815,317.0,253.0,244.0,319.0,True,Williams,2388.254,2020-08-09T13:19:48.300000000,False,None,False,True,2370.085,24.9,59.8,1001.0,False,43.0,11,1.9
94.665,6,MEDIUM,1,29.644,38.754,26.267,None,None,None,6,17,1,False,2577.465,RUS,63,None,None,2512.459,2551.213,2577.48,307.0,255.0,243.0,325.0,True,Williams,2482.8,2020-08-09T13:21:22.846000000,False,None,False,True,2490.11,25.1,58.7,1001.0,False,43.3,18,2.4
94.445,7,MEDIUM,1,29.643,38.917,25.885,None,None,None,7,16,1,True,2671.91,RUS,63,None,None,2607.123,2646.04,2671.925,309.0,250.0,245.0,326.0,True,Williams,2577.465,2020-08-09T13:22:57.511000000,False,None,False,True,2610.119,25.1,58.3,1001.0,False,43.1,6,3.0
93.267,8,MEDIUM,1,29.548,38.792,24.927,None,None,None,8,14,1,False,2765.177,RUS,63,None,2759.369,2701.473,2740.265,2765.192,299.0,254.0,None,317.0,True,Williams,2671.91,2020-08-09T13:24:31.956000000,False,None,False,False,2670.103,25.1,58.4,1001.0,False,43.1,285,3.0
111.729,9,HARD,2,49.062,37.431,25.236,None,None,None,1,20,1,False,2876.906,RUS,63,2787.748,None,2814.254,2851.685,2876.921,285.0,257.0,248.0,306.0,True,Williams,2765.177,2020-08-09T13:26:05.223000000,False,None,False,False,2790.154,25.4,57.8,1000.9,False,43.4,3,2.3
92.534,10,HARD,2,29.221,37.646,25.667,None,None,None,2,18,1,True,2969.44,RUS,63,None,None,2906.142,2943.788,2969.455,283.0,257.0,247.0,295.0,True,Williams,2876.906,2020-08-09T13:27:56.952000000,False,None,False,True,2850.101,25.5,58.3,1001.0,False,43.8,7,2.1
92.876,11,HARD,2,29.259,37.991,25.626,None,None,None,3,18,1,False,3062.316,RUS,63,None,None,2998.714,3036.705,3062.331,300.0,260.0,246.0,323.0,True,Williams,2969.44,2020-08-09T13:29:29.486000000,False,None,False,True,2970.13,25.5,58.5,1000.9,False,44.0,22,2.1
93.409,12,HARD,2,29.251,38.381,25.777,None,None,None,4,18,1,False,3155.725,RUS,63,None,None,3091.582,3129.963,3155.74,312.0,260.0,245.0,324.0,True,Williams,3062.316,2020-08-09T13:31:02.362000000,False,None,False,True,3030.127,25.7,57.3,1000.9,False,44.0,10,3.0
93.296,13,HARD,2,29.338,38.207,25.751,None,None,None,5,18,1,False,3249.021,RUS,63,None,None,3185.078,3223.285,3249.036,313.0,258.0,247.0,326.0,True,Williams,3155.725,2020-08-09T13:32:35.771000000,False,None,False,True,3150.113,25.7,56.8,1000.9,False,43.5,330,1.3
93.238,14,HARD,2,29.368,37.977,25.893,None,None,None,6,18,1,False,3342.259,RUS,63,None,None,3278.404,3316.381,3342.274,304.0,260.0,247.0,321.0,True,Williams,3249.021,2020-08-09T13:34:09.067000000,False,None,False,True,3210.123,25.5,57.4,1000.9,False,42.9,343,1.8
93.543,15,HARD,2,29.466,38.263,25.814,None,None,None,7,18,1,False,3435.802,RUS,63,None,None,3371.74,3410.003,3435.817,303.0,255.0,247.0,317.0,True,Williams,3342.259,2020-08-09T13:35:42.305000000,False,None,False,True,3330.18,25.5,58.3,1000.7,False,43.3,28,2.2
93.888,16,HARD,2,29.629,38.457,25.802,None,None,None,8,18,1,False,3529.69,RUS,63,None,None,3465.446,3503.903,3529.705,288.0,257.0,248.0,303.0,True,Williams,3435.802,2020-08-09T13:37:15.848000000,False,None,False,True,3390.154,25.4,58.4,1000.9,False,43.5,61,2.3
93.569,17,HARD,2,29.596,38.097,25.876,None,None,None,9,18,1,False,3623.259,RUS,63,None,None,3559.301,3597.398,3623.274,288.0,256.0,249.0,307.0,True,Williams,3529.69,2020-08-09T13:38:49.736000000,False,None,False,True,3510.14,25.4,58.5,1000.8,False,43.6,29,2.1
93.183,18,HARD,2,29.346,38.03,25.807,None,None,None,10,17,1,False,3716.442,RUS,63,None,None,3652.62,3690.65,3716.457,302.0,260.0,247.0,319.0,True,Williams,3623.259,2020-08-09T13:40:23.305000000,False,None,False,True,3570.133,25.2,59.1,1001.0,False,43.6,1,2.4
93.529,19,HARD,2,29.308,38.111,26.11,None,None,None,11,17,1,False,3809.971,RUS,63,None,None,3745.765,3783.876,3809.986,305.0,262.0,248.0,332.0,True,Williams,3716.442,2020-08-09T13:41:56.488000000,False,None,False,True,3690.124,25.5,58.4,1000.9,False,43.9,6,1.8
93.898,20,HARD,2,29.467,38.407,26.024,None,None,None,12,17,1,False,3903.869,RUS,63,None,None,3839.453,3877.86,3903.884,302.0,260.0,246.0,317.0,True,Williams,3809.971,2020-08-09T13:43:30.017000000,False,None,False,True,3810.162,25.5,57.8,1000.9,False,43.6,14,2.5
94.285,21,HARD,2,29.654,38.716,25.915,None,None,None,13,17,1,False,3998.154,RUS,63,None,None,3933.538,3972.254,3998.169,303.0,256.0,246.0,315.0,True,Williams,3903.869,2020-08-09T13:45:03.915000000,False,None,False,True,3870.143,25.6,57.9,1000.8,False,44.0,22,2.3
93.88,22,HARD,2,29.513,38.336,26.031,None,None,None,14,17,1,False,4092.034,RUS,63,None,None,4027.682,4066.018,4092.049,291.0,254.0,247.0,304.0,True,Williams,3998.154,2020-08-09T13:46:38.200000000,False,None,False,True,3990.133,25.8,56.8,1001.0,False,43.8,13,2.1
93.439,23,HARD,2,29.421,38.164,25.854,None,None,None,15,17,1,False,4185.473,RUS,63,None,None,4121.47,4159.634,4185.488,292.0,256.0,246.0,321.0,True,Williams,4092.034,2020-08-09T13:48:12.080000000,False,None,False,True,4050.112,25.9,56.5,1000.9,False,43.8,4,1.0
92.492,24,HARD,2,29.297,38.525,24.67,None,None,None,16,15,1,False,4277.965,RUS,63,None,4272.144,4214.785,4253.31,4277.98,315.0,260.0,None,330.0,True,Williams,4185.473,2020-08-09T13:49:45.519000000,False,None,False,False,4170.17,26.4,54.7,1000.9,False,44.6,287,1.0
111.343,25,HARD,3,49.099,37.191,25.053,None,None,None,1,19,1,False,4389.308,RUS,63,4300.466,None,4327.079,4364.27,4389.323,289.0,259.0,250.0,301.0,True,Williams,4277.965,2020-08-09T13:51:18.011000000,False,None,False,False,4230.187,26.5,54.6,1000.9,False,44.6,33,1.8
91.957,26,HARD,3,29.246,37.511,25.2,None,None,None,2,19,1,True,4481.265,RUS,63,None,None,4418.569,4456.08,4481.28,281.0,260.0,249.0,293.0,True,Williams,4389.308,2020-08-09T13:53:09.354000000,False,None,False,True,4350.19,26.6,54.5,1000.9,False,44.8,7,1.4
92.707,27,HARD,3,29.128,38.029,25.55,None,None,None,3,18,1,False,4573.972,RUS,63,None,None,4510.408,4548.437,4573.987,282.0,257.0,248.0,300.0,True,Williams,4481.265,2020-08-09T13:54:41.311000000,False,None,False,True,4410.191,26.7,55.0,1000.9,False,44.4,9,3.0
92.88,28,HARD,3,29.37,38.061,25.449,None,None,None,4,18,1,False,4666.852,RUS,63,None,None,4603.357,4641.418,4666.867,287.0,258.0,248.0,304.0,True,Williams,4573.972,2020-08-09T13:56:14.018000000,False,None,False,True,4530.212,26.2,56.5,1000.8,False,43.2,23,3.3
92.321,29,HARD,3,29.064,37.929,25.328,None,None,None,5,18,1,False,4759.173,RUS,63,None,None,4695.931,4733.86,4759.188,290.0,259.0,248.0,318.0,True,Williams,4666.852,2020-08-09T13:57:46.898000000,False,None,False,True,4650.232,25.9,56.8,1000.8,False,43.6,21,1.1
91.706,30,HARD,3,28.971,37.322,25.413,None,None,None,6,18,12,True,4850.879,RUS,63,None,None,4788.159,4825.481,4850.894,305.0,263.0,250.0,332.0,True,Williams,4759.173,2020-08-09T13:59:19.219000000,False,None,False,True,4710.237,25.9,56.5,1000.9,False,43.6,14,1.5
92.375,31,HARD,3,28.972,37.955,25.448,None,None,None,7,18,1,False,4943.254,RUS,63,None,None,4879.866,4917.821,4943.269,309.0,260.0,248.0,324.0,True,Williams,4850.879,2020-08-09T14:00:50.925000000,False,None,False,True,4830.313,25.8,57.1,1000.8,False,43.6,38,2.0
92.386,32,HARD,3,29.008,38.095,25.283,None,None,None,8,18,1,False,5035.64,RUS,63,None,None,4972.277,5010.372,5035.655,298.0,262.0,249.0,321.0,True,Williams,4943.254,2020-08-09T14:02:23.300000000,False,None,False,True,4890.265,25.8,57.0,1000.7,False,43.6,23,2.2
92.568,33,HARD,3,29.328,37.697,25.543,None,None,None,9,18,1,False,5128.208,RUS,63,None,None,5064.983,5102.68,5128.223,286.0,262.0,248.0,316.0,True,Williams,5035.64,2020-08-09T14:03:55.686000000,False,None,False,True,5010.272,25.6,58.2,1000.8,False,43.2,2,2.0
92.31,34,HARD,3,29.011,37.609,25.69,None,None,None,10,17,1,False,5220.518,RUS,63,None,None,5157.234,5194.843,5220.533,299.0,263.0,248.0,328.0,True,Williams,5128.208,2020-08-09T14:05:28.254000000,False,None,False,True,5070.281,25.6,57.7,1000.8,False,43.2,14,1.8
92.456,35,HARD,3,29.044,37.949,25.463,None,None,None,11,17,1,False,5312.974,RUS,63,None,None,5249.577,5287.526,5312.989,301.0,262.0,248.0,317.0,True,Williams,5220.518,2020-08-09T14:07:00.564000000,False,None,False,True,5190.281,26.0,56.8,1000.7,False,43.7,11,1.5
93.994,36,HARD,3,29.157,39.189,25.648,None,None,None,12,17,1,False,5406.968,RUS,63,None,None,5342.146,5381.335,5406.983,309.0,261.0,247.0,321.0,True,Williams,5312.974,2020-08-09T14:08:33.020000000,False,None,False,True,5250.297,26.5,54.8,1000.7,False,45.1,25,2.4
92.499,37,HARD,3,29.02,37.942,25.537,None,None,None,13,17,1,False,5499.467,RUS,63,None,None,5436.003,5473.945,5499.482,297.0,260.0,250.0,315.0,True,Williams,5406.968,2020-08-09T14:10:07.014000000,False,None,False,True,5370.329,26.8,54.5,1000.8,False,44.3,17,2.3
93.077,38,HARD,3,29.403,38.043,25.631,None,None,None,14,17,1,False,5592.544,RUS,63,None,None,5528.885,5566.928,5592.559,285.0,256.0,248.0,304.0,True,Williams,5499.467,2020-08-09T14:11:39.513000000,False,None,False,True,5430.343,26.6,54.9,1000.7,False,44.0,17,3.4
93.123,39,HARD,3,29.396,38.865,24.862,None,None,None,15,16,1,False,5685.667,RUS,63,None,5681.237,5621.955,5660.82,5685.682,292.0,255.0,None,308.0,True,Williams,5592.544,2020-08-09T14:13:12.590000000,False,None,False,False,5550.337,26.4,55.3,1000.7,False,43.7,16,1.5
113.03,40,MEDIUM,4,49.709,38.052,25.269,None,None,None,6,19,1,False,5798.697,RUS,63,5708.495,None,5735.391,5773.443,5798.712,306.0,258.0,250.0,311.0,False,Williams,5685.667,2020-08-09T14:14:45.713000000,False,None,False,False,5670.376,26.2,56.2,1000.7,False,43.6,2,1.7
91.837,41,MEDIUM,4,29.175,37.298,25.364,None,None,None,7,19,1,False,5890.534,RUS,63,None,None,5827.887,5865.185,5890.549,286.0,260.0,249.0,301.0,False,Williams,5798.697,2020-08-09T14:16:38.743000000,False,None,False,True,5730.374,26.3,55.7,1000.7,False,43.7,4,1.6
92.817,42,MEDIUM,4,29.039,38.773,25.005,None,None,None,8,19,1,False,5983.351,RUS,63,None,None,5919.588,5958.361,5983.366,288.0,262.0,248.0,324.0,False,Williams,5890.534,2020-08-09T14:18:10.580000000,False,None,False,True,5850.384,26.4,56.1,1000.7,False,43.7,48,1.8
92.364,43,MEDIUM,4,29.285,37.483,25.596,None,None,None,9,19,1,False,6075.715,RUS,63,None,None,6012.651,6050.134,6075.73,291.0,258.0,249.0,304.0,False,Williams,5983.351,2020-08-09T14:19:43.397000000,False,None,False,True,5910.382,26.2,56.5,1000.7,False,44.1,245,2.4
91.891,44,MEDIUM,4,29.162,37.455,25.274,None,None,None,10,19,1,False,6167.606,RUS,63,None,None,6104.892,6142.347,6167.621,289.0,258.0,249.0,305.0,False,Williams,6075.715,2020-08-09T14:21:15.761000000,False,None,False,True,6030.377,26.4,55.2,1000.7,False,44.3,15,2.0
91.78,45,MEDIUM,4,29.205,37.382,25.193,None,None,None,11,19,1,False,6259.386,RUS,63,None,None,6196.826,6234.208,6259.401,290.0,259.0,249.0,310.0,False,Williams,6167.606,2020-08-09T14:22:47.652000000,False,None,False,True,6090.37,26.2,56.6,1000.8,False,44.3,20,1.4
91.934,46,MEDIUM,4,29.137,37.628,25.169,None,None,None,12,19,1,False,6351.32,RUS,63,None,None,6288.538,6326.166,6351.335,291.0,258.0,248.0,309.0,False,Williams,6259.386,2020-08-09T14:24:19.432000000,False,None,False,True,6210.391,26.6,55.6,1000.7,False,43.9,28,1.4
92.144,47,MEDIUM,4,29.058,37.8,25.286,None,None,None,13,18,1,False,6443.464,RUS,63,None,None,6380.393,6418.193,6443.479,292.0,258.0,249.0,307.0,False,Williams,6351.32,2020-08-09T14:25:51.366000000,False,None,False,True,6270.377,26.8,54.3,1000.7,False,43.9,357,3.0
92.526,48,MEDIUM,4,29.259,37.833,25.434,None,None,None,14,18,1,False,6535.99,RUS,63,None,None,6472.738,6510.571,6536.005,291.0,258.0,249.0,305.0,False,Williams,6443.464,2020-08-09T14:27:23.510000000,False,None,False,True,6330.379,26.3,56.0,1000.6,False,43.7,42,3.1
91.507,49,MEDIUM,4,29.081,37.181,25.245,None,None,None,15,18,1,True,6627.497,RUS,63,None,None,6565.086,6602.267,6627.512,290.0,261.0,249.0,307.0,False,Williams,6535.99,2020-08-09T14:28:56.036000000,False,None,False,True,6451.381,26.2,56.4,1000.8,False,43.8,357,2.5
91.408,50,MEDIUM,4,28.978,37.201,25.229,None,None,None,16,18,1,True,6718.905,RUS,63,None,None,6656.49,6693.691,6718.92,296.0,263.0,252.0,314.0,False,Williams,6627.497,2020-08-09T14:30:27.543000000,False,None,False,True,6510.37,26.0,56.5,1000.7,False,43.6,349,2.2
92.224,51,MEDIUM,4,28.96,37.652,25.612,None,None,None,17,18,1,False,6811.129,RUS,63,None,None,6747.88,6785.532,6811.144,313.0,262.0,248.0,329.0,False,Williams,6718.905,2020-08-09T14:31:58.951000000,False,None,False,True,6630.387,25.9,57.4,1000.7,False,43.2,15,1.8
100.996,1,HARD,1,None,39.898,26.536,None,None,None,1,11,12,False,2098.236,SAI,55,None,None,None,2071.781,2098.374,305.0,260.0,244.0,324.0,True,McLaren,1997.072,2020-08-09T13:13:17.118000000,False,None,False,False,2010.085,24.2,61.2,1001.1,False,42.9,13,3.2
94.759,2,HARD,1,29.697,38.894,26.168,None,None,None,2,11,1,True,2192.995,SAI,55,None,None,2127.96,2166.854,2193.022,289.0,255.0,246.0,299.0,True,McLaren,2098.236,2020-08-09T13:14:58.282000000,False,None,False,True,2130.084,24.5,61.2,1001.1,False,42.6,5,3.7
94.115,3,HARD,1,29.462,38.441,26.212,None,None,None,3,11,1,True,2287.11,SAI,55,None,None,2222.484,2260.925,2287.137,292.0,255.0,242.0,306.0,True,McLaren,2192.995,2020-08-09T13:16:33.041000000,False,None,False,True,2191.19,24.9,59.9,1001.2,False,42.8,19,1.9
94.083,4,HARD,1,29.455,38.403,26.225,None,None,None,4,11,1,True,2381.193,SAI,55,None,None,2316.592,2354.995,2381.22,291.0,254.0,242.0,299.0,True,McLaren,2287.11,2020-08-09T13:18:07.156000000,False,None,False,True,2310.089,24.9,59.4,1001.0,False,43.1,295,2.0
94.135,5,HARD,1,29.5,38.327,26.308,None,None,None,5,11,1,False,2475.328,SAI,55,None,None,2410.72,2449.047,2475.355,290.0,254.0,242.0,299.0,True,McLaren,2381.193,2020-08-09T13:19:41.239000000,False,None,False,True,2370.085,24.9,59.8,1001.0,False,43.0,11,1.9
93.699,6,HARD,1,29.555,38.187,25.957,None,None,None,6,11,1,True,2569.027,SAI,55,None,None,2504.91,2543.097,2569.054,287.0,255.0,242.0,299.0,True,McLaren,2475.328,2020-08-09T13:21:15.374000000,False,None,False,True,2490.11,25.1,58.7,1001.0,False,43.3,18,2.4
94.015,7,HARD,1,29.526,38.382,26.107,None,None,None,7,10,1,False,2663.042,SAI,55,None,None,2598.58,2636.962,2663.069,284.0,253.0,242.0,294.0,True,McLaren,2569.027,2020-08-09T13:22:49.073000000,False,None,False,True,2610.119,25.1,58.3,1001.0,False,43.1,6,3.0
93.367,8,HARD,1,29.575,38.039,25.753,None,None,None,8,9,1,True,2756.409,SAI,55,None,None,2692.644,2730.683,2756.436,286.0,257.0,243.0,296.0,True,McLaren,2663.042,2020-08-09T13:24:23.088000000,False,None,False,True,2670.103,25.1,58.4,1001.0,False,43.1,285,3.0
93.154,9,HARD,1,29.402,37.912,25.84,None,None,None,9,9,1,True,2849.563,SAI,55,None,None,2785.838,2823.75,2849.59,288.0,257.0,244.0,294.0,True,McLaren,2756.409,2020-08-09T13:25:56.455000000,False,None,False,True,2790.154,25.4,57.8,1000.9,False,43.4,3,2.3
93.163,10,HARD,1,29.518,37.815,25.83,None,None,None,10,9,1,False,2942.726,SAI,55,None,None,2879.108,2916.923,2942.753,285.0,257.0,243.0,293.0,True,McLaren,2849.563,2020-08-09T13:27:29.609000000,False,None,False,True,2850.101,25.5,58.3,1001.0,False,43.8,7,2.1
93.097,11,HARD,1,29.492,37.796,25.809,None,None,None,11,9,1,True,3035.823,SAI,55,None,None,2972.245,3010.041,3035.85,286.0,255.0,243.0,293.0,True,McLaren,2942.726,2020-08-09T13:29:02.772000000,False,None,False,True,2970.13,25.5,58.5,1000.9,False,44.0,22,2.1
93.182,12,HARD,1,29.559,37.915,25.708,None,None,None,12,9,1,False,3129.005,SAI,55,None,None,3065.409,3103.324,3129.032,284.0,256.0,243.0,294.0,True,McLaren,3035.823,2020-08-09T13:30:35.869000000,False,None,False,True,3030.127,25.7,57.3,1000.9,False,44.0,10,3.0
93.204,13,HARD,1,29.457,38.024,25.723,None,None,None,13,8,1,False,3222.209,SAI,55,None,None,3158.489,3196.513,3222.236,283.0,254.0,245.0,293.0,True,McLaren,3129.005,2020-08-09T13:32:09.051000000,False,None,False,True,3150.113,25.7,56.8,1000.9,False,43.5,330,1.3
92.968,14,HARD,1,29.45,37.739,25.779,None,None,None,14,8,1,True,3315.177,SAI,55,None,None,3251.686,3289.425,3315.204,284.0,257.0,244.0,293.0,True,McLaren,3222.209,2020-08-09T13:33:42.255000000,False,None,False,True,3210.123,25.5,57.4,1000.9,False,42.9,343,1.8
92.979,15,HARD,1,29.539,37.707,25.733,None,None,None,15,7,1,False,3408.156,SAI,55,None,None,3344.743,3382.45,3408.183,284.0,256.0,243.0,295.0,True,McLaren,3315.177,2020-08-09T13:35:15.223000000,False,None,False,True,3330.18,25.5,58.3,1000.7,False,43.3,28,2.2
92.758,16,HARD,1,29.423,37.764,25.571,None,None,None,16,6,1,True,3500.914,SAI,55,None,None,3437.606,3475.37,3500.941,285.0,256.0,244.0,295.0,True,McLaren,3408.156,2020-08-09T13:36:48.202000000,False,None,False,True,3390.154,25.4,58.4,1000.9,False,43.5,61,2.3
92.854,17,HARD,1,29.482,37.696,25.676,None,None,None,17,6,1,False,3593.768,SAI,55,None,None,3530.423,3568.119,3593.795,284.0,257.0,244.0,295.0,True,McLaren,3500.914,2020-08-09T13:38:20.960000000,False,None,False,True,3510.14,25.4,58.5,1000.8,False,43.6,29,2.1
92.582,18,HARD,1,29.284,37.709,25.589,None,None,None,18,6,1,True,3686.35,SAI,55,None,None,3623.079,3660.788,3686.377,284.0,258.0,245.0,293.0,True,McLaren,3593.768,2020-08-09T13:39:53.814000000,False,None,False,True,3570.133,25.2,59.1,1001.0,False,43.6,1,2.4
92.826,19,HARD,1,29.357,37.771,25.698,None,None,None,19,4,1,False,3779.176,SAI,55,None,None,3715.734,3753.505,3779.203,283.0,257.0,244.0,293.0,True,McLaren,3686.35,2020-08-09T13:41:26.396000000,False,None,False,True,3690.124,25.5,58.4,1000.9,False,43.9,6,1.8
92.667,20,HARD,1,29.321,37.675,25.671,None,None,None,20,4,1,False,3871.843,SAI,55,None,None,3808.524,3846.199,3871.87,283.0,258.0,244.0,294.0,True,McLaren,3779.176,2020-08-09T13:42:59.222000000,False,None,False,True,3810.162,25.5,57.8,1000.9,False,43.6,14,2.5
92.965,21,HARD,1,29.207,37.731,26.027,None,None,None,21,4,1,False,3964.808,SAI,55,None,None,3901.077,3938.808,3964.835,284.0,257.0,242.0,294.0,True,McLaren,3871.843,2020-08-09T13:44:31.889000000,False,None,False,True,3870.143,25.6,57.9,1000.8,False,44.0,22,2.3
92.348,22,HARD,1,29.187,37.784,25.377,None,None,None,22,4,1,False,4057.156,SAI,55,None,4051.327,3994.022,4031.806,4057.183,298.0,258.0,None,300.0,True,McLaren,3964.808,2020-08-09T13:46:04.854000000,False,None,False,False,3990.133,25.8,56.8,1001.0,False,43.8,13,2.1
119.345,23,MEDIUM,2,55.761,37.869,25.715,None,None,None,4,13,1,False,4176.501,SAI,55,4087.159,None,4112.944,4150.813,4176.528,311.0,259.0,245.0,315.0,False,McLaren,4057.156,2020-08-09T13:47:37.202000000,False,None,False,False,4050.112,25.9,56.5,1000.9,False,43.8,4,1.0
92.299,24,MEDIUM,2,28.835,37.9,25.564,None,None,None,5,12,1,True,4268.8,SAI,55,None,None,4205.363,4243.263,4268.827,305.0,249.0,246.0,305.0,False,McLaren,4176.501,2020-08-09T13:49:36.547000000,False,None,False,True,4170.17,26.4,54.7,1000.9,False,44.6,287,1.0
92.515,25,MEDIUM,2,29.049,37.861,25.605,None,None,None,6,12,1,False,4361.315,SAI,55,None,None,4297.876,4335.737,4361.342,292.0,259.0,247.0,294.0,False,McLaren,4268.8,2020-08-09T13:51:08.846000000,False,None,False,True,4230.187,26.5,54.6,1000.9,False,44.6,33,1.8
92.52,26,MEDIUM,2,29.205,37.641,25.674,None,None,None,7,12,1,False,4453.835,SAI,55,None,None,4390.547,4428.188,4453.862,289.0,259.0,245.0,297.0,False,McLaren,4361.315,2020-08-09T13:52:41.361000000,False,None,False,True,4350.19,26.6,54.5,1000.9,False,44.8,7,1.4
92.087,27,MEDIUM,2,29.07,37.664,25.353,None,None,None,8,12,1,True,4545.922,SAI,55,None,None,4482.932,4520.596,4545.949,291.0,260.0,248.0,320.0,False,McLaren,4453.835,2020-08-09T13:54:13.881000000,False,None,False,True,4410.191,26.7,55.0,1000.9,False,44.4,9,3.0
92.554,28,MEDIUM,2,29.005,37.881,25.668,None,None,None,9,12,1,False,4638.476,SAI,55,None,None,4574.954,4612.835,4638.503,303.0,260.0,249.0,326.0,False,McLaren,4545.922,2020-08-09T13:55:45.968000000,False,None,False,True,4530.212,26.2,56.5,1000.8,False,43.2,23,3.3
92.541,29,MEDIUM,2,29.032,37.91,25.599,None,None,None,10,12,1,False,4731.017,SAI,55,None,None,4667.535,4705.445,4731.044,310.0,260.0,249.0,324.0,False,McLaren,4638.476,2020-08-09T13:57:18.522000000,False,None,False,True,4650.232,25.9,56.8,1000.8,False,43.6,21,1.1
92.329,30,MEDIUM,2,28.954,37.794,25.581,None,None,None,11,11,1,False,4823.346,SAI,55,None,None,4759.998,4797.792,4823.373,309.0,260.0,250.0,324.0,False,McLaren,4731.017,2020-08-09T13:58:51.063000000,False,None,False,True,4710.237,25.9,56.5,1000.9,False,43.6,14,1.5
93.227,31,MEDIUM,2,28.993,38.492,25.742,None,None,None,12,9,12,False,4916.573,SAI,55,None,None,4852.366,4890.858,4916.6,324.0,260.0,247.0,318.0,False,McLaren,4823.346,2020-08-09T14:00:23.392000000,False,None,False,True,4830.313,25.8,57.1,1000.8,False,43.6,38,2.0
92.4,32,MEDIUM,2,28.965,37.686,25.749,None,None,None,13,9,1,False,5008.973,SAI,55,None,None,4945.565,4983.251,5009.0,304.0,263.0,250.0,334.0,False,McLaren,4916.573,2020-08-09T14:01:56.619000000,False,None,False,True,4890.265,25.8,57.0,1000.7,False,43.6,23,2.2
92.204,33,MEDIUM,2,28.886,37.732,25.586,None,None,None,14,9,1,False,5101.177,SAI,55,None,None,5037.886,5075.618,5101.204,302.0,260.0,247.0,314.0,False,McLaren,5008.973,2020-08-09T14:03:29.019000000,False,None,False,True,5010.272,25.6,58.2,1000.8,False,43.2,2,2.0
91.686,34,MEDIUM,2,28.894,37.836,24.956,None,None,None,15,9,1,False,5192.863,SAI,55,None,5187.047,5130.098,5167.934,5192.89,304.0,259.0,None,315.0,False,McLaren,5101.177,2020-08-09T14:05:01.223000000,False,None,False,False,5070.281,25.6,57.7,1000.8,False,43.2,14,1.8
110.968,35,HARD,3,48.733,36.961,25.274,None,None,None,1,14,1,False,5303.831,SAI,55,5215.797,None,5241.623,5278.584,5303.858,290.0,263.0,248.0,318.0,True,McLaren,5192.863,2020-08-09T14:06:32.909000000,False,None,False,False,5190.281,26.0,56.8,1000.7,False,43.7,11,1.5
91.287,36,HARD,3,28.535,37.385,25.367,None,None,None,2,13,1,True,5395.118,SAI,55,None,None,5332.393,5369.778,5395.145,310.0,262.0,250.0,321.0,True,McLaren,5303.831,2020-08-09T14:08:23.877000000,False,None,False,True,5250.297,26.5,54.8,1000.7,False,45.1,25,2.4
91.86,37,HARD,3,28.559,37.848,25.453,None,None,None,3,13,1,False,5486.978,SAI,55,None,None,5423.704,5461.552,5487.005,316.0,256.0,250.0,319.0,True,McLaren,5395.118,2020-08-09T14:09:55.164000000,False,None,False,True,5370.329,26.8,54.5,1000.8,False,44.3,17,2.3
91.778,38,HARD,3,28.623,37.577,25.578,None,None,None,4,13,1,False,5578.756,SAI,55,None,None,5515.628,5553.205,5578.783,313.0,261.0,248.0,328.0,True,McLaren,5486.978,2020-08-09T14:11:27.024000000,False,None,False,True,5430.343,26.6,54.9,1000.7,False,44.0,17,3.4
91.739,39,HARD,3,28.781,37.57,25.388,None,None,None,5,13,1,False,5670.495,SAI,55,None,None,5607.564,5645.134,5670.522,310.0,259.0,251.0,322.0,True,McLaren,5578.756,2020-08-09T14:12:58.802000000,False,None,False,True,5550.337,26.4,55.3,1000.7,False,43.7,16,1.5
91.939,40,HARD,3,28.65,37.869,25.42,None,None,None,6,13,1,False,5762.434,SAI,55,None,None,5699.172,5737.041,5762.461,307.0,257.0,250.0,308.0,True,McLaren,5670.495,2020-08-09T14:14:30.541000000,False,None,False,True,5670.376,26.2,56.2,1000.7,False,43.6,2,1.7
91.474,41,HARD,3,28.853,37.279,25.342,None,None,None,7,13,1,False,5853.908,SAI,55,None,None,5791.314,5828.593,5853.935,290.0,258.0,248.0,305.0,True,McLaren,5762.434,2020-08-09T14:16:02.480000000,False,None,False,True,5730.374,26.3,55.7,1000.7,False,43.7,4,1.6
91.186,42,HARD,3,28.813,37.209,25.164,None,None,None,8,13,1,True,5945.094,SAI,55,None,None,5882.748,5919.957,5945.121,292.0,260.0,250.0,304.0,True,McLaren,5853.908,2020-08-09T14:17:33.954000000,False,None,False,True,5850.384,26.4,56.1,1000.7,False,43.7,48,1.8
90.999,43,HARD,3,28.811,37.031,25.157,None,None,None,9,13,1,True,6036.093,SAI,55,None,None,5973.932,6010.963,6036.12,292.0,260.0,249.0,306.0,True,McLaren,5945.094,2020-08-09T14:19:05.140000000,False,None,False,True,5910.382,26.2,56.5,1000.7,False,44.1,245,2.4
90.942,44,HARD,3,28.84,37.019,25.083,None,None,None,10,13,1,True,6127.035,SAI,55,None,None,6064.96,6101.979,6127.062,291.0,261.0,251.0,304.0,True,McLaren,6036.093,2020-08-09T14:20:36.139000000,False,None,False,True,6030.377,26.4,55.2,1000.7,False,44.3,15,2.0
90.847,45,HARD,3,28.727,36.885,25.235,None,None,None,11,13,1,True,6217.882,SAI,55,None,None,6155.789,6192.674,6217.909,293.0,262.0,248.0,313.0,True,McLaren,6127.035,2020-08-09T14:22:07.081000000,False,None,False,True,6090.37,26.2,56.6,1000.8,False,44.3,20,1.4
90.739,46,HARD,3,28.92,36.862,24.957,None,None,None,12,13,1,True,6308.621,SAI,55,None,None,6246.829,6283.691,6308.648,295.0,262.0,252.0,312.0,True,McLaren,6217.882,2020-08-09T14:23:37.928000000,False,None,False,True,6210.391,26.6,55.6,1000.7,False,43.9,28,1.4
90.791,47,HARD,3,28.819,36.891,25.081,None,None,None,13,13,1,False,6399.412,SAI,55,None,None,6337.467,6374.358,6399.439,293.0,262.0,250.0,312.0,True,McLaren,6308.621,2020-08-09T14:25:08.667000000,False,None,False,True,6270.377,26.8,54.3,1000.7,False,43.9,357,3.0
90.864,48,HARD,3,28.909,36.865,25.09,None,None,None,14,13,1,False,6490.276,SAI,55,None,None,6428.348,6465.213,6490.303,293.0,260.0,251.0,307.0,True,McLaren,6399.412,2020-08-09T14:26:39.458000000,False,None,False,True,6330.379,26.3,56.0,1000.6,False,43.7,42,3.1
90.556,49,HARD,3,28.894,36.741,24.921,None,None,None,15,13,1,True,6580.832,SAI,55,None,None,6519.197,6555.938,6580.859,292.0,263.0,253.0,312.0,True,McLaren,6490.276,2020-08-09T14:28:10.322000000,False,None,False,True,6451.381,26.2,56.4,1000.8,False,43.8,357,2.5
91.031,50,HARD,3,28.739,37.113,25.179,None,None,None,16,13,1,False,6671.863,SAI,55,None,None,6609.598,6646.711,6671.89,299.0,258.0,251.0,316.0,True,McLaren,6580.832,2020-08-09T14:29:40.878000000,False,None,False,True,6510.37,26.0,56.5,1000.7,False,43.6,349,2.2
90.695,51,HARD,3,28.797,36.791,25.107,None,None,None,17,13,1,False,6762.558,SAI,55,None,None,6700.687,6737.478,6762.585,298.0,263.0,252.0,333.0,True,McLaren,6671.863,2020-08-09T14:31:11.909000000,False,None,False,True,6630.387,25.9,57.4,1000.7,False,43.2,15,1.8
90.745,52,HARD,3,28.493,36.96,25.292,None,None,None,18,13,1,False,6853.303,SAI,55,None,None,6791.078,6828.038,6853.33,317.0,263.0,252.0,333.0,True,McLaren,6762.558,2020-08-09T14:32:42.604000000,False,None,False,True,6690.398,26.0,57.4,1000.8,False,43.3,337,1.5
96.874,1,MEDIUM,1,None,38.581,25.555,None,None,None,4,5,12,False,2094.114,STR,18,None,None,None,2068.644,2094.262,313.0,255.0,247.0,317.0,False,Racing Point,1997.072,2020-08-09T13:13:17.118000000,False,None,False,False,2010.085,24.2,61.2,1001.1,False,42.9,13,3.2
93.22,2,MEDIUM,1,29.485,37.919,25.816,None,None,None,5,5,1,True,2187.334,STR,18,None,None,2123.636,2161.555,2187.371,293.0,256.0,247.0,313.0,False,Racing Point,2094.114,2020-08-09T13:14:54.160000000,False,None,False,True,2130.084,24.5,61.2,1001.1,False,42.6,5,3.7
92.868,3,MEDIUM,1,29.412,37.868,25.588,None,None,None,6,5,1,True,2280.202,STR,18,None,None,2216.783,2254.651,2280.239,293.0,257.0,247.0,309.0,False,Racing Point,2187.334,2020-08-09T13:16:27.380000000,False,None,False,True,2191.19,24.9,59.9,1001.2,False,42.8,19,1.9
93.207,4,MEDIUM,1,29.481,37.775,25.951,None,None,None,7,5,1,False,2373.409,STR,18,None,None,2309.72,2347.495,2373.446,292.0,255.0,246.0,303.0,False,Racing Point,2280.202,2020-08-09T13:18:00.248000000,False,None,False,True,2310.089,24.9,59.4,1001.0,False,43.1,295,2.0
93.187,5,MEDIUM,1,29.606,37.795,25.786,None,None,None,8,5,1,False,2466.596,STR,18,None,None,2403.052,2440.847,2466.633,288.0,256.0,246.0,302.0,False,Racing Point,2373.409,2020-08-09T13:19:33.455000000,False,None,False,True,2370.085,24.9,59.8,1001.0,False,43.0,11,1.9
93.881,6,MEDIUM,1,29.349,37.669,26.863,None,None,None,9,5,1,False,2560.477,STR,18,None,None,2495.982,2533.651,2560.514,290.0,256.0,244.0,304.0,False,Racing Point,2466.596,2020-08-09T13:21:06.642000000,False,None,False,True,2490.11,25.1,58.7,1001.0,False,43.3,18,2.4
93.24,7,MEDIUM,1,29.694,37.761,25.785,None,None,None,10,5,1,False,2653.717,STR,18,None,None,2590.208,2627.969,2653.754,288.0,255.0,246.0,306.0,False,Racing Point,2560.477,2020-08-09T13:22:40.523000000,False,None,False,True,2610.119,25.1,58.3,1001.0,False,43.1,6,3.0
93.161,8,MEDIUM,1,29.566,37.92,25.675,None,None,None,11,5,1,False,2746.878,STR,18,None,None,2683.32,2721.24,2746.915,290.0,257.0,247.0,307.0,False,Racing Point,2653.717,2020-08-09T13:24:13.763000000,False,None,False,True,2670.103,25.1,58.4,1001.0,False,43.1,285,3.0
93.154,9,MEDIUM,1,29.541,37.759,25.854,None,None,None,12,5,1,False,2840.032,STR,18,None,None,2776.456,2814.215,2840.069,290.0,258.0,247.0,304.0,False,Racing Point,2746.878,2020-08-09T13:25:46.924000000,False,None,False,True,2790.154,25.4,57.8,1000.9,False,43.4,3,2.3
92.657,10,MEDIUM,1,29.5,37.552,25.605,None,None,None,13,5,1,True,2932.689,STR,18,None,None,2869.569,2907.121,2932.726,289.0,257.0,248.0,304.0,False,Racing Point,2840.032,2020-08-09T13:27:20.078000000,False,None,False,True,2850.101,25.5,58.3,1001.0,False,43.8,7,2.1
92.728,11,MEDIUM,1,29.405,37.625,25.698,None,None,None,14,5,1,False,3025.417,STR,18,None,None,2962.131,2999.756,3025.454,292.0,259.0,246.0,305.0,False,Racing Point,2932.689,2020-08-09T13:28:52.735000000,False,None,False,True,2970.13,25.5,58.5,1000.9,False,44.0,22,2.1
92.949,12,MEDIUM,1,29.397,37.851,25.701,None,None,None,15,5,1,False,3118.366,STR,18,None,None,3054.851,3092.702,3118.403,289.0,256.0,245.0,304.0,False,Racing Point,3025.417,2020-08-09T13:30:25.463000000,False,None,False,True,3030.127,25.7,57.3,1000.9,False,44.0,10,3.0
92.626,13,MEDIUM,1,29.445,37.683,25.498,None,None,None,16,5,1,True,3210.992,STR,18,None,None,3147.848,3185.531,3211.029,290.0,256.0,246.0,309.0,False,Racing Point,3118.366,2020-08-09T13:31:58.412000000,False,None,False,True,3150.113,25.7,56.8,1000.9,False,43.5,330,1.3
92.457,14,MEDIUM,1,29.263,37.616,25.578,None,None,None,17,4,1,True,3303.449,STR,18,None,None,3240.292,3277.908,3303.486,293.0,254.0,246.0,310.0,False,Racing Point,3210.992,2020-08-09T13:33:31.038000000,False,None,False,True,3210.123,25.5,57.4,1000.9,False,42.9,343,1.8
91.952,15,MEDIUM,1,29.264,37.359,25.329,None,None,None,18,3,1,True,3395.401,STR,18,None,None,3332.75,3370.109,3395.438,294.0,258.0,247.0,315.0,False,Racing Point,3303.449,2020-08-09T13:35:03.495000000,False,None,False,True,3330.18,25.5,58.3,1000.7,False,43.3,28,2.2
91.994,16,MEDIUM,1,29.144,37.42,25.43,None,None,None,19,2,1,False,3487.395,STR,18,None,None,3424.582,3462.002,3487.432,289.0,257.0,247.0,307.0,False,Racing Point,3395.401,2020-08-09T13:36:35.447000000,False,None,False,True,3390.154,25.4,58.4,1000.9,False,43.5,61,2.3
92.263,17,MEDIUM,1,29.308,37.528,25.427,None,None,None,20,2,1,False,3579.658,STR,18,None,None,3516.74,3554.268,3579.695,290.0,257.0,248.0,308.0,False,Racing Point,3487.395,2020-08-09T13:38:07.441000000,False,None,False,True,3510.14,25.4,58.5,1000.8,False,43.6,29,2.1
91.536,18,MEDIUM,1,29.121,37.519,24.896,None,None,None,21,2,1,False,3671.194,STR,18,None,3665.33,3608.816,3646.335,3671.231,286.0,259.0,None,301.0,False,Racing Point,3579.658,2020-08-09T13:39:39.704000000,False,None,False,False,3570.133,25.2,59.1,1001.0,False,43.6,1,2.4
111.312,19,HARD,2,48.771,37.14,25.401,None,None,None,1,6,1,False,3782.506,STR,18,3693.469,None,3720.002,3757.142,3782.543,290.0,261.0,248.0,309.0,True,Racing Point,3671.194,2020-08-09T13:41:11.240000000,False,None,False,False,3690.124,25.5,58.4,1000.9,False,43.9,6,1.8
92.38,20,HARD,2,29.267,37.519,25.594,None,None,None,2,6,1,False,3874.886,STR,18,None,None,3811.81,3849.329,3874.923,290.0,257.0,247.0,309.0,True,Racing Point,3782.506,2020-08-09T13:43:02.552000000,False,None,False,True,3810.162,25.5,57.8,1000.9,False,43.6,14,2.5
92.392,21,HARD,2,29.16,37.673,25.559,None,None,None,3,6,1,False,3967.278,STR,18,None,None,3904.083,3941.756,3967.315,295.0,256.0,247.0,314.0,True,Racing Point,3874.886,2020-08-09T13:44:34.932000000,False,None,False,True,3870.143,25.6,57.9,1000.8,False,44.0,22,2.3
92.395,22,HARD,2,29.186,37.69,25.519,None,None,None,4,6,1,False,4059.673,STR,18,None,None,3996.501,4034.191,4059.71,296.0,257.0,247.0,314.0,True,Racing Point,3967.278,2020-08-09T13:46:07.324000000,False,None,False,True,3990.133,25.8,56.8,1001.0,False,43.8,13,2.1
92.509,23,HARD,2,29.298,37.602,25.609,None,None,None,5,5,1,False,4152.182,STR,18,None,None,4089.008,4126.61,4152.219,290.0,257.0,247.0,304.0,True,Racing Point,4059.673,2020-08-09T13:47:39.719000000,False,None,False,True,4050.112,25.9,56.5,1000.9,False,43.8,4,1.0
92.24,24,HARD,2,29.131,37.603,25.506,None,None,None,6,5,1,False,4244.422,STR,18,None,None,4181.35,4218.953,4244.459,291.0,259.0,247.0,306.0,True,Racing Point,4152.182,2020-08-09T13:49:12.228000000,False,None,False,True,4170.17,26.4,54.7,1000.9,False,44.6,287,1.0
91.905,25,HARD,2,28.959,37.598,25.348,None,None,None,7,5,1,True,4336.327,STR,18,None,None,4273.418,4311.016,4336.364,293.0,258.0,248.0,309.0,True,Racing Point,4244.422,2020-08-09T13:50:44.468000000,False,None,False,True,4230.187,26.5,54.6,1000.9,False,44.6,33,1.8
91.928,26,HARD,2,29.197,37.372,25.359,None,None,None,8,5,1,False,4428.255,STR,18,None,None,4365.561,4402.933,4428.292,292.0,257.0,248.0,310.0,True,Racing Point,4336.327,2020-08-09T13:52:16.373000000,False,None,False,True,4350.19,26.6,54.5,1000.9,False,44.8,7,1.4
91.546,27,HARD,2,29.112,37.271,25.163,None,None,None,9,5,1,True,4519.801,STR,18,None,None,4457.404,4494.675,4519.838,294.0,259.0,248.0,314.0,True,Racing Point,4428.255,2020-08-09T13:53:48.301000000,False,None,False,True,4410.191,26.7,55.0,1000.9,False,44.4,9,3.0
91.467,28,HARD,2,29.083,37.238,25.146,None,None,None,10,5,1,True,4611.268,STR,18,None,None,4548.921,4586.159,4611.305,293.0,259.0,251.0,317.0,True,Racing Point,4519.801,2020-08-09T13:55:19.847000000,False,None,False,True,4530.212,26.2,56.5,1000.8,False,43.2,23,3.3
91.342,29,HARD,2,28.823,37.189,25.33,None,None,None,11,5,1,True,4702.61,STR,18,None,None,4640.128,4677.317,4702.647,289.0,260.0,250.0,304.0,True,Racing Point,4611.268,2020-08-09T13:56:51.314000000,False,None,False,True,4650.232,25.9,56.8,1000.8,False,43.6,21,1.1
91.043,30,HARD,2,28.952,36.909,25.182,None,None,None,12,5,1,True,4793.653,STR,18,None,None,4731.599,4768.508,4793.69,293.0,262.0,249.0,308.0,True,Racing Point,4702.61,2020-08-09T13:58:22.656000000,False,None,False,True,4710.237,25.9,56.5,1000.9,False,43.6,14,1.5
90.379,31,HARD,2,28.866,36.866,24.647,None,None,None,13,4,12,False,4884.032,STR,18,None,4878.158,4822.556,4859.422,4884.069,289.0,262.0,None,305.0,True,Racing Point,4793.653,2020-08-09T13:59:53.699000000,False,None,False,False,4830.313,25.8,57.1,1000.8,False,43.6,38,2.0
109.924,32,HARD,3,48.025,36.916,24.983,None,None,None,1,6,1,False,4993.956,STR,18,4906.135,None,4932.094,4969.01,4993.993,296.0,261.0,250.0,309.0,True,Racing Point,4884.032,2020-08-09T14:01:24.078000000,False,None,False,False,4890.265,25.8,57.0,1000.7,False,43.6,23,2.2
91.249,33,HARD,3,28.908,37.183,25.158,None,None,None,2,6,1,False,5085.205,STR,18,None,None,5022.901,5060.084,5085.242,293.0,260.0,250.0,309.0,True,Racing Point,4993.956,2020-08-09T14:03:14.002000000,False,None,False,True,5010.272,25.6,58.2,1000.8,False,43.2,2,2.0
90.881,34,HARD,3,28.966,36.779,25.136,None,None,None,3,6,1,True,5176.086,STR,18,None,None,5114.208,5150.987,5176.123,292.0,261.0,248.0,310.0,True,Racing Point,5085.205,2020-08-09T14:04:45.251000000,False,None,False,True,5070.281,25.6,57.7,1000.8,False,43.2,14,1.8
90.958,35,HARD,3,28.792,37.106,25.06,None,None,None,4,6,1,False,5267.044,STR,18,None,None,5204.915,5242.021,5267.081,297.0,260.0,248.0,314.0,True,Racing Point,5176.086,2020-08-09T14:06:16.132000000,False,None,False,True,5190.281,26.0,56.8,1000.7,False,43.7,11,1.5
91.252,36,HARD,3,28.801,37.193,25.258,None,None,None,5,6,1,False,5358.296,STR,18,None,None,5295.882,5333.075,5358.333,294.0,259.0,248.0,307.0,True,Racing Point,5267.044,2020-08-09T14:07:47.090000000,False,None,False,True,5250.297,26.5,54.8,1000.7,False,45.1,25,2.4
91.304,37,HARD,3,29.002,36.97,25.332,None,None,None,6,6,1,False,5449.6,STR,18,None,None,5387.335,5424.305,5449.637,295.0,261.0,249.0,308.0,True,Racing Point,5358.296,2020-08-09T14:09:18.342000000,False,None,False,True,5370.329,26.8,54.5,1000.8,False,44.3,17,2.3
91.501,38,HARD,3,29.059,37.148,25.294,None,None,None,7,6,1,False,5541.101,STR,18,None,None,5478.696,5515.844,5541.138,296.0,260.0,248.0,310.0,True,Racing Point,5449.6,2020-08-09T14:10:49.646000000,False,None,False,True,5430.343,26.6,54.9,1000.7,False,44.0,17,3.4
91.406,39,HARD,3,28.976,37.162,25.268,None,None,None,8,6,1,False,5632.507,STR,18,None,None,5570.114,5607.276,5632.544,295.0,261.0,249.0,310.0,True,Racing Point,5541.101,2020-08-09T14:12:21.147000000,False,None,False,True,5550.337,26.4,55.3,1000.7,False,43.7,16,1.5
91.122,40,HARD,3,28.894,37.137,25.091,None,None,None,9,6,1,False,5723.629,STR,18,None,None,5661.438,5698.575,5723.666,292.0,260.0,250.0,310.0,True,Racing Point,5632.507,2020-08-09T14:13:52.553000000,False,None,False,True,5670.376,26.2,56.2,1000.7,False,43.6,2,1.7
91.43,41,HARD,3,28.974,37.211,25.245,None,None,None,10,6,1,False,5815.059,STR,18,None,None,5752.64,5789.851,5815.096,291.0,259.0,249.0,311.0,True,Racing Point,5723.629,2020-08-09T14:15:23.675000000,False,None,False,True,5730.374,26.3,55.7,1000.7,False,43.7,4,1.6
91.52,42,HARD,3,29.233,36.986,25.301,None,None,None,11,6,1,False,5906.579,STR,18,None,None,5844.329,5881.315,5906.616,290.0,259.0,249.0,311.0,True,Racing Point,5815.059,2020-08-09T14:16:55.105000000,False,None,False,True,5850.384,26.4,56.1,1000.7,False,43.7,48,1.8
91.686,43,HARD,3,29.036,37.364,25.286,None,None,None,12,6,1,False,5998.265,STR,18,None,None,5935.652,5973.016,5998.302,295.0,259.0,248.0,312.0,True,Racing Point,5906.579,2020-08-09T14:18:26.625000000,False,None,False,True,5910.382,26.2,56.5,1000.7,False,44.1,245,2.4
91.67,44,HARD,3,29.043,37.43,25.197,None,None,None,13,6,1,False,6089.935,STR,18,None,None,6027.345,6064.775,6089.972,289.0,260.0,249.0,305.0,True,Racing Point,5998.265,2020-08-09T14:19:58.311000000,False,None,False,True,6030.377,26.4,55.2,1000.7,False,44.3,15,2.0
90.877,45,HARD,3,28.985,36.821,25.071,None,None,None,14,5,1,True,6180.812,STR,18,None,None,6118.957,6155.778,6180.849,299.0,261.0,251.0,313.0,True,Racing Point,6089.935,2020-08-09T14:21:29.981000000,False,None,False,True,6090.37,26.2,56.6,1000.8,False,44.3,20,1.4
90.948,46,HARD,3,28.877,36.87,25.201,None,None,None,15,5,1,False,6271.76,STR,18,None,None,6209.726,6246.596,6271.797,287.0,260.0,250.0,304.0,True,Racing Point,6180.812,2020-08-09T14:23:00.858000000,False,None,False,True,6210.391,26.6,55.6,1000.7,False,43.9,28,1.4
90.962,47,HARD,3,29.034,36.88,25.048,None,None,None,16,5,1,False,6362.722,STR,18,None,None,6300.831,6337.711,6362.759,290.0,262.0,249.0,307.0,True,Racing Point,6271.76,2020-08-09T14:24:31.806000000,False,None,False,True,6270.377,26.8,54.3,1000.7,False,43.9,357,3.0
91.128,48,HARD,3,28.962,37.082,25.084,None,None,None,17,5,1,False,6453.85,STR,18,None,None,6391.721,6428.803,6453.887,291.0,260.0,249.0,307.0,True,Racing Point,6362.722,2020-08-09T14:26:02.768000000,False,None,False,True,6330.379,26.3,56.0,1000.6,False,43.7,42,3.1
91.094,49,HARD,3,29.148,36.957,24.989,None,None,None,18,5,1,False,6544.944,STR,18,None,None,6483.035,6519.992,6544.981,293.0,263.0,250.0,313.0,True,Racing Point,6453.85,2020-08-09T14:27:33.896000000,False,None,False,True,6451.381,26.2,56.4,1000.8,False,43.8,357,2.5
92.345,50,HARD,3,29.049,37.958,25.338,None,None,None,19,6,1,False,6637.289,STR,18,None,None,6574.03,6611.988,6637.326,294.0,261.0,250.0,321.0,True,Racing Point,6544.944,2020-08-09T14:29:04.990000000,False,None,False,True,6510.37,26.0,56.5,1000.7,False,43.6,349,2.2
91.967,51,HARD,3,29.229,37.344,25.394,None,None,None,20,6,1,False,6729.256,STR,18,None,None,6666.555,6703.899,6729.293,293.0,261.0,247.0,308.0,True,Racing Point,6637.289,2020-08-09T14:30:37.335000000,False,None,False,True,6630.387,25.9,57.4,1000.7,False,43.2,15,1.8
92.515,52,HARD,3,29.018,37.716,25.781,None,None,None,21,6,1,False,6821.771,STR,18,None,None,6758.311,6796.027,6821.808,301.0,259.0,245.0,311.0,True,Racing Point,6729.256,2020-08-09T14:32:09.302000000,False,None,False,True,6690.398,26.0,57.4,1000.8,False,43.3,337,1.5
95.298,1,HARD,1,None,37.475,25.546,None,None,None,4,3,12,False,2092.538,VER,33,None,None,None,2067.046,2092.658,297.0,257.0,245.0,305.0,False,Red Bull Racing,1997.072,2020-08-09T13:13:17.118000000,False,None,False,False,2010.085,24.2,61.2,1001.1,False,42.9,13,3.2
91.968,2,HARD,1,29.202,37.476,25.29,None,None,None,5,3,1,True,2184.506,VER,33,None,None,2121.745,2159.221,2184.511,287.0,258.0,248.0,305.0,False,Red Bull Racing,2092.538,2020-08-09T13:14:52.584000000,False,None,False,True,2130.084,24.5,61.2,1001.1,False,42.6,5,3.7
91.972,3,HARD,1,29.072,37.527,25.373,None,None,None,6,3,1,False,2276.478,VER,33,None,None,2213.583,2251.11,2276.483,289.0,259.0,247.0,304.0,False,Red Bull Racing,2184.506,2020-08-09T13:16:24.552000000,False,None,False,True,2191.19,24.9,59.9,1001.2,False,42.8,19,1.9
92.125,4,HARD,1,29.03,37.655,25.44,None,None,None,7,3,1,False,2368.603,VER,33,None,None,2305.513,2343.168,2368.608,289.0,259.0,246.0,301.0,False,Red Bull Racing,2276.478,2020-08-09T13:17:56.524000000,False,None,False,True,2310.089,24.9,59.4,1001.0,False,43.1,295,2.0
92.251,5,HARD,1,29.169,37.646,25.436,None,None,None,8,3,1,False,2460.854,VER,33,None,None,2397.777,2435.423,2460.859,287.0,258.0,247.0,300.0,False,Red Bull Racing,2368.603,2020-08-09T13:19:28.649000000,False,None,False,True,2370.085,24.9,59.8,1001.0,False,43.0,11,1.9
92.045,6,HARD,1,29.02,37.444,25.581,None,None,None,9,3,1,False,2552.899,VER,33,None,None,2489.879,2527.323,2552.904,288.0,258.0,245.0,299.0,False,Red Bull Racing,2460.854,2020-08-09T13:21:00.900000000,False,None,False,True,2490.11,25.1,58.7,1001.0,False,43.3,18,2.4
92.159,7,HARD,1,29.235,37.506,25.418,None,None,None,10,3,1,False,2645.058,VER,33,None,None,2582.139,2619.645,2645.063,286.0,257.0,248.0,300.0,False,Red Bull Racing,2552.899,2020-08-09T13:22:32.945000000,False,None,False,True,2610.119,25.1,58.3,1001.0,False,43.1,6,3.0
92.17,8,HARD,1,29.176,37.592,25.402,None,None,None,11,3,1,False,2737.228,VER,33,None,None,2674.239,2711.831,2737.233,288.0,259.0,248.0,304.0,False,Red Bull Racing,2645.058,2020-08-09T13:24:05.104000000,False,None,False,True,2670.103,25.1,58.4,1001.0,False,43.1,285,3.0
92.449,9,HARD,1,29.262,37.667,25.52,None,None,None,12,3,1,False,2829.677,VER,33,None,None,2766.495,2804.162,2829.682,287.0,259.0,249.0,301.0,False,Red Bull Racing,2737.228,2020-08-09T13:25:37.274000000,False,None,False,True,2790.154,25.4,57.8,1000.9,False,43.4,3,2.3
92.36,10,HARD,1,29.196,37.624,25.54,None,None,None,13,3,1,False,2922.037,VER,33,None,None,2858.878,2896.502,2922.042,292.0,260.0,248.0,304.0,False,Red Bull Racing,2829.677,2020-08-09T13:27:09.723000000,False,None,False,True,2850.101,25.5,58.3,1001.0,False,43.8,7,2.1
92.56,11,HARD,1,29.221,37.793,25.546,None,None,None,14,3,1,False,3014.597,VER,33,None,None,2951.263,2989.056,3014.602,305.0,259.0,246.0,305.0,False,Red Bull Racing,2922.037,2020-08-09T13:28:42.083000000,False,None,False,True,2970.13,25.5,58.5,1000.9,False,44.0,22,2.1
92.942,12,HARD,1,29.158,38.291,25.493,None,None,None,15,3,1,False,3107.539,VER,33,None,None,3043.76,3082.051,3107.544,319.0,253.0,248.0,318.0,False,Red Bull Racing,3014.597,2020-08-09T13:30:14.643000000,False,None,False,True,3030.127,25.7,57.3,1000.9,False,44.0,10,3.0
92.588,13,HARD,1,29.176,37.91,25.502,None,None,None,16,3,1,False,3200.127,VER,33,None,None,3136.72,3174.63,3200.132,315.0,259.0,249.0,330.0,False,Red Bull Racing,3107.539,2020-08-09T13:31:47.585000000,False,None,False,True,3150.113,25.7,56.8,1000.9,False,43.5,330,1.3
92.234,14,HARD,1,29.027,37.984,25.223,None,None,None,17,2,1,False,3292.361,VER,33,None,None,3229.159,3267.143,3292.366,314.0,261.0,249.0,316.0,False,Red Bull Racing,3200.127,2020-08-09T13:33:20.173000000,False,None,False,True,3210.123,25.5,57.4,1000.9,False,42.9,343,1.8
92.096,15,HARD,1,29.34,37.578,25.178,None,None,None,18,1,1,False,3384.457,VER,33,None,None,3321.706,3359.284,3384.462,283.0,259.0,248.0,297.0,False,Red Bull Racing,3292.361,2020-08-09T13:34:52.407000000,False,None,False,True,3330.18,25.5,58.3,1000.7,False,43.3,28,2.2
91.913,16,HARD,1,29.275,37.442,25.196,None,None,None,19,1,1,True,3476.37,VER,33,None,None,3413.737,3451.179,3476.375,284.0,260.0,249.0,297.0,False,Red Bull Racing,3384.457,2020-08-09T13:36:24.503000000,False,None,False,True,3390.154,25.4,58.4,1000.9,False,43.5,61,2.3
91.899,17,HARD,1,29.172,37.541,25.186,None,None,None,20,1,1,True,3568.269,VER,33,None,None,3505.547,3543.088,3568.274,285.0,260.0,249.0,298.0,False,Red Bull Racing,3476.37,2020-08-09T13:37:56.416000000,False,None,False,True,3510.14,25.4,58.5,1000.8,False,43.6,29,2.1
91.759,18,HARD,1,29.026,37.538,25.195,None,None,None,21,1,1,True,3660.028,VER,33,None,None,3597.3,3634.838,3660.033,285.0,261.0,249.0,297.0,False,Red Bull Racing,3568.269,2020-08-09T13:39:28.315000000,False,None,False,True,3570.133,25.2,59.1,1001.0,False,43.6,1,2.4
91.694,19,HARD,1,29.076,37.414,25.204,None,None,None,22,1,1,True,3751.722,VER,33,None,None,3689.109,3726.523,3751.727,284.0,262.0,246.0,297.0,False,Red Bull Racing,3660.028,2020-08-09T13:41:00.074000000,False,None,False,True,3690.124,25.5,58.4,1000.9,False,43.9,6,1.8
91.577,20,HARD,1,29.005,37.278,25.294,None,None,None,23,1,1,True,3843.299,VER,33,None,None,3780.732,3818.01,3843.304,283.0,261.0,247.0,296.0,False,Red Bull Racing,3751.722,2020-08-09T13:42:31.768000000,False,None,False,True,3810.162,25.5,57.8,1000.9,False,43.6,14,2.5
91.531,21,HARD,1,29.025,37.273,25.233,None,None,None,24,1,1,True,3934.83,VER,33,None,None,3872.329,3909.602,3934.835,285.0,261.0,248.0,297.0,False,Red Bull Racing,3843.299,2020-08-09T13:44:03.345000000,False,None,False,True,3870.143,25.6,57.9,1000.8,False,44.0,22,2.3
91.464,22,HARD,1,28.927,37.32,25.217,None,None,None,25,1,1,True,4026.294,VER,33,None,None,3963.762,4001.082,4026.299,287.0,260.0,250.0,298.0,False,Red Bull Racing,3934.83,2020-08-09T13:45:34.876000000,False,None,False,True,3990.133,25.8,56.8,1001.0,False,43.8,13,2.1
91.312,23,HARD,1,28.834,37.217,25.261,None,None,None,26,1,1,True,4117.606,VER,33,None,None,4055.133,4092.35,4117.611,290.0,261.0,249.0,301.0,False,Red Bull Racing,4026.294,2020-08-09T13:47:06.340000000,False,None,False,True,4050.112,25.9,56.5,1000.9,False,43.8,4,1.0
91.334,24,HARD,1,28.884,37.297,25.153,None,None,None,27,1,1,False,4208.94,VER,33,None,None,4146.495,4183.792,4208.945,297.0,261.0,249.0,295.0,False,Red Bull Racing,4117.606,2020-08-09T13:48:37.652000000,False,None,False,True,4170.17,26.4,54.7,1000.9,False,44.6,287,1.0
91.082,25,HARD,1,28.927,37.153,25.002,None,None,None,28,1,1,True,4300.022,VER,33,None,None,4237.872,4275.025,4300.027,287.0,263.0,250.0,297.0,False,Red Bull Racing,4208.94,2020-08-09T13:50:08.986000000,False,None,False,True,4230.187,26.5,54.6,1000.9,False,44.6,33,1.8
90.444,26,HARD,1,28.932,36.93,24.582,None,None,None,29,1,1,False,4390.466,VER,33,None,4384.592,4328.959,4365.889,4390.471,289.0,261.0,None,303.0,False,Red Bull Racing,4300.022,2020-08-09T13:51:40.068000000,False,None,False,False,4350.19,26.6,54.5,1000.9,False,44.8,7,1.4
111.114,27,MEDIUM,2,49.488,36.532,25.094,None,None,None,1,1,1,False,4501.58,VER,33,4413.73,None,4439.959,4476.491,4501.585,324.0,266.0,249.0,297.0,True,Red Bull Racing,4390.466,2020-08-09T13:53:10.512000000,False,None,False,False,4410.191,26.7,55.0,1000.9,False,44.4,9,3.0
91.598,28,MEDIUM,2,28.9,37.617,25.081,None,None,None,2,1,1,False,4593.178,VER,33,None,None,4530.485,4568.102,4593.183,284.0,264.0,251.0,298.0,True,Red Bull Racing,4501.58,2020-08-09T13:55:01.626000000,False,None,False,True,4530.212,26.2,56.5,1000.8,False,43.2,23,3.3
91.294,29,MEDIUM,2,28.849,37.46,24.985,None,None,None,3,1,1,False,4684.472,VER,33,None,None,4622.032,4659.492,4684.477,285.0,264.0,251.0,300.0,True,Red Bull Racing,4593.178,2020-08-09T13:56:33.224000000,False,None,False,True,4650.232,25.9,56.8,1000.8,False,43.6,21,1.1
90.545,30,MEDIUM,2,28.659,36.808,25.078,None,None,None,4,1,1,True,4775.017,VER,33,None,None,4713.136,4749.944,4775.022,285.0,266.0,252.0,299.0,True,Red Bull Racing,4684.472,2020-08-09T13:58:04.518000000,False,None,False,True,4710.237,25.9,56.5,1000.9,False,43.6,14,1.5
90.361,31,MEDIUM,2,28.639,36.865,24.857,None,None,None,5,1,12,True,4865.378,VER,33,None,None,4803.661,4840.526,4865.383,286.0,266.0,251.0,298.0,True,Red Bull Racing,4775.017,2020-08-09T13:59:35.063000000,False,None,False,True,4830.313,25.8,57.1,1000.8,False,43.6,38,2.0
89.666,32,MEDIUM,2,28.48,36.743,24.443,None,None,None,6,1,1,False,4955.044,VER,33,None,4949.166,4893.863,4930.606,4955.049,287.0,264.0,None,299.0,True,Red Bull Racing,4865.378,2020-08-09T14:01:05.424000000,False,None,False,False,4890.265,25.8,57.0,1000.7,False,43.6,23,2.2
111.315,33,HARD,3,49.52,36.652,25.143,None,None,None,1,2,1,False,5066.359,VER,33,4978.174,None,5004.569,5041.221,5066.364,285.0,265.0,253.0,294.0,True,Red Bull Racing,4955.044,2020-08-09T14:02:35.090000000,False,None,False,False,5010.272,25.6,58.2,1000.8,False,43.2,2,2.0
90.892,34,HARD,3,28.702,37.032,25.158,None,None,None,2,2,1,False,5157.251,VER,33,None,None,5095.066,5132.098,5157.256,285.0,266.0,252.0,297.0,True,Red Bull Racing,5066.359,2020-08-09T14:04:26.405000000,False,None,False,True,5070.281,25.6,57.7,1000.8,False,43.2,14,1.8
90.809,35,HARD,3,28.808,36.952,25.049,None,None,None,3,2,1,False,5248.06,VER,33,None,None,5186.064,5223.016,5248.065,287.0,265.0,251.0,303.0,True,Red Bull Racing,5157.251,2020-08-09T14:05:57.297000000,False,None,False,True,5190.281,26.0,56.8,1000.7,False,43.7,11,1.5
90.985,36,HARD,3,28.671,37.149,25.165,None,None,None,4,2,1,False,5339.045,VER,33,None,None,5276.736,5313.885,5339.05,287.0,266.0,250.0,295.0,True,Red Bull Racing,5248.06,2020-08-09T14:07:28.106000000,False,None,False,True,5250.297,26.5,54.8,1000.7,False,45.1,25,2.4
90.791,37,HARD,3,28.866,36.9,25.025,None,None,None,5,2,1,False,5429.836,VER,33,None,None,5367.916,5404.816,5429.841,288.0,265.0,251.0,295.0,True,Red Bull Racing,5339.045,2020-08-09T14:08:59.091000000,False,None,False,True,5370.329,26.8,54.5,1000.8,False,44.3,17,2.3
90.471,38,HARD,3,28.729,36.823,24.919,None,None,None,6,2,1,False,5520.307,VER,33,None,None,5458.57,5495.393,5520.312,288.0,265.0,253.0,295.0,True,Red Bull Racing,5429.836,2020-08-09T14:10:29.882000000,False,None,False,True,5430.343,26.6,54.9,1000.7,False,44.0,17,3.4
90.682,39,HARD,3,28.744,36.953,24.985,None,None,None,7,2,1,False,5610.989,VER,33,None,None,5549.056,5586.009,5610.994,287.0,265.0,253.0,296.0,True,Red Bull Racing,5520.307,2020-08-09T14:12:00.353000000,False,None,False,True,5550.337,26.4,55.3,1000.7,False,43.7,16,1.5
90.174,40,HARD,3,28.792,36.573,24.809,None,None,None,8,2,1,True,5701.163,VER,33,None,None,5639.786,5676.359,5701.168,287.0,268.0,253.0,306.0,True,Red Bull Racing,5610.989,2020-08-09T14:13:31.035000000,False,None,False,True,5670.376,26.2,56.2,1000.7,False,43.6,2,1.7
90.153,41,HARD,3,28.602,36.422,25.129,None,None,None,9,2,1,True,5791.316,VER,33,None,None,5729.77,5766.192,5791.321,286.0,266.0,253.0,303.0,True,Red Bull Racing,5701.163,2020-08-09T14:15:01.209000000,False,None,False,True,5730.374,26.3,55.7,1000.7,False,43.7,4,1.6
90.102,42,HARD,3,28.635,36.542,24.925,None,None,None,10,1,1,True,5881.418,VER,33,None,None,5819.956,5856.498,5881.423,289.0,266.0,253.0,298.0,True,Red Bull Racing,5791.316,2020-08-09T14:16:31.362000000,False,None,False,True,5850.384,26.4,56.1,1000.7,False,43.7,48,1.8
90.16,43,HARD,3,28.742,36.54,24.878,None,None,None,11,1,1,False,5971.578,VER,33,None,None,5910.165,5946.705,5971.583,286.0,267.0,254.0,297.0,True,Red Bull Racing,5881.418,2020-08-09T14:18:01.464000000,False,None,False,True,5910.382,26.2,56.5,1000.7,False,44.1,245,2.4
89.54,44,HARD,3,28.494,36.368,24.678,None,None,None,12,1,1,True,6061.118,VER,33,None,None,6000.077,6036.445,6061.123,287.0,266.0,254.0,300.0,True,Red Bull Racing,5971.578,2020-08-09T14:19:31.624000000,False,None,False,True,6030.377,26.4,55.2,1000.7,False,44.3,15,2.0
89.822,45,HARD,3,28.392,36.667,24.763,None,None,None,13,1,1,False,6150.94,VER,33,None,None,6089.515,6126.182,6150.945,291.0,268.0,255.0,316.0,True,Red Bull Racing,6061.118,2020-08-09T14:21:01.164000000,False,None,False,True,6090.37,26.2,56.6,1000.8,False,44.3,20,1.4
89.465,46,HARD,3,28.396,36.497,24.572,None,None,None,14,1,1,True,6240.405,VER,33,None,None,6179.341,6215.838,6240.41,293.0,269.0,252.0,300.0,True,Red Bull Racing,6150.94,2020-08-09T14:22:30.986000000,False,None,False,True,6210.391,26.6,55.6,1000.7,False,43.9,28,1.4
89.578,47,HARD,3,28.691,36.161,24.726,None,None,None,15,1,1,False,6329.983,VER,33,None,None,6269.101,6305.262,6329.988,284.0,268.0,253.0,297.0,True,Red Bull Racing,6240.405,2020-08-09T14:24:00.451000000,False,None,False,True,6270.377,26.8,54.3,1000.7,False,43.9,357,3.0
89.54,48,HARD,3,28.55,36.256,24.734,None,None,None,16,1,1,False,6419.523,VER,33,None,None,6358.538,6394.794,6419.528,287.0,267.0,254.0,299.0,True,Red Bull Racing,6329.983,2020-08-09T14:25:30.029000000,False,None,False,True,6330.379,26.3,56.0,1000.6,False,43.7,42,3.1
89.523,49,HARD,3,28.516,36.263,24.744,None,None,None,17,1,1,False,6509.046,VER,33,None,None,6448.044,6484.307,6509.051,287.0,267.0,254.0,299.0,True,Red Bull Racing,6419.523,2020-08-09T14:26:59.569000000,False,None,False,True,6451.381,26.2,56.4,1000.8,False,43.8,357,2.5
89.629,50,HARD,3,28.628,36.302,24.699,None,None,None,18,1,1,False,6598.675,VER,33,None,None,6537.679,6573.981,6598.68,290.0,268.0,254.0,299.0,True,Red Bull Racing,6509.046,2020-08-09T14:28:29.092000000,False,None,False,True,6510.37,26.0,56.5,1000.7,False,43.6,349,2.2
90.013,51,HARD,3,28.63,36.508,24.875,None,None,None,19,1,1,False,6688.688,VER,33,None,None,6627.31,6663.818,6688.693,286.0,266.0,253.0,299.0,True,Red Bull Racing,6598.675,2020-08-09T14:29:58.721000000,False,None,False,True,6630.387,25.9,57.4,1000.7,False,43.2,15,1.8
90.545,52,HARD,3,28.769,36.758,25.018,None,None,None,20,1,1,False,6779.233,VER,33,None,None,6717.462,6754.22,6779.238,288.0,268.0,239.0,298.0,True,Red Bull Racing,6688.688,2020-08-09T14:31:28.734000000,False,None,False,True,6690.398,26.0,57.4,1000.8,False,43.3,337,1.5
105.844,1,HARD,1,None,39.016,26.101,None,None,None,2,20,12,False,2103.084,VET,5,None,None,None,2077.097,2103.228,294.0,257.0,245.0,314.0,False,Ferrari,1997.072,2020-08-09T13:13:17.118000000,False,None,False,False,2010.085,24.2,61.2,1001.1,False,42.9,13,3.2
95.237,2,HARD,1,29.738,39.542,25.957,None,None,None,3,19,1,True,2198.321,VET,5,None,None,2132.822,2172.364,2198.321,295.0,257.0,248.0,316.0,False,Ferrari,2103.084,2020-08-09T13:15:03.130000000,False,None,False,True,2130.084,24.5,61.2,1001.1,False,42.6,5,3.7
95.024,3,HARD,1,29.299,39.458,26.267,None,None,None,4,19,1,True,2293.345,VET,5,None,None,2227.62,2267.078,2293.345,320.0,258.0,244.0,348.0,False,Ferrari,2198.321,2020-08-09T13:16:38.367000000,False,None,False,True,2191.19,24.9,59.9,1001.2,False,42.8,19,1.9
95.343,4,HARD,1,29.716,39.46,26.167,None,None,None,5,18,1,False,2388.688,VET,5,None,None,2323.061,2362.521,2388.688,323.0,258.0,245.0,332.0,False,Ferrari,2293.345,2020-08-09T13:18:13.391000000,False,None,False,True,2310.089,24.9,59.4,1001.0,False,43.1,295,2.0
94.811,5,HARD,1,29.571,39.202,26.038,None,None,None,6,18,1,True,2483.499,VET,5,None,None,2418.259,2457.461,2483.499,312.0,257.0,245.0,335.0,False,Ferrari,2388.688,2020-08-09T13:19:48.734000000,False,None,False,True,2370.085,24.9,59.8,1001.0,False,43.0,11,1.9
94.296,6,HARD,1,29.455,38.751,26.09,None,None,None,7,18,1,True,2577.795,VET,5,None,None,2512.954,2551.705,2577.795,316.0,258.0,245.0,339.0,False,Ferrari,2483.499,2020-08-09T13:21:23.545000000,False,None,False,True,2490.11,25.1,58.7,1001.0,False,43.3,18,2.4
94.683,7,HARD,1,29.629,39.06,25.994,None,None,None,8,17,1,False,2672.478,VET,5,None,None,2607.424,2646.484,2672.478,321.0,257.0,246.0,339.0,False,Ferrari,2577.795,2020-08-09T13:22:57.841000000,False,None,False,True,2610.119,25.1,58.3,1001.0,False,43.1,6,3.0
93.913,8,HARD,1,29.455,38.777,25.681,None,None,None,9,15,1,True,2766.391,VET,5,None,None,2701.933,2740.71,2766.391,314.0,260.0,246.0,341.0,False,Ferrari,2672.478,2020-08-09T13:24:32.524000000,False,None,False,True,2670.103,25.1,58.4,1001.0,False,43.1,285,3.0
93.687,9,HARD,1,29.424,38.266,25.997,None,None,None,10,14,1,True,2860.078,VET,5,None,None,2795.815,2834.081,2860.078,296.0,256.0,245.0,318.0,False,Ferrari,2766.391,2020-08-09T13:26:06.437000000,False,None,False,True,2790.154,25.4,57.8,1000.9,False,43.4,3,2.3
93.588,10,HARD,1,29.362,38.37,25.856,None,None,None,11,13,1,True,2953.666,VET,5,None,None,2889.44,2927.81,2953.666,309.0,257.0,242.0,327.0,False,Ferrari,2860.078,2020-08-09T13:27:40.124000000,False,None,False,True,2850.101,25.5,58.3,1001.0,False,43.8,7,2.1
93.524,11,HARD,1,29.413,38.194,25.917,None,None,None,12,13,1,True,3047.19,VET,5,None,None,2983.079,3021.273,3047.19,307.0,261.0,245.0,333.0,False,Ferrari,2953.666,2020-08-09T13:29:13.712000000,False,None,False,True,2970.13,25.5,58.5,1000.9,False,44.0,22,2.1
93.034,12,HARD,1,29.191,38.258,25.585,None,None,None,13,13,1,True,3140.224,VET,5,None,None,3076.381,3114.639,3140.224,310.0,257.0,245.0,321.0,False,Ferrari,3047.19,2020-08-09T13:30:47.236000000,False,None,False,True,3030.127,25.7,57.3,1000.9,False,44.0,10,3.0
93.15,13,HARD,1,28.897,38.672,25.581,None,None,None,14,12,1,False,3233.374,VET,5,None,None,3169.121,3207.793,3233.374,319.0,261.0,248.0,334.0,False,Ferrari,3140.224,2020-08-09T13:32:20.270000000,False,None,False,True,3150.113,25.7,56.8,1000.9,False,43.5,330,1.3
93.103,14,HARD,1,29.282,38.168,25.653,None,None,None,15,12,1,False,3326.477,VET,5,None,None,3262.656,3300.824,3326.477,312.0,260.0,248.0,325.0,False,Ferrari,3233.374,2020-08-09T13:33:53.420000000,False,None,False,True,3210.123,25.5,57.4,1000.9,False,42.9,343,1.8
93.538,15,HARD,1,29.126,38.666,25.746,None,None,None,16,12,1,False,3420.015,VET,5,None,None,3355.603,3394.269,3420.015,323.0,260.0,246.0,330.0,False,Ferrari,3326.477,2020-08-09T13:35:26.523000000,False,None,False,True,3330.18,25.5,58.3,1000.7,False,43.3,28,2.2
93.321,16,HARD,1,29.093,38.659,25.569,None,None,None,17,12,1,False,3513.336,VET,5,None,None,3449.108,3487.767,3513.336,316.0,258.0,247.0,328.0,False,Ferrari,3420.015,2020-08-09T13:37:00.061000000,False,None,False,True,3390.154,25.4,58.4,1000.9,False,43.5,61,2.3
92.591,17,HARD,1,29.044,38.047,25.5,None,None,None,18,11,1,True,3605.927,VET,5,None,None,3542.38,3580.427,3605.927,320.0,257.0,248.0,311.0,False,Ferrari,3513.336,2020-08-09T13:38:33.382000000,False,None,False,True,3510.14,25.4,58.5,1000.8,False,43.6,29,2.1
92.595,18,HARD,1,29.197,37.836,25.562,None,None,None,19,11,1,False,3698.522,VET,5,None,None,3635.124,3672.96,3698.522,290.0,258.0,247.0,307.0,False,Ferrari,3605.927,2020-08-09T13:40:05.973000000,False,None,False,True,3570.133,25.2,59.1,1001.0,False,43.6,1,2.4
92.565,19,HARD,1,29.07,37.871,25.624,None,None,None,20,10,1,True,3791.087,VET,5,None,None,3727.592,3765.463,3791.087,296.0,256.0,246.0,310.0,False,Ferrari,3698.522,2020-08-09T13:41:38.568000000,False,None,False,True,3690.124,25.5,58.4,1000.9,False,43.9,6,1.8
92.195,20,HARD,1,29.127,37.561,25.507,None,None,None,21,9,1,True,3883.282,VET,5,None,None,3820.214,3857.775,3883.282,298.0,257.0,247.0,313.0,False,Ferrari,3791.087,2020-08-09T13:43:11.133000000,False,None,False,True,3810.162,25.5,57.8,1000.9,False,43.6,14,2.5
92.312,21,HARD,1,29.105,37.648,25.559,None,None,None,22,9,1,False,3975.594,VET,5,None,None,3912.387,3950.035,3975.594,296.0,256.0,248.0,311.0,False,Ferrari,3883.282,2020-08-09T13:44:43.328000000,False,None,False,True,3870.143,25.6,57.9,1000.8,False,44.0,22,2.3
91.51,22,HARD,1,28.925,37.633,24.952,None,None,None,23,9,1,False,4067.104,VET,5,None,4061.269,4004.519,4042.152,4067.104,298.0,256.0,None,312.0,False,Ferrari,3975.594,2020-08-09T13:46:15.640000000,False,None,False,False,3990.133,25.8,56.8,1001.0,False,43.8,13,2.1
112.078,23,HARD,2,48.768,37.768,25.542,None,None,None,1,15,1,False,4179.182,VET,5,4089.409,None,4115.872,4153.64,4179.182,301.0,258.0,247.0,310.0,True,Ferrari,4067.104,2020-08-09T13:47:47.150000000,False,None,False,False,4050.112,25.9,56.5,1000.9,False,43.8,4,1.0
92.197,24,HARD,2,28.86,38.197,25.14,None,None,None,2,13,1,False,4271.379,VET,5,None,None,4208.042,4246.239,4271.379,300.0,262.0,248.0,330.0,True,Ferrari,4179.182,2020-08-09T13:49:39.228000000,False,None,False,True,4170.17,26.4,54.7,1000.9,False,44.6,287,1.0
91.817,25,HARD,2,28.933,37.605,25.279,None,None,None,3,13,1,True,4363.196,VET,5,None,None,4300.312,4337.917,4363.196,294.0,258.0,249.0,308.0,True,Ferrari,4271.379,2020-08-09T13:51:11.425000000,False,None,False,True,4230.187,26.5,54.6,1000.9,False,44.6,33,1.8
91.77,26,HARD,2,28.861,37.582,25.327,None,None,None,4,13,1,True,4454.966,VET,5,None,None,4392.057,4429.639,4454.966,300.0,257.0,249.0,317.0,True,Ferrari,4363.196,2020-08-09T13:52:43.242000000,False,None,False,True,4350.19,26.6,54.5,1000.9,False,44.8,7,1.4
91.89,27,HARD,2,28.908,37.776,25.206,None,None,None,5,13,1,False,4546.856,VET,5,None,None,4483.874,4521.65,4546.856,302.0,260.0,250.0,321.0,True,Ferrari,4454.966,2020-08-09T13:54:15.012000000,False,None,False,True,4410.191,26.7,55.0,1000.9,False,44.4,9,3.0
92.305,28,HARD,2,28.769,37.914,25.622,None,None,None,6,13,1,False,4639.161,VET,5,None,None,4575.625,4613.539,4639.161,319.0,256.0,249.0,339.0,True,Ferrari,4546.856,2020-08-09T13:55:46.902000000,False,None,False,True,4530.212,26.2,56.5,1000.8,False,43.2,23,3.3
92.465,29,HARD,2,28.799,38.015,25.651,None,None,None,7,13,1,False,4731.626,VET,5,None,None,4667.96,4705.975,4731.626,324.0,263.0,249.0,343.0,True,Ferrari,4639.161,2020-08-09T13:57:19.207000000,False,None,False,True,4650.232,25.9,56.8,1000.8,False,43.6,21,1.1
92.36,30,HARD,2,28.812,37.962,25.586,None,None,None,8,12,1,False,4823.986,VET,5,None,None,4760.438,4798.4,4823.986,322.0,262.0,249.0,341.0,True,Ferrari,4731.626,2020-08-09T13:58:51.672000000,False,None,False,True,4710.237,25.9,56.5,1000.9,False,43.6,14,1.5
93.172,31,HARD,2,29.137,38.337,25.698,None,None,None,9,10,12,False,4917.158,VET,5,None,None,4853.123,4891.46,4917.158,319.0,260.0,250.0,336.0,True,Ferrari,4823.986,2020-08-09T14:00:24.032000000,False,None,False,True,4830.313,25.8,57.1,1000.8,False,43.6,38,2.0
92.528,32,HARD,2,28.882,37.994,25.652,None,None,None,10,10,1,False,5009.686,VET,5,None,None,4946.04,4984.034,5009.686,320.0,261.0,250.0,334.0,True,Ferrari,4917.158,2020-08-09T14:01:57.204000000,False,None,False,True,4890.265,25.8,57.0,1000.7,False,43.6,23,2.2
91.585,33,HARD,2,28.748,37.891,24.946,None,None,None,11,10,1,False,5101.271,VET,5,None,5095.414,5038.434,5076.325,5101.271,319.0,260.0,None,337.0,True,Ferrari,5009.686,2020-08-09T14:03:29.732000000,False,None,False,False,5010.272,25.6,58.2,1000.8,False,43.2,2,2.0
110.675,34,MEDIUM,3,48.518,37.135,25.022,None,None,None,4,14,1,False,5211.946,VET,5,5123.822,None,5149.789,5186.924,5211.946,298.0,260.0,250.0,313.0,False,Ferrari,5101.271,2020-08-09T14:05:01.317000000,False,None,False,False,5070.281,25.6,57.7,1000.8,False,43.2,14,1.8
91.13,35,MEDIUM,3,28.568,37.323,25.239,None,None,None,5,13,1,True,5303.076,VET,5,None,None,5240.514,5277.837,5303.076,295.0,260.0,249.0,309.0,False,Ferrari,5211.946,2020-08-09T14:06:51.992000000,False,None,False,True,5190.281,26.0,56.8,1000.7,False,43.7,11,1.5
91.494,36,MEDIUM,3,28.499,37.527,25.468,None,None,None,6,12,1,False,5394.57,VET,5,None,None,5331.575,5369.102,5394.57,314.0,262.0,248.0,330.0,False,Ferrari,5303.076,2020-08-09T14:08:23.122000000,True,TRACK LIMITS AT TURN 15,False,True,5250.297,26.5,54.8,1000.7,False,45.1,25,2.4
91.864,37,MEDIUM,3,28.519,37.844,25.501,None,None,None,7,12,1,False,5486.434,VET,5,None,None,5423.089,5460.933,5486.434,322.0,264.0,249.0,331.0,False,Ferrari,5394.57,2020-08-09T14:09:54.616000000,True,TRACK LIMITS AT TURN 15,False,True,5370.329,26.8,54.5,1000.8,False,44.3,17,2.3
91.726,38,MEDIUM,3,28.512,37.736,25.478,None,None,None,8,12,1,False,5578.16,VET,5,None,None,5514.946,5552.682,5578.16,317.0,263.0,249.0,329.0,False,Ferrari,5486.434,2020-08-09T14:11:26.480000000,False,None,False,True,5430.343,26.6,54.9,1000.7,False,44.0,17,3.4
91.616,39,MEDIUM,3,28.565,37.612,25.439,None,None,None,9,12,1,False,5669.776,VET,5,None,None,5606.725,5644.337,5669.776,314.0,260.0,250.0,329.0,False,Ferrari,5578.16,2020-08-09T14:12:58.206000000,False,None,False,True,5550.337,26.4,55.3,1000.7,False,43.7,16,1.5
91.473,40,MEDIUM,3,28.455,37.653,25.365,None,None,None,10,12,1,False,5761.249,VET,5,None,None,5698.231,5735.884,5761.249,315.0,254.0,250.0,330.0,False,Ferrari,5669.776,2020-08-09T14:14:29.822000000,False,None,False,True,5670.376,26.2,56.2,1000.7,False,43.6,2,1.7
91.156,41,MEDIUM,3,28.503,37.407,25.246,None,None,None,11,12,1,False,5852.405,VET,5,None,None,5789.752,5827.159,5852.405,315.0,262.0,250.0,332.0,False,Ferrari,5761.249,2020-08-09T14:16:01.295000000,False,None,False,True,5730.374,26.3,55.7,1000.7,False,43.7,4,1.6
91.326,42,MEDIUM,3,28.542,37.543,25.241,None,None,None,12,12,1,False,5943.731,VET,5,None,None,5880.947,5918.49,5943.731,316.0,259.0,252.0,330.0,False,Ferrari,5852.405,2020-08-09T14:17:32.451000000,False,None,False,True,5850.384,26.4,56.1,1000.7,False,43.7,48,1.8
90.95,43,MEDIUM,3,28.472,37.434,25.044,None,None,None,13,12,1,True,6034.681,VET,5,None,None,5972.203,6009.637,6034.681,317.0,262.0,251.0,330.0,False,Ferrari,5943.731,2020-08-09T14:19:03.777000000,False,None,False,True,5910.382,26.2,56.5,1000.7,False,44.1,245,2.4
91.002,44,MEDIUM,3,28.455,37.429,25.118,None,None,None,14,12,1,False,6125.683,VET,5,None,None,6063.136,6100.565,6125.683,313.0,262.0,252.0,329.0,False,Ferrari,6034.681,2020-08-09T14:20:34.727000000,False,None,False,True,6030.377,26.4,55.2,1000.7,False,44.3,15,2.0
91.029,45,MEDIUM,3,28.544,37.335,25.15,None,None,None,15,12,1,False,6216.712,VET,5,None,None,6154.227,6191.562,6216.712,313.0,259.0,250.0,329.0,False,Ferrari,6125.683,2020-08-09T14:22:05.729000000,False,None,False,True,6090.37,26.2,56.6,1000.8,False,44.3,20,1.4
90.866,46,MEDIUM,3,28.599,37.262,25.005,None,None,None,16,12,1,True,6307.578,VET,5,None,None,6245.311,6282.573,6307.578,316.0,262.0,250.0,329.0,False,Ferrari,6216.712,2020-08-09T14:23:36.758000000,False,None,False,True,6210.391,26.6,55.6,1000.7,False,43.9,28,1.4
90.872,47,MEDIUM,3,28.484,37.311,25.077,None,None,None,17,12,1,False,6398.45,VET,5,None,None,6336.062,6373.373,6398.45,317.0,264.0,252.0,332.0,False,Ferrari,6307.578,2020-08-09T14:25:07.624000000,False,None,False,True,6270.377,26.8,54.3,1000.7,False,43.9,357,3.0
90.914,48,MEDIUM,3,28.688,37.22,25.006,None,None,None,18,12,1,False,6489.364,VET,5,None,None,6427.138,6464.358,6489.364,314.0,262.0,252.0,329.0,False,Ferrari,6398.45,2020-08-09T14:26:38.496000000,False,None,False,True,6330.379,26.3,56.0,1000.6,False,43.7,42,3.1
90.785,49,MEDIUM,3,28.504,37.138,25.143,None,None,None,19,12,1,True,6580.149,VET,5,None,None,6517.868,6555.006,6580.149,315.0,262.0,251.0,331.0,False,Ferrari,6489.364,2020-08-09T14:28:09.410000000,False,None,False,True,6451.381,26.2,56.4,1000.8,False,43.8,357,2.5
90.82,50,MEDIUM,3,28.66,37.048,25.112,None,None,None,20,12,1,False,6670.969,VET,5,None,None,6608.809,6645.857,6670.969,305.0,261.0,251.0,314.0,False,Ferrari,6580.149,2020-08-09T14:29:40.195000000,False,None,False,True,6510.37,26.0,56.5,1000.7,False,43.6,349,2.2
90.802,51,MEDIUM,3,28.743,37.001,25.058,None,None,None,21,12,1,False,6761.771,VET,5,None,None,6699.712,6736.713,6761.771,295.0,262.0,252.0,314.0,False,Ferrari,6670.969,2020-08-09T14:31:11.015000000,False,None,False,True,6630.387,25.9,57.4,1000.7,False,43.2,15,1.8
90.832,52,MEDIUM,3,28.6,37.043,25.189,None,None,None,22,12,1,False,6852.603,VET,5,None,None,6790.371,6827.414,6852.603,297.0,262.0,250.0,306.0,False,Ferrari,6761.771,2020-08-09T14:32:41.817000000,False,None,False,True,6690.398,26.0,57.4,1000.8,False,43.3,337,1.5
