Time,Driver,DriverNumber,LapTime,LapNumber,Stint,PitOutTime,PitInTime,Sector1Time,Sector2Time,Sector3Time,Sector1SessionTime,Sector2SessionTime,Sector3SessionTime,SpeedI1,SpeedI2,SpeedFL,SpeedST,IsPersonalBest,Compound,TyreLife,FreshTyre,Team,LapStartTime,LapStartDate,TrackStatus,Position,Deleted,DeletedReason,FastF1Generated,IsAccurate,Year,RoundNumber
0 days 01:29:33.539000,GAS,10,0 days 00:01:47.175000,37.0,1.0,,0 days 01:29:16.003000,0 days 00:00:30.115000,0 days 00:00:23.770000,0 days 00:00:53.290000,0 days 01:28:16.516000,0 days 01:28:40.286000,0 days 01:29:33.576000,273.0,288.0,,294.0,False,MEDIUM,37.0,True,Red Bull Racing,0 days 01:27:46.364000,,1,10.0,,,False,False,2019,1
0 days 01:31:07.690000,GAS,10,0 days 00:01:34.151000,38.0,2.0,0 days 01:29:36.336000,,0 days 00:00:35.943000,0 days 00:00:23.612000,0 days 00:00:34.596000,0 days 01:30:09.519000,0 days 01:30:33.131000,0 days 01:31:07.727000,269.0,283.0,300.0,224.0,False,SOFT,1.0,True,Red Bull Racing,0 days 01:29:33.539000,,1,11.0,,,False,False,2019,1
0 days 00:53:49.131000,PER,11,0 days 00:01:50.063000,13.0,1.0,,0 days 00:53:31.147000,0 days 00:00:30.277000,0 days 00:00:23.949000,0 days 00:00:55.837000,0 days 00:52:29.370000,0 days 00:52:53.319000,0 days 00:53:49.156000,269.0,286.0,,299.0,False,SOFT,16.0,False,Racing Point,0 days 00:51:59.068000,,1,16.0,,,False,False,2019,1
0 days 00:55:24.070000,PER,11,0 days 00:01:34.939000,14.0,2.0,0 days 00:53:51.873000,,0 days 00:00:35.962000,0 days 00:00:23.484000,0 days 00:00:35.493000,0 days 00:54:25.118000,0 days 00:54:48.602000,0 days 00:55:24.095000,269.0,286.0,287.0,225.0,False,HARD,1.0,True,Racing Point,0 days 00:53:49.131000,,1,17.0,,,False,False,2019,1
0 days 01:15:46.216000,LEC,16,0 days 00:01:47.729000,28.0,1.0,,0 days 01:15:27.249000,0 days 00:00:29.850000,0 days 00:00:23.913000,0 days 00:00:53.966000,0 days 01:14:28.369000,0 days 01:14:52.282000,0 days 01:15:46.248000,264.0,272.0,,280.0,False,SOFT,31.0,False,Ferrari,0 days 01:13:58.487000,,1,5.0,,,False,False,2019,1
0 days 01:17:19.620000,LEC,16,0 days 00:01:33.404000,29.0,2.0,0 days 01:15:49.014000,,0 days 00:00:35.296000,0 days 00:00:23.279000,0 days 00:00:34.829000,0 days 01:16:21.544000,0 days 01:16:44.823000,0 days 01:17:19.652000,273.0,282.0,277.0,231.0,False,HARD,1.0,True,Ferrari,0 days 01:15:46.216000,,1,5.0,,,False,False,2019,1
0 days 01:14:41.773000,STR,18,0 days 00:01:47.488000,27.0,1.0,,0 days 01:14:22.219000,0 days 00:00:29.981000,0 days 00:00:23.755000,0 days 00:00:53.752000,0 days 01:13:24.283000,0 days 01:13:48.038000,0 days 01:14:41.790000,266.0,280.0,,296.0,False,MEDIUM,27.0,True,Racing Point,0 days 01:12:54.285000,,1,10.0,,,False,False,2019,1
0 days 01:16:15.773000,STR,18,0 days 00:01:34,28.0,2.0,0 days 01:14:44.558000,,0 days 00:00:35.918000,0 days 00:00:23.438000,0 days 00:00:34.644000,0 days 01:15:17.708000,0 days 01:15:41.146000,0 days 01:16:15.790000,269.0,283.0,286.0,225.0,False,HARD,1.0,True,Racing Point,0 days 01:14:41.773000,,1,10.0,,,False,False,2019,1
0 days 00:55:06.960000,MAG,20,0 days 00:01:48.686000,14.0,1.0,,0 days 00:54:47.316000,0 days 00:00:30.201000,0 days 00:00:23.907000,0 days 00:00:54.578000,0 days 00:53:48.513000,0 days 00:54:12.420000,0 days 00:55:06.998000,270.0,281.0,,285.0,False,SOFT,17.0,False,Haas F1 Team,0 days 00:53:18.274000,,1,11.0,,,False,False,2019,1
0 days 00:56:41.981000,MAG,20,0 days 00:01:35.021000,15.0,2.0,0 days 00:55:09.798000,,0 days 00:00:35.888000,0 days 00:00:23.783000,0 days 00:00:35.350000,0 days 00:55:42.886000,0 days 00:56:06.669000,0 days 00:56:42.019000,271.0,279.0,281.0,225.0,False,MEDIUM,1.0,True,Haas F1 Team,0 days 00:55:06.960000,,1,10.0,,,False,False,2019,1
0 days 00:55:16.751000,ALB,23,0 days 00:01:48.191000,14.0,1.0,,0 days 00:54:58.098000,0 days 00:00:30.366000,0 days 00:00:24.084000,0 days 00:00:53.741000,0 days 00:53:58.926000,0 days 00:54:23.010000,0 days 00:55:16.751000,269.0,285.0,,291.0,False,SOFT,14.0,True,Toro Rosso,0 days 00:53:28.560000,,1,15.0,,,False,False,2019,1
0 days 00:56:51.606000,ALB,23,0 days 00:01:34.855000,15.0,2.0,0 days 00:55:19.528000,,0 days 00:00:35.833000,0 days 00:00:23.599000,0 days 00:00:35.423000,0 days 00:55:52.584000,0 days 00:56:16.183000,0 days 00:56:51.606000,267.0,282.0,284.0,219.0,False,MEDIUM,1.0,True,Toro Rosso,0 days 00:55:16.751000,,1,15.0,,,False,False,2019,1
0 days 01:13:14.151000,KVY,26,0 days 00:01:47.022000,26.0,1.0,,0 days 01:12:55.149000,0 days 00:00:29.867000,0 days 00:00:23.587000,0 days 00:00:53.568000,0 days 01:11:57.009000,0 days 01:12:20.596000,0 days 01:13:14.164000,274.0,285.0,,294.0,False,MEDIUM,26.0,True,Toro Rosso,0 days 01:11:27.129000,,1,11.0,,,False,False,2019,1
0 days 01:14:49.810000,KVY,26,0 days 00:01:35.659000,27.0,2.0,0 days 01:13:17.114000,,0 days 00:00:37.211000,0 days 00:00:23.641000,0 days 00:00:34.807000,0 days 01:13:51.375000,0 days 01:14:15.016000,0 days 01:14:49.823000,272.0,285.0,286.0,221.0,False,HARD,2.0,False,Toro Rosso,0 days 01:13:14.151000,,1,11.0,,,False,False,2019,1
0 days 00:53:38.157000,HUL,27,0 days 00:01:47.604000,13.0,1.0,,0 days 00:53:19.373000,0 days 00:00:30.145000,0 days 00:00:24.024000,0 days 00:00:53.435000,0 days 00:52:20.729000,0 days 00:52:44.753000,0 days 00:53:38.188000,267.0,281.0,,304.0,False,SOFT,13.0,True,Renault,0 days 00:51:50.553000,,1,14.0,,,False,False,2019,1
0 days 00:55:12.633000,HUL,27,0 days 00:01:34.476000,14.0,2.0,0 days 00:53:41.088000,,0 days 00:00:35.653000,0 days 00:00:23.708000,0 days 00:00:35.115000,0 days 00:54:13.841000,0 days 00:54:37.549000,0 days 00:55:12.664000,266.0,274.0,284.0,226.0,False,HARD,1.0,True,Renault,0 days 00:53:38.157000,,1,13.0,,,False,False,2019,1
0 days 00:36:01.167000,RIC,3,0 days 00:02:28.213000,1.0,1.0,,0 days 00:35:30.863000,,0 days 00:00:28.939000,0 days 00:01:14.998000,,0 days 00:34:46.208000,0 days 00:36:01.235000,213.0,252.0,,241.0,False,SOFT,1.0,True,Renault,0 days 00:33:32.727000,,12,20.0,,,False,False,2019,1
0 days 00:37:39.352000,RIC,3,0 days 00:01:38.185000,2.0,2.0,0 days 00:36:04.147000,,0 days 00:00:36.939000,0 days 00:00:24.241000,0 days 00:00:37.005000,0 days 00:36:38.138000,0 days 00:37:02.379000,0 days 00:37:39.384000,266.0,277.0,283.0,224.0,False,HARD,1.0,True,Renault,0 days 00:36:01.167000,,1,20.0,,,False,False,2019,1
0 days 01:18:25.622000,RIC,3,,29.0,2.0,,0 days 01:18:25.654000,0 days 00:00:30.293000,0 days 00:00:24.216000,,0 days 01:17:23.105000,0 days 01:17:47.452000,,263.0,272.0,,280.0,False,HARD,28.0,True,Renault,0 days 01:16:52.276000,,1,16.0,,,False,False,2019,1
0 days 01:11:06.526000,VER,33,0 days 00:01:45.970000,25.0,1.0,,0 days 01:10:48.587000,0 days 00:00:29.852000,0 days 00:00:23.596000,0 days 00:00:52.522000,0 days 01:09:50.423000,0 days 01:10:14.019000,0 days 01:11:06.541000,274.0,284.0,,292.0,False,SOFT,28.0,False,Red Bull Racing,0 days 01:09:20.556000,,1,4.0,,,False,False,2019,1
0 days 01:12:40.178000,VER,33,0 days 00:01:33.652000,26.0,2.0,0 days 01:11:09.437000,,0 days 00:00:35.372000,0 days 00:00:23.299000,0 days 00:00:34.981000,0 days 01:11:41.913000,0 days 01:12:05.212000,0 days 01:12:40.193000,274.0,283.0,285.0,223.0,False,MEDIUM,1.0,True,Red Bull Racing,0 days 01:11:06.526000,,1,5.0,,,False,False,2019,1
0 days 00:56:44.185000,NOR,4,0 days 00:01:48.026000,15.0,1.0,,0 days 00:56:25.732000,0 days 00:00:30.276000,0 days 00:00:24.128000,0 days 00:00:53.622000,0 days 00:55:26.464000,0 days 00:55:50.592000,0 days 00:56:44.214000,270.0,283.0,,292.0,False,SOFT,18.0,False,McLaren,0 days 00:54:56.159000,,1,12.0,,,False,False,2019,1
0 days 00:58:20.007000,NOR,4,0 days 00:01:35.822000,16.0,2.0,0 days 00:56:47.174000,,0 days 00:00:36.041000,0 days 00:00:24.122000,0 days 00:00:35.659000,0 days 00:57:20.255000,0 days 00:57:44.377000,0 days 00:58:20.036000,269.0,281.0,286.0,226.0,False,HARD,1.0,True,McLaren,0 days 00:56:44.185000,,1,13.0,,,False,False,2019,1
0 days 00:56:11.701000,HAM,44,0 days 00:01:46.079000,15.0,1.0,,0 days 00:55:53.506000,0 days 00:00:29.673000,0 days 00:00:23.594000,0 days 00:00:52.812000,0 days 00:54:55.328000,0 days 00:55:18.922000,0 days 00:56:11.734000,271.0,284.0,,297.0,False,SOFT,18.0,False,Mercedes,0 days 00:54:25.622000,,1,4.0,,,False,False,2019,1
0 days 00:57:47.343000,HAM,44,0 days 00:01:35.642000,16.0,2.0,0 days 00:56:14.516000,,0 days 00:00:35.764000,0 days 00:00:23.924000,0 days 00:00:35.954000,0 days 00:56:47.498000,0 days 00:57:11.422000,0 days 00:57:47.376000,268.0,283.0,283.0,226.0,False,MEDIUM,1.0,True,Mercedes,0 days 00:56:11.701000,,1,4.0,,,False,False,2019,1
0 days 00:54:47.561000,VET,5,0 days 00:01:46.627000,14.0,1.0,,0 days 00:54:28.300000,0 days 00:00:29.700000,0 days 00:00:23.760000,0 days 00:00:53.167000,0 days 00:53:30.643000,0 days 00:53:54.403000,0 days 00:54:47.570000,269.0,278.0,,287.0,False,SOFT,17.0,False,Ferrari,0 days 00:53:00.934000,,1,5.0,,,False,False,2019,1
0 days 00:56:21.253000,VET,5,0 days 00:01:33.692000,15.0,2.0,0 days 00:54:52.515000,,0 days 00:00:34.941000,0 days 00:00:23.507000,0 days 00:00:35.244000,0 days 00:55:22.511000,0 days 00:55:46.018000,0 days 00:56:21.262000,274.0,282.0,280.0,230.0,False,MEDIUM,1.0,True,Ferrari,0 days 00:54:47.561000,,1,5.0,,,False,False,2019,1
0 days 01:14:05.429000,RUS,63,0 days 00:01:49.321000,26.0,1.0,,0 days 01:13:46.918000,0 days 00:00:30.686000,0 days 00:00:24.291000,0 days 00:00:54.344000,0 days 01:12:46.816000,0 days 01:13:11.107000,0 days 01:14:05.451000,260.0,280.0,,288.0,False,MEDIUM,26.0,True,Williams,0 days 01:12:16.108000,,1,18.0,,,False,False,2019,1
0 days 01:15:41.149000,RUS,63,0 days 00:01:35.720000,27.0,2.0,0 days 01:14:08.652000,,0 days 00:00:36.037000,0 days 00:00:23.882000,0 days 00:00:35.801000,0 days 01:14:41.488000,0 days 01:15:05.370000,0 days 01:15:41.171000,265.0,272.0,281.0,226.0,False,SOFT,1.0,True,Williams,0 days 01:14:05.429000,,1,18.0,,,False,False,2019,1
0 days 01:38:37.179000,RUS,63,0 days 00:01:50.261000,42.0,2.0,,0 days 01:38:19.027000,0 days 00:00:30.212000,0 days 00:00:24.981000,0 days 00:00:55.068000,0 days 01:37:17.152000,0 days 01:37:42.133000,0 days 01:38:37.201000,264.0,201.0,,289.0,False,SOFT,16.0,True,Williams,0 days 01:36:46.918000,,1,16.0,,,False,False,2019,1
0 days 01:40:16.310000,RUS,63,0 days 00:01:39.131000,43.0,3.0,0 days 01:38:40.182000,,0 days 00:00:37.941000,0 days 00:00:24.882000,0 days 00:00:36.308000,0 days 01:39:15.142000,0 days 01:39:40.024000,0 days 01:40:16.332000,170.0,281.0,282.0,221.0,False,HARD,1.0,True,Williams,0 days 01:38:37.179000,,1,16.0,,,False,False,2019,1
0 days 00:52:11.370000,RAI,7,0 days 00:01:49.402000,12.0,1.0,,0 days 00:51:51.191000,0 days 00:00:30.165000,0 days 00:00:24.164000,0 days 00:00:55.073000,0 days 00:50:52.170000,0 days 00:51:16.334000,0 days 00:52:11.407000,273.0,285.0,,279.0,False,SOFT,15.0,False,Alfa Romeo Racing,0 days 00:50:21.968000,,1,16.0,,,False,False,2019,1
0 days 00:53:47.275000,RAI,7,0 days 00:01:35.905000,13.0,2.0,0 days 00:52:14.220000,,0 days 00:00:36.310000,0 days 00:00:23.875000,0 days 00:00:35.720000,0 days 00:52:47.717000,0 days 00:53:11.592000,0 days 00:53:47.312000,271.0,281.0,280.0,222.0,False,MEDIUM,1.0,True,Alfa Romeo Racing,0 days 00:52:11.370000,,1,15.0,,,False,False,2019,1
0 days 01:07:52.878000,BOT,77,0 days 00:01:46.050000,23.0,1.0,,0 days 01:07:33.695000,0 days 00:00:29.649000,0 days 00:00:23.602000,0 days 00:00:52.799000,0 days 01:06:36.508000,0 days 01:07:00.110000,0 days 01:07:52.909000,267.0,281.0,,293.0,False,SOFT,26.0,False,Mercedes,0 days 01:06:06.828000,,1,2.0,,,False,False,2019,1
0 days 01:09:26.683000,BOT,77,0 days 00:01:33.805000,24.0,2.0,0 days 01:07:55.765000,,0 days 00:00:35.448000,0 days 00:00:23.456000,0 days 00:00:34.901000,0 days 01:08:28.357000,0 days 01:08:51.813000,0 days 01:09:26.714000,269.0,279.0,283.0,225.0,False,MEDIUM,1.0,True,Mercedes,0 days 01:07:52.878000,,1,2.0,,,False,False,2019,1
0 days 00:56:46.699000,GRO,8,0 days 00:01:56.519000,15.0,1.0,,0 days 00:56:19.496000,0 days 00:00:30.202000,0 days 00:00:24.005000,0 days 00:01:02.312000,0 days 00:55:20.424000,0 days 00:55:44.429000,0 days 00:56:46.741000,273.0,280.0,,293.0,False,SOFT,18.0,False,Haas F1 Team,0 days 00:54:50.180000,,1,14.0,,,False,False,2019,1
0 days 00:58:21.780000,GRO,8,0 days 00:01:35.081000,16.0,2.0,0 days 00:56:49.637000,,0 days 00:00:35.779000,0 days 00:00:23.860000,0 days 00:00:35.442000,0 days 00:57:22.520000,0 days 00:57:46.380000,0 days 00:58:21.822000,268.0,281.0,282.0,227.0,False,MEDIUM,1.0,True,Haas F1 Team,0 days 00:56:46.699000,,1,14.0,,,False,False,2019,1
0 days 00:35:59.082000,KUB,88,0 days 00:02:26.128000,1.0,1.0,,0 days 00:35:29.218000,,0 days 00:00:28.192000,0 days 00:01:12.609000,,0 days 00:34:46.541000,0 days 00:35:59.412000,225.0,280.0,,221.0,False,HARD,1.0,True,Williams,0 days 00:33:32.727000,,12,19.0,,,False,False,2019,1
0 days 00:37:38.822000,KUB,88,0 days 00:01:39.740000,2.0,2.0,0 days 00:36:01.866000,,0 days 00:00:38.001000,0 days 00:00:24.907000,0 days 00:00:36.832000,0 days 00:36:37.094000,0 days 00:37:02.001000,0 days 00:37:38.833000,258.0,275.0,278.0,213.0,False,MEDIUM,1.0,True,Williams,0 days 00:35:59.082000,,1,19.0,,,False,False,2019,1
0 days 01:18:29.988000,KUB,88,0 days 00:01:50.779000,28.0,2.0,,0 days 01:18:10.499000,0 days 00:00:30.636000,0 days 00:00:24.410000,0 days 00:00:55.733000,0 days 01:17:09.856000,0 days 01:17:34.266000,0 days 01:18:29.999000,261.0,276.0,,289.0,False,MEDIUM,27.0,True,Williams,0 days 01:16:39.209000,,1,19.0,,,False,False,2019,1
0 days 01:20:06.890000,KUB,88,0 days 00:01:36.902000,29.0,3.0,0 days 01:18:33.114000,,0 days 00:00:36.528000,0 days 00:00:24.127000,0 days 00:00:36.247000,0 days 01:19:06.527000,0 days 01:19:30.654000,0 days 01:20:06.901000,269.0,280.0,281.0,227.0,False,SOFT,1.0,True,Williams,0 days 01:18:29.988000,,12,19.0,,,False,False,2019,1
0 days 01:43:02.111000,KUB,88,0 days 00:01:48.376000,44.0,3.0,,0 days 01:42:43.016000,0 days 00:00:30.080000,0 days 00:00:24.119000,0 days 00:00:54.177000,0 days 01:41:43.826000,0 days 01:42:07.945000,0 days 01:43:02.122000,266.0,281.0,,290.0,False,SOFT,16.0,True,Williams,0 days 01:41:13.735000,,1,17.0,,,False,False,2019,1
0 days 01:44:44.048000,KUB,88,0 days 00:01:41.937000,45.0,4.0,0 days 01:43:04.913000,,0 days 00:00:38.264000,0 days 00:00:24.431000,0 days 00:00:39.242000,0 days 01:43:40.386000,0 days 01:44:04.817000,0 days 01:44:44.059000,269.0,281.0,298.0,227.0,False,SOFT,3.0,False,Williams,0 days 01:43:02.111000,,1,17.0,,,False,False,2019,1
0 days 01:15:22.808000,GIO,99,0 days 00:01:55.685000,27.0,1.0,,0 days 01:14:58.416000,0 days 00:00:31.879000,0 days 00:00:24.252000,0 days 00:00:59.554000,0 days 01:13:59.022000,0 days 01:14:23.274000,0 days 01:15:22.828000,265.0,286.0,,296.0,False,MEDIUM,27.0,True,Alfa Romeo Racing,0 days 01:13:27.123000,,1,17.0,,,False,False,2019,1
0 days 01:16:57.702000,GIO,99,0 days 00:01:34.894000,28.0,2.0,0 days 01:15:25.558000,,0 days 00:00:36.167000,0 days 00:00:23.665000,0 days 00:00:35.062000,0 days 01:15:58.995000,0 days 01:16:22.660000,0 days 01:16:57.722000,274.0,282.0,284.0,226.0,False,SOFT,1.0,True,Alfa Romeo Racing,0 days 01:15:22.808000,,1,17.0,,,False,False,2019,1
0 days 00:48:34.229000,GAS,10,0 days 00:01:42.197000,9.0,1.0,,0 days 00:48:33.019000,0 days 00:00:30.940000,0 days 00:00:44.230000,0 days 00:00:27.027000,0 days 00:47:22.986000,0 days 00:48:07.216000,0 days 00:48:34.243000,237.0,248.0,,324.0,False,SOFT,12.0,False,Red Bull Racing,0 days 00:46:52.032000,,1,13.0,,,False,False,2019,2
0 days 00:50:33.876000,GAS,10,0 days 00:01:59.647000,10.0,2.0,0 days 00:49:00.214000,,0 days 00:00:54.237000,0 days 00:00:41.858000,0 days 00:00:23.552000,0 days 00:49:28.480000,0 days 00:50:10.338000,0 days 00:50:33.890000,239.0,247.0,291.0,217.0,False,SOFT,1.0,True,Red Bull Racing,0 days 00:48:34.229000,,1,17.0,,,False,False,2019,2
0 days 01:38:00.318000,GAS,10,0 days 00:01:41.894000,39.0,2.0,,0 days 01:37:58.575000,0 days 00:00:31.250000,0 days 00:00:43.722000,0 days 00:00:26.922000,0 days 01:36:49.688000,0 days 01:37:33.410000,0 days 01:38:00.332000,238.0,245.0,,303.0,False,SOFT,30.0,True,Red Bull Racing,0 days 01:36:18.424000,,1,5.0,,,False,False,2019,2
0 days 01:39:57.638000,GAS,10,0 days 00:01:57.320000,40.0,3.0,0 days 01:38:23.153000,,0 days 00:00:51.601000,0 days 00:00:42.181000,0 days 00:00:23.538000,0 days 01:38:51.933000,0 days 01:39:34.114000,0 days 01:39:57.652000,240.0,250.0,281.0,223.0,False,MEDIUM,1.0,True,Red Bull Racing,0 days 01:38:00.318000,,12,11.0,,,False,False,2019,2
0 days 00:46:51.950000,PER,11,0 days 00:01:41.397000,8.0,1.0,,0 days 00:46:50.247000,0 days 00:00:30.960000,0 days 00:00:43.380000,0 days 00:00:27.057000,0 days 00:45:41.543000,0 days 00:46:24.923000,0 days 00:46:51.980000,233.0,235.0,,307.0,False,SOFT,8.0,True,Racing Point,0 days 00:45:10.553000,,1,11.0,,,False,False,2019,2
0 days 00:48:50.362000,PER,11,0 days 00:01:58.412000,9.0,2.0,0 days 00:47:17.391000,,0 days 00:00:53.245000,0 days 00:00:41.383000,0 days 00:00:23.784000,0 days 00:47:45.225000,0 days 00:48:26.608000,0 days 00:48:50.392000,234.0,251.0,282.0,224.0,False,MEDIUM,1.0,True,Racing Point,0 days 00:46:51.950000,,1,17.0,,,False,False,2019,2
0 days 01:28:20.908000,PER,11,0 days 00:01:43.857000,33.0,2.0,,0 days 01:28:19.212000,0 days 00:00:31.864000,0 days 00:00:44.401000,0 days 00:00:27.592000,0 days 01:27:08.945000,0 days 01:27:53.346000,0 days 01:28:20.938000,235.0,251.0,,308.0,False,MEDIUM,25.0,True,Racing Point,0 days 01:26:37.051000,,1,11.0,,,False,False,2019,2
0 days 01:30:21.246000,PER,11,0 days 00:02:00.338000,34.0,3.0,0 days 01:28:46.028000,,0 days 00:00:53.938000,0 days 00:00:42.641000,0 days 00:00:23.759000,0 days 01:29:14.876000,0 days 01:29:57.517000,0 days 01:30:21.276000,238.0,252.0,284.0,226.0,False,MEDIUM,1.0,True,Racing Point,0 days 01:28:20.908000,,1,15.0,,,False,False,2019,2
0 days 00:54:39.004000,LEC,16,0 days 00:01:39.996000,13.0,1.0,,0 days 00:54:37.316000,0 days 00:00:30.918000,0 days 00:00:42.546000,0 days 00:00:26.532000,0 days 00:53:29.959000,0 days 00:54:12.505000,0 days 00:54:39.037000,239.0,255.0,,302.0,False,SOFT,16.0,False,Ferrari,0 days 00:52:59.008000,,12,1.0,,,False,False,2019,2
0 days 00:56:35.207000,LEC,16,0 days 00:01:56.203000,14.0,2.0,0 days 00:55:01.824000,,0 days 00:00:51.874000,0 days 00:00:40.970000,0 days 00:00:23.359000,0 days 00:55:30.911000,0 days 00:56:11.881000,0 days 00:56:35.240000,243.0,258.0,283.0,206.0,False,MEDIUM,1.0,True,Ferrari,0 days 00:54:39.004000,,1,3.0,,,False,False,2019,2
0 days 01:31:56.397000,LEC,16,0 days 00:01:40.447000,36.0,2.0,,0 days 01:31:54.685000,0 days 00:00:30.934000,0 days 00:00:43.170000,0 days 00:00:26.343000,0 days 01:30:46.917000,0 days 01:31:30.087000,0 days 01:31:56.430000,238.0,257.0,,295.0,False,MEDIUM,23.0,True,Ferrari,0 days 01:30:15.950000,,1,1.0,,,False,False,2019,2
0 days 01:33:51.413000,LEC,16,0 days 00:01:55.016000,37.0,3.0,0 days 01:32:19.047000,,0 days 00:00:51.178000,0 days 00:00:40.955000,0 days 00:00:22.883000,0 days 01:32:47.608000,0 days 01:33:28.563000,0 days 01:33:51.446000,239.0,257.0,286.0,214.0,False,MEDIUM,1.0,True,Ferrari,0 days 01:31:56.397000,,1,1.0,,,False,False,2019,2
0 days 00:35:44.500000,STR,18,0 days 00:02:12.920000,1.0,1.0,,0 days 00:35:42.805000,,0 days 00:01:00.729000,0 days 00:00:32.755000,,0 days 00:35:11.824000,0 days 00:35:44.598000,139.0,186.0,,235.0,False,SOFT,1.0,True,Racing Point,0 days 00:33:31.386000,,12,19.0,,,False,False,2019,2
0 days 00:37:51.611000,STR,18,0 days 00:02:07.111000,2.0,2.0,0 days 00:36:17.118000,,0 days 00:01:01.407000,0 days 00:00:42.037000,0 days 00:00:23.667000,0 days 00:36:45.935000,0 days 00:37:27.972000,0 days 00:37:51.639000,238.0,260.0,281.0,218.0,False,MEDIUM,1.0,True,Racing Point,0 days 00:35:44.500000,,12,19.0,,,False,False,2019,2
0 days 01:12:30.699000,STR,18,0 days 00:01:43.367000,23.0,2.0,,0 days 01:12:29.013000,0 days 00:00:31.602000,0 days 00:00:43.848000,0 days 00:00:27.917000,0 days 01:11:18.962000,0 days 01:12:02.810000,0 days 01:12:30.727000,233.0,248.0,,305.0,False,MEDIUM,22.0,True,Racing Point,0 days 01:10:47.332000,,1,19.0,,,False,False,2019,2
0 days 01:14:32.510000,STR,18,0 days 00:02:01.811000,24.0,3.0,0 days 01:12:55.613000,,0 days 00:00:54.630000,0 days 00:00:43.089000,0 days 00:00:24.092000,0 days 01:13:25.357000,0 days 01:14:08.446000,0 days 01:14:32.538000,236.0,252.0,283.0,221.0,False,MEDIUM,1.0,True,Racing Point,0 days 01:12:30.699000,,1,19.0,,,False,False,2019,2
0 days 00:50:12.648000,MAG,20,0 days 00:01:41.536000,10.0,1.0,,0 days 00:50:10.943000,0 days 00:00:31.493000,0 days 00:00:42.971000,0 days 00:00:27.072000,0 days 00:49:02.658000,0 days 00:49:45.629000,0 days 00:50:12.701000,234.0,251.0,,288.0,False,SOFT,13.0,False,Haas F1 Team,0 days 00:48:31.112000,,1,11.0,,,False,False,2019,2
0 days 00:52:09.486000,MAG,20,0 days 00:01:56.838000,11.0,2.0,0 days 00:50:35.900000,,0 days 00:00:51.572000,0 days 00:00:41.547000,0 days 00:00:23.719000,0 days 00:51:04.273000,0 days 00:51:45.820000,0 days 00:52:09.539000,236.0,255.0,276.0,221.0,False,MEDIUM,1.0,True,Haas F1 Team,0 days 00:50:12.648000,,1,15.0,,,False,False,2019,2
0 days 01:36:49.376000,MAG,20,0 days 00:01:44.498000,38.0,2.0,,0 days 01:36:47.691000,0 days 00:00:32.435000,0 days 00:00:44.651000,0 days 00:00:27.412000,0 days 01:35:37.366000,0 days 01:36:22.017000,0 days 01:36:49.429000,234.0,244.0,,302.0,False,MEDIUM,28.0,True,Haas F1 Team,0 days 01:35:04.878000,,1,15.0,,,False,False,2019,2
0 days 01:38:48.462000,MAG,20,0 days 00:01:59.086000,39.0,3.0,0 days 01:37:13.693000,,0 days 00:00:52.896000,0 days 00:00:42.405000,0 days 00:00:23.785000,0 days 01:37:42.325000,0 days 01:38:24.730000,0 days 01:38:48.515000,240.0,247.0,278.0,222.0,False,SOFT,4.0,False,Haas F1 Team,0 days 01:36:49.376000,,12,14.0,,,False,False,2019,2
0 days 00:48:35.303000,ALB,23,0 days 00:01:42.610000,9.0,1.0,,0 days 00:48:33.692000,0 days 00:00:31.067000,0 days 00:00:44.046000,0 days 00:00:27.497000,0 days 00:47:23.785000,0 days 00:48:07.831000,0 days 00:48:35.328000,235.0,251.0,,316.0,False,SOFT,12.0,False,Toro Rosso,0 days 00:46:52.693000,,1,14.0,,,False,False,2019,2
0 days 00:50:33.523000,ALB,23,0 days 00:01:58.220000,10.0,2.0,0 days 00:48:59.235000,,0 days 00:00:52.628000,0 days 00:00:41.909000,0 days 00:00:23.683000,0 days 00:49:27.956000,0 days 00:50:09.865000,0 days 00:50:33.548000,236.0,249.0,277.0,219.0,False,SOFT,1.0,True,Toro Rosso,0 days 00:48:35.303000,,1,16.0,,,False,False,2019,2
0 days 01:15:08.440000,ALB,23,0 days 00:01:41.438000,25.0,2.0,,0 days 01:15:06.774000,0 days 00:00:30.985000,0 days 00:00:43.303000,0 days 00:00:27.150000,0 days 01:13:58.012000,0 days 01:14:41.315000,0 days 01:15:08.465000,235.0,250.0,,304.0,False,SOFT,16.0,True,Toro Rosso,0 days 01:13:27.002000,,1,12.0,,,False,False,2019,2
0 days 01:17:08.075000,ALB,23,0 days 00:01:59.635000,26.0,3.0,0 days 01:15:31.574000,,0 days 00:00:53.003000,0 days 00:00:43.049000,0 days 00:00:23.583000,0 days 01:16:01.468000,0 days 01:16:44.517000,0 days 01:17:08.100000,235.0,248.0,280.0,221.0,False,MEDIUM,1.0,True,Toro Rosso,0 days 01:15:08.440000,,1,15.0,,,False,False,2019,2
0 days 00:53:46.850000,KVY,26,0 days 00:01:56.914000,12.0,1.0,,0 days 00:53:45.229000,0 days 00:00:31.638000,0 days 00:00:54.752000,0 days 00:00:30.524000,0 days 00:52:21.574000,0 days 00:53:16.326000,0 days 00:53:46.850000,235.0,220.0,,296.0,False,SOFT,12.0,True,Toro Rosso,0 days 00:51:49.936000,,12,13.0,,,False,False,2019,2
0 days 00:55:46.554000,KVY,26,0 days 00:01:59.704000,13.0,2.0,0 days 00:54:11.666000,,0 days 00:00:54.291000,0 days 00:00:41.907000,0 days 00:00:23.506000,0 days 00:54:41.141000,0 days 00:55:23.048000,0 days 00:55:46.554000,237.0,245.0,279.0,219.0,False,MEDIUM,1.0,True,Toro Rosso,0 days 00:53:46.850000,,1,16.0,,,False,False,2019,2
0 days 01:36:47.400000,KVY,26,0 days 00:01:41.810000,38.0,2.0,,0 days 01:36:45.707000,0 days 00:00:30.938000,0 days 00:00:43.766000,0 days 00:00:27.106000,0 days 01:35:36.528000,0 days 01:36:20.294000,0 days 01:36:47.400000,238.0,244.0,,330.0,False,MEDIUM,26.0,True,Toro Rosso,0 days 01:35:05.590000,,1,13.0,,,False,False,2019,2
0 days 01:38:51.327000,KVY,26,0 days 00:02:03.927000,39.0,3.0,0 days 01:37:16.607000,,0 days 00:00:57.753000,0 days 00:00:43.026000,0 days 00:00:23.148000,0 days 01:37:45.153000,0 days 01:38:28.179000,0 days 01:38:51.327000,228.0,249.0,282.0,221.0,False,SOFT,1.0,True,Toro Rosso,0 days 01:36:47.400000,,12,15.0,,,False,False,2019,2
0 days 00:53:21.999000,HUL,27,0 days 00:01:40.753000,12.0,1.0,,0 days 00:53:20.304000,0 days 00:00:30.779000,0 days 00:00:42.891000,0 days 00:00:27.083000,0 days 00:52:12.053000,0 days 00:52:54.944000,0 days 00:53:22.027000,234.0,250.0,,299.0,False,SOFT,12.0,True,Renault,0 days 00:51:41.246000,,12,6.0,,,False,False,2019,2
0 days 00:55:19.265000,HUL,27,0 days 00:01:57.266000,13.0,2.0,0 days 00:53:45.801000,,0 days 00:00:51.783000,0 days 00:00:41.743000,0 days 00:00:23.740000,0 days 00:54:13.810000,0 days 00:54:55.553000,0 days 00:55:19.293000,234.0,251.0,294.0,227.0,False,SOFT,1.0,True,Renault,0 days 00:53:21.999000,,1,10.0,,,False,False,2019,2
0 days 01:26:18.894000,HUL,27,0 days 00:01:41.252000,32.0,2.0,,0 days 01:26:17.185000,0 days 00:00:30.947000,0 days 00:00:43.421000,0 days 00:00:26.884000,0 days 01:25:08.617000,0 days 01:25:52.038000,0 days 01:26:18.922000,232.0,251.0,,300.0,False,SOFT,20.0,True,Renault,0 days 01:24:37.642000,,1,6.0,,,False,False,2019,2
0 days 01:28:18.141000,HUL,27,0 days 00:01:59.247000,33.0,3.0,0 days 01:26:42.459000,,0 days 00:00:51.962000,0 days 00:00:42.898000,0 days 00:00:24.387000,0 days 01:27:10.884000,0 days 01:27:53.782000,0 days 01:28:18.169000,233.0,240.0,291.0,227.0,False,MEDIUM,1.0,True,Renault,0 days 01:26:18.894000,,1,10.0,,,False,False,2019,2
0 days 01:13:12.012000,RIC,3,0 days 00:01:42.732000,24.0,1.0,,0 days 01:13:10.336000,0 days 00:00:31.387000,0 days 00:00:43.901000,0 days 00:00:27.444000,0 days 01:12:00.711000,0 days 01:12:44.612000,0 days 01:13:12.056000,236.0,241.0,,301.0,False,SOFT,24.0,True,Renault,0 days 01:11:29.280000,,1,9.0,,,False,False,2019,2
0 days 01:15:12.085000,RIC,3,0 days 00:02:00.073000,25.0,2.0,0 days 01:13:35.987000,,0 days 00:00:53.054000,0 days 00:00:43.085000,0 days 00:00:23.934000,0 days 01:14:05.110000,0 days 01:14:48.195000,0 days 01:15:12.129000,233.0,245.0,281.0,225.0,False,MEDIUM,1.0,True,Renault,0 days 01:13:12.012000,,1,13.0,,,False,False,2019,2
0 days 00:51:34.877000,VER,33,0 days 00:01:40.633000,11.0,1.0,,0 days 00:51:33.169000,0 days 00:00:30.906000,0 days 00:00:43.032000,0 days 00:00:26.695000,0 days 00:50:25.180000,0 days 00:51:08.212000,0 days 00:51:34.907000,234.0,246.0,,297.0,False,SOFT,14.0,False,Red Bull Racing,0 days 00:49:54.244000,,1,5.0,,,False,False,2019,2
0 days 00:53:31.297000,VER,33,0 days 00:01:56.420000,12.0,2.0,0 days 00:51:57.704000,,0 days 00:00:50.878000,0 days 00:00:41.506000,0 days 00:00:24.036000,0 days 00:52:25.785000,0 days 00:53:07.291000,0 days 00:53:31.327000,235.0,248.0,285.0,217.0,False,MEDIUM,1.0,True,Red Bull Racing,0 days 00:51:34.877000,,12,8.0,,,False,False,2019,2
0 days 01:26:01.227000,VER,33,0 days 00:01:41.540000,32.0,2.0,,0 days 01:25:59.566000,0 days 00:00:31.532000,0 days 00:00:43.389000,0 days 00:00:26.619000,0 days 01:24:51.249000,0 days 01:25:34.638000,0 days 01:26:01.257000,237.0,248.0,,306.0,False,MEDIUM,21.0,True,Red Bull Racing,0 days 01:24:19.687000,,1,5.0,,,False,False,2019,2
0 days 01:28:00.636000,VER,33,0 days 00:01:59.409000,33.0,3.0,0 days 01:26:26.386000,,0 days 00:00:53.263000,0 days 00:00:42.666000,0 days 00:00:23.480000,0 days 01:26:54.520000,0 days 01:27:37.186000,0 days 01:28:00.666000,238.0,241.0,282.0,223.0,False,MEDIUM,1.0,True,Red Bull Racing,0 days 01:26:01.227000,,1,6.0,,,False,False,2019,2
0 days 00:50:11.465000,NOR,4,0 days 00:01:41.271000,10.0,1.0,,0 days 00:50:09.839000,0 days 00:00:30.918000,0 days 00:00:43.050000,0 days 00:00:27.303000,0 days 00:49:01.164000,0 days 00:49:44.214000,0 days 00:50:11.517000,229.0,246.0,,293.0,False,SOFT,13.0,False,McLaren,0 days 00:48:30.194000,,1,9.0,,,False,False,2019,2
0 days 00:52:07.483000,NOR,4,0 days 00:01:56.018000,11.0,2.0,0 days 00:50:33.966000,,0 days 00:00:50.721000,0 days 00:00:41.621000,0 days 00:00:23.676000,0 days 00:51:02.238000,0 days 00:51:43.859000,0 days 00:52:07.535000,234.0,241.0,280.0,221.0,False,MEDIUM,1.0,True,McLaren,0 days 00:50:11.465000,,1,14.0,,,False,False,2019,2
0 days 01:29:39.944000,NOR,4,0 days 00:01:41.958000,34.0,2.0,,0 days 01:29:38.250000,0 days 00:00:31.488000,0 days 00:00:43.291000,0 days 00:00:27.179000,0 days 01:28:29.526000,0 days 01:29:12.817000,0 days 01:29:39.996000,234.0,251.0,,300.0,False,MEDIUM,24.0,True,McLaren,0 days 01:27:57.986000,,1,6.0,,,False,False,2019,2
0 days 01:31:37.535000,NOR,4,0 days 00:01:57.591000,35.0,3.0,0 days 01:30:02.999000,,0 days 00:00:51.481000,0 days 00:00:42.463000,0 days 00:00:23.647000,0 days 01:30:31.477000,0 days 01:31:13.940000,0 days 01:31:37.587000,236.0,239.0,281.0,228.0,False,SOFT,16.0,False,McLaren,0 days 01:29:39.944000,,1,9.0,,,False,False,2019,2
0 days 00:54:43.948000,HAM,44,0 days 00:01:40.720000,13.0,1.0,,0 days 00:54:42.260000,0 days 00:00:30.870000,0 days 00:00:43.096000,0 days 00:00:26.754000,0 days 00:53:34.134000,0 days 00:54:17.230000,0 days 00:54:43.984000,228.0,249.0,,315.0,False,SOFT,16.0,False,Mercedes,0 days 00:53:03.228000,,21,3.0,,,False,False,2019,2
0 days 00:56:38.233000,HAM,44,0 days 00:01:54.285000,14.0,2.0,0 days 00:55:06.495000,,0 days 00:00:50.318000,0 days 00:00:40.970000,0 days 00:00:22.997000,0 days 00:55:34.302000,0 days 00:56:15.272000,0 days 00:56:38.269000,238.0,249.0,281.0,222.0,False,SOFT,1.0,True,Mercedes,0 days 00:54:43.948000,,1,4.0,,,False,False,2019,2
0 days 01:28:55.691000,HAM,44,0 days 00:01:40.157000,34.0,2.0,,0 days 01:28:53.961000,0 days 00:00:30.644000,0 days 00:00:42.866000,0 days 00:00:26.647000,0 days 01:27:46.214000,0 days 01:28:29.080000,0 days 01:28:55.727000,239.0,246.0,,296.0,False,SOFT,21.0,True,Mercedes,0 days 01:27:15.534000,,1,3.0,,,False,False,2019,2
0 days 01:30:49.293000,HAM,44,0 days 00:01:53.602000,35.0,3.0,0 days 01:29:18.291000,,0 days 00:00:50.407000,0 days 00:00:40.414000,0 days 00:00:22.781000,0 days 01:29:46.134000,0 days 01:30:26.548000,0 days 01:30:49.329000,239.0,255.0,284.0,224.0,False,MEDIUM,1.0,True,Mercedes,0 days 01:28:55.691000,,1,4.0,,,False,False,2019,2
0 days 00:56:20.593000,VET,5,0 days 00:01:40.434000,14.0,1.0,,0 days 00:56:18.891000,0 days 00:00:30.871000,0 days 00:00:42.888000,0 days 00:00:26.675000,0 days 00:55:11.066000,0 days 00:55:53.954000,0 days 00:56:20.629000,239.0,255.0,,301.0,False,SOFT,17.0,False,Ferrari,0 days 00:54:40.159000,,1,1.0,,,False,False,2019,2
0 days 00:58:15.704000,VET,5,0 days 00:01:55.111000,15.0,2.0,0 days 00:56:43.311000,,0 days 00:00:50.471000,0 days 00:00:41.101000,0 days 00:00:23.539000,0 days 00:57:11.100000,0 days 00:57:52.201000,0 days 00:58:15.740000,241.0,257.0,281.0,215.0,False,MEDIUM,1.0,True,Ferrari,0 days 00:56:20.593000,,1,4.0,,,False,False,2019,2
0 days 01:30:28.207000,VET,5,0 days 00:01:40.527000,35.0,2.0,,0 days 01:30:26.520000,0 days 00:00:30.891000,0 days 00:00:42.884000,0 days 00:00:26.752000,0 days 01:29:18.607000,0 days 01:30:01.491000,0 days 01:30:28.243000,242.0,256.0,,301.0,False,MEDIUM,21.0,True,Ferrari,0 days 01:28:47.680000,,1,2.0,,,False,False,2019,2
0 days 01:32:22.053000,VET,5,0 days 00:01:53.846000,36.0,3.0,0 days 01:30:50.722000,,0 days 00:00:50.265000,0 days 00:00:40.593000,0 days 00:00:22.988000,0 days 01:31:18.508000,0 days 01:31:59.101000,0 days 01:32:22.089000,243.0,259.0,284.0,229.0,False,MEDIUM,1.0,True,Ferrari,0 days 01:30:28.207000,,1,3.0,,,False,False,2019,2
0 days 01:36:00.464000,VET,5,0 days 00:02:03.493000,38.0,3.0,,0 days 01:35:59.609000,0 days 00:00:39.797000,0 days 00:00:50.683000,0 days 00:00:33.013000,0 days 01:34:36.804000,0 days 01:35:27.487000,0 days 01:36:00.500000,69.0,186.0,,310.0,False,MEDIUM,3.0,True,Ferrari,0 days 01:33:56.971000,,12,4.0,,,False,False,2019,2
0 days 01:38:06.476000,VET,5,0 days 00:02:06.012000,39.0,4.0,0 days 01:36:32.993000,,0 days 00:01:00.952000,0 days 00:00:41.722000,0 days 00:00:23.338000,0 days 01:37:01.452000,0 days 01:37:43.174000,0 days 01:38:06.512000,241.0,257.0,284.0,212.0,False,SOFT,4.0,False,Ferrari,0 days 01:36:00.464000,,1,9.0,,,False,False,2019,2
0 days 00:40:45.843000,SAI,55,0 days 00:02:15.038000,4.0,1.0,,0 days 00:40:44.156000,0 days 00:00:31.098000,0 days 00:01:00.660000,0 days 00:00:43.280000,0 days 00:39:01.953000,0 days 00:40:02.613000,0 days 00:40:45.893000,204.0,173.0,,321.0,False,SOFT,7.0,False,McLaren,0 days 00:38:30.805000,,12,18.0,,,False,False,2019,2
0 days 00:43:03.927000,SAI,55,0 days 00:02:18.084000,5.0,2.0,0 days 00:41:29.623000,,0 days 00:01:12.901000,0 days 00:00:41.659000,0 days 00:00:23.524000,0 days 00:41:58.794000,0 days 00:42:40.453000,0 days 00:43:03.977000,235.0,252.0,279.0,223.0,False,MEDIUM,1.0,True,McLaren,0 days 00:40:45.843000,,12,20.0,,,False,False,2019,2
0 days 01:14:14.333000,SAI,55,0 days 00:01:44.566000,24.0,2.0,,0 days 01:14:12.642000,0 days 00:00:33.293000,0 days 00:00:44.055000,0 days 00:00:27.218000,0 days 01:13:03.110000,0 days 01:13:47.165000,0 days 01:14:14.383000,233.0,250.0,,298.0,False,MEDIUM,20.0,True,McLaren,0 days 01:12:29.767000,,1,18.0,,,False,False,2019,2
0 days 01:16:12.749000,SAI,55,0 days 00:01:58.416000,25.0,3.0,0 days 01:14:37.665000,,0 days 00:00:52.321000,0 days 00:00:42.335000,0 days 00:00:23.760000,0 days 01:15:06.704000,0 days 01:15:49.039000,0 days 01:16:12.799000,234.0,257.0,282.0,220.0,False,HARD,2.0,False,McLaren,0 days 01:14:14.333000,,1,19.0,,,False,False,2019,2
0 days 01:40:48.149000,SAI,55,0 days 00:01:41.310000,40.0,3.0,,0 days 01:40:46.462000,0 days 00:00:31.033000,0 days 00:00:42.862000,0 days 00:00:27.415000,0 days 01:39:37.922000,0 days 01:40:20.784000,0 days 01:40:48.199000,237.0,246.0,,297.0,False,HARD,17.0,False,McLaren,0 days 01:39:06.839000,,1,18.0,,,False,False,2019,2
0 days 01:42:44.201000,SAI,55,0 days 00:01:56.052000,41.0,4.0,0 days 01:41:11.459000,,0 days 00:00:51.338000,0 days 00:00:41.371000,0 days 00:00:23.343000,0 days 01:41:39.537000,0 days 01:42:20.908000,0 days 01:42:44.251000,237.0,258.0,283.0,225.0,False,SOFT,4.0,False,McLaren,0 days 01:40:48.149000,,1,19.0,,,False,False,2019,2
0 days 02:02:07.720000,SAI,55,0 days 00:01:44.824000,53.0,4.0,,0 days 02:02:06.036000,0 days 00:00:30.676000,0 days 00:00:44.664000,0 days 00:00:29.484000,0 days 02:00:53.622000,0 days 02:01:38.286000,0 days 02:02:07.770000,236.0,221.0,,301.0,False,SOFT,16.0,False,McLaren,0 days 02:00:22.896000,,12,17.0,,,False,False,2019,2
0 days 00:53:48.911000,RUS,63,0 days 00:01:43.060000,12.0,1.0,,0 days 00:53:47.212000,0 days 00:00:31.356000,0 days 00:00:44.093000,0 days 00:00:27.611000,0 days 00:52:37.234000,0 days 00:53:21.327000,0 days 00:53:48.938000,233.0,245.0,,307.0,False,SOFT,12.0,True,Williams,0 days 00:52:05.851000,,12,16.0,,,False,False,2019,2
0 days 00:55:48.465000,RUS,63,0 days 00:01:59.554000,13.0,2.0,0 days 00:54:12.591000,,0 days 00:00:52.738000,0 days 00:00:42.922000,0 days 00:00:23.894000,0 days 00:54:41.676000,0 days 00:55:24.598000,0 days 00:55:48.492000,233.0,247.0,279.0,222.0,False,MEDIUM,1.0,True,Williams,0 days 00:53:48.911000,,1,17.0,,,False,False,2019,2
0 days 01:17:19.156000,RUS,63,0 days 00:01:42.306000,26.0,2.0,,0 days 01:17:17.439000,0 days 00:00:31.268000,0 days 00:00:43.902000,0 days 00:00:27.136000,0 days 01:16:08.145000,0 days 01:16:52.047000,0 days 01:17:19.183000,235.0,244.0,,304.0,False,MEDIUM,14.0,True,Williams,0 days 01:15:36.850000,,1,16.0,,,False,False,2019,2
0 days 01:19:20.002000,RUS,63,0 days 00:02:00.846000,27.0,3.0,0 days 01:17:42.443000,,0 days 00:00:53.640000,0 days 00:00:43.211000,0 days 00:00:23.995000,0 days 01:18:12.823000,0 days 01:18:56.034000,0 days 01:19:20.029000,234.0,238.0,281.0,223.0,False,MEDIUM,1.0,True,Williams,0 days 01:17:19.156000,,1,17.0,,,False,False,2019,2
0 days 00:48:27.683000,RAI,7,0 days 00:01:40.696000,9.0,1.0,,0 days 00:48:26.121000,0 days 00:00:31.016000,0 days 00:00:42.897000,0 days 00:00:26.783000,0 days 00:47:18.038000,0 days 00:48:00.935000,0 days 00:48:27.718000,235.0,252.0,,299.0,False,SOFT,12.0,False,Alfa Romeo Racing,0 days 00:46:46.987000,,1,8.0,,,False,False,2019,2
0 days 00:50:25.091000,RAI,7,0 days 00:01:57.408000,10.0,2.0,0 days 00:48:51.645000,,0 days 00:00:52.112000,0 days 00:00:41.573000,0 days 00:00:23.723000,0 days 00:49:19.830000,0 days 00:50:01.403000,0 days 00:50:25.126000,237.0,252.0,279.0,221.0,False,MEDIUM,1.0,True,Alfa Romeo Racing,0 days 00:48:27.683000,,1,14.0,,,False,False,2019,2
0 days 01:28:06.375000,RAI,7,0 days 00:01:43.346000,33.0,2.0,,0 days 01:28:04.800000,0 days 00:00:31.195000,0 days 00:00:44.512000,0 days 00:00:27.639000,0 days 01:26:54.259000,0 days 01:27:38.771000,0 days 01:28:06.410000,239.0,248.0,,300.0,False,MEDIUM,24.0,True,Alfa Romeo Racing,0 days 01:26:23.029000,,1,8.0,,,False,False,2019,2
0 days 01:30:05.052000,RAI,7,0 days 00:01:58.677000,34.0,3.0,0 days 01:28:30.306000,,0 days 00:00:52.512000,0 days 00:00:42.563000,0 days 00:00:23.602000,0 days 01:28:58.922000,0 days 01:29:41.485000,0 days 01:30:05.087000,244.0,253.0,279.0,222.0,False,SOFT,4.0,False,Alfa Romeo Racing,0 days 01:28:06.375000,,1,12.0,,,False,False,2019,2
0 days 00:53:10.146000,BOT,77,0 days 00:01:40.185000,12.0,1.0,,0 days 00:53:08.437000,0 days 00:00:31.024000,0 days 00:00:42.756000,0 days 00:00:26.405000,0 days 00:52:01.036000,0 days 00:52:43.792000,0 days 00:53:10.197000,235.0,246.0,,298.0,False,SOFT,15.0,False,Mercedes,0 days 00:51:29.961000,,12,4.0,,,False,False,2019,2
0 days 00:55:07.176000,BOT,77,0 days 00:01:57.030000,13.0,2.0,0 days 00:53:33.300000,,0 days 00:00:51.726000,0 days 00:00:41.801000,0 days 00:00:23.503000,0 days 00:54:01.923000,0 days 00:54:43.724000,0 days 00:55:07.227000,239.0,254.0,292.0,222.0,False,MEDIUM,1.0,True,Mercedes,0 days 00:53:10.146000,,1,6.0,,,False,False,2019,2
0 days 01:34:00.157000,BOT,77,0 days 00:01:41.713000,37.0,2.0,,0 days 01:33:58.444000,0 days 00:00:31.297000,0 days 00:00:43.347000,0 days 00:00:27.069000,0 days 01:32:49.792000,0 days 01:33:33.139000,0 days 01:34:00.208000,240.0,246.0,,302.0,False,MEDIUM,25.0,True,Mercedes,0 days 01:32:18.444000,,1,4.0,,,False,False,2019,2
0 days 01:35:57.702000,BOT,77,0 days 00:01:57.545000,38.0,2.0,0 days 01:34:22.851000,,0 days 00:00:51.664000,0 days 00:00:42.077000,0 days 00:00:23.804000,0 days 01:34:51.872000,0 days 01:35:33.949000,0 days 01:35:57.753000,241.0,247.0,284.0,220.0,False,MEDIUM,26.0,True,Mercedes,0 days 01:34:00.157000,,12,3.0,,,False,False,2019,2
0 days 00:35:51.544000,GRO,8,0 days 00:02:19.964000,1.0,1.0,,0 days 00:35:49.928000,,0 days 00:00:57.463000,0 days 00:00:39.367000,,0 days 00:35:12.241000,0 days 00:35:51.656000,170.0,153.0,,222.0,False,SOFT,4.0,False,Haas F1 Team,0 days 00:33:31.386000,,12,20.0,,,False,False,2019,2
0 days 00:37:56.559000,GRO,8,0 days 00:02:05.015000,2.0,2.0,0 days 00:36:21.899000,,0 days 00:00:59.108000,0 days 00:00:42.289000,0 days 00:00:23.618000,0 days 00:36:50.704000,0 days 00:37:32.993000,0 days 00:37:56.611000,236.0,247.0,275.0,213.0,False,MEDIUM,1.0,True,Haas F1 Team,0 days 00:35:51.544000,,12,20.0,,,False,False,2019,2
0 days 01:01:00.342000,GRO,8,0 days 00:01:42.879000,16.0,2.0,,0 days 01:00:58.679000,0 days 00:00:31.337000,0 days 00:00:43.817000,0 days 00:00:27.725000,0 days 00:59:48.852000,0 days 01:00:32.669000,0 days 01:01:00.394000,233.0,239.0,,293.0,False,MEDIUM,15.0,True,Haas F1 Team,0 days 00:59:17.463000,,1,20.0,,,False,False,2019,2
0 days 00:52:06.816000,KUB,88,0 days 00:01:43.663000,11.0,1.0,,0 days 00:52:05.260000,0 days 00:00:31.641000,0 days 00:00:44.249000,0 days 00:00:27.773000,0 days 00:50:54.815000,0 days 00:51:39.064000,0 days 00:52:06.837000,234.0,242.0,,295.0,False,MEDIUM,11.0,True,Williams,0 days 00:50:23.153000,,1,13.0,,,False,False,2019,2
0 days 00:54:04.687000,KUB,88,0 days 00:01:57.871000,12.0,2.0,0 days 00:52:29.750000,,0 days 00:00:51.663000,0 days 00:00:42.208000,0 days 00:00:24,0 days 00:52:58.500000,0 days 00:53:40.708000,0 days 00:54:04.708000,237.0,247.0,280.0,222.0,False,SOFT,1.0,True,Williams,0 days 00:52:06.816000,,12,17.0,,,False,False,2019,2
0 days 01:19:05.317000,KUB,88,0 days 00:01:43.829000,27.0,2.0,,0 days 01:19:03.618000,0 days 00:00:31.360000,0 days 00:00:44.683000,0 days 00:00:27.786000,0 days 01:17:52.869000,0 days 01:18:37.552000,0 days 01:19:05.338000,236.0,245.0,,324.0,False,SOFT,16.0,True,Williams,0 days 01:17:21.488000,,1,16.0,,,False,False,2019,2
0 days 01:21:04.532000,KUB,88,0 days 00:01:59.215000,28.0,3.0,0 days 01:19:28.211000,,0 days 00:00:52.001000,0 days 00:00:43.021000,0 days 00:00:24.193000,0 days 01:19:57.339000,0 days 01:20:40.360000,0 days 01:21:04.553000,237.0,253.0,288.0,223.0,False,MEDIUM,2.0,False,Williams,0 days 01:19:05.317000,,1,18.0,,,False,False,2019,2
0 days 01:00:13.117000,GIO,99,0 days 00:01:42.938000,16.0,1.0,,0 days 01:00:11.473000,0 days 00:00:31.496000,0 days 00:00:43.955000,0 days 00:00:27.487000,0 days 00:59:01.692000,0 days 00:59:45.647000,0 days 01:00:13.134000,233.0,247.0,,300.0,False,SOFT,16.0,True,Alfa Romeo Racing,0 days 00:58:30.179000,,1,10.0,,,False,False,2019,2
0 days 01:02:13.564000,GIO,99,0 days 00:02:00.447000,17.0,2.0,0 days 01:00:39.220000,,0 days 00:00:54.818000,0 days 00:00:42,0 days 00:00:23.629000,0 days 01:01:07.952000,0 days 01:01:49.952000,0 days 01:02:13.581000,238.0,250.0,280.0,222.0,False,MEDIUM,1.0,True,Alfa Romeo Racing,0 days 01:00:13.117000,,1,14.0,,,False,False,2019,2
0 days 01:39:57.776000,GIO,99,0 days 00:01:41.438000,40.0,2.0,,0 days 01:39:56.173000,0 days 00:00:31.625000,0 days 00:00:43.055000,0 days 00:00:26.758000,0 days 01:38:47.980000,0 days 01:39:31.035000,0 days 01:39:57.793000,241.0,256.0,,300.0,False,MEDIUM,24.0,True,Alfa Romeo Racing,0 days 01:38:16.338000,,12,12.0,,,False,False,2019,2
0 days 01:41:54.917000,GIO,99,0 days 00:01:57.141000,41.0,2.0,0 days 01:40:20.958000,,0 days 00:00:51.826000,0 days 00:00:41.978000,0 days 00:00:23.337000,0 days 01:40:49.619000,0 days 01:41:31.597000,0 days 01:41:54.934000,239.0,259.0,283.0,227.0,False,MEDIUM,25.0,True,Alfa Romeo Racing,0 days 01:39:57.776000,,1,13.0,,,False,False,2019,2
0 days 01:10:02.112000,HAM,44,0 days 00:01:44.331000,22.0,1.0,,0 days 01:10:00.501000,0 days 00:00:26.636000,0 days 00:00:29.772000,0 days 00:00:47.923000,0 days 01:08:44.444000,0 days 01:09:14.216000,0 days 01:10:02.139000,265.0,254.0,,295.0,False,MEDIUM,25.0,False,Mercedes,0 days 01:08:17.781000,,1,1.0,,,False,False,2019,3
0 days 01:11:57.944000,HAM,44,0 days 00:01:55.832000,23.0,2.0,0 days 01:10:23.308000,,0 days 00:00:44.833000,0 days 00:00:28.754000,0 days 00:00:42.245000,0 days 01:10:46.972000,0 days 01:11:15.726000,0 days 01:11:57.971000,274.0,255.0,260.0,292.0,False,HARD,1.0,True,Mercedes,0 days 01:10:02.112000,,1,1.0,,,False,False,2019,3
0 days 01:33:05.751000,HAM,44,0 days 00:01:41.694000,36.0,2.0,,0 days 01:33:03.805000,0 days 00:00:25.847000,0 days 00:00:28.858000,0 days 00:00:46.989000,0 days 01:31:49.931000,0 days 01:32:18.789000,0 days 01:33:05.778000,265.0,256.0,,293.0,False,HARD,14.0,True,Mercedes,0 days 01:31:24.057000,,1,1.0,,,False,False,2019,3
0 days 01:35:01.789000,HAM,44,0 days 00:01:56.038000,37.0,3.0,0 days 01:33:27.622000,,0 days 00:00:45.272000,0 days 00:00:28.674000,0 days 00:00:42.092000,0 days 01:33:51.050000,0 days 01:34:19.724000,0 days 01:35:01.816000,275.0,258.0,259.0,298.0,False,MEDIUM,4.0,False,Mercedes,0 days 01:33:05.751000,,1,1.0,,,False,False,2019,3
0 days 01:08:27.782000,BOT,77,0 days 00:01:43.863000,21.0,1.0,,0 days 01:08:26.008000,0 days 00:00:26.399000,0 days 00:00:29.755000,0 days 00:00:47.709000,0 days 01:07:10.362000,0 days 01:07:40.117000,0 days 01:08:27.826000,265.0,258.0,,298.0,False,MEDIUM,24.0,False,Mercedes,0 days 01:06:43.919000,,1,2.0,,,False,False,2019,3
0 days 01:10:23.214000,BOT,77,0 days 00:01:55.432000,22.0,2.0,0 days 01:08:48.204000,,0 days 00:00:44.346000,0 days 00:00:28.933000,0 days 00:00:42.153000,0 days 01:09:12.172000,0 days 01:09:41.105000,0 days 01:10:23.258000,275.0,254.0,259.0,293.0,False,HARD,1.0,True,Mercedes,0 days 01:08:27.782000,,1,3.0,,,False,False,2019,3
0 days 01:33:11.025000,BOT,77,0 days 00:01:41.470000,36.0,2.0,,0 days 01:33:09.291000,0 days 00:00:25.841000,0 days 00:00:28.799000,0 days 00:00:46.830000,,0 days 01:32:24.239000,0 days 01:33:11.069000,266.0,257.0,,292.0,False,HARD,15.0,True,Mercedes,0 days 01:31:29.555000,,1,2.0,,,False,False,2019,3
0 days 01:35:07.248000,BOT,77,0 days 00:01:56.223000,37.0,3.0,0 days 01:33:33.570000,,0 days 00:00:45.659000,0 days 00:00:28.575000,0 days 00:00:41.989000,0 days 01:33:56.728000,0 days 01:34:25.303000,0 days 01:35:07.292000,276.0,256.0,266.0,292.0,False,MEDIUM,1.0,True,Mercedes,0 days 01:33:11.025000,,1,3.0,,,False,False,2019,3
0 days 01:03:39.396000,VET,5,0 days 00:01:45.026000,18.0,1.0,,0 days 01:03:38.316000,0 days 00:00:26.772000,0 days 00:00:29.827000,0 days 00:00:48.427000,0 days 01:02:21.190000,0 days 01:02:51.017000,0 days 01:03:39.444000,272.0,266.0,,302.0,False,MEDIUM,21.0,False,Ferrari,0 days 01:01:54.370000,,1,4.0,,,False,False,2019,3
0 days 01:05:36.236000,VET,5,0 days 00:01:56.840000,19.0,2.0,0 days 01:04:00.409000,,0 days 00:00:44.825000,0 days 00:00:28.986000,0 days 00:00:43.029000,0 days 01:04:24.269000,0 days 01:04:53.255000,0 days 01:05:36.284000,273.0,266.0,256.0,304.0,False,HARD,1.0,False,Ferrari,0 days 01:03:39.396000,,1,5.0,,,False,False,2019,3
0 days 01:31:41.562000,VET,5,0 days 00:01:42.341000,35.0,2.0,,0 days 01:31:39.863000,0 days 00:00:25.786000,0 days 00:00:28.844000,0 days 00:00:47.711000,0 days 01:30:25.055000,0 days 01:30:53.899000,0 days 01:31:41.610000,275.0,267.0,,302.0,False,HARD,17.0,False,Ferrari,0 days 01:29:59.221000,,1,3.0,,,False,False,2019,3
0 days 01:33:36.261000,VET,5,0 days 00:01:54.699000,36.0,3.0,0 days 01:32:02.371000,,0 days 00:00:43.833000,0 days 00:00:28.631000,0 days 00:00:42.235000,0 days 01:32:25.443000,0 days 01:32:54.074000,0 days 01:33:36.309000,273.0,262.0,262.0,314.0,False,MEDIUM,1.0,True,Ferrari,0 days 01:31:41.562000,,1,4.0,,,False,False,2019,3
0 days 01:02:02.054000,VER,33,0 days 00:01:44.082000,17.0,1.0,,0 days 01:02:00.323000,0 days 00:00:26.488000,0 days 00:00:29.803000,0 days 00:00:47.791000,0 days 01:00:44.477000,0 days 01:01:14.280000,0 days 01:02:02.071000,270.0,261.0,,303.0,False,MEDIUM,20.0,False,Red Bull Racing,0 days 01:00:17.972000,,1,5.0,,,False,False,2019,3
0 days 01:03:59.128000,VER,33,0 days 00:01:57.074000,18.0,2.0,0 days 01:02:23.774000,,0 days 00:00:45.247000,0 days 00:00:29.140000,0 days 00:00:42.687000,0 days 01:02:47.318000,0 days 01:03:16.458000,0 days 01:03:59.145000,266.0,274.0,258.0,302.0,False,HARD,1.0,True,Red Bull Racing,0 days 01:02:02.054000,,1,6.0,,,False,False,2019,3
0 days 01:30:12.897000,VER,33,0 days 00:01:42.883000,34.0,2.0,,0 days 01:30:11.184000,0 days 00:00:26.023000,0 days 00:00:29.277000,0 days 00:00:47.583000,0 days 01:28:56.054000,0 days 01:29:25.331000,0 days 01:30:12.914000,273.0,267.0,,302.0,False,HARD,17.0,True,Red Bull Racing,0 days 01:28:30.014000,,1,5.0,,,False,False,2019,3
0 days 01:32:08.002000,VER,33,0 days 00:01:55.105000,35.0,3.0,0 days 01:30:33.815000,,0 days 00:00:44.080000,0 days 00:00:28.695000,0 days 00:00:42.330000,0 days 01:30:56.994000,0 days 01:31:25.689000,0 days 01:32:08.019000,269.0,266.0,256.0,300.0,False,MEDIUM,1.0,True,Red Bull Racing,0 days 01:30:12.897000,,1,5.0,,,False,False,2019,3
0 days 01:10:22.310000,LEC,16,0 days 00:01:45.360000,22.0,1.0,,0 days 01:10:20.586000,0 days 00:00:26.785000,0 days 00:00:30.043000,0 days 00:00:48.532000,0 days 01:09:03.760000,0 days 01:09:33.803000,0 days 01:10:22.335000,273.0,265.0,,301.0,False,MEDIUM,25.0,False,Ferrari,0 days 01:08:36.950000,,1,2.0,,,False,False,2019,3
0 days 01:12:19.277000,LEC,16,0 days 00:01:56.967000,23.0,2.0,0 days 01:10:43.757000,,0 days 00:00:45.253000,0 days 00:00:28.925000,0 days 00:00:42.789000,0 days 01:11:07.588000,0 days 01:11:36.513000,0 days 01:12:19.302000,274.0,265.0,258.0,303.0,False,HARD,1.0,True,Ferrari,0 days 01:10:22.310000,,1,5.0,,,False,False,2019,3
0 days 01:43:19.060000,LEC,16,0 days 00:01:42.844000,42.0,2.0,,0 days 01:43:17.460000,0 days 00:00:25.934000,0 days 00:00:28.961000,0 days 00:00:47.949000,0 days 01:42:02.175000,0 days 01:42:31.136000,0 days 01:43:19.085000,274.0,272.0,,306.0,False,HARD,20.0,True,Ferrari,0 days 01:41:36.216000,,1,4.0,,,False,False,2019,3
0 days 01:45:16.327000,LEC,16,0 days 00:01:57.267000,43.0,3.0,0 days 01:43:41.677000,,0 days 00:00:46.457000,0 days 00:00:28.358000,0 days 00:00:42.452000,0 days 01:44:05.542000,0 days 01:44:33.900000,0 days 01:45:16.352000,272.0,269.0,261.0,301.0,False,MEDIUM,1.0,True,Ferrari,0 days 01:43:19.060000,,1,5.0,,,False,False,2019,3
0 days 01:05:32.190000,GAS,10,0 days 00:01:44.356000,19.0,1.0,,0 days 01:05:30.466000,0 days 00:00:26.586000,0 days 00:00:29.809000,0 days 00:00:47.961000,0 days 01:04:14.420000,0 days 01:04:44.229000,0 days 01:05:32.190000,269.0,263.0,,302.0,False,SOFT,22.0,False,Red Bull Racing,0 days 01:03:47.834000,,1,4.0,,,False,False,2019,3
0 days 01:07:29.522000,GAS,10,0 days 00:01:57.332000,20.0,2.0,0 days 01:05:52.777000,,0 days 00:00:44.975000,0 days 00:00:29.501000,0 days 00:00:42.856000,0 days 01:06:17.165000,0 days 01:06:46.666000,0 days 01:07:29.522000,268.0,262.0,253.0,299.0,False,HARD,1.0,True,Red Bull Racing,0 days 01:05:32.190000,,1,8.0,,,False,False,2019,3
0 days 01:38:49.269000,GAS,10,0 days 00:01:43.236000,39.0,2.0,,0 days 01:38:47.810000,0 days 00:00:26.137000,0 days 00:00:29.490000,0 days 00:00:47.609000,0 days 01:37:32.170000,0 days 01:38:01.660000,0 days 01:38:49.269000,272.0,263.0,,301.0,False,HARD,20.0,True,Red Bull Racing,0 days 01:37:06.033000,,1,6.0,,,False,False,2019,3
0 days 01:40:46.150000,GAS,10,0 days 00:01:56.881000,40.0,3.0,0 days 01:39:10.271000,,0 days 00:00:45.251000,0 days 00:00:29.088000,0 days 00:00:42.542000,0 days 01:39:34.520000,0 days 01:40:03.608000,0 days 01:40:46.150000,271.0,265.0,256.0,301.0,False,MEDIUM,1.0,True,Red Bull Racing,0 days 01:38:49.269000,,1,6.0,,,False,False,2019,3
0 days 02:01:53.910000,GAS,10,0 days 00:01:42.032000,53.0,3.0,,0 days 02:01:52.186000,0 days 00:00:25.695000,0 days 00:00:29.016000,0 days 00:00:47.321000,0 days 02:00:37.573000,0 days 02:01:06.589000,0 days 02:01:53.910000,272.0,268.0,,300.0,False,MEDIUM,14.0,True,Red Bull Racing,0 days 02:00:11.878000,,1,6.0,,,False,False,2019,3
0 days 02:03:50.589000,GAS,10,0 days 00:01:56.679000,54.0,4.0,0 days 02:02:14.594000,,0 days 00:00:44.577000,0 days 00:00:29.378000,0 days 00:00:42.724000,0 days 02:02:38.487000,0 days 02:03:07.865000,0 days 02:03:50.589000,269.0,264.0,261.0,300.0,False,SOFT,3.0,False,Red Bull Racing,0 days 02:01:53.910000,,1,6.0,,,False,False,2019,3
0 days 01:04:02.215000,RIC,3,0 days 00:01:45.141000,18.0,1.0,,0 days 01:04:00.519000,0 days 00:00:26.907000,0 days 00:00:30.106000,0 days 00:00:48.128000,0 days 01:02:44.021000,0 days 01:03:14.127000,0 days 01:04:02.255000,264.0,261.0,,297.0,False,SOFT,21.0,False,Renault,0 days 01:02:17.074000,,1,8.0,,,False,False,2019,3
0 days 01:06:00.733000,RIC,3,0 days 00:01:58.518000,19.0,2.0,0 days 01:04:24.011000,,0 days 00:00:45.780000,0 days 00:00:29.663000,0 days 00:00:43.075000,0 days 01:04:48.035000,0 days 01:05:17.698000,0 days 01:06:00.773000,268.0,260.0,254.0,298.0,False,HARD,1.0,True,Renault,0 days 01:04:02.215000,,1,10.0,,,False,False,2019,3
0 days 01:07:27.369000,PER,11,0 days 00:01:45.308000,20.0,1.0,,0 days 01:07:25.676000,0 days 00:00:26.857000,0 days 00:00:30.034000,0 days 00:00:48.417000,0 days 01:06:08.939000,0 days 01:06:38.973000,0 days 01:07:27.390000,270.0,263.0,,304.0,False,MEDIUM,20.0,True,Racing Point,0 days 01:05:42.061000,,1,7.0,,,False,False,2019,3
0 days 01:09:26.094000,PER,11,0 days 00:01:58.725000,21.0,2.0,0 days 01:07:49.383000,,0 days 00:00:45.787000,0 days 00:00:29.663000,0 days 00:00:43.275000,0 days 01:08:13.177000,0 days 01:08:42.840000,0 days 01:09:26.115000,268.0,261.0,256.0,305.0,False,HARD,1.0,True,Racing Point,0 days 01:07:27.369000,,1,9.0,,,False,False,2019,3
0 days 01:15:55.058000,RAI,7,0 days 00:01:45.356000,25.0,1.0,,0 days 01:15:53.640000,0 days 00:00:26.744000,0 days 00:00:30.277000,0 days 00:00:48.335000,0 days 01:14:36.482000,0 days 01:15:06.759000,0 days 01:15:55.094000,271.0,263.0,,300.0,False,MEDIUM,25.0,True,Alfa Romeo Racing,0 days 01:14:09.702000,,1,7.0,,,False,False,2019,3
0 days 01:17:53.813000,RAI,7,0 days 00:01:58.755000,26.0,2.0,0 days 01:16:17.313000,,0 days 00:00:46.503000,0 days 00:00:29.514000,0 days 00:00:42.738000,0 days 01:16:41.597000,0 days 01:17:11.111000,0 days 01:17:53.849000,279.0,266.0,256.0,302.0,False,HARD,1.0,True,Alfa Romeo Racing,0 days 01:15:55.058000,,1,10.0,,,False,False,2019,3
0 days 00:35:35.460000,ALB,23,0 days 00:02:08.468000,1.0,1.0,0 days 00:33:37.705000,,,0 days 00:00:31.155000,0 days 00:01:01.146000,,0 days 00:34:34.753000,0 days 00:35:36.166000,268.0,264.0,157.0,91.0,False,SOFT,1.0,True,Toro Rosso,0 days 00:33:27.137000,,126,18.0,,,False,False,2019,3
0 days 01:06:02.595000,ALB,23,0 days 00:01:45.813000,19.0,1.0,,0 days 01:06:01.394000,0 days 00:00:26.864000,0 days 00:00:30.536000,0 days 00:00:48.413000,0 days 01:04:44,0 days 01:05:14.536000,0 days 01:06:02.949000,272.0,265.0,,304.0,False,SOFT,19.0,True,Toro Rosso,0 days 01:04:16.782000,,1,11.0,,,False,False,2019,3
0 days 01:08:00.290000,ALB,23,0 days 00:01:57.695000,20.0,2.0,0 days 01:06:24.420000,,0 days 00:00:45.426000,0 days 00:00:29.375000,0 days 00:00:42.894000,0 days 01:06:48.375000,0 days 01:07:17.750000,0 days 01:08:00.644000,271.0,266.0,255.0,304.0,False,HARD,1.0,True,Toro Rosso,0 days 01:06:02.595000,,1,16.0,,,False,False,2019,3
0 days 00:47:27.234000,GRO,8,0 days 00:01:45.814000,8.0,1.0,,0 days 00:47:26.024000,0 days 00:00:26.718000,0 days 00:00:30.244000,0 days 00:00:48.852000,0 days 00:46:08.176000,0 days 00:46:38.420000,0 days 00:47:27.272000,269.0,262.0,,301.0,False,SOFT,11.0,False,Haas F1 Team,0 days 00:45:41.420000,,1,14.0,,,False,False,2019,3
0 days 00:49:25.671000,GRO,8,0 days 00:01:58.437000,9.0,2.0,0 days 00:47:48.962000,,0 days 00:00:45.945000,0 days 00:00:29.372000,0 days 00:00:43.120000,0 days 00:48:13.217000,0 days 00:48:42.589000,0 days 00:49:25.709000,270.0,262.0,253.0,302.0,False,HARD,1.0,True,Haas F1 Team,0 days 00:47:27.234000,,1,17.0,,,False,False,2019,3
0 days 01:32:57.236000,GRO,8,0 days 00:01:45.200000,35.0,2.0,,0 days 01:32:55.566000,0 days 00:00:26.387000,0 days 00:00:29.944000,0 days 00:00:48.869000,0 days 01:31:38.461000,0 days 01:32:08.405000,0 days 01:32:57.274000,273.0,265.0,,301.0,False,HARD,27.0,True,Haas F1 Team,0 days 01:31:12.036000,,1,12.0,,,False,False,2019,3
0 days 01:34:55.013000,GRO,8,0 days 00:01:57.777000,36.0,3.0,0 days 01:33:19.285000,,0 days 00:00:46.179000,0 days 00:00:29.093000,0 days 00:00:42.505000,0 days 01:33:43.453000,0 days 01:34:12.546000,0 days 01:34:55.051000,273.0,265.0,260.0,307.0,False,MEDIUM,1.0,True,Haas F1 Team,0 days 01:32:57.236000,,1,12.0,,,False,False,2019,3
0 days 01:07:42.140000,STR,18,0 days 00:01:46.051000,20.0,1.0,,0 days 01:07:40.430000,0 days 00:00:26.788000,0 days 00:00:30.381000,0 days 00:00:48.882000,0 days 01:06:22.894000,0 days 01:06:53.275000,0 days 01:07:42.157000,267.0,260.0,,304.0,False,MEDIUM,20.0,True,Racing Point,0 days 01:05:56.089000,,1,10.0,,,False,False,2019,3
0 days 01:09:41.078000,STR,18,0 days 00:01:58.938000,21.0,2.0,0 days 01:08:03.904000,,0 days 00:00:45.989000,0 days 00:00:29.589000,0 days 00:00:43.360000,0 days 01:08:28.146000,0 days 01:08:57.735000,0 days 01:09:41.095000,271.0,266.0,254.0,324.0,False,HARD,1.0,True,Racing Point,0 days 01:07:42.140000,,1,15.0,,,False,False,2019,3
0 days 01:47:57.646000,STR,18,0 days 00:01:45.046000,44.0,2.0,,0 days 01:47:55.937000,0 days 00:00:26.222000,0 days 00:00:29.707000,0 days 00:00:49.117000,0 days 01:46:38.839000,0 days 01:47:08.546000,0 days 01:47:57.663000,267.0,258.0,,304.0,False,HARD,24.0,True,Racing Point,0 days 01:46:12.600000,,1,11.0,,,False,False,2019,3
0 days 01:49:53.482000,STR,18,0 days 00:01:55.836000,45.0,3.0,0 days 01:48:19.695000,,0 days 00:00:45.104000,0 days 00:00:28.698000,0 days 00:00:42.034000,0 days 01:48:42.767000,0 days 01:49:11.465000,0 days 01:49:53.499000,271.0,267.0,259.0,306.0,False,SOFT,1.0,True,Racing Point,0 days 01:47:57.646000,,1,13.0,,,False,False,2019,3
0 days 00:49:10.739000,MAG,20,0 days 00:01:45.444000,9.0,1.0,,0 days 00:49:09.048000,0 days 00:00:26.791000,0 days 00:00:30.092000,0 days 00:00:48.561000,0 days 00:47:52.121000,0 days 00:48:22.213000,0 days 00:49:10.774000,267.0,264.0,,303.0,False,SOFT,12.0,False,Haas F1 Team,0 days 00:47:25.295000,,1,13.0,,,False,False,2019,3
0 days 00:51:09.847000,MAG,20,0 days 00:01:59.108000,10.0,2.0,0 days 00:49:32.980000,,0 days 00:00:46.528000,0 days 00:00:29.493000,0 days 00:00:43.087000,0 days 00:49:57.302000,0 days 00:50:26.795000,0 days 00:51:09.882000,265.0,263.0,253.0,302.0,False,HARD,1.0,True,Haas F1 Team,0 days 00:49:10.739000,,1,17.0,,,False,False,2019,3
0 days 01:29:46.252000,MAG,20,0 days 00:01:45.049000,33.0,2.0,,0 days 01:29:44.608000,0 days 00:00:26.735000,0 days 00:00:29.873000,0 days 00:00:48.441000,0 days 01:28:27.973000,0 days 01:28:57.846000,0 days 01:29:46.287000,272.0,265.0,,302.0,False,HARD,24.0,True,Haas F1 Team,0 days 01:28:01.203000,,1,13.0,,,False,False,2019,3
0 days 01:31:42.809000,MAG,20,0 days 00:01:56.557000,34.0,3.0,0 days 01:30:07.929000,,0 days 00:00:45.345000,0 days 00:00:28.425000,0 days 00:00:42.787000,0 days 01:30:31.632000,0 days 01:31:00.057000,0 days 01:31:42.844000,273.0,266.0,255.0,294.0,False,MEDIUM,1.0,True,Haas F1 Team,0 days 01:29:46.252000,,1,14.0,,,False,False,2019,3
0 days 00:35:39.248000,SAI,55,0 days 00:02:11.900000,1.0,1.0,,0 days 00:35:37.542000,,0 days 00:00:35.763000,0 days 00:01:04.636000,,0 days 00:34:34.680000,0 days 00:35:39.351000,270.0,249.0,,174.0,False,MEDIUM,1.0,True,McLaren,0 days 00:33:27.137000,,126,19.0,,,False,False,2019,3
0 days 00:38:00.304000,SAI,55,0 days 00:02:21.056000,2.0,2.0,0 days 00:36:23.479000,,0 days 00:01:08.331000,0 days 00:00:29.372000,0 days 00:00:43.353000,0 days 00:36:47.621000,0 days 00:37:16.993000,0 days 00:38:00.346000,271.0,260.0,255.0,302.0,False,HARD,1.0,True,McLaren,0 days 00:35:39.248000,,671,19.0,,,False,False,2019,3
0 days 01:34:59.315000,SAI,55,0 days 00:01:45.356000,36.0,2.0,,0 days 01:34:58.216000,0 days 00:00:26.524000,0 days 00:00:29.932000,0 days 00:00:48.900000,0 days 01:33:40.525000,0 days 01:34:10.457000,0 days 01:34:59.357000,271.0,264.0,,302.0,False,HARD,35.0,True,McLaren,0 days 01:33:13.959000,,1,14.0,,,False,False,2019,3
0 days 01:36:57.137000,SAI,55,0 days 00:01:57.822000,37.0,3.0,0 days 01:35:20.348000,,0 days 00:00:44.726000,0 days 00:00:29.723000,0 days 00:00:43.373000,0 days 01:35:44.083000,0 days 01:36:13.806000,0 days 01:36:57.179000,275.0,264.0,258.0,301.0,False,SOFT,1.0,True,McLaren,0 days 01:34:59.315000,,1,15.0,,,False,False,2019,3
0 days 00:45:52.072000,GIO,99,0 days 00:01:46.701000,7.0,1.0,,0 days 00:45:50.764000,0 days 00:00:26.878000,0 days 00:00:30.620000,0 days 00:00:49.203000,0 days 00:44:32.259000,0 days 00:45:02.879000,0 days 00:45:52.082000,267.0,262.0,,321.0,False,SOFT,7.0,True,Alfa Romeo Racing,0 days 00:44:05.371000,,1,17.0,,,False,False,2019,3
0 days 00:47:52.242000,GIO,99,0 days 00:02:00.170000,8.0,2.0,0 days 00:46:15.849000,,0 days 00:00:47.442000,0 days 00:00:29.325000,0 days 00:00:43.403000,0 days 00:46:39.524000,0 days 00:47:08.849000,0 days 00:47:52.252000,270.0,261.0,253.0,298.0,False,MEDIUM,1.0,True,Alfa Romeo Racing,0 days 00:45:52.072000,,1,18.0,,,False,False,2019,3
0 days 01:24:51.363000,GIO,99,0 days 00:01:46.572000,30.0,2.0,,0 days 01:24:50.343000,0 days 00:00:27.049000,0 days 00:00:30.369000,0 days 00:00:49.154000,0 days 01:23:31.850000,0 days 01:24:02.219000,0 days 01:24:51.373000,270.0,264.0,,299.0,False,MEDIUM,23.0,True,Alfa Romeo Racing,0 days 01:23:04.791000,,1,15.0,,,False,False,2019,3
0 days 01:26:52.579000,GIO,99,0 days 00:02:01.216000,31.0,3.0,0 days 01:25:15.314000,,0 days 00:00:48.363000,0 days 00:00:29.644000,0 days 00:00:43.209000,0 days 01:25:39.736000,0 days 01:26:09.380000,0 days 01:26:52.589000,274.0,265.0,261.0,306.0,False,MEDIUM,1.0,True,Alfa Romeo Racing,0 days 01:24:51.363000,,1,15.0,,,False,False,2019,3
0 days 01:11:29.927000,RUS,63,0 days 00:01:47.467000,22.0,1.0,,0 days 01:11:28.352000,0 days 00:00:27.528000,0 days 00:00:31.003000,0 days 00:00:48.936000,0 days 01:10:10,0 days 01:10:41.003000,0 days 01:11:29.939000,265.0,259.0,,296.0,False,MEDIUM,22.0,True,Williams,0 days 01:09:42.460000,,1,17.0,,,False,False,2019,3
0 days 01:13:29.768000,RUS,63,0 days 00:01:59.841000,23.0,2.0,0 days 01:11:52.545000,,0 days 00:00:46.654000,0 days 00:00:29.685000,0 days 00:00:43.502000,0 days 01:12:16.593000,0 days 01:12:46.278000,0 days 01:13:29.780000,259.0,256.0,255.0,289.0,False,HARD,1.0,True,Williams,0 days 01:11:29.927000,,1,18.0,,,False,False,2019,3
0 days 01:57:27.843000,RUS,63,0 days 00:01:47.069000,49.0,2.0,,0 days 01:57:26.161000,0 days 00:00:27.081000,0 days 00:00:30.605000,0 days 00:00:49.383000,0 days 01:56:07.867000,0 days 01:56:38.472000,0 days 01:57:27.855000,269.0,266.0,,293.0,False,HARD,27.0,True,Williams,0 days 01:55:40.774000,,1,16.0,,,False,False,2019,3
0 days 01:59:24.513000,RUS,63,0 days 00:01:56.670000,50.0,3.0,0 days 01:57:50.217000,,0 days 00:00:45.778000,0 days 00:00:28.819000,0 days 00:00:42.073000,0 days 01:58:13.633000,0 days 01:58:42.452000,0 days 01:59:24.525000,272.0,271.0,258.0,314.0,False,SOFT,1.0,True,Williams,0 days 01:57:27.843000,,1,17.0,,,False,False,2019,3
0 days 01:18:30.090000,KUB,88,0 days 00:01:48,26.0,1.0,,0 days 01:18:29.201000,0 days 00:00:27.459000,0 days 00:00:30.953000,0 days 00:00:49.588000,0 days 01:17:09.913000,0 days 01:17:40.866000,0 days 01:18:30.454000,268.0,265.0,,297.0,False,MEDIUM,26.0,True,Williams,0 days 01:16:42.090000,,1,17.0,,,False,False,2019,3
0 days 01:20:40.973000,KUB,88,0 days 00:02:10.883000,27.0,2.0,0 days 01:19:01.331000,,0 days 00:00:56.558000,0 days 00:00:30.380000,0 days 00:00:43.945000,0 days 01:19:27.012000,0 days 01:19:57.392000,0 days 01:20:41.337000,269.0,263.0,252.0,298.0,False,HARD,1.0,True,Williams,0 days 01:18:30.090000,,1,19.0,,,False,False,2019,3
0 days 00:35:45.602000,NOR,4,0 days 00:02:18.254000,1.0,1.0,,0 days 00:35:43.924000,,0 days 00:00:41.166000,0 days 00:01:05.746000,,0 days 00:34:39.930000,0 days 00:35:45.698000,284.0,253.0,,263.0,False,MEDIUM,1.0,True,McLaren,0 days 00:33:27.137000,,1267,20.0,,,False,False,2019,3
0 days 00:38:12.188000,NOR,4,0 days 00:02:26.586000,2.0,2.0,0 days 00:36:34.659000,,0 days 00:01:13.373000,0 days 00:00:29.541000,0 days 00:00:43.672000,0 days 00:36:59.018000,0 days 00:37:28.559000,0 days 00:38:12.231000,273.0,260.0,255.0,302.0,False,HARD,1.0,True,McLaren,0 days 00:35:45.602000,,71,20.0,,,False,False,2019,3
0 days 01:03:26.345000,NOR,4,0 days 00:01:47.516000,17.0,2.0,,0 days 01:03:24.624000,0 days 00:00:26.712000,0 days 00:00:31.551000,0 days 00:00:49.253000,0 days 01:02:05.584000,0 days 01:02:37.135000,0 days 01:03:26.388000,271.0,166.0,,323.0,False,HARD,16.0,True,McLaren,0 days 01:01:38.829000,,1,19.0,,,False,False,2019,3
0 days 01:05:38.667000,NOR,4,0 days 00:02:12.322000,18.0,3.0,0 days 01:03:58.254000,,0 days 00:00:56.621000,0 days 00:00:31.874000,0 days 00:00:43.827000,0 days 01:04:23.009000,0 days 01:04:54.883000,0 days 01:05:38.710000,272.0,262.0,256.0,306.0,False,MEDIUM,2.0,False,McLaren,0 days 01:03:26.345000,,1,19.0,,,False,False,2019,3
0 days 01:32:21.152000,NOR,4,0 days 00:01:44.551000,34.0,3.0,,0 days 01:32:19.658000,0 days 00:00:26.329000,0 days 00:00:29.793000,0 days 00:00:48.429000,0 days 01:31:02.973000,0 days 01:31:32.766000,0 days 01:32:21.195000,272.0,265.0,,304.0,False,MEDIUM,18.0,False,McLaren,0 days 01:30:36.601000,,1,18.0,,,False,False,2019,3
0 days 01:34:21.366000,NOR,4,0 days 00:02:00.214000,35.0,4.0,0 days 01:32:42.657000,,0 days 00:00:45.617000,0 days 00:00:31.510000,0 days 00:00:43.087000,0 days 01:33:06.812000,0 days 01:33:38.322000,0 days 01:34:21.409000,280.0,268.0,263.0,327.0,False,SOFT,1.0,True,McLaren,0 days 01:32:21.152000,,1,19.0,,,False,False,2019,3
0 days 01:59:18.278000,NOR,4,0 days 00:01:45.912000,50.0,4.0,,0 days 01:59:16.585000,0 days 00:00:26.118000,0 days 00:00:29.587000,0 days 00:00:50.207000,0 days 01:57:58.527000,0 days 01:58:28.114000,0 days 01:59:18.321000,273.0,267.0,,301.0,False,SOFT,16.0,True,McLaren,0 days 01:57:32.366000,,1,16.0,,,False,False,2019,3
0 days 00:45:49.706000,KVY,26,0 days 00:01:46.599000,7.0,1.0,,0 days 00:45:48.227000,0 days 00:00:26.911000,0 days 00:00:31.093000,0 days 00:00:48.595000,0 days 00:44:30.025000,0 days 00:45:01.118000,0 days 00:45:49.713000,279.0,268.0,,332.0,False,MEDIUM,7.0,True,Toro Rosso,0 days 00:44:03.107000,,1,16.0,,,False,False,2019,3
0 days 00:47:42.805000,KVY,26,0 days 00:01:53.099000,8.0,2.0,0 days 00:46:05.256000,,0 days 00:00:39.532000,0 days 00:00:30.036000,0 days 00:00:43.531000,0 days 00:46:29.245000,0 days 00:46:59.281000,0 days 00:47:42.812000,269.0,265.0,255.0,303.0,False,MEDIUM,8.0,False,Toro Rosso,0 days 00:45:49.706000,,1,17.0,,,False,False,2019,3
0 days 01:16:18.807000,KVY,26,0 days 00:01:45.954000,25.0,2.0,,0 days 01:16:17.110000,0 days 00:00:26.955000,0 days 00:00:30.583000,0 days 00:00:48.416000,0 days 01:14:59.815000,0 days 01:15:30.398000,0 days 01:16:18.814000,273.0,264.0,,305.0,False,MEDIUM,25.0,False,Toro Rosso,0 days 01:14:32.853000,,1,14.0,,,False,False,2019,3
0 days 01:18:19.911000,KVY,26,0 days 00:02:01.104000,26.0,3.0,0 days 01:16:43.382000,,0 days 00:00:48.469000,0 days 00:00:29.679000,0 days 00:00:42.956000,0 days 01:17:07.283000,0 days 01:17:36.962000,0 days 01:18:19.918000,269.0,266.0,255.0,304.0,False,HARD,1.0,True,Toro Rosso,0 days 01:16:18.807000,,1,16.0,,,False,False,2019,3
0 days 01:24:57.771000,KVY,26,0 days 00:01:42.940000,30.0,3.0,,0 days 01:24:56.522000,0 days 00:00:26.142000,0 days 00:00:29.428000,0 days 00:00:47.370000,0 days 01:23:40.980000,0 days 01:24:10.408000,0 days 01:24:57.778000,271.0,267.0,,303.0,False,HARD,5.0,True,Toro Rosso,0 days 01:23:14.831000,,1,16.0,,,False,False,2019,3
0 days 01:27:15.625000,KVY,26,0 days 00:02:17.854000,31.0,4.0,0 days 01:25:39.395000,,0 days 00:01:05.263000,0 days 00:00:29.734000,0 days 00:00:42.857000,0 days 01:26:03.041000,0 days 01:26:32.775000,0 days 01:27:15.632000,275.0,273.0,256.0,320.0,False,SOFT,1.0,True,Toro Rosso,0 days 01:24:57.771000,,1,17.0,,,False,False,2019,3
0 days 01:43:50.623000,KVY,26,0 days 00:01:47.185000,41.0,4.0,,0 days 01:43:48.938000,0 days 00:00:26.358000,0 days 00:00:29.714000,0 days 00:00:51.113000,0 days 01:42:29.803000,0 days 01:42:59.517000,0 days 01:43:50.630000,270.0,269.0,,301.0,False,SOFT,11.0,True,Toro Rosso,0 days 01:42:03.438000,,1,17.0,,,False,False,2019,3
0 days 00:52:24.706000,HUL,27,0 days 00:01:45.975000,11.0,1.0,,0 days 00:52:23.009000,0 days 00:00:26.884000,0 days 00:00:30.651000,0 days 00:00:48.440000,0 days 00:51:05.661000,0 days 00:51:36.312000,0 days 00:52:24.752000,264.0,259.0,,307.0,False,SOFT,14.0,False,Renault,0 days 00:50:38.731000,,1,10.0,,,False,False,2019,3
0 days 00:54:25.402000,HUL,27,0 days 00:02:00.696000,12.0,2.0,0 days 00:52:47.181000,,0 days 00:00:46.957000,0 days 00:00:30.179000,0 days 00:00:43.560000,0 days 00:53:11.709000,0 days 00:53:41.888000,0 days 00:54:25.448000,268.0,265.0,262.0,336.0,False,HARD,1.0,True,Renault,0 days 00:52:24.706000,,1,16.0,,,False,False,2019,3
0 days 01:01:17.280000,HUL,27,0 days 00:01:49.543000,16.0,2.0,,0 days 01:01:15.565000,0 days 00:00:27.588000,0 days 00:00:30.871000,0 days 00:00:51.084000,0 days 00:59:55.371000,0 days 01:00:26.242000,0 days 01:01:17.326000,257.0,248.0,,283.0,False,HARD,5.0,True,Renault,0 days 00:59:27.737000,,1,18.0,,,False,False,2019,3
0 days 00:35:44.819000,GAS,10,0 days 00:02:07.221000,1.0,1.0,0 days 00:33:53.979000,,,0 days 00:00:47.198000,0 days 00:00:25.953000,,0 days 00:35:19.003000,0 days 00:35:45.245000,170.0,200.0,325.0,318.0,False,MEDIUM,1.0,True,Red Bull Racing,0 days 00:33:37.411000,,1,19.0,,,False,False,2019,4
0 days 00:52:14.495000,PER,11,0 days 00:01:56.409000,10.0,1.0,,0 days 00:52:13.501000,0 days 00:00:39.906000,0 days 00:00:45.675000,0 days 00:00:30.828000,0 days 00:50:58.006000,0 days 00:51:43.681000,0 days 00:52:14.509000,190.0,205.0,,313.0,False,SOFT,13.0,False,Racing Point,0 days 00:50:18.086000,,1,7.0,,,False,False,2019,4
0 days 00:54:20.499000,PER,11,0 days 00:02:06.004000,11.0,2.0,0 days 00:52:34.646000,,0 days 00:00:55.704000,0 days 00:00:44.752000,0 days 00:00:25.548000,0 days 00:53:10.213000,0 days 00:53:54.965000,0 days 00:54:20.513000,192.0,200.0,324.0,319.0,False,MEDIUM,1.0,True,Racing Point,0 days 00:52:14.495000,,1,10.0,,,False,False,2019,4
0 days 01:34:55.016000,LEC,16,0 days 00:01:52.992000,34.0,1.0,,0 days 01:34:53.903000,0 days 00:00:39.336000,0 days 00:00:43.389000,0 days 00:00:30.267000,0 days 01:33:41.415000,0 days 01:34:24.804000,0 days 01:34:55.071000,205.0,216.0,,315.0,False,MEDIUM,34.0,True,Ferrari,0 days 01:33:02.024000,,1,5.0,,,False,False,2019,4
0 days 01:36:58.414000,LEC,16,0 days 00:02:03.398000,35.0,2.0,0 days 01:35:14.181000,,0 days 00:00:55.031000,0 days 00:00:43.370000,0 days 00:00:24.997000,0 days 01:35:50.102000,0 days 01:36:33.472000,0 days 01:36:58.469000,202.0,218.0,340.0,320.0,False,SOFT,1.0,True,Ferrari,0 days 01:34:55.016000,,1,6.0,,,False,False,2019,4
0 days 01:59:18.062000,LEC,16,0 days 00:01:51.013000,47.0,2.0,,0 days 01:59:17.140000,0 days 00:00:37.457000,0 days 00:00:42.938000,0 days 00:00:30.618000,0 days 01:58:04.561000,0 days 01:58:47.499000,0 days 01:59:18.117000,219.0,226.0,,310.0,False,SOFT,13.0,True,Ferrari,0 days 01:57:27.049000,,1,5.0,,,False,False,2019,4
0 days 02:01:21.352000,LEC,16,0 days 00:02:03.290000,48.0,3.0,0 days 01:59:37.138000,,0 days 00:00:54.691000,0 days 00:00:43.039000,0 days 00:00:25.560000,0 days 02:00:12.808000,0 days 02:00:55.847000,0 days 02:01:21.407000,199.0,221.0,314.0,311.0,False,SOFT,1.0,True,Ferrari,0 days 01:59:18.062000,,1,5.0,,,False,False,2019,4
0 days 00:52:28.804000,STR,18,0 days 00:02:00.694000,10.0,1.0,,0 days 00:52:27.734000,0 days 00:00:40.925000,0 days 00:00:48.116000,0 days 00:00:31.653000,0 days 00:51:09.053000,0 days 00:51:57.169000,0 days 00:52:28.822000,188.0,181.0,,315.0,False,SOFT,10.0,True,Racing Point,0 days 00:50:28.110000,,1,11.0,,,False,False,2019,4
0 days 00:54:38.027000,STR,18,0 days 00:02:09.223000,11.0,2.0,0 days 00:52:50.665000,,0 days 00:00:58.587000,0 days 00:00:45.039000,0 days 00:00:25.597000,0 days 00:53:27.409000,0 days 00:54:12.448000,0 days 00:54:38.045000,175.0,198.0,319.0,322.0,False,MEDIUM,1.0,True,Racing Point,0 days 00:52:28.804000,,1,18.0,,,False,False,2019,4
0 days 00:46:57.314000,MAG,20,0 days 00:01:58.041000,7.0,1.0,,0 days 00:46:56.103000,0 days 00:00:40.811000,0 days 00:00:46.075000,0 days 00:00:31.155000,0 days 00:45:40.152000,0 days 00:46:26.227000,0 days 00:46:57.382000,182.0,195.0,,310.0,False,SOFT,10.0,False,Haas F1 Team,0 days 00:44:59.273000,,1,15.0,,,False,False,2019,4
0 days 00:49:03.517000,MAG,20,0 days 00:02:06.203000,8.0,2.0,0 days 00:47:16.202000,,0 days 00:00:55.293000,0 days 00:00:44.782000,0 days 00:00:26.128000,0 days 00:47:52.675000,0 days 00:48:37.457000,0 days 00:49:03.585000,184.0,200.0,307.0,311.0,False,MEDIUM,1.0,True,Haas F1 Team,0 days 00:46:57.314000,,1,18.0,,,False,False,2019,4
0 days 01:46:08.581000,MAG,20,0 days 00:02:29.173000,39.0,2.0,,0 days 01:46:07.481000,0 days 00:00:52.286000,0 days 00:00:55.096000,0 days 00:00:41.791000,0 days 01:44:31.762000,0 days 01:45:26.858000,0 days 01:46:08.649000,110.0,160.0,,196.0,False,MEDIUM,32.0,True,Haas F1 Team,0 days 01:43:39.408000,,26,13.0,,,False,False,2019,4
0 days 01:48:22.561000,MAG,20,0 days 00:02:13.980000,40.0,3.0,0 days 01:46:28.231000,,0 days 00:01:03.910000,0 days 00:00:44.268000,0 days 00:00:25.802000,0 days 01:47:12.559000,0 days 01:47:56.827000,0 days 01:48:22.629000,175.0,212.0,311.0,311.0,False,SOFT,1.0,True,Haas F1 Team,0 days 01:46:08.581000,,671,13.0,,,False,False,2019,4
0 days 00:56:17.436000,ALB,23,0 days 00:01:59.673000,12.0,1.0,,0 days 00:56:16.448000,0 days 00:00:41.176000,0 days 00:00:47.011000,0 days 00:00:31.486000,0 days 00:54:58.942000,0 days 00:55:45.953000,0 days 00:56:17.439000,183.0,192.0,,310.0,False,SOFT,12.0,True,Toro Rosso,0 days 00:54:17.763000,,1,13.0,,,False,False,2019,4
0 days 00:58:24.754000,ALB,23,0 days 00:02:07.318000,13.0,2.0,0 days 00:56:36.948000,,0 days 00:00:56.463000,0 days 00:00:44.999000,0 days 00:00:25.856000,0 days 00:57:13.902000,0 days 00:57:58.901000,0 days 00:58:24.757000,181.0,204.0,306.0,314.0,False,MEDIUM,1.0,True,Toro Rosso,0 days 00:56:17.436000,,1,20.0,,,False,False,2019,4
0 days 00:43:12.005000,KVY,26,0 days 00:02:02.152000,5.0,1.0,,0 days 00:43:10.813000,0 days 00:00:42.158000,0 days 00:00:48.166000,0 days 00:00:31.828000,0 days 00:41:52.011000,0 days 00:42:40.177000,0 days 00:43:12.005000,179.0,187.0,,311.0,False,SOFT,10.0,False,Toro Rosso,0 days 00:41:09.853000,,1,19.0,,,False,False,2019,4
0 days 00:45:21.140000,KVY,26,0 days 00:02:09.135000,6.0,2.0,0 days 00:43:31.761000,,0 days 00:00:57.366000,0 days 00:00:45.579000,0 days 00:00:26.190000,0 days 00:44:09.371000,0 days 00:44:54.950000,0 days 00:45:21.140000,192.0,201.0,304.0,310.0,False,MEDIUM,1.0,True,Toro Rosso,0 days 00:43:12.005000,,1,20.0,,,False,False,2019,4
0 days 01:35:09.133000,KVY,26,0 days 00:02:02.484000,33.0,2.0,,0 days 01:35:07.989000,0 days 00:00:40.205000,0 days 00:00:45.659000,0 days 00:00:36.620000,0 days 01:33:46.854000,0 days 01:34:32.513000,0 days 01:35:09.133000,201.0,172.0,,290.0,False,MEDIUM,28.0,True,Toro Rosso,0 days 01:33:06.649000,,1,17.0,,,False,False,2019,4
0 days 00:48:50.776000,HUL,27,0 days 00:01:58.025000,8.0,1.0,,0 days 00:48:49.656000,0 days 00:00:40.169000,0 days 00:00:46.753000,0 days 00:00:31.103000,0 days 00:47:32.986000,0 days 00:48:19.739000,0 days 00:48:50.842000,181.0,201.0,,308.0,False,SOFT,8.0,True,Renault,0 days 00:46:52.751000,,1,15.0,,,False,False,2019,4
0 days 00:50:57.956000,HUL,27,0 days 00:02:07.180000,9.0,2.0,0 days 00:49:10.858000,,0 days 00:00:56.269000,0 days 00:00:44.840000,0 days 00:00:26.071000,0 days 00:49:47.111000,0 days 00:50:31.951000,0 days 00:50:58.022000,188.0,206.0,300.0,312.0,False,MEDIUM,1.0,True,Renault,0 days 00:48:50.776000,,1,19.0,,,False,False,2019,4
0 days 01:36:32.016000,HUL,27,0 days 00:01:52.947000,34.0,2.0,,0 days 01:36:30.936000,0 days 00:00:38.680000,0 days 00:00:44.008000,0 days 00:00:30.259000,0 days 01:35:17.815000,0 days 01:36:01.823000,0 days 01:36:32.082000,194.0,200.0,,313.0,False,MEDIUM,26.0,True,Renault,0 days 01:34:39.069000,,1,15.0,,,False,False,2019,4
0 days 01:38:36.985000,HUL,27,0 days 00:02:04.969000,35.0,3.0,0 days 01:36:51.659000,,0 days 00:00:55.111000,0 days 00:00:43.822000,0 days 00:00:26.036000,0 days 01:37:27.193000,0 days 01:38:11.015000,0 days 01:38:37.051000,191.0,212.0,300.0,310.0,False,SOFT,1.0,True,Renault,0 days 01:36:32.016000,,1,15.0,,,False,False,2019,4
0 days 00:52:29.441000,RIC,3,0 days 00:02:00.178000,10.0,1.0,,0 days 00:52:28.236000,0 days 00:00:41.234000,0 days 00:00:47.415000,0 days 00:00:31.529000,0 days 00:51:10.563000,0 days 00:51:57.978000,0 days 00:52:29.507000,182.0,182.0,,318.0,False,SOFT,10.0,True,Renault,0 days 00:50:29.263000,,1,12.0,,,False,False,2019,4
0 days 00:54:37.207000,RIC,3,0 days 00:02:07.766000,11.0,2.0,0 days 00:52:49.567000,,0 days 00:00:56.211000,0 days 00:00:45.433000,0 days 00:00:26.122000,0 days 00:53:25.718000,0 days 00:54:11.151000,0 days 00:54:37.273000,185.0,194.0,299.0,311.0,False,MEDIUM,1.0,True,Renault,0 days 00:52:29.441000,,1,17.0,,,False,False,2019,4
0 days 01:31:36.888000,RIC,3,,31.0,2.0,,0 days 01:31:35.730000,0 days 00:01:27.491000,0 days 00:00:45.716000,0 days 00:00:34.039000,0 days 01:30:17.199000,0 days 01:31:03.599000,0 days 01:31:37.192000,194.0,206.0,,306.0,False,MEDIUM,21.0,True,Renault,0 days 01:28:49.557000,,12,18.0,,,False,False,2019,4
0 days 00:59:18.063000,VER,33,0 days 00:01:53.703000,14.0,1.0,,0 days 00:59:16.869000,0 days 00:00:39.054000,0 days 00:00:43.977000,0 days 00:00:30.672000,0 days 00:58:03.446000,0 days 00:58:47.423000,0 days 00:59:18.095000,199.0,215.0,,307.0,False,SOFT,18.0,False,Red Bull Racing,0 days 00:57:24.360000,,1,2.0,,,False,False,2019,4
0 days 01:01:22.294000,VER,33,0 days 00:02:04.231000,15.0,2.0,0 days 00:59:37.848000,,0 days 00:00:55.371000,0 days 00:00:43.104000,0 days 00:00:25.756000,0 days 01:00:13.466000,0 days 01:00:56.570000,0 days 01:01:22.326000,201.0,211.0,309.0,312.0,False,MEDIUM,1.0,True,Red Bull Racing,0 days 00:59:18.063000,,1,6.0,,,False,False,2019,4
0 days 00:50:26.808000,NOR,4,0 days 00:01:58.470000,9.0,1.0,,0 days 00:50:25.602000,0 days 00:00:40.847000,0 days 00:00:46.261000,0 days 00:00:31.362000,0 days 00:49:09.248000,0 days 00:49:55.509000,0 days 00:50:26.871000,179.0,200.0,,310.0,False,SOFT,14.0,False,McLaren,0 days 00:48:28.338000,,1,8.0,,,False,False,2019,4
0 days 00:52:32.568000,NOR,4,0 days 00:02:05.760000,10.0,2.0,0 days 00:50:45.415000,,0 days 00:00:55.495000,0 days 00:00:44.773000,0 days 00:00:25.492000,0 days 00:51:22.366000,0 days 00:52:07.139000,0 days 00:52:32.631000,186.0,203.0,331.0,316.0,False,MEDIUM,1.0,True,McLaren,0 days 00:50:26.808000,,1,14.0,,,False,False,2019,4
0 days 01:45:03.960000,NOR,4,0 days 00:02:13.917000,39.0,2.0,,0 days 01:45:02.784000,0 days 00:00:38.336000,0 days 00:00:53.739000,0 days 00:00:41.842000,0 days 01:43:28.442000,0 days 01:44:22.181000,0 days 01:45:04.023000,165.0,195.0,,158.0,False,MEDIUM,30.0,True,McLaren,0 days 01:42:50.043000,,126,8.0,,,False,False,2019,4
0 days 01:47:34.969000,NOR,4,,40.0,3.0,0 days 01:45:24.844000,,0 days 00:01:05.428000,0 days 00:00:59.054000,0 days 00:00:26.527000,0 days 01:46:09.707000,0 days 01:47:08.505000,0 days 01:47:35.655000,143.0,135.0,311.0,306.0,False,SOFT,4.0,False,McLaren,0 days 01:45:03.960000,,671,8.0,,,False,False,2019,4
0 days 00:57:19.319000,HAM,44,0 days 00:01:54.551000,13.0,1.0,,0 days 00:57:18.117000,0 days 00:00:39.313000,0 days 00:00:44.593000,0 days 00:00:30.645000,0 days 00:56:04.130000,0 days 00:56:48.723000,0 days 00:57:19.368000,195.0,222.0,,306.0,False,SOFT,17.0,False,Mercedes,0 days 00:55:24.768000,,1,2.0,,,False,False,2019,4
0 days 00:59:23.602000,HAM,44,0 days 00:02:04.283000,14.0,2.0,0 days 00:57:38.732000,,0 days 00:00:54.684000,0 days 00:00:43.641000,0 days 00:00:25.958000,0 days 00:58:14.052000,0 days 00:58:57.693000,0 days 00:59:23.651000,197.0,225.0,296.0,309.0,False,MEDIUM,1.0,True,Mercedes,0 days 00:57:19.319000,,1,4.0,,,False,False,2019,4
0 days 00:53:47.130000,VET,5,0 days 00:01:54.804000,11.0,1.0,,0 days 00:53:45.945000,0 days 00:00:39.118000,0 days 00:00:44.826000,0 days 00:00:30.860000,0 days 00:52:31.499000,0 days 00:53:16.325000,0 days 00:53:47.185000,187.0,219.0,,307.0,False,SOFT,16.0,False,Ferrari,0 days 00:51:52.326000,,1,5.0,,,False,False,2019,4
0 days 00:55:50.854000,VET,5,0 days 00:02:03.724000,12.0,2.0,0 days 00:54:05.871000,,0 days 00:00:54.170000,0 days 00:00:43.450000,0 days 00:00:26.104000,0 days 00:54:41.355000,0 days 00:55:24.805000,0 days 00:55:50.909000,202.0,215.0,310.0,306.0,False,MEDIUM,1.0,True,Ferrari,0 days 00:53:47.130000,,1,5.0,,,False,False,2019,4
0 days 00:55:59.690000,SAI,55,0 days 00:01:57.158000,12.0,1.0,,0 days 00:55:58.519000,0 days 00:00:40.415000,0 days 00:00:46.262000,0 days 00:00:30.481000,0 days 00:54:43.011000,0 days 00:55:29.273000,0 days 00:55:59.754000,180.0,198.0,,307.0,False,SOFT,12.0,True,McLaren,0 days 00:54:02.532000,,1,7.0,,,False,False,2019,4
0 days 00:58:03.523000,SAI,55,0 days 00:02:03.833000,13.0,2.0,0 days 00:56:18.255000,,0 days 00:00:54.120000,0 days 00:00:43.996000,0 days 00:00:25.717000,0 days 00:56:53.874000,0 days 00:57:37.870000,0 days 00:58:03.587000,194.0,211.0,307.0,312.0,False,MEDIUM,1.0,True,McLaren,0 days 00:55:59.690000,,1,10.0,,,False,False,2019,4
0 days 01:20:31.566000,RUS,63,0 days 00:01:55.683000,25.0,1.0,,0 days 01:20:30.425000,0 days 00:00:39.227000,0 days 00:00:45.162000,0 days 00:00:31.294000,0 days 01:19:15.116000,0 days 01:20:00.278000,0 days 01:20:31.572000,206.0,201.0,,308.0,False,MEDIUM,25.0,True,Williams,0 days 01:18:35.883000,,1,19.0,,,False,False,2019,4
0 days 01:22:39.407000,RUS,63,0 days 00:02:07.841000,26.0,2.0,0 days 01:20:50.805000,,0 days 00:00:56.128000,0 days 00:00:45.336000,0 days 00:00:26.377000,0 days 01:21:27.700000,0 days 01:22:13.036000,0 days 01:22:39.413000,191.0,204.0,299.0,307.0,False,MEDIUM,1.0,True,Williams,0 days 01:20:31.566000,,1,19.0,,,False,False,2019,4
0 days 01:44:46.702000,RUS,63,0 days 00:02:12.352000,38.0,2.0,,0 days 01:44:45.544000,0 days 00:00:38.429000,0 days 00:00:50.907000,0 days 00:00:43.016000,0 days 01:43:12.785000,0 days 01:44:03.692000,0 days 01:44:46.708000,191.0,127.0,,209.0,False,MEDIUM,13.0,True,Williams,0 days 01:42:34.350000,,126,17.0,,,False,False,2019,4
0 days 01:47:22.099000,RUS,63,,39.0,3.0,0 days 01:45:06.246000,,0 days 00:01:05.006000,0 days 00:00:56.895000,0 days 00:00:33.481000,0 days 01:45:51.750000,0 days 01:46:48.693000,0 days 01:47:22.294000,126.0,193.0,304.0,235.0,False,SOFT,1.0,True,Williams,0 days 01:44:46.702000,,671,15.0,,,False,False,2019,4
0 days 00:35:42.799000,RAI,7,0 days 00:02:05.201000,1.0,1.0,0 days 00:33:52.591000,,,0 days 00:00:47.435000,0 days 00:00:25.942000,,0 days 00:35:16.926000,0 days 00:35:42.987000,180.0,214.0,319.0,317.0,False,SOFT,4.0,False,Alfa Romeo Racing,0 days 00:33:37.411000,,1,17.0,,,False,False,2019,4
0 days 00:45:09.898000,RAI,7,0 days 00:02:01.670000,6.0,1.0,,0 days 00:45:08.693000,0 days 00:00:42.308000,0 days 00:00:48.201000,0 days 00:00:31.161000,0 days 00:43:50.570000,0 days 00:44:38.771000,0 days 00:45:09.932000,164.0,201.0,,318.0,False,SOFT,9.0,False,Alfa Romeo Racing,0 days 00:43:08.228000,,1,19.0,,,False,False,2019,4
0 days 00:47:16.423000,RAI,7,0 days 00:02:06.525000,7.0,2.0,0 days 00:45:30.060000,,0 days 00:00:56.182000,0 days 00:00:44.338000,0 days 00:00:26.005000,0 days 00:46:06.114000,0 days 00:46:50.452000,0 days 00:47:16.457000,199.0,211.0,312.0,311.0,False,MEDIUM,1.0,True,Alfa Romeo Racing,0 days 00:45:09.898000,,1,20.0,,,False,False,2019,4
0 days 00:55:26.068000,BOT,77,0 days 00:01:54.857000,12.0,1.0,,0 days 00:55:25.070000,0 days 00:00:39.241000,0 days 00:00:45.024000,0 days 00:00:30.592000,0 days 00:54:10.515000,0 days 00:54:55.539000,0 days 00:55:26.131000,199.0,216.0,,306.0,False,SOFT,15.0,False,Mercedes,0 days 00:53:31.211000,,1,2.0,,,False,False,2019,4
0 days 00:57:30.686000,BOT,77,0 days 00:02:04.618000,13.0,2.0,0 days 00:55:45.213000,,0 days 00:00:54.570000,0 days 00:00:44.088000,0 days 00:00:25.960000,0 days 00:56:20.701000,0 days 00:57:04.789000,0 days 00:57:30.749000,196.0,213.0,298.0,309.0,False,MEDIUM,1.0,True,Mercedes,0 days 00:55:26.068000,,1,4.0,,,False,False,2019,4
0 days 01:36:34.748000,GRO,8,0 days 00:01:53.601000,34.0,1.0,,0 days 01:36:33.915000,0 days 00:00:38.844000,0 days 00:00:43.992000,0 days 00:00:30.765000,0 days 01:35:20.062000,0 days 01:36:04.054000,0 days 01:36:34.819000,198.0,212.0,,316.0,False,MEDIUM,34.0,True,Haas F1 Team,0 days 01:34:41.147000,,1,16.0,,,False,False,2019,4
0 days 01:38:41.839000,GRO,8,0 days 00:02:07.091000,35.0,2.0,0 days 01:36:54.454000,,0 days 00:00:56.075000,0 days 00:00:45.004000,0 days 00:00:26.012000,0 days 01:37:30.894000,0 days 01:38:15.898000,0 days 01:38:41.910000,193.0,209.0,312.0,310.0,False,SOFT,6.0,False,Haas F1 Team,0 days 01:36:34.748000,,1,16.0,,,False,False,2019,4
0 days 01:44:46.149000,GRO,8,0 days 00:02:22.127000,38.0,2.0,,0 days 01:44:45.124000,0 days 00:00:44.095000,0 days 00:00:54.866000,0 days 00:00:43.166000,0 days 01:43:08.188000,0 days 01:44:03.054000,0 days 01:44:46.220000,126.0,128.0,,203.0,False,SOFT,9.0,False,Haas F1 Team,0 days 01:42:24.022000,,126,16.0,,,False,False,2019,4
0 days 00:35:45.075000,KUB,88,0 days 00:02:07.477000,1.0,1.0,0 days 00:33:51.670000,,,0 days 00:00:47.301000,0 days 00:00:26.642000,,0 days 00:35:18.544000,0 days 00:35:45.720000,170.0,196.0,313.0,312.0,False,MEDIUM,1.0,True,Williams,0 days 00:33:37.411000,,1,20.0,,,False,False,2019,4
0 days 01:00:07.875000,KUB,88,0 days 00:01:56.777000,14.0,1.0,,0 days 01:00:06.932000,0 days 00:00:39.928000,0 days 00:00:45.488000,0 days 00:00:31.361000,0 days 00:58:51.038000,0 days 00:59:36.526000,0 days 01:00:07.887000,186.0,203.0,,310.0,False,MEDIUM,14.0,True,Williams,0 days 00:58:11.098000,,1,18.0,,,False,False,2019,4
0 days 01:02:10.763000,KUB,88,0 days 00:02:02.888000,15.0,2.0,0 days 01:00:21.734000,,0 days 00:00:50.513000,0 days 00:00:45.808000,0 days 00:00:26.567000,0 days 01:00:58.400000,0 days 01:01:44.208000,0 days 01:02:10.775000,190.0,207.0,292.0,306.0,False,MEDIUM,15.0,False,Williams,0 days 01:00:07.875000,,1,20.0,,,False,False,2019,4
0 days 01:17:01.999000,KUB,88,0 days 00:01:54.983000,23.0,2.0,,0 days 01:17:00.825000,0 days 00:00:39.240000,0 days 00:00:44.711000,0 days 00:00:31.032000,0 days 01:15:46.268000,0 days 01:16:30.979000,0 days 01:17:02.011000,196.0,211.0,,306.0,False,MEDIUM,23.0,False,Williams,0 days 01:15:07.016000,,1,20.0,,,False,False,2019,4
0 days 01:19:12.589000,KUB,88,0 days 00:02:10.590000,24.0,3.0,0 days 01:17:21.855000,,0 days 00:00:57.831000,0 days 00:00:46.011000,0 days 00:00:26.748000,0 days 01:17:59.842000,0 days 01:18:45.853000,0 days 01:19:12.601000,178.0,204.0,291.0,304.0,False,MEDIUM,1.0,True,Williams,0 days 01:17:01.999000,,1,20.0,,,False,False,2019,4
0 days 01:53:15.662000,KUB,88,0 days 00:01:55.231000,42.0,3.0,,0 days 01:53:14.462000,0 days 00:00:39.616000,0 days 00:00:44.546000,0 days 00:00:31.069000,0 days 01:52:00.059000,0 days 01:52:44.605000,0 days 01:53:15.674000,196.0,208.0,,307.0,False,MEDIUM,19.0,True,Williams,0 days 01:51:20.431000,,1,16.0,,,False,False,2019,4
0 days 01:55:23.268000,KUB,88,0 days 00:02:07.606000,43.0,4.0,0 days 01:53:35.176000,,0 days 00:00:56.623000,0 days 00:00:44.677000,0 days 00:00:26.306000,0 days 01:54:12.297000,0 days 01:54:56.974000,0 days 01:55:23.280000,192.0,210.0,293.0,306.0,False,SOFT,1.0,True,Williams,0 days 01:53:15.662000,,1,16.0,,,False,False,2019,4
0 days 00:47:03.783000,GIO,99,0 days 00:02:00.316000,7.0,1.0,,0 days 00:47:02.633000,0 days 00:00:41.435000,0 days 00:00:47.565000,0 days 00:00:31.316000,0 days 00:45:44.934000,0 days 00:46:32.499000,0 days 00:47:03.815000,180.0,191.0,,315.0,False,SOFT,10.0,False,Alfa Romeo Racing,0 days 00:45:03.467000,,1,18.0,,,False,False,2019,4
0 days 00:49:10.801000,GIO,99,0 days 00:02:07.018000,8.0,2.0,0 days 00:47:23.837000,,0 days 00:00:56.200000,0 days 00:00:44.819000,0 days 00:00:25.999000,0 days 00:48:00.015000,0 days 00:48:44.834000,0 days 00:49:10.833000,189.0,203.0,312.0,313.0,False,MEDIUM,1.0,True,Alfa Romeo Racing,0 days 00:47:03.783000,,1,20.0,,,False,False,2019,4
0 days 01:03:58.367000,GAS,10,0 days 00:01:27.921000,22.0,1.0,,0 days 01:03:55.709000,0 days 00:00:23.942000,0 days 00:00:31.534000,0 days 00:00:32.445000,0 days 01:02:54.410000,0 days 01:03:25.944000,0 days 01:03:58.389000,264.0,262.0,,297.0,False,SOFT,25.0,False,Red Bull Racing,0 days 01:02:30.446000,,1,4.0,,,False,False,2019,5
0 days 01:05:40.806000,GAS,10,0 days 00:01:42.439000,23.0,2.0,0 days 01:04:18.436000,,0 days 00:00:42.873000,0 days 00:00:31.390000,0 days 00:00:28.176000,0 days 01:04:41.262000,0 days 01:05:12.652000,0 days 01:05:40.828000,273.0,260.0,272.0,251.0,False,MEDIUM,1.0,True,Red Bull Racing,0 days 01:03:58.367000,,1,9.0,,,False,False,2019,5
0 days 01:38:03.214000,GAS,10,0 days 00:02:01.274000,46.0,2.0,,0 days 01:38:00.529000,0 days 00:00:37.024000,0 days 00:00:43.523000,0 days 00:00:40.727000,0 days 01:36:38.986000,0 days 01:37:22.509000,0 days 01:38:03.236000,186.0,193.0,,303.0,False,MEDIUM,24.0,True,Red Bull Racing,0 days 01:36:01.940000,,24,6.0,,,False,False,2019,5
0 days 01:40:19.203000,GAS,10,0 days 00:02:15.989000,47.0,3.0,0 days 01:38:22.609000,,0 days 00:00:50.898000,0 days 00:00:46.378000,0 days 00:00:38.713000,0 days 01:38:54.134000,0 days 01:39:40.512000,0 days 01:40:19.225000,198.0,127.0,240.0,248.0,False,SOFT,4.0,False,Red Bull Racing,0 days 01:38:03.214000,,4,6.0,,,False,False,2019,5
0 days 01:07:14.754000,PER,11,0 days 00:01:29.200000,24.0,1.0,,0 days 01:07:12.127000,0 days 00:00:23.694000,0 days 00:00:32.185000,0 days 00:00:33.321000,0 days 01:06:09.273000,0 days 01:06:41.458000,0 days 01:07:14.779000,269.0,247.0,,306.0,False,SOFT,24.0,True,Racing Point,0 days 01:05:45.554000,,1,12.0,,,False,False,2019,5
0 days 01:08:57.792000,PER,11,0 days 00:01:43.038000,25.0,2.0,0 days 01:07:34.873000,,0 days 00:00:43.094000,0 days 00:00:31.430000,0 days 00:00:28.514000,0 days 01:07:57.873000,0 days 01:08:29.303000,0 days 01:08:57.817000,268.0,252.0,277.0,254.0,False,MEDIUM,1.0,True,Racing Point,0 days 01:07:14.754000,,1,16.0,,,False,False,2019,5
0 days 01:37:09.816000,PER,11,0 days 00:01:43.422000,45.0,2.0,,0 days 01:37:07.196000,0 days 00:00:23.453000,0 days 00:00:42.451000,0 days 00:00:37.518000,0 days 01:35:49.872000,0 days 01:36:32.323000,0 days 01:37:09.841000,269.0,192.0,,306.0,False,MEDIUM,21.0,True,Racing Point,0 days 01:35:26.394000,,124,13.0,,,False,False,2019,5
0 days 01:39:26.642000,PER,11,0 days 00:02:16.826000,46.0,3.0,0 days 01:37:30.004000,,0 days 00:00:50.840000,0 days 00:00:46.340000,0 days 00:00:39.646000,0 days 01:38:00.681000,0 days 01:38:47.021000,0 days 01:39:26.667000,158.0,205.0,128.0,254.0,False,SOFT,4.0,False,Racing Point,0 days 01:37:09.816000,,4,14.0,,,False,False,2019,5
0 days 01:07:56.237000,LEC,16,0 days 00:01:26.802000,25.0,1.0,,0 days 01:07:53.582000,0 days 00:00:23.573000,0 days 00:00:31.122000,0 days 00:00:32.107000,0 days 01:06:53.036000,0 days 01:07:24.158000,0 days 01:07:56.265000,275.0,278.0,,302.0,False,SOFT,28.0,False,Ferrari,0 days 01:06:29.435000,,1,3.0,,,False,False,2019,5
0 days 01:09:39.844000,LEC,16,0 days 00:01:43.607000,26.0,2.0,0 days 01:08:17.205000,,0 days 00:00:44.331000,0 days 00:00:30.868000,0 days 00:00:28.408000,0 days 01:08:40.596000,0 days 01:09:11.464000,0 days 01:09:39.872000,267.0,265.0,284.0,254.0,False,HARD,1.0,True,Ferrari,0 days 01:07:56.237000,,1,4.0,,,False,False,2019,5
0 days 01:37:37.271000,LEC,16,0 days 00:01:52.276000,46.0,2.0,,0 days 01:37:34.807000,0 days 00:00:23.992000,0 days 00:00:47.995000,0 days 00:00:40.289000,0 days 01:36:09.015000,0 days 01:36:57.010000,0 days 01:37:37.299000,266.0,137.0,,303.0,False,HARD,21.0,True,Ferrari,0 days 01:35:44.995000,,24,3.0,,,False,False,2019,5
0 days 01:39:51.910000,LEC,16,0 days 00:02:14.639000,47.0,3.0,0 days 01:37:56.231000,,0 days 00:00:50.239000,0 days 00:00:45.987000,0 days 00:00:38.413000,0 days 01:38:27.538000,0 days 01:39:13.525000,0 days 01:39:51.938000,128.0,198.0,233.0,255.0,False,MEDIUM,1.0,True,Ferrari,0 days 01:37:37.271000,,4,5.0,,,False,False,2019,5
0 days 01:04:29.935000,STR,18,0 days 00:01:27.999000,22.0,1.0,,0 days 01:04:27.286000,0 days 00:00:23.550000,0 days 00:00:31.623000,0 days 00:00:32.826000,0 days 01:03:25.516000,0 days 01:03:57.139000,0 days 01:04:29.965000,272.0,262.0,,308.0,False,MEDIUM,22.0,True,Racing Point,0 days 01:03:01.936000,,1,15.0,,,False,False,2019,5
0 days 01:06:13.182000,STR,18,0 days 00:01:43.247000,23.0,2.0,0 days 01:04:50.553000,,0 days 00:00:43.387000,0 days 00:00:31.306000,0 days 00:00:28.554000,0 days 01:05:13.352000,0 days 01:05:44.658000,0 days 01:06:13.212000,261.0,249.0,276.0,255.0,False,SOFT,1.0,True,Racing Point,0 days 01:04:29.935000,,1,17.0,,,False,False,2019,5
0 days 01:05:37.039000,MAG,20,0 days 00:01:28.009000,23.0,1.0,,0 days 01:05:34.382000,0 days 00:00:23.843000,0 days 00:00:31.559000,0 days 00:00:32.607000,0 days 01:04:32.936000,0 days 01:05:04.495000,0 days 01:05:37.102000,272.0,270.0,,295.0,False,SOFT,26.0,False,Haas F1 Team,0 days 01:04:09.030000,,1,7.0,,,False,False,2019,5
0 days 01:07:18.662000,MAG,20,0 days 00:01:41.623000,24.0,2.0,0 days 01:05:56.448000,,0 days 00:00:42.343000,0 days 00:00:30.997000,0 days 00:00:28.283000,0 days 01:06:19.445000,0 days 01:06:50.442000,0 days 01:07:18.725000,269.0,255.0,272.0,249.0,False,MEDIUM,1.0,True,Haas F1 Team,0 days 01:05:37.039000,,1,14.0,,,False,False,2019,5
0 days 01:36:32.893000,MAG,20,0 days 00:01:31.081000,45.0,2.0,,0 days 01:36:30.208000,0 days 00:00:23.365000,0 days 00:00:30.655000,0 days 00:00:37.061000,0 days 01:35:25.240000,0 days 01:35:55.895000,0 days 01:36:32.956000,276.0,260.0,,294.0,False,MEDIUM,22.0,True,Haas F1 Team,0 days 01:35:01.812000,,124,9.0,,,False,False,2019,5
0 days 01:38:48.386000,MAG,20,0 days 00:02:15.493000,46.0,3.0,0 days 01:36:53.199000,,0 days 00:00:50.325000,0 days 00:00:46.808000,0 days 00:00:38.360000,0 days 01:37:23.281000,0 days 01:38:10.089000,0 days 01:38:48.449000,211.0,169.0,264.0,247.0,False,SOFT,4.0,False,Haas F1 Team,0 days 01:36:32.893000,,4,8.0,,,False,False,2019,5
0 days 01:08:30.012000,ALB,23,0 days 00:01:27.702000,25.0,1.0,,0 days 01:08:27.347000,0 days 00:00:23.912000,0 days 00:00:31.565000,0 days 00:00:32.225000,0 days 01:07:26.243000,0 days 01:07:57.808000,0 days 01:08:30.033000,271.0,269.0,,300.0,False,SOFT,25.0,True,Toro Rosso,0 days 01:07:02.310000,,1,8.0,,,False,False,2019,5
0 days 01:10:13.463000,ALB,23,0 days 00:01:43.451000,26.0,2.0,0 days 01:08:50.913000,,0 days 00:00:43.830000,0 days 00:00:31.383000,0 days 00:00:28.238000,0 days 01:09:13.863000,0 days 01:09:45.246000,0 days 01:10:13.484000,269.0,263.0,275.0,250.0,False,MEDIUM,1.0,True,Toro Rosso,0 days 01:08:30.012000,,1,13.0,,,False,False,2019,5
0 days 01:36:37.444000,ALB,23,0 days 00:01:32.128000,45.0,2.0,,0 days 01:36:34.775000,0 days 00:00:23.521000,0 days 00:00:30.793000,0 days 00:00:37.814000,0 days 01:35:28.858000,0 days 01:35:59.651000,0 days 01:36:37.465000,277.0,273.0,,299.0,False,MEDIUM,20.0,True,Toro Rosso,0 days 01:35:05.316000,,124,10.0,,,False,False,2019,5
0 days 01:39:23.897000,ALB,23,,46.0,3.0,0 days 01:37:12.165000,,0 days 00:01:05.521000,0 days 00:00:53.710000,0 days 00:00:47.246000,0 days 01:37:43.073000,0 days 01:38:36.672000,0 days 01:39:24.062000,226.0,73.0,112.0,249.0,False,MEDIUM,1.0,True,Toro Rosso,0 days 01:36:37.444000,,4,11.0,,,False,False,2019,5
0 days 01:02:51.464000,KVY,26,0 days 00:01:27.854000,21.0,1.0,,0 days 01:02:48.883000,0 days 00:00:23.685000,0 days 00:00:31.761000,0 days 00:00:32.408000,0 days 01:01:47.303000,0 days 01:02:19.064000,0 days 01:02:51.472000,274.0,263.0,,300.0,False,SOFT,24.0,False,Toro Rosso,0 days 01:01:23.610000,,1,10.0,,,False,False,2019,5
0 days 01:04:34.014000,KVY,26,0 days 00:01:42.550000,22.0,2.0,0 days 01:03:10.861000,,0 days 00:00:42.701000,0 days 00:00:31.450000,0 days 00:00:28.399000,0 days 01:03:34.173000,0 days 01:04:05.623000,0 days 01:04:34.022000,270.0,262.0,272.0,249.0,False,MEDIUM,1.0,True,Toro Rosso,0 days 01:02:51.464000,,1,17.0,,,False,False,2019,5
0 days 01:36:28.746000,KVY,26,0 days 00:01:30.505000,45.0,2.0,,0 days 01:36:26.056000,0 days 00:00:23.298000,0 days 00:00:30.786000,0 days 00:00:36.421000,0 days 01:35:21.547000,0 days 01:35:52.333000,0 days 01:36:28.754000,280.0,278.0,,297.0,False,MEDIUM,24.0,True,Toro Rosso,0 days 01:34:58.241000,,124,8.0,,,False,False,2019,5
0 days 01:38:56.167000,KVY,26,0 days 00:02:27.421000,46.0,3.0,0 days 01:36:59.867000,,0 days 00:01:01.353000,0 days 00:00:48.059000,0 days 00:00:38.009000,0 days 01:37:30.107000,0 days 01:38:18.166000,0 days 01:38:56.175000,173.0,161.0,209.0,248.0,False,MEDIUM,1.0,True,Toro Rosso,0 days 01:36:28.746000,,4,9.0,,,False,False,2019,5
0 days 00:34:45.664000,HUL,27,0 days 00:01:38.687000,1.0,1.0,0 days 00:33:17.148000,,,0 days 00:00:32.918000,0 days 00:00:30.751000,,0 days 00:34:17.570000,0 days 00:34:45.828000,253.0,236.0,281.0,245.0,False,MEDIUM,1.0,True,Renault,0 days 00:33:06.785000,,12,18.0,,,False,False,2019,5
0 days 01:22:43.837000,HUL,27,0 days 00:01:27.439000,35.0,1.0,,0 days 01:22:41.200000,0 days 00:00:23.691000,0 days 00:00:31.507000,0 days 00:00:32.241000,0 days 01:21:40.102000,0 days 01:22:11.609000,0 days 01:22:43.850000,269.0,266.0,,298.0,False,MEDIUM,35.0,True,Renault,0 days 01:21:16.398000,,1,11.0,,,False,False,2019,5
0 days 01:24:25.927000,HUL,27,0 days 00:01:42.090000,36.0,2.0,0 days 01:23:03.562000,,0 days 00:00:42.551000,0 days 00:00:31.380000,0 days 00:00:28.159000,0 days 01:23:26.401000,0 days 01:23:57.781000,0 days 01:24:25.940000,267.0,265.0,272.0,252.0,False,SOFT,1.0,True,Renault,0 days 01:22:43.837000,,1,16.0,,,False,False,2019,5
0 days 01:07:10.677000,RIC,3,0 days 00:01:26.875000,24.0,1.0,,0 days 01:07:07.920000,0 days 00:00:23.836000,0 days 00:00:31.446000,0 days 00:00:31.593000,0 days 01:06:07.644000,0 days 01:06:39.090000,0 days 01:07:10.683000,271.0,263.0,,329.0,False,SOFT,27.0,False,Renault,0 days 01:05:43.802000,,1,9.0,,,False,False,2019,5
0 days 01:08:54.204000,RIC,3,0 days 00:01:43.527000,25.0,2.0,0 days 01:07:30.282000,,0 days 00:00:43.589000,0 days 00:00:31.650000,0 days 00:00:28.288000,0 days 01:07:54.272000,0 days 01:08:25.922000,0 days 01:08:54.210000,249.0,258.0,275.0,252.0,False,HARD,1.0,True,Renault,0 days 01:07:10.677000,,1,14.0,,,False,False,2019,5
0 days 01:37:02.160000,RIC,3,0 days 00:01:42.169000,45.0,2.0,,0 days 01:36:59.348000,0 days 00:00:23.739000,0 days 00:00:39.212000,0 days 00:00:39.218000,0 days 01:35:43.736000,0 days 01:36:22.948000,0 days 01:37:02.166000,267.0,132.0,,324.0,False,HARD,21.0,True,Renault,0 days 01:35:19.991000,,124,12.0,,,False,False,2019,5
0 days 01:39:25.620000,RIC,3,0 days 00:02:23.460000,46.0,3.0,0 days 01:37:21.991000,,0 days 00:00:51.662000,0 days 00:00:47.573000,0 days 00:00:44.225000,0 days 01:37:53.828000,0 days 01:38:41.401000,0 days 01:39:25.626000,206.0,151.0,109.0,239.0,False,MEDIUM,1.0,True,Renault,0 days 01:37:02.160000,,4,13.0,,,False,False,2019,5
0 days 01:00:55.380000,VER,33,0 days 00:01:26.931000,20.0,1.0,,0 days 01:00:52.842000,0 days 00:00:23.536000,0 days 00:00:31.321000,0 days 00:00:32.074000,0 days 00:59:52.003000,0 days 01:00:23.324000,0 days 01:00:55.398000,267.0,265.0,,304.0,False,SOFT,23.0,False,Red Bull Racing,0 days 00:59:28.449000,,1,4.0,,,False,False,2019,5
0 days 01:02:36.506000,VER,33,0 days 00:01:41.126000,21.0,2.0,0 days 01:01:15.132000,,0 days 00:00:42.400000,0 days 00:00:30.796000,0 days 00:00:27.930000,0 days 01:01:37.798000,0 days 01:02:08.594000,0 days 01:02:36.524000,268.0,266.0,275.0,251.0,False,SOFT,1.0,True,Red Bull Racing,0 days 01:00:55.380000,,1,5.0,,,False,False,2019,5
0 days 01:32:46.500000,VER,33,0 days 00:01:25.237000,43.0,2.0,,0 days 01:32:43.823000,0 days 00:00:23.170000,0 days 00:00:30.622000,0 days 00:00:31.445000,0 days 01:31:44.451000,0 days 01:32:15.073000,0 days 01:32:46.518000,280.0,265.0,,307.0,False,SOFT,23.0,True,Red Bull Racing,0 days 01:31:21.263000,,1,3.0,,,False,False,2019,5
0 days 01:34:26.163000,VER,33,0 days 00:01:39.663000,44.0,3.0,0 days 01:33:06.351000,,0 days 00:00:42.205000,0 days 00:00:30.248000,0 days 00:00:27.210000,0 days 01:33:28.723000,0 days 01:33:58.971000,0 days 01:34:26.181000,276.0,267.0,276.0,253.0,False,MEDIUM,1.0,True,Red Bull Racing,0 days 01:32:46.500000,,1,4.0,,,False,False,2019,5
0 days 01:10:10.115000,NOR,4,0 days 00:01:28.923000,26.0,1.0,,0 days 01:10:07.495000,0 days 00:00:24.324000,0 days 00:00:31.683000,0 days 00:00:32.916000,0 days 01:09:05.579000,0 days 01:09:37.262000,0 days 01:10:10.178000,264.0,262.0,,304.0,False,SOFT,26.0,True,McLaren,0 days 01:08:41.192000,,1,11.0,,,False,False,2019,5
0 days 01:11:51.704000,NOR,4,0 days 00:01:41.589000,27.0,2.0,0 days 01:10:29.028000,,0 days 00:00:41.997000,0 days 00:00:31.173000,0 days 00:00:28.419000,0 days 01:10:52.175000,0 days 01:11:23.348000,0 days 01:11:51.767000,272.0,263.0,276.0,254.0,False,MEDIUM,1.0,True,McLaren,0 days 01:10:10.115000,,1,17.0,,,False,False,2019,5
0 days 01:10:19.319000,HAM,44,0 days 00:01:26.194000,27.0,1.0,,0 days 01:10:16.602000,0 days 00:00:23.287000,0 days 00:00:30.999000,0 days 00:00:31.908000,0 days 01:09:16.437000,0 days 01:09:47.436000,0 days 01:10:19.344000,275.0,264.0,,304.0,False,SOFT,30.0,False,Mercedes,0 days 01:08:53.125000,,1,1.0,,,False,False,2019,5
0 days 01:12:00.547000,HAM,44,0 days 00:01:41.228000,28.0,2.0,0 days 01:10:38.887000,,0 days 00:00:42.397000,0 days 00:00:31.018000,0 days 00:00:27.813000,0 days 01:11:01.741000,0 days 01:11:32.759000,0 days 01:12:00.572000,271.0,261.0,276.0,252.0,False,MEDIUM,1.0,True,Mercedes,0 days 01:10:19.319000,,1,1.0,,,False,False,2019,5
0 days 01:36:46.865000,HAM,44,0 days 00:01:33.804000,46.0,2.0,,0 days 01:36:44.189000,0 days 00:00:22.792000,0 days 00:00:30.167000,0 days 00:00:40.845000,0 days 01:35:35.878000,0 days 01:36:06.045000,0 days 01:36:46.890000,276.0,274.0,,304.0,False,MEDIUM,19.0,True,Mercedes,0 days 01:35:13.061000,,124,1.0,,,False,False,2019,5
0 days 01:39:22.669000,HAM,44,,47.0,3.0,0 days 01:37:06.649000,,0 days 00:00:49.668000,0 days 00:00:59.233000,0 days 00:00:46.902000,0 days 01:37:36.604000,0 days 01:38:35.879000,0 days 01:39:22.820000,191.0,79.0,117.0,254.0,False,SOFT,4.0,False,Mercedes,0 days 01:36:46.865000,,4,1.0,,,False,False,2019,5
0 days 00:59:42.831000,VET,5,0 days 00:01:27.181000,19.0,1.0,,0 days 00:59:40.155000,0 days 00:00:23.427000,0 days 00:00:31.372000,0 days 00:00:32.382000,0 days 00:58:39.140000,0 days 00:59:10.512000,0 days 00:59:42.894000,278.0,272.0,,305.0,False,SOFT,22.0,False,Ferrari,0 days 00:58:15.650000,,1,6.0,,,False,False,2019,5
0 days 01:01:25.416000,VET,5,0 days 00:01:42.585000,20.0,2.0,0 days 01:00:03.893000,,0 days 00:00:43.513000,0 days 00:00:30.913000,0 days 00:00:28.159000,0 days 01:00:26.407000,0 days 01:00:57.320000,0 days 01:01:25.479000,270.0,268.0,289.0,257.0,False,MEDIUM,1.0,True,Ferrari,0 days 00:59:42.831000,,1,10.0,,,False,False,2019,5
0 days 01:28:51.429000,VET,5,0 days 00:01:25.804000,40.0,2.0,,0 days 01:28:48.743000,0 days 00:00:23.019000,0 days 00:00:30.750000,0 days 00:00:32.035000,0 days 01:27:48.707000,0 days 01:28:19.457000,0 days 01:28:51.492000,282.0,274.0,,306.0,False,MEDIUM,21.0,True,Ferrari,0 days 01:27:25.625000,,1,4.0,,,False,False,2019,5
0 days 01:30:31.037000,VET,5,0 days 00:01:39.608000,41.0,3.0,0 days 01:29:10.400000,,0 days 00:00:41.492000,0 days 00:00:30.266000,0 days 00:00:27.850000,0 days 01:29:32.984000,0 days 01:30:03.250000,0 days 01:30:31.100000,278.0,302.0,276.0,253.0,False,MEDIUM,1.0,True,Ferrari,0 days 01:28:51.429000,,1,5.0,,,False,False,2019,5
0 days 01:07:13.230000,SAI,55,0 days 00:01:29.857000,24.0,1.0,,0 days 01:07:10.577000,0 days 00:00:24.932000,0 days 00:00:32.045000,0 days 00:00:32.880000,0 days 01:06:08.361000,0 days 01:06:40.406000,0 days 01:07:13.286000,264.0,260.0,,304.0,False,SOFT,24.0,True,McLaren,0 days 01:05:43.373000,,1,10.0,,,False,False,2019,5
0 days 01:08:54.731000,SAI,55,0 days 00:01:41.501000,25.0,2.0,0 days 01:07:32.015000,,0 days 00:00:41.889000,0 days 00:00:31.286000,0 days 00:00:28.326000,0 days 01:07:55.175000,0 days 01:08:26.461000,0 days 01:08:54.787000,267.0,260.0,289.0,257.0,False,MEDIUM,1.0,True,McLaren,0 days 01:07:13.230000,,1,15.0,,,False,False,2019,5
0 days 01:38:58.485000,SAI,55,0 days 00:02:01.382000,46.0,2.0,,0 days 01:38:55.833000,0 days 00:00:34.681000,0 days 00:00:48.335000,0 days 00:00:38.366000,0 days 01:37:31.840000,0 days 01:38:20.175000,0 days 01:38:58.541000,177.0,136.0,,274.0,False,MEDIUM,22.0,True,McLaren,0 days 01:36:57.103000,,4,10.0,,,False,False,2019,5
0 days 01:40:43.863000,SAI,55,0 days 00:01:45.378000,47.0,3.0,0 days 01:39:17.347000,,0 days 00:00:44.013000,0 days 00:00:32.452000,0 days 00:00:28.913000,0 days 01:39:42.554000,0 days 01:40:15.006000,0 days 01:40:43.919000,214.0,246.0,273.0,251.0,False,SOFT,4.0,False,McLaren,0 days 01:38:58.485000,,4,10.0,,,False,False,2019,5
0 days 01:19:36.144000,RUS,63,0 days 00:01:30.685000,32.0,1.0,,0 days 01:19:33.453000,0 days 00:00:24.150000,0 days 00:00:33.031000,0 days 00:00:33.504000,0 days 01:18:29.617000,0 days 01:19:02.648000,0 days 01:19:36.152000,265.0,225.0,,297.0,False,MEDIUM,32.0,True,Williams,0 days 01:18:05.459000,,1,19.0,,,False,False,2019,5
0 days 01:21:20.336000,RUS,63,0 days 00:01:44.192000,33.0,2.0,0 days 01:19:55.893000,,0 days 00:00:43.317000,0 days 00:00:31.751000,0 days 00:00:29.124000,0 days 01:20:19.469000,0 days 01:20:51.220000,0 days 01:21:20.344000,263.0,254.0,271.0,253.0,False,SOFT,1.0,True,Williams,0 days 01:19:36.144000,,1,19.0,,,False,False,2019,5
0 days 01:37:31.980000,RUS,63,0 days 00:01:52.042000,44.0,2.0,,0 days 01:37:29.349000,0 days 00:00:25.322000,0 days 00:00:47.588000,0 days 00:00:39.132000,0 days 01:36:05.268000,0 days 01:36:52.856000,0 days 01:37:31.988000,249.0,153.0,,295.0,False,SOFT,12.0,True,Williams,0 days 01:35:39.938000,,124,19.0,,,False,False,2019,5
0 days 01:39:47.903000,RUS,63,0 days 00:02:15.923000,45.0,3.0,0 days 01:37:51.157000,,0 days 00:00:50.888000,0 days 00:00:45.648000,0 days 00:00:39.387000,0 days 01:38:22.876000,0 days 01:39:08.524000,0 days 01:39:47.911000,145.0,118.0,251.0,252.0,False,MEDIUM,1.0,True,Williams,0 days 01:37:31.980000,,4,17.0,,,False,False,2019,5
0 days 01:13:05.337000,RAI,7,0 days 00:01:29.118000,28.0,1.0,,0 days 01:13:02.692000,0 days 00:00:24.361000,0 days 00:00:31.975000,0 days 00:00:32.782000,0 days 01:12:00.623000,0 days 01:12:32.598000,0 days 01:13:05.380000,274.0,264.0,,300.0,False,MEDIUM,28.0,True,Alfa Romeo Racing,0 days 01:11:36.219000,,1,13.0,,,False,False,2019,5
0 days 01:14:48.176000,RAI,7,0 days 00:01:42.839000,29.0,2.0,0 days 01:13:25.272000,,0 days 00:00:42.547000,0 days 00:00:31.683000,0 days 00:00:28.609000,0 days 01:13:47.927000,0 days 01:14:19.610000,0 days 01:14:48.219000,276.0,263.0,275.0,253.0,False,HARD,1.0,True,Alfa Romeo Racing,0 days 01:13:05.337000,,1,17.0,,,False,False,2019,5
0 days 01:37:41.674000,RAI,7,0 days 00:01:55.481000,45.0,2.0,,0 days 01:37:39.011000,0 days 00:00:26.697000,0 days 00:00:49.433000,0 days 00:00:39.351000,0 days 01:36:12.933000,0 days 01:37:02.366000,0 days 01:37:41.717000,128.0,189.0,,305.0,False,HARD,17.0,True,Alfa Romeo Racing,0 days 01:35:46.193000,,24,15.0,,,False,False,2019,5
0 days 01:39:58.118000,RAI,7,0 days 00:02:16.444000,46.0,3.0,0 days 01:38:01.545000,,0 days 00:00:50.708000,0 days 00:00:47.074000,0 days 00:00:38.662000,0 days 01:38:32.425000,0 days 01:39:19.499000,0 days 01:39:58.161000,109.0,135.0,225.0,254.0,False,SOFT,1.0,True,Alfa Romeo Racing,0 days 01:37:41.674000,,4,15.0,,,False,False,2019,5
0 days 01:09:07.949000,BOT,77,0 days 00:01:27.529000,26.0,1.0,,0 days 01:09:05.258000,0 days 00:00:23.640000,0 days 00:00:31.358000,0 days 00:00:32.531000,0 days 01:08:04.085000,0 days 01:08:35.443000,0 days 01:09:07.974000,273.0,261.0,,305.0,False,SOFT,29.0,False,Mercedes,0 days 01:07:40.420000,,1,2.0,,,False,False,2019,5
0 days 01:10:48.994000,BOT,77,0 days 00:01:41.045000,27.0,2.0,0 days 01:09:27.308000,,0 days 00:00:42.566000,0 days 00:00:30.727000,0 days 00:00:27.752000,0 days 01:09:50.540000,0 days 01:10:21.267000,0 days 01:10:49.019000,260.0,264.0,276.0,250.0,False,MEDIUM,1.0,True,Mercedes,0 days 01:09:07.949000,,1,2.0,,,False,False,2019,5
0 days 01:35:24.247000,BOT,77,0 days 00:01:24.690000,45.0,2.0,,0 days 01:35:21.533000,0 days 00:00:22.704000,0 days 00:00:30.334000,0 days 00:00:31.652000,0 days 01:34:22.286000,0 days 01:34:52.620000,0 days 01:35:24.272000,278.0,271.0,,307.0,False,MEDIUM,19.0,True,Mercedes,0 days 01:33:59.557000,,1,2.0,,,False,False,2019,5
0 days 01:37:34.632000,BOT,77,0 days 00:02:10.385000,46.0,3.0,0 days 01:35:43.537000,,0 days 00:00:43.289000,0 days 00:00:48.187000,0 days 00:00:38.909000,0 days 01:36:07.561000,0 days 01:36:55.748000,0 days 01:37:34.657000,273.0,142.0,173.0,253.0,False,SOFT,4.0,False,Mercedes,0 days 01:35:24.247000,,124,2.0,,,False,False,2019,5
0 days 01:09:43.078000,GRO,8,0 days 00:01:27.596000,26.0,1.0,,0 days 01:09:40.424000,0 days 00:00:23.793000,0 days 00:00:31.223000,0 days 00:00:32.580000,0 days 01:08:39.329000,0 days 01:09:10.552000,0 days 01:09:43.132000,274.0,259.0,,293.0,False,SOFT,29.0,False,Haas F1 Team,0 days 01:08:15.482000,,1,6.0,,,False,False,2019,5
0 days 01:11:25.585000,GRO,8,0 days 00:01:42.507000,27.0,2.0,0 days 01:10:02.805000,,0 days 00:00:42.468000,0 days 00:00:31.392000,0 days 00:00:28.647000,0 days 01:10:25.600000,0 days 01:10:56.992000,0 days 01:11:25.639000,246.0,291.0,269.0,251.0,False,MEDIUM,1.0,True,Haas F1 Team,0 days 01:09:43.078000,,1,7.0,,,False,False,2019,5
0 days 01:38:16.614000,GRO,8,0 days 00:02:04.674000,46.0,2.0,,0 days 01:38:13.936000,0 days 00:00:45.731000,0 days 00:00:38.802000,0 days 00:00:40.141000,0 days 01:36:57.725000,0 days 01:37:36.527000,0 days 01:38:16.668000,226.0,154.0,,233.0,False,MEDIUM,20.0,True,Haas F1 Team,0 days 01:36:11.940000,,4,7.0,,,False,False,2019,5
0 days 01:40:32.987000,GRO,8,0 days 00:02:16.373000,47.0,3.0,0 days 01:38:36.656000,,0 days 00:00:50.537000,0 days 00:00:46.763000,0 days 00:00:39.073000,0 days 01:39:07.205000,0 days 01:39:53.968000,0 days 01:40:33.041000,163.0,171.0,204.0,248.0,False,SOFT,4.0,False,Haas F1 Team,0 days 01:38:16.614000,,4,7.0,,,False,False,2019,5
0 days 01:18:19.494000,KUB,88,0 days 00:01:30.896000,31.0,1.0,,0 days 01:18:16.815000,0 days 00:00:24.449000,0 days 00:00:32.887000,0 days 00:00:33.560000,0 days 01:17:13.055000,0 days 01:17:45.942000,0 days 01:18:19.502000,261.0,256.0,,296.0,False,MEDIUM,31.0,True,Williams,0 days 01:16:48.598000,,1,20.0,,,False,False,2019,5
0 days 01:20:10.443000,KUB,88,0 days 00:01:50.949000,32.0,2.0,0 days 01:18:38.843000,,0 days 00:00:44.354000,0 days 00:00:35.141000,0 days 00:00:31.454000,0 days 01:19:03.856000,0 days 01:19:38.997000,0 days 01:20:10.451000,179.0,192.0,272.0,254.0,False,SOFT,1.0,True,Williams,0 days 01:18:19.494000,,1,20.0,,,False,False,2019,5
0 days 01:38:02.107000,KUB,88,0 days 00:02:01.716000,44.0,2.0,,0 days 01:37:59.661000,0 days 00:00:35.839000,0 days 00:00:44.825000,0 days 00:00:41.052000,0 days 01:36:36.238000,0 days 01:37:21.063000,0 days 01:38:02.115000,168.0,183.0,,296.0,False,SOFT,13.0,True,Williams,0 days 01:36:00.391000,,24,20.0,,,False,False,2019,5
0 days 01:40:18.162000,KUB,88,0 days 00:02:16.055000,45.0,3.0,0 days 01:38:21.623000,,0 days 00:00:50.975000,0 days 00:00:46.165000,0 days 00:00:38.915000,0 days 01:38:53.090000,0 days 01:39:39.255000,0 days 01:40:18.170000,148.0,178.0,230.0,251.0,False,MEDIUM,1.0,True,Williams,0 days 01:38:02.107000,,4,18.0,,,False,False,2019,5
0 days 00:41:58.769000,GIO,99,0 days 00:01:30.587000,6.0,1.0,,0 days 00:41:57.697000,0 days 00:00:24.576000,0 days 00:00:32.711000,0 days 00:00:33.300000,0 days 00:40:52.758000,0 days 00:41:25.469000,0 days 00:41:58.769000,257.0,231.0,,306.0,False,SOFT,6.0,True,Alfa Romeo Racing,0 days 00:40:28.182000,,1,18.0,,,False,False,2019,5
0 days 00:43:42.591000,GIO,99,0 days 00:01:43.822000,7.0,2.0,0 days 00:42:18.479000,,0 days 00:00:43.194000,0 days 00:00:31.660000,0 days 00:00:28.968000,0 days 00:42:41.963000,0 days 00:43:13.623000,0 days 00:43:42.591000,268.0,256.0,272.0,251.0,False,HARD,1.0,True,Alfa Romeo Racing,0 days 00:41:58.769000,,1,20.0,,,False,False,2019,5
0 days 01:32:12.112000,GIO,99,0 days 00:01:31.113000,41.0,2.0,,0 days 01:32:09.457000,0 days 00:00:24.362000,0 days 00:00:32.998000,0 days 00:00:33.753000,0 days 01:31:05.361000,0 days 01:31:38.359000,0 days 01:32:12.112000,263.0,256.0,,299.0,False,HARD,35.0,True,Alfa Romeo Racing,0 days 01:30:40.999000,,1,18.0,,,False,False,2019,5
0 days 01:33:57.335000,GIO,99,0 days 00:01:45.223000,42.0,3.0,0 days 01:32:32.942000,,0 days 00:00:45.911000,0 days 00:00:31.013000,0 days 00:00:28.299000,0 days 01:32:58.023000,0 days 01:33:29.036000,0 days 01:33:57.335000,267.0,257.0,288.0,254.0,False,SOFT,1.0,True,Alfa Romeo Racing,0 days 01:32:12.112000,,1,18.0,,,False,False,2019,5
0 days 00:47:27.224000,HAM,44,0 days 00:01:49.838000,11.0,1.0,,0 days 00:47:03.699000,0 days 00:00:20.281000,0 days 00:00:50.232000,0 days 00:00:39.325000,0 days 00:45:57.691000,0 days 00:46:47.923000,0 days 00:47:27.248000,194.0,177.0,,186.0,False,SOFT,16.0,False,Mercedes,0 days 00:45:37.386000,,24,1.0,,,False,False,2019,6
0 days 00:49:26.567000,HAM,44,0 days 00:01:59.343000,12.0,2.0,0 days 00:47:27.966000,,0 days 00:00:29.589000,0 days 00:00:55.374000,0 days 00:00:34.380000,0 days 00:47:56.837000,0 days 00:48:52.211000,0 days 00:49:26.591000,108.0,144.0,142.0,126.0,False,MEDIUM,1.0,True,Mercedes,0 days 00:47:27.224000,,4,1.0,,,False,False,2019,6
0 days 00:47:36.253000,VET,5,0 days 00:01:54.374000,11.0,1.0,,0 days 00:47:12.553000,0 days 00:00:20.192000,0 days 00:00:51.184000,0 days 00:00:42.998000,0 days 00:46:02.147000,0 days 00:46:53.331000,0 days 00:47:36.329000,205.0,154.0,,137.0,False,SOFT,14.0,False,Ferrari,0 days 00:45:41.879000,,24,4.0,,,False,False,2019,6
0 days 00:49:29.021000,VET,5,0 days 00:01:52.768000,12.0,2.0,0 days 00:47:36.982000,,0 days 00:00:28.358000,0 days 00:00:51.637000,0 days 00:00:32.773000,0 days 00:48:04.687000,0 days 00:48:56.324000,0 days 00:49:29.097000,140.0,134.0,148.0,191.0,False,HARD,1.0,True,Ferrari,0 days 00:47:36.253000,,4,3.0,,,False,False,2019,6
0 days 00:47:35.653000,BOT,77,0 days 00:01:57.137000,11.0,1.0,,0 days 00:47:11.357000,0 days 00:00:20.413000,0 days 00:00:53.303000,0 days 00:00:43.421000,0 days 00:45:59.010000,0 days 00:46:52.313000,0 days 00:47:35.734000,196.0,129.0,,174.0,False,SOFT,16.0,False,Mercedes,0 days 00:45:38.516000,,24,3.0,,,False,False,2019,6
0 days 00:49:42.211000,BOT,77,0 days 00:02:06.558000,12.0,2.0,0 days 00:47:36.415000,0 days 00:49:18.179000,0 days 00:00:27.821000,0 days 00:00:51.333000,0 days 00:00:47.404000,0 days 00:48:03.555000,0 days 00:48:54.888000,0 days 00:49:42.292000,147.0,149.0,,176.0,False,MEDIUM,1.0,True,Mercedes,0 days 00:47:35.653000,,4,4.0,,,False,False,2019,6
0 days 00:51:22.958000,BOT,77,0 days 00:01:40.747000,13.0,3.0,0 days 00:49:43.040000,,0 days 00:00:24.951000,0 days 00:00:44.880000,0 days 00:00:30.916000,0 days 00:50:07.243000,0 days 00:50:52.123000,0 days 00:51:23.039000,170.0,148.0,215.0,231.0,False,HARD,1.0,True,Mercedes,0 days 00:49:42.211000,,4,4.0,,,False,False,2019,6
0 days 00:47:35.273000,VER,33,0 days 00:01:55.101000,11.0,1.0,,0 days 00:47:11.987000,0 days 00:00:20.279000,0 days 00:00:52.235000,0 days 00:00:42.587000,0 days 00:46:00.461000,0 days 00:46:52.696000,0 days 00:47:35.283000,195.0,150.0,,136.0,False,SOFT,14.0,False,Red Bull Racing,0 days 00:45:40.172000,,24,2.0,,,False,False,2019,6
0 days 00:49:27.506000,VER,33,0 days 00:01:52.233000,12.0,2.0,0 days 00:47:35.998000,,0 days 00:00:26.920000,0 days 00:00:51.381000,0 days 00:00:33.932000,0 days 00:48:02.203000,0 days 00:48:53.584000,0 days 00:49:27.516000,171.0,148.0,159.0,202.0,False,HARD,1.0,True,Red Bull Racing,0 days 00:47:35.273000,,4,2.0,,,False,False,2019,6
0 days 01:10:42.196000,GAS,10,0 days 00:01:34.305000,27.0,1.0,,0 days 01:10:18.787000,0 days 00:00:20.286000,0 days 00:00:36.373000,0 days 00:00:37.646000,0 days 01:09:28.188000,0 days 01:10:04.561000,0 days 01:10:42.207000,204.0,185.0,,279.0,False,SOFT,31.0,False,Red Bull Racing,0 days 01:09:07.891000,,1,9.0,,,False,False,2019,6
0 days 01:12:04.680000,GAS,10,0 days 00:01:22.484000,28.0,2.0,0 days 01:10:42.945000,,0 days 00:00:23.857000,0 days 00:00:37.364000,0 days 00:00:21.263000,0 days 01:11:06.064000,0 days 01:11:43.428000,0 days 01:12:04.691000,188.0,177.0,256.0,277.0,False,MEDIUM,1.0,True,Red Bull Racing,0 days 01:10:42.196000,,1,9.0,,,False,False,2019,6
0 days 01:56:05.444000,GAS,10,0 days 00:01:33.363000,62.0,2.0,,0 days 01:55:42.338000,0 days 00:00:20.192000,0 days 00:00:35.908000,0 days 00:00:37.263000,0 days 01:54:52.284000,0 days 01:55:28.192000,0 days 01:56:05.455000,208.0,187.0,,277.0,False,MEDIUM,35.0,True,Red Bull Racing,0 days 01:54:32.081000,,1,5.0,,,False,False,2019,6
0 days 01:57:27.148000,GAS,10,0 days 00:01:21.704000,63.0,3.0,0 days 01:56:06.203000,,0 days 00:00:23.634000,0 days 00:00:36.963000,0 days 00:00:21.107000,0 days 01:56:29.089000,0 days 01:57:06.052000,0 days 01:57:27.159000,193.0,182.0,255.0,276.0,False,SOFT,4.0,False,Red Bull Racing,0 days 01:56:05.444000,,1,5.0,,,False,False,2019,6
0 days 01:14:38.127000,SAI,55,0 days 00:01:34.373000,30.0,1.0,,0 days 01:14:15.078000,0 days 00:00:20.513000,0 days 00:00:36.534000,0 days 00:00:37.326000,0 days 01:13:24.340000,0 days 01:14:00.874000,0 days 01:14:38.200000,198.0,194.0,,283.0,False,SOFT,35.0,False,McLaren,0 days 01:13:03.754000,,1,8.0,,,False,False,2019,6
0 days 01:15:58.084000,SAI,55,0 days 00:01:19.957000,31.0,2.0,0 days 01:14:38.871000,,0 days 00:00:23.289000,0 days 00:00:36.116000,0 days 00:00:20.552000,0 days 01:15:01.489000,0 days 01:15:37.605000,0 days 01:15:58.157000,192.0,197.0,263.0,283.0,False,MEDIUM,1.0,True,McLaren,0 days 01:14:38.127000,,1,9.0,,,False,False,2019,6
0 days 01:17:11.889000,KVY,26,0 days 00:01:33.115000,32.0,1.0,,0 days 01:16:48.630000,0 days 00:00:20.030000,0 days 00:00:35.867000,0 days 00:00:37.218000,0 days 01:15:58.823000,0 days 01:16:34.690000,0 days 01:17:11.908000,208.0,194.0,,280.0,False,SOFT,37.0,False,Toro Rosso,0 days 01:15:38.774000,,1,7.0,,,False,False,2019,6
0 days 01:18:33.601000,KVY,26,0 days 00:01:21.712000,33.0,2.0,0 days 01:17:12.632000,,0 days 00:00:23.412000,0 days 00:00:37.076000,0 days 00:00:21.224000,0 days 01:17:35.320000,0 days 01:18:12.396000,0 days 01:18:33.620000,193.0,184.0,259.0,282.0,False,MEDIUM,1.0,True,Toro Rosso,0 days 01:17:11.889000,,1,9.0,,,False,False,2019,6
0 days 01:27:40.173000,ALB,23,0 days 00:01:36.341000,40.0,1.0,,0 days 01:27:15.845000,0 days 00:00:20.579000,0 days 00:00:36.861000,0 days 00:00:38.901000,0 days 01:26:24.421000,0 days 01:27:01.282000,0 days 01:27:40.183000,194.0,190.0,,280.0,False,SOFT,45.0,False,Toro Rosso,0 days 01:26:03.832000,,1,9.0,,,False,False,2019,6
0 days 01:28:58.528000,ALB,23,0 days 00:01:18.355000,41.0,2.0,0 days 01:27:40.930000,,0 days 00:00:22.875000,0 days 00:00:35.377000,0 days 00:00:20.103000,0 days 01:28:03.058000,0 days 01:28:38.435000,0 days 01:28:58.538000,191.0,193.0,258.0,280.0,False,MEDIUM,1.0,True,Toro Rosso,0 days 01:27:40.173000,,12,9.0,,,False,False,2019,6
0 days 00:48:18.656000,RIC,3,0 days 00:02:05.595000,11.0,1.0,,0 days 00:47:55.140000,0 days 00:00:36.483000,0 days 00:00:47.539000,0 days 00:00:41.573000,0 days 00:46:49.630000,0 days 00:47:37.169000,0 days 00:48:18.742000,168.0,152.0,,190.0,False,SOFT,16.0,False,Renault,0 days 00:46:13.061000,,4,12.0,,,False,False,2019,6
0 days 00:50:00.366000,RIC,3,0 days 00:01:41.710000,12.0,2.0,0 days 00:48:19.392000,,0 days 00:00:29.241000,0 days 00:00:44.822000,0 days 00:00:27.647000,0 days 00:48:47.983000,0 days 00:49:32.805000,0 days 00:50:00.452000,146.0,155.0,175.0,224.0,False,MEDIUM,1.0,True,Renault,0 days 00:48:18.656000,,4,13.0,,,False,False,2019,6
0 days 01:40:35.362000,GRO,8,0 days 00:01:35.080000,50.0,1.0,,0 days 01:40:11.881000,0 days 00:00:20.507000,0 days 00:00:36.736000,0 days 00:00:37.837000,0 days 01:39:20.824000,0 days 01:39:57.560000,0 days 01:40:35.397000,198.0,191.0,,281.0,False,SOFT,50.0,True,Haas F1 Team,0 days 01:39:00.282000,,1,9.0,,,False,False,2019,6
0 days 01:41:55.983000,GRO,8,0 days 00:01:20.621000,51.0,2.0,0 days 01:40:36.115000,,0 days 00:00:23.055000,0 days 00:00:36.374000,0 days 00:00:21.192000,0 days 01:40:58.452000,0 days 01:41:34.826000,0 days 01:41:56.018000,193.0,187.0,262.0,280.0,False,MEDIUM,1.0,True,Haas F1 Team,0 days 01:40:35.362000,,1,9.0,,,False,False,2019,6
0 days 01:37:21.206000,NOR,4,0 days 00:01:36.145000,47.0,1.0,,0 days 01:36:57.038000,0 days 00:00:20.484000,0 days 00:00:37.008000,0 days 00:00:38.653000,0 days 01:36:05.624000,0 days 01:36:42.632000,0 days 01:37:21.285000,204.0,192.0,,282.0,False,MEDIUM,47.0,True,McLaren,0 days 01:35:45.061000,,1,10.0,,,False,False,2019,6
0 days 01:38:41.195000,NOR,4,0 days 00:01:19.989000,48.0,2.0,0 days 01:37:22.117000,,0 days 00:00:23.469000,0 days 00:00:36.090000,0 days 00:00:20.430000,0 days 01:37:44.754000,0 days 01:38:20.844000,0 days 01:38:41.274000,190.0,185.0,266.0,283.0,False,SOFT,1.0,True,McLaren,0 days 01:37:21.206000,,1,11.0,,,False,False,2019,6
0 days 00:48:37.576000,PER,11,0 days 00:02:03.212000,11.0,1.0,,0 days 00:48:11.099000,0 days 00:00:29.037000,0 days 00:00:48.046000,0 days 00:00:46.129000,0 days 00:47:03.415000,0 days 00:47:51.461000,0 days 00:48:37.590000,134.0,132.0,,228.0,False,MEDIUM,11.0,True,Racing Point,0 days 00:46:34.364000,,4,17.0,,,False,False,2019,6
0 days 00:50:10.730000,PER,11,0 days 00:01:33.154000,12.0,2.0,0 days 00:48:38.316000,,0 days 00:00:29.676000,0 days 00:00:40.798000,0 days 00:00:22.680000,0 days 00:49:07.266000,0 days 00:49:48.064000,0 days 00:50:10.744000,144.0,168.0,244.0,239.0,False,HARD,1.0,True,Racing Point,0 days 00:48:37.576000,,4,17.0,,,False,False,2019,6
0 days 00:45:24.274000,HUL,27,0 days 00:01:47.635000,9.0,1.0,,0 days 00:44:59.484000,0 days 00:00:22.992000,0 days 00:00:40.870000,0 days 00:00:43.773000,0 days 00:43:59.646000,0 days 00:44:40.516000,0 days 00:45:24.289000,167.0,129.0,,225.0,False,MEDIUM,9.0,True,Renault,0 days 00:43:36.639000,,12,19.0,,,False,False,2019,6
0 days 00:47:00.283000,HUL,27,0 days 00:01:36.009000,10.0,2.0,0 days 00:45:25.018000,,0 days 00:00:23.964000,0 days 00:00:47.746000,0 days 00:00:24.299000,0 days 00:45:48.253000,0 days 00:46:35.999000,0 days 00:47:00.298000,185.0,151.0,126.0,133.0,False,HARD,1.0,True,Renault,0 days 00:45:24.274000,,124,18.0,,,False,False,2019,6
0 days 00:48:20.310000,MAG,20,0 days 00:02:05.580000,11.0,1.0,,0 days 00:47:55.625000,0 days 00:00:35.960000,0 days 00:00:47.476000,0 days 00:00:42.144000,0 days 00:46:50.778000,0 days 00:47:38.254000,0 days 00:48:20.398000,152.0,145.0,,219.0,False,SOFT,16.0,False,Haas F1 Team,0 days 00:46:14.730000,,4,14.0,,,False,False,2019,6
0 days 00:50:01.254000,MAG,20,0 days 00:01:40.944000,12.0,2.0,0 days 00:48:21.034000,,0 days 00:00:28.515000,0 days 00:00:44.945000,0 days 00:00:27.484000,0 days 00:48:48.913000,0 days 00:49:33.858000,0 days 00:50:01.342000,148.0,159.0,178.0,241.0,False,MEDIUM,1.0,True,Haas F1 Team,0 days 00:48:20.310000,,4,14.0,,,False,False,2019,6
0 days 00:47:00.620000,RUS,63,0 days 00:01:50.285000,10.0,1.0,,0 days 00:46:35.306000,0 days 00:00:21.290000,0 days 00:00:37.999000,0 days 00:00:50.996000,0 days 00:45:31.650000,0 days 00:46:09.649000,0 days 00:47:00.645000,189.0,180.0,,281.0,False,MEDIUM,10.0,True,Williams,0 days 00:45:10.335000,,124,19.0,,,False,False,2019,6
0 days 00:48:46.024000,RUS,63,0 days 00:01:45.404000,11.0,2.0,0 days 00:47:01.355000,,0 days 00:00:31.031000,0 days 00:00:48.470000,0 days 00:00:25.903000,0 days 00:47:31.676000,0 days 00:48:20.146000,0 days 00:48:46.049000,123.0,154.0,242.0,151.0,False,HARD,1.0,True,Williams,0 days 00:47:00.620000,,4,19.0,,,False,False,2019,6
0 days 01:26:59.118000,STR,18,0 days 00:01:36.398000,39.0,1.0,,0 days 01:26:35.268000,0 days 00:00:20.632000,0 days 00:00:37.276000,0 days 00:00:38.490000,0 days 01:25:43.358000,0 days 01:26:20.634000,0 days 01:26:59.124000,197.0,189.0,,278.0,False,MEDIUM,39.0,True,Racing Point,0 days 01:25:22.720000,,1,18.0,,,False,False,2019,6
0 days 01:28:19.701000,STR,18,0 days 00:01:20.583000,40.0,1.0,0 days 01:26:59.880000,,0 days 00:00:23.432000,0 days 00:00:36.517000,0 days 00:00:20.634000,0 days 01:27:22.556000,0 days 01:27:59.073000,0 days 01:28:19.707000,188.0,193.0,262.0,283.0,False,MEDIUM,40.0,True,Racing Point,0 days 01:26:59.118000,,12,18.0,,,False,False,2019,6
0 days 01:36:24.958000,RAI,7,0 days 00:01:40.956000,46.0,1.0,,0 days 01:35:59.532000,0 days 00:00:21.729000,0 days 00:00:38.612000,0 days 00:00:40.615000,0 days 01:35:05.759000,0 days 01:35:44.371000,0 days 01:36:24.986000,183.0,172.0,,276.0,False,SOFT,46.0,True,Alfa Romeo Racing,0 days 01:34:44.002000,,1,17.0,,,False,False,2019,6
0 days 01:37:50.184000,RAI,7,0 days 00:01:25.226000,47.0,2.0,0 days 01:36:25.689000,,0 days 00:00:25.741000,0 days 00:00:38.331000,0 days 00:00:21.154000,0 days 01:36:50.727000,0 days 01:37:29.058000,0 days 01:37:50.212000,186.0,183.0,256.0,275.0,False,MEDIUM,1.0,True,Alfa Romeo Racing,0 days 01:36:24.958000,,1,17.0,,,False,False,2019,6
0 days 01:03:32.160000,KUB,88,0 days 00:01:37.659000,21.0,1.0,,0 days 01:03:09.109000,0 days 00:00:21.595000,0 days 00:00:37.727000,0 days 00:00:38.337000,0 days 01:02:16.114000,0 days 01:02:53.841000,0 days 01:03:32.178000,185.0,181.0,,277.0,False,MEDIUM,21.0,True,Williams,0 days 01:01:54.501000,,1,19.0,,,False,False,2019,6
0 days 01:04:55.137000,KUB,88,0 days 00:01:22.977000,22.0,2.0,0 days 01:03:33.002000,,0 days 00:00:24.346000,0 days 00:00:37.424000,0 days 00:00:21.207000,0 days 01:03:56.524000,0 days 01:04:33.948000,0 days 01:04:55.155000,182.0,181.0,257.0,274.0,False,HARD,1.0,True,Williams,0 days 01:03:32.160000,,1,19.0,,,False,False,2019,6
0 days 01:34:03.824000,GIO,99,0 days 00:01:48.861000,44.0,1.0,,0 days 01:33:29.057000,0 days 00:00:21.375000,0 days 00:00:37.795000,0 days 00:00:49.691000,0 days 01:32:36.338000,0 days 01:33:14.133000,0 days 01:34:03.824000,193.0,186.0,,282.0,False,SOFT,44.0,True,Alfa Romeo Racing,0 days 01:32:14.963000,,1,19.0,,,False,False,2019,6
0 days 01:35:24.799000,GIO,99,0 days 00:01:20.975000,45.0,2.0,0 days 01:34:04.552000,,0 days 00:00:23.936000,0 days 00:00:36.375000,0 days 00:00:20.664000,0 days 01:34:27.760000,0 days 01:35:04.135000,0 days 01:35:24.799000,192.0,186.0,261.0,281.0,False,MEDIUM,1.0,True,Alfa Romeo Racing,0 days 01:34:03.824000,,1,19.0,,,False,False,2019,6
0 days 00:45:36.740000,LEC,16,0 days 00:01:57.179000,9.0,1.0,,0 days 00:45:11.520000,0 days 00:00:23.384000,0 days 00:00:47.390000,0 days 00:00:46.405000,0 days 00:44:03.026000,0 days 00:44:50.416000,0 days 00:45:36.821000,174.0,98.0,,206.0,False,MEDIUM,9.0,True,Ferrari,0 days 00:43:39.561000,,12,20.0,,,False,False,2019,6
0 days 00:47:22.328000,LEC,16,0 days 00:01:45.588000,10.0,2.0,0 days 00:45:37.474000,,0 days 00:00:27.340000,0 days 00:00:54.257000,0 days 00:00:23.991000,0 days 00:46:04.161000,0 days 00:46:58.418000,0 days 00:47:22.409000,174.0,135.0,253.0,129.0,False,HARD,1.0,True,Ferrari,0 days 00:45:36.740000,,24,20.0,,,False,False,2019,6
0 days 00:56:56.095000,LEC,16,0 days 00:01:43.124000,16.0,2.0,,0 days 00:56:31.140000,0 days 00:00:22.610000,0 days 00:00:40.203000,0 days 00:00:40.311000,0 days 00:55:35.662000,0 days 00:56:15.865000,0 days 00:56:56.176000,180.0,159.0,,250.0,False,HARD,7.0,True,Ferrari,0 days 00:55:12.971000,,1,20.0,,,False,False,2019,6
0 days 00:58:18.167000,LEC,16,,17.0,3.0,0 days 00:56:56.827000,0 days 00:58:18.248000,0 days 00:00:25.343000,0 days 00:00:39.551000,,0 days 00:57:21.533000,0 days 00:58:01.100000,,188.0,141.0,,251.0,False,SOFT,1.0,True,Ferrari,0 days 00:56:56.095000,,1,20.0,,,False,False,2019,6
0 days 00:42:33.904000,GAS,10,0 days 00:01:33.794000,7.0,1.0,,0 days 00:42:12.698000,0 days 00:00:21.837000,0 days 00:00:25.243000,0 days 00:00:46.714000,0 days 00:41:21.972000,0 days 00:41:47.215000,0 days 00:42:33.929000,236.0,279.0,,306.0,False,SOFT,10.0,False,Red Bull Racing,0 days 00:41:00.110000,,1,13.0,,,False,False,2019,7
0 days 00:43:54.032000,GAS,10,0 days 00:01:20.128000,8.0,2.0,0 days 00:42:35.338000,,0 days 00:00:23.840000,0 days 00:00:24.842000,0 days 00:00:31.446000,0 days 00:42:57.769000,0 days 00:43:22.611000,0 days 00:43:54.057000,248.0,279.0,278.0,304.0,False,HARD,1.0,True,Red Bull Racing,0 days 00:42:33.904000,,1,13.0,,,False,False,2019,7
0 days 00:48:03.689000,PER,11,0 days 00:01:35.697000,11.0,1.0,,0 days 00:47:41.105000,0 days 00:00:22.399000,0 days 00:00:25.479000,0 days 00:00:47.819000,0 days 00:46:50.405000,0 days 00:47:15.884000,0 days 00:48:03.703000,250.0,279.0,,314.0,False,MEDIUM,11.0,True,Racing Point,0 days 00:46:27.992000,,21,15.0,,,False,False,2019,7
0 days 00:49:23.429000,PER,11,0 days 00:01:19.740000,12.0,2.0,0 days 00:48:05.275000,,0 days 00:00:23.626000,0 days 00:00:25.041000,0 days 00:00:31.073000,0 days 00:48:27.329000,0 days 00:48:52.370000,0 days 00:49:23.443000,249.0,278.0,281.0,310.0,False,HARD,1.0,True,Racing Point,0 days 00:48:03.689000,,12,15.0,,,False,False,2019,7
0 days 01:15:48.108000,LEC,16,0 days 00:01:33.611000,33.0,1.0,,0 days 01:15:25.898000,0 days 00:00:21.588000,0 days 00:00:25.014000,0 days 00:00:47.009000,0 days 01:14:36.141000,0 days 01:15:01.155000,0 days 01:15:48.164000,257.0,283.0,,307.0,False,MEDIUM,38.0,False,Ferrari,0 days 01:14:14.497000,,1,3.0,,,False,False,2019,7
0 days 01:17:07.771000,LEC,16,0 days 00:01:19.663000,34.0,2.0,0 days 01:15:49.854000,,0 days 00:00:24.224000,0 days 00:00:24.851000,0 days 00:00:30.588000,0 days 01:16:12.388000,0 days 01:16:37.239000,0 days 01:17:07.827000,247.0,286.0,284.0,311.0,False,HARD,1.0,False,Ferrari,0 days 01:15:48.108000,,1,4.0,,,False,False,2019,7
0 days 01:31:54.616000,STR,18,0 days 00:01:33.215000,45.0,1.0,,0 days 01:31:34.320000,0 days 00:00:21.383000,0 days 00:00:24.691000,0 days 00:00:47.141000,0 days 01:30:42.796000,0 days 01:31:07.487000,0 days 01:31:54.628000,251.0,277.0,,300.0,False,HARD,45.0,True,Racing Point,0 days 01:30:21.401000,,1,10.0,,,False,False,2019,7
0 days 01:33:13.635000,STR,18,0 days 00:01:19.019000,46.0,2.0,0 days 01:31:56.122000,,0 days 00:00:23.647000,0 days 00:00:24.633000,0 days 00:00:30.739000,0 days 01:32:18.275000,0 days 01:32:42.908000,0 days 01:33:13.647000,252.0,279.0,279.0,301.0,False,MEDIUM,1.0,True,Racing Point,0 days 01:31:54.616000,,1,10.0,,,False,False,2019,7
0 days 00:34:42.731000,MAG,20,0 days 00:01:38.531000,1.0,1.0,0 days 00:33:18.385000,,,0 days 00:00:27.888000,0 days 00:00:31.883000,,0 days 00:34:10.917000,0 days 00:34:42.904000,249.0,278.0,277.0,304.0,False,HARD,1.0,True,Haas F1 Team,0 days 00:33:04.006000,,12,19.0,,,False,False,2019,7
0 days 01:25:17.774000,MAG,20,0 days 00:01:34.788000,39.0,1.0,,0 days 01:24:54.893000,0 days 00:00:21.804000,0 days 00:00:25.119000,0 days 00:00:47.865000,0 days 01:24:04.852000,0 days 01:24:29.971000,0 days 01:25:17.836000,246.0,277.0,,297.0,False,HARD,39.0,True,Haas F1 Team,0 days 01:23:42.986000,,1,18.0,,,False,False,2019,7
0 days 01:26:37.899000,MAG,20,0 days 00:01:20.125000,40.0,2.0,0 days 01:25:19.295000,,0 days 00:00:23.944000,0 days 00:00:25.094000,0 days 00:00:31.087000,0 days 01:25:41.780000,0 days 01:26:06.874000,0 days 01:26:37.961000,254.0,281.0,279.0,305.0,False,MEDIUM,1.0,True,Haas F1 Team,0 days 01:25:17.774000,,1,18.0,,,False,False,2019,7
0 days 00:35:10.544000,ALB,23,0 days 00:02:06.344000,1.0,1.0,,0 days 00:34:34.058000,,0 days 00:00:29.665000,0 days 00:01:03.849000,,0 days 00:34:06.992000,0 days 00:35:11.378000,168.0,245.0,,297.0,False,MEDIUM,1.0,True,Toro Rosso,0 days 00:33:04.006000,,12,20.0,,,False,False,2019,7
0 days 00:36:33.276000,ALB,23,0 days 00:01:22.732000,2.0,2.0,0 days 00:35:12.151000,,0 days 00:00:24.973000,0 days 00:00:25.917000,0 days 00:00:31.842000,0 days 00:35:35.521000,0 days 00:36:01.438000,0 days 00:36:33.280000,229.0,274.0,270.0,296.0,False,HARD,1.0,True,Toro Rosso,0 days 00:35:10.544000,,1,20.0,,,False,False,2019,7
0 days 01:52:26.565000,ALB,23,,60.0,2.0,,0 days 01:52:26.569000,0 days 00:00:23.165000,0 days 00:00:25.299000,,0 days 01:51:35.084000,0 days 01:51:59.180000,,250.0,268.0,,268.0,False,HARD,59.0,True,Toro Rosso,0 days 01:51:10.603000,,1,16.0,,,False,False,2019,7
0 days 00:49:19.420000,KVY,26,0 days 00:01:34.409000,12.0,1.0,,0 days 00:48:57.335000,0 days 00:00:21.892000,0 days 00:00:24.974000,0 days 00:00:47.543000,0 days 00:48:06.903000,0 days 00:48:31.877000,0 days 00:49:19.420000,250.0,276.0,,296.0,False,MEDIUM,12.0,True,Toro Rosso,0 days 00:47:45.011000,,12,13.0,,,False,False,2019,7
0 days 00:50:40.589000,KVY,26,0 days 00:01:21.169000,13.0,2.0,0 days 00:49:20.847000,,0 days 00:00:24.470000,0 days 00:00:25.312000,0 days 00:00:31.387000,0 days 00:49:43.890000,0 days 00:50:09.202000,0 days 00:50:40.589000,239.0,279.0,290.0,323.0,False,HARD,1.0,True,Toro Rosso,0 days 00:49:19.420000,,21,14.0,,,False,False,2019,7
0 days 00:54:14.732000,HUL,27,0 days 00:01:33.666000,16.0,1.0,,0 days 00:53:52.402000,0 days 00:00:21.462000,0 days 00:00:24.523000,0 days 00:00:47.681000,0 days 00:53:02.570000,0 days 00:53:27.093000,0 days 00:54:14.774000,249.0,275.0,,300.0,False,SOFT,19.0,False,Renault,0 days 00:52:41.066000,,1,7.0,,,False,False,2019,7
0 days 00:55:34.808000,HUL,27,0 days 00:01:20.076000,17.0,2.0,0 days 00:54:16.267000,,0 days 00:00:23.640000,0 days 00:00:25.008000,0 days 00:00:31.428000,0 days 00:54:38.414000,0 days 00:55:03.422000,0 days 00:55:34.850000,247.0,272.0,271.0,294.0,False,HARD,1.0,True,Renault,0 days 00:54:14.732000,,1,7.0,,,False,False,2019,7
0 days 00:43:50.681000,RIC,3,0 days 00:01:33.910000,8.0,1.0,,0 days 00:43:28.699000,0 days 00:00:21.502000,0 days 00:00:24.907000,0 days 00:00:47.501000,0 days 00:42:38.322000,0 days 00:43:03.229000,0 days 00:43:50.730000,245.0,275.0,,299.0,False,SOFT,11.0,False,Renault,0 days 00:42:16.771000,,1,11.0,,,False,False,2019,7
0 days 00:45:10.828000,RIC,3,0 days 00:01:20.147000,9.0,2.0,0 days 00:43:52.778000,,0 days 00:00:23.963000,0 days 00:00:25.076000,0 days 00:00:31.108000,0 days 00:44:14.693000,0 days 00:44:39.769000,0 days 00:45:10.877000,246.0,276.0,280.0,324.0,False,HARD,1.0,True,Renault,0 days 00:43:50.681000,,12,11.0,,,False,False,2019,7
0 days 01:35:18.047000,VER,33,0 days 00:01:32.785000,48.0,1.0,,0 days 01:34:56.174000,0 days 00:00:21.349000,0 days 00:00:24.504000,0 days 00:00:46.932000,0 days 01:34:06.634000,0 days 01:34:31.138000,0 days 01:35:18.070000,254.0,281.0,,299.0,False,HARD,48.0,True,Red Bull Racing,0 days 01:33:45.262000,,1,5.0,,,False,False,2019,7
0 days 01:36:36.906000,VER,33,0 days 00:01:18.859000,49.0,2.0,0 days 01:35:20.014000,,0 days 00:00:23.782000,0 days 00:00:24.646000,0 days 00:00:30.431000,0 days 01:35:41.852000,0 days 01:36:06.498000,0 days 01:36:36.929000,247.0,284.0,286.0,310.0,False,MEDIUM,6.0,False,Red Bull Racing,0 days 01:35:18.047000,,1,7.0,,,False,False,2019,7
0 days 01:09:20.410000,HAM,44,0 days 00:01:33.606000,28.0,1.0,,0 days 01:08:58.234000,0 days 00:00:21.469000,0 days 00:00:24.819000,0 days 00:00:47.318000,0 days 01:08:08.301000,0 days 01:08:33.120000,0 days 01:09:20.438000,255.0,281.0,,303.0,False,MEDIUM,31.0,False,Mercedes,0 days 01:07:46.804000,,1,3.0,,,False,False,2019,7
0 days 01:10:38.782000,HAM,44,0 days 00:01:18.372000,29.0,2.0,0 days 01:09:21.893000,,0 days 00:00:23.309000,0 days 00:00:24.443000,0 days 00:00:30.620000,0 days 01:09:43.747000,0 days 01:10:08.190000,0 days 01:10:38.810000,252.0,279.0,277.0,300.0,False,HARD,1.0,True,Mercedes,0 days 01:09:20.410000,,1,3.0,,,False,False,2019,7
0 days 01:06:44.127000,VET,5,0 days 00:01:33.538000,26.0,1.0,,0 days 01:06:21.979000,0 days 00:00:21.377000,0 days 00:00:24.776000,0 days 00:00:47.385000,0 days 01:05:32.015000,0 days 01:05:56.791000,0 days 01:06:44.176000,256.0,283.0,,304.0,False,MEDIUM,31.0,False,Ferrari,0 days 01:05:10.589000,,1,3.0,,,False,False,2019,7
0 days 01:08:02.694000,VET,5,0 days 00:01:18.567000,27.0,2.0,0 days 01:06:45.619000,,0 days 00:00:23.487000,0 days 00:00:24.528000,0 days 00:00:30.552000,0 days 01:07:07.663000,0 days 01:07:32.191000,0 days 01:08:02.743000,256.0,283.0,282.0,306.0,False,HARD,1.0,False,Ferrari,0 days 01:06:44.127000,,1,3.0,,,False,False,2019,7
0 days 00:37:29.341000,SAI,55,0 days 00:01:35.736000,3.0,1.0,,0 days 00:37:06.597000,0 days 00:00:22.041000,0 days 00:00:25.069000,0 days 00:00:48.626000,0 days 00:36:15.688000,0 days 00:36:40.757000,0 days 00:37:29.383000,249.0,286.0,,331.0,False,SOFT,6.0,False,McLaren,0 days 00:35:53.605000,,1,19.0,,,False,False,2019,7
0 days 00:38:49.297000,SAI,55,0 days 00:01:19.956000,4.0,1.0,0 days 00:37:30.839000,,0 days 00:00:23.950000,0 days 00:00:25.025000,0 days 00:00:30.981000,0 days 00:37:53.333000,0 days 00:38:18.358000,0 days 00:38:49.339000,247.0,274.0,275.0,301.0,False,SOFT,7.0,False,McLaren,0 days 00:37:29.341000,,1,19.0,,,False,False,2019,7
0 days 00:45:37.512000,RUS,63,0 days 00:01:37.342000,9.0,1.0,,0 days 00:45:15.312000,0 days 00:00:22.981000,0 days 00:00:25.845000,0 days 00:00:48.516000,0 days 00:44:23.160000,0 days 00:44:49.005000,0 days 00:45:37.521000,241.0,281.0,,309.0,False,MEDIUM,9.0,True,Williams,0 days 00:44:00.170000,,12,17.0,,,False,False,2019,7
0 days 00:46:58.803000,RUS,63,0 days 00:01:21.291000,10.0,2.0,0 days 00:45:41.770000,,0 days 00:00:24.169000,0 days 00:00:25.479000,0 days 00:00:31.643000,0 days 00:46:01.690000,0 days 00:46:27.169000,0 days 00:46:58.812000,245.0,276.0,276.0,298.0,False,HARD,1.0,True,Williams,0 days 00:45:37.512000,,2,17.0,,,False,False,2019,7
0 days 00:41:33.315000,RAI,7,0 days 00:01:37.155000,6.0,1.0,,0 days 00:41:09.599000,0 days 00:00:22.205000,0 days 00:00:25.597000,0 days 00:00:49.353000,0 days 00:40:18.411000,0 days 00:40:44.008000,0 days 00:41:33.361000,247.0,273.0,,301.0,False,MEDIUM,6.0,True,Alfa Romeo Racing,0 days 00:39:56.160000,,1,19.0,,,False,False,2019,7
0 days 00:42:54.202000,RAI,7,0 days 00:01:20.887000,7.0,2.0,0 days 00:41:34.787000,,0 days 00:00:24.038000,0 days 00:00:25.319000,0 days 00:00:31.530000,0 days 00:41:57.399000,0 days 00:42:22.718000,0 days 00:42:54.248000,246.0,273.0,276.0,295.0,False,HARD,1.0,True,Alfa Romeo Racing,0 days 00:41:33.315000,,1,19.0,,,False,False,2019,7
0 days 01:49:21.569000,RAI,7,0 days 00:01:35.566000,58.0,2.0,,0 days 01:48:58.401000,0 days 00:00:21.920000,0 days 00:00:25.036000,0 days 00:00:48.610000,0 days 01:48:07.969000,0 days 01:48:33.005000,0 days 01:49:21.615000,255.0,281.0,,303.0,False,HARD,52.0,True,Alfa Romeo Racing,0 days 01:47:46.003000,,1,15.0,,,False,False,2019,7
0 days 01:50:40.009000,RAI,7,0 days 00:01:18.440000,59.0,3.0,0 days 01:49:23.169000,,0 days 00:00:23.307000,0 days 00:00:24.620000,0 days 00:00:30.513000,0 days 01:49:44.922000,0 days 01:50:09.542000,0 days 01:50:40.055000,253.0,281.0,284.0,306.0,False,SOFT,1.0,True,Alfa Romeo Racing,0 days 01:49:21.569000,,1,15.0,,,False,False,2019,7
0 days 01:12:13.888000,BOT,77,0 days 00:01:33.553000,30.0,1.0,,0 days 01:11:54.586000,0 days 00:00:21.489000,0 days 00:00:24.851000,0 days 00:00:47.213000,0 days 01:11:01.870000,0 days 01:11:26.721000,0 days 01:12:13.934000,256.0,281.0,,302.0,False,MEDIUM,33.0,False,Mercedes,0 days 01:10:40.335000,,12,6.0,,,False,False,2019,7
0 days 01:13:31.994000,BOT,77,0 days 00:01:18.106000,31.0,2.0,0 days 01:12:15.677000,,0 days 00:00:23.259000,0 days 00:00:24.516000,0 days 00:00:30.331000,0 days 01:12:37.193000,0 days 01:13:01.709000,0 days 01:13:32.040000,251.0,280.0,281.0,301.0,False,HARD,1.0,True,Mercedes,0 days 01:12:13.888000,,21,6.0,,,False,False,2019,7
0 days 01:59:14.850000,BOT,77,0 days 00:01:31.240000,67.0,2.0,,0 days 01:58:56.473000,0 days 00:00:20.671000,0 days 00:00:23.982000,0 days 00:00:46.587000,0 days 01:58:04.327000,0 days 01:58:28.309000,0 days 01:59:14.896000,260.0,285.0,,307.0,False,HARD,37.0,True,Mercedes,0 days 01:57:43.610000,,1,4.0,,,False,False,2019,7
0 days 02:00:34.056000,BOT,77,0 days 00:01:19.206000,68.0,3.0,0 days 01:59:16.374000,,0 days 00:00:23.603000,0 days 00:00:24.725000,0 days 00:00:30.878000,0 days 01:59:38.499000,0 days 02:00:03.224000,0 days 02:00:34.102000,254.0,281.0,283.0,290.0,False,SOFT,3.0,False,Mercedes,0 days 01:59:14.850000,,1,4.0,,,False,False,2019,7
0 days 01:18:19.264000,GRO,8,0 days 00:01:35.392000,34.0,1.0,,0 days 01:17:58.302000,0 days 00:00:22.317000,0 days 00:00:25.067000,0 days 00:00:48.008000,0 days 01:17:06.232000,0 days 01:17:31.299000,0 days 01:18:19.307000,250.0,278.0,,299.0,False,MEDIUM,34.0,True,Haas F1 Team,0 days 01:16:43.872000,,1,15.0,,,False,False,2019,7
0 days 01:19:42.839000,GRO,8,0 days 00:01:23.575000,35.0,2.0,0 days 01:18:22.255000,,0 days 00:00:24.612000,0 days 00:00:27.622000,0 days 00:00:31.341000,0 days 01:18:43.919000,0 days 01:19:11.541000,0 days 01:19:42.882000,204.0,278.0,278.0,304.0,False,HARD,1.0,True,Haas F1 Team,0 days 01:18:19.264000,,1,15.0,,,False,False,2019,7
0 days 00:44:24.266000,KUB,88,0 days 00:01:38.012000,8.0,1.0,,0 days 00:44:00.630000,0 days 00:00:22.711000,0 days 00:00:25.911000,0 days 00:00:49.390000,0 days 00:43:08.971000,0 days 00:43:34.882000,0 days 00:44:24.272000,240.0,276.0,,301.0,False,MEDIUM,8.0,True,Williams,0 days 00:42:46.254000,,12,19.0,,,False,False,2019,7
0 days 00:45:48.261000,KUB,88,0 days 00:01:23.995000,9.0,1.0,0 days 00:44:25.706000,,0 days 00:00:25.040000,0 days 00:00:25.948000,0 days 00:00:33.007000,0 days 00:44:49.312000,0 days 00:45:15.260000,0 days 00:45:48.267000,239.0,275.0,265.0,297.0,False,MEDIUM,9.0,True,Williams,0 days 00:44:24.266000,,2,19.0,,,False,False,2019,7
0 days 01:24:41.794000,KUB,88,0 days 00:01:35.999000,38.0,2.0,,0 days 01:24:20.994000,0 days 00:00:23.236000,0 days 00:00:25.496000,0 days 00:00:47.267000,0 days 01:23:29.037000,0 days 01:23:54.533000,0 days 01:24:41.800000,254.0,279.0,,299.0,False,HARD,29.0,True,Williams,0 days 01:23:05.795000,,1,19.0,,,False,False,2019,7
0 days 01:26:05.315000,KUB,88,0 days 00:01:23.521000,39.0,3.0,0 days 01:24:43.334000,,0 days 00:00:25.045000,0 days 00:00:25.474000,0 days 00:00:33.002000,0 days 01:25:06.845000,0 days 01:25:32.319000,0 days 01:26:05.321000,252.0,278.0,279.0,241.0,False,HARD,1.0,True,Williams,0 days 01:24:41.794000,,1,19.0,,,False,False,2019,7
0 days 01:16:53.254000,GIO,99,0 days 00:01:35.209000,33.0,1.0,,0 days 01:16:30.886000,0 days 00:00:22.272000,0 days 00:00:25.248000,0 days 00:00:47.689000,0 days 01:15:40.338000,0 days 01:16:05.586000,0 days 01:16:53.275000,255.0,282.0,,308.0,False,HARD,33.0,True,Alfa Romeo Racing,0 days 01:15:18.045000,,1,15.0,,,False,False,2019,7
0 days 01:18:14.806000,GIO,99,0 days 00:01:21.552000,34.0,2.0,0 days 01:16:55.070000,,0 days 00:00:24.594000,0 days 00:00:25.695000,0 days 00:00:31.263000,0 days 01:17:17.869000,0 days 01:17:43.564000,0 days 01:18:14.827000,212.0,280.0,280.0,303.0,False,MEDIUM,1.0,True,Alfa Romeo Racing,0 days 01:16:53.254000,,1,14.0,,,False,False,2019,7
0 days 01:12:05.175000,HAM,44,0 days 00:01:55.359000,24.0,1.0,,0 days 01:11:35.777000,0 days 00:00:23.992000,0 days 00:00:29.274000,0 days 00:01:02.093000,0 days 01:10:33.864000,0 days 01:11:03.138000,0 days 01:12:05.231000,109.0,279.0,,303.0,False,MEDIUM,28.0,False,Mercedes,0 days 01:10:09.816000,,1,1.0,,,False,False,2019,8
0 days 01:13:43.885000,HAM,44,0 days 00:01:38.710000,25.0,2.0,0 days 01:12:05.953000,,0 days 00:00:27.444000,0 days 00:00:29.333000,0 days 00:00:41.933000,0 days 01:12:32.675000,0 days 01:13:02.008000,0 days 01:13:43.941000,110.0,276.0,285.0,301.0,False,HARD,1.0,True,Mercedes,0 days 01:12:05.175000,,1,1.0,,,False,False,2019,8
0 days 01:10:39.386000,BOT,77,0 days 00:01:56.655000,23.0,1.0,,0 days 01:10:09.905000,0 days 00:00:24.442000,0 days 00:00:29.496000,0 days 00:01:02.717000,0 days 01:09:07.233000,0 days 01:09:36.729000,0 days 01:10:39.446000,110.0,280.0,,300.0,False,MEDIUM,28.0,False,Mercedes,0 days 01:08:42.731000,,12,3.0,,,False,False,2019,8
0 days 01:12:19.232000,BOT,77,0 days 00:01:39.846000,24.0,2.0,0 days 01:10:40.144000,,0 days 00:00:28.165000,0 days 00:00:29.540000,0 days 00:00:42.141000,0 days 01:11:07.611000,0 days 01:11:37.151000,0 days 01:12:19.292000,107.0,276.0,287.0,296.0,False,HARD,1.0,True,Mercedes,0 days 01:10:39.386000,,1,3.0,,,False,False,2019,8
0 days 01:07:33.076000,LEC,16,0 days 00:01:56.162000,21.0,1.0,,0 days 01:07:03.644000,0 days 00:00:24.459000,0 days 00:00:29.575000,0 days 00:01:02.128000,0 days 01:06:01.429000,0 days 01:06:31.004000,0 days 01:07:33.132000,113.0,277.0,,303.0,False,MEDIUM,24.0,False,Ferrari,0 days 01:05:36.914000,,1,4.0,,,False,False,2019,8
0 days 01:09:12.868000,LEC,16,0 days 00:01:39.792000,22.0,2.0,0 days 01:07:35.209000,,0 days 00:00:28.148000,0 days 00:00:29.560000,0 days 00:00:42.084000,0 days 01:08:01.280000,0 days 01:08:30.840000,0 days 01:09:12.924000,110.0,277.0,284.0,306.0,False,HARD,1.0,False,Ferrari,0 days 01:07:33.076000,,12,4.0,,,False,False,2019,8
0 days 01:06:03.072000,VER,33,0 days 00:01:56.028000,20.0,1.0,,0 days 01:05:34.455000,0 days 00:00:24.314000,0 days 00:00:29.592000,0 days 00:01:02.122000,0 days 01:04:31.358000,0 days 01:05:00.950000,0 days 01:06:03.072000,112.0,275.0,,297.0,False,MEDIUM,25.0,False,Red Bull Racing,0 days 01:04:07.044000,,1,5.0,,,False,False,2019,8
0 days 01:07:43.268000,VER,33,0 days 00:01:40.196000,21.0,2.0,0 days 01:06:03.846000,,0 days 00:00:28.290000,0 days 00:00:29.702000,0 days 00:00:42.204000,0 days 01:06:31.362000,0 days 01:07:01.064000,0 days 01:07:43.268000,109.0,271.0,281.0,288.0,False,HARD,1.0,True,Red Bull Racing,0 days 01:06:03.072000,,1,5.0,,,False,False,2019,8
0 days 01:14:06.164000,VET,5,0 days 00:01:56.447000,25.0,1.0,,0 days 01:13:36.901000,0 days 00:00:24.809000,0 days 00:00:29.534000,0 days 00:01:02.104000,0 days 01:12:34.602000,0 days 01:13:04.136000,0 days 01:14:06.240000,111.0,279.0,,303.0,False,MEDIUM,28.0,False,Ferrari,0 days 01:12:09.717000,,1,5.0,,,False,False,2019,8
0 days 01:15:45.704000,VET,5,0 days 00:01:39.540000,26.0,2.0,0 days 01:14:06.970000,,0 days 00:00:28.061000,0 days 00:00:29.373000,0 days 00:00:42.106000,0 days 01:14:34.301000,0 days 01:15:03.674000,0 days 01:15:45.780000,108.0,280.0,286.0,303.0,False,HARD,1.0,True,Ferrari,0 days 01:14:06.164000,,1,5.0,,,False,False,2019,8
0 days 01:55:43.552000,VET,5,0 days 00:01:55.077000,51.0,2.0,,0 days 01:55:13.910000,0 days 00:00:23.945000,0 days 00:00:29.140000,0 days 00:01:01.992000,0 days 01:54:12.496000,0 days 01:54:41.636000,0 days 01:55:43.628000,116.0,280.0,,304.0,False,HARD,26.0,True,Ferrari,0 days 01:53:48.475000,,1,5.0,,,False,False,2019,8
0 days 01:57:26.406000,VET,5,0 days 00:01:42.854000,52.0,3.0,0 days 01:55:44.493000,,0 days 00:00:28.738000,0 days 00:00:30.177000,0 days 00:00:43.939000,0 days 01:56:12.366000,0 days 01:56:42.543000,0 days 01:57:26.482000,108.0,276.0,288.0,296.0,False,SOFT,1.0,True,Ferrari,0 days 01:55:43.552000,,1,5.0,,,False,False,2019,8
0 days 01:04:49.503000,SAI,55,0 days 00:01:56.821000,19.0,1.0,,0 days 01:04:20.357000,0 days 00:00:24.590000,0 days 00:00:29.766000,0 days 00:01:02.465000,0 days 01:03:17.345000,0 days 01:03:47.111000,0 days 01:04:49.576000,111.0,276.0,,296.0,False,MEDIUM,24.0,False,McLaren,0 days 01:02:52.682000,,1,9.0,,,False,False,2019,8
0 days 01:06:29.441000,SAI,55,0 days 00:01:39.938000,20.0,2.0,0 days 01:04:50.279000,,0 days 00:00:27.770000,0 days 00:00:29.710000,0 days 00:00:42.458000,0 days 01:05:17.346000,0 days 01:05:47.056000,0 days 01:06:29.514000,110.0,277.0,288.0,297.0,False,HARD,1.0,True,McLaren,0 days 01:04:49.503000,,1,10.0,,,False,False,2019,8
0 days 01:24:20.621000,RAI,7,0 days 00:01:56.389000,31.0,1.0,,0 days 01:23:51.593000,0 days 00:00:24.368000,0 days 00:00:29.767000,0 days 00:01:02.254000,0 days 01:22:48.657000,0 days 01:23:18.424000,0 days 01:24:20.678000,104.0,274.0,,301.0,False,HARD,31.0,True,Alfa Romeo Racing,0 days 01:22:24.232000,,1,11.0,,,False,False,2019,8
0 days 01:26:00.215000,RAI,7,0 days 00:01:39.594000,32.0,2.0,0 days 01:24:21.426000,,0 days 00:00:27.355000,0 days 00:00:29.595000,0 days 00:00:42.644000,0 days 01:24:48.033000,0 days 01:25:17.628000,0 days 01:26:00.272000,104.0,268.0,278.0,302.0,False,MEDIUM,2.0,False,Alfa Romeo Racing,0 days 01:24:20.621000,,1,11.0,,,False,False,2019,8
0 days 01:29:11.444000,HUL,27,0 days 00:01:57.722000,34.0,1.0,,0 days 01:28:41.364000,0 days 00:00:24.590000,0 days 00:00:29.780000,,0 days 01:27:38.370000,0 days 01:28:08.150000,,110.0,277.0,,300.0,False,HARD,34.0,True,Renault,0 days 01:27:13.722000,,1,10.0,,,False,False,2019,8
0 days 01:30:51.176000,HUL,27,0 days 00:01:39.732000,35.0,2.0,0 days 01:29:16.671000,,0 days 00:00:27.896000,0 days 00:00:29.418000,0 days 00:00:42.418000,0 days 01:29:39.398000,0 days 01:30:08.816000,0 days 01:30:51.234000,108.0,276.0,286.0,317.0,False,MEDIUM,5.0,False,Renault,0 days 01:29:11.444000,,12,11.0,,,False,False,2019,8
0 days 01:03:14.200000,NOR,4,0 days 00:01:56.987000,18.0,1.0,,0 days 01:02:44.481000,0 days 00:00:24.690000,0 days 00:00:29.578000,0 days 00:01:02.719000,0 days 01:01:41.977000,0 days 01:02:11.555000,0 days 01:03:14.274000,111.0,280.0,,303.0,False,MEDIUM,23.0,False,McLaren,0 days 01:01:17.213000,,1,11.0,,,False,False,2019,8
0 days 01:04:54.968000,NOR,4,0 days 00:01:40.768000,19.0,2.0,0 days 01:03:14.962000,,0 days 00:00:28.521000,0 days 00:00:29.751000,0 days 00:00:42.496000,0 days 01:03:42.795000,0 days 01:04:12.546000,0 days 01:04:55.042000,104.0,278.0,302.0,298.0,False,HARD,1.0,True,McLaren,0 days 01:03:14.200000,,1,12.0,,,False,False,2019,8
0 days 01:01:43.101000,GAS,10,0 days 00:01:57.630000,17.0,1.0,,0 days 01:01:13.660000,0 days 00:00:24.918000,0 days 00:00:29.876000,0 days 00:01:02.836000,0 days 01:00:10.413000,0 days 01:00:40.289000,0 days 01:01:43.125000,112.0,274.0,,296.0,False,SOFT,20.0,False,Red Bull Racing,0 days 00:59:45.471000,,1,15.0,,,False,False,2019,8
0 days 01:03:25.729000,GAS,10,0 days 00:01:42.628000,18.0,2.0,0 days 01:01:43.776000,,0 days 00:00:28.523000,0 days 00:00:30.764000,0 days 00:00:43.341000,0 days 01:02:11.648000,0 days 01:02:42.412000,0 days 01:03:25.753000,103.0,274.0,285.0,305.0,False,HARD,1.0,True,Red Bull Racing,0 days 01:01:43.101000,,1,15.0,,,False,False,2019,8
0 days 01:00:07.070000,RIC,3,0 days 00:01:58.275000,16.0,1.0,,0 days 00:59:36.813000,0 days 00:00:24.989000,0 days 00:00:29.362000,0 days 00:01:03.924000,0 days 00:58:33.844000,0 days 00:59:03.206000,0 days 01:00:07.130000,108.0,280.0,,319.0,False,MEDIUM,20.0,False,Renault,0 days 00:58:08.795000,,1,16.0,,,False,False,2019,8
0 days 01:01:47,RIC,3,0 days 00:01:39.930000,17.0,2.0,0 days 01:00:07.859000,,0 days 00:00:28.115000,0 days 00:00:29.658000,0 days 00:00:42.157000,0 days 01:00:35.245000,0 days 01:01:04.903000,0 days 01:01:47.060000,109.0,275.0,286.0,294.0,False,HARD,1.0,True,Renault,0 days 01:00:07.070000,,1,16.0,,,False,False,2019,8
0 days 01:03:31.544000,PER,11,0 days 00:02:03.819000,18.0,1.0,,0 days 01:02:54.962000,0 days 00:00:24.702000,0 days 00:00:29.429000,0 days 00:01:09.688000,0 days 01:01:52.443000,0 days 01:02:21.872000,0 days 01:03:31.560000,109.0,279.0,,313.0,False,MEDIUM,18.0,True,Racing Point,0 days 01:01:27.725000,,1,16.0,,,False,False,2019,8
0 days 01:05:11.986000,PER,11,0 days 00:01:40.442000,19.0,2.0,0 days 01:03:32.338000,,0 days 00:00:28.075000,0 days 00:00:29.692000,0 days 00:00:42.675000,0 days 01:03:59.635000,0 days 01:04:29.327000,0 days 01:05:12.002000,112.0,276.0,287.0,305.0,False,HARD,1.0,True,Racing Point,0 days 01:03:31.544000,,1,16.0,,,False,False,2019,8
0 days 01:37:22.138000,STR,18,0 days 00:01:58.378000,39.0,1.0,,0 days 01:36:52.135000,0 days 00:00:24.983000,0 days 00:00:29.902000,0 days 00:01:03.493000,0 days 01:35:48.769000,0 days 01:36:18.671000,0 days 01:37:22.164000,107.0,280.0,,305.0,False,HARD,39.0,True,Racing Point,0 days 01:35:23.760000,,1,13.0,,,False,False,2019,8
0 days 01:39:01.825000,STR,18,0 days 00:01:39.687000,40.0,2.0,0 days 01:37:23.608000,,0 days 00:00:28.243000,0 days 00:00:29.663000,0 days 00:00:41.781000,0 days 01:37:50.407000,0 days 01:38:20.070000,0 days 01:39:01.851000,113.0,278.0,290.0,321.0,False,MEDIUM,1.0,True,Racing Point,0 days 01:37:22.138000,,1,13.0,,,False,False,2019,8
0 days 01:26:18.940000,KVY,26,0 days 00:01:58.547000,32.0,1.0,,0 days 01:25:49.514000,0 days 00:00:24.725000,0 days 00:00:30.506000,0 days 00:01:03.316000,0 days 01:24:45.123000,0 days 01:25:15.629000,0 days 01:26:18.945000,109.0,282.0,,300.0,False,HARD,32.0,True,Toro Rosso,0 days 01:24:20.393000,,1,16.0,,,False,False,2019,8
0 days 01:28:00.033000,KVY,26,0 days 00:01:41.093000,33.0,2.0,0 days 01:26:19.738000,,0 days 00:00:28.549000,0 days 00:00:29.814000,0 days 00:00:42.730000,0 days 01:26:47.494000,0 days 01:27:17.308000,0 days 01:28:00.038000,113.0,277.0,286.0,295.0,False,MEDIUM,1.0,True,Toro Rosso,0 days 01:26:18.940000,,1,16.0,,,False,False,2019,8
0 days 01:14:53.293000,ALB,23,0 days 00:01:57.069000,25.0,1.0,,0 days 01:14:23.832000,0 days 00:00:24.653000,0 days 00:00:29.644000,0 days 00:01:02.772000,0 days 01:13:20.901000,0 days 01:13:50.545000,0 days 01:14:53.317000,111.0,275.0,,304.0,False,MEDIUM,25.0,True,Toro Rosso,0 days 01:12:56.224000,,1,16.0,,,False,False,2019,8
0 days 01:16:36.390000,ALB,23,0 days 00:01:43.097000,26.0,2.0,0 days 01:14:54.068000,,0 days 00:00:28.378000,0 days 00:00:31.074000,0 days 00:00:43.645000,0 days 01:15:21.695000,0 days 01:15:52.769000,0 days 01:16:36.414000,113.0,277.0,286.0,306.0,False,HARD,1.0,True,Toro Rosso,0 days 01:14:53.293000,,1,17.0,,,False,False,2019,8
0 days 00:45:31.507000,GIO,99,0 days 00:02:00,7.0,1.0,,0 days 00:45:05.997000,0 days 00:00:25.213000,0 days 00:00:30.758000,0 days 00:01:04.029000,0 days 00:43:56.757000,0 days 00:44:27.515000,0 days 00:45:31.544000,108.0,276.0,,303.0,False,SOFT,10.0,False,Alfa Romeo Racing,0 days 00:43:31.507000,,1,20.0,,,False,False,2019,8
0 days 00:47:13.855000,GIO,99,0 days 00:01:42.348000,8.0,2.0,0 days 00:45:32.322000,,0 days 00:00:28.719000,0 days 00:00:30.190000,0 days 00:00:43.439000,0 days 00:46:00.263000,0 days 00:46:30.453000,0 days 00:47:13.892000,105.0,273.0,275.0,298.0,False,HARD,1.0,True,Alfa Romeo Racing,0 days 00:45:31.507000,,1,20.0,,,False,False,2019,8
0 days 01:29:54.509000,GIO,99,0 days 00:01:57.764000,34.0,2.0,,0 days 01:29:23.618000,0 days 00:00:24.408000,0 days 00:00:29.796000,0 days 00:01:03.560000,0 days 01:28:21.190000,0 days 01:28:50.986000,0 days 01:29:54.546000,114.0,276.0,,304.0,False,HARD,27.0,True,Alfa Romeo Racing,0 days 01:27:56.745000,,1,18.0,,,False,False,2019,8
0 days 01:31:34.021000,GIO,99,0 days 00:01:39.512000,35.0,3.0,0 days 01:29:55.341000,,0 days 00:00:27.751000,0 days 00:00:29.685000,0 days 00:00:42.076000,0 days 01:30:22.297000,0 days 01:30:51.982000,0 days 01:31:34.058000,110.0,275.0,286.0,300.0,False,MEDIUM,1.0,True,Alfa Romeo Racing,0 days 01:29:54.509000,,12,18.0,,,False,False,2019,8
0 days 01:00:22.775000,MAG,20,0 days 00:01:58.591000,16.0,1.0,,0 days 00:59:52.737000,0 days 00:00:25.128000,0 days 00:00:29.952000,0 days 00:01:03.511000,0 days 00:58:49.385000,0 days 00:59:19.337000,0 days 01:00:22.848000,110.0,275.0,,297.0,False,MEDIUM,16.0,True,Haas F1 Team,0 days 00:58:24.184000,,1,20.0,,,False,False,2019,8
0 days 01:02:04.519000,MAG,20,0 days 00:01:41.744000,17.0,2.0,0 days 01:00:23.548000,,0 days 00:00:28.645000,0 days 00:00:30.215000,0 days 00:00:42.884000,0 days 01:00:51.493000,0 days 01:01:21.708000,0 days 01:02:04.592000,107.0,273.0,282.0,297.0,False,HARD,1.0,True,Haas F1 Team,0 days 01:00:22.775000,,1,20.0,,,False,False,2019,8
0 days 01:14:00.339000,KUB,88,0 days 00:01:58.740000,24.0,1.0,,0 days 01:13:31.472000,0 days 00:00:25.154000,0 days 00:00:30.017000,0 days 00:01:03.569000,0 days 01:12:26.769000,0 days 01:12:56.786000,0 days 01:14:00.355000,109.0,275.0,,301.0,False,MEDIUM,24.0,True,Williams,0 days 01:12:01.599000,,1,20.0,,,False,False,2019,8
0 days 01:15:43.469000,KUB,88,0 days 00:01:43.130000,25.0,2.0,0 days 01:14:01.133000,,0 days 00:00:28.588000,0 days 00:00:30.787000,0 days 00:00:43.755000,0 days 01:14:28.943000,0 days 01:14:59.730000,0 days 01:15:43.485000,109.0,276.0,286.0,285.0,False,HARD,1.0,True,Williams,0 days 01:14:00.339000,,1,20.0,,,False,False,2019,8
0 days 01:15:35.040000,RUS,63,0 days 00:01:59.875000,25.0,1.0,,0 days 01:15:03.823000,0 days 00:00:25.206000,0 days 00:00:29.976000,0 days 00:01:04.693000,0 days 01:14:00.391000,0 days 01:14:30.367000,0 days 01:15:35.060000,105.0,278.0,,298.0,False,MEDIUM,25.0,True,Williams,0 days 01:13:35.165000,,1,19.0,,,False,False,2019,8
0 days 01:17:18.341000,RUS,63,0 days 00:01:43.301000,26.0,2.0,0 days 01:15:35.824000,,0 days 00:00:28.694000,0 days 00:00:30.987000,0 days 00:00:43.620000,0 days 01:16:03.754000,0 days 01:16:34.741000,0 days 01:17:18.361000,107.0,277.0,285.0,284.0,False,HARD,1.0,True,Williams,0 days 01:15:35.040000,,1,19.0,,,False,False,2019,8
0 days 01:29:09.873000,RUS,63,0 days 00:02:04.465000,33.0,2.0,,0 days 01:28:33.194000,0 days 00:00:24.757000,0 days 00:00:30.095000,0 days 00:01:09.613000,0 days 01:27:30.185000,0 days 01:28:00.280000,0 days 01:29:09.893000,108.0,275.0,,298.0,False,HARD,8.0,True,Williams,0 days 01:27:05.408000,,1,20.0,,,False,False,2019,8
0 days 01:30:55.440000,RUS,63,0 days 00:01:45.567000,34.0,3.0,0 days 01:29:16.671000,,0 days 00:00:28.848000,0 days 00:00:31.684000,0 days 00:00:45.035000,0 days 01:29:38.741000,0 days 01:30:10.425000,0 days 01:30:55.460000,103.0,276.0,299.0,267.0,False,MEDIUM,1.0,True,Williams,0 days 01:29:09.873000,,12,20.0,,,False,False,2019,8
0 days 01:24:48.662000,GRO,8,0 days 00:01:58.453000,31.0,1.0,,0 days 01:24:18.628000,0 days 00:00:24.630000,0 days 00:00:30.131000,0 days 00:01:03.692000,0 days 01:23:14.905000,0 days 01:23:45.036000,0 days 01:24:48.728000,108.0,272.0,,305.0,False,HARD,31.0,True,Haas F1 Team,0 days 01:22:50.209000,,1,17.0,,,False,False,2019,8
0 days 01:26:30.010000,GRO,8,0 days 00:01:41.348000,32.0,2.0,0 days 01:24:49.460000,,0 days 00:00:28.889000,0 days 00:00:30.192000,0 days 00:00:42.267000,0 days 01:25:17.617000,0 days 01:25:47.809000,0 days 01:26:30.076000,107.0,270.0,281.0,291.0,False,MEDIUM,1.0,True,Haas F1 Team,0 days 01:24:48.662000,,1,17.0,,,False,False,2019,8
0 days 01:47:18.910000,GRO,8,,45.0,2.0,,0 days 01:47:18.976000,0 days 00:00:24.116000,0 days 00:00:29.576000,,0 days 01:46:14.237000,0 days 01:46:44.305000,,110.0,273.0,,296.0,False,MEDIUM,14.0,True,Haas F1 Team,0 days 01:45:49.959000,,1,16.0,,,False,False,2019,8
0 days 01:09:04.131000,VER,33,0 days 00:01:12.701000,31.0,1.0,,0 days 01:09:00.880000,0 days 00:00:17.487000,0 days 00:00:30.845000,0 days 00:00:24.369000,0 days 01:08:08.934000,0 days 01:08:39.779000,0 days 01:09:04.148000,289.0,232.0,,286.0,False,MEDIUM,34.0,False,Red Bull Racing,0 days 01:07:51.430000,,1,1.0,,,False,False,2019,9
0 days 01:10:29.652000,VER,33,0 days 00:01:25.521000,32.0,2.0,0 days 01:09:22.002000,,0 days 00:00:34.315000,0 days 00:00:30.516000,0 days 00:00:20.690000,0 days 01:09:38.463000,0 days 01:10:08.979000,0 days 01:10:29.669000,282.0,237.0,277.0,288.0,False,HARD,1.0,True,Red Bull Racing,0 days 01:09:04.131000,,1,4.0,,,False,False,2019,9
0 days 00:58:27.183000,LEC,16,0 days 00:01:12.619000,22.0,1.0,,0 days 00:58:23.965000,0 days 00:00:17.544000,0 days 00:00:30.751000,0 days 00:00:24.324000,0 days 00:57:32.157000,0 days 00:58:02.908000,0 days 00:58:27.232000,296.0,236.0,,298.0,False,SOFT,25.0,False,Ferrari,0 days 00:57:14.564000,,1,1.0,,,False,False,2019,9
0 days 00:59:54.365000,LEC,16,0 days 00:01:27.182000,23.0,2.0,0 days 00:58:45.852000,,0 days 00:00:34.981000,0 days 00:00:31.129000,0 days 00:00:21.072000,0 days 00:59:02.213000,0 days 00:59:33.342000,0 days 00:59:54.414000,309.0,234.0,272.0,305.0,False,HARD,1.0,False,Ferrari,0 days 00:58:27.183000,,1,3.0,,,False,False,2019,9
0 days 00:57:22.244000,BOT,77,0 days 00:01:12.674000,21.0,1.0,,0 days 00:57:18.976000,0 days 00:00:17.519000,0 days 00:00:30.800000,0 days 00:00:24.355000,0 days 00:56:27.157000,0 days 00:56:57.957000,0 days 00:57:22.312000,296.0,234.0,,293.0,False,MEDIUM,24.0,False,Mercedes,0 days 00:56:09.570000,,1,3.0,,,False,False,2019,9
0 days 00:58:48.828000,BOT,77,0 days 00:01:26.584000,22.0,2.0,0 days 00:57:41.534000,,0 days 00:00:35.584000,0 days 00:00:30.364000,0 days 00:00:20.636000,0 days 00:57:57.896000,0 days 00:58:28.260000,0 days 00:58:48.896000,298.0,236.0,275.0,290.0,False,HARD,1.0,True,Mercedes,0 days 00:57:22.244000,,1,4.0,,,False,False,2019,9
0 days 00:57:26.588000,VET,5,0 days 00:01:12.785000,21.0,1.0,,0 days 00:57:23.328000,0 days 00:00:17.443000,0 days 00:00:30.730000,0 days 00:00:24.612000,0 days 00:56:31.319000,0 days 00:57:02.049000,0 days 00:57:26.661000,299.0,237.0,,299.0,False,SOFT,24.0,False,Ferrari,0 days 00:56:13.803000,,1,4.0,,,False,False,2019,9
0 days 00:58:57.022000,VET,5,0 days 00:01:30.434000,22.0,2.0,0 days 00:57:48.585000,,0 days 00:00:37.853000,0 days 00:00:31.066000,0 days 00:00:21.515000,0 days 00:58:04.514000,0 days 00:58:35.580000,0 days 00:58:57.095000,304.0,221.0,281.0,303.0,False,HARD,1.0,True,Ferrari,0 days 00:57:26.588000,,1,8.0,,,False,False,2019,9
0 days 01:31:08.184000,VET,5,0 days 00:01:13.012000,50.0,2.0,,0 days 01:31:04.910000,0 days 00:00:17.425000,0 days 00:00:31.174000,0 days 00:00:24.413000,0 days 01:30:12.670000,0 days 01:30:43.844000,0 days 01:31:08.257000,303.0,232.0,,295.0,False,HARD,29.0,True,Ferrari,0 days 01:29:55.172000,,1,4.0,,,False,False,2019,9
0 days 01:32:33.844000,VET,5,0 days 00:01:25.660000,51.0,3.0,0 days 01:31:27.171000,,0 days 00:00:34.925000,0 days 00:00:30.042000,0 days 00:00:20.693000,0 days 01:31:43.182000,0 days 01:32:13.224000,0 days 01:32:33.917000,288.0,234.0,275.0,290.0,False,SOFT,1.0,True,Ferrari,0 days 01:31:08.184000,,1,5.0,,,False,False,2019,9
0 days 01:07:50.188000,HAM,44,0 days 00:01:13.641000,30.0,1.0,,0 days 01:07:46.905000,0 days 00:00:17.509000,0 days 00:00:31.365000,0 days 00:00:24.767000,0 days 01:06:54.088000,0 days 01:07:25.453000,0 days 01:07:50.220000,297.0,228.0,,284.0,False,MEDIUM,34.0,False,Mercedes,0 days 01:06:36.547000,,1,1.0,,,False,False,2019,9
0 days 01:09:25.329000,HAM,44,0 days 00:01:35.141000,31.0,2.0,0 days 01:08:16.997000,,0 days 00:00:43.135000,0 days 00:00:31.061000,0 days 00:00:20.945000,0 days 01:08:33.355000,0 days 01:09:04.416000,0 days 01:09:25.361000,295.0,230.0,274.0,304.0,False,HARD,1.0,True,Mercedes,0 days 01:07:50.188000,,1,5.0,,,False,False,2019,9
0 days 01:02:27.227000,NOR,4,0 days 00:01:14.828000,25.0,1.0,,0 days 01:02:23.986000,0 days 00:00:17.756000,0 days 00:00:31.411000,0 days 00:00:25.661000,0 days 01:01:30.225000,0 days 01:02:01.636000,0 days 01:02:27.297000,293.0,226.0,,294.0,False,SOFT,28.0,False,McLaren,0 days 01:01:12.399000,,1,6.0,,,False,False,2019,9
0 days 01:03:54.986000,NOR,4,0 days 00:01:27.759000,26.0,2.0,0 days 01:02:45.545000,,0 days 00:00:34.787000,0 days 00:00:31.529000,0 days 00:00:21.443000,0 days 01:03:02.084000,0 days 01:03:33.613000,0 days 01:03:55.056000,293.0,229.0,279.0,311.0,False,MEDIUM,1.0,True,McLaren,0 days 01:02:27.227000,,1,11.0,,,False,False,2019,9
0 days 01:02:31.391000,GAS,10,0 days 00:01:13.558000,25.0,1.0,,0 days 01:02:27.839000,0 days 00:00:17.700000,0 days 00:00:31.215000,0 days 00:00:24.643000,0 days 01:01:35.547000,0 days 01:02:06.762000,0 days 01:02:31.405000,291.0,232.0,,289.0,False,SOFT,28.0,False,Red Bull Racing,0 days 01:01:17.833000,,1,7.0,,,False,False,2019,9
0 days 01:03:59.372000,GAS,10,0 days 00:01:27.981000,26.0,2.0,0 days 01:02:50.131000,,0 days 00:00:35.395000,0 days 00:00:31.302000,0 days 00:00:21.284000,0 days 01:03:06.800000,0 days 01:03:38.102000,0 days 01:03:59.386000,277.0,230.0,271.0,286.0,False,HARD,1.0,True,Red Bull Racing,0 days 01:02:31.391000,,1,13.0,,,False,False,2019,9
0 days 01:21:23.187000,SAI,55,0 days 00:01:14.323000,41.0,1.0,,0 days 01:21:19.959000,0 days 00:00:17.831000,0 days 00:00:31.533000,0 days 00:00:24.959000,0 days 01:20:26.769000,0 days 01:20:58.302000,0 days 01:21:23.261000,287.0,233.0,,284.0,False,MEDIUM,41.0,True,McLaren,0 days 01:20:08.864000,,1,6.0,,,False,False,2019,9
0 days 01:22:48.785000,SAI,55,0 days 00:01:25.598000,42.0,2.0,0 days 01:21:41.222000,,0 days 00:00:34.118000,0 days 00:00:30.504000,0 days 00:00:20.976000,0 days 01:21:57.379000,0 days 01:22:27.883000,0 days 01:22:48.859000,285.0,230.0,284.0,288.0,False,HARD,1.0,True,McLaren,0 days 01:21:23.187000,,1,14.0,,,False,False,2019,9
0 days 01:00:09.349000,RAI,7,0 days 00:01:13.870000,23.0,1.0,,0 days 01:00:06.129000,0 days 00:00:17.878000,0 days 00:00:31.008000,0 days 00:00:24.984000,0 days 00:59:13.424000,0 days 00:59:44.432000,0 days 01:00:09.416000,283.0,226.0,,284.0,False,SOFT,26.0,False,Alfa Romeo Racing,0 days 00:58:55.479000,,1,8.0,,,False,False,2019,9
0 days 01:01:37.089000,RAI,7,0 days 00:01:27.740000,24.0,2.0,0 days 01:00:27.844000,,0 days 00:00:34.712000,0 days 00:00:31.187000,0 days 00:00:21.841000,0 days 01:00:44.128000,0 days 01:01:15.315000,0 days 01:01:37.156000,294.0,220.0,268.0,285.0,False,HARD,1.0,True,Alfa Romeo Racing,0 days 01:00:09.349000,,1,15.0,,,False,False,2019,9
0 days 01:01:23.812000,GIO,99,0 days 00:01:14.245000,24.0,1.0,,0 days 01:01:20.588000,0 days 00:00:17.689000,0 days 00:00:31.386000,0 days 00:00:25.170000,0 days 01:00:27.281000,0 days 01:00:58.667000,0 days 01:01:23.837000,292.0,226.0,,293.0,False,SOFT,27.0,False,Alfa Romeo Racing,0 days 01:00:09.567000,,1,10.0,,,False,False,2019,9
0 days 01:02:50.654000,GIO,99,0 days 00:01:26.842000,25.0,2.0,0 days 01:01:42.256000,,0 days 00:00:34.626000,0 days 00:00:31.019000,0 days 00:00:21.197000,0 days 01:01:58.463000,0 days 01:02:29.482000,0 days 01:02:50.679000,296.0,230.0,280.0,299.0,False,HARD,1.0,True,Alfa Romeo Racing,0 days 01:01:23.812000,,1,16.0,,,False,False,2019,9
0 days 01:06:06.223000,PER,11,0 days 00:01:14.049000,28.0,1.0,,0 days 01:06:02.916000,0 days 00:00:17.593000,0 days 00:00:31.398000,0 days 00:00:25.058000,0 days 01:05:09.790000,0 days 01:05:41.188000,0 days 01:06:06.246000,301.0,233.0,,294.0,False,MEDIUM,28.0,True,Racing Point,0 days 01:04:52.174000,,1,6.0,,,False,False,2019,9
0 days 01:07:33.711000,PER,11,0 days 00:01:27.488000,29.0,2.0,0 days 01:06:25.302000,,0 days 00:00:35.158000,0 days 00:00:31.120000,0 days 00:00:21.210000,0 days 01:06:41.404000,0 days 01:07:12.524000,0 days 01:07:33.734000,300.0,233.0,273.0,297.0,False,HARD,1.0,True,Racing Point,0 days 01:06:06.223000,,1,13.0,,,False,False,2019,9
0 days 01:27:22.385000,RIC,3,0 days 00:01:14.095000,46.0,1.0,,0 days 01:27:19.147000,0 days 00:00:17.621000,0 days 00:00:31.546000,0 days 00:00:24.928000,0 days 01:26:25.946000,0 days 01:26:57.492000,0 days 01:27:22.420000,294.0,229.0,,292.0,False,MEDIUM,46.0,True,Renault,0 days 01:26:08.290000,,1,11.0,,,False,False,2019,9
0 days 01:28:51.122000,RIC,3,0 days 00:01:28.737000,47.0,2.0,0 days 01:27:41.440000,,0 days 00:00:35.584000,0 days 00:00:31.391000,0 days 00:00:21.762000,0 days 01:27:58.004000,0 days 01:28:29.395000,0 days 01:28:51.157000,298.0,231.0,277.0,299.0,False,SOFT,1.0,True,Renault,0 days 01:27:22.385000,,1,14.0,,,False,False,2019,9
0 days 01:03:47.574000,HUL,27,0 days 00:01:13.380000,26.0,1.0,,0 days 01:03:45.511000,0 days 00:00:17.595000,0 days 00:00:31.101000,0 days 00:00:24.684000,0 days 01:02:51.826000,0 days 01:03:22.927000,0 days 01:03:47.611000,291.0,227.0,,290.0,False,MEDIUM,26.0,True,Renault,0 days 01:02:34.194000,,1,7.0,,,False,False,2019,9
0 days 01:05:14.679000,HUL,27,0 days 00:01:27.105000,27.0,2.0,0 days 01:04:06.306000,,0 days 00:00:34.801000,0 days 00:00:30.940000,0 days 00:00:21.364000,0 days 01:04:22.412000,0 days 01:04:53.352000,0 days 01:05:14.716000,292.0,232.0,272.0,289.0,False,HARD,1.0,True,Renault,0 days 01:03:47.574000,,1,15.0,,,False,False,2019,9
0 days 01:02:40.159000,STR,18,0 days 00:01:14.253000,25.0,1.0,,0 days 01:02:36.902000,0 days 00:00:17.757000,0 days 00:00:31.372000,0 days 00:00:25.124000,0 days 01:01:43.693000,0 days 01:02:15.065000,0 days 01:02:40.189000,295.0,226.0,,296.0,False,MEDIUM,25.0,True,Racing Point,0 days 01:01:25.906000,,1,12.0,,,False,False,2019,9
0 days 01:04:07.643000,STR,18,0 days 00:01:27.484000,26.0,2.0,0 days 01:02:58.898000,,0 days 00:00:34.683000,0 days 00:00:31.309000,0 days 00:00:21.492000,0 days 01:03:14.872000,0 days 01:03:46.181000,0 days 01:04:07.673000,307.0,227.0,281.0,302.0,False,HARD,1.0,True,Racing Point,0 days 01:02:40.159000,,1,17.0,,,False,False,2019,9
0 days 01:14:37.178000,ALB,23,0 days 00:01:14.995000,35.0,1.0,,0 days 01:14:33.923000,0 days 00:00:17.852000,0 days 00:00:32.251000,0 days 00:00:24.892000,0 days 01:13:40.035000,0 days 01:14:12.286000,0 days 01:14:37.178000,296.0,229.0,,300.0,False,MEDIUM,35.0,True,Toro Rosso,0 days 01:13:22.183000,,1,15.0,,,False,False,2019,9
0 days 01:16:04.533000,ALB,23,0 days 00:01:27.355000,36.0,2.0,0 days 01:14:55.170000,,0 days 00:00:34.982000,0 days 00:00:31.322000,0 days 00:00:21.051000,0 days 01:15:12.160000,0 days 01:15:43.482000,0 days 01:16:04.533000,281.0,232.0,272.0,284.0,False,HARD,1.0,True,Toro Rosso,0 days 01:14:37.178000,,1,15.0,,,False,False,2019,9
0 days 01:13:36.678000,GRO,8,0 days 00:01:14.750000,34.0,1.0,,0 days 01:13:33.380000,0 days 00:00:18.016000,0 days 00:00:31.281000,0 days 00:00:25.453000,0 days 01:12:40.013000,0 days 01:13:11.294000,0 days 01:13:36.747000,281.0,225.0,,281.0,False,MEDIUM,34.0,True,Haas F1 Team,0 days 01:12:21.928000,,1,16.0,,,False,False,2019,9
0 days 01:15:06.477000,GRO,8,0 days 00:01:29.799000,35.0,2.0,0 days 01:13:55.766000,,0 days 00:00:36.485000,0 days 00:00:31.898000,0 days 00:00:21.416000,0 days 01:14:13.232000,0 days 01:14:45.130000,0 days 01:15:06.546000,215.0,225.0,267.0,299.0,False,HARD,1.0,True,Haas F1 Team,0 days 01:13:36.678000,,1,16.0,,,False,False,2019,9
0 days 01:11:17.425000,KVY,26,0 days 00:01:14.081000,32.0,1.0,,0 days 01:11:14.462000,0 days 00:00:17.874000,0 days 00:00:31.433000,0 days 00:00:24.774000,0 days 01:10:21.223000,0 days 01:10:52.656000,0 days 01:11:17.430000,287.0,230.0,,286.0,False,MEDIUM,32.0,True,Toro Rosso,0 days 01:10:03.344000,,1,17.0,,,False,False,2019,9
0 days 01:12:48.966000,KVY,26,0 days 00:01:31.541000,33.0,2.0,0 days 01:11:39.313000,,0 days 00:00:38.583000,0 days 00:00:31.701000,0 days 00:00:21.257000,0 days 01:11:56.013000,0 days 01:12:27.714000,0 days 01:12:48.971000,272.0,223.0,268.0,304.0,False,HARD,1.0,True,Toro Rosso,0 days 01:11:17.425000,,1,17.0,,,False,False,2019,9
0 days 00:34:15.485000,RUS,63,0 days 00:01:22.907000,1.0,1.0,0 days 00:33:03.157000,,,0 days 00:00:32.664000,0 days 00:00:22.684000,,0 days 00:33:52.858000,0 days 00:34:15.665000,298.0,229.0,269.0,299.0,False,MEDIUM,1.0,True,Williams,0 days 00:32:52.408000,,1,20.0,,,False,False,2019,9
0 days 01:05:26.737000,RUS,63,0 days 00:01:14.163000,27.0,1.0,,0 days 01:05:23.495000,0 days 00:00:17.811000,0 days 00:00:31.646000,0 days 00:00:24.706000,,0 days 01:05:02.048000,0 days 01:05:26.754000,299.0,230.0,,298.0,False,MEDIUM,27.0,True,Williams,0 days 01:04:12.574000,,1,18.0,,,False,False,2019,9
0 days 01:06:55.837000,RUS,63,0 days 00:01:29.100000,28.0,2.0,0 days 01:05:46.255000,,0 days 00:00:35.964000,0 days 00:00:31.695000,0 days 00:00:21.441000,0 days 01:06:02.718000,0 days 01:06:34.413000,0 days 01:06:55.854000,304.0,231.0,273.0,297.0,False,HARD,1.0,True,Williams,0 days 01:05:26.737000,,1,18.0,,,False,False,2019,9
0 days 00:46:19.736000,MAG,20,0 days 00:01:15.060000,11.0,1.0,,0 days 00:46:16.492000,0 days 00:00:18.271000,0 days 00:00:31.701000,0 days 00:00:25.088000,0 days 00:45:23.019000,0 days 00:45:54.720000,0 days 00:46:19.808000,283.0,227.0,,308.0,False,SOFT,14.0,False,Haas F1 Team,0 days 00:45:04.676000,,1,18.0,,,False,False,2019,9
0 days 00:47:50.072000,MAG,20,0 days 00:01:30.336000,12.0,2.0,0 days 00:46:39.767000,,0 days 00:00:37.052000,0 days 00:00:31.699000,0 days 00:00:21.585000,0 days 00:46:56.860000,0 days 00:47:28.559000,0 days 00:47:50.144000,274.0,228.0,260.0,276.0,False,HARD,1.0,True,Haas F1 Team,0 days 00:46:19.736000,,1,20.0,,,False,False,2019,9
0 days 00:49:04.968000,MAG,20,0 days 00:01:14.896000,13.0,2.0,,0 days 00:49:01.727000,0 days 00:00:18.423000,0 days 00:00:31.396000,0 days 00:00:25.077000,0 days 00:48:08.567000,0 days 00:48:39.963000,0 days 00:49:05.040000,277.0,228.0,,277.0,False,HARD,2.0,True,Haas F1 Team,0 days 00:47:50.072000,,1,20.0,,,False,False,2019,9
0 days 00:50:29.191000,MAG,20,0 days 00:01:24.223000,14.0,3.0,0 days 00:49:18.060000,,0 days 00:00:29.798000,0 days 00:00:32.623000,0 days 00:00:21.802000,0 days 00:49:34.838000,0 days 00:50:07.461000,0 days 00:50:29.263000,274.0,225.0,264.0,277.0,False,HARD,3.0,False,Haas F1 Team,0 days 00:49:04.968000,,1,20.0,,,False,False,2019,9
0 days 01:47:04.655000,MAG,20,0 days 00:01:15.952000,62.0,3.0,,0 days 01:47:01.390000,0 days 00:00:18.289000,0 days 00:00:31.890000,0 days 00:00:25.773000,0 days 01:46:07.064000,0 days 01:46:38.954000,0 days 01:47:04.727000,309.0,224.0,,285.0,False,HARD,51.0,False,Haas F1 Team,0 days 01:45:48.703000,,1,19.0,,,False,False,2019,9
0 days 01:48:32.199000,MAG,20,0 days 00:01:27.544000,63.0,4.0,0 days 01:47:23.869000,,0 days 00:00:35.809000,0 days 00:00:30.775000,0 days 00:00:20.960000,0 days 01:47:40.536000,0 days 01:48:11.311000,0 days 01:48:32.271000,290.0,230.0,270.0,291.0,False,SOFT,6.0,False,Haas F1 Team,0 days 01:47:04.655000,,1,19.0,,,False,False,2019,9
0 days 00:56:04.749000,KUB,88,0 days 00:01:16.007000,19.0,1.0,,0 days 00:56:01.506000,0 days 00:00:17.954000,0 days 00:00:32.112000,0 days 00:00:25.941000,0 days 00:55:06.711000,0 days 00:55:38.823000,0 days 00:56:04.764000,296.0,225.0,,295.0,False,MEDIUM,19.0,True,Williams,0 days 00:54:48.742000,,1,19.0,,,False,False,2019,9
0 days 00:57:32.867000,KUB,88,0 days 00:01:28.118000,20.0,2.0,0 days 00:56:23.050000,,0 days 00:00:34.890000,0 days 00:00:31.540000,0 days 00:00:21.688000,0 days 00:56:39.654000,0 days 00:57:11.194000,0 days 00:57:32.882000,300.0,230.0,268.0,294.0,False,HARD,1.0,True,Williams,0 days 00:56:04.749000,,1,19.0,,,False,False,2019,9
0 days 00:51:36.176000,GAS,10,0 days 00:01:31.409000,12.0,1.0,,0 days 00:51:30.360000,0 days 00:00:29.017000,0 days 00:00:37.640000,0 days 00:00:24.752000,0 days 00:50:33.814000,0 days 00:51:11.454000,0 days 00:51:36.206000,317.0,259.0,,306.0,False,MEDIUM,17.0,False,Red Bull Racing,0 days 00:50:04.767000,,1,5.0,,,False,False,2019,10
0 days 00:53:27.740000,GAS,10,0 days 00:01:51.564000,13.0,2.0,0 days 00:51:58.253000,,0 days 00:00:49.079000,0 days 00:00:37.555000,0 days 00:00:24.930000,0 days 00:52:25.285000,0 days 00:53:02.840000,0 days 00:53:27.770000,285.0,261.0,249.0,308.0,False,HARD,1.0,True,Red Bull Racing,0 days 00:51:36.176000,,1,10.0,,,False,False,2019,10
0 days 01:01:09.829000,PER,11,0 days 00:01:31.442000,18.0,1.0,,0 days 01:01:04.017000,0 days 00:00:29.110000,0 days 00:00:37.241000,0 days 00:00:25.091000,0 days 01:00:07.520000,0 days 01:00:44.761000,0 days 01:01:09.852000,301.0,255.0,,304.0,False,MEDIUM,18.0,True,Racing Point,0 days 00:59:38.387000,,1,8.0,,,False,False,2019,10
0 days 01:03:05.371000,PER,11,0 days 00:01:55.542000,19.0,2.0,0 days 01:01:34.281000,,0 days 00:00:51.579000,0 days 00:00:37.903000,0 days 00:00:26.060000,0 days 01:02:01.431000,0 days 01:02:39.334000,0 days 01:03:05.394000,289.0,252.0,242.0,293.0,False,HARD,1.0,True,Racing Point,0 days 01:01:09.829000,,12,12.0,,,False,False,2019,10
0 days 01:13:03.298000,PER,11,0 days 00:01:46.538000,24.0,2.0,,0 days 01:12:57.371000,0 days 00:00:29.661000,0 days 00:00:47.954000,0 days 00:00:28.923000,0 days 01:11:46.444000,0 days 01:12:34.398000,0 days 01:13:03.321000,292.0,240.0,,277.0,False,HARD,6.0,True,Racing Point,0 days 01:11:16.760000,,1,17.0,,,False,False,2019,10
0 days 01:15:06.736000,PER,11,0 days 00:02:03.438000,25.0,3.0,0 days 01:13:35.638000,,0 days 00:00:59.126000,0 days 00:00:38.423000,0 days 00:00:25.889000,0 days 01:14:02.447000,0 days 01:14:40.870000,0 days 01:15:06.759000,291.0,258.0,246.0,301.0,False,SOFT,1.0,True,Racing Point,0 days 01:13:03.298000,,1,17.0,,,False,False,2019,10
0 days 01:47:03.947000,PER,11,0 days 00:01:30.531000,46.0,3.0,,0 days 01:46:58.189000,0 days 00:00:28.737000,0 days 00:00:36.786000,0 days 00:00:25.008000,0 days 01:46:02.176000,0 days 01:46:38.962000,0 days 01:47:03.970000,287.0,264.0,,298.0,False,SOFT,22.0,True,Racing Point,0 days 01:45:33.416000,,1,16.0,,,False,False,2019,10
0 days 01:48:55.010000,PER,11,0 days 00:01:51.063000,47.0,4.0,0 days 01:47:26.861000,,0 days 00:00:49.566000,0 days 00:00:36.624000,0 days 00:00:24.873000,0 days 01:47:53.536000,0 days 01:48:30.160000,0 days 01:48:55.033000,291.0,265.0,251.0,302.0,False,SOFT,4.0,False,Racing Point,0 days 01:47:03.947000,,1,17.0,,,False,False,2019,10
0 days 00:53:05.583000,LEC,16,0 days 00:01:31.242000,13.0,1.0,,0 days 00:52:59.857000,0 days 00:00:29.231000,0 days 00:00:37.131000,0 days 00:00:24.880000,0 days 00:52:03.628000,0 days 00:52:40.759000,0 days 00:53:05.639000,286.0,256.0,,301.0,False,SOFT,16.0,False,Ferrari,0 days 00:51:34.341000,,1,3.0,,,False,False,2019,10
0 days 00:54:57.565000,LEC,16,0 days 00:01:51.982000,14.0,2.0,0 days 00:53:29.263000,,0 days 00:00:49.651000,0 days 00:00:37.229000,0 days 00:00:25.102000,0 days 00:53:55.290000,0 days 00:54:32.519000,0 days 00:54:57.621000,298.0,259.0,249.0,293.0,False,MEDIUM,4.0,False,Ferrari,0 days 00:53:05.583000,,1,4.0,,,False,False,2019,10
0 days 01:06:35.414000,LEC,16,0 days 00:02:07.379000,21.0,2.0,,0 days 01:06:29.556000,0 days 00:00:42.175000,0 days 00:00:52.449000,0 days 00:00:32.755000,0 days 01:05:10.266000,0 days 01:06:02.715000,0 days 01:06:35.470000,196.0,222.0,,236.0,False,MEDIUM,11.0,False,Ferrari,0 days 01:04:28.035000,,4,4.0,,,False,False,2019,10
0 days 01:08:56.249000,LEC,16,0 days 00:02:20.835000,22.0,3.0,0 days 01:06:57.839000,,0 days 00:00:51.261000,0 days 00:00:51.853000,0 days 00:00:37.721000,0 days 01:07:26.731000,0 days 01:08:18.584000,0 days 01:08:56.305000,249.0,102.0,134.0,180.0,False,HARD,1.0,False,Ferrari,0 days 01:06:35.414000,,4,6.0,,,False,False,2019,10
0 days 00:53:30.334000,STR,18,0 days 00:01:32.289000,13.0,1.0,,0 days 00:53:24.473000,0 days 00:00:29.447000,0 days 00:00:37.829000,0 days 00:00:25.013000,0 days 00:52:27.514000,0 days 00:53:05.343000,0 days 00:53:30.356000,296.0,261.0,,323.0,False,MEDIUM,13.0,True,Racing Point,0 days 00:51:58.045000,,1,13.0,,,False,False,2019,10
0 days 00:55:25.178000,STR,18,0 days 00:01:54.844000,14.0,2.0,0 days 00:53:54.893000,,0 days 00:00:51.494000,0 days 00:00:37.904000,0 days 00:00:25.446000,0 days 00:54:21.850000,0 days 00:54:59.754000,0 days 00:55:25.200000,306.0,261.0,247.0,317.0,False,HARD,1.0,True,Racing Point,0 days 00:53:30.334000,,1,18.0,,,False,False,2019,10
0 days 01:35:48.280000,STR,18,0 days 00:01:31.528000,39.0,2.0,,0 days 01:35:42.445000,0 days 00:00:28.865000,0 days 00:00:37.087000,0 days 00:00:25.576000,0 days 01:34:45.639000,0 days 01:35:22.726000,0 days 01:35:48.302000,290.0,261.0,,301.0,False,HARD,26.0,True,Racing Point,0 days 01:34:16.752000,,1,12.0,,,False,False,2019,10
0 days 01:37:40.804000,STR,18,0 days 00:01:52.524000,40.0,3.0,0 days 01:36:11.523000,,0 days 00:00:50.287000,0 days 00:00:37.216000,0 days 00:00:25.021000,0 days 01:36:38.589000,0 days 01:37:15.805000,0 days 01:37:40.826000,289.0,264.0,252.0,300.0,False,SOFT,1.0,True,Racing Point,0 days 01:35:48.280000,,1,14.0,,,False,False,2019,10
0 days 00:35:48.010000,MAG,20,0 days 00:02:39.140000,1.0,1.0,,0 days 00:35:41.680000,,0 days 00:01:17.862000,0 days 00:00:45.018000,,0 days 00:35:02.992000,0 days 00:35:48.107000,244.0,120.0,,125.0,False,SOFT,1.0,True,Haas F1 Team,0 days 00:33:08.644000,,1,20.0,,,False,False,2019,10
0 days 00:37:52.954000,MAG,20,0 days 00:02:04.944000,2.0,2.0,0 days 00:36:14.471000,,0 days 00:00:54.277000,0 days 00:00:42.833000,0 days 00:00:27.834000,0 days 00:36:42.287000,0 days 00:37:25.120000,0 days 00:37:52.954000,287.0,233.0,240.0,260.0,False,HARD,1.0,True,Haas F1 Team,0 days 00:35:48.010000,,1,20.0,,,False,False,2019,10
0 days 00:44:26.368000,MAG,20,0 days 00:01:36.152000,6.0,2.0,,0 days 00:44:20.519000,0 days 00:00:29.805000,0 days 00:00:39.133000,0 days 00:00:27.214000,0 days 00:43:20.021000,0 days 00:43:59.154000,0 days 00:44:26.368000,287.0,252.0,,297.0,False,HARD,5.0,True,Haas F1 Team,0 days 00:42:50.216000,,1,20.0,,,False,False,2019,10
0 days 00:53:24.521000,ALB,23,0 days 00:01:33.003000,13.0,1.0,,0 days 00:53:18.701000,0 days 00:00:29.633000,0 days 00:00:37.932000,0 days 00:00:25.438000,0 days 00:52:21.174000,0 days 00:52:59.106000,0 days 00:53:24.544000,280.0,254.0,,290.0,False,SOFT,18.0,False,Toro Rosso,0 days 00:51:51.518000,,1,7.0,,,False,False,2019,10
0 days 00:55:17.456000,ALB,23,0 days 00:01:52.935000,14.0,2.0,0 days 00:53:47.686000,,0 days 00:00:50.002000,0 days 00:00:37.599000,0 days 00:00:25.334000,0 days 00:54:14.546000,0 days 00:54:52.145000,0 days 00:55:17.479000,280.0,255.0,245.0,295.0,False,MEDIUM,1.0,True,Toro Rosso,0 days 00:53:24.521000,,1,14.0,,,False,False,2019,10
0 days 00:51:59.124000,KVY,26,0 days 00:01:32.213000,12.0,1.0,,0 days 00:51:53.105000,0 days 00:00:29.399000,0 days 00:00:37.678000,0 days 00:00:25.136000,0 days 00:50:56.326000,0 days 00:51:34.004000,0 days 00:51:59.140000,289.0,252.0,,300.0,False,SOFT,12.0,True,Toro Rosso,0 days 00:50:26.911000,,1,15.0,,,False,False,2019,10
0 days 00:53:51.872000,KVY,26,0 days 00:01:52.748000,13.0,2.0,0 days 00:52:22.542000,,0 days 00:00:50.444000,0 days 00:00:37.219000,0 days 00:00:25.085000,0 days 00:52:49.584000,0 days 00:53:26.803000,0 days 00:53:51.888000,279.0,257.0,246.0,304.0,False,MEDIUM,1.0,True,Toro Rosso,0 days 00:51:59.124000,,1,18.0,,,False,False,2019,10
0 days 01:07:19.395000,KVY,26,0 days 00:02:06.018000,21.0,2.0,,0 days 01:07:13.501000,0 days 00:00:43.061000,0 days 00:00:52.057000,0 days 00:00:30.900000,0 days 01:05:56.454000,0 days 01:06:48.511000,0 days 01:07:19.411000,267.0,161.0,,230.0,False,MEDIUM,9.0,True,Toro Rosso,0 days 01:05:13.377000,,4,12.0,,,False,False,2019,10
0 days 01:09:16.241000,KVY,26,0 days 00:01:56.846000,22.0,3.0,0 days 01:07:42.299000,,0 days 00:00:51.488000,0 days 00:00:39.488000,0 days 00:00:25.870000,0 days 01:08:10.899000,0 days 01:08:50.387000,0 days 01:09:16.257000,268.0,257.0,244.0,286.0,False,HARD,1.0,False,Toro Rosso,0 days 01:07:19.395000,,4,15.0,,,False,False,2019,10
0 days 00:53:25.408000,HUL,27,0 days 00:01:33.174000,13.0,1.0,,0 days 00:53:19.918000,0 days 00:00:29.584000,0 days 00:00:38.251000,0 days 00:00:25.339000,0 days 00:52:21.862000,0 days 00:53:00.113000,0 days 00:53:25.452000,299.0,258.0,,317.0,False,SOFT,16.0,False,Renault,0 days 00:51:52.234000,,1,8.0,,,False,False,2019,10
0 days 00:55:19.291000,HUL,27,0 days 00:01:53.883000,14.0,2.0,0 days 00:53:48.560000,,0 days 00:00:50.168000,0 days 00:00:38.081000,0 days 00:00:25.634000,0 days 00:54:15.620000,0 days 00:54:53.701000,0 days 00:55:19.335000,299.0,259.0,247.0,294.0,False,HARD,2.0,False,Renault,0 days 00:53:25.408000,,1,15.0,,,False,False,2019,10
0 days 00:51:47.348000,RIC,3,0 days 00:01:31.810000,12.0,1.0,,0 days 00:51:41.545000,0 days 00:00:28.977000,0 days 00:00:37.941000,0 days 00:00:24.892000,0 days 00:50:44.515000,0 days 00:51:22.456000,0 days 00:51:47.348000,307.0,258.0,,318.0,False,SOFT,15.0,False,Renault,0 days 00:50:15.538000,,1,8.0,,,False,False,2019,10
0 days 00:53:39.155000,RIC,3,0 days 00:01:51.807000,13.0,2.0,0 days 00:52:09.937000,,0 days 00:00:49.532000,0 days 00:00:37.214000,0 days 00:00:25.061000,0 days 00:52:36.880000,0 days 00:53:14.094000,0 days 00:53:39.155000,287.0,259.0,248.0,300.0,False,MEDIUM,1.0,True,Renault,0 days 00:51:47.348000,,1,15.0,,,False,False,2019,10
0 days 01:04:48.802000,RIC,3,0 days 00:01:57.690000,20.0,2.0,,0 days 01:04:42.993000,0 days 00:00:32.164000,0 days 00:00:53.779000,0 days 00:00:31.747000,0 days 01:03:23.276000,0 days 01:04:17.055000,0 days 01:04:48.802000,134.0,150.0,,235.0,False,MEDIUM,8.0,True,Renault,0 days 01:02:51.112000,,24,8.0,,,False,False,2019,10
0 days 01:07:14.920000,RIC,3,0 days 00:02:26.118000,21.0,3.0,0 days 01:05:11.385000,,0 days 00:00:57.667000,0 days 00:00:54.002000,0 days 00:00:34.449000,0 days 01:05:46.469000,0 days 01:06:40.471000,0 days 01:07:14.920000,183.0,129.0,164.0,255.0,False,HARD,1.0,True,Renault,0 days 01:04:48.802000,,4,11.0,,,False,False,2019,10
0 days 00:53:06.160000,VER,33,0 days 00:01:31.138000,13.0,1.0,,0 days 00:53:00.356000,0 days 00:00:28.916000,0 days 00:00:37.473000,0 days 00:00:24.749000,0 days 00:52:03.953000,0 days 00:52:41.426000,0 days 00:53:06.175000,305.0,263.0,,318.0,False,MEDIUM,18.0,False,Red Bull Racing,0 days 00:51:35.022000,,1,4.0,,,False,False,2019,10
0 days 00:54:58.231000,VER,33,0 days 00:01:52.071000,14.0,2.0,0 days 00:53:28.202000,,0 days 00:00:49.106000,0 days 00:00:37.901000,0 days 00:00:25.064000,0 days 00:53:55.281000,0 days 00:54:33.182000,0 days 00:54:58.246000,301.0,267.0,248.0,319.0,False,MEDIUM,1.0,True,Red Bull Racing,0 days 00:53:06.160000,,1,5.0,,,False,False,2019,10
0 days 01:04:26.771000,VER,33,0 days 00:01:51.639000,20.0,2.0,,0 days 01:04:20.950000,0 days 00:00:28.720000,0 days 00:00:51.048000,0 days 00:00:31.871000,0 days 01:03:03.867000,0 days 01:03:54.915000,0 days 01:04:26.786000,305.0,116.0,,157.0,False,MEDIUM,7.0,True,Red Bull Racing,0 days 01:02:35.132000,,124,4.0,,,False,False,2019,10
0 days 01:06:50.895000,VER,33,0 days 00:02:24.124000,21.0,3.0,0 days 01:04:48.952000,,0 days 00:00:57.906000,0 days 00:00:52.716000,0 days 00:00:33.502000,0 days 01:05:24.692000,0 days 01:06:17.408000,0 days 01:06:50.910000,229.0,163.0,226.0,191.0,False,HARD,1.0,True,Red Bull Racing,0 days 01:04:26.771000,,4,6.0,,,False,False,2019,10
0 days 00:53:19.042000,NOR,4,0 days 00:01:31.816000,13.0,1.0,,0 days 00:53:13.257000,0 days 00:00:29.294000,0 days 00:00:37.383000,0 days 00:00:25.139000,0 days 00:52:16.591000,0 days 00:52:53.974000,0 days 00:53:19.113000,284.0,260.0,,298.0,False,SOFT,16.0,False,McLaren,0 days 00:51:47.226000,,1,6.0,,,False,False,2019,10
0 days 00:55:12.203000,NOR,4,0 days 00:01:53.161000,14.0,2.0,0 days 00:53:41.540000,,0 days 00:00:49.714000,0 days 00:00:37.936000,0 days 00:00:25.511000,0 days 00:54:08.827000,0 days 00:54:46.763000,0 days 00:55:12.274000,308.0,264.0,247.0,323.0,False,MEDIUM,1.0,True,McLaren,0 days 00:53:19.042000,,1,12.0,,,False,False,2019,10
0 days 01:29:35.844000,NOR,4,0 days 00:01:30.565000,35.0,2.0,,0 days 01:29:30.184000,0 days 00:00:28.865000,0 days 00:00:36.730000,0 days 00:00:24.970000,0 days 01:28:34.215000,0 days 01:29:10.945000,0 days 01:29:35.915000,287.0,265.0,,303.0,False,MEDIUM,22.0,True,McLaren,0 days 01:28:05.279000,,1,8.0,,,False,False,2019,10
0 days 01:31:27.261000,NOR,4,0 days 00:01:51.417000,36.0,3.0,0 days 01:29:57.983000,,0 days 00:00:49.025000,0 days 00:00:37.388000,0 days 00:00:25.004000,0 days 01:30:24.940000,0 days 01:31:02.328000,0 days 01:31:27.332000,281.0,264.0,251.0,297.0,False,HARD,1.0,True,McLaren,0 days 01:29:35.844000,,1,14.0,,,False,False,2019,10
0 days 01:03:40.650000,HAM,44,0 days 00:01:37.561000,20.0,1.0,,0 days 01:03:34.775000,0 days 00:00:29.162000,0 days 00:00:37.122000,0 days 00:00:31.277000,0 days 01:02:32.281000,0 days 01:03:09.403000,0 days 01:03:40.680000,289.0,255.0,,296.0,False,MEDIUM,24.0,False,Mercedes,0 days 01:02:03.089000,,124,1.0,,,False,False,2019,10
0 days 01:06:30.278000,HAM,44,,21.0,2.0,0 days 01:04:03.681000,,0 days 00:00:57.400000,0 days 00:01:03.310000,0 days 00:00:48.919000,0 days 01:04:38.079000,0 days 01:05:41.586000,0 days 01:06:30.399000,173.0,108.0,130.0,65.0,False,HARD,1.0,True,Mercedes,0 days 01:03:40.650000,,4,1.0,,,False,False,2019,10
0 days 01:04:02.831000,VET,5,0 days 00:01:44.337000,20.0,1.0,,0 days 01:03:57.020000,0 days 00:00:29.129000,0 days 00:00:43.599000,0 days 00:00:31.609000,0 days 01:02:47.673000,0 days 01:03:31.272000,0 days 01:04:02.881000,288.0,173.0,,238.0,False,SOFT,23.0,False,Ferrari,0 days 01:02:18.494000,,124,2.0,,,False,False,2019,10
0 days 01:06:32.333000,VET,5,0 days 00:02:29.502000,21.0,2.0,0 days 01:04:25.022000,,0 days 00:00:56.306000,0 days 00:00:55.217000,0 days 00:00:37.979000,0 days 01:04:59.187000,0 days 01:05:54.404000,0 days 01:06:32.383000,198.0,195.0,128.0,246.0,False,HARD,1.0,False,Ferrari,0 days 01:04:02.831000,,4,3.0,,,False,False,2019,10
0 days 01:34:30.550000,VET,5,0 days 00:02:04.456000,38.0,2.0,,0 days 01:34:24.711000,0 days 00:00:40.601000,0 days 00:00:50.398000,0 days 00:00:33.457000,0 days 01:33:06.745000,0 days 01:33:57.143000,0 days 01:34:30.600000,180.0,189.0,,185.0,False,HARD,18.0,False,Ferrari,0 days 01:32:26.094000,,1,14.0,,,False,False,2019,10
0 days 01:36:35.998000,VET,5,0 days 00:02:05.448000,39.0,3.0,0 days 01:35:03.196000,,0 days 00:00:59.968000,0 days 00:00:39.461000,0 days 00:00:26.019000,0 days 01:35:30.568000,0 days 01:36:10.029000,0 days 01:36:36.048000,282.0,260.0,251.0,276.0,False,MEDIUM,1.0,True,Ferrari,0 days 01:34:30.550000,,1,17.0,,,False,False,2019,10
0 days 01:04:32.904000,SAI,55,0 days 00:01:53.334000,20.0,1.0,,0 days 01:04:27.783000,0 days 00:00:29.220000,0 days 00:00:51.581000,0 days 00:00:32.533000,0 days 01:03:08.855000,0 days 01:04:00.436000,0 days 01:04:32.969000,282.0,171.0,,211.0,False,MEDIUM,20.0,True,McLaren,0 days 01:02:39.570000,,124,6.0,,,False,False,2019,10
0 days 01:06:57.607000,SAI,55,0 days 00:02:24.703000,21.0,2.0,0 days 01:04:55.161000,,0 days 00:00:56.618000,0 days 00:00:52.870000,0 days 00:00:35.215000,0 days 01:05:29.587000,0 days 01:06:22.457000,0 days 01:06:57.672000,154.0,91.0,231.0,240.0,False,HARD,1.0,True,McLaren,0 days 01:04:32.904000,,4,7.0,,,False,False,2019,10
0 days 01:07:22.164000,RUS,63,0 days 00:02:06.769000,21.0,1.0,,0 days 01:07:17.573000,0 days 00:00:43.933000,0 days 00:00:51.639000,0 days 00:00:31.197000,0 days 01:05:59.348000,0 days 01:06:50.987000,0 days 01:07:22.184000,260.0,148.0,,246.0,False,MEDIUM,21.0,True,Williams,0 days 01:05:15.395000,,4,14.0,,,False,False,2019,10
0 days 01:09:25.286000,RUS,63,0 days 00:02:03.122000,22.0,2.0,0 days 01:07:46.573000,,0 days 00:00:55.116000,0 days 00:00:40.820000,0 days 00:00:27.186000,0 days 01:08:17.300000,0 days 01:08:58.120000,0 days 01:09:25.306000,272.0,245.0,236.0,277.0,False,HARD,1.0,True,Williams,0 days 01:07:22.164000,,4,16.0,,,False,False,2019,10
0 days 00:59:40.165000,RAI,7,0 days 00:01:32.193000,17.0,1.0,,0 days 00:59:34.379000,0 days 00:00:29.335000,0 days 00:00:37.620000,0 days 00:00:25.238000,0 days 00:58:37.352000,0 days 00:59:14.972000,0 days 00:59:40.210000,288.0,249.0,,299.0,False,MEDIUM,17.0,True,Alfa Romeo Racing,0 days 00:58:07.972000,,1,9.0,,,False,False,2019,10
0 days 01:01:32.872000,RAI,7,0 days 00:01:52.707000,18.0,2.0,0 days 01:00:02.771000,,0 days 00:00:49.177000,0 days 00:00:37.761000,0 days 00:00:25.769000,0 days 01:00:29.387000,0 days 01:01:07.148000,0 days 01:01:32.917000,297.0,257.0,243.0,313.0,False,HARD,1.0,True,Alfa Romeo Racing,0 days 00:59:40.165000,,1,15.0,,,False,False,2019,10
0 days 00:57:29.566000,BOT,77,0 days 00:01:30.630000,16.0,1.0,,0 days 00:57:23.699000,0 days 00:00:29.035000,0 days 00:00:36.698000,0 days 00:00:24.897000,0 days 00:56:28.044000,0 days 00:57:04.742000,0 days 00:57:29.639000,284.0,260.0,,294.0,False,MEDIUM,21.0,False,Mercedes,0 days 00:55:58.936000,,1,1.0,,,False,False,2019,10
0 days 00:59:19.606000,BOT,77,0 days 00:01:50.040000,17.0,2.0,0 days 00:57:52.091000,,0 days 00:00:48.636000,0 days 00:00:36.555000,0 days 00:00:24.849000,0 days 00:58:18.275000,0 days 00:58:54.830000,0 days 00:59:19.679000,286.0,260.0,250.0,296.0,False,MEDIUM,1.0,True,Mercedes,0 days 00:57:29.566000,,1,3.0,,,False,False,2019,10
0 days 01:43:58.961000,BOT,77,0 days 00:01:28.545000,45.0,2.0,,0 days 01:43:53.095000,0 days 00:00:28.395000,0 days 00:00:35.919000,0 days 00:00:24.231000,0 days 01:42:58.884000,0 days 01:43:34.803000,0 days 01:43:59.034000,288.0,267.0,,301.0,False,MEDIUM,29.0,True,Mercedes,0 days 01:42:30.416000,,1,2.0,,,False,False,2019,10
0 days 01:45:47.825000,BOT,77,0 days 00:01:48.864000,46.0,3.0,0 days 01:44:21.253000,,0 days 00:00:48.189000,0 days 00:00:36.132000,0 days 00:00:24.543000,0 days 01:44:47.223000,0 days 01:45:23.355000,0 days 01:45:47.898000,284.0,267.0,254.0,296.0,False,SOFT,4.0,False,Mercedes,0 days 01:43:58.961000,,1,2.0,,,False,False,2019,10
0 days 00:35:18.522000,GRO,8,0 days 00:02:09.704000,1.0,1.0,,0 days 00:35:12.352000,,0 days 00:00:55.922000,0 days 00:00:37.705000,,0 days 00:34:40.887000,0 days 00:35:18.701000,263.0,143.0,,183.0,False,SOFT,1.0,True,Haas F1 Team,0 days 00:33:08.644000,,1,19.0,,,False,False,2019,10
0 days 00:37:22.531000,GRO,8,0 days 00:02:04.009000,2.0,2.0,0 days 00:35:45.908000,,0 days 00:00:56.443000,0 days 00:00:41.082000,0 days 00:00:26.484000,0 days 00:36:15.035000,0 days 00:36:56.117000,0 days 00:37:22.601000,279.0,247.0,240.0,288.0,False,HARD,1.0,True,Haas F1 Team,0 days 00:35:18.522000,,1,19.0,,,False,False,2019,10
0 days 00:48:36.499000,GRO,8,0 days 00:01:42.949000,9.0,2.0,,0 days 00:48:30.602000,0 days 00:00:32.386000,0 days 00:00:44.641000,0 days 00:00:25.922000,0 days 00:47:26.006000,0 days 00:48:10.647000,0 days 00:48:36.569000,289.0,249.0,,300.0,False,HARD,8.0,True,Haas F1 Team,0 days 00:46:53.550000,,1,19.0,,,False,False,2019,10
0 days 01:05:22.106000,KUB,88,0 days 00:02:08.267000,20.0,1.0,,0 days 01:05:16.268000,0 days 00:00:43.127000,0 days 00:00:51.899000,0 days 00:00:33.241000,0 days 01:03:56.972000,0 days 01:04:48.871000,0 days 01:05:22.112000,204.0,151.0,,230.0,False,MEDIUM,20.0,True,Williams,0 days 01:03:13.839000,,24,17.0,,,False,False,2019,10
0 days 01:07:45.632000,KUB,88,0 days 00:02:23.526000,21.0,2.0,0 days 01:05:45.018000,,0 days 00:00:56.758000,0 days 00:00:54.117000,0 days 00:00:32.651000,0 days 01:06:18.870000,0 days 01:07:12.987000,0 days 01:07:45.638000,179.0,150.0,239.0,205.0,False,HARD,1.0,True,Williams,0 days 01:05:22.106000,,4,17.0,,,False,False,2019,10
0 days 00:45:36.067000,GAS,10,0 days 00:02:01.615000,3.0,1.0,,0 days 00:45:33.687000,0 days 00:00:26.604000,0 days 00:00:53.790000,0 days 00:00:41.221000,0 days 00:44:01.078000,0 days 00:44:54.868000,0 days 00:45:36.089000,156.0,195.0,,152.0,False,WET,3.0,True,Red Bull Racing,0 days 00:43:34.452000,,4,9.0,,,False,False,2019,11
0 days 00:47:55.714000,GAS,10,0 days 00:02:19.647000,4.0,2.0,0 days 00:46:03.327000,,0 days 00:00:48.870000,0 days 00:00:53.513000,0 days 00:00:37.264000,0 days 00:46:24.959000,0 days 00:47:18.472000,0 days 00:47:55.736000,139.0,220.0,246.0,161.0,False,INTERMEDIATE,1.0,True,Red Bull Racing,0 days 00:45:36.067000,,41,18.0,,,False,False,2019,11
0 days 01:22:37.719000,GAS,10,0 days 00:01:38.277000,26.0,2.0,,0 days 01:22:35.330000,0 days 00:00:21.214000,0 days 00:00:41.762000,0 days 00:00:35.301000,0 days 01:21:20.678000,0 days 01:22:02.440000,0 days 01:22:37.741000,166.0,236.0,,303.0,False,INTERMEDIATE,23.0,True,Red Bull Racing,0 days 01:20:59.442000,,12,9.0,,,False,False,2019,11
0 days 01:24:54.398000,GAS,10,0 days 00:02:16.679000,27.0,3.0,0 days 01:22:55.199000,,0 days 00:00:39.234000,0 days 00:00:55.897000,0 days 00:00:41.548000,0 days 01:23:16.975000,0 days 01:24:12.872000,0 days 01:24:54.420000,143.0,202.0,188.0,232.0,False,SOFT,3.0,False,Red Bull Racing,0 days 01:22:37.719000,,1267,11.0,,,False,False,2019,11
0 days 01:26:56.910000,GAS,10,0 days 00:02:02.512000,28.0,3.0,,0 days 01:26:54.453000,0 days 00:00:26.718000,0 days 00:00:49.889000,0 days 00:00:45.905000,0 days 01:25:21.138000,0 days 01:26:11.027000,0 days 01:26:56.932000,132.0,163.0,,300.0,False,SOFT,4.0,False,Red Bull Racing,0 days 01:24:54.398000,,7124,9.0,,,False,False,2019,11
0 days 01:29:07.428000,GAS,10,0 days 00:02:10.518000,29.0,4.0,0 days 01:27:15.002000,,0 days 00:00:38.870000,0 days 00:00:52.765000,0 days 00:00:38.883000,0 days 01:27:35.802000,0 days 01:28:28.567000,0 days 01:29:07.450000,150.0,203.0,226.0,170.0,False,INTERMEDIATE,1.0,True,Red Bull Racing,0 days 01:26:56.910000,,4,9.0,,,False,False,2019,11
0 days 01:58:48.279000,GAS,10,0 days 00:01:32.371000,46.0,4.0,,0 days 01:58:45.893000,0 days 00:00:19.157000,0 days 00:00:40.836000,0 days 00:00:32.378000,0 days 01:57:35.087000,0 days 01:58:15.923000,0 days 01:58:48.301000,193.0,240.0,,322.0,False,INTERMEDIATE,18.0,True,Red Bull Racing,0 days 01:57:15.908000,,1,8.0,,,False,False,2019,11
0 days 02:00:30.977000,GAS,10,0 days 00:01:42.698000,47.0,5.0,0 days 01:59:05.928000,,0 days 00:00:36.781000,0 days 00:00:39.796000,0 days 00:00:26.121000,0 days 01:59:25.082000,0 days 02:00:04.878000,0 days 02:00:30.999000,190.0,253.0,263.0,310.0,False,SOFT,4.0,False,Red Bull Racing,0 days 01:58:48.279000,,1,12.0,,,False,False,2019,11
0 days 00:45:28.168000,LEC,16,0 days 00:02:01.369000,3.0,1.0,,0 days 00:45:25.816000,0 days 00:00:27.974000,0 days 00:00:53.169000,0 days 00:00:40.226000,0 days 00:43:54.823000,0 days 00:44:47.992000,0 days 00:45:28.218000,142.0,193.0,,115.0,False,WET,3.0,True,Ferrari,0 days 00:43:26.799000,,4,6.0,,,False,False,2019,11
0 days 00:47:46.990000,LEC,16,0 days 00:02:18.822000,4.0,2.0,0 days 00:45:46.136000,,0 days 00:00:38.897000,0 days 00:00:57.345000,0 days 00:00:42.580000,0 days 00:46:07.115000,0 days 00:47:04.460000,0 days 00:47:47.040000,85.0,118.0,246.0,153.0,False,INTERMEDIATE,1.0,True,Ferrari,0 days 00:45:28.168000,,41,6.0,,,False,False,2019,11
0 days 01:04:45.927000,LEC,16,0 days 00:01:45.842000,15.0,2.0,,0 days 01:04:43.553000,0 days 00:00:20.070000,0 days 00:00:46.571000,0 days 00:00:39.201000,0 days 01:03:20.205000,0 days 01:04:06.776000,0 days 01:04:45.977000,180.0,214.0,,304.0,False,INTERMEDIATE,12.0,True,Ferrari,0 days 01:03:00.085000,,126,4.0,,,False,False,2019,11
0 days 01:06:31.679000,LEC,16,0 days 00:01:45.752000,16.0,3.0,0 days 01:05:05.532000,,0 days 00:00:37.422000,0 days 00:00:40.188000,0 days 00:00:28.142000,0 days 01:05:23.399000,0 days 01:06:03.587000,0 days 01:06:31.729000,191.0,246.0,255.0,303.0,False,INTERMEDIATE,1.0,True,Ferrari,0 days 01:04:45.927000,,671,4.0,,,False,False,2019,11
0 days 01:23:21.124000,LEC,16,0 days 00:01:36.797000,27.0,3.0,,0 days 01:23:18.737000,0 days 00:00:20.626000,0 days 00:00:42.253000,0 days 00:00:33.918000,0 days 01:22:05.003000,0 days 01:22:47.256000,0 days 01:23:21.174000,164.0,232.0,,302.0,False,INTERMEDIATE,12.0,True,Ferrari,0 days 01:21:44.327000,,126,2.0,,,False,False,2019,11
0 days 00:52:49.472000,STR,18,0 days 00:01:43.741000,7.0,1.0,,0 days 00:52:47.065000,0 days 00:00:22.138000,0 days 00:00:45.143000,0 days 00:00:36.460000,0 days 00:51:27.905000,0 days 00:52:13.048000,0 days 00:52:49.508000,164.0,219.0,,304.0,False,WET,7.0,True,Racing Point,0 days 00:51:05.731000,,1,13.0,,,False,False,2019,11
0 days 00:54:40.974000,STR,18,0 days 00:01:51.502000,8.0,2.0,0 days 00:53:09.786000,,0 days 00:00:38.777000,0 days 00:00:42.870000,0 days 00:00:29.855000,0 days 00:53:28.285000,0 days 00:54:11.155000,0 days 00:54:41.010000,165.0,223.0,252.0,308.0,False,INTERMEDIATE,1.0,True,Racing Point,0 days 00:52:49.472000,,1,17.0,,,False,False,2019,11
0 days 01:21:25.320000,STR,18,0 days 00:01:37.493000,25.0,2.0,,0 days 01:21:22.934000,0 days 00:00:20.689000,0 days 00:00:41.928000,0 days 00:00:34.876000,0 days 01:20:08.552000,0 days 01:20:50.480000,0 days 01:21:25.356000,169.0,234.0,,305.0,False,INTERMEDIATE,18.0,True,Racing Point,0 days 01:19:47.827000,,1,15.0,,,False,False,2019,11
0 days 01:23:57.088000,STR,18,,26.0,3.0,0 days 01:21:44.200000,,0 days 00:00:41.680000,0 days 00:01:07.245000,0 days 00:00:42.835000,0 days 01:22:07.110000,0 days 01:23:14.352000,0 days 01:23:57.329000,131.0,128.0,164.0,310.0,False,MEDIUM,1.0,True,Racing Point,0 days 01:21:25.320000,,126,15.0,,,False,False,2019,11
0 days 01:28:21.837000,STR,18,0 days 00:02:23.968000,28.0,3.0,,0 days 01:28:19.435000,0 days 00:00:32.463000,0 days 00:01:01.687000,0 days 00:00:49.818000,0 days 01:26:30.368000,0 days 01:27:32.055000,0 days 01:28:21.873000,99.0,152.0,,239.0,False,MEDIUM,3.0,True,Racing Point,0 days 01:25:57.869000,,4,16.0,,,False,False,2019,11
0 days 01:30:20.513000,STR,18,0 days 00:01:58.676000,29.0,4.0,0 days 01:28:41.421000,,0 days 00:00:40.168000,0 days 00:00:45.036000,0 days 00:00:33.472000,0 days 01:29:02.041000,0 days 01:29:47.077000,0 days 01:30:20.549000,151.0,219.0,233.0,286.0,False,INTERMEDIATE,1.0,True,Racing Point,0 days 01:28:21.837000,,4,16.0,,,False,False,2019,11
0 days 01:50:16.342000,STR,18,0 days 00:02:03.794000,41.0,4.0,,0 days 01:50:13.946000,0 days 00:00:27.318000,0 days 00:00:55.532000,0 days 00:00:40.944000,0 days 01:48:39.902000,0 days 01:49:35.434000,0 days 01:50:16.378000,126.0,209.0,,170.0,False,INTERMEDIATE,13.0,True,Racing Point,0 days 01:48:12.548000,,4,13.0,,,False,False,2019,11
0 days 01:52:05.183000,STR,18,0 days 00:01:48.841000,42.0,5.0,0 days 01:50:34.416000,,0 days 00:00:37.105000,0 days 00:00:42.332000,0 days 00:00:29.404000,0 days 01:50:53.483000,0 days 01:51:35.815000,0 days 01:52:05.219000,163.0,236.0,249.0,289.0,False,INTERMEDIATE,1.0,True,Racing Point,0 days 01:50:16.342000,,4,14.0,,,False,False,2019,11
0 days 01:55:28.318000,STR,18,0 days 00:01:48.685000,44.0,5.0,,0 days 01:55:25.926000,0 days 00:00:20.763000,0 days 00:00:47.605000,0 days 00:00:40.317000,0 days 01:54:00.432000,0 days 01:54:48.037000,0 days 01:55:28.354000,169.0,203.0,,191.0,False,INTERMEDIATE,3.0,True,Racing Point,0 days 01:53:39.633000,,4,14.0,,,False,False,2019,11
0 days 01:57:23.290000,STR,18,0 days 00:01:54.972000,45.0,6.0,0 days 01:55:46.066000,,0 days 00:00:38.518000,0 days 00:00:41.399000,0 days 00:00:35.055000,0 days 01:56:06.872000,0 days 01:56:48.271000,0 days 01:57:23.326000,163.0,229.0,246.0,303.0,False,SOFT,1.0,True,Racing Point,0 days 01:55:28.318000,,41,15.0,,,False,False,2019,11
0 days 00:54:22.048000,MAG,20,0 days 00:01:43.334000,8.0,1.0,,0 days 00:54:20.215000,0 days 00:00:22.396000,0 days 00:00:45.437000,0 days 00:00:35.501000,0 days 00:53:01.156000,0 days 00:53:46.593000,0 days 00:54:22.094000,164.0,227.0,,298.0,False,WET,8.0,True,Haas F1 Team,0 days 00:52:38.714000,,1,12.0,,,False,False,2019,11
0 days 00:56:10.437000,MAG,20,0 days 00:01:48.389000,9.0,2.0,0 days 00:54:40.778000,,0 days 00:00:37.097000,0 days 00:00:42.410000,0 days 00:00:28.882000,0 days 00:54:59.191000,0 days 00:55:41.601000,0 days 00:56:10.483000,165.0,232.0,246.0,299.0,False,INTERMEDIATE,1.0,True,Haas F1 Team,0 days 00:54:22.048000,,1,16.0,,,False,False,2019,11
0 days 01:15:15.245000,MAG,20,0 days 00:01:39.356000,21.0,2.0,,0 days 01:15:12.887000,0 days 00:00:21.168000,0 days 00:00:42.628000,0 days 00:00:35.560000,0 days 01:13:57.103000,0 days 01:14:39.731000,0 days 01:15:15.291000,171.0,233.0,,298.0,False,INTERMEDIATE,13.0,True,Haas F1 Team,0 days 01:13:35.889000,,1,16.0,,,False,False,2019,11
0 days 01:17:08.518000,MAG,20,0 days 00:01:53.273000,22.0,3.0,0 days 01:15:34.046000,,0 days 00:00:39.761000,0 days 00:00:42.355000,0 days 00:00:31.157000,0 days 01:15:55.052000,0 days 01:16:37.407000,0 days 01:17:08.564000,151.0,229.0,222.0,296.0,False,SOFT,1.0,True,Haas F1 Team,0 days 01:15:15.245000,,1,16.0,,,False,False,2019,11
0 days 01:29:23.280000,MAG,20,0 days 00:02:02.263000,29.0,3.0,,0 days 01:29:20.892000,0 days 00:00:26.368000,0 days 00:00:51.528000,0 days 00:00:44.367000,0 days 01:27:47.431000,0 days 01:28:38.959000,0 days 01:29:23.326000,131.0,195.0,,288.0,False,SOFT,8.0,True,Haas F1 Team,0 days 01:27:21.017000,,4,11.0,,,False,False,2019,11
0 days 01:31:17.950000,MAG,20,0 days 00:01:54.670000,30.0,4.0,0 days 01:29:42.270000,,0 days 00:00:38.694000,0 days 00:00:44.550000,0 days 00:00:31.426000,0 days 01:30:02.020000,0 days 01:30:46.570000,0 days 01:31:17.996000,159.0,218.0,243.0,294.0,False,INTERMEDIATE,1.0,True,Haas F1 Team,0 days 01:29:23.280000,,4,12.0,,,False,False,2019,11
0 days 01:51:43.807000,MAG,20,0 days 00:02:01.998000,42.0,4.0,,0 days 01:51:41.421000,0 days 00:00:29.198000,0 days 00:00:51.784000,0 days 00:00:41.016000,0 days 01:50:11.053000,0 days 01:51:02.837000,0 days 01:51:43.853000,116.0,212.0,,196.0,False,INTERMEDIATE,13.0,True,Haas F1 Team,0 days 01:49:41.809000,,4,11.0,,,False,False,2019,11
0 days 01:53:36.293000,MAG,20,0 days 00:01:52.486000,43.0,5.0,0 days 01:52:01.799000,,0 days 00:00:36.340000,0 days 00:00:44.115000,0 days 00:00:32.031000,0 days 01:52:20.193000,0 days 01:53:04.308000,0 days 01:53:36.339000,164.0,234.0,245.0,293.0,False,INTERMEDIATE,1.0,True,Haas F1 Team,0 days 01:51:43.807000,,4,12.0,,,False,False,2019,11
0 days 01:57:23.161000,MAG,20,0 days 00:02:01.437000,45.0,5.0,,0 days 01:57:20.824000,0 days 00:00:25.517000,0 days 00:00:53.622000,0 days 00:00:42.298000,0 days 01:55:47.287000,0 days 01:56:40.909000,0 days 01:57:23.207000,181.0,127.0,,212.0,False,INTERMEDIATE,3.0,True,Haas F1 Team,0 days 01:55:21.724000,,41,14.0,,,False,False,2019,11
0 days 01:59:05.631000,MAG,20,0 days 00:01:42.470000,46.0,6.0,0 days 01:57:41.059000,,0 days 00:00:36.833000,0 days 00:00:39.137000,0 days 00:00:26.500000,0 days 01:58:00.040000,0 days 01:58:39.177000,0 days 01:59:05.677000,175.0,242.0,252.0,296.0,False,SOFT,4.0,False,Haas F1 Team,0 days 01:57:23.161000,,1,15.0,,,False,False,2019,11
0 days 02:14:38.202000,MAG,20,0 days 00:01:59.755000,57.0,6.0,,0 days 02:14:35.872000,0 days 00:00:24.972000,0 days 00:00:54.615000,0 days 00:00:40.168000,0 days 02:13:03.465000,0 days 02:13:58.080000,0 days 02:14:38.248000,109.0,171.0,,229.0,False,SOFT,15.0,False,Haas F1 Team,0 days 02:12:38.447000,,24,11.0,,,False,False,2019,11
0 days 02:16:49.862000,MAG,20,0 days 00:02:11.660000,58.0,7.0,0 days 02:14:56.520000,,0 days 00:00:39.877000,0 days 00:00:55.107000,0 days 00:00:36.676000,0 days 02:15:18.125000,0 days 02:16:13.232000,0 days 02:16:49.908000,133.0,208.0,249.0,169.0,False,SOFT,4.0,False,Haas F1 Team,0 days 02:14:38.202000,,4,11.0,,,False,False,2019,11
0 days 00:43:43.866000,ALB,23,0 days 00:01:48.695000,2.0,1.0,,0 days 00:43:41.860000,0 days 00:00:23.325000,0 days 00:00:45.587000,0 days 00:00:39.783000,0 days 00:42:18.503000,0 days 00:43:04.090000,0 days 00:43:43.873000,170.0,222.0,,283.0,False,WET,2.0,True,Toro Rosso,0 days 00:41:55.171000,,14,15.0,,,False,False,2019,11
0 days 00:45:54.935000,ALB,23,0 days 00:02:11.069000,3.0,2.0,0 days 00:44:02.177000,,0 days 00:00:39.875000,0 days 00:00:53.893000,0 days 00:00:37.301000,0 days 00:44:23.748000,0 days 00:45:17.641000,0 days 00:45:54.942000,135.0,166.0,240.0,235.0,False,INTERMEDIATE,1.0,True,Toro Rosso,0 days 00:43:43.866000,,4,19.0,,,False,False,2019,11
0 days 01:24:08.736000,ALB,23,0 days 00:01:46.714000,27.0,2.0,,0 days 01:24:06.336000,0 days 00:00:20.933000,0 days 00:00:46.722000,0 days 00:00:39.059000,0 days 01:22:42.962000,0 days 01:23:29.684000,0 days 01:24:08.743000,177.0,111.0,,295.0,False,INTERMEDIATE,25.0,True,Toro Rosso,0 days 01:22:22.022000,,126,6.0,,,False,False,2019,11
0 days 01:26:24.349000,ALB,23,0 days 00:02:15.613000,28.0,3.0,0 days 01:24:27.838000,0 days 01:26:20.895000,0 days 00:00:42.427000,0 days 00:00:47.901000,0 days 00:00:45.285000,0 days 01:24:51.170000,0 days 01:25:39.071000,0 days 01:26:24.356000,135.0,226.0,,277.0,False,SOFT,1.0,True,Toro Rosso,0 days 01:24:08.736000,,67124,5.0,,,False,False,2019,11
0 days 01:28:35.988000,ALB,23,0 days 00:02:11.639000,29.0,4.0,0 days 01:26:42.614000,,0 days 00:00:38.968000,0 days 00:00:52.770000,0 days 00:00:39.901000,0 days 01:27:03.324000,0 days 01:27:56.094000,0 days 01:28:35.995000,135.0,211.0,203.0,217.0,False,INTERMEDIATE,1.0,True,Toro Rosso,0 days 01:26:24.349000,,4,5.0,,,False,False,2019,11
0 days 01:58:49.879000,ALB,23,0 days 00:01:34.962000,46.0,4.0,,0 days 01:58:47.572000,0 days 00:00:19.288000,0 days 00:00:42.568000,0 days 00:00:33.106000,0 days 01:57:34.212000,0 days 01:58:16.780000,0 days 01:58:49.886000,177.0,233.0,,299.0,False,INTERMEDIATE,18.0,True,Toro Rosso,0 days 01:57:14.917000,,1,9.0,,,False,False,2019,11
0 days 02:00:31.497000,ALB,23,0 days 00:01:41.618000,47.0,5.0,0 days 01:59:07.458000,,0 days 00:00:36.797000,0 days 00:00:39.341000,0 days 00:00:25.480000,0 days 01:59:26.683000,0 days 02:00:06.024000,0 days 02:00:31.504000,181.0,255.0,265.0,302.0,False,SOFT,1.0,True,Toro Rosso,0 days 01:58:49.879000,,1,13.0,,,False,False,2019,11
0 days 00:45:44.610000,KVY,26,0 days 00:02:00.438000,3.0,1.0,,0 days 00:45:43.651000,0 days 00:00:27.485000,0 days 00:00:52.368000,0 days 00:00:40.585000,0 days 00:44:11.657000,0 days 00:45:04.025000,0 days 00:45:44.610000,148.0,196.0,,241.0,False,WET,3.0,True,Toro Rosso,0 days 00:43:44.172000,,4,16.0,,,False,False,2019,11
0 days 00:47:56.565000,KVY,26,0 days 00:02:11.955000,4.0,2.0,0 days 00:46:05.313000,,0 days 00:00:41.532000,0 days 00:00:53.764000,0 days 00:00:36.659000,0 days 00:46:26.142000,0 days 00:47:19.906000,0 days 00:47:56.565000,141.0,209.0,250.0,185.0,False,INTERMEDIATE,1.0,True,Toro Rosso,0 days 00:45:44.610000,,41,19.0,,,False,False,2019,11
0 days 01:21:16.693000,KVY,26,0 days 00:01:38.289000,25.0,2.0,,0 days 01:21:15.134000,0 days 00:00:21.070000,0 days 00:00:42.430000,0 days 00:00:34.789000,0 days 01:19:59.474000,0 days 01:20:41.904000,0 days 01:21:16.693000,170.0,233.0,,298.0,False,INTERMEDIATE,22.0,True,Toro Rosso,0 days 01:19:38.404000,,1,13.0,,,False,False,2019,11
0 days 01:23:13.212000,KVY,26,0 days 00:01:56.519000,26.0,3.0,0 days 01:21:35.809000,,0 days 00:00:39.787000,0 days 00:00:43.730000,0 days 00:00:33.002000,0 days 01:21:56.480000,0 days 01:22:40.210000,0 days 01:23:13.212000,150.0,229.0,216.0,294.0,False,SOFT,4.0,False,Toro Rosso,0 days 01:21:16.693000,,12,13.0,,,False,False,2019,11
0 days 01:27:14.503000,KVY,26,0 days 00:02:01.397000,28.0,3.0,,0 days 01:27:11.809000,0 days 00:00:24.696000,0 days 00:00:54.443000,0 days 00:00:42.258000,0 days 01:25:37.802000,0 days 01:26:32.245000,0 days 01:27:14.503000,131.0,195.0,,171.0,False,SOFT,6.0,False,Toro Rosso,0 days 01:25:13.106000,,124,11.0,,,False,False,2019,11
0 days 01:29:29.332000,KVY,26,0 days 00:02:14.829000,29.0,4.0,0 days 01:27:36.042000,,0 days 00:00:41.765000,0 days 00:00:54.527000,0 days 00:00:38.537000,0 days 01:27:56.268000,0 days 01:28:50.795000,0 days 01:29:29.332000,157.0,173.0,216.0,225.0,False,INTERMEDIATE,1.0,True,Toro Rosso,0 days 01:27:14.503000,,4,12.0,,,False,False,2019,11
0 days 01:57:21.279000,KVY,26,0 days 00:02:03.125000,45.0,4.0,,0 days 01:57:18.948000,0 days 00:00:26.577000,0 days 00:00:53.020000,0 days 00:00:43.528000,0 days 01:55:44.731000,0 days 01:56:37.751000,0 days 01:57:21.279000,163.0,201.0,,197.0,False,INTERMEDIATE,17.0,True,Toro Rosso,0 days 01:55:18.154000,,41,12.0,,,False,False,2019,11
0 days 01:59:00.801000,KVY,26,0 days 00:01:39.522000,46.0,5.0,0 days 01:57:39.599000,,0 days 00:00:36.653000,0 days 00:00:37.726000,0 days 00:00:25.143000,0 days 01:57:57.932000,0 days 01:58:35.658000,0 days 01:59:00.801000,185.0,252.0,258.0,294.0,False,SOFT,1.0,True,Toro Rosso,0 days 01:57:21.279000,,1,13.0,,,False,False,2019,11
0 days 00:45:27.110000,HUL,27,0 days 00:02:03.115000,3.0,1.0,,0 days 00:45:24.715000,0 days 00:00:28.983000,0 days 00:00:53.398000,0 days 00:00:40.734000,0 days 00:43:53.048000,0 days 00:44:46.446000,0 days 00:45:27.180000,158.0,189.0,,180.0,False,WET,3.0,True,Renault,0 days 00:43:23.995000,,4,5.0,,,False,False,2019,11
0 days 00:47:47.412000,HUL,27,0 days 00:02:20.302000,4.0,2.0,0 days 00:45:46.887000,,0 days 00:00:40.627000,0 days 00:00:57.681000,0 days 00:00:41.994000,0 days 00:46:07.807000,0 days 00:47:05.488000,0 days 00:47:47.482000,91.0,155.0,249.0,152.0,False,INTERMEDIATE,1.0,True,Renault,0 days 00:45:27.110000,,41,7.0,,,False,False,2019,11
0 days 01:04:58.483000,HUL,27,0 days 00:01:51.110000,15.0,2.0,,0 days 01:04:56.117000,0 days 00:00:20.451000,0 days 00:00:50.705000,0 days 00:00:39.954000,0 days 01:03:27.894000,0 days 01:04:18.599000,0 days 01:04:58.553000,183.0,209.0,,297.0,False,INTERMEDIATE,12.0,True,Renault,0 days 01:03:07.373000,,126,5.0,,,False,False,2019,11
0 days 01:06:43.532000,HUL,27,0 days 00:01:45.049000,16.0,3.0,0 days 01:05:16.211000,,0 days 00:00:34.972000,0 days 00:00:41.484000,0 days 00:00:28.593000,0 days 01:05:33.525000,0 days 01:06:15.009000,0 days 01:06:43.602000,182.0,236.0,253.0,299.0,False,INTERMEDIATE,1.0,True,Renault,0 days 01:04:58.483000,,671,6.0,,,False,False,2019,11
0 days 01:27:44.823000,HUL,27,0 days 00:02:02.011000,29.0,3.0,,0 days 01:27:42.478000,0 days 00:00:28.315000,0 days 00:00:53.240000,0 days 00:00:40.456000,0 days 01:26:11.197000,0 days 01:27:04.437000,0 days 01:27:44.893000,133.0,195.0,,264.0,False,INTERMEDIATE,14.0,True,Renault,0 days 01:25:42.812000,,24,4.0,,,False,False,2019,11
0 days 01:29:56.277000,HUL,27,0 days 00:02:11.454000,30.0,4.0,0 days 01:28:03.074000,,0 days 00:00:38.824000,0 days 00:00:55.056000,0 days 00:00:37.574000,0 days 01:28:23.717000,0 days 01:29:18.773000,0 days 01:29:56.347000,140.0,205.0,212.0,209.0,False,INTERMEDIATE,1.0,True,Renault,0 days 01:27:44.823000,,4,3.0,,,False,False,2019,11
0 days 00:45:42.034000,RIC,3,0 days 00:02:00.256000,3.0,1.0,,0 days 00:45:39.621000,0 days 00:00:26.867000,0 days 00:00:53.079000,0 days 00:00:40.310000,0 days 00:44:08.732000,0 days 00:45:01.811000,0 days 00:45:42.121000,123.0,191.0,,224.0,False,WET,3.0,True,Renault,0 days 00:43:41.778000,,4,13.0,,,False,False,2019,11
0 days 00:47:54.947000,RIC,3,0 days 00:02:12.913000,4.0,2.0,0 days 00:46:00.877000,,0 days 00:00:41.396000,0 days 00:00:53.825000,0 days 00:00:37.692000,0 days 00:46:23.517000,0 days 00:47:17.342000,0 days 00:47:55.034000,142.0,201.0,243.0,165.0,False,INTERMEDIATE,1.0,True,Renault,0 days 00:45:42.034000,,41,17.0,,,False,False,2019,11
0 days 00:45:23.200000,VER,33,0 days 00:02:03.343000,3.0,1.0,,0 days 00:45:20.807000,0 days 00:00:28.355000,0 days 00:00:53.905000,0 days 00:00:41.083000,0 days 00:43:48.256000,0 days 00:44:42.161000,0 days 00:45:23.244000,147.0,183.0,,219.0,False,WET,3.0,True,Red Bull Racing,0 days 00:43:19.857000,,14,3.0,,,False,False,2019,11
0 days 00:47:45.295000,VER,33,0 days 00:02:22.095000,4.0,2.0,0 days 00:45:43.166000,,0 days 00:00:39.654000,0 days 00:00:59.907000,0 days 00:00:42.534000,0 days 00:46:02.898000,0 days 00:47:02.805000,0 days 00:47:45.339000,149.0,115.0,248.0,176.0,False,INTERMEDIATE,1.0,True,Red Bull Racing,0 days 00:45:23.200000,,41,4.0,,,False,False,2019,11
0 days 01:20:10.184000,VER,33,0 days 00:01:36.187000,25.0,2.0,,0 days 01:20:07.800000,0 days 00:00:20.502000,0 days 00:00:41.573000,0 days 00:00:34.112000,0 days 01:18:54.543000,0 days 01:19:36.116000,0 days 01:20:10.228000,167.0,236.0,,321.0,False,INTERMEDIATE,22.0,True,Red Bull Racing,0 days 01:18:33.997000,,1,3.0,,,False,False,2019,11
0 days 01:22:04.816000,VER,33,0 days 00:01:54.632000,26.0,3.0,0 days 01:20:27.453000,,0 days 00:00:38.454000,0 days 00:00:41.041000,0 days 00:00:35.137000,0 days 01:20:48.682000,0 days 01:21:29.723000,0 days 01:22:04.860000,151.0,239.0,228.0,297.0,False,MEDIUM,3.0,False,Red Bull Racing,0 days 01:20:10.184000,,12,4.0,,,False,False,2019,11
0 days 01:27:42.788000,VER,33,0 days 00:02:05.520000,29.0,3.0,,0 days 01:27:40.404000,0 days 00:00:28.451000,0 days 00:00:54.488000,0 days 00:00:42.581000,0 days 01:26:05.763000,0 days 01:27:00.251000,0 days 01:27:42.832000,113.0,201.0,,287.0,False,MEDIUM,6.0,False,Red Bull Racing,0 days 01:25:37.268000,,24,3.0,,,False,False,2019,11
0 days 01:29:54.730000,VER,33,0 days 00:02:11.942000,30.0,4.0,0 days 01:28:01.925000,,0 days 00:00:38.615000,0 days 00:00:54.924000,0 days 00:00:38.403000,0 days 01:28:21.447000,0 days 01:29:16.371000,0 days 01:29:54.774000,128.0,207.0,205.0,220.0,False,INTERMEDIATE,1.0,True,Red Bull Racing,0 days 01:27:42.788000,,4,1.0,,,False,False,2019,11
0 days 01:48:45.581000,VER,33,0 days 00:01:43.455000,41.0,4.0,,0 days 01:48:43.220000,0 days 00:00:19.564000,0 days 00:00:48.131000,0 days 00:00:35.760000,0 days 01:47:21.734000,0 days 01:48:09.865000,0 days 01:48:45.625000,191.0,125.0,,298.0,False,INTERMEDIATE,12.0,True,Red Bull Racing,0 days 01:47:02.126000,,124,1.0,,,False,False,2019,11
0 days 01:51:03.376000,VER,33,0 days 00:02:17.795000,42.0,5.0,0 days 01:49:02.519000,,0 days 00:00:38.595000,0 days 00:00:55.434000,0 days 00:00:43.766000,0 days 01:49:24.220000,0 days 01:50:19.654000,0 days 01:51:03.420000,94.0,189.0,118.0,281.0,False,INTERMEDIATE,1.0,True,Red Bull Racing,0 days 01:48:45.581000,,4,1.0,,,False,False,2019,11
0 days 01:58:37.955000,VER,33,0 days 00:01:26.240000,46.0,5.0,,0 days 01:58:35.611000,0 days 00:00:18.009000,0 days 00:00:38.394000,0 days 00:00:29.837000,0 days 01:57:29.768000,0 days 01:58:08.162000,0 days 01:58:37.999000,206.0,250.0,,299.0,False,INTERMEDIATE,5.0,True,Red Bull Racing,0 days 01:57:11.715000,,1,1.0,,,False,False,2019,11
0 days 02:00:17.659000,VER,33,0 days 00:01:39.704000,47.0,6.0,0 days 01:58:54.644000,,0 days 00:00:34.984000,0 days 00:00:38.605000,0 days 00:00:26.115000,0 days 01:59:12.983000,0 days 01:59:51.588000,0 days 02:00:17.703000,208.0,248.0,262.0,306.0,False,SOFT,1.0,True,Red Bull Racing,0 days 01:58:37.955000,,1,5.0,,,False,False,2019,11
0 days 00:51:12.634000,NOR,4,0 days 00:01:44.246000,6.0,1.0,,0 days 00:51:10.260000,0 days 00:00:22.766000,0 days 00:00:45.259000,0 days 00:00:36.221000,0 days 00:49:51.223000,0 days 00:50:36.482000,0 days 00:51:12.703000,162.0,227.0,,301.0,False,WET,6.0,True,McLaren,0 days 00:49:28.388000,,1,13.0,,,False,False,2019,11
0 days 00:53:01.542000,NOR,4,0 days 00:01:48.908000,7.0,2.0,0 days 00:51:31.652000,,0 days 00:00:36.793000,0 days 00:00:42.231000,0 days 00:00:29.884000,0 days 00:51:49.496000,0 days 00:52:31.727000,0 days 00:53:01.611000,194.0,238.0,251.0,301.0,False,INTERMEDIATE,1.0,True,McLaren,0 days 00:51:12.634000,,1,18.0,,,False,False,2019,11
0 days 01:21:18.359000,NOR,4,0 days 00:01:39.025000,25.0,2.0,,0 days 01:21:15.981000,0 days 00:00:21.022000,0 days 00:00:42.586000,0 days 00:00:35.417000,0 days 01:20:00.425000,0 days 01:20:43.011000,0 days 01:21:18.428000,171.0,233.0,,323.0,False,INTERMEDIATE,19.0,True,McLaren,0 days 01:19:39.334000,,1,14.0,,,False,False,2019,11
0 days 00:45:15.856000,HAM,44,0 days 00:02:01.968000,3.0,1.0,,0 days 00:45:13.431000,0 days 00:00:27.479000,0 days 00:00:53.097000,0 days 00:00:41.392000,0 days 00:43:41.440000,0 days 00:44:34.537000,0 days 00:45:15.929000,118.0,189.0,,243.0,False,WET,3.0,True,Mercedes,0 days 00:43:13.888000,,14,1.0,,,False,False,2019,11
0 days 00:47:42.879000,HAM,44,0 days 00:02:27.023000,4.0,2.0,0 days 00:45:33.677000,,0 days 00:00:38.313000,0 days 00:01:06.250000,0 days 00:00:42.460000,0 days 00:45:54.242000,0 days 00:47:00.492000,0 days 00:47:42.952000,138.0,153.0,245.0,148.0,False,INTERMEDIATE,1.0,True,Mercedes,0 days 00:45:15.856000,,41,1.0,,,False,False,2019,11
0 days 01:25:00.757000,HAM,44,0 days 00:01:58.286000,28.0,2.0,,0 days 01:24:58.326000,0 days 00:00:23.145000,0 days 00:00:54.421000,0 days 00:00:40.720000,0 days 01:23:25.689000,0 days 01:24:20.110000,0 days 01:25:00.830000,95.0,188.0,,254.0,False,INTERMEDIATE,25.0,True,Mercedes,0 days 01:23:02.471000,,2671,1.0,,,False,False,2019,11
0 days 01:27:35.776000,HAM,44,,29.0,3.0,0 days 01:25:21.327000,0 days 01:27:33.133000,0 days 00:00:42.805000,0 days 00:01:01.813000,0 days 00:00:50.360000,0 days 01:25:43.781000,0 days 01:26:45.489000,0 days 01:27:36.600000,118.0,214.0,,154.0,False,SOFT,4.0,False,Mercedes,0 days 01:25:00.757000,,124,1.0,,,False,False,2019,11
0 days 01:30:30.900000,HAM,44,,30.0,4.0,0 days 01:28:42.154000,,0 days 00:01:27.496000,0 days 00:00:45.754000,0 days 00:00:41.904000,0 days 01:29:03.329000,0 days 01:29:49.083000,0 days 01:30:31.106000,136.0,218.0,234.0,285.0,False,INTERMEDIATE,1.0,True,Mercedes,0 days 01:27:35.776000,,4,5.0,,,False,False,2019,11
0 days 02:00:13.448000,HAM,44,0 days 00:01:31.518000,47.0,4.0,,0 days 02:00:11.058000,0 days 00:00:19.291000,0 days 00:00:40.059000,0 days 00:00:32.168000,0 days 01:59:01.294000,0 days 01:59:41.353000,0 days 02:00:13.521000,180.0,245.0,,299.0,False,INTERMEDIATE,18.0,True,Mercedes,0 days 01:58:41.930000,,1,1.0,,,False,False,2019,11
0 days 02:02:01.533000,HAM,44,0 days 00:01:48.085000,48.0,5.0,0 days 02:00:38.121000,,0 days 00:00:44.540000,0 days 00:00:38.570000,0 days 00:00:24.975000,0 days 02:00:58.061000,0 days 02:01:36.631000,0 days 02:02:01.606000,163.0,251.0,259.0,302.0,False,SOFT,6.0,False,Mercedes,0 days 02:00:13.448000,,1,12.0,,,False,False,2019,11
0 days 02:08:56.038000,HAM,44,0 days 00:01:37.709000,53.0,5.0,,0 days 02:08:53.646000,0 days 00:00:27.957000,0 days 00:00:39.362000,0 days 00:00:30.390000,0 days 02:07:46.359000,0 days 02:08:25.721000,0 days 02:08:56.111000,172.0,244.0,,300.0,False,SOFT,11.0,False,Mercedes,0 days 02:07:18.329000,,12,14.0,,,False,False,2019,11
0 days 02:10:33.908000,HAM,44,0 days 00:01:37.870000,54.0,6.0,0 days 02:09:13.653000,,0 days 00:00:36.234000,0 days 00:00:37.392000,0 days 00:00:24.244000,0 days 02:09:32.345000,0 days 02:10:09.737000,0 days 02:10:33.981000,187.0,255.0,263.0,299.0,False,SOFT,5.0,False,Mercedes,0 days 02:08:56.038000,,1,15.0,,,False,False,2019,11
0 days 02:13:31.791000,HAM,44,0 days 00:01:38.634000,56.0,6.0,,0 days 02:13:29.390000,0 days 00:00:17.305000,0 days 00:00:38.134000,0 days 00:00:43.195000,0 days 02:12:10.535000,0 days 02:12:48.669000,0 days 02:13:31.864000,209.0,164.0,,299.0,False,SOFT,7.0,False,Mercedes,0 days 02:11:53.157000,,124,15.0,,,False,False,2019,11
0 days 02:15:41.006000,HAM,44,0 days 00:02:09.215000,57.0,7.0,0 days 02:13:48.983000,,0 days 00:00:38.017000,0 days 00:00:54.694000,0 days 00:00:36.504000,0 days 02:14:09.881000,0 days 02:15:04.575000,0 days 02:15:41.079000,123.0,132.0,246.0,111.0,False,SOFT,6.0,False,Mercedes,0 days 02:13:31.791000,,4,14.0,,,False,False,2019,11
0 days 00:43:40.857000,VET,5,0 days 00:01:47.381000,2.0,1.0,,0 days 00:43:38.470000,0 days 00:00:23.293000,0 days 00:00:45.635000,0 days 00:00:38.453000,0 days 00:42:16.817000,0 days 00:43:02.452000,0 days 00:43:40.905000,151.0,222.0,,298.0,False,WET,2.0,True,Ferrari,0 days 00:41:53.476000,,14,12.0,,,False,False,2019,11
0 days 00:45:52.711000,VET,5,0 days 00:02:11.854000,3.0,2.0,0 days 00:43:58.553000,,0 days 00:00:41.397000,0 days 00:00:52.958000,0 days 00:00:37.499000,0 days 00:44:22.302000,0 days 00:45:15.260000,0 days 00:45:52.759000,127.0,175.0,249.0,199.0,False,INTERMEDIATE,1.0,True,Ferrari,0 days 00:43:40.857000,,4,18.0,,,False,False,2019,11
0 days 01:17:42.761000,VET,5,0 days 00:01:38.863000,23.0,2.0,,0 days 01:17:40.402000,0 days 00:00:20.591000,0 days 00:00:42.874000,0 days 00:00:35.398000,0 days 01:16:24.537000,0 days 01:17:07.411000,0 days 01:17:42.809000,172.0,234.0,,302.0,False,INTERMEDIATE,21.0,True,Ferrari,0 days 01:16:03.898000,,1,8.0,,,False,False,2019,11
0 days 01:19:35.915000,VET,5,0 days 00:01:53.154000,24.0,3.0,0 days 01:18:01.150000,,0 days 00:00:39.413000,0 days 00:00:40.893000,0 days 00:00:32.848000,0 days 01:18:22.222000,0 days 01:19:03.115000,0 days 01:19:35.963000,145.0,243.0,232.0,299.0,False,SOFT,1.0,True,Ferrari,0 days 01:17:42.761000,,1,11.0,,,False,False,2019,11
0 days 01:26:43.502000,VET,5,0 days 00:02:02.599000,28.0,3.0,,0 days 01:26:41.083000,0 days 00:00:26.701000,0 days 00:00:47.224000,0 days 00:00:48.674000,0 days 01:25:07.652000,0 days 01:25:54.876000,0 days 01:26:43.550000,138.0,107.0,,295.0,False,SOFT,5.0,True,Ferrari,0 days 01:24:40.903000,,67124,7.0,,,False,False,2019,11
0 days 01:28:51.633000,VET,5,0 days 00:02:08.131000,29.0,4.0,0 days 01:27:03.098000,,0 days 00:00:40.584000,0 days 00:00:48.590000,0 days 00:00:38.957000,0 days 01:27:24.134000,0 days 01:28:12.724000,0 days 01:28:51.681000,139.0,212.0,246.0,262.0,False,INTERMEDIATE,1.0,True,Ferrari,0 days 01:26:43.502000,,4,8.0,,,False,False,2019,11
0 days 01:49:23.544000,VET,5,0 days 00:01:54.838000,41.0,4.0,,0 days 01:49:21.192000,0 days 00:00:19.642000,0 days 00:00:53.235000,0 days 00:00:41.961000,0 days 01:47:48.396000,0 days 01:48:41.631000,0 days 01:49:23.592000,185.0,179.0,,150.0,False,INTERMEDIATE,13.0,True,Ferrari,0 days 01:47:28.706000,,24,7.0,,,False,False,2019,11
0 days 01:51:34.707000,VET,5,0 days 00:02:11.163000,42.0,5.0,0 days 01:49:42.428000,,0 days 00:00:37.850000,0 days 00:00:57.372000,0 days 00:00:35.941000,0 days 01:50:01.442000,0 days 01:50:58.814000,0 days 01:51:34.755000,131.0,149.0,209.0,220.0,False,INTERMEDIATE,1.0,True,Ferrari,0 days 01:49:23.544000,,4,10.0,,,False,False,2019,11
0 days 02:00:16.964000,VET,5,0 days 00:01:31.812000,47.0,5.0,,0 days 02:00:14.619000,0 days 00:00:18.902000,0 days 00:00:40.283000,0 days 00:00:32.627000,0 days 01:59:04.102000,0 days 01:59:44.385000,0 days 02:00:17.012000,175.0,249.0,,314.0,False,INTERMEDIATE,6.0,True,Ferrari,0 days 01:58:45.152000,,1,3.0,,,False,False,2019,11
0 days 02:01:55.042000,VET,5,0 days 00:01:38.078000,48.0,6.0,0 days 02:00:34.199000,,0 days 00:00:35.637000,0 days 00:00:37.813000,0 days 00:00:24.628000,0 days 02:00:52.649000,0 days 02:01:30.462000,0 days 02:01:55.090000,190.0,256.0,264.0,308.0,False,SOFT,1.0,True,Ferrari,0 days 02:00:16.964000,,1,9.0,,,False,False,2019,11
0 days 00:45:37.181000,SAI,55,0 days 00:01:59.561000,3.0,1.0,,0 days 00:45:34.793000,0 days 00:00:25.969000,0 days 00:00:52.937000,0 days 00:00:40.655000,0 days 00:44:03.663000,0 days 00:44:56.600000,0 days 00:45:37.255000,141.0,217.0,,131.0,False,WET,3.0,True,McLaren,0 days 00:43:37.620000,,4,10.0,,,False,False,2019,11
0 days 00:47:51.312000,SAI,55,0 days 00:02:14.131000,4.0,2.0,0 days 00:45:58.136000,,0 days 00:00:42.253000,0 days 00:00:52.649000,0 days 00:00:39.229000,0 days 00:46:19.508000,0 days 00:47:12.157000,0 days 00:47:51.386000,142.0,163.0,245.0,227.0,False,INTERMEDIATE,1.0,True,McLaren,0 days 00:45:37.181000,,41,13.0,,,False,False,2019,11
0 days 01:24:46.043000,SAI,55,0 days 00:01:56.592000,27.0,2.0,,0 days 01:24:43.669000,0 days 00:00:21.222000,0 days 00:00:52.728000,0 days 00:00:42.642000,0 days 01:23:10.747000,0 days 01:24:03.475000,0 days 01:24:46.117000,171.0,179.0,,91.0,False,INTERMEDIATE,24.0,True,McLaren,0 days 01:22:49.451000,,26,9.0,,,False,False,2019,11
0 days 01:26:45.235000,SAI,55,0 days 00:01:59.192000,28.0,3.0,0 days 01:25:03.652000,,0 days 00:00:35.183000,0 days 00:00:44.986000,0 days 00:00:39.023000,0 days 01:25:21.300000,0 days 01:26:06.286000,0 days 01:26:45.309000,178.0,192.0,175.0,316.0,False,INTERMEDIATE,1.0,True,McLaren,0 days 01:24:46.043000,,67124,8.0,,,False,False,2019,11
0 days 01:58:47.093000,SAI,55,0 days 00:01:31.802000,46.0,3.0,,0 days 01:58:44.738000,0 days 00:00:19.384000,0 days 00:00:40.506000,0 days 00:00:31.912000,0 days 01:57:34.749000,0 days 01:58:15.255000,0 days 01:58:47.167000,201.0,247.0,,293.0,False,INTERMEDIATE,19.0,True,McLaren,0 days 01:57:15.291000,,1,6.0,,,False,False,2019,11
0 days 02:00:27.506000,SAI,55,0 days 00:01:40.413000,47.0,4.0,0 days 01:59:05.427000,,0 days 00:00:36.495000,0 days 00:00:38.551000,0 days 00:00:25.367000,0 days 01:59:23.662000,0 days 02:00:02.213000,0 days 02:00:27.580000,194.0,251.0,264.0,305.0,False,SOFT,4.0,False,McLaren,0 days 01:58:47.093000,,1,10.0,,,False,False,2019,11
0 days 00:52:58.707000,RUS,63,0 days 00:01:45.319000,7.0,1.0,,0 days 00:52:56.331000,0 days 00:00:22.948000,0 days 00:00:45.618000,0 days 00:00:36.753000,0 days 00:51:36.397000,0 days 00:52:22.015000,0 days 00:52:58.768000,160.0,224.0,,287.0,False,WET,7.0,True,Williams,0 days 00:51:13.388000,,1,17.0,,,False,False,2019,11
0 days 00:54:47.457000,RUS,63,0 days 00:01:48.750000,8.0,2.0,0 days 00:53:17.052000,,0 days 00:00:36.190000,0 days 00:00:42.579000,0 days 00:00:29.981000,0 days 00:53:34.958000,0 days 00:54:17.537000,0 days 00:54:47.518000,186.0,234.0,247.0,288.0,False,INTERMEDIATE,1.0,True,Williams,0 days 00:52:58.707000,,1,18.0,,,False,False,2019,11
0 days 01:20:37.418000,RUS,63,0 days 00:01:40.667000,24.0,2.0,,0 days 01:20:35.056000,0 days 00:00:21.790000,0 days 00:00:43.548000,0 days 00:00:35.329000,0 days 01:19:18.602000,0 days 01:20:02.150000,0 days 01:20:37.479000,162.0,229.0,,292.0,False,INTERMEDIATE,17.0,True,Williams,0 days 01:18:56.751000,,1,17.0,,,False,False,2019,11
0 days 01:22:26.425000,RUS,63,0 days 00:01:49.007000,25.0,3.0,0 days 01:20:54.307000,,0 days 00:00:35.340000,0 days 00:00:42.977000,0 days 00:00:30.690000,0 days 01:21:12.819000,0 days 01:21:55.796000,0 days 01:22:26.486000,171.0,233.0,246.0,295.0,False,INTERMEDIATE,1.0,True,Williams,0 days 01:20:37.418000,,12,17.0,,,False,False,2019,11
0 days 01:50:17.185000,RUS,63,0 days 00:02:01.647000,41.0,3.0,,0 days 01:50:14.805000,0 days 00:00:26.666000,0 days 00:00:55.090000,0 days 00:00:39.891000,0 days 01:48:42.265000,0 days 01:49:37.355000,0 days 01:50:17.246000,153.0,212.0,,208.0,False,INTERMEDIATE,17.0,True,Williams,0 days 01:48:15.538000,,4,14.0,,,False,False,2019,11
0 days 01:52:03.768000,RUS,63,0 days 00:01:46.583000,42.0,4.0,0 days 01:50:34.152000,,0 days 00:00:35.329000,0 days 00:00:42.400000,0 days 00:00:28.854000,0 days 01:50:52.575000,0 days 01:51:34.975000,0 days 01:52:03.829000,173.0,236.0,248.0,291.0,False,INTERMEDIATE,1.0,True,Williams,0 days 01:50:17.185000,,4,13.0,,,False,False,2019,11
0 days 02:00:26.616000,RUS,63,0 days 00:01:36.238000,47.0,4.0,,0 days 02:00:24.251000,0 days 00:00:20.472000,0 days 00:00:42.780000,0 days 00:00:32.986000,0 days 01:59:10.911000,0 days 01:59:53.691000,0 days 02:00:26.677000,172.0,232.0,,294.0,False,INTERMEDIATE,6.0,True,Williams,0 days 01:58:50.378000,,1,9.0,,,False,False,2019,11
0 days 02:02:10.352000,RUS,63,0 days 00:01:43.736000,48.0,5.0,0 days 02:00:45.902000,,0 days 00:00:37.724000,0 days 00:00:39.860000,0 days 00:00:26.152000,0 days 02:01:04.401000,0 days 02:01:44.261000,0 days 02:02:10.413000,193.0,248.0,260.0,296.0,False,SOFT,1.0,True,Williams,0 days 02:00:26.616000,,1,14.0,,,False,False,2019,11
0 days 02:15:11.360000,RUS,63,0 days 00:02:03.258000,57.0,5.0,,0 days 02:15:08.995000,0 days 00:00:25.560000,0 days 00:00:55.292000,0 days 00:00:42.406000,0 days 02:13:33.723000,0 days 02:14:29.015000,0 days 02:15:11.421000,102.0,187.0,,245.0,False,SOFT,10.0,True,Williams,0 days 02:13:08.102000,,4,13.0,,,False,False,2019,11
0 days 02:16:55.158000,RUS,63,0 days 00:01:43.798000,58.0,6.0,0 days 02:15:32.413000,,0 days 00:00:39.009000,0 days 00:00:39.179000,0 days 00:00:25.610000,0 days 02:15:50.430000,0 days 02:16:29.609000,0 days 02:16:55.219000,195.0,248.0,260.0,293.0,False,SOFT,4.0,False,Williams,0 days 02:15:11.360000,,4,13.0,,,False,False,2019,11
0 days 00:45:25.587000,RAI,7,0 days 00:02:03.694000,3.0,1.0,,0 days 00:45:23.197000,0 days 00:00:29.921000,0 days 00:00:52.838000,0 days 00:00:40.935000,0 days 00:43:51.874000,0 days 00:44:44.712000,0 days 00:45:25.647000,166.0,171.0,,240.0,False,WET,3.0,True,Alfa Romeo Racing,0 days 00:43:21.893000,,4,4.0,,,False,False,2019,11
0 days 00:47:50.381000,RAI,7,0 days 00:02:24.794000,4.0,2.0,0 days 00:45:50.450000,,0 days 00:00:47.181000,0 days 00:00:56.491000,0 days 00:00:41.122000,0 days 00:46:12.828000,0 days 00:47:09.319000,0 days 00:47:50.441000,113.0,138.0,240.0,173.0,False,INTERMEDIATE,1.0,True,Alfa Romeo Racing,0 days 00:45:25.587000,,41,11.0,,,False,False,2019,11
0 days 01:22:18.211000,RAI,7,0 days 00:01:37.544000,26.0,2.0,,0 days 01:22:15.905000,0 days 00:00:20.880000,0 days 00:00:41.552000,0 days 00:00:35.112000,0 days 01:21:01.607000,0 days 01:21:43.159000,0 days 01:22:18.271000,173.0,237.0,,300.0,False,INTERMEDIATE,23.0,True,Alfa Romeo Racing,0 days 01:20:40.667000,,12,6.0,,,False,False,2019,11
0 days 01:24:34.963000,RAI,7,0 days 00:02:16.752000,27.0,3.0,0 days 01:22:38.142000,,0 days 00:00:42.368000,0 days 00:00:53.157000,0 days 00:00:41.227000,0 days 01:23:00.639000,0 days 01:23:53.796000,0 days 01:24:35.023000,138.0,180.0,179.0,292.0,False,MEDIUM,1.0,True,Alfa Romeo Racing,0 days 01:22:18.211000,,126,7.0,,,False,False,2019,11
0 days 01:26:42.911000,RAI,7,0 days 00:02:07.948000,28.0,3.0,,0 days 01:26:40.457000,0 days 00:00:28.107000,0 days 00:00:51.257000,0 days 00:00:48.584000,0 days 01:25:03.130000,0 days 01:25:54.387000,0 days 01:26:42.971000,120.0,108.0,,281.0,False,MEDIUM,2.0,True,Alfa Romeo Racing,0 days 01:24:34.963000,,67124,6.0,,,False,False,2019,11
0 days 01:28:50.595000,RAI,7,0 days 00:02:07.684000,29.0,4.0,0 days 01:27:01.635000,,0 days 00:00:40.491000,0 days 00:00:47.708000,0 days 00:00:39.485000,0 days 01:27:23.462000,0 days 01:28:11.170000,0 days 01:28:50.655000,143.0,149.0,219.0,268.0,False,INTERMEDIATE,1.0,True,Alfa Romeo Racing,0 days 01:26:42.911000,,4,7.0,,,False,False,2019,11
0 days 02:00:16.271000,RAI,7,0 days 00:01:31.536000,47.0,4.0,,0 days 02:00:13.901000,0 days 00:00:19.046000,0 days 00:00:40.104000,0 days 00:00:32.386000,0 days 01:59:03.841000,0 days 01:59:43.945000,0 days 02:00:16.331000,184.0,242.0,,301.0,False,INTERMEDIATE,19.0,True,Alfa Romeo Racing,0 days 01:58:44.735000,,1,2.0,,,False,False,2019,11
0 days 02:01:58.397000,RAI,7,0 days 00:01:42.126000,48.0,5.0,0 days 02:00:34.855000,,0 days 00:00:37.694000,0 days 00:00:38.993000,0 days 00:00:25.439000,0 days 02:00:54.025000,0 days 02:01:33.018000,0 days 02:01:58.457000,184.0,249.0,259.0,309.0,False,SOFT,4.0,False,Alfa Romeo Racing,0 days 02:00:16.271000,,1,11.0,,,False,False,2019,11
0 days 00:45:22.520000,BOT,77,0 days 00:02:05.182000,3.0,1.0,,0 days 00:45:20.027000,0 days 00:00:28.260000,0 days 00:00:55.551000,0 days 00:00:41.371000,0 days 00:43:45.659000,0 days 00:44:41.210000,0 days 00:45:22.581000,127.0,157.0,,184.0,False,WET,3.0,True,Mercedes,0 days 00:43:17.338000,,14,2.0,,,False,False,2019,11
0 days 00:47:44.564000,BOT,77,0 days 00:02:22.044000,4.0,2.0,0 days 00:45:42.233000,,0 days 00:00:39.478000,0 days 00:00:59.898000,0 days 00:00:42.668000,0 days 00:46:02.059000,0 days 00:47:01.957000,0 days 00:47:44.625000,153.0,136.0,249.0,158.0,False,INTERMEDIATE,1.0,True,Mercedes,0 days 00:45:22.520000,,41,3.0,,,False,False,2019,11
0 days 01:21:42.716000,BOT,77,0 days 00:01:36.761000,26.0,2.0,,0 days 01:21:40.293000,0 days 00:00:20.429000,0 days 00:00:41.572000,0 days 00:00:34.760000,0 days 01:20:26.445000,0 days 01:21:08.017000,0 days 01:21:42.777000,174.0,238.0,,299.0,False,INTERMEDIATE,23.0,True,Mercedes,0 days 01:20:05.955000,,1,2.0,,,False,False,2019,11
0 days 01:23:44.464000,BOT,77,0 days 00:02:01.748000,27.0,3.0,0 days 01:22:00.830000,,0 days 00:00:39.864000,0 days 00:00:43.267000,0 days 00:00:38.617000,0 days 01:22:22.641000,0 days 01:23:05.908000,0 days 01:23:44.525000,141.0,229.0,209.0,296.0,False,MEDIUM,4.0,False,Mercedes,0 days 01:21:42.716000,,126,3.0,,,False,False,2019,11
0 days 01:29:54.813000,BOT,77,0 days 00:02:16.954000,30.0,3.0,,0 days 01:29:52.352000,0 days 00:00:29.571000,0 days 00:00:58.420000,0 days 00:00:48.963000,0 days 01:28:07.491000,0 days 01:29:05.911000,0 days 01:29:54.874000,120.0,169.0,,279.0,False,MEDIUM,7.0,False,Mercedes,0 days 01:27:37.859000,,4,2.0,,,False,False,2019,11
0 days 01:32:15.370000,BOT,77,0 days 00:02:20.557000,31.0,4.0,0 days 01:30:13.491000,,0 days 00:00:37.007000,0 days 00:00:57.298000,0 days 00:00:46.252000,0 days 01:30:31.881000,0 days 01:31:29.179000,0 days 01:32:15.431000,158.0,181.0,131.0,170.0,False,INTERMEDIATE,1.0,True,Mercedes,0 days 01:29:54.813000,,4,3.0,,,False,False,2019,11
0 days 01:58:43.857000,BOT,77,0 days 00:01:30.493000,46.0,4.0,,0 days 01:58:41.456000,0 days 00:00:18.898000,0 days 00:00:39.489000,0 days 00:00:32.106000,0 days 01:57:32.323000,0 days 01:58:11.812000,0 days 01:58:43.918000,191.0,243.0,,301.0,False,INTERMEDIATE,16.0,True,Mercedes,0 days 01:57:13.364000,,1,3.0,,,False,False,2019,11
0 days 02:00:26.288000,BOT,77,0 days 00:01:42.431000,47.0,5.0,0 days 01:59:02.626000,,0 days 00:00:37.619000,0 days 00:00:38.333000,0 days 00:00:26.479000,0 days 01:59:21.537000,0 days 01:59:59.870000,0 days 02:00:26.349000,188.0,250.0,261.0,304.0,False,SOFT,3.0,False,Mercedes,0 days 01:58:43.857000,,1,8.0,,,False,False,2019,11
0 days 00:45:33.677000,GRO,8,0 days 00:02:01.462000,3.0,1.0,,0 days 00:45:31.291000,0 days 00:00:26.311000,0 days 00:00:53.971000,0 days 00:00:41.180000,0 days 00:43:58.609000,0 days 00:44:52.580000,0 days 00:45:33.760000,148.0,179.0,,160.0,False,WET,3.0,True,Haas F1 Team,0 days 00:43:32.215000,,4,7.0,,,False,False,2019,11
0 days 00:47:52.880000,GRO,8,0 days 00:02:19.203000,4.0,2.0,0 days 00:45:58.529000,,0 days 00:00:48.026000,0 days 00:00:52.861000,0 days 00:00:38.316000,0 days 00:46:21.786000,0 days 00:47:14.647000,0 days 00:47:52.963000,119.0,172.0,247.0,209.0,False,INTERMEDIATE,1.0,True,Haas F1 Team,0 days 00:45:33.677000,,41,15.0,,,False,False,2019,11
0 days 01:22:47.010000,GRO,8,0 days 00:01:39.333000,26.0,2.0,,0 days 01:22:44.628000,0 days 00:00:21.567000,0 days 00:00:42.446000,0 days 00:00:35.320000,0 days 01:21:29.327000,0 days 01:22:11.773000,0 days 01:22:47.093000,162.0,235.0,,294.0,False,INTERMEDIATE,23.0,True,Haas F1 Team,0 days 01:21:07.677000,,12,11.0,,,False,False,2019,11
0 days 01:25:18.682000,GRO,8,,27.0,3.0,0 days 01:23:06.253000,,0 days 00:00:41.843000,0 days 00:00:54.939000,0 days 00:00:54.887000,0 days 01:23:29.067000,0 days 01:24:23.921000,0 days 01:25:18.921000,113.0,199.0,190.0,202.0,False,SOFT,4.0,False,Haas F1 Team,0 days 01:22:47.010000,,2671,13.0,,,False,False,2019,11
0 days 01:27:29.991000,GRO,8,0 days 00:02:11.309000,28.0,3.0,,0 days 01:27:27.603000,0 days 00:00:26.703000,0 days 00:01:02.085000,0 days 00:00:42.521000,0 days 01:25:45.468000,0 days 01:26:47.553000,0 days 01:27:30.074000,128.0,193.0,,178.0,False,SOFT,5.0,False,Haas F1 Team,0 days 01:25:18.682000,,124,13.0,,,False,False,2019,11
0 days 01:29:52.783000,GRO,8,0 days 00:02:22.792000,29.0,4.0,0 days 01:27:51.607000,,0 days 00:00:39.412000,0 days 00:00:57.861000,0 days 00:00:45.519000,0 days 01:28:09.486000,0 days 01:29:07.347000,0 days 01:29:52.866000,150.0,121.0,164.0,269.0,False,INTERMEDIATE,1.0,True,Haas F1 Team,0 days 01:27:29.991000,,4,13.0,,,False,False,2019,11
0 days 01:49:38.010000,GRO,8,0 days 00:01:57.482000,41.0,4.0,,0 days 01:49:35.584000,0 days 00:00:23.461000,0 days 00:00:53.847000,0 days 00:00:40.174000,0 days 01:48:04.072000,0 days 01:48:57.919000,0 days 01:49:38.093000,101.0,184.0,,196.0,False,INTERMEDIATE,13.0,True,Haas F1 Team,0 days 01:47:40.528000,,24,11.0,,,False,False,2019,11
0 days 01:51:50.553000,GRO,8,0 days 00:02:12.543000,42.0,5.0,0 days 01:49:56.258000,,0 days 00:00:39.111000,0 days 00:00:54.558000,0 days 00:00:38.874000,0 days 01:50:17.204000,0 days 01:51:11.762000,0 days 01:51:50.636000,92.0,184.0,217.0,197.0,False,INTERMEDIATE,1.0,True,Haas F1 Team,0 days 01:49:38.010000,,4,12.0,,,False,False,2019,11
0 days 01:58:51.681000,GRO,8,0 days 00:01:32.974000,46.0,5.0,,0 days 01:58:49.990000,0 days 00:00:19.570000,0 days 00:00:40.933000,0 days 00:00:32.471000,0 days 01:57:38.360000,0 days 01:58:19.293000,0 days 01:58:51.764000,190.0,240.0,,315.0,False,INTERMEDIATE,5.0,True,Haas F1 Team,0 days 01:57:18.707000,,1,12.0,,,False,False,2019,11
0 days 02:00:36.093000,GRO,8,0 days 00:01:44.412000,47.0,6.0,0 days 01:59:10.723000,,0 days 00:00:38.008000,0 days 00:00:40.168000,0 days 00:00:26.236000,0 days 01:59:29.772000,0 days 02:00:09.940000,0 days 02:00:36.176000,174.0,239.0,254.0,297.0,False,SOFT,7.0,False,Haas F1 Team,0 days 01:58:51.681000,,1,14.0,,,False,False,2019,11
0 days 00:53:03.021000,KUB,88,0 days 00:01:46.750000,7.0,1.0,,0 days 00:53:00.553000,0 days 00:00:24.114000,0 days 00:00:45.865000,0 days 00:00:36.771000,0 days 00:51:40.402000,0 days 00:52:26.267000,0 days 00:53:03.038000,157.0,223.0,,291.0,False,WET,7.0,True,Williams,0 days 00:51:16.271000,,1,19.0,,,False,False,2019,11
0 days 00:54:55.158000,KUB,88,0 days 00:01:52.137000,8.0,2.0,0 days 00:53:24.340000,,0 days 00:00:39.749000,0 days 00:00:43.290000,0 days 00:00:29.098000,0 days 00:53:42.787000,0 days 00:54:26.077000,0 days 00:54:55.175000,161.0,229.0,248.0,299.0,False,INTERMEDIATE,1.0,True,Williams,0 days 00:53:03.021000,,1,19.0,,,False,False,2019,11
0 days 01:19:11.178000,KUB,88,0 days 00:01:42.771000,23.0,2.0,,0 days 01:19:08.797000,0 days 00:00:22.153000,0 days 00:00:43.929000,0 days 00:00:36.689000,0 days 01:17:50.577000,0 days 01:18:34.506000,0 days 01:19:11.195000,158.0,229.0,,294.0,False,INTERMEDIATE,16.0,True,Williams,0 days 01:17:28.407000,,1,18.0,,,False,False,2019,11
0 days 01:21:01.286000,KUB,88,0 days 00:01:50.108000,24.0,3.0,0 days 01:19:29.236000,,0 days 00:00:36.430000,0 days 00:00:43.068000,0 days 00:00:30.610000,0 days 01:19:47.625000,0 days 01:20:30.693000,0 days 01:21:01.303000,161.0,234.0,243.0,300.0,False,INTERMEDIATE,1.0,True,Williams,0 days 01:19:11.178000,,1,18.0,,,False,False,2019,11
0 days 01:34:09.879000,KUB,88,0 days 00:01:56.527000,31.0,3.0,,0 days 01:34:07.495000,0 days 00:00:30.426000,0 days 00:00:50.731000,0 days 00:00:35.370000,0 days 01:32:43.795000,0 days 01:33:34.526000,0 days 01:34:09.896000,134.0,227.0,,253.0,False,INTERMEDIATE,8.0,True,Williams,0 days 01:32:13.352000,,4,15.0,,,False,False,2019,11
0 days 01:36:00.768000,KUB,88,0 days 00:01:50.889000,32.0,4.0,0 days 01:34:27.135000,,0 days 00:00:35.527000,0 days 00:00:44.123000,0 days 00:00:31.239000,0 days 01:34:45.423000,0 days 01:35:29.546000,0 days 01:36:00.785000,158.0,226.0,244.0,291.0,False,INTERMEDIATE,1.0,True,Williams,0 days 01:34:09.879000,,4,16.0,,,False,False,2019,11
0 days 01:59:01.490000,KUB,88,0 days 00:01:38.969000,46.0,4.0,,0 days 01:58:59.129000,0 days 00:00:21.854000,0 days 00:00:43.282000,0 days 00:00:33.833000,0 days 01:57:44.392000,0 days 01:58:27.674000,0 days 01:59:01.507000,155.0,226.0,,293.0,False,INTERMEDIATE,15.0,True,Williams,0 days 01:57:22.521000,,1,14.0,,,False,False,2019,11
0 days 02:00:46.301000,KUB,88,0 days 00:01:44.811000,47.0,5.0,0 days 01:59:19.490000,,0 days 00:00:38.485000,0 days 00:00:40.237000,0 days 00:00:26.089000,0 days 01:59:39.992000,0 days 02:00:20.229000,0 days 02:00:46.318000,158.0,246.0,257.0,296.0,False,SOFT,1.0,True,Williams,0 days 01:59:01.490000,,1,15.0,,,False,False,2019,11
0 days 02:15:07.169000,KUB,88,0 days 00:02:00.067000,57.0,5.0,,0 days 02:15:04.712000,0 days 00:00:24.887000,0 days 00:00:55.441000,0 days 00:00:39.739000,0 days 02:13:32.006000,0 days 02:14:27.447000,0 days 02:15:07.186000,124.0,167.0,,231.0,False,SOFT,11.0,True,Williams,0 days 02:13:07.102000,,4,12.0,,,False,False,2019,11
0 days 02:16:52.577000,KUB,88,0 days 00:01:45.408000,58.0,6.0,0 days 02:15:24.631000,,0 days 00:00:37.305000,0 days 00:00:41.034000,0 days 00:00:27.069000,0 days 02:15:44.491000,0 days 02:16:25.525000,0 days 02:16:52.594000,166.0,242.0,256.0,293.0,False,SOFT,4.0,False,Williams,0 days 02:15:07.169000,,4,12.0,,,False,False,2019,11
0 days 00:45:40.168000,GIO,99,0 days 00:02:00.644000,3.0,1.0,,0 days 00:45:37.793000,0 days 00:00:26.868000,0 days 00:00:52.073000,0 days 00:00:41.703000,0 days 00:44:06.458000,0 days 00:44:58.531000,0 days 00:45:40.234000,160.0,203.0,,205.0,False,WET,3.0,True,Alfa Romeo Racing,0 days 00:43:39.524000,,4,12.0,,,False,False,2019,11
0 days 00:47:54.055000,GIO,99,0 days 00:02:13.887000,4.0,2.0,0 days 00:46:00.293000,,0 days 00:00:41.911000,0 days 00:00:53.393000,0 days 00:00:38.583000,0 days 00:46:22.145000,0 days 00:47:15.538000,0 days 00:47:54.121000,121.0,166.0,242.0,195.0,False,INTERMEDIATE,1.0,True,Alfa Romeo Racing,0 days 00:45:40.168000,,41,16.0,,,False,False,2019,11
0 days 01:22:35.820000,GIO,99,0 days 00:01:38.802000,26.0,2.0,,0 days 01:22:33.468000,0 days 00:00:21.430000,0 days 00:00:42.325000,0 days 00:00:35.047000,0 days 01:21:18.514000,0 days 01:22:00.839000,0 days 01:22:35.886000,167.0,230.0,,297.0,False,INTERMEDIATE,23.0,True,Alfa Romeo Racing,0 days 01:20:57.018000,,12,8.0,,,False,False,2019,11
0 days 01:24:52.080000,GIO,99,0 days 00:02:16.260000,27.0,3.0,0 days 01:22:54.331000,,0 days 00:00:39.575000,0 days 00:00:55.561000,0 days 00:00:41.124000,0 days 01:23:15.461000,0 days 01:24:11.022000,0 days 01:24:52.146000,140.0,191.0,179.0,135.0,False,MEDIUM,1.0,True,Alfa Romeo Racing,0 days 01:22:35.820000,,1267,10.0,,,False,False,2019,11
0 days 01:27:05.421000,GIO,99,0 days 00:02:13.341000,28.0,3.0,,0 days 01:27:03.055000,0 days 00:00:35.908000,0 days 00:00:48.805000,0 days 00:00:48.628000,0 days 01:25:28.054000,0 days 01:26:16.859000,0 days 01:27:05.487000,122.0,187.0,,289.0,False,MEDIUM,2.0,True,Alfa Romeo Racing,0 days 01:24:52.080000,,7124,10.0,,,False,False,2019,11
0 days 01:29:13.641000,GIO,99,0 days 00:02:08.220000,29.0,4.0,0 days 01:27:23.150000,,0 days 00:00:36.813000,0 days 00:00:53.193000,0 days 00:00:38.214000,0 days 01:27:42.300000,0 days 01:28:35.493000,0 days 01:29:13.707000,152.0,136.0,218.0,148.0,False,INTERMEDIATE,1.0,True,Alfa Romeo Racing,0 days 01:27:05.421000,,4,10.0,,,False,False,2019,11
0 days 02:00:20.338000,GIO,99,0 days 00:01:33.035000,47.0,4.0,,0 days 02:00:18.056000,0 days 00:00:19.578000,0 days 00:00:40.481000,0 days 00:00:32.976000,0 days 01:59:06.947000,0 days 01:59:47.428000,0 days 02:00:20.404000,187.0,242.0,,298.0,False,INTERMEDIATE,19.0,True,Alfa Romeo Racing,0 days 01:58:47.303000,,1,6.0,,,False,False,2019,11
0 days 02:02:09.032000,GIO,99,0 days 00:01:48.694000,48.0,5.0,0 days 02:00:45.953000,,0 days 00:00:44.992000,0 days 00:00:38.273000,0 days 00:00:25.429000,0 days 02:01:05.396000,0 days 02:01:43.669000,0 days 02:02:09.098000,189.0,248.0,259.0,324.0,False,SOFT,1.0,True,Alfa Romeo Racing,0 days 02:00:20.338000,,1,13.0,,,False,False,2019,11
0 days 01:15:17.628000,HAM,44,0 days 00:01:25.483000,31.0,1.0,,0 days 01:15:16.009000,0 days 00:00:29.713000,0 days 00:00:29.855000,0 days 00:00:25.915000,0 days 01:14:21.896000,0 days 01:14:51.751000,0 days 01:15:17.666000,275.0,240.0,,294.0,False,MEDIUM,34.0,False,Mercedes,0 days 01:13:52.145000,,1,1.0,,,False,False,2019,12
0 days 01:16:57.398000,HAM,44,0 days 00:01:39.770000,32.0,2.0,0 days 01:15:39.077000,,0 days 00:00:48.664000,0 days 00:00:28.777000,0 days 00:00:22.329000,0 days 01:16:06.330000,0 days 01:16:35.107000,0 days 01:16:57.436000,273.0,243.0,252.0,294.0,False,HARD,1.0,True,Mercedes,0 days 01:15:17.628000,,1,2.0,,,False,False,2019,12
0 days 01:38:26.589000,HAM,44,0 days 00:01:22.452000,48.0,2.0,,0 days 01:38:26.659000,0 days 00:00:28.741000,0 days 00:00:28.348000,0 days 00:00:25.363000,0 days 01:37:32.916000,0 days 01:38:01.264000,0 days 01:38:26.627000,286.0,248.0,,298.0,False,HARD,17.0,True,Mercedes,0 days 01:37:04.137000,,1,2.0,,,False,False,2019,12
0 days 01:40:02.711000,HAM,44,0 days 00:01:36.122000,49.0,2.0,0 days 01:38:46.426000,,0 days 00:00:46.653000,0 days 00:00:27.638000,0 days 00:00:21.831000,0 days 01:39:13.280000,0 days 01:39:40.918000,0 days 01:40:02.749000,282.0,252.0,253.0,298.0,False,HARD,18.0,True,Mercedes,0 days 01:38:26.589000,,1,2.0,,,False,False,2019,12
0 days 01:07:01.973000,VER,33,0 days 00:01:24.195000,25.0,1.0,,0 days 01:07:00.320000,0 days 00:00:29.552000,0 days 00:00:29.192000,0 days 00:00:25.451000,0 days 01:06:07.342000,0 days 01:06:36.534000,0 days 01:07:01.985000,274.0,240.0,,286.0,False,MEDIUM,28.0,False,Red Bull Racing,0 days 01:05:37.778000,,1,2.0,,,False,False,2019,12
0 days 01:08:41.758000,VER,33,0 days 00:01:39.785000,26.0,2.0,0 days 01:07:22.056000,,0 days 00:00:47.457000,0 days 00:00:29.017000,0 days 00:00:23.311000,0 days 01:07:49.442000,0 days 01:08:18.459000,0 days 01:08:41.770000,279.0,238.0,254.0,286.0,False,HARD,1.0,True,Red Bull Racing,0 days 01:07:01.973000,,1,2.0,,,False,False,2019,12
0 days 02:03:54.694000,VER,33,0 days 00:01:25.724000,67.0,2.0,,0 days 02:03:53.303000,0 days 00:00:30.011000,0 days 00:00:30.055000,0 days 00:00:25.658000,0 days 02:02:58.993000,0 days 02:03:29.048000,0 days 02:03:54.706000,280.0,237.0,,293.0,False,HARD,42.0,True,Red Bull Racing,0 days 02:02:28.970000,,1,2.0,,,False,False,2019,12
0 days 02:05:34.340000,VER,33,0 days 00:01:39.646000,68.0,3.0,0 days 02:04:14.235000,,0 days 00:00:46.977000,0 days 00:00:29.641000,0 days 00:00:23.028000,0 days 02:04:41.683000,0 days 02:05:11.324000,0 days 02:05:34.352000,273.0,246.0,252.0,293.0,False,SOFT,4.0,False,Red Bull Racing,0 days 02:03:54.694000,,1,2.0,,,False,False,2019,12
0 days 01:26:55.759000,VET,5,0 days 00:01:26.496000,39.0,1.0,,0 days 01:26:54.147000,0 days 00:00:29.844000,0 days 00:00:30.302000,0 days 00:00:26.350000,0 days 01:25:59.148000,0 days 01:26:29.450000,0 days 01:26:55.800000,280.0,233.0,,291.0,False,MEDIUM,42.0,False,Ferrari,0 days 01:25:29.263000,,1,3.0,,,False,False,2019,12
0 days 01:28:37.494000,VET,5,0 days 00:01:41.735000,40.0,2.0,0 days 01:27:18.949000,,0 days 00:00:50.249000,0 days 00:00:28.821000,0 days 00:00:22.665000,0 days 01:27:46.049000,0 days 01:28:14.870000,0 days 01:28:37.535000,281.0,243.0,255.0,291.0,False,SOFT,1.0,True,Ferrari,0 days 01:26:55.759000,,1,4.0,,,False,False,2019,12
0 days 01:10:11.873000,LEC,16,0 days 00:01:25.952000,27.0,1.0,,0 days 01:10:10.258000,0 days 00:00:29.690000,0 days 00:00:30.259000,0 days 00:00:26.003000,0 days 01:09:15.680000,0 days 01:09:45.939000,0 days 01:10:11.942000,282.0,237.0,,310.0,False,MEDIUM,30.0,False,Ferrari,0 days 01:08:45.921000,,1,4.0,,,False,False,2019,12
0 days 01:11:52.582000,LEC,16,0 days 00:01:40.709000,28.0,2.0,0 days 01:10:31.822000,,0 days 00:00:48.183000,0 days 00:00:29.592000,0 days 00:00:22.934000,0 days 01:11:00.125000,0 days 01:11:29.717000,0 days 01:11:52.651000,278.0,244.0,251.0,310.0,False,HARD,1.0,False,Ferrari,0 days 01:10:11.873000,,1,4.0,,,False,False,2019,12
0 days 01:13:22.311000,SAI,55,0 days 00:01:26.033000,29.0,1.0,,0 days 01:13:20.707000,0 days 00:00:29.633000,0 days 00:00:30.155000,0 days 00:00:26.245000,0 days 01:12:25.978000,0 days 01:12:56.133000,0 days 01:13:22.378000,281.0,239.0,,291.0,False,SOFT,32.0,False,McLaren,0 days 01:11:56.278000,,1,5.0,,,False,False,2019,12
0 days 01:15:02.679000,SAI,55,0 days 00:01:40.368000,30.0,2.0,0 days 01:13:42.585000,,0 days 00:00:47.695000,0 days 00:00:29.493000,0 days 00:00:23.180000,0 days 01:14:10.073000,0 days 01:14:39.566000,0 days 01:15:02.746000,276.0,242.0,249.0,291.0,False,HARD,1.0,True,McLaren,0 days 01:13:22.311000,,1,5.0,,,False,False,2019,12
0 days 01:12:04.504000,GAS,10,0 days 00:01:25.800000,28.0,1.0,,0 days 01:12:02.932000,0 days 00:00:29.763000,0 days 00:00:30.159000,0 days 00:00:25.878000,0 days 01:11:08.497000,0 days 01:11:38.656000,0 days 01:12:04.534000,279.0,234.0,,290.0,False,MEDIUM,31.0,False,Red Bull Racing,0 days 01:10:38.704000,,1,8.0,,,False,False,2019,12
0 days 01:13:43.762000,GAS,10,0 days 00:01:39.258000,29.0,2.0,0 days 01:12:24.980000,,0 days 00:00:48.188000,0 days 00:00:28.623000,0 days 00:00:22.447000,0 days 01:12:52.722000,0 days 01:13:21.345000,0 days 01:13:43.792000,274.0,243.0,248.0,290.0,False,HARD,1.0,True,Red Bull Racing,0 days 01:12:04.504000,,1,8.0,,,False,False,2019,12
0 days 01:13:25.971000,RAI,7,0 days 00:01:25.083000,29.0,1.0,,0 days 01:13:24.378000,0 days 00:00:29.307000,0 days 00:00:29.847000,0 days 00:00:25.929000,0 days 01:12:30.252000,0 days 01:13:00.099000,0 days 01:13:26.028000,278.0,234.0,,300.0,False,SOFT,32.0,False,Alfa Romeo Racing,0 days 01:12:00.888000,,1,6.0,,,False,False,2019,12
0 days 01:15:07.097000,RAI,7,0 days 00:01:41.126000,30.0,2.0,0 days 01:13:46.540000,,0 days 00:00:47.997000,0 days 00:00:30.116000,0 days 00:00:23.013000,0 days 01:14:14.025000,0 days 01:14:44.141000,0 days 01:15:07.154000,278.0,237.0,248.0,300.0,False,MEDIUM,1.0,True,Alfa Romeo Racing,0 days 01:13:25.971000,,1,8.0,,,False,False,2019,12
0 days 00:40:00.790000,BOT,77,0 days 00:01:26.664000,5.0,1.0,,0 days 00:39:59.158000,0 days 00:00:30.046000,0 days 00:00:30.550000,0 days 00:00:26.068000,0 days 00:39:04.242000,0 days 00:39:34.792000,0 days 00:40:00.860000,272.0,230.0,,285.0,False,MEDIUM,8.0,False,Mercedes,0 days 00:38:34.126000,,1,6.0,,,False,False,2019,12
0 days 00:41:52.824000,BOT,77,0 days 00:01:52.034000,6.0,2.0,0 days 00:40:32.633000,,0 days 00:00:59.830000,0 days 00:00:29.284000,0 days 00:00:22.920000,0 days 00:41:00.690000,0 days 00:41:29.974000,0 days 00:41:52.894000,273.0,239.0,248.0,285.0,False,HARD,1.0,True,Mercedes,0 days 00:40:00.790000,,1,20.0,,,False,False,2019,12
0 days 01:37:13.905000,BOT,77,0 days 00:01:23.828000,46.0,2.0,,0 days 01:37:12.281000,0 days 00:00:29.222000,0 days 00:00:29.247000,0 days 00:00:25.359000,0 days 01:36:19.369000,0 days 01:36:48.616000,0 days 01:37:13.975000,285.0,241.0,,295.0,False,HARD,41.0,True,Mercedes,0 days 01:35:50.077000,,1,9.0,,,False,False,2019,12
0 days 01:38:53.851000,BOT,77,0 days 00:01:39.946000,47.0,3.0,0 days 01:37:34,,0 days 00:00:47.857000,0 days 00:00:29.299000,0 days 00:00:22.790000,0 days 01:38:01.832000,0 days 01:38:31.131000,0 days 01:38:53.921000,284.0,246.0,260.0,295.0,False,MEDIUM,1.0,False,Mercedes,0 days 01:37:13.905000,,1,12.0,,,False,False,2019,12
0 days 01:12:02.558000,NOR,4,0 days 00:01:26.203000,28.0,1.0,,0 days 01:12:00.938000,0 days 00:00:29.782000,0 days 00:00:30.190000,0 days 00:00:26.231000,0 days 01:11:06.205000,0 days 01:11:36.395000,0 days 01:12:02.626000,279.0,238.0,,291.0,False,SOFT,31.0,False,McLaren,0 days 01:10:36.355000,,1,7.0,,,False,False,2019,12
0 days 01:13:48.871000,NOR,4,0 days 00:01:46.313000,29.0,2.0,0 days 01:12:27.002000,,0 days 00:00:52.404000,0 days 00:00:30.622000,0 days 00:00:23.287000,0 days 01:12:55.030000,0 days 01:13:25.652000,0 days 01:13:48.939000,280.0,238.0,259.0,291.0,False,HARD,1.0,True,McLaren,0 days 01:12:02.558000,,1,11.0,,,False,False,2019,12
0 days 01:12:20.483000,ALB,23,0 days 00:01:25.322000,28.0,1.0,,0 days 01:12:18.876000,0 days 00:00:29.744000,0 days 00:00:29.755000,0 days 00:00:25.823000,0 days 01:11:24.905000,0 days 01:11:54.660000,0 days 01:12:20.483000,279.0,236.0,,289.0,False,MEDIUM,28.0,True,Toro Rosso,0 days 01:10:55.161000,,1,10.0,,,False,False,2019,12
0 days 01:14:02.767000,ALB,23,0 days 00:01:42.284000,29.0,2.0,0 days 01:12:42.520000,,0 days 00:00:49.579000,0 days 00:00:29.561000,0 days 00:00:23.144000,0 days 01:13:10.062000,0 days 01:13:39.623000,0 days 01:14:02.767000,274.0,236.0,247.0,289.0,False,HARD,1.0,True,Toro Rosso,0 days 01:12:20.483000,,1,15.0,,,False,False,2019,12
0 days 00:58:25.519000,PER,11,0 days 00:01:26.394000,18.0,1.0,,0 days 00:58:24.337000,0 days 00:00:30.176000,0 days 00:00:30.112000,0 days 00:00:26.106000,0 days 00:57:29.315000,0 days 00:57:59.427000,0 days 00:58:25.533000,286.0,236.0,,291.0,False,MEDIUM,18.0,True,Racing Point,0 days 00:56:59.125000,,1,12.0,,,False,False,2019,12
0 days 01:00:05.415000,PER,11,0 days 00:01:39.896000,19.0,2.0,0 days 00:58:46.072000,,0 days 00:00:47.619000,0 days 00:00:29.307000,0 days 00:00:22.970000,0 days 00:59:13.152000,0 days 00:59:42.459000,0 days 01:00:05.429000,280.0,242.0,248.0,291.0,False,HARD,1.0,True,Racing Point,0 days 00:58:25.519000,,1,16.0,,,False,False,2019,12
0 days 01:23:29.939000,HUL,27,0 days 00:01:25.938000,36.0,1.0,,0 days 01:23:28.350000,0 days 00:00:29.827000,0 days 00:00:30.137000,0 days 00:00:25.974000,0 days 01:22:33.847000,0 days 01:23:03.984000,0 days 01:23:29.958000,275.0,233.0,,285.0,False,MEDIUM,36.0,True,Renault,0 days 01:22:04.001000,,1,10.0,,,False,False,2019,12
0 days 01:25:10.551000,HUL,27,0 days 00:01:40.612000,37.0,2.0,0 days 01:23:50.115000,,0 days 00:00:47.608000,0 days 00:00:29.704000,0 days 00:00:23.300000,0 days 01:24:17.566000,0 days 01:24:47.270000,0 days 01:25:10.570000,275.0,235.0,247.0,285.0,False,SOFT,1.0,True,Renault,0 days 01:23:29.939000,,1,15.0,,,False,False,2019,12
0 days 01:26:23.481000,MAG,20,0 days 00:01:26.189000,38.0,1.0,,0 days 01:26:21.863000,0 days 00:00:29.924000,0 days 00:00:29.869000,0 days 00:00:26.396000,0 days 01:25:27.256000,0 days 01:25:57.125000,0 days 01:26:23.521000,273.0,237.0,,284.0,False,MEDIUM,38.0,True,Haas F1 Team,0 days 01:24:57.292000,,1,10.0,,,False,False,2019,12
0 days 01:28:03.177000,MAG,20,0 days 00:01:39.696000,39.0,2.0,0 days 01:26:43.477000,,0 days 00:00:47.592000,0 days 00:00:29.153000,0 days 00:00:22.951000,0 days 01:27:11.113000,0 days 01:27:40.266000,0 days 01:28:03.217000,277.0,240.0,246.0,284.0,False,SOFT,1.0,True,Haas F1 Team,0 days 01:26:23.481000,,1,15.0,,,False,False,2019,12
0 days 01:37:30.816000,RIC,3,0 days 00:01:25.885000,46.0,1.0,,0 days 01:37:29.110000,0 days 00:00:29.563000,0 days 00:00:30.317000,0 days 00:00:26.005000,0 days 01:36:34.533000,0 days 01:37:04.850000,0 days 01:37:30.855000,281.0,234.0,,290.0,False,HARD,46.0,True,Renault,0 days 01:36:04.931000,,1,12.0,,,False,False,2019,12
0 days 01:39:11.098000,RIC,3,0 days 00:01:40.282000,47.0,2.0,0 days 01:37:51.663000,,0 days 00:00:47.845000,0 days 00:00:29.331000,0 days 00:00:23.106000,0 days 01:38:18.700000,0 days 01:38:48.031000,0 days 01:39:11.137000,284.0,237.0,251.0,290.0,False,SOFT,1.0,True,Renault,0 days 01:37:30.816000,,1,15.0,,,False,False,2019,12
0 days 01:02:37.935000,KVY,26,0 days 00:01:25.357000,21.0,1.0,,0 days 01:02:36.283000,0 days 00:00:29.976000,0 days 00:00:29.683000,0 days 00:00:25.698000,0 days 01:01:42.564000,0 days 01:02:12.247000,0 days 01:02:37.945000,277.0,238.0,,284.0,False,MEDIUM,21.0,True,Toro Rosso,0 days 01:01:12.578000,,1,11.0,,,False,False,2019,12
0 days 01:04:20.752000,KVY,26,0 days 00:01:42.817000,22.0,2.0,0 days 01:03:00.693000,,0 days 00:00:49.487000,0 days 00:00:29.887000,0 days 00:00:23.443000,0 days 01:03:27.432000,0 days 01:03:57.319000,0 days 01:04:20.762000,278.0,239.0,247.0,284.0,False,HARD,1.0,True,Toro Rosso,0 days 01:02:37.935000,,1,16.0,,,False,False,2019,12
0 days 00:55:49.808000,RUS,63,0 days 00:01:27.336000,16.0,1.0,,0 days 00:55:48.174000,0 days 00:00:30.354000,0 days 00:00:30.841000,0 days 00:00:26.141000,0 days 00:54:52.842000,0 days 00:55:23.683000,0 days 00:55:49.824000,273.0,230.0,,283.0,False,MEDIUM,16.0,True,Williams,0 days 00:54:22.472000,,1,17.0,,,False,False,2019,12
0 days 00:57:30.324000,RUS,63,0 days 00:01:40.516000,17.0,2.0,0 days 00:56:09.518000,,0 days 00:00:47.388000,0 days 00:00:29.717000,0 days 00:00:23.411000,0 days 00:56:37.212000,0 days 00:57:06.929000,0 days 00:57:30.340000,278.0,238.0,245.0,283.0,False,HARD,1.0,True,Williams,0 days 00:55:49.808000,,1,18.0,,,False,False,2019,12
0 days 00:55:51.303000,STR,18,0 days 00:01:27.668000,16.0,1.0,,0 days 00:55:49.645000,0 days 00:00:30.309000,0 days 00:00:30.775000,0 days 00:00:26.584000,0 days 00:54:53.973000,0 days 00:55:24.748000,0 days 00:55:51.332000,281.0,230.0,,290.0,False,MEDIUM,16.0,True,Racing Point,0 days 00:54:23.635000,,1,18.0,,,False,False,2019,12
0 days 00:57:32.348000,STR,18,0 days 00:01:41.045000,17.0,2.0,0 days 00:56:11.706000,,0 days 00:00:48.132000,0 days 00:00:29.560000,0 days 00:00:23.353000,0 days 00:56:39.464000,0 days 00:57:09.024000,0 days 00:57:32.377000,281.0,237.0,245.0,290.0,False,HARD,1.0,True,Racing Point,0 days 00:55:51.303000,,1,19.0,,,False,False,2019,12
0 days 01:43:47.367000,STR,18,0 days 00:01:26.290000,50.0,2.0,,0 days 01:43:45.730000,0 days 00:00:29.817000,0 days 00:00:30.276000,0 days 00:00:26.197000,0 days 01:42:50.923000,0 days 01:43:21.199000,0 days 01:43:47.396000,281.0,236.0,,291.0,False,HARD,34.0,True,Racing Point,0 days 01:42:21.077000,,1,18.0,,,False,False,2019,12
0 days 01:45:27.265000,STR,18,0 days 00:01:39.898000,51.0,3.0,0 days 01:44:07.295000,,0 days 00:00:47.096000,0 days 00:00:29.224000,0 days 00:00:23.578000,0 days 01:44:34.492000,0 days 01:45:03.716000,0 days 01:45:27.294000,286.0,239.0,256.0,291.0,False,SOFT,1.0,True,Racing Point,0 days 01:43:47.367000,,1,19.0,,,False,False,2019,12
0 days 00:54:27.874000,GIO,99,0 days 00:01:28.085000,15.0,1.0,,0 days 00:54:26.260000,0 days 00:00:30.481000,0 days 00:00:31.120000,0 days 00:00:26.484000,0 days 00:53:30.302000,0 days 00:54:01.422000,0 days 00:54:27.906000,275.0,229.0,,288.0,False,MEDIUM,15.0,True,Alfa Romeo Racing,0 days 00:52:59.789000,,1,19.0,,,False,False,2019,12
0 days 00:56:10.527000,GIO,99,0 days 00:01:42.653000,16.0,2.0,0 days 00:54:49.448000,,0 days 00:00:49.473000,0 days 00:00:29.853000,0 days 00:00:23.327000,0 days 00:55:17.379000,0 days 00:55:47.232000,0 days 00:56:10.559000,277.0,237.0,247.0,288.0,False,HARD,1.0,True,Alfa Romeo Racing,0 days 00:54:27.874000,,1,20.0,,,False,False,2019,12
0 days 00:58:47.036000,KUB,88,0 days 00:01:27.711000,18.0,1.0,,0 days 00:58:45.250000,0 days 00:00:30.263000,0 days 00:00:30.707000,0 days 00:00:26.741000,0 days 00:57:49.590000,0 days 00:58:20.297000,0 days 00:58:47.038000,273.0,236.0,,284.0,False,MEDIUM,18.0,True,Williams,0 days 00:57:19.325000,,1,17.0,,,False,False,2019,12
0 days 01:00:31.631000,KUB,88,0 days 00:01:44.595000,19.0,2.0,0 days 00:59:07.004000,,0 days 00:00:49.772000,0 days 00:00:30.953000,0 days 00:00:23.870000,0 days 00:59:36.810000,0 days 01:00:07.763000,0 days 01:00:31.633000,274.0,235.0,245.0,284.0,False,HARD,1.0,True,Williams,0 days 00:58:47.036000,,1,20.0,,,False,False,2019,12
0 days 00:59:47.569000,GRO,8,0 days 00:01:26.535000,19.0,1.0,,0 days 00:59:46.154000,0 days 00:00:30.114000,0 days 00:00:30.166000,0 days 00:00:26.255000,0 days 00:58:51.222000,0 days 00:59:21.388000,0 days 00:59:47.643000,269.0,234.0,,281.0,False,SOFT,22.0,False,Haas F1 Team,0 days 00:58:21.034000,,1,10.0,,,False,False,2019,12
0 days 01:01:33.164000,GRO,8,0 days 00:01:45.595000,20.0,2.0,0 days 01:00:07.994000,,0 days 00:00:48.339000,0 days 00:00:32.495000,0 days 00:00:24.761000,0 days 01:00:35.982000,0 days 01:01:08.477000,0 days 01:01:33.238000,273.0,191.0,244.0,281.0,False,HARD,1.0,True,Haas F1 Team,0 days 00:59:47.569000,,1,16.0,,,False,False,2019,12
0 days 01:42:16.159000,GRO,8,0 days 00:01:39.624000,49.0,2.0,,0 days 01:42:14.523000,0 days 00:00:29.591000,0 days 00:00:38.504000,0 days 00:00:31.529000,0 days 01:41:06.200000,0 days 01:41:44.704000,0 days 01:42:16.233000,271.0,191.0,,287.0,False,HARD,30.0,True,Haas F1 Team,0 days 01:40:36.535000,,1,16.0,,,False,False,2019,12
0 days 01:01:35.134000,GAS,10,0 days 00:01:54.888000,13.0,1.0,,0 days 01:01:31.631000,0 days 00:00:31.956000,0 days 00:00:48.808000,0 days 00:00:34.124000,0 days 01:00:12.379000,0 days 01:01:01.187000,0 days 01:01:35.311000,305.0,195.0,,305.0,False,SOFT,13.0,True,Toro Rosso,0 days 00:59:40.246000,,1,9.0,,,False,False,2019,13
0 days 01:03:38.138000,GAS,10,0 days 00:02:03.004000,14.0,2.0,0 days 01:01:54.707000,,0 days 00:00:45.339000,0 days 00:00:48.273000,0 days 00:00:29.392000,0 days 01:02:20.650000,0 days 01:03:08.923000,0 days 01:03:38.315000,339.0,203.0,219.0,307.0,False,MEDIUM,1.0,True,Toro Rosso,0 days 01:01:35.134000,,1,16.0,,,False,False,2019,13
0 days 01:05:13.308000,PER,11,0 days 00:01:55.359000,15.0,1.0,,0 days 01:05:09.756000,0 days 00:00:31.534000,0 days 00:00:49.951000,0 days 00:00:33.874000,0 days 01:03:49.628000,0 days 01:04:39.579000,0 days 01:05:13.453000,317.0,192.0,,311.0,False,SOFT,18.0,False,Racing Point,0 days 01:03:17.949000,,1,7.0,,,False,False,2019,13
0 days 01:07:19.218000,PER,11,0 days 00:02:05.910000,16.0,2.0,0 days 01:05:32.905000,,0 days 00:00:45.683000,0 days 00:00:50.534000,0 days 00:00:29.693000,0 days 01:05:59.136000,0 days 01:06:49.670000,0 days 01:07:19.363000,343.0,191.0,220.0,307.0,False,MEDIUM,1.0,True,Racing Point,0 days 01:05:13.308000,,1,12.0,,,False,False,2019,13
0 days 01:15:41.897000,LEC,16,0 days 00:01:53.378000,21.0,1.0,,0 days 01:15:38.462000,0 days 00:00:31.371000,0 days 00:00:48.353000,0 days 00:00:33.654000,0 days 01:14:20.099000,0 days 01:15:08.452000,0 days 01:15:42.106000,320.0,199.0,,310.0,False,SOFT,24.0,False,Ferrari,0 days 01:13:48.519000,,1,2.0,,,False,False,2019,13
0 days 01:17:44.292000,LEC,16,0 days 00:02:02.395000,22.0,2.0,0 days 01:16:00.809000,,0 days 00:00:46.080000,0 days 00:00:47.390000,0 days 00:00:28.925000,0 days 01:16:28.186000,0 days 01:17:15.576000,0 days 01:17:44.501000,317.0,209.0,223.0,291.0,False,MEDIUM,1.0,True,Ferrari,0 days 01:15:41.897000,,1,4.0,,,False,False,2019,13
0 days 01:03:29.011000,STR,18,0 days 00:01:55.009000,14.0,1.0,,0 days 01:03:25.558000,0 days 00:00:31.617000,0 days 00:00:49.391000,0 days 00:00:34.001000,0 days 01:02:05.826000,0 days 01:02:55.217000,0 days 01:03:29.218000,313.0,194.0,,309.0,False,SOFT,14.0,True,Racing Point,0 days 01:01:34.002000,,1,10.0,,,False,False,2019,13
0 days 01:05:32.683000,STR,18,0 days 00:02:03.672000,15.0,2.0,0 days 01:03:48.281000,,0 days 00:00:45.608000,0 days 00:00:48.807000,0 days 00:00:29.257000,0 days 01:04:14.826000,0 days 01:05:03.633000,0 days 01:05:32.890000,342.0,199.0,220.0,292.0,False,MEDIUM,1.0,True,Racing Point,0 days 01:03:29.011000,,1,17.0,,,False,False,2019,13
0 days 01:33:15.885000,STR,18,0 days 00:01:54.898000,30.0,2.0,,0 days 01:33:12.392000,0 days 00:00:31.216000,0 days 00:00:49.965000,0 days 00:00:33.717000,0 days 01:31:52.410000,0 days 01:32:42.375000,0 days 01:33:16.092000,342.0,196.0,,314.0,False,MEDIUM,16.0,True,Racing Point,0 days 01:31:20.987000,,1,13.0,,,False,False,2019,13
0 days 01:35:21.275000,STR,18,0 days 00:02:05.390000,31.0,3.0,0 days 01:33:37.722000,,0 days 00:00:48.137000,0 days 00:00:47.780000,0 days 00:00:29.473000,0 days 01:34:04.229000,0 days 01:34:52.009000,0 days 01:35:21.482000,317.0,201.0,222.0,307.0,False,SOFT,1.0,True,Racing Point,0 days 01:33:15.885000,,1,14.0,,,False,False,2019,13
0 days 01:24:12.196000,MAG,20,0 days 00:01:56.060000,25.0,1.0,,0 days 01:24:08.830000,0 days 00:00:31.978000,0 days 00:00:49.393000,0 days 00:00:34.689000,0 days 01:22:48.309000,0 days 01:23:37.702000,0 days 01:24:12.391000,315.0,191.0,,307.0,False,SOFT,28.0,False,Haas F1 Team,0 days 01:22:16.136000,,1,15.0,,,False,False,2019,13
0 days 01:26:15.722000,MAG,20,0 days 00:02:03.526000,26.0,2.0,0 days 01:24:31.257000,,0 days 00:00:46.238000,0 days 00:00:47.771000,0 days 00:00:29.517000,0 days 01:24:58.629000,0 days 01:25:46.400000,0 days 01:26:15.917000,312.0,203.0,221.0,289.0,False,MEDIUM,1.0,True,Haas F1 Team,0 days 01:24:12.196000,,1,18.0,,,False,False,2019,13
0 days 01:20:11.915000,ALB,23,0 days 00:01:54.745000,23.0,1.0,,0 days 01:20:08.374000,0 days 00:00:31.476000,0 days 00:00:49.401000,0 days 00:00:33.868000,0 days 01:18:48.809000,0 days 01:19:38.210000,0 days 01:20:12.078000,317.0,196.0,,312.0,False,MEDIUM,23.0,True,Red Bull Racing,0 days 01:18:17.170000,,1,11.0,,,False,False,2019,13
0 days 01:22:15.221000,ALB,23,0 days 00:02:03.306000,24.0,2.0,0 days 01:20:30.906000,,0 days 00:00:45.324000,0 days 00:00:48.951000,0 days 00:00:29.031000,0 days 01:20:57.402000,0 days 01:21:46.353000,0 days 01:22:15.384000,329.0,199.0,220.0,313.0,False,SOFT,1.0,True,Red Bull Racing,0 days 01:20:11.915000,,1,14.0,,,False,False,2019,13
0 days 01:21:59.256000,KVY,26,0 days 00:01:54.845000,24.0,1.0,,0 days 01:21:55.680000,0 days 00:00:31.820000,0 days 00:00:48.910000,0 days 00:00:34.115000,0 days 01:20:36.394000,0 days 01:21:25.304000,0 days 01:21:59.419000,316.0,190.0,,305.0,False,MEDIUM,24.0,True,Toro Rosso,0 days 01:20:04.411000,,1,7.0,,,False,False,2019,13
0 days 01:24:01.826000,KVY,26,0 days 00:02:02.570000,25.0,2.0,0 days 01:22:18.822000,,0 days 00:00:45.886000,0 days 00:00:47.557000,0 days 00:00:29.127000,0 days 01:22:45.305000,0 days 01:23:32.862000,0 days 01:24:01.989000,306.0,204.0,221.0,305.0,False,SOFT,1.0,True,Toro Rosso,0 days 01:21:59.256000,,1,13.0,,,False,False,2019,13
0 days 00:57:57.875000,HUL,27,0 days 00:01:56.421000,11.0,1.0,,0 days 00:57:54.352000,0 days 00:00:30.992000,0 days 00:00:51.370000,0 days 00:00:34.059000,0 days 00:56:32.660000,0 days 00:57:24.030000,0 days 00:57:58.089000,337.0,199.0,,314.0,False,SOFT,14.0,False,Renault,0 days 00:56:01.454000,,1,16.0,,,False,False,2019,13
0 days 01:00:01.208000,HUL,27,0 days 00:02:03.333000,12.0,2.0,0 days 00:58:17.816000,,0 days 00:00:46.257000,0 days 00:00:47.695000,0 days 00:00:29.381000,0 days 00:58:44.346000,0 days 00:59:32.041000,0 days 01:00:01.422000,313.0,206.0,220.0,308.0,False,MEDIUM,1.0,True,Renault,0 days 00:57:57.875000,,1,18.0,,,False,False,2019,13
0 days 01:35:05.589000,HUL,27,0 days 00:01:55.785000,31.0,2.0,,0 days 01:35:02.178000,0 days 00:00:31.252000,0 days 00:00:50.552000,0 days 00:00:33.981000,0 days 01:33:41.270000,0 days 01:34:31.822000,0 days 01:35:05.803000,320.0,198.0,,315.0,False,MEDIUM,20.0,True,Renault,0 days 01:33:09.804000,,1,12.0,,,False,False,2019,13
0 days 01:37:08.326000,HUL,27,0 days 00:02:02.737000,32.0,3.0,0 days 01:35:25.073000,,0 days 00:00:45.717000,0 days 00:00:47.833000,0 days 00:00:29.187000,0 days 01:35:51.520000,0 days 01:36:39.353000,0 days 01:37:08.540000,325.0,206.0,211.0,310.0,False,SOFT,3.0,False,Renault,0 days 01:35:05.589000,,1,13.0,,,False,False,2019,13
0 days 00:36:12.579000,RIC,3,0 days 00:02:45.793000,1.0,1.0,,0 days 00:36:09.104000,,0 days 00:01:22.772000,0 days 00:00:43.037000,,0 days 00:35:29.815000,0 days 00:36:12.846000,266.0,163.0,,260.0,False,SOFT,4.0,False,Renault,0 days 00:33:26.693000,,124,17.0,,,False,False,2019,13
0 days 00:39:10.357000,RIC,3,,2.0,2.0,0 days 00:36:36.631000,,0 days 00:01:00.654000,0 days 00:01:11.130000,0 days 00:00:46.081000,0 days 00:37:13.413000,0 days 00:38:24.804000,0 days 00:39:10.749000,133.0,116.0,171.0,166.0,False,SOFT,3.0,False,Renault,0 days 00:36:12.579000,,4,17.0,,,False,False,2019,13
0 days 01:12:28.532000,NOR,4,0 days 00:01:54.592000,19.0,1.0,,0 days 01:12:25.002000,0 days 00:00:31.590000,0 days 00:00:48.953000,0 days 00:00:34.049000,0 days 01:11:05.704000,0 days 01:11:54.657000,0 days 01:12:28.706000,307.0,198.0,,309.0,False,SOFT,19.0,True,McLaren,0 days 01:10:33.940000,,1,5.0,,,False,False,2019,13
0 days 01:14:32.284000,NOR,4,0 days 00:02:03.752000,20.0,2.0,0 days 01:12:48.256000,,0 days 00:00:45.603000,0 days 00:00:48.825000,0 days 00:00:29.324000,0 days 01:13:14.309000,0 days 01:14:03.134000,0 days 01:14:32.458000,334.0,201.0,223.0,308.0,False,MEDIUM,1.0,True,McLaren,0 days 01:12:28.532000,,1,6.0,,,False,False,2019,13
0 days 01:17:35.083000,HAM,44,0 days 00:01:53.415000,22.0,1.0,,0 days 01:17:31.482000,0 days 00:00:31.649000,0 days 00:00:47.765000,0 days 00:00:34.001000,0 days 01:16:13.499000,0 days 01:17:01.264000,0 days 01:17:35.265000,305.0,197.0,,307.0,False,SOFT,27.0,False,Mercedes,0 days 01:15:41.668000,,1,1.0,,,False,False,2019,13
0 days 01:19:38.037000,HAM,44,0 days 00:02:02.954000,23.0,2.0,0 days 01:17:55.042000,,0 days 00:00:47.250000,0 days 00:00:46.734000,0 days 00:00:28.970000,0 days 01:18:22.515000,0 days 01:19:09.249000,0 days 01:19:38.219000,317.0,204.0,219.0,296.0,False,MEDIUM,1.0,True,Mercedes,0 days 01:17:35.083000,,1,4.0,,,False,False,2019,13
0 days 01:04:50.911000,VET,5,0 days 00:01:53.829000,15.0,1.0,,0 days 01:04:47.376000,0 days 00:00:31.357000,0 days 00:00:48.740000,0 days 00:00:33.732000,0 days 01:03:28.622000,0 days 01:04:17.362000,0 days 01:04:51.094000,320.0,198.0,,311.0,False,SOFT,18.0,False,Ferrari,0 days 01:02:57.082000,,1,4.0,,,False,False,2019,13
0 days 01:06:53.175000,VET,5,0 days 00:02:02.264000,16.0,2.0,0 days 01:05:10.275000,,0 days 00:00:45.468000,0 days 00:00:47.848000,0 days 00:00:28.948000,0 days 01:05:36.562000,0 days 01:06:24.410000,0 days 01:06:53.358000,316.0,200.0,221.0,304.0,False,MEDIUM,1.0,True,Ferrari,0 days 01:04:50.911000,,1,5.0,,,False,False,2019,13
0 days 01:37:39.545000,VET,5,0 days 00:01:53.728000,33.0,2.0,,0 days 01:37:36.008000,0 days 00:00:30.986000,0 days 00:00:48.488000,0 days 00:00:34.254000,0 days 01:36:16.986000,0 days 01:37:05.474000,0 days 01:37:39.728000,322.0,199.0,,317.0,False,MEDIUM,18.0,True,Ferrari,0 days 01:35:45.817000,,1,4.0,,,False,False,2019,13
0 days 01:39:41.711000,VET,5,0 days 00:02:02.166000,34.0,3.0,0 days 01:37:58.995000,,0 days 00:00:45.457000,0 days 00:00:47.664000,0 days 00:00:29.045000,0 days 01:38:25.185000,0 days 01:39:12.849000,0 days 01:39:41.894000,314.0,205.0,223.0,302.0,False,SOFT,5.0,False,Ferrari,0 days 01:37:39.545000,,1,4.0,,,False,False,2019,13
0 days 00:36:41.736000,SAI,55,0 days 00:03:14.682000,1.0,1.0,,0 days 00:36:37.907000,,0 days 00:01:11.639000,0 days 00:01:00.928000,,0 days 00:35:40.870000,0 days 00:36:41.736000,144.0,131.0,,208.0,False,SOFT,1.0,True,McLaren,0 days 00:33:26.693000,,124,19.0,,,False,False,2019,13
0 days 01:33:45.248000,RUS,63,0 days 00:01:58.040000,30.0,1.0,,0 days 01:33:41.707000,0 days 00:00:32.150000,0 days 00:00:50.958000,0 days 00:00:34.932000,0 days 01:32:19.536000,0 days 01:33:10.494000,0 days 01:33:45.426000,304.0,170.0,,306.0,False,MEDIUM,30.0,True,Williams,0 days 01:31:47.208000,,1,18.0,,,False,False,2019,13
0 days 01:35:48.496000,RUS,63,0 days 00:02:03.248000,31.0,2.0,0 days 01:34:04.161000,,0 days 00:00:45.699000,0 days 00:00:48.151000,0 days 00:00:29.398000,0 days 01:34:31.125000,0 days 01:35:19.276000,0 days 01:35:48.674000,323.0,202.0,218.0,284.0,False,SOFT,1.0,True,Williams,0 days 01:33:45.248000,,1,18.0,,,False,False,2019,13
0 days 00:36:14.743000,RAI,7,0 days 00:02:47.682000,1.0,1.0,,0 days 00:36:11.143000,,0 days 00:01:22.322000,0 days 00:00:42.723000,,0 days 00:35:32.020000,0 days 00:36:14.943000,320.0,171.0,,,False,SOFT,4.0,False,Alfa Romeo Racing,0 days 00:33:26.693000,,124,18.0,,,False,False,2019,13
0 days 00:39:16.359000,RAI,7,,2.0,2.0,0 days 00:36:50.109000,0 days 00:39:12.577000,0 days 00:01:09.232000,0 days 00:01:01.644000,0 days 00:00:50.796000,0 days 00:37:23.935000,0 days 00:38:25.563000,0 days 00:39:16.673000,283.0,122.0,,205.0,False,MEDIUM,1.0,True,Alfa Romeo Racing,0 days 00:36:14.743000,,4,18.0,,,False,False,2019,13
0 days 00:42:09.702000,RAI,7,,3.0,3.0,0 days 00:39:37.856000,,0 days 00:00:50.478000,0 days 00:01:06.065000,0 days 00:00:56.788000,0 days 00:40:06.901000,0 days 00:41:12.914000,0 days 00:42:10.089000,303.0,102.0,187.0,265.0,False,MEDIUM,2.0,False,Alfa Romeo Racing,0 days 00:39:16.359000,,4,18.0,,,False,False,2019,13
0 days 01:35:37.397000,RAI,7,0 days 00:01:57.882000,31.0,3.0,,0 days 01:35:33.757000,0 days 00:00:31.966000,0 days 00:00:51.193000,0 days 00:00:34.723000,0 days 01:34:11.481000,0 days 01:35:02.674000,0 days 01:35:37.397000,311.0,187.0,,308.0,False,MEDIUM,30.0,False,Alfa Romeo Racing,0 days 01:33:39.515000,,1,16.0,,,False,False,2019,13
0 days 01:37:46.566000,RAI,7,0 days 00:02:09.169000,32.0,4.0,0 days 01:36:00.584000,,0 days 00:00:49.917000,0 days 00:00:49.943000,0 days 00:00:29.309000,0 days 01:36:27.314000,0 days 01:37:17.257000,0 days 01:37:46.566000,312.0,197.0,221.0,302.0,False,SOFT,6.0,False,Alfa Romeo Racing,0 days 01:35:37.397000,,1,18.0,,,False,False,2019,13
0 days 01:19:29.438000,BOT,77,0 days 00:01:53.827000,23.0,1.0,,0 days 01:19:25.919000,0 days 00:00:31.644000,0 days 00:00:48.047000,0 days 00:00:34.136000,0 days 01:18:07.520000,0 days 01:18:55.567000,0 days 01:19:29.703000,305.0,195.0,,305.0,False,SOFT,28.0,False,Mercedes,0 days 01:17:35.611000,,1,2.0,,,False,False,2019,13
0 days 01:21:31.032000,BOT,77,0 days 00:02:01.594000,24.0,2.0,0 days 01:19:48.455000,,0 days 00:00:45.921000,0 days 00:00:46.754000,0 days 00:00:28.919000,0 days 01:20:15.624000,0 days 01:21:02.378000,0 days 01:21:31.297000,318.0,207.0,222.0,301.0,False,MEDIUM,1.0,True,Mercedes,0 days 01:19:29.438000,,1,4.0,,,False,False,2019,13
0 days 01:07:03.530000,GRO,8,0 days 00:01:55.696000,16.0,1.0,,0 days 01:07:00.003000,0 days 00:00:31.975000,0 days 00:00:49.156000,0 days 00:00:34.565000,0 days 01:05:40.009000,0 days 01:06:29.165000,0 days 01:07:03.730000,311.0,190.0,,305.0,False,SOFT,16.0,True,Haas F1 Team,0 days 01:05:07.834000,,1,6.0,,,False,False,2019,13
0 days 01:09:08.586000,GRO,8,0 days 00:02:05.056000,17.0,2.0,0 days 01:07:22.910000,,0 days 00:00:46.022000,0 days 00:00:49.313000,0 days 00:00:29.721000,0 days 01:07:49.752000,0 days 01:08:39.065000,0 days 01:09:08.786000,310.0,196.0,223.0,300.0,False,MEDIUM,1.0,True,Haas F1 Team,0 days 01:07:03.530000,,1,11.0,,,False,False,2019,13
0 days 00:36:09.999000,KUB,88,0 days 00:02:43.210000,1.0,1.0,0 days 00:33:40.738000,,,0 days 00:01:20.907000,0 days 00:00:39.601000,,0 days 00:35:30.601000,0 days 00:36:10.541000,307.0,163.0,194.0,243.0,False,MEDIUM,1.0,True,Williams,0 days 00:33:26.693000,,124,16.0,,,False,False,2019,13
0 days 01:35:38.847000,KUB,88,0 days 00:01:56.608000,31.0,1.0,,0 days 01:35:35.327000,0 days 00:00:32.203000,0 days 00:00:49.746000,0 days 00:00:34.659000,0 days 01:34:14.645000,0 days 01:35:04.391000,0 days 01:35:39.050000,300.0,194.0,,304.0,False,MEDIUM,31.0,True,Williams,0 days 01:33:42.239000,,1,17.0,,,False,False,2019,13
0 days 01:37:44.885000,KUB,88,0 days 00:02:06.038000,32.0,2.0,0 days 01:35:59.594000,,0 days 00:00:47.478000,0 days 00:00:48.595000,0 days 00:00:29.965000,0 days 01:36:26.528000,0 days 01:37:15.123000,0 days 01:37:45.088000,310.0,205.0,220.0,301.0,False,SOFT,1.0,True,Williams,0 days 01:35:38.847000,,1,17.0,,,False,False,2019,13
0 days 01:31:15.703000,GIO,99,0 days 00:01:55.984000,29.0,1.0,,0 days 01:31:12.211000,0 days 00:00:31.761000,0 days 00:00:50.319000,0 days 00:00:33.904000,0 days 01:29:51.660000,0 days 01:30:41.979000,0 days 01:31:15.883000,318.0,193.0,,306.0,False,MEDIUM,29.0,True,Alfa Romeo Racing,0 days 01:29:19.719000,,1,8.0,,,False,False,2019,13
0 days 01:33:18.412000,GIO,99,0 days 00:02:02.709000,30.0,2.0,0 days 01:31:35.258000,,0 days 00:00:45.929000,0 days 00:00:47.601000,0 days 00:00:29.179000,0 days 01:32:01.812000,0 days 01:32:49.413000,0 days 01:33:18.592000,309.0,206.0,222.0,305.0,False,SOFT,1.0,True,Alfa Romeo Racing,0 days 01:31:15.703000,,1,14.0,,,False,False,2019,13
0 days 01:14:14.004000,GAS,10,0 days 00:01:42.204000,28.0,1.0,,0 days 01:14:11.895000,0 days 00:00:28.452000,0 days 00:00:28.886000,0 days 00:00:44.866000,0 days 01:13:00.283000,0 days 01:13:29.169000,0 days 01:14:14.035000,299.0,300.0,,307.0,False,MEDIUM,28.0,True,Toro Rosso,0 days 01:12:31.800000,,1267,8.0,,,False,False,2019,14
0 days 01:15:59.044000,GAS,10,0 days 00:01:45.040000,29.0,2.0,0 days 01:14:34.670000,,0 days 00:00:48.246000,0 days 00:00:28.783000,0 days 00:00:28.011000,0 days 01:15:02.281000,0 days 01:15:31.064000,0 days 01:15:59.075000,305.0,313.0,309.0,272.0,False,SOFT,1.0,True,Toro Rosso,0 days 01:14:14.004000,,71,12.0,,,False,False,2019,14
0 days 01:14:09.688000,PER,11,0 days 00:01:41.911000,28.0,1.0,,0 days 01:14:05.982000,0 days 00:00:28.162000,0 days 00:00:29.099000,0 days 00:00:44.650000,0 days 01:12:55.980000,0 days 01:13:25.079000,0 days 01:14:09.729000,319.0,316.0,,314.0,False,MEDIUM,28.0,True,Racing Point,0 days 01:12:27.777000,,1267,7.0,,,False,False,2019,14
0 days 01:15:55.278000,PER,11,0 days 00:01:45.590000,29.0,2.0,0 days 01:14:31.332000,,0 days 00:00:48.601000,0 days 00:00:28.918000,0 days 00:00:28.071000,0 days 01:14:58.330000,0 days 01:15:27.248000,0 days 01:15:55.319000,323.0,322.0,318.0,287.0,False,SOFT,1.0,True,Racing Point,0 days 01:14:09.688000,,71,10.0,,,False,False,2019,14
0 days 01:01:45.147000,LEC,16,0 days 00:01:28.847000,20.0,1.0,,0 days 01:01:41.449000,0 days 00:00:27.943000,0 days 00:00:28.499000,0 days 00:00:32.405000,0 days 01:00:44.280000,0 days 01:01:12.779000,0 days 01:01:45.184000,318.0,322.0,,325.0,False,SOFT,23.0,False,Ferrari,0 days 01:00:16.300000,,1,2.0,,,False,False,2019,14
0 days 01:03:29.363000,LEC,16,0 days 00:01:44.216000,21.0,2.0,0 days 01:02:05.317000,,0 days 00:00:47.723000,0 days 00:00:28.566000,0 days 00:00:27.927000,0 days 01:02:32.907000,0 days 01:03:01.473000,0 days 01:03:29.400000,322.0,318.0,314.0,290.0,False,HARD,1.0,True,Ferrari,0 days 01:01:45.147000,,1,4.0,,,False,False,2019,14
0 days 00:55:19.661000,STR,18,0 days 00:01:31.280000,15.0,1.0,,0 days 00:55:15.976000,0 days 00:00:27.998000,0 days 00:00:29.697000,0 days 00:00:33.585000,0 days 00:54:16.416000,0 days 00:54:46.113000,0 days 00:55:19.698000,323.0,321.0,,331.0,False,SOFT,18.0,False,Racing Point,0 days 00:53:48.381000,,1,14.0,,,False,False,2019,14
0 days 00:57:00.960000,STR,18,0 days 00:01:41.299000,16.0,2.0,0 days 00:55:34.743000,,0 days 00:00:43.092000,0 days 00:00:29.403000,0 days 00:00:28.804000,0 days 00:56:02.790000,0 days 00:56:32.193000,0 days 00:57:00.997000,317.0,313.0,307.0,280.0,False,SOFT,19.0,False,Racing Point,0 days 00:55:19.661000,,1,17.0,,,False,False,2019,14
0 days 01:05:41.916000,STR,18,0 days 00:01:30.487000,22.0,2.0,,0 days 01:05:38.223000,0 days 00:00:27.954000,0 days 00:00:29.214000,0 days 00:00:33.319000,0 days 01:04:39.420000,0 days 01:05:08.634000,0 days 01:05:41.953000,319.0,315.0,,320.0,False,SOFT,25.0,False,Racing Point,0 days 01:04:11.429000,,1,16.0,,,False,False,2019,14
0 days 01:07:26.920000,STR,18,0 days 00:01:45.004000,23.0,3.0,0 days 01:06:02.637000,,0 days 00:00:48.162000,0 days 00:00:28.697000,0 days 00:00:28.145000,0 days 01:06:30.115000,0 days 01:06:58.812000,0 days 01:07:26.957000,316.0,315.0,311.0,284.0,False,MEDIUM,1.0,True,Racing Point,0 days 01:05:41.916000,,1,17.0,,,False,False,2019,14
0 days 01:02:29.088000,MAG,20,0 days 00:01:31.215000,20.0,1.0,,0 days 01:02:25.253000,0 days 00:00:28.498000,0 days 00:00:30.005000,0 days 00:00:32.712000,0 days 01:01:26.436000,0 days 01:01:56.441000,0 days 01:02:29.153000,315.0,308.0,,320.0,False,SOFT,20.0,True,Haas F1 Team,0 days 01:00:57.873000,,1,13.0,,,False,False,2019,14
0 days 01:04:14.317000,MAG,20,0 days 00:01:45.229000,21.0,2.0,0 days 01:02:49.636000,,0 days 00:00:48.199000,0 days 00:00:28.780000,0 days 00:00:28.250000,0 days 01:03:17.352000,0 days 01:03:46.132000,0 days 01:04:14.382000,308.0,312.0,303.0,283.0,False,MEDIUM,1.0,True,Haas F1 Team,0 days 01:02:29.088000,,1,16.0,,,False,False,2019,14
0 days 01:23:37.688000,MAG,20,0 days 00:01:34.772000,34.0,2.0,,0 days 01:23:34.612000,0 days 00:00:29.273000,0 days 00:00:31.914000,0 days 00:00:33.585000,0 days 01:22:32.254000,0 days 01:23:04.168000,0 days 01:23:37.753000,321.0,313.0,,313.0,False,MEDIUM,14.0,True,Haas F1 Team,0 days 01:22:02.916000,,1,12.0,,,False,False,2019,14
0 days 01:25:23.325000,MAG,20,0 days 00:01:45.637000,35.0,3.0,0 days 01:23:59.291000,,0 days 00:00:49.187000,0 days 00:00:28.473000,0 days 00:00:27.977000,0 days 01:24:26.940000,0 days 01:24:55.413000,0 days 01:25:23.390000,306.0,312.0,307.0,265.0,False,SOFT,4.0,False,Haas F1 Team,0 days 01:23:37.688000,,1,15.0,,,False,False,2019,14
0 days 01:36:50.804000,MAG,20,0 days 00:01:32.919000,43.0,3.0,,0 days 01:36:47.100000,0 days 00:00:28.138000,0 days 00:00:28.697000,0 days 00:00:36.084000,0 days 01:35:46.088000,0 days 01:36:14.785000,0 days 01:36:50.869000,307.0,309.0,,311.0,False,SOFT,12.0,False,Haas F1 Team,0 days 01:35:17.885000,,1,14.0,,,False,False,2019,14
0 days 01:10:50.793000,ALB,23,0 days 00:01:30.275000,26.0,1.0,,0 days 01:10:47.115000,0 days 00:00:28.419000,0 days 00:00:29.188000,0 days 00:00:32.668000,0 days 01:09:48.956000,0 days 01:10:18.144000,0 days 01:10:50.812000,308.0,316.0,,319.0,False,SOFT,29.0,False,Red Bull Racing,0 days 01:09:20.518000,,1,7.0,,,False,False,2019,14
0 days 01:12:41.544000,ALB,23,0 days 00:01:50.751000,27.0,2.0,0 days 01:11:16.927000,,0 days 00:00:53.881000,0 days 00:00:28.878000,0 days 00:00:27.992000,0 days 01:11:44.693000,0 days 01:12:13.571000,0 days 01:12:41.563000,305.0,314.0,311.0,285.0,False,MEDIUM,1.0,True,Red Bull Racing,0 days 01:10:50.793000,,1,12.0,,,False,False,2019,14
0 days 01:13:56.098000,KVY,26,0 days 00:01:38.338000,28.0,1.0,,0 days 01:13:52.410000,0 days 00:00:28.845000,0 days 00:00:29.362000,0 days 00:00:40.131000,0 days 01:12:46.622000,0 days 01:13:15.984000,0 days 01:13:56.115000,300.0,310.0,,304.0,False,MEDIUM,28.0,True,Toro Rosso,0 days 01:12:17.760000,,126,6.0,,,False,False,2019,14
0 days 01:15:42.489000,KVY,26,0 days 00:01:46.391000,29.0,2.0,0 days 01:14:17.245000,,0 days 00:00:48.990000,0 days 00:00:29.078000,0 days 00:00:28.323000,0 days 01:14:45.105000,0 days 01:15:14.183000,0 days 01:15:42.506000,295.0,304.0,304.0,281.0,False,SOFT,1.0,True,Toro Rosso,0 days 01:13:56.098000,,671,6.0,,,False,False,2019,14
0 days 01:15:16.677000,HUL,27,0 days 00:01:43.757000,29.0,1.0,,0 days 01:15:13.108000,0 days 00:00:39.136000,0 days 00:00:31.291000,0 days 00:00:33.330000,0 days 01:14:12.110000,0 days 01:14:43.401000,0 days 01:15:16.731000,216.0,310.0,,212.0,False,SOFT,32.0,False,Renault,0 days 01:13:32.920000,,671,5.0,,,False,False,2019,14
0 days 01:17:16.698000,HUL,27,0 days 00:02:00.021000,30.0,2.0,0 days 01:15:37.397000,,0 days 00:00:47.782000,0 days 00:00:30.160000,0 days 00:00:42.079000,0 days 01:16:04.513000,0 days 01:16:34.673000,0 days 01:17:16.752000,304.0,164.0,190.0,284.0,False,MEDIUM,1.0,True,Renault,0 days 01:15:16.677000,,126,5.0,,,False,False,2019,14
0 days 01:16:35.997000,RIC,3,0 days 00:01:30.457000,30.0,1.0,,0 days 01:16:32.543000,0 days 00:00:28.629000,0 days 00:00:28.992000,0 days 00:00:32.836000,0 days 01:15:34.183000,0 days 01:16:03.175000,0 days 01:16:36.011000,310.0,318.0,,307.0,False,SOFT,33.0,False,Renault,0 days 01:15:05.540000,,126,4.0,,,False,False,2019,14
0 days 01:18:32.978000,RIC,3,0 days 00:01:56.981000,31.0,2.0,0 days 01:16:56.848000,,0 days 00:00:54.142000,0 days 00:00:34.370000,0 days 00:00:28.469000,0 days 01:17:30.153000,0 days 01:18:04.523000,0 days 01:18:32.992000,186.0,318.0,309.0,276.0,False,MEDIUM,1.0,True,Renault,0 days 01:16:35.997000,,671,4.0,,,False,False,2019,14
0 days 00:35:01.424000,VER,33,0 days 00:01:41.132000,1.0,1.0,,0 days 00:34:58.190000,,0 days 00:00:29.447000,0 days 00:00:34.150000,,0 days 00:34:27.661000,0 days 00:35:01.591000,318.0,322.0,,248.0,False,MEDIUM,1.0,True,Red Bull Racing,0 days 00:33:20.098000,,12,20.0,,,False,False,2019,14
0 days 00:36:52.819000,VER,33,0 days 00:01:51.395000,2.0,2.0,0 days 00:35:28.968000,,0 days 00:00:54.952000,0 days 00:00:28.445000,0 days 00:00:27.998000,0 days 00:35:56.417000,0 days 00:36:24.862000,0 days 00:36:52.860000,300.0,312.0,304.0,280.0,False,SOFT,1.0,True,Red Bull Racing,0 days 00:35:01.424000,,1,20.0,,,False,False,2019,14
0 days 01:12:33.405000,VER,33,0 days 00:01:29.988000,27.0,2.0,,0 days 01:12:29.700000,0 days 00:00:28.398000,0 days 00:00:29.048000,0 days 00:00:32.542000,0 days 01:11:31.856000,0 days 01:12:00.904000,0 days 01:12:33.446000,309.0,319.0,,320.0,False,SOFT,26.0,True,Red Bull Racing,0 days 01:11:03.417000,,1,10.0,,,False,False,2019,14
0 days 01:14:35.355000,VER,33,0 days 00:02:01.950000,28.0,3.0,0 days 01:12:54.145000,,0 days 00:00:48.644000,0 days 00:00:39.372000,0 days 00:00:33.934000,0 days 01:13:22.090000,0 days 01:14:01.462000,0 days 01:14:35.396000,306.0,204.0,309.0,262.0,False,MEDIUM,2.0,False,Red Bull Racing,0 days 01:12:33.405000,,1267,13.0,,,False,False,2019,14
0 days 01:06:51.096000,NOR,4,0 days 00:01:30.637000,23.0,1.0,,0 days 01:06:47.627000,0 days 00:00:28.107000,0 days 00:00:29.547000,0 days 00:00:32.983000,0 days 01:05:48.640000,0 days 01:06:18.187000,0 days 01:06:51.170000,310.0,319.0,,326.0,False,MEDIUM,23.0,True,McLaren,0 days 01:05:20.459000,,1,12.0,,,False,False,2019,14
0 days 01:08:36.928000,NOR,4,0 days 00:01:45.832000,24.0,2.0,0 days 01:07:11.744000,,0 days 00:00:48.461000,0 days 00:00:29.089000,0 days 00:00:28.282000,0 days 01:07:39.631000,0 days 01:08:08.720000,0 days 01:08:37.002000,302.0,307.0,306.0,285.0,False,HARD,1.0,True,McLaren,0 days 01:06:51.096000,,1,14.0,,,False,False,2019,14
0 days 01:00:22.023000,HAM,44,0 days 00:01:29.456000,19.0,1.0,,0 days 01:00:18.333000,0 days 00:00:28.315000,0 days 00:00:28.642000,0 days 00:00:32.499000,0 days 00:59:20.910000,0 days 00:59:49.552000,0 days 01:00:22.051000,312.0,309.0,,319.0,False,SOFT,22.0,False,Mercedes,0 days 00:58:52.567000,,1,3.0,,,False,False,2019,14
0 days 01:02:05.266000,HAM,44,0 days 00:01:43.243000,20.0,2.0,0 days 01:00:42.294000,,0 days 00:00:47.544000,0 days 00:00:28.172000,0 days 00:00:27.527000,0 days 01:01:09.595000,0 days 01:01:37.767000,0 days 01:02:05.294000,314.0,308.0,307.0,284.0,False,MEDIUM,1.0,True,Mercedes,0 days 01:00:22.023000,,1,5.0,,,False,False,2019,14
0 days 01:43:25.736000,HAM,44,0 days 00:01:28.687000,49.0,2.0,,0 days 01:43:22.042000,0 days 00:00:28.189000,0 days 00:00:28.187000,0 days 00:00:32.311000,0 days 01:42:25.266000,0 days 01:42:53.453000,0 days 01:43:25.764000,313.0,309.0,,314.0,False,MEDIUM,30.0,True,Mercedes,0 days 01:41:57.049000,,1,3.0,,,False,False,2019,14
0 days 01:45:10.273000,HAM,44,0 days 00:01:44.537000,50.0,3.0,0 days 01:43:45.785000,,0 days 00:00:47.407000,0 days 00:00:28.951000,0 days 00:00:28.179000,0 days 01:44:13.171000,0 days 01:44:42.122000,0 days 01:45:10.301000,299.0,301.0,309.0,284.0,False,SOFT,3.0,False,Mercedes,0 days 01:43:25.736000,,1,3.0,,,False,False,2019,14
0 days 00:42:21.490000,VET,5,0 days 00:01:51.038000,6.0,1.0,,0 days 00:42:18.199000,0 days 00:00:27.792000,0 days 00:00:28.926000,0 days 00:00:54.320000,0 days 00:40:58.283000,0 days 00:41:27.209000,0 days 00:42:21.529000,323.0,323.0,,338.0,False,SOFT,10.0,False,Ferrari,0 days 00:40:30.452000,,12,19.0,,,False,False,2019,14
0 days 00:44:16.353000,VET,5,0 days 00:01:54.863000,7.0,2.0,0 days 00:42:50.257000,,0 days 00:00:57.205000,0 days 00:00:29.029000,0 days 00:00:28.629000,0 days 00:43:18.734000,0 days 00:43:47.763000,0 days 00:44:16.392000,308.0,311.0,306.0,264.0,False,HARD,1.0,True,Ferrari,0 days 00:42:21.490000,,1,20.0,,,False,False,2019,14
0 days 00:51:26.132000,VET,5,0 days 00:01:29.446000,12.0,2.0,,0 days 00:51:22.431000,0 days 00:00:28.071000,0 days 00:00:28.596000,0 days 00:00:32.779000,0 days 00:50:24.796000,0 days 00:50:53.392000,0 days 00:51:26.171000,310.0,314.0,,315.0,False,HARD,6.0,True,Ferrari,0 days 00:49:56.686000,,1,19.0,,,False,False,2019,14
0 days 00:53:18.898000,VET,5,0 days 00:01:52.766000,13.0,3.0,0 days 00:51:54.505000,,0 days 00:00:55.722000,0 days 00:00:28.638000,0 days 00:00:28.406000,0 days 00:52:21.893000,0 days 00:52:50.531000,0 days 00:53:18.937000,311.0,315.0,308.0,270.0,False,HARD,7.0,False,Ferrari,0 days 00:51:26.132000,,1,20.0,,,False,False,2019,14
0 days 01:33:48.971000,VET,5,0 days 00:01:29.492000,41.0,3.0,,0 days 01:33:45.424000,0 days 00:00:28.074000,0 days 00:00:28.479000,0 days 00:00:32.939000,0 days 01:32:47.592000,0 days 01:33:16.071000,0 days 01:33:49.010000,312.0,316.0,,318.0,False,HARD,35.0,False,Ferrari,0 days 01:32:19.479000,,1,14.0,,,False,False,2019,14
0 days 01:35:33.614000,VET,5,0 days 00:01:44.643000,42.0,4.0,0 days 01:34:09.807000,,0 days 00:00:48.257000,0 days 00:00:28.434000,0 days 00:00:27.952000,0 days 01:34:37.267000,0 days 01:35:05.701000,0 days 01:35:33.653000,313.0,315.0,314.0,268.0,False,MEDIUM,1.0,True,Ferrari,0 days 01:33:48.971000,,1,15.0,,,False,False,2019,14
0 days 01:12:15.718000,SAI,55,0 days 00:01:30.422000,27.0,1.0,,0 days 01:12:12.104000,0 days 00:00:28.370000,0 days 00:00:29.209000,0 days 00:00:32.843000,0 days 01:11:13.741000,0 days 01:11:42.950000,0 days 01:12:15.793000,304.0,309.0,,315.0,False,SOFT,30.0,False,McLaren,0 days 01:10:45.296000,,1,6.0,,,False,False,2019,14
0 days 01:07:06.025000,RUS,63,0 days 00:01:30.435000,23.0,1.0,,0 days 01:07:02.681000,0 days 00:00:28.460000,0 days 00:00:29.387000,0 days 00:00:32.588000,0 days 01:06:04.081000,0 days 01:06:33.468000,0 days 01:07:06.056000,307.0,313.0,,310.0,False,MEDIUM,23.0,True,Williams,0 days 01:05:35.590000,,1,15.0,,,False,False,2019,14
0 days 01:08:51.527000,RUS,63,0 days 00:01:45.502000,24.0,2.0,0 days 01:07:26.533000,,0 days 00:00:48.109000,0 days 00:00:29.048000,0 days 00:00:28.345000,0 days 01:07:54.165000,0 days 01:08:23.213000,0 days 01:08:51.558000,311.0,305.0,300.0,282.0,False,HARD,1.0,True,Williams,0 days 01:07:06.025000,,1,16.0,,,False,False,2019,14
0 days 00:34:57.734000,RAI,7,0 days 00:01:37.442000,1.0,1.0,0 days 00:33:28.881000,,,0 days 00:00:30.309000,0 days 00:00:29.388000,,0 days 00:34:28.581000,0 days 00:34:58.517000,312.0,315.0,303.0,278.0,False,MEDIUM,1.0,True,Alfa Romeo Racing,0 days 00:33:20.098000,,12,19.0,,,False,False,2019,14
0 days 01:01:13.499000,RAI,7,0 days 00:01:31.093000,19.0,1.0,,0 days 01:01:09.984000,0 days 00:00:28.624000,0 days 00:00:29.083000,0 days 00:00:33.386000,0 days 01:00:11.084000,0 days 01:00:40.167000,0 days 01:01:13.553000,300.0,305.0,,310.0,False,MEDIUM,19.0,True,Alfa Romeo Racing,0 days 00:59:42.406000,,1,15.0,,,False,False,2019,14
0 days 01:03:08.349000,RAI,7,0 days 00:01:54.850000,20.0,2.0,0 days 01:01:42.229000,,0 days 00:00:56.782000,0 days 00:00:29.308000,0 days 00:00:28.760000,0 days 01:02:10.335000,0 days 01:02:39.643000,0 days 01:03:08.403000,302.0,305.0,298.0,263.0,False,MEDIUM,20.0,False,Alfa Romeo Racing,0 days 01:01:13.499000,,1,18.0,,,False,False,2019,14
0 days 01:11:53.484000,RAI,7,0 days 00:01:30.552000,26.0,2.0,,0 days 01:11:49.811000,0 days 00:00:28.374000,0 days 00:00:29.180000,0 days 00:00:32.998000,0 days 01:10:51.360000,0 days 01:11:20.540000,0 days 01:11:53.538000,305.0,309.0,,315.0,False,MEDIUM,26.0,False,Alfa Romeo Racing,0 days 01:10:22.932000,,1,19.0,,,False,False,2019,14
0 days 01:13:47.537000,RAI,7,0 days 00:01:54.053000,27.0,3.0,0 days 01:12:14.428000,,0 days 00:00:48.119000,0 days 00:00:28.949000,0 days 00:00:36.985000,0 days 01:12:41.657000,0 days 01:13:10.606000,0 days 01:13:47.591000,309.0,306.0,192.0,285.0,False,SOFT,1.0,True,Alfa Romeo Racing,0 days 01:11:53.484000,,126,20.0,,,False,False,2019,14
0 days 01:11:44.100000,BOT,77,0 days 00:01:29.671000,27.0,1.0,,0 days 01:11:40.374000,0 days 00:00:28.319000,0 days 00:00:28.554000,0 days 00:00:32.798000,0 days 01:10:42.830000,0 days 01:11:11.384000,0 days 01:11:44.182000,313.0,309.0,,308.0,False,SOFT,30.0,False,Mercedes,0 days 01:10:14.429000,,1,1.0,,,False,False,2019,14
0 days 01:13:27.515000,BOT,77,0 days 00:01:43.415000,28.0,2.0,0 days 01:12:04.163000,,0 days 00:00:47.398000,0 days 00:00:28.297000,0 days 00:00:27.720000,0 days 01:12:31.580000,0 days 01:12:59.877000,0 days 01:13:27.597000,313.0,310.0,309.0,284.0,False,MEDIUM,1.0,True,Mercedes,0 days 01:11:44.100000,,126,4.0,,,False,False,2019,14
0 days 00:43:57.888000,GRO,8,0 days 00:01:40.634000,7.0,1.0,,0 days 00:43:54.216000,0 days 00:00:28.278000,0 days 00:00:29.374000,0 days 00:00:42.982000,0 days 00:42:45.601000,0 days 00:43:14.975000,0 days 00:43:57.957000,310.0,314.0,,329.0,False,SOFT,7.0,True,Haas F1 Team,0 days 00:42:17.254000,,1,19.0,,,False,False,2019,14
0 days 00:45:47.648000,GRO,8,0 days 00:01:49.760000,8.0,2.0,0 days 00:44:20.674000,,0 days 00:00:51.371000,0 days 00:00:29.507000,0 days 00:00:28.882000,0 days 00:44:49.328000,0 days 00:45:18.835000,0 days 00:45:47.717000,305.0,308.0,300.0,260.0,False,MEDIUM,1.0,True,Haas F1 Team,0 days 00:43:57.888000,,1,20.0,,,False,False,2019,14
0 days 01:16:39.096000,GRO,8,0 days 00:01:35.178000,29.0,2.0,,0 days 01:16:35.413000,0 days 00:00:30.456000,0 days 00:00:30.265000,0 days 00:00:34.457000,0 days 01:15:34.443000,0 days 01:16:04.708000,0 days 01:16:39.165000,268.0,323.0,,315.0,False,MEDIUM,22.0,True,Haas F1 Team,0 days 01:15:03.918000,,126,18.0,,,False,False,2019,14
0 days 01:18:36.952000,GRO,8,0 days 00:01:57.856000,30.0,3.0,0 days 01:17:00.529000,,0 days 00:00:56.460000,0 days 00:00:32.522000,0 days 00:00:28.874000,0 days 01:17:35.625000,0 days 01:18:08.147000,0 days 01:18:37.021000,253.0,310.0,306.0,274.0,False,SOFT,1.0,True,Haas F1 Team,0 days 01:16:39.096000,,671,18.0,,,False,False,2019,14
0 days 01:16:20.675000,KUB,88,0 days 00:01:32.890000,29.0,1.0,,0 days 01:16:17.208000,0 days 00:00:28.873000,0 days 00:00:29.804000,0 days 00:00:34.213000,0 days 01:15:16.658000,0 days 01:15:46.462000,0 days 01:16:20.675000,307.0,301.0,,318.0,False,MEDIUM,29.0,True,Williams,0 days 01:14:47.785000,,12,17.0,,,False,False,2019,14
0 days 01:18:28.894000,KUB,88,0 days 00:02:08.219000,30.0,2.0,0 days 01:16:48.814000,,0 days 00:01:02.334000,0 days 00:00:36.768000,0 days 00:00:29.117000,0 days 01:17:23.009000,0 days 01:17:59.777000,0 days 01:18:28.894000,222.0,306.0,298.0,239.0,False,SOFT,1.0,True,Williams,0 days 01:16:20.675000,,2671,16.0,,,False,False,2019,14
0 days 01:38:57.723000,KUB,88,0 days 00:01:39.222000,44.0,2.0,,0 days 01:38:54.083000,0 days 00:00:31.475000,0 days 00:00:32.632000,0 days 00:00:35.115000,0 days 01:37:49.976000,0 days 01:38:22.608000,0 days 01:38:57.723000,298.0,306.0,,318.0,False,SOFT,15.0,True,Williams,0 days 01:37:18.501000,,1,17.0,,,False,False,2019,14
0 days 01:40:43.029000,KUB,88,0 days 00:01:45.306000,45.0,3.0,0 days 01:39:17.904000,,0 days 00:00:47.839000,0 days 00:00:28.856000,0 days 00:00:28.611000,0 days 01:39:45.562000,0 days 01:40:14.418000,0 days 01:40:43.029000,307.0,303.0,301.0,282.0,False,MEDIUM,1.0,True,Williams,0 days 01:38:57.723000,,1,17.0,,,False,False,2019,14
0 days 01:03:44.941000,GIO,99,0 days 00:01:30.616000,21.0,1.0,,0 days 01:03:41.255000,0 days 00:00:28.456000,0 days 00:00:29.312000,0 days 00:00:32.848000,0 days 01:02:42.819000,0 days 01:03:12.131000,0 days 01:03:44.979000,303.0,308.0,,323.0,False,SOFT,21.0,True,Alfa Romeo Racing,0 days 01:02:14.325000,,1,9.0,,,False,False,2019,14
0 days 01:05:32.138000,GIO,99,0 days 00:01:47.197000,22.0,2.0,0 days 01:04:06.948000,,0 days 00:00:49.846000,0 days 00:00:28.855000,0 days 00:00:28.496000,0 days 01:04:34.825000,0 days 01:05:03.680000,0 days 01:05:32.176000,314.0,307.0,295.0,277.0,False,MEDIUM,1.0,True,Alfa Romeo Racing,0 days 01:03:44.941000,,1,13.0,,,False,False,2019,14
0 days 01:32:16.439000,GAS,10,0 days 00:01:58.850000,32.0,1.0,,0 days 01:32:08.960000,0 days 00:00:29.404000,0 days 00:00:43.614000,0 days 00:00:45.832000,0 days 01:30:46.998000,0 days 01:31:30.612000,0 days 01:32:16.444000,301.0,261.0,,284.0,False,HARD,32.0,True,Toro Rosso,0 days 01:30:17.589000,,1,9.0,,,False,False,2019,15
0 days 01:34:25.439000,GAS,10,0 days 00:02:09,33.0,2.0,0 days 01:32:41.220000,,0 days 00:00:53.024000,0 days 00:00:40.315000,0 days 00:00:35.661000,0 days 01:33:09.468000,0 days 01:33:49.783000,0 days 01:34:25.444000,290.0,262.0,249.0,284.0,False,MEDIUM,1.0,True,Toro Rosso,0 days 01:32:16.439000,,1,16.0,,,False,False,2019,15
0 days 00:57:53.209000,PER,11,0 days 00:01:55.228000,13.0,1.0,,0 days 00:57:45.677000,0 days 00:00:29.484000,0 days 00:00:41.789000,0 days 00:00:43.955000,0 days 00:56:27.479000,0 days 00:57:09.268000,0 days 00:57:53.223000,291.0,261.0,,277.0,False,MEDIUM,13.0,True,Racing Point,0 days 00:55:57.981000,,1,16.0,,,False,False,2019,15
0 days 00:59:59.685000,PER,11,0 days 00:02:06.476000,14.0,2.0,0 days 00:58:14.583000,,0 days 00:00:48.860000,0 days 00:00:41.343000,0 days 00:00:36.273000,0 days 00:58:42.083000,0 days 00:59:23.426000,0 days 00:59:59.699000,293.0,264.0,247.0,277.0,False,HARD,1.0,True,Racing Point,0 days 00:57:53.209000,,1,17.0,,,False,False,2019,15
0 days 01:10:12.559000,LEC,16,0 days 00:01:57.053000,20.0,1.0,,0 days 01:10:05.297000,0 days 00:00:29.286000,0 days 00:00:42.721000,0 days 00:00:45.046000,0 days 01:08:44.811000,0 days 01:09:27.532000,0 days 01:10:12.578000,297.0,268.0,,287.0,False,SOFT,23.0,False,Ferrari,0 days 01:08:15.506000,,1,3.0,,,False,False,2019,15
0 days 01:12:19.578000,LEC,16,0 days 00:02:07.019000,21.0,2.0,0 days 01:10:34.094000,,0 days 00:00:49.534000,0 days 00:00:41.495000,0 days 00:00:35.990000,0 days 01:11:02.112000,0 days 01:11:43.607000,0 days 01:12:19.597000,314.0,269.0,253.0,287.0,False,HARD,1.0,True,Ferrari,0 days 01:10:12.559000,,1,8.0,,,False,False,2019,15
0 days 01:30:30.281000,STR,18,0 days 00:01:56.866000,31.0,1.0,,0 days 01:30:22.694000,0 days 00:00:29.515000,0 days 00:00:42.520000,0 days 00:00:44.831000,0 days 01:29:02.966000,0 days 01:29:45.486000,0 days 01:30:30.317000,300.0,265.0,,280.0,False,MEDIUM,31.0,True,Racing Point,0 days 01:28:33.415000,,1,11.0,,,False,False,2019,15
0 days 01:32:36.769000,STR,18,0 days 00:02:06.488000,32.0,2.0,0 days 01:30:52.068000,,0 days 00:00:49.764000,0 days 00:00:40.930000,0 days 00:00:35.794000,0 days 01:31:20.081000,0 days 01:32:01.011000,0 days 01:32:36.805000,286.0,260.0,253.0,280.0,False,HARD,1.0,True,Racing Point,0 days 01:30:30.281000,,1,16.0,,,False,False,2019,15
0 days 01:52:40.806000,STR,18,0 days 00:02:08.253000,41.0,2.0,,0 days 01:52:33.111000,0 days 00:00:30.121000,,,0 days 01:51:02.710000,,,305.0,237.0,,293.0,False,HARD,10.0,True,Racing Point,0 days 01:50:32.553000,,1,18.0,,,False,False,2019,15
0 days 01:54:56.033000,STR,18,0 days 00:02:15.227000,42.0,3.0,0 days 01:53:12.392000,,0 days 00:00:59.243000,0 days 00:00:40.413000,0 days 00:00:35.571000,0 days 01:53:40.085000,0 days 01:54:20.498000,0 days 01:54:56.069000,291.0,267.0,252.0,293.0,False,SOFT,1.0,True,Racing Point,0 days 01:52:40.806000,,1,19.0,,,False,False,2019,15
0 days 01:59:16.175000,STR,18,,44.0,3.0,,0 days 01:59:08.489000,0 days 00:00:40.337000,0 days 00:00:56.546000,0 days 00:00:57.345000,0 days 01:57:22.332000,0 days 01:58:18.866000,0 days 01:59:16.336000,188.0,197.0,,287.0,False,SOFT,3.0,True,Racing Point,0 days 01:56:41.929000,,24,18.0,,,False,False,2019,15
0 days 02:02:04.077000,STR,18,,45.0,4.0,0 days 01:59:37.879000,,0 days 00:00:58.968000,0 days 00:00:57.877000,0 days 00:00:51.105000,0 days 02:00:15.194000,0 days 02:01:13.008000,0 days 02:02:04.628000,186.0,158.0,205.0,287.0,False,SOFT,1.0,True,Racing Point,0 days 01:59:16.175000,,4,18.0,,,False,False,2019,15
0 days 01:06:51.345000,MAG,20,0 days 00:01:57.267000,18.0,1.0,,0 days 01:06:44.028000,0 days 00:00:29.888000,0 days 00:00:42.341000,0 days 00:00:45.038000,0 days 01:05:24.001000,0 days 01:06:06.342000,0 days 01:06:51.380000,289.0,263.0,,279.0,False,MEDIUM,18.0,True,Haas F1 Team,0 days 01:04:54.078000,,1,12.0,,,False,False,2019,15
0 days 01:08:59.166000,MAG,20,0 days 00:02:07.821000,19.0,2.0,0 days 01:07:13.043000,,0 days 00:00:49.577000,0 days 00:00:41.090000,0 days 00:00:37.154000,0 days 01:07:40.957000,0 days 01:08:22.047000,0 days 01:08:59.201000,291.0,262.0,245.0,279.0,False,HARD,1.0,True,Haas F1 Team,0 days 01:06:51.345000,,1,14.0,,,False,False,2019,15
0 days 02:24:19.487000,MAG,20,0 days 00:01:59.760000,56.0,2.0,,0 days 02:24:11.894000,0 days 00:00:29.965000,0 days 00:00:43.604000,0 days 00:00:46.191000,0 days 02:22:49.727000,0 days 02:23:33.331000,0 days 02:24:19.522000,291.0,266.0,,283.0,False,HARD,38.0,True,Haas F1 Team,0 days 02:22:19.727000,,1,17.0,,,False,False,2019,15
0 days 02:26:33.798000,MAG,20,0 days 00:02:14.311000,57.0,3.0,0 days 02:24:42.875000,,0 days 00:00:51.976000,0 days 00:00:44.092000,0 days 00:00:38.243000,0 days 02:25:11.498000,0 days 02:25:55.590000,0 days 02:26:33.833000,284.0,262.0,250.0,283.0,False,SOFT,1.0,True,Haas F1 Team,0 days 02:24:19.487000,,1,17.0,,,False,False,2019,15
0 days 01:10:21.659000,ALB,23,0 days 00:01:57.257000,20.0,1.0,,0 days 01:10:14.033000,0 days 00:00:29.551000,0 days 00:00:42.618000,0 days 00:00:45.088000,0 days 01:08:53.953000,0 days 01:09:36.571000,0 days 01:10:21.659000,292.0,261.0,,284.0,False,SOFT,23.0,False,Red Bull Racing,0 days 01:08:24.402000,,1,6.0,,,False,False,2019,15
0 days 01:12:28.020000,ALB,23,0 days 00:02:06.361000,21.0,2.0,0 days 01:10:42.549000,,0 days 00:00:49.086000,0 days 00:00:41.208000,0 days 00:00:36.067000,0 days 01:11:10.745000,0 days 01:11:51.953000,0 days 01:12:28.020000,294.0,259.0,250.0,284.0,False,HARD,1.0,True,Red Bull Racing,0 days 01:10:21.659000,,1,11.0,,,False,False,2019,15
0 days 00:56:06.698000,KVY,26,0 days 00:01:57.824000,12.0,1.0,,0 days 00:55:59.021000,0 days 00:00:30.082000,0 days 00:00:42.720000,0 days 00:00:45.022000,0 days 00:54:38.970000,0 days 00:55:21.690000,0 days 00:56:06.712000,295.0,263.0,,279.0,False,MEDIUM,12.0,True,Toro Rosso,0 days 00:54:08.874000,,1,17.0,,,False,False,2019,15
0 days 00:58:13.724000,KVY,26,0 days 00:02:07.026000,13.0,2.0,0 days 00:56:27.818000,,0 days 00:00:49.564000,0 days 00:00:41.428000,0 days 00:00:36.034000,0 days 00:56:56.276000,0 days 00:57:37.704000,0 days 00:58:13.738000,287.0,261.0,249.0,279.0,False,HARD,1.0,True,Toro Rosso,0 days 00:56:06.698000,,1,18.0,,,False,False,2019,15
0 days 01:40:13.484000,KVY,26,0 days 00:02:18.926000,36.0,2.0,,0 days 01:40:05.878000,0 days 00:00:29.390000,0 days 00:00:57.968000,0 days 00:00:51.568000,0 days 01:38:23.962000,0 days 01:39:21.930000,0 days 01:40:13.498000,295.0,214.0,,299.0,False,HARD,24.0,True,Toro Rosso,0 days 01:37:54.558000,,24,14.0,,,False,False,2019,15
0 days 01:43:04.919000,KVY,26,,37.0,3.0,0 days 01:40:40.495000,,0 days 00:01:03.535000,0 days 00:00:57.279000,0 days 00:00:50.574000,0 days 01:41:17.092000,0 days 01:42:14.359000,0 days 01:43:05.105000,136.0,201.0,175.0,299.0,False,SOFT,1.0,True,Toro Rosso,0 days 01:40:13.484000,,4,14.0,,,False,False,2019,15
0 days 00:35:45.301000,HUL,27,0 days 00:02:04.660000,1.0,1.0,,0 days 00:35:38.052000,,0 days 00:00:43.555000,0 days 00:00:46.566000,,0 days 00:34:58.772000,0 days 00:35:45.493000,299.0,268.0,,219.0,False,SOFT,4.0,False,Renault,0 days 00:33:40.429000,,1,18.0,,,False,False,2019,15
0 days 00:37:53.776000,HUL,27,0 days 00:02:08.475000,2.0,2.0,0 days 00:36:07.972000,,0 days 00:00:49.519000,0 days 00:00:41.971000,0 days 00:00:36.985000,0 days 00:36:34.857000,0 days 00:37:16.828000,0 days 00:37:53.813000,294.0,266.0,246.0,219.0,False,HARD,1.0,True,Renault,0 days 00:35:45.301000,,1,18.0,,,False,False,2019,15
0 days 01:40:02.686000,HUL,27,0 days 00:02:15.770000,36.0,2.0,,0 days 01:39:54.958000,0 days 00:00:29.638000,0 days 00:00:50.167000,0 days 00:00:55.965000,0 days 01:38:16.591000,0 days 01:39:06.758000,0 days 01:40:02.723000,289.0,177.0,,287.0,False,HARD,35.0,True,Renault,0 days 01:37:46.916000,,24,9.0,,,False,False,2019,15
0 days 01:42:48.371000,HUL,27,,37.0,3.0,0 days 01:40:24.349000,,0 days 00:00:58.099000,0 days 00:00:59.054000,0 days 00:00:48.526000,0 days 01:41:00.852000,0 days 01:41:59.882000,0 days 01:42:48.928000,215.0,157.0,219.0,287.0,False,MEDIUM,1.0,True,Renault,0 days 01:40:02.686000,,4,13.0,,,False,False,2019,15
0 days 01:36:33.252000,RIC,3,0 days 00:02:29.217000,34.0,1.0,,0 days 01:36:25.499000,0 days 00:00:29.898000,0 days 00:00:56.529000,0 days 00:01:02.790000,0 days 01:34:33.977000,0 days 01:35:30.506000,0 days 01:36:33.296000,308.0,178.0,,303.0,False,MEDIUM,34.0,True,Renault,0 days 01:34:04.035000,,1,16.0,,,False,False,2019,15
0 days 01:38:46.568000,RIC,3,0 days 00:02:13.316000,35.0,2.0,0 days 01:36:56.293000,,0 days 00:00:51.564000,0 days 00:00:43.581000,0 days 00:00:38.171000,0 days 01:37:24.860000,0 days 01:38:08.441000,0 days 01:38:46.612000,294.0,269.0,113.0,303.0,False,HARD,1.0,True,Renault,0 days 01:36:33.252000,,124,17.0,,,False,False,2019,15
0 days 01:08:29.902000,VER,33,0 days 00:01:58.383000,19.0,1.0,,0 days 01:08:22.743000,0 days 00:00:29.610000,0 days 00:00:42.802000,0 days 00:00:45.971000,0 days 01:07:01.146000,0 days 01:07:43.948000,0 days 01:08:29.919000,289.0,261.0,,279.0,False,SOFT,22.0,False,Red Bull Racing,0 days 01:06:31.519000,,1,8.0,,,False,False,2019,15
0 days 01:10:36.362000,VER,33,0 days 00:02:06.460000,20.0,2.0,0 days 01:08:51.057000,,0 days 00:00:49.118000,0 days 00:00:41.376000,0 days 00:00:35.966000,0 days 01:09:19.037000,0 days 01:10:00.413000,0 days 01:10:36.379000,303.0,281.0,251.0,279.0,False,HARD,1.0,True,Red Bull Racing,0 days 01:08:29.902000,,1,11.0,,,False,False,2019,15
0 days 01:10:23.596000,NOR,4,0 days 00:01:57.538000,20.0,1.0,,0 days 01:10:15.952000,0 days 00:00:29.333000,0 days 00:00:42.813000,0 days 00:00:45.392000,0 days 01:08:55.429000,0 days 01:09:38.242000,0 days 01:10:23.634000,296.0,266.0,,290.0,False,SOFT,23.0,False,McLaren,0 days 01:08:26.058000,,1,8.0,,,False,False,2019,15
0 days 01:12:32.868000,NOR,4,0 days 00:02:09.272000,21.0,2.0,0 days 01:10:46.293000,,0 days 00:00:50.573000,0 days 00:00:42.008000,0 days 00:00:36.691000,0 days 01:11:14.207000,0 days 01:11:56.215000,0 days 01:12:32.906000,295.0,269.0,253.0,290.0,False,HARD,1.0,True,McLaren,0 days 01:10:23.596000,,1,13.0,,,False,False,2019,15
0 days 01:21:03.253000,HAM,44,0 days 00:01:57.640000,26.0,1.0,,0 days 01:20:55.436000,0 days 00:00:29.855000,0 days 00:00:42.929000,0 days 00:00:44.856000,0 days 01:19:35.505000,0 days 01:20:18.434000,0 days 01:21:03.290000,282.0,263.0,,273.0,False,SOFT,29.0,False,Mercedes,0 days 01:19:05.613000,,1,1.0,,,False,False,2019,15
0 days 01:23:10.743000,HAM,44,0 days 00:02:07.490000,27.0,2.0,0 days 01:21:24.827000,,0 days 00:00:49.092000,0 days 00:00:41.673000,0 days 00:00:36.725000,0 days 01:21:52.382000,0 days 01:22:34.055000,0 days 01:23:10.780000,295.0,266.0,250.0,273.0,False,HARD,1.0,True,Mercedes,0 days 01:21:03.253000,,1,8.0,,,False,False,2019,15
0 days 01:08:26.465000,VET,5,0 days 00:01:56.992000,19.0,1.0,,0 days 01:08:19,0 days 00:00:29.285000,0 days 00:00:42.586000,0 days 00:00:45.121000,0 days 01:06:58.783000,0 days 01:07:41.369000,0 days 01:08:26.490000,300.0,270.0,,291.0,False,SOFT,22.0,False,Ferrari,0 days 01:06:29.473000,,1,6.0,,,False,False,2019,15
0 days 01:10:32.574000,VET,5,0 days 00:02:06.109000,20.0,2.0,0 days 01:08:48.156000,,0 days 00:00:49.530000,0 days 00:00:40.966000,0 days 00:00:35.613000,0 days 01:09:16.020000,0 days 01:09:56.986000,0 days 01:10:32.599000,301.0,268.0,254.0,291.0,False,HARD,1.0,True,Ferrari,0 days 01:08:26.465000,,1,10.0,,,False,False,2019,15
0 days 00:36:25.397000,SAI,55,0 days 00:02:44.711000,1.0,1.0,,0 days 00:36:18.112000,,0 days 00:01:05.706000,0 days 00:01:01.572000,,0 days 00:35:23.825000,0 days 00:36:25.475000,194.0,171.0,,218.0,False,SOFT,4.0,False,McLaren,0 days 00:33:40.429000,,1,20.0,,,False,False,2019,15
0 days 00:39:33.415000,SAI,55,,2.0,2.0,0 days 00:37:27.532000,,0 days 00:01:34.483000,0 days 00:00:52.185000,0 days 00:00:41.352000,0 days 00:37:59.932000,0 days 00:38:52.207000,0 days 00:39:33.610000,223.0,271.0,244.0,218.0,False,HARD,1.0,True,McLaren,0 days 00:36:25.397000,,1,20.0,,,False,False,2019,15
0 days 01:40:41.242000,SAI,55,0 days 00:02:25.999000,35.0,2.0,,0 days 01:40:33.506000,0 days 00:00:31.403000,0 days 00:00:57.405000,0 days 00:00:57.191000,0 days 01:38:46.646000,0 days 01:39:44.051000,0 days 01:40:41.242000,102.0,176.0,,286.0,False,HARD,34.0,True,McLaren,0 days 01:38:15.243000,,24,19.0,,,False,False,2019,15
0 days 01:43:27.878000,SAI,55,,36.0,3.0,0 days 01:41:04.004000,,0 days 00:00:59.152000,0 days 00:00:57.792000,0 days 00:00:49.683000,0 days 01:41:40.413000,0 days 01:42:38.570000,0 days 01:43:28.021000,203.0,202.0,226.0,286.0,False,MEDIUM,1.0,True,McLaren,0 days 01:40:41.242000,,4,19.0,,,False,False,2019,15
0 days 00:36:04.295000,RUS,63,0 days 00:02:23.654000,1.0,1.0,,0 days 00:35:56.662000,,0 days 00:00:50.073000,0 days 00:00:55.771000,,0 days 00:35:08.537000,0 days 00:36:04.837000,235.0,187.0,,247.0,False,MEDIUM,1.0,True,Williams,0 days 00:33:40.429000,,1,19.0,,,False,False,2019,15
0 days 00:38:23.436000,RUS,63,0 days 00:02:19.141000,2.0,2.0,0 days 00:36:35.397000,,0 days 00:01:00.026000,0 days 00:00:42.236000,0 days 00:00:36.879000,0 days 00:37:04.334000,0 days 00:37:46.570000,0 days 00:38:23.449000,289.0,263.0,242.0,247.0,False,HARD,1.0,True,Williams,0 days 00:36:04.295000,,1,19.0,,,False,False,2019,15
0 days 01:01:25.339000,RAI,7,0 days 00:01:57.122000,15.0,1.0,,0 days 01:01:17.710000,0 days 00:00:29.379000,0 days 00:00:42.668000,0 days 00:00:45.075000,0 days 00:59:57.640000,0 days 01:00:40.308000,0 days 01:01:25.383000,303.0,266.0,,291.0,False,MEDIUM,15.0,True,Alfa Romeo Racing,0 days 00:59:28.217000,,1,13.0,,,False,False,2019,15
0 days 01:03:37.272000,RAI,7,0 days 00:02:11.933000,16.0,2.0,0 days 01:01:47.724000,,0 days 00:00:50.231000,0 days 00:00:42.446000,0 days 00:00:39.256000,0 days 01:02:15.614000,0 days 01:02:58.060000,0 days 01:03:37.316000,305.0,280.0,246.0,291.0,False,HARD,1.0,True,Alfa Romeo Racing,0 days 01:01:25.339000,,1,16.0,,,False,False,2019,15
0 days 01:13:53.591000,BOT,77,0 days 00:01:55.530000,22.0,1.0,,0 days 01:13:45.754000,0 days 00:00:29.346000,0 days 00:00:41.723000,0 days 00:00:44.461000,0 days 01:12:27.446000,0 days 01:13:09.169000,0 days 01:13:53.630000,293.0,266.0,,286.0,False,SOFT,25.0,False,Mercedes,0 days 01:11:58.061000,,1,2.0,,,False,False,2019,15
0 days 01:16:00.972000,BOT,77,0 days 00:02:07.381000,23.0,2.0,0 days 01:14:15.425000,,0 days 00:00:49.495000,0 days 00:00:41.511000,0 days 00:00:36.375000,0 days 01:14:43.125000,0 days 01:15:24.636000,0 days 01:16:01.011000,297.0,267.0,250.0,286.0,False,HARD,1.0,True,Mercedes,0 days 01:13:53.591000,,1,9.0,,,False,False,2019,15
0 days 01:16:26.920000,GRO,8,0 days 00:02:00.493000,23.0,1.0,,0 days 01:16:19.272000,0 days 00:00:29.963000,0 days 00:00:44.797000,0 days 00:00:45.733000,0 days 01:14:56.419000,0 days 01:15:41.216000,0 days 01:16:26.949000,295.0,265.0,,283.0,False,MEDIUM,23.0,True,Haas F1 Team,0 days 01:14:26.427000,,1,17.0,,,False,False,2019,15
0 days 01:18:36.964000,GRO,8,0 days 00:02:10.044000,24.0,2.0,0 days 01:16:48.678000,,0 days 00:00:51.085000,0 days 00:00:42.089000,0 days 00:00:36.870000,0 days 01:17:18.034000,0 days 01:18:00.123000,0 days 01:18:36.993000,285.0,259.0,247.0,283.0,False,HARD,1.0,True,Haas F1 Team,0 days 01:16:26.920000,,1,18.0,,,False,False,2019,15
0 days 01:38:37.259000,GRO,8,0 days 00:01:59.645000,35.0,2.0,,0 days 01:38:29.768000,0 days 00:00:29.010000,0 days 00:00:46.286000,0 days 00:00:44.349000,0 days 01:37:06.653000,0 days 01:37:52.939000,0 days 01:38:37.288000,316.0,265.0,,298.0,False,HARD,12.0,True,Haas F1 Team,0 days 01:36:37.614000,,12,16.0,,,False,False,2019,15
0 days 01:41:39.559000,GRO,8,,36.0,3.0,0 days 01:39:13.119000,,0 days 00:01:14.045000,0 days 00:00:58.162000,0 days 00:00:50.070000,0 days 01:39:51.370000,0 days 01:40:49.652000,0 days 01:41:39.743000,161.0,225.0,150.0,298.0,False,SOFT,1.0,True,Haas F1 Team,0 days 01:38:37.259000,,24,18.0,,,False,False,2019,15
0 days 01:13:06.366000,KUB,88,0 days 00:01:59.200000,21.0,1.0,,0 days 01:12:58.799000,0 days 00:00:30.313000,0 days 00:00:43.158000,0 days 00:00:45.729000,0 days 01:11:37.499000,0 days 01:12:20.657000,0 days 01:13:06.386000,278.0,256.0,,267.0,False,MEDIUM,21.0,True,Williams,0 days 01:11:07.166000,,1,19.0,,,False,False,2019,15
0 days 01:15:15.986000,KUB,88,0 days 00:02:09.620000,22.0,2.0,0 days 01:13:27.627000,,0 days 00:00:50.399000,0 days 00:00:42.281000,0 days 00:00:36.940000,0 days 01:13:56.785000,0 days 01:14:39.066000,0 days 01:15:16.006000,275.0,257.0,239.0,267.0,False,HARD,1.0,True,Williams,0 days 01:13:06.366000,,1,19.0,,,False,False,2019,15
0 days 01:58:32.164000,KUB,88,0 days 00:02:21.329000,44.0,2.0,,0 days 01:58:24.825000,0 days 00:00:29.749000,0 days 00:00:57.464000,0 days 00:00:54.116000,0 days 01:56:40.604000,0 days 01:57:38.068000,0 days 01:58:32.184000,284.0,137.0,,275.0,False,HARD,23.0,True,Williams,0 days 01:56:10.835000,,24,16.0,,,False,False,2019,15
0 days 02:01:21.161000,KUB,88,,45.0,3.0,0 days 01:58:54.746000,,0 days 00:01:02.558000,0 days 00:00:57.197000,0 days 00:00:49.234000,0 days 01:59:35.040000,0 days 02:00:32.058000,0 days 02:01:21.447000,150.0,187.0,179.0,275.0,False,MEDIUM,1.0,True,Williams,0 days 01:58:32.164000,,4,17.0,,,False,False,2019,15
0 days 01:36:09.703000,GIO,99,0 days 00:02:07.475000,34.0,1.0,,0 days 01:36:02.193000,0 days 00:00:31.518000,0 days 00:00:49.203000,0 days 00:00:46.754000,0 days 01:34:33.782000,0 days 01:35:22.985000,0 days 01:36:09.739000,296.0,264.0,,283.0,False,MEDIUM,34.0,True,Alfa Romeo Racing,0 days 01:34:02.228000,,1,13.0,,,False,False,2019,15
0 days 01:38:18.285000,GIO,99,0 days 00:02:08.582000,35.0,2.0,0 days 01:36:31.177000,,0 days 00:00:50.107000,0 days 00:00:41.913000,0 days 00:00:36.562000,0 days 01:36:59.846000,0 days 01:37:41.759000,0 days 01:38:18.321000,294.0,266.0,249.0,283.0,False,HARD,1.0,True,Alfa Romeo Racing,0 days 01:36:09.703000,,12,15.0,,,False,False,2019,15
0 days 01:40:46.311000,GIO,99,0 days 00:02:28.026000,36.0,2.0,,0 days 01:40:38.810000,0 days 00:00:33.543000,0 days 00:00:56.018000,0 days 00:00:58.465000,0 days 01:38:51.864000,0 days 01:39:47.882000,0 days 01:40:46.347000,158.0,174.0,,285.0,False,HARD,2.0,True,Alfa Romeo Racing,0 days 01:38:18.285000,,24,15.0,,,False,False,2019,15
0 days 01:43:32.994000,GIO,99,,37.0,3.0,0 days 01:41:07.701000,,0 days 00:00:58.089000,0 days 00:00:57.190000,0 days 00:00:51.418000,0 days 01:41:44.735000,0 days 01:42:41.674000,0 days 01:43:33.372000,187.0,118.0,218.0,285.0,False,SOFT,1.0,True,Alfa Romeo Racing,0 days 01:40:46.311000,,4,15.0,,,False,False,2019,15
0 days 01:22:36.578000,HAM,44,0 days 00:02:01.608000,28.0,1.0,,0 days 01:22:28.685000,0 days 00:00:35.407000,0 days 00:00:44.646000,0 days 00:00:41.555000,0 days 01:21:10.390000,0 days 01:21:55.036000,0 days 01:22:36.591000,262.0,198.0,,294.0,False,MEDIUM,31.0,False,Mercedes,0 days 01:20:34.970000,,126,1.0,,,False,False,2019,16
0 days 01:24:56.755000,HAM,44,0 days 00:02:20.177000,29.0,2.0,0 days 01:22:58.144000,,0 days 00:01:05.738000,0 days 00:00:35.132000,0 days 00:00:39.307000,0 days 01:23:42.329000,0 days 01:24:17.461000,0 days 01:24:56.768000,224.0,298.0,148.0,108.0,False,SOFT,4.0,False,Mercedes,0 days 01:22:36.578000,,67124,1.0,,,False,False,2019,16
0 days 01:22:56.011000,BOT,77,0 days 00:02:08.041000,28.0,1.0,,0 days 01:22:48.106000,0 days 00:00:38.021000,0 days 00:00:50.440000,0 days 00:00:39.580000,0 days 01:21:26.061000,0 days 01:22:16.501000,0 days 01:22:56.081000,82.0,206.0,,291.0,False,MEDIUM,31.0,False,Mercedes,0 days 01:20:47.970000,,126,2.0,,,False,False,2019,16
0 days 01:25:13.603000,BOT,77,0 days 00:02:17.592000,29.0,2.0,0 days 01:23:17.346000,,0 days 00:01:01.437000,0 days 00:00:36.680000,0 days 00:00:39.475000,0 days 01:23:57.518000,0 days 01:24:34.198000,0 days 01:25:13.673000,257.0,102.0,115.0,193.0,False,SOFT,4.0,False,Mercedes,0 days 01:22:56.011000,,67124,3.0,,,False,False,2019,16
0 days 01:12:25.697000,LEC,16,0 days 00:01:44.260000,22.0,1.0,,0 days 01:12:17.692000,0 days 00:00:35.532000,0 days 00:00:34.470000,0 days 00:00:34.258000,0 days 01:11:16.977000,0 days 01:11:51.447000,0 days 01:12:25.705000,263.0,304.0,,301.0,False,SOFT,25.0,False,Ferrari,0 days 01:10:41.437000,,1,3.0,,,False,False,2019,16
0 days 01:14:23.483000,LEC,16,0 days 00:01:57.786000,23.0,2.0,0 days 01:12:47.123000,,0 days 00:00:55.393000,0 days 00:00:33.924000,0 days 00:00:28.469000,0 days 01:13:21.098000,0 days 01:13:55.022000,0 days 01:14:23.491000,261.0,293.0,167.0,299.0,False,MEDIUM,1.0,True,Ferrari,0 days 01:12:25.697000,,1,4.0,,,False,False,2019,16
0 days 01:27:38.188000,LEC,16,,30.0,2.0,,0 days 01:27:30.085000,0 days 00:00:56.410000,0 days 00:00:56.404000,0 days 00:00:44.396000,0 days 01:25:57.633000,0 days 01:26:53.800000,0 days 01:27:38.366000,146.0,186.0,,235.0,False,MEDIUM,8.0,True,Ferrari,0 days 01:25:00.972000,,4,3.0,,,False,False,2019,16
0 days 01:30:22.298000,LEC,16,,31.0,2.0,0 days 01:27:59.552000,,0 days 00:01:00.086000,0 days 00:00:57.827000,0 days 00:00:46.174000,0 days 01:28:38.505000,0 days 01:29:36.132000,0 days 01:30:22.539000,111.0,123.0,127.0,288.0,False,MEDIUM,9.0,True,Ferrari,0 days 01:27:38.188000,,4,3.0,,,False,False,2019,16
0 days 01:23:32.648000,VER,33,0 days 00:02:18.448000,28.0,1.0,,0 days 01:23:24.709000,0 days 00:00:48.269000,0 days 00:00:49.612000,0 days 00:00:40.567000,0 days 01:22:02.558000,0 days 01:22:52.170000,0 days 01:23:32.737000,146.0,221.0,,132.0,False,SOFT,31.0,False,Red Bull Racing,0 days 01:21:14.200000,,267,4.0,,,False,False,2019,16
0 days 01:25:57.330000,VER,33,0 days 00:02:24.682000,29.0,2.0,0 days 01:23:54.708000,,0 days 00:00:56.687000,0 days 00:00:50.055000,0 days 00:00:37.940000,0 days 01:24:29.424000,0 days 01:25:19.479000,0 days 01:25:57.419000,250.0,203.0,117.0,291.0,False,MEDIUM,1.0,True,Red Bull Racing,0 days 01:23:32.648000,,7124,4.0,,,False,False,2019,16
0 days 00:35:59.603000,ALB,23,0 days 00:02:31.820000,1.0,1.0,0 days 00:33:37.621000,,,0 days 00:01:09.034000,0 days 00:00:35.889000,,0 days 00:35:23.732000,0 days 00:36:00.112000,219.0,179.0,105.0,297.0,False,MEDIUM,1.0,True,Red Bull Racing,0 days 00:33:27.500000,,124,18.0,,,False,False,2019,16
0 days 01:26:15.861000,ALB,23,0 days 00:02:10.932000,29.0,1.0,,0 days 01:26:07.864000,0 days 00:00:42.520000,0 days 00:00:49.180000,0 days 00:00:39.232000,0 days 01:24:47.467000,0 days 01:25:36.647000,0 days 01:26:15.879000,185.0,200.0,,292.0,False,MEDIUM,29.0,True,Red Bull Racing,0 days 01:24:04.929000,,24,5.0,,,False,False,2019,16
0 days 01:28:50.552000,ALB,23,,30.0,2.0,0 days 01:26:37.782000,,0 days 00:01:09.118000,0 days 00:00:48.153000,0 days 00:00:37.412000,0 days 01:27:25.068000,0 days 01:28:13.231000,0 days 01:28:50.736000,174.0,212.0,142.0,153.0,False,SOFT,1.0,True,Red Bull Racing,0 days 01:26:15.861000,,4,10.0,,,False,False,2019,16
0 days 01:11:26.882000,SAI,55,0 days 00:01:45.094000,21.0,1.0,,0 days 01:11:19.123000,0 days 00:00:35.947000,0 days 00:00:34.797000,0 days 00:00:34.350000,0 days 01:10:17.799000,0 days 01:10:52.596000,0 days 01:11:26.946000,256.0,288.0,,290.0,False,SOFT,24.0,False,McLaren,0 days 01:09:41.788000,,1,6.0,,,False,False,2019,16
0 days 01:13:27.718000,SAI,55,0 days 00:02:00.836000,22.0,2.0,0 days 01:11:49.021000,,0 days 00:00:56.786000,0 days 00:00:34.558000,0 days 00:00:29.492000,0 days 01:12:23.732000,0 days 01:12:58.290000,0 days 01:13:27.782000,257.0,291.0,167.0,285.0,False,MEDIUM,1.0,True,McLaren,0 days 01:11:26.882000,,1,12.0,,,False,False,2019,16
0 days 01:14:52.253000,PER,11,0 days 00:01:44.128000,23.0,1.0,,0 days 01:14:44.524000,0 days 00:00:35.735000,0 days 00:00:34.476000,0 days 00:00:33.917000,0 days 01:13:43.874000,0 days 01:14:18.350000,0 days 01:14:52.267000,261.0,298.0,,294.0,False,SOFT,23.0,True,Racing Point,0 days 01:13:08.125000,,1,6.0,,,False,False,2019,16
0 days 01:16:53.596000,PER,11,0 days 00:02:01.343000,24.0,2.0,0 days 01:15:14.474000,,0 days 00:00:56.595000,0 days 00:00:35.122000,0 days 00:00:29.626000,0 days 01:15:48.862000,0 days 01:16:23.984000,0 days 01:16:53.610000,246.0,299.0,165.0,300.0,False,MEDIUM,1.0,True,Racing Point,0 days 01:14:52.253000,,1,13.0,,,False,False,2019,16
0 days 01:09:50.283000,NOR,4,0 days 00:01:45.196000,20.0,1.0,,0 days 01:09:42.365000,0 days 00:00:35.843000,0 days 00:00:34.833000,0 days 00:00:34.520000,0 days 01:08:40.998000,0 days 01:09:15.831000,0 days 01:09:50.351000,257.0,288.0,,291.0,False,SOFT,23.0,False,McLaren,0 days 01:08:05.087000,,1,8.0,,,False,False,2019,16
0 days 01:11:50.076000,NOR,4,0 days 00:01:59.793000,21.0,2.0,0 days 01:10:11.656000,,0 days 00:00:55.841000,0 days 00:00:34.711000,0 days 00:00:29.241000,0 days 01:10:46.192000,0 days 01:11:20.903000,0 days 01:11:50.144000,255.0,287.0,166.0,294.0,False,MEDIUM,1.0,True,McLaren,0 days 01:09:50.283000,,1,13.0,,,False,False,2019,16
0 days 01:21:49.612000,MAG,20,0 days 00:01:51.291000,27.0,1.0,,0 days 01:21:41.884000,0 days 00:00:36.129000,0 days 00:00:34.776000,0 days 00:00:40.386000,0 days 01:20:34.529000,0 days 01:21:09.305000,0 days 01:21:49.691000,256.0,287.0,,287.0,False,SOFT,27.0,True,Haas F1 Team,0 days 01:19:58.321000,,126,5.0,,,False,False,2019,16
0 days 01:24:14.029000,MAG,20,0 days 00:02:24.417000,28.0,2.0,0 days 01:22:12.365000,,0 days 00:01:08.279000,0 days 00:00:46.880000,0 days 00:00:29.258000,0 days 01:22:57.970000,0 days 01:23:44.850000,0 days 01:24:14.108000,206.0,270.0,165.0,204.0,False,MEDIUM,1.0,True,Haas F1 Team,0 days 01:21:49.612000,,6712,7.0,,,False,False,2019,16
0 days 01:03:09.235000,HUL,27,0 days 00:01:45.342000,16.0,1.0,,0 days 01:03:01.276000,0 days 00:00:35.852000,0 days 00:00:35.009000,0 days 00:00:34.481000,0 days 01:01:59.819000,0 days 01:02:34.828000,0 days 01:03:09.309000,253.0,297.0,,300.0,False,SOFT,19.0,False,Renault,0 days 01:01:23.893000,,1,9.0,,,False,False,2019,16
0 days 01:05:13.792000,HUL,27,0 days 00:02:04.557000,17.0,2.0,0 days 01:03:35.644000,,0 days 00:01:00.671000,0 days 00:00:34.669000,0 days 00:00:29.217000,0 days 01:04:09.980000,0 days 01:04:44.649000,0 days 01:05:13.866000,253.0,290.0,165.0,294.0,False,MEDIUM,1.0,True,Renault,0 days 01:03:09.235000,,1,17.0,,,False,False,2019,16
0 days 01:26:33.396000,HUL,27,0 days 00:02:15.390000,29.0,2.0,,0 days 01:26:25.545000,0 days 00:00:46.698000,0 days 00:00:48.479000,0 days 00:00:40.213000,0 days 01:25:04.778000,0 days 01:25:53.257000,0 days 01:26:33.470000,199.0,262.0,,242.0,False,MEDIUM,13.0,True,Renault,0 days 01:24:18.006000,,24,11.0,,,False,False,2019,16
0 days 01:29:07.139000,HUL,27,,30.0,3.0,0 days 01:26:55.196000,,0 days 00:01:06.906000,0 days 00:00:49.202000,0 days 00:00:37.614000,0 days 01:27:40.485000,0 days 01:28:29.679000,0 days 01:29:07.511000,170.0,187.0,140.0,111.0,False,SOFT,4.0,False,Renault,0 days 01:26:33.396000,,4,11.0,,,False,False,2019,16
0 days 01:21:53.183000,STR,18,0 days 00:01:52.418000,27.0,1.0,,0 days 01:21:45.641000,0 days 00:00:35.804000,0 days 00:00:34.789000,0 days 00:00:41.825000,0 days 01:20:36.678000,0 days 01:21:11.467000,0 days 01:21:53.292000,255.0,296.0,,296.0,False,MEDIUM,27.0,True,Racing Point,0 days 01:20:00.765000,,126,6.0,,,False,False,2019,16
0 days 01:24:18.637000,STR,18,0 days 00:02:25.454000,28.0,2.0,0 days 01:22:15.528000,,0 days 00:01:10.184000,0 days 00:00:44.801000,0 days 00:00:30.469000,0 days 01:23:03.476000,0 days 01:23:48.277000,0 days 01:24:18.746000,181.0,299.0,165.0,225.0,False,SOFT,1.0,True,Racing Point,0 days 01:21:53.183000,,6712,11.0,,,False,False,2019,16
0 days 01:22:01.488000,KVY,26,0 days 00:01:52.375000,27.0,1.0,,0 days 01:21:54.762000,0 days 00:00:35.944000,0 days 00:00:34.871000,0 days 00:00:41.560000,0 days 01:20:45.138000,0 days 01:21:20.009000,0 days 01:22:01.569000,255.0,299.0,,300.0,False,HARD,27.0,True,Toro Rosso,0 days 01:20:09.113000,,126,9.0,,,False,False,2019,16
0 days 01:24:21.873000,KVY,26,0 days 00:02:20.385000,28.0,2.0,0 days 01:22:24.109000,,0 days 00:01:08.043000,0 days 00:00:42.749000,0 days 00:00:29.593000,0 days 01:23:09.612000,0 days 01:23:52.361000,0 days 01:24:21.954000,197.0,300.0,166.0,199.0,False,SOFT,1.0,True,Toro Rosso,0 days 01:22:01.488000,,6712,12.0,,,False,False,2019,16
0 days 01:26:39.805000,KVY,26,0 days 00:02:17.932000,29.0,2.0,,0 days 01:26:31.747000,0 days 00:00:50.131000,0 days 00:00:47.225000,0 days 00:00:40.576000,0 days 01:25:12.085000,0 days 01:25:59.310000,0 days 01:26:39.886000,239.0,154.0,,161.0,False,SOFT,2.0,True,Toro Rosso,0 days 01:24:21.873000,,24,12.0,,,False,False,2019,16
0 days 01:29:11.991000,KVY,26,,30.0,2.0,0 days 01:27:01.565000,,0 days 00:01:06.803000,0 days 00:00:48.817000,0 days 00:00:36.563000,0 days 01:27:46.831000,0 days 01:28:35.509000,0 days 01:29:12.392000,212.0,218.0,158.0,221.0,False,SOFT,3.0,True,Toro Rosso,0 days 01:26:39.805000,,4,13.0,,,False,False,2019,16
0 days 00:51:29.413000,RAI,7,0 days 00:01:46.854000,9.0,1.0,,0 days 00:51:22.503000,0 days 00:00:36.148000,0 days 00:00:35.338000,0 days 00:00:35.368000,0 days 00:50:18.788000,0 days 00:50:54.126000,0 days 00:51:29.494000,244.0,314.0,,324.0,False,MEDIUM,9.0,True,Alfa Romeo Racing,0 days 00:49:42.559000,,1,17.0,,,False,False,2019,16
0 days 00:53:26.556000,RAI,7,0 days 00:01:57.143000,10.0,2.0,0 days 00:51:46.539000,,0 days 00:00:51.806000,0 days 00:00:35.327000,0 days 00:00:30.010000,0 days 00:52:21.300000,0 days 00:52:56.627000,0 days 00:53:26.637000,252.0,287.0,162.0,281.0,False,MEDIUM,10.0,False,Alfa Romeo Racing,0 days 00:51:29.413000,,1,19.0,,,False,False,2019,16
0 days 01:22:34.422000,RAI,7,0 days 00:02:03.898000,27.0,2.0,,0 days 01:22:26.606000,0 days 00:00:36.107000,0 days 00:00:43.505000,0 days 00:00:44.286000,0 days 01:21:06.712000,0 days 01:21:50.217000,0 days 01:22:34.503000,255.0,215.0,,296.0,False,MEDIUM,27.0,False,Alfa Romeo Racing,0 days 01:20:30.524000,,126,15.0,,,False,False,2019,16
0 days 01:24:58.357000,RAI,7,0 days 00:02:23.935000,28.0,3.0,0 days 01:23:02.733000,,0 days 00:01:11.054000,0 days 00:00:35.605000,0 days 00:00:37.276000,0 days 01:23:45.557000,0 days 01:24:21.162000,0 days 01:24:58.438000,239.0,285.0,147.0,188.0,False,SOFT,1.0,True,Alfa Romeo Racing,0 days 01:22:34.422000,,67124,15.0,,,False,False,2019,16
0 days 01:20:18.390000,GAS,10,0 days 00:01:46.921000,26.0,1.0,,0 days 01:20:10.600000,0 days 00:00:37.256000,0 days 00:00:35.291000,0 days 00:00:34.374000,0 days 01:19:08.785000,0 days 01:19:44.076000,0 days 01:20:18.450000,250.0,285.0,,290.0,False,MEDIUM,26.0,True,Toro Rosso,0 days 01:18:31.469000,,1,14.0,,,False,False,2019,16
0 days 01:22:40.371000,GAS,10,0 days 00:02:21.981000,27.0,2.0,0 days 01:20:40.348000,,0 days 00:00:56.553000,0 days 00:00:48.332000,0 days 00:00:37.096000,0 days 01:21:15.003000,0 days 01:22:03.335000,0 days 01:22:40.431000,253.0,270.0,136.0,283.0,False,SOFT,1.0,True,Toro Rosso,0 days 01:20:18.390000,,126,16.0,,,False,False,2019,16
0 days 00:38:31.416000,GIO,99,,2.0,1.0,,0 days 00:38:23.332000,0 days 00:01:02.173000,0 days 00:00:52.676000,0 days 00:00:46.093000,0 days 00:36:52.774000,0 days 00:37:45.324000,0 days 00:38:31.851000,142.0,156.0,,194.0,False,SOFT,2.0,True,Alfa Romeo Racing,0 days 00:35:50.559000,,4,13.0,,,False,False,2019,16
0 days 00:41:08.038000,GIO,99,,3.0,2.0,0 days 00:39:01.455000,,0 days 00:01:08.585000,0 days 00:00:49.437000,0 days 00:00:38.704000,0 days 00:39:40.135000,0 days 00:40:29.335000,0 days 00:41:14.235000,201.0,200.0,162.0,238.0,False,HARD,1.0,True,Alfa Romeo Racing,0 days 00:38:31.416000,,41,18.0,,,False,False,2019,16
0 days 01:22:28.065000,GIO,99,0 days 00:02:00.347000,27.0,2.0,,0 days 01:22:20.115000,0 days 00:00:36.162000,0 days 00:00:42.481000,0 days 00:00:41.704000,0 days 01:21:03.881000,0 days 01:21:46.362000,0 days 01:22:28.066000,255.0,217.0,,300.0,False,HARD,25.0,True,Alfa Romeo Racing,0 days 01:20:27.718000,,126,14.0,,,False,False,2019,16
0 days 01:24:47.273000,GIO,99,0 days 00:02:19.208000,28.0,3.0,0 days 01:22:50.176000,,0 days 00:01:06.637000,0 days 00:00:37.796000,0 days 00:00:34.775000,0 days 01:23:34.703000,0 days 01:24:12.499000,0 days 01:24:47.274000,168.0,285.0,109.0,173.0,False,MEDIUM,1.0,True,Alfa Romeo Racing,0 days 01:22:28.065000,,67124,14.0,,,False,False,2019,16
0 days 00:35:58.583000,KUB,88,0 days 00:02:30.807000,1.0,1.0,,0 days 00:35:50.470000,,0 days 00:01:06.157000,0 days 00:00:41.488000,,0 days 00:35:17.098000,0 days 00:35:58.706000,196.0,153.0,,227.0,False,MEDIUM,1.0,True,Williams,0 days 00:33:27.500000,,124,17.0,,,False,False,2019,16
0 days 00:38:37.488000,KUB,88,,2.0,2.0,0 days 00:36:20.958000,0 days 00:38:30.316000,0 days 00:01:05.954000,0 days 00:00:49.424000,0 days 00:00:43.495000,0 days 00:37:04.598000,0 days 00:37:53.996000,0 days 00:38:39.418000,132.0,182.0,,241.0,False,HARD,1.0,True,Williams,0 days 00:35:58.583000,,4,18.0,,,False,False,2019,16
0 days 00:41:07.656000,KUB,88,,3.0,3.0,0 days 00:38:59.562000,,0 days 00:01:00.084000,0 days 00:00:51.036000,0 days 00:00:39.162000,0 days 00:39:37.610000,0 days 00:40:28.600000,0 days 00:41:13.264000,196.0,198.0,160.0,238.0,False,MEDIUM,1.0,True,Williams,0 days 00:38:37.488000,,41,17.0,,,False,False,2019,16
0 days 01:25:10.002000,KUB,88,0 days 00:02:03.543000,28.0,3.0,,0 days 01:25:02.189000,0 days 00:00:46.256000,0 days 00:00:35.730000,0 days 00:00:41.557000,0 days 01:23:52.718000,0 days 01:24:28.448000,0 days 01:25:10.005000,256.0,296.0,,191.0,False,MEDIUM,26.0,True,Williams,0 days 01:23:06.459000,,67124,16.0,,,False,False,2019,16
0 days 01:22:25.697000,RUS,63,0 days 00:01:59.733000,27.0,1.0,,0 days 01:22:17.754000,0 days 00:00:36.268000,0 days 00:00:42.800000,0 days 00:00:40.665000,0 days 01:21:02.232000,0 days 01:21:45.032000,0 days 01:22:25.697000,253.0,229.0,,294.0,False,MEDIUM,27.0,True,Williams,0 days 01:20:25.964000,,126,13.0,,,False,False,2019,16
0 days 01:18:57.024000,VET,5,0 days 00:01:43.909000,26.0,1.0,,0 days 01:18:48.989000,0 days 00:00:35.356000,0 days 00:00:34.378000,0 days 00:00:34.175000,0 days 01:17:48.483000,0 days 01:18:22.861000,0 days 01:18:57.036000,266.0,305.0,,306.0,False,SOFT,29.0,False,Ferrari,0 days 01:17:13.115000,,1,2.0,,,False,False,2019,16
0 days 00:36:45.514000,RIC,3,0 days 00:03:18.117000,1.0,1.0,,0 days 00:36:36.768000,,0 days 00:01:18.002000,0 days 00:01:01.258000,,0 days 00:35:46.282000,0 days 00:36:46.022000,108.0,103.0,,232.0,False,SOFT,4.0,False,Renault,0 days 00:33:27.500000,,124,19.0,,,False,False,2019,16
0 days 00:39:05.258000,RIC,3,0 days 00:02:19.744000,2.0,2.0,0 days 00:37:12.365000,,0 days 00:01:08.432000,0 days 00:00:38.299000,0 days 00:00:33.013000,0 days 00:37:54.247000,0 days 00:38:32.546000,0 days 00:39:05.559000,227.0,280.0,150.0,259.0,False,MEDIUM,1.0,True,Renault,0 days 00:36:45.514000,,4,19.0,,,False,False,2019,16
0 days 01:17:08.965000,RIC,3,0 days 00:01:48.205000,24.0,2.0,,0 days 01:17:01.203000,0 days 00:00:36.131000,0 days 00:00:35.223000,0 days 00:00:36.851000,0 days 01:15:57.192000,0 days 01:16:32.415000,0 days 01:17:09.266000,253.0,303.0,,303.0,False,MEDIUM,23.0,True,Renault,0 days 01:15:20.760000,,1,18.0,,,False,False,2019,16
0 days 01:02:37.856000,GAS,10,0 days 00:01:39.231000,18.0,1.0,,0 days 01:02:36.532000,0 days 00:00:34.932000,0 days 00:00:43.324000,0 days 00:00:20.975000,0 days 01:01:33.561000,0 days 01:02:16.885000,0 days 01:02:37.860000,270.0,301.0,,302.0,False,SOFT,21.0,False,Toro Rosso,0 days 01:00:58.625000,,1,6.0,,,False,False,2019,17
0 days 01:04:33.560000,GAS,10,0 days 00:01:55.704000,19.0,2.0,0 days 01:02:59.870000,,0 days 00:00:54.810000,0 days 00:00:42.449000,0 days 00:00:18.445000,0 days 01:03:32.670000,0 days 01:04:15.119000,0 days 01:04:33.564000,269.0,305.0,261.0,303.0,False,MEDIUM,1.0,True,Toro Rosso,0 days 01:02:37.856000,,1,12.0,,,False,False,2019,17
0 days 01:04:20.402000,PER,11,0 days 00:01:39.894000,19.0,1.0,,0 days 01:04:19.103000,0 days 00:00:34.607000,0 days 00:00:43.333000,0 days 00:00:21.954000,0 days 01:03:15.125000,0 days 01:03:58.458000,0 days 01:04:20.412000,271.0,302.0,,273.0,False,SOFT,19.0,True,Racing Point,0 days 01:02:40.508000,,1,8.0,,,False,False,2019,17
0 days 01:06:15.029000,PER,11,0 days 00:01:54.627000,20.0,2.0,0 days 01:04:42.030000,,0 days 00:00:53.712000,0 days 00:00:42.639000,0 days 00:00:18.276000,0 days 01:05:14.124000,0 days 01:05:56.763000,0 days 01:06:15.039000,273.0,305.0,260.0,306.0,False,MEDIUM,1.0,True,Racing Point,0 days 01:04:20.402000,,1,13.0,,,False,False,2019,17
0 days 01:39:46.214000,PER,11,0 days 00:01:38.643000,41.0,2.0,,0 days 01:39:45.100000,0 days 00:00:34.806000,0 days 00:00:42.940000,0 days 00:00:20.897000,0 days 01:38:42.387000,0 days 01:39:25.327000,0 days 01:39:46.224000,271.0,304.0,,305.0,False,MEDIUM,22.0,True,Racing Point,0 days 01:38:07.571000,,1,11.0,,,False,False,2019,17
0 days 01:41:38.998000,PER,11,0 days 00:01:52.784000,42.0,3.0,0 days 01:40:08.242000,,0 days 00:00:52.896000,0 days 00:00:41.858000,0 days 00:00:18.030000,0 days 01:40:39.120000,0 days 01:41:20.978000,0 days 01:41:39.008000,278.0,306.0,263.0,305.0,False,SOFT,1.0,True,Racing Point,0 days 01:39:46.214000,,1,11.0,,,False,False,2019,17
0 days 00:38:23.111000,LEC,16,0 days 00:01:36.624000,3.0,1.0,,0 days 00:38:21.806000,0 days 00:00:33.764000,0 days 00:00:42.450000,0 days 00:00:20.410000,0 days 00:37:20.264000,0 days 00:38:02.714000,0 days 00:38:23.124000,269.0,306.0,,306.0,False,SOFT,6.0,False,Ferrari,0 days 00:36:46.487000,,1,4.0,,,False,False,2019,17
0 days 00:40:24.253000,LEC,16,0 days 00:02:01.142000,4.0,2.0,0 days 00:38:52.294000,,0 days 00:01:01.042000,0 days 00:00:42.033000,0 days 00:00:18.067000,0 days 00:39:24.166000,0 days 00:40:06.199000,0 days 00:40:24.266000,270.0,306.0,260.0,301.0,False,MEDIUM,1.0,True,Ferrari,0 days 00:38:23.111000,,12,20.0,,,False,False,2019,17
0 days 01:14:01.799000,LEC,16,0 days 00:01:39.203000,25.0,2.0,,0 days 01:14:00.533000,0 days 00:00:34.658000,0 days 00:00:43.207000,0 days 00:00:21.338000,0 days 01:12:57.267000,0 days 01:13:40.474000,0 days 01:14:01.812000,273.0,303.0,,305.0,False,MEDIUM,22.0,True,Ferrari,0 days 01:12:22.596000,,1,7.0,,,False,False,2019,17
0 days 01:15:55.163000,LEC,16,0 days 00:01:53.364000,26.0,3.0,0 days 01:14:24.086000,,0 days 00:00:53.856000,0 days 00:00:41.596000,0 days 00:00:17.912000,0 days 01:14:55.668000,0 days 01:15:37.264000,0 days 01:15:55.176000,271.0,307.0,264.0,306.0,False,SOFT,1.0,True,Ferrari,0 days 01:14:01.799000,,1,12.0,,,False,False,2019,17
0 days 01:47:16.047000,LEC,16,0 days 00:01:36.816000,46.0,3.0,,0 days 01:47:14.943000,0 days 00:00:33.635000,0 days 00:00:42.393000,0 days 00:00:20.788000,0 days 01:46:12.879000,0 days 01:46:55.272000,0 days 01:47:16.060000,276.0,304.0,,304.0,False,SOFT,21.0,True,Ferrari,0 days 01:45:39.231000,,1,6.0,,,False,False,2019,17
0 days 01:49:11.095000,LEC,16,0 days 00:01:55.048000,47.0,4.0,0 days 01:47:38.348000,,0 days 00:00:55.035000,0 days 00:00:42.021000,0 days 00:00:17.992000,0 days 01:48:11.095000,0 days 01:48:53.116000,0 days 01:49:11.108000,226.0,307.0,272.0,307.0,False,SOFT,4.0,False,Ferrari,0 days 01:47:16.047000,,1,6.0,,,False,False,2019,17
0 days 01:02:39.194000,STR,18,0 days 00:01:39.403000,18.0,1.0,,0 days 01:02:38.085000,0 days 00:00:34.662000,0 days 00:00:43.608000,0 days 00:00:21.133000,0 days 01:01:34.465000,0 days 01:02:18.073000,0 days 01:02:39.206000,268.0,304.0,,301.0,False,SOFT,18.0,True,Racing Point,0 days 01:00:59.791000,,1,8.0,,,False,False,2019,17
0 days 01:04:34.365000,STR,18,0 days 00:01:55.171000,19.0,2.0,0 days 01:03:01.207000,,0 days 00:00:54.082000,0 days 00:00:42.638000,0 days 00:00:18.451000,0 days 01:03:33.288000,0 days 01:04:15.926000,0 days 01:04:34.377000,280.0,309.0,261.0,307.0,False,MEDIUM,1.0,True,Racing Point,0 days 01:02:39.194000,,1,13.0,,,False,False,2019,17
0 days 01:01:21.028000,MAG,20,0 days 00:01:40.843000,17.0,1.0,,0 days 01:01:20.074000,0 days 00:00:35.692000,0 days 00:00:43.694000,0 days 00:00:21.457000,0 days 01:00:15.913000,0 days 01:00:59.607000,0 days 01:01:21.064000,266.0,299.0,,299.0,False,MEDIUM,17.0,True,Haas F1 Team,0 days 00:59:40.185000,,1,15.0,,,False,False,2019,17
0 days 01:03:17.705000,MAG,20,0 days 00:01:56.677000,18.0,2.0,0 days 01:01:43.903000,,0 days 00:00:55.537000,0 days 00:00:42.364000,0 days 00:00:18.776000,0 days 01:02:16.601000,0 days 01:02:58.965000,0 days 01:03:17.741000,267.0,304.0,262.0,304.0,False,HARD,1.0,True,Haas F1 Team,0 days 01:01:21.028000,,1,18.0,,,False,False,2019,17
0 days 01:50:02.678000,MAG,20,0 days 00:01:38.974000,47.0,2.0,,0 days 01:50:01.418000,0 days 00:00:34.373000,0 days 00:00:43.337000,0 days 00:00:21.264000,0 days 01:48:58.113000,0 days 01:49:41.450000,0 days 01:50:02.714000,270.0,296.0,,295.0,False,HARD,30.0,True,Haas F1 Team,0 days 01:48:23.704000,,1,17.0,,,False,False,2019,17
0 days 01:52:00.229000,MAG,20,0 days 00:01:57.551000,48.0,3.0,0 days 01:50:25.369000,,0 days 00:00:55.372000,0 days 00:00:43.248000,0 days 00:00:18.931000,0 days 01:50:58.086000,0 days 01:51:41.334000,0 days 01:52:00.265000,265.0,295.0,260.0,285.0,False,SOFT,1.0,True,Haas F1 Team,0 days 01:50:02.678000,,1,17.0,,,False,False,2019,17
0 days 00:57:40.427000,ALB,23,0 days 00:01:38.401000,15.0,1.0,,0 days 00:57:39.118000,0 days 00:00:34.297000,0 days 00:00:43.188000,0 days 00:00:20.916000,0 days 00:56:36.334000,0 days 00:57:19.522000,0 days 00:57:40.438000,270.0,305.0,,302.0,False,SOFT,18.0,False,Red Bull Racing,0 days 00:56:02.026000,,1,5.0,,,False,False,2019,17
0 days 00:59:33.619000,ALB,23,0 days 00:01:53.192000,16.0,2.0,0 days 00:58:02.549000,,0 days 00:00:53.144000,0 days 00:00:42.042000,0 days 00:00:18.006000,0 days 00:58:33.582000,0 days 00:59:15.624000,0 days 00:59:33.630000,271.0,303.0,262.0,303.0,False,MEDIUM,1.0,True,Red Bull Racing,0 days 00:57:40.427000,,1,10.0,,,False,False,2019,17
0 days 01:27:56.972000,ALB,23,0 days 00:01:36.582000,34.0,2.0,,0 days 01:27:55.590000,0 days 00:00:33.728000,0 days 00:00:42.396000,0 days 00:00:20.458000,0 days 01:26:54.129000,0 days 01:27:36.525000,0 days 01:27:56.983000,271.0,305.0,,304.0,False,MEDIUM,19.0,True,Red Bull Racing,0 days 01:26:20.390000,,1,4.0,,,False,False,2019,17
0 days 01:29:50.547000,ALB,23,0 days 00:01:53.575000,35.0,3.0,0 days 01:28:18.920000,,0 days 00:00:53.406000,0 days 00:00:41.907000,0 days 00:00:18.262000,0 days 01:28:50.389000,0 days 01:29:32.296000,0 days 01:29:50.558000,271.0,302.0,262.0,301.0,False,SOFT,4.0,False,Red Bull Racing,0 days 01:27:56.972000,,1,4.0,,,False,False,2019,17
0 days 01:17:32.701000,KVY,26,0 days 00:01:42.118000,27.0,1.0,,0 days 01:17:31.383000,0 days 00:00:36.760000,0 days 00:00:44.402000,0 days 00:00:20.956000,0 days 01:16:27.345000,0 days 01:17:11.747000,0 days 01:17:32.703000,267.0,306.0,,304.0,False,SOFT,27.0,True,Toro Rosso,0 days 01:15:50.583000,,1,12.0,,,False,False,2019,17
0 days 01:19:28.653000,KVY,26,0 days 00:01:55.952000,28.0,2.0,0 days 01:17:54.717000,,0 days 00:00:55.010000,0 days 00:00:42.718000,0 days 00:00:18.224000,0 days 01:18:27.713000,0 days 01:19:10.431000,0 days 01:19:28.655000,269.0,304.0,262.0,305.0,False,MEDIUM,1.0,True,Toro Rosso,0 days 01:17:32.701000,,1,17.0,,,False,False,2019,17
0 days 01:04:16.343000,HUL,27,0 days 00:01:38.582000,19.0,1.0,,0 days 01:04:15.348000,0 days 00:00:34.534000,0 days 00:00:43.250000,0 days 00:00:20.798000,0 days 01:03:12.317000,0 days 01:03:55.567000,0 days 01:04:16.365000,266.0,299.0,,298.0,False,SOFT,19.0,True,Renault,0 days 01:02:37.761000,,1,6.0,,,False,False,2019,17
0 days 01:06:12.481000,HUL,27,0 days 00:01:56.138000,20.0,2.0,0 days 01:04:39.151000,,0 days 00:00:55.347000,0 days 00:00:42.608000,0 days 00:00:18.183000,0 days 01:05:11.712000,0 days 01:05:54.320000,0 days 01:06:12.503000,265.0,304.0,262.0,303.0,False,MEDIUM,1.0,True,Renault,0 days 01:04:16.343000,,1,12.0,,,False,False,2019,17
0 days 01:20:28.415000,RIC,3,0 days 00:01:40.221000,29.0,1.0,,0 days 01:20:28.430000,0 days 00:00:35.207000,0 days 00:00:43.858000,0 days 00:00:21.156000,0 days 01:19:23.404000,0 days 01:20:07.262000,0 days 01:20:28.418000,263.0,304.0,,301.0,False,MEDIUM,29.0,True,Renault,0 days 01:18:48.194000,,1,6.0,,,False,False,2019,17
0 days 01:22:23.299000,RIC,3,0 days 00:01:54.884000,30.0,2.0,0 days 01:20:50.806000,,0 days 00:00:54.256000,0 days 00:00:42.375000,0 days 00:00:18.253000,0 days 01:21:22.674000,0 days 01:22:05.049000,0 days 01:22:23.302000,266.0,303.0,260.0,301.0,False,SOFT,1.0,True,Renault,0 days 01:20:28.415000,,1,11.0,,,False,False,2019,17
0 days 00:56:31.623000,VER,33,0 days 00:01:39.949000,14.0,1.0,,0 days 00:56:30.590000,0 days 00:00:34.960000,0 days 00:00:43.769000,0 days 00:00:21.220000,0 days 00:55:26.640000,0 days 00:56:10.409000,0 days 00:56:31.629000,271.0,304.0,,302.0,False,SOFT,17.0,False,Red Bull Racing,0 days 00:54:51.674000,,1,18.0,,,False,False,2019,17
0 days 00:40:06.381000,NOR,4,0 days 00:01:39.822000,4.0,1.0,,0 days 00:40:05.112000,0 days 00:00:34.420000,0 days 00:00:42.926000,0 days 00:00:22.476000,0 days 00:39:01.018000,0 days 00:39:43.944000,0 days 00:40:06.420000,263.0,303.0,,294.0,False,SOFT,7.0,False,McLaren,0 days 00:38:26.559000,,12,8.0,,,False,False,2019,17
0 days 00:42:02.952000,NOR,4,0 days 00:01:56.571000,5.0,2.0,0 days 00:40:30.554000,,0 days 00:00:56.132000,0 days 00:00:42.133000,0 days 00:00:18.306000,0 days 00:41:02.552000,0 days 00:41:44.685000,0 days 00:42:02.991000,263.0,301.0,260.0,293.0,False,MEDIUM,1.0,True,McLaren,0 days 00:40:06.381000,,1,20.0,,,False,False,2019,17
0 days 01:14:17.286000,NOR,4,0 days 00:01:41.533000,25.0,2.0,,0 days 01:14:16.933000,0 days 00:00:35.576000,0 days 00:00:44.299000,0 days 00:00:21.658000,0 days 01:13:11.368000,0 days 01:13:55.667000,0 days 01:14:17.325000,269.0,306.0,,299.0,False,MEDIUM,21.0,True,McLaren,0 days 01:12:35.753000,,1,13.0,,,False,False,2019,17
0 days 01:16:15.511000,NOR,4,0 days 00:01:58.225000,26.0,3.0,0 days 01:14:40.101000,,0 days 00:00:56.397000,0 days 00:00:43.313000,0 days 00:00:18.515000,0 days 01:15:13.722000,0 days 01:15:57.035000,0 days 01:16:15.550000,202.0,303.0,260.0,297.0,False,HARD,2.0,False,McLaren,0 days 01:14:17.286000,,1,17.0,,,False,False,2019,17
0 days 01:06:53.425000,HAM,44,0 days 00:01:38.272000,21.0,1.0,,0 days 01:06:52.133000,0 days 00:00:34.054000,0 days 00:00:43.203000,0 days 00:00:21.015000,0 days 01:05:49.223000,0 days 01:06:32.426000,0 days 01:06:53.441000,273.0,301.0,,297.0,False,SOFT,24.0,False,Mercedes,0 days 01:05:15.153000,,1,2.0,,,False,False,2019,17
0 days 01:08:47.318000,HAM,44,0 days 00:01:53.893000,22.0,2.0,0 days 01:07:16.096000,,0 days 00:00:54.205000,0 days 00:00:41.769000,0 days 00:00:17.919000,0 days 01:07:47.646000,0 days 01:08:29.415000,0 days 01:08:47.334000,273.0,301.0,261.0,299.0,False,MEDIUM,1.0,True,Mercedes,0 days 01:06:53.425000,,1,3.0,,,False,False,2019,17
0 days 01:39:49.072000,HAM,44,0 days 00:01:35.867000,42.0,2.0,,0 days 01:39:47.755000,0 days 00:00:33.176000,0 days 00:00:42.071000,0 days 00:00:20.620000,0 days 01:38:46.397000,0 days 01:39:28.468000,0 days 01:39:49.088000,275.0,302.0,,303.0,False,MEDIUM,21.0,True,Mercedes,0 days 01:38:13.205000,,1,1.0,,,False,False,2019,17
0 days 01:41:41.375000,HAM,44,0 days 00:01:52.303000,43.0,3.0,0 days 01:40:11.351000,,0 days 00:00:53.158000,0 days 00:00:41.378000,0 days 00:00:17.767000,0 days 01:40:42.246000,0 days 01:41:23.624000,0 days 01:41:41.391000,278.0,304.0,265.0,302.0,False,SOFT,9.0,False,Mercedes,0 days 01:39:49.072000,,1,3.0,,,False,False,2019,17
0 days 00:58:56.798000,VET,5,0 days 00:01:38.208000,16.0,1.0,,0 days 00:58:56.212000,0 days 00:00:34.045000,0 days 00:00:42.839000,0 days 00:00:21.324000,0 days 00:57:52.651000,0 days 00:58:35.490000,0 days 00:58:56.814000,274.0,304.0,,302.0,False,SOFT,19.0,False,Ferrari,0 days 00:57:18.590000,,1,3.0,,,False,False,2019,17
0 days 01:00:50.327000,VET,5,0 days 00:01:53.529000,17.0,2.0,0 days 00:59:19.501000,,0 days 00:00:53.904000,0 days 00:00:41.612000,0 days 00:00:18.013000,0 days 00:59:50.718000,0 days 01:00:32.330000,0 days 01:00:50.343000,271.0,305.0,265.0,305.0,False,SOFT,1.0,True,Ferrari,0 days 00:58:56.798000,,1,4.0,,,False,False,2019,17
0 days 01:22:43.636000,VET,5,0 days 00:01:37.594000,31.0,2.0,,0 days 01:22:42.695000,0 days 00:00:33.538000,0 days 00:00:42.525000,0 days 00:00:21.531000,0 days 01:21:39.596000,0 days 01:22:22.121000,0 days 01:22:43.652000,276.0,308.0,,308.0,False,SOFT,15.0,True,Ferrari,0 days 01:21:06.042000,,1,3.0,,,False,False,2019,17
0 days 01:24:36.427000,VET,5,0 days 00:01:52.791000,32.0,3.0,0 days 01:23:05.568000,,0 days 00:00:53.216000,0 days 00:00:41.485000,0 days 00:00:18.090000,0 days 01:23:36.868000,0 days 01:24:18.353000,0 days 01:24:36.443000,273.0,311.0,264.0,300.0,False,MEDIUM,1.0,True,Ferrari,0 days 01:22:43.636000,,1,3.0,,,False,False,2019,17
0 days 01:15:22.925000,SAI,55,0 days 00:01:40.522000,26.0,1.0,,0 days 01:15:22.950000,0 days 00:00:34.684000,0 days 00:00:43.602000,0 days 00:00:22.236000,0 days 01:14:17.124000,0 days 01:15:00.726000,0 days 01:15:22.962000,266.0,299.0,,294.0,False,SOFT,29.0,False,McLaren,0 days 01:13:42.403000,,1,5.0,,,False,False,2019,17
0 days 01:17:17.207000,SAI,55,0 days 00:01:54.282000,27.0,2.0,0 days 01:15:49.434000,,0 days 00:00:53.547000,0 days 00:00:42.463000,0 days 00:00:18.272000,0 days 01:16:16.509000,0 days 01:16:58.972000,0 days 01:17:17.244000,276.0,300.0,263.0,294.0,False,MEDIUM,1.0,True,McLaren,0 days 01:15:22.925000,,1,6.0,,,False,False,2019,17
0 days 01:14:40.320000,RUS,63,0 days 00:01:40.548000,25.0,1.0,,0 days 01:14:39.096000,0 days 00:00:35.276000,0 days 00:00:43.801000,0 days 00:00:21.471000,0 days 01:13:35.060000,0 days 01:14:18.861000,0 days 01:14:40.332000,262.0,297.0,,295.0,False,MEDIUM,25.0,True,Williams,0 days 01:12:59.772000,,1,18.0,,,False,False,2019,17
0 days 01:16:38.189000,RUS,63,0 days 00:01:57.869000,26.0,2.0,0 days 01:15:02.810000,,0 days 00:00:56.118000,0 days 00:00:43.074000,0 days 00:00:18.677000,0 days 01:15:36.450000,0 days 01:16:19.524000,0 days 01:16:38.201000,270.0,297.0,258.0,295.0,False,HARD,1.0,True,Williams,0 days 01:14:40.320000,,1,18.0,,,False,False,2019,17
0 days 00:58:07.968000,RAI,7,0 days 00:01:40.313000,15.0,1.0,,0 days 00:58:06.982000,0 days 00:00:34.795000,0 days 00:00:44.030000,0 days 00:00:21.488000,0 days 00:57:02.460000,0 days 00:57:46.490000,0 days 00:58:07.978000,272.0,299.0,,299.0,False,MEDIUM,15.0,True,Alfa Romeo Racing,0 days 00:56:27.655000,,1,17.0,,,False,False,2019,17
0 days 01:00:04.978000,RAI,7,0 days 00:01:57.010000,16.0,2.0,0 days 00:58:31.335000,,0 days 00:00:55.919000,0 days 00:00:42.655000,0 days 00:00:18.436000,0 days 00:59:03.897000,0 days 00:59:46.552000,0 days 01:00:04.988000,266.0,296.0,259.0,295.0,False,HARD,1.0,True,Alfa Romeo Racing,0 days 00:58:07.968000,,1,18.0,,,False,False,2019,17
0 days 01:32:17.930000,RAI,7,0 days 00:01:39.631000,36.0,2.0,,0 days 01:32:16.642000,0 days 00:00:35.270000,0 days 00:00:43.365000,0 days 00:00:20.996000,0 days 01:31:13.579000,0 days 01:31:56.944000,0 days 01:32:17.940000,272.0,299.0,,302.0,False,HARD,21.0,True,Alfa Romeo Racing,0 days 01:30:38.299000,,1,16.0,,,False,False,2019,17
0 days 01:34:11.716000,RAI,7,0 days 00:01:53.786000,37.0,3.0,0 days 01:32:39.947000,,0 days 00:00:53.644000,0 days 00:00:42.044000,0 days 00:00:18.098000,0 days 01:33:11.584000,0 days 01:33:53.628000,0 days 01:34:11.726000,267.0,298.0,260.0,297.0,False,SOFT,1.0,True,Alfa Romeo Racing,0 days 01:32:17.930000,,1,17.0,,,False,False,2019,17
0 days 01:00:23.045000,BOT,77,0 days 00:01:36.449000,17.0,1.0,,0 days 01:00:21.831000,0 days 00:00:33.550000,0 days 00:00:42.200000,0 days 00:00:20.699000,0 days 00:59:20.165000,0 days 01:00:02.365000,0 days 01:00:23.064000,270.0,301.0,,300.0,False,SOFT,20.0,False,Mercedes,0 days 00:58:46.596000,,1,1.0,,,False,False,2019,17
0 days 01:02:14.567000,BOT,77,0 days 00:01:51.522000,18.0,2.0,0 days 01:00:44.933000,,0 days 00:00:52.416000,0 days 00:00:41.208000,0 days 00:00:17.898000,0 days 01:01:15.480000,0 days 01:01:56.688000,0 days 01:02:14.586000,275.0,302.0,263.0,300.0,False,MEDIUM,1.0,True,Mercedes,0 days 01:00:23.045000,,1,2.0,,,False,False,2019,17
0 days 01:30:18.961000,BOT,77,0 days 00:01:35.853000,36.0,2.0,,0 days 01:30:17.653000,0 days 00:00:33.280000,0 days 00:00:42.164000,0 days 00:00:20.409000,0 days 01:29:16.407000,0 days 01:29:58.571000,0 days 01:30:18.980000,273.0,305.0,,305.0,False,MEDIUM,19.0,True,Mercedes,0 days 01:28:43.108000,,1,1.0,,,False,False,2019,17
0 days 01:32:10.994000,BOT,77,0 days 00:01:52.033000,37.0,3.0,0 days 01:30:40.806000,,0 days 00:00:52.738000,0 days 00:00:41.356000,0 days 00:00:17.939000,0 days 01:31:11.718000,0 days 01:31:53.074000,0 days 01:32:11.013000,275.0,308.0,268.0,309.0,False,SOFT,4.0,False,Mercedes,0 days 01:30:18.961000,,1,2.0,,,False,False,2019,17
0 days 00:59:44.889000,GRO,8,0 days 00:01:41.398000,16.0,1.0,,0 days 00:59:43.723000,0 days 00:00:35.894000,0 days 00:00:44.050000,0 days 00:00:21.454000,0 days 00:58:39.413000,0 days 00:59:23.463000,0 days 00:59:44.917000,270.0,296.0,,298.0,False,SOFT,19.0,False,Haas F1 Team,0 days 00:58:03.491000,,1,16.0,,,False,False,2019,17
0 days 01:01:39.742000,GRO,8,0 days 00:01:54.853000,17.0,2.0,0 days 01:00:07.286000,,0 days 00:00:54.116000,0 days 00:00:42.443000,0 days 00:00:18.294000,0 days 01:00:39.033000,0 days 01:01:21.476000,0 days 01:01:39.770000,267.0,295.0,257.0,295.0,False,HARD,1.0,True,Haas F1 Team,0 days 00:59:44.889000,,1,17.0,,,False,False,2019,17
0 days 00:35:23.105000,KUB,88,0 days 00:01:49.502000,1.0,1.0,0 days 00:33:42.724000,,,0 days 00:00:45.773000,0 days 00:00:19.226000,,0 days 00:35:03.879000,0 days 00:35:23.262000,267.0,299.0,253.0,269.0,False,MEDIUM,1.0,True,Williams,0 days 00:33:33.441000,,1,20.0,,,False,False,2019,17
0 days 01:10:11.314000,KUB,88,0 days 00:01:42.435000,22.0,1.0,,0 days 01:10:10.774000,0 days 00:00:35.628000,0 days 00:00:44.657000,0 days 00:00:22.150000,0 days 01:09:04.507000,0 days 01:09:49.164000,0 days 01:10:11.314000,264.0,295.0,,276.0,False,MEDIUM,22.0,True,Williams,0 days 01:08:28.879000,,1,19.0,,,False,False,2019,17
0 days 01:12:14.545000,KUB,88,0 days 00:02:03.231000,23.0,2.0,0 days 01:10:36.839000,,0 days 00:01:00.457000,0 days 00:00:43.972000,0 days 00:00:18.802000,0 days 01:11:11.771000,0 days 01:11:55.743000,0 days 01:12:14.545000,268.0,297.0,257.0,295.0,False,HARD,1.0,True,Williams,0 days 01:10:11.314000,,1,19.0,,,False,False,2019,17
0 days 01:28:48.222000,KUB,88,0 days 00:01:43.586000,33.0,2.0,,0 days 01:28:47.177000,0 days 00:00:36.938000,0 days 00:00:45.329000,0 days 00:00:21.319000,0 days 01:27:41.574000,0 days 01:28:26.903000,0 days 01:28:48.222000,271.0,301.0,,292.0,False,HARD,11.0,True,Williams,0 days 01:27:04.636000,,1,19.0,,,False,False,2019,17
0 days 01:30:46.053000,KUB,88,0 days 00:01:57.831000,34.0,3.0,0 days 01:29:10.078000,,0 days 00:00:55.036000,0 days 00:00:43.866000,0 days 00:00:18.929000,0 days 01:29:43.258000,0 days 01:30:27.124000,0 days 01:30:46.053000,271.0,299.0,253.0,296.0,False,MEDIUM,1.0,True,Williams,0 days 01:28:48.222000,,1,19.0,,,False,False,2019,17
0 days 01:02:54.634000,GIO,99,0 days 00:01:40.740000,18.0,1.0,,0 days 01:02:53.360000,0 days 00:00:35.613000,0 days 00:00:43.650000,0 days 00:00:21.477000,0 days 01:01:49.522000,0 days 01:02:33.172000,0 days 01:02:54.649000,268.0,301.0,,301.0,False,MEDIUM,18.0,True,Alfa Romeo Racing,0 days 01:01:13.894000,,1,13.0,,,False,False,2019,17
0 days 01:04:52.049000,GIO,99,0 days 00:01:57.415000,19.0,2.0,0 days 01:03:16.737000,,0 days 00:00:55.994000,0 days 00:00:42.974000,0 days 00:00:18.447000,0 days 01:03:50.643000,0 days 01:04:33.617000,0 days 01:04:52.064000,274.0,300.0,259.0,300.0,False,HARD,1.0,True,Alfa Romeo Racing,0 days 01:02:54.634000,,1,16.0,,,False,False,2019,17
0 days 01:53:10.066000,GIO,99,0 days 00:01:39.419000,49.0,2.0,,0 days 01:53:08.800000,0 days 00:00:34.225000,0 days 00:00:43.440000,0 days 00:00:21.754000,0 days 01:52:04.887000,0 days 01:52:48.327000,0 days 01:53:10.081000,274.0,299.0,,299.0,False,HARD,31.0,True,Alfa Romeo Racing,0 days 01:51:30.647000,,1,16.0,,,False,False,2019,17
0 days 01:55:04.306000,GIO,99,0 days 00:01:54.240000,50.0,3.0,0 days 01:53:32.569000,,0 days 00:00:54.157000,0 days 00:00:42.044000,0 days 00:00:18.039000,0 days 01:54:04.238000,0 days 01:54:46.282000,0 days 01:55:04.321000,276.0,300.0,264.0,297.0,False,SOFT,1.0,True,Alfa Romeo Racing,0 days 01:53:10.066000,,1,16.0,,,False,False,2019,17
0 days 01:05:03.503000,HAM,44,0 days 00:01:24.334000,23.0,1.0,,0 days 01:05:01.664000,0 days 00:00:28.392000,0 days 00:00:31.415000,0 days 00:00:24.527000,0 days 01:04:08.332000,0 days 01:04:39.747000,0 days 01:05:04.274000,301.0,285.0,,333.0,False,MEDIUM,26.0,False,Mercedes,0 days 01:03:39.169000,,1,2.0,,,False,False,2019,18
0 days 01:06:42.406000,HAM,44,0 days 00:01:38.903000,24.0,2.0,0 days 01:05:24.145000,,0 days 00:00:47.193000,0 days 00:00:30.797000,0 days 00:00:20.913000,0 days 01:05:51.467000,0 days 01:06:22.264000,0 days 01:06:43.177000,297.0,285.0,253.0,304.0,False,HARD,1.0,True,Mercedes,0 days 01:05:03.503000,,1,4.0,,,False,False,2019,18
0 days 01:24:05.615000,VET,5,0 days 00:01:24.894000,37.0,1.0,,0 days 01:24:03.896000,0 days 00:00:28.849000,0 days 00:00:31.412000,0 days 00:00:24.633000,0 days 01:23:10.359000,0 days 01:23:41.771000,0 days 01:24:06.404000,301.0,287.0,,324.0,False,MEDIUM,40.0,False,Ferrari,0 days 01:22:40.721000,,1,1.0,,,False,False,2019,18
0 days 01:25:45.026000,VET,5,0 days 00:01:39.411000,38.0,2.0,0 days 01:24:25.684000,,0 days 00:00:46.921000,0 days 00:00:31.585000,0 days 00:00:20.905000,0 days 01:24:53.325000,0 days 01:25:24.910000,0 days 01:25:45.815000,298.0,287.0,254.0,314.0,False,HARD,1.0,True,Ferrari,0 days 01:24:05.615000,,1,4.0,,,False,False,2019,18
0 days 01:22:47.716000,BOT,77,0 days 00:01:26.341000,36.0,1.0,,0 days 01:22:47.019000,0 days 00:00:28.762000,0 days 00:00:32.286000,0 days 00:00:25.293000,0 days 01:21:50.913000,0 days 01:22:23.199000,0 days 01:22:48.492000,298.0,285.0,,328.0,False,MEDIUM,39.0,False,Mercedes,0 days 01:21:21.375000,,1,3.0,,,False,False,2019,18
0 days 01:24:27.226000,BOT,77,0 days 00:01:39.510000,37.0,2.0,0 days 01:23:08.376000,,0 days 00:00:47.555000,0 days 00:00:31.319000,0 days 00:00:20.636000,0 days 01:23:36.047000,0 days 01:24:07.366000,0 days 01:24:28.002000,294.0,287.0,251.0,312.0,False,HARD,1.0,True,Mercedes,0 days 01:22:47.716000,,1,5.0,,,False,False,2019,18
0 days 00:54:09.325000,LEC,16,0 days 00:01:24.121000,15.0,1.0,,0 days 00:54:08.115000,0 days 00:00:28.715000,0 days 00:00:31.366000,0 days 00:00:24.040000,0 days 00:53:14.694000,0 days 00:53:46.060000,0 days 00:54:10.100000,296.0,286.0,,323.0,False,MEDIUM,18.0,False,Ferrari,0 days 00:52:45.204000,,1,2.0,,,False,False,2019,18
0 days 00:55:48.817000,LEC,16,0 days 00:01:39.492000,16.0,2.0,0 days 00:54:29.526000,,0 days 00:00:47.031000,0 days 00:00:31.412000,0 days 00:00:21.049000,0 days 00:54:57.131000,0 days 00:55:28.543000,0 days 00:55:49.592000,296.0,285.0,251.0,311.0,False,MEDIUM,1.0,True,Ferrari,0 days 00:54:09.325000,,1,4.0,,,False,False,2019,18
0 days 01:32:17.722000,LEC,16,0 days 00:01:23.922000,43.0,2.0,,0 days 01:32:16.317000,0 days 00:00:28.431000,0 days 00:00:31.264000,0 days 00:00:24.227000,0 days 01:31:23.006000,0 days 01:31:54.270000,0 days 01:32:18.497000,300.0,288.0,,331.0,False,MEDIUM,28.0,True,Ferrari,0 days 01:30:53.800000,,1,1.0,,,False,False,2019,18
0 days 01:34:00.309000,LEC,16,0 days 00:01:42.587000,44.0,3.0,0 days 01:32:41.778000,,0 days 00:00:50.999000,0 days 00:00:31.244000,0 days 00:00:20.344000,0 days 01:33:09.496000,0 days 01:33:40.740000,0 days 01:34:01.084000,301.0,286.0,254.0,316.0,False,HARD,1.0,True,Ferrari,0 days 01:32:17.722000,,1,5.0,,,False,False,2019,18
0 days 00:52:52.606000,ALB,23,0 days 00:01:24.888000,14.0,1.0,,0 days 00:52:50.808000,0 days 00:00:28.735000,0 days 00:00:31.574000,0 days 00:00:24.579000,0 days 00:51:57.203000,0 days 00:52:28.777000,0 days 00:52:53.356000,299.0,278.0,,325.0,False,MEDIUM,17.0,False,Red Bull Racing,0 days 00:51:27.718000,,1,4.0,,,False,False,2019,18
0 days 00:54:36.315000,ALB,23,0 days 00:01:43.709000,15.0,2.0,0 days 00:53:13.207000,,0 days 00:00:48.145000,0 days 00:00:33.749000,0 days 00:00:21.815000,0 days 00:53:41.501000,0 days 00:54:15.250000,0 days 00:54:37.065000,293.0,291.0,249.0,300.0,False,MEDIUM,1.0,True,Red Bull Racing,0 days 00:52:52.606000,,1,5.0,,,False,False,2019,18
0 days 01:33:49.362000,ALB,23,0 days 00:01:23.717000,44.0,2.0,,0 days 01:33:47.619000,0 days 00:00:28.593000,0 days 00:00:31.142000,0 days 00:00:23.982000,0 days 01:32:54.988000,0 days 01:33:26.130000,0 days 01:33:50.112000,292.0,286.0,,326.0,False,MEDIUM,30.0,True,Red Bull Racing,0 days 01:32:25.645000,,1,3.0,,,False,False,2019,18
0 days 01:35:29.040000,ALB,23,0 days 00:01:39.678000,45.0,3.0,0 days 01:34:09.773000,,0 days 00:00:47.533000,0 days 00:00:31.507000,0 days 00:00:20.638000,0 days 01:34:37.645000,0 days 01:35:09.152000,0 days 01:35:29.790000,288.0,286.0,252.0,310.0,False,HARD,1.0,True,Red Bull Racing,0 days 01:33:49.362000,,1,5.0,,,False,False,2019,18
0 days 00:41:09.397000,VER,33,0 days 00:01:50.984000,5.0,1.0,,0 days 00:41:07.614000,0 days 00:00:30.889000,0 days 00:00:49.294000,0 days 00:00:30.801000,0 days 00:39:50.059000,0 days 00:40:39.353000,0 days 00:41:10.154000,213.0,136.0,,318.0,False,MEDIUM,8.0,False,Red Bull Racing,0 days 00:39:18.413000,,12,20.0,,,False,False,2019,18
0 days 00:42:51.714000,VER,33,0 days 00:01:42.317000,6.0,2.0,0 days 00:41:32.142000,,0 days 00:00:50.160000,0 days 00:00:31.466000,0 days 00:00:20.691000,0 days 00:42:00.314000,0 days 00:42:31.780000,0 days 00:42:52.471000,286.0,279.0,248.0,304.0,False,HARD,1.0,True,Red Bull Racing,0 days 00:41:09.397000,,1,20.0,,,False,False,2019,18
0 days 01:01:32.474000,PER,11,0 days 00:01:25.377000,20.0,1.0,,0 days 01:01:30.679000,0 days 00:00:28.794000,0 days 00:00:31.953000,0 days 00:00:24.630000,0 days 01:00:36.653000,0 days 01:01:08.606000,0 days 01:01:33.236000,297.0,283.0,,332.0,False,MEDIUM,20.0,True,Racing Point,0 days 01:00:07.097000,,1,7.0,,,False,False,2019,18
0 days 01:03:13.386000,PER,11,0 days 00:01:40.912000,21.0,2.0,0 days 01:01:53.290000,,0 days 00:00:47.493000,0 days 00:00:32.279000,0 days 00:00:21.140000,0 days 01:02:20.729000,0 days 01:02:53.008000,0 days 01:03:14.148000,280.0,292.0,247.0,313.0,False,HARD,1.0,True,Racing Point,0 days 01:01:32.474000,,1,10.0,,,False,False,2019,18
0 days 01:42:31.601000,RIC,3,0 days 00:01:24.808000,50.0,1.0,,0 days 01:42:29.465000,0 days 00:00:28.893000,0 days 00:00:31.753000,0 days 00:00:24.162000,0 days 01:41:35.812000,0 days 01:42:07.565000,0 days 01:42:31.727000,297.0,282.0,,327.0,False,HARD,50.0,True,Renault,0 days 01:41:06.793000,,1,6.0,,,False,False,2019,18
0 days 01:44:12.037000,RIC,3,0 days 00:01:40.436000,51.0,2.0,0 days 01:42:51.549000,,0 days 00:00:47.851000,0 days 00:00:31.793000,0 days 00:00:20.792000,0 days 01:43:19.578000,0 days 01:43:51.371000,0 days 01:44:12.163000,296.0,285.0,249.0,308.0,False,MEDIUM,1.0,True,Renault,0 days 01:42:31.601000,,1,8.0,,,False,False,2019,18
0 days 00:46:24.396000,GAS,10,0 days 00:01:26.599000,9.0,1.0,,0 days 00:46:22.712000,0 days 00:00:28.865000,0 days 00:00:32.916000,0 days 00:00:24.818000,0 days 00:45:27.418000,0 days 00:46:00.334000,0 days 00:46:25.152000,282.0,283.0,,348.0,False,SOFT,12.0,False,Toro Rosso,0 days 00:44:57.797000,,1,13.0,,,False,False,2019,18
0 days 00:48:05.494000,GAS,10,0 days 00:01:41.098000,10.0,2.0,0 days 00:46:45.301000,,0 days 00:00:48.101000,0 days 00:00:31.958000,0 days 00:00:21.039000,0 days 00:47:13.253000,0 days 00:47:45.211000,0 days 00:48:06.250000,279.0,283.0,249.0,305.0,False,HARD,1.0,True,Toro Rosso,0 days 00:46:24.396000,,1,19.0,,,False,False,2019,18
0 days 01:41:43.493000,GAS,10,0 days 00:01:24.263000,49.0,2.0,,0 days 01:41:41.683000,0 days 00:00:28.493000,0 days 00:00:31.488000,0 days 00:00:24.282000,0 days 01:40:48.479000,0 days 01:41:19.967000,0 days 01:41:44.249000,301.0,287.0,,326.0,False,HARD,40.0,True,Toro Rosso,0 days 01:40:19.230000,,1,12.0,,,False,False,2019,18
0 days 01:43:23.211000,GAS,10,0 days 00:01:39.718000,50.0,3.0,0 days 01:42:04.516000,,0 days 00:00:47.601000,0 days 00:00:31.367000,0 days 00:00:20.750000,0 days 01:42:31.850000,0 days 01:43:03.217000,0 days 01:43:23.967000,296.0,289.0,252.0,310.0,False,MEDIUM,1.0,True,Toro Rosso,0 days 01:41:43.493000,,1,13.0,,,False,False,2019,18
0 days 00:58:50.928000,HUL,27,0 days 00:01:25.709000,18.0,1.0,,0 days 00:58:48.476000,0 days 00:00:28.629000,0 days 00:00:32.515000,0 days 00:00:24.565000,0 days 00:57:53.885000,0 days 00:58:26.400000,0 days 00:58:50.965000,290.0,287.0,,347.0,False,MEDIUM,18.0,True,Renault,0 days 00:57:25.219000,,1,8.0,,,False,False,2019,18
0 days 01:00:32.213000,HUL,27,0 days 00:01:41.285000,19.0,2.0,0 days 00:59:10.971000,,0 days 00:00:47.833000,0 days 00:00:32.374000,0 days 00:00:21.078000,0 days 00:59:38.798000,0 days 01:00:11.172000,0 days 01:00:32.250000,291.0,281.0,245.0,310.0,False,HARD,1.0,True,Renault,0 days 00:58:50.928000,,1,13.0,,,False,False,2019,18
0 days 00:47:45.782000,KVY,26,0 days 00:01:27.899000,10.0,1.0,,0 days 00:47:43.987000,0 days 00:00:29.788000,0 days 00:00:33.341000,0 days 00:00:24.770000,0 days 00:46:48.424000,0 days 00:47:21.765000,0 days 00:47:46.535000,276.0,290.0,,327.0,False,SOFT,13.0,False,Toro Rosso,0 days 00:46:17.883000,,1,11.0,,,False,False,2019,18
0 days 00:49:28.024000,KVY,26,0 days 00:01:42.242000,11.0,2.0,0 days 00:48:06.706000,,0 days 00:00:48.183000,0 days 00:00:32.779000,0 days 00:00:21.280000,0 days 00:48:34.718000,0 days 00:49:07.497000,0 days 00:49:28.777000,286.0,282.0,248.0,308.0,False,HARD,1.0,True,Toro Rosso,0 days 00:47:45.782000,,1,18.0,,,False,False,2019,18
0 days 01:34:42.598000,KVY,26,0 days 00:01:24.795000,44.0,2.0,,0 days 01:34:41.609000,0 days 00:00:28.673000,0 days 00:00:31.801000,0 days 00:00:24.321000,0 days 01:33:47.229000,0 days 01:34:19.030000,0 days 01:34:43.351000,294.0,290.0,,332.0,False,HARD,34.0,True,Toro Rosso,0 days 01:33:17.803000,,1,9.0,,,False,False,2019,18
0 days 01:36:21.255000,KVY,26,0 days 00:01:38.657000,45.0,3.0,0 days 01:35:02.976000,,0 days 00:00:47.226000,0 days 00:00:30.851000,0 days 00:00:20.580000,0 days 01:35:30.577000,0 days 01:36:01.428000,0 days 01:36:22.008000,300.0,288.0,251.0,310.0,False,MEDIUM,1.0,True,Toro Rosso,0 days 01:34:42.598000,,1,12.0,,,False,False,2019,18
0 days 01:25:01.267000,STR,18,0 days 00:01:25.458000,37.0,1.0,,0 days 01:24:58.714000,0 days 00:00:29.208000,0 days 00:00:32.161000,0 days 00:00:24.089000,0 days 01:24:05.077000,0 days 01:24:37.238000,0 days 01:25:01.327000,297.0,281.0,,326.0,False,MEDIUM,37.0,True,Racing Point,0 days 01:23:35.809000,,1,7.0,,,False,False,2019,18
0 days 01:26:41.763000,STR,18,0 days 00:01:40.496000,38.0,2.0,0 days 01:25:21.507000,,0 days 00:00:47.837000,0 days 00:00:31.731000,0 days 00:00:20.928000,0 days 01:25:49.164000,0 days 01:26:20.895000,0 days 01:26:41.823000,290.0,285.0,247.0,310.0,False,HARD,1.0,True,Racing Point,0 days 01:25:01.267000,,1,11.0,,,False,False,2019,18
0 days 00:54:39.179000,SAI,55,0 days 00:01:28.492000,15.0,1.0,,0 days 00:54:37.842000,0 days 00:00:29.845000,0 days 00:00:33.709000,0 days 00:00:24.938000,0 days 00:53:41.332000,0 days 00:54:15.041000,0 days 00:54:39.979000,271.0,281.0,,325.0,False,SOFT,18.0,False,McLaren,0 days 00:53:10.687000,,1,8.0,,,False,False,2019,18
0 days 00:56:23.050000,SAI,55,0 days 00:01:43.871000,16.0,2.0,0 days 00:54:59.918000,,0 days 00:00:48.285000,0 days 00:00:33.961000,0 days 00:00:21.625000,0 days 00:55:28.264000,0 days 00:56:02.225000,0 days 00:56:23.850000,265.0,294.0,246.0,305.0,False,HARD,1.0,True,McLaren,0 days 00:54:39.179000,,1,13.0,,,False,False,2019,18
0 days 01:22:46.014000,SAI,55,0 days 00:01:30.541000,35.0,2.0,,0 days 01:22:44.658000,0 days 00:00:29.947000,0 days 00:00:35.816000,0 days 00:00:24.778000,0 days 01:21:46.220000,0 days 01:22:22.036000,0 days 01:22:46.814000,298.0,291.0,,324.0,False,HARD,20.0,True,McLaren,0 days 01:21:15.473000,,1,14.0,,,False,False,2019,18
0 days 01:24:26.017000,SAI,55,0 days 00:01:40.003000,36.0,3.0,0 days 01:23:06.668000,,0 days 00:00:47.282000,0 days 00:00:31.721000,0 days 00:00:21,0 days 01:23:34.096000,0 days 01:24:05.817000,0 days 01:24:26.817000,287.0,283.0,248.0,304.0,False,MEDIUM,1.0,True,McLaren,0 days 01:22:46.014000,,1,14.0,,,False,False,2019,18
0 days 01:03:06.323000,GIO,99,0 days 00:01:25.767000,21.0,1.0,,0 days 01:03:04.275000,0 days 00:00:29.022000,0 days 00:00:32.075000,0 days 00:00:24.670000,0 days 01:02:09.636000,0 days 01:02:41.711000,0 days 01:03:06.381000,290.0,282.0,,324.0,False,MEDIUM,21.0,True,Alfa Romeo Racing,0 days 01:01:40.556000,,1,8.0,,,False,False,2019,18
0 days 01:05:10.501000,GIO,99,0 days 00:02:04.178000,22.0,2.0,0 days 01:03:47.309000,,0 days 00:01:10.437000,0 days 00:00:32.505000,0 days 00:00:21.236000,0 days 01:04:16.818000,0 days 01:04:49.323000,0 days 01:05:10.559000,284.0,282.0,250.0,303.0,False,HARD,1.0,True,Alfa Romeo Racing,0 days 01:03:06.323000,,1,18.0,,,False,False,2019,18
0 days 01:13:16.692000,MAG,20,0 days 00:01:26.623000,28.0,1.0,,0 days 01:13:14.438000,0 days 00:00:29.164000,0 days 00:00:32.806000,0 days 00:00:24.653000,0 days 01:12:19.309000,0 days 01:12:52.115000,0 days 01:13:16.768000,289.0,281.0,,328.0,False,MEDIUM,28.0,True,Haas F1 Team,0 days 01:11:50.069000,,1,15.0,,,False,False,2019,18
0 days 01:14:58.709000,MAG,20,0 days 00:01:42.017000,29.0,2.0,0 days 01:13:37.497000,,0 days 00:00:48.485000,0 days 00:00:32.034000,0 days 00:00:21.498000,0 days 01:14:05.253000,0 days 01:14:37.287000,0 days 01:14:58.785000,283.0,283.0,249.0,309.0,False,HARD,1.0,True,Haas F1 Team,0 days 01:13:16.692000,,1,17.0,,,False,False,2019,18
0 days 01:04:58.132000,RUS,63,0 days 00:01:27.063000,22.0,1.0,,0 days 01:04:56.563000,0 days 00:00:28.858000,0 days 00:00:33.062000,0 days 00:00:25.143000,0 days 01:03:59.927000,0 days 01:04:32.989000,0 days 01:04:58.132000,293.0,278.0,,344.0,False,MEDIUM,22.0,True,Williams,0 days 01:03:31.069000,,1,17.0,,,False,False,2019,18
0 days 01:06:42.768000,RUS,63,0 days 00:01:44.636000,23.0,2.0,0 days 01:05:18.559000,,0 days 00:00:48.658000,0 days 00:00:34.417000,0 days 00:00:21.561000,0 days 01:05:46.790000,0 days 01:06:21.207000,0 days 01:06:42.768000,288.0,286.0,247.0,305.0,False,HARD,1.0,True,Williams,0 days 01:04:58.132000,,1,19.0,,,False,False,2019,18
0 days 01:26:10.957000,GRO,8,0 days 00:01:27.602000,37.0,1.0,,0 days 01:26:08.736000,0 days 00:00:29.469000,0 days 00:00:32.781000,0 days 00:00:25.352000,0 days 01:25:12.866000,0 days 01:25:45.647000,0 days 01:26:10.999000,292.0,281.0,,321.0,False,MEDIUM,37.0,True,Haas F1 Team,0 days 01:24:43.355000,,1,17.0,,,False,False,2019,18
0 days 01:27:54.434000,GRO,8,0 days 00:01:43.477000,38.0,2.0,0 days 01:26:32.641000,,0 days 00:00:49.858000,0 days 00:00:32.376000,0 days 00:00:21.243000,0 days 01:27:00.857000,0 days 01:27:33.233000,0 days 01:27:54.476000,291.0,281.0,250.0,307.0,False,HARD,1.0,True,Haas F1 Team,0 days 01:26:10.957000,,1,19.0,,,False,False,2019,18
0 days 01:03:33.160000,KUB,88,0 days 00:01:27.295000,21.0,1.0,,0 days 01:03:30.657000,0 days 00:00:29.384000,0 days 00:00:32.947000,0 days 00:00:24.964000,0 days 01:02:35.335000,0 days 01:03:08.282000,0 days 01:03:33.246000,295.0,278.0,,328.0,False,MEDIUM,21.0,True,Williams,0 days 01:02:05.865000,,1,19.0,,,False,False,2019,18
0 days 01:05:17.420000,KUB,88,0 days 00:01:44.260000,22.0,2.0,0 days 01:03:55.506000,,0 days 00:00:50.480000,0 days 00:00:32.290000,0 days 00:00:21.490000,0 days 01:04:23.726000,0 days 01:04:56.016000,0 days 01:05:17.506000,298.0,281.0,245.0,306.0,False,HARD,1.0,True,Williams,0 days 01:03:33.160000,,1,19.0,,,False,False,2019,18
0 days 01:58:18.109000,KUB,88,0 days 00:01:26.156000,60.0,2.0,,0 days 01:58:15.917000,0 days 00:00:28.850000,0 days 00:00:32.404000,0 days 00:00:24.902000,0 days 01:57:20.889000,0 days 01:57:53.293000,0 days 01:58:18.195000,296.0,284.0,,349.0,False,HARD,39.0,True,Williams,0 days 01:56:51.953000,,1,17.0,,,False,False,2019,18
0 days 01:59:59.239000,KUB,88,0 days 00:01:41.130000,61.0,3.0,0 days 01:58:38.187000,,0 days 00:00:48.157000,0 days 00:00:31.838000,0 days 00:00:21.135000,0 days 01:59:06.352000,0 days 01:59:38.190000,0 days 01:59:59.325000,296.0,283.0,249.0,309.0,False,MEDIUM,1.0,True,Williams,0 days 01:58:18.109000,,1,18.0,,,False,False,2019,18
0 days 00:54:47.870000,RAI,7,0 days 00:01:26.595000,15.0,1.0,,0 days 00:54:45.401000,0 days 00:00:29.219000,0 days 00:00:32.493000,0 days 00:00:24.883000,0 days 00:53:50.530000,0 days 00:54:23.023000,0 days 00:54:47.906000,294.0,282.0,,325.0,False,MEDIUM,15.0,True,Alfa Romeo Racing,0 days 00:53:21.275000,,1,12.0,,,False,False,2019,18
0 days 00:56:29.905000,RAI,7,0 days 00:01:42.035000,16.0,2.0,0 days 00:55:08.148000,,0 days 00:00:48.204000,0 days 00:00:32.402000,0 days 00:00:21.429000,0 days 00:55:36.110000,0 days 00:56:08.512000,0 days 00:56:29.941000,291.0,284.0,250.0,308.0,False,HARD,1.0,True,Alfa Romeo Racing,0 days 00:54:47.870000,,1,19.0,,,False,False,2019,18
0 days 01:46:07.173000,RAI,7,0 days 00:01:24.490000,52.0,2.0,,0 days 01:46:04.852000,0 days 00:00:28.776000,0 days 00:00:31.641000,0 days 00:00:24.073000,0 days 01:45:11.495000,0 days 01:45:43.136000,0 days 01:46:07.209000,299.0,284.0,,324.0,False,HARD,37.0,True,Alfa Romeo Racing,0 days 01:44:42.683000,,1,13.0,,,False,False,2019,18
0 days 01:47:47.906000,RAI,7,0 days 00:01:40.733000,53.0,3.0,0 days 01:46:27.805000,,0 days 00:00:48.197000,0 days 00:00:31.781000,0 days 00:00:20.755000,0 days 01:46:55.406000,0 days 01:47:27.187000,0 days 01:47:47.942000,295.0,283.0,253.0,306.0,False,MEDIUM,1.0,False,Alfa Romeo Racing,0 days 01:46:07.173000,,1,15.0,,,False,False,2019,18
0 days 01:54:36.559000,RAI,7,0 days 00:01:26.612000,58.0,3.0,,0 days 01:54:34.178000,0 days 00:00:28.835000,0 days 00:00:31.506000,0 days 00:00:26.271000,0 days 01:53:38.818000,0 days 01:54:10.324000,0 days 01:54:36.595000,284.0,284.0,,308.0,False,MEDIUM,6.0,False,Alfa Romeo Racing,0 days 01:53:09.947000,,1,15.0,,,False,False,2019,18
0 days 00:50:29.907000,NOR,4,0 days 00:01:26.894000,12.0,1.0,,0 days 00:50:28.529000,0 days 00:00:29.217000,0 days 00:00:32.816000,0 days 00:00:24.861000,0 days 00:49:33.036000,0 days 00:50:05.852000,0 days 00:50:30.713000,292.0,279.0,,326.0,False,SOFT,15.0,False,McLaren,0 days 00:49:03.013000,,1,9.0,,,False,False,2019,18
0 days 00:53:54.744000,NOR,4,,13.0,2.0,0 days 00:52:31.672000,,,0 days 00:00:33.146000,0 days 00:00:21.665000,,0 days 00:53:33.973000,0 days 00:53:55.884000,285.0,280.0,247.0,291.0,False,HARD,1.0,True,McLaren,0 days 00:50:29.907000,,1,20.0,,,False,False,2019,18
0 days 01:42:27.333000,NOR,4,0 days 00:01:29.089000,48.0,2.0,,0 days 01:42:25.645000,0 days 00:00:29.228000,0 days 00:00:31.714000,0 days 00:00:28.147000,0 days 01:41:28.278000,0 days 01:41:59.992000,0 days 01:42:28.139000,295.0,234.0,,320.0,False,HARD,36.0,True,McLaren,0 days 01:40:58.244000,,1,20.0,,,False,False,2019,18
0 days 01:06:09.358000,GAS,10,0 days 00:01:43.938000,19.0,1.0,,0 days 01:06:08.465000,0 days 00:00:28.163000,0 days 00:00:41.224000,0 days 00:00:34.551000,0 days 01:04:53.583000,0 days 01:05:34.807000,0 days 01:06:09.358000,193.0,178.0,,296.0,False,SOFT,22.0,False,Toro Rosso,0 days 01:04:25.420000,,1,7.0,,,False,False,2019,19
0 days 01:08:12.543000,GAS,10,0 days 00:02:03.185000,20.0,2.0,0 days 01:06:32.654000,,0 days 00:00:48.405000,0 days 00:00:40.886000,0 days 00:00:33.894000,0 days 01:06:57.763000,0 days 01:07:38.649000,0 days 01:08:12.543000,198.0,180.0,204.0,291.0,False,HARD,1.0,True,Toro Rosso,0 days 01:06:09.358000,,1,12.0,,,False,False,2019,19
0 days 02:04:19.311000,GAS,10,0 days 00:01:49.160000,53.0,2.0,,0 days 02:04:18.435000,0 days 00:00:30.222000,0 days 00:00:41.551000,0 days 00:00:37.387000,0 days 02:03:00.373000,0 days 02:03:41.924000,0 days 02:04:19.311000,179.0,183.0,,304.0,False,HARD,34.0,True,Toro Rosso,0 days 02:02:30.151000,,1,13.0,,,False,False,2019,19
0 days 02:06:34.829000,GAS,10,0 days 00:02:15.518000,54.0,3.0,0 days 02:04:42.785000,0 days 02:06:28.003000,0 days 00:00:48.187000,0 days 00:00:41.035000,0 days 00:00:46.296000,0 days 02:05:07.498000,0 days 02:05:48.533000,0 days 02:06:34.829000,207.0,164.0,,282.0,False,SOFT,3.0,False,Toro Rosso,0 days 02:04:19.311000,,12,15.0,,,False,False,2019,19
0 days 00:35:17.290000,PER,11,0 days 00:01:53.540000,1.0,1.0,0 days 00:33:32.405000,,,0 days 00:00:43.501000,0 days 00:00:35.619000,,0 days 00:34:41.779000,0 days 00:35:17.599000,201.0,170.0,201.0,282.0,False,MEDIUM,1.0,True,Racing Point,0 days 00:33:23.612000,,1,18.0,,,False,False,2019,19
0 days 01:14:55.026000,PER,11,0 days 00:01:43.332000,24.0,1.0,,0 days 01:14:54.146000,0 days 00:00:27.881000,0 days 00:00:41.217000,0 days 00:00:34.234000,0 days 01:13:39.587000,0 days 01:14:20.804000,0 days 01:14:55.038000,202.0,185.0,,302.0,False,MEDIUM,24.0,True,Racing Point,0 days 01:13:11.694000,,1,8.0,,,False,False,2019,19
0 days 01:16:55.263000,PER,11,0 days 00:02:00.237000,25.0,2.0,0 days 01:15:18.475000,,0 days 00:00:47.597000,0 days 00:00:39.992000,0 days 00:00:32.648000,0 days 01:15:42.635000,0 days 01:16:22.627000,0 days 01:16:55.275000,206.0,186.0,206.0,302.0,False,HARD,1.0,True,Racing Point,0 days 01:14:55.026000,,1,14.0,,,False,False,2019,19
0 days 01:07:34.324000,LEC,16,0 days 00:01:43.822000,20.0,1.0,,0 days 01:07:33.645000,0 days 00:00:27.893000,0 days 00:00:41.614000,0 days 00:00:34.315000,0 days 01:06:18.425000,0 days 01:07:00.039000,0 days 01:07:34.354000,189.0,184.0,,294.0,False,MEDIUM,23.0,False,Ferrari,0 days 01:05:50.502000,,1,4.0,,,False,False,2019,19
0 days 01:09:41.170000,LEC,16,0 days 00:02:06.846000,21.0,2.0,0 days 01:08:02.601000,,0 days 00:00:53.904000,0 days 00:00:40.256000,0 days 00:00:32.686000,0 days 01:08:28.258000,0 days 01:09:08.514000,0 days 01:09:41.200000,206.0,182.0,205.0,297.0,False,HARD,1.0,True,Ferrari,0 days 01:07:34.324000,,1,6.0,,,False,False,2019,19
0 days 01:44:45.005000,LEC,16,0 days 00:01:42.087000,42.0,2.0,,0 days 01:44:44.099000,0 days 00:00:27.400000,0 days 00:00:40.706000,0 days 00:00:33.981000,0 days 01:43:30.348000,0 days 01:44:11.054000,0 days 01:44:45.035000,203.0,187.0,,297.0,False,HARD,22.0,True,Ferrari,0 days 01:43:02.918000,,1,4.0,,,False,False,2019,19
0 days 01:46:46.201000,LEC,16,0 days 00:02:01.196000,43.0,3.0,0 days 01:45:07.948000,,0 days 00:00:47.654000,0 days 00:00:40.610000,0 days 00:00:32.932000,0 days 01:45:32.689000,0 days 01:46:13.299000,0 days 01:46:46.231000,215.0,180.0,217.0,272.0,False,SOFT,1.0,True,Ferrari,0 days 01:44:45.005000,,1,4.0,,,False,False,2019,19
0 days 00:49:10.040000,STR,18,0 days 00:01:44.553000,9.0,1.0,,0 days 00:49:09.221000,0 days 00:00:28.166000,0 days 00:00:41.333000,0 days 00:00:35.054000,0 days 00:47:53.661000,0 days 00:48:34.994000,0 days 00:49:10.048000,188.0,181.0,,314.0,False,MEDIUM,9.0,True,Racing Point,0 days 00:47:25.487000,,21,15.0,,,False,False,2019,19
0 days 00:51:13.738000,STR,18,0 days 00:02:03.698000,10.0,2.0,0 days 00:49:33.700000,,0 days 00:00:48.646000,0 days 00:00:41.164000,0 days 00:00:33.888000,0 days 00:49:58.694000,0 days 00:50:39.858000,0 days 00:51:13.746000,200.0,185.0,205.0,293.0,False,HARD,1.0,True,Racing Point,0 days 00:49:10.040000,,1,19.0,,,False,False,2019,19
0 days 01:23:39.724000,STR,18,0 days 00:01:42.386000,29.0,2.0,,0 days 01:23:38.845000,0 days 00:00:27.483000,0 days 00:00:40.788000,0 days 00:00:34.115000,0 days 01:22:24.829000,0 days 01:23:05.617000,0 days 01:23:39.732000,195.0,181.0,,301.0,False,HARD,20.0,True,Racing Point,0 days 01:21:57.338000,,1,11.0,,,False,False,2019,19
0 days 01:25:41.478000,STR,18,0 days 00:02:01.754000,30.0,3.0,0 days 01:24:04.019000,,0 days 00:00:48.549000,0 days 00:00:40.168000,0 days 00:00:33.037000,0 days 01:24:28.281000,0 days 01:25:08.449000,0 days 01:25:41.486000,197.0,189.0,209.0,300.0,False,SOFT,1.0,True,Racing Point,0 days 01:23:39.724000,,1,16.0,,,False,False,2019,19
0 days 01:04:44.123000,MAG,20,0 days 00:01:43.621000,18.0,1.0,,0 days 01:04:43.241000,0 days 00:00:28.020000,0 days 00:00:41.252000,0 days 00:00:34.349000,0 days 01:03:28.589000,0 days 01:04:09.841000,0 days 01:04:44.190000,203.0,183.0,,295.0,False,MEDIUM,18.0,True,Haas F1 Team,0 days 01:03:00.502000,,1,14.0,,,False,False,2019,19
0 days 01:06:47.018000,MAG,20,0 days 00:02:02.895000,19.0,2.0,0 days 01:05:08.162000,,0 days 00:00:49.477000,0 days 00:00:40.584000,0 days 00:00:32.834000,0 days 01:05:33.667000,0 days 01:06:14.251000,0 days 01:06:47.085000,214.0,186.0,204.0,291.0,False,HARD,2.0,False,Haas F1 Team,0 days 01:04:44.123000,,1,17.0,,,False,False,2019,19
0 days 01:42:39.711000,MAG,20,0 days 00:01:44.926000,40.0,2.0,,0 days 01:42:38.840000,0 days 00:00:27.721000,0 days 00:00:41.386000,0 days 00:00:35.819000,0 days 01:41:22.573000,0 days 01:42:03.959000,0 days 01:42:39.778000,204.0,183.0,,296.0,False,HARD,23.0,False,Haas F1 Team,0 days 01:40:54.785000,,1,15.0,,,False,False,2019,19
0 days 01:44:41.642000,MAG,20,0 days 00:02:01.931000,41.0,3.0,0 days 01:43:03.580000,,0 days 00:00:48.142000,0 days 00:00:40.406000,0 days 00:00:33.383000,0 days 01:43:27.920000,0 days 01:44:08.326000,0 days 01:44:41.709000,206.0,187.0,209.0,294.0,False,SOFT,1.0,True,Haas F1 Team,0 days 01:42:39.711000,,1,17.0,,,False,False,2019,19
0 days 00:35:13.270000,ALB,23,0 days 00:01:49.520000,1.0,1.0,,0 days 00:35:12.368000,,0 days 00:00:42.707000,0 days 00:00:35.206000,,0 days 00:34:38.104000,0 days 00:35:13.494000,192.0,177.0,,306.0,False,SOFT,4.0,False,Red Bull Racing,0 days 00:33:23.612000,,1,11.0,,,False,False,2019,19
0 days 00:37:23.778000,ALB,23,0 days 00:02:10.508000,2.0,2.0,0 days 00:35:46.479000,,0 days 00:00:57.704000,0 days 00:00:40.282000,0 days 00:00:32.522000,0 days 00:36:10.980000,0 days 00:36:51.262000,0 days 00:37:23.784000,216.0,179.0,202.0,284.0,False,MEDIUM,1.0,True,Red Bull Racing,0 days 00:35:13.270000,,1,20.0,,,False,False,2019,19
0 days 01:08:03.288000,ALB,23,0 days 00:01:43.470000,20.0,2.0,,0 days 01:08:02.398000,0 days 00:00:27.803000,0 days 00:00:41.484000,0 days 00:00:34.183000,0 days 01:06:47.627000,0 days 01:07:29.111000,0 days 01:08:03.294000,193.0,177.0,,286.0,False,MEDIUM,19.0,True,Red Bull Racing,0 days 01:06:19.818000,,1,9.0,,,False,False,2019,19
0 days 01:10:03.340000,ALB,23,0 days 00:02:00.052000,21.0,3.0,0 days 01:08:25.599000,,0 days 00:00:47.121000,0 days 00:00:40.232000,0 days 00:00:32.699000,0 days 01:08:50.415000,0 days 01:09:30.647000,0 days 01:10:03.346000,207.0,180.0,206.0,288.0,False,MEDIUM,1.0,True,Red Bull Racing,0 days 01:08:03.288000,,1,15.0,,,False,False,2019,19
0 days 01:41:48.360000,ALB,23,0 days 00:01:40.639000,40.0,3.0,,0 days 01:41:47.495000,0 days 00:00:27.065000,0 days 00:00:40.252000,0 days 00:00:33.322000,0 days 01:40:34.792000,0 days 01:41:15.044000,0 days 01:41:48.366000,215.0,181.0,,290.0,False,MEDIUM,20.0,True,Red Bull Racing,0 days 01:40:07.721000,,1,5.0,,,False,False,2019,19
0 days 01:43:47.218000,ALB,23,0 days 00:01:58.858000,41.0,4.0,0 days 01:42:11.167000,,0 days 00:00:46.879000,0 days 00:00:39.879000,0 days 00:00:32.100000,0 days 01:42:35.245000,0 days 01:43:15.124000,0 days 01:43:47.224000,195.0,177.0,209.0,315.0,False,SOFT,4.0,False,Red Bull Racing,0 days 01:41:48.360000,,1,9.0,,,False,False,2019,19
0 days 01:09:46.281000,KVY,26,0 days 00:01:45.721000,21.0,1.0,,0 days 01:09:45.391000,0 days 00:00:28.454000,0 days 00:00:41.912000,0 days 00:00:35.355000,0 days 01:08:29.020000,0 days 01:09:10.932000,0 days 01:09:46.287000,198.0,175.0,,297.0,False,HARD,21.0,True,Toro Rosso,0 days 01:08:00.560000,,1,8.0,,,False,False,2019,19
0 days 01:11:51.064000,KVY,26,0 days 00:02:04.783000,22.0,2.0,0 days 01:10:12.597000,,0 days 00:00:51.554000,0 days 00:00:40.245000,0 days 00:00:32.984000,0 days 01:10:37.841000,0 days 01:11:18.086000,0 days 01:11:51.070000,205.0,181.0,208.0,294.0,False,MEDIUM,1.0,True,Toro Rosso,0 days 01:09:46.281000,,1,15.0,,,False,False,2019,19
0 days 01:40:33.496000,KVY,26,0 days 00:01:43.211000,39.0,2.0,,0 days 01:40:32.595000,0 days 00:00:27.485000,0 days 00:00:40.662000,0 days 00:00:35.064000,0 days 01:39:17.776000,0 days 01:39:58.438000,0 days 01:40:33.502000,203.0,173.0,,304.0,False,MEDIUM,18.0,True,Toro Rosso,0 days 01:38:50.285000,,1,13.0,,,False,False,2019,19
0 days 01:42:32.719000,KVY,26,0 days 00:01:59.223000,40.0,3.0,0 days 01:40:56.753000,,0 days 00:00:47.441000,0 days 00:00:39.553000,0 days 00:00:32.229000,0 days 01:41:20.943000,0 days 01:42:00.496000,0 days 01:42:32.725000,207.0,186.0,210.0,298.0,False,SOFT,1.0,True,Toro Rosso,0 days 01:40:33.496000,,1,13.0,,,False,False,2019,19
0 days 01:20:06.088000,HUL,27,0 days 00:01:46.077000,27.0,1.0,,0 days 01:20:05.187000,0 days 00:00:28.280000,0 days 00:00:41.717000,0 days 00:00:36.080000,0 days 01:18:48.313000,0 days 01:19:30.030000,0 days 01:20:06.110000,199.0,179.0,,295.0,False,HARD,27.0,True,Renault,0 days 01:18:20.011000,,1,10.0,,,False,False,2019,19
0 days 01:22:07.405000,HUL,27,0 days 00:02:01.317000,28.0,2.0,0 days 01:20:29.539000,,0 days 00:00:48.310000,0 days 00:00:40.079000,0 days 00:00:32.928000,0 days 01:20:54.420000,0 days 01:21:34.499000,0 days 01:22:07.427000,202.0,188.0,211.0,300.0,False,MEDIUM,1.0,True,Renault,0 days 01:20:06.088000,,1,15.0,,,False,False,2019,19
0 days 01:40:31.130000,HUL,27,0 days 00:01:40.137000,39.0,2.0,,0 days 01:40:30.221000,0 days 00:00:27.053000,0 days 00:00:39.939000,0 days 00:00:33.145000,0 days 01:39:18.068000,0 days 01:39:58.007000,0 days 01:40:31.152000,204.0,185.0,,328.0,False,MEDIUM,12.0,True,Renault,0 days 01:38:50.993000,,1,12.0,,,False,False,2019,19
0 days 01:42:29.324000,HUL,27,0 days 00:01:58.194000,40.0,3.0,0 days 01:40:53.912000,,0 days 00:00:46.424000,0 days 00:00:39.568000,0 days 00:00:32.202000,0 days 01:41:17.576000,0 days 01:41:57.144000,0 days 01:42:29.346000,208.0,187.0,209.0,288.0,False,SOFT,1.0,True,Renault,0 days 01:40:31.130000,,1,12.0,,,False,False,2019,19
0 days 01:09:26.664000,RIC,3,0 days 00:01:43.950000,21.0,1.0,,0 days 01:09:25.865000,0 days 00:00:27.839000,0 days 00:00:41.292000,0 days 00:00:34.819000,0 days 01:08:10.569000,0 days 01:08:51.861000,0 days 01:09:26.680000,198.0,182.0,,296.0,False,SOFT,24.0,False,Renault,0 days 01:07:42.714000,,1,4.0,,,False,False,2019,19
0 days 01:11:27.157000,RIC,3,0 days 00:02:00.493000,22.0,2.0,0 days 01:09:49.515000,,0 days 00:00:47.342000,0 days 00:00:39.823000,0 days 00:00:33.328000,0 days 01:10:14.022000,0 days 01:10:53.845000,0 days 01:11:27.173000,214.0,186.0,211.0,302.0,False,HARD,1.0,True,Renault,0 days 01:09:26.664000,,1,7.0,,,False,False,2019,19
0 days 00:55:22.292000,VER,33,0 days 00:01:41.800000,13.0,1.0,,0 days 00:55:21.383000,0 days 00:00:27.459000,0 days 00:00:40.716000,0 days 00:00:33.625000,0 days 00:54:07.957000,0 days 00:54:48.673000,0 days 00:55:22.298000,207.0,178.0,,297.0,False,MEDIUM,16.0,False,Red Bull Racing,0 days 00:53:40.492000,,1,2.0,,,False,False,2019,19
0 days 00:57:21.056000,VER,33,0 days 00:01:58.764000,14.0,2.0,0 days 00:55:45.136000,,0 days 00:00:46.962000,0 days 00:00:39.536000,0 days 00:00:32.266000,0 days 00:56:09.260000,0 days 00:56:48.796000,0 days 00:57:21.062000,221.0,179.0,208.0,286.0,False,HARD,2.0,False,Red Bull Racing,0 days 00:55:22.292000,,1,4.0,,,False,False,2019,19
0 days 01:30:46.523000,VER,33,0 days 00:01:41.491000,34.0,2.0,,0 days 01:30:45.627000,0 days 00:00:27.185000,0 days 00:00:40.424000,0 days 00:00:33.882000,0 days 01:29:32.223000,0 days 01:30:12.647000,0 days 01:30:46.529000,209.0,180.0,,296.0,False,HARD,22.0,False,Red Bull Racing,0 days 01:29:05.032000,,1,2.0,,,False,False,2019,19
0 days 01:32:44.944000,VER,33,0 days 00:01:58.421000,35.0,3.0,0 days 01:31:09.191000,,0 days 00:00:46.488000,0 days 00:00:39.552000,0 days 00:00:32.381000,0 days 01:31:33.017000,0 days 01:32:12.569000,0 days 01:32:44.950000,222.0,182.0,209.0,292.0,False,MEDIUM,1.0,True,Red Bull Racing,0 days 01:30:46.523000,,1,3.0,,,False,False,2019,19
0 days 01:06:04.248000,NOR,4,0 days 00:01:43.932000,19.0,1.0,,0 days 01:06:03.356000,0 days 00:00:28.022000,0 days 00:00:41.263000,0 days 00:00:34.647000,0 days 01:04:48.408000,0 days 01:05:29.671000,0 days 01:06:04.318000,193.0,180.0,,296.0,False,SOFT,22.0,False,McLaren,0 days 01:04:20.316000,,1,6.0,,,False,False,2019,19
0 days 01:08:06.796000,NOR,4,0 days 00:02:02.548000,20.0,2.0,0 days 01:06:28.044000,,0 days 00:00:49.020000,0 days 00:00:40.292000,0 days 00:00:33.236000,0 days 01:06:53.338000,0 days 01:07:33.630000,0 days 01:08:06.866000,204.0,186.0,208.0,295.0,False,HARD,1.0,True,McLaren,0 days 01:06:04.248000,,1,10.0,,,False,False,2019,19
0 days 01:45:18.697000,NOR,4,0 days 00:01:41.685000,42.0,2.0,,0 days 01:45:17.806000,0 days 00:00:27.433000,0 days 00:00:40.458000,0 days 00:00:33.794000,0 days 01:44:04.515000,0 days 01:44:44.973000,0 days 01:45:18.767000,206.0,186.0,,296.0,False,HARD,23.0,True,McLaren,0 days 01:43:37.012000,,1,6.0,,,False,False,2019,19
0 days 01:47:19.354000,NOR,4,0 days 00:02:00.657000,43.0,3.0,0 days 01:45:43.731000,,0 days 00:00:48.869000,0 days 00:00:39.638000,0 days 00:00:32.150000,0 days 01:46:07.636000,0 days 01:46:47.274000,0 days 01:47:19.424000,215.0,187.0,212.0,294.0,False,MEDIUM,1.0,True,McLaren,0 days 01:45:18.697000,,1,10.0,,,False,False,2019,19
0 days 01:13:58.214000,HAM,44,0 days 00:01:43.383000,24.0,1.0,,0 days 01:13:57.286000,0 days 00:00:27.478000,0 days 00:00:41.649000,0 days 00:00:34.256000,0 days 01:12:42.324000,0 days 01:13:23.973000,0 days 01:13:58.229000,205.0,182.0,,298.0,False,MEDIUM,27.0,False,Mercedes,0 days 01:12:14.831000,,1,2.0,,,False,False,2019,19
0 days 01:15:57.502000,HAM,44,0 days 00:01:59.288000,25.0,2.0,0 days 01:14:21.341000,,0 days 00:00:48.023000,0 days 00:00:39.331000,0 days 00:00:31.934000,0 days 01:14:46.252000,0 days 01:15:25.583000,0 days 01:15:57.517000,211.0,189.0,209.0,317.0,False,HARD,1.0,True,Mercedes,0 days 01:13:58.214000,,1,3.0,,,False,False,2019,19
0 days 02:06:26.437000,VET,5,,8.0,1.0,,0 days 02:06:26.469000,0 days 00:00:27.649000,,,0 days 00:45:54.575000,,,196.0,183.0,,315.0,False,MEDIUM,11.0,False,Ferrari,0 days 00:45:26.880000,,12,20.0,,,False,False,2019,19
0 days 01:04:28.212000,SAI,55,0 days 00:01:43.713000,18.0,1.0,,0 days 01:04:27.474000,0 days 00:00:27.924000,0 days 00:00:41.094000,0 days 00:00:34.695000,0 days 01:03:12.492000,0 days 01:03:53.586000,0 days 01:04:28.281000,196.0,180.0,,297.0,False,SOFT,21.0,False,McLaren,0 days 01:02:44.499000,,1,8.0,,,False,False,2019,19
0 days 01:06:29.032000,SAI,55,0 days 00:02:00.820000,19.0,2.0,0 days 01:04:52.083000,,0 days 00:00:48.134000,0 days 00:00:39.676000,0 days 00:00:33.010000,0 days 01:05:16.415000,0 days 01:05:56.091000,0 days 01:06:29.101000,211.0,186.0,208.0,295.0,False,HARD,1.0,True,McLaren,0 days 01:04:28.212000,,1,12.0,,,False,False,2019,19
0 days 01:13:47.718000,RUS,63,0 days 00:01:45.801000,23.0,1.0,,0 days 01:13:46.815000,0 days 00:00:28.519000,0 days 00:00:42.186000,0 days 00:00:35.096000,0 days 01:12:30.449000,0 days 01:13:12.635000,0 days 01:13:47.731000,192.0,177.0,,293.0,False,MEDIUM,23.0,True,Williams,0 days 01:12:01.917000,,1,18.0,,,False,False,2019,19
0 days 01:15:49.598000,RUS,63,0 days 00:02:01.880000,24.0,2.0,0 days 01:14:10.550000,,0 days 00:00:47.828000,0 days 00:00:40.665000,0 days 00:00:33.387000,0 days 01:14:35.559000,0 days 01:15:16.224000,0 days 01:15:49.611000,210.0,183.0,207.0,291.0,False,HARD,1.0,True,Williams,0 days 01:13:47.718000,,1,18.0,,,False,False,2019,19
0 days 01:53:30.653000,RUS,63,0 days 00:01:44.238000,46.0,2.0,,0 days 01:53:29.778000,0 days 00:00:28.236000,0 days 00:00:41.362000,0 days 00:00:34.640000,0 days 01:52:14.664000,0 days 01:52:56.026000,0 days 01:53:30.666000,194.0,177.0,,288.0,False,HARD,23.0,True,Williams,0 days 01:51:46.415000,,1,18.0,,,False,False,2019,19
0 days 01:55:36.832000,RUS,63,0 days 00:02:06.179000,47.0,3.0,0 days 01:53:58.505000,,0 days 00:00:53.016000,0 days 00:00:40.408000,0 days 00:00:32.755000,0 days 01:54:23.682000,0 days 01:55:04.090000,0 days 01:55:36.845000,204.0,185.0,207.0,292.0,False,SOFT,1.0,True,Williams,0 days 01:53:30.653000,,1,18.0,,,False,False,2019,19
0 days 01:04:30.722000,RAI,7,0 days 00:01:43.841000,18.0,1.0,,0 days 01:04:29.832000,0 days 00:00:28.076000,0 days 00:00:41.258000,0 days 00:00:34.507000,0 days 01:03:15.018000,0 days 01:03:56.276000,0 days 01:04:30.783000,196.0,182.0,,294.0,False,SOFT,18.0,True,Alfa Romeo Racing,0 days 01:02:46.881000,,1,9.0,,,False,False,2019,19
0 days 01:06:31.685000,RAI,7,0 days 00:02:00.963000,19.0,2.0,0 days 01:04:54.380000,,0 days 00:00:48.037000,0 days 00:00:40.194000,0 days 00:00:32.732000,0 days 01:05:18.820000,0 days 01:05:59.014000,0 days 01:06:31.746000,215.0,184.0,203.0,290.0,False,HARD,1.0,True,Alfa Romeo Racing,0 days 01:04:30.722000,,1,14.0,,,False,False,2019,19
0 days 01:42:08.654000,RAI,7,0 days 00:01:43.467000,40.0,2.0,,0 days 01:42:07.761000,0 days 00:00:27.514000,0 days 00:00:41.653000,0 days 00:00:34.300000,0 days 01:40:52.762000,0 days 01:41:34.415000,0 days 01:42:08.715000,212.0,177.0,,296.0,False,HARD,22.0,True,Alfa Romeo Racing,0 days 01:40:25.187000,,1,11.0,,,False,False,2019,19
0 days 01:44:08.251000,RAI,7,0 days 00:01:59.597000,41.0,3.0,0 days 01:42:32.467000,,0 days 00:00:47.399000,0 days 00:00:39.711000,0 days 00:00:32.487000,0 days 01:42:56.114000,0 days 01:43:35.825000,0 days 01:44:08.312000,216.0,185.0,205.0,290.0,False,SOFT,1.0,True,Alfa Romeo Racing,0 days 01:42:08.654000,,1,11.0,,,False,False,2019,19
0 days 00:56:59.566000,BOT,77,0 days 00:01:41.054000,14.0,1.0,,0 days 00:56:58.610000,0 days 00:00:27.283000,0 days 00:00:40.545000,0 days 00:00:33.226000,0 days 00:55:45.822000,0 days 00:56:26.367000,0 days 00:56:59.593000,211.0,188.0,,299.0,False,MEDIUM,17.0,False,Mercedes,0 days 00:55:18.512000,,1,1.0,,,False,False,2019,19
0 days 00:58:58.804000,BOT,77,0 days 00:01:59.238000,15.0,2.0,0 days 00:57:22.800000,,0 days 00:00:47.628000,0 days 00:00:39.067000,0 days 00:00:32.543000,0 days 00:57:47.221000,0 days 00:58:26.288000,0 days 00:58:58.831000,226.0,190.0,211.0,299.0,False,HARD,1.0,True,Mercedes,0 days 00:56:59.566000,,1,3.0,,,False,False,2019,19
0 days 01:32:19.473000,BOT,77,0 days 00:01:40.319000,35.0,2.0,,0 days 01:32:18.573000,0 days 00:00:26.978000,0 days 00:00:40.191000,0 days 00:00:33.150000,0 days 01:31:06.159000,0 days 01:31:46.350000,0 days 01:32:19.500000,212.0,188.0,,294.0,False,HARD,21.0,True,Mercedes,0 days 01:30:39.154000,,1,1.0,,,False,False,2019,19
0 days 01:34:18.741000,BOT,77,0 days 00:01:59.268000,36.0,3.0,0 days 01:32:42.503000,,0 days 00:00:47.346000,0 days 00:00:39.789000,0 days 00:00:32.133000,0 days 01:33:06.846000,0 days 01:33:46.635000,0 days 01:34:18.768000,216.0,189.0,213.0,296.0,False,MEDIUM,1.0,True,Mercedes,0 days 01:32:19.473000,,1,2.0,,,False,False,2019,19
0 days 01:15:20.257000,GRO,8,0 days 00:01:47.845000,24.0,1.0,,0 days 01:15:19.307000,0 days 00:00:29.334000,0 days 00:00:43.046000,0 days 00:00:35.465000,0 days 01:14:01.789000,0 days 01:14:44.835000,0 days 01:15:20.300000,199.0,181.0,,289.0,False,MEDIUM,24.0,True,Haas F1 Team,0 days 01:13:32.412000,,1,16.0,,,False,False,2019,19
0 days 01:17:25.513000,GRO,8,0 days 00:02:05.256000,25.0,2.0,0 days 01:15:43.965000,,0 days 00:00:50.339000,0 days 00:00:41.443000,0 days 00:00:33.474000,0 days 01:16:10.639000,0 days 01:16:52.082000,0 days 01:17:25.556000,204.0,184.0,203.0,284.0,False,HARD,2.0,False,Haas F1 Team,0 days 01:15:20.257000,,1,17.0,,,False,False,2019,19
0 days 00:52:55.251000,KUB,88,0 days 00:01:46.476000,11.0,1.0,,0 days 00:52:54.370000,0 days 00:00:28.725000,0 days 00:00:42.631000,0 days 00:00:35.120000,0 days 00:51:37.514000,0 days 00:52:20.145000,0 days 00:52:55.265000,200.0,176.0,,283.0,False,MEDIUM,11.0,True,Williams,0 days 00:51:08.775000,,1,18.0,,,False,False,2019,19
0 days 00:55:01.019000,KUB,88,0 days 00:02:05.768000,12.0,2.0,0 days 00:53:18.447000,,0 days 00:00:48.989000,0 days 00:00:42.096000,0 days 00:00:34.683000,0 days 00:53:44.254000,0 days 00:54:26.350000,0 days 00:55:01.033000,210.0,176.0,200.0,289.0,False,HARD,1.0,True,Williams,0 days 00:52:55.251000,,1,19.0,,,False,False,2019,19
0 days 01:28:19.839000,KUB,88,0 days 00:01:49.923000,31.0,2.0,,0 days 01:28:18.940000,0 days 00:00:28.223000,0 days 00:00:42.953000,0 days 00:00:38.747000,0 days 01:26:58.153000,0 days 01:27:41.106000,0 days 01:28:19.853000,208.0,147.0,,254.0,False,HARD,20.0,True,Williams,0 days 01:26:29.916000,,1,19.0,,,False,False,2019,19
0 days 01:03:06.217000,GIO,99,0 days 00:01:45.183000,17.0,1.0,,0 days 01:03:05.325000,0 days 00:00:28.540000,0 days 00:00:41.645000,0 days 00:00:34.998000,0 days 01:01:49.612000,0 days 01:02:31.257000,0 days 01:03:06.255000,189.0,183.0,,294.0,False,MEDIUM,17.0,True,Alfa Romeo Racing,0 days 01:01:21.034000,,1,16.0,,,False,False,2019,19
0 days 01:05:09.016000,GIO,99,0 days 00:02:02.799000,18.0,2.0,0 days 01:03:30.562000,,0 days 00:00:49.496000,0 days 00:00:40.384000,0 days 00:00:32.919000,0 days 01:03:55.751000,0 days 01:04:36.135000,0 days 01:05:09.054000,203.0,186.0,206.0,294.0,False,HARD,1.0,True,Alfa Romeo Racing,0 days 01:03:06.217000,,1,18.0,,,False,False,2019,19
0 days 01:40:58.592000,GIO,99,0 days 00:01:43.330000,39.0,2.0,,0 days 01:40:57.695000,0 days 00:00:27.831000,0 days 00:00:41.099000,0 days 00:00:34.400000,0 days 01:39:43.131000,0 days 01:40:24.230000,0 days 01:40:58.630000,200.0,187.0,,296.0,False,HARD,22.0,True,Alfa Romeo Racing,0 days 01:39:15.262000,,1,16.0,,,False,False,2019,19
0 days 01:42:57.967000,GIO,99,0 days 00:01:59.375000,40.0,3.0,0 days 01:41:21.897000,,0 days 00:00:47.404000,0 days 00:00:39.317000,0 days 00:00:32.654000,0 days 01:41:46.034000,0 days 01:42:25.351000,0 days 01:42:58.005000,211.0,188.0,211.0,305.0,False,SOFT,1.0,True,Alfa Romeo Racing,0 days 01:40:58.592000,,1,16.0,,,False,False,2019,19
0 days 01:00:36.461000,GAS,10,0 days 00:01:18.958000,22.0,1.0,,0 days 01:00:33.726000,0 days 00:00:19.242000,0 days 00:00:38.910000,0 days 00:00:20.806000,0 days 00:59:36.835000,0 days 01:00:15.745000,0 days 01:00:36.551000,308.0,250.0,,296.0,False,SOFT,25.0,True,Toro Rosso,0 days 00:59:17.503000,,1,7.0,,,False,False,2019,20
0 days 01:02:07.968000,GAS,10,0 days 00:01:31.507000,23.0,2.0,0 days 01:00:56.637000,,0 days 00:00:36.086000,0 days 00:00:38.755000,0 days 00:00:16.666000,0 days 01:01:12.637000,0 days 01:01:51.392000,0 days 01:02:08.058000,304.0,252.0,323.0,296.0,False,MEDIUM,1.0,True,Toro Rosso,0 days 01:00:36.461000,,1,12.0,,,False,False,2019,20
0 days 01:31:45.855000,GAS,10,0 days 00:01:18.104000,47.0,2.0,,0 days 01:31:43.154000,0 days 00:00:18.972000,0 days 00:00:38.409000,0 days 00:00:20.723000,0 days 01:30:46.813000,0 days 01:31:25.222000,0 days 01:31:45.945000,307.0,250.0,,302.0,False,MEDIUM,25.0,True,Toro Rosso,0 days 01:30:27.751000,,1,7.0,,,False,False,2019,20
0 days 01:33:17.423000,GAS,10,0 days 00:01:31.568000,48.0,3.0,0 days 01:32:06.713000,,0 days 00:00:36.795000,0 days 00:00:38.004000,0 days 00:00:16.769000,0 days 01:32:22.740000,0 days 01:33:00.744000,0 days 01:33:17.513000,303.0,255.0,309.0,302.0,False,SOFT,3.0,True,Toro Rosso,0 days 01:31:45.855000,,1,8.0,,,False,False,2019,20
0 days 00:54:35.023000,PER,11,0 days 00:01:18.913000,17.0,1.0,,0 days 00:54:32.313000,0 days 00:00:19.116000,0 days 00:00:38.753000,0 days 00:00:21.044000,0 days 00:53:35.334000,0 days 00:54:14.087000,0 days 00:54:35.131000,308.0,249.0,,309.0,False,SOFT,17.0,True,Racing Point,0 days 00:53:16.110000,,1,16.0,,,False,False,2019,20
0 days 00:56:06.263000,PER,11,0 days 00:01:31.240000,18.0,2.0,0 days 00:54:55.386000,,0 days 00:00:36.309000,0 days 00:00:37.883000,0 days 00:00:17.048000,0 days 00:55:11.440000,0 days 00:55:49.323000,0 days 00:56:06.371000,299.0,255.0,304.0,309.0,False,MEDIUM,1.0,True,Racing Point,0 days 00:54:35.023000,,1,17.0,,,False,False,2019,20
0 days 01:29:32.130000,PER,11,0 days 00:01:17.620000,45.0,2.0,,0 days 01:29:29.399000,0 days 00:00:18.976000,0 days 00:00:37.933000,0 days 00:00:20.711000,0 days 01:28:33.594000,0 days 01:29:11.527000,0 days 01:29:32.238000,306.0,255.0,,299.0,False,MEDIUM,28.0,True,Racing Point,0 days 01:28:14.510000,,1,10.0,,,False,False,2019,20
0 days 01:31:02.844000,PER,11,0 days 00:01:30.714000,46.0,3.0,0 days 01:29:52.546000,,0 days 00:00:36.403000,0 days 00:00:37.571000,0 days 00:00:16.740000,0 days 01:30:08.641000,0 days 01:30:46.212000,0 days 01:31:02.952000,302.0,253.0,305.0,299.0,False,SOFT,4.0,True,Racing Point,0 days 01:29:32.130000,,1,15.0,,,False,False,2019,20
0 days 01:09:11.782000,LEC,16,0 days 00:01:19.297000,29.0,1.0,,0 days 01:09:08.942000,0 days 00:00:19.288000,0 days 00:00:39.480000,0 days 00:00:20.529000,0 days 01:08:11.817000,0 days 01:08:51.297000,0 days 01:09:11.826000,326.0,252.0,,307.0,False,MEDIUM,32.0,True,Ferrari,0 days 01:07:52.485000,,1,4.0,,,False,False,2019,20
0 days 01:10:44.115000,LEC,16,0 days 00:01:32.333000,30.0,2.0,0 days 01:09:31.874000,,0 days 00:00:37.681000,0 days 00:00:37.930000,0 days 00:00:16.722000,0 days 01:09:49.507000,0 days 01:10:27.437000,0 days 01:10:44.159000,301.0,252.0,304.0,307.0,False,HARD,1.0,True,Ferrari,0 days 01:09:11.782000,,1,6.0,,,False,False,2019,20
0 days 01:40:31.725000,LEC,16,0 days 00:01:43.689000,54.0,2.0,,0 days 01:40:28.894000,0 days 00:00:27.707000,0 days 00:00:49.819000,0 days 00:00:26.163000,0 days 01:39:15.787000,0 days 01:40:05.606000,0 days 01:40:31.769000,179.0,157.0,,171.0,False,HARD,25.0,True,Ferrari,0 days 01:38:48.036000,,4,4.0,,,False,False,2019,20
0 days 01:42:13.542000,LEC,16,0 days 00:01:41.817000,55.0,3.0,0 days 01:40:51.958000,,0 days 00:00:37.498000,0 days 00:00:46.165000,0 days 00:00:18.154000,0 days 01:41:09.267000,0 days 01:41:55.432000,0 days 01:42:13.586000,276.0,237.0,271.0,171.0,False,SOFT,1.0,True,Ferrari,0 days 01:40:31.725000,,4,5.0,,,False,False,2019,20
0 days 01:08:25.111000,STR,18,0 days 00:01:19.280000,28.0,1.0,,0 days 01:08:22.214000,0 days 00:00:19.315000,0 days 00:00:39.151000,0 days 00:00:20.814000,0 days 01:07:25.146000,0 days 01:08:04.297000,0 days 01:08:25.111000,307.0,248.0,,311.0,False,SOFT,28.0,True,Racing Point,0 days 01:07:05.831000,,1,11.0,,,False,False,2019,20
0 days 01:09:56.706000,STR,18,0 days 00:01:31.595000,29.0,2.0,0 days 01:08:45.590000,,0 days 00:00:36.606000,0 days 00:00:38.058000,0 days 00:00:16.931000,0 days 01:09:01.717000,0 days 01:09:39.775000,0 days 01:09:56.706000,303.0,249.0,308.0,311.0,False,MEDIUM,1.0,True,Racing Point,0 days 01:08:25.111000,,1,16.0,,,False,False,2019,20
0 days 01:39:59.507000,STR,18,0 days 00:01:36.960000,53.0,2.0,,0 days 01:39:56.645000,0 days 00:00:18.925000,0 days 00:00:51.581000,0 days 00:00:26.454000,0 days 01:38:41.472000,0 days 01:39:33.053000,0 days 01:39:59.507000,312.0,150.0,,304.0,False,MEDIUM,25.0,True,Racing Point,0 days 01:38:22.547000,,24,13.0,,,False,False,2019,20
0 days 01:41:52.323000,STR,18,0 days 00:01:52.816000,54.0,3.0,0 days 01:40:21.520000,,0 days 00:00:38.839000,0 days 00:00:49.663000,0 days 00:00:24.314000,0 days 01:40:38.346000,0 days 01:41:28.009000,0 days 01:41:52.323000,172.0,192.0,223.0,304.0,False,SOFT,1.0,True,Racing Point,0 days 01:39:59.507000,,4,15.0,,,False,False,2019,20
0 days 01:07:24.430000,MAG,20,0 days 00:01:19.824000,27.0,1.0,,0 days 01:07:21.694000,0 days 00:00:19.327000,0 days 00:00:38.901000,0 days 00:00:21.596000,0 days 01:06:24.065000,0 days 01:07:02.966000,0 days 01:07:24.562000,304.0,247.0,,289.0,False,SOFT,30.0,True,Haas F1 Team,0 days 01:06:04.606000,,1,18.0,,,False,False,2019,20
0 days 01:08:56.690000,MAG,20,0 days 00:01:32.260000,28.0,2.0,0 days 01:07:45.613000,,0 days 00:00:37.494000,0 days 00:00:37.782000,0 days 00:00:16.984000,0 days 01:08:02.056000,0 days 01:08:39.838000,0 days 01:08:56.822000,295.0,246.0,299.0,289.0,False,MEDIUM,1.0,True,Haas F1 Team,0 days 01:07:24.430000,,1,18.0,,,False,False,2019,20
0 days 01:40:16.222000,MAG,20,0 days 00:01:42.246000,53.0,2.0,,0 days 01:40:13.503000,0 days 00:00:26.757000,0 days 00:00:48.901000,0 days 00:00:26.588000,0 days 01:39:00.865000,0 days 01:39:49.766000,0 days 01:40:16.354000,197.0,177.0,,287.0,False,MEDIUM,26.0,True,Haas F1 Team,0 days 01:38:33.976000,,24,16.0,,,False,False,2019,20
0 days 01:42:07.828000,MAG,20,0 days 00:01:51.606000,54.0,3.0,0 days 01:40:36.971000,,0 days 00:00:37.002000,0 days 00:00:51.049000,0 days 00:00:23.555000,0 days 01:40:53.356000,0 days 01:41:44.405000,0 days 01:42:07.960000,229.0,166.0,274.0,287.0,False,SOFT,4.0,True,Haas F1 Team,0 days 01:40:16.222000,,4,16.0,,,False,False,2019,20
0 days 01:02:55.258000,ALB,23,0 days 00:01:20.012000,24.0,1.0,,0 days 01:02:52.562000,0 days 00:00:19.284000,0 days 00:00:39.394000,0 days 00:00:21.334000,0 days 01:01:54.629000,0 days 01:02:34.023000,0 days 01:02:55.357000,327.0,252.0,,308.0,False,SOFT,27.0,True,Red Bull Racing,0 days 01:01:35.246000,,1,6.0,,,False,False,2019,20
0 days 01:04:27.418000,ALB,23,0 days 00:01:32.160000,25.0,2.0,0 days 01:03:15.616000,,0 days 00:00:36.742000,0 days 00:00:38.590000,0 days 00:00:16.828000,0 days 01:03:32.099000,0 days 01:04:10.689000,0 days 01:04:27.517000,304.0,252.0,320.0,308.0,False,MEDIUM,1.0,True,Red Bull Racing,0 days 01:02:55.258000,,1,6.0,,,False,False,2019,20
0 days 01:34:57.177000,ALB,23,0 days 00:01:18.604000,50.0,2.0,,0 days 01:34:54.482000,0 days 00:00:19.132000,0 days 00:00:38.789000,0 days 00:00:20.683000,0 days 01:33:57.804000,0 days 01:34:36.593000,0 days 01:34:57.276000,329.0,255.0,,304.0,False,MEDIUM,26.0,True,Red Bull Racing,0 days 01:33:38.573000,,1,4.0,,,False,False,2019,20
0 days 01:36:27.302000,ALB,23,0 days 00:01:30.125000,51.0,3.0,0 days 01:35:17.516000,,0 days 00:00:36.354000,0 days 00:00:37.085000,0 days 00:00:16.686000,0 days 01:35:33.630000,0 days 01:36:10.715000,0 days 01:36:27.401000,301.0,259.0,306.0,304.0,False,SOFT,4.0,True,Red Bull Racing,0 days 01:34:57.177000,,1,6.0,,,False,False,2019,20
0 days 01:02:11.381000,KVY,26,0 days 00:01:19.530000,23.0,1.0,,0 days 01:02:08.668000,0 days 00:00:19.309000,0 days 00:00:39.429000,0 days 00:00:20.792000,0 days 01:01:11.242000,0 days 01:01:50.671000,0 days 01:02:11.463000,309.0,252.0,,302.0,False,MEDIUM,23.0,True,Toro Rosso,0 days 01:00:51.851000,,1,13.0,,,False,False,2019,20
0 days 01:03:41.698000,KVY,26,0 days 00:01:30.317000,24.0,2.0,0 days 01:02:31.370000,,0 days 00:00:36.157000,0 days 00:00:37.340000,0 days 00:00:16.820000,0 days 01:02:47.620000,0 days 01:03:24.960000,0 days 01:03:41.780000,303.0,255.0,304.0,302.0,False,SOFT,1.0,True,Toro Rosso,0 days 01:02:11.381000,,1,18.0,,,False,False,2019,20
0 days 01:30:55.053000,KVY,26,0 days 00:01:18.078000,46.0,2.0,,0 days 01:30:52.357000,0 days 00:00:18.669000,0 days 00:00:38.843000,0 days 00:00:20.566000,0 days 01:29:55.726000,0 days 01:30:34.569000,0 days 01:30:55.135000,330.0,252.0,,314.0,False,SOFT,23.0,True,Toro Rosso,0 days 01:29:36.975000,,1,13.0,,,False,False,2019,20
0 days 01:32:25.032000,KVY,26,0 days 00:01:29.979000,47.0,3.0,0 days 01:31:15.728000,,0 days 00:00:36.545000,0 days 00:00:37.077000,0 days 00:00:16.357000,0 days 01:31:31.680000,0 days 01:32:08.757000,0 days 01:32:25.114000,307.0,257.0,329.0,314.0,False,SOFT,1.0,True,Toro Rosso,0 days 01:30:55.053000,,1,17.0,,,False,False,2019,20
0 days 01:07:11.868000,HUL,27,0 days 00:01:19.645000,27.0,1.0,,0 days 01:07:09.140000,0 days 00:00:19.255000,0 days 00:00:39.250000,0 days 00:00:21.140000,0 days 01:06:11.622000,0 days 01:06:50.872000,0 days 01:07:12.012000,309.0,246.0,,305.0,False,MEDIUM,27.0,True,Renault,0 days 01:05:52.223000,,1,13.0,,,False,False,2019,20
0 days 01:08:44.908000,HUL,27,0 days 00:01:33.040000,28.0,2.0,0 days 01:07:32.490000,,0 days 00:00:37.512000,0 days 00:00:38.481000,0 days 00:00:17.047000,0 days 01:07:49.524000,0 days 01:08:28.005000,0 days 01:08:45.052000,300.0,241.0,302.0,305.0,False,HARD,1.0,True,Renault,0 days 01:07:11.868000,,1,17.0,,,False,False,2019,20
0 days 01:28:38.618000,HUL,27,0 days 00:01:18.010000,44.0,2.0,,0 days 01:28:35.903000,0 days 00:00:19.042000,0 days 00:00:38.259000,0 days 00:00:20.709000,0 days 01:27:39.794000,0 days 01:28:18.053000,0 days 01:28:38.762000,300.0,234.0,,299.0,False,HARD,17.0,True,Renault,0 days 01:27:20.608000,,1,16.0,,,False,False,2019,20
0 days 01:30:12.349000,HUL,27,0 days 00:01:33.731000,45.0,3.0,0 days 01:28:59.577000,,0 days 00:00:37.256000,0 days 00:00:39.418000,0 days 00:00:17.057000,0 days 01:29:16.018000,0 days 01:29:55.436000,0 days 01:30:12.493000,296.0,239.0,309.0,299.0,False,SOFT,1.0,True,Renault,0 days 01:28:38.618000,,1,18.0,,,False,False,2019,20
0 days 01:40:33.441000,HUL,27,0 days 00:01:42.810000,53.0,3.0,,0 days 01:40:30.721000,0 days 00:00:27.593000,0 days 00:00:50.154000,0 days 00:00:25.063000,0 days 01:39:18.368000,0 days 01:40:08.522000,0 days 01:40:33.585000,227.0,141.0,,200.0,False,SOFT,9.0,True,Renault,0 days 01:38:50.631000,,4,17.0,,,False,False,2019,20
0 days 01:42:14.463000,HUL,27,0 days 00:01:41.022000,54.0,4.0,0 days 01:40:53.560000,,0 days 00:00:36.362000,0 days 00:00:46.793000,0 days 00:00:17.867000,0 days 01:41:09.947000,0 days 01:41:56.740000,0 days 01:42:14.607000,269.0,226.0,245.0,200.0,False,SOFT,4.0,True,Renault,0 days 01:40:33.441000,,4,17.0,,,False,False,2019,20
0 days 00:43:17.980000,RIC,3,0 days 00:01:20.227000,8.0,1.0,,0 days 00:43:15.107000,0 days 00:00:19.002000,0 days 00:00:40.015000,0 days 00:00:21.210000,0 days 00:42:16.820000,0 days 00:42:56.835000,0 days 00:43:18.045000,336.0,243.0,,326.0,False,MEDIUM,8.0,True,Renault,0 days 00:41:57.753000,,12,17.0,,,False,False,2019,20
0 days 00:44:57.314000,RIC,3,0 days 00:01:39.334000,9.0,2.0,0 days 00:43:45.924000,,0 days 00:00:44.174000,0 days 00:00:38.163000,0 days 00:00:16.997000,0 days 00:44:02.219000,0 days 00:44:40.382000,0 days 00:44:57.379000,296.0,247.0,302.0,326.0,False,SOFT,1.0,True,Renault,0 days 00:43:17.980000,,1,20.0,,,False,False,2019,20
0 days 01:23:23.022000,RIC,3,0 days 00:01:17.636000,40.0,2.0,,0 days 01:23:20.227000,0 days 00:00:18.885000,0 days 00:00:38.256000,0 days 00:00:20.495000,0 days 01:22:24.336000,0 days 01:23:02.592000,0 days 01:23:23.087000,309.0,251.0,,309.0,False,SOFT,32.0,True,Renault,0 days 01:22:05.386000,,1,12.0,,,False,False,2019,20
0 days 01:25:00.769000,RIC,3,0 days 00:01:37.747000,41.0,3.0,0 days 01:23:49.662000,,0 days 00:00:42.832000,0 days 00:00:38.035000,0 days 00:00:16.880000,0 days 01:24:05.919000,0 days 01:24:43.954000,0 days 01:25:00.834000,301.0,253.0,307.0,309.0,False,SOFT,4.0,True,Renault,0 days 01:23:23.022000,,1,18.0,,,False,False,2019,20
0 days 00:58:51.549000,VER,33,0 days 00:01:18.141000,21.0,1.0,,0 days 00:58:50.133000,0 days 00:00:18.788000,0 days 00:00:38.151000,0 days 00:00:21.202000,0 days 00:57:52.327000,0 days 00:58:30.478000,0 days 00:58:51.680000,313.0,250.0,,303.0,False,SOFT,24.0,True,Red Bull Racing,0 days 00:57:33.408000,,1,1.0,,,False,False,2019,20
0 days 01:00:21.677000,VER,33,0 days 00:01:30.128000,22.0,2.0,0 days 00:59:11.624000,,0 days 00:00:36.506000,0 days 00:00:36.904000,0 days 00:00:16.718000,0 days 00:59:28.186000,0 days 01:00:05.090000,0 days 01:00:21.808000,312.0,244.0,330.0,303.0,False,SOFT,1.0,True,Red Bull Racing,0 days 00:58:51.549000,,1,5.0,,,False,False,2019,20
0 days 01:27:06.355000,VER,33,0 days 00:01:16.121000,44.0,2.0,,0 days 01:27:03.882000,0 days 00:00:18.577000,0 days 00:00:37.002000,0 days 00:00:20.542000,0 days 01:26:08.942000,0 days 01:26:45.944000,0 days 01:27:06.486000,306.0,258.0,,300.0,False,SOFT,23.0,True,Red Bull Racing,0 days 01:25:50.234000,,1,1.0,,,False,False,2019,20
0 days 01:28:35.022000,VER,33,0 days 00:01:28.667000,45.0,3.0,0 days 01:27:26.312000,,0 days 00:00:36.099000,0 days 00:00:36.303000,0 days 00:00:16.265000,0 days 01:27:42.585000,0 days 01:28:18.888000,0 days 01:28:35.153000,306.0,257.0,323.0,300.0,False,MEDIUM,1.0,True,Red Bull Racing,0 days 01:27:06.355000,,1,2.0,,,False,False,2019,20
0 days 01:39:38.046000,VER,33,0 days 00:01:29.403000,54.0,3.0,,0 days 01:39:35.545000,0 days 00:00:18.682000,0 days 00:00:45.518000,0 days 00:00:25.203000,0 days 01:38:27.456000,0 days 01:39:12.974000,0 days 01:39:38.177000,287.0,184.0,,299.0,False,MEDIUM,10.0,True,Red Bull Racing,0 days 01:38:08.643000,,24,2.0,,,False,False,2019,20
0 days 01:41:30.314000,VER,33,0 days 00:01:52.268000,55.0,4.0,0 days 01:39:57.924000,,0 days 00:00:36.961000,0 days 00:00:50.379000,0 days 00:00:24.928000,0 days 01:40:15.138000,0 days 01:41:05.517000,0 days 01:41:30.445000,181.0,232.0,200.0,299.0,False,SOFT,4.0,True,Red Bull Racing,0 days 01:39:38.046000,,4,2.0,,,False,False,2019,20
0 days 01:07:03.313000,NOR,4,0 days 00:01:18.792000,27.0,1.0,,0 days 01:07:00.498000,0 days 00:00:19.032000,0 days 00:00:38.885000,0 days 00:00:20.875000,0 days 01:06:03.696000,0 days 01:06:42.581000,0 days 01:07:03.456000,303.0,246.0,,302.0,False,SOFT,27.0,True,McLaren,0 days 01:05:44.521000,,1,8.0,,,False,False,2019,20
0 days 01:08:35.341000,NOR,4,0 days 00:01:32.028000,28.0,2.0,0 days 01:07:23.989000,,0 days 00:00:37.024000,0 days 00:00:38.343000,0 days 00:00:16.661000,0 days 01:07:40.480000,0 days 01:08:18.823000,0 days 01:08:35.484000,303.0,258.0,308.0,302.0,False,HARD,1.0,True,McLaren,0 days 01:07:03.313000,,1,15.0,,,False,False,2019,20
0 days 01:39:57.707000,NOR,4,0 days 00:01:36.370000,53.0,2.0,,0 days 01:39:54.983000,0 days 00:00:19.040000,0 days 00:00:51.307000,0 days 00:00:26.023000,0 days 01:38:40.520000,0 days 01:39:31.827000,0 days 01:39:57.850000,290.0,158.0,,305.0,False,HARD,26.0,True,McLaren,0 days 01:38:21.337000,,24,11.0,,,False,False,2019,20
0 days 01:41:50.629000,NOR,4,0 days 00:01:52.922000,54.0,3.0,0 days 01:40:18.339000,,0 days 00:00:39.339000,0 days 00:00:49.759000,0 days 00:00:23.824000,0 days 01:40:37.189000,0 days 01:41:26.948000,0 days 01:41:50.772000,127.0,180.0,207.0,305.0,False,MEDIUM,1.0,True,McLaren,0 days 01:39:57.707000,,4,14.0,,,False,False,2019,20
0 days 00:57:39,HAM,44,0 days 00:01:17.566000,20.0,1.0,,0 days 00:57:36.243000,0 days 00:00:18.831000,0 days 00:00:37.935000,0 days 00:00:20.800000,0 days 00:56:40.409000,0 days 00:57:18.344000,0 days 00:57:39.144000,306.0,256.0,,296.0,False,SOFT,23.0,True,Mercedes,0 days 00:56:21.434000,,1,2.0,,,False,False,2019,20
0 days 00:59:07.757000,HAM,44,0 days 00:01:28.757000,21.0,2.0,0 days 00:57:59.130000,,0 days 00:00:35.989000,0 days 00:00:36.401000,0 days 00:00:16.367000,0 days 00:58:15.133000,0 days 00:58:51.534000,0 days 00:59:07.901000,300.0,263.0,324.0,296.0,False,SOFT,3.0,True,Mercedes,0 days 00:57:39,,1,6.0,,,False,False,2019,20
0 days 01:25:56.489000,HAM,44,0 days 00:01:16.098000,43.0,2.0,,0 days 01:25:54.346000,0 days 00:00:18.414000,0 days 00:00:37.439000,0 days 00:00:20.245000,0 days 01:24:58.949000,0 days 01:25:36.388000,0 days 01:25:56.633000,325.0,258.0,,321.0,False,SOFT,25.0,True,Mercedes,0 days 01:24:40.391000,,1,2.0,,,False,False,2019,20
0 days 01:27:25.470000,HAM,44,0 days 00:01:28.981000,44.0,3.0,0 days 01:26:16.869000,,0 days 00:00:36.353000,0 days 00:00:36.225000,0 days 00:00:16.403000,0 days 01:26:32.986000,0 days 01:27:09.211000,0 days 01:27:25.614000,299.0,255.0,302.0,321.0,False,MEDIUM,1.0,True,Mercedes,0 days 01:25:56.489000,,1,3.0,,,False,False,2019,20
0 days 01:57:48.459000,HAM,44,0 days 00:01:26.082000,66.0,3.0,,0 days 01:57:45.705000,0 days 00:00:18.448000,0 days 00:00:36.299000,0 days 00:00:31.335000,0 days 01:56:40.969000,0 days 01:57:17.268000,0 days 01:57:48.603000,305.0,259.0,,296.0,False,MEDIUM,23.0,True,Mercedes,0 days 01:56:22.377000,,14,3.0,,,False,False,2019,20
0 days 01:59:40.042000,HAM,44,0 days 00:01:51.583000,67.0,4.0,0 days 01:58:08.816000,,0 days 00:00:36.562000,0 days 00:00:52.131000,0 days 00:00:22.890000,0 days 01:58:25.165000,0 days 01:59:17.296000,0 days 01:59:40.186000,296.0,105.0,222.0,296.0,False,SOFT,4.0,True,Mercedes,0 days 01:57:48.459000,,4,4.0,,,False,False,2019,20
0 days 01:03:56.809000,VET,5,0 days 00:01:18.591000,25.0,1.0,,0 days 01:03:54.100000,0 days 00:00:18.915000,0 days 00:00:38.505000,0 days 00:00:21.171000,0 days 01:02:57.271000,0 days 01:03:35.776000,0 days 01:03:56.947000,308.0,255.0,,305.0,False,SOFT,28.0,True,Ferrari,0 days 01:02:38.218000,,1,1.0,,,False,False,2019,20
0 days 01:05:27.157000,VET,5,0 days 00:01:30.348000,26.0,2.0,0 days 01:04:17.411000,,0 days 00:00:36.422000,0 days 00:00:37.397000,0 days 00:00:16.529000,0 days 01:04:33.369000,0 days 01:05:10.766000,0 days 01:05:27.295000,300.0,259.0,331.0,305.0,False,MEDIUM,1.0,True,Ferrari,0 days 01:03:56.809000,,1,5.0,,,False,False,2019,20
0 days 01:33:24.545000,VET,5,0 days 00:01:17.471000,49.0,2.0,,0 days 01:33:21.810000,0 days 00:00:18.702000,0 days 00:00:38.123000,0 days 00:00:20.646000,0 days 01:32:25.914000,0 days 01:33:04.037000,0 days 01:33:24.683000,314.0,262.0,,310.0,False,MEDIUM,24.0,True,Ferrari,0 days 01:32:07.074000,,1,3.0,,,False,False,2019,20
0 days 01:34:54.412000,VET,5,0 days 00:01:29.867000,50.0,3.0,0 days 01:33:45.058000,,0 days 00:00:36.199000,0 days 00:00:37.184000,0 days 00:00:16.484000,0 days 01:34:00.882000,0 days 01:34:38.066000,0 days 01:34:54.550000,304.0,258.0,309.0,310.0,False,SOFT,3.0,True,Ferrari,0 days 01:33:24.545000,,1,3.0,,,False,False,2019,20
0 days 01:09:35.520000,SAI,55,0 days 00:01:18.997000,29.0,1.0,,0 days 01:09:33.796000,0 days 00:00:19.036000,0 days 00:00:39.062000,0 days 00:00:20.899000,0 days 01:08:35.711000,0 days 01:09:14.773000,0 days 01:09:35.672000,308.0,246.0,,306.0,False,SOFT,29.0,True,McLaren,0 days 01:08:16.523000,,1,8.0,,,False,False,2019,20
0 days 01:11:07.033000,SAI,55,0 days 00:01:31.513000,30.0,2.0,0 days 01:09:55.583000,,0 days 00:00:36.473000,0 days 00:00:38.192000,0 days 00:00:16.848000,0 days 01:10:12.145000,0 days 01:10:50.337000,0 days 01:11:07.185000,305.0,249.0,309.0,306.0,False,MEDIUM,1.0,True,McLaren,0 days 01:09:35.520000,,1,15.0,,,False,False,2019,20
0 days 01:02:40.099000,RUS,63,0 days 00:01:19.495000,23.0,1.0,,0 days 01:02:37.369000,0 days 00:00:19.289000,0 days 00:00:39.363000,0 days 00:00:20.843000,0 days 01:01:40.014000,0 days 01:02:19.377000,0 days 01:02:40.220000,304.0,250.0,,302.0,False,MEDIUM,23.0,True,Williams,0 days 01:01:20.604000,,1,19.0,,,False,False,2019,20
0 days 01:04:11.001000,RUS,63,0 days 00:01:30.902000,24.0,2.0,0 days 01:02:59.862000,,0 days 00:00:36.153000,0 days 00:00:37.869000,0 days 00:00:16.880000,0 days 01:03:16.373000,0 days 01:03:54.242000,0 days 01:04:11.122000,302.0,258.0,324.0,302.0,False,MEDIUM,1.0,True,Williams,0 days 01:02:40.099000,,1,20.0,,,False,False,2019,20
0 days 01:42:33.439000,RUS,63,0 days 00:01:19.742000,54.0,2.0,,0 days 01:42:30.721000,0 days 00:00:20.054000,0 days 00:00:39.010000,0 days 00:00:20.678000,0 days 01:41:33.872000,0 days 01:42:12.882000,0 days 01:42:33.560000,300.0,238.0,,273.0,False,MEDIUM,31.0,True,Williams,0 days 01:41:13.697000,,4,18.0,,,False,False,2019,20
0 days 01:44:04.997000,RUS,63,0 days 00:01:31.558000,55.0,3.0,0 days 01:42:53.879000,,0 days 00:00:36.741000,0 days 00:00:38.048000,0 days 00:00:16.769000,0 days 01:43:10.301000,0 days 01:43:48.349000,0 days 01:44:05.118000,279.0,257.0,302.0,273.0,False,SOFT,1.0,True,Williams,0 days 01:42:33.439000,,4,18.0,,,False,False,2019,20
0 days 01:58:19.531000,RUS,63,0 days 00:01:32.111000,66.0,3.0,,0 days 01:58:16.832000,0 days 00:00:18.684000,0 days 00:00:47.803000,0 days 00:00:25.624000,0 days 01:57:06.225000,0 days 01:57:54.028000,0 days 01:58:19.652000,309.0,199.0,,322.0,False,SOFT,12.0,True,Williams,0 days 01:56:47.420000,,14,14.0,,,False,False,2019,20
0 days 02:00:09.959000,RUS,63,0 days 00:01:50.428000,67.0,4.0,0 days 01:58:39.316000,,0 days 00:00:37.318000,0 days 00:00:50.849000,0 days 00:00:22.261000,0 days 01:58:56.970000,0 days 01:59:47.819000,0 days 02:00:10.080000,167.0,215.0,272.0,322.0,False,SOFT,4.0,True,Williams,0 days 01:58:19.531000,,4,14.0,,,False,False,2019,20
0 days 00:59:25.607000,RAI,7,0 days 00:01:19.324000,21.0,1.0,,0 days 00:59:22.884000,0 days 00:00:19.169000,0 days 00:00:38.842000,0 days 00:00:21.313000,0 days 00:58:25.582000,0 days 00:59:04.424000,0 days 00:59:25.737000,304.0,247.0,,301.0,False,SOFT,24.0,True,Alfa Romeo Racing,0 days 00:58:06.283000,,1,9.0,,,False,False,2019,20
0 days 01:00:57.608000,RAI,7,0 days 00:01:32.001000,22.0,2.0,0 days 00:59:46.434000,,0 days 00:00:37.329000,0 days 00:00:37.676000,0 days 00:00:16.996000,0 days 01:00:03.066000,0 days 01:00:40.742000,0 days 01:00:57.738000,300.0,249.0,300.0,301.0,False,MEDIUM,1.0,True,Alfa Romeo Racing,0 days 00:59:25.607000,,1,14.0,,,False,False,2019,20
0 days 01:31:51.131000,RAI,7,0 days 00:01:18.279000,47.0,2.0,,0 days 01:31:48.421000,0 days 00:00:18.978000,0 days 00:00:38.370000,0 days 00:00:20.931000,0 days 01:30:51.960000,0 days 01:31:30.330000,0 days 01:31:51.261000,297.0,251.0,,326.0,False,MEDIUM,26.0,True,Alfa Romeo Racing,0 days 01:30:32.852000,,1,8.0,,,False,False,2019,20
0 days 01:33:23.742000,RAI,7,0 days 00:01:32.611000,48.0,3.0,0 days 01:32:14.618000,,0 days 00:00:37.277000,0 days 00:00:38.672000,0 days 00:00:16.662000,0 days 01:32:28.538000,0 days 01:33:07.210000,0 days 01:33:23.872000,304.0,255.0,322.0,326.0,False,SOFT,4.0,True,Alfa Romeo Racing,0 days 01:31:51.131000,,1,11.0,,,False,False,2019,20
0 days 01:05:16.462000,BOT,77,0 days 00:01:18.124000,26.0,1.0,,0 days 01:05:13.696000,0 days 00:00:18.909000,0 days 00:00:38.188000,0 days 00:00:21.027000,0 days 01:04:17.383000,0 days 01:04:55.571000,0 days 01:05:16.598000,301.0,251.0,,292.0,False,SOFT,29.0,True,Mercedes,0 days 01:03:58.338000,,1,3.0,,,False,False,2019,20
0 days 01:06:48.152000,BOT,77,0 days 00:01:31.690000,27.0,2.0,0 days 01:05:36.795000,,0 days 00:00:36.996000,0 days 00:00:37.805000,0 days 00:00:16.889000,0 days 01:05:53.594000,0 days 01:06:31.399000,0 days 01:06:48.288000,298.0,252.0,302.0,292.0,False,HARD,1.0,True,Mercedes,0 days 01:05:16.462000,,1,5.0,,,False,False,2019,20
0 days 01:23:51.441000,BOT,77,0 days 00:01:16.659000,41.0,2.0,,0 days 01:23:48.668000,0 days 00:00:18.706000,0 days 00:00:37.429000,0 days 00:00:20.524000,0 days 01:22:53.624000,0 days 01:23:31.053000,0 days 01:23:51.577000,307.0,255.0,,307.0,False,HARD,15.0,True,Mercedes,0 days 01:22:34.782000,,1,4.0,,,False,False,2019,20
0 days 01:25:21.896000,BOT,77,0 days 00:01:30.455000,42.0,3.0,0 days 01:24:11.838000,,0 days 00:00:36.758000,0 days 00:00:37.044000,0 days 00:00:16.653000,0 days 01:24:28.335000,0 days 01:25:05.379000,0 days 01:25:22.032000,297.0,252.0,302.0,307.0,False,MEDIUM,1.0,True,Mercedes,0 days 01:23:51.441000,,1,6.0,,,False,False,2019,20
0 days 01:05:47.637000,GRO,8,0 days 00:01:20.102000,26.0,1.0,,0 days 01:05:44.917000,0 days 00:00:19.705000,0 days 00:00:39.055000,0 days 00:00:21.342000,0 days 01:04:47.375000,0 days 01:05:26.430000,0 days 01:05:47.772000,316.0,246.0,,294.0,False,SOFT,29.0,True,Haas F1 Team,0 days 01:04:27.535000,,1,9.0,,,False,False,2019,20
0 days 01:07:20.426000,GRO,8,0 days 00:01:32.789000,27.0,2.0,0 days 01:06:08.662000,,0 days 00:00:37.667000,0 days 00:00:38.176000,0 days 00:00:16.946000,0 days 01:06:25.439000,0 days 01:07:03.615000,0 days 01:07:20.561000,299.0,246.0,316.0,294.0,False,MEDIUM,1.0,True,Haas F1 Team,0 days 01:05:47.637000,,1,16.0,,,False,False,2019,20
0 days 01:56:51.311000,GRO,8,0 days 00:01:19.899000,65.0,2.0,,0 days 01:56:49.254000,0 days 00:00:19.585000,0 days 00:00:39.165000,0 days 00:00:21.149000,0 days 01:55:51.132000,0 days 01:56:30.297000,0 days 01:56:51.446000,326.0,251.0,,286.0,False,MEDIUM,39.0,True,Haas F1 Team,0 days 01:55:31.412000,,1,18.0,,,False,False,2019,20
0 days 01:58:45.633000,GRO,8,0 days 00:01:54.322000,66.0,3.0,0 days 01:57:12.094000,,0 days 00:00:37.913000,0 days 00:00:52.459000,0 days 00:00:23.950000,0 days 01:57:29.359000,0 days 01:58:21.818000,0 days 01:58:45.768000,219.0,166.0,236.0,286.0,False,SOFT,3.0,True,Haas F1 Team,0 days 01:56:51.311000,,14,15.0,,,False,False,2019,20
0 days 00:58:50.172000,KUB,88,0 days 00:01:20.836000,20.0,1.0,,0 days 00:58:47.419000,0 days 00:00:19.598000,0 days 00:00:39.841000,0 days 00:00:21.397000,0 days 00:57:49.061000,0 days 00:58:28.902000,0 days 00:58:50.299000,302.0,244.0,,301.0,False,MEDIUM,20.0,True,Williams,0 days 00:57:29.336000,,1,20.0,,,False,False,2019,20
0 days 01:00:24.591000,KUB,88,0 days 00:01:34.419000,21.0,2.0,0 days 00:59:11.365000,,0 days 00:00:37.730000,0 days 00:00:39.501000,0 days 00:00:17.188000,0 days 00:59:28.029000,0 days 01:00:07.530000,0 days 01:00:24.718000,297.0,251.0,306.0,301.0,False,MEDIUM,1.0,True,Williams,0 days 00:58:50.172000,,1,20.0,,,False,False,2019,20
0 days 01:19:32.640000,KUB,88,0 days 00:01:21.298000,36.0,2.0,,0 days 01:19:29.921000,0 days 00:00:19.688000,0 days 00:00:40.470000,0 days 00:00:21.140000,0 days 01:18:31.157000,0 days 01:19:11.627000,0 days 01:19:32.767000,295.0,247.0,,298.0,False,MEDIUM,16.0,True,Williams,0 days 01:18:11.342000,,1,20.0,,,False,False,2019,20
0 days 01:21:14.124000,KUB,88,0 days 00:01:41.484000,37.0,3.0,0 days 01:19:59.273000,,0 days 00:00:43.930000,0 days 00:00:40.354000,0 days 00:00:17.200000,0 days 01:20:16.697000,0 days 01:20:57.051000,0 days 01:21:14.251000,298.0,247.0,305.0,298.0,False,HARD,1.0,True,Williams,0 days 01:19:32.640000,,1,20.0,,,False,False,2019,20
0 days 01:42:18.982000,KUB,88,0 days 00:01:24.157000,53.0,3.0,,0 days 01:42:16.275000,0 days 00:00:21.074000,0 days 00:00:41.818000,0 days 00:00:21.265000,0 days 01:41:16.026000,0 days 01:41:57.844000,0 days 01:42:19.109000,290.0,228.0,,260.0,False,HARD,17.0,True,Williams,0 days 01:40:54.825000,,4,19.0,,,False,False,2019,20
0 days 01:43:56.741000,KUB,88,0 days 00:01:37.759000,54.0,4.0,0 days 01:42:41.201000,,0 days 00:00:39.653000,0 days 00:00:40.814000,0 days 00:00:17.292000,0 days 01:42:58.762000,0 days 01:43:39.576000,0 days 01:43:56.868000,293.0,240.0,302.0,260.0,False,SOFT,1.0,True,Williams,0 days 01:42:18.982000,,4,19.0,,,False,False,2019,20
0 days 02:00:04.890000,KUB,88,0 days 00:01:43.549000,66.0,4.0,,0 days 02:00:02.164000,0 days 00:00:25.758000,0 days 00:00:52.510000,0 days 00:00:25.281000,0 days 01:58:47.226000,0 days 01:59:39.736000,0 days 02:00:05.017000,225.0,179.0,,201.0,False,SOFT,13.0,True,Williams,0 days 01:58:21.341000,,4,16.0,,,False,False,2019,20
0 days 02:01:50.124000,KUB,88,0 days 00:01:45.234000,67.0,5.0,0 days 02:00:25.550000,,0 days 00:00:37.651000,0 days 00:00:40.955000,0 days 00:00:26.628000,0 days 02:00:42.668000,0 days 02:01:23.623000,0 days 02:01:50.251000,291.0,224.0,219.0,201.0,False,SOFT,4.0,True,Williams,0 days 02:00:04.890000,,4,16.0,,,False,False,2019,20
0 days 00:58:15.355000,GIO,99,0 days 00:01:19.326000,20.0,1.0,,0 days 00:58:12.572000,0 days 00:00:19.155000,0 days 00:00:38.890000,0 days 00:00:21.281000,0 days 00:57:15.248000,0 days 00:57:54.138000,0 days 00:58:15.419000,302.0,247.0,,315.0,False,SOFT,20.0,True,Alfa Romeo Racing,0 days 00:56:56.029000,,1,12.0,,,False,False,2019,20
0 days 00:59:46.640000,GIO,99,0 days 00:01:31.285000,21.0,2.0,0 days 00:58:35.707000,,0 days 00:00:36.642000,0 days 00:00:37.827000,0 days 00:00:16.816000,0 days 00:58:52.061000,0 days 00:59:29.888000,0 days 00:59:46.704000,305.0,253.0,305.0,315.0,False,MEDIUM,1.0,True,Alfa Romeo Racing,0 days 00:58:15.355000,,1,16.0,,,False,False,2019,20
0 days 01:30:42.237000,GIO,99,0 days 00:01:18.122000,46.0,2.0,,0 days 01:30:39.509000,0 days 00:00:18.952000,0 days 00:00:38.315000,0 days 00:00:20.855000,0 days 01:29:43.131000,0 days 01:30:21.446000,0 days 01:30:42.301000,307.0,252.0,,303.0,False,MEDIUM,26.0,True,Alfa Romeo Racing,0 days 01:29:24.115000,,1,9.0,,,False,False,2019,20
0 days 01:32:14.235000,GIO,99,0 days 00:01:31.998000,47.0,3.0,0 days 01:31:02.988000,,0 days 00:00:36.773000,0 days 00:00:38.446000,0 days 00:00:16.779000,0 days 01:31:19.074000,0 days 01:31:57.520000,0 days 01:32:14.299000,306.0,255.0,304.0,303.0,False,SOFT,4.0,True,Alfa Romeo Racing,0 days 01:30:42.237000,,1,13.0,,,False,False,2019,20
0 days 01:18:08.046000,HAM,44,0 days 00:01:44.822000,26.0,1.0,,0 days 01:18:06.975000,0 days 00:00:17.827000,0 days 00:00:43.959000,0 days 00:00:43.036000,0 days 01:16:41.064000,0 days 01:17:25.023000,0 days 01:18:08.059000,279.0,295.0,,298.0,False,MEDIUM,29.0,False,Mercedes,0 days 01:16:23.224000,,1,1.0,,,False,False,2019,21
0 days 01:20:10.889000,HAM,44,0 days 00:02:02.843000,27.0,2.0,0 days 01:18:29.142000,,0 days 00:00:39.105000,0 days 00:00:43.653000,0 days 00:00:40.085000,0 days 01:18:47.164000,0 days 01:19:30.817000,0 days 01:20:10.902000,278.0,287.0,220.0,297.0,False,HARD,1.0,True,Mercedes,0 days 01:18:08.046000,,1,1.0,,,False,False,2019,21
0 days 01:16:37.933000,VER,33,0 days 00:01:45.216000,25.0,1.0,,0 days 01:16:36.899000,0 days 00:00:17.932000,0 days 00:00:44.071000,0 days 00:00:43.213000,0 days 01:15:10.654000,0 days 01:15:54.725000,0 days 01:16:37.938000,273.0,288.0,,294.0,False,MEDIUM,28.0,False,Red Bull Racing,0 days 01:14:52.717000,,1,2.0,,,False,False,2019,21
0 days 01:18:40.238000,VER,33,0 days 00:02:02.305000,26.0,2.0,0 days 01:16:57.913000,,0 days 00:00:37.700000,0 days 00:00:43.265000,0 days 00:00:41.340000,0 days 01:17:15.638000,0 days 01:17:58.903000,0 days 01:18:40.243000,273.0,288.0,221.0,291.0,False,HARD,1.0,True,Red Bull Racing,0 days 01:16:37.933000,,1,3.0,,,False,False,2019,21
0 days 00:54:15.597000,LEC,16,0 days 00:01:45.143000,12.0,1.0,,0 days 00:54:14.557000,0 days 00:00:17.811000,0 days 00:00:43.996000,0 days 00:00:43.336000,0 days 00:52:48.276000,0 days 00:53:32.272000,0 days 00:54:15.608000,283.0,298.0,,301.0,False,MEDIUM,15.0,False,Ferrari,0 days 00:52:30.454000,,1,2.0,,,False,False,2019,21
0 days 00:56:19.193000,LEC,16,0 days 00:02:03.596000,13.0,2.0,0 days 00:54:36.266000,,0 days 00:00:38.680000,0 days 00:00:43.545000,0 days 00:00:41.371000,0 days 00:54:54.288000,0 days 00:55:37.833000,0 days 00:56:19.204000,286.0,302.0,217.0,309.0,False,HARD,1.0,True,Ferrari,0 days 00:54:15.597000,,1,4.0,,,False,False,2019,21
0 days 01:39:15.962000,LEC,16,0 days 00:01:44.980000,38.0,2.0,,0 days 01:39:14.919000,0 days 00:00:17.740000,0 days 00:00:44.022000,0 days 00:00:43.218000,0 days 01:37:48.733000,0 days 01:38:32.755000,0 days 01:39:15.973000,283.0,297.0,,300.0,False,HARD,26.0,True,Ferrari,0 days 01:37:30.982000,,1,3.0,,,False,False,2019,21
0 days 01:41:16.765000,LEC,16,0 days 00:02:00.803000,39.0,3.0,0 days 01:39:36.207000,,0 days 00:00:37.659000,0 days 00:00:43.076000,0 days 00:00:40.068000,0 days 01:39:53.632000,0 days 01:40:36.708000,0 days 01:41:16.776000,289.0,298.0,217.0,299.0,False,SOFT,1.0,True,Ferrari,0 days 01:39:15.962000,,1,3.0,,,False,False,2019,21
0 days 01:24:04.176000,BOT,77,0 days 00:01:44.574000,29.0,1.0,,0 days 01:24:03.114000,0 days 00:00:17.838000,0 days 00:00:43.866000,0 days 00:00:42.870000,0 days 01:22:37.451000,0 days 01:23:21.317000,0 days 01:24:04.187000,279.0,293.0,,294.0,False,MEDIUM,32.0,False,Mercedes,0 days 01:22:19.602000,,1,4.0,,,False,False,2019,21
0 days 01:26:05.421000,BOT,77,0 days 00:02:01.245000,30.0,2.0,0 days 01:24:24.256000,,0 days 00:00:37.739000,0 days 00:00:43.112000,0 days 00:00:40.394000,0 days 01:24:41.926000,0 days 01:25:25.038000,0 days 01:26:05.432000,286.0,294.0,224.0,298.0,False,HARD,1.0,True,Mercedes,0 days 01:24:04.176000,,1,6.0,,,False,False,2019,21
0 days 00:54:24.044000,VET,5,0 days 00:01:46.406000,12.0,1.0,,0 days 00:54:23.020000,0 days 00:00:18.053000,0 days 00:00:44.301000,0 days 00:00:44.052000,0 days 00:52:55.696000,0 days 00:53:39.997000,0 days 00:54:24.049000,282.0,299.0,,303.0,False,SOFT,15.0,False,Ferrari,0 days 00:52:37.638000,,1,4.0,,,False,False,2019,21
0 days 00:56:31.351000,VET,5,0 days 00:02:07.307000,13.0,2.0,0 days 00:54:50.837000,,0 days 00:00:42.281000,0 days 00:00:43.815000,0 days 00:00:41.211000,0 days 00:55:06.330000,0 days 00:55:50.145000,0 days 00:56:31.356000,289.0,303.0,217.0,303.0,False,HARD,1.0,True,Ferrari,0 days 00:54:24.044000,,1,7.0,,,False,False,2019,21
0 days 01:39:37.930000,VET,5,0 days 00:01:45.352000,38.0,2.0,,0 days 01:39:36.927000,0 days 00:00:17.795000,0 days 00:00:44.080000,0 days 00:00:43.477000,0 days 01:38:10.378000,0 days 01:38:54.458000,0 days 01:39:37.935000,282.0,296.0,,299.0,False,HARD,26.0,True,Ferrari,0 days 01:37:52.578000,,1,6.0,,,False,False,2019,21
0 days 01:41:40.166000,VET,5,0 days 00:02:02.236000,39.0,3.0,0 days 01:39:58.751000,,0 days 00:00:38.098000,0 days 00:00:43.344000,0 days 00:00:40.794000,0 days 01:40:16.033000,0 days 01:40:59.377000,0 days 01:41:40.171000,286.0,294.0,223.0,304.0,False,MEDIUM,1.0,True,Ferrari,0 days 01:39:37.930000,,1,6.0,,,False,False,2019,21
0 days 00:56:12.345000,ALB,23,0 days 00:01:45.896000,13.0,1.0,,0 days 00:56:11.307000,0 days 00:00:18.057000,0 days 00:00:44.576000,0 days 00:00:43.263000,0 days 00:54:44.513000,0 days 00:55:29.089000,0 days 00:56:12.352000,271.0,286.0,,289.0,False,MEDIUM,16.0,False,Red Bull Racing,0 days 00:54:26.449000,,1,3.0,,,False,False,2019,21
0 days 00:58:16.202000,ALB,23,0 days 00:02:03.857000,14.0,2.0,0 days 00:56:33.363000,,0 days 00:00:38.993000,0 days 00:00:43.822000,0 days 00:00:41.042000,0 days 00:56:51.345000,0 days 00:57:35.167000,0 days 00:58:16.209000,273.0,284.0,215.0,292.0,False,HARD,1.0,True,Red Bull Racing,0 days 00:56:12.345000,,1,7.0,,,False,False,2019,21
0 days 01:38:25.738000,PER,11,0 days 00:01:46.690000,37.0,1.0,,0 days 01:38:24.723000,0 days 00:00:18.115000,0 days 00:00:44.581000,0 days 00:00:43.994000,0 days 01:36:57.166000,0 days 01:37:41.747000,0 days 01:38:25.741000,279.0,295.0,,300.0,False,MEDIUM,37.0,True,Racing Point,0 days 01:36:39.048000,,1,7.0,,,False,False,2019,21
0 days 01:40:28.445000,PER,11,0 days 00:02:02.707000,38.0,2.0,0 days 01:38:46.931000,,0 days 00:00:38.416000,0 days 00:00:43.491000,0 days 00:00:40.800000,0 days 01:39:04.157000,0 days 01:39:47.648000,0 days 01:40:28.448000,290.0,285.0,216.0,306.0,False,HARD,1.0,True,Racing Point,0 days 01:38:25.738000,,1,12.0,,,False,False,2019,21
0 days 00:47:41.450000,NOR,4,0 days 00:01:48.001000,8.0,1.0,,0 days 00:47:40.419000,0 days 00:00:18.576000,0 days 00:00:44.858000,0 days 00:00:44.567000,0 days 00:46:12.039000,0 days 00:46:56.897000,0 days 00:47:41.464000,269.0,289.0,,292.0,False,SOFT,11.0,False,McLaren,0 days 00:45:53.449000,,1,7.0,,,False,False,2019,21
0 days 00:49:48.488000,NOR,4,0 days 00:02:07.038000,9.0,2.0,0 days 00:48:03.388000,,0 days 00:00:39.697000,0 days 00:00:44.696000,0 days 00:00:42.645000,0 days 00:48:21.161000,0 days 00:49:05.857000,0 days 00:49:48.502000,261.0,286.0,214.0,300.0,False,HARD,1.0,True,McLaren,0 days 00:47:41.450000,,1,16.0,,,False,False,2019,21
0 days 01:43:39.494000,KVY,26,0 days 00:01:45.782000,40.0,1.0,,0 days 01:43:38.470000,0 days 00:00:18.113000,0 days 00:00:44.052000,0 days 00:00:43.617000,0 days 01:42:11.834000,0 days 01:42:55.886000,0 days 01:43:39.503000,274.0,291.0,,292.0,False,HARD,40.0,True,Toro Rosso,0 days 01:41:53.712000,,1,7.0,,,False,False,2019,21
0 days 01:45:43.191000,KVY,26,0 days 00:02:03.697000,41.0,2.0,0 days 01:43:59.983000,,0 days 00:00:38.277000,0 days 00:00:44.455000,0 days 00:00:40.965000,0 days 01:44:17.780000,0 days 01:45:02.235000,0 days 01:45:43.200000,277.0,293.0,222.0,296.0,False,MEDIUM,1.0,True,Toro Rosso,0 days 01:43:39.494000,,1,12.0,,,False,False,2019,21
0 days 00:54:44.825000,SAI,55,0 days 00:01:47.314000,12.0,1.0,,0 days 00:54:43.797000,0 days 00:00:18.482000,0 days 00:00:44.537000,0 days 00:00:44.295000,0 days 00:53:16,0 days 00:54:00.537000,0 days 00:54:44.832000,277.0,292.0,,296.0,False,SOFT,15.0,False,McLaren,0 days 00:52:57.511000,,1,7.0,,,False,False,2019,21
0 days 00:56:50.375000,SAI,55,0 days 00:02:05.550000,13.0,2.0,0 days 00:55:05.733000,,0 days 00:00:38.059000,0 days 00:00:44.912000,0 days 00:00:42.579000,0 days 00:55:22.891000,0 days 00:56:07.803000,0 days 00:56:50.382000,296.0,280.0,217.0,310.0,False,HARD,1.0,True,McLaren,0 days 00:54:44.825000,,1,15.0,,,False,False,2019,21
0 days 01:45:38.151000,SAI,55,0 days 00:01:45.220000,41.0,2.0,,0 days 01:45:37.100000,0 days 00:00:17.798000,,,0 days 01:44:10.736000,,,283.0,297.0,,304.0,False,HARD,29.0,True,McLaren,0 days 01:43:52.931000,,1,10.0,,,False,False,2019,21
0 days 01:47:38.744000,SAI,55,0 days 00:02:00.593000,42.0,3.0,0 days 01:45:58.542000,,0 days 00:00:37.154000,,,0 days 01:46:15.312000,,,282.0,297.0,222.0,304.0,False,MEDIUM,1.0,True,McLaren,0 days 01:45:38.151000,,1,14.0,,,False,False,2019,21
0 days 00:53:00.213000,RIC,3,0 days 00:01:47.170000,11.0,1.0,,0 days 00:52:59.158000,0 days 00:00:18.646000,0 days 00:00:44.331000,0 days 00:00:44.193000,0 days 00:51:31.689000,0 days 00:52:16.020000,0 days 00:53:00.213000,275.0,289.0,,303.0,False,SOFT,14.0,False,Renault,0 days 00:51:13.043000,,1,8.0,,,False,False,2019,21
0 days 00:55:04.480000,RIC,3,0 days 00:02:04.267000,12.0,2.0,0 days 00:53:21.092000,,0 days 00:00:38.602000,0 days 00:00:43.780000,0 days 00:00:41.885000,0 days 00:53:38.815000,0 days 00:54:22.595000,0 days 00:55:04.480000,276.0,299.0,215.0,304.0,False,HARD,1.0,True,Renault,0 days 00:53:00.213000,,1,15.0,,,False,False,2019,21
0 days 01:47:26.141000,RIC,3,0 days 00:01:45.502000,42.0,2.0,,0 days 01:47:25.113000,0 days 00:00:18.173000,0 days 00:00:43.904000,0 days 00:00:43.425000,0 days 01:45:58.812000,0 days 01:46:42.716000,0 days 01:47:26.141000,280.0,301.0,,305.0,False,HARD,31.0,True,Renault,0 days 01:45:40.639000,,1,11.0,,,False,False,2019,21
0 days 01:49:28.011000,RIC,3,0 days 00:02:01.870000,43.0,3.0,0 days 01:47:46.745000,,0 days 00:00:37.695000,0 days 00:00:43.512000,0 days 00:00:40.663000,0 days 01:48:03.836000,0 days 01:48:47.348000,0 days 01:49:28.011000,276.0,294.0,220.0,298.0,False,SOFT,4.0,False,Renault,0 days 01:47:26.141000,,1,14.0,,,False,False,2019,21
0 days 01:05:15.204000,HUL,27,0 days 00:01:47.732000,18.0,1.0,,0 days 01:05:14.434000,0 days 00:00:18.385000,0 days 00:00:44.861000,0 days 00:00:44.486000,0 days 01:03:45.871000,0 days 01:04:30.732000,0 days 01:05:15.218000,273.0,274.0,,296.0,False,SOFT,21.0,False,Renault,0 days 01:03:27.472000,,1,7.0,,,False,False,2019,21
0 days 01:07:19.574000,HUL,27,0 days 00:02:04.370000,19.0,2.0,0 days 01:05:35.760000,,0 days 00:00:37.963000,0 days 00:00:43.756000,0 days 00:00:42.651000,0 days 01:05:53.181000,0 days 01:06:36.937000,0 days 01:07:19.588000,278.0,277.0,215.0,331.0,False,MEDIUM,1.0,True,Renault,0 days 01:05:15.204000,,1,12.0,,,False,False,2019,21
0 days 01:12:33.674000,RAI,7,0 days 00:01:47.583000,22.0,1.0,,0 days 01:12:32.647000,0 days 00:00:18.311000,0 days 00:00:44.843000,0 days 00:00:44.429000,0 days 01:11:04.408000,0 days 01:11:49.251000,0 days 01:12:33.680000,273.0,289.0,,290.0,False,MEDIUM,22.0,True,Alfa Romeo Racing,0 days 01:10:46.091000,,1,9.0,,,False,False,2019,21
0 days 01:14:38.049000,RAI,7,0 days 00:02:04.375000,23.0,2.0,0 days 01:12:55.089000,,0 days 00:00:38.807000,0 days 00:00:44.094000,0 days 00:00:41.474000,0 days 01:13:12.487000,0 days 01:13:56.581000,0 days 01:14:38.055000,288.0,292.0,214.0,293.0,False,HARD,1.0,True,Alfa Romeo Racing,0 days 01:12:33.674000,,1,14.0,,,False,False,2019,21
0 days 01:09:00.562000,MAG,20,0 days 00:01:47.475000,20.0,1.0,,0 days 01:08:59.528000,0 days 00:00:18.104000,0 days 00:00:44.837000,0 days 00:00:44.534000,0 days 01:07:31.203000,0 days 01:08:16.040000,0 days 01:09:00.574000,281.0,295.0,,300.0,False,MEDIUM,20.0,True,Haas F1 Team,0 days 01:07:13.087000,,1,9.0,,,False,False,2019,21
0 days 01:11:04.253000,MAG,20,0 days 00:02:03.691000,21.0,2.0,0 days 01:09:21.103000,,0 days 00:00:37.854000,0 days 00:00:44.294000,0 days 00:00:41.543000,0 days 01:09:38.428000,0 days 01:10:22.722000,0 days 01:11:04.265000,286.0,293.0,214.0,298.0,False,HARD,2.0,False,Haas F1 Team,0 days 01:09:00.562000,,1,14.0,,,False,False,2019,21
0 days 01:05:38.702000,GRO,8,0 days 00:01:49.975000,18.0,1.0,,0 days 01:05:37.682000,0 days 00:00:18.172000,0 days 00:00:45.258000,0 days 00:00:46.545000,0 days 01:04:06.902000,0 days 01:04:52.160000,0 days 01:05:38.705000,283.0,248.0,,304.0,False,MEDIUM,18.0,True,Haas F1 Team,0 days 01:03:48.727000,,1,15.0,,,False,False,2019,21
0 days 01:07:44.689000,GRO,8,0 days 00:02:05.987000,19.0,2.0,0 days 01:05:59.619000,,0 days 00:00:39.276000,0 days 00:00:44.447000,0 days 00:00:42.264000,0 days 01:06:17.981000,0 days 01:07:02.428000,0 days 01:07:44.692000,277.0,298.0,213.0,306.0,False,HARD,2.0,False,Haas F1 Team,0 days 01:05:38.702000,,1,19.0,,,False,False,2019,21
0 days 00:47:53.513000,GIO,99,0 days 00:01:48.143000,8.0,1.0,,0 days 00:47:52.478000,0 days 00:00:18.446000,0 days 00:00:44.785000,0 days 00:00:44.912000,0 days 00:46:23.830000,0 days 00:47:08.615000,0 days 00:47:53.527000,277.0,298.0,,301.0,False,SOFT,8.0,True,Alfa Romeo Racing,0 days 00:46:05.370000,,1,14.0,,,False,False,2019,21
0 days 00:49:59.368000,GIO,99,0 days 00:02:05.855000,9.0,2.0,0 days 00:48:14.438000,,0 days 00:00:39.063000,0 days 00:00:44.650000,0 days 00:00:42.142000,0 days 00:48:32.590000,0 days 00:49:17.240000,0 days 00:49:59.382000,282.0,292.0,215.0,292.0,False,HARD,1.0,True,Alfa Romeo Racing,0 days 00:47:53.513000,,1,18.0,,,False,False,2019,21
0 days 01:20:01.551000,GIO,99,0 days 00:01:46.816000,26.0,2.0,,0 days 01:20:00.506000,0 days 00:00:18.272000,0 days 00:00:44.596000,0 days 00:00:43.948000,0 days 01:18:33.021000,0 days 01:19:17.617000,0 days 01:20:01.565000,277.0,290.0,,293.0,False,HARD,18.0,True,Alfa Romeo Racing,0 days 01:18:14.735000,,1,15.0,,,False,False,2019,21
0 days 01:22:07.140000,GIO,99,0 days 00:02:05.589000,27.0,3.0,0 days 01:20:22.695000,,0 days 00:00:39.038000,0 days 00:00:44.641000,0 days 00:00:41.910000,0 days 01:20:40.603000,0 days 01:21:25.244000,0 days 01:22:07.154000,236.0,288.0,216.0,279.0,False,MEDIUM,1.0,True,Alfa Romeo Racing,0 days 01:20:01.551000,,1,17.0,,,False,False,2019,21
0 days 01:30:44.976000,RUS,63,0 days 00:01:47.796000,32.0,1.0,,0 days 01:30:43.938000,0 days 00:00:18.441000,0 days 00:00:44.868000,0 days 00:00:44.487000,0 days 01:29:15.629000,0 days 01:30:00.497000,0 days 01:30:44.984000,276.0,295.0,,298.0,False,HARD,32.0,True,Williams,0 days 01:28:57.180000,,1,16.0,,,False,False,2019,21
0 days 01:32:50.644000,RUS,63,0 days 00:02:05.668000,33.0,2.0,0 days 01:31:06.225000,,0 days 00:00:38.825000,0 days 00:00:45.290000,0 days 00:00:41.553000,0 days 01:31:23.809000,0 days 01:32:09.099000,0 days 01:32:50.652000,286.0,293.0,216.0,268.0,False,MEDIUM,1.0,True,Williams,0 days 01:30:44.976000,,1,19.0,,,False,False,2019,21
0 days 00:35:35.828000,GAS,10,0 days 00:02:04.421000,1.0,1.0,,0 days 00:35:34.748000,,0 days 00:00:46.989000,0 days 00:00:50.121000,,0 days 00:34:45.715000,0 days 00:35:35.934000,225.0,243.0,,231.0,False,MEDIUM,1.0,True,Toro Rosso,0 days 00:33:31.194000,,12,20.0,,,False,False,2019,21
0 days 00:38:37.346000,GAS,10,,2.0,2.0,0 days 00:36:52.235000,,0 days 00:01:34.942000,0 days 00:00:44.552000,0 days 00:00:42.049000,0 days 00:37:10.787000,0 days 00:37:55.332000,0 days 00:38:37.461000,278.0,286.0,216.0,288.0,False,HARD,1.0,True,Toro Rosso,0 days 00:35:35.828000,,1,20.0,,,False,False,2019,21
0 days 01:16:32.956000,KUB,88,0 days 00:01:49.673000,24.0,1.0,,0 days 01:16:32.545000,0 days 00:00:18.591000,0 days 00:00:44.884000,0 days 00:00:46.198000,0 days 01:15:01.880000,0 days 01:15:46.764000,0 days 01:16:32.962000,273.0,281.0,,305.0,False,HARD,24.0,True,Williams,0 days 01:14:43.283000,,1,17.0,,,False,False,2019,21
0 days 01:18:39.424000,KUB,88,0 days 00:02:06.468000,25.0,2.0,0 days 01:16:53.561000,,0 days 00:00:38.780000,0 days 00:00:44.434000,0 days 00:00:43.254000,0 days 01:17:11.742000,0 days 01:17:56.176000,0 days 01:18:39.430000,281.0,298.0,216.0,309.0,False,MEDIUM,1.0,True,Williams,0 days 01:16:32.956000,,1,19.0,,,False,False,2019,21
0 days 00:42:36.066000,STR,18,0 days 00:01:48.982000,5.0,1.0,,0 days 00:42:35.091000,0 days 00:00:18.991000,0 days 00:00:44.876000,0 days 00:00:45.115000,0 days 00:41:06.085000,0 days 00:41:50.961000,0 days 00:42:36.076000,269.0,286.0,,306.0,False,MEDIUM,5.0,True,Racing Point,0 days 00:40:47.084000,,1,15.0,,,False,False,2019,21
0 days 00:44:48.120000,STR,18,0 days 00:02:12.054000,6.0,2.0,0 days 00:43:03.875000,,0 days 00:00:45.775000,0 days 00:00:44.388000,0 days 00:00:41.891000,0 days 00:43:21.851000,0 days 00:44:06.239000,0 days 00:44:48.130000,275.0,287.0,207.0,295.0,False,HARD,1.0,True,Racing Point,0 days 00:42:36.066000,,1,19.0,,,False,False,2019,21
0 days 01:14:49.051000,STR,18,0 days 00:01:48.960000,23.0,2.0,,0 days 01:14:48.046000,0 days 00:00:18.409000,0 days 00:00:44.641000,0 days 00:00:45.910000,0 days 01:13:18.510000,0 days 01:14:03.151000,0 days 01:14:49.061000,275.0,289.0,,321.0,False,HARD,18.0,True,Racing Point,0 days 01:13:00.091000,,1,19.0,,,False,False,2019,21
0 days 01:16:54.550000,STR,18,0 days 00:02:05.499000,24.0,3.0,0 days 01:15:09.790000,,0 days 00:00:38.066000,0 days 00:00:45.168000,0 days 00:00:42.265000,0 days 01:15:27.127000,0 days 01:16:12.295000,0 days 01:16:54.560000,262.0,275.0,214.0,283.0,False,SOFT,1.0,True,Racing Point,0 days 01:14:49.051000,,1,19.0,,,False,False,2019,21
0 days 01:53:44.311000,STR,18,0 days 00:01:50.482000,45.0,3.0,,0 days 01:53:43.311000,0 days 00:00:18.400000,0 days 00:00:45.337000,0 days 00:00:46.745000,0 days 01:52:12.239000,0 days 01:52:57.576000,0 days 01:53:44.321000,273.0,242.0,,293.0,False,SOFT,22.0,True,Racing Point,0 days 01:51:53.829000,,1,18.0,,,False,False,2019,21
