Time,Category,Message,Status,Flag,Scope,Sector,RacingNumber,Lap,Year,RoundNumber
2018-03-25 05:07:04,Drs,DRS DISABLED,DISABLED,,,,,1,2018,1
2018-03-25 05:13:19,Flag,GREEN LIGHT - PIT EXIT OPEN,,GREEN,Track,,,1,2018,1
2018-03-25 05:16:23,Drs,DRS ENABLED,ENABLED,,,,,2,2018,1
2018-03-25 05:20:58,Flag,YELLOW IN TRACK SECTOR 16,,YELLOW,Sector,16.0,,6,2018,1
2018-03-25 05:20:59,Drs,DRS DISABLED,DISABLED,,,,,6,2018,1
2018-03-25 05:21:05,Flag,CLEAR IN TRACK SECTOR 16,,CLEAR,Sector,16.0,,6,2018,1
2018-03-25 05:21:05,Drs,DRS ENABLED,ENABLED,,,,,6,2018,1
2018-03-25 05:21:06,Flag,DOUBLE YELLOW IN TRACK SECTOR 16,,DOUBLE YELLOW,Sector,16.0,,6,2018,1
2018-03-25 05:21:07,Drs,DRS DISABLED,DISABLED,,,,,6,2018,1
2018-03-25 05:21:08,Flag,YELLOW IN TRACK SECTOR 16,,YELLOW,Sector,16.0,,6,2018,1
2018-03-25 05:21:26,Flag,YELLOW IN TRACK SECTOR 15,,YELLOW,Sector,15.0,,6,2018,1
2018-03-25 05:21:40,CarEvent,CAR 35 (SIR) STOPPED AT TURN 13,,,,,35,6,2018,1
2018-03-25 05:21:43,Flag,DOUBLE YELLOW IN TRACK SECTOR 15,,DOUBLE YELLOW,Sector,15.0,,6,2018,1
2018-03-25 05:21:45,Flag,DOUBLE YELLOW IN TRACK SECTOR 16,,DOUBLE YELLOW,Sector,16.0,,6,2018,1
2018-03-25 05:23:39,Flag,CLEAR IN TRACK SECTOR 15,,CLEAR,Sector,15.0,,7,2018,1
2018-03-25 05:23:43,Flag,CLEAR IN TRACK SECTOR 16,,CLEAR,Sector,16.0,,7,2018,1
2018-03-25 05:23:43,Drs,DRS ENABLED,ENABLED,,,,,7,2018,1
2018-03-25 05:27:11,Flag,YELLOW IN TRACK SECTOR 1,,YELLOW,Sector,1.0,,10,2018,1
2018-03-25 05:27:13,Drs,DRS DISABLED,DISABLED,,,,,10,2018,1
2018-03-25 05:27:14,Flag,CLEAR IN TRACK SECTOR 1,,CLEAR,Sector,1.0,,10,2018,1
2018-03-25 05:27:14,Drs,DRS ENABLED,ENABLED,,,,,10,2018,1
2018-03-25 05:47:22,Flag,WAVED BLUE FLAG FOR CAR 28 (HAR) TIMED AT 16:47:22,,BLUE,Driver,,28,23,2018,1
2018-03-25 05:47:51,Flag,YELLOW IN TRACK SECTOR 4,,YELLOW,Sector,4.0,,24,2018,1
2018-03-25 05:47:52,Drs,DRS DISABLED,DISABLED,,,,,24,2018,1
2018-03-25 05:47:52,Flag,YELLOW IN TRACK SECTOR 5,,YELLOW,Sector,5.0,,24,2018,1
2018-03-25 05:48:01,Flag,CLEAR IN TRACK SECTOR 4,,CLEAR,Sector,4.0,,24,2018,1
2018-03-25 05:48:01,Drs,DRS ENABLED,ENABLED,,,,,24,2018,1
2018-03-25 05:48:04,Flag,CLEAR IN TRACK SECTOR 5,,CLEAR,Sector,5.0,,24,2018,1
2018-03-25 05:48:13,Flag,WAVED BLUE FLAG FOR CAR 28 (HAR) TIMED AT 16:48:12,,BLUE,Driver,,28,24,2018,1
2018-03-25 05:48:21,Flag,YELLOW IN TRACK SECTOR 4,,YELLOW,Sector,4.0,,24,2018,1
2018-03-25 05:48:22,Drs,DRS DISABLED,DISABLED,,,,,24,2018,1
2018-03-25 05:48:32,Flag,YELLOW IN TRACK SECTOR 5,,YELLOW,Sector,5.0,,24,2018,1
2018-03-25 05:48:34,Flag,CLEAR IN TRACK SECTOR 4,,CLEAR,Sector,4.0,,24,2018,1
2018-03-25 05:48:34,Drs,DRS ENABLED,ENABLED,,,,,24,2018,1
2018-03-25 05:49:03,CarEvent,CAR 20 (MAG) STOPPED AT TURN 4,,,,,20,24,2018,1
2018-03-25 05:49:17,Flag,CLEAR IN TRACK SECTOR 5,,CLEAR,Sector,5.0,,25,2018,1
2018-03-25 05:49:29,Flag,WAVED BLUE FLAG FOR CAR 28 (HAR) TIMED AT 16:49:28,,BLUE,Driver,,28,25,2018,1
2018-03-25 05:50:12,Flag,YELLOW IN TRACK SECTOR 2,,YELLOW,Sector,2.0,,25,2018,1
2018-03-25 05:50:13,Drs,DRS DISABLED,DISABLED,,,,,25,2018,1
2018-03-25 05:50:43,Flag,DOUBLE YELLOW IN TRACK SECTOR 1,,DOUBLE YELLOW,Sector,1.0,,26,2018,1
2018-03-25 05:50:45,Flag,DOUBLE YELLOW IN TRACK SECTOR 2,,DOUBLE YELLOW,Sector,2.0,,26,2018,1
2018-03-25 05:50:53,CarEvent,CAR 8 (GRO) STOPPED AT TURN 2,,,,,8,26,2018,1
2018-03-25 05:51:11,SafetyCar,VIRTUAL SAFETY CAR DEPLOYED,DEPLOYED,,,,,26,2018,1
2018-03-25 05:55:11,SafetyCar,SAFETY CAR DEPLOYED,DEPLOYED,,,,,28,2018,1
2018-03-25 06:00:04,Flag,CLEAR IN TRACK SECTOR 1,,CLEAR,Sector,1.0,,30,2018,1
2018-03-25 06:00:06,Flag,CLEAR IN TRACK SECTOR 2,,CLEAR,Sector,2.0,,30,2018,1
2018-03-25 06:00:33,Other,LAPPED CARS MAY NOW OVERTAKE - 28,,,,,,30,2018,1
2018-03-25 06:02:42,SafetyCar,SAFETY CAR IN THIS LAP,IN THIS LAP,,,,,31,2018,1
2018-03-25 06:03:23,Flag,TRACK CLEAR,,CLEAR,Track,,,31,2018,1
2018-03-25 06:05:02,Other,PIT LANE INCIDENT INVOLVING CAR 20 (MAG) WILL BE INVESTIGATED AFTER THE RACE - CAR RELEASED IN AN UNSAFE CONDITION,,,,,,32,2018,1
2018-03-25 06:05:12,Other,PIT LANE INCIDENT INVOLVING CAR 8 (GRO) WILL BE INVESTIGATED AFTER THE RACE - CAR RELEASED IN AN UNSAFE CONDITION,,,,,,33,2018,1
2018-03-25 06:06:41,Drs,DRS ENABLED,ENABLED,,,,,34,2018,1
2018-03-25 06:29:08,Flag,WAVED BLUE FLAG FOR CAR 28 (HAR) TIMED AT 17:29:08,,BLUE,Driver,,28,49,2018,1
2018-03-25 06:31:15,Flag,WAVED BLUE FLAG FOR CAR 28 (HAR) TIMED AT 17:31:15,,BLUE,Driver,,28,50,2018,1
2018-03-25 06:42:50,Flag,CHEQUERED FLAG,,CHEQUERED,Track,,,58,2018,1
2018-04-08 15:07:02,Drs,DRS DISABLED,DISABLED,,,,,1,2018,2
2018-04-08 15:13:37,Flag,GREEN LIGHT - PIT EXIT OPEN,,GREEN,Track,,,1,2018,2
2018-04-08 15:14:08,Flag,YELLOW IN TRACK SECTOR 3,,YELLOW,Sector,3.0,,1,2018,2
2018-04-08 15:14:15,Flag,CLEAR IN TRACK SECTOR 3,,CLEAR,Sector,3.0,,1,2018,2
2018-04-08 15:14:26,Flag,DOUBLE YELLOW IN TRACK SECTOR 3,,DOUBLE YELLOW,Sector,3.0,,1,2018,2
2018-04-08 15:14:51,Flag,CLEAR IN TRACK SECTOR 3,,CLEAR,Sector,3.0,,1,2018,2
2018-04-08 15:15:58,Flag,DOUBLE YELLOW IN TRACK SECTOR 3,,DOUBLE YELLOW,Sector,3.0,,2,2018,2
2018-04-08 15:16:25,Flag,CLEAR IN TRACK SECTOR 3,,CLEAR,Sector,3.0,,2,2018,2
2018-04-08 15:16:32,Flag,DOUBLE YELLOW IN TRACK SECTOR 3,,DOUBLE YELLOW,Sector,3.0,,2,2018,2
2018-04-08 15:16:33,Flag,YELLOW IN TRACK SECTOR 7,,YELLOW,Sector,7.0,,2,2018,2
2018-04-08 15:16:37,Flag,CLEAR IN TRACK SECTOR 3,,CLEAR,Sector,3.0,,2,2018,2
2018-04-08 15:16:41,SafetyCar,VIRTUAL SAFETY CAR DEPLOYED,DEPLOYED,,,,,2,2018,2
2018-04-08 15:17:36,Flag,DOUBLE YELLOW IN TRACK SECTOR 7,,DOUBLE YELLOW,Sector,7.0,,3,2018,2
2018-04-08 15:20:14,Flag,CLEAR IN TRACK SECTOR 7,,CLEAR,Sector,7.0,,4,2018,2
2018-04-08 15:20:18,SafetyCar,VIRTUAL SAFETY CAR ENDING,ENDING,,,,,4,2018,2
2018-04-08 15:20:29,Flag,TRACK CLEAR,,CLEAR,Track,,,4,2018,2
2018-04-08 15:20:39,Drs,DRS ENABLED,ENABLED,,,,,4,2018,2
2018-04-08 15:22:12,Flag,DOUBLE YELLOW IN TRACK SECTOR 15,,DOUBLE YELLOW,Sector,15.0,,5,2018,2
2018-04-08 15:22:52,Flag,CLEAR IN TRACK SECTOR 15,,CLEAR,Sector,15.0,,6,2018,2
2018-04-08 15:22:54,Flag,DOUBLE YELLOW IN TRACK SECTOR 15,,DOUBLE YELLOW,Sector,15.0,,6,2018,2
2018-04-08 15:23:03,Flag,CLEAR IN TRACK SECTOR 15,,CLEAR,Sector,15.0,,6,2018,2
2018-04-08 15:24:36,Other,TURN 4 INCIDENT INVOLVING CARS 11 (PER) AND 28 (HAR) UNDER INVESTIGATION - CAUSING A COLLISION,,,,,,7,2018,2
2018-04-08 15:27:04,Other,TURN 1 INCIDENT INVOLVING CARS 33 (VER) AND 44 (HAM) NOTED - NO FURTHER ACTION,,,,,,8,2018,2
2018-04-08 15:27:48,Other,INCIDENT INVOLVING CARS 27 (HUL) AND 20 (MAG) NOTED - NO FURTHER ACTION,,,,,,9,2018,2
2018-04-08 15:28:12,Other,10 SECOND TIME PENALTY FOR CAR 28 (HAR) - CAUSING A COLLISION,,,,,,9,2018,2
2018-04-08 15:30:49,Flag,DOUBLE YELLOW IN TRACK SECTOR 9,,DOUBLE YELLOW,Sector,9.0,,11,2018,2
2018-04-08 15:30:55,Flag,YELLOW IN TRACK SECTOR 8,,YELLOW,Sector,8.0,,11,2018,2
2018-04-08 15:31:02,Flag,CLEAR IN TRACK SECTOR 9,,CLEAR,Sector,9.0,,11,2018,2
2018-04-08 15:31:07,Flag,CLEAR IN TRACK SECTOR 8,,CLEAR,Sector,8.0,,11,2018,2
2018-04-08 15:36:33,Other,INCIDENT INVOLVING CARS 11 (PER) AND 28 (HAR) UNDER INVESTIGATION - FAILURE TO MAINTAIN ORDER ON THE FORMATION LAP,,,,,,12,2018,2
2018-04-08 15:38:19,Other,INCIDENT INVOLVING CARS 11 (PER) AND 28 (HAR) WILL BE INVESTIGATED AFTER THE RACE,,,,,,12,2018,2
2018-04-08 15:57:26,Flag,DOUBLE YELLOW IN TRACK SECTOR 9,,DOUBLE YELLOW,Sector,9.0,,27,2018,2
2018-04-08 15:57:28,Flag,YELLOW IN TRACK SECTOR 8,,YELLOW,Sector,8.0,,27,2018,2
2018-04-08 15:57:35,Flag,CLEAR IN TRACK SECTOR 9,,CLEAR,Sector,9.0,,27,2018,2
2018-04-08 15:57:37,Flag,CLEAR IN TRACK SECTOR 8,,CLEAR,Sector,8.0,,27,2018,2
2018-04-08 16:02:07,Flag,WAVED BLUE FLAG FOR CAR 35 (SIR) TIMED AT 19:02:07,,BLUE,Driver,,35,30,2018,2
2018-04-08 16:03:21,Flag,WAVED BLUE FLAG FOR CAR 18 (STR) TIMED AT 19:03:20,,BLUE,Driver,,18,31,2018,2
2018-04-08 16:04:25,Flag,WAVED BLUE FLAG FOR CAR 35 (SIR) TIMED AT 19:04:25,,BLUE,Driver,,35,32,2018,2
2018-04-08 16:08:37,Flag,WAVED BLUE FLAG FOR CAR 55 (SAI) TIMED AT 19:08:37,,BLUE,Driver,,55,34,2018,2
2018-04-08 16:09:00,Flag,WAVED BLUE FLAG FOR CAR 16 (LEC) TIMED AT 19:09:00,,BLUE,Driver,,16,34,2018,2
2018-04-08 16:09:13,Flag,WAVED BLUE FLAG FOR CAR 55 (SAI) TIMED AT 19:09:13,,BLUE,Driver,,55,35,2018,2
2018-04-08 16:10:17,Flag,WAVED BLUE FLAG FOR CAR 16 (LEC) TIMED AT 19:10:16,,BLUE,Driver,,16,35,2018,2
2018-04-08 16:11:25,Flag,WAVED BLUE FLAG FOR CAR 8 (GRO) TIMED AT 19:11:24,,BLUE,Driver,,8,36,2018,2
2018-04-08 16:13:44,Flag,WAVED BLUE FLAG FOR CAR 35 (SIR) TIMED AT 19:13:44,,BLUE,Driver,,35,37,2018,2
2018-04-08 16:16:12,Other,INCIDENT INVOLVING CAR 7 (RAI) WILL BE INVESTIGATED AFTER THE RACE - UNSAFE RELEASE,,,,,,39,2018,2
2018-04-08 16:17:12,Flag,WAVED BLUE FLAG FOR CAR 55 (SAI) TIMED AT 19:17:11,,BLUE,Driver,,55,40,2018,2
2018-04-08 16:17:56,Flag,WAVED BLUE FLAG FOR CAR 2 (VAN) TIMED AT 19:17:56,,BLUE,Driver,,2,40,2018,2
2018-04-08 16:18:30,Flag,DOUBLE YELLOW IN TRACK SECTOR 9,,DOUBLE YELLOW,Sector,9.0,,40,2018,2
2018-04-08 16:18:31,Flag,DOUBLE YELLOW IN TRACK SECTOR 10,,DOUBLE YELLOW,Sector,10.0,,40,2018,2
2018-04-08 16:18:32,Drs,DRS DISABLED,DISABLED,,,,,40,2018,2
2018-04-08 16:18:34,Flag,YELLOW IN TRACK SECTOR 8,,YELLOW,Sector,8.0,,40,2018,2
2018-04-08 16:18:41,Flag,CLEAR IN TRACK SECTOR 9,,CLEAR,Sector,9.0,,41,2018,2
2018-04-08 16:18:42,Flag,WAVED BLUE FLAG FOR CAR 28 (HAR) TIMED AT 19:18:41,,BLUE,Driver,,28,41,2018,2
2018-04-08 16:18:42,Flag,CLEAR IN TRACK SECTOR 8,,CLEAR,Sector,8.0,,41,2018,2
2018-04-08 16:18:43,Flag,CLEAR IN TRACK SECTOR 10,,CLEAR,Sector,10.0,,41,2018,2
2018-04-08 16:18:43,Drs,DRS ENABLED,ENABLED,,,,,41,2018,2
2018-04-08 16:22:01,Flag,WAVED BLUE FLAG FOR CAR 8 (GRO) TIMED AT 19:22:00,,BLUE,Driver,,8,43,2018,2
2018-04-08 16:22:40,Flag,WAVED BLUE FLAG FOR CAR 28 (HAR) TIMED AT 19:22:39,,BLUE,Driver,,28,43,2018,2
2018-04-08 16:25:39,Flag,WAVED BLUE FLAG FOR CAR 9 (ERI) TIMED AT 19:25:38,,BLUE,Driver,,9,45,2018,2
2018-04-08 16:26:45,Flag,WAVED BLUE FLAG FOR CAR 11 (PER) TIMED AT 19:26:44,,BLUE,Driver,,11,46,2018,2
2018-04-08 16:27:48,Flag,WAVED BLUE FLAG FOR CAR 8 (GRO) TIMED AT 19:27:47,,BLUE,Driver,,8,46,2018,2
2018-04-08 16:29:37,Flag,WAVED BLUE FLAG FOR CAR 2 (VAN) TIMED AT 19:29:36,,BLUE,Driver,,2,47,2018,2
2018-04-08 16:31:27,Flag,WAVED BLUE FLAG FOR CAR 9 (ERI) TIMED AT 19:31:26,,BLUE,Driver,,9,49,2018,2
2018-04-08 16:31:28,Flag,WAVED BLUE FLAG FOR CAR 31 (OCO) TIMED AT 19:31:27,,BLUE,Driver,,31,49,2018,2
2018-04-08 16:33:12,Flag,WAVED BLUE FLAG FOR CAR 55 (SAI) TIMED AT 19:33:12,,BLUE,Driver,,55,50,2018,2
2018-04-08 16:39:14,Flag,WAVED BLUE FLAG FOR CAR 9 (ERI) TIMED AT 19:39:14,,BLUE,Driver,,9,54,2018,2
2018-04-08 16:41:09,Flag,WAVED BLUE FLAG FOR CAR 2 (VAN) TIMED AT 19:41:08,,BLUE,Driver,,2,55,2018,2
2018-04-08 16:45:24,Flag,WAVED BLUE FLAG FOR CAR 14 (ALO) TIMED AT 19:45:23,,BLUE,Driver,,14,57,2018,2
2018-04-08 16:45:37,Flag,CHEQUERED FLAG,,CHEQUERED,Track,,,57,2018,2
2018-04-15 06:07:03,Drs,DRS DISABLED,DISABLED,,,,,1,2018,3
2018-04-15 06:13:36,Flag,GREEN LIGHT - PIT EXIT OPEN,,GREEN,Track,,,1,2018,3
2018-04-15 06:17:07,Drs,DRS ENABLED,ENABLED,,,,,3,2018,3
2018-04-15 07:02:49,Flag,YELLOW IN TRACK SECTOR 17,,YELLOW,Sector,17.0,,30,2018,3
2018-04-15 07:02:49,Flag,DOUBLE YELLOW IN TRACK SECTOR 17,,DOUBLE YELLOW,Sector,17.0,,30,2018,3
2018-04-15 07:02:49,Flag,WAVED BLUE FLAG FOR CAR 16 (LEC) TIMED AT 15:02:49,,BLUE,Driver,,16,30,2018,3
2018-04-15 07:02:50,Drs,DRS DISABLED,DISABLED,,,,,30,2018,3
2018-04-15 07:02:55,Flag,CLEAR IN TRACK SECTOR 17,,CLEAR,Sector,17.0,,30,2018,3
2018-04-15 07:02:55,Drs,DRS ENABLED,ENABLED,,,,,30,2018,3
2018-04-15 07:02:56,Flag,DOUBLE YELLOW IN TRACK SECTOR 17,,DOUBLE YELLOW,Sector,17.0,,30,2018,3
2018-04-15 07:02:57,Flag,YELLOW IN TRACK SECTOR 17,,YELLOW,Sector,17.0,,30,2018,3
2018-04-15 07:02:57,Drs,DRS DISABLED,DISABLED,,,,,30,2018,3
2018-04-15 07:03:02,Flag,CLEAR IN TRACK SECTOR 17,,CLEAR,Sector,17.0,,30,2018,3
2018-04-15 07:03:02,Drs,DRS ENABLED,ENABLED,,,,,30,2018,3
2018-04-15 07:03:04,Other,TRACK SURFACE SLIPPERY IN TRACK SECTOR 17,,,,,,30,2018,3
2018-04-15 07:03:29,Flag,WAVED BLUE FLAG FOR CAR 9 (ERI) TIMED AT 15:03:28,,BLUE,Driver,,9,31,2018,3
2018-04-15 07:03:54,Flag,WAVED BLUE FLAG FOR CAR 28 (HAR) TIMED AT 15:03:54,,BLUE,Driver,,28,31,2018,3
2018-04-15 07:04:21,Flag,WAVED BLUE FLAG FOR CAR 9 (ERI) TIMED AT 15:04:21,,BLUE,Driver,,9,31,2018,3
2018-04-15 07:04:50,SafetyCar,SAFETY CAR DEPLOYED,DEPLOYED,,,,,31,2018,3
2018-04-15 07:04:51,Flag,CLEAR IN TRACK SECTOR 17,,CLEAR,Sector,17.0,,31,2018,3
2018-04-15 07:05:42,Flag,DOUBLE YELLOW IN TRACK SECTOR 17,,DOUBLE YELLOW,Sector,17.0,,32,2018,3
2018-04-15 07:06:19,Other,TURN 14 INCIDENT INVOLVING CARS 10 (GAS) AND 28 (HAR) UNDER INVESTIGATION - CAUSING A COLLISION,,,,,,32,2018,3
2018-04-15 07:10:30,Other,"LAPPED CARS MAY NOW OVERTAKE - 9, 16, 28",,,,,,34,2018,3
2018-04-15 07:11:26,Flag,CLEAR IN TRACK SECTOR 17,,CLEAR,Sector,17.0,,34,2018,3
2018-04-15 07:13:07,SafetyCar,SAFETY CAR IN THIS LAP,IN THIS LAP,,,,,35,2018,3
2018-04-15 07:14:59,Flag,TRACK CLEAR,,CLEAR,Track,,,35,2018,3
2018-04-15 07:15:46,Other,10 SECOND TIME PENALTY FOR CAR 10 (GAS) - CAUSING A COLLISION,,,,,,36,2018,3
2018-04-15 07:19:11,Drs,DRS ENABLED,ENABLED,,,,,38,2018,3
2018-04-15 07:28:07,Flag,DOUBLE YELLOW IN TRACK SECTOR 17,,DOUBLE YELLOW,Sector,17.0,,43,2018,3
2018-04-15 07:28:08,Drs,DRS DISABLED,DISABLED,,,,,43,2018,3
2018-04-15 07:28:15,Flag,CLEAR IN TRACK SECTOR 17,,CLEAR,Sector,17.0,,43,2018,3
2018-04-15 07:28:15,Drs,DRS ENABLED,ENABLED,,,,,43,2018,3
2018-04-15 07:29:39,Other,TURN 14 INCIDENT INVOLVING CARS 5 (VET) AND 33 (VER) UNDER INVESTIGATION - CAUSING A COLLISION,,,,,,44,2018,3
2018-04-15 07:32:21,Other,10 SECOND TIME PENALTY FOR CAR 33 (VER) - CAUSING A COLLISION,,,,,,46,2018,3
2018-04-15 07:48:32,Other,TURN 3 INCIDENT INVOLVING CARS 5 (VET) AND 14 (ALO) NOTED,,,,,,56,2018,3
2018-04-15 07:49:11,Flag,CHEQUERED FLAG,,CHEQUERED,Track,,,56,2018,3
2018-04-15 07:52:15,Other,TURN 3 INCIDENT INVOLVING CARS 5 (VET) AND 14 (ALO) - NO INVESTIGATION NECESSARY,,,,,,56,2018,3
2018-04-29 12:07:10,Drs,DRS DISABLED,DISABLED,,,,,1,2018,4
2018-04-29 12:13:42,Flag,GREEN LIGHT - PIT EXIT OPEN,,GREEN,Track,,,1,2018,4
2018-04-29 12:14:08,Flag,YELLOW IN TRACK SECTOR 2,,YELLOW,Sector,2.0,,1,2018,4
2018-04-29 12:14:11,Flag,YELLOW IN TRACK SECTOR 3,,YELLOW,Sector,3.0,,1,2018,4
2018-04-29 12:14:19,Flag,DOUBLE YELLOW IN TRACK SECTOR 4,,DOUBLE YELLOW,Sector,4.0,,1,2018,4
2018-04-29 12:14:23,Flag,DOUBLE YELLOW IN TRACK SECTOR 2,,DOUBLE YELLOW,Sector,2.0,,1,2018,4
2018-04-29 12:14:25,Flag,CLEAR IN TRACK SECTOR 3,,CLEAR,Sector,3.0,,1,2018,4
2018-04-29 12:14:28,Flag,YELLOW IN TRACK SECTOR 3,,YELLOW,Sector,3.0,,1,2018,4
2018-04-29 12:14:31,SafetyCar,SAFETY CAR DEPLOYED,DEPLOYED,,,,,1,2018,4
2018-04-29 12:18:27,Flag,CLEAR IN TRACK SECTOR 2,,CLEAR,Sector,2.0,,2,2018,4
2018-04-29 12:19:42,Flag,CLEAR IN TRACK SECTOR 4,,CLEAR,Sector,4.0,,3,2018,4
2018-04-29 12:19:47,Flag,CLEAR IN TRACK SECTOR 3,,CLEAR,Sector,3.0,,3,2018,4
2018-04-29 12:25:20,SafetyCar,SAFETY CAR IN THIS LAP,IN THIS LAP,,,,,5,2018,4
2018-04-29 12:26:55,Flag,TRACK CLEAR,,CLEAR,Track,,,5,2018,4
2018-04-29 12:30:58,Drs,DRS ENABLED,ENABLED,,,,,7,2018,4
2018-04-29 12:35:46,Flag,DOUBLE YELLOW IN TRACK SECTOR 3,,DOUBLE YELLOW,Sector,3.0,,10,2018,4
2018-04-29 12:35:47,Drs,DRS DISABLED,DISABLED,,,,,10,2018,4
2018-04-29 12:35:57,Drs,DRS ENABLED,ENABLED,,,,,10,2018,4
2018-04-29 12:35:57,Flag,CLEAR IN TRACK SECTOR 3,,CLEAR,Sector,3.0,,10,2018,4
2018-04-29 12:37:57,Flag,YELLOW IN TRACK SECTOR 6,,YELLOW,Sector,6.0,,11,2018,4
2018-04-29 12:38:04,Flag,CLEAR IN TRACK SECTOR 7,,CLEAR,Sector,7.0,,11,2018,4
2018-04-29 12:38:05,Flag,DOUBLE YELLOW IN TRACK SECTOR 1,,DOUBLE YELLOW,Sector,1.0,,11,2018,4
2018-04-29 12:38:06,Drs,DRS DISABLED,DISABLED,,,,,11,2018,4
2018-04-29 12:38:07,Flag,CLEAR IN TRACK SECTOR 6,,CLEAR,Sector,6.0,,11,2018,4
2018-04-29 12:38:11,Flag,CLEAR IN TRACK SECTOR 1,,CLEAR,Sector,1.0,,11,2018,4
2018-04-29 12:38:11,Drs,DRS ENABLED,ENABLED,,,,,11,2018,4
2018-04-29 12:38:29,CarEvent,CAR 27 (HUL) STOPPED AT TURN 5,,,,,27,12,2018,4
2018-04-29 12:44:24,Flag,YELLOW IN TRACK SECTOR 2,,YELLOW,Sector,2.0,,15,2018,4
2018-04-29 12:44:26,Drs,DRS DISABLED,DISABLED,,,,,15,2018,4
2018-04-29 12:44:27,Flag,YELLOW IN TRACK SECTOR 3,,YELLOW,Sector,3.0,,15,2018,4
2018-04-29 12:45:19,Flag,CLEAR IN TRACK SECTOR 2,,CLEAR,Sector,2.0,,15,2018,4
2018-04-29 12:45:21,Flag,CLEAR IN TRACK SECTOR 3,,CLEAR,Sector,3.0,,15,2018,4
2018-04-29 12:45:21,Drs,DRS ENABLED,ENABLED,,,,,15,2018,4
2018-04-29 12:45:21,Flag,DOUBLE YELLOW IN TRACK SECTOR 3,,DOUBLE YELLOW,Sector,3.0,,15,2018,4
2018-04-29 12:45:22,Drs,DRS DISABLED,DISABLED,,,,,15,2018,4
2018-04-29 12:45:24,Flag,CLEAR IN TRACK SECTOR 3,,CLEAR,Sector,3.0,,15,2018,4
2018-04-29 12:45:24,Drs,DRS ENABLED,ENABLED,,,,,15,2018,4
2018-04-29 12:46:40,Other,FIRST LAP INCIDENTS AT TURNS 2 AND 3 ALL NOTED,,,,,,16,2018,4
2018-04-29 12:48:49,Other,DRS DETECTION AT D1 INACTIVE - MANUAL OPERATION PERMITTED,,,,,,17,2018,4
2018-04-29 12:50:34,Flag,YELLOW IN TRACK SECTOR 4,,YELLOW,Sector,4.0,,18,2018,4
2018-04-29 12:50:35,Drs,DRS DISABLED,DISABLED,,,,,18,2018,4
2018-04-29 12:50:46,Flag,CLEAR IN TRACK SECTOR 4,,CLEAR,Sector,4.0,,18,2018,4
2018-04-29 12:50:46,Drs,DRS ENABLED,ENABLED,,,,,18,2018,4
2018-04-29 12:51:13,Other,TURN 2 INCIDENT INVOLVING CARS 31 (OCO) AND 7 (RAI) WILL BE INVESTIGATED AFTER THE RACE,,,,,,19,2018,4
2018-04-29 12:52:18,Other,"TURN 2 INCIDENT INVOLVING CARS 14 (ALO),27 (HUL)  AND 35 (SIR) NOTED - NO INVESTIGATION NECESSARY",,,,,,19,2018,4
2018-04-29 12:52:51,Flag,WAVED BLUE FLAG FOR CAR 9 (ERI) TIMED AT 16:52:51,,BLUE,Driver,,9,20,2018,4
2018-04-29 12:53:17,Other,TURN 2 INCIDENT INVOLVING CARS 9 (ERI) AND 20 (MAG) UNDER INVESTIGATION,,,,,,20,2018,4
2018-04-29 12:53:57,Other,10 SECOND TIME PENALTY FOR CAR 9 (ERI) - CAUSING A COLLISION,,,,,,20,2018,4
2018-04-29 12:54:45,Flag,YELLOW IN TRACK SECTOR 5,,YELLOW,Sector,5.0,,21,2018,4
2018-04-29 12:54:56,Flag,CLEAR IN TRACK SECTOR 5,,CLEAR,Sector,5.0,,21,2018,4
2018-04-29 12:55:12,Flag,WAVED BLUE FLAG FOR CAR 9 (ERI) TIMED AT 16:55:12,,BLUE,Driver,,9,21,2018,4
2018-04-29 12:57:12,Other,DRS DETECTION AT D1 NOW AUTOMATICALLY ACTIVE,,,,,,22,2018,4
2018-04-29 12:59:36,Other, INCIDENT INVOLVING CAR 11 (PER) UNDER INVESTIGATION - OVERTAKING BEFORE THE SAFETY CAR LINE,,,,,,23,2018,4
2018-04-29 13:00:03,Flag,WAVED BLUE FLAG FOR CAR 28 (HAR) TIMED AT 17:00:02,,BLUE,Driver,,28,24,2018,4
2018-04-29 13:00:34,Other,5 SECOND TIME PENALTY FOR CAR 11 (PER) - OVERTAKING BEFORE THE SAFETY CAR LINE,,,,,,24,2018,4
2018-04-29 13:04:05,Flag,WAVED BLUE FLAG FOR CAR 10 (GAS) TIMED AT 17:04:04,,BLUE,Driver,,10,26,2018,4
2018-04-29 13:05:34,Flag,WAVED BLUE FLAG FOR CAR 9 (ERI) TIMED AT 17:05:33,,BLUE,Driver,,9,27,2018,4
2018-04-29 13:06:02,Flag,WAVED BLUE FLAG FOR CAR 28 (HAR) TIMED AT 17:06:02,,BLUE,Driver,,28,27,2018,4
2018-04-29 13:06:35,Flag,WAVED BLUE FLAG FOR CAR 9 (ERI) TIMED AT 17:06:34,,BLUE,Driver,,9,27,2018,4
2018-04-29 13:06:59,Flag,WAVED BLUE FLAG FOR CAR 9 (ERI) TIMED AT 17:06:58,,BLUE,Driver,,9,28,2018,4
2018-04-29 13:10:36,Flag,WAVED BLUE FLAG FOR CAR 10 (GAS) TIMED AT 17:10:35,,BLUE,Driver,,10,30,2018,4
2018-04-29 13:13:32,Flag,WAVED BLUE FLAG FOR CAR 2 (VAN) TIMED AT 17:13:31,,BLUE,Driver,,2,31,2018,4
2018-04-29 13:14:49,Flag,WAVED BLUE FLAG FOR CAR 2 (VAN) TIMED AT 17:14:48,,BLUE,Driver,,2,32,2018,4
2018-04-29 13:14:59,Flag,WAVED BLUE FLAG FOR CAR 2 (VAN) TIMED AT 17:14:59,,BLUE,Driver,,2,32,2018,4
2018-04-29 13:16:48,Flag,WAVED BLUE FLAG FOR CAR 9 (ERI) TIMED AT 17:16:47,,BLUE,Driver,,9,33,2018,4
2018-04-29 13:17:05,Flag,WAVED BLUE FLAG FOR CAR 28 (HAR) TIMED AT 17:17:04,,BLUE,Driver,,28,33,2018,4
2018-04-29 13:17:42,Flag,WAVED BLUE FLAG FOR CAR 10 (GAS) TIMED AT 17:17:41,,BLUE,Driver,,10,34,2018,4
2018-04-29 13:18:25,Flag,WAVED BLUE FLAG FOR CAR 20 (MAG) TIMED AT 17:18:24,,BLUE,Driver,,20,34,2018,4
2018-04-29 13:18:59,Flag,WAVED BLUE FLAG FOR CAR 28 (HAR) TIMED AT 17:18:58,,BLUE,Driver,,28,34,2018,4
2018-04-29 13:21:49,Flag,WAVED BLUE FLAG FOR CAR 10 (GAS) TIMED AT 17:21:48,,BLUE,Driver,,10,36,2018,4
2018-04-29 13:24:18,Flag,WAVED BLUE FLAG FOR CAR 10 (GAS) TIMED AT 17:24:17,,BLUE,Driver,,10,37,2018,4
2018-04-29 13:24:30,Flag,WAVED BLUE FLAG FOR CAR 9 (ERI) TIMED AT 17:24:29,,BLUE,Driver,,9,37,2018,4
2018-04-29 13:24:56,Flag,WAVED BLUE FLAG FOR CAR 9 (ERI) TIMED AT 17:24:55,,BLUE,Driver,,9,38,2018,4
2018-04-29 13:25:57,Flag,WAVED BLUE FLAG FOR CAR 20 (MAG) TIMED AT 17:25:56,,BLUE,Driver,,20,38,2018,4
2018-04-29 13:27:04,Flag,WAVED BLUE FLAG FOR CAR 2 (VAN) TIMED AT 17:27:04,,BLUE,Driver,,2,39,2018,4
2018-04-29 13:29:06,Flag,WAVED BLUE FLAG FOR CAR 9 (ERI) TIMED AT 17:29:06,,BLUE,Driver,,9,40,2018,4
2018-04-29 13:29:08,Other,"INCIDENT INVOLVING CARS 11 (PER), 18 (STR) AND 20 (MAG) WILL BE INVESTIGATED AFTER THE RACE - USE OF DRS WHEN NOT PERMITTED",,,,,,40,2018,4
2018-04-29 13:29:09,Flag,YELLOW IN TRACK SECTOR 1,,YELLOW,Sector,1.0,,40,2018,4
2018-04-29 13:29:10,Drs,DRS DISABLED,DISABLED,,,,,40,2018,4
2018-04-29 13:29:14,Flag,DOUBLE YELLOW IN TRACK SECTOR 1,,DOUBLE YELLOW,Sector,1.0,,40,2018,4
2018-04-29 13:29:16,Flag,DOUBLE YELLOW IN TRACK SECTOR 20,,DOUBLE YELLOW,Sector,20.0,,40,2018,4
2018-04-29 13:29:26,Flag,WAVED BLUE FLAG FOR CAR 20 (MAG) TIMED AT 17:29:25,,BLUE,Driver,,20,40,2018,4
2018-04-29 13:29:50,SafetyCar,SAFETY CAR DEPLOYED,DEPLOYED,,,,,40,2018,4
2018-04-29 13:30:16,SafetyCar,SAFETY CAR THROUGH THE PIT LANE,THROUGH THE PIT LANE,,,,,41,2018,4
2018-04-29 13:32:57,Other,SAFETY CAR WILL USE START/FINISH STRAIGHT,,,,,,41,2018,4
2018-04-29 13:34:58,Other,"LAPPED CARS MAY NOW OVERTAKE - 2,9,10,20,28",,,,,,42,2018,4
2018-04-29 13:36:53,Flag,CLEAR IN TRACK SECTOR 20,,CLEAR,Sector,20.0,,43,2018,4
2018-04-29 13:36:55,Flag,CLEAR IN TRACK SECTOR 1,,CLEAR,Sector,1.0,,43,2018,4
2018-04-29 13:39:13,Other,MEDICAL CAR DEPLOYED,,,,,,44,2018,4
2018-04-29 13:40:27,Flag,DOUBLE YELLOW IN TRACK SECTOR 12,,DOUBLE YELLOW,Sector,12.0,,44,2018,4
2018-04-29 13:43:25,Flag,DOUBLE YELLOW IN TRACK SECTOR 11,,DOUBLE YELLOW,Sector,11.0,,45,2018,4
2018-04-29 13:46:47,Flag,CLEAR IN TRACK SECTOR 11,,CLEAR,Sector,11.0,,46,2018,4
2018-04-29 13:46:52,Flag,CLEAR IN TRACK SECTOR 12,,CLEAR,Sector,12.0,,46,2018,4
2018-04-29 13:48:54,SafetyCar,SAFETY CAR IN THIS LAP,IN THIS LAP,,,,,47,2018,4
2018-04-29 13:50:03,Flag,TRACK CLEAR,,CLEAR,Track,,,47,2018,4
2018-04-29 13:52:30,Flag,YELLOW IN TRACK SECTOR 2,,YELLOW,Sector,2.0,,49,2018,4
2018-04-29 13:52:34,Flag,CLEAR IN TRACK SECTOR 2,,CLEAR,Sector,2.0,,49,2018,4
2018-04-29 13:52:44,Flag,YELLOW IN TRACK SECTOR 2,,YELLOW,Sector,2.0,,49,2018,4
2018-04-29 13:53:03,Flag,DOUBLE YELLOW IN TRACK SECTOR 2,,DOUBLE YELLOW,Sector,2.0,,49,2018,4
2018-04-29 13:53:07,Flag,YELLOW IN TRACK SECTOR 4,,YELLOW,Sector,4.0,,49,2018,4
2018-04-29 13:53:09,CarEvent,CAR 77 (BOT) STOPPED AT TURN 3,,,,,77,49,2018,4
2018-04-29 13:53:44,Drs,DRS ENABLED,ENABLED,,,,,49,2018,4
2018-04-29 13:53:45,Drs,DRS DISABLED,DISABLED,,,,,49,2018,4
2018-04-29 13:53:50,Flag,CLEAR IN TRACK SECTOR 2,,CLEAR,Sector,2.0,,49,2018,4
2018-04-29 13:53:59,Flag,CLEAR IN TRACK SECTOR 4,,CLEAR,Sector,4.0,,50,2018,4
2018-04-29 13:54:00,Drs,DRS ENABLED,ENABLED,,,,,50,2018,4
2018-04-29 13:54:17,Other,TURN 1 INCIDENT INVOLVING CARS 3 (RIC) AND 33 (VER) WILL BE INVESTIGATED AFTER THE RACE,,,,,,50,2018,4
2018-04-29 13:56:49,Other,TURN 20 INCIDENT INVOLVING CARS 10 (GAS) AND 20 (MAG) WILL BE INVESTIGATED AFTER THE RACE,,,,,,51,2018,4
2018-04-29 13:57:24,Flag,CHEQUERED FLAG,,CHEQUERED,Track,,,51,2018,4
2018-05-13 13:07:05,Drs,DRS DISABLED,DISABLED,,,,,1,2018,5
2018-05-13 13:13:11,Flag,GREEN LIGHT - PIT EXIT OPEN,,GREEN,Track,,,1,2018,5
2018-05-13 13:13:46,Flag,YELLOW IN TRACK SECTOR 4,,YELLOW,Sector,4.0,,1,2018,5
2018-05-13 13:13:49,Flag,DOUBLE YELLOW IN TRACK SECTOR 4,,DOUBLE YELLOW,Sector,4.0,,1,2018,5
2018-05-13 13:13:52,SafetyCar,SAFETY CAR DEPLOYED,DEPLOYED,,,,,1,2018,5
2018-05-13 13:24:10,Other,TURN 3 INCIDENT INVOLVING CAR 8 (GRO) WILL BE INVESTIGATED AFTER THE RACE,,,,,,5,2018,5
2018-05-13 13:24:51,Flag,CLEAR IN TRACK SECTOR 4,,CLEAR,Sector,4.0,,6,2018,5
2018-05-13 13:24:55,SafetyCar,SAFETY CAR IN THIS LAP,IN THIS LAP,,,,,6,2018,5
2018-05-13 13:26:08,Flag,TRACK CLEAR,,CLEAR,Track,,,6,2018,5
2018-05-13 13:28:40,Drs,DRS ENABLED,ENABLED,,,,,8,2018,5
2018-05-13 13:29:41,Other,TURN 2 INCIDENT INVOLVING CAR 2 (VAN) UNDER INVESTIGATION - FAILING TO STAY TO THE LEFT OF THE BOLLARD AT TURN 2,,,,,,9,2018,5
2018-05-13 13:30:46,Other,5 SECOND TIME PENALTY FOR CAR 2 (VAN) - FAILING TO STAY TO THE LEFT OF THE BOLLARD AT TURN 2 ON LAP 1,,,,,,10,2018,5
2018-05-13 13:50:04,Flag,WAVED BLUE FLAG FOR CAR 18 (STR) TIMED AT 15:50:04,,BLUE,Driver,,18,24,2018,5
2018-05-13 13:54:57,Flag,WAVED BLUE FLAG FOR CAR 35 (SIR) TIMED AT 15:54:56,,BLUE,Driver,,35,27,2018,5
2018-05-13 13:55:31,Flag,WAVED BLUE FLAG FOR CAR 35 (SIR) TIMED AT 15:55:31,,BLUE,Driver,,35,28,2018,5
2018-05-13 13:57:32,Flag,WAVED BLUE FLAG FOR CAR 35 (SIR) TIMED AT 15:57:32,,BLUE,Driver,,35,29,2018,5
2018-05-13 13:59:33,Flag,WAVED BLUE FLAG FOR CAR 35 (SIR) TIMED AT 15:59:32,,BLUE,Driver,,35,31,2018,5
2018-05-13 14:00:07,Flag,WAVED BLUE FLAG FOR CAR 35 (SIR) TIMED AT 16:00:06,,BLUE,Driver,,35,31,2018,5
2018-05-13 14:00:25,Flag,WAVED BLUE FLAG FOR CAR 11 (PER) TIMED AT 16:00:25,,BLUE,Driver,,11,31,2018,5
2018-05-13 14:03:15,Flag,WAVED BLUE FLAG FOR CAR 18 (STR) TIMED AT 16:03:14,,BLUE,Driver,,18,33,2018,5
2018-05-13 14:05:09,Flag,WAVED BLUE FLAG FOR CAR 28 (HAR) TIMED AT 16:05:09,,BLUE,Driver,,28,35,2018,5
2018-05-13 14:07:08,Flag,WAVED BLUE FLAG FOR CAR 35 (SIR) TIMED AT 16:07:08,,BLUE,Driver,,35,36,2018,5
2018-05-13 14:07:50,Flag,WAVED BLUE FLAG FOR CAR 14 (ALO) TIMED AT 16:07:50,,BLUE,Driver,,14,37,2018,5
2018-05-13 14:08:11,Flag,WAVED BLUE FLAG FOR CAR 18 (STR) TIMED AT 16:08:10,,BLUE,Driver,,18,37,2018,5
2018-05-13 14:08:40,Flag,WAVED BLUE FLAG FOR CAR 16 (LEC) TIMED AT 16:08:39,,BLUE,Driver,,16,37,2018,5
2018-05-13 14:08:53,Flag,WAVED BLUE FLAG FOR CAR 18 (STR) TIMED AT 16:08:52,,BLUE,Driver,,18,38,2018,5
2018-05-13 14:09:06,Flag,WAVED BLUE FLAG FOR CAR 2 (VAN) TIMED AT 16:09:05,,BLUE,Driver,,2,38,2018,5
2018-05-13 14:09:35,Flag,WAVED BLUE FLAG FOR CAR 31 (OCO) TIMED AT 16:09:35,,BLUE,Driver,,31,38,2018,5
2018-05-13 14:10:02,Flag,WAVED BLUE FLAG FOR CAR 55 (SAI) TIMED AT 16:10:02,,BLUE,Driver,,55,38,2018,5
2018-05-13 14:10:22,Flag,WAVED BLUE FLAG FOR CAR 9 (ERI) TIMED AT 16:10:21,,BLUE,Driver,,9,39,2018,5
2018-05-13 14:11:52,Flag,WAVED BLUE FLAG FOR CAR 28 (HAR) TIMED AT 16:11:51,,BLUE,Driver,,28,40,2018,5
2018-05-13 14:11:58,Flag,WAVED BLUE FLAG FOR CAR 11 (PER) TIMED AT 16:11:58,,BLUE,Driver,,11,40,2018,5
2018-05-13 14:12:38,Flag,YELLOW IN TRACK SECTOR 6,,YELLOW,Sector,6.0,,40,2018,5
2018-05-13 14:12:39,Flag,YELLOW IN TRACK SECTOR 7,,YELLOW,Sector,7.0,,40,2018,5
2018-05-13 14:12:41,Flag,WAVED BLUE FLAG FOR CAR 11 (PER) TIMED AT 16:12:41,,BLUE,Driver,,11,40,2018,5
2018-05-13 14:12:57,Flag,CLEAR IN TRACK SECTOR 6,,CLEAR,Sector,6.0,,41,2018,5
2018-05-13 14:12:57,Flag,WAVED BLUE FLAG FOR CAR 18 (STR) TIMED AT 16:12:57,,BLUE,Driver,,18,41,2018,5
2018-05-13 14:13:07,Flag,DOUBLE YELLOW IN TRACK SECTOR 6,,DOUBLE YELLOW,Sector,6.0,,41,2018,5
2018-05-13 14:13:09,Flag,DOUBLE YELLOW IN TRACK SECTOR 7,,DOUBLE YELLOW,Sector,7.0,,41,2018,5
2018-05-13 14:13:13,SafetyCar,VIRTUAL SAFETY CAR DEPLOYED,DEPLOYED,,,,,41,2018,5
2018-05-13 14:16:27,Flag,CLEAR IN TRACK SECTOR 6,,CLEAR,Sector,6.0,,42,2018,5
2018-05-13 14:16:30,Flag,CLEAR IN TRACK SECTOR 7,,CLEAR,Sector,7.0,,42,2018,5
2018-05-13 14:16:33,SafetyCar,VIRTUAL SAFETY CAR ENDING,ENDING,,,,,42,2018,5
2018-05-13 14:16:47,Flag,TRACK CLEAR,,CLEAR,Track,,,43,2018,5
2018-05-13 14:16:47,Flag,WAVED BLUE FLAG FOR CAR 18 (STR) TIMED AT 16:16:47,,BLUE,Driver,,18,43,2018,5
2018-05-13 14:16:48,Drs,DRS ENABLED,ENABLED,,,,,43,2018,5
2018-05-13 14:16:52,Flag,YELLOW IN TRACK SECTOR 11,,YELLOW,Sector,11.0,,43,2018,5
2018-05-13 14:16:52,Flag,YELLOW IN TRACK SECTOR 12,,YELLOW,Sector,12.0,,43,2018,5
2018-05-13 14:16:53,Drs,DRS DISABLED,DISABLED,,,,,43,2018,5
2018-05-13 14:16:54,Flag,CLEAR IN TRACK SECTOR 12,,CLEAR,Sector,12.0,,43,2018,5
2018-05-13 14:17:00,Flag,CLEAR IN TRACK SECTOR 11,,CLEAR,Sector,11.0,,43,2018,5
2018-05-13 14:17:00,Drs,DRS ENABLED,ENABLED,,,,,43,2018,5
2018-05-13 14:17:20,CarEvent,CAR 35 (SIR) OFF TRACK AND CONTINUED AT TURN 9,,,,,35,43,2018,5
2018-05-13 14:17:46,Flag,WAVED BLUE FLAG FOR CAR 16 (LEC) TIMED AT 16:17:45,,BLUE,Driver,,16,43,2018,5
2018-05-13 14:18:18,Flag,WAVED BLUE FLAG FOR CAR 35 (SIR) TIMED AT 16:18:18,,BLUE,Driver,,35,44,2018,5
2018-05-13 14:18:36,Flag,WAVED BLUE FLAG FOR CAR 14 (ALO) TIMED AT 16:18:35,,BLUE,Driver,,14,44,2018,5
2018-05-13 14:20:53,Flag,WAVED BLUE FLAG FOR CAR 28 (HAR) TIMED AT 16:20:52,,BLUE,Driver,,28,46,2018,5
2018-05-13 14:22:51,Flag,WAVED BLUE FLAG FOR CAR 2 (VAN) TIMED AT 16:22:50,,BLUE,Driver,,2,47,2018,5
2018-05-13 14:23:46,Flag,WAVED BLUE FLAG FOR CAR 16 (LEC) TIMED AT 16:23:45,,BLUE,Driver,,16,48,2018,5
2018-05-13 14:24:13,Flag,WAVED BLUE FLAG FOR CAR 35 (SIR) TIMED AT 16:24:13,,BLUE,Driver,,35,48,2018,5
2018-05-13 14:24:23,Flag,WAVED BLUE FLAG FOR CAR 55 (SAI) TIMED AT 16:24:23,,BLUE,Driver,,55,48,2018,5
2018-05-13 14:24:28,Flag,WAVED BLUE FLAG FOR CAR 16 (LEC) TIMED AT 16:24:27,,BLUE,Driver,,16,48,2018,5
2018-05-13 14:25:14,Flag,WAVED BLUE FLAG FOR CAR 9 (ERI) TIMED AT 16:25:14,,BLUE,Driver,,9,49,2018,5
2018-05-13 14:26:15,Flag,WAVED BLUE FLAG FOR CAR 14 (ALO) TIMED AT 16:26:14,,BLUE,Driver,,14,50,2018,5
2018-05-13 14:26:20,Flag,WAVED BLUE FLAG FOR CAR 18 (STR) TIMED AT 16:26:20,,BLUE,Driver,,18,50,2018,5
2018-05-13 14:26:58,Flag,WAVED BLUE FLAG FOR CAR 14 (ALO) TIMED AT 16:26:58,,BLUE,Driver,,14,50,2018,5
2018-05-13 14:28:21,Flag,WAVED BLUE FLAG FOR CAR 35 (SIR) TIMED AT 16:28:21,,BLUE,Driver,,35,51,2018,5
2018-05-13 14:29:08,Flag,WAVED BLUE FLAG FOR CAR 35 (SIR) TIMED AT 16:29:07,,BLUE,Driver,,35,52,2018,5
2018-05-13 14:30:17,Flag,WAVED BLUE FLAG FOR CAR 35 (SIR) TIMED AT 16:30:17,,BLUE,Driver,,35,53,2018,5
2018-05-13 14:30:25,Flag,WAVED BLUE FLAG FOR CAR 20 (MAG) TIMED AT 16:30:25,,BLUE,Driver,,20,53,2018,5
2018-05-13 14:32:05,Flag,WAVED BLUE FLAG FOR CAR 55 (SAI) TIMED AT 16:32:04,,BLUE,Driver,,55,54,2018,5
2018-05-13 14:32:32,Flag,WAVED BLUE FLAG FOR CAR 11 (PER) TIMED AT 16:32:31,,BLUE,Driver,,11,54,2018,5
2018-05-13 14:33:19,Flag,WAVED BLUE FLAG FOR CAR 16 (LEC) TIMED AT 16:33:18,,BLUE,Driver,,16,55,2018,5
2018-05-13 14:35:06,Flag,WAVED BLUE FLAG FOR CAR 35 (SIR) TIMED AT 16:35:06,,BLUE,Driver,,35,56,2018,5
2018-05-13 14:40:22,Flag,WAVED BLUE FLAG FOR CAR 28 (HAR) TIMED AT 16:40:21,,BLUE,Driver,,28,60,2018,5
2018-05-13 14:40:48,Flag,WAVED BLUE FLAG FOR CAR 14 (ALO) TIMED AT 16:40:47,,BLUE,Driver,,14,61,2018,5
2018-05-13 14:40:52,Flag,WAVED BLUE FLAG FOR CAR 9 (ERI) TIMED AT 16:40:51,,BLUE,Driver,,9,61,2018,5
2018-05-13 14:41:01,Flag,WAVED BLUE FLAG FOR CAR 35 (SIR) TIMED AT 16:41:00,,BLUE,Driver,,35,61,2018,5
2018-05-13 14:42:35,Flag,WAVED BLUE FLAG FOR CAR 35 (SIR) TIMED AT 16:42:34,,BLUE,Driver,,35,62,2018,5
2018-05-13 14:43:58,Flag,WAVED BLUE FLAG FOR CAR 18 (STR) TIMED AT 16:43:57,,BLUE,Driver,,18,63,2018,5
2018-05-13 14:45:19,Flag,WAVED BLUE FLAG FOR CAR 55 (SAI) TIMED AT 16:45:18,,BLUE,Driver,,55,64,2018,5
2018-05-13 14:45:46,Flag,WAVED BLUE FLAG FOR CAR 9 (ERI) TIMED AT 16:45:45,,BLUE,Driver,,9,64,2018,5
2018-05-13 14:45:56,Flag,WAVED BLUE FLAG FOR CAR 35 (SIR) TIMED AT 16:45:55,,BLUE,Driver,,35,64,2018,5
2018-05-13 14:46:27,Flag,WAVED BLUE FLAG FOR CAR 16 (LEC) TIMED AT 16:46:26,,BLUE,Driver,,16,65,2018,5
2018-05-13 14:47:11,Flag,WAVED BLUE FLAG FOR CAR 9 (ERI) TIMED AT 16:47:10,,BLUE,Driver,,9,65,2018,5
2018-05-13 14:48:24,Flag,WAVED BLUE FLAG FOR CAR 11 (PER) TIMED AT 16:48:24,,BLUE,Driver,,11,66,2018,5
2018-05-13 14:48:41,Flag,CHEQUERED FLAG,,CHEQUERED,Track,,,66,2018,5
2018-05-27 13:07:07,Drs,DRS DISABLED,DISABLED,,,,,1,2018,6
2018-05-27 13:10:10,Other,INCIDENT INVOLVING CAR 35 (SIR) NOTED - WHEELS NOT FITTED AT THE 3 MINUTE SIGNAL,,,,,,1,2018,6
2018-05-27 13:12:47,Flag,GREEN LIGHT - PIT EXIT OPEN,,GREEN,Track,,,1,2018,6
2018-05-27 13:13:26,Flag,YELLOW IN TRACK SECTOR 6,,YELLOW,Sector,6.0,,1,2018,6
2018-05-27 13:14:24,Flag,CLEAR IN TRACK SECTOR 6,,CLEAR,Sector,6.0,,2,2018,6
2018-05-27 13:15:48,Drs,DRS ENABLED,ENABLED,,,,,3,2018,6
2018-05-27 13:18:56,Other,INCIDENT INVOLVING CAR 35 (SIR) UNDER INVESTIGATION - WHEELS NOT FITTED AT THE 3 MINUTE SIGNAL,,,,,,5,2018,6
2018-05-27 13:20:33,Other,10 SECOND STOP/GO PENALTY FOR CAR 35 (SIR) - WHEELS NOT FITTED AT THE 3 MINUTE SIGNAL,,,,,,6,2018,6
2018-05-27 13:25:38,Flag,WAVED BLUE FLAG FOR CAR 18 (STR) TIMED AT 15:25:38,,BLUE,Driver,,18,10,2018,6
2018-05-27 13:26:21,Flag,WAVED BLUE FLAG FOR CAR 18 (STR) TIMED AT 15:26:21,,BLUE,Driver,,18,11,2018,6
2018-05-27 13:27:09,Flag,WAVED BLUE FLAG FOR CAR 18 (STR) TIMED AT 15:27:08,,BLUE,Driver,,18,12,2018,6
2018-05-27 13:27:18,Flag,WAVED BLUE FLAG FOR CAR 18 (STR) TIMED AT 15:27:18,,BLUE,Driver,,18,12,2018,6
2018-05-27 13:27:32,Flag,WAVED BLUE FLAG FOR CAR 18 (STR) TIMED AT 15:27:31,,BLUE,Driver,,18,12,2018,6
2018-05-27 13:27:47,Flag,WAVED BLUE FLAG FOR CAR 18 (STR) TIMED AT 15:27:47,,BLUE,Driver,,18,12,2018,6
2018-05-27 13:28:57,Other,INCIDENT INVOLVING CAR 35 (SIR) UNDER INVESTIGATION - WORKING ON THE CAR WHILE SERVING A 10 SECONDS STOP/GO PENALTY,,,,,,13,2018,6
2018-05-27 13:29:44,Flag,DOUBLE YELLOW IN TRACK SECTOR 6,,DOUBLE YELLOW,Sector,6.0,,14,2018,6
2018-05-27 13:29:52,Flag,CLEAR IN TRACK SECTOR 6,,CLEAR,Sector,6.0,,14,2018,6
2018-05-27 13:32:16,Other,INCIDENT INVOLVING CAR 35 (SIR) - NO FURTHER ACTION,,,,,,16,2018,6
2018-05-27 13:32:46,Other,INCIDENT INVOLVING CAR 28 (HAR) UNDER INVESTIGATION - SPEEDING IN THE PIT LANE,,,,,,16,2018,6
2018-05-27 13:32:57,Flag,WAVED BLUE FLAG FOR CAR 35 (SIR) TIMED AT 15:32:57,,BLUE,Driver,,35,16,2018,6
2018-05-27 13:34:36,Flag,WAVED BLUE FLAG FOR CAR 18 (STR) TIMED AT 15:34:35,,BLUE,Driver,,18,17,2018,6
2018-05-27 13:37:06,Flag,WAVED BLUE FLAG FOR CAR 18 (STR) TIMED AT 15:37:05,,BLUE,Driver,,18,19,2018,6
2018-05-27 13:43:02,Other,5 SECOND TIME PENALTY FOR CAR 28 (HAR) - SPEEDING IN THE PIT LANE,,,,,,24,2018,6
2018-05-27 13:43:26,Flag,WAVED BLUE FLAG FOR CAR 18 (STR) TIMED AT 15:43:25,,BLUE,Driver,,18,24,2018,6
2018-05-27 13:44:31,Flag,WAVED BLUE FLAG FOR CAR 18 (STR) TIMED AT 15:44:30,,BLUE,Driver,,18,25,2018,6
2018-05-27 13:44:48,Flag,WAVED BLUE FLAG FOR CAR 18 (STR) TIMED AT 15:44:48,,BLUE,Driver,,18,25,2018,6
2018-05-27 13:50:37,Flag,WAVED BLUE FLAG FOR CAR 35 (SIR) TIMED AT 15:50:37,,BLUE,Driver,,35,29,2018,6
2018-05-27 13:50:47,Flag,WAVED BLUE FLAG FOR CAR 18 (STR) TIMED AT 15:50:47,,BLUE,Driver,,18,29,2018,6
2018-05-27 13:51:44,Flag,WAVED BLUE FLAG FOR CAR 18 (STR) TIMED AT 15:51:44,,BLUE,Driver,,18,30,2018,6
2018-05-27 13:59:38,Flag,WAVED BLUE FLAG FOR CAR 18 (STR) TIMED AT 15:59:38,,BLUE,Driver,,18,36,2018,6
2018-05-27 14:10:59,Flag,WAVED BLUE FLAG FOR CAR 18 (STR) TIMED AT 16:10:59,,BLUE,Driver,,18,45,2018,6
2018-05-27 14:19:51,Flag,WAVED BLUE FLAG FOR CAR 35 (SIR) TIMED AT 16:19:51,,BLUE,Driver,,35,51,2018,6
2018-05-27 14:22:03,Flag,YELLOW IN TRACK SECTOR 1,,YELLOW,Sector,1.0,,53,2018,6
2018-05-27 14:22:04,Drs,DRS DISABLED,DISABLED,,,,,53,2018,6
2018-05-27 14:22:13,Flag,DOUBLE YELLOW IN TRACK SECTOR 1,,DOUBLE YELLOW,Sector,1.0,,53,2018,6
2018-05-27 14:22:18,Flag,YELLOW IN TRACK SECTOR 19,,YELLOW,Sector,19.0,,53,2018,6
2018-05-27 14:22:41,CarEvent,CAR 14 (ALO) STOPPED AT TURN 1,,,,,14,54,2018,6
2018-05-27 14:23:04,Flag,CLEAR IN TRACK SECTOR 19,,CLEAR,Sector,19.0,,54,2018,6
2018-05-27 14:23:09,Flag,CLEAR IN TRACK SECTOR 1,,CLEAR,Sector,1.0,,54,2018,6
2018-05-27 14:23:09,Drs,DRS ENABLED,ENABLED,,,,,54,2018,6
2018-05-27 14:32:42,Flag,WAVED BLUE FLAG FOR CAR 18 (STR) TIMED AT 16:32:42,,BLUE,Driver,,18,61,2018,6
2018-05-27 14:33:18,Flag,WAVED BLUE FLAG FOR CAR 18 (STR) TIMED AT 16:33:18,,BLUE,Driver,,18,62,2018,6
2018-05-27 14:42:16,Flag,WAVED BLUE FLAG FOR CAR 8 (GRO) TIMED AT 16:42:16,,BLUE,Driver,,8,69,2018,6
2018-05-27 14:43:24,Flag,WAVED BLUE FLAG FOR CAR 8 (GRO) TIMED AT 16:43:23,,BLUE,Driver,,8,69,2018,6
2018-05-27 14:46:35,Flag,YELLOW IN TRACK SECTOR 12,,YELLOW,Sector,12.0,,72,2018,6
2018-05-27 14:46:46,Flag,DOUBLE YELLOW IN TRACK SECTOR 12,,DOUBLE YELLOW,Sector,12.0,,72,2018,6
2018-05-27 14:47:05,Flag,WAVED BLUE FLAG FOR CAR 28 (HAR) TIMED AT 16:47:05,,BLUE,Driver,,28,72,2018,6
2018-05-27 14:47:09,Flag,YELLOW IN TRACK SECTOR 16,,YELLOW,Sector,16.0,,72,2018,6
2018-05-27 14:47:12,Flag,CLEAR IN TRACK SECTOR 16,,CLEAR,Sector,16.0,,72,2018,6
2018-05-27 14:47:19,SafetyCar,VIRTUAL SAFETY CAR DEPLOYED,DEPLOYED,,,,,72,2018,6
2018-05-27 14:47:44,CarEvent,CAR 16 (LEC) STOPPED AT TURN 11,,,,,16,73,2018,6
2018-05-27 14:49:16,Flag,CLEAR IN TRACK SECTOR 12,,CLEAR,Sector,12.0,,74,2018,6
2018-05-27 14:49:23,SafetyCar,VIRTUAL SAFETY CAR ENDING,ENDING,,,,,74,2018,6
2018-05-27 14:49:35,Flag,TRACK CLEAR,,CLEAR,Track,,,74,2018,6
2018-05-27 14:49:35,Flag,WAVED BLUE FLAG FOR CAR 2 (VAN) TIMED AT 16:49:34,,BLUE,Driver,,2,74,2018,6
2018-05-27 14:49:36,Drs,DRS ENABLED,ENABLED,,,,,74,2018,6
2018-05-27 14:51:11,Flag,WAVED BLUE FLAG FOR CAR 35 (SIR) TIMED AT 16:51:11,,BLUE,Driver,,35,75,2018,6
2018-05-27 14:55:40,Flag,CHEQUERED FLAG,,CHEQUERED,Track,,,78,2018,6
2018-06-10 18:07:09,Drs,DRS DISABLED,DISABLED,,,,,1,2018,7
2018-06-10 18:12:57,Flag,GREEN LIGHT - PIT EXIT OPEN,,GREEN,Track,,,1,2018,7
2018-06-10 18:13:29,Flag,YELLOW IN TRACK SECTOR 5,,YELLOW,Sector,5.0,,1,2018,7
2018-06-10 18:13:30,Flag,DOUBLE YELLOW IN TRACK SECTOR 5,,DOUBLE YELLOW,Sector,5.0,,1,2018,7
2018-06-10 18:13:40,Flag,YELLOW IN TRACK SECTOR 6,,YELLOW,Sector,6.0,,1,2018,7
2018-06-10 18:13:42,SafetyCar,SAFETY CAR DEPLOYED,DEPLOYED,,,,,1,2018,7
2018-06-10 18:19:55,SafetyCar,SAFETY CAR IN THIS LAP,IN THIS LAP,,,,,4,2018,7
2018-06-10 18:20:00,Flag,CLEAR IN TRACK SECTOR 6,,CLEAR,Sector,6.0,,4,2018,7
2018-06-10 18:20:28,Flag,CLEAR IN TRACK SECTOR 5,,CLEAR,Sector,5.0,,4,2018,7
2018-06-10 18:20:35,Flag,TRACK CLEAR,,CLEAR,Track,,,4,2018,7
2018-06-10 18:22:01,Other,TURN 6 INCIDENT INVOLVING CARS 18 (STR) AND 28 (HAR) UNDER INVESTIGATION,,,,,,5,2018,7
2018-06-10 18:22:27,Other,TURN 1 INCIDENT INVOLVING CARS 11 (PER) AND 55 (SAI) NOTED,,,,,,6,2018,7
2018-06-10 18:23:27,Other,TURN 6 INCIDENT INVOLVING CARS 18 (STR) AND 28 (HAR) - NO FURTHER ACTION,,,,,,6,2018,7
2018-06-10 18:23:35,Drs,DRS ENABLED,ENABLED,,,,,6,2018,7
2018-06-10 18:23:59,Other,TURN 1 INCIDENT INVOLVING CARS 11 (PER) AND 55 (SAI) UNDER INVESTIGATION,,,,,,7,2018,7
2018-06-10 18:30:53,Other,TURN 1 INCIDENT INVOLVING CARS 11 (PER) AND 55 (SAI) - NO FURTHER ACTION,,,,,,12,2018,7
2018-06-10 18:48:40,Flag,WAVED BLUE FLAG FOR CAR 9 (ERI) TIMED AT 14:48:40,,BLUE,Driver,,9,26,2018,7
2018-06-10 18:48:58,Flag,WAVED BLUE FLAG FOR CAR 2 (VAN) TIMED AT 14:48:58,,BLUE,Driver,,2,27,2018,7
2018-06-10 18:49:37,Flag,WAVED BLUE FLAG FOR CAR 35 (SIR) TIMED AT 14:49:36,,BLUE,Driver,,35,27,2018,7
2018-06-10 18:49:40,Flag,WAVED BLUE FLAG FOR CAR 9 (ERI) TIMED AT 14:49:40,,BLUE,Driver,,9,27,2018,7
2018-06-10 18:50:33,Flag,WAVED BLUE FLAG FOR CAR 2 (VAN) TIMED AT 14:50:33,,BLUE,Driver,,2,28,2018,7
2018-06-10 18:54:12,Flag,WAVED BLUE FLAG FOR CAR 20 (MAG) TIMED AT 14:54:11,,BLUE,Driver,,20,31,2018,7
2018-06-10 18:54:46,Flag,WAVED BLUE FLAG FOR CAR 35 (SIR) TIMED AT 14:54:45,,BLUE,Driver,,35,31,2018,7
2018-06-10 18:55:54,Flag,WAVED BLUE FLAG FOR CAR 11 (PER) TIMED AT 14:55:53,,BLUE,Driver,,11,32,2018,7
2018-06-10 18:56:05,Flag,WAVED BLUE FLAG FOR CAR 35 (SIR) TIMED AT 14:56:04,,BLUE,Driver,,35,32,2018,7
2018-06-10 18:56:49,Flag,WAVED BLUE FLAG FOR CAR 35 (SIR) TIMED AT 14:56:49,,BLUE,Driver,,35,33,2018,7
2018-06-10 18:57:29,Flag,WAVED BLUE FLAG FOR CAR 20 (MAG) TIMED AT 14:57:29,,BLUE,Driver,,20,33,2018,7
2018-06-10 18:57:51,Flag,WAVED BLUE FLAG FOR CAR 10 (GAS) TIMED AT 14:57:50,,BLUE,Driver,,10,34,2018,7
2018-06-10 18:58:37,Flag,WAVED BLUE FLAG FOR CAR 16 (LEC) TIMED AT 14:58:36,,BLUE,Driver,,16,34,2018,7
2018-06-10 19:03:00,Flag,WAVED BLUE FLAG FOR CAR 9 (ERI) TIMED AT 15:02:59,,BLUE,Driver,,9,38,2018,7
2018-06-10 19:04:24,Flag,WAVED BLUE FLAG FOR CAR 2 (VAN) TIMED AT 15:04:24,,BLUE,Driver,,2,39,2018,7
2018-06-10 19:04:33,Flag,WAVED BLUE FLAG FOR CAR 9 (ERI) TIMED AT 15:04:33,,BLUE,Driver,,9,39,2018,7
2018-06-10 19:05:17,Flag,WAVED BLUE FLAG FOR CAR 9 (ERI) TIMED AT 15:05:17,,BLUE,Driver,,9,39,2018,7
2018-06-10 19:06:08,Flag,WAVED BLUE FLAG FOR CAR 20 (MAG) TIMED AT 15:06:07,,BLUE,Driver,,20,40,2018,7
2018-06-10 19:07:15,Flag,WAVED BLUE FLAG FOR CAR 2 (VAN) TIMED AT 15:07:14,,BLUE,Driver,,2,41,2018,7
2018-06-10 19:08:34,Flag,WAVED BLUE FLAG FOR CAR 14 (ALO) TIMED AT 15:08:33,,BLUE,Driver,,14,42,2018,7
2018-06-10 19:08:57,Flag,WAVED BLUE FLAG FOR CAR 20 (MAG) TIMED AT 15:08:57,,BLUE,Driver,,20,42,2018,7
2018-06-10 19:09:13,Flag,WAVED BLUE FLAG FOR CAR 14 (ALO) TIMED AT 15:09:12,,BLUE,Driver,,14,42,2018,7
2018-06-10 19:09:17,Flag,WAVED BLUE FLAG FOR CAR 14 (ALO) TIMED AT 15:09:17,,BLUE,Driver,,14,43,2018,7
2018-06-10 19:09:42,Flag,WAVED BLUE FLAG FOR CAR 2 (VAN) TIMED AT 15:09:41,,BLUE,Driver,,2,43,2018,7
2018-06-10 19:10:05,Flag,WAVED BLUE FLAG FOR CAR 2 (VAN) TIMED AT 15:10:04,,BLUE,Driver,,2,43,2018,7
2018-06-10 19:10:28,Flag,WAVED BLUE FLAG FOR CAR 11 (PER) TIMED AT 15:10:28,,BLUE,Driver,,11,44,2018,7
2018-06-10 19:10:44,Flag,WAVED BLUE FLAG FOR CAR 2 (VAN) TIMED AT 15:10:43,,BLUE,Driver,,2,44,2018,7
2018-06-10 19:11:37,Flag,WAVED BLUE FLAG FOR CAR 20 (MAG) TIMED AT 15:11:37,,BLUE,Driver,,20,44,2018,7
2018-06-10 19:12:03,Flag,WAVED BLUE FLAG FOR CAR 10 (GAS) TIMED AT 15:12:02,,BLUE,Driver,,10,45,2018,7
2018-06-10 19:13:51,Flag,WAVED BLUE FLAG FOR CAR 16 (LEC) TIMED AT 15:13:50,,BLUE,Driver,,16,46,2018,7
2018-06-10 19:14:20,Flag,WAVED BLUE FLAG FOR CAR 11 (PER) TIMED AT 15:14:19,,BLUE,Driver,,11,47,2018,7
2018-06-10 19:14:41,Flag,WAVED BLUE FLAG FOR CAR 10 (GAS) TIMED AT 15:14:40,,BLUE,Driver,,10,47,2018,7
2018-06-10 19:15:40,Flag,WAVED BLUE FLAG FOR CAR 20 (MAG) TIMED AT 15:15:39,,BLUE,Driver,,20,48,2018,7
2018-06-10 19:17:02,Flag,WAVED BLUE FLAG FOR CAR 16 (LEC) TIMED AT 15:17:01,,BLUE,Driver,,16,49,2018,7
2018-06-10 19:18:31,Flag,WAVED BLUE FLAG FOR CAR 10 (GAS) TIMED AT 15:18:30,,BLUE,Driver,,10,50,2018,7
2018-06-10 19:19:14,Flag,WAVED BLUE FLAG FOR CAR 20 (MAG) TIMED AT 15:19:14,,BLUE,Driver,,20,51,2018,7
2018-06-10 19:19:20,Flag,WAVED BLUE FLAG FOR CAR 8 (GRO) TIMED AT 15:19:19,,BLUE,Driver,,8,51,2018,7
2018-06-10 19:19:24,Other,TURN 13 INCIDENT INVOLVING CARS 8 (GRO) AND 31 (OCO) NOTED,,,,,,51,2018,7
2018-06-10 19:20:09,Flag,WAVED BLUE FLAG FOR CAR 31 (OCO) TIMED AT 15:20:09,,BLUE,Driver,,31,51,2018,7
2018-06-10 19:20:49,Flag,WAVED BLUE FLAG FOR CAR 16 (LEC) TIMED AT 15:20:48,,BLUE,Driver,,16,52,2018,7
2018-06-10 19:21:28,Other,TURN 13 INCIDENT INVOLVING CARS 8 (GRO) AND 31 (OCO) - NO INVESTIGATION NECESSARY,,,,,,52,2018,7
2018-06-10 19:22:33,Flag,WAVED BLUE FLAG FOR CAR 55 (SAI) TIMED AT 15:22:32,,BLUE,Driver,,55,53,2018,7
2018-06-10 19:23:03,Flag,WAVED BLUE FLAG FOR CAR 31 (OCO) TIMED AT 15:23:03,,BLUE,Driver,,31,54,2018,7
2018-06-10 19:23:26,Flag,WAVED BLUE FLAG FOR CAR 10 (GAS) TIMED AT 15:23:25,,BLUE,Driver,,10,54,2018,7
2018-06-10 19:23:53,Flag,WAVED BLUE FLAG FOR CAR 27 (HUL) TIMED AT 15:23:52,,BLUE,Driver,,27,54,2018,7
2018-06-10 19:24:10,Flag,WAVED BLUE FLAG FOR CAR 8 (GRO) TIMED AT 15:24:10,,BLUE,Driver,,8,55,2018,7
2018-06-10 19:24:36,Flag,WAVED BLUE FLAG FOR CAR 55 (SAI) TIMED AT 15:24:36,,BLUE,Driver,,55,55,2018,7
2018-06-10 19:25:33,Flag,WAVED BLUE FLAG FOR CAR 55 (SAI) TIMED AT 15:25:33,,BLUE,Driver,,55,56,2018,7
2018-06-10 19:26:35,Flag,WAVED BLUE FLAG FOR CAR 10 (GAS) TIMED AT 15:26:34,,BLUE,Driver,,10,57,2018,7
2018-06-10 19:26:52,Flag,WAVED BLUE FLAG FOR CAR 16 (LEC) TIMED AT 15:26:52,,BLUE,Driver,,16,57,2018,7
2018-06-10 19:27:34,Flag,WAVED BLUE FLAG FOR CAR 31 (OCO) TIMED AT 15:27:34,,BLUE,Driver,,31,57,2018,7
2018-06-10 19:27:35,Flag,WAVED BLUE FLAG FOR CAR 27 (HUL) TIMED AT 15:27:34,,BLUE,Driver,,27,57,2018,7
2018-06-10 19:29:31,Flag,WAVED BLUE FLAG FOR CAR 55 (SAI) TIMED AT 15:29:30,,BLUE,Driver,,55,59,2018,7
2018-06-10 19:29:35,Flag,WAVED BLUE FLAG FOR CAR 35 (SIR) TIMED AT 15:29:35,,BLUE,Driver,,35,59,2018,7
2018-06-10 19:30:02,Flag,WAVED BLUE FLAG FOR CAR 16 (LEC) TIMED AT 15:30:01,,BLUE,Driver,,16,59,2018,7
2018-06-10 19:30:28,Flag,WAVED BLUE FLAG FOR CAR 27 (HUL) TIMED AT 15:30:28,,BLUE,Driver,,27,60,2018,7
2018-06-10 19:32:55,Flag,WAVED BLUE FLAG FOR CAR 2 (VAN) TIMED AT 15:32:54,,BLUE,Driver,,2,62,2018,7
2018-06-10 19:33:37,Flag,WAVED BLUE FLAG FOR CAR 35 (SIR) TIMED AT 15:33:37,,BLUE,Driver,,35,62,2018,7
2018-06-10 19:35:21,Flag,WAVED BLUE FLAG FOR CAR 35 (SIR) TIMED AT 15:35:20,,BLUE,Driver,,35,64,2018,7
2018-06-10 19:35:45,Flag,WAVED BLUE FLAG FOR CAR 31 (OCO) TIMED AT 15:35:44,,BLUE,Driver,,31,64,2018,7
2018-06-10 19:36:18,Flag,WAVED BLUE FLAG FOR CAR 31 (OCO) TIMED AT 15:36:17,,BLUE,Driver,,31,64,2018,7
2018-06-10 19:36:39,Flag,WAVED BLUE FLAG FOR CAR 9 (ERI) TIMED AT 15:36:38,,BLUE,Driver,,9,65,2018,7
2018-06-10 19:37:07,Flag,WAVED BLUE FLAG FOR CAR 55 (SAI) TIMED AT 15:37:07,,BLUE,Driver,,55,65,2018,7
2018-06-10 19:37:24,Flag,WAVED BLUE FLAG FOR CAR 55 (SAI) TIMED AT 15:37:24,,BLUE,Driver,,55,65,2018,7
2018-06-10 19:38:55,Flag,WAVED BLUE FLAG FOR CAR 2 (VAN) TIMED AT 15:38:54,,BLUE,Driver,,2,66,2018,7
2018-06-10 19:39:06,Flag,WAVED BLUE FLAG FOR CAR 31 (OCO) TIMED AT 15:39:05,,BLUE,Driver,,31,67,2018,7
2018-06-10 19:39:24,Flag,WAVED BLUE FLAG FOR CAR 35 (SIR) TIMED AT 15:39:24,,BLUE,Driver,,35,67,2018,7
2018-06-10 19:39:25,Flag,WAVED BLUE FLAG FOR CAR 27 (HUL) TIMED AT 15:39:25,,BLUE,Driver,,27,67,2018,7
2018-06-10 19:40:20,Flag,WAVED BLUE FLAG FOR CAR 9 (ERI) TIMED AT 15:40:20,,BLUE,Driver,,9,68,2018,7
2018-06-10 19:40:25,Flag,WAVED BLUE FLAG FOR CAR 35 (SIR) TIMED AT 15:40:24,,BLUE,Driver,,35,68,2018,7
2018-06-10 19:41:17,Flag,WAVED BLUE FLAG FOR CAR 35 (SIR) TIMED AT 15:41:17,,BLUE,Driver,,35,68,2018,7
2018-06-10 19:41:31,Flag,WAVED BLUE FLAG FOR CAR 35 (SIR) TIMED AT 15:41:31,,BLUE,Driver,,35,69,2018,7
2018-06-10 19:42:11,Flag,WAVED BLUE FLAG FOR CAR 35 (SIR) TIMED AT 15:42:10,,BLUE,Driver,,35,69,2018,7
2018-06-10 19:42:21,Flag,WAVED BLUE FLAG FOR CAR 55 (SAI) TIMED AT 15:42:20,,BLUE,Driver,,55,69,2018,7
2018-06-10 19:43:56,Flag,CHEQUERED FLAG,,CHEQUERED,Track,,,70,2018,7
2018-06-10 19:45:04,Flag,DOUBLE YELLOW IN TRACK SECTOR 8,,DOUBLE YELLOW,Sector,8.0,,70,2018,7
2018-06-10 19:45:07,Flag,CLEAR IN TRACK SECTOR 8,,CLEAR,Sector,8.0,,70,2018,7
2018-06-10 19:45:09,Flag,DOUBLE YELLOW IN TRACK SECTOR 8,,DOUBLE YELLOW,Sector,8.0,,70,2018,7
2018-06-10 19:45:18,Flag,CLEAR IN TRACK SECTOR 8,,CLEAR,Sector,8.0,,70,2018,7
2018-06-10 19:45:19,Other,TRACK SURFACE SLIPPERY IN TRACK SECTOR 8,,,,,,70,2018,7
2018-06-10 19:45:21,Flag,CLEAR IN TRACK SECTOR 8,,CLEAR,Sector,8.0,,70,2018,7
2018-06-10 19:45:23,Other,TRACK SURFACE SLIPPERY IN TRACK SECTOR 8,,,,,,70,2018,7
2018-06-10 19:45:26,Flag,CLEAR IN TRACK SECTOR 8,,CLEAR,Sector,8.0,,70,2018,7
2018-06-10 19:45:32,Flag,YELLOW IN TRACK SECTOR 8,,YELLOW,Sector,8.0,,70,2018,7
2018-06-10 19:45:35,Flag,CLEAR IN TRACK SECTOR 8,,CLEAR,Sector,8.0,,70,2018,7
2018-06-24 14:07:09,Drs,DRS DISABLED,DISABLED,,,,,1,2018,8
2018-06-24 14:13:26,Flag,GREEN LIGHT - PIT EXIT OPEN,,GREEN,Track,,,1,2018,8
2018-06-24 14:13:41,Flag,YELLOW IN TRACK SECTOR 2,,YELLOW,Sector,2.0,,1,2018,8
2018-06-24 14:13:46,Flag,CLEAR IN TRACK SECTOR 2,,CLEAR,Sector,2.0,,1,2018,8
2018-06-24 14:13:55,Flag,YELLOW IN TRACK SECTOR 4,,YELLOW,Sector,4.0,,1,2018,8
2018-06-24 14:13:59,Flag,DOUBLE YELLOW IN TRACK SECTOR 4,,DOUBLE YELLOW,Sector,4.0,,1,2018,8
2018-06-24 14:14:02,Flag,YELLOW IN TRACK SECTOR 5,,YELLOW,Sector,5.0,,1,2018,8
2018-06-24 14:14:14,SafetyCar,SAFETY CAR DEPLOYED,DEPLOYED,,,,,1,2018,8
2018-06-24 14:15:46,CarEvent,CAR 31 (OCO) STOPPED AT TURN 4,,,,,31,2,2018,8
2018-06-24 14:16:04,CarEvent,CAR 10 (GAS) STOPPED AT TURN 5,,,,,10,2,2018,8
2018-06-24 14:18:08,Other,INCIDENT INVOLVING CARS 5 (VET) AND 77 (BOT) UNDER INVESTIGATION - CAUSING A COLLISION,,,,,,2,2018,8
2018-06-24 14:18:19,Flag,CLEAR IN TRACK SECTOR 5,,CLEAR,Sector,5.0,,3,2018,8
2018-06-24 14:19:09,Other,INCIDENT INVOLVING CARS 10 (GAS) AND 31 (OCO) UNDER INVESTIGATION - CAUSING A COLLISION,,,,,,3,2018,8
2018-06-24 14:19:49,Flag,CLEAR IN TRACK SECTOR 4,,CLEAR,Sector,4.0,,3,2018,8
2018-06-24 14:23:14,Other,INCIDENT INVOLVING CARS 10 (GAS) AND 31 (OCO) WILL BE INVESTIGATED AFTER THE RACE,,,,,,5,2018,8
2018-06-24 14:24:00,SafetyCar,SAFETY CAR IN THIS LAP,IN THIS LAP,,,,,5,2018,8
2018-06-24 14:25:28,Flag,TRACK CLEAR,,CLEAR,Track,,,5,2018,8
2018-06-24 14:26:08,Flag,YELLOW IN TRACK SECTOR 5,,YELLOW,Sector,5.0,,6,2018,8
2018-06-24 14:26:09,Flag,DOUBLE YELLOW IN TRACK SECTOR 4,,DOUBLE YELLOW,Sector,4.0,,6,2018,8
2018-06-24 14:26:10,Flag,YELLOW IN TRACK SECTOR 4,,YELLOW,Sector,4.0,,6,2018,8
2018-06-24 14:26:13,Flag,CLEAR IN TRACK SECTOR 5,,CLEAR,Sector,5.0,,6,2018,8
2018-06-24 14:26:15,Flag,CLEAR IN TRACK SECTOR 4,,CLEAR,Sector,4.0,,6,2018,8
2018-06-24 14:26:25,CarEvent,CAR 14 (ALO) SPUN AND CONTINUED AT TURN 4,,,,,14,6,2018,8
2018-06-24 14:29:08,Drs,DRS ENABLED,ENABLED,,,,,8,2018,8
2018-06-24 14:31:55,Other,5 SECOND TIME PENALTY FOR CAR 5 (VET) - CAUSING A COLLISION,,,,,,9,2018,8
2018-06-24 14:36:20,Other,LAP 1 TURN 4 INCIDENT INVOLVING CAR 8 (GRO) UNDER INVESTIGATION - LEAVING THE TRACK AND GAINING AN ADVANTAGE,,,,,,12,2018,8
2018-06-24 14:42:10,Other,INCIDENT INVOLVING CAR 35 (SIR) UNDER INVESTIGATION - DRIVING UNNECESSARILY SLOWLY BEHIND THE SAFETY CAR,,,,,,16,2018,8
2018-06-24 14:59:49,Other,5 SECOND TIME PENALTY FOR CAR 35 (SIR) - DRIVING UNNECESSARILY SLOWLY BEHIND THE SAFETY CAR,,,,,,27,2018,8
2018-06-24 15:00:47,Other,LAP 1 TURN 4 INCIDENT INVOLVING CAR 8 (GRO) - NO FURTHER ACTION,,,,,,27,2018,8
2018-06-24 15:06:24,Other,LAP 1 TURN 1 INCIDENT INVOLVING CAR 8 (GRO) UNDER INVESTIGATION - CAUSING A COLLISION,,,,,,31,2018,8
2018-06-24 15:07:43,Other,5 SECOND TIME PENALTY FOR CAR 8 (GRO) - CAUSING A COLLISION,,,,,,32,2018,8
2018-06-24 15:10:15,Flag,WAVED BLUE FLAG FOR CAR 35 (SIR) TIMED AT 17:10:14,,BLUE,Driver,,35,33,2018,8
2018-06-24 15:15:58,Flag,WAVED BLUE FLAG FOR CAR 9 (ERI) TIMED AT 17:15:57,,BLUE,Driver,,9,36,2018,8
2018-06-24 15:18:35,Flag,WAVED BLUE FLAG FOR CAR 9 (ERI) TIMED AT 17:18:35,,BLUE,Driver,,9,38,2018,8
2018-06-24 15:22:16,Flag,WAVED BLUE FLAG FOR CAR 35 (SIR) TIMED AT 17:22:15,,BLUE,Driver,,35,40,2018,8
2018-06-24 15:23:07,Flag,WAVED BLUE FLAG FOR CAR 18 (STR) TIMED AT 17:23:07,,BLUE,Driver,,18,41,2018,8
2018-06-24 15:23:56,Flag,WAVED BLUE FLAG FOR CAR 35 (SIR) TIMED AT 17:23:55,,BLUE,Driver,,35,42,2018,8
2018-06-24 15:24:37,Flag,WAVED BLUE FLAG FOR CAR 18 (STR) TIMED AT 17:24:37,,BLUE,Driver,,18,42,2018,8
2018-06-24 15:24:54,Flag,WAVED BLUE FLAG FOR CAR 2 (VAN) TIMED AT 17:24:54,,BLUE,Driver,,2,42,2018,8
2018-06-24 15:25:42,Flag,WAVED BLUE FLAG FOR CAR 28 (HAR) TIMED AT 17:25:41,,BLUE,Driver,,28,43,2018,8
2018-06-24 15:25:51,Flag,WAVED BLUE FLAG FOR CAR 14 (ALO) TIMED AT 17:25:50,,BLUE,Driver,,14,43,2018,8
2018-06-24 15:27:22,Flag,WAVED BLUE FLAG FOR CAR 28 (HAR) TIMED AT 17:27:21,,BLUE,Driver,,28,44,2018,8
2018-06-24 15:27:37,Flag,WAVED BLUE FLAG FOR CAR 14 (ALO) TIMED AT 17:27:36,,BLUE,Driver,,14,44,2018,8
2018-06-24 15:28:24,Flag,WAVED BLUE FLAG FOR CAR 9 (ERI) TIMED AT 17:28:23,,BLUE,Driver,,9,44,2018,8
2018-06-24 15:28:47,Flag,WAVED BLUE FLAG FOR CAR 9 (ERI) TIMED AT 17:28:47,,BLUE,Driver,,9,45,2018,8
2018-06-24 15:28:51,Flag,WAVED BLUE FLAG FOR CAR 35 (SIR) TIMED AT 17:28:51,,BLUE,Driver,,35,45,2018,8
2018-06-24 15:29:42,Flag,WAVED BLUE FLAG FOR CAR 18 (STR) TIMED AT 17:29:41,,BLUE,Driver,,18,45,2018,8
2018-06-24 15:30:35,Flag,WAVED BLUE FLAG FOR CAR 18 (STR) TIMED AT 17:30:34,,BLUE,Driver,,18,46,2018,8
2018-06-24 15:31:47,Flag,WAVED BLUE FLAG FOR CAR 8 (GRO) TIMED AT 17:31:47,,BLUE,Driver,,8,46,2018,8
2018-06-24 15:32:19,Flag,WAVED BLUE FLAG FOR CAR 8 (GRO) TIMED AT 17:32:18,,BLUE,Driver,,8,47,2018,8
2018-06-24 15:33:30,Flag,WAVED BLUE FLAG FOR CAR 14 (ALO) TIMED AT 17:33:29,,BLUE,Driver,,14,48,2018,8
2018-06-24 15:35:01,Flag,WAVED BLUE FLAG FOR CAR 8 (GRO) TIMED AT 17:35:01,,BLUE,Driver,,8,49,2018,8
2018-06-24 15:38:10,Flag,WAVED BLUE FLAG FOR CAR 14 (ALO) TIMED AT 17:38:10,,BLUE,Driver,,14,51,2018,8
2018-06-24 15:38:17,Flag,WAVED BLUE FLAG FOR CAR 2 (VAN) TIMED AT 17:38:16,,BLUE,Driver,,2,51,2018,8
2018-06-24 15:38:22,Flag,YELLOW IN TRACK SECTOR 12,,YELLOW,Sector,12.0,,51,2018,8
2018-06-24 15:38:50,CarEvent,CAR 18 (STR) STOPPED AT TURN 10,,,,,18,51,2018,8
2018-06-24 15:39:02,Flag,YELLOW IN TRACK SECTOR 11,,YELLOW,Sector,11.0,,51,2018,8
2018-06-24 15:39:23,Flag,CLEAR IN TRACK SECTOR 12,,CLEAR,Sector,12.0,,51,2018,8
2018-06-24 15:39:24,Flag,DOUBLE YELLOW IN TRACK SECTOR 12,,DOUBLE YELLOW,Sector,12.0,,51,2018,8
2018-06-24 15:39:28,Flag,DOUBLE YELLOW IN TRACK SECTOR 11,,DOUBLE YELLOW,Sector,11.0,,51,2018,8
2018-06-24 15:39:34,Flag,YELLOW IN TRACK SECTOR 17,,YELLOW,Sector,17.0,,51,2018,8
2018-06-24 15:39:48,SafetyCar,VIRTUAL SAFETY CAR DEPLOYED,DEPLOYED,,,,,52,2018,8
2018-06-24 15:42:12,SafetyCar,VIRTUAL SAFETY CAR ENDING,ENDING,,,,,53,2018,8
2018-06-24 15:42:24,Flag,TRACK CLEAR,,CLEAR,Track,,,53,2018,8
2018-06-24 15:42:24,Flag,CLEAR IN TRACK SECTOR 11,,CLEAR,Sector,11.0,,53,2018,8
2018-06-24 15:42:24,Flag,CLEAR IN TRACK SECTOR 12,,CLEAR,Sector,12.0,,53,2018,8
2018-06-24 15:42:24,Flag,CLEAR IN TRACK SECTOR 17,,CLEAR,Sector,17.0,,53,2018,8
2018-06-24 15:42:26,Drs,DRS ENABLED,ENABLED,,,,,53,2018,8
2018-06-24 15:42:27,Flag,YELLOW IN TRACK SECTOR 11,,YELLOW,Sector,11.0,,53,2018,8
2018-06-24 15:42:28,Flag,DOUBLE YELLOW IN TRACK SECTOR 11,,DOUBLE YELLOW,Sector,11.0,,53,2018,8
2018-06-24 15:42:30,Flag,DOUBLE YELLOW IN TRACK SECTOR 12,,DOUBLE YELLOW,Sector,12.0,,53,2018,8
2018-06-24 15:43:35,Flag,CHEQUERED FLAG,,CHEQUERED,Track,,,53,2018,8
2018-06-24 15:44:34,Flag,WAVED BLUE FLAG FOR CAR 35 (SIR) TIMED AT 17:44:34,,BLUE,Driver,,35,53,2018,8
2018-06-24 15:47:55,Flag,CLEAR IN TRACK SECTOR 11,,CLEAR,Sector,11.0,,53,2018,8
2018-06-24 15:47:57,Flag,CLEAR IN TRACK SECTOR 12,,CLEAR,Sector,12.0,,53,2018,8
2018-07-01 13:07:05,Drs,DRS DISABLED,DISABLED,,,,,1,2018,9
2018-07-01 13:12:44,Flag,GREEN LIGHT - PIT EXIT OPEN,,GREEN,Track,,,1,2018,9
2018-07-01 13:14:51,Flag,YELLOW IN TRACK SECTOR 9,,YELLOW,Sector,9.0,,2,2018,9
2018-07-01 13:15:00,Flag,CLEAR IN TRACK SECTOR 9,,CLEAR,Sector,9.0,,2,2018,9
2018-07-01 13:15:15,Other,TRACK SURFACE SLIPPERY IN TRACK SECTOR 4,,,,,,3,2018,9
2018-07-01 13:15:17,Drs,DRS ENABLED,ENABLED,,,,,3,2018,9
2018-07-01 13:15:43,Flag,CLEAR IN TRACK SECTOR 4,,CLEAR,Sector,4.0,,3,2018,9
2018-07-01 13:18:54,Flag,WAVED BLUE FLAG FOR CAR 2 (VAN) TIMED AT 15:18:53,,BLUE,Driver,,2,6,2018,9
2018-07-01 13:19:24,Flag,WAVED BLUE FLAG FOR CAR 2 (VAN) TIMED AT 15:19:23,,BLUE,Driver,,2,6,2018,9
2018-07-01 13:19:57,Flag,WAVED BLUE FLAG FOR CAR 2 (VAN) TIMED AT 15:19:56,,BLUE,Driver,,2,7,2018,9
2018-07-01 13:20:28,Flag,WAVED BLUE FLAG FOR CAR 2 (VAN) TIMED AT 15:20:27,,BLUE,Driver,,2,7,2018,9
2018-07-01 13:21:02,Flag,WAVED BLUE FLAG FOR CAR 2 (VAN) TIMED AT 15:21:01,,BLUE,Driver,,2,8,2018,9
2018-07-01 13:22:44,Other,TURN 1 INCIDENT INVOLVING CARS 31 (OCO) AND 55 (SAI) NOTED,,,,,,9,2018,9
2018-07-01 13:23:06,Other,TURN 3 INCIDENT INVOLVING CARS 2 (VAN) AND 10 (GAS) NOTED,,,,,,9,2018,9
2018-07-01 13:23:07,Flag,WAVED BLUE FLAG FOR CAR 2 (VAN) TIMED AT 15:23:06,,BLUE,Driver,,2,9,2018,9
2018-07-01 13:23:51,Other,TURN 3 INCIDENT INVOLVING CARS 7 (RAI) AND 33 (VER) NOTED,,,,,,10,2018,9
2018-07-01 13:25:02,Flag,WAVED BLUE FLAG FOR CAR 2 (VAN) TIMED AT 15:25:02,,BLUE,Driver,,2,11,2018,9
2018-07-01 13:26:12,Flag,YELLOW IN TRACK SECTOR 1,,YELLOW,Sector,1.0,,12,2018,9
2018-07-01 13:26:25,Flag,CLEAR IN TRACK SECTOR 1,,CLEAR,Sector,1.0,,12,2018,9
2018-07-01 13:26:30,Flag,DOUBLE YELLOW IN TRACK SECTOR 1,,DOUBLE YELLOW,Sector,1.0,,12,2018,9
2018-07-01 13:26:37,Flag,DOUBLE YELLOW IN TRACK SECTOR 15,,DOUBLE YELLOW,Sector,15.0,,12,2018,9
2018-07-01 13:26:57,Flag,CLEAR IN TRACK SECTOR 15,,CLEAR,Sector,15.0,,13,2018,9
2018-07-01 13:26:59,Flag,CLEAR IN TRACK SECTOR 1,,CLEAR,Sector,1.0,,13,2018,9
2018-07-01 13:27:11,CarEvent,CAR 27 (HUL) STOPPED AT TURN 1,,,,,27,13,2018,9
2018-07-01 13:27:48,Other,TURN 3 INCIDENT INVOLVING CARS 10 (GAS) AND 2 (VAN) - NO INVESTIGATION NECESSARY,,,,,,13,2018,9
2018-07-01 13:28:53,Flag,YELLOW IN TRACK SECTOR 7,,YELLOW,Sector,7.0,,14,2018,9
2018-07-01 13:28:55,Flag,WAVED BLUE FLAG FOR CAR 2 (VAN) TIMED AT 15:28:55,,BLUE,Driver,,2,14,2018,9
2018-07-01 13:29:21,CarEvent,CAR 77 (BOT) STOPPED AT TURN 4,,,,,77,15,2018,9
2018-07-01 13:29:24,SafetyCar,VIRTUAL SAFETY CAR DEPLOYED,DEPLOYED,,,,,15,2018,9
2018-07-01 13:29:29,Flag,DOUBLE YELLOW IN TRACK SECTOR 7,,DOUBLE YELLOW,Sector,7.0,,15,2018,9
2018-07-01 13:30:09,Other,TURN 1 INCIDENT INVOLVING CARS 31 (OCO) AND 55 (SAI) UNDER INVESTIGATION,,,,,,15,2018,9
2018-07-01 13:30:33,Other,TURN 3 INCIDENT INVOLVING CARS 7 (RAI) AND 33 (VER) UNDER INVESTIGATION,,,,,,16,2018,9
2018-07-01 13:31:13,Flag,CLEAR IN TRACK SECTOR 7,,CLEAR,Sector,7.0,,16,2018,9
2018-07-01 13:31:17,SafetyCar,VIRTUAL SAFETY CAR ENDING,ENDING,,,,,16,2018,9
2018-07-01 13:31:27,Flag,TRACK CLEAR,,CLEAR,Track,,,16,2018,9
2018-07-01 13:31:29,Drs,DRS ENABLED,ENABLED,,,,,16,2018,9
2018-07-01 13:31:33,Flag,WAVED BLUE FLAG FOR CAR 2 (VAN) TIMED AT 15:31:32,,BLUE,Driver,,2,16,2018,9
2018-07-01 13:35:22,Flag,WAVED BLUE FLAG FOR CAR 2 (VAN) TIMED AT 15:35:21,,BLUE,Driver,,2,20,2018,9
2018-07-01 13:35:29,Flag,WAVED BLUE FLAG FOR CAR 16 (LEC) TIMED AT 15:35:28,,BLUE,Driver,,16,20,2018,9
2018-07-01 13:35:30,Flag,WAVED BLUE FLAG FOR CAR 10 (GAS) TIMED AT 15:35:29,,BLUE,Driver,,10,20,2018,9
2018-07-01 13:35:30,Flag,WAVED BLUE FLAG FOR CAR 14 (ALO) TIMED AT 15:35:29,,BLUE,Driver,,14,20,2018,9
2018-07-01 13:35:30,Flag,WAVED BLUE FLAG FOR CAR 55 (SAI) TIMED AT 15:35:30,,BLUE,Driver,,55,20,2018,9
2018-07-01 13:35:31,Flag,WAVED BLUE FLAG FOR CAR 14 (ALO) TIMED AT 15:35:30,,BLUE,Driver,,14,20,2018,9
2018-07-01 13:35:31,Flag,WAVED BLUE FLAG FOR CAR 2 (VAN) TIMED AT 15:35:30,,BLUE,Driver,,2,20,2018,9
2018-07-01 13:35:31,Flag,WAVED BLUE FLAG FOR CAR 14 (ALO) TIMED AT 15:35:31,,BLUE,Driver,,14,20,2018,9
2018-07-01 13:37:23,Other,TURN 3 INCIDENT INVOLVING CARS 7 (RAI) AND 33 (VER) - NO FURTHER ACTION,,,,,,21,2018,9
2018-07-01 13:41:00,Flag,WAVED BLUE FLAG FOR CAR 2 (VAN) TIMED AT 15:40:59,,BLUE,Driver,,2,24,2018,9
2018-07-01 13:41:48,Other,TURN 1 INCIDENT INVOLVING CARS 31 (OCO) AND 55 (SAI) - REPRIMAND TO CAR 55 (SAI),,,,,,25,2018,9
2018-07-01 13:46:48,Flag,WAVED BLUE FLAG FOR CAR 35 (SIR) TIMED AT 15:46:47,,BLUE,Driver,,35,29,2018,9
2018-07-01 13:47:50,Flag,WAVED BLUE FLAG FOR CAR 2 (VAN) TIMED AT 15:47:49,,BLUE,Driver,,2,30,2018,9
2018-07-01 13:50:23,Flag,WAVED BLUE FLAG FOR CAR 35 (SIR) TIMED AT 15:50:23,,BLUE,Driver,,35,32,2018,9
2018-07-01 13:50:55,Flag,WAVED BLUE FLAG FOR CAR 2 (VAN) TIMED AT 15:50:55,,BLUE,Driver,,2,33,2018,9
2018-07-01 13:51:17,Flag,WAVED BLUE FLAG FOR CAR 35 (SIR) TIMED AT 15:51:16,,BLUE,Driver,,35,33,2018,9
2018-07-01 13:52:07,Flag,WAVED BLUE FLAG FOR CAR 2 (VAN) TIMED AT 15:52:07,,BLUE,Driver,,2,34,2018,9
2018-07-01 13:52:25,Flag,WAVED BLUE FLAG FOR CAR 14 (ALO) TIMED AT 15:52:25,,BLUE,Driver,,14,34,2018,9
2018-07-01 13:53:09,Flag,WAVED BLUE FLAG FOR CAR 18 (STR) TIMED AT 15:53:08,,BLUE,Driver,,18,35,2018,9
2018-07-01 13:53:16,Flag,WAVED BLUE FLAG FOR CAR 2 (VAN) TIMED AT 15:53:15,,BLUE,Driver,,2,35,2018,9
2018-07-01 13:54:32,Flag,WAVED BLUE FLAG FOR CAR 2 (VAN) TIMED AT 15:54:31,,BLUE,Driver,,2,36,2018,9
2018-07-01 13:55:16,Flag,WAVED BLUE FLAG FOR CAR 2 (VAN) TIMED AT 15:55:16,,BLUE,Driver,,2,37,2018,9
2018-07-01 13:56:01,Flag,WAVED BLUE FLAG FOR CAR 2 (VAN) TIMED AT 15:56:00,,BLUE,Driver,,2,37,2018,9
2018-07-01 13:56:49,Flag,WAVED BLUE FLAG FOR CAR 18 (STR) TIMED AT 15:56:48,,BLUE,Driver,,18,38,2018,9
2018-07-01 13:57:10,Flag,WAVED BLUE FLAG FOR CAR 16 (LEC) TIMED AT 15:57:09,,BLUE,Driver,,16,38,2018,9
2018-07-01 13:58:53,Flag,WAVED BLUE FLAG FOR CAR 14 (ALO) TIMED AT 15:58:52,,BLUE,Driver,,14,40,2018,9
2018-07-01 14:00:21,Flag,WAVED BLUE FLAG FOR CAR 14 (ALO) TIMED AT 16:00:21,,BLUE,Driver,,14,41,2018,9
2018-07-01 14:00:42,Flag,WAVED BLUE FLAG FOR CAR 28 (HAR) TIMED AT 16:00:41,,BLUE,Driver,,28,41,2018,9
2018-07-01 14:01:01,Flag,WAVED BLUE FLAG FOR CAR 2 (VAN) TIMED AT 16:01:00,,BLUE,Driver,,2,42,2018,9
2018-07-01 14:01:35,Flag,WAVED BLUE FLAG FOR CAR 2 (VAN) TIMED AT 16:01:34,,BLUE,Driver,,2,42,2018,9
2018-07-01 14:03:50,Flag,WAVED BLUE FLAG FOR CAR 16 (LEC) TIMED AT 16:03:49,,BLUE,Driver,,16,44,2018,9
2018-07-01 14:04:51,Flag,WAVED BLUE FLAG FOR CAR 16 (LEC) TIMED AT 16:04:51,,BLUE,Driver,,16,45,2018,9
2018-07-01 14:06:44,Flag,WAVED BLUE FLAG FOR CAR 28 (HAR) TIMED AT 16:06:44,,BLUE,Driver,,28,47,2018,9
2018-07-01 14:07:27,Flag,WAVED BLUE FLAG FOR CAR 35 (SIR) TIMED AT 16:07:27,,BLUE,Driver,,35,47,2018,9
2018-07-01 14:08:31,Flag,WAVED BLUE FLAG FOR CAR 10 (GAS) TIMED AT 16:08:31,,BLUE,Driver,,10,48,2018,9
2018-07-01 14:08:41,Flag,WAVED BLUE FLAG FOR CAR 11 (PER) TIMED AT 16:08:40,,BLUE,Driver,,11,49,2018,9
2018-07-01 14:08:45,Flag,WAVED BLUE FLAG FOR CAR 18 (STR) TIMED AT 16:08:44,,BLUE,Driver,,18,49,2018,9
2018-07-01 14:09:11,Flag,WAVED BLUE FLAG FOR CAR 10 (GAS) TIMED AT 16:09:11,,BLUE,Driver,,10,49,2018,9
2018-07-01 14:10:52,Flag,WAVED BLUE FLAG FOR CAR 55 (SAI) TIMED AT 16:10:52,,BLUE,Driver,,55,50,2018,9
2018-07-01 14:13:39,Flag,WAVED BLUE FLAG FOR CAR 31 (OCO) TIMED AT 16:13:38,,BLUE,Driver,,31,53,2018,9
2018-07-01 14:13:54,Flag,WAVED BLUE FLAG FOR CAR 11 (PER) TIMED AT 16:13:54,,BLUE,Driver,,11,53,2018,9
2018-07-01 14:14:30,Flag,WAVED BLUE FLAG FOR CAR 11 (PER) TIMED AT 16:14:30,,BLUE,Driver,,11,54,2018,9
2018-07-01 14:14:47,Flag,WAVED BLUE FLAG FOR CAR 20 (MAG) TIMED AT 16:14:47,,BLUE,Driver,,20,54,2018,9
2018-07-01 14:15:05,Flag,YELLOW IN TRACK SECTOR 1,,YELLOW,Sector,1.0,,54,2018,9
2018-07-01 14:15:15,CarEvent,CAR 3 (RIC) STOPPED AT TURN 1,,,,,3,54,2018,9
2018-07-01 14:15:44,Flag,DOUBLE YELLOW IN TRACK SECTOR 1,,DOUBLE YELLOW,Sector,1.0,,55,2018,9
2018-07-01 14:16:37,Flag,CLEAR IN TRACK SECTOR 1,,CLEAR,Sector,1.0,,55,2018,9
2018-07-01 14:16:40,Flag,WAVED BLUE FLAG FOR CAR 31 (OCO) TIMED AT 16:16:39,,BLUE,Driver,,31,56,2018,9
2018-07-01 14:16:51,Flag,YELLOW IN TRACK SECTOR 13,,YELLOW,Sector,13.0,,56,2018,9
2018-07-01 14:16:52,Flag,CLEAR IN TRACK SECTOR 13,,CLEAR,Sector,13.0,,56,2018,9
2018-07-01 14:16:57,Flag,YELLOW IN TRACK SECTOR 14,,YELLOW,Sector,14.0,,56,2018,9
2018-07-01 14:17:01,Flag,CLEAR IN TRACK SECTOR 13,,CLEAR,Sector,13.0,,56,2018,9
2018-07-01 14:17:14,Flag,CLEAR IN TRACK SECTOR 14,,CLEAR,Sector,14.0,,56,2018,9
2018-07-01 14:17:15,CarEvent,CAR 28 (HAR) OFF TRACK AND CONTINUED AT TURN 9,,,,,28,56,2018,9
2018-07-01 14:17:20,Flag,WAVED BLUE FLAG FOR CAR 31 (OCO) TIMED AT 16:17:19,,BLUE,Driver,,31,56,2018,9
2018-07-01 14:17:42,Flag,WAVED BLUE FLAG FOR CAR 20 (MAG) TIMED AT 16:17:41,,BLUE,Driver,,20,56,2018,9
2018-07-01 14:18:00,Flag,WAVED BLUE FLAG FOR CAR 9 (ERI) TIMED AT 16:17:59,,BLUE,Driver,,9,57,2018,9
2018-07-01 14:18:00,Flag,YELLOW IN TRACK SECTOR 3,,YELLOW,Sector,3.0,,57,2018,9
2018-07-01 14:18:15,Flag,DOUBLE YELLOW IN TRACK SECTOR 3,,DOUBLE YELLOW,Sector,3.0,,57,2018,9
2018-07-01 14:18:26,CarEvent,CAR 28 (HAR) STOPPED AT TURN 2,,,,,28,57,2018,9
2018-07-01 14:18:48,Flag,WAVED BLUE FLAG FOR CAR 20 (MAG) TIMED AT 16:18:48,,BLUE,Driver,,20,57,2018,9
2018-07-01 14:18:51,Flag,CLEAR IN TRACK SECTOR 3,,CLEAR,Sector,3.0,,57,2018,9
2018-07-01 14:19:17,Flag,WAVED BLUE FLAG FOR CAR 14 (ALO) TIMED AT 16:19:16,,BLUE,Driver,,14,58,2018,9
2018-07-01 14:20:06,Flag,WAVED BLUE FLAG FOR CAR 16 (LEC) TIMED AT 16:20:06,,BLUE,Driver,,16,59,2018,9
2018-07-01 14:20:07,Flag,WAVED BLUE FLAG FOR CAR 2 (VAN) TIMED AT 16:20:07,,BLUE,Driver,,2,59,2018,9
2018-07-01 14:21:18,Flag,WAVED BLUE FLAG FOR CAR 2 (VAN) TIMED AT 16:21:18,,BLUE,Driver,,2,60,2018,9
2018-07-01 14:21:34,Flag,WAVED BLUE FLAG FOR CAR 10 (GAS) TIMED AT 16:21:33,,BLUE,Driver,,10,60,2018,9
2018-07-01 14:22:52,Flag,WAVED BLUE FLAG FOR CAR 8 (GRO) TIMED AT 16:22:52,,BLUE,Driver,,8,61,2018,9
2018-07-01 14:24:24,Flag,WAVED BLUE FLAG FOR CAR 8 (GRO) TIMED AT 16:24:24,,BLUE,Driver,,8,62,2018,9
2018-07-01 14:24:41,Flag,WAVED BLUE FLAG FOR CAR 8 (GRO) TIMED AT 16:24:41,,BLUE,Driver,,8,63,2018,9
2018-07-01 14:25:27,Flag,YELLOW IN TRACK SECTOR 4,,YELLOW,Sector,4.0,,63,2018,9
2018-07-01 14:25:31,Flag,CLEAR IN TRACK SECTOR 4,,CLEAR,Sector,4.0,,63,2018,9
2018-07-01 14:26:22,Flag,DOUBLE YELLOW IN TRACK SECTOR 5,,DOUBLE YELLOW,Sector,5.0,,64,2018,9
2018-07-01 14:26:48,CarEvent,CAR 44 (HAM) STOPPED AT TURN 3,,,,,44,65,2018,9
2018-07-01 14:27:13,Flag,CLEAR IN TRACK SECTOR 5,,CLEAR,Sector,5.0,,65,2018,9
2018-07-01 14:30:40,Flag,WAVED BLUE FLAG FOR CAR 2 (VAN) TIMED AT 16:30:40,,BLUE,Driver,,2,68,2018,9
2018-07-01 14:30:47,Flag,WAVED BLUE FLAG FOR CAR 18 (STR) TIMED AT 16:30:46,,BLUE,Driver,,18,68,2018,9
2018-07-01 14:30:59,Flag,WAVED BLUE FLAG FOR CAR 2 (VAN) TIMED AT 16:30:58,,BLUE,Driver,,2,68,2018,9
2018-07-01 14:31:04,Flag,WAVED BLUE FLAG FOR CAR 2 (VAN) TIMED AT 16:31:04,,BLUE,Driver,,2,68,2018,9
2018-07-01 14:34:14,Flag,WAVED BLUE FLAG FOR CAR 18 (STR) TIMED AT 16:34:13,,BLUE,Driver,,18,71,2018,9
2018-07-01 14:34:28,Other,BLUE FLAG INCIDENT INVOLVING CAR 18 (STR) WILL BE INVESTIGATED AFTER THE RACE,,,,,,71,2018,9
2018-07-01 14:34:39,Flag,CHEQUERED FLAG,,CHEQUERED,Track,,,71,2018,9
2018-07-01 14:35:57,Flag,DOUBLE YELLOW IN TRACK SECTOR 11,,DOUBLE YELLOW,Sector,11.0,,71,2018,9
2018-07-01 14:36:15,Flag,CLEAR IN TRACK SECTOR 11,,CLEAR,Sector,11.0,,71,2018,9
2018-07-08 13:07:04,Drs,DRS DISABLED,DISABLED,,,,,1,2018,10
2018-07-08 13:13:17,Flag,GREEN LIGHT - PIT EXIT OPEN,,GREEN,Track,,,1,2018,10
2018-07-08 13:13:30,Flag,YELLOW IN TRACK SECTOR 1,,YELLOW,Sector,1.0,,1,2018,10
2018-07-08 13:13:35,Flag,YELLOW IN TRACK SECTOR 2,,YELLOW,Sector,2.0,,1,2018,10
2018-07-08 13:13:43,Flag,CLEAR IN TRACK SECTOR 2,,CLEAR,Sector,2.0,,1,2018,10
2018-07-08 13:13:48,Flag,CLEAR IN TRACK SECTOR 1,,CLEAR,Sector,1.0,,1,2018,10
2018-07-08 13:13:55,Other,TRACK SURFACE SLIPPERY IN TRACK SECTOR 5,,,,,,1,2018,10
2018-07-08 13:14:11,Flag,YELLOW IN TRACK SECTOR 1,,YELLOW,Sector,1.0,,1,2018,10
2018-07-08 13:14:13,Flag,DOUBLE YELLOW IN TRACK SECTOR 1,,DOUBLE YELLOW,Sector,1.0,,1,2018,10
2018-07-08 13:14:23,Flag,YELLOW IN TRACK SECTOR 2,,YELLOW,Sector,2.0,,1,2018,10
2018-07-08 13:14:25,Flag,DOUBLE YELLOW IN TRACK SECTOR 2,,DOUBLE YELLOW,Sector,2.0,,1,2018,10
2018-07-08 13:14:49,Flag,YELLOW IN TRACK SECTOR 1,,YELLOW,Sector,1.0,,1,2018,10
2018-07-08 13:14:50,Flag,YELLOW IN TRACK SECTOR 2,,YELLOW,Sector,2.0,,1,2018,10
2018-07-08 13:14:53,Flag,CLEAR IN TRACK SECTOR 2,,CLEAR,Sector,2.0,,1,2018,10
2018-07-08 13:14:53,Flag,CLEAR IN TRACK SECTOR 1,,CLEAR,Sector,1.0,,1,2018,10
2018-07-08 13:15:36,Flag,CLEAR IN TRACK SECTOR 5,,CLEAR,Sector,5.0,,2,2018,10
2018-07-08 13:15:55,Flag,DOUBLE YELLOW IN TRACK SECTOR 5,,DOUBLE YELLOW,Sector,5.0,,2,2018,10
2018-07-08 13:16:15,Flag,CLEAR IN TRACK SECTOR 5,,CLEAR,Sector,5.0,,2,2018,10
2018-07-08 13:16:28,Drs,DRS ENABLED,ENABLED,,,,,3,2018,10
2018-07-08 13:17:01,Other,TURN 3 INCIDENT UNDER INVESTIGATION,,,,,,3,2018,10
2018-07-08 13:17:20,Flag,DOUBLE YELLOW IN TRACK SECTOR 5,,DOUBLE YELLOW,Sector,5.0,,3,2018,10
2018-07-08 13:17:31,Flag,CLEAR IN TRACK SECTOR 5,,CLEAR,Sector,5.0,,3,2018,10
2018-07-08 13:22:55,Other,10 SECOND TIME PENALTY FOR CAR 7 (RAI) - CAUSING A COLLISION,,,,,,7,2018,10
2018-07-08 13:25:11,Other,LAP 1 TURN 3 INCIDENT INVOLVING CARS 8 (GRO) AND 20 (MAG) UNDER INVESTIGATION - CAUSING A COLLISION,,,,,,8,2018,10
2018-07-08 13:30:47,Other,LAP 1 TURN 3 INCIDENT INVOLVING CARS 8 (GRO) AND 20 (MAG) - NO FURTHER ACTION,,,,,,12,2018,10
2018-07-08 13:42:41,Flag,YELLOW IN TRACK SECTOR 2,,YELLOW,Sector,2.0,,19,2018,10
2018-07-08 13:42:52,Flag,CLEAR IN TRACK SECTOR 2,,CLEAR,Sector,2.0,,19,2018,10
2018-07-08 13:43:25,Flag,YELLOW IN TRACK SECTOR 2,,YELLOW,Sector,2.0,,20,2018,10
2018-07-08 13:45:17,Flag,CLEAR IN TRACK SECTOR 2,,CLEAR,Sector,2.0,,21,2018,10
2018-07-08 13:49:52,Other,LAP 18 INCIDENT INVOLVING CAR 16 (LEC) WILL BE INVESTIGATED AFTER THE RACE - CAR RELEASED IN AN UNSAFE CONDITION,,,,,,24,2018,10
2018-07-08 13:53:04,Flag,WAVED BLUE FLAG FOR CAR 35 (SIR) TIMED AT 14:53:04,,BLUE,Driver,,35,26,2018,10
2018-07-08 13:54:00,Flag,WAVED BLUE FLAG FOR CAR 35 (SIR) TIMED AT 14:54:00,,BLUE,Driver,,35,26,2018,10
2018-07-08 13:59:43,Flag,WAVED BLUE FLAG FOR CAR 35 (SIR) TIMED AT 14:59:42,,BLUE,Driver,,35,30,2018,10
2018-07-08 14:00:26,Flag,WAVED BLUE FLAG FOR CAR 35 (SIR) TIMED AT 15:00:26,,BLUE,Driver,,35,31,2018,10
2018-07-08 14:00:32,Flag,WAVED BLUE FLAG FOR CAR 18 (STR) TIMED AT 15:00:32,,BLUE,Driver,,18,31,2018,10
2018-07-08 14:01:17,Flag,WAVED BLUE FLAG FOR CAR 18 (STR) TIMED AT 15:01:17,,BLUE,Driver,,18,31,2018,10
2018-07-08 14:02:24,Flag,WAVED BLUE FLAG FOR CAR 18 (STR) TIMED AT 15:02:24,,BLUE,Driver,,18,32,2018,10
2018-07-08 14:02:58,Flag,WAVED BLUE FLAG FOR CAR 35 (SIR) TIMED AT 15:02:57,,BLUE,Driver,,35,32,2018,10
2018-07-08 14:03:19,Flag,YELLOW IN TRACK SECTOR 1,,YELLOW,Sector,1.0,,32,2018,10
2018-07-08 14:03:30,Flag,DOUBLE YELLOW IN TRACK SECTOR 1,,DOUBLE YELLOW,Sector,1.0,,33,2018,10
2018-07-08 14:04:04,SafetyCar,SAFETY CAR DEPLOYED,DEPLOYED,,,,,33,2018,10
2018-07-08 14:08:25,Flag,CLEAR IN TRACK SECTOR 1,,CLEAR,Sector,1.0,,35,2018,10
2018-07-08 14:10:10,Other,"LAPPED CARS MAY NOW OVERTAKE - CARS 35 (SIR),18 (STR)",,,,,,35,2018,10
2018-07-08 14:13:33,SafetyCar,SAFETY CAR IN THIS LAP,IN THIS LAP,,,,,37,2018,10
2018-07-08 14:14:53,Flag,TRACK CLEAR,,CLEAR,Track,,,37,2018,10
2018-07-08 14:16:08,Flag,YELLOW IN TRACK SECTOR 9,,YELLOW,Sector,9.0,,38,2018,10
2018-07-08 14:16:09,Flag,DOUBLE YELLOW IN TRACK SECTOR 9,,DOUBLE YELLOW,Sector,9.0,,38,2018,10
2018-07-08 14:16:39,SafetyCar,SAFETY CAR DEPLOYED,DEPLOYED,,,,,38,2018,10
2018-07-08 14:20:11,Other,LAP 38 TURN 9 INCIDENT INVOLVING CARS 8 (GRO) AND 55 (SAI) WILL BE INVESTIGATED AFTER THE RACE,,,,,,40,2018,10
2018-07-08 14:22:07,Flag,CLEAR IN TRACK SECTOR 9,,CLEAR,Sector,9.0,,41,2018,10
2018-07-08 14:22:16,SafetyCar,SAFETY CAR IN THIS LAP,IN THIS LAP,,,,,41,2018,10
2018-07-08 14:22:35,SafetyCar,SAFETY CAR DEPLOYED,DEPLOYED,,,,,41,2018,10
2018-07-08 14:22:48,SafetyCar,SAFETY CAR IN THIS LAP,IN THIS LAP,,,,,41,2018,10
2018-07-08 14:23:41,Flag,TRACK CLEAR,,CLEAR,Track,,,41,2018,10
2018-07-08 14:27:07,Drs,DRS ENABLED,ENABLED,,,,,44,2018,10
2018-07-08 14:31:38,Flag,YELLOW IN TRACK SECTOR 14,,YELLOW,Sector,14.0,,46,2018,10
2018-07-08 14:31:44,Flag,CLEAR IN TRACK SECTOR 14,,CLEAR,Sector,14.0,,47,2018,10
2018-07-08 14:33:11,Flag,YELLOW IN TRACK SECTOR 4,,YELLOW,Sector,4.0,,47,2018,10
2018-07-08 14:33:27,Flag,DOUBLE YELLOW IN TRACK SECTOR 4,,DOUBLE YELLOW,Sector,4.0,,48,2018,10
2018-07-08 14:33:36,Flag,CLEAR IN TRACK SECTOR 4,,CLEAR,Sector,4.0,,48,2018,10
2018-07-08 14:38:31,Other,TRACK SURFACE SLIPPERY IN TRACK SECTOR 2,,,,,,51,2018,10
2018-07-08 14:40:12,Flag,CLEAR IN TRACK SECTOR 2,,CLEAR,Sector,2.0,,52,2018,10
2018-07-08 14:40:47,Flag,CHEQUERED FLAG,,CHEQUERED,Track,,,52,2018,10
2018-07-08 14:42:30,Other,LAP 51 TURN 17 INCIDENT INVOLVING CARS 10 (GAS) AND 11 (PER) UNDER INVESTIGATION,,,,,,52,2018,10
2018-07-22 13:07:05,Drs,DRS DISABLED,DISABLED,,,,,1,2018,11
2018-07-22 13:13:04,Flag,GREEN LIGHT - PIT EXIT OPEN,,GREEN,Track,,,1,2018,11
2018-07-22 13:15:30,Drs,DRS ENABLED,ENABLED,,,,,2,2018,11
2018-07-22 13:50:10,Flag,YELLOW IN TRACK SECTOR 9,,YELLOW,Sector,9.0,,29,2018,11
2018-07-22 13:50:38,Flag,DOUBLE YELLOW IN TRACK SECTOR 9,,DOUBLE YELLOW,Sector,9.0,,29,2018,11
2018-07-22 13:50:50,CarEvent,CAR 3 (RIC) STOPPED AT TURN 11,,,,,3,29,2018,11
2018-07-22 13:51:33,Flag,WAVED BLUE FLAG FOR CAR 35 (SIR) TIMED AT 15:51:32,,BLUE,Driver,,35,30,2018,11
2018-07-22 13:51:34,Flag,CLEAR IN TRACK SECTOR 9,,CLEAR,Sector,9.0,,30,2018,11
2018-07-22 13:53:01,Flag,WAVED BLUE FLAG FOR CAR 18 (STR) TIMED AT 15:53:01,,BLUE,Driver,,18,31,2018,11
2018-07-22 13:54:00,Flag,WAVED BLUE FLAG FOR CAR 28 (HAR) TIMED AT 15:53:59,,BLUE,Driver,,28,32,2018,11
2018-07-22 13:55:15,Flag,WAVED BLUE FLAG FOR CAR 2 (VAN) TIMED AT 15:55:15,,BLUE,Driver,,2,33,2018,11
2018-07-22 13:55:27,Flag,WAVED BLUE FLAG FOR CAR 14 (ALO) TIMED AT 15:55:27,,BLUE,Driver,,14,33,2018,11
2018-07-22 13:55:43,Flag,WAVED BLUE FLAG FOR CAR 35 (SIR) TIMED AT 15:55:43,,BLUE,Driver,,35,33,2018,11
2018-07-22 13:56:23,Flag,WAVED BLUE FLAG FOR CAR 14 (ALO) TIMED AT 15:56:22,,BLUE,Driver,,14,33,2018,11
2018-07-22 13:56:44,Flag,WAVED BLUE FLAG FOR CAR 18 (STR) TIMED AT 15:56:43,,BLUE,Driver,,18,34,2018,11
2018-07-22 13:56:56,Flag,WAVED BLUE FLAG FOR CAR 31 (OCO) TIMED AT 15:56:55,,BLUE,Driver,,31,34,2018,11
2018-07-22 13:57:59,Flag,WAVED BLUE FLAG FOR CAR 28 (HAR) TIMED AT 15:57:59,,BLUE,Driver,,28,35,2018,11
2018-07-22 13:58:36,Flag,WAVED BLUE FLAG FOR CAR 14 (ALO) TIMED AT 15:58:35,,BLUE,Driver,,14,35,2018,11
2018-07-22 13:59:24,Flag,WAVED BLUE FLAG FOR CAR 10 (GAS) TIMED AT 15:59:23,,BLUE,Driver,,10,36,2018,11
2018-07-22 14:00:25,Flag,WAVED BLUE FLAG FOR CAR 31 (OCO) TIMED AT 16:00:24,,BLUE,Driver,,31,37,2018,11
2018-07-22 14:00:47,Flag,WAVED BLUE FLAG FOR CAR 14 (ALO) TIMED AT 16:00:46,,BLUE,Driver,,14,37,2018,11
2018-07-22 14:01:24,Flag,WAVED BLUE FLAG FOR CAR 10 (GAS) TIMED AT 16:01:23,,BLUE,Driver,,10,37,2018,11
2018-07-22 14:02:05,Flag,WAVED BLUE FLAG FOR CAR 31 (OCO) TIMED AT 16:02:05,,BLUE,Driver,,31,38,2018,11
2018-07-22 14:03:09,Flag,WAVED BLUE FLAG FOR CAR 10 (GAS) TIMED AT 16:03:09,,BLUE,Driver,,10,39,2018,11
2018-07-22 14:04:23,Flag,WAVED BLUE FLAG FOR CAR 14 (ALO) TIMED AT 16:04:22,,BLUE,Driver,,14,40,2018,11
2018-07-22 14:04:58,Flag,WAVED BLUE FLAG FOR CAR 31 (OCO) TIMED AT 16:04:58,,BLUE,Driver,,31,40,2018,11
2018-07-22 14:05:36,Flag,WAVED BLUE FLAG FOR CAR 10 (GAS) TIMED AT 16:05:35,,BLUE,Driver,,10,40,2018,11
2018-07-22 14:08:07,Flag,WAVED BLUE FLAG FOR CAR 16 (LEC) TIMED AT 16:08:07,,BLUE,Driver,,16,42,2018,11
2018-07-22 14:08:40,Flag,WAVED BLUE FLAG FOR CAR 28 (HAR) TIMED AT 16:08:39,,BLUE,Driver,,28,43,2018,11
2018-07-22 14:09:39,Flag,WAVED BLUE FLAG FOR CAR 55 (SAI) TIMED AT 16:09:38,,BLUE,Driver,,55,44,2018,11
2018-07-22 14:09:40,Flag,WAVED BLUE FLAG FOR CAR 10 (GAS) TIMED AT 16:09:39,,BLUE,Driver,,10,44,2018,11
2018-07-22 14:09:48,Flag,WAVED BLUE FLAG FOR CAR 16 (LEC) TIMED AT 16:09:48,,BLUE,Driver,,16,44,2018,11
2018-07-22 14:10:41,Flag,WAVED BLUE FLAG FOR CAR 9 (ERI) TIMED AT 16:10:41,,BLUE,Driver,,9,44,2018,11
2018-07-22 14:12:08,Flag,WAVED BLUE FLAG FOR CAR 55 (SAI) TIMED AT 16:12:08,,BLUE,Driver,,55,46,2018,11
2018-07-22 14:12:26,Other,LOW GRIP CONDITIONS,,,,,,46,2018,11
2018-07-22 14:13:24,Flag,WAVED BLUE FLAG FOR CAR 31 (OCO) TIMED AT 16:13:23,,BLUE,Driver,,31,46,2018,11
2018-07-22 14:14:47,Flag,WAVED BLUE FLAG FOR CAR 55 (SAI) TIMED AT 16:14:46,,BLUE,Driver,,55,48,2018,11
2018-07-22 14:14:55,Flag,WAVED BLUE FLAG FOR CAR 10 (GAS) TIMED AT 16:14:55,,BLUE,Driver,,10,48,2018,11
2018-07-22 14:15:24,Flag,WAVED BLUE FLAG FOR CAR 10 (GAS) TIMED AT 16:15:24,,BLUE,Driver,,10,48,2018,11
2018-07-22 14:15:46,Flag,YELLOW IN TRACK SECTOR 10,,YELLOW,Sector,10.0,,48,2018,11
2018-07-22 14:15:50,Flag,WAVED BLUE FLAG FOR CAR 18 (STR) TIMED AT 16:15:50,,BLUE,Driver,,18,48,2018,11
2018-07-22 14:15:55,Flag,YELLOW IN TRACK SECTOR 11,,YELLOW,Sector,11.0,,48,2018,11
2018-07-22 14:15:57,Flag,CLEAR IN TRACK SECTOR 10,,CLEAR,Sector,10.0,,48,2018,11
2018-07-22 14:15:58,Flag,CLEAR IN TRACK SECTOR 11,,CLEAR,Sector,11.0,,48,2018,11
2018-07-22 14:16:05,Flag,WAVED BLUE FLAG FOR CAR 11 (PER) TIMED AT 16:16:04,,BLUE,Driver,,11,48,2018,11
2018-07-22 14:16:17,CarEvent,CAR 10 (GAS) OFF TRACK AND CONTINUED AT TURN 12,,,,,10,49,2018,11
2018-07-22 14:16:20,Flag,WAVED BLUE FLAG FOR CAR 28 (HAR) TIMED AT 16:16:20,,BLUE,Driver,,28,49,2018,11
2018-07-22 14:17:02,Flag,WAVED BLUE FLAG FOR CAR 8 (GRO) TIMED AT 16:17:02,,BLUE,Driver,,8,49,2018,11
2018-07-22 14:17:26,Flag,YELLOW IN TRACK SECTOR 1,,YELLOW,Sector,1.0,,49,2018,11
2018-07-22 14:17:28,Flag,CLEAR IN TRACK SECTOR 1,,CLEAR,Sector,1.0,,50,2018,11
2018-07-22 14:17:34,Flag,WAVED BLUE FLAG FOR CAR 16 (LEC) TIMED AT 16:17:33,,BLUE,Driver,,16,50,2018,11
2018-07-22 14:17:42,Flag,WAVED BLUE FLAG FOR CAR 14 (ALO) TIMED AT 16:17:42,,BLUE,Driver,,14,50,2018,11
2018-07-22 14:17:57,Flag,WAVED BLUE FLAG FOR CAR 55 (SAI) TIMED AT 16:17:57,,BLUE,Driver,,55,50,2018,11
2018-07-22 14:18:08,Flag,WAVED BLUE FLAG FOR CAR 55 (SAI) TIMED AT 16:18:08,,BLUE,Driver,,55,50,2018,11
2018-07-22 14:18:28,Flag,WAVED BLUE FLAG FOR CAR 20 (MAG) TIMED AT 16:18:27,,BLUE,Driver,,20,50,2018,11
2018-07-22 14:18:50,Flag,WAVED BLUE FLAG FOR CAR 20 (MAG) TIMED AT 16:18:49,,BLUE,Driver,,20,50,2018,11
2018-07-22 14:18:51,Flag,WAVED BLUE FLAG FOR CAR 27 (HUL) TIMED AT 16:18:51,,BLUE,Driver,,27,51,2018,11
2018-07-22 14:19:26,Flag,WAVED BLUE FLAG FOR CAR 16 (LEC) TIMED AT 16:19:26,,BLUE,Driver,,16,51,2018,11
2018-07-22 14:19:36,Flag,WAVED BLUE FLAG FOR CAR 20 (MAG) TIMED AT 16:19:35,,BLUE,Driver,,20,51,2018,11
2018-07-22 14:19:53,Flag,YELLOW IN TRACK SECTOR 8,,YELLOW,Sector,8.0,,51,2018,11
2018-07-22 14:19:54,Flag,YELLOW IN TRACK SECTOR 9,,YELLOW,Sector,9.0,,51,2018,11
2018-07-22 14:20:03,Flag,CLEAR IN TRACK SECTOR 8,,CLEAR,Sector,8.0,,51,2018,11
2018-07-22 14:20:04,Flag,CLEAR IN TRACK SECTOR 9,,CLEAR,Sector,9.0,,51,2018,11
2018-07-22 14:20:04,CarEvent,CAR 11 (PER) SPUN AND CONTINUED AT TURN 8,,,,,11,51,2018,11
2018-07-22 14:20:11,Other,TRACK SURFACE SLIPPERY IN TRACK SECTOR 8,,,,,,51,2018,11
2018-07-22 14:20:16,Flag,WAVED BLUE FLAG FOR CAR 20 (MAG) TIMED AT 16:20:15,,BLUE,Driver,,20,51,2018,11
2018-07-22 14:20:27,Flag,CLEAR IN TRACK SECTOR 8,,CLEAR,Sector,8.0,,52,2018,11
2018-07-22 14:20:40,Flag,WAVED BLUE FLAG FOR CAR 8 (GRO) TIMED AT 16:20:39,,BLUE,Driver,,8,52,2018,11
2018-07-22 14:20:47,Flag,WAVED BLUE FLAG FOR CAR 14 (ALO) TIMED AT 16:20:46,,BLUE,Driver,,14,52,2018,11
2018-07-22 14:20:57,Flag,YELLOW IN TRACK SECTOR 12,,YELLOW,Sector,12.0,,52,2018,11
2018-07-22 14:20:59,Flag,YELLOW IN TRACK SECTOR 13,,YELLOW,Sector,13.0,,52,2018,11
2018-07-22 14:21:02,Flag,WAVED BLUE FLAG FOR CAR 16 (LEC) TIMED AT 16:21:01,,BLUE,Driver,,16,52,2018,11
2018-07-22 14:21:08,Flag,CLEAR IN TRACK SECTOR 12,,CLEAR,Sector,12.0,,52,2018,11
2018-07-22 14:21:12,Flag,WAVED BLUE FLAG FOR CAR 8 (GRO) TIMED AT 16:21:12,,BLUE,Driver,,8,52,2018,11
2018-07-22 14:21:12,Flag,CLEAR IN TRACK SECTOR 13,,CLEAR,Sector,13.0,,52,2018,11
2018-07-22 14:21:35,Flag,YELLOW IN TRACK SECTOR 11,,YELLOW,Sector,11.0,,52,2018,11
2018-07-22 14:21:51,SafetyCar,SAFETY CAR DEPLOYED,DEPLOYED,,,,,52,2018,11
2018-07-22 14:25:37,Flag,CLEAR IN TRACK SECTOR 11,,CLEAR,Sector,11.0,,54,2018,11
2018-07-22 14:26:58,Other,"LAPPED CARS MAY NOW OVERTAKE - 2,8,9,10,11,14,16,18,20,28,31,55",,,,,,55,2018,11
2018-07-22 14:31:47,SafetyCar,SAFETY CAR IN THIS LAP,IN THIS LAP,,,,,57,2018,11
2018-07-22 14:32:42,Flag,TRACK CLEAR,,CLEAR,Track,,,57,2018,11
2018-07-22 14:32:52,Flag,WAVED BLUE FLAG FOR CAR 16 (LEC) TIMED AT 16:32:52,,BLUE,Driver,,16,57,2018,11
2018-07-22 14:32:54,Flag,WAVED BLUE FLAG FOR CAR 14 (ALO) TIMED AT 16:32:53,,BLUE,Driver,,14,57,2018,11
2018-07-22 14:32:55,Flag,WAVED BLUE FLAG FOR CAR 10 (GAS) TIMED AT 16:32:55,,BLUE,Driver,,10,57,2018,11
2018-07-22 14:33:00,Flag,WAVED BLUE FLAG FOR CAR 14 (ALO) TIMED AT 16:32:59,,BLUE,Driver,,14,58,2018,11
2018-07-22 14:33:19,Other,TRACK SURFACE SLIPPERY IN TRACK SECTOR 7,,,,,,58,2018,11
2018-07-22 14:33:50,Flag,CLEAR IN TRACK SECTOR 7,,CLEAR,Sector,7.0,,58,2018,11
2018-07-22 14:33:59,Other,TRACK SURFACE SLIPPERY IN TRACK SECTOR 7,,,,,,58,2018,11
2018-07-22 14:34:00,Flag,WAVED BLUE FLAG FOR CAR 16 (LEC) TIMED AT 16:34:00,,BLUE,Driver,,16,58,2018,11
2018-07-22 14:34:02,Flag,CLEAR IN TRACK SECTOR 7,,CLEAR,Sector,7.0,,58,2018,11
2018-07-22 14:34:14,Flag,WAVED BLUE FLAG FOR CAR 10 (GAS) TIMED AT 16:34:14,,BLUE,Driver,,10,59,2018,11
2018-07-22 14:34:32,Other,INCIDENT INVOLVING CAR 55 (SAI) UNDER INVESTIGATION - OVERTAKING WHILE THE SAFETY CAR WAS DEPLOYED,,,,,,59,2018,11
2018-07-22 14:35:12,Drs,DRS ENABLED,ENABLED,,,,,59,2018,11
2018-07-22 14:36:38,Flag,WAVED BLUE FLAG FOR CAR 14 (ALO) TIMED AT 16:36:38,,BLUE,Driver,,14,60,2018,11
2018-07-22 14:39:03,Other,10 SECOND TIME PENALTY FOR CAR 55 (SAI) - OVERTAKING WHILE THE SAFETY CAR WAS DEPLOYED,,,,,,62,2018,11
2018-07-22 14:39:39,Flag,WAVED BLUE FLAG FOR CAR 14 (ALO) TIMED AT 16:39:38,,BLUE,Driver,,14,63,2018,11
2018-07-22 14:45:31,Flag,CHEQUERED FLAG,,CHEQUERED,Track,,,67,2018,11
2018-07-29 13:07:05,Drs,DRS DISABLED,DISABLED,,,,,1,2018,12
2018-07-29 13:12:57,Flag,GREEN LIGHT - PIT EXIT OPEN,,GREEN,Track,,,1,2018,12
2018-07-29 13:16:17,Drs,DRS ENABLED,ENABLED,,,,,3,2018,12
2018-07-29 13:21:04,Flag,YELLOW IN TRACK SECTOR 9,,YELLOW,Sector,9.0,,6,2018,12
2018-07-29 13:21:15,SafetyCar,VIRTUAL SAFETY CAR DEPLOYED,DEPLOYED,,,,,6,2018,12
2018-07-29 13:21:30,CarEvent,CAR 33 (VER) STOPPED AT TURN 6,,,,,33,7,2018,12
2018-07-29 13:21:59,Flag,CLEAR IN TRACK SECTOR 9,,CLEAR,Sector,9.0,,7,2018,12
2018-07-29 13:22:02,SafetyCar,VIRTUAL SAFETY CAR ENDING,ENDING,,,,,7,2018,12
2018-07-29 13:22:16,Flag,TRACK CLEAR,,CLEAR,Track,,,7,2018,12
2018-07-29 13:22:22,Drs,DRS ENABLED,ENABLED,,,,,7,2018,12
2018-07-29 13:43:10,Flag,WAVED BLUE FLAG FOR CAR 9 (ERI) TIMED AT 15:43:10,,BLUE,Driver,,9,22,2018,12
2018-07-29 13:45:21,Flag,WAVED BLUE FLAG FOR CAR 11 (PER) TIMED AT 15:45:20,,BLUE,Driver,,11,24,2018,12
2018-07-29 13:45:36,Flag,WAVED BLUE FLAG FOR CAR 18 (STR) TIMED AT 15:45:36,,BLUE,Driver,,18,24,2018,12
2018-07-29 13:46:33,Flag,WAVED BLUE FLAG FOR CAR 9 (ERI) TIMED AT 15:46:33,,BLUE,Driver,,9,25,2018,12
2018-07-29 13:48:24,Flag,WAVED BLUE FLAG FOR CAR 18 (STR) TIMED AT 15:48:23,,BLUE,Driver,,18,26,2018,12
2018-07-29 13:51:43,Flag,WAVED BLUE FLAG FOR CAR 9 (ERI) TIMED AT 15:51:43,,BLUE,Driver,,9,28,2018,12
2018-07-29 13:51:44,Flag,WAVED BLUE FLAG FOR CAR 35 (SIR) TIMED AT 15:51:44,,BLUE,Driver,,35,28,2018,12
2018-07-29 13:53:40,Flag,WAVED BLUE FLAG FOR CAR 11 (PER) TIMED AT 15:53:39,,BLUE,Driver,,11,30,2018,12
2018-07-29 13:54:24,Flag,WAVED BLUE FLAG FOR CAR 18 (STR) TIMED AT 15:54:24,,BLUE,Driver,,18,30,2018,12
2018-07-29 13:56:42,Flag,WAVED BLUE FLAG FOR CAR 27 (HUL) TIMED AT 15:56:42,,BLUE,Driver,,27,32,2018,12
2018-07-29 13:57:34,Flag,WAVED BLUE FLAG FOR CAR 9 (ERI) TIMED AT 15:57:34,,BLUE,Driver,,9,32,2018,12
2018-07-29 13:57:58,Flag,WAVED BLUE FLAG FOR CAR 28 (HAR) TIMED AT 15:57:57,,BLUE,Driver,,28,33,2018,12
2018-07-29 13:59:11,Flag,WAVED BLUE FLAG FOR CAR 18 (STR) TIMED AT 15:59:10,,BLUE,Driver,,18,34,2018,12
2018-07-29 13:59:51,Flag,WAVED BLUE FLAG FOR CAR 9 (ERI) TIMED AT 15:59:51,,BLUE,Driver,,9,34,2018,12
2018-07-29 14:00:28,Flag,WAVED BLUE FLAG FOR CAR 8 (GRO) TIMED AT 16:00:28,,BLUE,Driver,,8,34,2018,12
2018-07-29 14:01:09,Flag,WAVED BLUE FLAG FOR CAR 18 (STR) TIMED AT 16:01:09,,BLUE,Driver,,18,35,2018,12
2018-07-29 14:02:18,Flag,WAVED BLUE FLAG FOR CAR 55 (SAI) TIMED AT 16:02:17,,BLUE,Driver,,55,36,2018,12
2018-07-29 14:04:07,Flag,WAVED BLUE FLAG FOR CAR 31 (OCO) TIMED AT 16:04:06,,BLUE,Driver,,31,37,2018,12
2018-07-29 14:04:40,Flag,WAVED BLUE FLAG FOR CAR 31 (OCO) TIMED AT 16:04:40,,BLUE,Driver,,31,38,2018,12
2018-07-29 14:04:42,Flag,WAVED BLUE FLAG FOR CAR 11 (PER) TIMED AT 16:04:42,,BLUE,Driver,,11,38,2018,12
2018-07-29 14:06:45,Flag,WAVED BLUE FLAG FOR CAR 27 (HUL) TIMED AT 16:06:45,,BLUE,Driver,,27,39,2018,12
2018-07-29 14:06:49,Flag,WAVED BLUE FLAG FOR CAR 35 (SIR) TIMED AT 16:06:48,,BLUE,Driver,,35,39,2018,12
2018-07-29 14:07:50,Flag,WAVED BLUE FLAG FOR CAR 9 (ERI) TIMED AT 16:07:49,,BLUE,Driver,,9,40,2018,12
2018-07-29 14:08:09,Flag,WAVED BLUE FLAG FOR CAR 9 (ERI) TIMED AT 16:08:09,,BLUE,Driver,,9,40,2018,12
2018-07-29 14:08:12,Flag,WAVED BLUE FLAG FOR CAR 28 (HAR) TIMED AT 16:08:11,,BLUE,Driver,,28,40,2018,12
2018-07-29 14:08:18,Flag,WAVED BLUE FLAG FOR CAR 18 (STR) TIMED AT 16:08:17,,BLUE,Driver,,18,40,2018,12
2018-07-29 14:08:52,Flag,WAVED BLUE FLAG FOR CAR 8 (GRO) TIMED AT 16:08:51,,BLUE,Driver,,8,40,2018,12
2018-07-29 14:09:20,Flag,WAVED BLUE FLAG FOR CAR 31 (OCO) TIMED AT 16:09:20,,BLUE,Driver,,31,41,2018,12
2018-07-29 14:09:59,Flag,WAVED BLUE FLAG FOR CAR 11 (PER) TIMED AT 16:09:58,,BLUE,Driver,,11,41,2018,12
2018-07-29 14:10:14,Flag,WAVED BLUE FLAG FOR CAR 55 (SAI) TIMED AT 16:10:14,,BLUE,Driver,,55,41,2018,12
2018-07-29 14:11:45,Flag,WAVED BLUE FLAG FOR CAR 27 (HUL) TIMED AT 16:11:44,,BLUE,Driver,,27,43,2018,12
2018-07-29 14:12:47,Flag,WAVED BLUE FLAG FOR CAR 28 (HAR) TIMED AT 16:12:47,,BLUE,Driver,,28,43,2018,12
2018-07-29 14:13:16,Flag,WAVED BLUE FLAG FOR CAR 2 (VAN) TIMED AT 16:13:16,,BLUE,Driver,,2,44,2018,12
2018-07-29 14:14:18,Flag,WAVED BLUE FLAG FOR CAR 14 (ALO) TIMED AT 16:14:18,,BLUE,Driver,,14,44,2018,12
2018-07-29 14:14:31,Flag,WAVED BLUE FLAG FOR CAR 11 (PER) TIMED AT 16:14:31,,BLUE,Driver,,11,45,2018,12
2018-07-29 14:14:40,Flag,WAVED BLUE FLAG FOR CAR 8 (GRO) TIMED AT 16:14:40,,BLUE,Driver,,8,45,2018,12
2018-07-29 14:15:05,Flag,WAVED BLUE FLAG FOR CAR 31 (OCO) TIMED AT 16:15:04,,BLUE,Driver,,31,45,2018,12
2018-07-29 14:15:08,Flag,WAVED BLUE FLAG FOR CAR 8 (GRO) TIMED AT 16:15:07,,BLUE,Driver,,8,45,2018,12
2018-07-29 14:16:20,Flag,WAVED BLUE FLAG FOR CAR 55 (SAI) TIMED AT 16:16:20,,BLUE,Driver,,55,46,2018,12
2018-07-29 14:17:14,Flag,WAVED BLUE FLAG FOR CAR 55 (SAI) TIMED AT 16:17:14,,BLUE,Driver,,55,47,2018,12
2018-07-29 14:17:42,Flag,WAVED BLUE FLAG FOR CAR 35 (SIR) TIMED AT 16:17:41,,BLUE,Driver,,35,47,2018,12
2018-07-29 14:19:03,Flag,WAVED BLUE FLAG FOR CAR 9 (ERI) TIMED AT 16:19:03,,BLUE,Driver,,9,48,2018,12
2018-07-29 14:20:16,Flag,WAVED BLUE FLAG FOR CAR 18 (STR) TIMED AT 16:20:15,,BLUE,Driver,,18,49,2018,12
2018-07-29 14:20:47,Flag,WAVED BLUE FLAG FOR CAR 27 (HUL) TIMED AT 16:20:46,,BLUE,Driver,,27,49,2018,12
2018-07-29 14:21:28,Flag,WAVED BLUE FLAG FOR CAR 18 (STR) TIMED AT 16:21:27,,BLUE,Driver,,18,50,2018,12
2018-07-29 14:21:32,Flag,WAVED BLUE FLAG FOR CAR 11 (PER) TIMED AT 16:21:32,,BLUE,Driver,,11,50,2018,12
2018-07-29 14:21:36,Flag,WAVED BLUE FLAG FOR CAR 28 (HAR) TIMED AT 16:21:35,,BLUE,Driver,,28,50,2018,12
2018-07-29 14:22:12,Flag,WAVED BLUE FLAG FOR CAR 2 (VAN) TIMED AT 16:22:11,,BLUE,Driver,,2,50,2018,12
2018-07-29 14:22:43,Flag,WAVED BLUE FLAG FOR CAR 2 (VAN) TIMED AT 16:22:43,,BLUE,Driver,,2,51,2018,12
2018-07-29 14:22:46,Flag,WAVED BLUE FLAG FOR CAR 31 (OCO) TIMED AT 16:22:46,,BLUE,Driver,,31,51,2018,12
2018-07-29 14:23:28,Flag,YELLOW IN TRACK SECTOR 2,,YELLOW,Sector,2.0,,51,2018,12
2018-07-29 14:23:36,SafetyCar,VIRTUAL SAFETY CAR DEPLOYED,DEPLOYED,,,,,51,2018,12
2018-07-29 14:23:58,CarEvent,CAR 2 (VAN) STOPPED AT TURN 1,,,,,2,51,2018,12
2018-07-29 14:24:45,Flag,CLEAR IN TRACK SECTOR 2,,CLEAR,Sector,2.0,,52,2018,12
2018-07-29 14:24:47,SafetyCar,VIRTUAL SAFETY CAR ENDING,ENDING,,,,,52,2018,12
2018-07-29 14:25:01,Flag,TRACK CLEAR,,CLEAR,Track,,,52,2018,12
2018-07-29 14:25:02,Flag,WAVED BLUE FLAG FOR CAR 8 (GRO) TIMED AT 16:25:01,,BLUE,Driver,,8,52,2018,12
2018-07-29 14:25:05,Drs,DRS ENABLED,ENABLED,,,,,52,2018,12
2018-07-29 14:25:38,Flag,WAVED BLUE FLAG FOR CAR 35 (SIR) TIMED AT 16:25:38,,BLUE,Driver,,35,52,2018,12
2018-07-29 14:26:26,Flag,WAVED BLUE FLAG FOR CAR 55 (SAI) TIMED AT 16:26:26,,BLUE,Driver,,55,53,2018,12
2018-07-29 14:29:19,Flag,WAVED BLUE FLAG FOR CAR 9 (ERI) TIMED AT 16:29:18,,BLUE,Driver,,9,55,2018,12
2018-07-29 14:29:56,Flag,WAVED BLUE FLAG FOR CAR 14 (ALO) TIMED AT 16:29:55,,BLUE,Driver,,14,56,2018,12
2018-07-29 14:30:01,Flag,WAVED BLUE FLAG FOR CAR 35 (SIR) TIMED AT 16:30:01,,BLUE,Driver,,35,56,2018,12
2018-07-29 14:32:06,Flag,WAVED BLUE FLAG FOR CAR 14 (ALO) TIMED AT 16:32:05,,BLUE,Driver,,14,57,2018,12
2018-07-29 14:32:06,Flag,WAVED BLUE FLAG FOR CAR 9 (ERI) TIMED AT 16:32:06,,BLUE,Driver,,9,57,2018,12
2018-07-29 14:32:11,Flag,WAVED BLUE FLAG FOR CAR 28 (HAR) TIMED AT 16:32:10,,BLUE,Driver,,28,57,2018,12
2018-07-29 14:34:06,Flag,WAVED BLUE FLAG FOR CAR 18 (STR) TIMED AT 16:34:06,,BLUE,Driver,,18,59,2018,12
2018-07-29 14:34:25,Flag,WAVED BLUE FLAG FOR CAR 18 (STR) TIMED AT 16:34:25,,BLUE,Driver,,18,59,2018,12
2018-07-29 14:35:30,Flag,WAVED BLUE FLAG FOR CAR 18 (STR) TIMED AT 16:35:30,,BLUE,Driver,,18,60,2018,12
2018-07-29 14:36:16,Flag,WAVED BLUE FLAG FOR CAR 8 (GRO) TIMED AT 16:36:15,,BLUE,Driver,,8,60,2018,12
2018-07-29 14:37:54,Flag,WAVED BLUE FLAG FOR CAR 55 (SAI) TIMED AT 16:37:53,,BLUE,Driver,,55,61,2018,12
2018-07-29 14:39:36,Flag,WAVED BLUE FLAG FOR CAR 35 (SIR) TIMED AT 16:39:35,,BLUE,Driver,,35,63,2018,12
2018-07-29 14:39:54,Flag,WAVED BLUE FLAG FOR CAR 35 (SIR) TIMED AT 16:39:54,,BLUE,Driver,,35,63,2018,12
2018-07-29 14:41:13,Flag,WAVED BLUE FLAG FOR CAR 18 (STR) TIMED AT 16:41:12,,BLUE,Driver,,18,64,2018,12
2018-07-29 14:42:16,Flag,WAVED BLUE FLAG FOR CAR 35 (SIR) TIMED AT 16:42:15,,BLUE,Driver,,35,65,2018,12
2018-07-29 14:43:51,Flag,WAVED BLUE FLAG FOR CAR 9 (ERI) TIMED AT 16:43:51,,BLUE,Driver,,9,66,2018,12
2018-07-29 14:43:55,Flag,WAVED BLUE FLAG FOR CAR 35 (SIR) TIMED AT 16:43:54,,BLUE,Driver,,35,66,2018,12
2018-07-29 14:45:12,Flag,WAVED BLUE FLAG FOR CAR 14 (ALO) TIMED AT 16:45:12,,BLUE,Driver,,14,67,2018,12
2018-07-29 14:46:37,Other,TURN 2 INCIDENT INVOLVING CARS 5 (VET) AND 77 (BOT) NOTED,,,,,,68,2018,12
2018-07-29 14:47:06,Flag,WAVED BLUE FLAG FOR CAR 20 (MAG) TIMED AT 16:47:06,,BLUE,Driver,,20,68,2018,12
2018-07-29 14:47:17,Flag,WAVED BLUE FLAG FOR CAR 11 (PER) TIMED AT 16:47:17,,BLUE,Driver,,11,68,2018,12
2018-07-29 14:47:53,Other,TURN 1 INCIDENT INVOLVING CARS 3 (RIC) AND 77 (BOT) WILL BE INVESTIGATED AFTER THE RACE,,,,,,69,2018,12
2018-07-29 14:48:24,Flag,WAVED BLUE FLAG FOR CAR 14 (ALO) TIMED AT 16:48:23,,BLUE,Driver,,14,69,2018,12
2018-07-29 14:50:14,Flag,CHEQUERED FLAG,,CHEQUERED,Track,,,70,2018,12
2018-07-29 14:50:26,Flag,WAVED BLUE FLAG FOR CAR 9 (ERI) TIMED AT 16:50:25,,BLUE,Driver,,9,70,2018,12
2018-08-26 12:55:06,Other,RISK OF RAIN FOR THIS SESSION IS 20%,,,,,,1,2018,13
2018-08-26 13:07:05,Drs,DRS DISABLED,DISABLED,,,,,1,2018,13
2018-08-26 13:09:49,Flag,YELLOW IN TRACK SECTOR 16,,YELLOW,Sector,16.0,,1,2018,13
2018-08-26 13:09:51,Flag,CLEAR IN TRACK SECTOR 16,,CLEAR,Sector,16.0,,1,2018,13
2018-08-26 13:13:34,Flag,GREEN LIGHT - PIT EXIT OPEN,,GREEN,Track,,,1,2018,13
2018-08-26 13:13:45,Flag,YELLOW IN TRACK SECTOR 1,,YELLOW,Sector,1.0,,1,2018,13
2018-08-26 13:14:13,SafetyCar,SAFETY CAR DEPLOYED,DEPLOYED,,,,,1,2018,13
2018-08-26 13:15:23,SafetyCar,SAFETY CAR THROUGH THE PIT LANE,THROUGH THE PIT LANE,,,,,1,2018,13
2018-08-26 13:16:11,Other,1ST CORNER INCIDENT UNDER INVESTIGATION,,,,,,2,2018,13
2018-08-26 13:17:28,Other,TURN 1 INCIDENT WILL BE INVESTIGATED AFTER THE RACE,,,,,,2,2018,13
2018-08-26 13:18:08,Other,PIT LANE ENTRY CLEAR,,,,,,2,2018,13
2018-08-26 13:18:27,Other,SAFETY CAR WILL USE START/FINISH STRAIGHT,,,,,,2,2018,13
2018-08-26 13:21:35,Flag,CLEAR IN TRACK SECTOR 1,,CLEAR,Sector,1.0,,3,2018,13
2018-08-26 13:22:44,SafetyCar,SAFETY CAR IN THIS LAP,IN THIS LAP,,,,,4,2018,13
2018-08-26 13:24:34,Flag,TRACK CLEAR,,CLEAR,Track,,,4,2018,13
2018-08-26 13:25:35,Flag,WAVED BLUE FLAG FOR CAR 3 (RIC) TIMED AT 15:25:34,,BLUE,Driver,,3,5,2018,13
2018-08-26 13:27:32,Other,TURN 1 INCIDENT INVOLVING CARS 3 (RIC) AND 7 (RAI) NOTED,,,,,,6,2018,13
2018-08-26 13:27:45,CarEvent,CAR 31 (OCO) MISSED THE APEX OF TURN 4,,,,,31,6,2018,13
2018-08-26 13:28:42,Drs,DRS ENABLED,ENABLED,,,,,7,2018,13
2018-08-26 13:29:10,Other,TURN 1 INCIDENT INVOLVING CARS 3 (RIC) AND 7 (RAI) - NO INVESTIGATION NECESSARY,,,,,,7,2018,13
2018-08-26 13:29:25,CarEvent,CAR 7 (RAI) MISSED THE APEX OF TURN 4,,,,,7,7,2018,13
2018-08-26 14:19:04,Flag,WAVED BLUE FLAG FOR CAR 18 (STR) TIMED AT 16:19:03,,BLUE,Driver,,18,34,2018,13
2018-08-26 14:20:20,Flag,WAVED BLUE FLAG FOR CAR 35 (SIR) TIMED AT 16:20:19,,BLUE,Driver,,35,35,2018,13
2018-08-26 14:22:01,Flag,WAVED BLUE FLAG FOR CAR 18 (STR) TIMED AT 16:22:00,,BLUE,Driver,,18,36,2018,13
2018-08-26 14:22:34,Flag,WAVED BLUE FLAG FOR CAR 55 (SAI) TIMED AT 16:22:34,,BLUE,Driver,,55,36,2018,13
2018-08-26 14:24:08,Flag,WAVED BLUE FLAG FOR CAR 35 (SIR) TIMED AT 16:24:08,,BLUE,Driver,,35,37,2018,13
2018-08-26 14:24:52,Flag,WAVED BLUE FLAG FOR CAR 2 (VAN) TIMED AT 16:24:51,,BLUE,Driver,,2,38,2018,13
2018-08-26 14:26:19,Flag,WAVED BLUE FLAG FOR CAR 55 (SAI) TIMED AT 16:26:18,,BLUE,Driver,,55,38,2018,13
2018-08-26 14:30:07,Flag,WAVED BLUE FLAG FOR CAR 9 (ERI) TIMED AT 16:30:07,,BLUE,Driver,,9,41,2018,13
2018-08-26 14:30:14,Flag,WAVED BLUE FLAG FOR CAR 28 (HAR) TIMED AT 16:30:14,,BLUE,Driver,,28,41,2018,13
2018-08-26 14:37:07,Flag,CHEQUERED FLAG,,CHEQUERED,Track,,,44,2018,13
2018-09-02 13:05:18,Drs,DRS DISABLED,DISABLED,,,,,1,2018,14
2018-09-02 13:13:30,Flag,GREEN LIGHT - PIT EXIT OPEN,,GREEN,Track,,,1,2018,14
2018-09-02 13:13:55,Flag,YELLOW IN TRACK SECTOR 3,,YELLOW,Sector,3.0,,1,2018,14
2018-09-02 13:14:08,Flag,YELLOW IN TRACK SECTOR 7,,YELLOW,Sector,7.0,,1,2018,14
2018-09-02 13:14:17,Flag,CLEAR IN TRACK SECTOR 7,,CLEAR,Sector,7.0,,1,2018,14
2018-09-02 13:14:37,SafetyCar,SAFETY CAR DEPLOYED,DEPLOYED,,,,,1,2018,14
2018-09-02 13:16:54,Other,TURN 4 INCIDENT INVOLVING CARS 5 (VET) AND 44 (HAM) UNDER INVESTIGATION,,,,,,2,2018,14
2018-09-02 13:18:27,Flag,CLEAR IN TRACK SECTOR 3,,CLEAR,Sector,3.0,,3,2018,14
2018-09-02 13:18:46,SafetyCar,SAFETY CAR IN THIS LAP,IN THIS LAP,,,,,3,2018,14
2018-09-02 13:19:40,Flag,TRACK CLEAR,,CLEAR,Track,,,3,2018,14
2018-09-02 13:20:50,Other,TRACK SURFACE SLIPPERY IN TRACK SECTOR 8,,,,,,4,2018,14
2018-09-02 13:21:33,Flag,CLEAR IN TRACK SECTOR 8,,CLEAR,Sector,8.0,,5,2018,14
2018-09-02 13:22:40,Other,TURN 4 INCIDENT INVOLVING CARS 5 (VET) AND 44 (HAM) - NO FURTHER ACTION,,,,,,6,2018,14
2018-09-02 13:23:01,Drs,DRS ENABLED,ENABLED,,,,,6,2018,14
2018-09-02 13:39:14,Flag,WAVED BLUE FLAG FOR CAR 20 (MAG) TIMED AT 15:39:14,,BLUE,Driver,,20,17,2018,14
2018-09-02 13:43:44,Flag,WAVED BLUE FLAG FOR CAR 20 (MAG) TIMED AT 15:43:44,,BLUE,Driver,,20,20,2018,14
2018-09-02 13:49:25,Flag,YELLOW IN TRACK SECTOR 7,,YELLOW,Sector,7.0,,25,2018,14
2018-09-02 13:49:27,Flag,WAVED BLUE FLAG FOR CAR 20 (MAG) TIMED AT 15:49:26,,BLUE,Driver,,20,25,2018,14
2018-09-02 13:49:43,Flag,DOUBLE YELLOW IN TRACK SECTOR 7,,DOUBLE YELLOW,Sector,7.0,,25,2018,14
2018-09-02 13:51:49,Flag,CLEAR IN TRACK SECTOR 7,,CLEAR,Sector,7.0,,26,2018,14
2018-09-02 13:55:33,Flag,WAVED BLUE FLAG FOR CAR 20 (MAG) TIMED AT 15:55:32,,BLUE,Driver,,20,29,2018,14
2018-09-02 13:57:05,Flag,WAVED BLUE FLAG FOR CAR 20 (MAG) TIMED AT 15:57:04,,BLUE,Driver,,20,30,2018,14
2018-09-02 13:58:19,Flag,WAVED BLUE FLAG FOR CAR 20 (MAG) TIMED AT 15:58:19,,BLUE,Driver,,20,31,2018,14
2018-09-02 14:01:09,Flag,WAVED BLUE FLAG FOR CAR 20 (MAG) TIMED AT 16:01:08,,BLUE,Driver,,20,33,2018,14
2018-09-02 14:03:41,Flag,WAVED BLUE FLAG FOR CAR 2 (VAN) TIMED AT 16:03:40,,BLUE,Driver,,2,34,2018,14
2018-09-02 14:04:56,Flag,WAVED BLUE FLAG FOR CAR 20 (MAG) TIMED AT 16:04:55,,BLUE,Driver,,20,35,2018,14
2018-09-02 14:09:10,Flag,WAVED BLUE FLAG FOR CAR 20 (MAG) TIMED AT 16:09:09,,BLUE,Driver,,20,38,2018,14
2018-09-02 14:13:10,Flag,WAVED BLUE FLAG FOR CAR 20 (MAG) TIMED AT 16:13:10,,BLUE,Driver,,20,41,2018,14
2018-09-02 14:13:48,Flag,WAVED BLUE FLAG FOR CAR 20 (MAG) TIMED AT 16:13:48,,BLUE,Driver,,20,42,2018,14
2018-09-02 14:14:15,Flag,WAVED BLUE FLAG FOR CAR 35 (SIR) TIMED AT 16:14:14,,BLUE,Driver,,35,42,2018,14
2018-09-02 14:14:28,Flag,WAVED BLUE FLAG FOR CAR 9 (ERI) TIMED AT 16:14:27,,BLUE,Driver,,9,42,2018,14
2018-09-02 14:15:39,Flag,WAVED BLUE FLAG FOR CAR 20 (MAG) TIMED AT 16:15:38,,BLUE,Driver,,20,43,2018,14
2018-09-02 14:16:40,Flag,WAVED BLUE FLAG FOR CAR 27 (HUL) TIMED AT 16:16:40,,BLUE,Driver,,27,44,2018,14
2018-09-02 14:16:59,Flag,WAVED BLUE FLAG FOR CAR 9 (ERI) TIMED AT 16:16:58,,BLUE,Driver,,9,44,2018,14
2018-09-02 14:17:00,Other,TURN 1 INCIDENT INVOLVING CARS 33 (VER) AND 77 (BOT) UNDER INVESTIGATION,,,,,,44,2018,14
2018-09-02 14:17:58,Flag,WAVED BLUE FLAG FOR CAR 10 (GAS) TIMED AT 16:17:57,,BLUE,Driver,,10,45,2018,14
2018-09-02 14:18:59,Other,5 SECOND TIME PENALTY FOR CAR 33 (VER) - CAUSING A COLLISION,,,,,,45,2018,14
2018-09-02 14:19:25,Flag,WAVED BLUE FLAG FOR CAR 10 (GAS) TIMED AT 16:19:25,,BLUE,Driver,,10,46,2018,14
2018-09-02 14:20:23,Flag,WAVED BLUE FLAG FOR CAR 2 (VAN) TIMED AT 16:20:22,,BLUE,Driver,,2,46,2018,14
2018-09-02 14:23:36,Flag,WAVED BLUE FLAG FOR CAR 27 (HUL) TIMED AT 16:23:35,,BLUE,Driver,,27,49,2018,14
2018-09-02 14:24:15,Flag,WAVED BLUE FLAG FOR CAR 10 (GAS) TIMED AT 16:24:15,,BLUE,Driver,,10,49,2018,14
2018-09-02 14:24:25,Flag,WAVED BLUE FLAG FOR CAR 18 (STR) TIMED AT 16:24:24,,BLUE,Driver,,18,49,2018,14
2018-09-02 14:26:05,Flag,WAVED BLUE FLAG FOR CAR 2 (VAN) TIMED AT 16:26:04,,BLUE,Driver,,2,50,2018,14
2018-09-02 14:27:49,Flag,WAVED BLUE FLAG FOR CAR 35 (SIR) TIMED AT 16:27:48,,BLUE,Driver,,35,52,2018,14
2018-09-02 14:27:51,Flag,WAVED BLUE FLAG FOR CAR 35 (SIR) TIMED AT 16:27:50,,BLUE,Driver,,35,52,2018,14
2018-09-02 14:28:25,Flag,WAVED BLUE FLAG FOR CAR 20 (MAG) TIMED AT 16:28:25,,BLUE,Driver,,20,52,2018,14
2018-09-02 14:29:25,Flag,WAVED BLUE FLAG FOR CAR 35 (SIR) TIMED AT 16:29:24,,BLUE,Driver,,35,53,2018,14
2018-09-02 14:30:24,Flag,CHEQUERED FLAG,,CHEQUERED,Track,,,53,2018,14
2018-09-16 11:55:08,Other,RISK OF RAIN FOR THIS SESSION IS 10%,,,,,,1,2018,15
2018-09-16 12:07:02,Drs,DRS DISABLED,DISABLED,,,,,1,2018,15
2018-09-16 12:13:35,Flag,GREEN LIGHT - PIT EXIT OPEN,,GREEN,Track,,,1,2018,15
2018-09-16 12:13:58,Flag,YELLOW IN TRACK SECTOR 2,,YELLOW,Sector,2.0,,1,2018,15
2018-09-16 12:14:03,Flag,DOUBLE YELLOW IN TRACK SECTOR 1,,DOUBLE YELLOW,Sector,1.0,,1,2018,15
2018-09-16 12:14:10,SafetyCar,SAFETY CAR DEPLOYED,DEPLOYED,,,,,1,2018,15
2018-09-16 12:15:52,Other,TURN 3 INCIDENT INVOLVING CARS 11 (PER) AND 31 (OCO) UNDER INVESTIGATION - CAUSING A COLLISION,,,,,,1,2018,15
2018-09-16 12:16:19,Flag,DOUBLE YELLOW IN TRACK SECTOR 2,,DOUBLE YELLOW,Sector,2.0,,2,2018,15
2018-09-16 12:22:14,SafetyCar,SAFETY CAR IN THIS LAP,IN THIS LAP,,,,,4,2018,15
2018-09-16 12:22:22,Flag,CLEAR IN TRACK SECTOR 2,,CLEAR,Sector,2.0,,4,2018,15
2018-09-16 12:22:25,Flag,CLEAR IN TRACK SECTOR 1,,CLEAR,Sector,1.0,,4,2018,15
2018-09-16 12:22:55,Other,TURN 3 INCIDENT INVOLVING CARS 11 (PER) AND 31 (OCO) - NO FURTHER ACTION,,,,,,4,2018,15
2018-09-16 12:23:57,Flag,TRACK CLEAR,,CLEAR,Track,,,4,2018,15
2018-09-16 12:27:47,Drs,DRS ENABLED,ENABLED,,,,,7,2018,15
2018-09-16 13:20:14,Other,TURN 18 INCIDENT INVOLVING CARS 11 (PER) AND 35 (SIR) UNDER INVESTIGATION - CAUSING A COLLISION,,,,,,36,2018,15
2018-09-16 13:20:22,Flag,WAVED BLUE FLAG FOR CAR 20 (MAG) TIMED AT 21:20:22,,BLUE,Driver,,20,36,2018,15
2018-09-16 13:21:10,Flag,WAVED BLUE FLAG FOR CAR 28 (HAR) TIMED AT 21:21:10,,BLUE,Driver,,28,36,2018,15
2018-09-16 13:21:48,Flag,WAVED BLUE FLAG FOR CAR 20 (MAG) TIMED AT 21:21:48,,BLUE,Driver,,20,37,2018,15
2018-09-16 13:22:16,Flag,WAVED BLUE FLAG FOR CAR 10 (GAS) TIMED AT 21:22:16,,BLUE,Driver,,10,37,2018,15
2018-09-16 13:22:23,Flag,WAVED BLUE FLAG FOR CAR 28 (HAR) TIMED AT 21:22:23,,BLUE,Driver,,28,37,2018,15
2018-09-16 13:22:52,Flag,WAVED BLUE FLAG FOR CAR 8 (GRO) TIMED AT 21:22:51,,BLUE,Driver,,8,37,2018,15
2018-09-16 13:23:00,Flag,WAVED BLUE FLAG FOR CAR 10 (GAS) TIMED AT 21:22:59,,BLUE,Driver,,10,37,2018,15
2018-09-16 13:23:47,Flag,WAVED BLUE FLAG FOR CAR 35 (SIR) TIMED AT 21:23:47,,BLUE,Driver,,35,38,2018,15
2018-09-16 13:23:58,Flag,WAVED BLUE FLAG FOR CAR 10 (GAS) TIMED AT 21:23:57,,BLUE,Driver,,10,38,2018,15
2018-09-16 13:24:11,Flag,WAVED BLUE FLAG FOR CAR 35 (SIR) TIMED AT 21:24:10,,BLUE,Driver,,35,38,2018,15
2018-09-16 13:24:23,Flag,WAVED BLUE FLAG FOR CAR 10 (GAS) TIMED AT 21:24:22,,BLUE,Driver,,10,38,2018,15
2018-09-16 13:24:24,Flag,WAVED BLUE FLAG FOR CAR 35 (SIR) TIMED AT 21:24:24,,BLUE,Driver,,35,38,2018,15
2018-09-16 13:24:48,Flag,WAVED BLUE FLAG FOR CAR 10 (GAS) TIMED AT 21:24:48,,BLUE,Driver,,10,38,2018,15
2018-09-16 13:24:49,Flag,WAVED BLUE FLAG FOR CAR 8 (GRO) TIMED AT 21:24:49,,BLUE,Driver,,8,38,2018,15
2018-09-16 13:24:58,Other,TURN 7 INCIDENT INVOLVING CARS 20 (MAG) AND 28 (HAR) UNDER INVESTIGATION,,,,,,39,2018,15
2018-09-16 13:25:29,Other,INCIDENT INVOLVING CARS 8 (GRO) AND 35 (SIR) UNDER INVESTIGATION - IGNORING BLUE FLAGS,,,,,,39,2018,15
2018-09-16 13:25:33,Flag,WAVED BLUE FLAG FOR CAR 11 (PER) TIMED AT 21:25:32,,BLUE,Driver,,11,39,2018,15
2018-09-16 13:26:38,Flag,WAVED BLUE FLAG FOR CAR 35 (SIR) TIMED AT 21:26:37,,BLUE,Driver,,35,40,2018,15
2018-09-16 13:26:52,Flag,WAVED BLUE FLAG FOR CAR 8 (GRO) TIMED AT 21:26:52,,BLUE,Driver,,8,40,2018,15
2018-09-16 13:26:53,Other,DRIVE THROUGH PENALTY FOR CAR 11 (PER) - CAUSING A COLLISION,,,,,,40,2018,15
2018-09-16 13:28:51,Flag,WAVED BLUE FLAG FOR CAR 10 (GAS) TIMED AT 21:28:50,,BLUE,Driver,,10,41,2018,15
2018-09-16 13:29:57,Flag,WAVED BLUE FLAG FOR CAR 18 (STR) TIMED AT 21:29:57,,BLUE,Driver,,18,41,2018,15
2018-09-16 13:30:10,Flag,WAVED BLUE FLAG FOR CAR 8 (GRO) TIMED AT 21:30:09,,BLUE,Driver,,8,42,2018,15
2018-09-16 13:31:04,Other,TURN 7 INCIDENT INVOLVING CARS 28 (HAR) AND 20 (MAG) - NO FURTHER ACTION,,,,,,42,2018,15
2018-09-16 13:34:09,Other,5 SECOND TIME PENALTY FOR CAR 8 (GRO) - IGNORING BLUE FLAGS,,,,,,44,2018,15
2018-09-16 13:36:35,Flag,WAVED BLUE FLAG FOR CAR 27 (HUL) TIMED AT 21:36:34,,BLUE,Driver,,27,45,2018,15
2018-09-16 13:37:03,Flag,WAVED BLUE FLAG FOR CAR 27 (HUL) TIMED AT 21:37:02,,BLUE,Driver,,27,45,2018,15
2018-09-16 13:38:22,Other,TURN 14 INCIDENT INVOLVING CARS 28 (HAR) AND 35 (SIR) UNDER INVESTIGATION - FORCING ANOTHER DRIVER OFF THE TRACK,,,,,,46,2018,15
2018-09-16 13:39:32,Flag,WAVED BLUE FLAG FOR CAR 27 (HUL) TIMED AT 21:39:32,,BLUE,Driver,,27,47,2018,15
2018-09-16 13:39:36,Other,5 SECOND TIME PENALTY FOR CAR 35 (SIR) - FORCING ANOTHER DRIVER OFF THE TRACK,,,,,,47,2018,15
2018-09-16 13:42:17,Flag,WAVED BLUE FLAG FOR CAR 16 (LEC) TIMED AT 21:42:16,,BLUE,Driver,,16,48,2018,15
2018-09-16 13:43:59,Flag,WAVED BLUE FLAG FOR CAR 16 (LEC) TIMED AT 21:43:59,,BLUE,Driver,,16,49,2018,15
2018-09-16 13:45:29,Flag,WAVED BLUE FLAG FOR CAR 20 (MAG) TIMED AT 21:45:28,,BLUE,Driver,,20,50,2018,15
2018-09-16 13:47:01,Flag,WAVED BLUE FLAG FOR CAR 35 (SIR) TIMED AT 21:47:01,,BLUE,Driver,,35,51,2018,15
2018-09-16 13:48:18,Flag,WAVED BLUE FLAG FOR CAR 35 (SIR) TIMED AT 21:48:18,,BLUE,Driver,,35,52,2018,15
2018-09-16 13:52:29,Flag,WAVED BLUE FLAG FOR CAR 55 (SAI) TIMED AT 21:52:29,,BLUE,Driver,,55,54,2018,15
2018-09-16 13:53:56,Flag,WAVED BLUE FLAG FOR CAR 20 (MAG) TIMED AT 21:53:55,,BLUE,Driver,,20,55,2018,15
2018-09-16 13:54:17,Flag,WAVED BLUE FLAG FOR CAR 35 (SIR) TIMED AT 21:54:16,,BLUE,Driver,,35,55,2018,15
2018-09-16 13:54:24,Flag,WAVED BLUE FLAG FOR CAR 55 (SAI) TIMED AT 21:54:23,,BLUE,Driver,,55,55,2018,15
2018-09-16 13:54:36,Flag,WAVED BLUE FLAG FOR CAR 35 (SIR) TIMED AT 21:54:35,,BLUE,Driver,,35,56,2018,15
2018-09-16 13:58:00,Flag,WAVED BLUE FLAG FOR CAR 35 (SIR) TIMED AT 21:58:00,,BLUE,Driver,,35,58,2018,15
2018-09-16 13:59:21,Flag,WAVED BLUE FLAG FOR CAR 35 (SIR) TIMED AT 21:59:21,,BLUE,Driver,,35,58,2018,15
2018-09-16 14:00:20,Flag,WAVED BLUE FLAG FOR CAR 20 (MAG) TIMED AT 22:00:19,,BLUE,Driver,,20,59,2018,15
2018-09-16 14:02:37,Flag,WAVED BLUE FLAG FOR CAR 35 (SIR) TIMED AT 22:02:37,,BLUE,Driver,,35,60,2018,15
2018-09-16 14:03:05,Flag,WAVED BLUE FLAG FOR CAR 20 (MAG) TIMED AT 22:03:04,,BLUE,Driver,,20,61,2018,15
2018-09-16 14:03:40,Flag,WAVED BLUE FLAG FOR CAR 35 (SIR) TIMED AT 22:03:39,,BLUE,Driver,,35,61,2018,15
2018-09-16 14:04:37,Flag,WAVED BLUE FLAG FOR CAR 28 (HAR) TIMED AT 22:04:37,,BLUE,Driver,,28,61,2018,15
2018-09-16 14:04:46,Flag,CHEQUERED FLAG,,CHEQUERED,Track,,,61,2018,15
2018-09-16 14:05:22,Flag,WAVED BLUE FLAG FOR CAR 35 (SIR) TIMED AT 22:05:22,,BLUE,Driver,,35,61,2018,15
2018-09-16 14:08:04,Flag,DOUBLE YELLOW IN TRACK SECTOR 1,,DOUBLE YELLOW,Sector,1.0,,61,2018,15
2018-09-30 11:07:03,Drs,DRS DISABLED,DISABLED,,,,,1,2018,16
2018-09-30 11:13:34,Flag,GREEN LIGHT - PIT EXIT OPEN,,GREEN,Track,,,1,2018,16
2018-09-30 11:14:13,Flag,YELLOW IN TRACK SECTOR 3,,YELLOW,Sector,3.0,,1,2018,16
2018-09-30 11:14:22,Flag,YELLOW IN TRACK SECTOR 4,,YELLOW,Sector,4.0,,1,2018,16
2018-09-30 11:14:29,Flag,CLEAR IN TRACK SECTOR 3,,CLEAR,Sector,3.0,,1,2018,16
2018-09-30 11:14:30,Flag,CLEAR IN TRACK SECTOR 4,,CLEAR,Sector,4.0,,1,2018,16
2018-09-30 11:14:47,Flag,YELLOW IN TRACK SECTOR 3,,YELLOW,Sector,3.0,,1,2018,16
2018-09-30 11:15:05,Flag,CLEAR IN TRACK SECTOR 3,,CLEAR,Sector,3.0,,1,2018,16
2018-09-30 11:16:44,Drs,DRS ENABLED,ENABLED,,,,,2,2018,16
2018-09-30 11:19:34,Flag,YELLOW IN TRACK SECTOR 6,,YELLOW,Sector,6.0,,4,2018,16
2018-09-30 11:19:44,Flag,CLEAR IN TRACK SECTOR 6,,CLEAR,Sector,6.0,,4,2018,16
2018-09-30 11:19:47,Flag,YELLOW IN TRACK SECTOR 3,,YELLOW,Sector,3.0,,4,2018,16
2018-09-30 11:19:48,Flag,CLEAR IN TRACK SECTOR 3,,CLEAR,Sector,3.0,,4,2018,16
2018-09-30 11:19:59,CarEvent,CAR 10 (GAS) SPUN AND CONTINUED AT TURN 4,,,,,10,4,2018,16
2018-09-30 11:20:07,CarEvent,CAR 28 (HAR) SPUN AND CONTINUED AT TURN 2,,,,,28,4,2018,16
2018-09-30 11:36:25,Flag,WAVED BLUE FLAG FOR CAR 35 (SIR) TIMED AT 14:36:25,,BLUE,Driver,,35,14,2018,16
2018-09-30 11:42:39,Other,TURN 2 INCIDENT INVOLVING CARS 5 (VET) AND 44 (HAM) UNDER INVESTIGATION - MOVING MORE THAN ONCE TO DEFEND THE POSITION,,,,,,18,2018,16
2018-09-30 11:49:29,Flag,WAVED BLUE FLAG FOR CAR 35 (SIR) TIMED AT 14:49:28,,BLUE,Driver,,35,22,2018,16
2018-09-30 11:50:02,Flag,WAVED BLUE FLAG FOR CAR 35 (SIR) TIMED AT 14:50:02,,BLUE,Driver,,35,22,2018,16
2018-09-30 11:50:11,Other,TURN 2 INCIDENT INVOLVING CARS 5 (VET) AND 44 (HAM) - NO FURTHER ACTION,,,,,,22,2018,16
2018-09-30 11:50:26,Flag,WAVED BLUE FLAG FOR CAR 35 (SIR) TIMED AT 14:50:25,,BLUE,Driver,,35,22,2018,16
2018-09-30 11:50:47,Flag,WAVED BLUE FLAG FOR CAR 2 (VAN) TIMED AT 14:50:47,,BLUE,Driver,,2,23,2018,16
2018-09-30 11:51:05,Flag,WAVED BLUE FLAG FOR CAR 2 (VAN) TIMED AT 14:51:04,,BLUE,Driver,,2,23,2018,16
2018-09-30 11:51:26,Flag,WAVED BLUE FLAG FOR CAR 2 (VAN) TIMED AT 14:51:25,,BLUE,Driver,,2,23,2018,16
2018-09-30 11:54:32,Flag,WAVED BLUE FLAG FOR CAR 35 (SIR) TIMED AT 14:54:31,,BLUE,Driver,,35,25,2018,16
2018-09-30 11:55:58,Flag,WAVED BLUE FLAG FOR CAR 2 (VAN) TIMED AT 14:55:58,,BLUE,Driver,,2,26,2018,16
2018-09-30 11:59:46,Flag,WAVED BLUE FLAG FOR CAR 35 (SIR) TIMED AT 14:59:46,,BLUE,Driver,,35,28,2018,16
2018-09-30 12:01:36,Flag,WAVED BLUE FLAG FOR CAR 18 (STR) TIMED AT 15:01:35,,BLUE,Driver,,18,29,2018,16
2018-09-30 12:01:55,Flag,WAVED BLUE FLAG FOR CAR 2 (VAN) TIMED AT 15:01:54,,BLUE,Driver,,2,29,2018,16
2018-09-30 12:02:45,Flag,WAVED BLUE FLAG FOR CAR 18 (STR) TIMED AT 15:02:45,,BLUE,Driver,,18,30,2018,16
2018-09-30 12:03:08,Flag,WAVED BLUE FLAG FOR CAR 14 (ALO) TIMED AT 15:03:08,,BLUE,Driver,,14,30,2018,16
2018-09-30 12:03:19,Flag,WAVED BLUE FLAG FOR CAR 18 (STR) TIMED AT 15:03:18,,BLUE,Driver,,18,30,2018,16
2018-09-30 12:04:13,Flag,WAVED BLUE FLAG FOR CAR 14 (ALO) TIMED AT 15:04:13,,BLUE,Driver,,14,31,2018,16
2018-09-30 12:04:43,Flag,WAVED BLUE FLAG FOR CAR 14 (ALO) TIMED AT 15:04:43,,BLUE,Driver,,14,31,2018,16
2018-09-30 12:05:05,Flag,WAVED BLUE FLAG FOR CAR 14 (ALO) TIMED AT 15:05:04,,BLUE,Driver,,14,31,2018,16
2018-09-30 12:07:48,Flag,WAVED BLUE FLAG FOR CAR 18 (STR) TIMED AT 15:07:48,,BLUE,Driver,,18,33,2018,16
2018-09-30 12:08:15,Flag,WAVED BLUE FLAG FOR CAR 55 (SAI) TIMED AT 15:08:15,,BLUE,Driver,,55,33,2018,16
2018-09-30 12:08:40,Flag,WAVED BLUE FLAG FOR CAR 14 (ALO) TIMED AT 15:08:39,,BLUE,Driver,,14,34,2018,16
2018-09-30 12:10:22,Flag,WAVED BLUE FLAG FOR CAR 55 (SAI) TIMED AT 15:10:21,,BLUE,Driver,,55,35,2018,16
2018-09-30 12:17:47,Flag,WAVED BLUE FLAG FOR CAR 18 (STR) TIMED AT 15:17:46,,BLUE,Driver,,18,39,2018,16
2018-09-30 12:19:49,Flag,WAVED BLUE FLAG FOR CAR 8 (GRO) TIMED AT 15:19:48,,BLUE,Driver,,8,40,2018,16
2018-09-30 12:20:13,Flag,WAVED BLUE FLAG FOR CAR 8 (GRO) TIMED AT 15:20:12,,BLUE,Driver,,8,41,2018,16
2018-09-30 12:20:49,Flag,WAVED BLUE FLAG FOR CAR 8 (GRO) TIMED AT 15:20:49,,BLUE,Driver,,8,41,2018,16
2018-09-30 12:21:12,Flag,WAVED BLUE FLAG FOR CAR 8 (GRO) TIMED AT 15:21:11,,BLUE,Driver,,8,41,2018,16
2018-09-30 12:21:35,Flag,WAVED BLUE FLAG FOR CAR 27 (HUL) TIMED AT 15:21:35,,BLUE,Driver,,27,41,2018,16
2018-09-30 12:22:19,Flag,WAVED BLUE FLAG FOR CAR 27 (HUL) TIMED AT 15:22:19,,BLUE,Driver,,27,42,2018,16
2018-09-30 12:24:15,Flag,WAVED BLUE FLAG FOR CAR 35 (SIR) TIMED AT 15:24:14,,BLUE,Driver,,35,43,2018,16
2018-09-30 12:24:33,Flag,WAVED BLUE FLAG FOR CAR 8 (GRO) TIMED AT 15:24:32,,BLUE,Driver,,8,43,2018,16
2018-09-30 12:25:34,Flag,WAVED BLUE FLAG FOR CAR 27 (HUL) TIMED AT 15:25:34,,BLUE,Driver,,27,44,2018,16
2018-09-30 12:25:46,Flag,WAVED BLUE FLAG FOR CAR 2 (VAN) TIMED AT 15:25:46,,BLUE,Driver,,2,44,2018,16
2018-09-30 12:26:28,Flag,WAVED BLUE FLAG FOR CAR 55 (SAI) TIMED AT 15:26:27,,BLUE,Driver,,55,44,2018,16
2018-09-30 12:29:15,Flag,WAVED BLUE FLAG FOR CAR 11 (PER) TIMED AT 15:29:14,,BLUE,Driver,,11,46,2018,16
2018-09-30 12:29:45,Flag,WAVED BLUE FLAG FOR CAR 11 (PER) TIMED AT 15:29:44,,BLUE,Driver,,11,46,2018,16
2018-09-30 12:30:01,Flag,WAVED BLUE FLAG FOR CAR 11 (PER) TIMED AT 15:30:00,,BLUE,Driver,,11,47,2018,16
2018-09-30 12:30:43,Flag,WAVED BLUE FLAG FOR CAR 31 (OCO) TIMED AT 15:30:43,,BLUE,Driver,,31,47,2018,16
2018-09-30 12:31:41,Flag,WAVED BLUE FLAG FOR CAR 31 (OCO) TIMED AT 15:31:40,,BLUE,Driver,,31,48,2018,16
2018-09-30 12:31:52,Flag,WAVED BLUE FLAG FOR CAR 20 (MAG) TIMED AT 15:31:51,,BLUE,Driver,,20,48,2018,16
2018-09-30 12:32:16,Flag,WAVED BLUE FLAG FOR CAR 31 (OCO) TIMED AT 15:32:15,,BLUE,Driver,,31,48,2018,16
2018-09-30 12:32:45,Flag,WAVED BLUE FLAG FOR CAR 20 (MAG) TIMED AT 15:32:45,,BLUE,Driver,,20,48,2018,16
2018-09-30 12:33:19,Flag,WAVED BLUE FLAG FOR CAR 20 (MAG) TIMED AT 15:33:19,,BLUE,Driver,,20,49,2018,16
2018-09-30 12:33:27,Flag,WAVED BLUE FLAG FOR CAR 27 (HUL) TIMED AT 15:33:27,,BLUE,Driver,,27,49,2018,16
2018-09-30 12:34:07,Flag,WAVED BLUE FLAG FOR CAR 35 (SIR) TIMED AT 15:34:07,,BLUE,Driver,,35,49,2018,16
2018-09-30 12:34:16,Flag,WAVED BLUE FLAG FOR CAR 11 (PER) TIMED AT 15:34:15,,BLUE,Driver,,11,49,2018,16
2018-09-30 12:35:10,Flag,WAVED BLUE FLAG FOR CAR 8 (GRO) TIMED AT 15:35:10,,BLUE,Driver,,8,50,2018,16
2018-09-30 12:35:34,Flag,WAVED BLUE FLAG FOR CAR 2 (VAN) TIMED AT 15:35:33,,BLUE,Driver,,2,50,2018,16
2018-09-30 12:36:14,Flag,WAVED BLUE FLAG FOR CAR 55 (SAI) TIMED AT 15:36:14,,BLUE,Driver,,55,51,2018,16
2018-09-30 12:37:44,Flag,WAVED BLUE FLAG FOR CAR 35 (SIR) TIMED AT 15:37:44,,BLUE,Driver,,35,51,2018,16
2018-09-30 12:37:56,Flag,WAVED BLUE FLAG FOR CAR 31 (OCO) TIMED AT 15:37:56,,BLUE,Driver,,31,52,2018,16
2018-09-30 12:38:24,Flag,WAVED BLUE FLAG FOR CAR 2 (VAN) TIMED AT 15:38:24,,BLUE,Driver,,2,52,2018,16
2018-09-30 12:38:29,Flag,WAVED BLUE FLAG FOR CAR 35 (SIR) TIMED AT 15:38:29,,BLUE,Driver,,35,52,2018,16
2018-09-30 12:38:53,Flag,WAVED BLUE FLAG FOR CAR 55 (SAI) TIMED AT 15:38:53,,BLUE,Driver,,55,52,2018,16
2018-09-30 12:38:58,Flag,WAVED BLUE FLAG FOR CAR 2 (VAN) TIMED AT 15:38:57,,BLUE,Driver,,2,52,2018,16
2018-09-30 12:39:38,Flag,WAVED BLUE FLAG FOR CAR 55 (SAI) TIMED AT 15:39:37,,BLUE,Driver,,55,53,2018,16
2018-09-30 12:39:55,Flag,WAVED BLUE FLAG FOR CAR 35 (SIR) TIMED AT 15:39:55,,BLUE,Driver,,35,53,2018,16
2018-09-30 12:40:16,Flag,WAVED BLUE FLAG FOR CAR 55 (SAI) TIMED AT 15:40:16,,BLUE,Driver,,55,53,2018,16
2018-09-30 12:40:58,Flag,CHEQUERED FLAG,,CHEQUERED,Track,,,53,2018,16
2018-09-30 12:42:10,Flag,WAVED BLUE FLAG FOR CAR 18 (STR) TIMED AT 15:42:09,,BLUE,Driver,,18,53,2018,16
2018-09-30 12:46:50,Flag,YELLOW IN TRACK SECTOR 4,,YELLOW,Sector,4.0,,53,2018,16
2018-09-30 12:47:04,Flag,CLEAR IN TRACK SECTOR 4,,CLEAR,Sector,4.0,,53,2018,16
2018-10-07 04:55:09,Other,RISK OF RAIN FOR THIS SESSION IS 0%,,,,,,1,2018,17
2018-10-07 05:07:12,Drs,DRS DISABLED,DISABLED,,,,,1,2018,17
2018-10-07 05:13:32,Flag,GREEN LIGHT - PIT EXIT OPEN,,GREEN,Track,,,1,2018,17
2018-10-07 05:16:57,Drs,DRS ENABLED,ENABLED,,,,,3,2018,17
2018-10-07 05:17:39,Other,TURN 17 INCIDENT INVOLVING CARS 7 (RAI) AND 33 (VER) UNDER INVESTIGATION,,,,,,3,2018,17
2018-10-07 05:18:29,Flag,WAVED BLUE FLAG FOR CAR 20 (MAG) TIMED AT 14:18:28,,BLUE,Driver,,20,4,2018,17
2018-10-07 05:18:40,SafetyCar,SAFETY CAR DEPLOYED,DEPLOYED,,,,,4,2018,17
2018-10-07 05:19:11,Other,TURN 1 INCIDENT INVOLVING CARS 16 (LEC) AND 20 (MAG) UNDER INVESTIGATION,,,,,,4,2018,17
2018-10-07 05:21:46,Other,5 SECOND TIME PENALTY FOR CAR 33 (VER) - LEAVING THE TRACK AND NOT RETURNING SAFELY.,,,,,,5,2018,17
2018-10-07 05:24:33,Other,LAPPED CARS MAY NOW OVERTAKE - CAR 20 (MAG),,,,,,6,2018,17
2018-10-07 05:25:58,Other,TURN 16 INCIDENT INVOLVING CARS 14 (ALO) AND 18 (STR) UNDER INVESTIGATION - LEAVING THE TRACK AND GAINING AN ADVANTAGE,,,,,,7,2018,17
2018-10-07 05:26:21,SafetyCar,SAFETY CAR IN THIS LAP,IN THIS LAP,,,,,7,2018,17
2018-10-07 05:27:40,Flag,TRACK CLEAR,,CLEAR,Track,,,7,2018,17
2018-10-07 05:29:00,Flag,YELLOW IN TRACK SECTOR 13,,YELLOW,Sector,13.0,,8,2018,17
2018-10-07 05:29:05,Flag,YELLOW IN TRACK SECTOR 14,,YELLOW,Sector,14.0,,8,2018,17
2018-10-07 05:29:15,Flag,CLEAR IN TRACK SECTOR 13,,CLEAR,Sector,13.0,,8,2018,17
2018-10-07 05:29:17,Flag,CLEAR IN TRACK SECTOR 14,,CLEAR,Sector,14.0,,8,2018,17
2018-10-07 05:29:22,Other,INCIDENT INVOLVING CARS 16 (LEC) AND 20 (MAG) - NO FURTHER ACTION,,,,,,8,2018,17
2018-10-07 05:30:59,Other,TURN 13 INCIDENT INVOLVING CARS 5 (VET) AND 33 (VER) UNDER INVESTIGATION - CAUSING A COLLISION,,,,,,9,2018,17
2018-10-07 05:31:12,Drs,DRS ENABLED,ENABLED,,,,,10,2018,17
2018-10-07 05:50:17,Other,5 SECOND TIME PENALTY FOR CAR 14 (ALO) - LEAVING THE TRACK AND GAINING AN ADVANTAGE,,,,,,22,2018,17
2018-10-07 05:50:34,Other,5 SECOND TIME PENALTY FOR CAR 18 (STR) - CAUSING A COLLISION,,,,,,22,2018,17
2018-10-07 05:52:55,Other,TURN 13 INCIDENT INVOLVING CARS 5 (VET) AND 33 (VER) - NO FURTHER ACTION,,,,,,23,2018,17
2018-10-07 06:12:39,Flag,WAVED BLUE FLAG FOR CAR 27 (HUL) TIMED AT 15:12:39,,BLUE,Driver,,27,36,2018,17
2018-10-07 06:13:14,CarEvent,CAR 18 (STR) MISSED THE APEX OF TURN 17,,,,,18,36,2018,17
2018-10-07 06:14:11,Flag,WAVED BLUE FLAG FOR CAR 16 (LEC) TIMED AT 15:14:10,,BLUE,Driver,,16,37,2018,17
2018-10-07 06:15:42,Flag,WAVED BLUE FLAG FOR CAR 2 (VAN) TIMED AT 15:15:41,,BLUE,Driver,,2,38,2018,17
2018-10-07 06:16:03,Flag,WAVED BLUE FLAG FOR CAR 18 (STR) TIMED AT 15:16:02,,BLUE,Driver,,18,38,2018,17
2018-10-07 06:16:51,Flag,WAVED BLUE FLAG FOR CAR 27 (HUL) TIMED AT 15:16:50,,BLUE,Driver,,27,38,2018,17
2018-10-07 06:16:57,Flag,WAVED BLUE FLAG FOR CAR 27 (HUL) TIMED AT 15:16:57,,BLUE,Driver,,27,38,2018,17
2018-10-07 06:17:25,Flag,WAVED BLUE FLAG FOR CAR 35 (SIR) TIMED AT 15:17:24,,BLUE,Driver,,35,39,2018,17
2018-10-07 06:18:19,Flag,WAVED BLUE FLAG FOR CAR 2 (VAN) TIMED AT 15:18:19,,BLUE,Driver,,2,39,2018,17
2018-10-07 06:18:49,Flag,WAVED BLUE FLAG FOR CAR 18 (STR) TIMED AT 15:18:48,,BLUE,Driver,,18,40,2018,17
2018-10-07 06:18:50,Flag,WAVED BLUE FLAG FOR CAR 16 (LEC) TIMED AT 15:18:50,,BLUE,Driver,,16,40,2018,17
2018-10-07 06:18:59,Flag,WAVED BLUE FLAG FOR CAR 14 (ALO) TIMED AT 15:18:59,,BLUE,Driver,,14,40,2018,17
2018-10-07 06:19:03,Flag,WAVED BLUE FLAG FOR CAR 18 (STR) TIMED AT 15:19:02,,BLUE,Driver,,18,40,2018,17
2018-10-07 06:19:37,Flag,YELLOW IN TRACK SECTOR 10,,YELLOW,Sector,10.0,,40,2018,17
2018-10-07 06:19:44,Flag,CLEAR IN TRACK SECTOR 10,,CLEAR,Sector,10.0,,40,2018,17
2018-10-07 06:19:58,CarEvent,CAR 16 (LEC) OFF TRACK AND CONTINUED AT TURN 9,,,,,16,40,2018,17
2018-10-07 06:20:16,Flag,YELLOW IN TRACK SECTOR 11,,YELLOW,Sector,11.0,,40,2018,17
2018-10-07 06:20:17,Flag,DOUBLE YELLOW IN TRACK SECTOR 10,,DOUBLE YELLOW,Sector,10.0,,40,2018,17
2018-10-07 06:20:23,Flag,WAVED BLUE FLAG FOR CAR 2 (VAN) TIMED AT 15:20:22,,BLUE,Driver,,2,41,2018,17
2018-10-07 06:20:28,Flag,DOUBLE YELLOW IN TRACK SECTOR 11,,DOUBLE YELLOW,Sector,11.0,,41,2018,17
2018-10-07 06:20:36,CarEvent,CAR 16 (LEC) STOPPED AT TURN 10,,,,,16,41,2018,17
2018-10-07 06:21:07,SafetyCar,VIRTUAL SAFETY CAR DEPLOYED,DEPLOYED,,,,,41,2018,17
2018-10-07 06:22:09,SafetyCar,VIRTUAL SAFETY CAR ENDING,ENDING,,,,,42,2018,17
2018-10-07 06:22:14,Flag,CLEAR IN TRACK SECTOR 10,,CLEAR,Sector,10.0,,42,2018,17
2018-10-07 06:22:15,Flag,CLEAR IN TRACK SECTOR 11,,CLEAR,Sector,11.0,,42,2018,17
2018-10-07 06:22:19,Flag,TRACK CLEAR,,CLEAR,Track,,,42,2018,17
2018-10-07 06:22:21,Drs,DRS ENABLED,ENABLED,,,,,42,2018,17
2018-10-07 06:23:53,Flag,WAVED BLUE FLAG FOR CAR 14 (ALO) TIMED AT 15:23:53,,BLUE,Driver,,14,43,2018,17
2018-10-07 06:23:55,Flag,WAVED BLUE FLAG FOR CAR 28 (HAR) TIMED AT 15:23:54,,BLUE,Driver,,28,43,2018,17
2018-10-07 06:24:23,Flag,WAVED BLUE FLAG FOR CAR 9 (ERI) TIMED AT 15:24:22,,BLUE,Driver,,9,43,2018,17
2018-10-07 06:27:09,Flag,WAVED BLUE FLAG FOR CAR 28 (HAR) TIMED AT 15:27:08,,BLUE,Driver,,28,45,2018,17
2018-10-07 06:27:52,Flag,WAVED BLUE FLAG FOR CAR 9 (ERI) TIMED AT 15:27:51,,BLUE,Driver,,9,45,2018,17
2018-10-07 06:28:26,Flag,WAVED BLUE FLAG FOR CAR 14 (ALO) TIMED AT 15:28:25,,BLUE,Driver,,14,46,2018,17
2018-10-07 06:29:53,Flag,WAVED BLUE FLAG FOR CAR 28 (HAR) TIMED AT 15:29:53,,BLUE,Driver,,28,46,2018,17
2018-10-07 06:30:25,Flag,WAVED BLUE FLAG FOR CAR 9 (ERI) TIMED AT 15:30:25,,BLUE,Driver,,9,47,2018,17
2018-10-07 06:33:43,Flag,WAVED BLUE FLAG FOR CAR 55 (SAI) TIMED AT 15:33:42,,BLUE,Driver,,55,49,2018,17
2018-10-07 06:34:22,Flag,WAVED BLUE FLAG FOR CAR 10 (GAS) TIMED AT 15:34:21,,BLUE,Driver,,10,49,2018,17
2018-10-07 06:38:03,Flag,WAVED BLUE FLAG FOR CAR 10 (GAS) TIMED AT 15:38:02,,BLUE,Driver,,10,52,2018,17
2018-10-07 06:40:04,Flag,WAVED BLUE FLAG FOR CAR 10 (GAS) TIMED AT 15:40:04,,BLUE,Driver,,10,53,2018,17
2018-10-07 06:40:12,Flag,WAVED BLUE FLAG FOR CAR 35 (SIR) TIMED AT 15:40:11,,BLUE,Driver,,35,53,2018,17
2018-10-07 06:40:48,Flag,CHEQUERED FLAG,,CHEQUERED,Track,,,53,2018,17
2018-10-21 17:55:24,Other,RISK OF RAIN FOR THIS SESSION IS 0%,,,,,,1,2018,18
2018-10-21 18:07:09,Drs,DRS DISABLED,DISABLED,,,,,1,2018,18
2018-10-21 18:13:38,Flag,GREEN LIGHT - PIT EXIT OPEN,,GREEN,Track,,,1,2018,18
2018-10-21 18:14:13,Flag,YELLOW IN TRACK SECTOR 4,,YELLOW,Sector,4.0,,1,2018,18
2018-10-21 18:14:32,Flag,CLEAR IN TRACK SECTOR 4,,CLEAR,Sector,4.0,,1,2018,18
2018-10-21 18:14:48,Flag,YELLOW IN TRACK SECTOR 13,,YELLOW,Sector,13.0,,1,2018,18
2018-10-21 18:14:53,Flag,YELLOW IN TRACK SECTOR 14,,YELLOW,Sector,14.0,,1,2018,18
2018-10-21 18:14:54,Flag,DOUBLE YELLOW IN TRACK SECTOR 14,,DOUBLE YELLOW,Sector,14.0,,1,2018,18
2018-10-21 18:14:57,Flag,CLEAR IN TRACK SECTOR 13,,CLEAR,Sector,13.0,,1,2018,18
2018-10-21 18:14:59,Flag,YELLOW IN TRACK SECTOR 15,,YELLOW,Sector,15.0,,1,2018,18
2018-10-21 18:15:01,Flag,CLEAR IN TRACK SECTOR 14,,CLEAR,Sector,14.0,,1,2018,18
2018-10-21 18:15:05,Flag,CLEAR IN TRACK SECTOR 15,,CLEAR,Sector,15.0,,1,2018,18
2018-10-21 18:15:05,Other,TRACK SURFACE SLIPPERY IN TRACK SECTOR 13,,,,,,1,2018,18
2018-10-21 18:15:17,Other,TRACK SURFACE SLIPPERY IN TRACK SECTOR 8,,,,,,1,2018,18
2018-10-21 18:15:35,Other,TRACK SURFACE SLIPPERY IN TRACK SECTOR 7,,,,,,2,2018,18
2018-10-21 18:15:50,Other,TRACK SURFACE SLIPPERY IN TRACK SECTOR 14,,,,,,2,2018,18
2018-10-21 18:16:38,Flag,CLEAR IN TRACK SECTOR 7,,CLEAR,Sector,7.0,,2,2018,18
2018-10-21 18:16:40,Other,TRACK SURFACE SLIPPERY IN TRACK SECTOR 7,,,,,,2,2018,18
2018-10-21 18:16:42,Flag,CLEAR IN TRACK SECTOR 13,,CLEAR,Sector,13.0,,2,2018,18
2018-10-21 18:16:44,Flag,CLEAR IN TRACK SECTOR 7,,CLEAR,Sector,7.0,,2,2018,18
2018-10-21 18:16:52,Other,TRACK SURFACE SLIPPERY IN TRACK SECTOR 7,,,,,,2,2018,18
2018-10-21 18:16:55,Flag,CLEAR IN TRACK SECTOR 7,,CLEAR,Sector,7.0,,2,2018,18
2018-10-21 18:17:03,Other,FIRST LAP INCIDENTS UNDER INVESTIGATION,,,,,,3,2018,18
2018-10-21 18:17:05,Flag,CLEAR IN TRACK SECTOR 14,,CLEAR,Sector,14.0,,3,2018,18
2018-10-21 18:17:16,Drs,DRS ENABLED,ENABLED,,,,,3,2018,18
2018-10-21 18:18:06,Flag,YELLOW IN TRACK SECTOR 6,,YELLOW,Sector,6.0,,3,2018,18
2018-10-21 18:18:17,Flag,CLEAR IN TRACK SECTOR 6,,CLEAR,Sector,6.0,,3,2018,18
2018-10-21 18:18:37,Flag,CLEAR IN TRACK SECTOR 8,,CLEAR,Sector,8.0,,3,2018,18
2018-10-21 18:19:41,Other,CAR 28 (HAR) BEYOND TRACK LIMITS AT TURN 19,,,,,,4,2018,18
2018-10-21 18:22:05,Other,DRIVE THROUGH PENALTY FOR CAR 18 (STR) - CAUSING A COLLISION,,,,,,6,2018,18
2018-10-21 18:23:57,Other,1ST LAP INCIDENT INVOLVING CARS 8 (GRO) AND 16 (LEC) WILL BE INVESTIGATED AFTER THE RACE,,,,,,7,2018,18
2018-10-21 18:27:11,Other,"LAP 1, TURN 13 INCIDENT INVOLVING CARS 3 (RIC) AND 5 (VET) - NO FURTHER ACTION",,,,,,9,2018,18
2018-10-21 18:28:04,Other,TRACK SURFACE SLIPPERY IN TRACK SECTOR 10,,,,,,9,2018,18
2018-10-21 18:28:10,Flag,YELLOW IN TRACK SECTOR 10,,YELLOW,Sector,10.0,,9,2018,18
2018-10-21 18:28:11,Flag,CLEAR IN TRACK SECTOR 10,,CLEAR,Sector,10.0,,9,2018,18
2018-10-21 18:28:17,Flag,YELLOW IN TRACK SECTOR 9,,YELLOW,Sector,9.0,,9,2018,18
2018-10-21 18:28:22,Flag,CLEAR IN TRACK SECTOR 10,,CLEAR,Sector,10.0,,9,2018,18
2018-10-21 18:28:25,Flag,CLEAR IN TRACK SECTOR 9,,CLEAR,Sector,9.0,,9,2018,18
2018-10-21 18:28:36,Flag,YELLOW IN TRACK SECTOR 9,,YELLOW,Sector,9.0,,9,2018,18
2018-10-21 18:28:38,CarEvent,CAR 3 (RIC) STOPPED AT TURN 11,,,,,3,9,2018,18
2018-10-21 18:30:24,SafetyCar,VIRTUAL SAFETY CAR DEPLOYED,DEPLOYED,,,,,11,2018,18
2018-10-21 18:33:01,Flag,CLEAR IN TRACK SECTOR 9,,CLEAR,Sector,9.0,,12,2018,18
2018-10-21 18:33:07,SafetyCar,VIRTUAL SAFETY CAR ENDING,ENDING,,,,,12,2018,18
2018-10-21 18:33:22,Flag,TRACK CLEAR,,CLEAR,Track,,,12,2018,18
2018-10-21 18:33:24,Drs,DRS ENABLED,ENABLED,,,,,12,2018,18
2018-10-21 18:43:28,Other,"LAP 1, TURN 1 INCIDENT INVOLVING CAR 55 (SAI) UNDER INVESTIGATION - LEAVING THE TRACK AND GAINING AN ADVANTAGE",,,,,,18,2018,18
2018-10-21 18:43:37,Flag,WAVED BLUE FLAG FOR CAR 18 (STR) TIMED AT 13:43:36,,BLUE,Driver,,18,18,2018,18
2018-10-21 18:44:05,Flag,WAVED BLUE FLAG FOR CAR 18 (STR) TIMED AT 13:44:04,,BLUE,Driver,,18,18,2018,18
2018-10-21 18:45:14,Other,CAR 18 (STR) BEYOND TRACK LIMITS AT TURN 19,,,,,,19,2018,18
2018-10-21 18:45:21,Other,CAR 33 (VER) BEYOND TRACK LIMITS AT TURN 19,,,,,,19,2018,18
2018-10-21 18:46:13,Flag,WAVED BLUE FLAG FOR CAR 18 (STR) TIMED AT 13:46:12,,BLUE,Driver,,18,19,2018,18
2018-10-21 18:47:24,Flag,WAVED BLUE FLAG FOR CAR 18 (STR) TIMED AT 13:47:24,,BLUE,Driver,,18,20,2018,18
2018-10-21 18:47:40,Other,CAR 2 (VAN) BEYOND TRACK LIMITS AT TURN 19,,,,,,20,2018,18
2018-10-21 18:47:48,Other,CAR 10 (GAS) BEYOND TRACK LIMITS AT TURN 19,,,,,,20,2018,18
2018-10-21 18:48:26,Other,5 SECOND TIME PENALTY FOR CAR 55 (SAI) - LEAVING THE TRACK AND GAINING AN ADVANTAGE,,,,,,21,2018,18
2018-10-21 18:50:11,Other,CAR 18 (STR) BEYOND TRACK LIMITS AT TURN 19,,,,,,22,2018,18
2018-10-21 18:50:46,Other,CAR 28 (HAR) BEYOND TRACK LIMITS AT TURN 19,,,,,,22,2018,18
2018-10-21 18:53:41,Flag,WAVED BLUE FLAG FOR CAR 18 (STR) TIMED AT 13:53:41,,BLUE,Driver,,18,24,2018,18
2018-10-21 18:54:28,Flag,WAVED BLUE FLAG FOR CAR 18 (STR) TIMED AT 13:54:28,,BLUE,Driver,,18,24,2018,18
2018-10-21 18:55:03,Flag,WAVED BLUE FLAG FOR CAR 18 (STR) TIMED AT 13:55:02,,BLUE,Driver,,18,25,2018,18
2018-10-21 18:55:34,Flag,WAVED BLUE FLAG FOR CAR 18 (STR) TIMED AT 13:55:34,,BLUE,Driver,,18,25,2018,18
2018-10-21 18:56:03,Other,CAR 2 (VAN) BEYOND TRACK LIMITS AT TURN 19,,,,,,25,2018,18
2018-10-21 18:58:30,Flag,WAVED BLUE FLAG FOR CAR 16 (LEC) TIMED AT 13:58:29,,BLUE,Driver,,16,27,2018,18
2018-10-21 18:59:42,Other,CAR 2 (VAN) BEYOND TRACK LIMITS AT TURN 19,,,,,,27,2018,18
2018-10-21 19:00:03,Other,BLACK AND WHITE FLAG FOR CAR 2 (VAN),,,,,,28,2018,18
2018-10-21 19:04:30,Flag,WAVED BLUE FLAG FOR CAR 18 (STR) TIMED AT 14:04:29,,BLUE,Driver,,18,30,2018,18
2018-10-21 19:05:33,Flag,WAVED BLUE FLAG FOR CAR 16 (LEC) TIMED AT 14:05:33,,BLUE,Driver,,16,31,2018,18
2018-10-21 19:06:37,Other,CAR 35 (SIR) BEYOND TRACK LIMITS AT TURN 19,,,,,,32,2018,18
2018-10-21 19:06:57,Flag,WAVED BLUE FLAG FOR CAR 16 (LEC) TIMED AT 14:06:57,,BLUE,Driver,,16,32,2018,18
2018-10-21 19:10:13,Flag,WAVED BLUE FLAG FOR CAR 28 (HAR) TIMED AT 14:10:13,,BLUE,Driver,,28,34,2018,18
2018-10-21 19:10:50,Flag,WAVED BLUE FLAG FOR CAR 28 (HAR) TIMED AT 14:10:50,,BLUE,Driver,,28,34,2018,18
2018-10-21 19:13:03,Flag,WAVED BLUE FLAG FOR CAR 10 (GAS) TIMED AT 14:13:02,,BLUE,Driver,,10,35,2018,18
2018-10-21 19:13:21,Flag,WAVED BLUE FLAG FOR CAR 35 (SIR) TIMED AT 14:13:21,,BLUE,Driver,,35,36,2018,18
2018-10-21 19:14:44,Flag,WAVED BLUE FLAG FOR CAR 35 (SIR) TIMED AT 14:14:43,,BLUE,Driver,,35,36,2018,18
2018-10-21 19:17:43,Flag,WAVED BLUE FLAG FOR CAR 35 (SIR) TIMED AT 14:17:43,,BLUE,Driver,,35,38,2018,18
2018-10-21 19:18:50,Flag,WAVED BLUE FLAG FOR CAR 9 (ERI) TIMED AT 14:18:49,,BLUE,Driver,,9,39,2018,18
2018-10-21 19:19:14,Flag,WAVED BLUE FLAG FOR CAR 35 (SIR) TIMED AT 14:19:13,,BLUE,Driver,,35,39,2018,18
2018-10-21 19:19:54,Flag,WAVED BLUE FLAG FOR CAR 9 (ERI) TIMED AT 14:19:54,,BLUE,Driver,,9,40,2018,18
2018-10-21 19:20:49,Flag,WAVED BLUE FLAG FOR CAR 28 (HAR) TIMED AT 14:20:49,,BLUE,Driver,,28,40,2018,18
2018-10-21 19:21:08,Flag,WAVED BLUE FLAG FOR CAR 35 (SIR) TIMED AT 14:21:08,,BLUE,Driver,,35,40,2018,18
2018-10-21 19:22:02,Flag,WAVED BLUE FLAG FOR CAR 28 (HAR) TIMED AT 14:22:01,,BLUE,Driver,,28,41,2018,18
2018-10-21 19:23:55,Flag,WAVED BLUE FLAG FOR CAR 9 (ERI) TIMED AT 14:23:54,,BLUE,Driver,,9,42,2018,18
2018-10-21 19:24:37,Flag,WAVED BLUE FLAG FOR CAR 28 (HAR) TIMED AT 14:24:37,,BLUE,Driver,,28,42,2018,18
2018-10-21 19:27:41,Flag,WAVED BLUE FLAG FOR CAR 9 (ERI) TIMED AT 14:27:41,,BLUE,Driver,,9,44,2018,18
2018-10-21 19:28:32,Flag,WAVED BLUE FLAG FOR CAR 9 (ERI) TIMED AT 14:28:31,,BLUE,Driver,,9,45,2018,18
2018-10-21 19:29:28,Flag,WAVED BLUE FLAG FOR CAR 28 (HAR) TIMED AT 14:29:28,,BLUE,Driver,,28,45,2018,18
2018-10-21 19:30:09,Flag,WAVED BLUE FLAG FOR CAR 28 (HAR) TIMED AT 14:30:08,,BLUE,Driver,,28,46,2018,18
2018-10-21 19:30:36,Other,CAR 10 (GAS) BEYOND TRACK LIMITS AT TURN 19,,,,,,46,2018,18
2018-10-21 19:33:22,Flag,WAVED BLUE FLAG FOR CAR 18 (STR) TIMED AT 14:33:22,,BLUE,Driver,,18,48,2018,18
2018-10-21 19:33:53,Flag,WAVED BLUE FLAG FOR CAR 18 (STR) TIMED AT 14:33:53,,BLUE,Driver,,18,48,2018,18
2018-10-21 19:34:06,Flag,WAVED BLUE FLAG FOR CAR 18 (STR) TIMED AT 14:34:06,,BLUE,Driver,,18,48,2018,18
2018-10-21 19:46:57,Flag,WAVED BLUE FLAG FOR CAR 18 (STR) TIMED AT 14:46:57,,BLUE,Driver,,18,56,2018,18
2018-10-21 19:47:57,Flag,CHEQUERED FLAG,,CHEQUERED,Track,,,56,2018,18
2018-10-28 18:40:04,Other,PIT EXIT CLOSED,,,,,,,2018,19
2018-10-28 18:55:06,Other,RISK OF RAIN FOR THIS SESSION IS 20%,,,,,,1,2018,19
2018-10-28 19:07:05,Drs,DRS DISABLED,DISABLED,,,,,1,2018,19
2018-10-28 19:12:59,Flag,GREEN LIGHT - PIT EXIT OPEN,,GREEN,Track,,,1,2018,19
2018-10-28 19:16:08,Drs,DRS ENABLED,ENABLED,,,,,3,2018,19
2018-10-28 19:18:31,Flag,YELLOW IN TRACK SECTOR 10,,YELLOW,Sector,10.0,,5,2018,19
2018-10-28 19:18:49,Flag,CLEAR IN TRACK SECTOR 10,,CLEAR,Sector,10.0,,5,2018,19
2018-10-28 19:18:51,CarEvent,CAR 14 (ALO) STOPPED AT TURN 11,,,,,14,5,2018,19
2018-10-28 19:18:53,Flag,YELLOW IN TRACK SECTOR 10,,YELLOW,Sector,10.0,,5,2018,19
2018-10-28 19:18:58,SafetyCar,VIRTUAL SAFETY CAR DEPLOYED,DEPLOYED,,,,,5,2018,19
2018-10-28 19:19:14,CarEvent,CAR 14 (ALO) STOPPED AT TURN 11,,,,,14,5,2018,19
2018-10-28 19:19:52,Flag,CLEAR IN TRACK SECTOR 10,,CLEAR,Sector,10.0,,5,2018,19
2018-10-28 19:19:55,SafetyCar,VIRTUAL SAFETY CAR ENDING,ENDING,,,,,5,2018,19
2018-10-28 19:20:07,Flag,TRACK CLEAR,,CLEAR,Track,,,6,2018,19
2018-10-28 19:20:08,Drs,DRS ENABLED,ENABLED,,,,,6,2018,19
2018-10-28 19:39:27,Flag,WAVED BLUE FLAG FOR CAR 9 (ERI) TIMED AT 13:39:27,,BLUE,Driver,,9,19,2018,19
2018-10-28 19:39:39,Flag,WAVED BLUE FLAG FOR CAR 9 (ERI) TIMED AT 13:39:38,,BLUE,Driver,,9,20,2018,19
2018-10-28 19:40:25,Flag,WAVED BLUE FLAG FOR CAR 9 (ERI) TIMED AT 13:40:25,,BLUE,Driver,,9,20,2018,19
2018-10-28 19:45:13,Flag,WAVED BLUE FLAG FOR CAR 35 (SIR) TIMED AT 13:45:12,,BLUE,Driver,,35,24,2018,19
2018-10-28 19:46:03,Flag,WAVED BLUE FLAG FOR CAR 9 (ERI) TIMED AT 13:46:02,,BLUE,Driver,,9,24,2018,19
2018-10-28 19:46:07,Flag,WAVED BLUE FLAG FOR CAR 18 (STR) TIMED AT 13:46:06,,BLUE,Driver,,18,24,2018,19
2018-10-28 19:46:29,Flag,WAVED BLUE FLAG FOR CAR 9 (ERI) TIMED AT 13:46:28,,BLUE,Driver,,9,25,2018,19
2018-10-28 19:46:34,Flag,WAVED BLUE FLAG FOR CAR 2 (VAN) TIMED AT 13:46:34,,BLUE,Driver,,2,25,2018,19
2018-10-28 19:46:39,Flag,WAVED BLUE FLAG FOR CAR 9 (ERI) TIMED AT 13:46:39,,BLUE,Driver,,9,25,2018,19
2018-10-28 19:46:52,Flag,WAVED BLUE FLAG FOR CAR 10 (GAS) TIMED AT 13:46:52,,BLUE,Driver,,10,25,2018,19
2018-10-28 19:47:22,Flag,WAVED BLUE FLAG FOR CAR 31 (OCO) TIMED AT 13:47:21,,BLUE,Driver,,31,25,2018,19
2018-10-28 19:48:37,Flag,WAVED BLUE FLAG FOR CAR 8 (GRO) TIMED AT 13:48:36,,BLUE,Driver,,8,26,2018,19
2018-10-28 19:48:38,Flag,WAVED BLUE FLAG FOR CAR 35 (SIR) TIMED AT 13:48:37,,BLUE,Driver,,35,26,2018,19
2018-10-28 19:49:01,Flag,WAVED BLUE FLAG FOR CAR 35 (SIR) TIMED AT 13:49:00,,BLUE,Driver,,35,26,2018,19
2018-10-28 19:49:23,Flag,WAVED BLUE FLAG FOR CAR 35 (SIR) TIMED AT 13:49:23,,BLUE,Driver,,35,27,2018,19
2018-10-28 19:49:35,Flag,WAVED BLUE FLAG FOR CAR 20 (MAG) TIMED AT 13:49:35,,BLUE,Driver,,20,27,2018,19
2018-10-28 19:49:56,Flag,WAVED BLUE FLAG FOR CAR 10 (GAS) TIMED AT 13:49:56,,BLUE,Driver,,10,27,2018,19
2018-10-28 19:50:04,Flag,WAVED BLUE FLAG FOR CAR 16 (LEC) TIMED AT 13:50:04,,BLUE,Driver,,16,27,2018,19
2018-10-28 19:50:18,Flag,WAVED BLUE FLAG FOR CAR 9 (ERI) TIMED AT 13:50:17,,BLUE,Driver,,9,27,2018,19
2018-10-28 19:50:21,Flag,WAVED BLUE FLAG FOR CAR 9 (ERI) TIMED AT 13:50:20,,BLUE,Driver,,9,28,2018,19
2018-10-28 19:51:27,Flag,WAVED BLUE FLAG FOR CAR 2 (VAN) TIMED AT 13:51:26,,BLUE,Driver,,2,28,2018,19
2018-10-28 19:51:46,Flag,WAVED BLUE FLAG FOR CAR 35 (SIR) TIMED AT 13:51:46,,BLUE,Driver,,35,29,2018,19
2018-10-28 19:52:02,Flag,WAVED BLUE FLAG FOR CAR 31 (OCO) TIMED AT 13:52:02,,BLUE,Driver,,31,29,2018,19
2018-10-28 19:52:24,Flag,WAVED BLUE FLAG FOR CAR 2 (VAN) TIMED AT 13:52:23,,BLUE,Driver,,2,29,2018,19
2018-10-28 19:52:34,Flag,WAVED BLUE FLAG FOR CAR 8 (GRO) TIMED AT 13:52:34,,BLUE,Driver,,8,29,2018,19
2018-10-28 19:52:39,Flag,WAVED BLUE FLAG FOR CAR 18 (STR) TIMED AT 13:52:38,,BLUE,Driver,,18,29,2018,19
2018-10-28 19:52:40,Flag,WAVED BLUE FLAG FOR CAR 27 (HUL) TIMED AT 13:52:40,,BLUE,Driver,,27,29,2018,19
2018-10-28 19:52:42,Flag,WAVED BLUE FLAG FOR CAR 31 (OCO) TIMED AT 13:52:42,,BLUE,Driver,,31,29,2018,19
2018-10-28 19:53:22,Flag,WAVED BLUE FLAG FOR CAR 8 (GRO) TIMED AT 13:53:22,,BLUE,Driver,,8,30,2018,19
2018-10-28 19:53:33,Flag,WAVED BLUE FLAG FOR CAR 20 (MAG) TIMED AT 13:53:33,,BLUE,Driver,,20,30,2018,19
2018-10-28 19:54:02,Flag,WAVED BLUE FLAG FOR CAR 55 (SAI) TIMED AT 13:54:02,,BLUE,Driver,,55,30,2018,19
2018-10-28 19:54:08,Flag,WAVED BLUE FLAG FOR CAR 20 (MAG) TIMED AT 13:54:08,,BLUE,Driver,,20,30,2018,19
2018-10-28 19:54:15,Flag,YELLOW IN TRACK SECTOR 12,,YELLOW,Sector,12.0,,30,2018,19
2018-10-28 19:54:36,CarEvent,CAR 55 (SAI) STOPPED AT TURN 13,,,,,55,31,2018,19
2018-10-28 19:54:41,SafetyCar,VIRTUAL SAFETY CAR DEPLOYED,DEPLOYED,,,,,31,2018,19
2018-10-28 19:57:36,Flag,CLEAR IN TRACK SECTOR 12,,CLEAR,Sector,12.0,,32,2018,19
2018-10-28 19:57:38,SafetyCar,VIRTUAL SAFETY CAR ENDING,ENDING,,,,,32,2018,19
2018-10-28 19:57:50,Flag,TRACK CLEAR,,CLEAR,Track,,,32,2018,19
2018-10-28 19:57:50,Flag,WAVED BLUE FLAG FOR CAR 20 (MAG) TIMED AT 13:57:50,,BLUE,Driver,,20,32,2018,19
2018-10-28 19:57:51,Drs,DRS ENABLED,ENABLED,,,,,32,2018,19
2018-10-28 19:58:03,Flag,WAVED BLUE FLAG FOR CAR 28 (HAR) TIMED AT 13:58:03,,BLUE,Driver,,28,33,2018,19
2018-10-28 19:58:07,Flag,WAVED BLUE FLAG FOR CAR 16 (LEC) TIMED AT 13:58:07,,BLUE,Driver,,16,33,2018,19
2018-10-28 19:58:14,Flag,WAVED BLUE FLAG FOR CAR 16 (LEC) TIMED AT 13:58:14,,BLUE,Driver,,16,33,2018,19
2018-10-28 19:58:20,Flag,WAVED BLUE FLAG FOR CAR 35 (SIR) TIMED AT 13:58:19,,BLUE,Driver,,35,33,2018,19
2018-10-28 19:58:39,Flag,WAVED BLUE FLAG FOR CAR 28 (HAR) TIMED AT 13:58:39,,BLUE,Driver,,28,33,2018,19
2018-10-28 19:58:40,Flag,WAVED BLUE FLAG FOR CAR 2 (VAN) TIMED AT 13:58:40,,BLUE,Driver,,2,33,2018,19
2018-10-28 19:59:02,Flag,WAVED BLUE FLAG FOR CAR 11 (PER) TIMED AT 13:59:02,,BLUE,Driver,,11,33,2018,19
2018-10-28 19:59:04,Flag,WAVED BLUE FLAG FOR CAR 8 (GRO) TIMED AT 13:59:03,,BLUE,Driver,,8,33,2018,19
2018-10-28 19:59:14,Flag,WAVED BLUE FLAG FOR CAR 16 (LEC) TIMED AT 13:59:13,,BLUE,Driver,,16,33,2018,19
2018-10-28 19:59:20,Flag,WAVED BLUE FLAG FOR CAR 9 (ERI) TIMED AT 13:59:19,,BLUE,Driver,,9,33,2018,19
2018-10-28 19:59:49,Flag,WAVED BLUE FLAG FOR CAR 16 (LEC) TIMED AT 13:59:48,,BLUE,Driver,,16,34,2018,19
2018-10-28 20:00:20,Flag,WAVED BLUE FLAG FOR CAR 20 (MAG) TIMED AT 14:00:19,,BLUE,Driver,,20,34,2018,19
2018-10-28 20:01:01,Flag,WAVED BLUE FLAG FOR CAR 11 (PER) TIMED AT 14:01:00,,BLUE,Driver,,11,35,2018,19
2018-10-28 20:01:03,Flag,WAVED BLUE FLAG FOR CAR 8 (GRO) TIMED AT 14:01:03,,BLUE,Driver,,8,35,2018,19
2018-10-28 20:01:15,Flag,WAVED BLUE FLAG FOR CAR 16 (LEC) TIMED AT 14:01:14,,BLUE,Driver,,16,35,2018,19
2018-10-28 20:01:23,Flag,WAVED BLUE FLAG FOR CAR 16 (LEC) TIMED AT 14:01:23,,BLUE,Driver,,16,35,2018,19
2018-10-28 20:01:50,Flag,WAVED BLUE FLAG FOR CAR 11 (PER) TIMED AT 14:01:50,,BLUE,Driver,,11,35,2018,19
2018-10-28 20:02:11,Flag,WAVED BLUE FLAG FOR CAR 2 (VAN) TIMED AT 14:02:10,,BLUE,Driver,,2,36,2018,19
2018-10-28 20:02:43,Flag,WAVED BLUE FLAG FOR CAR 20 (MAG) TIMED AT 14:02:42,,BLUE,Driver,,20,36,2018,19
2018-10-28 20:03:24,Flag,WAVED BLUE FLAG FOR CAR 16 (LEC) TIMED AT 14:03:23,,BLUE,Driver,,16,37,2018,19
2018-10-28 20:04:15,Flag,WAVED BLUE FLAG FOR CAR 27 (HUL) TIMED AT 14:04:14,,BLUE,Driver,,27,37,2018,19
2018-10-28 20:04:24,Flag,WAVED BLUE FLAG FOR CAR 11 (PER) TIMED AT 14:04:24,,BLUE,Driver,,11,37,2018,19
2018-10-28 20:04:28,Flag,WAVED BLUE FLAG FOR CAR 27 (HUL) TIMED AT 14:04:27,,BLUE,Driver,,27,37,2018,19
2018-10-28 20:06:13,Flag,WAVED BLUE FLAG FOR CAR 27 (HUL) TIMED AT 14:06:13,,BLUE,Driver,,27,39,2018,19
2018-10-28 20:06:38,Flag,WAVED BLUE FLAG FOR CAR 27 (HUL) TIMED AT 14:06:37,,BLUE,Driver,,27,39,2018,19
2018-10-28 20:06:41,Flag,WAVED BLUE FLAG FOR CAR 27 (HUL) TIMED AT 14:06:41,,BLUE,Driver,,27,39,2018,19
2018-10-28 20:06:51,Flag,WAVED BLUE FLAG FOR CAR 27 (HUL) TIMED AT 14:06:51,,BLUE,Driver,,27,39,2018,19
2018-10-28 20:06:58,Flag,WAVED BLUE FLAG FOR CAR 27 (HUL) TIMED AT 14:06:58,,BLUE,Driver,,27,39,2018,19
2018-10-28 20:07:15,Flag,WAVED BLUE FLAG FOR CAR 27 (HUL) TIMED AT 14:07:14,,BLUE,Driver,,27,39,2018,19
2018-10-28 20:07:24,Flag,WAVED BLUE FLAG FOR CAR 27 (HUL) TIMED AT 14:07:24,,BLUE,Driver,,27,39,2018,19
2018-10-28 20:07:33,Flag,WAVED BLUE FLAG FOR CAR 27 (HUL) TIMED AT 14:07:32,,BLUE,Driver,,27,40,2018,19
2018-10-28 20:07:46,Flag,WAVED BLUE FLAG FOR CAR 27 (HUL) TIMED AT 14:07:45,,BLUE,Driver,,27,40,2018,19
2018-10-28 20:13:51,Other,TURN 2 INCIDENT INVOLVING CARS 31 (OCO) AND 28 (HAR) UNDER INVESTIGATION,,,,,,44,2018,19
2018-10-28 20:16:29,Flag,WAVED BLUE FLAG FOR CAR 10 (GAS) TIMED AT 14:16:28,,BLUE,Driver,,10,46,2018,19
2018-10-28 20:17:03,Flag,WAVED BLUE FLAG FOR CAR 35 (SIR) TIMED AT 14:17:03,,BLUE,Driver,,35,47,2018,19
2018-10-28 20:17:22,Flag,WAVED BLUE FLAG FOR CAR 10 (GAS) TIMED AT 14:17:21,,BLUE,Driver,,10,47,2018,19
2018-10-28 20:18:03,Other,5 SECOND TIME PENALTY FOR CAR 28 (HAR) - CAUSING A COLLISION,,,,,,47,2018,19
2018-10-28 20:18:06,Flag,WAVED BLUE FLAG FOR CAR 18 (STR) TIMED AT 14:18:06,,BLUE,Driver,,18,47,2018,19
2018-10-28 20:18:51,Flag,WAVED BLUE FLAG FOR CAR 31 (OCO) TIMED AT 14:18:51,,BLUE,Driver,,31,48,2018,19
2018-10-28 20:19:27,Flag,WAVED BLUE FLAG FOR CAR 28 (HAR) TIMED AT 14:19:27,,BLUE,Driver,,28,48,2018,19
2018-10-28 20:22:34,Flag,WAVED BLUE FLAG FOR CAR 8 (GRO) TIMED AT 14:22:33,,BLUE,Driver,,8,50,2018,19
2018-10-28 20:22:40,Flag,WAVED BLUE FLAG FOR CAR 27 (HUL) TIMED AT 14:22:40,,BLUE,Driver,,27,51,2018,19
2018-10-28 20:23:19,Flag,WAVED BLUE FLAG FOR CAR 35 (SIR) TIMED AT 14:23:18,,BLUE,Driver,,35,51,2018,19
2018-10-28 20:23:54,Flag,WAVED BLUE FLAG FOR CAR 20 (MAG) TIMED AT 14:23:54,,BLUE,Driver,,20,51,2018,19
2018-10-28 20:25:00,Flag,WAVED BLUE FLAG FOR CAR 8 (GRO) TIMED AT 14:25:00,,BLUE,Driver,,8,52,2018,19
2018-10-28 20:25:15,Flag,WAVED BLUE FLAG FOR CAR 18 (STR) TIMED AT 14:25:14,,BLUE,Driver,,18,52,2018,19
2018-10-28 20:25:17,Flag,WAVED BLUE FLAG FOR CAR 35 (SIR) TIMED AT 14:25:16,,BLUE,Driver,,35,52,2018,19
2018-10-28 20:26:00,Flag,WAVED BLUE FLAG FOR CAR 10 (GAS) TIMED AT 14:26:00,,BLUE,Driver,,10,53,2018,19
2018-10-28 20:26:21,Flag,WAVED BLUE FLAG FOR CAR 31 (OCO) TIMED AT 14:26:20,,BLUE,Driver,,31,53,2018,19
2018-10-28 20:26:38,Flag,WAVED BLUE FLAG FOR CAR 20 (MAG) TIMED AT 14:26:37,,BLUE,Driver,,20,53,2018,19
2018-10-28 20:27:13,Flag,WAVED BLUE FLAG FOR CAR 20 (MAG) TIMED AT 14:27:13,,BLUE,Driver,,20,54,2018,19
2018-10-28 20:27:16,Flag,WAVED BLUE FLAG FOR CAR 28 (HAR) TIMED AT 14:27:16,,BLUE,Driver,,28,54,2018,19
2018-10-28 20:27:37,Flag,WAVED BLUE FLAG FOR CAR 18 (STR) TIMED AT 14:27:37,,BLUE,Driver,,18,54,2018,19
2018-10-28 20:27:46,Flag,WAVED BLUE FLAG FOR CAR 9 (ERI) TIMED AT 14:27:45,,BLUE,Driver,,9,54,2018,19
2018-10-28 20:28:01,Flag,WAVED BLUE FLAG FOR CAR 18 (STR) TIMED AT 14:28:00,,BLUE,Driver,,18,55,2018,19
2018-10-28 20:28:45,Flag,WAVED BLUE FLAG FOR CAR 31 (OCO) TIMED AT 14:28:44,,BLUE,Driver,,31,55,2018,19
2018-10-28 20:29:16,Flag,WAVED BLUE FLAG FOR CAR 8 (GRO) TIMED AT 14:29:16,,BLUE,Driver,,8,55,2018,19
2018-10-28 20:29:20,Flag,WAVED BLUE FLAG FOR CAR 10 (GAS) TIMED AT 14:29:20,,BLUE,Driver,,10,55,2018,19
2018-10-28 20:29:36,Other,TURN 4 INCIDENT INVOLVING CARS 10 (GAS) AND 31 (OCO) UNDER INVESTIGATION,,,,,,56,2018,19
2018-10-28 20:29:40,Flag,WAVED BLUE FLAG FOR CAR 35 (SIR) TIMED AT 14:29:39,,BLUE,Driver,,35,56,2018,19
2018-10-28 20:29:40,Flag,WAVED BLUE FLAG FOR CAR 2 (VAN) TIMED AT 14:29:40,,BLUE,Driver,,2,56,2018,19
2018-10-28 20:29:57,Flag,WAVED BLUE FLAG FOR CAR 28 (HAR) TIMED AT 14:29:57,,BLUE,Driver,,28,56,2018,19
2018-10-28 20:30:12,Flag,WAVED BLUE FLAG FOR CAR 16 (LEC) TIMED AT 14:30:12,,BLUE,Driver,,16,56,2018,19
2018-10-28 20:30:29,Flag,WAVED BLUE FLAG FOR CAR 9 (ERI) TIMED AT 14:30:28,,BLUE,Driver,,9,56,2018,19
2018-10-28 20:30:32,Flag,WAVED BLUE FLAG FOR CAR 9 (ERI) TIMED AT 14:30:32,,BLUE,Driver,,9,56,2018,19
2018-10-28 20:30:54,Flag,WAVED BLUE FLAG FOR CAR 9 (ERI) TIMED AT 14:30:54,,BLUE,Driver,,9,57,2018,19
2018-10-28 20:31:53,Flag,WAVED BLUE FLAG FOR CAR 20 (MAG) TIMED AT 14:31:53,,BLUE,Driver,,20,57,2018,19
2018-10-28 20:32:29,Flag,WAVED BLUE FLAG FOR CAR 2 (VAN) TIMED AT 14:32:29,,BLUE,Driver,,2,58,2018,19
2018-10-28 20:32:48,Flag,WAVED BLUE FLAG FOR CAR 18 (STR) TIMED AT 14:32:48,,BLUE,Driver,,18,58,2018,19
2018-10-28 20:33:09,Flag,WAVED BLUE FLAG FOR CAR 31 (OCO) TIMED AT 14:33:09,,BLUE,Driver,,31,58,2018,19
2018-10-28 20:33:24,Other,TURN 4 INCIDENT INVOLVING CARS 10 (GAS) AND 31 (OCO) - NO FURTHER ACTION,,,,,,58,2018,19
2018-10-28 20:33:41,Flag,WAVED BLUE FLAG FOR CAR 16 (LEC) TIMED AT 14:33:41,,BLUE,Driver,,16,59,2018,19
2018-10-28 20:33:58,Flag,WAVED BLUE FLAG FOR CAR 28 (HAR) TIMED AT 14:33:58,,BLUE,Driver,,28,59,2018,19
2018-10-28 20:34:08,Flag,WAVED BLUE FLAG FOR CAR 16 (LEC) TIMED AT 14:34:07,,BLUE,Driver,,16,59,2018,19
2018-10-28 20:35:45,Flag,WAVED BLUE FLAG FOR CAR 10 (GAS) TIMED AT 14:35:45,,BLUE,Driver,,10,60,2018,19
2018-10-28 20:36:12,Flag,WAVED BLUE FLAG FOR CAR 9 (ERI) TIMED AT 14:36:11,,BLUE,Driver,,9,61,2018,19
2018-10-28 20:36:31,Flag,WAVED BLUE FLAG FOR CAR 9 (ERI) TIMED AT 14:36:30,,BLUE,Driver,,9,61,2018,19
2018-10-28 20:36:37,Flag,WAVED BLUE FLAG FOR CAR 27 (HUL) TIMED AT 14:36:37,,BLUE,Driver,,27,61,2018,19
2018-10-28 20:37:00,Flag,WAVED BLUE FLAG FOR CAR 9 (ERI) TIMED AT 14:36:59,,BLUE,Driver,,9,61,2018,19
2018-10-28 20:37:02,Flag,WAVED BLUE FLAG FOR CAR 9 (ERI) TIMED AT 14:37:01,,BLUE,Driver,,9,61,2018,19
2018-10-28 20:37:58,Flag,YELLOW IN TRACK SECTOR 2,,YELLOW,Sector,2.0,,62,2018,19
2018-10-28 20:38:09,CarEvent,CAR 3 (RIC) STOPPED AT TURN 1,,,,,3,62,2018,19
2018-10-28 20:38:13,SafetyCar,VIRTUAL SAFETY CAR DEPLOYED,DEPLOYED,,,,,62,2018,19
2018-10-28 20:40:40,Flag,CLEAR IN TRACK SECTOR 2,,CLEAR,Sector,2.0,,63,2018,19
2018-10-28 20:40:43,SafetyCar,VIRTUAL SAFETY CAR ENDING,ENDING,,,,,63,2018,19
2018-10-28 20:40:57,Flag,TRACK CLEAR,,CLEAR,Track,,,64,2018,19
2018-10-28 20:40:59,Drs,DRS ENABLED,ENABLED,,,,,64,2018,19
2018-10-28 20:42:36,Flag,WAVED BLUE FLAG FOR CAR 27 (HUL) TIMED AT 14:42:35,,BLUE,Driver,,27,65,2018,19
2018-10-28 20:45:08,Flag,WAVED BLUE FLAG FOR CAR 27 (HUL) TIMED AT 14:45:08,,BLUE,Driver,,27,67,2018,19
2018-10-28 20:47:57,Flag,WAVED BLUE FLAG FOR CAR 20 (MAG) TIMED AT 14:47:56,,BLUE,Driver,,20,69,2018,19
2018-10-28 20:49:39,Flag,WAVED BLUE FLAG FOR CAR 2 (VAN) TIMED AT 14:49:39,,BLUE,Driver,,2,70,2018,19
2018-10-28 20:50:50,Flag,WAVED BLUE FLAG FOR CAR 8 (GRO) TIMED AT 14:50:49,,BLUE,Driver,,8,71,2018,19
2018-10-28 20:51:27,Flag,CHEQUERED FLAG,,CHEQUERED,Track,,,71,2018,19
2018-11-11 16:55:12,Other,RISK OF RAIN FOR THIS SESSION IS 40%,,,,,,1,2018,20
2018-11-11 17:07:13,Drs,DRS DISABLED,DISABLED,,,,,1,2018,20
2018-11-11 17:13:23,Flag,GREEN LIGHT - PIT EXIT OPEN,,GREEN,Track,,,1,2018,20
2018-11-11 17:16:00,Drs,DRS ENABLED,ENABLED,,,,,3,2018,20
2018-11-11 17:38:45,Flag,DOUBLE YELLOW IN TRACK SECTOR 8,,DOUBLE YELLOW,Sector,8.0,,21,2018,20
2018-11-11 17:38:46,Flag,CLEAR IN TRACK SECTOR 8,,CLEAR,Sector,8.0,,21,2018,20
2018-11-11 17:38:50,Flag,YELLOW IN TRACK SECTOR 8,,YELLOW,Sector,8.0,,21,2018,20
2018-11-11 17:38:56,Flag,CLEAR IN TRACK SECTOR 8,,CLEAR,Sector,8.0,,21,2018,20
2018-11-11 17:39:08,CarEvent,CAR 9 (ERI) SPUN AND CONTINUED AT TURN 8,,,,,9,21,2018,20
2018-11-11 17:41:25,Flag,WAVED BLUE FLAG FOR CAR 14 (ALO) TIMED AT 15:41:24,,BLUE,Driver,,14,23,2018,20
2018-11-11 17:44:29,Flag,WAVED BLUE FLAG FOR CAR 18 (STR) TIMED AT 15:44:29,,BLUE,Driver,,18,26,2018,20
2018-11-11 17:46:19,Other,TRACK SURFACE SLIPPERY IN TRACK SECTOR 7,,,,,,27,2018,20
2018-11-11 17:47:13,Flag,WAVED BLUE FLAG FOR CAR 14 (ALO) TIMED AT 15:47:13,,BLUE,Driver,,14,28,2018,20
2018-11-11 17:47:31,Flag,CLEAR IN TRACK SECTOR 7,,CLEAR,Sector,7.0,,28,2018,20
2018-11-11 17:47:40,Flag,WAVED BLUE FLAG FOR CAR 35 (SIR) TIMED AT 15:47:40,,BLUE,Driver,,35,28,2018,20
2018-11-11 17:48:27,Flag,WAVED BLUE FLAG FOR CAR 14 (ALO) TIMED AT 15:48:27,,BLUE,Driver,,14,29,2018,20
2018-11-11 17:51:07,Flag,WAVED BLUE FLAG FOR CAR 18 (STR) TIMED AT 15:51:06,,BLUE,Driver,,18,31,2018,20
2018-11-11 17:52:50,Flag,WAVED BLUE FLAG FOR CAR 18 (STR) TIMED AT 15:52:50,,BLUE,Driver,,18,32,2018,20
2018-11-11 17:54:02,Flag,WAVED BLUE FLAG FOR CAR 14 (ALO) TIMED AT 15:54:01,,BLUE,Driver,,14,33,2018,20
2018-11-11 17:55:34,Flag,WAVED BLUE FLAG FOR CAR 35 (SIR) TIMED AT 15:55:34,,BLUE,Driver,,35,35,2018,20
2018-11-11 17:55:43,Flag,WAVED BLUE FLAG FOR CAR 2 (VAN) TIMED AT 15:55:43,,BLUE,Driver,,2,35,2018,20
2018-11-11 17:56:00,Flag,WAVED BLUE FLAG FOR CAR 55 (SAI) TIMED AT 15:55:59,,BLUE,Driver,,55,35,2018,20
2018-11-11 17:57:16,Flag,WAVED BLUE FLAG FOR CAR 2 (VAN) TIMED AT 15:57:16,,BLUE,Driver,,2,36,2018,20
2018-11-11 17:59:31,Flag,WAVED BLUE FLAG FOR CAR 14 (ALO) TIMED AT 15:59:30,,BLUE,Driver,,14,38,2018,20
2018-11-11 18:00:44,Flag,WAVED BLUE FLAG FOR CAR 14 (ALO) TIMED AT 16:00:44,,BLUE,Driver,,14,39,2018,20
2018-11-11 18:00:47,Flag,WAVED BLUE FLAG FOR CAR 14 (ALO) TIMED AT 16:00:46,,BLUE,Driver,,14,39,2018,20
2018-11-11 18:00:49,Flag,WAVED BLUE FLAG FOR CAR 14 (ALO) TIMED AT 16:00:49,,BLUE,Driver,,14,39,2018,20
2018-11-11 18:00:50,Flag,WAVED BLUE FLAG FOR CAR 18 (STR) TIMED AT 16:00:50,,BLUE,Driver,,18,39,2018,20
2018-11-11 18:02:00,Flag,WAVED BLUE FLAG FOR CAR 2 (VAN) TIMED AT 16:02:00,,BLUE,Driver,,2,40,2018,20
2018-11-11 18:02:19,Flag,WAVED BLUE FLAG FOR CAR 14 (ALO) TIMED AT 16:02:19,,BLUE,Driver,,14,40,2018,20
2018-11-11 18:02:30,Flag,WAVED BLUE FLAG FOR CAR 2 (VAN) TIMED AT 16:02:30,,BLUE,Driver,,2,40,2018,20
2018-11-11 18:02:41,Flag,WAVED BLUE FLAG FOR CAR 35 (SIR) TIMED AT 16:02:41,,BLUE,Driver,,35,40,2018,20
2018-11-11 18:02:54,Flag,WAVED BLUE FLAG FOR CAR 2 (VAN) TIMED AT 16:02:54,,BLUE,Driver,,2,40,2018,20
2018-11-11 18:03:07,Flag,WAVED BLUE FLAG FOR CAR 35 (SIR) TIMED AT 16:03:07,,BLUE,Driver,,35,41,2018,20
2018-11-11 18:03:15,Flag,WAVED BLUE FLAG FOR CAR 35 (SIR) TIMED AT 16:03:15,,BLUE,Driver,,35,41,2018,20
2018-11-11 18:04:33,Flag,WAVED BLUE FLAG FOR CAR 31 (OCO) TIMED AT 16:04:32,,BLUE,Driver,,31,42,2018,20
2018-11-11 18:04:43,Flag,WAVED BLUE FLAG FOR CAR 31 (OCO) TIMED AT 16:04:42,,BLUE,Driver,,31,42,2018,20
2018-11-11 18:06:13,Flag,WAVED BLUE FLAG FOR CAR 18 (STR) TIMED AT 16:06:12,,BLUE,Driver,,18,43,2018,20
2018-11-11 18:06:43,Flag,WAVED BLUE FLAG FOR CAR 18 (STR) TIMED AT 16:06:43,,BLUE,Driver,,18,44,2018,20
2018-11-11 18:06:46,Flag,WAVED BLUE FLAG FOR CAR 31 (OCO) TIMED AT 16:06:45,,BLUE,Driver,,31,44,2018,20
2018-11-11 18:06:59,Flag,DOUBLE YELLOW IN TRACK SECTOR 2,,DOUBLE YELLOW,Sector,2.0,,44,2018,20
2018-11-11 18:07:00,Flag,WAVED BLUE FLAG FOR CAR 35 (SIR) TIMED AT 16:06:59,,BLUE,Driver,,35,44,2018,20
2018-11-11 18:07:02,Flag,WAVED BLUE FLAG FOR CAR 18 (STR) TIMED AT 16:07:02,,BLUE,Driver,,18,44,2018,20
2018-11-11 18:07:07,Flag,YELLOW IN TRACK SECTOR 2,,YELLOW,Sector,2.0,,44,2018,20
2018-11-11 18:07:11,Flag,CLEAR IN TRACK SECTOR 2,,CLEAR,Sector,2.0,,44,2018,20
2018-11-11 18:07:35,Flag,WAVED BLUE FLAG FOR CAR 35 (SIR) TIMED AT 16:07:34,,BLUE,Driver,,35,44,2018,20
2018-11-11 18:08:12,Flag,WAVED BLUE FLAG FOR CAR 35 (SIR) TIMED AT 16:08:11,,BLUE,Driver,,35,45,2018,20
2018-11-11 18:08:50,Other,TURN 1 INCIDENT INVOLVING CARS 31 (OCO) AND 33 (VER) UNDER INVESTIGATION - CAUSING A COLLISION,,,,,,45,2018,20
2018-11-11 18:14:38,Flag,WAVED BLUE FLAG FOR CAR 10 (GAS) TIMED AT 16:14:38,,BLUE,Driver,,10,50,2018,20
2018-11-11 18:16:31,Flag,WAVED BLUE FLAG FOR CAR 14 (ALO) TIMED AT 16:16:31,,BLUE,Driver,,14,52,2018,20
2018-11-11 18:16:46,Flag,WAVED BLUE FLAG FOR CAR 10 (GAS) TIMED AT 16:16:46,,BLUE,Driver,,10,52,2018,20
2018-11-11 18:17:19,Flag,WAVED BLUE FLAG FOR CAR 10 (GAS) TIMED AT 16:17:19,,BLUE,Driver,,10,52,2018,20
2018-11-11 18:18:05,Flag,WAVED BLUE FLAG FOR CAR 2 (VAN) TIMED AT 16:18:05,,BLUE,Driver,,2,53,2018,20
2018-11-11 18:18:55,Flag,WAVED BLUE FLAG FOR CAR 10 (GAS) TIMED AT 16:18:55,,BLUE,Driver,,10,54,2018,20
2018-11-11 18:18:58,Flag,WAVED BLUE FLAG FOR CAR 18 (STR) TIMED AT 16:18:58,,BLUE,Driver,,18,54,2018,20
2018-11-11 18:19:38,Flag,WAVED BLUE FLAG FOR CAR 14 (ALO) TIMED AT 16:19:38,,BLUE,Driver,,14,54,2018,20
2018-11-11 18:19:44,Flag,WAVED BLUE FLAG FOR CAR 18 (STR) TIMED AT 16:19:43,,BLUE,Driver,,18,54,2018,20
2018-11-11 18:19:46,Flag,WAVED BLUE FLAG FOR CAR 2 (VAN) TIMED AT 16:19:46,,BLUE,Driver,,2,54,2018,20
2018-11-11 18:19:56,Flag,WAVED BLUE FLAG FOR CAR 18 (STR) TIMED AT 16:19:56,,BLUE,Driver,,18,54,2018,20
2018-11-11 18:20:32,Flag,WAVED BLUE FLAG FOR CAR 35 (SIR) TIMED AT 16:20:31,,BLUE,Driver,,35,55,2018,20
2018-11-11 18:21:05,Flag,WAVED BLUE FLAG FOR CAR 35 (SIR) TIMED AT 16:21:05,,BLUE,Driver,,35,55,2018,20
2018-11-11 18:21:25,Flag,WAVED BLUE FLAG FOR CAR 2 (VAN) TIMED AT 16:21:24,,BLUE,Driver,,2,56,2018,20
2018-11-11 18:22:00,Flag,WAVED BLUE FLAG FOR CAR 18 (STR) TIMED AT 16:22:00,,BLUE,Driver,,18,56,2018,20
2018-11-11 18:22:23,Flag,WAVED BLUE FLAG FOR CAR 2 (VAN) TIMED AT 16:22:22,,BLUE,Driver,,2,56,2018,20
2018-11-11 18:22:44,Other,10 SECOND STOP/GO PENALTY FOR CAR 31 (OCO) - CAUSING A COLLISION,,,,,,57,2018,20
2018-11-11 18:23:04,Flag,WAVED BLUE FLAG FOR CAR 18 (STR) TIMED AT 16:23:04,,BLUE,Driver,,18,57,2018,20
2018-11-11 18:23:40,Flag,WAVED BLUE FLAG FOR CAR 35 (SIR) TIMED AT 16:23:40,,BLUE,Driver,,35,57,2018,20
2018-11-11 18:24:41,Flag,WAVED BLUE FLAG FOR CAR 2 (VAN) TIMED AT 16:24:41,,BLUE,Driver,,2,58,2018,20
2018-11-11 18:25:30,Flag,WAVED BLUE FLAG FOR CAR 35 (SIR) TIMED AT 16:25:30,,BLUE,Driver,,35,59,2018,20
2018-11-11 18:29:13,Flag,WAVED BLUE FLAG FOR CAR 55 (SAI) TIMED AT 16:29:12,,BLUE,Driver,,55,62,2018,20
2018-11-11 18:29:32,Flag,WAVED BLUE FLAG FOR CAR 28 (HAR) TIMED AT 16:29:31,,BLUE,Driver,,28,62,2018,20
2018-11-11 18:30:15,Other,INCIDENT INVOLVING CAR 14 (ALO) UNDER INVESTIGATION - IGNORING BLUE FLAGS,,,,,,63,2018,20
2018-11-11 18:30:19,Flag,WAVED BLUE FLAG FOR CAR 10 (GAS) TIMED AT 16:30:19,,BLUE,Driver,,10,63,2018,20
2018-11-11 18:30:37,Other,INCIDENT INVOLVING CAR 2 (VAN) UNDER INVESTIGATION - IGNORING BLUE FLAGS,,,,,,63,2018,20
2018-11-11 18:30:40,Flag,WAVED BLUE FLAG FOR CAR 10 (GAS) TIMED AT 16:30:39,,BLUE,Driver,,10,63,2018,20
2018-11-11 18:31:41,Flag,WAVED BLUE FLAG FOR CAR 18 (STR) TIMED AT 16:31:41,,BLUE,Driver,,18,64,2018,20
2018-11-11 18:32:58,Flag,WAVED BLUE FLAG FOR CAR 14 (ALO) TIMED AT 16:32:57,,BLUE,Driver,,14,65,2018,20
2018-11-11 18:33:12,Flag,WAVED BLUE FLAG FOR CAR 55 (SAI) TIMED AT 16:33:12,,BLUE,Driver,,55,65,2018,20
2018-11-11 18:33:19,Flag,WAVED BLUE FLAG FOR CAR 18 (STR) TIMED AT 16:33:18,,BLUE,Driver,,18,65,2018,20
2018-11-11 18:33:22,Flag,WAVED BLUE FLAG FOR CAR 14 (ALO) TIMED AT 16:33:21,,BLUE,Driver,,14,66,2018,20
2018-11-11 18:33:32,Flag,WAVED BLUE FLAG FOR CAR 18 (STR) TIMED AT 16:33:31,,BLUE,Driver,,18,66,2018,20
2018-11-11 18:33:51,Flag,WAVED BLUE FLAG FOR CAR 28 (HAR) TIMED AT 16:33:50,,BLUE,Driver,,28,66,2018,20
2018-11-11 18:33:56,Flag,WAVED BLUE FLAG FOR CAR 14 (ALO) TIMED AT 16:33:55,,BLUE,Driver,,14,66,2018,20
2018-11-11 18:33:58,Flag,WAVED BLUE FLAG FOR CAR 18 (STR) TIMED AT 16:33:57,,BLUE,Driver,,18,66,2018,20
2018-11-11 18:34:30,Flag,WAVED BLUE FLAG FOR CAR 10 (GAS) TIMED AT 16:34:29,,BLUE,Driver,,10,66,2018,20
2018-11-11 18:34:58,Flag,WAVED BLUE FLAG FOR CAR 35 (SIR) TIMED AT 16:34:57,,BLUE,Driver,,35,67,2018,20
2018-11-11 18:35:28,Flag,WAVED BLUE FLAG FOR CAR 11 (PER) TIMED AT 16:35:27,,BLUE,Driver,,11,67,2018,20
2018-11-11 18:35:31,Flag,WAVED BLUE FLAG FOR CAR 14 (ALO) TIMED AT 16:35:31,,BLUE,Driver,,14,67,2018,20
2018-11-11 18:35:44,Flag,WAVED BLUE FLAG FOR CAR 11 (PER) TIMED AT 16:35:43,,BLUE,Driver,,11,68,2018,20
2018-11-11 18:35:59,Flag,WAVED BLUE FLAG FOR CAR 55 (SAI) TIMED AT 16:35:58,,BLUE,Driver,,55,68,2018,20
2018-11-11 18:36:01,Flag,WAVED BLUE FLAG FOR CAR 11 (PER) TIMED AT 16:36:00,,BLUE,Driver,,11,68,2018,20
2018-11-11 18:36:16,Flag,WAVED BLUE FLAG FOR CAR 28 (HAR) TIMED AT 16:36:15,,BLUE,Driver,,28,68,2018,20
2018-11-11 18:36:16,Flag,WAVED BLUE FLAG FOR CAR 11 (PER) TIMED AT 16:36:15,,BLUE,Driver,,11,68,2018,20
2018-11-11 18:36:23,Flag,WAVED BLUE FLAG FOR CAR 55 (SAI) TIMED AT 16:36:23,,BLUE,Driver,,55,68,2018,20
2018-11-11 18:36:33,Flag,WAVED BLUE FLAG FOR CAR 35 (SIR) TIMED AT 16:36:33,,BLUE,Driver,,35,68,2018,20
2018-11-11 18:36:51,Flag,WAVED BLUE FLAG FOR CAR 10 (GAS) TIMED AT 16:36:51,,BLUE,Driver,,10,68,2018,20
2018-11-11 18:36:58,Flag,WAVED BLUE FLAG FOR CAR 28 (HAR) TIMED AT 16:36:58,,BLUE,Driver,,28,69,2018,20
2018-11-11 18:37:14,Flag,WAVED BLUE FLAG FOR CAR 11 (PER) TIMED AT 16:37:14,,BLUE,Driver,,11,69,2018,20
2018-11-11 18:37:25,Other,5 SECOND TIME PENALTY FOR CAR 14 (ALO) - IGNORING BLUE FLAGS,,,,,,69,2018,20
2018-11-11 18:37:47,Flag,WAVED BLUE FLAG FOR CAR 10 (GAS) TIMED AT 16:37:47,,BLUE,Driver,,10,69,2018,20
2018-11-11 18:40:31,Flag,CHEQUERED FLAG,,CHEQUERED,Track,,,71,2018,20
2018-11-25 12:54:58,Other,RISK OF RAIN FOR THIS SESSION IS 40%,,,,,,1,2018,21
2018-11-25 13:07:13,Drs,DRS DISABLED,DISABLED,,,,,1,2018,21
2018-11-25 13:13:34,Flag,GREEN LIGHT - PIT EXIT OPEN,,GREEN,Track,,,1,2018,21
2018-11-25 13:14:34,Flag,YELLOW IN TRACK SECTOR 8,,YELLOW,Sector,8.0,,1,2018,21
2018-11-25 13:14:38,SafetyCar,SAFETY CAR DEPLOYED,DEPLOYED,,,,,1,2018,21
2018-11-25 13:19:05,Other,TURN 9 INCIDENT INVOLVING CARS 27 (HUL) AND 8 (GRO) UNDER INVESTIGATION - CAUSING A COLLISION,,,,,,3,2018,21
2018-11-25 13:20:37,Other,TURN 9 INCIDENT INVOLVING CARS 27 (HUL) AND 8 (GRO) - NO FURTHER ACTION,,,,,,3,2018,21
2018-11-25 13:21:43,Flag,CLEAR IN TRACK SECTOR 8,,CLEAR,Sector,8.0,,4,2018,21
2018-11-25 13:22:17,SafetyCar,SAFETY CAR IN THIS LAP,IN THIS LAP,,,,,4,2018,21
2018-11-25 13:23:26,Other,TURN 9 INCIDENT INVOLVING CARS 55 (SAI) AND 9 (ERI) NOTED - LEAVING THE TRACK AND GAINING AN ADVANTAGE,,,,,,4,2018,21
2018-11-25 13:23:48,Flag,TRACK CLEAR,,CLEAR,Track,,,4,2018,21
2018-11-25 13:24:23,Other,TRACK SURFACE SLIPPERY IN TRACK SECTOR 19,,,,,,5,2018,21
2018-11-25 13:24:25,Flag,CLEAR IN TRACK SECTOR 19,,CLEAR,Sector,19.0,,5,2018,21
2018-11-25 13:27:28,Drs,DRS ENABLED,ENABLED,,,,,7,2018,21
2018-11-25 13:27:52,Flag,YELLOW IN TRACK SECTOR 20,,YELLOW,Sector,20.0,,7,2018,21
2018-11-25 13:28:02,Flag,DOUBLE YELLOW IN TRACK SECTOR 20,,DOUBLE YELLOW,Sector,20.0,,7,2018,21
2018-11-25 13:28:04,SafetyCar,VIRTUAL SAFETY CAR DEPLOYED,DEPLOYED,,,,,7,2018,21
2018-11-25 13:28:23,Other,CAR 7 (RAI) STOPPED AT THE FINISH LINE,,,,,,7,2018,21
2018-11-25 13:30:56,Flag,CLEAR IN TRACK SECTOR 20,,CLEAR,Sector,20.0,,8,2018,21
2018-11-25 13:31:22,SafetyCar,VIRTUAL SAFETY CAR ENDING,ENDING,,,,,8,2018,21
2018-11-25 13:31:34,Flag,TRACK CLEAR,,CLEAR,Track,,,8,2018,21
2018-11-25 13:31:39,Drs,DRS ENABLED,ENABLED,,,,,8,2018,21
2018-11-25 14:15:31,Other,TURN 17 INCIDENT INVOLVING CARS 2 (VAN) AND 31 (OCO) UNDER INVESTIGATION - LEAVING THE TRACK AND GAINING AN ADVANTAGE,,,,,,33,2018,21
2018-11-25 14:17:41,Other,5 SECOND TIME PENALTY FOR CAR 31 (OCO) - LEAVING THE TRACK AND GAINING AN ADVANTAGE,,,,,,35,2018,21
2018-11-25 14:20:16,CarEvent,CAR 77 (BOT) MISSED THE APEX OF TURN 9,,,,,77,36,2018,21
2018-11-25 14:21:10,Flag,WAVED BLUE FLAG FOR CAR 2 (VAN) TIMED AT 18:21:09,,BLUE,Driver,,2,37,2018,21
2018-11-25 14:25:01,Flag,WAVED BLUE FLAG FOR CAR 28 (HAR) TIMED AT 18:25:01,,BLUE,Driver,,28,39,2018,21
2018-11-25 14:27:59,Flag,WAVED BLUE FLAG FOR CAR 28 (HAR) TIMED AT 18:27:59,,BLUE,Driver,,28,41,2018,21
2018-11-25 14:28:38,Flag,WAVED BLUE FLAG FOR CAR 14 (ALO) TIMED AT 18:28:38,,BLUE,Driver,,14,41,2018,21
2018-11-25 14:29:32,Flag,WAVED BLUE FLAG FOR CAR 28 (HAR) TIMED AT 18:29:31,,BLUE,Driver,,28,42,2018,21
2018-11-25 14:29:54,Flag,WAVED BLUE FLAG FOR CAR 28 (HAR) TIMED AT 18:29:53,,BLUE,Driver,,28,42,2018,21
2018-11-25 14:30:25,Flag,WAVED BLUE FLAG FOR CAR 28 (HAR) TIMED AT 18:30:24,,BLUE,Driver,,28,42,2018,21
2018-11-25 14:31:43,Flag,WAVED BLUE FLAG FOR CAR 35 (SIR) TIMED AT 18:31:42,,BLUE,Driver,,35,43,2018,21
2018-11-25 14:32:28,Flag,WAVED BLUE FLAG FOR CAR 14 (ALO) TIMED AT 18:32:28,,BLUE,Driver,,14,43,2018,21
2018-11-25 14:34:26,Flag,WAVED BLUE FLAG FOR CAR 14 (ALO) TIMED AT 18:34:25,,BLUE,Driver,,14,44,2018,21
2018-11-25 14:34:42,Flag,WAVED BLUE FLAG FOR CAR 10 (GAS) TIMED AT 18:34:41,,BLUE,Driver,,10,45,2018,21
2018-11-25 14:35:03,Flag,WAVED BLUE FLAG FOR CAR 14 (ALO) TIMED AT 18:35:02,,BLUE,Driver,,14,45,2018,21
2018-11-25 14:36:41,Flag,WAVED BLUE FLAG FOR CAR 20 (MAG) TIMED AT 18:36:40,,BLUE,Driver,,20,46,2018,21
2018-11-25 14:36:41,Flag,WAVED BLUE FLAG FOR CAR 8 (GRO) TIMED AT 18:36:41,,BLUE,Driver,,8,46,2018,21
2018-11-25 14:37:54,Flag,WAVED BLUE FLAG FOR CAR 20 (MAG) TIMED AT 18:37:54,,BLUE,Driver,,20,47,2018,21
2018-11-25 14:37:55,Flag,WAVED BLUE FLAG FOR CAR 10 (GAS) TIMED AT 18:37:55,,BLUE,Driver,,10,47,2018,21
2018-11-25 14:38:03,Flag,WAVED BLUE FLAG FOR CAR 2 (VAN) TIMED AT 18:38:02,,BLUE,Driver,,2,47,2018,21
2018-11-25 14:39:11,Flag,WAVED BLUE FLAG FOR CAR 10 (GAS) TIMED AT 18:39:11,,BLUE,Driver,,10,47,2018,21
2018-11-25 14:39:13,Flag,WAVED BLUE FLAG FOR CAR 20 (MAG) TIMED AT 18:39:13,,BLUE,Driver,,20,47,2018,21
2018-11-25 14:39:42,Flag,WAVED BLUE FLAG FOR CAR 8 (GRO) TIMED AT 18:39:42,,BLUE,Driver,,8,48,2018,21
2018-11-25 14:40:10,Flag,WAVED BLUE FLAG FOR CAR 10 (GAS) TIMED AT 18:40:09,,BLUE,Driver,,10,48,2018,21
2018-11-25 14:41:05,Flag,DOUBLE YELLOW IN TRACK SECTOR 13,,DOUBLE YELLOW,Sector,13.0,,48,2018,21
2018-11-25 14:41:16,Flag,YELLOW IN TRACK SECTOR 12,,YELLOW,Sector,12.0,,48,2018,21
2018-11-25 14:41:20,Flag,CLEAR IN TRACK SECTOR 13,,CLEAR,Sector,13.0,,48,2018,21
2018-11-25 14:41:20,Flag,YELLOW IN TRACK SECTOR 13,,YELLOW,Sector,13.0,,48,2018,21
2018-11-25 14:41:22,Flag,WAVED BLUE FLAG FOR CAR 8 (GRO) TIMED AT 18:41:21,,BLUE,Driver,,8,49,2018,21
2018-11-25 14:41:27,Flag,CLEAR IN TRACK SECTOR 13,,CLEAR,Sector,13.0,,49,2018,21
2018-11-25 14:41:28,Flag,DOUBLE YELLOW IN TRACK SECTOR 13,,DOUBLE YELLOW,Sector,13.0,,49,2018,21
2018-11-25 14:41:32,Flag,CLEAR IN TRACK SECTOR 13,,CLEAR,Sector,13.0,,49,2018,21
2018-11-25 14:41:33,Flag,DOUBLE YELLOW IN TRACK SECTOR 13,,DOUBLE YELLOW,Sector,13.0,,49,2018,21
2018-11-25 14:41:34,Flag,CLEAR IN TRACK SECTOR 12,,CLEAR,Sector,12.0,,49,2018,21
2018-11-25 14:41:36,Flag,DOUBLE YELLOW IN TRACK SECTOR 13,,DOUBLE YELLOW,Sector,13.0,,49,2018,21
2018-11-25 14:41:44,Flag,YELLOW IN TRACK SECTOR 12,,YELLOW,Sector,12.0,,49,2018,21
2018-11-25 14:41:55,Flag,WAVED BLUE FLAG FOR CAR 8 (GRO) TIMED AT 18:41:55,,BLUE,Driver,,8,49,2018,21
2018-11-25 14:42:55,Flag,CLEAR IN TRACK SECTOR 12,,CLEAR,Sector,12.0,,49,2018,21
2018-11-25 14:43:00,Flag,CLEAR IN TRACK SECTOR 13,,CLEAR,Sector,13.0,,49,2018,21
2018-11-25 14:45:20,Flag,WAVED BLUE FLAG FOR CAR 18 (STR) TIMED AT 18:45:19,,BLUE,Driver,,18,51,2018,21
2018-11-25 14:47:04,Flag,WAVED BLUE FLAG FOR CAR 28 (HAR) TIMED AT 18:47:04,,BLUE,Driver,,28,52,2018,21
2018-11-25 14:48:15,CarEvent,CAR 14 (ALO) MISSED THE APEX OF TURN 9,,,,,14,53,2018,21
2018-11-25 14:51:16,Other,5 SECOND TIME PENALTY FOR CAR 14 (ALO) - LEAVING THE TRACK AND GAINING AN ADVANTAGE,,,,,,54,2018,21
2018-11-25 14:52:55,Other,5 SECOND TIME PENALTY FOR CAR 14 (ALO) - LEAVING THE TRACK AND GAINING AN ADVANTAGE,,,,,,55,2018,21
2018-11-25 14:53:14,Flag,CHEQUERED FLAG,,CHEQUERED,Track,,,55,2018,21
2018-11-25 14:54:57,Flag,YELLOW IN TRACK SECTOR 8,,YELLOW,Sector,8.0,,55,2018,21
2018-11-25 14:55:14,Flag,CLEAR IN TRACK SECTOR 8,,CLEAR,Sector,8.0,,55,2018,21
2018-11-25 14:58:41,Other,5 SECOND TIME PENALTY FOR CAR 14 (ALO) - LEAVING THE TRACK AND GAINING AN ADVANTAGE,,,,,,55,2018,21
