Time,AirTemp,Humidity,Pressure,Rainfall,TrackTemp,WindDirection,WindSpeed,Season,Round,EventName
0 days 00:01:03.204000,25.6,17.0,1010.2,False,32.3,346,0.5,2022,1,Bahrain Grand Prix
0 days 00:02:03.202000,25.7,17.0,1010.2,False,32.3,347,0.6,2022,1,Bahrain Grand Prix
0 days 00:03:03.205000,25.7,17.0,1010.0,False,32.2,359,0.4,2022,1,Bahrain Grand Prix
0 days 00:04:03.220000,25.7,17.0,1010.2,False,32.2,8,0.4,2022,1,Bahrain Grand Prix
0 days 00:05:03.218000,25.6,17.0,1010.0,False,32.1,16,0.5,2022,1,Bahrain Grand Prix
0 days 00:06:03.216000,25.5,17.0,1010.2,False,32.1,29,0.4,2022,1,Bahrain Grand Prix
0 days 00:07:03.217000,25.5,17.0,1010.2,False,32.1,19,0.5,2022,1,Bahrain Grand Prix
0 days 00:08:03.217000,25.5,17.0,1010.0,False,32.0,3,0.4,2022,1,Bahrain Grand Prix
0 days 00:09:03.218000,25.5,17.0,1010.2,False,31.9,348,0.4,2022,1,Bahrain Grand Prix
0 days 00:10:03.216000,25.5,16.0,1010.2,False,31.9,7,0.5,2022,1,Bahrain Grand Prix
0 days 00:11:03.217000,25.5,16.0,1010.2,False,31.8,359,0.6,2022,1,Bahrain Grand Prix
0 days 00:12:03.218000,25.4,16.0,1010.2,False,31.6,14,0.6,2022,1,Bahrain Grand Prix
0 days 00:13:03.217000,25.4,16.0,1010.2,False,31.6,9,0.6,2022,1,Bahrain Grand Prix
0 days 00:14:03.219000,25.3,16.0,1010.0,False,31.5,5,0.6,2022,1,Bahrain Grand Prix
0 days 00:15:03.228000,25.3,17.0,1010.2,False,31.4,9,0.6,2022,1,Bahrain Grand Prix
0 days 00:16:03.239000,25.3,17.0,1010.2,False,31.3,16,0.6,2022,1,Bahrain Grand Prix
0 days 00:17:03.218000,25.3,17.0,1010.2,False,31.3,356,0.5,2022,1,Bahrain Grand Prix
0 days 00:18:03.216000,25.2,17.0,1010.2,False,31.3,12,0.6,2022,1,Bahrain Grand Prix
0 days 00:19:03.215000,25.2,17.0,1010.2,False,31.1,357,0.6,2022,1,Bahrain Grand Prix
0 days 00:20:03.215000,25.1,17.0,1010.2,False,31.1,9,0.5,2022,1,Bahrain Grand Prix
0 days 00:21:03.228000,25.1,17.0,1010.2,False,31.0,358,0.6,2022,1,Bahrain Grand Prix
0 days 00:22:03.212000,25.1,18.0,1010.2,False,31.0,9,0.6,2022,1,Bahrain Grand Prix
0 days 00:23:03.218000,25.1,18.0,1010.2,False,30.8,341,0.5,2022,1,Bahrain Grand Prix
0 days 00:24:03.217000,25.0,18.0,1010.2,False,31.1,358,0.6,2022,1,Bahrain Grand Prix
0 days 00:25:03.218000,25.0,18.0,1010.2,False,31.1,340,0.5,2022,1,Bahrain Grand Prix
0 days 00:26:03.225000,25.0,18.0,1010.2,False,31.0,353,0.4,2022,1,Bahrain Grand Prix
0 days 00:27:03.216000,24.9,18.0,1010.2,False,30.9,344,0.4,2022,1,Bahrain Grand Prix
0 days 00:28:03.220000,24.9,18.0,1010.2,False,30.9,0,0.4,2022,1,Bahrain Grand Prix
0 days 00:29:03.218000,24.9,19.0,1010.2,False,30.9,7,0.5,2022,1,Bahrain Grand Prix
0 days 00:30:03.220000,24.9,19.0,1010.2,False,30.7,347,0.5,2022,1,Bahrain Grand Prix
0 days 00:31:03.219000,24.9,19.0,1010.2,False,30.7,351,0.4,2022,1,Bahrain Grand Prix
0 days 00:32:03.218000,24.9,19.0,1010.2,False,30.7,4,0.4,2022,1,Bahrain Grand Prix
0 days 00:33:03.233000,24.9,19.0,1010.2,False,30.8,349,0.3,2022,1,Bahrain Grand Prix
0 days 00:34:03.254000,24.8,19.0,1010.2,False,30.8,341,0.4,2022,1,Bahrain Grand Prix
0 days 00:35:03.263000,24.8,19.0,1010.2,False,30.5,2,0.4,2022,1,Bahrain Grand Prix
0 days 00:36:03.262000,24.7,20.0,1010.2,False,30.5,19,0.4,2022,1,Bahrain Grand Prix
0 days 00:37:03.286000,24.7,20.0,1010.2,False,30.4,20,0.4,2022,1,Bahrain Grand Prix
0 days 00:38:03.281000,24.7,20.0,1010.2,False,30.4,11,0.3,2022,1,Bahrain Grand Prix
0 days 00:39:03.296000,24.6,21.0,1010.2,False,30.7,3,0.4,2022,1,Bahrain Grand Prix
0 days 00:40:03.316000,24.5,21.0,1010.2,False,30.5,11,0.4,2022,1,Bahrain Grand Prix
0 days 00:41:03.326000,24.5,22.0,1010.2,False,30.5,7,0.4,2022,1,Bahrain Grand Prix
0 days 00:42:03.331000,24.4,22.0,1010.2,False,30.3,11,0.4,2022,1,Bahrain Grand Prix
0 days 00:43:03.343000,24.4,22.0,1010.2,False,30.3,11,0.4,2022,1,Bahrain Grand Prix
0 days 00:44:03.345000,24.4,22.0,1010.2,False,30.3,11,0.6,2022,1,Bahrain Grand Prix
0 days 00:45:03.346000,24.3,22.0,1010.2,False,30.3,17,0.4,2022,1,Bahrain Grand Prix
0 days 00:46:03.345000,24.4,23.0,1010.2,False,30.2,24,0.3,2022,1,Bahrain Grand Prix
0 days 00:47:03.342000,24.3,23.0,1010.2,False,30.2,13,0.6,2022,1,Bahrain Grand Prix
0 days 00:48:03.344000,24.3,23.0,1010.2,False,30.0,12,0.5,2022,1,Bahrain Grand Prix
0 days 00:49:03.362000,24.3,23.0,1010.2,False,29.9,14,0.4,2022,1,Bahrain Grand Prix
0 days 00:50:03.367000,24.2,23.0,1010.2,False,29.8,9,0.5,2022,1,Bahrain Grand Prix
0 days 00:51:03.358000,24.2,23.0,1010.2,False,29.8,10,0.6,2022,1,Bahrain Grand Prix
0 days 00:52:03.368000,24.1,23.0,1010.2,False,29.8,17,0.7,2022,1,Bahrain Grand Prix
0 days 00:53:03.379000,24.1,23.0,1010.2,False,29.6,9,0.5,2022,1,Bahrain Grand Prix
0 days 00:54:03.384000,24.1,23.0,1010.4,False,29.6,11,0.4,2022,1,Bahrain Grand Prix
0 days 00:55:03.392000,24.1,22.0,1010.2,False,29.6,17,0.4,2022,1,Bahrain Grand Prix
0 days 00:56:03.391000,24.1,22.0,1010.4,False,29.6,17,0.8,2022,1,Bahrain Grand Prix
0 days 00:57:03.392000,24.1,24.0,1010.4,False,29.3,28,0.8,2022,1,Bahrain Grand Prix
0 days 00:58:03.405000,24.0,24.0,1010.4,False,29.3,19,0.4,2022,1,Bahrain Grand Prix
0 days 00:59:03.406000,24.0,24.0,1010.2,False,29.4,352,0.3,2022,1,Bahrain Grand Prix
0 days 01:00:03.444000,24.0,25.0,1010.2,False,29.4,10,0.3,2022,1,Bahrain Grand Prix
0 days 01:01:03.442000,24.0,25.0,1010.2,False,29.2,4,0.3,2022,1,Bahrain Grand Prix
0 days 01:02:03.439000,24.0,25.0,1010.2,False,29.1,10,0.5,2022,1,Bahrain Grand Prix
0 days 01:03:03.464000,23.9,25.0,1010.2,False,29.1,20,0.5,2022,1,Bahrain Grand Prix
0 days 01:04:03.474000,23.9,26.0,1010.4,False,29.0,13,0.3,2022,1,Bahrain Grand Prix
0 days 01:05:03.470000,23.8,26.0,1010.4,False,29.0,357,0.5,2022,1,Bahrain Grand Prix
0 days 01:06:03.471000,23.8,27.0,1010.4,False,29.0,12,0.5,2022,1,Bahrain Grand Prix
0 days 01:07:03.468000,23.8,29.0,1010.2,False,28.8,13,0.4,2022,1,Bahrain Grand Prix
0 days 01:08:03.471000,23.8,29.0,1010.4,False,28.7,12,0.4,2022,1,Bahrain Grand Prix
0 days 01:09:03.470000,23.8,31.0,1010.4,False,28.7,50,0.3,2022,1,Bahrain Grand Prix
0 days 01:10:03.471000,23.8,33.0,1010.4,False,28.5,316,0.4,2022,1,Bahrain Grand Prix
0 days 01:11:03.469000,23.7,33.0,1010.4,False,28.3,314,0.2,2022,1,Bahrain Grand Prix
0 days 01:12:03.485000,23.6,34.0,1010.4,False,28.3,12,0.2,2022,1,Bahrain Grand Prix
0 days 01:13:03.484000,23.6,34.0,1010.4,False,28.3,37,0.1,2022,1,Bahrain Grand Prix
0 days 01:14:03.470000,23.6,35.0,1010.4,False,28.3,354,0.3,2022,1,Bahrain Grand Prix
0 days 01:15:03.469000,23.5,35.0,1010.4,False,28.1,204,0.3,2022,1,Bahrain Grand Prix
0 days 01:16:03.471000,23.5,36.0,1010.4,False,28.1,339,0.1,2022,1,Bahrain Grand Prix
0 days 01:17:03.472000,23.4,36.0,1010.4,False,28.0,26,0.2,2022,1,Bahrain Grand Prix
0 days 01:18:03.471000,23.3,36.0,1010.2,False,28.0,50,0.2,2022,1,Bahrain Grand Prix
0 days 01:19:03.491000,23.3,36.0,1010.4,False,28.0,357,0.1,2022,1,Bahrain Grand Prix
0 days 01:20:03.485000,23.3,36.0,1010.4,False,28.0,36,0.2,2022,1,Bahrain Grand Prix
0 days 01:21:03.501000,23.3,37.0,1010.4,False,27.9,258,0.1,2022,1,Bahrain Grand Prix
0 days 01:22:03.519000,23.2,37.0,1010.4,False,27.9,309,0.2,2022,1,Bahrain Grand Prix
0 days 01:23:03.516000,23.1,37.0,1010.4,False,27.8,242,0.2,2022,1,Bahrain Grand Prix
0 days 01:24:03.523000,23.1,37.0,1010.5,False,27.8,8,0.1,2022,1,Bahrain Grand Prix
0 days 01:25:03.531000,23.1,38.0,1010.4,False,27.8,27,0.1,2022,1,Bahrain Grand Prix
0 days 01:26:03.548000,23.2,38.0,1010.5,False,27.8,31,0.2,2022,1,Bahrain Grand Prix
0 days 01:27:03.564000,23.1,38.0,1010.5,False,27.7,20,0.2,2022,1,Bahrain Grand Prix
0 days 01:28:03.563000,23.1,38.0,1010.5,False,27.7,54,0.2,2022,1,Bahrain Grand Prix
0 days 01:29:03.566000,23.0,38.0,1010.4,False,27.7,148,0.3,2022,1,Bahrain Grand Prix
0 days 01:30:03.563000,23.0,38.0,1010.5,False,27.8,65,0.1,2022,1,Bahrain Grand Prix
0 days 01:31:03.570000,22.9,38.0,1010.5,False,27.8,1,0.2,2022,1,Bahrain Grand Prix
0 days 01:32:03.579000,22.9,38.0,1010.5,False,27.9,24,0.3,2022,1,Bahrain Grand Prix
0 days 01:33:03.595000,22.8,38.0,1010.5,False,27.9,69,0.3,2022,1,Bahrain Grand Prix
0 days 01:34:03.594000,22.8,37.0,1010.2,False,27.7,45,0.2,2022,1,Bahrain Grand Prix
0 days 01:35:03.583000,22.7,38.0,1010.4,False,27.7,78,0.4,2022,1,Bahrain Grand Prix
0 days 01:36:03.595000,22.7,37.0,1010.5,False,27.6,16,0.4,2022,1,Bahrain Grand Prix
0 days 01:37:03.599000,22.8,37.0,1010.4,False,27.6,29,0.3,2022,1,Bahrain Grand Prix
0 days 01:38:03.595000,22.8,37.0,1010.4,False,27.5,18,0.3,2022,1,Bahrain Grand Prix
0 days 01:39:03.596000,22.8,37.0,1010.4,False,27.5,0,0.4,2022,1,Bahrain Grand Prix
0 days 01:40:03.595000,22.8,36.0,1010.5,False,27.5,7,0.3,2022,1,Bahrain Grand Prix
0 days 01:41:03.596000,22.8,36.0,1010.5,False,27.5,40,0.2,2022,1,Bahrain Grand Prix
0 days 01:42:03.594000,22.8,36.0,1010.4,False,27.5,48,0.4,2022,1,Bahrain Grand Prix
0 days 01:43:03.598000,22.8,36.0,1010.5,False,27.4,0,0.2,2022,1,Bahrain Grand Prix
0 days 01:44:03.598000,22.8,36.0,1010.5,False,27.4,22,0.1,2022,1,Bahrain Grand Prix
0 days 01:45:03.595000,22.8,35.0,1010.5,False,27.5,19,0.2,2022,1,Bahrain Grand Prix
0 days 01:46:03.594000,22.8,36.0,1010.5,False,27.4,11,0.3,2022,1,Bahrain Grand Prix
0 days 01:47:03.593000,22.8,36.0,1010.4,False,27.4,66,0.2,2022,1,Bahrain Grand Prix
0 days 01:48:03.595000,22.8,36.0,1010.5,False,27.4,277,0.3,2022,1,Bahrain Grand Prix
0 days 01:49:03.599000,22.9,36.0,1010.5,False,27.4,277,0.3,2022,1,Bahrain Grand Prix
0 days 01:50:03.596000,22.9,36.0,1010.4,False,27.3,97,0.1,2022,1,Bahrain Grand Prix
0 days 01:51:03.616000,22.9,36.0,1010.4,False,27.3,6,0.2,2022,1,Bahrain Grand Prix
0 days 01:52:03.626000,22.9,36.0,1010.4,False,27.3,288,0.1,2022,1,Bahrain Grand Prix
0 days 01:53:03.644000,22.9,36.0,1010.4,False,27.1,0,0.2,2022,1,Bahrain Grand Prix
0 days 01:54:03.642000,22.8,36.0,1010.5,False,27.2,3,0.1,2022,1,Bahrain Grand Prix
0 days 01:55:03.660000,22.8,36.0,1010.5,False,27.3,57,0.1,2022,1,Bahrain Grand Prix
0 days 01:56:03.671000,22.8,36.0,1010.5,False,27.2,9,0.1,2022,1,Bahrain Grand Prix
0 days 01:57:03.690000,22.8,36.0,1010.5,False,27.2,15,0.2,2022,1,Bahrain Grand Prix
0 days 01:58:03.686000,22.8,36.0,1010.5,False,27.1,317,0.0,2022,1,Bahrain Grand Prix
0 days 01:59:03.691000,22.8,36.0,1010.5,False,27.1,0,0.2,2022,1,Bahrain Grand Prix
0 days 02:00:03.689000,22.7,36.0,1010.5,False,27.0,50,0.0,2022,1,Bahrain Grand Prix
0 days 02:01:03.704000,22.7,36.0,1010.5,False,27.0,239,0.0,2022,1,Bahrain Grand Prix
0 days 02:02:03.724000,22.8,36.0,1010.5,False,27.0,205,0.1,2022,1,Bahrain Grand Prix
0 days 02:03:03.720000,22.8,36.0,1010.5,False,27.1,49,0.1,2022,1,Bahrain Grand Prix
0 days 02:04:03.723000,22.8,36.0,1010.5,False,27.1,317,0.2,2022,1,Bahrain Grand Prix
0 days 02:05:03.718000,22.8,35.0,1010.7,False,27.0,53,0.2,2022,1,Bahrain Grand Prix
0 days 02:06:03.719000,22.8,35.0,1010.7,False,27.0,54,0.1,2022,1,Bahrain Grand Prix
0 days 02:07:03.724000,22.8,35.0,1010.5,False,27.0,62,0.1,2022,1,Bahrain Grand Prix
0 days 02:08:03.720000,22.7,36.0,1010.5,False,26.9,7,0.1,2022,1,Bahrain Grand Prix
0 days 02:09:03.721000,22.7,36.0,1010.5,False,26.8,40,0.1,2022,1,Bahrain Grand Prix
0 days 02:10:03.720000,22.7,36.0,1010.5,False,26.8,183,0.2,2022,1,Bahrain Grand Prix
0 days 02:11:03.723000,22.7,36.0,1010.5,False,26.9,164,0.2,2022,1,Bahrain Grand Prix
0 days 02:12:03.722000,22.7,36.0,1010.5,False,26.9,195,0.1,2022,1,Bahrain Grand Prix
0 days 02:13:03.721000,22.7,36.0,1010.5,False,27.0,186,0.1,2022,1,Bahrain Grand Prix
0 days 02:14:03.731000,22.7,36.0,1010.5,False,26.9,0,0.3,2022,1,Bahrain Grand Prix
0 days 02:15:03.721000,22.7,36.0,1010.5,False,26.7,0,0.2,2022,1,Bahrain Grand Prix
0 days 02:16:03.738000,22.7,36.0,1010.5,False,26.7,247,0.2,2022,1,Bahrain Grand Prix
0 days 02:17:03.726000,22.7,36.0,1010.5,False,26.7,56,0.1,2022,1,Bahrain Grand Prix
0 days 02:18:03.721000,22.7,36.0,1010.5,False,26.7,0,0.1,2022,1,Bahrain Grand Prix
0 days 02:19:03.721000,22.7,36.0,1010.5,False,26.6,264,0.1,2022,1,Bahrain Grand Prix
0 days 02:20:03.725000,22.7,37.0,1010.5,False,26.6,359,0.1,2022,1,Bahrain Grand Prix
0 days 02:21:03.753000,22.7,36.0,1010.5,False,26.6,345,0.1,2022,1,Bahrain Grand Prix
0 days 02:22:03.718000,22.6,36.0,1010.5,False,26.6,3,0.2,2022,1,Bahrain Grand Prix
0 days 02:23:03.728000,22.6,36.0,1010.5,False,26.5,352,0.1,2022,1,Bahrain Grand Prix
0 days 02:24:03.727000,22.5,36.0,1010.5,False,26.5,21,0.2,2022,1,Bahrain Grand Prix
0 days 02:25:03.720000,22.5,36.0,1010.7,False,26.5,354,0.2,2022,1,Bahrain Grand Prix
0 days 02:26:03.722000,22.4,36.0,1010.7,False,26.4,321,0.2,2022,1,Bahrain Grand Prix
0 days 02:27:03.736000,22.4,36.0,1010.7,False,26.4,320,0.2,2022,1,Bahrain Grand Prix
0 days 02:28:03.724000,22.4,36.0,1010.7,False,26.4,359,0.1,2022,1,Bahrain Grand Prix
0 days 02:29:03.718000,22.4,36.0,1010.7,False,26.5,300,0.1,2022,1,Bahrain Grand Prix
0 days 02:30:03.723000,22.4,36.0,1010.7,False,26.5,261,0.1,2022,1,Bahrain Grand Prix
0 days 02:31:03.724000,22.4,37.0,1010.7,False,26.5,0,0.0,2022,1,Bahrain Grand Prix
0 days 02:32:03.721000,22.4,36.0,1010.7,False,26.3,29,0.2,2022,1,Bahrain Grand Prix
0 days 02:33:03.720000,22.4,35.0,1010.7,False,26.4,39,0.1,2022,1,Bahrain Grand Prix
0 days 02:34:03.729000,22.4,36.0,1010.7,False,26.5,329,0.1,2022,1,Bahrain Grand Prix
0 days 02:35:03.720000,22.4,36.0,1010.7,False,26.3,186,0.1,2022,1,Bahrain Grand Prix
0 days 02:36:03.720000,22.4,36.0,1010.7,False,26.3,354,0.3,2022,1,Bahrain Grand Prix
0 days 02:37:04.457000,22.4,35.0,1010.7,False,26.3,353,0.2,2022,1,Bahrain Grand Prix
0 days 02:38:03.734000,22.3,36.0,1010.7,False,26.3,205,0.2,2022,1,Bahrain Grand Prix
0 days 02:39:03.722000,22.4,36.0,1010.7,False,26.3,243,0.3,2022,1,Bahrain Grand Prix
0 days 02:40:03.752000,22.3,36.0,1010.7,False,26.3,203,0.2,2022,1,Bahrain Grand Prix
0 days 02:41:03.740000,22.3,35.0,1010.7,False,26.3,225,0.1,2022,1,Bahrain Grand Prix
0 days 02:42:03.720000,22.3,35.0,1010.7,False,26.3,232,0.3,2022,1,Bahrain Grand Prix
0 days 02:43:03.726000,22.3,34.0,1010.7,False,26.3,166,0.2,2022,1,Bahrain Grand Prix
0 days 00:01:01.220000,25.3,64.0,1012.0,False,29.6,350,2.5,2022,2,Saudi Arabian Grand Prix
0 days 00:02:01.235000,25.3,65.0,1012.0,False,29.6,337,3.2,2022,2,Saudi Arabian Grand Prix
0 days 00:03:01.220000,25.3,65.0,1012.0,False,29.6,349,2.5,2022,2,Saudi Arabian Grand Prix
0 days 00:04:01.222000,25.3,64.0,1012.0,False,29.7,338,3.0,2022,2,Saudi Arabian Grand Prix
0 days 00:05:01.223000,25.3,64.0,1012.0,False,29.8,354,3.0,2022,2,Saudi Arabian Grand Prix
0 days 00:06:01.221000,25.3,65.0,1012.0,False,29.8,347,2.7,2022,2,Saudi Arabian Grand Prix
0 days 00:07:01.231000,25.3,64.0,1012.0,False,29.4,326,1.7,2022,2,Saudi Arabian Grand Prix
0 days 00:08:01.222000,25.3,64.0,1012.0,False,29.7,333,2.2,2022,2,Saudi Arabian Grand Prix
0 days 00:09:01.223000,25.4,64.0,1012.0,False,29.7,338,2.5,2022,2,Saudi Arabian Grand Prix
0 days 00:10:01.222000,25.4,64.0,1012.2,False,29.7,6,2.5,2022,2,Saudi Arabian Grand Prix
0 days 00:11:01.223000,25.4,64.0,1012.2,False,29.8,324,2.2,2022,2,Saudi Arabian Grand Prix
0 days 00:12:01.278000,25.4,65.0,1012.2,False,29.8,344,2.0,2022,2,Saudi Arabian Grand Prix
0 days 00:13:01.261000,25.4,64.0,1012.0,False,29.8,341,3.0,2022,2,Saudi Arabian Grand Prix
0 days 00:14:01.307000,25.3,64.0,1012.2,False,29.6,0,3.0,2022,2,Saudi Arabian Grand Prix
0 days 00:15:01.273000,25.3,64.0,1012.2,False,29.3,330,2.5,2022,2,Saudi Arabian Grand Prix
0 days 00:16:01.269000,25.3,64.0,1012.2,False,29.6,348,2.5,2022,2,Saudi Arabian Grand Prix
0 days 00:17:01.269000,25.3,64.0,1012.4,False,29.5,355,2.7,2022,2,Saudi Arabian Grand Prix
0 days 00:18:01.268000,25.3,64.0,1012.4,False,29.4,339,2.9,2022,2,Saudi Arabian Grand Prix
0 days 00:19:01.269000,25.3,64.0,1012.2,False,29.5,342,2.2,2022,2,Saudi Arabian Grand Prix
0 days 00:20:01.271000,25.3,63.0,1012.4,False,29.5,344,2.7,2022,2,Saudi Arabian Grand Prix
0 days 00:21:01.270000,25.3,63.0,1012.2,False,29.5,357,2.9,2022,2,Saudi Arabian Grand Prix
0 days 00:22:01.284000,25.3,63.0,1012.2,False,29.3,3,2.5,2022,2,Saudi Arabian Grand Prix
0 days 00:23:01.300000,25.3,63.0,1012.4,False,29.3,346,2.5,2022,2,Saudi Arabian Grand Prix
0 days 00:24:01.285000,25.5,62.0,1012.4,False,29.3,340,2.7,2022,2,Saudi Arabian Grand Prix
0 days 00:25:01.287000,25.5,62.0,1012.4,False,29.6,323,3.4,2022,2,Saudi Arabian Grand Prix
0 days 00:26:01.285000,25.6,62.0,1012.2,False,29.5,351,2.5,2022,2,Saudi Arabian Grand Prix
0 days 00:27:01.285000,25.6,61.0,1012.5,False,29.6,329,2.7,2022,2,Saudi Arabian Grand Prix
0 days 00:28:01.287000,25.6,61.0,1012.4,False,29.4,347,3.5,2022,2,Saudi Arabian Grand Prix
0 days 00:29:01.283000,25.6,61.0,1012.4,False,29.3,346,2.9,2022,2,Saudi Arabian Grand Prix
0 days 00:30:01.303000,25.5,61.0,1012.4,False,29.1,337,3.0,2022,2,Saudi Arabian Grand Prix
0 days 00:31:01.310000,25.5,61.0,1012.4,False,29.1,337,3.0,2022,2,Saudi Arabian Grand Prix
0 days 00:32:01.309000,25.4,60.0,1012.4,False,29.6,347,2.7,2022,2,Saudi Arabian Grand Prix
0 days 00:33:01.311000,25.4,60.0,1012.5,False,29.3,358,3.2,2022,2,Saudi Arabian Grand Prix
0 days 00:34:01.319000,25.5,61.0,1012.4,False,29.3,357,3.2,2022,2,Saudi Arabian Grand Prix
0 days 00:35:01.317000,25.4,61.0,1012.5,False,29.3,351,3.7,2022,2,Saudi Arabian Grand Prix
0 days 00:36:01.316000,25.4,61.0,1012.5,False,29.0,347,3.4,2022,2,Saudi Arabian Grand Prix
0 days 00:37:01.317000,25.4,62.0,1012.4,False,28.7,346,3.0,2022,2,Saudi Arabian Grand Prix
0 days 00:38:01.322000,25.4,62.0,1012.5,False,28.7,345,3.0,2022,2,Saudi Arabian Grand Prix
0 days 00:39:01.323000,25.4,62.0,1012.5,False,29.1,345,3.0,2022,2,Saudi Arabian Grand Prix
0 days 00:40:01.350000,25.4,62.0,1012.5,False,29.1,348,2.5,2022,2,Saudi Arabian Grand Prix
0 days 00:41:01.348000,25.4,62.0,1012.5,False,29.1,348,2.5,2022,2,Saudi Arabian Grand Prix
0 days 00:42:01.348000,25.3,61.0,1012.5,False,28.8,330,3.0,2022,2,Saudi Arabian Grand Prix
0 days 00:43:01.376000,25.4,61.0,1012.5,False,28.9,336,2.7,2022,2,Saudi Arabian Grand Prix
0 days 00:44:01.358000,25.4,62.0,1012.5,False,28.7,351,2.5,2022,2,Saudi Arabian Grand Prix
0 days 00:45:01.347000,25.3,61.0,1012.5,False,28.7,357,2.4,2022,2,Saudi Arabian Grand Prix
0 days 00:46:01.350000,25.3,61.0,1012.5,False,28.8,338,2.2,2022,2,Saudi Arabian Grand Prix
0 days 00:47:01.354000,25.4,61.0,1012.5,False,28.8,344,2.7,2022,2,Saudi Arabian Grand Prix
0 days 00:48:01.358000,25.4,61.0,1012.5,False,28.8,345,2.7,2022,2,Saudi Arabian Grand Prix
0 days 00:49:01.350000,25.3,61.0,1012.5,False,28.8,358,2.5,2022,2,Saudi Arabian Grand Prix
0 days 00:50:01.350000,25.3,61.0,1012.5,False,28.7,328,2.5,2022,2,Saudi Arabian Grand Prix
0 days 00:51:01.359000,25.3,61.0,1012.5,False,28.6,341,2.4,2022,2,Saudi Arabian Grand Prix
0 days 00:52:01.350000,25.4,60.0,1012.5,False,28.6,352,2.7,2022,2,Saudi Arabian Grand Prix
0 days 00:53:01.351000,25.4,61.0,1012.5,False,28.5,348,2.0,2022,2,Saudi Arabian Grand Prix
0 days 00:54:01.350000,25.3,61.0,1012.7,False,28.6,335,2.5,2022,2,Saudi Arabian Grand Prix
0 days 00:55:01.342000,25.3,60.0,1012.5,False,29.0,343,2.5,2022,2,Saudi Arabian Grand Prix
0 days 00:56:01.350000,25.3,59.0,1012.7,False,29.0,333,2.0,2022,2,Saudi Arabian Grand Prix
0 days 00:57:01.348000,25.4,59.0,1012.7,False,29.0,333,2.0,2022,2,Saudi Arabian Grand Prix
0 days 00:58:01.350000,25.4,59.0,1012.7,False,28.9,351,2.5,2022,2,Saudi Arabian Grand Prix
0 days 00:59:01.354000,25.4,58.0,1012.7,False,28.7,333,2.2,2022,2,Saudi Arabian Grand Prix
0 days 01:00:01.348000,25.3,58.0,1012.7,False,28.5,341,2.0,2022,2,Saudi Arabian Grand Prix
0 days 01:01:01.351000,25.3,58.0,1012.7,False,28.5,351,2.2,2022,2,Saudi Arabian Grand Prix
0 days 01:02:01.347000,25.3,58.0,1012.7,False,28.6,326,1.8,2022,2,Saudi Arabian Grand Prix
0 days 01:03:01.348000,25.3,58.0,1012.5,False,28.6,333,2.5,2022,2,Saudi Arabian Grand Prix
0 days 01:04:01.359000,25.4,58.0,1012.5,False,28.6,343,3.5,2022,2,Saudi Arabian Grand Prix
0 days 01:05:01.355000,25.4,58.0,1012.5,False,28.5,352,3.5,2022,2,Saudi Arabian Grand Prix
0 days 01:06:01.352000,25.4,58.0,1012.7,False,28.5,343,1.8,2022,2,Saudi Arabian Grand Prix
0 days 01:07:01.350000,25.5,58.0,1012.5,False,28.5,356,3.4,2022,2,Saudi Arabian Grand Prix
0 days 01:08:01.350000,25.5,58.0,1012.7,False,28.5,320,3.5,2022,2,Saudi Arabian Grand Prix
0 days 01:09:01.350000,25.6,58.0,1012.7,False,28.2,348,3.5,2022,2,Saudi Arabian Grand Prix
0 days 01:10:01.361000,25.6,59.0,1012.7,False,28.2,338,2.2,2022,2,Saudi Arabian Grand Prix
0 days 01:11:01.348000,25.5,59.0,1012.7,False,28.5,348,1.6,2022,2,Saudi Arabian Grand Prix
0 days 01:12:01.361000,25.5,59.0,1012.7,False,28.5,161,2.4,2022,2,Saudi Arabian Grand Prix
0 days 01:13:01.350000,25.5,60.0,1012.7,False,28.6,340,1.8,2022,2,Saudi Arabian Grand Prix
0 days 01:14:01.364000,25.6,60.0,1012.9,False,28.2,339,2.4,2022,2,Saudi Arabian Grand Prix
0 days 01:15:01.350000,25.5,61.0,1012.7,False,28.4,342,2.9,2022,2,Saudi Arabian Grand Prix
0 days 01:16:01.390000,25.5,61.0,1012.9,False,28.1,330,2.5,2022,2,Saudi Arabian Grand Prix
0 days 01:17:01.355000,25.5,61.0,1012.9,False,28.3,314,2.2,2022,2,Saudi Arabian Grand Prix
0 days 01:18:01.348000,25.5,60.0,1012.7,False,28.4,334,1.2,2022,2,Saudi Arabian Grand Prix
0 days 01:19:01.354000,25.5,60.0,1012.9,False,28.4,339,1.8,2022,2,Saudi Arabian Grand Prix
0 days 01:20:01.351000,25.5,60.0,1012.9,False,28.5,319,1.8,2022,2,Saudi Arabian Grand Prix
0 days 01:21:01.350000,25.5,59.0,1012.9,False,28.4,343,1.6,2022,2,Saudi Arabian Grand Prix
0 days 01:22:01.351000,25.5,59.0,1012.9,False,28.4,25,1.6,2022,2,Saudi Arabian Grand Prix
0 days 01:23:01.350000,25.5,59.0,1012.9,False,28.3,329,2.2,2022,2,Saudi Arabian Grand Prix
0 days 01:24:01.353000,25.5,59.0,1012.9,False,28.3,328,2.5,2022,2,Saudi Arabian Grand Prix
0 days 01:25:01.352000,25.6,59.0,1013.0,False,28.2,343,2.0,2022,2,Saudi Arabian Grand Prix
0 days 01:26:01.351000,25.6,59.0,1013.0,False,28.4,331,2.2,2022,2,Saudi Arabian Grand Prix
0 days 01:27:01.361000,25.5,59.0,1013.0,False,28.3,345,3.0,2022,2,Saudi Arabian Grand Prix
0 days 01:28:01.361000,25.6,59.0,1013.0,False,28.3,355,2.7,2022,2,Saudi Arabian Grand Prix
0 days 01:29:01.360000,25.5,59.0,1012.9,False,28.2,357,2.0,2022,2,Saudi Arabian Grand Prix
0 days 01:30:01.351000,25.5,59.0,1013.0,False,28.0,352,2.5,2022,2,Saudi Arabian Grand Prix
0 days 01:31:01.355000,25.5,59.0,1012.9,False,27.9,330,2.2,2022,2,Saudi Arabian Grand Prix
0 days 01:32:01.353000,25.4,59.0,1012.9,False,27.9,352,2.5,2022,2,Saudi Arabian Grand Prix
0 days 01:33:01.359000,25.4,59.0,1013.0,False,28.2,344,2.0,2022,2,Saudi Arabian Grand Prix
0 days 01:34:01.380000,25.4,59.0,1012.9,False,28.2,329,2.9,2022,2,Saudi Arabian Grand Prix
0 days 01:35:01.399000,25.4,60.0,1013.0,False,28.1,334,2.2,2022,2,Saudi Arabian Grand Prix
0 days 01:36:01.402000,25.4,60.0,1013.0,False,28.1,331,1.2,2022,2,Saudi Arabian Grand Prix
0 days 01:37:01.402000,25.4,59.0,1013.0,False,28.2,344,1.7,2022,2,Saudi Arabian Grand Prix
0 days 01:38:01.399000,25.4,60.0,1013.0,False,28.2,132,1.8,2022,2,Saudi Arabian Grand Prix
0 days 01:39:01.401000,25.4,60.0,1013.0,False,27.9,345,1.0,2022,2,Saudi Arabian Grand Prix
0 days 01:40:01.412000,25.4,60.0,1013.0,False,27.8,319,1.6,2022,2,Saudi Arabian Grand Prix
0 days 01:41:01.431000,25.4,60.0,1013.0,False,27.7,15,1.5,2022,2,Saudi Arabian Grand Prix
0 days 01:42:01.444000,25.4,60.0,1013.0,False,27.7,148,1.6,2022,2,Saudi Arabian Grand Prix
0 days 01:43:01.459000,25.4,59.0,1013.0,False,28.1,341,2.2,2022,2,Saudi Arabian Grand Prix
0 days 01:44:01.475000,25.4,59.0,1013.2,False,27.9,337,1.3,2022,2,Saudi Arabian Grand Prix
0 days 01:45:01.478000,25.5,59.0,1013.0,False,27.8,336,2.0,2022,2,Saudi Arabian Grand Prix
0 days 01:46:01.480000,25.4,59.0,1013.0,False,27.8,288,2.2,2022,2,Saudi Arabian Grand Prix
0 days 01:47:01.479000,25.4,60.0,1013.0,False,27.8,11,1.8,2022,2,Saudi Arabian Grand Prix
0 days 01:48:01.494000,25.4,59.0,1013.0,False,27.8,344,1.7,2022,2,Saudi Arabian Grand Prix
0 days 01:49:01.499000,25.5,59.0,1013.0,False,27.8,359,2.7,2022,2,Saudi Arabian Grand Prix
0 days 01:50:01.497000,25.5,59.0,1013.2,False,27.8,16,2.5,2022,2,Saudi Arabian Grand Prix
0 days 01:51:01.498000,25.5,59.0,1013.2,False,27.8,328,2.2,2022,2,Saudi Arabian Grand Prix
0 days 01:52:01.508000,25.5,59.0,1013.2,False,27.7,326,2.2,2022,2,Saudi Arabian Grand Prix
0 days 01:53:01.524000,25.5,59.0,1013.2,False,27.8,311,1.7,2022,2,Saudi Arabian Grand Prix
0 days 01:54:01.538000,25.5,58.0,1013.2,False,27.8,344,1.2,2022,2,Saudi Arabian Grand Prix
0 days 01:55:01.542000,25.5,57.0,1013.2,False,27.8,342,2.2,2022,2,Saudi Arabian Grand Prix
0 days 01:56:01.539000,25.5,57.0,1013.2,False,27.9,329,2.7,2022,2,Saudi Arabian Grand Prix
0 days 01:57:01.557000,25.5,57.0,1013.2,False,27.7,349,2.9,2022,2,Saudi Arabian Grand Prix
0 days 01:58:01.580000,25.5,58.0,1013.0,False,27.4,294,2.0,2022,2,Saudi Arabian Grand Prix
0 days 01:59:01.582000,25.4,57.0,1013.2,False,27.6,311,1.8,2022,2,Saudi Arabian Grand Prix
0 days 02:00:01.601000,25.5,57.0,1013.2,False,27.7,341,1.7,2022,2,Saudi Arabian Grand Prix
0 days 02:01:01.607000,25.5,57.0,1013.4,False,27.7,33,2.7,2022,2,Saudi Arabian Grand Prix
0 days 02:02:01.603000,25.5,57.0,1013.2,False,27.6,342,1.7,2022,2,Saudi Arabian Grand Prix
0 days 02:03:01.635000,25.5,57.0,1013.2,False,27.6,300,1.7,2022,2,Saudi Arabian Grand Prix
0 days 02:04:01.634000,25.5,57.0,1013.2,False,27.5,0,2.0,2022,2,Saudi Arabian Grand Prix
0 days 02:05:01.650000,25.5,56.0,1013.2,False,27.5,326,1.7,2022,2,Saudi Arabian Grand Prix
0 days 02:06:01.653000,25.5,56.0,1013.4,False,27.6,329,2.7,2022,2,Saudi Arabian Grand Prix
0 days 02:07:01.663000,25.5,56.0,1013.2,False,27.5,340,1.7,2022,2,Saudi Arabian Grand Prix
0 days 02:08:01.681000,25.5,56.0,1013.2,False,27.5,340,1.8,2022,2,Saudi Arabian Grand Prix
0 days 02:09:01.698000,25.5,56.0,1013.2,False,27.5,354,1.7,2022,2,Saudi Arabian Grand Prix
0 days 02:10:01.700000,25.5,56.0,1013.2,False,27.5,332,3.5,2022,2,Saudi Arabian Grand Prix
0 days 02:11:01.702000,25.5,56.0,1013.2,False,27.5,5,2.9,2022,2,Saudi Arabian Grand Prix
0 days 02:12:01.703000,25.4,57.0,1013.2,False,27.5,349,1.7,2022,2,Saudi Arabian Grand Prix
0 days 02:13:01.704000,25.3,57.0,1013.2,False,27.4,351,2.4,2022,2,Saudi Arabian Grand Prix
0 days 02:14:01.705000,25.4,56.0,1013.2,False,27.4,351,2.7,2022,2,Saudi Arabian Grand Prix
0 days 02:15:01.713000,25.3,56.0,1013.2,False,27.4,338,1.6,2022,2,Saudi Arabian Grand Prix
0 days 02:16:01.729000,25.4,57.0,1013.2,False,27.4,20,2.0,2022,2,Saudi Arabian Grand Prix
0 days 02:17:01.734000,25.4,56.0,1013.2,False,27.3,24,1.6,2022,2,Saudi Arabian Grand Prix
0 days 02:18:01.732000,25.4,56.0,1013.2,False,27.4,324,4.0,2022,2,Saudi Arabian Grand Prix
0 days 02:19:01.728000,25.4,57.0,1013.2,False,27.3,325,2.5,2022,2,Saudi Arabian Grand Prix
0 days 02:20:01.727000,25.3,57.0,1013.2,False,27.3,320,1.8,2022,2,Saudi Arabian Grand Prix
0 days 02:21:01.743000,25.3,56.0,1013.4,False,27.3,338,1.1,2022,2,Saudi Arabian Grand Prix
0 days 02:22:01.766000,25.4,56.0,1013.2,False,27.6,0,2.0,2022,2,Saudi Arabian Grand Prix
0 days 02:23:01.805000,25.4,56.0,1013.2,False,27.5,296,1.7,2022,2,Saudi Arabian Grand Prix
0 days 02:24:01.782000,25.5,56.0,1013.2,False,27.5,322,2.2,2022,2,Saudi Arabian Grand Prix
0 days 02:25:01.775000,25.4,57.0,1013.2,False,27.3,331,3.2,2022,2,Saudi Arabian Grand Prix
0 days 02:26:01.775000,25.4,57.0,1013.4,False,27.3,333,2.4,2022,2,Saudi Arabian Grand Prix
0 days 02:27:01.776000,25.4,57.0,1013.4,False,27.3,333,2.4,2022,2,Saudi Arabian Grand Prix
0 days 02:28:01.776000,25.4,57.0,1013.4,False,27.3,340,2.2,2022,2,Saudi Arabian Grand Prix
0 days 02:29:01.790000,25.4,57.0,1013.5,False,27.5,341,2.4,2022,2,Saudi Arabian Grand Prix
0 days 02:30:01.802000,25.4,57.0,1013.4,False,27.4,334,1.8,2022,2,Saudi Arabian Grand Prix
0 days 02:31:01.801000,25.3,57.0,1013.5,False,27.3,342,1.1,2022,2,Saudi Arabian Grand Prix
0 days 02:32:01.807000,25.3,57.0,1013.5,False,27.2,8,2.4,2022,2,Saudi Arabian Grand Prix
0 days 00:00:27.733000,26.0,48.0,1014.5,False,40.6,299,2.9,2022,3,Australian Grand Prix
0 days 00:01:27.730000,25.9,48.0,1014.5,False,40.6,284,2.5,2022,3,Australian Grand Prix
0 days 00:02:27.732000,25.9,48.0,1014.5,False,40.6,342,2.4,2022,3,Australian Grand Prix
0 days 00:03:27.735000,25.9,48.0,1014.5,False,40.7,295,2.4,2022,3,Australian Grand Prix
0 days 00:04:27.764000,25.8,48.0,1014.5,False,41.2,289,2.7,2022,3,Australian Grand Prix
0 days 00:05:27.774000,25.9,47.0,1014.5,False,41.0,291,4.4,2022,3,Australian Grand Prix
0 days 00:06:27.786000,25.9,48.0,1014.5,False,41.1,282,2.2,2022,3,Australian Grand Prix
0 days 00:07:27.779000,25.9,48.0,1014.5,False,41.1,311,2.2,2022,3,Australian Grand Prix
0 days 00:08:27.775000,25.9,48.0,1014.5,False,41.1,291,2.4,2022,3,Australian Grand Prix
0 days 00:09:27.800000,26.1,47.0,1014.5,False,41.2,304,2.5,2022,3,Australian Grand Prix
0 days 00:10:27.776000,26.0,48.0,1014.5,False,40.7,328,1.8,2022,3,Australian Grand Prix
0 days 00:11:27.775000,26.0,48.0,1014.5,False,40.3,288,1.7,2022,3,Australian Grand Prix
0 days 00:12:27.785000,26.1,48.0,1014.5,False,40.4,297,1.7,2022,3,Australian Grand Prix
0 days 00:13:27.778000,26.2,47.0,1014.5,False,40.3,280,1.7,2022,3,Australian Grand Prix
0 days 00:14:27.765000,26.2,47.0,1014.4,False,40.5,324,2.2,2022,3,Australian Grand Prix
0 days 00:15:27.789000,26.2,46.0,1014.4,False,40.6,297,2.5,2022,3,Australian Grand Prix
0 days 00:16:27.774000,26.1,47.0,1014.4,False,40.3,294,1.7,2022,3,Australian Grand Prix
0 days 00:17:27.784000,26.1,46.0,1014.4,False,40.1,299,2.2,2022,3,Australian Grand Prix
0 days 00:18:27.775000,26.1,47.0,1014.4,False,40.1,272,2.0,2022,3,Australian Grand Prix
0 days 00:19:27.775000,26.0,46.0,1014.4,False,40.0,293,2.5,2022,3,Australian Grand Prix
0 days 00:20:27.775000,26.1,47.0,1014.4,False,40.3,290,3.0,2022,3,Australian Grand Prix
0 days 00:21:27.786000,26.1,46.0,1014.4,False,40.5,299,2.5,2022,3,Australian Grand Prix
0 days 00:22:27.785000,26.2,46.0,1014.4,False,40.8,290,2.4,2022,3,Australian Grand Prix
0 days 00:23:27.775000,26.2,46.0,1014.5,False,40.8,285,2.4,2022,3,Australian Grand Prix
0 days 00:24:27.773000,26.3,46.0,1014.2,False,40.8,283,2.2,2022,3,Australian Grand Prix
0 days 00:25:27.792000,26.5,46.0,1014.2,False,40.7,312,2.0,2022,3,Australian Grand Prix
0 days 00:26:27.786000,26.7,45.0,1014.4,False,40.7,333,2.5,2022,3,Australian Grand Prix
0 days 00:27:27.780000,26.6,46.0,1014.4,False,40.7,305,2.0,2022,3,Australian Grand Prix
0 days 00:28:27.784000,26.5,46.0,1014.5,False,40.0,311,1.6,2022,3,Australian Grand Prix
0 days 00:29:27.778000,26.8,45.0,1014.2,False,40.1,328,2.0,2022,3,Australian Grand Prix
0 days 00:30:27.797000,26.9,45.0,1014.4,False,40.4,311,1.2,2022,3,Australian Grand Prix
0 days 00:31:27.784000,27.0,45.0,1014.4,False,40.2,303,1.8,2022,3,Australian Grand Prix
0 days 00:32:27.776000,26.9,45.0,1014.4,False,40.2,280,2.2,2022,3,Australian Grand Prix
0 days 00:33:27.778000,26.8,45.0,1014.4,False,40.6,333,2.7,2022,3,Australian Grand Prix
0 days 00:34:27.785000,26.8,44.0,1014.4,False,40.9,288,2.4,2022,3,Australian Grand Prix
0 days 00:35:27.783000,26.8,44.0,1014.4,False,40.1,311,3.4,2022,3,Australian Grand Prix
0 days 00:36:27.781000,26.6,44.0,1014.4,False,40.0,279,3.2,2022,3,Australian Grand Prix
0 days 00:37:27.767000,26.5,45.0,1014.5,False,39.4,293,3.2,2022,3,Australian Grand Prix
0 days 00:38:27.775000,26.4,44.0,1014.5,False,39.2,275,2.5,2022,3,Australian Grand Prix
0 days 00:39:27.775000,26.4,44.0,1014.5,False,39.2,321,1.2,2022,3,Australian Grand Prix
0 days 00:40:27.794000,26.4,44.0,1014.4,False,36.0,328,1.7,2022,3,Australian Grand Prix
0 days 00:41:27.822000,26.3,45.0,1014.5,False,36.0,280,2.0,2022,3,Australian Grand Prix
0 days 00:42:27.823000,26.4,44.0,1014.4,False,35.4,287,1.7,2022,3,Australian Grand Prix
0 days 00:43:27.826000,26.3,45.0,1014.5,False,34.0,304,2.2,2022,3,Australian Grand Prix
0 days 00:44:27.830000,26.2,45.0,1014.5,False,34.0,289,2.5,2022,3,Australian Grand Prix
0 days 00:45:27.825000,26.2,43.0,1014.5,False,31.9,291,4.0,2022,3,Australian Grand Prix
0 days 00:46:27.840000,26.1,44.0,1014.4,False,31.9,290,2.4,2022,3,Australian Grand Prix
0 days 00:47:27.855000,26.1,45.0,1014.4,False,35.5,282,2.0,2022,3,Australian Grand Prix
0 days 00:48:27.863000,26.3,45.0,1014.5,False,38.5,290,2.0,2022,3,Australian Grand Prix
0 days 00:49:27.853000,26.2,45.0,1014.4,False,38.5,288,1.8,2022,3,Australian Grand Prix
0 days 00:50:27.857000,26.3,44.0,1014.4,False,38.9,316,2.7,2022,3,Australian Grand Prix
0 days 00:51:27.854000,26.4,45.0,1014.4,False,38.9,309,1.5,2022,3,Australian Grand Prix
0 days 00:52:27.853000,26.5,44.0,1014.5,False,39.2,291,2.0,2022,3,Australian Grand Prix
0 days 00:53:27.855000,26.6,44.0,1014.4,False,39.2,307,2.7,2022,3,Australian Grand Prix
0 days 00:54:27.854000,26.5,44.0,1014.4,False,39.0,291,2.7,2022,3,Australian Grand Prix
0 days 00:55:27.866000,26.7,44.0,1014.2,False,39.1,307,2.7,2022,3,Australian Grand Prix
0 days 00:56:27.858000,26.7,44.0,1014.4,False,39.6,313,2.2,2022,3,Australian Grand Prix
0 days 00:57:27.864000,26.7,44.0,1014.4,False,39.6,298,2.2,2022,3,Australian Grand Prix
0 days 00:58:27.873000,26.7,44.0,1014.4,False,39.8,279,2.4,2022,3,Australian Grand Prix
0 days 00:59:27.870000,26.7,43.0,1014.4,False,39.8,282,1.6,2022,3,Australian Grand Prix
0 days 01:00:27.913000,26.7,43.0,1014.4,False,39.8,300,2.7,2022,3,Australian Grand Prix
0 days 01:01:27.916000,26.7,43.0,1014.4,False,39.4,319,2.2,2022,3,Australian Grand Prix
0 days 01:02:27.901000,26.6,44.0,1014.4,False,39.3,312,1.7,2022,3,Australian Grand Prix
0 days 01:03:27.903000,26.6,44.0,1014.4,False,39.3,299,1.8,2022,3,Australian Grand Prix
0 days 01:04:27.920000,26.6,43.0,1014.4,False,39.1,285,2.5,2022,3,Australian Grand Prix
0 days 01:05:27.919000,26.6,43.0,1014.4,False,39.0,311,2.7,2022,3,Australian Grand Prix
0 days 01:06:27.943000,26.6,43.0,1014.5,False,38.4,264,1.6,2022,3,Australian Grand Prix
0 days 01:07:27.949000,26.5,43.0,1014.4,False,38.1,312,2.0,2022,3,Australian Grand Prix
0 days 01:08:27.946000,26.6,44.0,1014.5,False,37.9,286,2.0,2022,3,Australian Grand Prix
0 days 01:09:27.954000,26.5,44.0,1014.5,False,37.4,302,2.5,2022,3,Australian Grand Prix
0 days 01:10:27.966000,26.4,44.0,1014.4,False,36.8,312,2.7,2022,3,Australian Grand Prix
0 days 01:11:27.949000,26.3,44.0,1014.4,False,36.7,307,2.0,2022,3,Australian Grand Prix
0 days 01:12:27.965000,26.2,44.0,1014.4,False,36.7,312,2.4,2022,3,Australian Grand Prix
0 days 01:13:27.947000,26.1,44.0,1014.4,False,36.6,309,2.5,2022,3,Australian Grand Prix
0 days 01:14:27.947000,26.1,45.0,1014.5,False,36.3,287,1.6,2022,3,Australian Grand Prix
0 days 01:15:27.956000,26.2,45.0,1014.4,False,36.2,296,2.0,2022,3,Australian Grand Prix
0 days 01:16:27.993000,26.3,45.0,1014.4,False,36.2,311,1.7,2022,3,Australian Grand Prix
0 days 01:17:27.951000,26.4,44.0,1014.2,False,36.2,180,1.5,2022,3,Australian Grand Prix
0 days 01:18:27.950000,26.6,44.0,1014.4,False,36.1,260,0.6,2022,3,Australian Grand Prix
0 days 01:19:27.963000,26.6,45.0,1014.4,False,36.2,311,1.2,2022,3,Australian Grand Prix
0 days 01:20:27.963000,26.6,45.0,1014.5,False,36.2,317,2.0,2022,3,Australian Grand Prix
0 days 01:21:27.984000,26.6,44.0,1014.2,False,36.7,340,1.3,2022,3,Australian Grand Prix
0 days 01:22:27.981000,26.6,44.0,1014.2,False,37.2,295,2.5,2022,3,Australian Grand Prix
0 days 01:23:27.979000,26.6,44.0,1014.5,False,37.5,321,1.5,2022,3,Australian Grand Prix
0 days 01:24:27.978000,26.7,43.0,1014.2,False,37.7,20,1.7,2022,3,Australian Grand Prix
0 days 01:25:27.979000,26.9,44.0,1014.2,False,37.5,346,0.5,2022,3,Australian Grand Prix
0 days 01:26:27.981000,26.9,43.0,1014.2,False,36.8,307,0.5,2022,3,Australian Grand Prix
0 days 01:27:27.982000,27.0,43.0,1014.2,False,37.6,0,0.6,2022,3,Australian Grand Prix
0 days 01:28:28.016000,27.1,43.0,1014.2,False,37.7,165,0.4,2022,3,Australian Grand Prix
0 days 01:29:27.981000,27.1,42.0,1014.2,False,37.0,321,1.1,2022,3,Australian Grand Prix
0 days 01:30:27.982000,26.9,43.0,1014.2,False,36.4,37,1.6,2022,3,Australian Grand Prix
0 days 01:31:27.982000,26.8,44.0,1014.2,False,36.4,335,1.7,2022,3,Australian Grand Prix
0 days 01:32:27.998000,26.7,44.0,1014.2,False,36.6,322,1.0,2022,3,Australian Grand Prix
0 days 01:33:27.979000,26.7,44.0,1014.2,False,36.7,313,1.6,2022,3,Australian Grand Prix
0 days 01:34:27.984000,26.6,44.0,1014.2,False,36.8,343,2.0,2022,3,Australian Grand Prix
0 days 01:35:27.989000,26.8,44.0,1014.2,False,36.8,317,1.0,2022,3,Australian Grand Prix
0 days 01:36:27.986000,27.0,43.0,1014.2,False,36.5,315,1.3,2022,3,Australian Grand Prix
0 days 01:37:27.981000,27.1,43.0,1014.2,False,36.5,349,2.0,2022,3,Australian Grand Prix
0 days 01:38:27.983000,27.0,43.0,1014.2,False,36.6,283,1.2,2022,3,Australian Grand Prix
0 days 01:39:27.994000,27.1,43.0,1014.2,False,36.6,334,1.2,2022,3,Australian Grand Prix
0 days 01:40:27.981000,27.1,43.0,1014.2,False,37.0,329,1.3,2022,3,Australian Grand Prix
0 days 01:41:27.982000,27.2,43.0,1014.0,False,37.0,316,1.8,2022,3,Australian Grand Prix
0 days 01:42:27.980000,27.1,43.0,1014.0,False,36.6,335,1.8,2022,3,Australian Grand Prix
0 days 01:43:27.998000,27.2,43.0,1014.0,False,36.5,323,2.0,2022,3,Australian Grand Prix
0 days 01:44:27.983000,27.0,43.0,1014.0,False,36.4,300,2.0,2022,3,Australian Grand Prix
0 days 01:45:27.980000,27.0,44.0,1014.0,False,36.5,240,1.7,2022,3,Australian Grand Prix
0 days 01:46:27.985000,27.0,43.0,1014.2,False,36.5,265,1.0,2022,3,Australian Grand Prix
0 days 01:47:27.979000,27.0,42.0,1014.0,False,36.7,298,1.8,2022,3,Australian Grand Prix
0 days 01:48:27.980000,26.9,43.0,1014.0,False,36.3,320,1.8,2022,3,Australian Grand Prix
0 days 01:49:27.988000,27.0,42.0,1014.0,False,36.4,286,1.6,2022,3,Australian Grand Prix
0 days 01:50:27.978000,27.0,42.0,1014.0,False,36.4,158,1.7,2022,3,Australian Grand Prix
0 days 01:51:27.978000,27.0,42.0,1014.0,False,36.1,332,1.7,2022,3,Australian Grand Prix
0 days 01:52:27.979000,27.1,42.0,1014.0,False,36.2,308,2.0,2022,3,Australian Grand Prix
0 days 01:53:27.984000,27.0,42.0,1014.0,False,36.2,210,2.2,2022,3,Australian Grand Prix
0 days 01:54:28.001000,27.0,42.0,1014.0,False,36.2,336,1.6,2022,3,Australian Grand Prix
0 days 01:55:27.981000,27.0,42.0,1014.0,False,35.9,202,1.7,2022,3,Australian Grand Prix
0 days 01:56:27.995000,27.0,42.0,1014.0,False,35.9,313,0.6,2022,3,Australian Grand Prix
0 days 01:57:27.988000,27.1,42.0,1014.0,False,36.1,154,1.2,2022,3,Australian Grand Prix
0 days 01:58:27.986000,27.2,42.0,1014.0,False,36.1,0,0.6,2022,3,Australian Grand Prix
0 days 01:59:27.980000,27.3,41.0,1014.0,False,35.9,128,1.3,2022,3,Australian Grand Prix
0 days 02:00:27.983000,27.3,41.0,1014.0,False,35.9,159,1.1,2022,3,Australian Grand Prix
0 days 02:01:27.981000,27.4,41.0,1014.0,False,35.9,320,0.8,2022,3,Australian Grand Prix
0 days 02:02:27.981000,27.3,40.0,1014.0,False,35.9,339,1.7,2022,3,Australian Grand Prix
0 days 02:03:27.981000,27.3,41.0,1014.0,False,35.5,332,1.7,2022,3,Australian Grand Prix
0 days 02:04:27.981000,27.2,41.0,1014.0,False,35.5,324,2.0,2022,3,Australian Grand Prix
0 days 02:05:28.009000,27.2,42.0,1014.0,False,35.5,286,2.0,2022,3,Australian Grand Prix
0 days 02:06:27.979000,27.1,41.0,1014.0,False,35.5,324,1.8,2022,3,Australian Grand Prix
0 days 02:07:27.980000,27.1,42.0,1014.0,False,35.5,338,2.2,2022,3,Australian Grand Prix
0 days 02:08:27.982000,27.0,41.0,1013.9,False,35.5,284,2.4,2022,3,Australian Grand Prix
0 days 02:09:27.993000,27.1,42.0,1014.0,False,35.4,348,2.4,2022,3,Australian Grand Prix
0 days 02:10:27.981000,27.0,42.0,1014.0,False,35.4,313,1.7,2022,3,Australian Grand Prix
0 days 02:11:27.986000,27.0,42.0,1014.0,False,35.4,320,2.0,2022,3,Australian Grand Prix
0 days 02:12:27.981000,27.0,42.0,1014.0,False,35.2,183,1.2,2022,3,Australian Grand Prix
0 days 02:13:27.999000,27.1,42.0,1014.0,False,35.2,150,0.8,2022,3,Australian Grand Prix
0 days 02:14:27.986000,27.1,41.0,1014.0,False,35.2,73,1.2,2022,3,Australian Grand Prix
0 days 02:15:28.087000,27.1,41.0,1014.0,False,35.2,143,0.6,2022,3,Australian Grand Prix
0 days 02:16:27.983000,27.1,40.0,1013.9,False,35.2,154,0.8,2022,3,Australian Grand Prix
0 days 02:17:27.982000,27.1,41.0,1014.0,False,35.2,152,1.2,2022,3,Australian Grand Prix
0 days 02:18:27.981000,27.1,40.0,1013.9,False,35.1,178,0.8,2022,3,Australian Grand Prix
0 days 02:19:27.982000,27.1,40.0,1014.0,False,35.0,105,1.2,2022,3,Australian Grand Prix
0 days 02:20:27.983000,27.1,40.0,1014.0,False,34.9,0,0.8,2022,3,Australian Grand Prix
0 days 02:21:27.983000,27.1,40.0,1014.0,False,34.7,322,1.0,2022,3,Australian Grand Prix
0 days 02:22:28.008000,27.2,41.0,1014.0,False,34.7,0,0.8,2022,3,Australian Grand Prix
0 days 02:23:27.998000,27.2,40.0,1013.9,False,34.8,149,0.4,2022,3,Australian Grand Prix
0 days 02:24:27.987000,27.2,41.0,1014.0,False,34.7,8,0.8,2022,3,Australian Grand Prix
0 days 02:25:27.990000,27.3,40.0,1014.0,False,34.5,275,1.2,2022,3,Australian Grand Prix
0 days 02:26:27.993000,27.4,41.0,1014.0,False,34.4,167,0.8,2022,3,Australian Grand Prix
0 days 02:27:27.987000,27.2,41.0,1014.0,False,34.2,342,1.0,2022,3,Australian Grand Prix
0 days 02:28:27.981000,27.3,41.0,1014.0,False,34.2,314,0.8,2022,3,Australian Grand Prix
0 days 02:29:27.992000,27.3,41.0,1014.0,False,33.9,316,1.1,2022,3,Australian Grand Prix
0 days 02:30:27.988000,27.3,41.0,1014.0,False,34.0,147,1.2,2022,3,Australian Grand Prix
0 days 02:31:27.982000,27.3,42.0,1014.0,False,34.0,318,1.2,2022,3,Australian Grand Prix
0 days 02:32:27.983000,27.2,42.0,1014.0,False,34.0,184,0.8,2022,3,Australian Grand Prix
0 days 02:33:27.981000,27.1,41.0,1013.9,False,34.0,285,1.5,2022,3,Australian Grand Prix
0 days 02:34:27.983000,27.1,40.0,1014.0,False,33.8,305,1.8,2022,3,Australian Grand Prix
0 days 02:35:27.985000,27.0,42.0,1014.0,False,33.4,286,2.0,2022,3,Australian Grand Prix
0 days 00:00:34.268000,11.1,91.0,1001.7,False,17.6,65,1.7,2022,4,Emilia Romagna Grand Prix
0 days 00:01:34.268000,11.1,91.0,1001.7,False,17.6,88,1.3,2022,4,Emilia Romagna Grand Prix
0 days 00:02:34.269000,11.1,91.0,1001.5,False,17.6,46,0.8,2022,4,Emilia Romagna Grand Prix
0 days 00:03:34.293000,11.2,91.0,1001.7,False,17.6,95,1.5,2022,4,Emilia Romagna Grand Prix
0 days 00:04:34.315000,11.2,91.0,1001.7,False,17.7,127,1.2,2022,4,Emilia Romagna Grand Prix
0 days 00:05:34.315000,11.1,91.0,1001.7,False,17.8,99,1.0,2022,4,Emilia Romagna Grand Prix
0 days 00:06:34.335000,11.4,92.0,1001.7,False,17.9,56,1.0,2022,4,Emilia Romagna Grand Prix
0 days 00:07:34.348000,11.4,90.0,1001.5,False,18.1,106,1.0,2022,4,Emilia Romagna Grand Prix
0 days 00:08:34.347000,11.5,91.0,1001.5,False,18.2,67,1.0,2022,4,Emilia Romagna Grand Prix
0 days 00:09:34.346000,11.6,91.0,1001.5,False,18.4,75,1.5,2022,4,Emilia Romagna Grand Prix
0 days 00:10:34.348000,11.5,91.0,1001.5,False,18.7,88,1.5,2022,4,Emilia Romagna Grand Prix
0 days 00:11:34.347000,11.6,92.0,1001.5,False,18.8,71,0.8,2022,4,Emilia Romagna Grand Prix
0 days 00:12:34.347000,11.7,91.0,1001.5,False,19.0,94,1.6,2022,4,Emilia Romagna Grand Prix
0 days 00:13:34.346000,11.7,91.0,1001.5,False,19.0,93,2.4,2022,4,Emilia Romagna Grand Prix
0 days 00:14:34.364000,11.6,90.0,1001.5,False,19.0,79,2.4,2022,4,Emilia Romagna Grand Prix
0 days 00:15:34.378000,11.6,90.0,1001.5,False,18.7,94,2.4,2022,4,Emilia Romagna Grand Prix
0 days 00:16:34.378000,11.5,91.0,1001.5,False,18.6,101,2.2,2022,4,Emilia Romagna Grand Prix
0 days 00:17:34.378000,11.6,91.0,1001.5,False,18.5,80,2.2,2022,4,Emilia Romagna Grand Prix
0 days 00:18:34.380000,11.7,91.0,1001.5,False,18.5,99,1.7,2022,4,Emilia Romagna Grand Prix
0 days 00:19:34.378000,11.7,91.0,1001.5,False,18.5,96,2.2,2022,4,Emilia Romagna Grand Prix
0 days 00:20:34.376000,11.7,91.0,1001.5,False,18.4,99,2.2,2022,4,Emilia Romagna Grand Prix
0 days 00:21:34.378000,11.7,90.0,1001.5,False,18.3,66,2.2,2022,4,Emilia Romagna Grand Prix
0 days 00:22:34.379000,11.8,90.0,1001.4,False,18.3,108,2.0,2022,4,Emilia Romagna Grand Prix
0 days 00:23:34.381000,11.8,90.0,1001.5,False,18.4,99,2.2,2022,4,Emilia Romagna Grand Prix
0 days 00:24:34.378000,11.8,90.0,1001.5,False,18.4,90,2.2,2022,4,Emilia Romagna Grand Prix
0 days 00:25:34.378000,11.9,91.0,1001.5,False,18.5,97,2.0,2022,4,Emilia Romagna Grand Prix
0 days 00:26:34.370000,11.9,90.0,1001.5,False,18.5,79,1.7,2022,4,Emilia Romagna Grand Prix
0 days 00:27:34.379000,11.9,90.0,1001.5,False,18.6,70,1.7,2022,4,Emilia Romagna Grand Prix
0 days 00:28:34.380000,12.0,90.0,1001.5,False,18.6,79,2.0,2022,4,Emilia Romagna Grand Prix
0 days 00:29:34.385000,12.2,89.0,1001.5,False,18.6,81,1.8,2022,4,Emilia Romagna Grand Prix
0 days 00:30:34.408000,12.3,90.0,1001.5,False,18.7,78,2.0,2022,4,Emilia Romagna Grand Prix
0 days 00:31:34.427000,12.3,89.0,1001.5,False,19.0,85,2.0,2022,4,Emilia Romagna Grand Prix
0 days 00:32:34.427000,12.3,89.0,1001.5,False,18.8,114,2.2,2022,4,Emilia Romagna Grand Prix
0 days 00:33:34.437000,12.2,89.0,1001.4,False,18.5,82,2.0,2022,4,Emilia Romagna Grand Prix
0 days 00:34:34.442000,12.2,89.0,1001.5,False,18.6,62,1.6,2022,4,Emilia Romagna Grand Prix
0 days 00:35:34.456000,12.2,89.0,1001.5,False,18.6,96,2.0,2022,4,Emilia Romagna Grand Prix
0 days 00:36:34.471000,12.2,89.0,1001.4,False,18.5,70,1.7,2022,4,Emilia Romagna Grand Prix
0 days 00:37:34.491000,12.3,89.0,1001.5,False,18.5,78,1.0,2022,4,Emilia Romagna Grand Prix
0 days 00:38:34.503000,12.3,89.0,1001.4,False,18.6,125,1.3,2022,4,Emilia Romagna Grand Prix
0 days 00:39:34.513000,12.3,88.0,1001.4,False,18.6,17,1.6,2022,4,Emilia Romagna Grand Prix
0 days 00:40:34.496000,12.3,88.0,1001.4,False,18.6,210,0.8,2022,4,Emilia Romagna Grand Prix
0 days 00:41:34.515000,12.4,88.0,1001.4,False,18.7,273,1.0,2022,4,Emilia Romagna Grand Prix
0 days 00:42:34.524000,12.4,88.0,1001.4,False,18.7,212,1.1,2022,4,Emilia Romagna Grand Prix
0 days 00:43:34.520000,12.6,88.0,1001.2,False,18.7,173,0.8,2022,4,Emilia Romagna Grand Prix
0 days 00:44:34.520000,12.6,88.0,1001.2,False,18.7,56,0.6,2022,4,Emilia Romagna Grand Prix
0 days 00:45:34.519000,12.7,88.0,1001.2,False,18.7,164,0.8,2022,4,Emilia Romagna Grand Prix
0 days 00:46:34.531000,12.6,87.0,1001.2,False,18.9,349,0.4,2022,4,Emilia Romagna Grand Prix
0 days 00:47:34.522000,12.7,87.0,1001.2,False,19.1,130,0.8,2022,4,Emilia Romagna Grand Prix
0 days 00:48:34.520000,12.6,87.0,1001.2,False,18.9,0,0.6,2022,4,Emilia Romagna Grand Prix
0 days 00:49:34.535000,12.6,87.0,1001.2,False,19.0,287,0.4,2022,4,Emilia Romagna Grand Prix
0 days 00:50:34.553000,12.6,86.0,1001.2,False,19.0,191,1.2,2022,4,Emilia Romagna Grand Prix
0 days 00:51:34.555000,12.6,86.0,1001.2,False,18.9,160,1.2,2022,4,Emilia Romagna Grand Prix
0 days 00:52:34.550000,12.7,85.0,1001.2,False,18.8,63,1.2,2022,4,Emilia Romagna Grand Prix
0 days 00:53:34.555000,12.7,85.0,1001.2,False,18.8,343,0.5,2022,4,Emilia Romagna Grand Prix
0 days 00:54:34.552000,12.6,84.0,1001.2,False,18.7,142,0.6,2022,4,Emilia Romagna Grand Prix
0 days 00:55:34.551000,12.6,83.0,1001.0,False,18.5,209,0.8,2022,4,Emilia Romagna Grand Prix
0 days 00:56:34.568000,12.8,84.0,1001.0,False,18.5,107,1.0,2022,4,Emilia Romagna Grand Prix
0 days 00:57:34.564000,12.8,83.0,1001.0,False,18.6,182,0.6,2022,4,Emilia Romagna Grand Prix
0 days 00:58:34.582000,12.9,82.0,1001.0,False,18.5,55,0.6,2022,4,Emilia Romagna Grand Prix
0 days 00:59:34.583000,12.9,82.0,1001.0,False,18.4,97,0.6,2022,4,Emilia Romagna Grand Prix
0 days 01:00:34.591000,12.8,81.0,1001.0,False,18.3,12,1.0,2022,4,Emilia Romagna Grand Prix
0 days 01:01:34.598000,12.9,80.0,1001.0,False,18.1,244,1.1,2022,4,Emilia Romagna Grand Prix
0 days 01:02:34.599000,12.8,80.0,1001.0,False,18.0,103,0.6,2022,4,Emilia Romagna Grand Prix
0 days 01:03:34.612000,12.9,79.0,1001.0,False,17.9,7,1.7,2022,4,Emilia Romagna Grand Prix
0 days 01:04:34.629000,13.0,79.0,1001.0,False,17.9,13,0.5,2022,4,Emilia Romagna Grand Prix
0 days 01:05:34.662000,13.0,79.0,1001.0,False,17.8,331,0.4,2022,4,Emilia Romagna Grand Prix
0 days 01:06:34.634000,13.1,79.0,1000.9,False,17.8,58,1.1,2022,4,Emilia Romagna Grand Prix
0 days 01:07:34.631000,13.1,79.0,1001.0,False,17.8,7,0.8,2022,4,Emilia Romagna Grand Prix
0 days 01:08:34.642000,13.1,78.0,1000.9,False,17.7,6,0.8,2022,4,Emilia Romagna Grand Prix
0 days 01:09:34.637000,13.0,78.0,1000.9,False,17.6,96,1.1,2022,4,Emilia Romagna Grand Prix
0 days 01:10:34.632000,13.1,78.0,1000.9,False,17.5,351,0.8,2022,4,Emilia Romagna Grand Prix
0 days 01:11:34.710000,13.0,77.0,1000.7,False,17.5,99,1.1,2022,4,Emilia Romagna Grand Prix
0 days 01:12:34.651000,13.1,78.0,1000.9,False,17.5,294,1.2,2022,4,Emilia Romagna Grand Prix
0 days 01:13:34.635000,13.1,78.0,1000.7,False,17.3,35,1.2,2022,4,Emilia Romagna Grand Prix
0 days 01:14:34.647000,13.1,77.0,1000.9,False,17.3,49,0.8,2022,4,Emilia Romagna Grand Prix
0 days 01:15:34.623000,13.1,77.0,1000.7,False,17.1,69,2.0,2022,4,Emilia Romagna Grand Prix
0 days 01:16:34.657000,13.1,76.0,1000.7,False,17.1,50,0.8,2022,4,Emilia Romagna Grand Prix
0 days 01:17:34.669000,13.1,76.0,1000.7,False,17.0,43,2.0,2022,4,Emilia Romagna Grand Prix
0 days 01:18:34.661000,13.0,75.0,1000.7,False,17.1,46,0.8,2022,4,Emilia Romagna Grand Prix
0 days 01:19:34.662000,13.1,75.0,1000.7,False,17.0,63,1.7,2022,4,Emilia Romagna Grand Prix
0 days 01:20:34.679000,13.2,75.0,1000.7,False,17.0,69,1.7,2022,4,Emilia Romagna Grand Prix
0 days 01:21:34.736000,13.3,76.0,1000.7,False,17.0,95,1.5,2022,4,Emilia Romagna Grand Prix
0 days 01:22:34.709000,13.4,76.0,1000.9,False,17.0,40,1.1,2022,4,Emilia Romagna Grand Prix
0 days 01:23:34.699000,13.4,76.0,1000.9,False,17.0,67,1.7,2022,4,Emilia Romagna Grand Prix
0 days 01:24:34.702000,13.4,76.0,1000.9,False,16.9,82,1.7,2022,4,Emilia Romagna Grand Prix
0 days 01:25:34.717000,13.4,76.0,1000.9,False,16.7,56,1.3,2022,4,Emilia Romagna Grand Prix
0 days 01:26:34.736000,13.4,76.0,1000.9,False,16.7,69,1.5,2022,4,Emilia Romagna Grand Prix
0 days 01:27:34.731000,13.5,77.0,1000.7,False,16.7,66,1.2,2022,4,Emilia Romagna Grand Prix
0 days 01:28:34.727000,13.3,77.0,1000.9,False,16.7,73,2.2,2022,4,Emilia Romagna Grand Prix
0 days 01:29:34.729000,13.3,77.0,1000.9,False,16.5,89,2.2,2022,4,Emilia Romagna Grand Prix
0 days 01:30:34.755000,13.4,79.0,1000.9,False,16.2,81,2.0,2022,4,Emilia Romagna Grand Prix
0 days 01:31:34.756000,13.4,79.0,1000.9,False,16.2,66,1.6,2022,4,Emilia Romagna Grand Prix
0 days 01:32:34.749000,13.3,80.0,1000.7,False,16.3,82,1.5,2022,4,Emilia Romagna Grand Prix
0 days 01:33:34.761000,13.3,80.0,1000.7,False,16.2,88,2.4,2022,4,Emilia Romagna Grand Prix
0 days 01:34:34.756000,13.4,80.0,1000.7,False,16.1,108,2.4,2022,4,Emilia Romagna Grand Prix
0 days 01:35:34.754000,13.4,80.0,1000.9,False,16.1,95,1.8,2022,4,Emilia Romagna Grand Prix
0 days 01:36:34.757000,13.4,81.0,1000.9,False,16.0,83,1.8,2022,4,Emilia Romagna Grand Prix
0 days 01:37:34.756000,13.4,80.0,1000.7,False,16.1,54,1.1,2022,4,Emilia Romagna Grand Prix
0 days 01:38:34.756000,13.4,80.0,1000.9,False,16.1,74,1.2,2022,4,Emilia Romagna Grand Prix
0 days 01:39:34.810000,13.3,81.0,1000.9,False,16.0,80,2.2,2022,4,Emilia Romagna Grand Prix
0 days 01:40:34.757000,13.4,81.0,1000.9,False,16.0,89,2.5,2022,4,Emilia Romagna Grand Prix
0 days 01:41:34.755000,13.3,81.0,1000.9,False,16.0,85,2.0,2022,4,Emilia Romagna Grand Prix
0 days 01:42:34.753000,13.2,81.0,1000.9,False,15.6,35,1.7,2022,4,Emilia Romagna Grand Prix
0 days 01:43:34.756000,13.2,81.0,1000.9,False,15.8,4,1.1,2022,4,Emilia Romagna Grand Prix
0 days 01:44:34.756000,13.1,81.0,1000.9,False,15.9,52,0.6,2022,4,Emilia Romagna Grand Prix
0 days 01:45:34.754000,13.2,81.0,1000.9,False,16.1,34,1.2,2022,4,Emilia Romagna Grand Prix
0 days 01:46:34.756000,13.1,81.0,1001.0,False,16.1,52,1.0,2022,4,Emilia Romagna Grand Prix
0 days 01:47:34.763000,13.1,81.0,1000.9,False,16.1,78,1.5,2022,4,Emilia Romagna Grand Prix
0 days 01:48:34.756000,13.1,81.0,1000.9,False,16.2,9,1.6,2022,4,Emilia Romagna Grand Prix
0 days 01:49:34.745000,13.2,81.0,1000.9,False,16.3,34,1.1,2022,4,Emilia Romagna Grand Prix
0 days 01:50:34.763000,13.3,81.0,1000.9,False,16.4,60,1.8,2022,4,Emilia Romagna Grand Prix
0 days 01:51:34.773000,13.3,81.0,1000.9,False,16.5,47,1.2,2022,4,Emilia Romagna Grand Prix
0 days 01:52:34.758000,13.2,81.0,1000.9,False,16.6,69,1.2,2022,4,Emilia Romagna Grand Prix
0 days 01:53:34.756000,13.2,81.0,1000.7,False,16.6,77,1.8,2022,4,Emilia Romagna Grand Prix
0 days 01:54:34.760000,13.3,81.0,1000.9,False,16.4,74,1.7,2022,4,Emilia Romagna Grand Prix
0 days 01:55:34.755000,13.4,81.0,1000.7,False,16.4,46,1.5,2022,4,Emilia Romagna Grand Prix
0 days 01:56:34.760000,13.4,81.0,1000.7,False,16.5,64,1.6,2022,4,Emilia Romagna Grand Prix
0 days 01:57:34.753000,13.4,81.0,1000.7,False,16.6,68,2.4,2022,4,Emilia Romagna Grand Prix
0 days 01:58:34.755000,13.4,81.0,1000.7,False,16.6,68,1.8,2022,4,Emilia Romagna Grand Prix
0 days 01:59:34.757000,13.4,81.0,1000.7,False,16.7,78,2.0,2022,4,Emilia Romagna Grand Prix
0 days 02:00:34.759000,13.5,81.0,1000.7,False,16.7,74,2.0,2022,4,Emilia Romagna Grand Prix
0 days 02:01:34.759000,13.4,81.0,1000.9,False,16.7,91,2.2,2022,4,Emilia Romagna Grand Prix
0 days 02:02:34.760000,13.4,81.0,1000.9,False,16.6,61,2.4,2022,4,Emilia Romagna Grand Prix
0 days 02:03:34.750000,13.4,81.0,1000.7,False,16.5,70,1.7,2022,4,Emilia Romagna Grand Prix
0 days 02:04:34.757000,13.5,81.0,1000.7,False,16.5,78,2.2,2022,4,Emilia Romagna Grand Prix
0 days 02:05:34.755000,13.4,82.0,1000.7,False,16.5,78,1.3,2022,4,Emilia Romagna Grand Prix
0 days 02:06:34.758000,13.5,82.0,1000.7,False,16.6,89,1.5,2022,4,Emilia Romagna Grand Prix
0 days 02:07:34.758000,13.5,82.0,1000.7,False,16.7,70,1.5,2022,4,Emilia Romagna Grand Prix
0 days 02:08:34.757000,13.5,82.0,1000.7,False,16.7,69,2.0,2022,4,Emilia Romagna Grand Prix
0 days 02:09:34.755000,13.5,82.0,1000.7,False,16.6,83,1.6,2022,4,Emilia Romagna Grand Prix
0 days 02:10:34.755000,13.6,82.0,1000.7,False,16.6,64,1.7,2022,4,Emilia Romagna Grand Prix
0 days 02:11:34.756000,13.6,82.0,1000.7,False,16.7,37,1.5,2022,4,Emilia Romagna Grand Prix
0 days 02:12:34.758000,13.5,82.0,1000.7,False,16.7,66,1.7,2022,4,Emilia Romagna Grand Prix
0 days 02:13:34.765000,13.5,81.0,1000.7,False,16.8,70,1.7,2022,4,Emilia Romagna Grand Prix
0 days 02:14:34.754000,13.5,82.0,1000.7,False,16.9,59,1.6,2022,4,Emilia Romagna Grand Prix
0 days 02:15:34.756000,13.6,82.0,1000.7,False,17.0,53,1.6,2022,4,Emilia Romagna Grand Prix
0 days 02:16:34.754000,13.7,82.0,1000.7,False,17.0,59,2.4,2022,4,Emilia Romagna Grand Prix
0 days 02:17:34.772000,13.6,81.0,1000.7,False,17.0,59,1.3,2022,4,Emilia Romagna Grand Prix
0 days 02:18:34.773000,13.7,81.0,1000.7,False,17.0,79,2.0,2022,4,Emilia Romagna Grand Prix
0 days 02:19:34.830000,13.7,82.0,1000.9,False,17.0,72,2.2,2022,4,Emilia Romagna Grand Prix
0 days 02:20:34.786000,13.7,81.0,1000.7,False,16.9,78,2.0,2022,4,Emilia Romagna Grand Prix
0 days 02:21:34.804000,13.7,81.0,1000.7,False,16.8,70,1.7,2022,4,Emilia Romagna Grand Prix
0 days 02:22:34.818000,13.7,81.0,1000.9,False,16.8,71,1.7,2022,4,Emilia Romagna Grand Prix
0 days 02:23:34.838000,13.8,81.0,1000.9,False,16.7,60,2.5,2022,4,Emilia Romagna Grand Prix
0 days 02:24:34.852000,13.9,81.0,1000.7,False,16.7,77,2.0,2022,4,Emilia Romagna Grand Prix
0 days 02:25:34.841000,14.0,80.0,1000.7,False,16.6,62,1.7,2022,4,Emilia Romagna Grand Prix
0 days 02:26:34.858000,13.9,80.0,1000.7,False,16.5,62,2.0,2022,4,Emilia Romagna Grand Prix
0 days 02:27:34.866000,14.0,80.0,1000.9,False,16.5,86,1.5,2022,4,Emilia Romagna Grand Prix
0 days 02:28:34.909000,14.1,81.0,1000.7,False,16.5,70,1.5,2022,4,Emilia Romagna Grand Prix
0 days 02:29:34.870000,14.1,80.0,1000.9,False,16.5,47,1.6,2022,4,Emilia Romagna Grand Prix
0 days 02:30:34.879000,14.0,80.0,1000.9,False,16.6,66,1.3,2022,4,Emilia Romagna Grand Prix
0 days 02:31:34.881000,14.0,80.0,1000.9,False,16.6,68,1.2,2022,4,Emilia Romagna Grand Prix
0 days 02:32:34.886000,14.1,80.0,1000.9,False,16.4,31,1.2,2022,4,Emilia Romagna Grand Prix
0 days 02:33:34.880000,14.1,80.0,1000.9,False,16.6,32,0.6,2022,4,Emilia Romagna Grand Prix
0 days 02:34:34.893000,14.1,80.0,1000.7,False,16.7,38,1.1,2022,4,Emilia Romagna Grand Prix
0 days 02:35:34.884000,14.1,79.0,1000.7,False,16.7,61,1.0,2022,4,Emilia Romagna Grand Prix
0 days 02:36:34.882000,14.1,79.0,1000.9,False,16.8,4,1.6,2022,4,Emilia Romagna Grand Prix
0 days 02:37:34.881000,14.2,78.0,1000.7,False,16.8,96,0.6,2022,4,Emilia Romagna Grand Prix
0 days 00:00:30.789000,31.7,49.0,1010.0,True,42.8,322,3.5,2022,5,Miami Grand Prix
0 days 00:01:30.783000,31.4,49.0,1010.0,True,42.8,322,3.5,2022,5,Miami Grand Prix
0 days 00:02:30.788000,31.3,49.0,1010.0,True,42.8,322,3.5,2022,5,Miami Grand Prix
0 days 00:03:30.789000,31.2,49.0,1010.0,True,42.8,322,3.5,2022,5,Miami Grand Prix
0 days 00:04:30.788000,30.8,53.0,1010.0,True,36.2,312,2.7,2022,5,Miami Grand Prix
0 days 00:05:30.788000,30.8,57.0,1010.0,True,36.6,311,2.5,2022,5,Miami Grand Prix
0 days 00:06:30.789000,30.7,55.0,1010.0,True,37.5,301,2.2,2022,5,Miami Grand Prix
0 days 00:07:30.788000,30.6,55.0,1010.0,True,38.0,302,1.8,2022,5,Miami Grand Prix
0 days 00:08:30.788000,30.6,56.0,1010.0,True,38.9,293,2.0,2022,5,Miami Grand Prix
0 days 00:09:30.802000,30.6,55.0,1010.0,False,39.7,283,2.2,2022,5,Miami Grand Prix
0 days 00:10:30.790000,30.7,55.0,1010.0,False,41.1,300,2.5,2022,5,Miami Grand Prix
0 days 00:11:30.800000,30.7,53.0,1010.0,False,43.4,289,2.9,2022,5,Miami Grand Prix
0 days 00:12:30.788000,30.8,54.0,1010.0,False,43.7,289,1.8,2022,5,Miami Grand Prix
0 days 00:13:30.787000,31.0,52.0,1009.9,False,45.7,311,2.2,2022,5,Miami Grand Prix
0 days 00:14:30.788000,31.1,51.0,1009.9,False,45.9,330,2.2,2022,5,Miami Grand Prix
0 days 00:15:30.791000,31.3,52.0,1010.0,False,47.1,283,1.6,2022,5,Miami Grand Prix
0 days 00:16:30.788000,31.6,51.0,1009.9,False,48.3,301,1.7,2022,5,Miami Grand Prix
0 days 00:17:30.788000,31.9,50.0,1009.9,False,48.3,320,1.6,2022,5,Miami Grand Prix
0 days 00:18:30.798000,31.9,50.0,1009.9,False,46.8,297,1.3,2022,5,Miami Grand Prix
0 days 00:19:30.790000,31.9,50.0,1009.9,False,45.1,291,2.2,2022,5,Miami Grand Prix
0 days 00:20:30.797000,31.7,49.0,1009.9,False,44.8,319,2.2,2022,5,Miami Grand Prix
0 days 00:21:30.788000,31.6,49.0,1009.9,False,45.1,324,1.6,2022,5,Miami Grand Prix
0 days 00:22:30.787000,31.7,49.0,1009.7,False,45.1,0,1.2,2022,5,Miami Grand Prix
0 days 00:23:30.789000,32.1,49.0,1009.7,False,46.2,288,1.2,2022,5,Miami Grand Prix
0 days 00:24:30.788000,32.2,49.0,1009.7,False,46.2,315,1.5,2022,5,Miami Grand Prix
0 days 00:25:30.795000,32.3,48.0,1009.7,False,46.0,321,1.7,2022,5,Miami Grand Prix
0 days 00:26:30.806000,32.3,48.0,1009.7,False,46.3,332,1.6,2022,5,Miami Grand Prix
0 days 00:27:30.804000,32.3,48.0,1009.9,False,46.6,47,0.6,2022,5,Miami Grand Prix
0 days 00:28:30.803000,32.3,49.0,1009.9,False,46.6,8,1.1,2022,5,Miami Grand Prix
0 days 00:29:30.807000,32.3,48.0,1009.7,False,47.6,329,0.8,2022,5,Miami Grand Prix
0 days 00:30:30.827000,32.3,48.0,1009.7,False,46.8,51,1.3,2022,5,Miami Grand Prix
0 days 00:31:30.836000,32.3,48.0,1009.7,False,45.9,314,1.2,2022,5,Miami Grand Prix
0 days 00:32:30.836000,32.3,48.0,1009.7,False,45.0,0,1.8,2022,5,Miami Grand Prix
0 days 00:33:30.841000,32.2,49.0,1009.7,False,43.9,349,0.8,2022,5,Miami Grand Prix
0 days 00:34:30.835000,32.1,49.0,1009.5,False,43.8,325,1.8,2022,5,Miami Grand Prix
0 days 00:35:30.836000,32.2,49.0,1009.7,False,44.3,322,1.7,2022,5,Miami Grand Prix
0 days 00:36:30.835000,32.1,50.0,1009.5,False,44.4,316,3.0,2022,5,Miami Grand Prix
0 days 00:37:30.842000,32.0,48.0,1009.5,False,44.4,269,2.0,2022,5,Miami Grand Prix
0 days 00:38:30.836000,32.0,47.0,1009.7,False,45.1,333,0.4,2022,5,Miami Grand Prix
0 days 00:39:30.835000,32.0,48.0,1009.5,False,45.5,289,1.7,2022,5,Miami Grand Prix
0 days 00:40:30.835000,32.2,47.0,1009.7,False,45.5,285,2.2,2022,5,Miami Grand Prix
0 days 00:41:30.853000,32.2,47.0,1009.5,False,45.1,292,1.8,2022,5,Miami Grand Prix
0 days 00:42:30.853000,32.1,47.0,1009.5,False,45.1,300,2.5,2022,5,Miami Grand Prix
0 days 00:43:30.853000,32.2,47.0,1009.5,False,45.1,313,2.0,2022,5,Miami Grand Prix
0 days 00:44:30.855000,32.1,47.0,1009.5,False,44.3,310,1.5,2022,5,Miami Grand Prix
0 days 00:45:30.873000,31.9,48.0,1009.5,False,43.2,320,1.7,2022,5,Miami Grand Prix
0 days 00:46:30.875000,31.9,48.0,1009.5,False,43.2,316,2.0,2022,5,Miami Grand Prix
0 days 00:47:30.882000,31.8,48.0,1009.4,False,43.0,20,1.2,2022,5,Miami Grand Prix
0 days 00:48:30.896000,31.8,47.0,1009.5,False,42.8,63,1.2,2022,5,Miami Grand Prix
0 days 00:49:30.912000,31.6,47.0,1009.4,False,42.8,33,1.2,2022,5,Miami Grand Prix
0 days 00:50:30.912000,31.5,47.0,1009.5,False,42.6,53,0.8,2022,5,Miami Grand Prix
0 days 00:51:30.928000,31.5,47.0,1009.5,False,42.7,43,0.8,2022,5,Miami Grand Prix
0 days 00:52:30.963000,31.4,50.0,1009.5,False,42.5,42,2.2,2022,5,Miami Grand Prix
0 days 00:53:30.949000,31.1,54.0,1009.5,False,41.2,44,1.0,2022,5,Miami Grand Prix
0 days 00:54:30.960000,31.0,57.0,1009.5,False,39.9,0,0.6,2022,5,Miami Grand Prix
0 days 00:55:30.961000,30.8,58.0,1009.5,False,39.9,94,0.5,2022,5,Miami Grand Prix
0 days 00:56:30.963000,30.5,59.0,1009.5,False,39.6,100,1.5,2022,5,Miami Grand Prix
0 days 00:57:30.975000,30.3,60.0,1009.5,False,39.1,147,1.7,2022,5,Miami Grand Prix
0 days 00:58:30.976000,30.2,61.0,1009.7,False,38.9,156,1.8,2022,5,Miami Grand Prix
0 days 00:59:30.976000,30.0,63.0,1009.5,False,38.1,147,1.2,2022,5,Miami Grand Prix
0 days 01:00:30.981000,30.0,63.0,1009.5,False,38.2,127,1.7,2022,5,Miami Grand Prix
0 days 01:01:31.006000,30.1,64.0,1009.5,False,39.0,161,1.0,2022,5,Miami Grand Prix
0 days 01:02:31.021000,30.2,64.0,1009.7,False,39.0,156,2.5,2022,5,Miami Grand Prix
0 days 01:03:31.037000,30.2,63.0,1009.7,False,39.7,119,2.0,2022,5,Miami Grand Prix
0 days 01:04:31.039000,30.2,63.0,1009.4,False,39.7,150,1.6,2022,5,Miami Grand Prix
0 days 01:05:31.048000,30.4,62.0,1009.5,False,40.4,140,1.7,2022,5,Miami Grand Prix
0 days 01:06:31.038000,30.7,62.0,1009.2,False,42.4,153,1.7,2022,5,Miami Grand Prix
0 days 01:07:31.041000,31.0,61.0,1009.2,False,44.0,94,2.5,2022,5,Miami Grand Prix
0 days 01:08:31.038000,31.3,60.0,1009.4,False,46.5,165,1.7,2022,5,Miami Grand Prix
0 days 01:09:31.047000,31.4,59.0,1009.4,False,46.5,139,2.2,2022,5,Miami Grand Prix
0 days 01:10:31.045000,31.3,60.0,1009.2,False,46.4,142,2.0,2022,5,Miami Grand Prix
0 days 01:11:31.038000,31.3,61.0,1009.4,False,46.0,161,2.4,2022,5,Miami Grand Prix
0 days 01:12:31.038000,31.4,61.0,1009.4,False,46.0,89,1.5,2022,5,Miami Grand Prix
0 days 01:13:31.038000,31.5,60.0,1009.4,False,46.3,182,1.2,2022,5,Miami Grand Prix
0 days 01:14:31.040000,31.7,60.0,1009.2,False,48.1,152,2.2,2022,5,Miami Grand Prix
0 days 01:15:31.038000,31.7,59.0,1009.2,False,46.7,104,2.7,2022,5,Miami Grand Prix
0 days 01:16:31.038000,31.6,60.0,1009.2,False,46.7,163,1.7,2022,5,Miami Grand Prix
0 days 01:17:31.031000,31.6,59.0,1009.2,False,46.6,118,1.7,2022,5,Miami Grand Prix
0 days 01:18:31.039000,31.3,60.0,1009.2,False,45.0,110,2.4,2022,5,Miami Grand Prix
0 days 01:19:31.038000,31.1,60.0,1009.2,False,44.9,117,1.7,2022,5,Miami Grand Prix
0 days 01:20:31.037000,31.0,61.0,1009.2,False,44.9,148,2.0,2022,5,Miami Grand Prix
0 days 01:21:31.038000,30.9,60.0,1009.2,False,45.6,99,2.7,2022,5,Miami Grand Prix
0 days 01:22:31.037000,30.7,61.0,1009.2,False,45.2,182,2.2,2022,5,Miami Grand Prix
0 days 01:23:31.042000,30.6,61.0,1009.2,False,45.2,155,2.2,2022,5,Miami Grand Prix
0 days 01:24:31.038000,30.5,60.0,1009.2,False,45.2,181,2.5,2022,5,Miami Grand Prix
0 days 01:25:31.039000,30.3,60.0,1009.2,False,46.5,148,3.5,2022,5,Miami Grand Prix
0 days 01:26:31.059000,30.2,61.0,1009.2,False,45.1,133,2.2,2022,5,Miami Grand Prix
0 days 01:27:31.098000,30.0,62.0,1009.2,False,44.8,151,2.7,2022,5,Miami Grand Prix
0 days 01:28:31.085000,30.2,62.0,1009.2,False,45.7,161,1.7,2022,5,Miami Grand Prix
0 days 01:29:31.082000,30.2,62.0,1009.2,False,45.3,165,2.2,2022,5,Miami Grand Prix
0 days 01:30:31.086000,30.2,63.0,1009.2,False,44.7,155,1.7,2022,5,Miami Grand Prix
0 days 01:31:31.086000,30.1,62.0,1009.2,False,43.3,128,2.2,2022,5,Miami Grand Prix
0 days 01:32:31.085000,30.0,62.0,1009.2,False,42.9,155,2.2,2022,5,Miami Grand Prix
0 days 01:33:31.086000,29.9,63.0,1009.4,False,42.6,142,3.5,2022,5,Miami Grand Prix
0 days 01:34:31.095000,29.8,64.0,1009.4,False,42.6,136,2.5,2022,5,Miami Grand Prix
0 days 01:35:31.089000,29.7,64.0,1009.2,False,42.3,106,2.4,2022,5,Miami Grand Prix
0 days 01:36:31.088000,29.8,64.0,1009.2,False,42.3,109,4.0,2022,5,Miami Grand Prix
0 days 01:37:31.086000,29.7,64.0,1009.4,False,42.4,153,3.4,2022,5,Miami Grand Prix
0 days 01:38:31.114000,29.8,63.0,1009.0,False,42.1,154,2.7,2022,5,Miami Grand Prix
0 days 01:39:31.101000,29.9,63.0,1009.2,False,42.3,112,3.2,2022,5,Miami Grand Prix
0 days 01:40:31.100000,30.0,63.0,1009.2,False,42.1,100,3.5,2022,5,Miami Grand Prix
0 days 01:41:31.116000,30.0,64.0,1009.2,False,42.5,149,3.7,2022,5,Miami Grand Prix
0 days 01:42:31.133000,30.0,64.0,1009.0,False,43.7,139,2.5,2022,5,Miami Grand Prix
0 days 01:43:31.131000,30.1,64.0,1009.2,False,44.1,104,1.8,2022,5,Miami Grand Prix
0 days 01:44:31.133000,30.2,63.0,1009.2,False,44.5,160,2.0,2022,5,Miami Grand Prix
0 days 01:45:31.131000,30.2,63.0,1009.0,False,44.5,164,3.4,2022,5,Miami Grand Prix
0 days 01:46:31.135000,30.3,62.0,1009.2,False,46.4,177,4.1,2022,5,Miami Grand Prix
0 days 01:47:31.136000,30.1,63.0,1009.0,False,46.4,158,3.5,2022,5,Miami Grand Prix
0 days 01:48:31.158000,30.0,63.0,1009.0,False,45.6,171,4.6,2022,5,Miami Grand Prix
0 days 01:49:31.135000,30.0,63.0,1009.2,False,45.1,163,3.7,2022,5,Miami Grand Prix
0 days 01:50:31.152000,29.9,63.0,1009.0,False,43.8,114,5.0,2022,5,Miami Grand Prix
0 days 01:51:31.167000,29.8,63.0,1009.2,False,43.8,176,3.2,2022,5,Miami Grand Prix
0 days 01:52:31.168000,29.9,63.0,1009.0,False,45.0,129,3.5,2022,5,Miami Grand Prix
0 days 01:53:31.155000,29.8,63.0,1009.0,False,44.3,167,2.7,2022,5,Miami Grand Prix
0 days 01:54:31.168000,29.9,64.0,1009.2,False,44.3,128,3.7,2022,5,Miami Grand Prix
0 days 01:55:31.180000,29.9,64.0,1009.0,False,44.3,142,3.0,2022,5,Miami Grand Prix
0 days 01:56:31.196000,29.8,63.0,1009.0,False,43.0,125,3.0,2022,5,Miami Grand Prix
0 days 01:57:31.202000,29.6,64.0,1009.0,False,42.1,128,3.2,2022,5,Miami Grand Prix
0 days 01:58:31.202000,29.5,64.0,1009.0,False,41.8,136,3.7,2022,5,Miami Grand Prix
0 days 01:59:31.212000,29.4,64.0,1009.0,False,41.8,160,3.4,2022,5,Miami Grand Prix
0 days 02:00:31.225000,29.4,65.0,1009.0,False,41.0,106,2.7,2022,5,Miami Grand Prix
0 days 02:01:31.242000,29.6,64.0,1009.0,False,41.7,112,3.4,2022,5,Miami Grand Prix
0 days 02:02:31.257000,29.6,64.0,1009.0,False,41.7,131,2.9,2022,5,Miami Grand Prix
0 days 02:03:31.262000,29.7,64.0,1008.9,False,42.9,164,2.4,2022,5,Miami Grand Prix
0 days 02:04:31.262000,29.8,63.0,1009.0,False,42.7,149,2.7,2022,5,Miami Grand Prix
0 days 02:05:31.272000,29.8,63.0,1008.9,False,41.4,155,2.9,2022,5,Miami Grand Prix
0 days 02:06:31.269000,29.9,64.0,1008.9,False,41.4,114,2.7,2022,5,Miami Grand Prix
0 days 02:07:31.285000,29.8,64.0,1008.9,False,41.1,138,3.0,2022,5,Miami Grand Prix
0 days 02:08:31.291000,29.9,64.0,1008.9,False,41.1,148,3.4,2022,5,Miami Grand Prix
0 days 02:09:31.280000,29.9,65.0,1009.0,False,40.4,128,2.2,2022,5,Miami Grand Prix
0 days 02:10:31.288000,29.8,65.0,1008.9,False,40.5,125,3.0,2022,5,Miami Grand Prix
0 days 02:11:31.287000,29.7,66.0,1009.0,False,40.2,137,2.5,2022,5,Miami Grand Prix
0 days 02:12:31.285000,29.6,66.0,1008.9,False,40.2,150,2.5,2022,5,Miami Grand Prix
0 days 02:13:31.288000,29.5,66.0,1009.0,False,40.3,167,3.2,2022,5,Miami Grand Prix
0 days 02:14:31.286000,29.5,66.0,1008.9,False,40.6,158,3.0,2022,5,Miami Grand Prix
0 days 02:15:31.288000,29.4,66.0,1008.9,False,40.3,169,2.7,2022,5,Miami Grand Prix
0 days 02:16:31.290000,29.5,65.0,1008.7,False,40.1,166,3.4,2022,5,Miami Grand Prix
0 days 02:17:31.290000,29.5,66.0,1008.7,False,39.8,151,3.0,2022,5,Miami Grand Prix
0 days 02:18:31.287000,29.5,66.0,1008.7,False,39.6,128,2.9,2022,5,Miami Grand Prix
0 days 02:19:31.288000,29.5,67.0,1008.9,False,40.4,150,2.2,2022,5,Miami Grand Prix
0 days 02:20:31.288000,29.5,67.0,1008.7,False,40.5,107,2.4,2022,5,Miami Grand Prix
0 days 02:21:31.301000,29.6,67.0,1008.7,False,40.7,174,2.0,2022,5,Miami Grand Prix
0 days 02:22:31.293000,29.5,66.0,1008.9,False,40.7,150,2.0,2022,5,Miami Grand Prix
0 days 02:23:31.288000,29.6,66.0,1008.7,False,39.8,116,2.4,2022,5,Miami Grand Prix
0 days 02:24:31.289000,29.6,66.0,1008.7,False,39.6,150,2.2,2022,5,Miami Grand Prix
0 days 02:25:31.288000,29.7,66.0,1008.7,False,39.5,131,1.8,2022,5,Miami Grand Prix
0 days 02:26:31.300000,29.7,66.0,1008.7,False,39.5,158,2.0,2022,5,Miami Grand Prix
0 days 02:27:31.287000,29.6,67.0,1008.7,False,38.6,166,1.7,2022,5,Miami Grand Prix
0 days 02:28:31.291000,29.6,67.0,1008.7,False,38.7,153,1.8,2022,5,Miami Grand Prix
0 days 02:29:31.287000,29.7,67.0,1008.7,False,39.2,151,2.7,2022,5,Miami Grand Prix
0 days 02:30:31.288000,29.7,65.0,1008.7,False,39.4,154,2.4,2022,5,Miami Grand Prix
0 days 02:31:31.313000,29.5,66.0,1008.7,False,38.5,100,2.7,2022,5,Miami Grand Prix
0 days 02:32:31.288000,29.5,66.0,1008.9,False,38.5,86,2.7,2022,5,Miami Grand Prix
0 days 02:33:31.287000,29.4,67.0,1008.7,False,38.5,91,1.1,2022,5,Miami Grand Prix
0 days 02:34:31.292000,29.6,67.0,1008.7,False,39.2,122,1.7,2022,5,Miami Grand Prix
0 days 02:35:31.305000,29.6,66.0,1008.9,False,39.2,125,2.7,2022,5,Miami Grand Prix
0 days 02:36:31.323000,29.7,67.0,1008.9,False,39.7,136,2.5,2022,5,Miami Grand Prix
0 days 02:37:31.353000,29.7,67.0,1008.9,False,40.0,69,1.7,2022,5,Miami Grand Prix
0 days 02:38:31.368000,29.7,67.0,1008.9,False,40.6,119,2.5,2022,5,Miami Grand Prix
0 days 02:39:31.380000,29.8,67.0,1008.7,False,41.3,146,2.4,2022,5,Miami Grand Prix
0 days 02:40:31.396000,29.9,66.0,1008.7,False,41.0,142,1.7,2022,5,Miami Grand Prix
0 days 02:41:31.381000,30.0,66.0,1008.7,False,40.8,124,2.5,2022,5,Miami Grand Prix
0 days 00:00:13.023000,36.3,8.0,996.9,False,48.3,196,3.2,2022,6,Spanish Grand Prix
0 days 00:01:13.014000,36.2,8.0,996.9,False,48.4,190,3.5,2022,6,Spanish Grand Prix
0 days 00:02:13.011000,36.1,8.0,996.7,False,48.6,170,3.5,2022,6,Spanish Grand Prix
0 days 00:03:13.038000,36.1,7.0,996.7,False,48.8,155,4.0,2022,6,Spanish Grand Prix
0 days 00:04:13.041000,36.1,7.0,996.7,False,48.8,183,5.5,2022,6,Spanish Grand Prix
0 days 00:05:13.040000,36.1,7.0,996.7,False,48.4,182,5.5,2022,6,Spanish Grand Prix
0 days 00:06:13.053000,36.0,7.0,996.7,False,48.3,164,5.0,2022,6,Spanish Grand Prix
0 days 00:07:13.053000,36.1,8.0,996.9,False,48.3,170,4.4,2022,6,Spanish Grand Prix
0 days 00:08:13.054000,36.1,7.0,996.7,False,48.3,191,3.5,2022,6,Spanish Grand Prix
0 days 00:09:13.070000,36.1,8.0,996.7,False,48.4,195,4.6,2022,6,Spanish Grand Prix
0 days 00:10:13.084000,36.3,8.0,996.9,False,48.4,189,4.8,2022,6,Spanish Grand Prix
0 days 00:11:13.105000,36.2,8.0,996.7,False,48.4,192,4.8,2022,6,Spanish Grand Prix
0 days 00:12:13.126000,36.0,8.0,996.7,False,48.3,190,4.8,2022,6,Spanish Grand Prix
0 days 00:13:13.121000,35.9,8.0,996.7,False,48.4,182,4.5,2022,6,Spanish Grand Prix
0 days 00:14:13.130000,36.0,8.0,996.7,False,48.5,178,3.9,2022,6,Spanish Grand Prix
0 days 00:15:13.137000,36.0,8.0,996.7,False,48.5,187,4.0,2022,6,Spanish Grand Prix
0 days 00:16:13.128000,36.0,9.0,996.7,False,48.5,200,1.5,2022,6,Spanish Grand Prix
0 days 00:17:13.138000,36.1,9.0,996.7,False,48.8,207,3.2,2022,6,Spanish Grand Prix
0 days 00:18:13.128000,36.2,8.0,996.5,False,48.8,190,4.0,2022,6,Spanish Grand Prix
0 days 00:19:13.128000,36.3,8.0,996.7,False,48.8,186,4.8,2022,6,Spanish Grand Prix
0 days 00:20:13.138000,36.3,8.0,996.7,False,48.7,191,4.0,2022,6,Spanish Grand Prix
0 days 00:21:13.121000,36.2,8.0,996.7,False,48.7,192,4.0,2022,6,Spanish Grand Prix
0 days 00:22:13.134000,36.2,8.0,996.5,False,48.7,178,3.2,2022,6,Spanish Grand Prix
0 days 00:23:13.141000,36.4,7.0,996.7,False,48.8,194,5.0,2022,6,Spanish Grand Prix
0 days 00:24:13.138000,36.4,7.0,996.7,False,48.7,189,4.0,2022,6,Spanish Grand Prix
0 days 00:25:13.131000,36.3,7.0,996.7,False,48.8,195,4.6,2022,6,Spanish Grand Prix
0 days 00:26:13.496000,36.2,8.0,996.7,False,48.8,195,3.0,2022,6,Spanish Grand Prix
0 days 00:27:13.131000,36.3,8.0,996.5,False,48.7,195,4.0,2022,6,Spanish Grand Prix
0 days 00:28:13.130000,36.3,8.0,996.5,False,48.7,187,4.0,2022,6,Spanish Grand Prix
0 days 00:29:13.131000,36.3,8.0,996.5,False,48.7,209,3.0,2022,6,Spanish Grand Prix
0 days 00:30:13.130000,36.2,7.0,996.5,False,48.9,190,3.7,2022,6,Spanish Grand Prix
0 days 00:31:13.135000,36.4,8.0,996.5,False,48.9,180,2.7,2022,6,Spanish Grand Prix
0 days 00:32:13.149000,36.3,7.0,996.5,False,48.9,171,4.9,2022,6,Spanish Grand Prix
0 days 00:33:13.136000,36.2,7.0,996.5,False,48.8,168,3.0,2022,6,Spanish Grand Prix
0 days 00:34:13.131000,36.3,7.0,996.5,False,48.7,161,5.0,2022,6,Spanish Grand Prix
0 days 00:35:13.134000,36.2,7.0,996.5,False,48.6,186,5.0,2022,6,Spanish Grand Prix
0 days 00:36:13.129000,36.1,7.0,996.5,False,48.6,180,4.8,2022,6,Spanish Grand Prix
0 days 00:37:13.131000,36.1,7.0,996.5,False,48.7,198,4.6,2022,6,Spanish Grand Prix
0 days 00:38:13.137000,36.0,7.0,996.5,False,48.8,194,3.0,2022,6,Spanish Grand Prix
0 days 00:39:13.131000,36.1,7.0,996.5,False,49.0,180,2.7,2022,6,Spanish Grand Prix
0 days 00:40:13.142000,36.1,7.0,996.4,False,49.1,183,4.3,2022,6,Spanish Grand Prix
0 days 00:41:13.130000,36.2,7.0,996.5,False,49.2,182,5.0,2022,6,Spanish Grand Prix
0 days 00:42:13.136000,36.2,7.0,996.5,False,49.1,167,5.0,2022,6,Spanish Grand Prix
0 days 00:43:13.129000,36.3,7.0,996.5,False,48.9,213,2.5,2022,6,Spanish Grand Prix
0 days 00:44:13.128000,36.3,7.0,996.5,False,49.1,181,3.0,2022,6,Spanish Grand Prix
0 days 00:45:13.132000,36.3,7.0,996.2,False,49.0,157,4.5,2022,6,Spanish Grand Prix
0 days 00:46:13.130000,36.3,7.0,996.4,False,49.1,193,4.5,2022,6,Spanish Grand Prix
0 days 00:47:13.129000,36.4,7.0,996.4,False,49.1,197,4.9,2022,6,Spanish Grand Prix
0 days 00:48:13.521000,36.4,7.0,996.4,False,49.1,184,4.5,2022,6,Spanish Grand Prix
0 days 00:49:13.131000,36.2,7.0,996.4,False,49.1,182,3.9,2022,6,Spanish Grand Prix
0 days 00:50:13.133000,36.2,7.0,996.4,False,49.1,185,4.0,2022,6,Spanish Grand Prix
0 days 00:51:13.131000,36.1,6.0,996.4,False,49.1,191,4.8,2022,6,Spanish Grand Prix
0 days 00:52:13.137000,36.2,7.0,996.5,False,49.1,180,4.4,2022,6,Spanish Grand Prix
0 days 00:53:13.134000,36.2,7.0,996.2,False,49.1,174,4.0,2022,6,Spanish Grand Prix
0 days 00:54:13.130000,36.2,6.0,996.5,False,49.2,184,3.5,2022,6,Spanish Grand Prix
0 days 00:55:13.137000,36.2,7.0,996.2,False,49.1,186,4.6,2022,6,Spanish Grand Prix
0 days 00:56:13.128000,36.3,7.0,996.2,False,49.2,196,4.8,2022,6,Spanish Grand Prix
0 days 00:57:13.130000,36.3,7.0,996.4,False,49.2,180,4.0,2022,6,Spanish Grand Prix
0 days 00:58:13.138000,36.4,7.0,996.2,False,49.3,187,3.0,2022,6,Spanish Grand Prix
0 days 00:59:13.129000,36.4,7.0,996.2,False,49.3,175,4.5,2022,6,Spanish Grand Prix
0 days 01:00:13.129000,36.4,7.0,996.0,False,49.3,182,3.0,2022,6,Spanish Grand Prix
0 days 01:01:13.129000,36.5,7.0,996.2,False,49.3,174,3.4,2022,6,Spanish Grand Prix
0 days 01:02:13.136000,36.6,7.0,996.2,False,49.3,163,3.2,2022,6,Spanish Grand Prix
0 days 01:03:13.132000,36.6,6.0,996.2,False,49.3,170,4.0,2022,6,Spanish Grand Prix
0 days 01:04:13.131000,36.7,7.0,996.2,False,49.4,174,2.7,2022,6,Spanish Grand Prix
0 days 01:05:13.140000,36.7,7.0,996.2,False,49.4,178,2.9,2022,6,Spanish Grand Prix
0 days 01:06:13.134000,36.9,6.0,996.2,False,49.4,194,3.5,2022,6,Spanish Grand Prix
0 days 01:07:13.133000,36.9,6.0,996.0,False,49.4,177,4.4,2022,6,Spanish Grand Prix
0 days 01:08:13.134000,37.0,6.0,996.2,False,49.5,187,3.2,2022,6,Spanish Grand Prix
0 days 01:09:13.132000,37.0,6.0,996.0,False,49.3,178,3.7,2022,6,Spanish Grand Prix
0 days 01:10:13.132000,37.0,6.0,996.0,False,49.3,172,2.9,2022,6,Spanish Grand Prix
0 days 01:11:13.131000,36.9,6.0,996.2,False,49.5,113,3.5,2022,6,Spanish Grand Prix
0 days 01:12:13.131000,36.8,6.0,996.0,False,49.5,190,2.4,2022,6,Spanish Grand Prix
0 days 01:13:13.124000,37.0,6.0,996.2,False,49.5,167,3.2,2022,6,Spanish Grand Prix
0 days 01:14:13.132000,37.0,6.0,996.2,False,49.5,180,3.2,2022,6,Spanish Grand Prix
0 days 01:15:13.131000,36.9,6.0,996.2,False,49.3,195,3.7,2022,6,Spanish Grand Prix
0 days 01:16:13.130000,37.0,6.0,996.0,False,49.6,181,2.5,2022,6,Spanish Grand Prix
0 days 01:17:13.134000,37.0,6.0,996.0,False,49.7,185,4.3,2022,6,Spanish Grand Prix
0 days 01:18:13.130000,36.9,6.0,996.0,False,49.7,182,4.0,2022,6,Spanish Grand Prix
0 days 01:19:13.129000,37.0,6.0,996.2,False,49.7,191,4.4,2022,6,Spanish Grand Prix
0 days 01:20:13.132000,37.0,6.0,996.0,False,49.7,196,3.2,2022,6,Spanish Grand Prix
0 days 01:21:13.131000,37.0,6.0,996.0,False,49.7,189,3.2,2022,6,Spanish Grand Prix
0 days 01:22:13.136000,36.9,6.0,996.0,False,49.7,184,3.9,2022,6,Spanish Grand Prix
0 days 01:23:13.137000,36.8,6.0,995.9,False,49.7,179,3.5,2022,6,Spanish Grand Prix
0 days 01:24:13.133000,36.8,5.0,995.9,False,49.7,188,4.5,2022,6,Spanish Grand Prix
0 days 01:25:13.133000,36.7,6.0,996.0,False,49.7,195,4.5,2022,6,Spanish Grand Prix
0 days 01:26:13.143000,36.6,6.0,996.0,False,49.7,193,3.2,2022,6,Spanish Grand Prix
0 days 01:27:13.134000,36.7,6.0,996.0,False,49.7,168,2.5,2022,6,Spanish Grand Prix
0 days 01:28:13.136000,36.9,6.0,996.0,False,49.7,184,3.2,2022,6,Spanish Grand Prix
0 days 01:29:13.135000,37.2,5.0,995.7,False,49.7,172,3.5,2022,6,Spanish Grand Prix
0 days 01:30:13.155000,37.1,5.0,996.0,False,49.7,164,3.4,2022,6,Spanish Grand Prix
0 days 01:31:13.151000,37.1,6.0,996.0,False,49.7,190,2.5,2022,6,Spanish Grand Prix
0 days 01:32:13.152000,37.1,5.0,995.9,False,49.7,193,3.9,2022,6,Spanish Grand Prix
0 days 01:33:13.168000,37.0,6.0,996.0,False,49.0,189,3.5,2022,6,Spanish Grand Prix
0 days 01:34:13.183000,37.1,6.0,995.9,False,49.0,159,2.5,2022,6,Spanish Grand Prix
0 days 01:35:13.201000,37.0,6.0,995.7,False,49.0,190,2.5,2022,6,Spanish Grand Prix
0 days 01:36:13.213000,37.1,6.0,995.9,False,49.5,126,2.0,2022,6,Spanish Grand Prix
0 days 01:37:13.227000,37.1,6.0,995.9,False,49.4,171,4.3,2022,6,Spanish Grand Prix
0 days 01:38:13.227000,37.0,6.0,995.7,False,49.4,176,2.7,2022,6,Spanish Grand Prix
0 days 01:39:13.228000,37.0,6.0,995.7,False,49.4,139,2.5,2022,6,Spanish Grand Prix
0 days 01:40:13.226000,37.0,6.0,995.7,False,49.4,161,2.2,2022,6,Spanish Grand Prix
0 days 01:41:13.238000,37.0,7.0,995.7,False,49.4,192,1.0,2022,6,Spanish Grand Prix
0 days 01:42:13.251000,37.0,7.0,995.9,False,49.4,173,2.2,2022,6,Spanish Grand Prix
0 days 01:43:13.226000,37.0,6.0,995.9,False,49.4,180,3.4,2022,6,Spanish Grand Prix
0 days 01:44:13.227000,37.0,7.0,995.7,False,49.4,151,3.5,2022,6,Spanish Grand Prix
0 days 01:45:13.243000,37.2,7.0,995.7,False,49.3,174,3.7,2022,6,Spanish Grand Prix
0 days 01:46:13.259000,37.2,6.0,995.7,False,49.3,180,4.3,2022,6,Spanish Grand Prix
0 days 01:47:13.242000,37.2,6.0,995.7,False,49.3,180,4.3,2022,6,Spanish Grand Prix
0 days 01:48:13.257000,37.2,6.0,995.7,False,49.3,201,3.5,2022,6,Spanish Grand Prix
0 days 01:49:13.258000,37.1,6.0,995.9,False,49.5,190,2.2,2022,6,Spanish Grand Prix
0 days 01:50:13.258000,37.1,6.0,995.9,False,49.5,195,4.6,2022,6,Spanish Grand Prix
0 days 01:51:13.263000,37.0,6.0,995.9,False,49.5,191,3.7,2022,6,Spanish Grand Prix
0 days 01:52:13.258000,36.7,6.0,995.9,False,49.3,192,4.5,2022,6,Spanish Grand Prix
0 days 01:53:13.262000,36.7,7.0,995.7,False,49.2,180,2.9,2022,6,Spanish Grand Prix
0 days 01:54:13.258000,36.7,7.0,995.7,False,49.1,165,3.2,2022,6,Spanish Grand Prix
0 days 01:55:13.279000,36.6,7.0,995.7,False,49.1,169,3.0,2022,6,Spanish Grand Prix
0 days 01:56:13.262000,36.6,7.0,995.7,False,49.0,151,3.0,2022,6,Spanish Grand Prix
0 days 01:57:13.261000,36.6,7.0,995.7,False,49.0,173,2.7,2022,6,Spanish Grand Prix
0 days 01:58:13.263000,36.8,7.0,995.7,False,49.3,174,3.5,2022,6,Spanish Grand Prix
0 days 01:59:13.258000,36.9,7.0,995.5,False,49.1,193,3.7,2022,6,Spanish Grand Prix
0 days 02:00:13.259000,36.7,7.0,995.7,False,49.1,155,3.7,2022,6,Spanish Grand Prix
0 days 02:01:13.260000,36.8,8.0,995.5,False,49.1,154,2.0,2022,6,Spanish Grand Prix
0 days 02:02:13.259000,36.8,8.0,995.7,False,49.0,155,3.2,2022,6,Spanish Grand Prix
0 days 02:03:13.289000,36.6,8.0,995.7,False,49.0,175,3.5,2022,6,Spanish Grand Prix
0 days 02:04:13.275000,36.6,7.0,995.7,False,49.0,172,3.7,2022,6,Spanish Grand Prix
0 days 02:05:13.281000,36.6,7.0,995.5,False,49.0,185,3.0,2022,6,Spanish Grand Prix
0 days 02:06:13.284000,36.6,8.0,995.5,False,48.7,192,2.5,2022,6,Spanish Grand Prix
0 days 02:07:13.298000,36.6,8.0,995.5,False,48.9,175,3.2,2022,6,Spanish Grand Prix
0 days 02:08:13.333000,36.6,8.0,995.5,False,49.1,185,2.4,2022,6,Spanish Grand Prix
0 days 02:09:13.309000,36.7,8.0,995.5,False,49.1,168,3.0,2022,6,Spanish Grand Prix
0 days 02:10:13.307000,36.8,8.0,995.5,False,49.1,170,3.0,2022,6,Spanish Grand Prix
0 days 02:11:13.321000,36.8,7.0,995.5,False,49.0,191,2.9,2022,6,Spanish Grand Prix
0 days 02:12:13.320000,36.8,7.0,995.5,False,49.0,147,2.7,2022,6,Spanish Grand Prix
0 days 02:13:13.340000,36.6,7.0,995.5,False,49.0,185,2.0,2022,6,Spanish Grand Prix
0 days 02:14:13.398000,36.6,8.0,995.5,False,49.0,200,1.7,2022,6,Spanish Grand Prix
0 days 02:15:13.366000,36.5,8.0,995.5,False,49.0,155,1.3,2022,6,Spanish Grand Prix
0 days 02:16:13.354000,36.8,8.0,995.5,False,48.8,152,2.2,2022,6,Spanish Grand Prix
0 days 02:17:13.353000,36.9,7.0,995.4,False,48.8,164,3.2,2022,6,Spanish Grand Prix
0 days 02:18:13.355000,36.9,7.0,995.5,False,48.8,164,3.4,2022,6,Spanish Grand Prix
0 days 02:19:13.350000,36.9,7.0,995.4,False,48.9,166,2.7,2022,6,Spanish Grand Prix
0 days 02:20:13.368000,36.9,7.0,995.5,False,48.9,172,3.7,2022,6,Spanish Grand Prix
0 days 02:21:13.378000,36.7,7.0,995.4,False,48.8,168,2.7,2022,6,Spanish Grand Prix
0 days 02:22:13.388000,36.6,8.0,995.4,False,48.5,137,2.0,2022,6,Spanish Grand Prix
0 days 02:23:13.396000,36.6,8.0,995.4,False,48.4,194,2.2,2022,6,Spanish Grand Prix
0 days 02:24:13.390000,36.5,9.0,995.4,False,48.3,109,2.5,2022,6,Spanish Grand Prix
0 days 02:25:13.386000,36.5,9.0,995.4,False,48.3,176,2.2,2022,6,Spanish Grand Prix
0 days 02:26:13.386000,36.4,8.0,995.2,False,48.4,192,2.0,2022,6,Spanish Grand Prix
0 days 02:27:13.386000,36.3,8.0,995.5,False,48.4,191,3.5,2022,6,Spanish Grand Prix
0 days 02:28:13.386000,36.3,7.0,995.4,False,48.4,194,5.5,2022,6,Spanish Grand Prix
0 days 02:29:13.386000,36.3,8.0,995.2,False,48.3,187,4.5,2022,6,Spanish Grand Prix
0 days 02:30:13.401000,36.3,9.0,995.4,False,48.3,161,2.7,2022,6,Spanish Grand Prix
0 days 02:31:13.427000,36.4,9.0,995.2,False,48.2,162,2.7,2022,6,Spanish Grand Prix
0 days 02:32:13.418000,36.4,11.0,995.2,False,48.1,119,2.4,2022,6,Spanish Grand Prix
0 days 02:33:13.416000,36.5,9.0,995.2,False,47.9,173,3.2,2022,6,Spanish Grand Prix
0 days 02:34:13.418000,36.5,9.0,995.4,False,48.0,145,4.5,2022,6,Spanish Grand Prix
0 days 02:35:13.415000,36.5,8.0,995.2,False,48.0,179,4.3,2022,6,Spanish Grand Prix
0 days 02:36:13.431000,36.4,8.0,995.4,False,48.0,156,3.2,2022,6,Spanish Grand Prix
0 days 02:37:13.433000,36.5,8.0,995.2,False,47.9,168,2.7,2022,6,Spanish Grand Prix
0 days 02:38:13.432000,36.4,7.0,995.2,False,48.1,162,4.3,2022,6,Spanish Grand Prix
0 days 02:39:13.439000,36.4,7.0,995.2,False,48.1,169,4.1,2022,6,Spanish Grand Prix
0 days 02:40:13.438000,36.4,8.0,995.2,False,47.8,189,3.5,2022,6,Spanish Grand Prix
0 days 02:41:13.440000,36.6,8.0,995.2,False,47.8,69,2.2,2022,6,Spanish Grand Prix
0 days 02:42:13.432000,36.7,9.0,995.2,False,47.9,118,1.6,2022,6,Spanish Grand Prix
0 days 02:43:13.464000,36.7,11.0,995.2,False,47.6,150,1.5,2022,6,Spanish Grand Prix
0 days 00:00:03.938000,24.2,68.0,1002.9,False,42.1,70,0.8,2022,7,Monaco Grand Prix
0 days 00:01:03.941000,24.2,68.0,1002.7,False,41.5,346,0.8,2022,7,Monaco Grand Prix
0 days 00:02:03.935000,24.2,68.0,1002.9,False,41.5,335,2.4,2022,7,Monaco Grand Prix
0 days 00:03:03.939000,24.1,68.0,1002.9,False,41.3,320,0.6,2022,7,Monaco Grand Prix
0 days 00:04:03.938000,24.2,69.0,1002.9,False,41.2,51,0.6,2022,7,Monaco Grand Prix
0 days 00:05:03.930000,24.1,68.0,1002.7,False,41.4,192,1.0,2022,7,Monaco Grand Prix
0 days 00:06:03.939000,24.1,68.0,1002.7,False,41.6,335,0.8,2022,7,Monaco Grand Prix
0 days 00:07:03.938000,24.1,68.0,1002.7,False,41.4,0,0.8,2022,7,Monaco Grand Prix
0 days 00:08:03.938000,24.2,68.0,1002.7,False,41.4,333,1.3,2022,7,Monaco Grand Prix
0 days 00:09:03.946000,24.3,68.0,1002.7,False,41.2,65,0.8,2022,7,Monaco Grand Prix
0 days 00:10:03.953000,24.3,67.0,1002.7,False,41.2,344,0.8,2022,7,Monaco Grand Prix
0 days 00:11:03.944000,24.2,66.0,1002.7,False,40.8,330,2.2,2022,7,Monaco Grand Prix
0 days 00:12:03.940000,24.1,67.0,1002.7,False,40.1,0,1.2,2022,7,Monaco Grand Prix
0 days 00:13:03.939000,24.0,68.0,1002.7,False,40.0,345,0.8,2022,7,Monaco Grand Prix
0 days 00:14:03.943000,24.0,69.0,1002.7,False,40.0,41,1.1,2022,7,Monaco Grand Prix
0 days 00:15:03.941000,23.9,68.0,1002.7,False,39.8,337,1.3,2022,7,Monaco Grand Prix
0 days 00:16:03.944000,23.8,69.0,1002.7,False,39.7,349,2.2,2022,7,Monaco Grand Prix
0 days 00:17:03.940000,23.7,69.0,1002.7,False,39.1,358,1.8,2022,7,Monaco Grand Prix
0 days 00:18:03.939000,23.6,70.0,1002.9,False,39.2,335,1.2,2022,7,Monaco Grand Prix
0 days 00:19:03.938000,23.5,70.0,1002.9,False,39.2,355,1.2,2022,7,Monaco Grand Prix
0 days 00:20:03.939000,23.5,70.0,1002.7,False,39.3,339,1.3,2022,7,Monaco Grand Prix
0 days 00:21:03.941000,23.5,70.0,1002.7,False,39.0,353,1.6,2022,7,Monaco Grand Prix
0 days 00:22:03.939000,23.6,70.0,1002.9,False,39.0,345,1.0,2022,7,Monaco Grand Prix
0 days 00:23:03.941000,23.6,70.0,1002.7,False,39.6,336,1.7,2022,7,Monaco Grand Prix
0 days 00:24:03.975000,23.5,70.0,1002.9,False,38.9,346,1.5,2022,7,Monaco Grand Prix
0 days 00:25:03.939000,23.5,70.0,1002.7,False,38.9,325,2.0,2022,7,Monaco Grand Prix
0 days 00:26:03.944000,23.5,70.0,1002.7,False,39.1,353,1.2,2022,7,Monaco Grand Prix
0 days 00:27:03.940000,23.5,70.0,1002.7,False,39.1,322,1.7,2022,7,Monaco Grand Prix
0 days 00:28:03.944000,23.4,70.0,1002.7,False,39.1,354,0.8,2022,7,Monaco Grand Prix
0 days 00:29:03.940000,23.5,71.0,1002.7,False,39.1,6,1.2,2022,7,Monaco Grand Prix
0 days 00:30:03.939000,23.5,70.0,1002.7,False,39.6,0,0.8,2022,7,Monaco Grand Prix
0 days 00:31:03.939000,23.5,69.0,1002.7,False,39.8,351,1.1,2022,7,Monaco Grand Prix
0 days 00:32:03.936000,23.3,69.0,1002.9,False,39.6,1,1.0,2022,7,Monaco Grand Prix
0 days 00:33:03.958000,23.2,70.0,1002.9,False,38.0,347,1.2,2022,7,Monaco Grand Prix
0 days 00:34:03.940000,23.2,70.0,1002.9,False,37.9,348,1.2,2022,7,Monaco Grand Prix
0 days 00:35:03.940000,23.2,71.0,1002.9,False,37.7,346,1.7,2022,7,Monaco Grand Prix
0 days 00:36:03.940000,23.0,71.0,1002.9,False,37.7,346,1.7,2022,7,Monaco Grand Prix
0 days 00:37:03.940000,23.0,71.0,1003.0,False,37.6,4,1.0,2022,7,Monaco Grand Prix
0 days 00:38:03.941000,23.0,72.0,1002.9,False,37.4,339,1.0,2022,7,Monaco Grand Prix
0 days 00:39:03.940000,22.9,71.0,1003.0,False,37.7,357,1.8,2022,7,Monaco Grand Prix
0 days 00:40:03.940000,23.0,71.0,1003.0,False,37.4,57,1.2,2022,7,Monaco Grand Prix
0 days 00:41:03.941000,23.0,71.0,1003.0,False,37.4,334,0.6,2022,7,Monaco Grand Prix
0 days 00:42:03.939000,23.0,72.0,1003.0,False,37.5,340,1.7,2022,7,Monaco Grand Prix
0 days 00:43:03.943000,23.1,72.0,1002.9,False,37.5,340,1.6,2022,7,Monaco Grand Prix
0 days 00:44:03.939000,23.1,71.0,1002.9,False,37.5,37,1.7,2022,7,Monaco Grand Prix
0 days 00:45:03.943000,23.0,70.0,1002.9,False,37.3,341,1.3,2022,7,Monaco Grand Prix
0 days 00:46:03.941000,22.9,70.0,1002.9,False,36.6,341,1.2,2022,7,Monaco Grand Prix
0 days 00:47:03.962000,22.9,70.0,1002.9,False,36.5,332,1.7,2022,7,Monaco Grand Prix
0 days 00:48:03.940000,22.9,72.0,1002.9,True,36.4,341,1.2,2022,7,Monaco Grand Prix
0 days 00:49:03.940000,22.8,72.0,1002.7,True,36.0,335,1.5,2022,7,Monaco Grand Prix
0 days 00:50:03.940000,22.8,72.0,1002.7,True,36.0,341,1.6,2022,7,Monaco Grand Prix
0 days 00:51:03.950000,22.9,73.0,1002.7,True,35.0,3,1.1,2022,7,Monaco Grand Prix
0 days 00:52:03.942000,22.9,74.0,1002.7,True,34.2,338,0.8,2022,7,Monaco Grand Prix
0 days 00:53:03.941000,23.0,74.0,1002.7,True,33.9,18,0.8,2022,7,Monaco Grand Prix
0 days 00:54:03.964000,23.1,74.0,1002.7,True,33.4,329,0.8,2022,7,Monaco Grand Prix
0 days 00:55:03.974000,22.9,75.0,1002.9,True,32.5,342,1.2,2022,7,Monaco Grand Prix
0 days 00:56:03.941000,22.9,76.0,1002.7,True,32.5,341,1.7,2022,7,Monaco Grand Prix
0 days 00:57:03.942000,22.9,77.0,1002.7,True,32.4,330,2.0,2022,7,Monaco Grand Prix
0 days 00:58:03.942000,22.6,76.0,1002.7,True,32.3,337,1.5,2022,7,Monaco Grand Prix
0 days 00:59:03.942000,22.5,77.0,1002.7,True,32.0,338,1.2,2022,7,Monaco Grand Prix
0 days 01:00:03.943000,22.5,77.0,1002.7,True,32.3,332,1.0,2022,7,Monaco Grand Prix
0 days 01:01:03.943000,22.6,77.0,1002.7,True,32.3,354,1.2,2022,7,Monaco Grand Prix
0 days 01:02:03.953000,22.4,78.0,1002.7,True,32.2,334,0.5,2022,7,Monaco Grand Prix
0 days 01:03:03.941000,22.4,77.0,1002.5,True,32.2,343,1.5,2022,7,Monaco Grand Prix
0 days 01:04:03.933000,22.3,77.0,1002.7,True,32.2,343,1.8,2022,7,Monaco Grand Prix
0 days 01:05:03.951000,22.2,77.0,1002.7,True,31.3,329,2.0,2022,7,Monaco Grand Prix
0 days 01:06:03.941000,22.2,77.0,1002.7,True,30.4,352,1.6,2022,7,Monaco Grand Prix
0 days 01:07:03.943000,22.2,77.0,1002.7,True,30.4,3,1.6,2022,7,Monaco Grand Prix
0 days 01:08:03.942000,22.1,78.0,1002.7,True,30.3,348,1.3,2022,7,Monaco Grand Prix
0 days 01:09:03.943000,22.2,79.0,1002.7,True,30.0,344,1.6,2022,7,Monaco Grand Prix
0 days 01:10:03.944000,22.1,78.0,1002.7,True,30.0,40,1.5,2022,7,Monaco Grand Prix
0 days 01:11:03.948000,22.0,80.0,1002.7,True,29.0,342,0.6,2022,7,Monaco Grand Prix
0 days 01:12:03.943000,21.9,80.0,1002.7,True,28.7,338,1.0,2022,7,Monaco Grand Prix
0 days 01:13:03.947000,21.9,81.0,1002.7,True,28.7,344,1.0,2022,7,Monaco Grand Prix
0 days 01:14:03.943000,21.9,81.0,1002.7,True,28.7,344,1.0,2022,7,Monaco Grand Prix
0 days 01:15:03.944000,21.9,81.0,1002.7,True,28.7,344,1.0,2022,7,Monaco Grand Prix
0 days 01:16:03.944000,21.7,81.0,1002.7,True,28.7,344,1.0,2022,7,Monaco Grand Prix
0 days 01:17:03.957000,21.8,81.0,1002.7,True,28.7,344,1.0,2022,7,Monaco Grand Prix
0 days 01:18:03.946000,21.7,83.0,1002.7,True,29.6,339,1.1,2022,7,Monaco Grand Prix
0 days 01:19:03.943000,21.8,84.0,1002.7,True,30.2,234,0.5,2022,7,Monaco Grand Prix
0 days 01:20:03.946000,21.9,85.0,1002.7,True,28.6,337,1.1,2022,7,Monaco Grand Prix
0 days 01:21:03.961000,22.1,82.0,1002.9,True,27.6,349,2.2,2022,7,Monaco Grand Prix
0 days 01:22:03.942000,22.0,84.0,1002.9,True,26.4,336,1.3,2022,7,Monaco Grand Prix
0 days 01:23:03.943000,21.8,86.0,1002.7,True,26.3,320,0.6,2022,7,Monaco Grand Prix
0 days 01:24:03.949000,21.8,86.0,1002.9,True,26.3,330,0.6,2022,7,Monaco Grand Prix
0 days 01:25:03.953000,21.8,87.0,1002.9,True,27.5,321,1.0,2022,7,Monaco Grand Prix
0 days 01:26:03.945000,21.7,86.0,1002.7,True,28.4,328,0.8,2022,7,Monaco Grand Prix
0 days 01:27:03.943000,21.7,86.0,1002.9,True,28.6,335,0.8,2022,7,Monaco Grand Prix
0 days 01:28:03.942000,21.4,87.0,1003.0,True,28.9,0,1.1,2022,7,Monaco Grand Prix
0 days 01:29:03.941000,21.3,87.0,1002.9,True,29.0,268,0.0,2022,7,Monaco Grand Prix
0 days 01:30:03.946000,21.3,88.0,1002.9,True,29.2,344,0.6,2022,7,Monaco Grand Prix
0 days 01:31:03.962000,21.4,88.0,1002.9,True,29.6,344,0.8,2022,7,Monaco Grand Prix
0 days 01:32:03.974000,21.4,88.0,1003.0,True,29.6,346,0.5,2022,7,Monaco Grand Prix
0 days 01:33:03.993000,21.4,87.0,1003.0,True,29.9,311,0.8,2022,7,Monaco Grand Prix
0 days 01:34:03.978000,21.5,87.0,1003.0,True,29.9,311,0.8,2022,7,Monaco Grand Prix
0 days 01:35:03.994000,21.4,86.0,1002.9,True,29.5,258,0.6,2022,7,Monaco Grand Prix
0 days 01:36:04,21.4,87.0,1002.9,True,29.6,326,0.6,2022,7,Monaco Grand Prix
0 days 01:37:04.006000,21.2,87.0,1002.9,True,29.6,351,0.8,2022,7,Monaco Grand Prix
0 days 01:38:04.022000,21.2,87.0,1002.9,True,29.6,352,1.2,2022,7,Monaco Grand Prix
0 days 01:39:04.037000,21.2,86.0,1002.9,True,29.5,337,1.0,2022,7,Monaco Grand Prix
0 days 01:40:04.038000,21.3,87.0,1002.9,True,29.2,343,1.2,2022,7,Monaco Grand Prix
0 days 01:41:04.053000,21.1,86.0,1002.9,True,28.7,1,2.0,2022,7,Monaco Grand Prix
0 days 01:42:04.061000,21.1,87.0,1002.9,True,28.7,348,1.2,2022,7,Monaco Grand Prix
0 days 01:43:04.079000,21.1,86.0,1002.9,True,28.7,340,1.6,2022,7,Monaco Grand Prix
0 days 01:44:04.080000,21.1,87.0,1002.9,True,28.4,353,1.1,2022,7,Monaco Grand Prix
0 days 01:45:04.068000,21.1,87.0,1002.7,True,27.9,349,2.2,2022,7,Monaco Grand Prix
0 days 01:46:04.069000,21.1,87.0,1002.9,True,27.9,343,1.3,2022,7,Monaco Grand Prix
0 days 01:47:04.068000,21.0,87.0,1002.9,True,28.4,20,1.7,2022,7,Monaco Grand Prix
0 days 01:48:04.069000,21.1,86.0,1002.9,True,28.4,341,1.0,2022,7,Monaco Grand Prix
0 days 01:49:04.077000,21.1,86.0,1003.0,True,28.6,318,1.1,2022,7,Monaco Grand Prix
0 days 01:50:04.070000,21.2,86.0,1003.0,True,28.6,351,1.1,2022,7,Monaco Grand Prix
0 days 01:51:04.072000,21.1,86.0,1003.0,True,28.6,6,1.7,2022,7,Monaco Grand Prix
0 days 01:52:04.069000,20.9,86.0,1002.9,True,28.6,0,1.5,2022,7,Monaco Grand Prix
0 days 01:53:04.070000,20.9,87.0,1002.9,True,28.6,16,1.7,2022,7,Monaco Grand Prix
0 days 01:54:04.075000,21.0,86.0,1003.0,True,28.7,322,0.8,2022,7,Monaco Grand Prix
0 days 01:55:04.068000,21.0,87.0,1003.0,False,28.8,272,1.0,2022,7,Monaco Grand Prix
0 days 01:56:04.077000,21.2,85.0,1002.9,True,29.1,12,1.2,2022,7,Monaco Grand Prix
0 days 01:57:04.069000,21.2,86.0,1003.0,False,29.2,329,0.6,2022,7,Monaco Grand Prix
0 days 01:58:04.069000,21.1,86.0,1003.0,False,29.4,14,0.6,2022,7,Monaco Grand Prix
0 days 01:59:04.071000,21.1,85.0,1003.0,False,29.4,340,1.0,2022,7,Monaco Grand Prix
0 days 02:00:04.073000,21.2,85.0,1003.0,False,29.4,323,1.2,2022,7,Monaco Grand Prix
0 days 02:01:04.069000,21.2,86.0,1003.0,False,29.4,8,0.6,2022,7,Monaco Grand Prix
0 days 02:02:04.070000,21.2,84.0,1003.0,False,29.3,0,0.6,2022,7,Monaco Grand Prix
0 days 02:03:04.074000,21.2,85.0,1003.0,False,29.2,64,1.0,2022,7,Monaco Grand Prix
0 days 02:04:04.071000,21.2,84.0,1003.0,False,29.1,2,2.2,2022,7,Monaco Grand Prix
0 days 02:05:04.072000,21.2,84.0,1003.0,False,28.9,0,1.3,2022,7,Monaco Grand Prix
0 days 02:06:04.079000,21.1,85.0,1003.0,False,28.8,348,0.6,2022,7,Monaco Grand Prix
0 days 02:07:04.081000,21.2,84.0,1003.0,False,29.1,340,1.7,2022,7,Monaco Grand Prix
0 days 02:08:04.070000,21.3,82.0,1003.0,False,29.1,139,3.2,2022,7,Monaco Grand Prix
0 days 02:09:04.072000,21.3,85.0,1003.0,False,28.8,4,0.8,2022,7,Monaco Grand Prix
0 days 02:10:04.078000,21.3,83.0,1003.0,False,28.6,6,1.2,2022,7,Monaco Grand Prix
0 days 02:11:04.100000,21.3,84.0,1003.0,False,28.8,358,1.1,2022,7,Monaco Grand Prix
0 days 02:12:04.081000,21.4,83.0,1003.0,False,28.6,103,0.8,2022,7,Monaco Grand Prix
0 days 02:13:04.072000,21.5,83.0,1003.0,False,28.5,12,0.6,2022,7,Monaco Grand Prix
0 days 02:14:04.070000,21.6,83.0,1003.0,False,28.5,127,0.6,2022,7,Monaco Grand Prix
0 days 02:15:04.074000,21.5,82.0,1003.0,False,28.4,298,0.6,2022,7,Monaco Grand Prix
0 days 02:16:04.081000,21.6,83.0,1003.0,True,28.3,200,0.8,2022,7,Monaco Grand Prix
0 days 02:17:04.071000,21.7,82.0,1003.0,True,28.5,27,0.8,2022,7,Monaco Grand Prix
0 days 02:18:04.076000,21.8,81.0,1003.0,True,28.2,278,1.2,2022,7,Monaco Grand Prix
0 days 02:19:04.086000,21.7,81.0,1003.0,True,28.1,2,0.5,2022,7,Monaco Grand Prix
0 days 02:20:04.146000,21.6,81.0,1003.0,True,28.1,202,0.6,2022,7,Monaco Grand Prix
0 days 02:21:04.124000,21.7,81.0,1003.2,True,28.2,271,0.6,2022,7,Monaco Grand Prix
0 days 02:22:04.138000,21.9,80.0,1003.2,True,28.3,183,0.8,2022,7,Monaco Grand Prix
0 days 02:23:04.151000,21.9,80.0,1003.2,True,27.9,357,1.1,2022,7,Monaco Grand Prix
0 days 02:24:04.166000,22.0,79.0,1003.2,True,27.6,79,0.8,2022,7,Monaco Grand Prix
0 days 02:25:04.156000,21.9,78.0,1003.2,True,27.3,254,0.5,2022,7,Monaco Grand Prix
0 days 02:26:04.167000,22.0,79.0,1003.2,True,27.1,28,0.6,2022,7,Monaco Grand Prix
0 days 02:27:04.181000,22.0,77.0,1003.2,True,27.0,98,1.3,2022,7,Monaco Grand Prix
0 days 02:28:04.231000,21.9,78.0,1003.2,True,27.0,346,0.6,2022,7,Monaco Grand Prix
0 days 02:29:04.204000,21.8,79.0,1003.2,True,26.4,187,0.4,2022,7,Monaco Grand Prix
0 days 02:30:04.198000,21.9,78.0,1003.2,True,27.2,214,1.1,2022,7,Monaco Grand Prix
0 days 02:31:04.202000,21.9,78.0,1003.2,True,27.0,214,1.0,2022,7,Monaco Grand Prix
0 days 02:32:04.198000,21.9,77.0,1003.2,True,26.9,4,1.0,2022,7,Monaco Grand Prix
0 days 02:33:04.205000,22.1,76.0,1003.2,False,26.9,0,0.8,2022,7,Monaco Grand Prix
0 days 02:34:04.198000,22.0,77.0,1003.2,True,26.8,355,0.4,2022,7,Monaco Grand Prix
0 days 02:35:04.202000,22.0,77.0,1003.2,True,27.1,110,0.6,2022,7,Monaco Grand Prix
0 days 02:36:04.202000,22.1,76.0,1003.2,True,27.1,139,0.6,2022,7,Monaco Grand Prix
0 days 02:37:04.217000,22.0,77.0,1003.2,True,27.1,117,0.5,2022,7,Monaco Grand Prix
0 days 02:38:04.205000,22.0,76.0,1003.2,True,27.5,111,0.4,2022,7,Monaco Grand Prix
0 days 02:39:04.188000,22.1,76.0,1003.2,True,27.6,108,0.5,2022,7,Monaco Grand Prix
0 days 02:40:04.200000,22.2,76.0,1003.2,True,27.4,116,0.5,2022,7,Monaco Grand Prix
0 days 02:41:04.203000,22.1,76.0,1003.0,True,27.3,78,0.3,2022,7,Monaco Grand Prix
0 days 02:42:04.204000,22.2,75.0,1003.2,True,27.3,0,0.0,2022,7,Monaco Grand Prix
0 days 02:43:04.200000,22.1,76.0,1003.2,True,27.2,173,0.0,2022,7,Monaco Grand Prix
0 days 02:44:04.199000,22.2,75.0,1003.2,True,27.6,0,0.8,2022,7,Monaco Grand Prix
0 days 02:45:04.201000,22.2,75.0,1003.2,True,27.8,0,0.8,2022,7,Monaco Grand Prix
0 days 02:46:04.200000,22.3,76.0,1003.2,True,27.9,292,0.3,2022,7,Monaco Grand Prix
0 days 02:47:04.207000,22.3,75.0,1003.2,True,27.9,170,0.8,2022,7,Monaco Grand Prix
0 days 02:48:04.198000,22.2,75.0,1003.2,True,27.9,170,1.0,2022,7,Monaco Grand Prix
0 days 02:49:04.223000,22.3,75.0,1003.2,True,28.0,153,0.6,2022,7,Monaco Grand Prix
0 days 02:50:04.212000,22.4,75.0,1003.2,True,28.3,131,0.8,2022,7,Monaco Grand Prix
0 days 02:51:04.200000,22.3,73.0,1003.2,True,28.7,41,0.5,2022,7,Monaco Grand Prix
0 days 02:52:04.275000,22.4,73.0,1003.2,True,28.7,72,0.6,2022,7,Monaco Grand Prix
0 days 02:53:04.199000,22.3,73.0,1003.0,True,28.3,0,0.6,2022,7,Monaco Grand Prix
0 days 02:54:04.201000,22.3,73.0,1003.2,False,27.8,346,0.5,2022,7,Monaco Grand Prix
0 days 02:55:04.201000,22.3,74.0,1003.2,False,27.8,102,0.6,2022,7,Monaco Grand Prix
0 days 02:56:04.202000,22.2,75.0,1003.2,False,27.8,191,0.6,2022,7,Monaco Grand Prix
0 days 02:57:04.199000,22.2,74.0,1003.2,False,28.4,343,0.6,2022,7,Monaco Grand Prix
0 days 02:58:04.244000,22.2,74.0,1003.2,False,28.4,342,1.1,2022,7,Monaco Grand Prix
0 days 02:59:04.318000,22.2,73.0,1003.2,False,28.4,3,1.3,2022,7,Monaco Grand Prix
0 days 03:00:04.230000,22.1,74.0,1003.0,False,28.2,338,1.1,2022,7,Monaco Grand Prix
0 days 03:01:04.230000,22.1,74.0,1003.2,False,28.2,159,1.5,2022,7,Monaco Grand Prix
0 days 03:02:04.278000,22.0,74.0,1003.2,False,28.1,63,0.6,2022,7,Monaco Grand Prix
0 days 03:03:04.246000,22.0,75.0,1003.2,False,28.2,333,0.4,2022,7,Monaco Grand Prix
0 days 03:04:04.251000,22.0,74.0,1003.2,False,28.5,10,0.8,2022,7,Monaco Grand Prix
0 days 03:05:04.250000,22.0,74.0,1003.2,False,28.6,30,0.0,2022,7,Monaco Grand Prix
0 days 03:06:04.245000,22.0,74.0,1003.2,False,28.5,56,1.0,2022,7,Monaco Grand Prix
0 days 03:07:04.259000,22.0,75.0,1003.2,False,28.5,312,0.6,2022,7,Monaco Grand Prix
0 days 03:08:04.276000,21.9,74.0,1003.2,False,28.5,0,0.0,2022,7,Monaco Grand Prix
0 days 03:09:04.276000,21.9,73.0,1003.2,False,28.5,28,0.5,2022,7,Monaco Grand Prix
0 days 03:10:04.291000,21.9,74.0,1003.2,False,28.5,12,0.6,2022,7,Monaco Grand Prix
0 days 03:11:04.308000,21.9,73.0,1003.2,False,28.3,1,0.8,2022,7,Monaco Grand Prix
0 days 03:12:04.322000,21.9,74.0,1003.2,False,28.2,281,0.5,2022,7,Monaco Grand Prix
0 days 03:13:04.323000,21.9,73.0,1003.2,False,28.2,40,0.5,2022,7,Monaco Grand Prix
0 days 03:14:04.342000,21.9,73.0,1003.2,False,28.1,13,1.2,2022,7,Monaco Grand Prix
0 days 03:15:04.364000,21.9,73.0,1003.2,False,28.1,13,1.2,2022,7,Monaco Grand Prix
0 days 03:16:04.371000,21.8,73.0,1003.2,False,28.0,0,0.6,2022,7,Monaco Grand Prix
0 days 03:17:04.371000,21.9,73.0,1003.2,False,28.0,0,0.3,2022,7,Monaco Grand Prix
0 days 03:18:04.371000,21.9,74.0,1003.2,False,28.0,323,0.6,2022,7,Monaco Grand Prix
0 days 03:19:04.398000,21.9,74.0,1003.2,False,28.3,0,0.8,2022,7,Monaco Grand Prix
0 days 03:20:04.424000,21.9,73.0,1003.2,False,28.5,0,0.6,2022,7,Monaco Grand Prix
0 days 03:21:04.419000,22.0,73.0,1003.2,False,28.6,186,0.4,2022,7,Monaco Grand Prix
0 days 03:22:04.416000,22.0,73.0,1003.2,False,28.8,257,1.0,2022,7,Monaco Grand Prix
0 days 03:23:04.439000,22.1,72.0,1003.2,False,28.8,159,1.1,2022,7,Monaco Grand Prix
0 days 03:24:04.450000,22.2,72.0,1003.0,False,28.9,86,0.6,2022,7,Monaco Grand Prix
0 days 03:25:04.448000,22.3,71.0,1003.2,False,28.9,239,0.5,2022,7,Monaco Grand Prix
0 days 03:26:04.448000,22.3,72.0,1003.0,True,29.1,260,1.2,2022,7,Monaco Grand Prix
0 days 03:27:04.461000,22.3,70.0,1003.0,False,29.1,330,1.2,2022,7,Monaco Grand Prix
0 days 03:28:04.451000,22.4,70.0,1003.2,False,28.8,0,0.6,2022,7,Monaco Grand Prix
0 days 03:29:04.448000,22.3,70.0,1003.2,False,28.8,55,0.6,2022,7,Monaco Grand Prix
0 days 03:30:04.448000,22.3,71.0,1003.0,False,28.7,300,0.4,2022,7,Monaco Grand Prix
0 days 03:31:04.451000,22.4,71.0,1003.2,False,28.9,188,0.6,2022,7,Monaco Grand Prix
0 days 03:32:04.450000,22.5,71.0,1003.2,False,29.1,146,0.6,2022,7,Monaco Grand Prix
0 days 03:33:04.448000,22.5,71.0,1003.2,False,29.4,178,0.8,2022,7,Monaco Grand Prix
0 days 03:34:04.457000,22.6,70.0,1003.2,False,29.4,201,0.8,2022,7,Monaco Grand Prix
0 days 03:35:04.452000,22.4,69.0,1003.2,False,29.5,161,1.1,2022,7,Monaco Grand Prix
0 days 03:36:04.453000,22.4,69.0,1003.2,False,29.0,189,1.0,2022,7,Monaco Grand Prix
0 days 03:37:04.455000,22.3,70.0,1003.2,False,28.7,170,0.6,2022,7,Monaco Grand Prix
0 days 03:38:04.456000,22.4,71.0,1003.2,False,29.0,183,1.2,2022,7,Monaco Grand Prix
0 days 03:39:04.448000,22.5,70.0,1003.2,False,29.0,158,0.8,2022,7,Monaco Grand Prix
0 days 03:40:04.449000,22.5,69.0,1003.2,False,29.6,0,1.5,2022,7,Monaco Grand Prix
0 days 03:41:04.457000,22.6,69.0,1003.2,False,29.7,195,0.8,2022,7,Monaco Grand Prix
0 days 03:42:04.465000,22.5,68.0,1003.2,False,29.8,211,1.5,2022,7,Monaco Grand Prix
0 days 03:43:04.451000,22.6,68.0,1003.2,False,29.5,200,1.2,2022,7,Monaco Grand Prix
0 days 03:44:04.448000,22.6,68.0,1003.2,False,29.5,185,1.2,2022,7,Monaco Grand Prix
0 days 03:45:04.450000,22.6,68.0,1003.2,False,29.2,300,1.7,2022,7,Monaco Grand Prix
0 days 03:46:04.450000,22.5,67.0,1003.2,False,29.2,296,1.1,2022,7,Monaco Grand Prix
0 days 03:47:04.463000,22.4,64.0,1003.4,False,29.2,121,1.0,2022,7,Monaco Grand Prix
0 days 03:48:04.465000,22.4,66.0,1003.2,False,29.2,183,0.6,2022,7,Monaco Grand Prix
0 days 03:49:04.480000,22.5,67.0,1003.2,False,29.1,134,0.8,2022,7,Monaco Grand Prix
0 days 03:50:04.506000,22.3,67.0,1003.2,False,29.1,340,0.4,2022,7,Monaco Grand Prix
0 days 03:51:04.513000,22.4,66.0,1003.4,False,29.1,187,1.2,2022,7,Monaco Grand Prix
0 days 03:52:04.518000,22.5,66.0,1003.2,False,29.1,104,0.5,2022,7,Monaco Grand Prix
0 days 03:53:04.521000,22.4,66.0,1003.2,False,29.1,168,0.6,2022,7,Monaco Grand Prix
0 days 03:54:04.543000,22.4,67.0,1003.2,False,29.5,87,0.8,2022,7,Monaco Grand Prix
0 days 03:55:04.545000,22.4,65.0,1003.2,False,29.3,0,0.6,2022,7,Monaco Grand Prix
0 days 03:56:04.545000,22.3,65.0,1003.2,False,29.1,199,0.4,2022,7,Monaco Grand Prix
0 days 03:57:04.545000,22.3,65.0,1003.4,False,29.1,173,1.1,2022,7,Monaco Grand Prix
0 days 03:58:04.549000,22.2,65.0,1003.2,False,29.1,0,0.8,2022,7,Monaco Grand Prix
0 days 03:59:04.686000,22.2,66.0,1003.2,False,28.9,40,0.5,2022,7,Monaco Grand Prix
0 days 04:00:04.543000,22.3,65.0,1003.4,False,29.5,166,1.0,2022,7,Monaco Grand Prix
0 days 04:01:04.560000,22.4,65.0,1003.2,False,29.9,165,1.1,2022,7,Monaco Grand Prix
0 days 04:02:04.561000,22.4,66.0,1003.2,False,29.8,142,0.6,2022,7,Monaco Grand Prix
0 days 04:03:04.570000,22.5,66.0,1003.2,False,30.1,0,0.6,2022,7,Monaco Grand Prix
0 days 04:04:04.596000,22.6,65.0,1003.2,True,30.4,180,0.6,2022,7,Monaco Grand Prix
0 days 00:00:45.873000,25.7,56.0,1010.7,False,49.2,284,0.8,2022,8,Azerbaijan Grand Prix
0 days 00:01:45.871000,25.8,54.0,1010.7,False,50.1,264,0.8,2022,8,Azerbaijan Grand Prix
0 days 00:02:45.872000,25.8,55.0,1010.7,False,49.5,322,0.8,2022,8,Azerbaijan Grand Prix
0 days 00:03:45.884000,25.8,55.0,1010.5,False,48.9,172,1.0,2022,8,Azerbaijan Grand Prix
0 days 00:04:45.872000,25.7,55.0,1010.7,False,48.8,174,0.8,2022,8,Azerbaijan Grand Prix
0 days 00:05:45.884000,25.8,54.0,1010.7,False,48.9,322,0.6,2022,8,Azerbaijan Grand Prix
0 days 00:06:45.873000,25.5,55.0,1010.7,False,48.9,331,1.5,2022,8,Azerbaijan Grand Prix
0 days 00:07:45.871000,25.5,56.0,1010.7,False,48.8,66,1.1,2022,8,Azerbaijan Grand Prix
0 days 00:08:45.870000,25.5,56.0,1010.5,False,48.8,293,0.8,2022,8,Azerbaijan Grand Prix
0 days 00:09:45.872000,25.7,54.0,1010.7,False,48.8,274,1.3,2022,8,Azerbaijan Grand Prix
0 days 00:10:45.878000,25.7,54.0,1010.5,False,49.4,279,1.5,2022,8,Azerbaijan Grand Prix
0 days 00:11:45.874000,25.6,53.0,1010.5,False,50.1,273,1.6,2022,8,Azerbaijan Grand Prix
0 days 00:12:45.874000,25.8,52.0,1010.5,False,50.1,280,1.3,2022,8,Azerbaijan Grand Prix
0 days 00:13:45.874000,25.8,53.0,1010.5,False,50.3,287,2.2,2022,8,Azerbaijan Grand Prix
0 days 00:14:45.874000,25.6,56.0,1010.5,False,49.9,272,1.8,2022,8,Azerbaijan Grand Prix
0 days 00:15:45.872000,25.6,56.0,1010.5,False,50.2,216,1.6,2022,8,Azerbaijan Grand Prix
0 days 00:16:45.874000,25.5,56.0,1010.5,False,50.2,271,1.8,2022,8,Azerbaijan Grand Prix
0 days 00:17:45.881000,25.4,58.0,1010.5,False,49.4,279,1.0,2022,8,Azerbaijan Grand Prix
0 days 00:18:45.886000,25.5,56.0,1010.4,False,49.4,293,0.8,2022,8,Azerbaijan Grand Prix
0 days 00:19:45.874000,25.4,56.0,1010.5,False,49.8,280,0.6,2022,8,Azerbaijan Grand Prix
0 days 00:20:45.874000,25.3,55.0,1010.5,False,50.0,324,1.2,2022,8,Azerbaijan Grand Prix
0 days 00:21:45.905000,25.4,54.0,1010.4,False,49.6,281,1.0,2022,8,Azerbaijan Grand Prix
0 days 00:22:45.878000,25.5,54.0,1010.4,False,50.5,248,2.0,2022,8,Azerbaijan Grand Prix
0 days 00:23:45.874000,25.5,56.0,1010.5,False,50.5,189,1.7,2022,8,Azerbaijan Grand Prix
0 days 00:24:45.878000,25.7,55.0,1010.5,False,50.5,273,0.8,2022,8,Azerbaijan Grand Prix
0 days 00:25:45.875000,25.7,55.0,1010.4,False,50.9,0,0.6,2022,8,Azerbaijan Grand Prix
0 days 00:26:45.873000,25.8,55.0,1010.5,False,50.9,283,0.8,2022,8,Azerbaijan Grand Prix
0 days 00:27:45.873000,25.7,53.0,1010.5,False,49.4,164,1.1,2022,8,Azerbaijan Grand Prix
0 days 00:28:45.866000,25.8,53.0,1010.4,False,49.4,109,0.6,2022,8,Azerbaijan Grand Prix
0 days 00:29:45.872000,25.7,52.0,1010.5,False,47.9,298,1.2,2022,8,Azerbaijan Grand Prix
0 days 00:30:45.874000,25.5,53.0,1010.4,False,48.3,264,1.6,2022,8,Azerbaijan Grand Prix
0 days 00:31:45.874000,25.6,55.0,1010.4,False,49.3,239,2.0,2022,8,Azerbaijan Grand Prix
0 days 00:32:45.873000,25.7,55.0,1010.4,False,49.7,249,1.1,2022,8,Azerbaijan Grand Prix
0 days 00:33:45.872000,25.7,56.0,1010.4,False,49.7,221,1.7,2022,8,Azerbaijan Grand Prix
0 days 00:34:45.886000,25.7,56.0,1010.4,False,49.7,279,1.7,2022,8,Azerbaijan Grand Prix
0 days 00:35:45.874000,25.5,57.0,1010.4,False,40.9,299,1.8,2022,8,Azerbaijan Grand Prix
0 days 00:36:45.879000,25.6,58.0,1010.4,False,48.0,281,1.7,2022,8,Azerbaijan Grand Prix
0 days 00:37:45.874000,25.4,58.0,1010.2,False,48.0,342,1.2,2022,8,Azerbaijan Grand Prix
0 days 00:38:45.876000,25.3,56.0,1010.4,False,48.0,0,1.1,2022,8,Azerbaijan Grand Prix
0 days 00:39:45.874000,25.4,56.0,1010.2,False,48.0,282,1.2,2022,8,Azerbaijan Grand Prix
0 days 00:40:45.894000,25.4,57.0,1010.2,False,48.0,127,1.2,2022,8,Azerbaijan Grand Prix
0 days 00:41:45.874000,25.5,57.0,1010.2,False,48.0,247,1.0,2022,8,Azerbaijan Grand Prix
0 days 00:42:45.884000,25.5,57.0,1010.2,False,48.5,299,1.1,2022,8,Azerbaijan Grand Prix
0 days 00:43:45.873000,25.4,58.0,1010.4,False,48.5,213,0.8,2022,8,Azerbaijan Grand Prix
0 days 00:44:45.871000,25.5,57.0,1010.2,False,48.5,316,1.2,2022,8,Azerbaijan Grand Prix
0 days 00:45:45.875000,25.6,57.0,1010.2,False,48.5,332,1.1,2022,8,Azerbaijan Grand Prix
0 days 00:46:45.875000,25.7,55.0,1010.2,False,48.5,0,1.0,2022,8,Azerbaijan Grand Prix
0 days 00:47:45.875000,25.7,54.0,1010.2,False,48.5,284,0.5,2022,8,Azerbaijan Grand Prix
0 days 00:48:45.884000,25.8,56.0,1010.2,False,48.5,337,0.8,2022,8,Azerbaijan Grand Prix
0 days 00:49:45.875000,26.1,54.0,1010.4,False,48.5,338,0.5,2022,8,Azerbaijan Grand Prix
0 days 00:50:45.879000,26.1,56.0,1010.2,False,48.5,165,0.8,2022,8,Azerbaijan Grand Prix
0 days 00:51:45.866000,26.1,56.0,1010.2,False,48.5,301,1.1,2022,8,Azerbaijan Grand Prix
0 days 00:52:45.878000,25.9,57.0,1010.2,False,48.2,281,2.0,2022,8,Azerbaijan Grand Prix
0 days 00:53:45.876000,25.7,57.0,1010.2,False,48.2,182,2.0,2022,8,Azerbaijan Grand Prix
0 days 00:54:45.885000,25.7,57.0,1010.2,False,48.2,320,1.7,2022,8,Azerbaijan Grand Prix
0 days 00:55:45.901000,25.5,59.0,1010.2,False,48.2,312,1.5,2022,8,Azerbaijan Grand Prix
0 days 00:56:45.893000,25.5,59.0,1010.2,False,47.9,273,0.8,2022,8,Azerbaijan Grand Prix
0 days 00:57:45.892000,25.6,57.0,1010.2,False,47.9,260,0.8,2022,8,Azerbaijan Grand Prix
0 days 00:58:45.906000,25.7,55.0,1010.2,False,46.7,145,0.8,2022,8,Azerbaijan Grand Prix
0 days 00:59:46.014000,25.7,56.0,1010.2,False,48.3,117,0.8,2022,8,Azerbaijan Grand Prix
0 days 01:00:45.949000,25.8,57.0,1010.2,False,48.1,312,0.8,2022,8,Azerbaijan Grand Prix
0 days 01:01:45.923000,25.8,56.0,1010.2,False,49.3,242,1.1,2022,8,Azerbaijan Grand Prix
0 days 01:02:45.924000,25.9,56.0,1010.0,False,48.6,2,0.6,2022,8,Azerbaijan Grand Prix
0 days 01:03:45.923000,25.9,57.0,1010.2,False,47.6,120,1.1,2022,8,Azerbaijan Grand Prix
0 days 01:04:45.921000,25.9,57.0,1010.0,False,47.6,271,0.5,2022,8,Azerbaijan Grand Prix
0 days 01:05:45.920000,25.9,56.0,1010.0,False,48.5,256,1.2,2022,8,Azerbaijan Grand Prix
0 days 01:06:46.773000,25.8,56.0,1010.0,False,48.5,256,1.2,2022,8,Azerbaijan Grand Prix
0 days 01:07:45.922000,25.8,56.0,1010.0,False,48.5,256,1.2,2022,8,Azerbaijan Grand Prix
0 days 01:08:45.924000,25.2,56.0,1010.0,False,48.5,256,1.2,2022,8,Azerbaijan Grand Prix
0 days 01:09:45.938000,25.3,56.0,1010.0,False,48.5,256,1.2,2022,8,Azerbaijan Grand Prix
0 days 01:10:45.953000,25.7,60.0,1010.2,False,47.4,282,1.7,2022,8,Azerbaijan Grand Prix
0 days 01:11:45.959000,25.6,59.0,1010.0,False,47.9,297,1.8,2022,8,Azerbaijan Grand Prix
0 days 01:12:45.971000,25.6,60.0,1009.9,False,47.7,287,1.7,2022,8,Azerbaijan Grand Prix
0 days 01:13:45.971000,25.6,59.0,1010.2,False,47.7,307,2.2,2022,8,Azerbaijan Grand Prix
0 days 01:14:45.971000,25.4,60.0,1010.0,False,46.9,271,1.7,2022,8,Azerbaijan Grand Prix
0 days 01:15:45.995000,25.5,60.0,1010.2,False,46.9,285,2.0,2022,8,Azerbaijan Grand Prix
0 days 01:16:45.995000,25.5,62.0,1010.0,False,47.0,309,1.7,2022,8,Azerbaijan Grand Prix
0 days 01:17:45.985000,25.7,61.0,1010.0,False,47.0,314,1.8,2022,8,Azerbaijan Grand Prix
0 days 01:18:46.006000,25.8,61.0,1010.0,False,46.8,302,2.2,2022,8,Azerbaijan Grand Prix
0 days 01:19:46.007000,25.7,60.0,1010.0,False,46.7,308,1.0,2022,8,Azerbaijan Grand Prix
0 days 01:20:46.006000,25.6,60.0,1010.0,False,47.2,177,1.7,2022,8,Azerbaijan Grand Prix
0 days 01:21:46.008000,25.5,61.0,1010.0,False,47.2,286,1.0,2022,8,Azerbaijan Grand Prix
0 days 01:22:46.006000,25.5,61.0,1010.0,False,46.7,280,1.2,2022,8,Azerbaijan Grand Prix
0 days 01:23:46.014000,25.4,61.0,1010.0,False,47.2,271,1.6,2022,8,Azerbaijan Grand Prix
0 days 01:24:46.016000,25.4,62.0,1010.0,False,47.9,285,1.7,2022,8,Azerbaijan Grand Prix
0 days 01:25:46.016000,25.3,60.0,1010.0,False,47.2,286,1.8,2022,8,Azerbaijan Grand Prix
0 days 01:26:46.012000,25.3,60.0,1010.0,False,47.2,315,2.4,2022,8,Azerbaijan Grand Prix
0 days 01:27:46.006000,25.5,60.0,1009.9,False,47.2,235,1.2,2022,8,Azerbaijan Grand Prix
0 days 01:28:46.009000,25.6,61.0,1010.0,False,47.2,308,1.7,2022,8,Azerbaijan Grand Prix
0 days 01:29:46.004000,25.6,61.0,1009.9,False,47.2,283,1.5,2022,8,Azerbaijan Grand Prix
0 days 01:30:46.006000,25.6,61.0,1009.9,False,46.5,299,2.0,2022,8,Azerbaijan Grand Prix
0 days 01:31:46.011000,25.6,61.0,1009.9,False,46.8,356,1.6,2022,8,Azerbaijan Grand Prix
0 days 01:32:46.008000,25.6,62.0,1009.9,False,46.5,188,1.2,2022,8,Azerbaijan Grand Prix
0 days 01:33:46.007000,25.8,61.0,1009.9,False,46.5,266,1.0,2022,8,Azerbaijan Grand Prix
0 days 01:34:46.006000,25.8,61.0,1009.9,False,46.5,268,1.2,2022,8,Azerbaijan Grand Prix
0 days 01:35:46.008000,25.8,60.0,1009.9,False,46.5,327,1.0,2022,8,Azerbaijan Grand Prix
0 days 01:36:46.008000,25.8,60.0,1009.9,False,46.5,284,1.2,2022,8,Azerbaijan Grand Prix
0 days 01:37:46.045000,25.6,60.0,1009.7,False,46.6,285,2.0,2022,8,Azerbaijan Grand Prix
0 days 01:38:46.012000,25.5,61.0,1009.7,False,46.5,305,1.7,2022,8,Azerbaijan Grand Prix
0 days 01:39:46.011000,25.4,62.0,1009.7,False,46.1,311,1.7,2022,8,Azerbaijan Grand Prix
0 days 01:40:46.018000,25.4,62.0,1009.9,False,46.1,356,1.2,2022,8,Azerbaijan Grand Prix
0 days 01:41:46.020000,25.6,61.0,1009.7,False,46.2,265,0.6,2022,8,Azerbaijan Grand Prix
0 days 01:42:46.042000,25.6,60.0,1009.5,False,45.6,277,1.3,2022,8,Azerbaijan Grand Prix
0 days 01:43:46.035000,25.5,60.0,1009.5,False,45.6,276,1.7,2022,8,Azerbaijan Grand Prix
0 days 01:44:46.053000,25.4,61.0,1009.7,False,45.3,257,1.6,2022,8,Azerbaijan Grand Prix
0 days 01:45:46.068000,25.4,61.0,1009.7,False,45.7,232,1.6,2022,8,Azerbaijan Grand Prix
0 days 01:46:46.078000,25.5,62.0,1009.7,False,45.7,247,1.7,2022,8,Azerbaijan Grand Prix
0 days 01:47:46.071000,25.6,62.0,1009.7,False,45.7,277,1.6,2022,8,Azerbaijan Grand Prix
0 days 01:48:46.066000,25.5,63.0,1009.5,False,45.8,289,1.7,2022,8,Azerbaijan Grand Prix
0 days 01:49:46.092000,25.3,62.0,1009.5,False,45.8,246,1.7,2022,8,Azerbaijan Grand Prix
0 days 01:50:46.098000,25.3,63.0,1009.5,False,45.8,282,1.7,2022,8,Azerbaijan Grand Prix
0 days 01:51:46.101000,25.2,63.0,1009.5,False,45.7,290,1.7,2022,8,Azerbaijan Grand Prix
0 days 01:52:46.098000,25.1,64.0,1009.5,False,46.1,205,2.0,2022,8,Azerbaijan Grand Prix
0 days 01:53:46.125000,25.1,62.0,1009.5,False,45.9,291,1.7,2022,8,Azerbaijan Grand Prix
0 days 01:54:46.117000,25.2,64.0,1009.5,False,45.8,285,2.5,2022,8,Azerbaijan Grand Prix
0 days 01:55:46.130000,25.2,64.0,1009.5,False,45.3,294,2.5,2022,8,Azerbaijan Grand Prix
0 days 01:56:46.129000,25.2,64.0,1009.5,False,45.3,275,2.5,2022,8,Azerbaijan Grand Prix
0 days 01:57:46.129000,25.3,65.0,1009.5,False,45.3,294,1.2,2022,8,Azerbaijan Grand Prix
0 days 01:58:46.144000,25.2,64.0,1009.5,False,45.5,285,2.0,2022,8,Azerbaijan Grand Prix
0 days 01:59:46.168000,25.1,63.0,1009.5,False,45.5,285,1.7,2022,8,Azerbaijan Grand Prix
0 days 02:00:46.162000,25.0,63.0,1009.5,False,45.7,290,2.0,2022,8,Azerbaijan Grand Prix
0 days 02:01:46.161000,25.1,64.0,1009.4,False,45.7,288,1.8,2022,8,Azerbaijan Grand Prix
0 days 02:02:46.195000,25.0,64.0,1009.4,False,45.7,286,2.2,2022,8,Azerbaijan Grand Prix
0 days 02:03:46.166000,24.9,64.0,1009.4,False,45.7,322,1.6,2022,8,Azerbaijan Grand Prix
0 days 02:04:46.178000,25.0,65.0,1009.4,False,45.2,290,1.7,2022,8,Azerbaijan Grand Prix
0 days 02:05:46.176000,24.9,64.0,1009.4,False,45.1,276,1.7,2022,8,Azerbaijan Grand Prix
0 days 02:06:46.177000,24.9,64.0,1009.4,False,45.2,253,1.6,2022,8,Azerbaijan Grand Prix
0 days 02:07:46.178000,24.9,64.0,1009.4,False,45.4,296,2.2,2022,8,Azerbaijan Grand Prix
0 days 02:08:46.186000,25.1,64.0,1009.4,False,46.1,288,2.2,2022,8,Azerbaijan Grand Prix
0 days 02:09:46.179000,24.9,64.0,1009.4,False,46.1,301,1.2,2022,8,Azerbaijan Grand Prix
0 days 02:10:46.193000,24.9,64.0,1009.4,False,45.8,289,1.7,2022,8,Azerbaijan Grand Prix
0 days 02:11:46.209000,25.0,65.0,1009.4,False,45.7,297,2.0,2022,8,Azerbaijan Grand Prix
0 days 02:12:46.215000,24.9,65.0,1009.2,False,45.2,293,1.7,2022,8,Azerbaijan Grand Prix
0 days 02:13:46.223000,25.0,65.0,1009.2,False,45.7,258,1.7,2022,8,Azerbaijan Grand Prix
0 days 02:14:46.245000,25.1,65.0,1009.2,False,45.7,294,1.5,2022,8,Azerbaijan Grand Prix
0 days 02:15:46.240000,25.1,65.0,1009.2,False,45.7,302,1.3,2022,8,Azerbaijan Grand Prix
0 days 02:16:46.254000,25.1,63.0,1009.2,False,45.7,280,1.8,2022,8,Azerbaijan Grand Prix
0 days 02:17:46.257000,25.0,64.0,1009.2,False,45.7,302,2.7,2022,8,Azerbaijan Grand Prix
0 days 02:18:46.255000,25.0,64.0,1009.2,False,45.1,299,2.5,2022,8,Azerbaijan Grand Prix
0 days 02:19:46.266000,25.0,64.0,1009.2,False,45.0,283,2.5,2022,8,Azerbaijan Grand Prix
0 days 02:20:46.335000,25.0,65.0,1009.2,False,45.0,293,2.2,2022,8,Azerbaijan Grand Prix
0 days 02:21:46.266000,25.0,65.0,1009.4,False,45.1,280,2.0,2022,8,Azerbaijan Grand Prix
0 days 02:22:46.258000,25.1,64.0,1009.2,False,45.3,282,2.0,2022,8,Azerbaijan Grand Prix
0 days 02:23:46.256000,25.0,64.0,1009.2,False,45.2,284,2.2,2022,8,Azerbaijan Grand Prix
0 days 02:24:46.263000,24.9,64.0,1009.2,False,45.0,284,2.4,2022,8,Azerbaijan Grand Prix
0 days 02:25:46.263000,24.9,64.0,1009.2,False,44.8,312,2.4,2022,8,Azerbaijan Grand Prix
0 days 02:26:46.255000,25.0,64.0,1009.2,False,44.9,284,2.7,2022,8,Azerbaijan Grand Prix
0 days 02:27:46.268000,25.2,65.0,1009.2,False,44.8,338,2.0,2022,8,Azerbaijan Grand Prix
0 days 02:28:46.249000,25.3,63.0,1009.2,False,44.7,336,1.7,2022,8,Azerbaijan Grand Prix
0 days 02:29:46.258000,25.2,62.0,1009.2,False,45.0,285,1.7,2022,8,Azerbaijan Grand Prix
0 days 02:30:46.255000,24.9,61.0,1009.2,False,45.0,289,2.9,2022,8,Azerbaijan Grand Prix
0 days 02:31:46.266000,24.9,62.0,1009.2,False,45.0,294,2.0,2022,8,Azerbaijan Grand Prix
0 days 02:32:46.264000,25.0,63.0,1009.2,False,44.6,285,2.2,2022,8,Azerbaijan Grand Prix
0 days 02:33:46.437000,25.2,63.0,1009.2,False,44.6,255,2.0,2022,8,Azerbaijan Grand Prix
0 days 02:34:46.264000,25.1,62.0,1009.0,False,44.1,299,2.0,2022,8,Azerbaijan Grand Prix
0 days 02:35:46.254000,25.1,63.0,1009.2,False,44.1,274,2.4,2022,8,Azerbaijan Grand Prix
0 days 02:36:46.262000,25.0,63.0,1009.0,False,44.3,285,2.2,2022,8,Azerbaijan Grand Prix
0 days 02:37:46.258000,25.0,64.0,1009.2,False,44.6,303,2.5,2022,8,Azerbaijan Grand Prix
0 days 02:38:46.262000,25.0,63.0,1009.2,False,44.6,264,2.0,2022,8,Azerbaijan Grand Prix
0 days 02:39:46.288000,25.1,63.0,1009.2,False,44.6,276,1.7,2022,8,Azerbaijan Grand Prix
0 days 02:40:46.291000,25.2,63.0,1009.0,False,44.7,266,1.6,2022,8,Azerbaijan Grand Prix
0 days 00:00:49.358000,19.1,32.0,1012.7,False,38.9,339,3.9,2022,9,Canadian Grand Prix
0 days 00:01:49.357000,19.1,32.0,1012.9,False,38.9,32,1.7,2022,9,Canadian Grand Prix
0 days 00:02:49.347000,19.1,33.0,1012.7,False,39.1,16,2.2,2022,9,Canadian Grand Prix
0 days 00:03:49.357000,19.1,33.0,1012.9,False,39.2,13,3.7,2022,9,Canadian Grand Prix
0 days 00:04:49.355000,19.2,35.0,1012.9,False,39.4,308,3.0,2022,9,Canadian Grand Prix
0 days 00:05:49.354000,19.1,34.0,1013.0,False,39.5,5,2.7,2022,9,Canadian Grand Prix
0 days 00:06:49.356000,19.0,33.0,1013.0,False,39.1,348,3.7,2022,9,Canadian Grand Prix
0 days 00:07:49.358000,19.0,33.0,1013.0,False,39.2,8,2.7,2022,9,Canadian Grand Prix
0 days 00:08:49.355000,19.0,33.0,1013.0,False,39.2,2,4.0,2022,9,Canadian Grand Prix
0 days 00:09:49.355000,18.8,33.0,1013.0,False,39.1,342,2.5,2022,9,Canadian Grand Prix
0 days 00:10:49.356000,18.9,34.0,1012.9,False,39.1,4,2.2,2022,9,Canadian Grand Prix
0 days 00:11:49.356000,18.8,32.0,1012.7,False,39.3,354,3.5,2022,9,Canadian Grand Prix
0 days 00:12:49.356000,18.9,34.0,1012.7,False,39.6,20,2.7,2022,9,Canadian Grand Prix
0 days 00:13:49.353000,19.0,33.0,1012.7,False,39.6,9,3.0,2022,9,Canadian Grand Prix
0 days 00:14:49.356000,19.2,34.0,1012.7,False,39.7,6,3.4,2022,9,Canadian Grand Prix
0 days 00:15:49.358000,19.3,31.0,1012.7,False,39.7,9,3.7,2022,9,Canadian Grand Prix
0 days 00:16:49.376000,19.3,34.0,1012.7,False,39.6,8,3.5,2022,9,Canadian Grand Prix
0 days 00:17:49.362000,19.4,32.0,1012.9,False,39.7,12,2.0,2022,9,Canadian Grand Prix
0 days 00:18:49.373000,19.3,32.0,1012.7,False,39.7,15,4.3,2022,9,Canadian Grand Prix
0 days 00:19:49.396000,19.3,32.0,1012.7,False,39.8,10,4.5,2022,9,Canadian Grand Prix
0 days 00:20:49.381000,19.2,32.0,1012.7,False,39.7,8,4.5,2022,9,Canadian Grand Prix
0 days 00:21:49.371000,19.2,32.0,1012.9,False,39.6,351,4.5,2022,9,Canadian Grand Prix
0 days 00:22:49.360000,19.1,32.0,1012.7,False,39.6,17,2.9,2022,9,Canadian Grand Prix
0 days 00:23:49.359000,19.2,33.0,1012.7,False,39.5,352,2.9,2022,9,Canadian Grand Prix
0 days 00:24:49.356000,19.4,33.0,1012.7,False,39.6,10,3.2,2022,9,Canadian Grand Prix
0 days 00:25:49.353000,19.4,33.0,1012.7,False,39.7,14,2.0,2022,9,Canadian Grand Prix
0 days 00:26:49.358000,19.4,32.0,1012.7,False,40.0,15,3.7,2022,9,Canadian Grand Prix
0 days 00:27:49.355000,19.4,32.0,1012.5,False,40.2,12,4.1,2022,9,Canadian Grand Prix
0 days 00:28:49.353000,19.3,31.0,1012.7,False,40.3,12,2.7,2022,9,Canadian Grand Prix
0 days 00:29:49.360000,19.6,32.0,1012.7,False,40.5,10,3.0,2022,9,Canadian Grand Prix
0 days 00:30:49.357000,19.7,31.0,1012.7,False,40.5,5,2.5,2022,9,Canadian Grand Prix
0 days 00:31:49.355000,19.8,32.0,1012.7,False,40.6,3,2.4,2022,9,Canadian Grand Prix
0 days 00:32:49.360000,19.8,32.0,1012.7,False,40.6,13,2.0,2022,9,Canadian Grand Prix
0 days 00:33:49.354000,20.0,31.0,1012.7,False,40.6,6,3.9,2022,9,Canadian Grand Prix
0 days 00:34:49.349000,20.0,31.0,1012.7,False,40.7,344,4.1,2022,9,Canadian Grand Prix
0 days 00:35:49.355000,20.0,32.0,1012.7,False,40.7,352,3.2,2022,9,Canadian Grand Prix
0 days 00:36:49.361000,20.0,31.0,1012.7,False,40.8,353,2.9,2022,9,Canadian Grand Prix
0 days 00:37:49.354000,19.9,30.0,1012.9,False,40.9,350,4.3,2022,9,Canadian Grand Prix
0 days 00:38:49.353000,19.7,30.0,1012.7,False,40.9,354,4.3,2022,9,Canadian Grand Prix
0 days 00:39:49.354000,19.6,31.0,1012.7,False,40.5,34,2.5,2022,9,Canadian Grand Prix
0 days 00:40:49.356000,19.6,29.0,1012.7,False,40.6,7,3.5,2022,9,Canadian Grand Prix
0 days 00:41:49.356000,19.7,30.0,1012.7,False,40.7,356,3.0,2022,9,Canadian Grand Prix
0 days 00:42:49.356000,19.8,31.0,1012.7,False,41.2,350,3.0,2022,9,Canadian Grand Prix
0 days 00:43:49.346000,19.8,29.0,1012.7,False,41.2,355,2.7,2022,9,Canadian Grand Prix
0 days 00:44:49.355000,19.8,29.0,1012.7,False,41.2,357,2.7,2022,9,Canadian Grand Prix
0 days 00:45:49.363000,19.7,30.0,1012.7,False,41.0,10,5.0,2022,9,Canadian Grand Prix
0 days 00:46:49.355000,19.7,31.0,1012.7,False,40.8,351,2.7,2022,9,Canadian Grand Prix
0 days 00:47:49.357000,19.9,31.0,1012.7,False,40.8,5,3.7,2022,9,Canadian Grand Prix
0 days 00:48:49.355000,20.0,30.0,1012.7,False,41.4,353,4.1,2022,9,Canadian Grand Prix
0 days 00:49:49.372000,20.1,29.0,1012.7,False,41.4,15,3.7,2022,9,Canadian Grand Prix
0 days 00:50:49.355000,20.0,30.0,1012.5,False,41.4,15,4.3,2022,9,Canadian Grand Prix
0 days 00:51:49.360000,20.1,30.0,1012.5,False,41.4,14,3.5,2022,9,Canadian Grand Prix
0 days 00:52:49.355000,20.1,30.0,1012.5,False,41.3,354,3.5,2022,9,Canadian Grand Prix
0 days 00:53:49.354000,20.0,29.0,1012.5,False,41.3,346,2.9,2022,9,Canadian Grand Prix
0 days 00:54:49.355000,20.0,31.0,1012.5,False,41.4,13,2.2,2022,9,Canadian Grand Prix
0 days 00:55:49.353000,20.2,30.0,1012.5,False,41.5,15,2.2,2022,9,Canadian Grand Prix
0 days 00:56:49.357000,20.3,33.0,1012.5,False,41.5,315,1.5,2022,9,Canadian Grand Prix
0 days 00:57:49.357000,20.3,30.0,1012.5,False,41.3,10,2.7,2022,9,Canadian Grand Prix
0 days 00:58:49.346000,20.2,30.0,1012.5,False,41.4,343,3.9,2022,9,Canadian Grand Prix
0 days 00:59:49.367000,20.2,31.0,1012.5,False,41.2,345,4.0,2022,9,Canadian Grand Prix
0 days 01:00:49.358000,20.1,29.0,1012.4,False,41.2,357,3.4,2022,9,Canadian Grand Prix
0 days 01:01:49.364000,20.0,29.0,1012.5,False,41.4,358,4.6,2022,9,Canadian Grand Prix
0 days 01:02:49.356000,20.2,29.0,1012.5,False,41.7,355,3.5,2022,9,Canadian Grand Prix
0 days 01:03:49.354000,20.5,29.0,1012.5,False,41.7,19,3.9,2022,9,Canadian Grand Prix
0 days 01:04:49.355000,20.5,28.0,1012.5,False,41.8,2,4.3,2022,9,Canadian Grand Prix
0 days 01:05:49.374000,20.5,27.0,1012.4,False,42.0,15,4.1,2022,9,Canadian Grand Prix
0 days 01:06:49.345000,20.6,28.0,1012.5,False,41.8,5,4.3,2022,9,Canadian Grand Prix
0 days 01:07:49.784000,20.7,28.0,1012.5,False,41.8,8,4.5,2022,9,Canadian Grand Prix
0 days 01:08:49.363000,20.6,29.0,1012.5,False,41.2,352,3.5,2022,9,Canadian Grand Prix
0 days 01:09:49.354000,20.6,28.0,1012.5,False,41.3,352,4.5,2022,9,Canadian Grand Prix
0 days 01:10:49.372000,20.7,28.0,1012.5,False,41.2,344,4.6,2022,9,Canadian Grand Prix
0 days 01:11:49.357000,20.6,28.0,1012.5,False,41.2,358,2.7,2022,9,Canadian Grand Prix
0 days 01:12:49.353000,20.5,28.0,1012.2,False,41.2,350,2.7,2022,9,Canadian Grand Prix
0 days 01:13:49.355000,20.7,30.0,1012.2,False,41.6,12,4.9,2022,9,Canadian Grand Prix
0 days 01:14:49.362000,20.8,29.0,1012.4,False,41.6,17,4.5,2022,9,Canadian Grand Prix
0 days 01:15:49.356000,20.9,30.0,1012.4,False,41.5,1,4.1,2022,9,Canadian Grand Prix
0 days 01:16:49.357000,20.9,31.0,1012.2,False,41.5,9,4.1,2022,9,Canadian Grand Prix
0 days 01:17:49.354000,20.9,29.0,1012.4,False,41.8,8,3.2,2022,9,Canadian Grand Prix
0 days 01:18:49.353000,20.9,30.0,1012.2,False,41.7,359,3.7,2022,9,Canadian Grand Prix
0 days 01:19:49.358000,21.0,30.0,1012.2,False,41.7,359,3.7,2022,9,Canadian Grand Prix
0 days 01:20:49.375000,21.2,30.0,1012.2,False,41.7,7,4.1,2022,9,Canadian Grand Prix
0 days 01:21:49.371000,21.3,29.0,1012.5,False,41.7,340,3.7,2022,9,Canadian Grand Prix
0 days 01:22:49.370000,21.2,30.0,1012.5,False,41.6,23,2.0,2022,9,Canadian Grand Prix
0 days 01:23:49.364000,21.3,30.0,1012.4,False,41.6,358,2.2,2022,9,Canadian Grand Prix
0 days 01:24:49.372000,21.4,31.0,1012.4,False,41.6,336,2.5,2022,9,Canadian Grand Prix
0 days 01:25:49.384000,21.4,30.0,1012.2,False,41.9,10,2.4,2022,9,Canadian Grand Prix
0 days 01:26:49.394000,21.4,29.0,1012.4,False,42.0,26,2.5,2022,9,Canadian Grand Prix
0 days 01:27:49.401000,21.3,28.0,1012.2,False,42.1,10,3.2,2022,9,Canadian Grand Prix
0 days 01:28:49.414000,21.3,31.0,1012.4,False,42.2,327,2.5,2022,9,Canadian Grand Prix
0 days 01:29:49.406000,21.3,29.0,1012.2,False,42.5,1,2.0,2022,9,Canadian Grand Prix
0 days 01:30:49.400000,21.3,27.0,1012.4,False,42.1,3,4.3,2022,9,Canadian Grand Prix
0 days 01:31:49.400000,21.2,26.0,1012.5,False,42.2,353,4.8,2022,9,Canadian Grand Prix
0 days 01:32:49.417000,21.0,27.0,1012.4,False,42.1,353,5.5,2022,9,Canadian Grand Prix
0 days 01:33:49.416000,20.9,28.0,1012.2,False,41.7,359,4.0,2022,9,Canadian Grand Prix
0 days 01:34:49.434000,21.0,27.0,1012.2,False,41.7,14,5.6,2022,9,Canadian Grand Prix
0 days 01:35:49.453000,21.1,27.0,1012.4,False,41.8,354,4.5,2022,9,Canadian Grand Prix
0 days 01:36:49.450000,21.1,27.0,1012.4,False,41.8,1,4.0,2022,9,Canadian Grand Prix
0 days 01:37:49.461000,21.2,27.0,1012.2,False,41.8,11,3.9,2022,9,Canadian Grand Prix
0 days 01:38:49.454000,21.4,27.0,1012.4,False,41.7,359,3.7,2022,9,Canadian Grand Prix
0 days 01:39:49.495000,21.4,26.0,1012.2,False,41.9,7,4.4,2022,9,Canadian Grand Prix
0 days 01:40:49.458000,21.2,27.0,1012.2,False,41.9,15,4.5,2022,9,Canadian Grand Prix
0 days 01:41:49.447000,21.1,27.0,1012.2,False,41.9,16,4.4,2022,9,Canadian Grand Prix
0 days 01:42:49.462000,21.2,26.0,1012.2,False,41.9,354,4.0,2022,9,Canadian Grand Prix
0 days 01:43:49.465000,21.2,27.0,1012.2,False,42.0,8,4.0,2022,9,Canadian Grand Prix
0 days 01:44:49.475000,21.2,28.0,1012.0,False,41.9,12,4.0,2022,9,Canadian Grand Prix
0 days 01:45:49.477000,21.3,30.0,1012.0,False,41.9,18,4.5,2022,9,Canadian Grand Prix
0 days 01:46:49.479000,21.3,28.0,1012.2,False,41.9,10,4.8,2022,9,Canadian Grand Prix
0 days 01:47:49.478000,21.5,28.0,1012.2,False,41.9,15,4.5,2022,9,Canadian Grand Prix
0 days 01:48:49.477000,21.6,28.0,1012.2,False,41.8,7,3.9,2022,9,Canadian Grand Prix
0 days 01:49:49.486000,21.6,27.0,1012.2,False,42.0,2,4.8,2022,9,Canadian Grand Prix
0 days 01:50:49.479000,21.6,27.0,1012.2,False,41.8,18,5.0,2022,9,Canadian Grand Prix
0 days 01:51:49.479000,21.6,27.0,1012.2,False,41.8,0,4.0,2022,9,Canadian Grand Prix
0 days 01:52:49.478000,21.6,27.0,1012.2,False,41.9,18,3.2,2022,9,Canadian Grand Prix
0 days 01:53:49.475000,21.7,29.0,1012.2,False,41.9,7,2.7,2022,9,Canadian Grand Prix
0 days 01:54:49.480000,21.7,28.0,1012.2,False,42.0,348,2.7,2022,9,Canadian Grand Prix
0 days 01:55:49.502000,21.8,28.0,1012.2,False,42.0,353,2.4,2022,9,Canadian Grand Prix
0 days 01:56:49.482000,21.9,28.0,1012.2,False,42.1,336,3.9,2022,9,Canadian Grand Prix
0 days 01:57:49.480000,22.0,28.0,1012.2,False,42.1,21,3.2,2022,9,Canadian Grand Prix
0 days 01:58:49.478000,22.0,26.0,1012.2,False,42.4,359,4.1,2022,9,Canadian Grand Prix
0 days 01:59:49.480000,22.0,28.0,1012.2,False,42.4,345,3.4,2022,9,Canadian Grand Prix
0 days 02:00:49.494000,22.1,27.0,1012.2,False,42.4,1,2.7,2022,9,Canadian Grand Prix
0 days 02:01:49.535000,21.9,25.0,1012.2,False,42.4,3,3.4,2022,9,Canadian Grand Prix
0 days 02:02:49.529000,21.8,26.0,1012.0,False,42.4,0,4.4,2022,9,Canadian Grand Prix
0 days 02:03:49.525000,21.8,25.0,1012.2,False,42.2,14,3.5,2022,9,Canadian Grand Prix
0 days 02:04:49.533000,21.9,27.0,1012.2,False,42.0,359,3.5,2022,9,Canadian Grand Prix
0 days 02:05:49.541000,21.8,25.0,1012.2,False,42.2,356,3.5,2022,9,Canadian Grand Prix
0 days 02:06:49.556000,21.8,26.0,1012.2,False,42.2,0,5.0,2022,9,Canadian Grand Prix
0 days 02:07:49.579000,21.7,27.0,1012.2,False,41.9,354,4.0,2022,9,Canadian Grand Prix
0 days 02:08:49.577000,21.7,26.0,1012.0,False,41.8,9,5.0,2022,9,Canadian Grand Prix
0 days 02:09:49.562000,21.8,27.0,1012.2,False,41.8,353,5.0,2022,9,Canadian Grand Prix
0 days 02:10:49.593000,21.8,26.0,1012.2,False,41.8,359,4.8,2022,9,Canadian Grand Prix
0 days 02:11:49.600000,21.7,25.0,1012.2,False,41.8,6,5.1,2022,9,Canadian Grand Prix
0 days 02:12:49.608000,21.7,26.0,1012.2,False,41.7,358,4.0,2022,9,Canadian Grand Prix
0 days 02:13:49.615000,21.8,27.0,1012.2,False,41.7,21,2.7,2022,9,Canadian Grand Prix
0 days 02:14:49.598000,21.9,27.0,1012.2,False,41.8,345,2.9,2022,9,Canadian Grand Prix
0 days 02:15:49.601000,21.9,26.0,1012.2,False,41.9,2,2.4,2022,9,Canadian Grand Prix
0 days 02:16:49.613000,21.8,25.0,1012.2,False,41.8,353,4.1,2022,9,Canadian Grand Prix
0 days 02:17:49.614000,21.6,25.0,1012.2,False,41.7,5,4.8,2022,9,Canadian Grand Prix
0 days 02:18:49.616000,21.8,26.0,1012.0,False,41.7,358,3.2,2022,9,Canadian Grand Prix
0 days 02:19:49.605000,21.7,26.0,1012.0,False,41.7,6,4.0,2022,9,Canadian Grand Prix
0 days 02:20:49.602000,21.8,25.0,1012.0,False,41.7,156,3.2,2022,9,Canadian Grand Prix
0 days 02:21:49.610000,21.9,26.0,1012.0,False,41.7,353,2.0,2022,9,Canadian Grand Prix
0 days 02:22:49.603000,21.9,26.0,1012.2,False,41.9,356,2.5,2022,9,Canadian Grand Prix
0 days 02:23:49.605000,22.0,26.0,1012.0,False,41.9,3,3.0,2022,9,Canadian Grand Prix
0 days 02:24:49.610000,22.1,27.0,1012.2,False,41.9,13,3.2,2022,9,Canadian Grand Prix
0 days 02:25:49.604000,22.1,25.0,1012.0,False,41.9,14,3.7,2022,9,Canadian Grand Prix
0 days 02:26:49.603000,22.1,26.0,1012.0,False,42.2,15,4.5,2022,9,Canadian Grand Prix
0 days 02:27:49.612000,22.2,24.0,1012.0,False,42.2,3,4.5,2022,9,Canadian Grand Prix
0 days 02:28:49.605000,22.2,27.0,1012.0,False,42.1,343,4.1,2022,9,Canadian Grand Prix
0 days 02:29:49.616000,22.1,27.0,1012.2,False,41.6,7,1.8,2022,9,Canadian Grand Prix
0 days 02:30:49.603000,22.1,27.0,1012.0,False,41.6,13,2.7,2022,9,Canadian Grand Prix
0 days 02:31:49.600000,22.2,27.0,1012.2,False,41.9,350,3.4,2022,9,Canadian Grand Prix
0 days 02:32:49.602000,22.1,27.0,1012.0,False,42.1,19,2.7,2022,9,Canadian Grand Prix
0 days 02:33:49.617000,22.0,26.0,1012.0,False,42.1,4,4.1,2022,9,Canadian Grand Prix
0 days 02:34:49.604000,22.0,27.0,1011.9,False,41.6,8,4.1,2022,9,Canadian Grand Prix
0 days 02:35:49.604000,22.1,26.0,1012.0,False,41.8,16,4.0,2022,9,Canadian Grand Prix
0 days 02:36:49.613000,22.1,27.0,1011.9,False,41.8,2,3.7,2022,9,Canadian Grand Prix
0 days 02:37:49.615000,22.3,26.0,1012.0,False,41.8,18,4.4,2022,9,Canadian Grand Prix
0 days 02:38:49.606000,22.3,26.0,1012.2,False,41.8,348,5.3,2022,9,Canadian Grand Prix
0 days 02:39:49.601000,22.3,27.0,1012.0,False,41.6,8,3.0,2022,9,Canadian Grand Prix
0 days 02:40:49.603000,22.3,25.0,1012.0,False,41.6,12,2.7,2022,9,Canadian Grand Prix
0 days 02:41:49.603000,22.3,26.0,1012.0,False,41.6,0,3.0,2022,9,Canadian Grand Prix
0 days 00:00:49.810000,19.1,55.0,1001.9,False,30.9,227,1.2,2022,10,British Grand Prix
0 days 00:01:49.812000,19.0,55.0,1001.9,False,30.6,293,1.6,2022,10,British Grand Prix
0 days 00:02:49.811000,19.0,55.0,1001.9,False,30.6,213,1.2,2022,10,British Grand Prix
0 days 00:03:49.811000,18.9,55.0,1001.9,False,30.0,206,1.2,2022,10,British Grand Prix
0 days 00:04:49.809000,19.0,56.0,1002.0,False,29.9,273,1.2,2022,10,British Grand Prix
0 days 00:05:49.810000,19.0,56.0,1001.9,False,29.9,239,1.6,2022,10,British Grand Prix
0 days 00:06:49.811000,18.7,58.0,1002.0,False,29.0,0,1.2,2022,10,British Grand Prix
0 days 00:07:49.811000,18.7,58.0,1001.9,False,28.8,39,0.8,2022,10,British Grand Prix
0 days 00:08:49.811000,18.5,59.0,1002.0,False,28.7,258,1.5,2022,10,British Grand Prix
0 days 00:09:49.809000,18.3,60.0,1002.0,True,28.5,272,1.5,2022,10,British Grand Prix
0 days 00:10:49.811000,18.3,61.0,1002.0,True,28.5,237,0.8,2022,10,British Grand Prix
0 days 00:11:49.810000,18.4,62.0,1002.0,True,28.2,239,1.7,2022,10,British Grand Prix
0 days 00:12:49.811000,18.4,61.0,1002.0,True,28.2,240,2.2,2022,10,British Grand Prix
0 days 00:13:49.810000,18.3,62.0,1002.0,False,28.3,209,2.7,2022,10,British Grand Prix
0 days 00:14:49.828000,18.3,62.0,1002.0,False,28.1,254,2.2,2022,10,British Grand Prix
0 days 00:15:49.825000,18.4,62.0,1002.0,False,27.4,277,2.0,2022,10,British Grand Prix
0 days 00:16:49.824000,18.4,61.0,1002.0,False,27.9,264,1.1,2022,10,British Grand Prix
0 days 00:17:49.842000,18.4,62.0,1002.0,True,27.9,255,1.2,2022,10,British Grand Prix
0 days 00:18:49.858000,18.4,62.0,1002.0,True,27.8,264,1.2,2022,10,British Grand Prix
0 days 00:19:49.865000,18.4,61.0,1002.0,False,27.8,317,1.2,2022,10,British Grand Prix
0 days 00:20:49.857000,18.4,61.0,1002.0,False,27.8,89,0.6,2022,10,British Grand Prix
0 days 00:21:49.862000,18.4,60.0,1002.0,False,27.8,250,1.0,2022,10,British Grand Prix
0 days 00:22:49.864000,18.5,59.0,1001.9,True,27.8,221,1.2,2022,10,British Grand Prix
0 days 00:23:49.856000,18.6,60.0,1002.0,True,27.8,172,2.7,2022,10,British Grand Prix
0 days 00:24:49.845000,18.6,59.0,1002.0,False,28.1,259,1.1,2022,10,British Grand Prix
0 days 00:25:49.857000,18.7,58.0,1002.0,False,28.1,268,1.2,2022,10,British Grand Prix
0 days 00:26:49.857000,18.7,59.0,1002.0,False,28.2,243,1.0,2022,10,British Grand Prix
0 days 00:27:49.858000,18.6,57.0,1002.0,False,28.3,216,1.6,2022,10,British Grand Prix
0 days 00:28:49.880000,18.7,56.0,1002.0,False,28.1,232,2.7,2022,10,British Grand Prix
0 days 00:29:49.904000,18.7,55.0,1002.0,False,28.1,226,2.2,2022,10,British Grand Prix
0 days 00:30:49.906000,18.7,55.0,1002.0,False,28.2,259,1.5,2022,10,British Grand Prix
0 days 00:31:49.921000,18.8,56.0,1002.2,False,28.2,275,2.7,2022,10,British Grand Prix
0 days 00:32:49.920000,18.9,55.0,1002.0,False,28.4,155,1.6,2022,10,British Grand Prix
0 days 00:33:49.940000,19.0,56.0,1002.2,False,29.2,91,1.5,2022,10,British Grand Prix
0 days 00:34:49.940000,19.0,59.0,1002.0,False,29.1,89,1.8,2022,10,British Grand Prix
0 days 00:35:49.951000,18.7,61.0,1002.2,False,28.8,187,2.4,2022,10,British Grand Prix
0 days 00:36:49.937000,18.5,63.0,1002.2,False,28.8,140,2.5,2022,10,British Grand Prix
0 days 00:37:49.936000,18.4,64.0,1002.2,False,28.0,87,1.7,2022,10,British Grand Prix
0 days 00:38:49.940000,18.1,64.0,1002.2,False,28.0,119,1.0,2022,10,British Grand Prix
0 days 00:39:49.936000,17.8,64.0,1002.2,False,28.0,119,1.0,2022,10,British Grand Prix
0 days 00:40:49.976000,17.7,64.0,1002.2,True,28.2,187,1.7,2022,10,British Grand Prix
0 days 00:41:49.937000,17.8,64.0,1002.2,False,28.7,102,1.7,2022,10,British Grand Prix
0 days 00:42:49.937000,17.7,65.0,1002.2,False,28.6,68,0.6,2022,10,British Grand Prix
0 days 00:43:49.938000,17.9,63.0,1002.2,False,28.6,105,1.7,2022,10,British Grand Prix
0 days 00:44:49.945000,17.9,64.0,1002.2,False,27.3,104,3.0,2022,10,British Grand Prix
0 days 00:45:49.938000,17.8,65.0,1002.0,False,27.5,129,2.0,2022,10,British Grand Prix
0 days 00:46:49.935000,17.8,65.0,1002.2,False,27.5,127,2.5,2022,10,British Grand Prix
0 days 00:47:49.961000,17.7,65.0,1002.2,False,27.7,344,1.7,2022,10,British Grand Prix
0 days 00:48:49.955000,17.7,64.0,1002.4,False,27.4,270,1.2,2022,10,British Grand Prix
0 days 00:49:49.968000,17.6,64.0,1002.4,False,27.4,270,1.2,2022,10,British Grand Prix
0 days 00:50:49.979000,17.6,64.0,1002.4,False,27.4,253,1.7,2022,10,British Grand Prix
0 days 00:51:49.989000,17.6,63.0,1002.2,False,27.5,142,1.7,2022,10,British Grand Prix
0 days 00:52:50.022000,17.5,64.0,1002.4,False,27.5,208,1.2,2022,10,British Grand Prix
0 days 00:53:50.030000,17.5,62.0,1002.2,False,27.8,200,2.2,2022,10,British Grand Prix
0 days 00:54:50.043000,17.5,64.0,1002.5,False,28.0,219,2.2,2022,10,British Grand Prix
0 days 00:55:50.047000,17.6,63.0,1002.2,False,28.0,203,1.1,2022,10,British Grand Prix
0 days 00:56:50.049000,17.5,63.0,1002.4,False,28.0,207,2.7,2022,10,British Grand Prix
0 days 00:57:50.049000,17.7,64.0,1002.2,False,27.9,266,1.2,2022,10,British Grand Prix
0 days 00:58:50.064000,17.7,63.0,1002.2,False,27.5,206,0.8,2022,10,British Grand Prix
0 days 00:59:50.062000,17.8,62.0,1002.2,False,27.6,141,1.1,2022,10,British Grand Prix
0 days 01:00:50.070000,17.7,63.0,1002.2,False,27.8,205,1.2,2022,10,British Grand Prix
0 days 01:01:50.069000,17.7,63.0,1002.2,False,28.4,79,1.7,2022,10,British Grand Prix
0 days 01:02:50.107000,17.7,63.0,1002.2,False,28.0,98,3.4,2022,10,British Grand Prix
0 days 01:03:50.102000,17.7,64.0,1002.2,False,28.0,80,3.9,2022,10,British Grand Prix
0 days 01:04:50.090000,17.6,65.0,1002.2,False,28.1,35,2.7,2022,10,British Grand Prix
0 days 01:05:50.094000,17.7,65.0,1002.2,False,28.1,236,1.5,2022,10,British Grand Prix
0 days 01:06:50.087000,17.9,64.0,1002.4,False,28.6,269,0.6,2022,10,British Grand Prix
0 days 01:07:50.085000,17.8,64.0,1002.2,False,28.6,149,1.2,2022,10,British Grand Prix
0 days 01:08:50.089000,17.9,64.0,1002.5,False,28.9,245,1.5,2022,10,British Grand Prix
0 days 01:09:50.104000,17.9,63.0,1002.4,False,30.1,173,1.0,2022,10,British Grand Prix
0 days 01:10:50.093000,18.0,62.0,1002.5,False,30.4,10,1.8,2022,10,British Grand Prix
0 days 01:11:50.083000,17.9,62.0,1002.4,False,30.3,153,2.2,2022,10,British Grand Prix
0 days 01:12:50.097000,17.8,63.0,1002.5,False,30.1,289,0.8,2022,10,British Grand Prix
0 days 01:13:50.091000,17.8,62.0,1002.4,False,30.0,319,1.1,2022,10,British Grand Prix
0 days 01:14:50.106000,17.8,62.0,1002.5,False,29.9,189,1.0,2022,10,British Grand Prix
0 days 01:15:50.149000,17.7,62.0,1002.5,False,29.8,256,1.3,2022,10,British Grand Prix
0 days 01:16:50.099000,17.7,62.0,1002.5,False,30.0,24,1.2,2022,10,British Grand Prix
0 days 01:17:50.084000,17.6,62.0,1002.4,False,30.0,243,1.2,2022,10,British Grand Prix
0 days 01:18:50.083000,17.8,63.0,1002.5,False,29.7,312,2.0,2022,10,British Grand Prix
0 days 01:19:50.103000,17.8,62.0,1002.5,False,29.6,73,2.5,2022,10,British Grand Prix
0 days 01:20:50.106000,17.9,62.0,1002.5,False,29.6,93,1.7,2022,10,British Grand Prix
0 days 01:21:50.086000,17.8,63.0,1002.4,False,29.4,126,1.7,2022,10,British Grand Prix
0 days 01:22:50.098000,17.8,63.0,1002.4,False,29.6,115,0.8,2022,10,British Grand Prix
0 days 01:23:50.090000,17.7,63.0,1002.5,False,29.4,342,2.2,2022,10,British Grand Prix
0 days 01:24:50.098000,17.6,63.0,1002.5,False,29.5,173,1.7,2022,10,British Grand Prix
0 days 01:25:50.105000,17.7,64.0,1002.5,False,29.5,94,1.6,2022,10,British Grand Prix
0 days 01:26:50.082000,17.6,64.0,1002.4,False,29.5,106,1.8,2022,10,British Grand Prix
0 days 01:27:50.102000,17.7,64.0,1002.5,False,29.5,157,2.5,2022,10,British Grand Prix
0 days 01:28:50.102000,17.7,64.0,1002.5,False,29.8,116,1.7,2022,10,British Grand Prix
0 days 01:29:50.100000,17.6,63.0,1002.4,False,30.1,101,2.5,2022,10,British Grand Prix
0 days 01:30:50.113000,17.6,64.0,1002.4,False,30.7,81,2.2,2022,10,British Grand Prix
0 days 01:31:50.109000,17.6,64.0,1002.5,False,30.7,109,1.2,2022,10,British Grand Prix
0 days 01:32:50.123000,17.5,64.0,1002.5,False,30.5,206,1.2,2022,10,British Grand Prix
0 days 01:33:50.135000,17.6,64.0,1002.5,False,30.2,163,1.1,2022,10,British Grand Prix
0 days 01:34:50.150000,17.7,63.0,1002.4,False,30.4,93,1.5,2022,10,British Grand Prix
0 days 01:35:50.145000,17.6,62.0,1002.5,False,30.6,22,2.2,2022,10,British Grand Prix
0 days 01:36:50.155000,17.6,61.0,1002.5,False,30.4,0,1.8,2022,10,British Grand Prix
0 days 01:37:50.171000,17.6,62.0,1002.5,False,30.2,242,2.5,2022,10,British Grand Prix
0 days 01:38:50.201000,17.6,62.0,1002.5,False,30.2,178,1.3,2022,10,British Grand Prix
0 days 01:39:50.187000,17.7,62.0,1002.5,False,30.4,247,0.8,2022,10,British Grand Prix
0 days 01:40:50.193000,17.9,61.0,1002.5,False,30.6,137,0.8,2022,10,British Grand Prix
0 days 01:41:50.185000,18.0,61.0,1002.5,False,30.7,0,1.0,2022,10,British Grand Prix
0 days 01:42:50.232000,18.0,60.0,1002.5,False,30.7,250,0.6,2022,10,British Grand Prix
0 days 01:43:50.214000,18.1,59.0,1002.5,False,30.8,65,0.8,2022,10,British Grand Prix
0 days 01:44:50.234000,18.1,59.0,1002.5,False,31.4,86,2.4,2022,10,British Grand Prix
0 days 01:45:50.235000,18.2,59.0,1002.5,False,31.5,94,1.7,2022,10,British Grand Prix
0 days 01:46:50.251000,18.2,59.0,1002.5,False,31.4,94,2.4,2022,10,British Grand Prix
0 days 01:47:50.271000,18.3,60.0,1002.5,False,31.4,45,1.2,2022,10,British Grand Prix
0 days 01:48:50.285000,18.3,60.0,1002.5,False,31.4,92,1.6,2022,10,British Grand Prix
0 days 01:49:50.281000,18.4,60.0,1002.5,False,30.6,121,1.5,2022,10,British Grand Prix
0 days 01:50:50.279000,18.3,60.0,1002.5,False,30.3,28,1.2,2022,10,British Grand Prix
0 days 01:51:50.280000,18.2,61.0,1002.5,False,30.1,102,0.8,2022,10,British Grand Prix
0 days 01:52:50.299000,18.1,60.0,1002.5,False,30.1,43,1.5,2022,10,British Grand Prix
0 days 01:53:50.312000,18.2,60.0,1002.5,False,30.2,125,1.6,2022,10,British Grand Prix
0 days 01:54:50.310000,18.3,59.0,1002.5,False,30.8,180,1.0,2022,10,British Grand Prix
0 days 01:55:50.312000,18.3,59.0,1002.5,False,31.2,271,0.6,2022,10,British Grand Prix
0 days 01:56:50.314000,18.4,58.0,1002.5,False,32.4,277,0.6,2022,10,British Grand Prix
0 days 01:57:50.314000,18.5,58.0,1002.5,False,32.6,305,1.1,2022,10,British Grand Prix
0 days 01:58:50.312000,18.7,58.0,1002.5,False,32.7,155,1.1,2022,10,British Grand Prix
0 days 01:59:50.313000,18.7,57.0,1002.5,False,32.8,93,0.8,2022,10,British Grand Prix
0 days 02:00:50.310000,18.7,56.0,1002.4,False,33.1,43,0.6,2022,10,British Grand Prix
0 days 02:01:50.311000,18.7,57.0,1002.5,False,33.1,101,1.2,2022,10,British Grand Prix
0 days 02:02:50.311000,18.7,55.0,1002.5,False,33.5,303,0.6,2022,10,British Grand Prix
0 days 02:03:50.310000,18.7,55.0,1002.5,False,33.5,122,2.0,2022,10,British Grand Prix
0 days 02:04:50.322000,18.6,55.0,1002.4,False,33.3,103,1.5,2022,10,British Grand Prix
0 days 02:05:50.322000,18.6,56.0,1002.5,False,33.3,344,1.1,2022,10,British Grand Prix
0 days 02:06:50.313000,18.5,55.0,1002.5,False,33.5,0,1.7,2022,10,British Grand Prix
0 days 02:07:50.314000,18.4,55.0,1002.5,False,33.5,29,0.4,2022,10,British Grand Prix
0 days 02:08:50.312000,18.3,56.0,1002.5,False,32.9,34,1.5,2022,10,British Grand Prix
0 days 02:09:50.314000,18.4,56.0,1002.4,False,32.2,52,1.8,2022,10,British Grand Prix
0 days 02:10:50.313000,18.4,57.0,1002.5,False,32.2,118,0.8,2022,10,British Grand Prix
0 days 02:11:50.314000,18.3,57.0,1002.5,False,31.8,162,0.6,2022,10,British Grand Prix
0 days 02:12:50.312000,18.4,57.0,1002.4,False,31.9,29,1.6,2022,10,British Grand Prix
0 days 02:13:50.324000,18.4,57.0,1002.4,False,32.1,251,1.8,2022,10,British Grand Prix
0 days 02:14:50.315000,18.4,55.0,1002.4,False,32.3,250,1.5,2022,10,British Grand Prix
0 days 02:15:50.312000,18.4,56.0,1002.5,False,32.1,255,1.5,2022,10,British Grand Prix
0 days 02:16:50.324000,18.4,54.0,1002.5,False,32.1,95,0.6,2022,10,British Grand Prix
0 days 02:17:50.358000,18.4,54.0,1002.4,False,32.0,54,1.2,2022,10,British Grand Prix
0 days 02:18:50.330000,18.4,56.0,1002.5,False,31.6,104,1.8,2022,10,British Grand Prix
0 days 02:19:50.330000,18.4,56.0,1002.5,False,32.0,239,1.7,2022,10,British Grand Prix
0 days 02:20:50.329000,18.6,56.0,1002.4,False,32.4,197,1.3,2022,10,British Grand Prix
0 days 02:21:50.327000,18.7,55.0,1002.5,False,32.3,140,2.0,2022,10,British Grand Prix
0 days 02:22:50.353000,18.7,55.0,1002.4,False,32.3,124,0.8,2022,10,British Grand Prix
0 days 02:23:50.375000,18.7,56.0,1002.5,False,31.9,244,0.8,2022,10,British Grand Prix
0 days 02:24:50.376000,18.7,55.0,1002.4,False,31.8,258,1.3,2022,10,British Grand Prix
0 days 02:25:50.375000,18.7,55.0,1002.4,False,31.7,239,2.0,2022,10,British Grand Prix
0 days 02:26:50.404000,18.7,56.0,1002.4,False,31.6,151,1.0,2022,10,British Grand Prix
0 days 02:27:50.411000,18.7,55.0,1002.5,False,31.5,184,1.0,2022,10,British Grand Prix
0 days 02:28:50.406000,18.7,55.0,1002.5,False,31.5,69,1.0,2022,10,British Grand Prix
0 days 02:29:50.406000,18.6,56.0,1002.4,False,31.3,85,2.0,2022,10,British Grand Prix
0 days 02:30:50.406000,18.8,57.0,1002.5,False,31.2,52,1.2,2022,10,British Grand Prix
0 days 02:31:50.407000,18.9,56.0,1002.4,False,31.2,252,1.3,2022,10,British Grand Prix
0 days 02:32:50.415000,18.9,54.0,1002.4,False,31.4,299,1.6,2022,10,British Grand Prix
0 days 02:33:50.410000,18.9,55.0,1002.4,False,32.0,0,1.1,2022,10,British Grand Prix
0 days 02:34:50.405000,19.0,56.0,1002.2,False,32.0,263,0.8,2022,10,British Grand Prix
0 days 02:35:50.422000,18.9,56.0,1002.5,False,32.3,0,1.6,2022,10,British Grand Prix
0 days 02:36:50.440000,19.0,56.0,1002.4,False,33.1,232,0.4,2022,10,British Grand Prix
0 days 02:37:50.445000,19.1,54.0,1002.4,False,33.9,0,0.8,2022,10,British Grand Prix
0 days 02:38:50.439000,19.2,53.0,1002.4,False,34.1,242,0.8,2022,10,British Grand Prix
0 days 02:39:50.455000,19.2,54.0,1002.4,False,34.0,193,0.8,2022,10,British Grand Prix
0 days 02:40:50.441000,19.2,55.0,1002.5,False,32.9,249,1.8,2022,10,British Grand Prix
0 days 02:41:50.439000,19.2,55.0,1002.4,False,32.8,74,1.6,2022,10,British Grand Prix
0 days 02:42:50.441000,19.0,55.0,1002.5,False,32.3,101,3.5,2022,10,British Grand Prix
0 days 02:43:50.439000,18.9,57.0,1002.4,False,32.3,71,1.0,2022,10,British Grand Prix
0 days 02:44:50.439000,18.9,58.0,1002.4,False,32.5,209,1.6,2022,10,British Grand Prix
0 days 02:45:50.439000,18.8,57.0,1002.4,False,32.7,74,1.0,2022,10,British Grand Prix
0 days 02:46:50.442000,18.9,57.0,1002.5,False,32.1,111,1.5,2022,10,British Grand Prix
0 days 02:47:50.450000,18.9,58.0,1002.5,False,31.6,254,1.7,2022,10,British Grand Prix
0 days 02:48:50.441000,19.0,57.0,1002.5,False,31.4,253,1.2,2022,10,British Grand Prix
0 days 02:49:50.454000,18.8,57.0,1002.5,False,31.4,218,1.8,2022,10,British Grand Prix
0 days 02:50:50.455000,18.6,58.0,1002.5,False,31.1,229,1.7,2022,10,British Grand Prix
0 days 02:51:50.444000,18.6,58.0,1002.5,False,31.0,282,0.6,2022,10,British Grand Prix
0 days 02:52:50.447000,18.5,58.0,1002.4,False,30.7,70,0.8,2022,10,British Grand Prix
0 days 02:53:50.441000,18.6,58.0,1002.5,False,30.6,242,0.6,2022,10,British Grand Prix
0 days 02:54:50.446000,18.6,58.0,1002.5,False,30.2,170,0.8,2022,10,British Grand Prix
0 days 02:55:50.439000,18.6,59.0,1002.5,False,30.1,43,0.8,2022,10,British Grand Prix
0 days 02:56:50.441000,18.5,58.0,1002.5,False,30.1,273,1.1,2022,10,British Grand Prix
0 days 02:57:50.442000,18.5,59.0,1002.5,False,30.3,100,1.0,2022,10,British Grand Prix
0 days 02:58:50.440000,18.4,59.0,1002.5,False,30.3,106,1.7,2022,10,British Grand Prix
0 days 02:59:50.453000,18.3,59.0,1002.5,False,30.1,151,0.0,2022,10,British Grand Prix
0 days 03:00:50.454000,18.2,60.0,1002.5,False,29.9,145,0.6,2022,10,British Grand Prix
0 days 03:01:50.457000,18.2,60.0,1002.5,False,29.9,36,1.7,2022,10,British Grand Prix
0 days 03:02:50.454000,18.1,60.0,1002.5,False,29.8,98,1.7,2022,10,British Grand Prix
0 days 03:03:50.455000,18.1,61.0,1002.5,False,29.6,34,1.7,2022,10,British Grand Prix
0 days 03:04:50.455000,18.1,61.0,1002.5,False,29.5,103,1.7,2022,10,British Grand Prix
0 days 03:05:50.470000,18.1,62.0,1002.5,False,29.5,0,2.0,2022,10,British Grand Prix
0 days 03:06:50.474000,18.1,62.0,1002.5,False,29.7,105,0.8,2022,10,British Grand Prix
0 days 03:07:50.474000,18.1,62.0,1002.5,False,29.7,86,1.7,2022,10,British Grand Prix
0 days 03:08:50.477000,18.1,62.0,1002.5,False,29.4,95,1.5,2022,10,British Grand Prix
0 days 03:09:50.486000,18.1,62.0,1002.5,False,29.4,100,2.7,2022,10,British Grand Prix
0 days 03:10:50.491000,18.1,63.0,1002.5,False,29.4,344,2.0,2022,10,British Grand Prix
0 days 03:11:50.501000,18.1,63.0,1002.5,False,29.1,155,1.2,2022,10,British Grand Prix
0 days 03:12:50.531000,18.0,63.0,1002.7,False,28.9,196,1.2,2022,10,British Grand Prix
0 days 03:13:50.531000,17.9,63.0,1002.5,False,28.7,104,1.1,2022,10,British Grand Prix
0 days 03:14:50.532000,17.9,61.0,1002.5,False,28.5,97,1.3,2022,10,British Grand Prix
0 days 03:15:50.531000,17.8,61.0,1002.5,False,28.5,142,1.7,2022,10,British Grand Prix
0 days 03:16:50.551000,17.8,61.0,1002.7,False,28.5,182,1.2,2022,10,British Grand Prix
0 days 03:17:50.534000,17.7,61.0,1002.7,False,28.3,0,1.7,2022,10,British Grand Prix
0 days 03:18:50.530000,17.7,61.0,1002.5,False,28.3,131,0.6,2022,10,British Grand Prix
0 days 03:19:50.523000,17.7,61.0,1002.7,False,28.2,87,1.5,2022,10,British Grand Prix
0 days 03:20:50.533000,17.8,61.0,1002.7,False,28.2,162,1.8,2022,10,British Grand Prix
0 days 03:21:50.643000,17.8,60.0,1002.7,False,28.1,186,0.6,2022,10,British Grand Prix
0 days 03:22:50.536000,17.7,60.0,1002.7,False,28.0,12,1.1,2022,10,British Grand Prix
0 days 00:00:12.661000,20.0,36.0,939.5,False,30.2,267,1.5,2022,11,Austrian Grand Prix
0 days 00:01:12.665000,19.9,37.0,939.5,False,30.1,258,2.0,2022,11,Austrian Grand Prix
0 days 00:02:12.681000,19.8,37.0,939.5,False,29.8,290,1.5,2022,11,Austrian Grand Prix
0 days 00:03:12.697000,19.8,37.0,939.5,False,29.7,0,1.0,2022,11,Austrian Grand Prix
0 days 00:04:12.688000,19.8,37.0,939.5,False,29.5,244,0.0,2022,11,Austrian Grand Prix
0 days 00:05:12.696000,19.7,38.0,939.4,False,29.3,269,0.0,2022,11,Austrian Grand Prix
0 days 00:06:12.695000,19.8,38.0,939.5,False,29.4,0,0.6,2022,11,Austrian Grand Prix
0 days 00:07:12.694000,19.9,37.0,939.5,False,29.4,307,0.8,2022,11,Austrian Grand Prix
0 days 00:08:12.695000,19.8,37.0,939.5,False,29.3,247,1.2,2022,11,Austrian Grand Prix
0 days 00:09:12.695000,19.8,38.0,939.5,False,29.3,92,1.6,2022,11,Austrian Grand Prix
0 days 00:10:12.710000,19.8,37.0,939.5,False,29.3,203,0.6,2022,11,Austrian Grand Prix
0 days 00:11:12.726000,19.8,38.0,939.5,False,29.0,0,0.5,2022,11,Austrian Grand Prix
0 days 00:12:12.741000,19.8,37.0,939.5,False,29.0,253,0.6,2022,11,Austrian Grand Prix
0 days 00:13:12.745000,19.7,37.0,939.5,False,28.8,0,0.0,2022,11,Austrian Grand Prix
0 days 00:14:12.744000,19.7,38.0,939.5,False,28.9,51,0.0,2022,11,Austrian Grand Prix
0 days 00:15:12.746000,19.7,38.0,939.5,False,29.0,285,0.4,2022,11,Austrian Grand Prix
0 days 00:16:12.760000,19.8,38.0,939.5,False,29.0,260,0.5,2022,11,Austrian Grand Prix
0 days 00:17:12.777000,19.8,38.0,939.5,False,28.9,293,1.2,2022,11,Austrian Grand Prix
0 days 00:18:12.792000,19.7,38.0,939.5,False,28.9,0,0.5,2022,11,Austrian Grand Prix
0 days 00:19:12.791000,19.7,38.0,939.5,False,29.2,27,0.5,2022,11,Austrian Grand Prix
0 days 00:20:12.789000,19.7,38.0,939.5,False,29.7,0,0.3,2022,11,Austrian Grand Prix
0 days 00:21:12.792000,19.9,38.0,939.5,False,30.5,257,0.6,2022,11,Austrian Grand Prix
0 days 00:22:12.802000,19.9,37.0,939.5,False,30.7,98,0.6,2022,11,Austrian Grand Prix
0 days 00:23:12.794000,20.0,38.0,939.5,False,30.5,235,0.6,2022,11,Austrian Grand Prix
0 days 00:24:12.796000,20.2,39.0,939.5,False,30.4,258,1.7,2022,11,Austrian Grand Prix
0 days 00:25:12.793000,20.3,39.0,939.5,False,30.1,0,1.7,2022,11,Austrian Grand Prix
0 days 00:26:12.792000,20.1,40.0,939.5,False,30.1,239,0.8,2022,11,Austrian Grand Prix
0 days 00:27:12.807000,20.1,39.0,939.4,False,29.7,306,1.2,2022,11,Austrian Grand Prix
0 days 00:28:12.822000,20.2,38.0,939.5,False,29.9,266,1.5,2022,11,Austrian Grand Prix
0 days 00:29:12.827000,20.2,37.0,939.5,False,29.7,270,1.5,2022,11,Austrian Grand Prix
0 days 00:30:12.823000,20.1,37.0,939.5,False,29.5,264,0.8,2022,11,Austrian Grand Prix
0 days 00:31:12.844000,20.1,37.0,939.5,False,29.5,266,1.3,2022,11,Austrian Grand Prix
0 days 00:32:12.820000,20.1,37.0,939.5,False,29.6,228,2.0,2022,11,Austrian Grand Prix
0 days 00:33:12.825000,20.0,36.0,939.5,False,29.6,0,1.2,2022,11,Austrian Grand Prix
0 days 00:34:12.821000,20.0,36.0,939.4,False,29.6,234,0.4,2022,11,Austrian Grand Prix
0 days 00:35:12.821000,19.9,37.0,939.5,False,29.6,0,0.6,2022,11,Austrian Grand Prix
0 days 00:36:12.829000,20.0,35.0,939.5,False,29.7,183,0.8,2022,11,Austrian Grand Prix
0 days 00:37:12.819000,19.9,34.0,939.5,False,29.7,0,0.0,2022,11,Austrian Grand Prix
0 days 00:38:12.819000,20.0,35.0,939.5,False,29.7,254,0.0,2022,11,Austrian Grand Prix
0 days 00:39:12.823000,20.0,35.0,939.5,False,29.7,255,0.6,2022,11,Austrian Grand Prix
0 days 00:40:12.822000,20.0,36.0,939.4,False,29.7,293,0.6,2022,11,Austrian Grand Prix
0 days 00:41:12.821000,20.0,36.0,939.5,False,29.9,229,0.8,2022,11,Austrian Grand Prix
0 days 00:42:12.819000,20.0,36.0,939.5,False,29.8,290,0.6,2022,11,Austrian Grand Prix
0 days 00:43:12.822000,20.0,35.0,939.5,False,30.1,216,1.1,2022,11,Austrian Grand Prix
0 days 00:44:12.821000,20.1,35.0,939.4,False,30.2,0,0.4,2022,11,Austrian Grand Prix
0 days 00:45:12.811000,20.0,35.0,939.5,False,30.9,0,0.5,2022,11,Austrian Grand Prix
0 days 00:46:12.823000,20.2,35.0,939.5,False,31.0,354,0.5,2022,11,Austrian Grand Prix
0 days 00:47:12.826000,20.3,34.0,939.5,False,31.0,110,0.6,2022,11,Austrian Grand Prix
0 days 00:48:12.822000,20.3,34.0,939.5,False,30.8,134,1.1,2022,11,Austrian Grand Prix
0 days 00:49:12.883000,20.3,34.0,939.5,False,30.5,296,0.6,2022,11,Austrian Grand Prix
0 days 00:50:12.828000,20.3,35.0,939.5,False,30.6,0,0.6,2022,11,Austrian Grand Prix
0 days 00:51:12.823000,20.4,34.0,939.5,False,30.7,68,0.0,2022,11,Austrian Grand Prix
0 days 00:52:12.826000,20.4,35.0,939.5,False,31.2,94,0.0,2022,11,Austrian Grand Prix
0 days 00:53:12.822000,20.4,35.0,939.7,False,31.2,88,1.0,2022,11,Austrian Grand Prix
0 days 00:54:12.823000,20.5,34.0,939.5,False,31.2,89,1.3,2022,11,Austrian Grand Prix
0 days 00:55:12.823000,20.5,33.0,939.5,False,30.7,0,1.1,2022,11,Austrian Grand Prix
0 days 00:56:12.835000,20.4,34.0,939.5,False,30.2,110,0.8,2022,11,Austrian Grand Prix
0 days 00:57:12.824000,20.3,35.0,939.5,False,30.3,124,1.5,2022,11,Austrian Grand Prix
0 days 00:58:12.824000,20.3,36.0,939.5,False,30.3,104,1.7,2022,11,Austrian Grand Prix
0 days 00:59:12.822000,20.2,36.0,939.5,False,30.3,93,1.5,2022,11,Austrian Grand Prix
0 days 01:00:12.815000,20.2,36.0,939.5,False,30.3,114,1.0,2022,11,Austrian Grand Prix
0 days 01:01:12.821000,20.3,38.0,939.5,False,30.4,121,0.8,2022,11,Austrian Grand Prix
0 days 01:02:12.820000,20.3,37.0,939.7,False,30.3,123,1.7,2022,11,Austrian Grand Prix
0 days 01:03:12.825000,20.3,37.0,939.7,False,30.3,125,1.2,2022,11,Austrian Grand Prix
0 days 01:04:12.826000,20.4,37.0,939.7,False,30.3,102,1.8,2022,11,Austrian Grand Prix
0 days 01:05:12.813000,20.3,36.0,939.7,False,30.3,103,1.7,2022,11,Austrian Grand Prix
0 days 01:06:12.821000,20.4,37.0,939.5,False,30.4,101,2.7,2022,11,Austrian Grand Prix
0 days 01:07:12.822000,20.4,34.0,939.5,False,30.2,109,2.7,2022,11,Austrian Grand Prix
0 days 01:08:12.835000,20.4,34.0,939.7,False,30.2,108,2.0,2022,11,Austrian Grand Prix
0 days 01:09:12.822000,20.4,34.0,939.7,False,29.9,80,1.6,2022,11,Austrian Grand Prix
0 days 01:10:12.825000,20.4,34.0,939.7,False,29.9,107,2.7,2022,11,Austrian Grand Prix
0 days 01:11:12.822000,20.4,35.0,939.7,False,29.4,96,2.2,2022,11,Austrian Grand Prix
0 days 01:12:12.825000,20.3,36.0,939.7,False,29.6,105,2.5,2022,11,Austrian Grand Prix
0 days 01:13:12.823000,20.4,35.0,939.7,False,30.4,95,1.7,2022,11,Austrian Grand Prix
0 days 01:14:12.823000,20.3,35.0,939.7,False,30.8,120,2.0,2022,11,Austrian Grand Prix
0 days 01:15:12.824000,20.5,35.0,939.7,False,30.7,81,1.7,2022,11,Austrian Grand Prix
0 days 01:16:12.822000,20.5,35.0,939.7,False,29.8,80,2.0,2022,11,Austrian Grand Prix
0 days 01:17:12.825000,20.4,35.0,939.7,False,29.8,111,2.0,2022,11,Austrian Grand Prix
0 days 01:18:12.826000,20.4,36.0,939.7,False,29.5,101,2.7,2022,11,Austrian Grand Prix
0 days 01:19:12.825000,20.4,35.0,939.7,False,29.3,99,2.7,2022,11,Austrian Grand Prix
0 days 01:20:12.834000,20.3,36.0,939.7,False,29.1,104,2.7,2022,11,Austrian Grand Prix
0 days 01:21:12.838000,20.1,36.0,939.9,False,29.0,97,3.2,2022,11,Austrian Grand Prix
0 days 01:22:12.823000,20.1,36.0,939.7,False,29.0,103,2.2,2022,11,Austrian Grand Prix
0 days 01:23:12.827000,20.0,37.0,939.9,False,28.8,81,2.2,2022,11,Austrian Grand Prix
0 days 01:24:12.837000,19.8,37.0,939.7,False,28.5,17,2.0,2022,11,Austrian Grand Prix
0 days 01:25:12.824000,19.8,37.0,940.0,False,28.5,104,0.6,2022,11,Austrian Grand Prix
0 days 01:26:12.823000,19.8,37.0,940.0,False,28.8,259,0.8,2022,11,Austrian Grand Prix
0 days 01:27:12.842000,19.8,36.0,940.0,False,28.8,89,1.7,2022,11,Austrian Grand Prix
0 days 01:28:12.828000,19.9,36.0,940.0,False,28.8,0,1.0,2022,11,Austrian Grand Prix
0 days 01:29:12.823000,20.0,36.0,939.9,False,29.3,143,0.6,2022,11,Austrian Grand Prix
0 days 01:30:12.835000,20.1,36.0,940.0,False,29.8,263,1.7,2022,11,Austrian Grand Prix
0 days 01:31:12.826000,20.1,34.0,940.0,False,29.8,324,0.6,2022,11,Austrian Grand Prix
0 days 01:32:12.828000,20.2,35.0,939.9,False,29.4,269,1.2,2022,11,Austrian Grand Prix
0 days 01:33:12.837000,20.2,35.0,940.0,False,29.4,136,1.0,2022,11,Austrian Grand Prix
0 days 01:34:12.824000,20.2,36.0,939.9,False,29.9,92,1.2,2022,11,Austrian Grand Prix
0 days 01:35:12.826000,20.3,35.0,940.0,False,30.4,299,1.6,2022,11,Austrian Grand Prix
0 days 01:36:12.823000,20.4,34.0,940.0,False,30.4,267,2.2,2022,11,Austrian Grand Prix
0 days 01:37:12.836000,20.3,35.0,939.9,False,31.1,167,1.2,2022,11,Austrian Grand Prix
0 days 01:38:12.826000,20.3,34.0,939.9,False,31.6,332,1.5,2022,11,Austrian Grand Prix
0 days 01:39:12.826000,20.3,35.0,939.9,False,31.6,266,1.2,2022,11,Austrian Grand Prix
0 days 01:40:12.827000,20.3,34.0,940.0,False,31.2,282,1.5,2022,11,Austrian Grand Prix
0 days 01:41:12.828000,20.3,35.0,939.9,False,31.2,285,2.5,2022,11,Austrian Grand Prix
0 days 01:42:12.829000,20.4,33.0,939.9,False,31.9,267,2.2,2022,11,Austrian Grand Prix
0 days 01:43:12.829000,20.4,34.0,939.9,False,32.3,318,2.2,2022,11,Austrian Grand Prix
0 days 01:44:12.825000,20.5,34.0,939.9,False,32.9,91,1.7,2022,11,Austrian Grand Prix
0 days 01:45:12.824000,20.7,34.0,939.9,False,33.0,19,1.6,2022,11,Austrian Grand Prix
0 days 01:46:12.823000,20.8,33.0,939.9,False,33.6,329,0.8,2022,11,Austrian Grand Prix
0 days 01:47:12.826000,20.8,33.0,939.9,False,33.6,329,0.8,2022,11,Austrian Grand Prix
0 days 01:48:12.880000,20.8,32.0,939.9,False,33.6,276,1.1,2022,11,Austrian Grand Prix
0 days 01:49:12.823000,20.7,33.0,939.9,False,33.2,327,1.6,2022,11,Austrian Grand Prix
0 days 01:50:12.856000,20.7,32.0,939.9,False,33.2,127,1.6,2022,11,Austrian Grand Prix
0 days 01:51:12.855000,20.7,33.0,939.7,False,33.2,212,1.2,2022,11,Austrian Grand Prix
0 days 01:52:12.866000,20.6,33.0,939.7,False,33.1,299,1.0,2022,11,Austrian Grand Prix
0 days 01:53:12.863000,20.6,34.0,939.9,False,33.5,268,1.1,2022,11,Austrian Grand Prix
0 days 01:54:12.868000,20.7,34.0,939.9,False,33.8,106,1.2,2022,11,Austrian Grand Prix
0 days 01:55:12.870000,20.8,33.0,939.7,False,34.3,114,1.6,2022,11,Austrian Grand Prix
0 days 01:56:12.896000,20.9,33.0,939.7,False,34.3,114,1.6,2022,11,Austrian Grand Prix
0 days 01:57:12.908000,21.0,32.0,939.7,False,34.3,61,0.8,2022,11,Austrian Grand Prix
0 days 01:58:12.912000,21.0,32.0,939.9,False,34.1,269,1.1,2022,11,Austrian Grand Prix
0 days 01:59:12.927000,21.0,33.0,939.9,False,34.1,243,1.6,2022,11,Austrian Grand Prix
0 days 02:00:12.922000,21.1,32.0,939.7,False,34.3,0,2.5,2022,11,Austrian Grand Prix
0 days 02:01:12.924000,20.9,32.0,939.7,False,34.4,177,1.3,2022,11,Austrian Grand Prix
0 days 02:02:12.952000,20.8,33.0,939.9,False,34.4,38,0.5,2022,11,Austrian Grand Prix
0 days 02:03:12.959000,20.8,32.0,939.9,False,34.0,106,0.8,2022,11,Austrian Grand Prix
0 days 02:04:12.972000,20.8,32.0,939.7,False,33.8,57,1.2,2022,11,Austrian Grand Prix
0 days 02:05:12.970000,20.9,33.0,939.9,False,33.8,104,1.5,2022,11,Austrian Grand Prix
0 days 02:06:12.952000,20.9,32.0,939.9,False,32.6,78,1.6,2022,11,Austrian Grand Prix
0 days 02:07:12.954000,20.9,32.0,940.0,False,32.3,91,0.8,2022,11,Austrian Grand Prix
0 days 02:08:12.957000,20.8,32.0,940.0,False,31.9,153,1.7,2022,11,Austrian Grand Prix
0 days 02:09:12.954000,20.6,32.0,940.0,False,31.8,87,0.8,2022,11,Austrian Grand Prix
0 days 02:10:12.967000,20.4,32.0,939.7,False,31.7,330,1.2,2022,11,Austrian Grand Prix
0 days 02:11:12.958000,20.3,33.0,940.0,False,31.8,280,1.5,2022,11,Austrian Grand Prix
0 days 02:12:12.967000,20.3,33.0,940.0,False,31.5,276,2.0,2022,11,Austrian Grand Prix
0 days 02:13:12.983000,20.4,34.0,939.9,False,31.2,317,1.6,2022,11,Austrian Grand Prix
0 days 02:14:13.003000,20.4,34.0,940.0,False,30.9,265,0.5,2022,11,Austrian Grand Prix
0 days 02:15:13.016000,20.2,35.0,939.9,False,30.9,281,1.5,2022,11,Austrian Grand Prix
0 days 02:16:13.017000,20.3,35.0,940.0,False,31.2,107,0.6,2022,11,Austrian Grand Prix
0 days 02:17:13.029000,20.4,35.0,940.0,False,31.1,267,1.2,2022,11,Austrian Grand Prix
0 days 02:18:13.047000,20.4,35.0,940.0,False,30.8,254,2.4,2022,11,Austrian Grand Prix
0 days 02:19:13.051000,20.5,33.0,940.0,False,30.8,65,3.9,2022,11,Austrian Grand Prix
0 days 02:20:13.048000,20.4,34.0,940.0,False,30.6,315,1.2,2022,11,Austrian Grand Prix
0 days 02:21:13.063000,20.2,34.0,940.0,False,30.4,217,1.2,2022,11,Austrian Grand Prix
0 days 02:22:13.077000,20.0,34.0,940.0,False,30.6,93,0.6,2022,11,Austrian Grand Prix
0 days 02:23:13.082000,19.8,34.0,940.0,False,30.6,277,1.0,2022,11,Austrian Grand Prix
0 days 02:24:13.077000,19.9,34.0,940.0,False,30.6,278,1.7,2022,11,Austrian Grand Prix
0 days 02:25:13.075000,19.9,34.0,940.0,False,30.8,324,1.0,2022,11,Austrian Grand Prix
0 days 02:26:13.078000,20.0,34.0,940.0,False,31.4,272,2.2,2022,11,Austrian Grand Prix
0 days 02:27:13.077000,20.1,33.0,940.0,False,31.5,192,1.7,2022,11,Austrian Grand Prix
0 days 02:28:13.078000,20.2,34.0,940.0,False,31.7,52,0.8,2022,11,Austrian Grand Prix
0 days 02:29:13.076000,20.4,33.0,940.0,False,32.3,247,0.6,2022,11,Austrian Grand Prix
0 days 02:30:13.084000,20.7,33.0,939.9,False,32.6,0,1.3,2022,11,Austrian Grand Prix
0 days 02:31:13.077000,20.7,33.0,939.9,False,32.9,66,0.3,2022,11,Austrian Grand Prix
