Time,Category,Message,Status,Flag,Scope,Sector,RacingNumber,Lap,Year,RoundNumber
0.0,Other,PIT EXIT CLOSED,,,,,,,2019,1
901.0,Other,RISK OF RAIN FOR THIS SESSION IS 0%,,,,,,1.0,2019,1
1620.0,Drs,DRS DISABLED,DISABLED,,,,,1.0,2019,1
2009.0,Flag,GREEN LIGHT - PIT EXIT OPEN,,GREEN,Track,,,1.0,2019,1
2043.0,Flag,YELLOW IN TRACK SECTOR 1,,YELLOW,Sector,1.0,,1.0,2019,1
2086.0,Flag,CLEAR IN TRACK SECTOR 1,,CLEAR,Sector,1.0,,1.0,2019,1
2180.0,Drs,DRS ENABLED,ENABLED,,,,,2.0,2019,1
2848.0,Flag,WAVED BLUE FLAG FOR CAR 88 (KUB) TIMED AT 16:27:32,,BLUE,Driver,,88.0,10.0,2019,1
2889.0,Flag,WAVED BLUE FLAG FOR CAR 88 (KUB) TIMED AT 16:28:13,,BLUE,Driver,,88.0,10.0,2019,1
2938.0,Flag,WAVED BLUE FLAG FOR CAR 88 (KUB) TIMED AT 16:29:01,,BLUE,Driver,,88.0,11.0,2019,1
2952.0,Other,CAR 55 (SAI) STOPPED AT PIT ENTRY,,,,,,11.0,2019,1
2955.0,Flag,WAVED BLUE FLAG FOR CAR 88 (KUB) TIMED AT 16:29:18,,BLUE,Driver,,88.0,11.0,2019,1
3098.0,Flag,WAVED BLUE FLAG FOR CAR 88 (KUB) TIMED AT 16:31:41,,BLUE,Driver,,88.0,13.0,2019,1
3262.0,Flag,WAVED BLUE FLAG FOR CAR 88 (KUB) TIMED AT 16:34:25,,BLUE,Driver,,88.0,15.0,2019,1
3321.0,Flag,WAVED BLUE FLAG FOR CAR 88 (KUB) TIMED AT 16:35:24,,BLUE,Driver,,88.0,15.0,2019,1
3350.0,Flag,WAVED BLUE FLAG FOR CAR 88 (KUB) TIMED AT 16:35:54,,BLUE,Driver,,88.0,16.0,2019,1
3526.0,Flag,WAVED BLUE FLAG FOR CAR 3 (RIC) TIMED AT 16:38:50,,BLUE,Driver,,3.0,18.0,2019,1
3561.0,Flag,WAVED BLUE FLAG FOR CAR 88 (KUB) TIMED AT 16:39:24,,BLUE,Driver,,88.0,18.0,2019,1
3873.0,Flag,WAVED BLUE FLAG FOR CAR 88 (KUB) TIMED AT 16:44:36,,BLUE,Driver,,88.0,21.0,2019,1
3893.0,Flag,WAVED BLUE FLAG FOR CAR 88 (KUB) TIMED AT 16:44:57,,BLUE,Driver,,88.0,22.0,2019,1
3902.0,Flag,WAVED BLUE FLAG FOR CAR 63 (RUS) TIMED AT 16:45:05,,BLUE,Driver,,63.0,22.0,2019,1
3924.0,Flag,WAVED BLUE FLAG FOR CAR 88 (KUB) TIMED AT 16:45:28,,BLUE,Driver,,88.0,22.0,2019,1
4023.0,Flag,WAVED BLUE FLAG FOR CAR 88 (KUB) TIMED AT 16:47:06,,BLUE,Driver,,88.0,23.0,2019,1
4060.0,Flag,WAVED BLUE FLAG FOR CAR 88 (KUB) TIMED AT 16:47:44,,BLUE,Driver,,88.0,23.0,2019,1
4399.0,Flag,WAVED BLUE FLAG FOR CAR 3 (RIC) TIMED AT 16:53:22,,BLUE,Driver,,3.0,27.0,2019,1
4680.0,Flag,WAVED BLUE FLAG FOR CAR 88 (KUB) TIMED AT 16:58:04,,BLUE,Driver,,88.0,30.0,2019,1
4752.0,Flag,YELLOW IN TRACK SECTOR 19,,YELLOW,Sector,19.0,,31.0,2019,1
4760.0,Flag,CLEAR IN TRACK SECTOR 19,,CLEAR,Sector,19.0,,31.0,2019,1
4788.0,CarEvent,CAR 8 (GRO) STOPPED AT TURN 15,,,,,8.0,32.0,2019,1
4881.0,Flag,WAVED BLUE FLAG FOR CAR 99 (GIO) TIMED AT 17:01:25,,BLUE,Driver,,99.0,33.0,2019,1
4923.0,Flag,WAVED BLUE FLAG FOR CAR 63 (RUS) TIMED AT 17:02:06,,BLUE,Driver,,63.0,33.0,2019,1
5084.0,Flag,WAVED BLUE FLAG FOR CAR 88 (KUB) TIMED AT 17:04:47,,BLUE,Driver,,88.0,35.0,2019,1
5102.0,Flag,WAVED BLUE FLAG FOR CAR 23 (ALB) TIMED AT 17:05:05,,BLUE,Driver,,23.0,35.0,2019,1
5110.0,Flag,WAVED BLUE FLAG FOR CAR 99 (GIO) TIMED AT 17:05:14,,BLUE,Driver,,99.0,35.0,2019,1
5318.0,CarEvent,CAR 26 (KVY) OFF TRACK AND CONTINUED AT TURN 3,,,,,26.0,38.0,2019,1
5387.0,Flag,WAVED BLUE FLAG FOR CAR 11 (PER) TIMED AT 17:09:51,,BLUE,Driver,,11.0,38.0,2019,1
5728.0,Flag,WAVED BLUE FLAG FOR CAR 4 (NOR) TIMED AT 17:15:32,,BLUE,Driver,,4.0,42.0,2019,1
5737.0,Flag,WAVED BLUE FLAG FOR CAR 99 (GIO) TIMED AT 17:15:41,,BLUE,Driver,,99.0,43.0,2019,1
5839.0,Flag,WAVED BLUE FLAG FOR CAR 63 (RUS) TIMED AT 17:17:22,,BLUE,Driver,,63.0,44.0,2019,1
5941.0,Flag,WAVED BLUE FLAG FOR CAR 63 (RUS) TIMED AT 17:19:05,,BLUE,Driver,,63.0,45.0,2019,1
6136.0,Flag,WAVED BLUE FLAG FOR CAR 88 (KUB) TIMED AT 17:22:20,,BLUE,Driver,,88.0,47.0,2019,1
6239.0,Flag,WAVED BLUE FLAG FOR CAR 88 (KUB) TIMED AT 17:24:03,,BLUE,Driver,,88.0,48.0,2019,1
6257.0,Flag,WAVED BLUE FLAG FOR CAR 88 (KUB) TIMED AT 17:24:20,,BLUE,Driver,,88.0,48.0,2019,1
6373.0,Flag,WAVED BLUE FLAG FOR CAR 23 (ALB) TIMED AT 17:26:16,,BLUE,Driver,,23.0,50.0,2019,1
6437.0,Flag,WAVED BLUE FLAG FOR CAR 23 (ALB) TIMED AT 17:27:21,,BLUE,Driver,,23.0,51.0,2019,1
6447.0,Flag,WAVED BLUE FLAG FOR CAR 88 (KUB) TIMED AT 17:27:31,,BLUE,Driver,,88.0,51.0,2019,1
6464.0,Flag,WAVED BLUE FLAG FOR CAR 10 (GAS) TIMED AT 17:27:47,,BLUE,Driver,,10.0,51.0,2019,1
6510.0,Flag,WAVED BLUE FLAG FOR CAR 88 (KUB) TIMED AT 17:28:34,,BLUE,Driver,,88.0,51.0,2019,1
6543.0,Flag,WAVED BLUE FLAG FOR CAR 26 (KVY) TIMED AT 17:29:06,,BLUE,Driver,,26.0,52.0,2019,1
6568.0,Flag,WAVED BLUE FLAG FOR CAR 63 (RUS) TIMED AT 17:29:32,,BLUE,Driver,,63.0,52.0,2019,1
6582.0,Flag,WAVED BLUE FLAG FOR CAR 11 (PER) TIMED AT 17:29:46,,BLUE,Driver,,11.0,52.0,2019,1
6593.0,Flag,WAVED BLUE FLAG FOR CAR 63 (RUS) TIMED AT 17:29:57,,BLUE,Driver,,63.0,52.0,2019,1
6601.0,Flag,WAVED BLUE FLAG FOR CAR 4 (NOR) TIMED AT 17:30:05,,BLUE,Driver,,4.0,52.0,2019,1
6616.0,Flag,WAVED BLUE FLAG FOR CAR 26 (KVY) TIMED AT 17:30:19,,BLUE,Driver,,26.0,53.0,2019,1
6616.0,Flag,WAVED BLUE FLAG FOR CAR 11 (PER) TIMED AT 17:30:20,,BLUE,Driver,,11.0,53.0,2019,1
6641.0,Flag,WAVED BLUE FLAG FOR CAR 4 (NOR) TIMED AT 17:30:45,,BLUE,Driver,,4.0,53.0,2019,1
6723.0,Flag,WAVED BLUE FLAG FOR CAR 18 (STR) TIMED AT 17:32:07,,BLUE,Driver,,18.0,54.0,2019,1
6749.0,Flag,WAVED BLUE FLAG FOR CAR 88 (KUB) TIMED AT 17:32:32,,BLUE,Driver,,88.0,54.0,2019,1
6820.0,Flag,WAVED BLUE FLAG FOR CAR 7 (RAI) TIMED AT 17:33:44,,BLUE,Driver,,7.0,55.0,2019,1
6868.0,Flag,WAVED BLUE FLAG FOR CAR 27 (HUL) TIMED AT 17:34:32,,BLUE,Driver,,27.0,55.0,2019,1
6906.0,Flag,WAVED BLUE FLAG FOR CAR 63 (RUS) TIMED AT 17:35:09,,BLUE,Driver,,63.0,56.0,2019,1
7136.0,Flag,CHEQUERED FLAG,,CHEQUERED,Track,,,58.0,2019,1
1245679.0,Flag,DOUBLE YELLOW IN TRACK SECTOR 15,,DOUBLE YELLOW,Sector,15.0,,1.0,2019,2
1245703.0,Flag,CLEAR IN TRACK SECTOR 15,,CLEAR,Sector,15.0,,1.0,2019,2
1246497.0,Other,RISK OF RAIN FOR THIS SESSION IS 10%,,,,,,1.0,2019,2
1246527.0,Other,AIR TEMPERATURE 15 MINS BEFORE THE RACE = 26 DEGREES,,,,,,1.0,2019,2
1247220.0,Drs,DRS DISABLED,DISABLED,,,,,1.0,2019,2
1247607.0,Flag,GREEN LIGHT - PIT EXIT OPEN,,GREEN,Track,,,1.0,2019,2
1247650.0,Flag,YELLOW IN TRACK SECTOR 6,,YELLOW,Sector,6.0,,1.0,2019,2
1247651.0,Flag,CLEAR IN TRACK SECTOR 6,,CLEAR,Sector,6.0,,1.0,2019,2
1247657.0,Flag,YELLOW IN TRACK SECTOR 6,,YELLOW,Sector,6.0,,1.0,2019,2
1247659.0,Flag,CLEAR IN TRACK SECTOR 6,,CLEAR,Sector,6.0,,1.0,2019,2
1247678.0,Flag,DOUBLE YELLOW IN TRACK SECTOR 3,,DOUBLE YELLOW,Sector,3.0,,1.0,2019,2
1247684.0,Flag,CLEAR IN TRACK SECTOR 3,,CLEAR,Sector,3.0,,1.0,2019,2
1247693.0,Flag,DOUBLE YELLOW IN TRACK SECTOR 9,,DOUBLE YELLOW,Sector,9.0,,1.0,2019,2
1247702.0,Flag,YELLOW IN TRACK SECTOR 8,,YELLOW,Sector,8.0,,1.0,2019,2
1247706.0,Flag,CLEAR IN TRACK SECTOR 9,,CLEAR,Sector,9.0,,2.0,2019,2
1247712.0,Flag,CLEAR IN TRACK SECTOR 8,,CLEAR,Sector,8.0,,2.0,2019,2
1247757.0,Flag,DOUBLE YELLOW IN TRACK SECTOR 16,,DOUBLE YELLOW,Sector,16.0,,2.0,2019,2
1247761.0,Flag,CLEAR IN TRACK SECTOR 16,,CLEAR,Sector,16.0,,2.0,2019,2
1247798.0,Drs,DRS ENABLED,ENABLED,,,,,2.0,2019,2
1247938.0,Flag,DOUBLE YELLOW IN TRACK SECTOR 2,,DOUBLE YELLOW,Sector,2.0,,4.0,2019,2
1247944.0,Flag,YELLOW IN TRACK SECTOR 1,,YELLOW,Sector,1.0,,4.0,2019,2
1247945.0,Flag,YELLOW IN TRACK SECTOR 6,,YELLOW,Sector,6.0,,4.0,2019,2
1247947.0,Flag,CLEAR IN TRACK SECTOR 6,,CLEAR,Sector,6.0,,4.0,2019,2
1247952.0,Flag,CLEAR IN TRACK SECTOR 2,,CLEAR,Sector,2.0,,4.0,2019,2
1247953.0,Flag,CLEAR IN TRACK SECTOR 1,,CLEAR,Sector,1.0,,4.0,2019,2
1248087.0,Other,"LAP 1, TURN 2 INCIDENT INVOLVING CARS 8 (GRO) AND 18 (STR) NOTED",,,,,,5.0,2019,2
1248146.0,Flag,DOUBLE YELLOW IN TRACK SECTOR 3,,DOUBLE YELLOW,Sector,3.0,,6.0,2019,2
1248153.0,Flag,CLEAR IN TRACK SECTOR 3,,CLEAR,Sector,3.0,,6.0,2019,2
1248433.0,Other,TURN 4 INCIDENT INVOLVING CARS 33 (VER) AND 55 (SAI) UNDER INVESTIGATION,,,,,,9.0,2019,2
1248530.0,Other,TURN 2 INCIDENT INVOLVING CARS 8 (GRO) AND 18 (STR) - NO INVESTIGATION NECESSARY,,,,,,10.0,2019,2
1248656.0,Other,TURN 4 INCIDENT INVOLVING CARS 33 (VER) AND 55 (SAI) - NO FURTHER ACTION,,,,,,11.0,2019,2
1248776.0,Flag,DOUBLE YELLOW IN TRACK SECTOR 11,,DOUBLE YELLOW,Sector,11.0,,13.0,2019,2
1248776.0,Flag,YELLOW IN TRACK SECTOR 11,,YELLOW,Sector,11.0,,13.0,2019,2
1248777.0,Flag,YELLOW IN TRACK SECTOR 12,,YELLOW,Sector,12.0,,13.0,2019,2
1248783.0,Flag,CLEAR IN TRACK SECTOR 11,,CLEAR,Sector,11.0,,13.0,2019,2
1248785.0,Flag,CLEAR IN TRACK SECTOR 12,,CLEAR,Sector,12.0,,13.0,2019,2
1248793.0,CarEvent,CAR 26 (KVY) SPUN AND CONTINUED AT TURN 11,,,,,26.0,13.0,2019,2
1249039.0,Other,TURN 11 INCIDENT INVOLVING CARS 26 (KVY) AND 99 (GIO) UNDER INVESTIGATION,,,,,,15.0,2019,2
1249313.0,Other,5 SECOND TIME PENALTY FOR CAR 26 (KVY) - SPEEDING IN THE PIT LANE,,,,,,18.0,2019,2
1249508.0,Other,TURN 12 INCIDENT INVOLVING CARS 26 (KVY) AND 99 (GIO) - NO FURTHER ACTION,,,,,,20.0,2019,2
1249946.0,Flag,WAVED BLUE FLAG FOR CAR 55 (SAI) TIMED AT 18:52:29,,BLUE,Driver,,55.0,24.0,2019,2
1249976.0,Flag,WAVED BLUE FLAG FOR CAR 18 (STR) TIMED AT 18:53:00,,BLUE,Driver,,18.0,25.0,2019,2
1250212.0,Flag,WAVED BLUE FLAG FOR CAR 88 (KUB) TIMED AT 18:56:56,,BLUE,Driver,,88.0,27.0,2019,2
1250263.0,Flag,WAVED BLUE FLAG FOR CAR 63 (RUS) TIMED AT 18:57:47,,BLUE,Driver,,63.0,28.0,2019,2
1250664.0,Flag,WAVED BLUE FLAG FOR CAR 18 (STR) TIMED AT 19:04:28,,BLUE,Driver,,18.0,32.0,2019,2
1250958.0,Flag,WAVED BLUE FLAG FOR CAR 55 (SAI) TIMED AT 19:09:21,,BLUE,Driver,,55.0,35.0,2019,2
1250995.0,Flag,WAVED BLUE FLAG FOR CAR 18 (STR) TIMED AT 19:09:59,,BLUE,Driver,,18.0,35.0,2019,2
1251022.0,Flag,WAVED BLUE FLAG FOR CAR 63 (RUS) TIMED AT 19:10:26,,BLUE,Driver,,63.0,36.0,2019,2
1251263.0,Flag,YELLOW IN TRACK SECTOR 3,,YELLOW,Sector,3.0,,38.0,2019,2
1251265.0,Flag,YELLOW IN TRACK SECTOR 4,,YELLOW,Sector,4.0,,38.0,2019,2
1251270.0,Flag,CLEAR IN TRACK SECTOR 3,,CLEAR,Sector,3.0,,38.0,2019,2
1251274.0,Flag,CLEAR IN TRACK SECTOR 4,,CLEAR,Sector,4.0,,38.0,2019,2
1251282.0,CarEvent,CAR 5 (VET) SPUN AND CONTINUED AT TURN 4,,,,,5.0,38.0,2019,2
1251289.0,Flag,WAVED BLUE FLAG FOR CAR 18 (STR) TIMED AT 19:14:53,,BLUE,Driver,,18.0,38.0,2019,2
1251301.0,Flag,WAVED BLUE FLAG FOR CAR 88 (KUB) TIMED AT 19:15:05,,BLUE,Driver,,88.0,38.0,2019,2
1251306.0,Flag,WAVED BLUE FLAG FOR CAR 63 (RUS) TIMED AT 19:15:10,,BLUE,Driver,,63.0,38.0,2019,2
1251310.0,Flag,WAVED BLUE FLAG FOR CAR 55 (SAI) TIMED AT 19:15:13,,BLUE,Driver,,55.0,38.0,2019,2
1251384.0,Flag,WAVED BLUE FLAG FOR CAR 88 (KUB) TIMED AT 19:16:28,,BLUE,Driver,,88.0,39.0,2019,2
1251522.0,Flag,DOUBLE YELLOW IN TRACK SECTOR 10,,DOUBLE YELLOW,Sector,10.0,,41.0,2019,2
1251531.0,Flag,CLEAR IN TRACK SECTOR 10,,CLEAR,Sector,10.0,,41.0,2019,2
1251599.0,Flag,WAVED BLUE FLAG FOR CAR 55 (SAI) TIMED AT 19:20:02,,BLUE,Driver,,55.0,41.0,2019,2
1251621.0,Flag,WAVED BLUE FLAG FOR CAR 99 (GIO) TIMED AT 19:20:24,,BLUE,Driver,,99.0,42.0,2019,2
1251644.0,Flag,WAVED BLUE FLAG FOR CAR 63 (RUS) TIMED AT 19:20:47,,BLUE,Driver,,63.0,42.0,2019,2
1251766.0,Flag,DOUBLE YELLOW IN TRACK SECTOR 8,,DOUBLE YELLOW,Sector,8.0,,43.0,2019,2
1251769.0,Flag,WAVED BLUE FLAG FOR CAR 63 (RUS) TIMED AT 19:22:53,,BLUE,Driver,,63.0,43.0,2019,2
1251770.0,Flag,WAVED BLUE FLAG FOR CAR 18 (STR) TIMED AT 19:22:54,,BLUE,Driver,,18.0,43.0,2019,2
1251774.0,Flag,CLEAR IN TRACK SECTOR 8,,CLEAR,Sector,8.0,,43.0,2019,2
1251912.0,Flag,WAVED BLUE FLAG FOR CAR 11 (PER) TIMED AT 19:25:16,,BLUE,Driver,,11.0,45.0,2019,2
1251964.0,Flag,WAVED BLUE FLAG FOR CAR 18 (STR) TIMED AT 19:26:08,,BLUE,Driver,,18.0,45.0,2019,2
1252089.0,Flag,WAVED BLUE FLAG FOR CAR 11 (PER) TIMED AT 19:28:13,,BLUE,Driver,,11.0,47.0,2019,2
1252094.0,Flag,WAVED BLUE FLAG FOR CAR 88 (KUB) TIMED AT 19:28:17,,BLUE,Driver,,88.0,47.0,2019,2
1252125.0,Flag,WAVED BLUE FLAG FOR CAR 88 (KUB) TIMED AT 19:28:49,,BLUE,Driver,,88.0,47.0,2019,2
1252203.0,Flag,WAVED BLUE FLAG FOR CAR 88 (KUB) TIMED AT 19:30:06,,BLUE,Driver,,88.0,48.0,2019,2
1252240.0,Flag,WAVED BLUE FLAG FOR CAR 88 (KUB) TIMED AT 19:30:43,,BLUE,Driver,,88.0,48.0,2019,2
1252313.0,Flag,WAVED BLUE FLAG FOR CAR 99 (GIO) TIMED AT 19:31:56,,BLUE,Driver,,99.0,49.0,2019,2
1252335.0,Flag,WAVED BLUE FLAG FOR CAR 88 (KUB) TIMED AT 19:32:18,,BLUE,Driver,,88.0,49.0,2019,2
1252476.0,Flag,WAVED BLUE FLAG FOR CAR 26 (KVY) TIMED AT 19:34:39,,BLUE,Driver,,26.0,50.0,2019,2
1252549.0,Flag,WAVED BLUE FLAG FOR CAR 63 (RUS) TIMED AT 19:35:52,,BLUE,Driver,,63.0,51.0,2019,2
1252637.0,Flag,WAVED BLUE FLAG FOR CAR 99 (GIO) TIMED AT 19:37:20,,BLUE,Driver,,99.0,52.0,2019,2
1252642.0,Flag,WAVED BLUE FLAG FOR CAR 63 (RUS) TIMED AT 19:37:25,,BLUE,Driver,,63.0,52.0,2019,2
1252654.0,Flag,WAVED BLUE FLAG FOR CAR 88 (KUB) TIMED AT 19:37:37,,BLUE,Driver,,88.0,52.0,2019,2
1252694.0,Flag,WAVED BLUE FLAG FOR CAR 20 (MAG) TIMED AT 19:38:18,,BLUE,Driver,,20.0,53.0,2019,2
1252699.0,Flag,WAVED BLUE FLAG FOR CAR 99 (GIO) TIMED AT 19:38:22,,BLUE,Driver,,99.0,53.0,2019,2
1252701.0,Flag,WAVED BLUE FLAG FOR CAR 88 (KUB) TIMED AT 19:38:24,,BLUE,Driver,,88.0,53.0,2019,2
1252756.0,Flag,WAVED BLUE FLAG FOR CAR 63 (RUS) TIMED AT 19:39:19,,BLUE,Driver,,63.0,53.0,2019,2
1252803.0,Flag,WAVED BLUE FLAG FOR CAR 88 (KUB) TIMED AT 19:40:07,,BLUE,Driver,,88.0,54.0,2019,2
1252821.0,Flag,WAVED BLUE FLAG FOR CAR 63 (RUS) TIMED AT 19:40:25,,BLUE,Driver,,63.0,54.0,2019,2
1252821.0,Flag,WAVED BLUE FLAG FOR CAR 88 (KUB) TIMED AT 19:40:25,,BLUE,Driver,,88.0,54.0,2019,2
1252843.0,Flag,YELLOW IN TRACK SECTOR 1,,YELLOW,Sector,1.0,,54.0,2019,2
1252892.0,Flag,DOUBLE YELLOW IN TRACK SECTOR 1,,DOUBLE YELLOW,Sector,1.0,,55.0,2019,2
1252914.0,Flag,WAVED BLUE FLAG FOR CAR 55 (SAI) TIMED AT 19:41:57,,BLUE,Driver,,55.0,55.0,2019,2
1252928.0,Flag,DOUBLE YELLOW IN TRACK SECTOR 2,,DOUBLE YELLOW,Sector,2.0,,55.0,2019,2
1252930.0,Flag,YELLOW IN TRACK SECTOR 2,,YELLOW,Sector,2.0,,55.0,2019,2
1252931.0,SafetyCar,SAFETY CAR DEPLOYED,DEPLOYED,,,,,55.0,2019,2
1253106.0,Flag,CLEAR IN TRACK SECTOR 1,,CLEAR,Sector,1.0,,56.0,2019,2
1253146.0,Flag,CLEAR IN TRACK SECTOR 2,,CLEAR,Sector,2.0,,57.0,2019,2
1253266.0,Flag,CHEQUERED FLAG,,CHEQUERED,Track,,,57.0,2019,2
1253460.0,Flag,TRACK CLEAR,,CLEAR,Track,,,57.0,2019,2
1253519.0,Other,INCIDENT INVOLVING CAR 3 (RIC) UNDER INVESTIGATION - FAILURE TO RE-ATTACH STEERING WHEEL AFTER LEAVING CAR,,,,,,57.0,2019,2
2423696.0,Other,AIR TEMPERATURE 15 MINS BEFORE THE RACE  = 19 DEGREES,,,,,,1.0,2019,3
2423705.0,Other,RISK OF RAIN FOR THIS SESSION IS 40%,,,,,,1.0,2019,3
2424430.0,Drs,DRS DISABLED,DISABLED,,,,,1.0,2019,3
2424805.0,Flag,GREEN LIGHT - PIT EXIT OPEN,,GREEN,Track,,,1.0,2019,3
2424854.0,Flag,YELLOW IN TRACK SECTOR 7,,YELLOW,Sector,7.0,,1.0,2019,3
2424859.0,Flag,CLEAR IN TRACK SECTOR 7,,CLEAR,Sector,7.0,,1.0,2019,3
2424890.0,SafetyCar,VIRTUAL SAFETY CAR DEPLOYED,DEPLOYED,,,,,1.0,2019,3
2424941.0,SafetyCar,VIRTUAL SAFETY CAR ENDING,ENDING,,,,,2.0,2019,3
2424954.0,Flag,TRACK CLEAR,,CLEAR,Track,,,2.0,2019,3
2425020.0,Drs,DRS ENABLED,ENABLED,,,,,2.0,2019,3
2425105.0,Other,"TURN 6 INCIDENT INVOLVING CARS 4 (NOR), 55 (SAI) AND 26 (KVY) NOTED",,,,,,3.0,2019,3
2425245.0,Other,"TURN 6 INCIDENT INVOLVING CARS 4 (NOR), 26 (KVY) AND 55 (SAI) UNDER INVESTIGATION - CAUSING A COLLISION",,,,,,5.0,2019,3
2425389.0,Other,DRIVE THROUGH PENALTY FOR CAR 26 (KVY) - CAUSING A COLLISION,,,,,,6.0,2019,3
2426550.0,Flag,WAVED BLUE FLAG FOR CAR 4 (NOR) TIMED AT 14:42:34,,BLUE,Driver,,4.0,18.0,2019,3
2426673.0,Flag,WAVED BLUE FLAG FOR CAR 4 (NOR) TIMED AT 14:44:37,,BLUE,Driver,,4.0,19.0,2019,3
2427043.0,Other,TURN 14 INCIDENT INVOLVING CARS 5 (VET) AND 33 (VER) NOTED,,,,,,23.0,2019,3
2427240.0,Flag,WAVED BLUE FLAG FOR CAR 4 (NOR) TIMED AT 14:54:04,,BLUE,Driver,,4.0,25.0,2019,3
2427370.0,Flag,WAVED BLUE FLAG FOR CAR 63 (RUS) TIMED AT 14:56:13,,BLUE,Driver,,63.0,26.0,2019,3
2427374.0,Other,TURN 14 INCIDENT INVOLVING CARS 5 (VET) AND 33 (VER) - NO INVESTIGATION NECESSARY,,,,,,26.0,2019,3
2427403.0,Flag,WAVED BLUE FLAG FOR CAR 63 (RUS) TIMED AT 14:56:47,,BLUE,Driver,,63.0,26.0,2019,3
2427482.0,Flag,WAVED BLUE FLAG FOR CAR 88 (KUB) TIMED AT 14:58:05,,BLUE,Driver,,88.0,27.0,2019,3
2427539.0,Flag,WAVED BLUE FLAG FOR CAR 88 (KUB) TIMED AT 14:59:03,,BLUE,Driver,,88.0,28.0,2019,3
2427546.0,Flag,WAVED BLUE FLAG FOR CAR 88 (KUB) TIMED AT 14:59:09,,BLUE,Driver,,88.0,28.0,2019,3
2427673.0,Flag,WAVED BLUE FLAG FOR CAR 63 (RUS) TIMED AT 15:01:16,,BLUE,Driver,,63.0,29.0,2019,3
2427844.0,Flag,WAVED BLUE FLAG FOR CAR 63 (RUS) TIMED AT 15:04:07,,BLUE,Driver,,63.0,31.0,2019,3
2427916.0,Flag,WAVED BLUE FLAG FOR CAR 99 (GIO) TIMED AT 15:05:20,,BLUE,Driver,,99.0,32.0,2019,3
2427952.0,Flag,WAVED BLUE FLAG FOR CAR 4 (NOR) TIMED AT 15:05:56,,BLUE,Driver,,4.0,32.0,2019,3
2427982.0,Flag,WAVED BLUE FLAG FOR CAR 63 (RUS) TIMED AT 15:06:25,,BLUE,Driver,,63.0,32.0,2019,3
2428044.0,Flag,WAVED BLUE FLAG FOR CAR 55 (SAI) TIMED AT 15:07:28,,BLUE,Driver,,55.0,33.0,2019,3
2428179.0,Flag,WAVED BLUE FLAG FOR CAR 55 (SAI) TIMED AT 15:09:43,,BLUE,Driver,,55.0,34.0,2019,3
2428296.0,Flag,WAVED BLUE FLAG FOR CAR 99 (GIO) TIMED AT 15:11:39,,BLUE,Driver,,99.0,36.0,2019,3
2428363.0,Flag,WAVED BLUE FLAG FOR CAR 4 (NOR) TIMED AT 15:12:46,,BLUE,Driver,,4.0,36.0,2019,3
2428367.0,Flag,WAVED BLUE FLAG FOR CAR 63 (RUS) TIMED AT 15:12:51,,BLUE,Driver,,63.0,36.0,2019,3
2428372.0,Flag,WAVED BLUE FLAG FOR CAR 4 (NOR) TIMED AT 15:12:56,,BLUE,Driver,,4.0,36.0,2019,3
2428494.0,Flag,WAVED BLUE FLAG FOR CAR 99 (GIO) TIMED AT 15:14:58,,BLUE,Driver,,99.0,37.0,2019,3
2428556.0,Flag,WAVED BLUE FLAG FOR CAR 63 (RUS) TIMED AT 15:15:59,,BLUE,Driver,,63.0,38.0,2019,3
2428632.0,Flag,WAVED BLUE FLAG FOR CAR 20 (MAG) TIMED AT 15:17:15,,BLUE,Driver,,20.0,39.0,2019,3
2428635.0,Flag,WAVED BLUE FLAG FOR CAR 55 (SAI) TIMED AT 15:17:18,,BLUE,Driver,,55.0,39.0,2019,3
2428638.0,Flag,WAVED BLUE FLAG FOR CAR 4 (NOR) TIMED AT 15:17:22,,BLUE,Driver,,4.0,39.0,2019,3
2428642.0,Flag,WAVED BLUE FLAG FOR CAR 99 (GIO) TIMED AT 15:17:25,,BLUE,Driver,,99.0,39.0,2019,3
2428751.0,Flag,WAVED BLUE FLAG FOR CAR 88 (KUB) TIMED AT 15:19:14,,BLUE,Driver,,88.0,40.0,2019,3
2428853.0,Flag,WAVED BLUE FLAG FOR CAR 8 (GRO) TIMED AT 15:20:57,,BLUE,Driver,,8.0,41.0,2019,3
2428871.0,Flag,WAVED BLUE FLAG FOR CAR 4 (NOR) TIMED AT 15:21:15,,BLUE,Driver,,4.0,41.0,2019,3
2428904.0,Flag,WAVED BLUE FLAG FOR CAR 20 (MAG) TIMED AT 15:21:47,,BLUE,Driver,,20.0,42.0,2019,3
2428916.0,Flag,WAVED BLUE FLAG FOR CAR 4 (NOR) TIMED AT 15:22:00,,BLUE,Driver,,4.0,42.0,2019,3
2428985.0,Flag,WAVED BLUE FLAG FOR CAR 4 (NOR) TIMED AT 15:23:09,,BLUE,Driver,,4.0,43.0,2019,3
2429023.0,Flag,WAVED BLUE FLAG FOR CAR 20 (MAG) TIMED AT 15:23:46,,BLUE,Driver,,20.0,43.0,2019,3
2429057.0,Flag,WAVED BLUE FLAG FOR CAR 88 (KUB) TIMED AT 15:24:21,,BLUE,Driver,,88.0,43.0,2019,3
2429083.0,Flag,WAVED BLUE FLAG FOR CAR 88 (KUB) TIMED AT 15:24:46,,BLUE,Driver,,88.0,44.0,2019,3
2429089.0,Flag,WAVED BLUE FLAG FOR CAR 99 (GIO) TIMED AT 15:24:52,,BLUE,Driver,,99.0,44.0,2019,3
2429223.0,Flag,WAVED BLUE FLAG FOR CAR 18 (STR) TIMED AT 15:27:06,,BLUE,Driver,,18.0,45.0,2019,3
2429230.0,Flag,WAVED BLUE FLAG FOR CAR 8 (GRO) TIMED AT 15:27:14,,BLUE,Driver,,8.0,45.0,2019,3
2429291.0,Flag,WAVED BLUE FLAG FOR CAR 63 (RUS) TIMED AT 15:28:15,,BLUE,Driver,,63.0,46.0,2019,3
2429300.0,Flag,WAVED BLUE FLAG FOR CAR 23 (ALB) TIMED AT 15:28:24,,BLUE,Driver,,23.0,46.0,2019,3
2429354.0,Flag,WAVED BLUE FLAG FOR CAR 55 (SAI) TIMED AT 15:29:18,,BLUE,Driver,,55.0,46.0,2019,3
2429381.0,Flag,WAVED BLUE FLAG FOR CAR 8 (GRO) TIMED AT 15:29:45,,BLUE,Driver,,8.0,47.0,2019,3
2429481.0,Flag,WAVED BLUE FLAG FOR CAR 23 (ALB) TIMED AT 15:31:25,,BLUE,Driver,,23.0,48.0,2019,3
2429516.0,Flag,WAVED BLUE FLAG FOR CAR 20 (MAG) TIMED AT 15:31:59,,BLUE,Driver,,20.0,48.0,2019,3
2429546.0,Flag,WAVED BLUE FLAG FOR CAR 99 (GIO) TIMED AT 15:32:30,,BLUE,Driver,,99.0,48.0,2019,3
2429563.0,Flag,WAVED BLUE FLAG FOR CAR 88 (KUB) TIMED AT 15:32:46,,BLUE,Driver,,88.0,49.0,2019,3
2429595.0,Flag,WAVED BLUE FLAG FOR CAR 23 (ALB) TIMED AT 15:33:19,,BLUE,Driver,,23.0,49.0,2019,3
2429707.0,Flag,WAVED BLUE FLAG FOR CAR 88 (KUB) TIMED AT 15:35:11,,BLUE,Driver,,88.0,50.0,2019,3
2429782.0,Flag,WAVED BLUE FLAG FOR CAR 4 (NOR) TIMED AT 15:36:26,,BLUE,Driver,,4.0,51.0,2019,3
2429804.0,Flag,WAVED BLUE FLAG FOR CAR 88 (KUB) TIMED AT 15:36:48,,BLUE,Driver,,88.0,51.0,2019,3
2429850.0,Flag,WAVED BLUE FLAG FOR CAR 18 (STR) TIMED AT 15:37:33,,BLUE,Driver,,18.0,52.0,2019,3
2429861.0,Flag,WAVED BLUE FLAG FOR CAR 7 (RAI) TIMED AT 15:37:45,,BLUE,Driver,,7.0,52.0,2019,3
2429926.0,Flag,WAVED BLUE FLAG FOR CAR 20 (MAG) TIMED AT 15:38:50,,BLUE,Driver,,20.0,52.0,2019,3
2429964.0,Flag,WAVED BLUE FLAG FOR CAR 11 (PER) TIMED AT 15:39:27,,BLUE,Driver,,11.0,53.0,2019,3
2429981.0,Flag,WAVED BLUE FLAG FOR CAR 8 (GRO) TIMED AT 15:39:44,,BLUE,Driver,,8.0,53.0,2019,3
2430011.0,Flag,WAVED BLUE FLAG FOR CAR 3 (RIC) TIMED AT 15:40:15,,BLUE,Driver,,3.0,53.0,2019,3
2430017.0,Flag,WAVED BLUE FLAG FOR CAR 7 (RAI) TIMED AT 15:40:21,,BLUE,Driver,,7.0,53.0,2019,3
2430019.0,Flag,WAVED BLUE FLAG FOR CAR 23 (ALB) TIMED AT 15:40:22,,BLUE,Driver,,23.0,53.0,2019,3
2430074.0,Flag,WAVED BLUE FLAG FOR CAR 88 (KUB) TIMED AT 15:41:17,,BLUE,Driver,,88.0,54.0,2019,3
2430099.0,Flag,WAVED BLUE FLAG FOR CAR 88 (KUB) TIMED AT 15:41:43,,BLUE,Driver,,88.0,54.0,2019,3
2430114.0,Flag,WAVED BLUE FLAG FOR CAR 11 (PER) TIMED AT 15:41:58,,BLUE,Driver,,11.0,54.0,2019,3
2430119.0,Flag,WAVED BLUE FLAG FOR CAR 7 (RAI) TIMED AT 15:42:03,,BLUE,Driver,,7.0,54.0,2019,3
2430177.0,Flag,WAVED BLUE FLAG FOR CAR 88 (KUB) TIMED AT 15:43:00,,BLUE,Driver,,88.0,55.0,2019,3
2430186.0,Flag,WAVED BLUE FLAG FOR CAR 3 (RIC) TIMED AT 15:43:10,,BLUE,Driver,,3.0,55.0,2019,3
2430210.0,Flag,WAVED BLUE FLAG FOR CAR 8 (GRO) TIMED AT 15:43:34,,BLUE,Driver,,8.0,55.0,2019,3
2430235.0,Flag,WAVED BLUE FLAG FOR CAR 23 (ALB) TIMED AT 15:43:59,,BLUE,Driver,,23.0,56.0,2019,3
2430284.0,Flag,WAVED BLUE FLAG FOR CAR 11 (PER) TIMED AT 15:44:47,,BLUE,Driver,,11.0,56.0,2019,3
2430330.0,Flag,CHEQUERED FLAG,,CHEQUERED,Track,,,56.0,2019,3
2430334.0,Flag,WAVED BLUE FLAG FOR CAR 3 (RIC) TIMED AT 15:45:38,,BLUE,Driver,,3.0,56.0,2019,3
3654078.0,Flag,DOUBLE YELLOW IN TRACK SECTOR 17,,DOUBLE YELLOW,Sector,17.0,,1.0,2019,4
3654082.0,Flag,CLEAR IN TRACK SECTOR 17,,CLEAR,Sector,17.0,,1.0,2019,4
3654086.0,Flag,DOUBLE YELLOW IN TRACK SECTOR 2,,DOUBLE YELLOW,Sector,2.0,,1.0,2019,4
3654128.0,Flag,DOUBLE YELLOW IN TRACK SECTOR 14,,DOUBLE YELLOW,Sector,14.0,,1.0,2019,4
3654129.0,Flag,DOUBLE YELLOW IN TRACK SECTOR 12,,DOUBLE YELLOW,Sector,12.0,,1.0,2019,4
3654129.0,Flag,CLEAR IN TRACK SECTOR 2,,CLEAR,Sector,2.0,,1.0,2019,4
3654139.0,Flag,CLEAR IN TRACK SECTOR 14,,CLEAR,Sector,14.0,,1.0,2019,4
3654158.0,Flag,DOUBLE YELLOW IN TRACK SECTOR 16,,DOUBLE YELLOW,Sector,16.0,,1.0,2019,4
3654158.0,Flag,CLEAR IN TRACK SECTOR 12,,CLEAR,Sector,12.0,,1.0,2019,4
3654172.0,Flag,CLEAR IN TRACK SECTOR 16,,CLEAR,Sector,16.0,,1.0,2019,4
3654496.0,Flag,DOUBLE YELLOW IN TRACK SECTOR 18,,DOUBLE YELLOW,Sector,18.0,,1.0,2019,4
3654519.0,Flag,CLEAR IN TRACK SECTOR 18,,CLEAR,Sector,18.0,,1.0,2019,4
3654536.0,Flag,DOUBLE YELLOW IN TRACK SECTOR 2,,DOUBLE YELLOW,Sector,2.0,,1.0,2019,4
3654540.0,Flag,CLEAR IN TRACK SECTOR 2,,CLEAR,Sector,2.0,,1.0,2019,4
3654899.0,Other,RISK OF RAIN FOR THIS SESSION IS 0%,,,,,,1.0,2019,4
3654930.0,Other,AIR TEMPERATURE 15MINS BEFORE THE RACE = 21 DEGREES,,,,,,1.0,2019,4
3655621.0,Drs,DRS DISABLED,DISABLED,,,,,1.0,2019,4
3655737.0,Flag,DOUBLE YELLOW IN TRACK SECTOR 2,,DOUBLE YELLOW,Sector,2.0,,1.0,2019,4
3655746.0,Flag,CLEAR IN TRACK SECTOR 2,,CLEAR,Sector,2.0,,1.0,2019,4
3656014.0,Flag,GREEN LIGHT - PIT EXIT OPEN,,GREEN,Track,,,1.0,2019,4
3656235.0,Drs,DRS ENABLED,ENABLED,,,,,3.0,2019,4
3656583.0,Other,TRACK SURFACE SLIPPERY IN TRACK SECTOR 11,,,,,,6.0,2019,4
3656630.0,Other,INCIDENT INVOLVING CAR 88 (KUB) UNDER INVESTIGATION - START PROCEDURE,,,,,,6.0,2019,4
3656655.0,Flag,CLEAR IN TRACK SECTOR 11,,CLEAR,Sector,11.0,,6.0,2019,4
3657502.0,Other,DRIVE THROUGH PENALTY FOR CAR 88 (KUB) - CAR BEING DRIVEN TO PIT EXIT EARLY,,,,,,14.0,2019,4
3657899.0,Other,AIR TEMPERATURE IS NOW 19 DEGREES,,,,,,18.0,2019,4
3658593.0,Flag,WAVED BLUE FLAG FOR CAR 88 (KUB) TIMED AT 16:56:36,,BLUE,Driver,,88.0,24.0,2019,4
3658748.0,Flag,WAVED BLUE FLAG FOR CAR 88 (KUB) TIMED AT 16:59:11,,BLUE,Driver,,88.0,26.0,2019,4
3659167.0,Flag,WAVED BLUE FLAG FOR CAR 63 (RUS) TIMED AT 17:06:11,,BLUE,Driver,,63.0,30.0,2019,4
3659354.0,Flag,YELLOW IN TRACK SECTOR 4,,YELLOW,Sector,4.0,,31.0,2019,4
3659372.0,Flag,DOUBLE YELLOW IN TRACK SECTOR 4,,DOUBLE YELLOW,Sector,4.0,,32.0,2019,4
3659402.0,Flag,CLEAR IN TRACK SECTOR 4,,CLEAR,Sector,4.0,,32.0,2019,4
3659418.0,Other,TRACK SURFACE SLIPPERY IN TRACK SECTOR 9,,,,,,32.0,2019,4
3659430.0,Flag,CLEAR IN TRACK SECTOR 9,,CLEAR,Sector,9.0,,32.0,2019,4
3659460.0,Flag,WAVED BLUE FLAG FOR CAR 26 (KVY) TIMED AT 17:11:03,,BLUE,Driver,,26.0,32.0,2019,4
3659499.0,Flag,WAVED BLUE FLAG FOR CAR 26 (KVY) TIMED AT 17:11:43,,BLUE,Driver,,26.0,33.0,2019,4
3659531.0,Flag,DOUBLE YELLOW IN TRACK SECTOR 4,,DOUBLE YELLOW,Sector,4.0,,33.0,2019,4
3659541.0,Flag,CLEAR IN TRACK SECTOR 4,,CLEAR,Sector,4.0,,33.0,2019,4
3659562.0,Flag,WAVED BLUE FLAG FOR CAR 26 (KVY) TIMED AT 17:12:46,,BLUE,Driver,,26.0,33.0,2019,4
3659614.0,Flag,WAVED BLUE FLAG FOR CAR 88 (KUB) TIMED AT 17:13:37,,BLUE,Driver,,88.0,34.0,2019,4
3659626.0,Other,TURN 3 INCIDENT INVOLVING CARS 3 (RIC) AND 26 (KVY) UNDER INVESTIGATION,,,,,,34.0,2019,4
3659631.0,Flag,WAVED BLUE FLAG FOR CAR 88 (KUB) TIMED AT 17:13:54,,BLUE,Driver,,88.0,34.0,2019,4
3659643.0,Flag,WAVED BLUE FLAG FOR CAR 88 (KUB) TIMED AT 17:14:07,,BLUE,Driver,,88.0,34.0,2019,4
3659757.0,Flag,WAVED BLUE FLAG FOR CAR 8 (GRO) TIMED AT 17:16:00,,BLUE,Driver,,8.0,35.0,2019,4
3659942.0,Other,TURN 3 INCIDENT INVOLVING CARS 3 (RIC) AND 26 (KVY) WILL BE INVESTIGATED AFTER THE RACE,,,,,,37.0,2019,4
3659950.0,Flag,WAVED BLUE FLAG FOR CAR 8 (GRO) TIMED AT 17:19:13,,BLUE,Driver,,8.0,37.0,2019,4
3659966.0,Flag,WAVED BLUE FLAG FOR CAR 8 (GRO) TIMED AT 17:19:29,,BLUE,Driver,,8.0,37.0,2019,4
3659982.0,Other,TRACK SURFACE SLIPPERY IN TRACK SECTOR 6,,,,,,37.0,2019,4
3660056.0,Flag,CLEAR IN TRACK SECTOR 6,,CLEAR,Sector,6.0,,38.0,2019,4
3660065.0,Flag,WAVED BLUE FLAG FOR CAR 20 (MAG) TIMED AT 17:21:08,,BLUE,Driver,,20.0,38.0,2019,4
3660109.0,Flag,WAVED BLUE FLAG FOR CAR 20 (MAG) TIMED AT 17:21:53,,BLUE,Driver,,20.0,39.0,2019,4
3660137.0,Flag,WAVED BLUE FLAG FOR CAR 20 (MAG) TIMED AT 17:22:20,,BLUE,Driver,,20.0,39.0,2019,4
3660180.0,Flag,WAVED BLUE FLAG FOR CAR 8 (GRO) TIMED AT 17:23:03,,BLUE,Driver,,8.0,39.0,2019,4
3660183.0,Flag,WAVED BLUE FLAG FOR CAR 20 (MAG) TIMED AT 17:23:06,,BLUE,Driver,,20.0,39.0,2019,4
3660189.0,Flag,WAVED BLUE FLAG FOR CAR 63 (RUS) TIMED AT 17:23:12,,BLUE,Driver,,63.0,39.0,2019,4
3660201.0,Flag,YELLOW IN TRACK SECTOR 6,,YELLOW,Sector,6.0,,39.0,2019,4
3660220.0,SafetyCar,VIRTUAL SAFETY CAR DEPLOYED,DEPLOYED,,,,,40.0,2019,4
3660403.0,Flag,CLEAR IN TRACK SECTOR 6,,CLEAR,Sector,6.0,,41.0,2019,4
3660411.0,SafetyCar,VIRTUAL SAFETY CAR ENDING,ENDING,,,,,41.0,2019,4
3660426.0,Flag,TRACK CLEAR,,CLEAR,Track,,,41.0,2019,4
3660427.0,Drs,DRS ENABLED,ENABLED,,,,,41.0,2019,4
3660437.0,Flag,WAVED BLUE FLAG FOR CAR 63 (RUS) TIMED AT 17:27:21,,BLUE,Driver,,63.0,41.0,2019,4
3660447.0,Flag,WAVED BLUE FLAG FOR CAR 99 (GIO) TIMED AT 17:27:31,,BLUE,Driver,,99.0,41.0,2019,4
3660519.0,Flag,WAVED BLUE FLAG FOR CAR 27 (HUL) TIMED AT 17:28:43,,BLUE,Driver,,27.0,42.0,2019,4
3660557.0,Flag,WAVED BLUE FLAG FOR CAR 23 (ALB) TIMED AT 17:29:21,,BLUE,Driver,,23.0,42.0,2019,4
3660558.0,Flag,WAVED BLUE FLAG FOR CAR 88 (KUB) TIMED AT 17:29:21,,BLUE,Driver,,88.0,42.0,2019,4
3660572.0,Flag,WAVED BLUE FLAG FOR CAR 99 (GIO) TIMED AT 17:29:35,,BLUE,Driver,,99.0,42.0,2019,4
3660626.0,Flag,WAVED BLUE FLAG FOR CAR 99 (GIO) TIMED AT 17:30:29,,BLUE,Driver,,99.0,43.0,2019,4
3660639.0,Flag,WAVED BLUE FLAG FOR CAR 23 (ALB) TIMED AT 17:30:42,,BLUE,Driver,,23.0,43.0,2019,4
3660740.0,Flag,WAVED BLUE FLAG FOR CAR 99 (GIO) TIMED AT 17:32:24,,BLUE,Driver,,99.0,44.0,2019,4
3660750.0,Flag,WAVED BLUE FLAG FOR CAR 23 (ALB) TIMED AT 17:32:34,,BLUE,Driver,,23.0,44.0,2019,4
3660801.0,Flag,WAVED BLUE FLAG FOR CAR 99 (GIO) TIMED AT 17:33:24,,BLUE,Driver,,99.0,45.0,2019,4
3660884.0,Flag,WAVED BLUE FLAG FOR CAR 7 (RAI) TIMED AT 17:34:48,,BLUE,Driver,,7.0,45.0,2019,4
3660900.0,Flag,WAVED BLUE FLAG FOR CAR 63 (RUS) TIMED AT 17:35:03,,BLUE,Driver,,63.0,46.0,2019,4
3660914.0,Flag,WAVED BLUE FLAG FOR CAR 7 (RAI) TIMED AT 17:35:17,,BLUE,Driver,,7.0,46.0,2019,4
3661007.0,Flag,WAVED BLUE FLAG FOR CAR 7 (RAI) TIMED AT 17:36:50,,BLUE,Driver,,7.0,47.0,2019,4
3661012.0,Flag,WAVED BLUE FLAG FOR CAR 23 (ALB) TIMED AT 17:36:55,,BLUE,Driver,,23.0,47.0,2019,4
3661278.0,Flag,WAVED BLUE FLAG FOR CAR 63 (RUS) TIMED AT 17:41:21,,BLUE,Driver,,63.0,49.0,2019,4
3661401.0,Flag,WAVED BLUE FLAG FOR CAR 63 (RUS) TIMED AT 17:43:24,,BLUE,Driver,,63.0,50.0,2019,4
3661460.0,Flag,WAVED BLUE FLAG FOR CAR 27 (HUL) TIMED AT 17:44:23,,BLUE,Driver,,27.0,51.0,2019,4
3661481.0,Flag,WAVED BLUE FLAG FOR CAR 27 (HUL) TIMED AT 17:44:45,,BLUE,Driver,,27.0,51.0,2019,4
3661494.0,Flag,WAVED BLUE FLAG FOR CAR 63 (RUS) TIMED AT 17:44:57,,BLUE,Driver,,63.0,51.0,2019,4
3661524.0,Flag,CHEQUERED FLAG,,CHEQUERED,Track,,,51.0,2019,4
4868100.0,Other,AIR TEMPERATURE 15 MIN BEFORE THE RACE = 20 DEGREES,,,,,,1.0,2019,5
4868108.0,Other,RISK OF RAIN FOR THIS SESSION IS 0%,,,,,,1.0,2019,5
4868486.0,Flag,YELLOW IN TRACK SECTOR 10,,YELLOW,Sector,10.0,,1.0,2019,5
4868491.0,Flag,CLEAR IN TRACK SECTOR 10,,CLEAR,Sector,10.0,,1.0,2019,5
4868824.0,Drs,DRS DISABLED,DISABLED,,,,,1.0,2019,5
4869183.0,Flag,GREEN LIGHT - PIT EXIT OPEN,,GREEN,Track,,,1.0,2019,5
4869220.0,Flag,YELLOW IN TRACK SECTOR 6,,YELLOW,Sector,6.0,,1.0,2019,5
4869229.0,Flag,CLEAR IN TRACK SECTOR 6,,CLEAR,Sector,6.0,,1.0,2019,5
4869247.0,CarEvent,CAR 7 (RAI) OFF TRACK AND CONTINUED AT TURN 4,,,,,7.0,1.0,2019,5
4869366.0,Drs,DRS ENABLED,ENABLED,,,,,3.0,2019,5
4870638.0,Flag,WAVED BLUE FLAG FOR CAR 99 (GIO) TIMED AT 15:37:22,,BLUE,Driver,,99.0,18.0,2019,5
4870677.0,Flag,WAVED BLUE FLAG FOR CAR 88 (KUB) TIMED AT 15:38:00,,BLUE,Driver,,88.0,19.0,2019,5
4870725.0,Flag,WAVED BLUE FLAG FOR CAR 99 (GIO) TIMED AT 15:38:49,,BLUE,Driver,,99.0,19.0,2019,5
4870736.0,Flag,WAVED BLUE FLAG FOR CAR 63 (RUS) TIMED AT 15:39:00,,BLUE,Driver,,63.0,19.0,2019,5
4870764.0,Flag,WAVED BLUE FLAG FOR CAR 88 (KUB) TIMED AT 15:39:27,,BLUE,Driver,,88.0,20.0,2019,5
4870854.0,Flag,WAVED BLUE FLAG FOR CAR 63 (RUS) TIMED AT 15:40:58,,BLUE,Driver,,63.0,21.0,2019,5
4870983.0,Flag,WAVED BLUE FLAG FOR CAR 88 (KUB) TIMED AT 15:43:06,,BLUE,Driver,,88.0,22.0,2019,5
4871101.0,Flag,WAVED BLUE FLAG FOR CAR 99 (GIO) TIMED AT 15:45:05,,BLUE,Driver,,99.0,24.0,2019,5
4871115.0,Flag,WAVED BLUE FLAG FOR CAR 63 (RUS) TIMED AT 15:45:18,,BLUE,Driver,,63.0,24.0,2019,5
4871125.0,Flag,WAVED BLUE FLAG FOR CAR 99 (GIO) TIMED AT 15:45:28,,BLUE,Driver,,99.0,24.0,2019,5
4871260.0,Flag,WAVED BLUE FLAG FOR CAR 3 (RIC) TIMED AT 15:47:44,,BLUE,Driver,,3.0,26.0,2019,5
4871330.0,Flag,WAVED BLUE FLAG FOR CAR 88 (KUB) TIMED AT 15:48:54,,BLUE,Driver,,88.0,27.0,2019,5
4871369.0,Flag,WAVED BLUE FLAG FOR CAR 63 (RUS) TIMED AT 15:49:32,,BLUE,Driver,,63.0,27.0,2019,5
4871388.0,Flag,WAVED BLUE FLAG FOR CAR 63 (RUS) TIMED AT 15:49:51,,BLUE,Driver,,63.0,27.0,2019,5
4871509.0,Flag,WAVED BLUE FLAG FOR CAR 88 (KUB) TIMED AT 15:51:52,,BLUE,Driver,,88.0,28.0,2019,5
4871511.0,Flag,WAVED BLUE FLAG FOR CAR 99 (GIO) TIMED AT 15:51:54,,BLUE,Driver,,99.0,28.0,2019,5
4871575.0,Flag,WAVED BLUE FLAG FOR CAR 99 (GIO) TIMED AT 15:52:58,,BLUE,Driver,,99.0,29.0,2019,5
4871602.0,Flag,WAVED BLUE FLAG FOR CAR 63 (RUS) TIMED AT 15:53:25,,BLUE,Driver,,63.0,30.0,2019,5
4871611.0,Flag,WAVED BLUE FLAG FOR CAR 63 (RUS) TIMED AT 15:53:35,,BLUE,Driver,,63.0,30.0,2019,5
4871612.0,Flag,WAVED BLUE FLAG FOR CAR 99 (GIO) TIMED AT 15:53:35,,BLUE,Driver,,99.0,30.0,2019,5
4871721.0,Flag,WAVED BLUE FLAG FOR CAR 88 (KUB) TIMED AT 15:55:25,,BLUE,Driver,,88.0,31.0,2019,5
4871860.0,Flag,WAVED BLUE FLAG FOR CAR 7 (RAI) TIMED AT 15:57:44,,BLUE,Driver,,7.0,33.0,2019,5
4871905.0,Flag,WAVED BLUE FLAG FOR CAR 99 (GIO) TIMED AT 15:58:29,,BLUE,Driver,,99.0,33.0,2019,5
4871910.0,Flag,WAVED BLUE FLAG FOR CAR 63 (RUS) TIMED AT 15:58:34,,BLUE,Driver,,63.0,33.0,2019,5
4871921.0,Flag,WAVED BLUE FLAG FOR CAR 88 (KUB) TIMED AT 15:58:45,,BLUE,Driver,,88.0,33.0,2019,5
4871930.0,Flag,WAVED BLUE FLAG FOR CAR 88 (KUB) TIMED AT 15:58:54,,BLUE,Driver,,88.0,34.0,2019,5
4871945.0,Flag,WAVED BLUE FLAG FOR CAR 88 (KUB) TIMED AT 15:59:09,,BLUE,Driver,,88.0,34.0,2019,5
4871963.0,Flag,WAVED BLUE FLAG FOR CAR 7 (RAI) TIMED AT 15:59:27,,BLUE,Driver,,7.0,34.0,2019,5
4871966.0,Flag,WAVED BLUE FLAG FOR CAR 88 (KUB) TIMED AT 15:59:29,,BLUE,Driver,,88.0,34.0,2019,5
4871976.0,Flag,WAVED BLUE FLAG FOR CAR 88 (KUB) TIMED AT 15:59:39,,BLUE,Driver,,88.0,34.0,2019,5
4872021.0,Flag,WAVED BLUE FLAG FOR CAR 7 (RAI) TIMED AT 16:00:25,,BLUE,Driver,,7.0,35.0,2019,5
4872046.0,Flag,WAVED BLUE FLAG FOR CAR 88 (KUB) TIMED AT 16:00:49,,BLUE,Driver,,88.0,35.0,2019,5
4872161.0,Flag,WAVED BLUE FLAG FOR CAR 4 (NOR) TIMED AT 16:02:44,,BLUE,Driver,,4.0,36.0,2019,5
4872176.0,Flag,WAVED BLUE FLAG FOR CAR 88 (KUB) TIMED AT 16:02:59,,BLUE,Driver,,88.0,37.0,2019,5
4872176.0,Flag,WAVED BLUE FLAG FOR CAR 4 (NOR) TIMED AT 16:03:00,,BLUE,Driver,,4.0,37.0,2019,5
4872201.0,Flag,WAVED BLUE FLAG FOR CAR 88 (KUB) TIMED AT 16:03:25,,BLUE,Driver,,88.0,37.0,2019,5
4872239.0,Flag,WAVED BLUE FLAG FOR CAR 18 (STR) TIMED AT 16:04:02,,BLUE,Driver,,18.0,37.0,2019,5
4872271.0,Flag,WAVED BLUE FLAG FOR CAR 88 (KUB) TIMED AT 16:04:35,,BLUE,Driver,,88.0,38.0,2019,5
4872277.0,Flag,WAVED BLUE FLAG FOR CAR 27 (HUL) TIMED AT 16:04:41,,BLUE,Driver,,27.0,38.0,2019,5
4872302.0,Flag,WAVED BLUE FLAG FOR CAR 11 (PER) TIMED AT 16:05:06,,BLUE,Driver,,11.0,38.0,2019,5
4872345.0,Flag,WAVED BLUE FLAG FOR CAR 63 (RUS) TIMED AT 16:05:49,,BLUE,Driver,,63.0,39.0,2019,5
4872376.0,Flag,WAVED BLUE FLAG FOR CAR 99 (GIO) TIMED AT 16:06:20,,BLUE,Driver,,99.0,39.0,2019,5
4872413.0,Flag,WAVED BLUE FLAG FOR CAR 63 (RUS) TIMED AT 16:06:56,,BLUE,Driver,,63.0,39.0,2019,5
4872466.0,Flag,WAVED BLUE FLAG FOR CAR 88 (KUB) TIMED AT 16:07:50,,BLUE,Driver,,88.0,40.0,2019,5
4872469.0,Flag,WAVED BLUE FLAG FOR CAR 63 (RUS) TIMED AT 16:07:53,,BLUE,Driver,,63.0,40.0,2019,5
4872472.0,Flag,WAVED BLUE FLAG FOR CAR 27 (HUL) TIMED AT 16:07:55,,BLUE,Driver,,27.0,40.0,2019,5
4872487.0,Flag,WAVED BLUE FLAG FOR CAR 7 (RAI) TIMED AT 16:08:10,,BLUE,Driver,,7.0,40.0,2019,5
4872495.0,Flag,WAVED BLUE FLAG FOR CAR 3 (RIC) TIMED AT 16:08:18,,BLUE,Driver,,3.0,40.0,2019,5
4872496.0,Flag,WAVED BLUE FLAG FOR CAR 7 (RAI) TIMED AT 16:08:19,,BLUE,Driver,,7.0,40.0,2019,5
4872515.0,Flag,WAVED BLUE FLAG FOR CAR 63 (RUS) TIMED AT 16:08:38,,BLUE,Driver,,63.0,41.0,2019,5
4872540.0,Flag,WAVED BLUE FLAG FOR CAR 63 (RUS) TIMED AT 16:09:04,,BLUE,Driver,,63.0,41.0,2019,5
4872542.0,Flag,WAVED BLUE FLAG FOR CAR 88 (KUB) TIMED AT 16:09:05,,BLUE,Driver,,88.0,41.0,2019,5
4872575.0,Flag,WAVED BLUE FLAG FOR CAR 4 (NOR) TIMED AT 16:09:38,,BLUE,Driver,,4.0,41.0,2019,5
4872582.0,Flag,WAVED BLUE FLAG FOR CAR 55 (SAI) TIMED AT 16:09:45,,BLUE,Driver,,55.0,41.0,2019,5
4872614.0,Flag,WAVED BLUE FLAG FOR CAR 18 (STR) TIMED AT 16:10:17,,BLUE,Driver,,18.0,42.0,2019,5
4872627.0,Flag,WAVED BLUE FLAG FOR CAR 63 (RUS) TIMED AT 16:10:30,,BLUE,Driver,,63.0,42.0,2019,5
4872639.0,Flag,WAVED BLUE FLAG FOR CAR 99 (GIO) TIMED AT 16:10:42,,BLUE,Driver,,99.0,42.0,2019,5
4872690.0,Flag,WAVED BLUE FLAG FOR CAR 63 (RUS) TIMED AT 16:11:33,,BLUE,Driver,,63.0,43.0,2019,5
4872692.0,Flag,WAVED BLUE FLAG FOR CAR 11 (PER) TIMED AT 16:11:36,,BLUE,Driver,,11.0,43.0,2019,5
4872764.0,Flag,WAVED BLUE FLAG FOR CAR 99 (GIO) TIMED AT 16:12:47,,BLUE,Driver,,99.0,44.0,2019,5
4872824.0,Flag,WAVED BLUE FLAG FOR CAR 88 (KUB) TIMED AT 16:13:47,,BLUE,Driver,,88.0,44.0,2019,5
4872880.0,Flag,WAVED BLUE FLAG FOR CAR 99 (GIO) TIMED AT 16:14:43,,BLUE,Driver,,99.0,45.0,2019,5
4872881.0,Flag,WAVED BLUE FLAG FOR CAR 7 (RAI) TIMED AT 16:14:44,,BLUE,Driver,,7.0,45.0,2019,5
4872923.0,Flag,WAVED BLUE FLAG FOR CAR 99 (GIO) TIMED AT 16:15:26,,BLUE,Driver,,99.0,46.0,2019,5
4872925.0,Flag,WAVED BLUE FLAG FOR CAR 99 (GIO) TIMED AT 16:15:29,,BLUE,Driver,,99.0,46.0,2019,5
4872937.0,Flag,WAVED BLUE FLAG FOR CAR 7 (RAI) TIMED AT 16:15:41,,BLUE,Driver,,7.0,46.0,2019,5
4872939.0,Flag,YELLOW IN TRACK SECTOR 2,,YELLOW,Sector,2.0,,46.0,2019,5
4872944.0,Flag,YELLOW IN TRACK SECTOR 3,,YELLOW,Sector,3.0,,46.0,2019,5
4872960.0,Flag,DOUBLE YELLOW IN TRACK SECTOR 3,,DOUBLE YELLOW,Sector,3.0,,46.0,2019,5
4872964.0,SafetyCar,SAFETY CAR DEPLOYED,DEPLOYED,,,,,46.0,2019,5
4873471.0,Other,"LAPPED CARS MAY NOW OVERTAKE - 3,7,11,23,27,63,88,99",,,,,,50.0,2019,5
4873639.0,Flag,CLEAR IN TRACK SECTOR 3,,CLEAR,Sector,3.0,,51.0,2019,5
4873651.0,Flag,CLEAR IN TRACK SECTOR 2,,CLEAR,Sector,2.0,,51.0,2019,5
4873712.0,SafetyCar,SAFETY CAR IN THIS LAP,IN THIS LAP,,,,,52.0,2019,5
4873811.0,Flag,TRACK CLEAR,,CLEAR,Track,,,52.0,2019,5
4873818.0,Flag,WAVED BLUE FLAG FOR CAR 63 (RUS) TIMED AT 16:30:21,,BLUE,Driver,,63.0,53.0,2019,5
4873819.0,Flag,WAVED BLUE FLAG FOR CAR 88 (KUB) TIMED AT 16:30:22,,BLUE,Driver,,88.0,53.0,2019,5
4873823.0,Flag,WAVED BLUE FLAG FOR CAR 63 (RUS) TIMED AT 16:30:27,,BLUE,Driver,,63.0,53.0,2019,5
4873832.0,Flag,WAVED BLUE FLAG FOR CAR 88 (KUB) TIMED AT 16:30:36,,BLUE,Driver,,88.0,53.0,2019,5
4873834.0,Flag,WAVED BLUE FLAG FOR CAR 63 (RUS) TIMED AT 16:30:37,,BLUE,Driver,,63.0,53.0,2019,5
4873909.0,Other,"TURN 2 INCIDENT INVOLVING CARS 4 (NOR),18 (STR) WILL BE INVESTIGATED AFTER THE RACE",,,,,,54.0,2019,5
4873992.0,Drs,DRS ENABLED,ENABLED,,,,,55.0,2019,5
4874418.0,Other,TURN 1 INCIDENT INVOLVING CARS 8 (GRO) AND 55 (SAI) NOTED,,,,,,60.0,2019,5
4874933.0,Flag,CHEQUERED FLAG,,CHEQUERED,Track,,,66.0,2019,5
4875130.0,Flag,DOUBLE YELLOW IN TRACK SECTOR 10,,DOUBLE YELLOW,Sector,10.0,,66.0,2019,5
4875135.0,Flag,CLEAR IN TRACK SECTOR 10,,CLEAR,Sector,10.0,,66.0,2019,5
6077676.0,Other,RISK OF RAIN FOR THIS SESSION IS 90%,,,,,,1.0,2019,6
6077736.0,Other,AIR TEMPERATURE 15 MINS BEFORE RACE = 22 DEGREES,,,,,,1.0,2019,6
6078294.0,Flag,YELLOW IN TRACK SECTOR 4,,YELLOW,Sector,4.0,,1.0,2019,6
6078300.0,Flag,CLEAR IN TRACK SECTOR 4,,CLEAR,Sector,4.0,,1.0,2019,6
6078306.0,Flag,YELLOW IN TRACK SECTOR 6,,YELLOW,Sector,6.0,,1.0,2019,6
6078315.0,Flag,CLEAR IN TRACK SECTOR 6,,CLEAR,Sector,6.0,,1.0,2019,6
6078328.0,Flag,YELLOW IN TRACK SECTOR 4,,YELLOW,Sector,4.0,,1.0,2019,6
6078334.0,Flag,CLEAR IN TRACK SECTOR 4,,CLEAR,Sector,4.0,,1.0,2019,6
6078339.0,Flag,YELLOW IN TRACK SECTOR 6,,YELLOW,Sector,6.0,,1.0,2019,6
6078345.0,Flag,YELLOW IN TRACK SECTOR 7,,YELLOW,Sector,7.0,,1.0,2019,6
6078348.0,Flag,CLEAR IN TRACK SECTOR 6,,CLEAR,Sector,6.0,,1.0,2019,6
6078354.0,Flag,CLEAR IN TRACK SECTOR 7,,CLEAR,Sector,7.0,,1.0,2019,6
6078421.0,Drs,DRS DISABLED,DISABLED,,,,,1.0,2019,6
6078762.0,Flag,GREEN LIGHT - PIT EXIT OPEN,,GREEN,Track,,,1.0,2019,6
6078798.0,Flag,YELLOW IN TRACK SECTOR 5,,YELLOW,Sector,5.0,,1.0,2019,6
6078802.0,Flag,CLEAR IN TRACK SECTOR 5,,CLEAR,Sector,5.0,,1.0,2019,6
6078896.0,Other,TURN 1 INCIDENT NOTED - LEAVING THE TRACK AND GAINING AN ADVANTAGE,,,,,,2.0,2019,6
6078931.0,Drs,DRS ENABLED,ENABLED,,,,,3.0,2019,6
6078997.0,Other,TURN 1 INCIDENT ON LAP 1 - NO INVESTIGATION NECESSARY,,,,,,3.0,2019,6
6079222.0,Flag,YELLOW IN TRACK SECTOR 4,,YELLOW,Sector,4.0,,6.0,2019,6
6079226.0,Flag,CLEAR IN TRACK SECTOR 4,,CLEAR,Sector,4.0,,6.0,2019,6
6079405.0,Flag,YELLOW IN TRACK SECTOR 16,,YELLOW,Sector,16.0,,9.0,2019,6
6079409.0,Flag,CLEAR IN TRACK SECTOR 16,,CLEAR,Sector,16.0,,9.0,2019,6
6079451.0,Flag,YELLOW IN TRACK SECTOR 7,,YELLOW,Sector,7.0,,9.0,2019,6
6079452.0,Flag,YELLOW IN TRACK SECTOR 8,,YELLOW,Sector,8.0,,9.0,2019,6
6079453.0,Flag,CLEAR IN TRACK SECTOR 7,,CLEAR,Sector,7.0,,9.0,2019,6
6079454.0,Flag,CLEAR IN TRACK SECTOR 8,,CLEAR,Sector,8.0,,9.0,2019,6
6079460.0,Flag,DOUBLE YELLOW IN TRACK SECTOR 7,,DOUBLE YELLOW,Sector,7.0,,10.0,2019,6
6079464.0,Flag,CLEAR IN TRACK SECTOR 7,,CLEAR,Sector,7.0,,10.0,2019,6
6079531.0,Flag,YELLOW IN TRACK SECTOR 14,,YELLOW,Sector,14.0,,10.0,2019,6
6079547.0,Flag,WAVED BLUE FLAG FOR CAR 16 (LEC) TIMED AT 15:25:50,,BLUE,Driver,,16.0,11.0,2019,6
6079565.0,SafetyCar,SAFETY CAR DEPLOYED,DEPLOYED,,,,,11.0,2019,6
6079881.0,Flag,CLEAR IN TRACK SECTOR 14,,CLEAR,Sector,14.0,,14.0,2019,6
6079909.0,SafetyCar,SAFETY CAR IN THIS LAP,IN THIS LAP,,,,,14.0,2019,6
6079986.0,Flag,TRACK CLEAR,,CLEAR,Track,,,14.0,2019,6
6080062.0,Flag,YELLOW IN TRACK SECTOR 8,,YELLOW,Sector,8.0,,15.0,2019,6
6080063.0,Flag,CLEAR IN TRACK SECTOR 8,,CLEAR,Sector,8.0,,15.0,2019,6
6080078.0,Flag,YELLOW IN TRACK SECTOR 16,,YELLOW,Sector,16.0,,16.0,2019,6
6080080.0,Flag,DOUBLE YELLOW IN TRACK SECTOR 16,,DOUBLE YELLOW,Sector,16.0,,16.0,2019,6
6080094.0,Flag,DOUBLE YELLOW IN TRACK SECTOR 15,,DOUBLE YELLOW,Sector,15.0,,16.0,2019,6
6080101.0,Flag,CLEAR IN TRACK SECTOR 16,,CLEAR,Sector,16.0,,16.0,2019,6
6080103.0,Flag,CLEAR IN TRACK SECTOR 15,,CLEAR,Sector,15.0,,16.0,2019,6
6080154.0,Other,INCIDENT INVOLVING CARS 33 (VER) AND 77 (BOT) UNDER INVESTIGATION - UNSAFE RELEASE,,,,,,16.0,2019,6
6080170.0,Drs,DRS ENABLED,ENABLED,,,,,17.0,2019,6
6080344.0,Other,TURN 18 INCIDENT INVOLVING CARS 88 (KUB) AND 99 (GIO) UNDER INVESTIGATION - CAUSING A COLLISION,,,,,,19.0,2019,6
6080614.0,Other,5 SECOND TIME PENALTY FOR CAR 33 (VER) - UNSAFE RELEASE,,,,,,22.0,2019,6
6080886.0,Other,10 SECOND TIME PENALTY FOR CAR 99 (GIO) - CAUSING A COLLISION,,,,,,26.0,2019,6
6081951.0,Other,CAR 18 (STR) MISSED THE APEX OF TURN 10 ON PREVIOUS LAP,,,,,,40.0,2019,6
6081996.0,Other,TURN 10 INCIDENT INVOLVING CAR 18 (STR) NOTED - LEAVING THE TRACK AND GAINING AN ADVANTAGE,,,,,,40.0,2019,6
6082071.0,Flag,DOUBLE YELLOW IN TRACK SECTOR 5,,DOUBLE YELLOW,Sector,5.0,,41.0,2019,6
6082074.0,Flag,CLEAR IN TRACK SECTOR 5,,CLEAR,Sector,5.0,,41.0,2019,6
6082082.0,Flag,WAVED BLUE FLAG FOR CAR 88 (KUB) TIMED AT 16:08:05,,BLUE,Driver,,88.0,41.0,2019,6
6082097.0,Flag,WAVED BLUE FLAG FOR CAR 88 (KUB) TIMED AT 16:08:21,,BLUE,Driver,,88.0,41.0,2019,6
6082104.0,Flag,WAVED BLUE FLAG FOR CAR 88 (KUB) TIMED AT 16:08:27,,BLUE,Driver,,88.0,42.0,2019,6
6082335.0,Flag,WAVED BLUE FLAG FOR CAR 88 (KUB) TIMED AT 16:12:18,,BLUE,Driver,,88.0,44.0,2019,6
6082405.0,Flag,WAVED BLUE FLAG FOR CAR 18 (STR) TIMED AT 16:13:29,,BLUE,Driver,,18.0,45.0,2019,6
6082457.0,Flag,WAVED BLUE FLAG FOR CAR 88 (KUB) TIMED AT 16:14:20,,BLUE,Driver,,88.0,46.0,2019,6
6082579.0,Other,5 SECOND TIME PENALTY FOR CAR 18 (STR) - LEAVING THE TRACK AND GAINING AN ADVANTAGE,,,,,,48.0,2019,6
6082582.0,Flag,WAVED BLUE FLAG FOR CAR 18 (STR) TIMED AT 16:16:26,,BLUE,Driver,,18.0,48.0,2019,6
6082590.0,Flag,WAVED BLUE FLAG FOR CAR 7 (RAI) TIMED AT 16:16:34,,BLUE,Driver,,7.0,48.0,2019,6
6082617.0,Flag,WAVED BLUE FLAG FOR CAR 63 (RUS) TIMED AT 16:17:00,,BLUE,Driver,,63.0,48.0,2019,6
6082618.0,Flag,WAVED BLUE FLAG FOR CAR 18 (STR) TIMED AT 16:17:02,,BLUE,Driver,,18.0,48.0,2019,6
6082624.0,Flag,WAVED BLUE FLAG FOR CAR 63 (RUS) TIMED AT 16:17:07,,BLUE,Driver,,63.0,48.0,2019,6
6082629.0,Flag,WAVED BLUE FLAG FOR CAR 63 (RUS) TIMED AT 16:17:12,,BLUE,Driver,,63.0,48.0,2019,6
6082664.0,Flag,WAVED BLUE FLAG FOR CAR 63 (RUS) TIMED AT 16:17:48,,BLUE,Driver,,63.0,49.0,2019,6
6082804.0,Flag,WAVED BLUE FLAG FOR CAR 88 (KUB) TIMED AT 16:20:08,,BLUE,Driver,,88.0,51.0,2019,6
6082857.0,Flag,WAVED BLUE FLAG FOR CAR 88 (KUB) TIMED AT 16:21:00,,BLUE,Driver,,88.0,51.0,2019,6
6082871.0,Flag,WAVED BLUE FLAG FOR CAR 88 (KUB) TIMED AT 16:21:15,,BLUE,Driver,,88.0,51.0,2019,6
6082878.0,Flag,WAVED BLUE FLAG FOR CAR 88 (KUB) TIMED AT 16:21:21,,BLUE,Driver,,88.0,51.0,2019,6
6082904.0,Flag,WAVED BLUE FLAG FOR CAR 99 (GIO) TIMED AT 16:21:48,,BLUE,Driver,,99.0,52.0,2019,6
6082925.0,Flag,WAVED BLUE FLAG FOR CAR 18 (STR) TIMED AT 16:22:09,,BLUE,Driver,,18.0,52.0,2019,6
6082945.0,Flag,WAVED BLUE FLAG FOR CAR 88 (KUB) TIMED AT 16:22:28,,BLUE,Driver,,88.0,52.0,2019,6
6083125.0,Flag,WAVED BLUE FLAG FOR CAR 27 (HUL) TIMED AT 16:25:28,,BLUE,Driver,,27.0,55.0,2019,6
6083147.0,Other,TURN 10 INCIDENT INVOLVING CARS 20 (MAG) AND 11 (PER) NOTED - LEAVING THE TRACK AND GAINING AN ADVANTAGE,,,,,,55.0,2019,6
6083149.0,Flag,WAVED BLUE FLAG FOR CAR 63 (RUS) TIMED AT 16:25:53,,BLUE,Driver,,63.0,55.0,2019,6
6083154.0,Flag,WAVED BLUE FLAG FOR CAR 27 (HUL) TIMED AT 16:25:57,,BLUE,Driver,,27.0,55.0,2019,6
6083262.0,Flag,WAVED BLUE FLAG FOR CAR 11 (PER) TIMED AT 16:27:46,,BLUE,Driver,,11.0,56.0,2019,6
6083276.0,Flag,WAVED BLUE FLAG FOR CAR 11 (PER) TIMED AT 16:28:00,,BLUE,Driver,,11.0,57.0,2019,6
6083962.0,Flag,WAVED BLUE FLAG FOR CAR 7 (RAI) TIMED AT 16:39:25,,BLUE,Driver,,7.0,65.0,2019,6
6084020.0,Other,TURN 10 INCIDENT INVOLVING CARS 11 (PER) AND 20 (MAG) WILL BE INVESTIGATED AFTER THE RACE,,,,,,66.0,2019,6
6084178.0,Flag,WAVED BLUE FLAG FOR CAR 18 (STR) TIMED AT 16:43:02,,BLUE,Driver,,18.0,68.0,2019,6
6084364.0,Flag,WAVED BLUE FLAG FOR CAR 63 (RUS) TIMED AT 16:46:07,,BLUE,Driver,,63.0,71.0,2019,6
6084436.0,Other,INCIDENT INVOLVING CAR 8 (GRO) NOTED - CROSSING THE LINE AT PIT EXIT ON LEAVING THE PITS,,,,,,72.0,2019,6
6084495.0,Flag,WAVED BLUE FLAG FOR CAR 99 (GIO) TIMED AT 16:48:19,,BLUE,Driver,,99.0,72.0,2019,6
6084517.0,Flag,WAVED BLUE FLAG FOR CAR 99 (GIO) TIMED AT 16:48:41,,BLUE,Driver,,99.0,73.0,2019,6
6084586.0,Other,5 SECOND TIME PENALTY FOR CAR 8 (GRO) - CROSSING THE LINE AT PIT EXIT,,,,,,74.0,2019,6
6084646.0,Flag,WAVED BLUE FLAG FOR CAR 88 (KUB) TIMED AT 16:50:50,,BLUE,Driver,,88.0,74.0,2019,6
6084678.0,Flag,WAVED BLUE FLAG FOR CAR 88 (KUB) TIMED AT 16:51:21,,BLUE,Driver,,88.0,75.0,2019,6
6084758.0,Flag,WAVED BLUE FLAG FOR CAR 20 (MAG) TIMED AT 16:52:41,,BLUE,Driver,,20.0,76.0,2019,6
6084780.0,Flag,WAVED BLUE FLAG FOR CAR 20 (MAG) TIMED AT 16:53:03,,BLUE,Driver,,20.0,76.0,2019,6
6084793.0,Flag,WAVED BLUE FLAG FOR CAR 20 (MAG) TIMED AT 16:53:17,,BLUE,Driver,,20.0,76.0,2019,6
6084805.0,Flag,WAVED BLUE FLAG FOR CAR 27 (HUL) TIMED AT 16:53:28,,BLUE,Driver,,27.0,76.0,2019,6
6084835.0,Flag,WAVED BLUE FLAG FOR CAR 99 (GIO) TIMED AT 16:53:59,,BLUE,Driver,,99.0,77.0,2019,6
6084860.0,Flag,WAVED BLUE FLAG FOR CAR 99 (GIO) TIMED AT 16:54:23,,BLUE,Driver,,99.0,77.0,2019,6
6084888.0,Flag,WAVED BLUE FLAG FOR CAR 99 (GIO) TIMED AT 16:54:51,,BLUE,Driver,,99.0,77.0,2019,6
6084900.0,Other,TURN 10 INCIDENT INVOLVING CARS 44 (HAM) AND 33 (VER) UNDER INVESTIGATION,,,,,,78.0,2019,6
6084957.0,Flag,WAVED BLUE FLAG FOR CAR 88 (KUB) TIMED AT 16:56:00,,BLUE,Driver,,88.0,78.0,2019,6
6084969.0,Flag,CHEQUERED FLAG,,CHEQUERED,Track,,,78.0,2019,6
6084990.0,Other,TRACK SURFACE SLIPPERY IN TRACK SECTOR 3,,,,,,78.0,2019,6
6084993.0,Flag,DOUBLE YELLOW IN TRACK SECTOR 4,,DOUBLE YELLOW,Sector,4.0,,78.0,2019,6
7304400.0,Other,PIT EXIT CLOSED,,,,,,,2019,7
7305305.0,Other,AIR TEMPERATURE 15 MIN BEFORE THE RACE = 29 DEGREES,,,,,,1.0,2019,7
7305312.0,Other,RISK OF RAIN FOR THIS SESSION IS 0%,,,,,,1.0,2019,7
7306026.0,Drs,DRS DISABLED,DISABLED,,,,,1.0,2019,7
7306380.0,Flag,GREEN LIGHT - PIT EXIT OPEN,,GREEN,Track,,,1.0,2019,7
7306395.0,Flag,DOUBLE YELLOW IN TRACK SECTOR 1,,DOUBLE YELLOW,Sector,1.0,,1.0,2019,7
7306399.0,Flag,CLEAR IN TRACK SECTOR 1,,CLEAR,Sector,1.0,,1.0,2019,7
7306402.0,Flag,YELLOW IN TRACK SECTOR 1,,YELLOW,Sector,1.0,,1.0,2019,7
7306408.0,Flag,DOUBLE YELLOW IN TRACK SECTOR 1,,DOUBLE YELLOW,Sector,1.0,,1.0,2019,7
7306422.0,Flag,CLEAR IN TRACK SECTOR 1,,CLEAR,Sector,1.0,,1.0,2019,7
7306437.0,Flag,DOUBLE YELLOW IN TRACK SECTOR 1,,DOUBLE YELLOW,Sector,1.0,,1.0,2019,7
7306469.0,Flag,CLEAR IN TRACK SECTOR 1,,CLEAR,Sector,1.0,,2.0,2019,7
7306548.0,Drs,DRS ENABLED,ENABLED,,,,,3.0,2019,7
7306809.0,Other,"LAP 1, TURN 1 INCIDENT INVOLVING CARS 23 (ALB) AND 99 (GIO) NOTED - NO INVESTIGATION NECESSARY",,,,,,6.0,2019,7
7306995.0,CarEvent,CAR 4 (NOR) OFF TRACK AND CONTINUED AT TURN 8,,,,,4.0,8.0,2019,7
7307032.0,CarEvent,CAR 4 (NOR) OFF TRACK AND CONTINUED AT TURN 13,,,,,4.0,9.0,2019,7
7307048.0,Flag,DOUBLE YELLOW IN TRACK SECTOR 1,,DOUBLE YELLOW,Sector,1.0,,9.0,2019,7
7307237.0,Flag,CLEAR IN TRACK SECTOR 1,,CLEAR,Sector,1.0,,12.0,2019,7
7307275.0,Flag,WAVED BLUE FLAG FOR CAR 88 (KUB) TIMED AT 14:27:58,,BLUE,Driver,,88.0,12.0,2019,7
7307322.0,Flag,WAVED BLUE FLAG FOR CAR 88 (KUB) TIMED AT 14:28:45,,BLUE,Driver,,88.0,13.0,2019,7
7307331.0,Flag,DOUBLE YELLOW IN TRACK SECTOR 1,,DOUBLE YELLOW,Sector,1.0,,13.0,2019,7
7307401.0,Flag,CLEAR IN TRACK SECTOR 1,,CLEAR,Sector,1.0,,14.0,2019,7
7307408.0,Flag,WAVED BLUE FLAG FOR CAR 88 (KUB) TIMED AT 14:30:11,,BLUE,Driver,,88.0,14.0,2019,7
7307490.0,Flag,WAVED BLUE FLAG FOR CAR 23 (ALB) TIMED AT 14:31:33,,BLUE,Driver,,23.0,15.0,2019,7
7307535.0,Flag,WAVED BLUE FLAG FOR CAR 23 (ALB) TIMED AT 14:32:18,,BLUE,Driver,,23.0,15.0,2019,7
7307650.0,Flag,WAVED BLUE FLAG FOR CAR 23 (ALB) TIMED AT 14:34:14,,BLUE,Driver,,23.0,17.0,2019,7
7307726.0,Flag,WAVED BLUE FLAG FOR CAR 63 (RUS) TIMED AT 14:35:29,,BLUE,Driver,,63.0,18.0,2019,7
7307765.0,Flag,WAVED BLUE FLAG FOR CAR 63 (RUS) TIMED AT 14:36:08,,BLUE,Driver,,63.0,18.0,2019,7
7307833.0,Flag,WAVED BLUE FLAG FOR CAR 88 (KUB) TIMED AT 14:37:16,,BLUE,Driver,,88.0,19.0,2019,7
7307846.0,Flag,WAVED BLUE FLAG FOR CAR 63 (RUS) TIMED AT 14:37:29,,BLUE,Driver,,63.0,20.0,2019,7
7308045.0,Flag,WAVED BLUE FLAG FOR CAR 20 (MAG) TIMED AT 14:40:49,,BLUE,Driver,,20.0,22.0,2019,7
7308070.0,Flag,WAVED BLUE FLAG FOR CAR 20 (MAG) TIMED AT 14:41:14,,BLUE,Driver,,20.0,22.0,2019,7
7308116.0,Flag,WAVED BLUE FLAG FOR CAR 20 (MAG) TIMED AT 14:41:59,,BLUE,Driver,,20.0,23.0,2019,7
7308262.0,Flag,WAVED BLUE FLAG FOR CAR 88 (KUB) TIMED AT 14:44:25,,BLUE,Driver,,88.0,25.0,2019,7
7308395.0,Flag,WAVED BLUE FLAG FOR CAR 88 (KUB) TIMED AT 14:46:38,,BLUE,Driver,,88.0,27.0,2019,7
7308405.0,Flag,WAVED BLUE FLAG FOR CAR 63 (RUS) TIMED AT 14:46:48,,BLUE,Driver,,63.0,27.0,2019,7
7308413.0,Flag,WAVED BLUE FLAG FOR CAR 63 (RUS) TIMED AT 14:46:57,,BLUE,Driver,,63.0,27.0,2019,7
7308423.0,CarEvent,CAR 63 (RUS) OFF TRACK AND CONTINUED AT TURN 13,,,,,63.0,27.0,2019,7
7308431.0,Flag,WAVED BLUE FLAG FOR CAR 23 (ALB) TIMED AT 14:47:15,,BLUE,Driver,,23.0,27.0,2019,7
7308460.0,Flag,WAVED BLUE FLAG FOR CAR 88 (KUB) TIMED AT 14:47:43,,BLUE,Driver,,88.0,27.0,2019,7
7308468.0,CarEvent,CAR 99 (GIO) SPUN AND CONTINUED AT TURN 2,,,,,99.0,28.0,2019,7
7308473.0,Flag,WAVED BLUE FLAG FOR CAR 23 (ALB) TIMED AT 14:47:56,,BLUE,Driver,,23.0,28.0,2019,7
7308520.0,Flag,WAVED BLUE FLAG FOR CAR 88 (KUB) TIMED AT 14:48:43,,BLUE,Driver,,88.0,28.0,2019,7
7308575.0,Flag,WAVED BLUE FLAG FOR CAR 20 (MAG) TIMED AT 14:49:38,,BLUE,Driver,,20.0,29.0,2019,7
7308677.0,Flag,WAVED BLUE FLAG FOR CAR 20 (MAG) TIMED AT 14:51:20,,BLUE,Driver,,20.0,30.0,2019,7
7308678.0,CarEvent,CAR 55 (SAI) OFF TRACK AND CONTINUED AT TURN 13,,,,,55.0,30.0,2019,7
7308693.0,Flag,DOUBLE YELLOW IN TRACK SECTOR 1,,DOUBLE YELLOW,Sector,1.0,,30.0,2019,7
7308768.0,Flag,CLEAR IN TRACK SECTOR 1,,CLEAR,Sector,1.0,,31.0,2019,7
7308787.0,Flag,WAVED BLUE FLAG FOR CAR 20 (MAG) TIMED AT 14:53:11,,BLUE,Driver,,20.0,32.0,2019,7
7308803.0,CarEvent,CAR 27 (HUL) OFF TRACK AND CONTINUED AT TURN 8,,,,,27.0,32.0,2019,7
7308854.0,Flag,WAVED BLUE FLAG FOR CAR 88 (KUB) TIMED AT 14:54:17,,BLUE,Driver,,88.0,33.0,2019,7
7309004.0,Other,TURN 1 INCIDENT INVOLVING CARS 8 (GRO) AND 11 (PER) NOTED - NO INVESTIGATION NECESSARY,,,,,,34.0,2019,7
7309022.0,Flag,WAVED BLUE FLAG FOR CAR 99 (GIO) TIMED AT 14:57:06,,BLUE,Driver,,99.0,35.0,2019,7
7309112.0,Flag,WAVED BLUE FLAG FOR CAR 8 (GRO) TIMED AT 14:58:36,,BLUE,Driver,,8.0,36.0,2019,7
7309149.0,Flag,WAVED BLUE FLAG FOR CAR 63 (RUS) TIMED AT 14:59:13,,BLUE,Driver,,63.0,36.0,2019,7
7309215.0,Flag,WAVED BLUE FLAG FOR CAR 88 (KUB) TIMED AT 15:00:19,,BLUE,Driver,,88.0,37.0,2019,7
7309294.0,Flag,WAVED BLUE FLAG FOR CAR 63 (RUS) TIMED AT 15:01:38,,BLUE,Driver,,63.0,38.0,2019,7
7309313.0,Flag,WAVED BLUE FLAG FOR CAR 7 (RAI) TIMED AT 15:01:57,,BLUE,Driver,,7.0,39.0,2019,7
7309349.0,Flag,WAVED BLUE FLAG FOR CAR 7 (RAI) TIMED AT 15:02:32,,BLUE,Driver,,7.0,39.0,2019,7
7309366.0,Flag,WAVED BLUE FLAG FOR CAR 88 (KUB) TIMED AT 15:02:49,,BLUE,Driver,,88.0,39.0,2019,7
7309390.0,Flag,WAVED BLUE FLAG FOR CAR 99 (GIO) TIMED AT 15:03:14,,BLUE,Driver,,99.0,40.0,2019,7
7309447.0,Flag,WAVED BLUE FLAG FOR CAR 23 (ALB) TIMED AT 15:04:11,,BLUE,Driver,,23.0,40.0,2019,7
7309466.0,Flag,WAVED BLUE FLAG FOR CAR 23 (ALB) TIMED AT 15:04:30,,BLUE,Driver,,23.0,41.0,2019,7
7309473.0,Flag,WAVED BLUE FLAG FOR CAR 20 (MAG) TIMED AT 15:04:37,,BLUE,Driver,,20.0,41.0,2019,7
7309486.0,Flag,WAVED BLUE FLAG FOR CAR 88 (KUB) TIMED AT 15:04:50,,BLUE,Driver,,88.0,41.0,2019,7
7309497.0,Flag,WAVED BLUE FLAG FOR CAR 63 (RUS) TIMED AT 15:05:01,,BLUE,Driver,,63.0,41.0,2019,7
7309523.0,Flag,WAVED BLUE FLAG FOR CAR 88 (KUB) TIMED AT 15:05:26,,BLUE,Driver,,88.0,41.0,2019,7
7309529.0,Flag,WAVED BLUE FLAG FOR CAR 63 (RUS) TIMED AT 15:05:32,,BLUE,Driver,,63.0,41.0,2019,7
7309569.0,Flag,WAVED BLUE FLAG FOR CAR 23 (ALB) TIMED AT 15:06:12,,BLUE,Driver,,23.0,42.0,2019,7
7309667.0,Flag,WAVED BLUE FLAG FOR CAR 11 (PER) TIMED AT 15:07:50,,BLUE,Driver,,11.0,43.0,2019,7
7309694.0,Flag,WAVED BLUE FLAG FOR CAR 88 (KUB) TIMED AT 15:08:17,,BLUE,Driver,,88.0,44.0,2019,7
7309766.0,Flag,WAVED BLUE FLAG FOR CAR 99 (GIO) TIMED AT 15:09:30,,BLUE,Driver,,99.0,45.0,2019,7
7309816.0,Flag,WAVED BLUE FLAG FOR CAR 88 (KUB) TIMED AT 15:10:20,,BLUE,Driver,,88.0,45.0,2019,7
7309836.0,Flag,WAVED BLUE FLAG FOR CAR 7 (RAI) TIMED AT 15:10:39,,BLUE,Driver,,7.0,45.0,2019,7
7309952.0,Flag,WAVED BLUE FLAG FOR CAR 20 (MAG) TIMED AT 15:12:36,,BLUE,Driver,,20.0,47.0,2019,7
7309969.0,Flag,WAVED BLUE FLAG FOR CAR 8 (GRO) TIMED AT 15:12:53,,BLUE,Driver,,8.0,47.0,2019,7
7310002.0,Flag,WAVED BLUE FLAG FOR CAR 26 (KVY) TIMED AT 15:13:25,,BLUE,Driver,,26.0,48.0,2019,7
7310090.0,Flag,WAVED BLUE FLAG FOR CAR 26 (KVY) TIMED AT 15:14:53,,BLUE,Driver,,26.0,49.0,2019,7
7310110.0,Flag,WAVED BLUE FLAG FOR CAR 99 (GIO) TIMED AT 15:15:13,,BLUE,Driver,,99.0,49.0,2019,7
7310113.0,Flag,WAVED BLUE FLAG FOR CAR 23 (ALB) TIMED AT 15:15:16,,BLUE,Driver,,23.0,49.0,2019,7
7310132.0,Flag,WAVED BLUE FLAG FOR CAR 11 (PER) TIMED AT 15:15:35,,BLUE,Driver,,11.0,49.0,2019,7
7310135.0,Flag,WAVED BLUE FLAG FOR CAR 26 (KVY) TIMED AT 15:15:38,,BLUE,Driver,,26.0,49.0,2019,7
7310144.0,Flag,WAVED BLUE FLAG FOR CAR 88 (KUB) TIMED AT 15:15:47,,BLUE,Driver,,88.0,49.0,2019,7
7310185.0,Other,TURN 4 INCIDENT INVOLVING CARS 5 (VET) AND 44 (HAM) UNDER INVESTIGATION,,,,,,50.0,2019,7
7310201.0,Flag,WAVED BLUE FLAG FOR CAR 18 (STR) TIMED AT 15:16:45,,BLUE,Driver,,18.0,50.0,2019,7
7310207.0,Flag,WAVED BLUE FLAG FOR CAR 20 (MAG) TIMED AT 15:16:51,,BLUE,Driver,,20.0,50.0,2019,7
7310307.0,Flag,WAVED BLUE FLAG FOR CAR 20 (MAG) TIMED AT 15:18:31,,BLUE,Driver,,20.0,52.0,2019,7
7310418.0,Flag,WAVED BLUE FLAG FOR CAR 88 (KUB) TIMED AT 15:20:22,,BLUE,Driver,,88.0,53.0,2019,7
7310424.0,Flag,WAVED BLUE FLAG FOR CAR 20 (MAG) TIMED AT 15:20:28,,BLUE,Driver,,20.0,53.0,2019,7
7310456.0,Flag,WAVED BLUE FLAG FOR CAR 55 (SAI) TIMED AT 15:21:00,,BLUE,Driver,,55.0,54.0,2019,7
7310517.0,Flag,WAVED BLUE FLAG FOR CAR 63 (RUS) TIMED AT 15:22:00,,BLUE,Driver,,63.0,54.0,2019,7
7310534.0,Flag,WAVED BLUE FLAG FOR CAR 26 (KVY) TIMED AT 15:22:17,,BLUE,Driver,,26.0,55.0,2019,7
7310541.0,Flag,WAVED BLUE FLAG FOR CAR 63 (RUS) TIMED AT 15:22:25,,BLUE,Driver,,63.0,55.0,2019,7
7310546.0,Flag,WAVED BLUE FLAG FOR CAR 63 (RUS) TIMED AT 15:22:29,,BLUE,Driver,,63.0,55.0,2019,7
7310650.0,Flag,WAVED BLUE FLAG FOR CAR 18 (STR) TIMED AT 15:24:14,,BLUE,Driver,,18.0,56.0,2019,7
7310705.0,Flag,WAVED BLUE FLAG FOR CAR 8 (GRO) TIMED AT 15:25:08,,BLUE,Driver,,8.0,57.0,2019,7
7310706.0,Flag,WAVED BLUE FLAG FOR CAR 23 (ALB) TIMED AT 15:25:10,,BLUE,Driver,,23.0,57.0,2019,7
7310712.0,Flag,WAVED BLUE FLAG FOR CAR 63 (RUS) TIMED AT 15:25:16,,BLUE,Driver,,63.0,57.0,2019,7
7310717.0,Flag,WAVED BLUE FLAG FOR CAR 20 (MAG) TIMED AT 15:25:20,,BLUE,Driver,,20.0,57.0,2019,7
7310718.0,Flag,WAVED BLUE FLAG FOR CAR 7 (RAI) TIMED AT 15:25:21,,BLUE,Driver,,7.0,57.0,2019,7
7310729.0,Other,5 SECOND TIME PENALTY FOR CAR 5 (VET) - UNSAFE RE-ENTRY AND FORCING ANOTHER DRIVER OFF THE TRACK,,,,,,57.0,2019,7
7310737.0,Flag,WAVED BLUE FLAG FOR CAR 63 (RUS) TIMED AT 15:25:40,,BLUE,Driver,,63.0,57.0,2019,7
7310738.0,Flag,WAVED BLUE FLAG FOR CAR 23 (ALB) TIMED AT 15:25:42,,BLUE,Driver,,23.0,57.0,2019,7
7310777.0,Flag,WAVED BLUE FLAG FOR CAR 63 (RUS) TIMED AT 15:26:21,,BLUE,Driver,,63.0,58.0,2019,7
7310809.0,Flag,WAVED BLUE FLAG FOR CAR 55 (SAI) TIMED AT 15:26:53,,BLUE,Driver,,55.0,58.0,2019,7
7310828.0,Flag,WAVED BLUE FLAG FOR CAR 88 (KUB) TIMED AT 15:27:12,,BLUE,Driver,,88.0,59.0,2019,7
7310834.0,Flag,WAVED BLUE FLAG FOR CAR 55 (SAI) TIMED AT 15:27:17,,BLUE,Driver,,55.0,59.0,2019,7
7310876.0,Flag,WAVED BLUE FLAG FOR CAR 88 (KUB) TIMED AT 15:27:59,,BLUE,Driver,,88.0,59.0,2019,7
7310889.0,Flag,WAVED BLUE FLAG FOR CAR 99 (GIO) TIMED AT 15:28:12,,BLUE,Driver,,99.0,59.0,2019,7
7310908.0,Flag,WAVED BLUE FLAG FOR CAR 23 (ALB) TIMED AT 15:28:31,,BLUE,Driver,,23.0,60.0,2019,7
7310972.0,CarEvent,CAR 23 (ALB) OFF TRACK AND CONTINUED AT TURN 8,,,,,23.0,60.0,2019,7
7311007.0,Flag,WAVED BLUE FLAG FOR CAR 23 (ALB) TIMED AT 15:30:10,,BLUE,Driver,,23.0,61.0,2019,7
7311026.0,Flag,WAVED BLUE FLAG FOR CAR 20 (MAG) TIMED AT 15:30:30,,BLUE,Driver,,20.0,61.0,2019,7
7311056.0,Flag,WAVED BLUE FLAG FOR CAR 23 (ALB) TIMED AT 15:30:59,,BLUE,Driver,,23.0,62.0,2019,7
7311076.0,Flag,WAVED BLUE FLAG FOR CAR 88 (KUB) TIMED AT 15:31:19,,BLUE,Driver,,88.0,62.0,2019,7
7311100.0,Flag,WAVED BLUE FLAG FOR CAR 7 (RAI) TIMED AT 15:31:44,,BLUE,Driver,,7.0,62.0,2019,7
7311116.0,Flag,WAVED BLUE FLAG FOR CAR 23 (ALB) TIMED AT 15:31:59,,BLUE,Driver,,23.0,62.0,2019,7
7311176.0,Flag,WAVED BLUE FLAG FOR CAR 7 (RAI) TIMED AT 15:33:00,,BLUE,Driver,,7.0,63.0,2019,7
7311198.0,Flag,WAVED BLUE FLAG FOR CAR 10 (GAS) TIMED AT 15:33:22,,BLUE,Driver,,10.0,63.0,2019,7
7311234.0,Flag,WAVED BLUE FLAG FOR CAR 10 (GAS) TIMED AT 15:33:57,,BLUE,Driver,,10.0,64.0,2019,7
7311268.0,Flag,WAVED BLUE FLAG FOR CAR 11 (PER) TIMED AT 15:34:32,,BLUE,Driver,,11.0,64.0,2019,7
7311348.0,Flag,WAVED BLUE FLAG FOR CAR 63 (RUS) TIMED AT 15:35:52,,BLUE,Driver,,63.0,65.0,2019,7
7311397.0,Flag,WAVED BLUE FLAG FOR CAR 63 (RUS) TIMED AT 15:36:41,,BLUE,Driver,,63.0,66.0,2019,7
7311469.0,Flag,WAVED BLUE FLAG FOR CAR 27 (HUL) TIMED AT 15:37:53,,BLUE,Driver,,27.0,67.0,2019,7
7311483.0,Flag,WAVED BLUE FLAG FOR CAR 10 (GAS) TIMED AT 15:38:07,,BLUE,Driver,,10.0,67.0,2019,7
7311588.0,Flag,WAVED BLUE FLAG FOR CAR 3 (RIC) TIMED AT 15:39:52,,BLUE,Driver,,3.0,69.0,2019,7
7311625.0,Flag,WAVED BLUE FLAG FOR CAR 20 (MAG) TIMED AT 15:40:29,,BLUE,Driver,,20.0,69.0,2019,7
7311722.0,Flag,CHEQUERED FLAG,,CHEQUERED,Track,,,70.0,2019,7
7311727.0,Flag,WAVED BLUE FLAG FOR CAR 27 (HUL) TIMED AT 15:42:11,,BLUE,Driver,,27.0,70.0,2019,7
7311759.0,Flag,WAVED BLUE FLAG FOR CAR 63 (RUS) TIMED AT 15:42:43,,BLUE,Driver,,63.0,70.0,2019,7
8496897.0,Other,RISK OF RAIN FOR THIS SESSION IS 0%,,,,,,1.0,2019,8
8497631.0,Drs,DRS DISABLED,DISABLED,,,,,1.0,2019,8
8498001.0,Flag,GREEN LIGHT - PIT EXIT OPEN,,GREEN,Track,,,1.0,2019,8
8498202.0,Drs,DRS ENABLED,ENABLED,,,,,3.0,2019,8
8498510.0,Other,"LAP 1, TURN 3 INCIDENT INVOLVING CAR 11 (PER) NOTED - LEAVING THE TRACK AND GAINING AN ADVANTAGE",,,,,,6.0,2019,8
8498810.0,Other,"LAP 1, TURN 3 INCIDENT INVOLVING CAR 11 (PER) UNDER INVESTIGATION - LEAVING THE TRACK AND GAINING AN ADVANTAGE",,,,,,9.0,2019,8
8498864.0,Other,5 SECOND TIME PENALTY FOR CAR 11 (PER) - LEAVING THE TRACK AND GAINING AN ADVANTAGE,,,,,,9.0,2019,8
8499950.0,Flag,WAVED BLUE FLAG FOR CAR 20 (MAG) TIMED AT 15:45:53,,BLUE,Driver,,20.0,21.0,2019,8
8499966.0,Flag,WAVED BLUE FLAG FOR CAR 88 (KUB) TIMED AT 15:46:09,,BLUE,Driver,,88.0,21.0,2019,8
8499985.0,Flag,WAVED BLUE FLAG FOR CAR 20 (MAG) TIMED AT 15:46:29,,BLUE,Driver,,20.0,21.0,2019,8
8500034.0,Flag,WAVED BLUE FLAG FOR CAR 63 (RUS) TIMED AT 15:47:18,,BLUE,Driver,,63.0,22.0,2019,8
8500090.0,Flag,WAVED BLUE FLAG FOR CAR 88 (KUB) TIMED AT 15:48:13,,BLUE,Driver,,88.0,22.0,2019,8
8500127.0,Flag,DOUBLE YELLOW IN TRACK SECTOR 2,,DOUBLE YELLOW,Sector,2.0,,23.0,2019,8
8500137.0,Flag,CLEAR IN TRACK SECTOR 2,,CLEAR,Sector,2.0,,23.0,2019,8
8500187.0,Flag,WAVED BLUE FLAG FOR CAR 20 (MAG) TIMED AT 15:49:50,,BLUE,Driver,,20.0,23.0,2019,8
8500454.0,Flag,WAVED BLUE FLAG FOR CAR 88 (KUB) TIMED AT 15:54:17,,BLUE,Driver,,88.0,26.0,2019,8
8500560.0,Flag,WAVED BLUE FLAG FOR CAR 63 (RUS) TIMED AT 15:56:03,,BLUE,Driver,,63.0,27.0,2019,8
8500587.0,Flag,WAVED BLUE FLAG FOR CAR 88 (KUB) TIMED AT 15:56:31,,BLUE,Driver,,88.0,27.0,2019,8
8500698.0,Flag,WAVED BLUE FLAG FOR CAR 20 (MAG) TIMED AT 15:58:22,,BLUE,Driver,,20.0,28.0,2019,8
8500717.0,Flag,WAVED BLUE FLAG FOR CAR 63 (RUS) TIMED AT 15:58:40,,BLUE,Driver,,63.0,29.0,2019,8
8500745.0,Flag,WAVED BLUE FLAG FOR CAR 20 (MAG) TIMED AT 15:59:08,,BLUE,Driver,,20.0,29.0,2019,8
8500826.0,Other,TURN 8 INCIDENT INVOLVING CARS 3 (RIC) AND 8 (GRO) NOTED,,,,,,30.0,2019,8
8501127.0,Flag,WAVED BLUE FLAG FOR CAR 20 (MAG) TIMED AT 16:05:30,,BLUE,Driver,,20.0,33.0,2019,8
8501156.0,Flag,WAVED BLUE FLAG FOR CAR 99 (GIO) TIMED AT 16:05:59,,BLUE,Driver,,99.0,33.0,2019,8
8501216.0,Flag,WAVED BLUE FLAG FOR CAR 8 (GRO) TIMED AT 16:07:00,,BLUE,Driver,,8.0,34.0,2019,8
8501270.0,Flag,WAVED BLUE FLAG FOR CAR 23 (ALB) TIMED AT 16:07:54,,BLUE,Driver,,23.0,34.0,2019,8
8501272.0,Flag,WAVED BLUE FLAG FOR CAR 88 (KUB) TIMED AT 16:07:55,,BLUE,Driver,,88.0,35.0,2019,8
8501312.0,Flag,WAVED BLUE FLAG FOR CAR 20 (MAG) TIMED AT 16:08:35,,BLUE,Driver,,20.0,35.0,2019,8
8501357.0,Flag,WAVED BLUE FLAG FOR CAR 63 (RUS) TIMED AT 16:09:21,,BLUE,Driver,,63.0,35.0,2019,8
8501403.0,Flag,DOUBLE YELLOW IN TRACK SECTOR 2,,DOUBLE YELLOW,Sector,2.0,,36.0,2019,8
8501405.0,Flag,WAVED BLUE FLAG FOR CAR 63 (RUS) TIMED AT 16:10:08,,BLUE,Driver,,63.0,36.0,2019,8
8501409.0,Flag,CLEAR IN TRACK SECTOR 2,,CLEAR,Sector,2.0,,36.0,2019,8
8501490.0,Flag,WAVED BLUE FLAG FOR CAR 8 (GRO) TIMED AT 16:11:33,,BLUE,Driver,,8.0,37.0,2019,8
8501500.0,Other,TURN 8 INCIDENT INVOLVING CARS 3 (RIC) AND 8 (GRO) - NO INVESTIGATION NECESSARY,,,,,,37.0,2019,8
8501533.0,Flag,WAVED BLUE FLAG FOR CAR 99 (GIO) TIMED AT 16:12:16,,BLUE,Driver,,99.0,37.0,2019,8
8501542.0,Flag,WAVED BLUE FLAG FOR CAR 20 (MAG) TIMED AT 16:12:26,,BLUE,Driver,,20.0,37.0,2019,8
8501552.0,Flag,WAVED BLUE FLAG FOR CAR 26 (KVY) TIMED AT 16:12:35,,BLUE,Driver,,26.0,37.0,2019,8
8501634.0,Flag,WAVED BLUE FLAG FOR CAR 63 (RUS) TIMED AT 16:13:57,,BLUE,Driver,,63.0,38.0,2019,8
8501777.0,Flag,WAVED BLUE FLAG FOR CAR 23 (ALB) TIMED AT 16:16:21,,BLUE,Driver,,23.0,40.0,2019,8
8501791.0,Flag,WAVED BLUE FLAG FOR CAR 8 (GRO) TIMED AT 16:16:34,,BLUE,Driver,,8.0,40.0,2019,8
8501794.0,Flag,WAVED BLUE FLAG FOR CAR 11 (PER) TIMED AT 16:16:37,,BLUE,Driver,,11.0,40.0,2019,8
8501799.0,Flag,WAVED BLUE FLAG FOR CAR 23 (ALB) TIMED AT 16:16:42,,BLUE,Driver,,23.0,40.0,2019,8
8501848.0,Flag,WAVED BLUE FLAG FOR CAR 63 (RUS) TIMED AT 16:17:32,,BLUE,Driver,,63.0,41.0,2019,8
8501854.0,Flag,WAVED BLUE FLAG FOR CAR 20 (MAG) TIMED AT 16:17:38,,BLUE,Driver,,20.0,41.0,2019,8
8501945.0,Flag,WAVED BLUE FLAG FOR CAR 10 (GAS) TIMED AT 16:19:08,,BLUE,Driver,,10.0,42.0,2019,8
8502003.0,Flag,WAVED BLUE FLAG FOR CAR 63 (RUS) TIMED AT 16:20:06,,BLUE,Driver,,63.0,42.0,2019,8
8502041.0,Flag,WAVED BLUE FLAG FOR CAR 88 (KUB) TIMED AT 16:20:44,,BLUE,Driver,,88.0,43.0,2019,8
8502050.0,Flag,WAVED BLUE FLAG FOR CAR 26 (KVY) TIMED AT 16:20:54,,BLUE,Driver,,26.0,43.0,2019,8
8502078.0,Flag,WAVED BLUE FLAG FOR CAR 88 (KUB) TIMED AT 16:21:22,,BLUE,Driver,,88.0,43.0,2019,8
8502089.0,Flag,WAVED BLUE FLAG FOR CAR 26 (KVY) TIMED AT 16:21:32,,BLUE,Driver,,26.0,43.0,2019,8
8502137.0,Flag,WAVED BLUE FLAG FOR CAR 8 (GRO) TIMED AT 16:22:20,,BLUE,Driver,,8.0,44.0,2019,8
8502143.0,Flag,WAVED BLUE FLAG FOR CAR 23 (ALB) TIMED AT 16:22:26,,BLUE,Driver,,23.0,44.0,2019,8
8502163.0,Flag,WAVED BLUE FLAG FOR CAR 88 (KUB) TIMED AT 16:22:47,,BLUE,Driver,,88.0,44.0,2019,8
8502230.0,Flag,WAVED BLUE FLAG FOR CAR 27 (HUL) TIMED AT 16:23:54,,BLUE,Driver,,27.0,45.0,2019,8
8502241.0,Flag,WAVED BLUE FLAG FOR CAR 27 (HUL) TIMED AT 16:24:05,,BLUE,Driver,,27.0,45.0,2019,8
8502261.0,Flag,WAVED BLUE FLAG FOR CAR 63 (RUS) TIMED AT 16:24:25,,BLUE,Driver,,63.0,45.0,2019,8
8502281.0,Flag,WAVED BLUE FLAG FOR CAR 88 (KUB) TIMED AT 16:24:44,,BLUE,Driver,,88.0,45.0,2019,8
8502320.0,Flag,WAVED BLUE FLAG FOR CAR 88 (KUB) TIMED AT 16:25:23,,BLUE,Driver,,88.0,46.0,2019,8
8502330.0,Flag,WAVED BLUE FLAG FOR CAR 7 (RAI) TIMED AT 16:25:33,,BLUE,Driver,,7.0,46.0,2019,8
8502360.0,Flag,WAVED BLUE FLAG FOR CAR 18 (STR) TIMED AT 16:26:04,,BLUE,Driver,,18.0,46.0,2019,8
8502389.0,Flag,WAVED BLUE FLAG FOR CAR 63 (RUS) TIMED AT 16:26:32,,BLUE,Driver,,63.0,46.0,2019,8
8502429.0,Flag,WAVED BLUE FLAG FOR CAR 26 (KVY) TIMED AT 16:27:12,,BLUE,Driver,,26.0,47.0,2019,8
8502447.0,Flag,WAVED BLUE FLAG FOR CAR 63 (RUS) TIMED AT 16:27:30,,BLUE,Driver,,63.0,47.0,2019,8
8502454.0,Flag,WAVED BLUE FLAG FOR CAR 88 (KUB) TIMED AT 16:27:38,,BLUE,Driver,,88.0,47.0,2019,8
8502498.0,Flag,WAVED BLUE FLAG FOR CAR 88 (KUB) TIMED AT 16:28:21,,BLUE,Driver,,88.0,48.0,2019,8
8502524.0,Flag,WAVED BLUE FLAG FOR CAR 26 (KVY) TIMED AT 16:28:47,,BLUE,Driver,,26.0,48.0,2019,8
8502540.0,Flag,WAVED BLUE FLAG FOR CAR 3 (RIC) TIMED AT 16:29:03,,BLUE,Driver,,3.0,48.0,2019,8
8502553.0,Flag,WAVED BLUE FLAG FOR CAR 88 (KUB) TIMED AT 16:29:17,,BLUE,Driver,,88.0,48.0,2019,8
8502585.0,Flag,WAVED BLUE FLAG FOR CAR 23 (ALB) TIMED AT 16:29:48,,BLUE,Driver,,23.0,48.0,2019,8
8502593.0,Flag,WAVED BLUE FLAG FOR CAR 88 (KUB) TIMED AT 16:29:57,,BLUE,Driver,,88.0,49.0,2019,8
8502619.0,Flag,WAVED BLUE FLAG FOR CAR 26 (KVY) TIMED AT 16:30:22,,BLUE,Driver,,26.0,49.0,2019,8
8502626.0,Flag,WAVED BLUE FLAG FOR CAR 26 (KVY) TIMED AT 16:30:29,,BLUE,Driver,,26.0,49.0,2019,8
8502660.0,Flag,WAVED BLUE FLAG FOR CAR 63 (RUS) TIMED AT 16:31:03,,BLUE,Driver,,63.0,49.0,2019,8
8502664.0,Flag,WAVED BLUE FLAG FOR CAR 26 (KVY) TIMED AT 16:31:07,,BLUE,Driver,,26.0,49.0,2019,8
8502672.0,Flag,DOUBLE YELLOW IN TRACK SECTOR 4,,DOUBLE YELLOW,Sector,4.0,,49.0,2019,8
8502673.0,Flag,WAVED BLUE FLAG FOR CAR 26 (KVY) TIMED AT 16:31:16,,BLUE,Driver,,26.0,49.0,2019,8
8502681.0,Flag,CLEAR IN TRACK SECTOR 4,,CLEAR,Sector,4.0,,49.0,2019,8
8502728.0,Flag,WAVED BLUE FLAG FOR CAR 18 (STR) TIMED AT 16:32:12,,BLUE,Driver,,18.0,50.0,2019,8
8502757.0,Flag,YELLOW IN TRACK SECTOR 2,,YELLOW,Sector,2.0,,50.0,2019,8
8502765.0,Flag,WAVED BLUE FLAG FOR CAR 11 (PER) TIMED AT 16:32:48,,BLUE,Driver,,11.0,50.0,2019,8
8502769.0,SafetyCar,VIRTUAL SAFETY CAR DEPLOYED,DEPLOYED,,,,,50.0,2019,8
8502784.0,Flag,CLEAR IN TRACK SECTOR 2,,CLEAR,Sector,2.0,,50.0,2019,8
8502787.0,SafetyCar,VIRTUAL SAFETY CAR ENDING,ENDING,,,,,50.0,2019,8
8502801.0,Flag,TRACK CLEAR,,CLEAR,Track,,,51.0,2019,8
8502802.0,Flag,WAVED BLUE FLAG FOR CAR 23 (ALB) TIMED AT 16:33:25,,BLUE,Driver,,23.0,51.0,2019,8
8502803.0,Drs,DRS ENABLED,ENABLED,,,,,51.0,2019,8
8502814.0,Flag,WAVED BLUE FLAG FOR CAR 4 (NOR) TIMED AT 16:33:37,,BLUE,Driver,,4.0,51.0,2019,8
8502835.0,Flag,WAVED BLUE FLAG FOR CAR 4 (NOR) TIMED AT 16:33:59,,BLUE,Driver,,4.0,51.0,2019,8
8502972.0,Flag,WAVED BLUE FLAG FOR CAR 11 (PER) TIMED AT 16:36:15,,BLUE,Driver,,11.0,52.0,2019,8
8502997.0,Flag,WAVED BLUE FLAG FOR CAR 11 (PER) TIMED AT 16:36:40,,BLUE,Driver,,11.0,53.0,2019,8
8503072.0,Flag,CHEQUERED FLAG,,CHEQUERED,Track,,,53.0,2019,8
8503121.0,Flag,YELLOW IN TRACK SECTOR 4,,YELLOW,Sector,4.0,,53.0,2019,8
8503124.0,Flag,CLEAR IN TRACK SECTOR 4,,CLEAR,Sector,4.0,,53.0,2019,8
8503271.0,Other,TURN 9 INCIDENT INVOLVING CAR 3 (RIC) UNDER INVESTIGATION - LEAVING THE TRACK AND GAINING AN ADVANTAGE,,,,,,53.0,2019,8
9101705.0,Other,RISK OF RAIN FOR THIS SESSION IS 0%,,,,,,1.0,2019,9
9102419.0,Drs,DRS DISABLED,DISABLED,,,,,1.0,2019,9
9102768.0,Flag,GREEN LIGHT - PIT EXIT OPEN,,GREEN,Track,,,1.0,2019,9
9102907.0,Drs,DRS ENABLED,ENABLED,,,,,2.0,2019,9
9103147.0,Other,"LAP 1, TURN 1 INCIDENT INVOLVING CARS 99 (GIO) NOTED - NO INVESTIGATION NECESSARY",,,,,,6.0,2019,9
9103179.0,Other,"LAP 1,TURN 5 INCIDENT INVOLVING CARS 4 (NOR) AND 7 (RAI) NOTED - NO INVESTIGATION NECESSARY",,,,,,6.0,2019,9
9103290.0,Other,INCIDENT INVOLVING CAR 20 (MAG) UNDER INVESTIGATION - OUT OF POSITION AT THE START,,,,,,8.0,2019,9
9103627.0,Other,DRIVE THROUGH PENALTY FOR CAR 20 (MAG) - OUT OF POSITION AT THE START,,,,,,13.0,2019,9
9103763.0,Flag,WAVED BLUE FLAG FOR CAR 20 (MAG) TIMED AT 15:29:26,,BLUE,Driver,,20.0,15.0,2019,9
9103910.0,Flag,WAVED BLUE FLAG FOR CAR 20 (MAG) TIMED AT 15:31:54,,BLUE,Driver,,20.0,17.0,2019,9
9104330.0,Flag,WAVED BLUE FLAG FOR CAR 88 (KUB) TIMED AT 15:38:53,,BLUE,Driver,,88.0,23.0,2019,9
9104387.0,Flag,WAVED BLUE FLAG FOR CAR 88 (KUB) TIMED AT 15:39:50,,BLUE,Driver,,88.0,24.0,2019,9
9104411.0,Flag,WAVED BLUE FLAG FOR CAR 88 (KUB) TIMED AT 15:40:15,,BLUE,Driver,,88.0,24.0,2019,9
9104419.0,Flag,WAVED BLUE FLAG FOR CAR 20 (MAG) TIMED AT 15:40:22,,BLUE,Driver,,20.0,24.0,2019,9
9104427.0,Flag,WAVED BLUE FLAG FOR CAR 20 (MAG) TIMED AT 15:40:31,,BLUE,Driver,,20.0,24.0,2019,9
9104512.0,Flag,WAVED BLUE FLAG FOR CAR 88 (KUB) TIMED AT 15:41:55,,BLUE,Driver,,88.0,25.0,2019,9
9104521.0,Flag,WAVED BLUE FLAG FOR CAR 88 (KUB) TIMED AT 15:42:05,,BLUE,Driver,,88.0,26.0,2019,9
9104538.0,Flag,WAVED BLUE FLAG FOR CAR 88 (KUB) TIMED AT 15:42:22,,BLUE,Driver,,88.0,26.0,2019,9
9104570.0,Flag,WAVED BLUE FLAG FOR CAR 88 (KUB) TIMED AT 15:42:53,,BLUE,Driver,,88.0,26.0,2019,9
9104601.0,Flag,WAVED BLUE FLAG FOR CAR 88 (KUB) TIMED AT 15:43:25,,BLUE,Driver,,88.0,27.0,2019,9
9104634.0,Flag,WAVED BLUE FLAG FOR CAR 20 (MAG) TIMED AT 15:43:58,,BLUE,Driver,,20.0,27.0,2019,9
9104680.0,Flag,WAVED BLUE FLAG FOR CAR 20 (MAG) TIMED AT 15:44:44,,BLUE,Driver,,20.0,28.0,2019,9
9104900.0,Flag,WAVED BLUE FLAG FOR CAR 20 (MAG) TIMED AT 15:48:24,,BLUE,Driver,,20.0,31.0,2019,9
9104966.0,Flag,WAVED BLUE FLAG FOR CAR 63 (RUS) TIMED AT 15:49:29,,BLUE,Driver,,63.0,32.0,2019,9
9105050.0,Flag,WAVED BLUE FLAG FOR CAR 63 (RUS) TIMED AT 15:50:53,,BLUE,Driver,,63.0,33.0,2019,9
9105103.0,Flag,WAVED BLUE FLAG FOR CAR 26 (KVY) TIMED AT 15:51:46,,BLUE,Driver,,26.0,34.0,2019,9
9105146.0,Flag,WAVED BLUE FLAG FOR CAR 88 (KUB) TIMED AT 15:52:29,,BLUE,Driver,,88.0,34.0,2019,9
9105162.0,Flag,WAVED BLUE FLAG FOR CAR 88 (KUB) TIMED AT 15:52:46,,BLUE,Driver,,88.0,35.0,2019,9
9105241.0,Flag,WAVED BLUE FLAG FOR CAR 8 (GRO) TIMED AT 15:54:04,,BLUE,Driver,,8.0,36.0,2019,9
9105287.0,Flag,WAVED BLUE FLAG FOR CAR 63 (RUS) TIMED AT 15:54:50,,BLUE,Driver,,63.0,36.0,2019,9
9105321.0,Flag,WAVED BLUE FLAG FOR CAR 88 (KUB) TIMED AT 15:55:25,,BLUE,Driver,,88.0,37.0,2019,9
9105324.0,Flag,WAVED BLUE FLAG FOR CAR 23 (ALB) TIMED AT 15:55:28,,BLUE,Driver,,23.0,37.0,2019,9
9105379.0,Flag,WAVED BLUE FLAG FOR CAR 88 (KUB) TIMED AT 15:56:22,,BLUE,Driver,,88.0,38.0,2019,9
9105475.0,Flag,WAVED BLUE FLAG FOR CAR 88 (KUB) TIMED AT 15:57:58,,BLUE,Driver,,88.0,39.0,2019,9
9105518.0,Flag,WAVED BLUE FLAG FOR CAR 26 (KVY) TIMED AT 15:58:42,,BLUE,Driver,,26.0,40.0,2019,9
9105540.0,Flag,WAVED BLUE FLAG FOR CAR 88 (KUB) TIMED AT 15:59:03,,BLUE,Driver,,88.0,40.0,2019,9
9105572.0,Flag,WAVED BLUE FLAG FOR CAR 23 (ALB) TIMED AT 15:59:36,,BLUE,Driver,,23.0,41.0,2019,9
9105592.0,Flag,WAVED BLUE FLAG FOR CAR 88 (KUB) TIMED AT 15:59:55,,BLUE,Driver,,88.0,41.0,2019,9
9105647.0,Flag,WAVED BLUE FLAG FOR CAR 23 (ALB) TIMED AT 16:00:50,,BLUE,Driver,,23.0,42.0,2019,9
9105669.0,Flag,WAVED BLUE FLAG FOR CAR 88 (KUB) TIMED AT 16:01:13,,BLUE,Driver,,88.0,42.0,2019,9
9105758.0,Flag,WAVED BLUE FLAG FOR CAR 88 (KUB) TIMED AT 16:02:41,,BLUE,Driver,,88.0,43.0,2019,9
9105871.0,Flag,WAVED BLUE FLAG FOR CAR 88 (KUB) TIMED AT 16:04:35,,BLUE,Driver,,88.0,45.0,2019,9
9105885.0,Flag,WAVED BLUE FLAG FOR CAR 8 (GRO) TIMED AT 16:04:48,,BLUE,Driver,,8.0,45.0,2019,9
9105975.0,Flag,WAVED BLUE FLAG FOR CAR 88 (KUB) TIMED AT 16:06:18,,BLUE,Driver,,88.0,46.0,2019,9
9106009.0,Flag,WAVED BLUE FLAG FOR CAR 88 (KUB) TIMED AT 16:06:53,,BLUE,Driver,,88.0,47.0,2019,9
9106022.0,Flag,WAVED BLUE FLAG FOR CAR 88 (KUB) TIMED AT 16:07:06,,BLUE,Driver,,88.0,47.0,2019,9
9106105.0,Flag,WAVED BLUE FLAG FOR CAR 88 (KUB) TIMED AT 16:08:28,,BLUE,Driver,,88.0,48.0,2019,9
9106172.0,Flag,WAVED BLUE FLAG FOR CAR 88 (KUB) TIMED AT 16:09:35,,BLUE,Driver,,88.0,49.0,2019,9
9106282.0,Flag,WAVED BLUE FLAG FOR CAR 18 (STR) TIMED AT 16:11:25,,BLUE,Driver,,18.0,51.0,2019,9
9106324.0,Flag,WAVED BLUE FLAG FOR CAR 88 (KUB) TIMED AT 16:12:08,,BLUE,Driver,,88.0,52.0,2019,9
9106385.0,Flag,WAVED BLUE FLAG FOR CAR 18 (STR) TIMED AT 16:13:09,,BLUE,Driver,,18.0,52.0,2019,9
9106400.0,Flag,WAVED BLUE FLAG FOR CAR 18 (STR) TIMED AT 16:13:23,,BLUE,Driver,,18.0,53.0,2019,9
9106437.0,Flag,WAVED BLUE FLAG FOR CAR 8 (GRO) TIMED AT 16:14:00,,BLUE,Driver,,8.0,53.0,2019,9
9106449.0,Flag,WAVED BLUE FLAG FOR CAR 27 (HUL) TIMED AT 16:14:13,,BLUE,Driver,,27.0,53.0,2019,9
9106486.0,Flag,WAVED BLUE FLAG FOR CAR 88 (KUB) TIMED AT 16:14:49,,BLUE,Driver,,88.0,54.0,2019,9
9106510.0,Flag,WAVED BLUE FLAG FOR CAR 11 (PER) TIMED AT 16:15:14,,BLUE,Driver,,11.0,54.0,2019,9
9106556.0,Flag,WAVED BLUE FLAG FOR CAR 88 (KUB) TIMED AT 16:15:59,,BLUE,Driver,,88.0,55.0,2019,9
9106559.0,Flag,WAVED BLUE FLAG FOR CAR 99 (GIO) TIMED AT 16:16:02,,BLUE,Driver,,99.0,55.0,2019,9
9106619.0,Flag,WAVED BLUE FLAG FOR CAR 23 (ALB) TIMED AT 16:17:03,,BLUE,Driver,,23.0,56.0,2019,9
9106668.0,Flag,WAVED BLUE FLAG FOR CAR 7 (RAI) TIMED AT 16:17:52,,BLUE,Driver,,7.0,57.0,2019,9
9106687.0,Flag,WAVED BLUE FLAG FOR CAR 27 (HUL) TIMED AT 16:18:10,,BLUE,Driver,,27.0,57.0,2019,9
9106731.0,Flag,WAVED BLUE FLAG FOR CAR 11 (PER) TIMED AT 16:18:55,,BLUE,Driver,,11.0,57.0,2019,9
9106797.0,Flag,WAVED BLUE FLAG FOR CAR 88 (KUB) TIMED AT 16:20:01,,BLUE,Driver,,88.0,58.0,2019,9
9106803.0,Flag,WAVED BLUE FLAG FOR CAR 99 (GIO) TIMED AT 16:20:06,,BLUE,Driver,,99.0,59.0,2019,9
9106811.0,Flag,WAVED BLUE FLAG FOR CAR 99 (GIO) TIMED AT 16:20:14,,BLUE,Driver,,99.0,59.0,2019,9
9106823.0,Flag,WAVED BLUE FLAG FOR CAR 23 (ALB) TIMED AT 16:20:26,,BLUE,Driver,,23.0,59.0,2019,9
9106827.0,Flag,WAVED BLUE FLAG FOR CAR 27 (HUL) TIMED AT 16:20:31,,BLUE,Driver,,27.0,59.0,2019,9
9106868.0,Flag,WAVED BLUE FLAG FOR CAR 7 (RAI) TIMED AT 16:21:12,,BLUE,Driver,,7.0,59.0,2019,9
9106945.0,Flag,WAVED BLUE FLAG FOR CAR 20 (MAG) TIMED AT 16:22:28,,BLUE,Driver,,20.0,61.0,2019,9
9106975.0,Flag,WAVED BLUE FLAG FOR CAR 3 (RIC) TIMED AT 16:22:58,,BLUE,Driver,,3.0,61.0,2019,9
9106989.0,Flag,WAVED BLUE FLAG FOR CAR 20 (MAG) TIMED AT 16:23:12,,BLUE,Driver,,20.0,61.0,2019,9
9107034.0,Flag,WAVED BLUE FLAG FOR CAR 55 (SAI) TIMED AT 16:23:58,,BLUE,Driver,,55.0,62.0,2019,9
9107069.0,Flag,WAVED BLUE FLAG FOR CAR 11 (PER) TIMED AT 16:24:32,,BLUE,Driver,,11.0,62.0,2019,9
9107074.0,Flag,WAVED BLUE FLAG FOR CAR 3 (RIC) TIMED AT 16:24:37,,BLUE,Driver,,3.0,63.0,2019,9
9107074.0,Flag,WAVED BLUE FLAG FOR CAR 55 (SAI) TIMED AT 16:24:38,,BLUE,Driver,,55.0,63.0,2019,9
9107089.0,Flag,WAVED BLUE FLAG FOR CAR 20 (MAG) TIMED AT 16:24:52,,BLUE,Driver,,20.0,63.0,2019,9
9107100.0,Flag,WAVED BLUE FLAG FOR CAR 63 (RUS) TIMED AT 16:25:03,,BLUE,Driver,,63.0,63.0,2019,9
9107112.0,Flag,WAVED BLUE FLAG FOR CAR 18 (STR) TIMED AT 16:25:15,,BLUE,Driver,,18.0,63.0,2019,9
9107132.0,Flag,WAVED BLUE FLAG FOR CAR 63 (RUS) TIMED AT 16:25:36,,BLUE,Driver,,63.0,63.0,2019,9
9107133.0,Flag,WAVED BLUE FLAG FOR CAR 20 (MAG) TIMED AT 16:25:36,,BLUE,Driver,,20.0,63.0,2019,9
9107135.0,Flag,WAVED BLUE FLAG FOR CAR 3 (RIC) TIMED AT 16:25:39,,BLUE,Driver,,3.0,63.0,2019,9
9107145.0,Flag,WAVED BLUE FLAG FOR CAR 18 (STR) TIMED AT 16:25:49,,BLUE,Driver,,18.0,64.0,2019,9
9107190.0,Flag,WAVED BLUE FLAG FOR CAR 63 (RUS) TIMED AT 16:26:33,,BLUE,Driver,,63.0,64.0,2019,9
9107210.0,Flag,WAVED BLUE FLAG FOR CAR 63 (RUS) TIMED AT 16:26:53,,BLUE,Driver,,63.0,64.0,2019,9
9107211.0,Flag,WAVED BLUE FLAG FOR CAR 20 (MAG) TIMED AT 16:26:55,,BLUE,Driver,,20.0,65.0,2019,9
9107214.0,Flag,WAVED BLUE FLAG FOR CAR 99 (GIO) TIMED AT 16:26:58,,BLUE,Driver,,99.0,65.0,2019,9
9107296.0,Flag,WAVED BLUE FLAG FOR CAR 10 (GAS) TIMED AT 16:28:20,,BLUE,Driver,,10.0,66.0,2019,9
9107322.0,Flag,WAVED BLUE FLAG FOR CAR 20 (MAG) TIMED AT 16:28:46,,BLUE,Driver,,20.0,66.0,2019,9
9107336.0,Flag,WAVED BLUE FLAG FOR CAR 10 (GAS) TIMED AT 16:29:00,,BLUE,Driver,,10.0,66.0,2019,9
9107374.0,Flag,WAVED BLUE FLAG FOR CAR 88 (KUB) TIMED AT 16:29:37,,BLUE,Driver,,88.0,67.0,2019,9
9107397.0,Flag,WAVED BLUE FLAG FOR CAR 27 (HUL) TIMED AT 16:30:01,,BLUE,Driver,,27.0,67.0,2019,9
9107464.0,Flag,WAVED BLUE FLAG FOR CAR 88 (KUB) TIMED AT 16:31:08,,BLUE,Driver,,88.0,68.0,2019,9
9107468.0,Flag,WAVED BLUE FLAG FOR CAR 11 (PER) TIMED AT 16:31:11,,BLUE,Driver,,11.0,68.0,2019,9
9107468.0,Flag,WAVED BLUE FLAG FOR CAR 88 (KUB) TIMED AT 16:31:12,,BLUE,Driver,,88.0,68.0,2019,9
9107506.0,Flag,WAVED BLUE FLAG FOR CAR 88 (KUB) TIMED AT 16:31:50,,BLUE,Driver,,88.0,69.0,2019,9
9107513.0,Flag,WAVED BLUE FLAG FOR CAR 11 (PER) TIMED AT 16:31:57,,BLUE,Driver,,11.0,69.0,2019,9
9107562.0,Other,TURN 3 INCIDENT INVOLVING CARS 16 (LEC) AND 33 (VER) NOTED,,,,,,70.0,2019,9
9107604.0,Flag,WAVED BLUE FLAG FOR CAR 99 (GIO) TIMED AT 16:33:28,,BLUE,Driver,,99.0,70.0,2019,9
9107622.0,Flag,WAVED BLUE FLAG FOR CAR 7 (RAI) TIMED AT 16:33:46,,BLUE,Driver,,7.0,70.0,2019,9
9107627.0,Flag,WAVED BLUE FLAG FOR CAR 4 (NOR) TIMED AT 16:33:51,,BLUE,Driver,,4.0,71.0,2019,9
9107689.0,Flag,CHEQUERED FLAG,,CHEQUERED,Track,,,71.0,2019,9
9107692.0,Flag,WAVED BLUE FLAG FOR CAR 55 (SAI) TIMED AT 16:34:55,,BLUE,Driver,,55.0,71.0,2019,9
9107704.0,Other,TURN 3 INCIDENT INVOLVING CARS 16 (LEC) AND 33 (VER) UNDER INVESTIGATION,,,,,,71.0,2019,9
10311306.0,Other,RISK OF RAIN FOR THIS SESSION IS 20%,,,,,,1.0,2019,10
10312020.0,Drs,DRS DISABLED,DISABLED,,,,,1.0,2019,10
10312385.0,Flag,GREEN LIGHT - PIT EXIT OPEN,,GREEN,Track,,,1.0,2019,10
10312568.0,Drs,DRS ENABLED,ENABLED,,,,,2.0,2019,10
10312613.0,Other,TURN 5 INCIDENT INVOLVING CARS 8 (GRO) AND 20 (MAG) NOTED - NO INVESTIGATION NECESSARY,,,,,,3.0,2019,10
10312617.0,Flag,WAVED BLUE FLAG FOR CAR 20 (MAG) TIMED AT 14:17:00,,BLUE,Driver,,20.0,3.0,2019,10
10312625.0,Flag,WAVED BLUE FLAG FOR CAR 20 (MAG) TIMED AT 14:17:08,,BLUE,Driver,,20.0,3.0,2019,10
10312629.0,Flag,WAVED BLUE FLAG FOR CAR 20 (MAG) TIMED AT 14:17:12,,BLUE,Driver,,20.0,3.0,2019,10
10312641.0,Flag,WAVED BLUE FLAG FOR CAR 20 (MAG) TIMED AT 14:17:24,,BLUE,Driver,,20.0,3.0,2019,10
10312667.0,Flag,WAVED BLUE FLAG FOR CAR 20 (MAG) TIMED AT 14:17:51,,BLUE,Driver,,20.0,4.0,2019,10
10312689.0,Flag,WAVED BLUE FLAG FOR CAR 20 (MAG) TIMED AT 14:18:12,,BLUE,Driver,,20.0,4.0,2019,10
10312706.0,Flag,WAVED BLUE FLAG FOR CAR 20 (MAG) TIMED AT 14:18:29,,BLUE,Driver,,20.0,4.0,2019,10
10312715.0,Flag,WAVED BLUE FLAG FOR CAR 20 (MAG) TIMED AT 14:18:38,,BLUE,Driver,,20.0,4.0,2019,10
10312732.0,Flag,WAVED BLUE FLAG FOR CAR 20 (MAG) TIMED AT 14:18:55,,BLUE,Driver,,20.0,4.0,2019,10
10312741.0,Flag,WAVED BLUE FLAG FOR CAR 20 (MAG) TIMED AT 14:19:05,,BLUE,Driver,,20.0,4.0,2019,10
10313200.0,Flag,WAVED BLUE FLAG FOR CAR 8 (GRO) TIMED AT 14:26:43,,BLUE,Driver,,8.0,9.0,2019,10
10313243.0,Flag,WAVED BLUE FLAG FOR CAR 8 (GRO) TIMED AT 14:27:26,,BLUE,Driver,,8.0,10.0,2019,10
10313925.0,Other,PIT LANE INCIDENT INVOLVING CARS 4 (NOR) AND 23 (ALB) UNDER INVESTIGATION,,,,,,17.0,2019,10
10314032.0,Other,PIT LANE INCIDENT INVOLVING CARS 4 (NOR) AND 23 (ALB) - NO FURTHER ACTION ,,,,,,19.0,2019,10
10314161.0,Flag,YELLOW IN TRACK SECTOR 14,,YELLOW,Sector,14.0,,20.0,2019,10
10314191.0,SafetyCar,SAFETY CAR DEPLOYED,DEPLOYED,,,,,20.0,2019,10
10314233.0,CarEvent,CAR 99 (GIO) STOPPED AT TURN 16,,,,,99.0,21.0,2019,10
10314501.0,Flag,CLEAR IN TRACK SECTOR 14,,CLEAR,Sector,14.0,,22.0,2019,10
10314561.0,SafetyCar,SAFETY CAR IN THIS LAP,IN THIS LAP,,,,,23.0,2019,10
10314662.0,Flag,TRACK CLEAR,,CLEAR,Track,,,23.0,2019,10
10314718.0,Other,TRACK SURFACE SLIPPERY IN TRACK SECTOR 6,,,,,,24.0,2019,10
10314846.0,Flag,CLEAR IN TRACK SECTOR 6,,CLEAR,Sector,6.0,,25.0,2019,10
10314849.0,Drs,DRS ENABLED,ENABLED,,,,,26.0,2019,10
10314939.0,Flag,YELLOW IN TRACK SECTOR 6,,YELLOW,Sector,6.0,,27.0,2019,10
10314951.0,Flag,DOUBLE YELLOW IN TRACK SECTOR 6,,DOUBLE YELLOW,Sector,6.0,,27.0,2019,10
10314964.0,Flag,CLEAR IN TRACK SECTOR 6,,CLEAR,Sector,6.0,,27.0,2019,10
10315025.0,Other,TURN 6 INCIDENT INVOLVING CARS 11 (PER) AND 27 (HUL) NOTED - NO INVESTIGATION NECESSARY,,,,,,27.0,2019,10
10315926.0,Flag,YELLOW IN TRACK SECTOR 14,,YELLOW,Sector,14.0,,38.0,2019,10
10315941.0,Flag,CLEAR IN TRACK SECTOR 14,,CLEAR,Sector,14.0,,38.0,2019,10
10315953.0,Other,TRACK SURFACE SLIPPERY IN TRACK SECTOR 15,,,,,,38.0,2019,10
10316004.0,Other,TURN 16 INCIDENT INVOLVING CARS 5 (VET) AND 33 (VER) UNDER INVESTIGATION - CAUSING A COLLISION,,,,,,38.0,2019,10
10316091.0,Flag,CLEAR IN TRACK SECTOR 15,,CLEAR,Sector,15.0,,39.0,2019,10
10316134.0,Flag,WAVED BLUE FLAG FOR CAR 5 (VET) TIMED AT 15:15:37,,BLUE,Driver,,5.0,40.0,2019,10
10316156.0,Flag,WAVED BLUE FLAG FOR CAR 5 (VET) TIMED AT 15:16:00,,BLUE,Driver,,5.0,40.0,2019,10
10316387.0,Other,10 SECOND TIME PENALTY FOR CAR 5 (VET) - CAUSING A COLLISION,,,,,,43.0,2019,10
10316418.0,Flag,WAVED BLUE FLAG FOR CAR 11 (PER) TIMED AT 15:20:21,,BLUE,Driver,,11.0,43.0,2019,10
10316491.0,Flag,WAVED BLUE FLAG FOR CAR 11 (PER) TIMED AT 15:21:35,,BLUE,Driver,,11.0,44.0,2019,10
10316643.0,Flag,WAVED BLUE FLAG FOR CAR 88 (KUB) TIMED AT 15:24:07,,BLUE,Driver,,88.0,46.0,2019,10
10316807.0,Flag,WAVED BLUE FLAG FOR CAR 63 (RUS) TIMED AT 15:26:51,,BLUE,Driver,,63.0,47.0,2019,10
10317208.0,Flag,WAVED BLUE FLAG FOR CAR 88 (KUB) TIMED AT 15:33:31,,BLUE,Driver,,88.0,52.0,2019,10
10317253.0,Flag,CHEQUERED FLAG,,CHEQUERED,Track,,,52.0,2019,10
11520001.0,Other,PIT EXIT CLOSED,,,,,,1.0,2019,11
11520896.0,Other,RISK OF RAIN FOR THIS SESSION IS 100%,,,,,,1.0,2019,11
11521201.0,Other,FORMATION LAPS WILL COMMENCE ON TIME AT 15:10 BEHIND THE SAFETY CAR,,,,,,1.0,2019,11
11522236.0,Other,SAFETY CAR WILL ENTER PITS: STANDING START,,,,,,1.0,2019,11
11522395.0,Flag,GREEN LIGHT - PIT EXIT OPEN,,GREEN,Track,,,1.0,2019,11
11522596.0,SafetyCar,SAFETY CAR DEPLOYED,DEPLOYED,,,,,3.0,2019,11
11522670.0,Flag,DOUBLE YELLOW IN TRACK SECTOR 10,,DOUBLE YELLOW,Sector,10.0,,3.0,2019,11
11522795.0,SafetyCar,SAFETY CAR IN THIS LAP,IN THIS LAP,,,,,4.0,2019,11
11522801.0,Flag,CLEAR IN TRACK SECTOR 10,,CLEAR,Sector,10.0,,4.0,2019,11
11522852.0,Flag,TRACK CLEAR,,CLEAR,Track,,,4.0,2019,11
11523173.0,Other,PIT LANE INCIDENT INVOLVING CARS 16 (LEC) AND 8 (GRO) UNDER INVESTIGATION - UNSAFE RELEASE,,,,,,8.0,2019,11
11523662.0,Other,PIT LANE INCIDENT INVOLVING CAR 16 (LEC) AND 8 (GRO) - TEAM FINE IMPOSED ON FERRARI,,,,,,13.0,2019,11
11523787.0,Flag,YELLOW IN TRACK SECTOR 9,,YELLOW,Sector,9.0,,15.0,2019,11
11523818.0,CarEvent,CAR 3 (RIC) STOPPED AT TURN 8,,,,,3.0,15.0,2019,11
11523821.0,Flag,WAVED BLUE FLAG FOR CAR 88 (KUB) TIMED AT 15:43:44,,BLUE,Driver,,88.0,15.0,2019,11
11523824.0,SafetyCar,VIRTUAL SAFETY CAR DEPLOYED,DEPLOYED,,,,,15.0,2019,11
11523893.0,Flag,CLEAR IN TRACK SECTOR 9,,CLEAR,Sector,9.0,,16.0,2019,11
11523895.0,SafetyCar,VIRTUAL SAFETY CAR ENDING,ENDING,,,,,16.0,2019,11
11523909.0,Flag,TRACK CLEAR,,CLEAR,Track,,,16.0,2019,11
11523938.0,Flag,WAVED BLUE FLAG FOR CAR 88 (KUB) TIMED AT 15:45:42,,BLUE,Driver,,88.0,16.0,2019,11
11523971.0,Drs,DRS ENABLED,ENABLED,,,,,17.0,2019,11
11524031.0,Flag,WAVED BLUE FLAG FOR CAR 88 (KUB) TIMED AT 15:47:14,,BLUE,Driver,,88.0,17.0,2019,11
11524069.0,Flag,WAVED BLUE FLAG FOR CAR 88 (KUB) TIMED AT 15:47:52,,BLUE,Driver,,88.0,18.0,2019,11
11524177.0,Flag,WAVED BLUE FLAG FOR CAR 88 (KUB) TIMED AT 15:49:40,,BLUE,Driver,,88.0,19.0,2019,11
11524184.0,Flag,WAVED BLUE FLAG FOR CAR 63 (RUS) TIMED AT 15:49:47,,BLUE,Driver,,63.0,19.0,2019,11
11524188.0,Flag,YELLOW IN TRACK SECTOR 14,,YELLOW,Sector,14.0,,19.0,2019,11
11524208.0,Flag,CLEAR IN TRACK SECTOR 14,,CLEAR,Sector,14.0,,19.0,2019,11
11524246.0,CarEvent,CAR 55 (SAI) SPUN AND CONTINUED AT TURN 17,,,,,55.0,20.0,2019,11
11524278.0,Flag,WAVED BLUE FLAG FOR CAR 63 (RUS) TIMED AT 15:51:21,,BLUE,Driver,,63.0,20.0,2019,11
11524290.0,Flag,WAVED BLUE FLAG FOR CAR 63 (RUS) TIMED AT 15:51:34,,BLUE,Driver,,63.0,20.0,2019,11
11524367.0,Flag,WAVED BLUE FLAG FOR CAR 63 (RUS) TIMED AT 15:52:51,,BLUE,Driver,,63.0,21.0,2019,11
11524591.0,Flag,WAVED BLUE FLAG FOR CAR 88 (KUB) TIMED AT 15:56:35,,BLUE,Driver,,88.0,23.0,2019,11
11524596.0,Other,TRACK SURFACE SLIPPERY IN TRACK SECTOR 5,,,,,,23.0,2019,11
11524642.0,Flag,CLEAR IN TRACK SECTOR 5,,CLEAR,Sector,5.0,,24.0,2019,11
11524707.0,Flag,WAVED BLUE FLAG FOR CAR 88 (KUB) TIMED AT 15:58:31,,BLUE,Driver,,88.0,25.0,2019,11
11524860.0,Other,TRACK SURFACE SLIPPERY IN TRACK SECTOR 3,,,,,,26.0,2019,11
11524907.0,Flag,DOUBLE YELLOW IN TRACK SECTOR 13,,DOUBLE YELLOW,Sector,13.0,,27.0,2019,11
11524909.0,Flag,YELLOW IN TRACK SECTOR 13,,YELLOW,Sector,13.0,,27.0,2019,11
11524909.0,Flag,WAVED BLUE FLAG FOR CAR 18 (STR) TIMED AT 16:01:53,,BLUE,Driver,,18.0,27.0,2019,11
11524928.0,Flag,CLEAR IN TRACK SECTOR 13,,CLEAR,Sector,13.0,,27.0,2019,11
11524958.0,Flag,YELLOW IN TRACK SECTOR 10,,YELLOW,Sector,10.0,,27.0,2019,11
11524963.0,Flag,WAVED BLUE FLAG FOR CAR 88 (KUB) TIMED AT 16:02:46,,BLUE,Driver,,88.0,27.0,2019,11
11524993.0,SafetyCar,VIRTUAL SAFETY CAR DEPLOYED,DEPLOYED,,,,,28.0,2019,11
11524994.0,Flag,CLEAR IN TRACK SECTOR 3,,CLEAR,Sector,3.0,,28.0,2019,11
11525023.0,CarEvent,CAR 4 (NOR) STOPPED AT TURN 10,,,,,4.0,28.0,2019,11
11525080.0,Flag,CLEAR IN TRACK SECTOR 10,,CLEAR,Sector,10.0,,28.0,2019,11
11525082.0,SafetyCar,VIRTUAL SAFETY CAR ENDING,ENDING,,,,,28.0,2019,11
11525094.0,Flag,TRACK CLEAR,,CLEAR,Track,,,28.0,2019,11
11525098.0,Drs,DRS ENABLED,ENABLED,,,,,29.0,2019,11
11525112.0,Flag,WAVED BLUE FLAG FOR CAR 88 (KUB) TIMED AT 16:05:16,,BLUE,Driver,,88.0,29.0,2019,11
11525113.0,Other,TRACK SURFACE SLIPPERY IN TRACK SECTOR 12,,,,,,29.0,2019,11
11525119.0,Flag,YELLOW IN TRACK SECTOR 14,,YELLOW,Sector,14.0,,29.0,2019,11
11525142.0,Flag,WAVED BLUE FLAG FOR CAR 20 (MAG) TIMED AT 16:05:46,,BLUE,Driver,,20.0,29.0,2019,11
11525142.0,SafetyCar,SAFETY CAR DEPLOYED,DEPLOYED,,,,,29.0,2019,11
11525143.0,Flag,CLEAR IN TRACK SECTOR 12,,CLEAR,Sector,12.0,,29.0,2019,11
11525388.0,Other,INCIDENT INVOLVING CAR 44 (HAM) NOTED - WRONG SIDE OF BOLLARD AT PIT ENTRY,,,,,,30.0,2019,11
11525536.0,Other,INCIDENT INVOLVING CAR 44 (HAM) UNDER INVESTIGATION - WRONG SIDE OF BOLLARD AT PIT ENTRY,,,,,,32.0,2019,11
11525575.0,Other,"LAPPED CARS MAY NOW OVERTAKE - 18,63,88",,,,,,32.0,2019,11
11525654.0,Flag,CLEAR IN TRACK SECTOR 14,,CLEAR,Sector,14.0,,32.0,2019,11
11525706.0,SafetyCar,SAFETY CAR IN THIS LAP,IN THIS LAP,,,,,33.0,2019,11
11525791.0,Flag,TRACK CLEAR,,CLEAR,Track,,,33.0,2019,11
11525839.0,Other,5 SECOND TIME PENALTY FOR CAR 44 (HAM) - WRONG SIDE OF BOLLARD AT PIT ENTRY,,,,,,34.0,2019,11
11525987.0,Other,INCIDENT INVOLVING CAR 44 (HAM) UNDER INVESTIGATION - DRIVING UNNECESSARILY SLOWLY WHILE SAFETY CAR DEPLOYED,,,,,,36.0,2019,11
11525996.0,Drs,DRS ENABLED,ENABLED,,,,,36.0,2019,11
11526404.0,Flag,WAVED BLUE FLAG FOR CAR 88 (KUB) TIMED AT 16:26:48,,BLUE,Driver,,88.0,40.0,2019,11
11526432.0,Flag,YELLOW IN TRACK SECTOR 14,,YELLOW,Sector,14.0,,41.0,2019,11
11526468.0,SafetyCar,SAFETY CAR DEPLOYED,DEPLOYED,,,,,41.0,2019,11
11526504.0,CarEvent,CAR 27 (HUL) STOPPED AT TURN 17,,,,,27.0,41.0,2019,11
11526891.0,Flag,CLEAR IN TRACK SECTOR 14,,CLEAR,Sector,14.0,,44.0,2019,11
11526921.0,SafetyCar,SAFETY CAR IN THIS LAP,IN THIS LAP,,,,,45.0,2019,11
11527021.0,Flag,TRACK CLEAR,,CLEAR,Track,,,45.0,2019,11
11527197.0,Drs,DRS ENABLED,ENABLED,,,,,47.0,2019,11
11527641.0,Flag,YELLOW IN TRACK SECTOR 2,,YELLOW,Sector,2.0,,53.0,2019,11
11527648.0,Flag,CLEAR IN TRACK SECTOR 2,,CLEAR,Sector,2.0,,53.0,2019,11
11527659.0,CarEvent,CAR 44 (HAM) OFF TRACK AND CONTINUED AT TURN 1,,,,,44.0,53.0,2019,11
11527941.0,Flag,YELLOW IN TRACK SECTOR 2,,YELLOW,Sector,2.0,,57.0,2019,11
11527947.0,Flag,YELLOW IN TRACK SECTOR 3,,YELLOW,Sector,3.0,,57.0,2019,11
11527952.0,Flag,CLEAR IN TRACK SECTOR 3,,CLEAR,Sector,3.0,,57.0,2019,11
11527960.0,SafetyCar,SAFETY CAR DEPLOYED,DEPLOYED,,,,,57.0,2019,11
11527989.0,CarEvent,CAR 77 (BOT) STOPPED AT TURN 1,,,,,77.0,57.0,2019,11
11528235.0,SafetyCar,SAFETY CAR IN THIS LAP,IN THIS LAP,,,,,59.0,2019,11
11528239.0,Flag,CLEAR IN TRACK SECTOR 2,,CLEAR,Sector,2.0,,59.0,2019,11
11528274.0,Flag,TRACK CLEAR,,CLEAR,Track,,,59.0,2019,11
11528345.0,Other,TURN 6 INCIDENT INVOLVING CARS 8 (GRO) AND 20 (MAG) NOTED,,,,,,60.0,2019,11
11528431.0,Drs,DRS ENABLED,ENABLED,,,,,61.0,2019,11
11528476.0,Other,TURN 6 INCIDENT INVOLVING CARS 8 (GRO) AND 20 (MAG) - NO INVESTIGATION NECESSARY,,,,,,62.0,2019,11
11528527.0,CarEvent,CAR 10 (GAS) STOPPED AT TURN 7,,,,,10.0,63.0,2019,11
11528560.0,Other,TURN 7 INCIDENT INVOLVING CARS 10 (GAS) AND 23 (ALB) UNDER INVESTIGATION,,,,,,63.0,2019,11
11528662.0,Flag,CHEQUERED FLAG,,CHEQUERED,Track,,,64.0,2019,11
11528915.0,Other,TURN 7 INCIDENT INVOLVING CARS 10 (GAS) AND 23 (ALB) - NO FURTHER ACTION ,,,,,,64.0,2019,11
12125698.0,Other,RISK OF RAIN FOR F1 RACE IS 20%,,,,,,1.0,2019,12
12126421.0,Drs,DRS DISABLED,DISABLED,,,,,1.0,2019,12
12126765.0,Flag,GREEN LIGHT - PIT EXIT OPEN,,GREEN,Track,,,1.0,2019,12
12126877.0,Flag,DOUBLE YELLOW IN TRACK SECTOR 15,,DOUBLE YELLOW,Sector,15.0,,2.0,2019,12
12126881.0,Flag,YELLOW IN TRACK SECTOR 15,,YELLOW,Sector,15.0,,2.0,2019,12
12126882.0,Flag,CLEAR IN TRACK SECTOR 15,,CLEAR,Sector,15.0,,2.0,2019,12
12126965.0,Drs,DRS ENABLED,ENABLED,,,,,3.0,2019,12
12127004.0,Other,"LAP 1, TURN 3 INCIDENT INVOLVING CARS 44 (HAM) AND 77 (BOT) NOTED - NO INVESTIGATION NECESSARY",,,,,,3.0,2019,12
12127427.0,Other,"LAP 1, TURN 4 INCIDENT INVOLVING CARS 77 (BOT) AND 16 (LEC) NOTED - NO INVESTIGATION NECESSARY",,,,,,9.0,2019,12
12128355.0,Flag,WAVED BLUE FLAG FOR CAR 88 (KUB) TIMED AT 15:39:19,,BLUE,Driver,,88.0,20.0,2019,12
12128449.0,Flag,WAVED BLUE FLAG FOR CAR 8 (GRO) TIMED AT 15:40:53,,BLUE,Driver,,8.0,21.0,2019,12
12128459.0,Flag,WAVED BLUE FLAG FOR CAR 8 (GRO) TIMED AT 15:41:02,,BLUE,Driver,,8.0,21.0,2019,12
12128675.0,Flag,WAVED BLUE FLAG FOR CAR 11 (PER) TIMED AT 15:44:38,,BLUE,Driver,,11.0,24.0,2019,12
12128698.0,Flag,WAVED BLUE FLAG FOR CAR 11 (PER) TIMED AT 15:45:01,,BLUE,Driver,,11.0,24.0,2019,12
12128842.0,Flag,WAVED BLUE FLAG FOR CAR 99 (GIO) TIMED AT 15:47:26,,BLUE,Driver,,99.0,26.0,2019,12
12128870.0,Flag,WAVED BLUE FLAG FOR CAR 99 (GIO) TIMED AT 15:47:54,,BLUE,Driver,,99.0,26.0,2019,12
12128881.0,Flag,WAVED BLUE FLAG FOR CAR 18 (STR) TIMED AT 15:48:04,,BLUE,Driver,,18.0,26.0,2019,12
12128910.0,Flag,WAVED BLUE FLAG FOR CAR 63 (RUS) TIMED AT 15:48:34,,BLUE,Driver,,63.0,27.0,2019,12
12128936.0,Flag,WAVED BLUE FLAG FOR CAR 99 (GIO) TIMED AT 15:49:00,,BLUE,Driver,,99.0,27.0,2019,12
12129256.0,Flag,WAVED BLUE FLAG FOR CAR 18 (STR) TIMED AT 15:54:20,,BLUE,Driver,,18.0,31.0,2019,12
12129303.0,Flag,WAVED BLUE FLAG FOR CAR 8 (GRO) TIMED AT 15:55:07,,BLUE,Driver,,8.0,31.0,2019,12
12129328.0,Flag,WAVED BLUE FLAG FOR CAR 88 (KUB) TIMED AT 15:55:32,,BLUE,Driver,,88.0,32.0,2019,12
12129443.0,Flag,WAVED BLUE FLAG FOR CAR 63 (RUS) TIMED AT 15:57:27,,BLUE,Driver,,63.0,33.0,2019,12
12129449.0,Flag,WAVED BLUE FLAG FOR CAR 8 (GRO) TIMED AT 15:57:32,,BLUE,Driver,,8.0,33.0,2019,12
12129645.0,Flag,WAVED BLUE FLAG FOR CAR 23 (ALB) TIMED AT 16:00:48,,BLUE,Driver,,23.0,35.0,2019,12
12129726.0,Flag,WAVED BLUE FLAG FOR CAR 26 (KVY) TIMED AT 16:02:09,,BLUE,Driver,,26.0,36.0,2019,12
12129732.0,Flag,WAVED BLUE FLAG FOR CAR 99 (GIO) TIMED AT 16:02:15,,BLUE,Driver,,99.0,36.0,2019,12
12129733.0,Flag,WAVED BLUE FLAG FOR CAR 16 (LEC) TIMED AT 16:02:17,,BLUE,Driver,,16.0,37.0,2019,12
12129782.0,Flag,WAVED BLUE FLAG FOR CAR 11 (PER) TIMED AT 16:03:05,,BLUE,Driver,,11.0,37.0,2019,12
12129823.0,Flag,WAVED BLUE FLAG FOR CAR 18 (STR) TIMED AT 16:03:47,,BLUE,Driver,,18.0,38.0,2019,12
12129853.0,Flag,WAVED BLUE FLAG FOR CAR 3 (RIC) TIMED AT 16:04:17,,BLUE,Driver,,3.0,38.0,2019,12
12129877.0,Flag,WAVED BLUE FLAG FOR CAR 63 (RUS) TIMED AT 16:04:41,,BLUE,Driver,,63.0,38.0,2019,12
12129949.0,Flag,WAVED BLUE FLAG FOR CAR 20 (MAG) TIMED AT 16:05:52,,BLUE,Driver,,20.0,39.0,2019,12
12130171.0,Flag,WAVED BLUE FLAG FOR CAR 88 (KUB) TIMED AT 16:09:35,,BLUE,Driver,,88.0,42.0,2019,12
12130343.0,Flag,WAVED BLUE FLAG FOR CAR 77 (BOT) TIMED AT 16:12:26,,BLUE,Driver,,77.0,44.0,2019,12
12130407.0,Flag,WAVED BLUE FLAG FOR CAR 99 (GIO) TIMED AT 16:13:31,,BLUE,Driver,,99.0,45.0,2019,12
12130418.0,Flag,WAVED BLUE FLAG FOR CAR 4 (NOR) TIMED AT 16:13:41,,BLUE,Driver,,4.0,45.0,2019,12
12130432.0,Flag,WAVED BLUE FLAG FOR CAR 4 (NOR) TIMED AT 16:13:56,,BLUE,Driver,,4.0,45.0,2019,12
12130449.0,Flag,WAVED BLUE FLAG FOR CAR 18 (STR) TIMED AT 16:14:12,,BLUE,Driver,,18.0,45.0,2019,12
12130456.0,Flag,WAVED BLUE FLAG FOR CAR 8 (GRO) TIMED AT 16:14:20,,BLUE,Driver,,8.0,45.0,2019,12
12130491.0,Flag,WAVED BLUE FLAG FOR CAR 63 (RUS) TIMED AT 16:14:55,,BLUE,Driver,,63.0,46.0,2019,12
12130563.0,Flag,WAVED BLUE FLAG FOR CAR 88 (KUB) TIMED AT 16:16:07,,BLUE,Driver,,88.0,47.0,2019,12
12130571.0,Flag,WAVED BLUE FLAG FOR CAR 7 (RAI) TIMED AT 16:16:14,,BLUE,Driver,,7.0,47.0,2019,12
12130584.0,Flag,WAVED BLUE FLAG FOR CAR 7 (RAI) TIMED AT 16:16:28,,BLUE,Driver,,7.0,47.0,2019,12
12130684.0,Flag,WAVED BLUE FLAG FOR CAR 88 (KUB) TIMED AT 16:18:07,,BLUE,Driver,,88.0,48.0,2019,12
12130740.0,Flag,WAVED BLUE FLAG FOR CAR 20 (MAG) TIMED AT 16:19:04,,BLUE,Driver,,20.0,49.0,2019,12
12130772.0,Flag,WAVED BLUE FLAG FOR CAR 10 (GAS) TIMED AT 16:19:36,,BLUE,Driver,,10.0,49.0,2019,12
12130828.0,Flag,WAVED BLUE FLAG FOR CAR 55 (SAI) TIMED AT 16:20:31,,BLUE,Driver,,55.0,50.0,2019,12
12130852.0,Flag,WAVED BLUE FLAG FOR CAR 88 (KUB) TIMED AT 16:20:56,,BLUE,Driver,,88.0,50.0,2019,12
12130882.0,Flag,WAVED BLUE FLAG FOR CAR 8 (GRO) TIMED AT 16:21:26,,BLUE,Driver,,8.0,51.0,2019,12
12130924.0,Flag,WAVED BLUE FLAG FOR CAR 88 (KUB) TIMED AT 16:22:07,,BLUE,Driver,,88.0,51.0,2019,12
12130963.0,Flag,WAVED BLUE FLAG FOR CAR 99 (GIO) TIMED AT 16:22:46,,BLUE,Driver,,99.0,52.0,2019,12
12130984.0,Flag,WAVED BLUE FLAG FOR CAR 18 (STR) TIMED AT 16:23:08,,BLUE,Driver,,18.0,52.0,2019,12
12131009.0,Flag,WAVED BLUE FLAG FOR CAR 88 (KUB) TIMED AT 16:23:32,,BLUE,Driver,,88.0,52.0,2019,12
12131025.0,Flag,WAVED BLUE FLAG FOR CAR 63 (RUS) TIMED AT 16:23:48,,BLUE,Driver,,63.0,53.0,2019,12
12131076.0,Flag,WAVED BLUE FLAG FOR CAR 4 (NOR) TIMED AT 16:24:39,,BLUE,Driver,,4.0,53.0,2019,12
12131104.0,Flag,WAVED BLUE FLAG FOR CAR 99 (GIO) TIMED AT 16:25:07,,BLUE,Driver,,99.0,54.0,2019,12
12131121.0,Flag,WAVED BLUE FLAG FOR CAR 27 (HUL) TIMED AT 16:25:25,,BLUE,Driver,,27.0,54.0,2019,12
12131173.0,Flag,WAVED BLUE FLAG FOR CAR 7 (RAI) TIMED AT 16:26:17,,BLUE,Driver,,7.0,54.0,2019,12
12131244.0,Flag,WAVED BLUE FLAG FOR CAR 63 (RUS) TIMED AT 16:27:27,,BLUE,Driver,,63.0,55.0,2019,12
12131272.0,Flag,WAVED BLUE FLAG FOR CAR 99 (GIO) TIMED AT 16:27:56,,BLUE,Driver,,99.0,56.0,2019,12
12131289.0,Flag,WAVED BLUE FLAG FOR CAR 63 (RUS) TIMED AT 16:28:13,,BLUE,Driver,,63.0,56.0,2019,12
12131292.0,Flag,WAVED BLUE FLAG FOR CAR 88 (KUB) TIMED AT 16:28:16,,BLUE,Driver,,88.0,56.0,2019,12
12131312.0,Flag,WAVED BLUE FLAG FOR CAR 10 (GAS) TIMED AT 16:28:35,,BLUE,Driver,,10.0,56.0,2019,12
12131324.0,Flag,WAVED BLUE FLAG FOR CAR 99 (GIO) TIMED AT 16:28:47,,BLUE,Driver,,99.0,56.0,2019,12
12131352.0,Flag,WAVED BLUE FLAG FOR CAR 55 (SAI) TIMED AT 16:29:16,,BLUE,Driver,,55.0,57.0,2019,12
12131358.0,Flag,WAVED BLUE FLAG FOR CAR 63 (RUS) TIMED AT 16:29:21,,BLUE,Driver,,63.0,57.0,2019,12
12131388.0,Flag,WAVED BLUE FLAG FOR CAR 99 (GIO) TIMED AT 16:29:51,,BLUE,Driver,,99.0,57.0,2019,12
12131400.0,Flag,WAVED BLUE FLAG FOR CAR 63 (RUS) TIMED AT 16:30:04,,BLUE,Driver,,63.0,57.0,2019,12
12131401.0,Flag,WAVED BLUE FLAG FOR CAR 3 (RIC) TIMED AT 16:30:05,,BLUE,Driver,,3.0,57.0,2019,12
12131413.0,Flag,WAVED BLUE FLAG FOR CAR 23 (ALB) TIMED AT 16:30:16,,BLUE,Driver,,23.0,57.0,2019,12
12131445.0,Flag,WAVED BLUE FLAG FOR CAR 20 (MAG) TIMED AT 16:30:49,,BLUE,Driver,,20.0,58.0,2019,12
12131527.0,Flag,WAVED BLUE FLAG FOR CAR 18 (STR) TIMED AT 16:32:10,,BLUE,Driver,,18.0,59.0,2019,12
12131552.0,Flag,WAVED BLUE FLAG FOR CAR 99 (GIO) TIMED AT 16:32:36,,BLUE,Driver,,99.0,59.0,2019,12
12131566.0,Flag,WAVED BLUE FLAG FOR CAR 63 (RUS) TIMED AT 16:32:49,,BLUE,Driver,,63.0,59.0,2019,12
12131671.0,Flag,WAVED BLUE FLAG FOR CAR 26 (KVY) TIMED AT 16:34:34,,BLUE,Driver,,26.0,61.0,2019,12
12131780.0,Flag,WAVED BLUE FLAG FOR CAR 27 (HUL) TIMED AT 16:36:24,,BLUE,Driver,,27.0,62.0,2019,12
12131781.0,Flag,WAVED BLUE FLAG FOR CAR 88 (KUB) TIMED AT 16:36:24,,BLUE,Driver,,88.0,62.0,2019,12
12131794.0,Flag,WAVED BLUE FLAG FOR CAR 11 (PER) TIMED AT 16:36:37,,BLUE,Driver,,11.0,62.0,2019,12
12131827.0,Flag,WAVED BLUE FLAG FOR CAR 11 (PER) TIMED AT 16:37:11,,BLUE,Driver,,11.0,63.0,2019,12
12131832.0,Flag,WAVED BLUE FLAG FOR CAR 88 (KUB) TIMED AT 16:37:16,,BLUE,Driver,,88.0,63.0,2019,12
12131861.0,Flag,WAVED BLUE FLAG FOR CAR 26 (KVY) TIMED AT 16:37:44,,BLUE,Driver,,26.0,63.0,2019,12
12131870.0,Flag,WAVED BLUE FLAG FOR CAR 88 (KUB) TIMED AT 16:37:54,,BLUE,Driver,,88.0,63.0,2019,12
12131891.0,Flag,WAVED BLUE FLAG FOR CAR 88 (KUB) TIMED AT 16:38:14,,BLUE,Driver,,88.0,63.0,2019,12
12131914.0,Flag,WAVED BLUE FLAG FOR CAR 23 (ALB) TIMED AT 16:38:37,,BLUE,Driver,,23.0,64.0,2019,12
12131965.0,Flag,WAVED BLUE FLAG FOR CAR 88 (KUB) TIMED AT 16:39:29,,BLUE,Driver,,88.0,64.0,2019,12
12131973.0,Flag,WAVED BLUE FLAG FOR CAR 11 (PER) TIMED AT 16:39:36,,BLUE,Driver,,11.0,64.0,2019,12
12132165.0,Other,TURN 1 INCIDENT INVOLVING CARS 11 (PER) AND 23 (ALB) NOTED,,,,,,67.0,2019,12
12132189.0,Flag,WAVED BLUE FLAG FOR CAR 88 (KUB) TIMED AT 16:43:13,,BLUE,Driver,,88.0,67.0,2019,12
12132245.0,Flag,WAVED BLUE FLAG FOR CAR 99 (GIO) TIMED AT 16:44:08,,BLUE,Driver,,99.0,68.0,2019,12
12132351.0,Flag,WAVED BLUE FLAG FOR CAR 26 (KVY) TIMED AT 16:45:54,,BLUE,Driver,,26.0,69.0,2019,12
12132366.0,Flag,WAVED BLUE FLAG FOR CAR 99 (GIO) TIMED AT 16:46:09,,BLUE,Driver,,99.0,69.0,2019,12
12132469.0,Flag,CHEQUERED FLAG,,CHEQUERED,Track,,,70.0,2019,12
12132481.0,Flag,WAVED BLUE FLAG FOR CAR 18 (STR) TIMED AT 16:48:04,,BLUE,Driver,,18.0,70.0,2019,12
12132802.0,Other,TURN 1 INCIDENT INVOLVING CARS 11 (PER) AND 23 (ALB) - NO INVESTIGATION NECESSARY,,,,,,70.0,2019,12
12132826.0,Other,THANKS AGAIN MR TAYLOR,,,,,,70.0,2019,12
14544070.0,Flag,DOUBLE YELLOW IN TRACK SECTOR 12,,DOUBLE YELLOW,Sector,12.0,,1.0,2019,13
14544117.0,Flag,CLEAR IN TRACK SECTOR 12,,CLEAR,Sector,12.0,,1.0,2019,13
14544254.0,Other,RISK OF RAIN FOR F1 RACE IS 40%,,,,,,1.0,2019,13
14545620.0,Drs,DRS DISABLED,DISABLED,,,,,1.0,2019,13
14546003.0,Flag,GREEN LIGHT - PIT EXIT OPEN,,GREEN,Track,,,1.0,2019,13
14546014.0,Flag,YELLOW IN TRACK SECTOR 2,,YELLOW,Sector,2.0,,1.0,2019,13
14546015.0,Flag,DOUBLE YELLOW IN TRACK SECTOR 2,,DOUBLE YELLOW,Sector,2.0,,1.0,2019,13
14546015.0,Flag,CLEAR IN TRACK SECTOR 2,,CLEAR,Sector,2.0,,1.0,2019,13
14546024.0,Flag,CLEAR IN TRACK SECTOR 2,,CLEAR,Sector,2.0,,1.0,2019,13
14546026.0,Flag,YELLOW IN TRACK SECTOR 2,,YELLOW,Sector,2.0,,1.0,2019,13
14546036.0,Flag,YELLOW IN TRACK SECTOR 4,,YELLOW,Sector,4.0,,1.0,2019,13
14546036.0,Flag,CLEAR IN TRACK SECTOR 2,,CLEAR,Sector,2.0,,1.0,2019,13
14546057.0,Flag,DOUBLE YELLOW IN TRACK SECTOR 4,,DOUBLE YELLOW,Sector,4.0,,1.0,2019,13
14546059.0,SafetyCar,SAFETY CAR DEPLOYED,DEPLOYED,,,,,1.0,2019,13
14546107.0,CarEvent,CAR 33 (VER) STOPPED AT TURN 3,,,,,33.0,1.0,2019,13
14546214.0,Flag,DOUBLE YELLOW IN TRACK SECTOR 2,,DOUBLE YELLOW,Sector,2.0,,2.0,2019,13
14546219.0,Flag,DOUBLE YELLOW IN TRACK SECTOR 4,,DOUBLE YELLOW,Sector,4.0,,2.0,2019,13
14546367.0,Flag,CLEAR IN TRACK SECTOR 2,,CLEAR,Sector,2.0,,3.0,2019,13
14546369.0,Flag,CLEAR IN TRACK SECTOR 4,,CLEAR,Sector,4.0,,3.0,2019,13
14546378.0,SafetyCar,SAFETY CAR IN THIS LAP,IN THIS LAP,,,,,3.0,2019,13
14546459.0,SafetyCar,SAFETY CAR DEPLOYED,DEPLOYED,,,,,3.0,2019,13
14546482.0,Flag,DOUBLE YELLOW IN TRACK SECTOR 19,,DOUBLE YELLOW,Sector,19.0,,3.0,2019,13
14546527.0,Flag,CLEAR IN TRACK SECTOR 19,,CLEAR,Sector,19.0,,4.0,2019,13
14546542.0,SafetyCar,SAFETY CAR IN THIS LAP,IN THIS LAP,,,,,4.0,2019,13
14546557.0,CarEvent,CAR 55 (SAI) STOPPED AT TURN 19,,,,,55.0,4.0,2019,13
14546666.0,Flag,TRACK CLEAR,,CLEAR,Track,,,4.0,2019,13
14546791.0,Other,"LAP 1, TURN 1 INCIDENT INVOLVING CARS 7 (RAI) AND 33 (VER) NOTED - NO INVESTIGATION NECESSARY",,,,,,6.0,2019,13
14546824.0,Other,"LAP 1, TURN 1 INCIDENT INVOLVING CARS 3 (RIC) AND 18 (STR) NOTED - NO INVESTIGATION NECESSARY",,,,,,6.0,2019,13
14546880.0,Other,"LAP 1, TURN 1 CARS RUNNING WIDE NOTED - NO INVESTIGATION NECESSARY",,,,,,6.0,2019,13
14546906.0,Drs,DRS ENABLED,ENABLED,,,,,7.0,2019,13
14547202.0,CarEvent,CAR 16 (LEC) MISSED THE APEX OF TURN 6,,,,,16.0,9.0,2019,13
14547251.0,Other,TURN 5 INCIDENT INVOLVING CAR 16 (LEC) NOTED,,,,,,10.0,2019,13
14547334.0,Other,TURN 5 INCIDENT INVOLVING CAR 16 (LEC) - NO INVESTIGATION NECESSARY,,,,,,11.0,2019,13
14548353.0,Other,TURN 5 INCIDENT INVOLVING CARS 10 (GAS) AND 20 (MAG) NOTED,,,,,,20.0,2019,13
14548611.0,Other,BLACK AND WHITE FLAG FOR CAR 10 (GAS) - MOVING UNDER BRAKES AT TURN 5,,,,,,22.0,2019,13
14549646.0,Flag,WAVED BLUE FLAG FOR CAR 63 (RUS) TIMED AT 16:14:10,,BLUE,Driver,,63.0,32.0,2019,13
14550117.0,CarEvent,CAR 5 (VET) MISSED THE APEX OF TURN 5,,,,,5.0,36.0,2019,13
14550150.0,Other,TURN 5 INCIDENT INVOLVING CAR 5 (VET) NOTED - NO INVESTIGATION NECESSARY,,,,,,36.0,2019,13
14550187.0,Flag,WAVED BLUE FLAG FOR CAR 7 (RAI) TIMED AT 16:23:11,,BLUE,Driver,,7.0,37.0,2019,13
14550226.0,Flag,WAVED BLUE FLAG FOR CAR 88 (KUB) TIMED AT 16:23:49,,BLUE,Driver,,88.0,37.0,2019,13
14550354.0,Other,TURN 5 INCIDENT INVOLVING CARS 10 (GAS) AND 99 (GIO) NOTED - NO INVESTIGATION NECESSARY,,,,,,38.0,2019,13
14550609.0,Flag,WAVED BLUE FLAG FOR CAR 63 (RUS) TIMED AT 16:30:12,,BLUE,Driver,,63.0,41.0,2019,13
14550681.0,Flag,WAVED BLUE FLAG FOR CAR 20 (MAG) TIMED AT 16:31:25,,BLUE,Driver,,20.0,41.0,2019,13
14550726.0,Flag,WAVED BLUE FLAG FOR CAR 8 (GRO) TIMED AT 16:32:10,,BLUE,Driver,,8.0,42.0,2019,13
14550745.0,Flag,WAVED BLUE FLAG FOR CAR 3 (RIC) TIMED AT 16:32:28,,BLUE,Driver,,3.0,42.0,2019,13
14550751.0,Flag,WAVED BLUE FLAG FOR CAR 20 (MAG) TIMED AT 16:32:35,,BLUE,Driver,,20.0,42.0,2019,13
14550776.0,Flag,WAVED BLUE FLAG FOR CAR 3 (RIC) TIMED AT 16:32:59,,BLUE,Driver,,3.0,42.0,2019,13
14550801.0,Other,TURN 5 INCIDENT INVOLVING CARS 8 (GRO) AND 18 (STR) NOTED - NO INVESTIGATION NECESSARY,,,,,,42.0,2019,13
14550876.0,Flag,WAVED BLUE FLAG FOR CAR 3 (RIC) TIMED AT 16:34:39,,BLUE,Driver,,3.0,43.0,2019,13
14550972.0,Flag,YELLOW IN TRACK SECTOR 12,,YELLOW,Sector,12.0,,44.0,2019,13
14550974.0,CarEvent,CAR 10 (GAS) MISSED THE APEX OF TURN 5,,,,,10.0,44.0,2019,13
14550990.0,Flag,DOUBLE YELLOW IN TRACK SECTOR 12,,DOUBLE YELLOW,Sector,12.0,,44.0,2019,13
14550990.0,Flag,WAVED BLUE FLAG FOR CAR 18 (STR) TIMED AT 16:36:34,,BLUE,Driver,,18.0,44.0,2019,13
14550994.0,Flag,DOUBLE YELLOW IN TRACK SECTOR 11,,DOUBLE YELLOW,Sector,11.0,,44.0,2019,13
14551017.0,Flag,WAVED BLUE FLAG FOR CAR 8 (GRO) TIMED AT 16:37:01,,BLUE,Driver,,8.0,44.0,2019,13
14551028.0,Flag,CHEQUERED FLAG,,CHEQUERED,Track,,,44.0,2019,13
14551033.0,Flag,DOUBLE YELLOW IN TRACK SECTOR 2,,DOUBLE YELLOW,Sector,2.0,,44.0,2019,13
14551177.0,Flag,CLEAR IN TRACK SECTOR 2,,CLEAR,Sector,2.0,,44.0,2019,13
14551298.0,Other,TURN 5 INCIDENT ON FINAL LAP INVOLVING CARS 23 (ALB) AND 11 (PER) NOTED,,,,,,44.0,2019,13
14551414.0,Flag,DOUBLE YELLOW IN TRACK SECTOR 19,,DOUBLE YELLOW,Sector,19.0,,44.0,2019,13
14551504.0,Other,TURN 5 INCIDENT INVOLVING CARS 23 (ALB) AND 11 (PER) UNDER INVESTIGATION,,,,,,44.0,2019,13
15149700.0,Other,RISK OF RAIN FOR F1 RACE IS 10%,,,,,,1.0,2019,14
15150423.0,Drs,DRS DISABLED,DISABLED,,,,,1.0,2019,14
15150797.0,Flag,GREEN LIGHT - PIT EXIT OPEN,,GREEN,Track,,,1.0,2019,14
15150814.0,Flag,DOUBLE YELLOW IN TRACK SECTOR 3,,DOUBLE YELLOW,Sector,3.0,,1.0,2019,14
15150817.0,Flag,CLEAR IN TRACK SECTOR 3,,CLEAR,Sector,3.0,,1.0,2019,14
15150987.0,Other,"TURN 1 INCIDENT INVOLVING CARS 7 (RAI),11 (PER),33 (VER) AND 8 (GRO) NOTED",,,,,,3.0,2019,14
15150988.0,Drs,DRS ENABLED,ENABLED,,,,,3.0,2019,14
15151023.0,Flag,YELLOW IN TRACK SECTOR 8,,YELLOW,Sector,8.0,,3.0,2019,14
15151027.0,Flag,CLEAR IN TRACK SECTOR 8,,CLEAR,Sector,8.0,,3.0,2019,14
15151070.0,Other,TURN 7 INCIDENT INVOLVING CARS 23 (ALB) AND 55 (SAI) NOTED,,,,,,4.0,2019,14
15151264.0,Other,TURN 6 INCIDENT INVOLVING CARS 23 (ALB) AND 55 (SAI) - NO INVESTIGATION NECESSARY,,,,,,6.0,2019,14
15151292.0,Flag,DOUBLE YELLOW IN TRACK SECTOR 13,,DOUBLE YELLOW,Sector,13.0,,6.0,2019,14
15151313.0,Flag,CLEAR IN TRACK SECTOR 13,,CLEAR,Sector,13.0,,7.0,2019,14
15151329.0,CarEvent,CAR 5 (VET) SPUN AND CONTINUED AT TURN 9,,,,,5.0,7.0,2019,14
15151369.0,Other,TURN 9 INCIDENT INVOLVING CARS 5 (VET) AND 18 (STR) NOTED - CAUSING A COLLISION,,,,,,7.0,2019,14
15151446.0,Other,TURN 9 INCIDENT INVOLVING CARS 5 (VET) AND 18 (STR) UNDER INVESTIGATION - RETURNING TO THE TRACK IN AN UNSAFE MANNER,,,,,,8.0,2019,14
15151454.0,CarEvent,CAR 8 (GRO) SPUN AND CONTINUED AT TURN 10,,,,,8.0,8.0,2019,14
15151476.0,CarEvent,CAR 23 (ALB) MISSED THE APEX OF TURN 5,,,,,23.0,8.0,2019,14
15151615.0,Other,TURN 5 INCIDENT INVOLVING CARS 23 (ALB) AND 20 (MAG) NOTED,,,,,,10.0,2019,14
15151788.0,Other,10 SECOND STOP/GO PENALTY FOR CAR 5 (VET) - RETURNING TO THE TRACK IN AN UNSAFE MANNER,,,,,,12.0,2019,14
15151854.0,Other,INCIDENT INVOLVING CAR 7 (RAI) UNDER INVESTIGATION - STARTING THE RACE ON INCORRECT TYRES,,,,,,13.0,2019,14
15152002.0,Other,DRIVE THROUGH PENALTY FOR CAR 18 (STR) - REJOINING THE TRACK IN AN UNSAFE MANNER,,,,,,15.0,2019,14
15152273.0,Other,5 SECOND TIME PENALTY FOR CAR 23 (ALB) - LEAVING THE TRACK AND GAINING A LASTING ADVANTAGE,,,,,,18.0,2019,14
15152393.0,Other,10 SECOND STOP/GO PENALTY FOR CAR 7 (RAI) - STARTING THE RACE ON INCORRECT TYRES,,,,,,19.0,2019,14
15152409.0,Other,CAR 4 (NOR) TIME 1:26.102 DELETED - TRACK LIMITS AT TURN 11,,,,,,19.0,2019,14
15152416.0,Other,CAR 4 (NOR) TIME 1:26.181 DELETED - TRACK LIMITS AT TURN 11,,,,,,20.0,2019,14
15152434.0,Flag,WAVED BLUE FLAG FOR CAR 8 (GRO) TIMED AT 15:40:38,,BLUE,Driver,,8.0,20.0,2019,14
15152482.0,Flag,WAVED BLUE FLAG FOR CAR 8 (GRO) TIMED AT 15:41:25,,BLUE,Driver,,8.0,20.0,2019,14
15152587.0,Flag,WAVED BLUE FLAG FOR CAR 7 (RAI) TIMED AT 15:43:10,,BLUE,Driver,,7.0,22.0,2019,14
15152728.0,Flag,WAVED BLUE FLAG FOR CAR 16 (LEC) TIMED AT 15:45:31,,BLUE,Driver,,16.0,23.0,2019,14
15152740.0,CarEvent,CAR 44 (HAM) MISSED THE APEX OF TURN 5,,,,,44.0,23.0,2019,14
15152747.0,CarEvent,CAR 27 (HUL) MISSED THE APEX OF TURN 5,,,,,27.0,23.0,2019,14
15152768.0,Other,BLACK AND WHITE FLAG FOR CAR 16 (LEC),,,,,,24.0,2019,14
15153105.0,Flag,WAVED BLUE FLAG FOR CAR 8 (GRO) TIMED AT 15:51:49,,BLUE,Driver,,8.0,28.0,2019,14
15153174.0,Flag,YELLOW IN TRACK SECTOR 2,,YELLOW,Sector,2.0,,28.0,2019,14
15153197.0,Other,CAR 55 (SAI) STOPPED AT PIT EXIT,,,,,,29.0,2019,14
15153204.0,SafetyCar,VIRTUAL SAFETY CAR DEPLOYED,DEPLOYED,,,,,29.0,2019,14
15153245.0,SafetyCar,VIRTUAL SAFETY CAR ENDING,ENDING,,,,,29.0,2019,14
15153258.0,Flag,TRACK CLEAR,,CLEAR,Track,,,29.0,2019,14
15153258.0,Flag,CLEAR IN TRACK SECTOR 2,,CLEAR,Sector,2.0,,29.0,2019,14
15153259.0,Drs,DRS ENABLED,ENABLED,,,,,29.0,2019,14
15153320.0,Flag,WAVED BLUE FLAG FOR CAR 8 (GRO) TIMED AT 15:55:23,,BLUE,Driver,,8.0,30.0,2019,14
15153374.0,Flag,YELLOW IN TRACK SECTOR 4,,YELLOW,Sector,4.0,,30.0,2019,14
15153374.0,Flag,YELLOW IN TRACK SECTOR 3,,YELLOW,Sector,3.0,,30.0,2019,14
15153387.0,SafetyCar,VIRTUAL SAFETY CAR DEPLOYED,DEPLOYED,,,,,31.0,2019,14
15153402.0,CarEvent,CAR 26 (KVY) STOPPED AT TURN 2,,,,,26.0,31.0,2019,14
15153451.0,SafetyCar,VIRTUAL SAFETY CAR ENDING,ENDING,,,,,31.0,2019,14
15153466.0,Flag,TRACK CLEAR,,CLEAR,Track,,,31.0,2019,14
15153466.0,Flag,CLEAR IN TRACK SECTOR 3,,CLEAR,Sector,3.0,,31.0,2019,14
15153466.0,Flag,CLEAR IN TRACK SECTOR 4,,CLEAR,Sector,4.0,,31.0,2019,14
15153468.0,Drs,DRS ENABLED,ENABLED,,,,,31.0,2019,14
15153481.0,Flag,WAVED BLUE FLAG FOR CAR 7 (RAI) TIMED AT 15:58:05,,BLUE,Driver,,7.0,31.0,2019,14
15153498.0,Flag,WAVED BLUE FLAG FOR CAR 7 (RAI) TIMED AT 15:58:21,,BLUE,Driver,,7.0,32.0,2019,14
15153606.0,Flag,WAVED BLUE FLAG FOR CAR 5 (VET) TIMED AT 16:00:09,,BLUE,Driver,,5.0,33.0,2019,14
15153635.0,Flag,WAVED BLUE FLAG FOR CAR 63 (RUS) TIMED AT 16:00:38,,BLUE,Driver,,63.0,33.0,2019,14
15153646.0,Flag,WAVED BLUE FLAG FOR CAR 88 (KUB) TIMED AT 16:00:50,,BLUE,Driver,,88.0,33.0,2019,14
15153731.0,Flag,WAVED BLUE FLAG FOR CAR 63 (RUS) TIMED AT 16:02:15,,BLUE,Driver,,63.0,34.0,2019,14
15153769.0,CarEvent,CAR 20 (MAG) MISSED THE APEX OF TURN 5,,,,,20.0,35.0,2019,14
15153821.0,Flag,WAVED BLUE FLAG FOR CAR 5 (VET) TIMED AT 16:03:44,,BLUE,Driver,,5.0,35.0,2019,14
15153911.0,Other,TURN 2 INCIDENT INVOLVING CAR 16 (LEC) NOTED - MISSING THE APEX,,,,,,37.0,2019,14
15153975.0,Other,TURN 2 INCIDENT INVOLVING CAR 16 (LEC) NOTED - NO INVESTIGATION NECESSARY,,,,,,37.0,2019,14
15154261.0,Other,CAR 55 (SAI) BEING RELEASED IN AN UNSAFE CONDITION WILL BE INVESTIGATED AFTER THE RACE,,,,,,41.0,2019,14
15154319.0,Flag,WAVED BLUE FLAG FOR CAR 8 (GRO) TIMED AT 16:12:02,,BLUE,Driver,,8.0,41.0,2019,14
15154347.0,Flag,WAVED BLUE FLAG FOR CAR 88 (KUB) TIMED AT 16:12:30,,BLUE,Driver,,88.0,42.0,2019,14
15154352.0,Flag,WAVED BLUE FLAG FOR CAR 18 (STR) TIMED AT 16:12:35,,BLUE,Driver,,18.0,42.0,2019,14
15154390.0,Flag,WAVED BLUE FLAG FOR CAR 18 (STR) TIMED AT 16:13:14,,BLUE,Driver,,18.0,42.0,2019,14
15154404.0,Flag,WAVED BLUE FLAG FOR CAR 18 (STR) TIMED AT 16:13:28,,BLUE,Driver,,18.0,42.0,2019,14
15154457.0,Flag,WAVED BLUE FLAG FOR CAR 8 (GRO) TIMED AT 16:14:21,,BLUE,Driver,,8.0,43.0,2019,14
15154473.0,Flag,WAVED BLUE FLAG FOR CAR 88 (KUB) TIMED AT 16:14:37,,BLUE,Driver,,88.0,43.0,2019,14
15154665.0,Flag,WAVED BLUE FLAG FOR CAR 88 (KUB) TIMED AT 16:17:49,,BLUE,Driver,,88.0,46.0,2019,14
15154706.0,Flag,WAVED BLUE FLAG FOR CAR 5 (VET) TIMED AT 16:18:29,,BLUE,Driver,,5.0,46.0,2019,14
15154727.0,Flag,WAVED BLUE FLAG FOR CAR 88 (KUB) TIMED AT 16:18:51,,BLUE,Driver,,88.0,46.0,2019,14
15154755.0,Flag,WAVED BLUE FLAG FOR CAR 88 (KUB) TIMED AT 16:19:19,,BLUE,Driver,,88.0,47.0,2019,14
15154879.0,Flag,WAVED BLUE FLAG FOR CAR 10 (GAS) TIMED AT 16:21:23,,BLUE,Driver,,10.0,48.0,2019,14
15154893.0,Flag,WAVED BLUE FLAG FOR CAR 8 (GRO) TIMED AT 16:21:37,,BLUE,Driver,,8.0,48.0,2019,14
15154902.0,Flag,WAVED BLUE FLAG FOR CAR 8 (GRO) TIMED AT 16:21:45,,BLUE,Driver,,8.0,48.0,2019,14
15154907.0,Flag,WAVED BLUE FLAG FOR CAR 7 (RAI) TIMED AT 16:21:50,,BLUE,Driver,,7.0,48.0,2019,14
15154918.0,Flag,WAVED BLUE FLAG FOR CAR 10 (GAS) TIMED AT 16:22:01,,BLUE,Driver,,10.0,49.0,2019,14
15154937.0,Flag,WAVED BLUE FLAG FOR CAR 7 (RAI) TIMED AT 16:22:21,,BLUE,Driver,,7.0,49.0,2019,14
15155048.0,Flag,WAVED BLUE FLAG FOR CAR 4 (NOR) TIMED AT 16:24:11,,BLUE,Driver,,4.0,50.0,2019,14
15155082.0,Flag,WAVED BLUE FLAG FOR CAR 4 (NOR) TIMED AT 16:24:46,,BLUE,Driver,,4.0,51.0,2019,14
15155249.0,Flag,WAVED BLUE FLAG FOR CAR 99 (GIO) TIMED AT 16:27:32,,BLUE,Driver,,99.0,53.0,2019,14
15155322.0,Flag,CHEQUERED FLAG,,CHEQUERED,Track,,,53.0,2019,14
16355703.0,Other,RISK OF RAIN FOR F1 RACE IS 10%,,,,,,1.0,2019,15
16356420.0,Drs,DRS DISABLED,DISABLED,,,,,1.0,2019,15
16356817.0,Flag,GREEN LIGHT - PIT EXIT OPEN,,GREEN,Track,,,1.0,2019,15
16356929.0,Other,TURN 1 INCIDENT INVOLVING CAR 8 (GRO) NOTED,,,,,,2.0,2019,15
16357035.0,Other,"LAP 1, TURN 5 INCIDENT INVOLVING CARS 27 (HUL) AND 55 (SAI) NOTED",,,,,,2.0,2019,15
16357041.0,Drs,DRS ENABLED,ENABLED,,,,,3.0,2019,15
16357061.0,Flag,WAVED BLUE FLAG FOR CAR 55 (SAI) TIMED AT 20:17:44,,BLUE,Driver,,55.0,3.0,2019,15
16357100.0,Flag,WAVED BLUE FLAG FOR CAR 55 (SAI) TIMED AT 20:18:24,,BLUE,Driver,,55.0,3.0,2019,15
16357117.0,Flag,WAVED BLUE FLAG FOR CAR 55 (SAI) TIMED AT 20:18:41,,BLUE,Driver,,55.0,3.0,2019,15
16357502.0,Flag,WAVED BLUE FLAG FOR CAR 55 (SAI) TIMED AT 20:25:06,,BLUE,Driver,,55.0,7.0,2019,15
16357561.0,Other,TURN 5 INCIDENT INVOLVING CARS 27 (HUL) AND 55 (SAI) - NO FURTHER ACTION ,,,,,,7.0,2019,15
16357788.0,Other,"LAP 1, TURN 1 INCIDENT INVOLVING CAR 8 (GRO) - NO INVESTIGATION NECESSARY",,,,,,9.0,2019,15
16358204.0,Flag,WAVED BLUE FLAG FOR CAR 55 (SAI) TIMED AT 20:36:47,,BLUE,Driver,,55.0,13.0,2019,15
16359100.0,Flag,WAVED BLUE FLAG FOR CAR 55 (SAI) TIMED AT 20:51:44,,BLUE,Driver,,55.0,21.0,2019,15
16359137.0,Flag,WAVED BLUE FLAG FOR CAR 55 (SAI) TIMED AT 20:52:20,,BLUE,Driver,,55.0,22.0,2019,15
16359202.0,Flag,WAVED BLUE FLAG FOR CAR 55 (SAI) TIMED AT 20:53:25,,BLUE,Driver,,55.0,22.0,2019,15
16360107.0,Other,TURN 7 INCIDENT INVOLVING CARS 5 (VET) AND 10 (GAS) NOTED,,,,,,31.0,2019,15
16360156.0,Other,TURN 7 INCIDENT INVOLVING CARS 5 (VET) AND 10 (GAS) - NO INVESTIGATION NECESSARY,,,,,,31.0,2019,15
16360514.0,Other,TURN 7 INCIDENT INVOLVING CARS 3 (RIC) AND 99 (GIO) NOTED,,,,,,34.0,2019,15
16360635.0,Flag,YELLOW IN TRACK SECTOR 7,,YELLOW,Sector,7.0,,35.0,2019,15
16360637.0,Flag,DOUBLE YELLOW IN TRACK SECTOR 7,,DOUBLE YELLOW,Sector,7.0,,36.0,2019,15
16360669.0,Flag,YELLOW IN TRACK SECTOR 6,,YELLOW,Sector,6.0,,36.0,2019,15
16360718.0,SafetyCar,SAFETY CAR DEPLOYED,DEPLOYED,,,,,36.0,2019,15
16360957.0,Other,CRANE ON TRACK AT TURN 8,,,,,,38.0,2019,15
16361172.0,Other,LAPPED CARS MAY NOW OVERTAKE - 55,,,,,,39.0,2019,15
16361221.0,Flag,CLEAR IN TRACK SECTOR 6,,CLEAR,Sector,6.0,,39.0,2019,15
16361276.0,Flag,CLEAR IN TRACK SECTOR 7,,CLEAR,Sector,7.0,,40.0,2019,15
16361284.0,SafetyCar,SAFETY CAR IN THIS LAP,IN THIS LAP,,,,,40.0,2019,15
16361413.0,Flag,TRACK CLEAR,,CLEAR,Track,,,40.0,2019,15
16361488.0,Other,TURN 8 INCIDENT INVOLVING CARS 8 (GRO) AND 63 (RUS) NOTED,,,,,,41.0,2019,15
16361557.0,Other,TURN 7 INCIDENT INVOLVING CARS 3 (RIC) AND 99 (GIO) - NO INVESTIGATION NECESSARY,,,,,,42.0,2019,15
16361618.0,Other,TURN 8 INCIDENT INVOLVING CARS 8 (GRO) AND 63 (RUS) UNDER INVESTIGATION,,,,,,42.0,2019,15
16361644.0,Drs,DRS ENABLED,ENABLED,,,,,43.0,2019,15
16361669.0,Other,TURN 8 INCIDENT INVOLVING CAR 99 (GIO) WILL BE INVESTIGATED AFTER THE RACE,,,,,,43.0,2019,15
16361728.0,Other,TURN 8 INCIDENT INVOLVING CARS 8 (GRO) AND 63 (RUS) WILL BE INVESTIGATED AFTER THE RACE,,,,,,43.0,2019,15
16361758.0,Flag,YELLOW IN TRACK SECTOR 11,,YELLOW,Sector,11.0,,44.0,2019,15
16361805.0,SafetyCar,SAFETY CAR DEPLOYED,DEPLOYED,,,,,44.0,2019,15
16361928.0,Other,CRANE ON TRACK BEFORE TURN 14,,,,,,45.0,2019,15
16362198.0,Flag,CLEAR IN TRACK SECTOR 11,,CLEAR,Sector,11.0,,46.0,2019,15
16362228.0,SafetyCar,SAFETY CAR IN THIS LAP,IN THIS LAP,,,,,47.0,2019,15
16362358.0,Flag,TRACK CLEAR,,CLEAR,Track,,,47.0,2019,15
16362589.0,Drs,DRS ENABLED,ENABLED,,,,,50.0,2019,15
16362608.0,Flag,YELLOW IN TRACK SECTOR 2,,YELLOW,Sector,2.0,,50.0,2019,15
16362609.0,Flag,CLEAR IN TRACK SECTOR 2,,CLEAR,Sector,2.0,,50.0,2019,15
16362611.0,Flag,DOUBLE YELLOW IN TRACK SECTOR 2,,DOUBLE YELLOW,Sector,2.0,,50.0,2019,15
16362658.0,SafetyCar,SAFETY CAR DEPLOYED,DEPLOYED,,,,,50.0,2019,15
16362815.0,SafetyCar,SAFETY CAR IN THIS LAP,IN THIS LAP,,,,,51.0,2019,15
16362831.0,Flag,CLEAR IN TRACK SECTOR 2,,CLEAR,Sector,2.0,,51.0,2019,15
16362868.0,Flag,TRACK CLEAR,,CLEAR,Track,,,51.0,2019,15
16362940.0,Other,TURN 1 INCIDENT INVOLVING CARS 7 (RAI) AND 26 (KVY) WILL BE INVESTIGATED AFTER THE RACE,,,,,,52.0,2019,15
16363093.0,Drs,DRS ENABLED,ENABLED,,,,,54.0,2019,15
16363930.0,Flag,CHEQUERED FLAG,,CHEQUERED,Track,,,61.0,2019,15
16364424.0,Flag,DOUBLE YELLOW IN TRACK SECTOR 4,,DOUBLE YELLOW,Sector,4.0,,61.0,2019,15
16364436.0,Flag,CLEAR IN TRACK SECTOR 4,,CLEAR,Sector,4.0,,61.0,2019,15
16956777.0,Other,RISK OF RAIN FOR F1 RACE IS 20%,,,,,,1.0,2019,16
16957621.0,Drs,DRS DISABLED,DISABLED,,,,,1.0,2019,16
16958004.0,Flag,GREEN LIGHT - PIT EXIT OPEN,,GREEN,Track,,,1.0,2019,16
16958041.0,Flag,DOUBLE YELLOW IN TRACK SECTOR 7,,DOUBLE YELLOW,Sector,7.0,,1.0,2019,16
16958047.0,Flag,YELLOW IN TRACK SECTOR 6,,YELLOW,Sector,6.0,,1.0,2019,16
16958058.0,SafetyCar,SAFETY CAR DEPLOYED,DEPLOYED,,,,,1.0,2019,16
16958381.0,SafetyCar,SAFETY CAR IN THIS LAP,IN THIS LAP,,,,,3.0,2019,16
16958384.0,Flag,CLEAR IN TRACK SECTOR 7,,CLEAR,Sector,7.0,,3.0,2019,16
16958386.0,Flag,CLEAR IN TRACK SECTOR 6,,CLEAR,Sector,6.0,,3.0,2019,16
16958411.0,Other,"TURN 4 INCIDENT INVOLVING CARS 3 (RIC), 99 (GIO) AND 8 (GRO) NOTED",,,,,,3.0,2019,16
16958441.0,Flag,TRACK CLEAR,,CLEAR,Track,,,3.0,2019,16
16958570.0,Other,"TURN 4 INCIDENT INVOLVING CARS 3 (RIC),99 (GIO)  AND 8 (GRO) - NO INVESTIGATION NECESSARY",,,,,,5.0,2019,16
16958629.0,Other,INCIDENT INVOLVING CAR 7 (RAI) UNDER INVESTIGATION - FALSE START,,,,,,5.0,2019,16
16958648.0,Drs,DRS ENABLED,ENABLED,,,,,5.0,2019,16
16958955.0,Other,CAR 23 (ALB) MISSED THE APEX OF TURN 2 NOTED - NO LASTING ADVANTAGE GAINED,,,,,,9.0,2019,16
16958978.0,Other,DRIVE THROUGH PENALTY FOR CAR 7 (RAI) - FALSE START,,,,,,9.0,2019,16
16960217.0,Other,TURN 2 INCIDENT INVOLVING CARS 27 (HUL) AND 99 (GIO) NOTED,,,,,,21.0,2019,16
16960247.0,Flag,WAVED BLUE FLAG FOR CAR 88 (KUB) TIMED AT 14:50:50,,BLUE,Driver,,88.0,22.0,2019,16
16960379.0,Flag,WAVED BLUE FLAG FOR CAR 88 (KUB) TIMED AT 14:53:03,,BLUE,Driver,,88.0,23.0,2019,16
16960566.0,Other,BLACK AND WHITE FLAG FOR CAR 27 (HUL),,,,,,25.0,2019,16
16960657.0,Flag,WAVED BLUE FLAG FOR CAR 88 (KUB) TIMED AT 14:57:40,,BLUE,Driver,,88.0,26.0,2019,16
16960792.0,Flag,WAVED BLUE FLAG FOR CAR 88 (KUB) TIMED AT 14:59:56,,BLUE,Driver,,88.0,27.0,2019,16
16960845.0,Flag,DOUBLE YELLOW IN TRACK SECTOR 17,,DOUBLE YELLOW,Sector,17.0,,28.0,2019,16
16960846.0,Flag,YELLOW IN TRACK SECTOR 17,,YELLOW,Sector,17.0,,28.0,2019,16
16960856.0,Flag,DOUBLE YELLOW IN TRACK SECTOR 16,,DOUBLE YELLOW,Sector,16.0,,28.0,2019,16
16960857.0,Flag,DOUBLE YELLOW IN TRACK SECTOR 17,,DOUBLE YELLOW,Sector,17.0,,28.0,2019,16
16960868.0,CarEvent,CAR 5 (VET) STOPPED AT TURN 15,,,,,5.0,28.0,2019,16
16960876.0,SafetyCar,VIRTUAL SAFETY CAR DEPLOYED,DEPLOYED,,,,,28.0,2019,16
16961002.0,Flag,CLEAR IN TRACK SECTOR 16,,CLEAR,Sector,16.0,,29.0,2019,16
16961004.0,Flag,CLEAR IN TRACK SECTOR 17,,CLEAR,Sector,17.0,,29.0,2019,16
16961006.0,SafetyCar,VIRTUAL SAFETY CAR ENDING,ENDING,,,,,29.0,2019,16
16961016.0,Flag,TRACK CLEAR,,CLEAR,Track,,,29.0,2019,16
16961024.0,Drs,DRS ENABLED,ENABLED,,,,,29.0,2019,16
16961029.0,Flag,YELLOW IN TRACK SECTOR 11,,YELLOW,Sector,11.0,,29.0,2019,16
16961065.0,SafetyCar,SAFETY CAR DEPLOYED,DEPLOYED,,,,,29.0,2019,16
16961105.0,CarEvent,CAR 63 (RUS) STOPPED AT TURN 8,,,,,63.0,30.0,2019,16
16961313.0,Other,LAPPED CARS MAY NOW OVERTAKE - CAR 7 (RAI),,,,,,31.0,2019,16
16961343.0,Flag,CLEAR IN TRACK SECTOR 11,,CLEAR,Sector,11.0,,31.0,2019,16
16961514.0,SafetyCar,SAFETY CAR IN THIS LAP,IN THIS LAP,,,,,32.0,2019,16
16961575.0,Flag,TRACK CLEAR,,CLEAR,Track,,,32.0,2019,16
16961775.0,Drs,DRS ENABLED,ENABLED,,,,,34.0,2019,16
16961827.0,Other,TURN 4 INCIDENT INVOLVING CARS 27 (HUL) AND 18 (STR) NOTED ,,,,,,35.0,2019,16
16961859.0,Other,TURN 2 INCIDENT INVOLVING CAR 26 (KVY) NOTED,,,,,,35.0,2019,16
16961956.0,Other,TURN 4 INCIDENT INVOLVING CARS 27 (HUL) AND 18 (STR) - NO INVESTIGATION NECESSARY,,,,,,36.0,2019,16
16962011.0,Other,TURN 2 INCIDENT INVOLVING CAR 26 (KVY) - NO INVESTIGATION NECESSARY,,,,,,37.0,2019,16
16962796.0,Other,TURN 2 INCIDENT INVOLVING CAR 20 (MAG) NOTED,,,,,,45.0,2019,16
16962927.0,Other,5 SECOND TIME PENALTY FOR CAR 20 (MAG) - LEAVING THE TRACK AT TURN 2,,,,,,46.0,2019,16
16963620.0,Flag,CHEQUERED FLAG,,CHEQUERED,Track,,,53.0,2019,16
18144905.0,Other,RISK OF RAIN FOR F1 RACE IS 0%,,,,,,1.0,2019,17
18145621.0,Drs,DRS DISABLED,DISABLED,,,,,1.0,2019,17
18146010.0,Flag,GREEN LIGHT - PIT EXIT OPEN,,GREEN,Track,,,1.0,2019,17
18146172.0,Other,TURN 2 INCIDENT INVOLVING CARS 16 (LEC) AND 33 (VER) NOTED - NO INVESTIGATION NECESSARY,,,,,,2.0,2019,17
18146211.0,Drs,DRS ENABLED,ENABLED,,,,,3.0,2019,17
18146318.0,Flag,YELLOW IN TRACK SECTOR 12,,YELLOW,Sector,12.0,,4.0,2019,17
18146330.0,Flag,CLEAR IN TRACK SECTOR 12,,CLEAR,Sector,12.0,,4.0,2019,17
18146533.0,Other,TURN 16 INCIDENT INVOLVING CARS 4 (NOR) AND 23 (ALB) NOTED,,,,,,6.0,2019,17
18146631.0,Other,"LAP 1, TURN 2 INCIDENT INVOLVING CARS 16 (LEC) AND 33 (VER) NOW UNDER INVESTIGATION - CAUSING A COLLISION",,,,,,7.0,2019,17
18146827.0,Other,INCIDENT INVOLVING CAR 5 (VET) UNDER INVESTIGATION - FALSE START,,,,,,9.0,2019,17
18147234.0,Other,INCIDENT INVOLVING AN ALLEGED FALSE START FOR CAR 5 (VET) - NO FURTHER ACTION,,,,,,13.0,2019,17
18147765.0,Other,"LAP 1, TURN 2 INCIDENT INVOLVING CARS 16 (LEC) AND 33 (VER) WILL BE INVESTIGATED AFTER THE RACE",,,,,,19.0,2019,17
18148052.0,Other,TURN 16 INCIDENT INVOLVING CARS 4 (NOR) AND 23 (ALB) - NO FURTHER ACTION ,,,,,,22.0,2019,17
18148053.0,Flag,WAVED BLUE FLAG FOR CAR 88 (KUB) TIMED AT 14:47:37,,BLUE,Driver,,88.0,22.0,2019,17
18148088.0,Flag,WAVED BLUE FLAG FOR CAR 27 (HUL) TIMED AT 14:48:12,,BLUE,Driver,,27.0,22.0,2019,17
18148238.0,Flag,WAVED BLUE FLAG FOR CAR 88 (KUB) TIMED AT 14:50:42,,BLUE,Driver,,88.0,24.0,2019,17
18148493.0,Flag,WAVED BLUE FLAG FOR CAR 4 (NOR) TIMED AT 14:54:56,,BLUE,Driver,,4.0,27.0,2019,17
18148645.0,Flag,WAVED BLUE FLAG FOR CAR 20 (MAG) TIMED AT 14:57:29,,BLUE,Driver,,20.0,28.0,2019,17
18148705.0,Flag,WAVED BLUE FLAG FOR CAR 7 (RAI) TIMED AT 14:58:28,,BLUE,Driver,,7.0,29.0,2019,17
18148722.0,Flag,WAVED BLUE FLAG FOR CAR 88 (KUB) TIMED AT 14:58:45,,BLUE,Driver,,88.0,29.0,2019,17
18148756.0,Flag,WAVED BLUE FLAG FOR CAR 99 (GIO) TIMED AT 14:59:19,,BLUE,Driver,,99.0,29.0,2019,17
18148783.0,Flag,WAVED BLUE FLAG FOR CAR 99 (GIO) TIMED AT 14:59:47,,BLUE,Driver,,99.0,30.0,2019,17
18148820.0,Flag,WAVED BLUE FLAG FOR CAR 88 (KUB) TIMED AT 15:00:23,,BLUE,Driver,,88.0,30.0,2019,17
18148836.0,Flag,WAVED BLUE FLAG FOR CAR 88 (KUB) TIMED AT 15:00:40,,BLUE,Driver,,88.0,30.0,2019,17
18148944.0,Flag,WAVED BLUE FLAG FOR CAR 8 (GRO) TIMED AT 15:02:27,,BLUE,Driver,,8.0,31.0,2019,17
18148952.0,Flag,WAVED BLUE FLAG FOR CAR 8 (GRO) TIMED AT 15:02:36,,BLUE,Driver,,8.0,32.0,2019,17
18148989.0,Flag,WAVED BLUE FLAG FOR CAR 88 (KUB) TIMED AT 15:03:12,,BLUE,Driver,,88.0,32.0,2019,17
18149035.0,Flag,WAVED BLUE FLAG FOR CAR 88 (KUB) TIMED AT 15:03:58,,BLUE,Driver,,88.0,32.0,2019,17
18149040.0,Flag,WAVED BLUE FLAG FOR CAR 63 (RUS) TIMED AT 15:04:03,,BLUE,Driver,,63.0,33.0,2019,17
18149050.0,Flag,WAVED BLUE FLAG FOR CAR 26 (KVY) TIMED AT 15:04:13,,BLUE,Driver,,26.0,33.0,2019,17
18149051.0,Flag,WAVED BLUE FLAG FOR CAR 20 (MAG) TIMED AT 15:04:15,,BLUE,Driver,,20.0,33.0,2019,17
18149061.0,Flag,WAVED BLUE FLAG FOR CAR 88 (KUB) TIMED AT 15:04:24,,BLUE,Driver,,88.0,33.0,2019,17
18149143.0,Flag,WAVED BLUE FLAG FOR CAR 4 (NOR) TIMED AT 15:05:46,,BLUE,Driver,,4.0,34.0,2019,17
18149145.0,Flag,WAVED BLUE FLAG FOR CAR 26 (KVY) TIMED AT 15:05:49,,BLUE,Driver,,26.0,34.0,2019,17
18149215.0,Flag,WAVED BLUE FLAG FOR CAR 4 (NOR) TIMED AT 15:06:59,,BLUE,Driver,,4.0,34.0,2019,17
18149219.0,Flag,WAVED BLUE FLAG FOR CAR 88 (KUB) TIMED AT 15:07:03,,BLUE,Driver,,88.0,34.0,2019,17
18149222.0,Flag,WAVED BLUE FLAG FOR CAR 88 (KUB) TIMED AT 15:07:06,,BLUE,Driver,,88.0,34.0,2019,17
18149240.0,Flag,WAVED BLUE FLAG FOR CAR 26 (KVY) TIMED AT 15:07:23,,BLUE,Driver,,26.0,35.0,2019,17
18149240.0,Flag,WAVED BLUE FLAG FOR CAR 4 (NOR) TIMED AT 15:07:24,,BLUE,Driver,,4.0,35.0,2019,17
18149247.0,Flag,WAVED BLUE FLAG FOR CAR 7 (RAI) TIMED AT 15:07:30,,BLUE,Driver,,7.0,35.0,2019,17
18149251.0,Flag,WAVED BLUE FLAG FOR CAR 88 (KUB) TIMED AT 15:07:35,,BLUE,Driver,,88.0,35.0,2019,17
18149253.0,Flag,WAVED BLUE FLAG FOR CAR 4 (NOR) TIMED AT 15:07:37,,BLUE,Driver,,4.0,35.0,2019,17
18149319.0,Flag,WAVED BLUE FLAG FOR CAR 99 (GIO) TIMED AT 15:08:43,,BLUE,Driver,,99.0,36.0,2019,17
18149405.0,Flag,WAVED BLUE FLAG FOR CAR 8 (GRO) TIMED AT 15:10:08,,BLUE,Driver,,8.0,36.0,2019,17
18149410.0,Flag,WAVED BLUE FLAG FOR CAR 3 (RIC) TIMED AT 15:10:14,,BLUE,Driver,,3.0,36.0,2019,17
18149422.0,Flag,WAVED BLUE FLAG FOR CAR 88 (KUB) TIMED AT 15:10:25,,BLUE,Driver,,88.0,37.0,2019,17
18149503.0,Flag,WAVED BLUE FLAG FOR CAR 26 (KVY) TIMED AT 15:11:46,,BLUE,Driver,,26.0,37.0,2019,17
18149517.0,Flag,WAVED BLUE FLAG FOR CAR 20 (MAG) TIMED AT 15:12:01,,BLUE,Driver,,20.0,37.0,2019,17
18149524.0,Flag,WAVED BLUE FLAG FOR CAR 99 (GIO) TIMED AT 15:12:08,,BLUE,Driver,,99.0,38.0,2019,17
18149526.0,Flag,WAVED BLUE FLAG FOR CAR 4 (NOR) TIMED AT 15:12:09,,BLUE,Driver,,4.0,38.0,2019,17
18149527.0,Flag,WAVED BLUE FLAG FOR CAR 26 (KVY) TIMED AT 15:12:11,,BLUE,Driver,,26.0,38.0,2019,17
18149537.0,Flag,WAVED BLUE FLAG FOR CAR 4 (NOR) TIMED AT 15:12:20,,BLUE,Driver,,4.0,38.0,2019,17
18149543.0,Flag,WAVED BLUE FLAG FOR CAR 99 (GIO) TIMED AT 15:12:27,,BLUE,Driver,,99.0,38.0,2019,17
18149617.0,Flag,WAVED BLUE FLAG FOR CAR 8 (GRO) TIMED AT 15:13:40,,BLUE,Driver,,8.0,39.0,2019,17
18149696.0,Flag,WAVED BLUE FLAG FOR CAR 26 (KVY) TIMED AT 15:14:59,,BLUE,Driver,,26.0,39.0,2019,17
18149707.0,Flag,WAVED BLUE FLAG FOR CAR 99 (GIO) TIMED AT 15:15:10,,BLUE,Driver,,99.0,40.0,2019,17
18149728.0,Flag,WAVED BLUE FLAG FOR CAR 26 (KVY) TIMED AT 15:15:31,,BLUE,Driver,,26.0,40.0,2019,17
18149813.0,Flag,WAVED BLUE FLAG FOR CAR 4 (NOR) TIMED AT 15:16:57,,BLUE,Driver,,4.0,41.0,2019,17
18149824.0,Flag,WAVED BLUE FLAG FOR CAR 8 (GRO) TIMED AT 15:17:08,,BLUE,Driver,,8.0,41.0,2019,17
18149865.0,Flag,WAVED BLUE FLAG FOR CAR 4 (NOR) TIMED AT 15:17:48,,BLUE,Driver,,4.0,41.0,2019,17
18149886.0,Flag,WAVED BLUE FLAG FOR CAR 88 (KUB) TIMED AT 15:18:09,,BLUE,Driver,,88.0,41.0,2019,17
18150035.0,Flag,WAVED BLUE FLAG FOR CAR 4 (NOR) TIMED AT 15:20:38,,BLUE,Driver,,4.0,43.0,2019,17
18150132.0,Flag,WAVED BLUE FLAG FOR CAR 63 (RUS) TIMED AT 15:22:15,,BLUE,Driver,,63.0,44.0,2019,17
18150154.0,Flag,WAVED BLUE FLAG FOR CAR 11 (PER) TIMED AT 15:22:38,,BLUE,Driver,,11.0,44.0,2019,17
18150161.0,Flag,WAVED BLUE FLAG FOR CAR 63 (RUS) TIMED AT 15:22:44,,BLUE,Driver,,63.0,44.0,2019,17
18150289.0,Flag,WAVED BLUE FLAG FOR CAR 63 (RUS) TIMED AT 15:24:53,,BLUE,Driver,,63.0,46.0,2019,17
18150293.0,Flag,WAVED BLUE FLAG FOR CAR 27 (HUL) TIMED AT 15:24:56,,BLUE,Driver,,27.0,46.0,2019,17
18150327.0,Flag,WAVED BLUE FLAG FOR CAR 18 (STR) TIMED AT 15:25:31,,BLUE,Driver,,18.0,46.0,2019,17
18150385.0,Flag,WAVED BLUE FLAG FOR CAR 88 (KUB) TIMED AT 15:26:28,,BLUE,Driver,,88.0,47.0,2019,17
18150386.0,Flag,WAVED BLUE FLAG FOR CAR 3 (RIC) TIMED AT 15:26:29,,BLUE,Driver,,3.0,47.0,2019,17
18150415.0,Flag,WAVED BLUE FLAG FOR CAR 10 (GAS) TIMED AT 15:26:59,,BLUE,Driver,,10.0,47.0,2019,17
18150470.0,Flag,WAVED BLUE FLAG FOR CAR 16 (LEC) TIMED AT 15:27:54,,BLUE,Driver,,16.0,48.0,2019,17
18150513.0,Flag,WAVED BLUE FLAG FOR CAR 88 (KUB) TIMED AT 15:28:36,,BLUE,Driver,,88.0,48.0,2019,17
18150554.0,Flag,WAVED BLUE FLAG FOR CAR 18 (STR) TIMED AT 15:29:17,,BLUE,Driver,,18.0,49.0,2019,17
18150573.0,Flag,WAVED BLUE FLAG FOR CAR 88 (KUB) TIMED AT 15:29:37,,BLUE,Driver,,88.0,49.0,2019,17
18150601.0,Flag,WAVED BLUE FLAG FOR CAR 18 (STR) TIMED AT 15:30:05,,BLUE,Driver,,18.0,49.0,2019,17
18150676.0,Flag,WAVED BLUE FLAG FOR CAR 27 (HUL) TIMED AT 15:31:20,,BLUE,Driver,,27.0,50.0,2019,17
18150710.0,Flag,WAVED BLUE FLAG FOR CAR 10 (GAS) TIMED AT 15:31:54,,BLUE,Driver,,10.0,50.0,2019,17
18150813.0,Flag,WAVED BLUE FLAG FOR CAR 88 (KUB) TIMED AT 15:33:36,,BLUE,Driver,,88.0,51.0,2019,17
18150837.0,Flag,WAVED BLUE FLAG FOR CAR 88 (KUB) TIMED AT 15:34:00,,BLUE,Driver,,88.0,52.0,2019,17
18150919.0,Flag,CHEQUERED FLAG,,CHEQUERED,Track,,,53.0,2019,17
18150957.0,Flag,YELLOW IN TRACK SECTOR 2,,YELLOW,Sector,2.0,,53.0,2019,17
18150962.0,Flag,WAVED BLUE FLAG FOR CAR 63 (RUS) TIMED AT 15:36:05,,BLUE,Driver,,63.0,53.0,2019,17
18150980.0,Flag,YELLOW IN TRACK SECTOR 1,,YELLOW,Sector,1.0,,53.0,2019,17
18151011.0,Flag,CHEQUERED FLAG,,CHEQUERED,Track,,,53.0,2019,17
18151179.0,Other,TURN 2 INCIDENT INVOLVING CARS 10 (GAS) AND 11 (PER) UNDER INVESTIGATION - CAUSING A COLLISION,,,,,,53.0,2019,17
18151226.0,Flag,CLEAR IN TRACK SECTOR 2,,CLEAR,Sector,2.0,,53.0,2019,17
18151261.0,Flag,CLEAR IN TRACK SECTOR 1,,CLEAR,Sector,1.0,,53.0,2019,17
18152253.0,Flag,YELLOW IN TRACK SECTOR 3,,YELLOW,Sector,3.0,,53.0,2019,17
18152256.0,Flag,CLEAR IN TRACK SECTOR 3,,CLEAR,Sector,3.0,,53.0,2019,17
19404940.0,Other,RISK OF RAIN FOR F1 RACE IS 20%,,,,,,1.0,2019,18
19404983.0,Other,RISK OF RAIN FOR F1 RACE IS 20%,,,,,,1.0,2019,18
19405622.0,Drs,DRS DISABLED,DISABLED,,,,,1.0,2019,18
19405977.0,Flag,GREEN LIGHT - PIT EXIT OPEN,,GREEN,Track,,,1.0,2019,18
19406050.0,SafetyCar,VIRTUAL SAFETY CAR DEPLOYED,DEPLOYED,,,,,1.0,2019,18
19406092.0,Other,DEBRIS ON TRACK AT TURN 2,,,,,,2.0,2019,18
19406181.0,SafetyCar,VIRTUAL SAFETY CAR ENDING,ENDING,,,,,3.0,2019,18
19406195.0,Flag,TRACK CLEAR,,CLEAR,Track,,,3.0,2019,18
19406220.0,Drs,DRS ENABLED,ENABLED,,,,,3.0,2019,18
19406253.0,Other,TURN 2 INCIDENT INVOLVING CARS 5 (VET) AND 44 (HAM) NOTED,,,,,,3.0,2019,18
19406273.0,Other,TURN 2 INCIDENT INVOLVING CARS 33 (VER) AND 44 (HAM) NOTED,,,,,,4.0,2019,18
19406409.0,Flag,YELLOW IN TRACK SECTOR 6,,YELLOW,Sector,6.0,,5.0,2019,18
19406426.0,Flag,CLEAR IN TRACK SECTOR 6,,CLEAR,Sector,6.0,,5.0,2019,18
19406566.0,Other,TURN 1 INCIDENT INVOLVING CARS 5 (VET) AND 44 (HAM) - NO INVESTIGATION NECESSARY,,,,,,7.0,2019,18
19406614.0,Other,TURN 2 INCIDENT INVOLVING CARS 33 (VER) AND 44 (HAM) - NO INVESTIGATION NECESSARY,,,,,,8.0,2019,18
19407214.0,Other,PIT LANE INCIDENT INVOLVING CAR 4 (NOR) NOTED - PIT RELEASE IN UNSAFE CONDITION,,,,,,15.0,2019,18
19407388.0,Other,PIT LANE INCIDENT INVOLVING CAR 4 (NOR) UNDER INVESTIGATION - PIT RELEASE IN UNSAFE CONDITION,,,,,,17.0,2019,18
19407819.0,Other,PIT LANE INCIDENT INCIDENT INVOLVING CAR 4 (NOR) WILL BE INVESTIGATED AFTER THE RACE,,,,,,23.0,2019,18
19407834.0,Flag,WAVED BLUE FLAG FOR CAR 99 (GIO) TIMED AT 13:43:58,,BLUE,Driver,,99.0,23.0,2019,18
19407837.0,Flag,WAVED BLUE FLAG FOR CAR 88 (KUB) TIMED AT 13:44:00,,BLUE,Driver,,88.0,23.0,2019,18
19407902.0,Other,PIT LANE INCIDENT INVOLVING CAR 99 (GIO) NOTED,,,,,,24.0,2019,18
19407907.0,Flag,WAVED BLUE FLAG FOR CAR 4 (NOR) TIMED AT 13:45:10,,BLUE,Driver,,4.0,24.0,2019,18
19407948.0,Flag,WAVED BLUE FLAG FOR CAR 8 (GRO) TIMED AT 13:45:52,,BLUE,Driver,,8.0,24.0,2019,18
19407974.0,Flag,WAVED BLUE FLAG FOR CAR 63 (RUS) TIMED AT 13:46:18,,BLUE,Driver,,63.0,24.0,2019,18
19407985.0,Other,TURN 4 INCIDENT INVOLVING CARS 33 (VER) AND 20 (MAG) NOTED,,,,,,25.0,2019,18
19408012.0,Flag,WAVED BLUE FLAG FOR CAR 88 (KUB) TIMED AT 13:46:56,,BLUE,Driver,,88.0,25.0,2019,18
19408054.0,Flag,WAVED BLUE FLAG FOR CAR 63 (RUS) TIMED AT 13:47:38,,BLUE,Driver,,63.0,25.0,2019,18
19408062.0,Flag,WAVED BLUE FLAG FOR CAR 63 (RUS) TIMED AT 13:47:45,,BLUE,Driver,,63.0,26.0,2019,18
19408064.0,Flag,WAVED BLUE FLAG FOR CAR 4 (NOR) TIMED AT 13:47:48,,BLUE,Driver,,4.0,26.0,2019,18
19408081.0,Flag,WAVED BLUE FLAG FOR CAR 88 (KUB) TIMED AT 13:48:05,,BLUE,Driver,,88.0,26.0,2019,18
19408126.0,Flag,WAVED BLUE FLAG FOR CAR 8 (GRO) TIMED AT 13:48:50,,BLUE,Driver,,8.0,26.0,2019,18
19408163.0,Other,TURN 4 INCIDENT INVOLVING CARS 20 (MAG) AND 33 (VER) - NO INVESTIGATION NECESSARY,,,,,,27.0,2019,18
19408220.0,Flag,WAVED BLUE FLAG FOR CAR 99 (GIO) TIMED AT 13:50:24,,BLUE,Driver,,99.0,27.0,2019,18
19408251.0,Flag,WAVED BLUE FLAG FOR CAR 20 (MAG) TIMED AT 13:50:55,,BLUE,Driver,,20.0,28.0,2019,18
19408309.0,Flag,WAVED BLUE FLAG FOR CAR 8 (GRO) TIMED AT 13:51:52,,BLUE,Driver,,8.0,29.0,2019,18
19408311.0,Flag,WAVED BLUE FLAG FOR CAR 4 (NOR) TIMED AT 13:51:54,,BLUE,Driver,,4.0,29.0,2019,18
19408330.0,Flag,WAVED BLUE FLAG FOR CAR 4 (NOR) TIMED AT 13:52:14,,BLUE,Driver,,4.0,29.0,2019,18
19408395.0,Flag,WAVED BLUE FLAG FOR CAR 99 (GIO) TIMED AT 13:53:18,,BLUE,Driver,,99.0,30.0,2019,18
19408423.0,Flag,WAVED BLUE FLAG FOR CAR 8 (GRO) TIMED AT 13:53:46,,BLUE,Driver,,8.0,30.0,2019,18
19408441.0,Flag,WAVED BLUE FLAG FOR CAR 99 (GIO) TIMED AT 13:54:04,,BLUE,Driver,,99.0,30.0,2019,18
19408545.0,Flag,WAVED BLUE FLAG FOR CAR 4 (NOR) TIMED AT 13:55:49,,BLUE,Driver,,4.0,31.0,2019,18
19408557.0,Flag,WAVED BLUE FLAG FOR CAR 8 (GRO) TIMED AT 13:56:01,,BLUE,Driver,,8.0,32.0,2019,18
19408709.0,Flag,WAVED BLUE FLAG FOR CAR 99 (GIO) TIMED AT 13:58:32,,BLUE,Driver,,99.0,33.0,2019,18
19408766.0,Flag,WAVED BLUE FLAG FOR CAR 4 (NOR) TIMED AT 13:59:29,,BLUE,Driver,,4.0,34.0,2019,18
19408813.0,Flag,WAVED BLUE FLAG FOR CAR 63 (RUS) TIMED AT 14:00:16,,BLUE,Driver,,63.0,35.0,2019,18
19408844.0,Flag,WAVED BLUE FLAG FOR CAR 7 (RAI) TIMED AT 14:00:47,,BLUE,Driver,,7.0,35.0,2019,18
19408871.0,Flag,WAVED BLUE FLAG FOR CAR 10 (GAS) TIMED AT 14:01:15,,BLUE,Driver,,10.0,35.0,2019,18
19408894.0,Flag,WAVED BLUE FLAG FOR CAR 10 (GAS) TIMED AT 14:01:38,,BLUE,Driver,,10.0,36.0,2019,18
19408904.0,Flag,WAVED BLUE FLAG FOR CAR 10 (GAS) TIMED AT 14:01:47,,BLUE,Driver,,10.0,36.0,2019,18
19408905.0,Flag,WAVED BLUE FLAG FOR CAR 55 (SAI) TIMED AT 14:01:49,,BLUE,Driver,,55.0,36.0,2019,18
19408913.0,Flag,WAVED BLUE FLAG FOR CAR 10 (GAS) TIMED AT 14:01:57,,BLUE,Driver,,10.0,36.0,2019,18
19408939.0,Flag,WAVED BLUE FLAG FOR CAR 7 (RAI) TIMED AT 14:02:23,,BLUE,Driver,,7.0,36.0,2019,18
19408942.0,Flag,WAVED BLUE FLAG FOR CAR 7 (RAI) TIMED AT 14:02:26,,BLUE,Driver,,7.0,36.0,2019,18
19408977.0,Flag,WAVED BLUE FLAG FOR CAR 4 (NOR) TIMED AT 14:03:01,,BLUE,Driver,,4.0,37.0,2019,18
19408978.0,Flag,WAVED BLUE FLAG FOR CAR 88 (KUB) TIMED AT 14:03:02,,BLUE,Driver,,88.0,37.0,2019,18
19408989.0,Flag,WAVED BLUE FLAG FOR CAR 99 (GIO) TIMED AT 14:03:13,,BLUE,Driver,,99.0,37.0,2019,18
19409061.0,Flag,WAVED BLUE FLAG FOR CAR 55 (SAI) TIMED AT 14:04:25,,BLUE,Driver,,55.0,38.0,2019,18
19409092.0,Flag,WAVED BLUE FLAG FOR CAR 4 (NOR) TIMED AT 14:04:55,,BLUE,Driver,,4.0,38.0,2019,18
19409093.0,Flag,WAVED BLUE FLAG FOR CAR 4 (NOR) TIMED AT 14:04:57,,BLUE,Driver,,4.0,38.0,2019,18
19409102.0,Flag,WAVED BLUE FLAG FOR CAR 7 (RAI) TIMED AT 14:05:05,,BLUE,Driver,,7.0,38.0,2019,18
19409102.0,Flag,WAVED BLUE FLAG FOR CAR 55 (SAI) TIMED AT 14:05:05,,BLUE,Driver,,55.0,38.0,2019,18
19409408.0,Flag,WAVED BLUE FLAG FOR CAR 4 (NOR) TIMED AT 14:10:11,,BLUE,Driver,,4.0,42.0,2019,18
19409614.0,Flag,WAVED BLUE FLAG FOR CAR 63 (RUS) TIMED AT 14:13:37,,BLUE,Driver,,63.0,44.0,2019,18
19409656.0,Flag,WAVED BLUE FLAG FOR CAR 4 (NOR) TIMED AT 14:14:19,,BLUE,Driver,,4.0,45.0,2019,18
19409672.0,Flag,WAVED BLUE FLAG FOR CAR 63 (RUS) TIMED AT 14:14:36,,BLUE,Driver,,63.0,45.0,2019,18
19409724.0,Flag,WAVED BLUE FLAG FOR CAR 88 (KUB) TIMED AT 14:15:28,,BLUE,Driver,,88.0,46.0,2019,18
19409776.0,Flag,WAVED BLUE FLAG FOR CAR 55 (SAI) TIMED AT 14:16:19,,BLUE,Driver,,55.0,46.0,2019,18
19409803.0,Flag,WAVED BLUE FLAG FOR CAR 99 (GIO) TIMED AT 14:16:46,,BLUE,Driver,,99.0,47.0,2019,18
19409805.0,Flag,WAVED BLUE FLAG FOR CAR 7 (RAI) TIMED AT 14:16:49,,BLUE,Driver,,7.0,47.0,2019,18
19409835.0,Flag,WAVED BLUE FLAG FOR CAR 88 (KUB) TIMED AT 14:17:19,,BLUE,Driver,,88.0,47.0,2019,18
19409843.0,Flag,WAVED BLUE FLAG FOR CAR 88 (KUB) TIMED AT 14:17:26,,BLUE,Driver,,88.0,47.0,2019,18
19409845.0,Flag,WAVED BLUE FLAG FOR CAR 7 (RAI) TIMED AT 14:17:28,,BLUE,Driver,,7.0,47.0,2019,18
19409881.0,Flag,WAVED BLUE FLAG FOR CAR 7 (RAI) TIMED AT 14:18:04,,BLUE,Driver,,7.0,48.0,2019,18
19410070.0,Flag,WAVED BLUE FLAG FOR CAR 8 (GRO) TIMED AT 14:21:13,,BLUE,Driver,,8.0,50.0,2019,18
19410143.0,Flag,WAVED BLUE FLAG FOR CAR 63 (RUS) TIMED AT 14:22:27,,BLUE,Driver,,63.0,51.0,2019,18
19410145.0,Flag,WAVED BLUE FLAG FOR CAR 7 (RAI) TIMED AT 14:22:29,,BLUE,Driver,,7.0,51.0,2019,18
19410202.0,Flag,WAVED BLUE FLAG FOR CAR 55 (SAI) TIMED AT 14:23:25,,BLUE,Driver,,55.0,52.0,2019,18
19410220.0,Flag,WAVED BLUE FLAG FOR CAR 8 (GRO) TIMED AT 14:23:43,,BLUE,Driver,,8.0,52.0,2019,18
19410235.0,Flag,WAVED BLUE FLAG FOR CAR 8 (GRO) TIMED AT 14:23:58,,BLUE,Driver,,8.0,52.0,2019,18
19410297.0,Flag,WAVED BLUE FLAG FOR CAR 63 (RUS) TIMED AT 14:25:00,,BLUE,Driver,,63.0,53.0,2019,18
19410311.0,Flag,WAVED BLUE FLAG FOR CAR 88 (KUB) TIMED AT 14:25:14,,BLUE,Driver,,88.0,53.0,2019,18
19410356.0,Flag,WAVED BLUE FLAG FOR CAR 8 (GRO) TIMED AT 14:25:59,,BLUE,Driver,,8.0,54.0,2019,18
19410390.0,Flag,WAVED BLUE FLAG FOR CAR 8 (GRO) TIMED AT 14:26:34,,BLUE,Driver,,8.0,54.0,2019,18
19410393.0,Flag,WAVED BLUE FLAG FOR CAR 63 (RUS) TIMED AT 14:26:37,,BLUE,Driver,,63.0,54.0,2019,18
19410431.0,Flag,WAVED BLUE FLAG FOR CAR 8 (GRO) TIMED AT 14:27:15,,BLUE,Driver,,8.0,55.0,2019,18
19410471.0,Flag,WAVED BLUE FLAG FOR CAR 63 (RUS) TIMED AT 14:27:55,,BLUE,Driver,,63.0,55.0,2019,18
19410541.0,Flag,WAVED BLUE FLAG FOR CAR 88 (KUB) TIMED AT 14:29:05,,BLUE,Driver,,88.0,56.0,2019,18
19410555.0,Flag,WAVED BLUE FLAG FOR CAR 26 (KVY) TIMED AT 14:29:18,,BLUE,Driver,,26.0,56.0,2019,18
19410564.0,Flag,WAVED BLUE FLAG FOR CAR 63 (RUS) TIMED AT 14:29:28,,BLUE,Driver,,63.0,56.0,2019,18
19410607.0,Flag,WAVED BLUE FLAG FOR CAR 88 (KUB) TIMED AT 14:30:10,,BLUE,Driver,,88.0,57.0,2019,18
19410635.0,Flag,WAVED BLUE FLAG FOR CAR 88 (KUB) TIMED AT 14:30:39,,BLUE,Driver,,88.0,57.0,2019,18
19410650.0,Flag,WAVED BLUE FLAG FOR CAR 8 (GRO) TIMED AT 14:30:53,,BLUE,Driver,,8.0,57.0,2019,18
19410660.0,Flag,WAVED BLUE FLAG FOR CAR 18 (STR) TIMED AT 14:31:03,,BLUE,Driver,,18.0,57.0,2019,18
19410669.0,Flag,WAVED BLUE FLAG FOR CAR 8 (GRO) TIMED AT 14:31:13,,BLUE,Driver,,8.0,58.0,2019,18
19410673.0,Flag,WAVED BLUE FLAG FOR CAR 88 (KUB) TIMED AT 14:31:17,,BLUE,Driver,,88.0,58.0,2019,18
19410682.0,Flag,WAVED BLUE FLAG FOR CAR 26 (KVY) TIMED AT 14:31:25,,BLUE,Driver,,26.0,58.0,2019,18
19410716.0,Flag,WAVED BLUE FLAG FOR CAR 26 (KVY) TIMED AT 14:32:00,,BLUE,Driver,,26.0,58.0,2019,18
19410756.0,Flag,WAVED BLUE FLAG FOR CAR 18 (STR) TIMED AT 14:32:39,,BLUE,Driver,,18.0,59.0,2019,18
19410821.0,Flag,WAVED BLUE FLAG FOR CAR 63 (RUS) TIMED AT 14:33:45,,BLUE,Driver,,63.0,59.0,2019,18
19410836.0,Flag,WAVED BLUE FLAG FOR CAR 18 (STR) TIMED AT 14:33:59,,BLUE,Driver,,18.0,60.0,2019,18
19410836.0,Flag,WAVED BLUE FLAG FOR CAR 63 (RUS) TIMED AT 14:33:59,,BLUE,Driver,,63.0,60.0,2019,18
19410855.0,Flag,WAVED BLUE FLAG FOR CAR 10 (GAS) TIMED AT 14:34:19,,BLUE,Driver,,10.0,60.0,2019,18
19410944.0,Flag,WAVED BLUE FLAG FOR CAR 88 (KUB) TIMED AT 14:35:48,,BLUE,Driver,,88.0,61.0,2019,18
19411060.0,Flag,WAVED BLUE FLAG FOR CAR 18 (STR) TIMED AT 14:37:43,,BLUE,Driver,,18.0,62.0,2019,18
19411060.0,Other,TURN 1 INCIDENT INVOLVING CARS 3 (RIC) AND 11 (PER) NOTED - NO INVESTIGATION NECESSARY,,,,,,62.0,2019,18
19411067.0,Flag,WAVED BLUE FLAG FOR CAR 8 (GRO) TIMED AT 14:37:51,,BLUE,Driver,,8.0,62.0,2019,18
19411130.0,Flag,WAVED BLUE FLAG FOR CAR 20 (MAG) TIMED AT 14:38:54,,BLUE,Driver,,20.0,63.0,2019,18
19411153.0,Flag,WAVED BLUE FLAG FOR CAR 63 (RUS) TIMED AT 14:39:16,,BLUE,Driver,,63.0,64.0,2019,18
19411159.0,Flag,WAVED BLUE FLAG FOR CAR 27 (HUL) TIMED AT 14:39:23,,BLUE,Driver,,27.0,64.0,2019,18
19411188.0,Flag,WAVED BLUE FLAG FOR CAR 27 (HUL) TIMED AT 14:39:51,,BLUE,Driver,,27.0,64.0,2019,18
19411231.0,Flag,WAVED BLUE FLAG FOR CAR 27 (HUL) TIMED AT 14:40:35,,BLUE,Driver,,27.0,65.0,2019,18
19411549.0,Flag,WAVED BLUE FLAG FOR CAR 20 (MAG) TIMED AT 14:45:52,,BLUE,Driver,,20.0,69.0,2019,18
19411576.0,Flag,WAVED BLUE FLAG FOR CAR 20 (MAG) TIMED AT 14:46:19,,BLUE,Driver,,20.0,69.0,2019,18
19411752.0,Flag,WAVED BLUE FLAG FOR CAR 20 (MAG) TIMED AT 14:49:15,,BLUE,Driver,,20.0,71.0,2019,18
19411767.0,Flag,WAVED BLUE FLAG FOR CAR 26 (KVY) TIMED AT 14:49:30,,BLUE,Driver,,26.0,71.0,2019,18
19411770.0,Flag,WAVED BLUE FLAG FOR CAR 20 (MAG) TIMED AT 14:49:33,,BLUE,Driver,,20.0,71.0,2019,18
19411788.0,Flag,CHEQUERED FLAG,,CHEQUERED,Track,,,71.0,2019,18
19411799.0,Flag,WAVED BLUE FLAG FOR CAR 26 (KVY) TIMED AT 14:50:02,,BLUE,Driver,,26.0,71.0,2019,18
19411803.0,Flag,YELLOW IN TRACK SECTOR 14,,YELLOW,Sector,14.0,,71.0,2019,18
19411808.0,Flag,CLEAR IN TRACK SECTOR 14,,CLEAR,Sector,14.0,,71.0,2019,18
19411908.0,Other,TURN 16 INCIDENT INVOLVING CARS 27 (HUL) AND 26 (KVY) UNDER INVESTIGATION,,,,,,71.0,2019,18
19412181.0,Other,10 SECOND TIME PENALTY FOR CAR 26 (KVY) - CAUSING A COLLISION,,,,,,71.0,2019,18
20009709.0,Other,RISK OF RAIN FOR THIS SESSION IS 0%,,,,,,1.0,2019,19
20010420.0,Drs,DRS DISABLED,DISABLED,,,,,1.0,2019,19
20010800.0,Flag,GREEN LIGHT - PIT EXIT OPEN,,GREEN,Track,,,1.0,2019,19
20010926.0,Other,TURN 1 INCIDENT INVOLVING CARS 55 (SAI) AND 23 (ALB) NOTED,,,,,,2.0,2019,19
20011023.0,Drs,DRS ENABLED,ENABLED,,,,,3.0,2019,19
20011057.0,Other,TURN 1 INCIDENT INVOLVING CARS 55 (SAI) AND 23 (ALB) UNDER INVESTIGATION,,,,,,3.0,2019,19
20011118.0,Other,TURN 1 INCIDENT INVOLVING CARS 55 (SAI) AND 23 (ALB) - NO FURTHER ACTION ,,,,,,4.0,2019,19
20011465.0,Other,CAR 23 (ALB) TIME 1:41.410 DELETED - TRACK LIMITS AT TURN 19,,,,,,7.0,2019,19
20011596.0,Flag,YELLOW IN TRACK SECTOR 11,,YELLOW,Sector,11.0,,8.0,2019,19
20011620.0,Flag,DOUBLE YELLOW IN TRACK SECTOR 10,,DOUBLE YELLOW,Sector,10.0,,9.0,2019,19
20011627.0,Flag,DOUBLE YELLOW IN TRACK SECTOR 11,,DOUBLE YELLOW,Sector,11.0,,9.0,2019,19
20011650.0,CarEvent,CAR 5 (VET) STOPPED AT TURN 11,,,,,5.0,9.0,2019,19
20011658.0,Flag,CLEAR IN TRACK SECTOR 10,,CLEAR,Sector,10.0,,9.0,2019,19
20011659.0,Flag,CLEAR IN TRACK SECTOR 11,,CLEAR,Sector,11.0,,9.0,2019,19
20011723.0,Other,CAR 55 (SAI) TIME 1:43.326 DELETED - TRACK LIMITS AT TURN 19,,,,,,10.0,2019,19
20011739.0,Other,CAR 20 (MAG) TIME 1:44.145 DELETED - TRACK LIMITS AT TURN 19,,,,,,10.0,2019,19
20011766.0,Other,CAR 8 (GRO) TIME 1:43.737 DELETED - TRACK LIMITS AT TURN 19,,,,,,10.0,2019,19
20011778.0,Other,CAR 99 (GIO) TIME 1:43.994 DELETED - TRACK LIMITS AT TURN 19,,,,,,10.0,2019,19
20012165.0,Other,CAR 26 (KVY) TIME 1:43.237 DELETED - TRACK LIMITS AT TURN 19,,,,,,14.0,2019,19
20012641.0,Flag,WAVED BLUE FLAG FOR CAR 88 (KUB) TIMED AT 13:44:05,,BLUE,Driver,,88.0,19.0,2019,19
20012788.0,Other,CAR 26 (KVY) TIME 1:43.245 DELETED - TRACK LIMITS AT TURN 19,,,,,,20.0,2019,19
20012791.0,Flag,WAVED BLUE FLAG FOR CAR 88 (KUB) TIMED AT 13:46:34,,BLUE,Driver,,88.0,20.0,2019,19
20012807.0,Other,CAR 8 (GRO) TIME 1:44.767 DELETED - TRACK LIMITS AT TURN 19,,,,,,20.0,2019,19
20012877.0,Flag,WAVED BLUE FLAG FOR CAR 88 (KUB) TIMED AT 13:48:00,,BLUE,Driver,,88.0,21.0,2019,19
20012951.0,Other,CAR 99 (GIO) TIME 1:42.198 DELETED - TRACK LIMITS AT TURN 19,,,,,,22.0,2019,19
20013291.0,Flag,WAVED BLUE FLAG FOR CAR 88 (KUB) TIMED AT 13:54:54,,BLUE,Driver,,88.0,25.0,2019,19
20013353.0,Flag,WAVED BLUE FLAG FOR CAR 8 (GRO) TIMED AT 13:55:56,,BLUE,Driver,,8.0,26.0,2019,19
20013608.0,Flag,WAVED BLUE FLAG FOR CAR 63 (RUS) TIMED AT 14:00:11,,BLUE,Driver,,63.0,28.0,2019,19
20013770.0,Flag,WAVED BLUE FLAG FOR CAR 88 (KUB) TIMED AT 14:02:54,,BLUE,Driver,,88.0,30.0,2019,19
20013816.0,Flag,WAVED BLUE FLAG FOR CAR 8 (GRO) TIMED AT 14:03:40,,BLUE,Driver,,8.0,30.0,2019,19
20014090.0,Flag,WAVED BLUE FLAG FOR CAR 88 (KUB) TIMED AT 14:08:14,,BLUE,Driver,,88.0,33.0,2019,19
20014119.0,Flag,WAVED BLUE FLAG FOR CAR 99 (GIO) TIMED AT 14:08:42,,BLUE,Driver,,99.0,33.0,2019,19
20014174.0,Other,CAR 63 (RUS) TIME 1:42.259 DELETED - TRACK LIMITS AT TURN 19,,,,,,34.0,2019,19
20014183.0,Flag,WAVED BLUE FLAG FOR CAR 20 (MAG) TIMED AT 14:09:46,,BLUE,Driver,,20.0,34.0,2019,19
20014321.0,Flag,WAVED BLUE FLAG FOR CAR 8 (GRO) TIMED AT 14:12:05,,BLUE,Driver,,8.0,35.0,2019,19
20014541.0,Flag,WAVED BLUE FLAG FOR CAR 18 (STR) TIMED AT 14:15:44,,BLUE,Driver,,18.0,37.0,2019,19
20014576.0,Flag,WAVED BLUE FLAG FOR CAR 99 (GIO) TIMED AT 14:16:20,,BLUE,Driver,,99.0,38.0,2019,19
20014643.0,Flag,WAVED BLUE FLAG FOR CAR 20 (MAG) TIMED AT 14:17:26,,BLUE,Driver,,20.0,38.0,2019,19
20014683.0,Flag,WAVED BLUE FLAG FOR CAR 63 (RUS) TIMED AT 14:18:06,,BLUE,Driver,,63.0,39.0,2019,19
20014702.0,Flag,WAVED BLUE FLAG FOR CAR 18 (STR) TIMED AT 14:18:25,,BLUE,Driver,,18.0,39.0,2019,19
20014717.0,Flag,WAVED BLUE FLAG FOR CAR 99 (GIO) TIMED AT 14:18:40,,BLUE,Driver,,99.0,39.0,2019,19
20014729.0,Flag,WAVED BLUE FLAG FOR CAR 18 (STR) TIMED AT 14:18:53,,BLUE,Driver,,18.0,39.0,2019,19
20014777.0,Flag,WAVED BLUE FLAG FOR CAR 20 (MAG) TIMED AT 14:19:40,,BLUE,Driver,,20.0,40.0,2019,19
20014834.0,Flag,WAVED BLUE FLAG FOR CAR 99 (GIO) TIMED AT 14:20:37,,BLUE,Driver,,99.0,40.0,2019,19
20014870.0,Flag,WAVED BLUE FLAG FOR CAR 27 (HUL) TIMED AT 14:21:13,,BLUE,Driver,,27.0,41.0,2019,19
20014884.0,Flag,WAVED BLUE FLAG FOR CAR 18 (STR) TIMED AT 14:21:28,,BLUE,Driver,,18.0,41.0,2019,19
20014913.0,Flag,WAVED BLUE FLAG FOR CAR 20 (MAG) TIMED AT 14:21:56,,BLUE,Driver,,20.0,41.0,2019,19
20014933.0,Flag,WAVED BLUE FLAG FOR CAR 18 (STR) TIMED AT 14:22:16,,BLUE,Driver,,18.0,41.0,2019,19
20014995.0,Flag,WAVED BLUE FLAG FOR CAR 27 (HUL) TIMED AT 14:23:18,,BLUE,Driver,,27.0,42.0,2019,19
20015013.0,Flag,WAVED BLUE FLAG FOR CAR 27 (HUL) TIMED AT 14:23:37,,BLUE,Driver,,27.0,42.0,2019,19
20015102.0,Flag,WAVED BLUE FLAG FOR CAR 7 (RAI) TIMED AT 14:25:06,,BLUE,Driver,,7.0,43.0,2019,19
20015280.0,Flag,WAVED BLUE FLAG FOR CAR 26 (KVY) TIMED AT 14:28:03,,BLUE,Driver,,26.0,45.0,2019,19
20015343.0,Flag,WAVED BLUE FLAG FOR CAR 27 (HUL) TIMED AT 14:29:07,,BLUE,Driver,,27.0,46.0,2019,19
20015361.0,Other,TURN 15 INCIDENT INVOLVING CARS 27 (HUL) AND 7 (RAI) NOTED - LEAVING THE TRACK AND GAINING AN ADVANTAGE,,,,,,46.0,2019,19
20015370.0,Flag,WAVED BLUE FLAG FOR CAR 7 (RAI) TIMED AT 14:29:33,,BLUE,Driver,,7.0,46.0,2019,19
20015384.0,Other,TURN 15 INCIDENT INVOLVING CARS 27 (HUL) AND 7 (RAI) - NO INVESTIGATION NECESSARY,,,,,,46.0,2019,19
20015414.0,Flag,WAVED BLUE FLAG FOR CAR 63 (RUS) TIMED AT 14:30:17,,BLUE,Driver,,63.0,46.0,2019,19
20015530.0,Flag,WAVED BLUE FLAG FOR CAR 11 (PER) TIMED AT 14:32:14,,BLUE,Driver,,11.0,47.0,2019,19
20015717.0,Other,CAR 20 (MAG) TIME 1:41.540 DELETED - TRACK LIMITS AT TURN 19,,,,,,49.0,2019,19
20015742.0,Flag,WAVED BLUE FLAG FOR CAR 26 (KVY) TIMED AT 14:35:46,,BLUE,Driver,,26.0,50.0,2019,19
20015835.0,Flag,WAVED BLUE FLAG FOR CAR 63 (RUS) TIMED AT 14:37:19,,BLUE,Driver,,63.0,50.0,2019,19
20015842.0,Flag,WAVED BLUE FLAG FOR CAR 63 (RUS) TIMED AT 14:37:26,,BLUE,Driver,,63.0,51.0,2019,19
20015862.0,Flag,WAVED BLUE FLAG FOR CAR 11 (PER) TIMED AT 14:37:45,,BLUE,Driver,,11.0,51.0,2019,19
20015881.0,Flag,WAVED BLUE FLAG FOR CAR 8 (GRO) TIMED AT 14:38:05,,BLUE,Driver,,8.0,51.0,2019,19
20015903.0,Flag,WAVED BLUE FLAG FOR CAR 11 (PER) TIMED AT 14:38:27,,BLUE,Driver,,11.0,51.0,2019,19
20015916.0,Flag,WAVED BLUE FLAG FOR CAR 10 (GAS) TIMED AT 14:38:39,,BLUE,Driver,,10.0,51.0,2019,19
20015940.0,Flag,WAVED BLUE FLAG FOR CAR 63 (RUS) TIMED AT 14:39:04,,BLUE,Driver,,63.0,52.0,2019,19
20015976.0,Flag,WAVED BLUE FLAG FOR CAR 11 (PER) TIMED AT 14:39:39,,BLUE,Driver,,11.0,52.0,2019,19
20015989.0,Flag,WAVED BLUE FLAG FOR CAR 20 (MAG) TIMED AT 14:39:53,,BLUE,Driver,,20.0,52.0,2019,19
20016007.0,Flag,WAVED BLUE FLAG FOR CAR 10 (GAS) TIMED AT 14:40:11,,BLUE,Driver,,10.0,52.0,2019,19
20016103.0,Flag,WAVED BLUE FLAG FOR CAR 63 (RUS) TIMED AT 14:41:46,,BLUE,Driver,,63.0,53.0,2019,19
20016132.0,Flag,WAVED BLUE FLAG FOR CAR 55 (SAI) TIMED AT 14:42:16,,BLUE,Driver,,55.0,53.0,2019,19
20016138.0,Flag,WAVED BLUE FLAG FOR CAR 11 (PER) TIMED AT 14:42:21,,BLUE,Driver,,11.0,54.0,2019,19
20016147.0,Flag,WAVED BLUE FLAG FOR CAR 63 (RUS) TIMED AT 14:42:30,,BLUE,Driver,,63.0,54.0,2019,19
20016153.0,Other,CAR 4 (NOR) TIME 1:38.803 DELETED - TRACK LIMITS AT TURN 19,,,,,,54.0,2019,19
20016165.0,Other,CAR 33 (VER) TIME 1:38.866 DELETED - TRACK LIMITS AT TURN 19,,,,,,54.0,2019,19
20016220.0,Flag,WAVED BLUE FLAG FOR CAR 63 (RUS) TIMED AT 14:43:43,,BLUE,Driver,,63.0,54.0,2019,19
20016229.0,Flag,WAVED BLUE FLAG FOR CAR 55 (SAI) TIMED AT 14:43:53,,BLUE,Driver,,55.0,54.0,2019,19
20016262.0,Flag,YELLOW IN TRACK SECTOR 14,,YELLOW,Sector,14.0,,55.0,2019,19
20016274.0,Other,TRACK SURFACE SLIPPERY IN TRACK SECTOR 13,,,,,,55.0,2019,19
20016276.0,Flag,DOUBLE YELLOW IN TRACK SECTOR 13,,DOUBLE YELLOW,Sector,13.0,,55.0,2019,19
20016277.0,Flag,DOUBLE YELLOW IN TRACK SECTOR 14,,DOUBLE YELLOW,Sector,14.0,,55.0,2019,19
20016328.0,Flag,WAVED BLUE FLAG FOR CAR 55 (SAI) TIMED AT 14:45:31,,BLUE,Driver,,55.0,55.0,2019,19
20016427.0,Flag,WAVED BLUE FLAG FOR CAR 99 (GIO) TIMED AT 14:47:10,,BLUE,Driver,,99.0,56.0,2019,19
20016435.0,Flag,CHEQUERED FLAG,,CHEQUERED,Track,,,56.0,2019,19
20016492.0,Other,TURN 12 INCIDENT INVOLVING CARS 11 (PER) AND 26 (KVY) NOTED - CAUSING A COLLISION,,,,,,56.0,2019,19
20016597.0,Other,TURN 15 INCIDENT INVOLVING CAR 11 (PER) UNDER INVESTIGATION - CAUSING A COLLISION,,,,,,56.0,2019,19
20016698.0,Flag,CLEAR IN TRACK SECTOR 13,,CLEAR,Sector,13.0,,56.0,2019,19
20016700.0,Flag,CLEAR IN TRACK SECTOR 14,,CLEAR,Sector,14.0,,56.0,2019,19
20016829.0,Other,5 SECOND TIME PENALTY FOR CAR 26 (KVY) - CAUSING A COLLISION,,,,,,56.0,2019,19
21212105.0,Other,RISK OF RAIN FOR F1 RACE IS 0%,,,,,,1.0,2019,20
21212823.0,Drs,DRS DISABLED,DISABLED,,,,,1.0,2019,20
21213176.0,Flag,GREEN LIGHT - PIT EXIT OPEN,,GREEN,Track,,,1.0,2019,20
21213326.0,Drs,DRS ENABLED,ENABLED,,,,,3.0,2019,20
21213740.0,Flag,YELLOW IN TRACK SECTOR 5,,YELLOW,Sector,5.0,,8.0,2019,20
21213745.0,Flag,DOUBLE YELLOW IN TRACK SECTOR 5,,DOUBLE YELLOW,Sector,5.0,,8.0,2019,20
21213748.0,Flag,CLEAR IN TRACK SECTOR 5,,CLEAR,Sector,5.0,,8.0,2019,20
21213776.0,Other,TURN 4 INCIDENT INVOLVING CARS 20 (MAG) AND 3 (RIC) NOTED,,,,,,9.0,2019,20
21213940.0,Other,TURN 4 INCIDENT INVOLVING CARS 3 (RIC) AND 20 (MAG) UNDER INVESTIGATION,,,,,,11.0,2019,20
21214237.0,Other,5 SECOND TIME PENALTY FOR CAR 3 (RIC) - CAUSING A COLLISION,,,,,,15.0,2019,20
21214696.0,Flag,WAVED BLUE FLAG FOR CAR 63 (RUS) TIMED AT 14:38:19,,BLUE,Driver,,63.0,21.0,2019,20
21214763.0,Flag,WAVED BLUE FLAG FOR CAR 88 (KUB) TIMED AT 14:39:26,,BLUE,Driver,,88.0,22.0,2019,20
21214908.0,Other,PIT LANE INCIDENT INVOLVING CARS 33 (VER) AND 88 (KUB) NOTED,,,,,,24.0,2019,20
21215033.0,Other,PIT LANE INCIDENT INVOLVING CARS 33 (VER) AND 88 (KUB) UNDER INVESTIGATION,,,,,,25.0,2019,20
21215103.0,Flag,WAVED BLUE FLAG FOR CAR 63 (RUS) TIMED AT 14:45:06,,BLUE,Driver,,63.0,26.0,2019,20
21215124.0,Flag,WAVED BLUE FLAG FOR CAR 88 (KUB) TIMED AT 14:45:28,,BLUE,Driver,,88.0,27.0,2019,20
21215143.0,Flag,WAVED BLUE FLAG FOR CAR 63 (RUS) TIMED AT 14:45:46,,BLUE,Driver,,63.0,27.0,2019,20
21215267.0,Flag,WAVED BLUE FLAG FOR CAR 88 (KUB) TIMED AT 14:47:51,,BLUE,Driver,,88.0,29.0,2019,20
21215339.0,Flag,WAVED BLUE FLAG FOR CAR 63 (RUS) TIMED AT 14:49:03,,BLUE,Driver,,63.0,30.0,2019,20
21215359.0,Flag,WAVED BLUE FLAG FOR CAR 88 (KUB) TIMED AT 14:49:23,,BLUE,Driver,,88.0,30.0,2019,20
21215472.0,Other,5 SECOND TIME PENALTY FOR CAR 88 (KUB) - UNSAFE RELEASE,,,,,,31.0,2019,20
21215479.0,Flag,WAVED BLUE FLAG FOR CAR 63 (RUS) TIMED AT 14:51:23,,BLUE,Driver,,63.0,32.0,2019,20
21215630.0,Flag,WAVED BLUE FLAG FOR CAR 27 (HUL) TIMED AT 14:53:53,,BLUE,Driver,,27.0,34.0,2019,20
21215652.0,Flag,WAVED BLUE FLAG FOR CAR 88 (KUB) TIMED AT 14:54:15,,BLUE,Driver,,88.0,34.0,2019,20
21215730.0,Flag,WAVED BLUE FLAG FOR CAR 27 (HUL) TIMED AT 14:55:34,,BLUE,Driver,,27.0,35.0,2019,20
21215778.0,Flag,WAVED BLUE FLAG FOR CAR 88 (KUB) TIMED AT 14:56:21,,BLUE,Driver,,88.0,36.0,2019,20
21215781.0,Flag,WAVED BLUE FLAG FOR CAR 18 (STR) TIMED AT 14:56:25,,BLUE,Driver,,18.0,36.0,2019,20
21215796.0,Flag,WAVED BLUE FLAG FOR CAR 20 (MAG) TIMED AT 14:56:40,,BLUE,Driver,,20.0,36.0,2019,20
21215880.0,Flag,WAVED BLUE FLAG FOR CAR 18 (STR) TIMED AT 14:58:04,,BLUE,Driver,,18.0,37.0,2019,20
21215887.0,Flag,WAVED BLUE FLAG FOR CAR 88 (KUB) TIMED AT 14:58:10,,BLUE,Driver,,88.0,37.0,2019,20
21215896.0,Flag,WAVED BLUE FLAG FOR CAR 63 (RUS) TIMED AT 14:58:19,,BLUE,Driver,,63.0,37.0,2019,20
21216012.0,Flag,WAVED BLUE FLAG FOR CAR 88 (KUB) TIMED AT 15:00:15,,BLUE,Driver,,88.0,39.0,2019,20
21216017.0,Flag,WAVED BLUE FLAG FOR CAR 55 (SAI) TIMED AT 15:00:21,,BLUE,Driver,,55.0,39.0,2019,20
21216061.0,Flag,WAVED BLUE FLAG FOR CAR 88 (KUB) TIMED AT 15:01:05,,BLUE,Driver,,88.0,40.0,2019,20
21216163.0,Flag,WAVED BLUE FLAG FOR CAR 26 (KVY) TIMED AT 15:02:46,,BLUE,Driver,,26.0,41.0,2019,20
21216166.0,Flag,WAVED BLUE FLAG FOR CAR 55 (SAI) TIMED AT 15:02:50,,BLUE,Driver,,55.0,41.0,2019,20
21216181.0,Flag,WAVED BLUE FLAG FOR CAR 27 (HUL) TIMED AT 15:03:05,,BLUE,Driver,,27.0,41.0,2019,20
21216212.0,Flag,WAVED BLUE FLAG FOR CAR 4 (NOR) TIMED AT 15:03:36,,BLUE,Driver,,4.0,42.0,2019,20
21216240.0,Flag,WAVED BLUE FLAG FOR CAR 88 (KUB) TIMED AT 15:04:04,,BLUE,Driver,,88.0,42.0,2019,20
21216256.0,Flag,WAVED BLUE FLAG FOR CAR 26 (KVY) TIMED AT 15:04:19,,BLUE,Driver,,26.0,42.0,2019,20
21216288.0,Flag,WAVED BLUE FLAG FOR CAR 8 (GRO) TIMED AT 15:04:51,,BLUE,Driver,,8.0,43.0,2019,20
21216296.0,Flag,WAVED BLUE FLAG FOR CAR 4 (NOR) TIMED AT 15:04:59,,BLUE,Driver,,4.0,43.0,2019,20
21216310.0,Flag,WAVED BLUE FLAG FOR CAR 88 (KUB) TIMED AT 15:05:13,,BLUE,Driver,,88.0,43.0,2019,20
21216331.0,Flag,WAVED BLUE FLAG FOR CAR 63 (RUS) TIMED AT 15:05:34,,BLUE,Driver,,63.0,43.0,2019,20
21216387.0,Flag,WAVED BLUE FLAG FOR CAR 3 (RIC) TIMED AT 15:06:31,,BLUE,Driver,,3.0,44.0,2019,20
21216453.0,Flag,WAVED BLUE FLAG FOR CAR 20 (MAG) TIMED AT 15:07:36,,BLUE,Driver,,20.0,45.0,2019,20
21216491.0,Flag,WAVED BLUE FLAG FOR CAR 27 (HUL) TIMED AT 15:08:14,,BLUE,Driver,,27.0,45.0,2019,20
21216502.0,Flag,WAVED BLUE FLAG FOR CAR 18 (STR) TIMED AT 15:08:25,,BLUE,Driver,,18.0,45.0,2019,20
21216550.0,Flag,WAVED BLUE FLAG FOR CAR 27 (HUL) TIMED AT 15:09:14,,BLUE,Driver,,27.0,46.0,2019,20
21216601.0,Flag,WAVED BLUE FLAG FOR CAR 63 (RUS) TIMED AT 15:10:05,,BLUE,Driver,,63.0,47.0,2019,20
21216638.0,Flag,WAVED BLUE FLAG FOR CAR 18 (STR) TIMED AT 15:10:41,,BLUE,Driver,,18.0,47.0,2019,20
21216660.0,Flag,WAVED BLUE FLAG FOR CAR 88 (KUB) TIMED AT 15:11:03,,BLUE,Driver,,88.0,48.0,2019,20
21216680.0,Flag,WAVED BLUE FLAG FOR CAR 18 (STR) TIMED AT 15:11:23,,BLUE,Driver,,18.0,48.0,2019,20
21216694.0,Flag,WAVED BLUE FLAG FOR CAR 88 (KUB) TIMED AT 15:11:38,,BLUE,Driver,,88.0,48.0,2019,20
21216720.0,Flag,WAVED BLUE FLAG FOR CAR 55 (SAI) TIMED AT 15:12:04,,BLUE,Driver,,55.0,48.0,2019,20
21216744.0,Flag,WAVED BLUE FLAG FOR CAR 7 (RAI) TIMED AT 15:12:28,,BLUE,Driver,,7.0,49.0,2019,20
21216765.0,Flag,WAVED BLUE FLAG FOR CAR 55 (SAI) TIMED AT 15:12:48,,BLUE,Driver,,55.0,49.0,2019,20
21216778.0,Flag,WAVED BLUE FLAG FOR CAR 55 (SAI) TIMED AT 15:13:02,,BLUE,Driver,,55.0,49.0,2019,20
21216806.0,Flag,WAVED BLUE FLAG FOR CAR 4 (NOR) TIMED AT 15:13:29,,BLUE,Driver,,4.0,50.0,2019,20
21216820.0,Flag,WAVED BLUE FLAG FOR CAR 26 (KVY) TIMED AT 15:13:43,,BLUE,Driver,,26.0,50.0,2019,20
21216833.0,Flag,WAVED BLUE FLAG FOR CAR 4 (NOR) TIMED AT 15:13:57,,BLUE,Driver,,4.0,50.0,2019,20
21216894.0,Flag,WAVED BLUE FLAG FOR CAR 8 (GRO) TIMED AT 15:14:57,,BLUE,Driver,,8.0,51.0,2019,20
21216925.0,Flag,WAVED BLUE FLAG FOR CAR 10 (GAS) TIMED AT 15:15:29,,BLUE,Driver,,10.0,51.0,2019,20
21216973.0,Flag,WAVED BLUE FLAG FOR CAR 20 (MAG) TIMED AT 15:16:17,,BLUE,Driver,,20.0,52.0,2019,20
21216995.0,Flag,WAVED BLUE FLAG FOR CAR 27 (HUL) TIMED AT 15:16:38,,BLUE,Driver,,27.0,52.0,2019,20
21217022.0,Flag,DOUBLE YELLOW IN TRACK SECTOR 5,,DOUBLE YELLOW,Sector,5.0,,53.0,2019,20
21217029.0,Flag,DOUBLE YELLOW IN TRACK SECTOR 4,,DOUBLE YELLOW,Sector,4.0,,53.0,2019,20
21217032.0,Flag,WAVED BLUE FLAG FOR CAR 26 (KVY) TIMED AT 15:17:16,,BLUE,Driver,,26.0,53.0,2019,20
21217090.0,Flag,WAVED BLUE FLAG FOR CAR 26 (KVY) TIMED AT 15:18:14,,BLUE,Driver,,26.0,54.0,2019,20
21217120.0,SafetyCar,SAFETY CAR DEPLOYED,DEPLOYED,,,,,54.0,2019,20
21217374.0,Flag,CLEAR IN TRACK SECTOR 4,,CLEAR,Sector,4.0,,56.0,2019,20
21217399.0,Other,"LAPPED CARS MAY NOW OVERTAKE - 10,8,55,7,99,4,11,18,3,26,20,27,63,88",,,,,,56.0,2019,20
21217436.0,Flag,CLEAR IN TRACK SECTOR 5,,CLEAR,Sector,5.0,,57.0,2019,20
21217595.0,Flag,DOUBLE YELLOW IN TRACK SECTOR 5,,DOUBLE YELLOW,Sector,5.0,,58.0,2019,20
21217635.0,Flag,CLEAR IN TRACK SECTOR 5,,CLEAR,Sector,5.0,,59.0,2019,20
21217660.0,SafetyCar,SAFETY CAR IN THIS LAP,IN THIS LAP,,,,,59.0,2019,20
21217734.0,Flag,TRACK CLEAR,,CLEAR,Track,,,59.0,2019,20
21217750.0,Flag,WAVED BLUE FLAG FOR CAR 88 (KUB) TIMED AT 15:29:14,,BLUE,Driver,,88.0,60.0,2019,20
21217753.0,Flag,WAVED BLUE FLAG FOR CAR 88 (KUB) TIMED AT 15:29:17,,BLUE,Driver,,88.0,60.0,2019,20
21217889.0,Other,TURN 2 INCIDENT INVOLVING CARS 8 (GRO) AND 55 (SAI) NOTED,,,,,,61.0,2019,20
21217890.0,Drs,DRS ENABLED,ENABLED,,,,,61.0,2019,20
21217996.0,Other,INCIDENT INVOLVING CAR 27 (HUL) UNDER INVESTIGATION - OVERTAKING CAR 20 (MAG) AT THE CONTROL LINE ON THE RE-START,,,,,,63.0,2019,20
21218235.0,SafetyCar,SAFETY CAR DEPLOYED,DEPLOYED,,,,,66.0,2019,20
21218278.0,Flag,DOUBLE YELLOW IN TRACK SECTOR 5,,DOUBLE YELLOW,Sector,5.0,,67.0,2019,20
21218388.0,Flag,CLEAR IN TRACK SECTOR 5,,CLEAR,Sector,5.0,,68.0,2019,20
21218585.0,SafetyCar,SAFETY CAR IN THIS LAP,IN THIS LAP,,,,,69.0,2019,20
21218590.0,Flag,TRACK CLEAR,,CLEAR,Track,,,69.0,2019,20
21218628.0,Flag,WAVED BLUE FLAG FOR CAR 88 (KUB) TIMED AT 15:43:51,,BLUE,Driver,,88.0,69.0,2019,20
21218634.0,Flag,WAVED BLUE FLAG FOR CAR 88 (KUB) TIMED AT 15:43:57,,BLUE,Driver,,88.0,70.0,2019,20
21218680.0,Flag,DOUBLE YELLOW IN TRACK SECTOR 11,,DOUBLE YELLOW,Sector,11.0,,70.0,2019,20
21218688.0,Flag,CLEAR IN TRACK SECTOR 11,,CLEAR,Sector,11.0,,70.0,2019,20
21218691.0,Flag,WAVED BLUE FLAG FOR CAR 88 (KUB) TIMED AT 15:44:55,,BLUE,Driver,,88.0,70.0,2019,20
21218743.0,Other,TURN 10 INCIDENT INVOLVING CARS 23 (ALB) AND 44 (HAM) UNDER INVESTIGATION,,,,,,71.0,2019,20
21218772.0,Flag,CHEQUERED FLAG,,CHEQUERED,Track,,,71.0,2019,20
21218850.0,Other,5 SECOND TIME PENALTY FOR CAR 27 (HUL) - OVERTAKING CAR 20 (MAG) AT THE CONTROL LINE ON THE RE-START,,,,,,71.0,2019,20
21218910.0,Other,TURN 10 INCIDENT INVOLVING CARS 23 (ALB) AND 44 (HAM) WILL BE INVESTIGATED AFTER THE RACE,,,,,,71.0,2019,20
21219103.0,Other,CARS USING DRS IN A YELLOW SECTOR ON LAP 53 AT TURN 4 ARE BEING INVESTIGATED,,,,,,71.0,2019,20
21219328.0,Other,TURN 4 INCIDENT INVOLVING CARS 5 (VET) AND 16 (LEC) NOTED,,,,,,71.0,2019,20
22407204.0,Other,RISK OF RAIN FOR F1 RACE IS 0%,,,,,,1.0,2019,21
22408061.0,Drs,DRS DISABLED,DISABLED,,,,,1.0,2019,21
22408407.0,Flag,GREEN LIGHT - PIT EXIT OPEN,,GREEN,Track,,,1.0,2019,21
22408421.0,Flag,YELLOW IN TRACK SECTOR 2,,YELLOW,Sector,2.0,,1.0,2019,21
22408487.0,Flag,CLEAR IN TRACK SECTOR 2,,CLEAR,Sector,2.0,,1.0,2019,21
22408550.0,Other,"TURN 1 INCIDENT INVOLVING CARS 10 (GAS), 11 (PER) AND 18 (STR) NOTED",,,,,,2.0,2019,21
22408613.0,Drs,DRS ENABLED,ENABLED,,,,,2.0,2019,21
22408641.0,Other,"TURN 1 INCIDENT INVOLVING CARS 10 (GAS), 11 (PER) AND 18 (STR) - NO INVESTIGATION NECESSARY",,,,,,3.0,2019,21
22408684.0,Drs,DRS DISABLED,DISABLED,,,,,3.0,2019,21
22408719.0,Other,DRS CURRENTLY DISABLED DUE TO A TECHNICAL ISSUE,,,,,,4.0,2019,21
22408864.0,Flag,WAVED BLUE FLAG FOR CAR 10 (GAS) TIMED AT 17:21:07,,BLUE,Driver,,10.0,5.0,2019,21
22408940.0,Flag,WAVED BLUE FLAG FOR CAR 10 (GAS) TIMED AT 17:22:23,,BLUE,Driver,,10.0,6.0,2019,21
22408999.0,Flag,WAVED BLUE FLAG FOR CAR 10 (GAS) TIMED AT 17:23:22,,BLUE,Driver,,10.0,6.0,2019,21
22409009.0,Flag,WAVED BLUE FLAG FOR CAR 10 (GAS) TIMED AT 17:23:32,,BLUE,Driver,,10.0,6.0,2019,21
22409089.0,Flag,WAVED BLUE FLAG FOR CAR 10 (GAS) TIMED AT 17:24:53,,BLUE,Driver,,10.0,7.0,2019,21
22409764.0,Flag,WAVED BLUE FLAG FOR CAR 10 (GAS) TIMED AT 17:36:08,,BLUE,Driver,,10.0,14.0,2019,21
22409948.0,Other,TURN 6 INCIDENT INVOLVING CARS 3 (RIC) AND 55 (SAI) NOTED - NO INVESTIGATION NECESSARY,,,,,,15.0,2019,21
22410202.0,Drs,DRS ENABLED,ENABLED,,,,,18.0,2019,21
22410542.0,Flag,WAVED BLUE FLAG FOR CAR 8 (GRO) TIMED AT 17:49:05,,BLUE,Driver,,8.0,21.0,2019,21
22410694.0,Flag,WAVED BLUE FLAG FOR CAR 18 (STR) TIMED AT 17:51:38,,BLUE,Driver,,18.0,23.0,2019,21
22410721.0,Flag,WAVED BLUE FLAG FOR CAR 63 (RUS) TIMED AT 17:52:04,,BLUE,Driver,,63.0,23.0,2019,21
22410737.0,Flag,WAVED BLUE FLAG FOR CAR 10 (GAS) TIMED AT 17:52:20,,BLUE,Driver,,10.0,23.0,2019,21
22410766.0,Flag,WAVED BLUE FLAG FOR CAR 99 (GIO) TIMED AT 17:52:49,,BLUE,Driver,,99.0,23.0,2019,21
22410782.0,Flag,WAVED BLUE FLAG FOR CAR 88 (KUB) TIMED AT 17:53:05,,BLUE,Driver,,88.0,24.0,2019,21
22410823.0,Other,TURN 11 INCIDENT INVOLVING CARS 88 (KUB) AND 99 (GIO) NOTED,,,,,,24.0,2019,21
22410839.0,Flag,WAVED BLUE FLAG FOR CAR 10 (GAS) TIMED AT 17:54:02,,BLUE,Driver,,10.0,24.0,2019,21
22410902.0,Flag,WAVED BLUE FLAG FOR CAR 10 (GAS) TIMED AT 17:55:06,,BLUE,Driver,,10.0,25.0,2019,21
22410919.0,Flag,WAVED BLUE FLAG FOR CAR 18 (STR) TIMED AT 17:55:22,,BLUE,Driver,,18.0,25.0,2019,21
22410983.0,Other,"SMALL DEBRIS AT TURNS 11, 12 AND 14",,,,,,26.0,2019,21
22411053.0,Other,TURN 11 INCIDENT INVOLVING CARS 88 (KUB) AND 99 (GIO) UNDER INVESTIGATION,,,,,,26.0,2019,21
22411113.0,Flag,WAVED BLUE FLAG FOR CAR 88 (KUB) TIMED AT 17:58:36,,BLUE,Driver,,88.0,27.0,2019,21
22411175.0,Flag,WAVED BLUE FLAG FOR CAR 18 (STR) TIMED AT 17:59:38,,BLUE,Driver,,18.0,27.0,2019,21
22411197.0,Other,TURN 11 INCIDENT INVOLVING CARS 88 (KUB) AND 99 (GIO) - NO FURTHER ACTION,,,,,,27.0,2019,21
22411232.0,Flag,WAVED BLUE FLAG FOR CAR 99 (GIO) TIMED AT 18:00:36,,BLUE,Driver,,99.0,28.0,2019,21
22411306.0,Flag,WAVED BLUE FLAG FOR CAR 63 (RUS) TIMED AT 18:01:50,,BLUE,Driver,,63.0,28.0,2019,21
22411461.0,Flag,WAVED BLUE FLAG FOR CAR 8 (GRO) TIMED AT 18:04:24,,BLUE,Driver,,8.0,30.0,2019,21
22411591.0,Flag,WAVED BLUE FLAG FOR CAR 10 (GAS) TIMED AT 18:06:34,,BLUE,Driver,,10.0,31.0,2019,21
22411644.0,Flag,WAVED BLUE FLAG FOR CAR 63 (RUS) TIMED AT 18:07:27,,BLUE,Driver,,63.0,32.0,2019,21
22411831.0,Flag,WAVED BLUE FLAG FOR CAR 88 (KUB) TIMED AT 18:10:34,,BLUE,Driver,,88.0,34.0,2019,21
22411872.0,Flag,WAVED BLUE FLAG FOR CAR 88 (KUB) TIMED AT 18:11:15,,BLUE,Driver,,88.0,34.0,2019,21
22411881.0,Flag,WAVED BLUE FLAG FOR CAR 63 (RUS) TIMED AT 18:11:24,,BLUE,Driver,,63.0,34.0,2019,21
22411958.0,Flag,WAVED BLUE FLAG FOR CAR 88 (KUB) TIMED AT 18:12:41,,BLUE,Driver,,88.0,35.0,2019,21
22412127.0,Flag,WAVED BLUE FLAG FOR CAR 8 (GRO) TIMED AT 18:15:31,,BLUE,Driver,,8.0,37.0,2019,21
22412237.0,Flag,WAVED BLUE FLAG FOR CAR 7 (RAI) TIMED AT 18:17:21,,BLUE,Driver,,7.0,38.0,2019,21
22412275.0,Flag,WAVED BLUE FLAG FOR CAR 7 (RAI) TIMED AT 18:17:59,,BLUE,Driver,,7.0,38.0,2019,21
22412294.0,Flag,WAVED BLUE FLAG FOR CAR 20 (MAG) TIMED AT 18:18:18,,BLUE,Driver,,20.0,38.0,2019,21
22412407.0,Flag,WAVED BLUE FLAG FOR CAR 10 (GAS) TIMED AT 18:20:11,,BLUE,Driver,,10.0,39.0,2019,21
22412515.0,Flag,WAVED BLUE FLAG FOR CAR 18 (STR) TIMED AT 18:21:58,,BLUE,Driver,,18.0,40.0,2019,21
22412539.0,Flag,WAVED BLUE FLAG FOR CAR 88 (KUB) TIMED AT 18:22:22,,BLUE,Driver,,88.0,41.0,2019,21
22412608.0,Flag,WAVED BLUE FLAG FOR CAR 18 (STR) TIMED AT 18:23:31,,BLUE,Driver,,18.0,41.0,2019,21
22412629.0,Flag,WAVED BLUE FLAG FOR CAR 3 (RIC) TIMED AT 18:23:52,,BLUE,Driver,,3.0,41.0,2019,21
22412674.0,Flag,WAVED BLUE FLAG FOR CAR 99 (GIO) TIMED AT 18:24:38,,BLUE,Driver,,99.0,42.0,2019,21
22412680.0,Flag,WAVED BLUE FLAG FOR CAR 18 (STR) TIMED AT 18:24:44,,BLUE,Driver,,18.0,42.0,2019,21
22412731.0,Flag,WAVED BLUE FLAG FOR CAR 11 (PER) TIMED AT 18:25:35,,BLUE,Driver,,11.0,42.0,2019,21
22412741.0,Flag,WAVED BLUE FLAG FOR CAR 20 (MAG) TIMED AT 18:25:45,,BLUE,Driver,,20.0,43.0,2019,21
22412752.0,Flag,WAVED BLUE FLAG FOR CAR 63 (RUS) TIMED AT 18:25:56,,BLUE,Driver,,63.0,43.0,2019,21
22412860.0,Flag,WAVED BLUE FLAG FOR CAR 27 (HUL) TIMED AT 18:27:43,,BLUE,Driver,,27.0,44.0,2019,21
22412870.0,Flag,WAVED BLUE FLAG FOR CAR 99 (GIO) TIMED AT 18:27:53,,BLUE,Driver,,99.0,44.0,2019,21
22412946.0,Flag,WAVED BLUE FLAG FOR CAR 4 (NOR) TIMED AT 18:29:09,,BLUE,Driver,,4.0,45.0,2019,21
22412990.0,Flag,WAVED BLUE FLAG FOR CAR 8 (GRO) TIMED AT 18:29:53,,BLUE,Driver,,8.0,45.0,2019,21
22413003.0,Flag,WAVED BLUE FLAG FOR CAR 7 (RAI) TIMED AT 18:30:07,,BLUE,Driver,,7.0,45.0,2019,21
22413027.0,Flag,WAVED BLUE FLAG FOR CAR 18 (STR) TIMED AT 18:30:31,,BLUE,Driver,,18.0,45.0,2019,21
22413103.0,Flag,WAVED BLUE FLAG FOR CAR 99 (GIO) TIMED AT 18:31:47,,BLUE,Driver,,99.0,46.0,2019,21
22413180.0,CarEvent,CAR 18 (STR) MISSED THE APEX OF TURN 9,,,,,18.0,47.0,2019,21
22413221.0,Flag,WAVED BLUE FLAG FOR CAR 8 (GRO) TIMED AT 18:33:45,,BLUE,Driver,,8.0,47.0,2019,21
22413238.0,Flag,WAVED BLUE FLAG FOR CAR 8 (GRO) TIMED AT 18:34:01,,BLUE,Driver,,8.0,47.0,2019,21
22413359.0,Flag,WAVED BLUE FLAG FOR CAR 88 (KUB) TIMED AT 18:36:03,,BLUE,Driver,,88.0,49.0,2019,21
22413380.0,Flag,WAVED BLUE FLAG FOR CAR 99 (GIO) TIMED AT 18:36:24,,BLUE,Driver,,99.0,49.0,2019,21
22413388.0,Flag,WAVED BLUE FLAG FOR CAR 27 (HUL) TIMED AT 18:36:32,,BLUE,Driver,,27.0,49.0,2019,21
22413456.0,Flag,WAVED BLUE FLAG FOR CAR 10 (GAS) TIMED AT 18:37:40,,BLUE,Driver,,10.0,50.0,2019,21
22413463.0,CarEvent,CAR 26 (KVY) MISSED THE APEX OF TURN 18,,,,,26.0,50.0,2019,21
22413474.0,Flag,WAVED BLUE FLAG FOR CAR 26 (KVY) TIMED AT 18:37:57,,BLUE,Driver,,26.0,50.0,2019,21
22413557.0,Flag,WAVED BLUE FLAG FOR CAR 20 (MAG) TIMED AT 18:39:20,,BLUE,Driver,,20.0,51.0,2019,21
22413678.0,Flag,WAVED BLUE FLAG FOR CAR 20 (MAG) TIMED AT 18:41:21,,BLUE,Driver,,20.0,52.0,2019,21
22413737.0,Flag,WAVED BLUE FLAG FOR CAR 11 (PER) TIMED AT 18:42:20,,BLUE,Driver,,11.0,52.0,2019,21
22413767.0,Flag,WAVED BLUE FLAG FOR CAR 8 (GRO) TIMED AT 18:42:51,,BLUE,Driver,,8.0,53.0,2019,21
22413805.0,Flag,WAVED BLUE FLAG FOR CAR 11 (PER) TIMED AT 18:43:29,,BLUE,Driver,,11.0,53.0,2019,21
22413808.0,Flag,WAVED BLUE FLAG FOR CAR 4 (NOR) TIMED AT 18:43:32,,BLUE,Driver,,4.0,53.0,2019,21
22413885.0,Flag,WAVED BLUE FLAG FOR CAR 88 (KUB) TIMED AT 18:44:48,,BLUE,Driver,,88.0,54.0,2019,21
22414033.0,Flag,WAVED BLUE FLAG FOR CAR 88 (KUB) TIMED AT 18:47:16,,BLUE,Driver,,88.0,55.0,2019,21
22414053.0,Flag,CHEQUERED FLAG,,CHEQUERED,Track,,,55.0,2019,21
22414071.0,Flag,WAVED BLUE FLAG FOR CAR 88 (KUB) TIMED AT 18:47:54,,BLUE,Driver,,88.0,55.0,2019,21
