Time,Driver,DriverNumber,LapTime,LapNumber,Stint,PitOutTime,PitInTime,Sector1Time,Sector2Time,Sector3Time,Sector1SessionTime,Sector2SessionTime,Sector3SessionTime,SpeedI1,SpeedI2,SpeedFL,SpeedST,IsPersonalBest,Compound,TyreLife,FreshTyre,Team,LapStartTime,LapStartDate,TrackStatus,Position,Deleted,DeletedReason,FastF1Generated,IsAccurate,Season,Round,EventName
0 days 01:00:31.298000,HAM,44,0 days 00:01:38.924000,13.0,1.0,,0 days 01:00:29.611000,0 days 00:00:30.770000,0 days 00:00:41.776000,0 days 00:00:26.378000,0 days 00:59:23.146000,0 days 01:00:04.922000,0 days 01:00:31.300000,230.0,253.0,,290.0,False,MEDIUM,16.0,False,Mercedes,0 days 00:58:52.374000,,1,2.0,,,False,False,2021,1,Bahrain Grand Prix
0 days 01:02:26.304000,HAM,44,0 days 00:01:55.006000,14.0,2.0,0 days 01:00:54.547000,,0 days 00:00:51.319000,0 days 00:00:40.418000,0 days 00:00:23.269000,0 days 01:01:22.619000,0 days 01:02:03.037000,0 days 01:02:26.306000,233.0,257.0,280.0,221.0,False,HARD,1.0,True,Mercedes,0 days 01:00:31.298000,,1,4.0,,,False,False,2021,1,Bahrain Grand Prix
0 days 01:24:42.938000,HAM,44,0 days 00:01:37.835000,28.0,2.0,,0 days 01:24:41.240000,0 days 00:00:30.543000,0 days 00:00:41.164000,0 days 00:00:26.128000,0 days 01:23:35.648000,0 days 01:24:16.812000,0 days 01:24:42.940000,232.0,255.0,,285.0,False,HARD,15.0,True,Mercedes,0 days 01:23:05.103000,,1,2.0,,,False,False,2021,1,Bahrain Grand Prix
0 days 01:26:38.132000,HAM,44,0 days 00:01:55.194000,29.0,3.0,0 days 01:25:05.375000,,0 days 00:00:50.613000,0 days 00:00:41.312000,0 days 00:00:23.269000,0 days 01:25:33.553000,0 days 01:26:14.865000,0 days 01:26:38.134000,231.0,255.0,277.0,223.0,False,HARD,1.0,True,Mercedes,0 days 01:24:42.938000,,1,3.0,,,False,False,2021,1,Bahrain Grand Prix
0 days 01:06:56.905000,VER,33,0 days 00:01:39.153000,17.0,1.0,,0 days 01:06:55.220000,0 days 00:00:31.143000,0 days 00:00:41.614000,0 days 00:00:26.396000,0 days 01:05:48.921000,0 days 01:06:30.535000,0 days 01:06:56.931000,231.0,251.0,,283.0,False,MEDIUM,20.0,False,Red Bull Racing,0 days 01:05:17.752000,,1,1.0,,,False,False,2021,1,Bahrain Grand Prix
0 days 01:08:52.437000,VER,33,0 days 00:01:55.532000,18.0,2.0,0 days 01:07:20.122000,,0 days 00:00:51.372000,0 days 00:00:40.699000,0 days 00:00:23.461000,0 days 01:07:48.303000,0 days 01:08:29.002000,0 days 01:08:52.463000,235.0,258.0,274.0,220.0,False,MEDIUM,1.0,True,Red Bull Racing,0 days 01:06:56.905000,,1,2.0,,,False,False,2021,1,Bahrain Grand Prix
0 days 01:42:15.088000,VER,33,0 days 00:01:37.828000,39.0,2.0,,0 days 01:42:13.427000,0 days 00:00:30.811000,0 days 00:00:41.084000,0 days 00:00:25.933000,0 days 01:41:08.097000,0 days 01:41:49.181000,0 days 01:42:15.114000,232.0,262.0,,285.0,False,MEDIUM,22.0,True,Red Bull Racing,0 days 01:40:37.260000,,1,1.0,,,False,False,2021,1,Bahrain Grand Prix
0 days 01:44:08.525000,VER,33,0 days 00:01:53.437000,40.0,3.0,0 days 01:42:37.245000,,0 days 00:00:50.120000,0 days 00:00:40.205000,0 days 00:00:23.112000,0 days 01:43:05.234000,0 days 01:43:45.439000,0 days 01:44:08.551000,235.0,257.0,276.0,220.0,False,HARD,1.0,True,Red Bull Racing,0 days 01:42:15.088000,,1,2.0,,,False,False,2021,1,Bahrain Grand Prix
0 days 01:05:26.391000,BOT,77,0 days 00:01:39.534000,16.0,1.0,,0 days 01:05:24.696000,0 days 00:00:30.967000,0 days 00:00:41.984000,0 days 00:00:26.583000,0 days 01:04:17.840000,0 days 01:04:59.824000,0 days 01:05:26.407000,232.0,253.0,,288.0,False,MEDIUM,19.0,False,Mercedes,0 days 01:03:46.857000,,1,2.0,,,False,False,2021,1,Bahrain Grand Prix
0 days 01:07:21.110000,BOT,77,0 days 00:01:54.719000,17.0,2.0,0 days 01:05:48.940000,,0 days 00:00:50.913000,0 days 00:00:40.348000,0 days 00:00:23.458000,0 days 01:06:17.320000,0 days 01:06:57.668000,0 days 01:07:21.126000,238.0,263.0,279.0,220.0,False,HARD,1.0,True,Mercedes,0 days 01:05:26.391000,,1,4.0,,,False,False,2021,1,Bahrain Grand Prix
0 days 01:28:01.018000,BOT,77,0 days 00:01:38.028000,30.0,2.0,,0 days 01:27:59.311000,0 days 00:00:30.631000,0 days 00:00:41.157000,0 days 00:00:26.240000,0 days 01:26:53.637000,0 days 01:27:34.794000,0 days 01:28:01.034000,233.0,255.0,,295.0,False,HARD,14.0,True,Mercedes,0 days 01:26:22.990000,,1,2.0,,,False,False,2021,1,Bahrain Grand Prix
0 days 01:30:04.836000,BOT,77,0 days 00:02:03.818000,31.0,3.0,0 days 01:28:32.248000,,0 days 00:00:59.583000,0 days 00:00:40.881000,0 days 00:00:23.354000,0 days 01:29:00.617000,0 days 01:29:41.498000,0 days 01:30:04.852000,236.0,253.0,280.0,221.0,False,HARD,1.0,True,Mercedes,0 days 01:28:01.018000,,1,5.0,,,False,False,2021,1,Bahrain Grand Prix
0 days 02:06:23.439000,BOT,77,0 days 00:01:37.802000,54.0,3.0,,0 days 02:06:21.738000,0 days 00:00:30.429000,0 days 00:00:41.173000,0 days 00:00:26.200000,0 days 02:05:16.082000,0 days 02:05:57.255000,0 days 02:06:23.455000,237.0,255.0,,297.0,False,HARD,24.0,True,Mercedes,0 days 02:04:45.637000,,1,3.0,,,False,False,2021,1,Bahrain Grand Prix
0 days 02:08:19.338000,BOT,77,0 days 00:01:55.899000,55.0,4.0,0 days 02:06:46.324000,,0 days 00:00:51.053000,0 days 00:00:41.034000,0 days 00:00:23.812000,0 days 02:07:14.508000,0 days 02:07:55.542000,0 days 02:08:19.354000,237.0,245.0,280.0,221.0,False,MEDIUM,4.0,False,Mercedes,0 days 02:06:23.439000,,1,3.0,,,False,False,2021,1,Bahrain Grand Prix
0 days 00:59:07.071000,NOR,4,0 days 00:01:40.425000,12.0,1.0,,0 days 00:59:05.532000,0 days 00:00:31.480000,0 days 00:00:42.090000,0 days 00:00:26.855000,0 days 00:57:58.217000,0 days 00:58:40.307000,0 days 00:59:07.162000,232.0,249.0,,285.0,False,SOFT,15.0,False,McLaren,0 days 00:57:26.646000,,1,5.0,,,False,False,2021,1,Bahrain Grand Prix
0 days 01:01:04.488000,NOR,4,0 days 00:01:57.417000,13.0,2.0,0 days 00:59:30.380000,,0 days 00:00:52.121000,0 days 00:00:41.374000,0 days 00:00:23.922000,0 days 00:59:59.283000,0 days 01:00:40.657000,0 days 01:01:04.579000,233.0,242.0,291.0,219.0,False,MEDIUM,1.0,True,McLaren,0 days 00:59:07.071000,,1,13.0,,,False,False,2021,1,Bahrain Grand Prix
0 days 01:33:13.577000,NOR,4,0 days 00:01:39.275000,33.0,2.0,,0 days 01:33:11.987000,0 days 00:00:31.180000,0 days 00:00:41.605000,0 days 00:00:26.490000,0 days 01:32:05.573000,0 days 01:32:47.178000,0 days 01:33:13.668000,234.0,258.0,,283.0,False,MEDIUM,21.0,True,McLaren,0 days 01:31:34.302000,,1,3.0,,,False,False,2021,1,Bahrain Grand Prix
0 days 01:35:10.387000,NOR,4,0 days 00:01:56.810000,34.0,3.0,0 days 01:33:37.645000,,0 days 00:00:52.362000,0 days 00:00:41.140000,0 days 00:00:23.308000,0 days 01:34:06.030000,0 days 01:34:47.170000,0 days 01:35:10.478000,234.0,248.0,277.0,221.0,False,HARD,1.0,True,McLaren,0 days 01:33:13.577000,,1,6.0,,,False,False,2021,1,Bahrain Grand Prix
0 days 00:39:38.077000,PER,11,0 days 00:02:27.951000,1.0,1.0,0 days 00:37:22.315000,,,0 days 00:01:02.008000,0 days 00:00:41.807000,,0 days 00:38:56.399000,0 days 00:39:38.202000,231.0,88.0,180.0,204.0,False,MEDIUM,4.0,False,Red Bull Racing,0 days 00:37:09.970000,,124,19.0,,,False,False,2021,1,Bahrain Grand Prix
0 days 00:41:58.743000,PER,11,0 days 00:02:20.666000,2.0,1.0,,0 days 00:41:57.867000,0 days 00:00:43.624000,0 days 00:00:58.002000,0 days 00:00:39.040000,0 days 00:40:21.741000,0 days 00:41:19.743000,0 days 00:41:58.783000,212.0,243.0,,246.0,False,MEDIUM,5.0,False,Red Bull Racing,0 days 00:39:38.077000,,4,19.0,,,False,False,2021,1,Bahrain Grand Prix
0 days 00:44:13.989000,PER,11,0 days 00:02:15.246000,3.0,2.0,0 days 00:42:21.058000,,0 days 00:00:52.196000,0 days 00:00:44.804000,0 days 00:00:38.246000,0 days 00:42:50.979000,0 days 00:43:35.783000,0 days 00:44:14.029000,217.0,245.0,230.0,207.0,False,MEDIUM,4.0,False,Red Bull Racing,0 days 00:41:58.743000,,41,19.0,,,False,False,2021,1,Bahrain Grand Prix
0 days 01:10:37.326000,PER,11,0 days 00:01:39.720000,19.0,2.0,,0 days 01:10:35.674000,0 days 00:00:31.247000,0 days 00:00:41.820000,0 days 00:00:26.653000,0 days 01:09:28.893000,0 days 01:10:10.713000,0 days 01:10:37.366000,235.0,258.0,,293.0,False,MEDIUM,20.0,False,Red Bull Racing,0 days 01:08:57.606000,,1,4.0,,,False,False,2021,1,Bahrain Grand Prix
0 days 01:12:33.838000,PER,11,0 days 00:01:56.512000,20.0,3.0,0 days 01:10:59.792000,,0 days 00:00:51.242000,0 days 00:00:41.359000,0 days 00:00:23.911000,0 days 01:11:28.608000,0 days 01:12:09.967000,0 days 01:12:33.878000,231.0,248.0,287.0,217.0,False,HARD,1.0,True,Red Bull Racing,0 days 01:10:37.326000,,1,12.0,,,False,False,2021,1,Bahrain Grand Prix
0 days 01:41:22.298000,PER,11,0 days 00:01:38.802000,38.0,3.0,,0 days 01:41:20.638000,0 days 00:00:31.134000,0 days 00:00:41.447000,0 days 00:00:26.221000,0 days 01:40:14.670000,0 days 01:40:56.117000,0 days 01:41:22.338000,235.0,259.0,,293.0,False,HARD,19.0,True,Red Bull Racing,0 days 01:39:43.496000,,1,4.0,,,False,False,2021,1,Bahrain Grand Prix
0 days 01:43:19.048000,PER,11,0 days 00:01:56.750000,39.0,4.0,0 days 01:41:44.805000,,0 days 00:00:51.080000,0 days 00:00:42.082000,0 days 00:00:23.588000,0 days 01:42:13.418000,0 days 01:42:55.500000,0 days 01:43:19.088000,235.0,255.0,289.0,219.0,False,MEDIUM,6.0,False,Red Bull Racing,0 days 01:41:22.298000,,1,8.0,,,False,False,2021,1,Bahrain Grand Prix
0 days 00:59:08.573000,LEC,16,0 days 00:01:40.477000,12.0,1.0,,0 days 00:59:06.889000,0 days 00:00:31.199000,0 days 00:00:42.368000,0 days 00:00:26.910000,0 days 00:57:59.328000,0 days 00:58:41.696000,0 days 00:59:08.606000,234.0,255.0,,296.0,False,SOFT,15.0,False,Ferrari,0 days 00:57:28.096000,,1,6.0,,,False,False,2021,1,Bahrain Grand Prix
0 days 01:01:05.346000,LEC,16,0 days 00:01:56.773000,13.0,2.0,0 days 00:59:31.829000,,0 days 00:00:51.617000,0 days 00:00:41.410000,0 days 00:00:23.746000,0 days 01:00:00.223000,0 days 01:00:41.633000,0 days 01:01:05.379000,237.0,249.0,289.0,223.0,False,MEDIUM,1.0,True,Ferrari,0 days 00:59:08.573000,,1,14.0,,,False,False,2021,1,Bahrain Grand Prix
0 days 01:31:42.292000,LEC,16,0 days 00:01:39.973000,32.0,2.0,,0 days 01:31:40.633000,0 days 00:00:31.279000,0 days 00:00:42.007000,0 days 00:00:26.687000,0 days 01:30:33.631000,0 days 01:31:15.638000,0 days 01:31:42.325000,235.0,254.0,,291.0,False,MEDIUM,20.0,True,Ferrari,0 days 01:30:02.319000,,1,5.0,,,False,False,2021,1,Bahrain Grand Prix
0 days 01:33:37.548000,LEC,16,0 days 00:01:55.256000,33.0,3.0,0 days 01:32:04.850000,,0 days 00:00:50.776000,0 days 00:00:40.957000,0 days 00:00:23.523000,0 days 01:32:33.101000,0 days 01:33:14.058000,0 days 01:33:37.581000,237.0,249.0,275.0,221.0,False,HARD,1.0,True,Ferrari,0 days 01:31:42.292000,,1,7.0,,,False,False,2021,1,Bahrain Grand Prix
0 days 01:00:47.265000,RIC,3,0 days 00:01:40.195000,13.0,1.0,,0 days 01:00:45.671000,0 days 00:00:31.212000,0 days 00:00:42.104000,0 days 00:00:26.879000,0 days 00:59:38.311000,0 days 01:00:20.415000,0 days 01:00:47.294000,231.0,251.0,,280.0,False,SOFT,16.0,False,McLaren,0 days 00:59:07.070000,,1,4.0,,,False,False,2021,1,Bahrain Grand Prix
0 days 01:02:44.692000,RIC,3,0 days 00:01:57.427000,14.0,2.0,0 days 01:01:10.325000,,0 days 00:00:51.318000,0 days 00:00:42.275000,0 days 00:00:23.834000,0 days 01:01:38.612000,0 days 01:02:20.887000,0 days 01:02:44.721000,235.0,252.0,296.0,224.0,False,MEDIUM,1.0,True,McLaren,0 days 01:00:47.265000,,1,11.0,,,False,False,2021,1,Bahrain Grand Prix
0 days 01:31:47,RIC,3,0 days 00:01:39.803000,32.0,2.0,,0 days 01:31:45.358000,0 days 00:00:31.695000,0 days 00:00:41.897000,0 days 00:00:26.211000,0 days 01:30:38.921000,0 days 01:31:20.818000,0 days 01:31:47.029000,237.0,252.0,,290.0,False,MEDIUM,19.0,True,McLaren,0 days 01:30:07.197000,,1,7.0,,,False,False,2021,1,Bahrain Grand Prix
0 days 01:33:43.039000,RIC,3,0 days 00:01:56.039000,33.0,3.0,0 days 01:32:10.049000,,0 days 00:00:51.165000,0 days 00:00:41.228000,0 days 00:00:23.646000,0 days 01:32:38.194000,0 days 01:33:19.422000,0 days 01:33:43.068000,235.0,255.0,278.0,224.0,False,HARD,1.0,True,McLaren,0 days 01:31:47,,1,9.0,,,False,False,2021,1,Bahrain Grand Prix
0 days 01:04:06.170000,SAI,55,0 days 00:01:40.840000,15.0,1.0,,0 days 01:04:04.526000,0 days 00:00:31.479000,0 days 00:00:42.401000,0 days 00:00:26.960000,0 days 01:02:56.819000,0 days 01:03:39.220000,0 days 01:04:06.180000,239.0,252.0,,287.0,False,SOFT,18.0,False,Ferrari,0 days 01:02:25.330000,,1,5.0,,,False,False,2021,1,Bahrain Grand Prix
0 days 01:06:02.718000,SAI,55,0 days 00:01:56.548000,16.0,2.0,0 days 01:04:28.934000,,0 days 00:00:50.832000,0 days 00:00:41.908000,0 days 00:00:23.808000,0 days 01:04:57.012000,0 days 01:05:38.920000,0 days 01:06:02.728000,236.0,244.0,274.0,221.0,False,MEDIUM,1.0,True,Ferrari,0 days 01:04:06.170000,,1,11.0,,,False,False,2021,1,Bahrain Grand Prix
0 days 01:39:55.764000,SAI,55,0 days 00:01:39.631000,37.0,2.0,,0 days 01:39:54.069000,0 days 00:00:31.119000,0 days 00:00:41.822000,0 days 00:00:26.690000,0 days 01:38:47.262000,0 days 01:39:29.084000,0 days 01:39:55.774000,237.0,257.0,,287.0,False,MEDIUM,22.0,True,Ferrari,0 days 01:38:16.133000,,1,6.0,,,False,False,2021,1,Bahrain Grand Prix
0 days 01:41:50.892000,SAI,55,0 days 00:01:55.128000,38.0,3.0,0 days 01:40:18.443000,,0 days 00:00:51.122000,0 days 00:00:40.635000,0 days 00:00:23.371000,0 days 01:40:46.896000,0 days 01:41:27.531000,0 days 01:41:50.902000,238.0,250.0,275.0,214.0,False,HARD,1.0,True,Ferrari,0 days 01:39:55.764000,,1,9.0,,,False,False,2021,1,Bahrain Grand Prix
0 days 01:04:14.831000,TSU,22,0 days 00:01:40.580000,15.0,1.0,,0 days 01:04:13.137000,0 days 00:00:31.299000,0 days 00:00:42.159000,0 days 00:00:27.122000,0 days 01:03:05.560000,0 days 01:03:47.719000,0 days 01:04:14.841000,233.0,257.0,,284.0,False,MEDIUM,18.0,False,AlphaTauri,0 days 01:02:34.251000,,1,7.0,,,False,False,2021,1,Bahrain Grand Prix
0 days 01:06:11.958000,TSU,22,0 days 00:01:57.127000,16.0,2.0,0 days 01:04:38.216000,,0 days 00:00:51.855000,0 days 00:00:41.497000,0 days 00:00:23.775000,0 days 01:05:06.696000,0 days 01:05:48.193000,0 days 01:06:11.968000,233.0,255.0,277.0,221.0,False,HARD,1.0,True,AlphaTauri,0 days 01:04:14.831000,,1,14.0,,,False,False,2021,1,Bahrain Grand Prix
0 days 01:33:38.580000,TSU,22,0 days 00:01:39.388000,33.0,2.0,,0 days 01:33:36.906000,0 days 00:00:31.161000,0 days 00:00:41.857000,0 days 00:00:26.370000,0 days 01:32:30.363000,0 days 01:33:12.220000,0 days 01:33:38.590000,235.0,259.0,,289.0,False,HARD,18.0,True,AlphaTauri,0 days 01:31:59.192000,,1,8.0,,,False,False,2021,1,Bahrain Grand Prix
0 days 01:35:34.353000,TSU,22,0 days 00:01:55.773000,34.0,3.0,0 days 01:34:01.225000,,0 days 00:00:51.115000,0 days 00:00:41.196000,0 days 00:00:23.462000,0 days 01:34:29.705000,0 days 01:35:10.901000,0 days 01:35:34.363000,235.0,261.0,281.0,223.0,False,HARD,1.0,True,AlphaTauri,0 days 01:33:38.580000,,1,13.0,,,False,False,2021,1,Bahrain Grand Prix
0 days 00:59:11.217000,STR,18,0 days 00:01:40.751000,12.0,1.0,,0 days 00:59:09.889000,0 days 00:00:31.237000,0 days 00:00:42.461000,0 days 00:00:27.053000,0 days 00:58:01.728000,0 days 00:58:44.189000,0 days 00:59:11.242000,229.0,245.0,,291.0,False,SOFT,15.0,False,Aston Martin,0 days 00:57:30.466000,,1,8.0,,,False,False,2021,1,Bahrain Grand Prix
0 days 01:01:08.057000,STR,18,0 days 00:01:56.840000,13.0,2.0,0 days 00:59:35.926000,,0 days 00:00:51.740000,0 days 00:00:41.457000,0 days 00:00:23.643000,0 days 01:00:02.982000,0 days 01:00:44.439000,0 days 01:01:08.082000,232.0,247.0,281.0,223.0,False,MEDIUM,1.0,True,Aston Martin,0 days 00:59:11.217000,,1,16.0,,,False,False,2021,1,Bahrain Grand Prix
0 days 01:25:25.967000,STR,18,0 days 00:01:39.588000,28.0,2.0,,0 days 01:25:24.368000,0 days 00:00:31.075000,0 days 00:00:42.120000,0 days 00:00:26.393000,0 days 01:24:17.479000,0 days 01:24:59.599000,0 days 01:25:25.992000,231.0,251.0,,298.0,False,MEDIUM,16.0,True,Aston Martin,0 days 01:23:46.379000,,1,9.0,,,False,False,2021,1,Bahrain Grand Prix
0 days 01:27:23.480000,STR,18,0 days 00:01:57.513000,29.0,3.0,0 days 01:25:50.113000,,0 days 00:00:52.669000,0 days 00:00:41.210000,0 days 00:00:23.634000,0 days 01:26:18.661000,0 days 01:26:59.871000,0 days 01:27:23.505000,234.0,253.0,275.0,221.0,False,HARD,1.0,True,Aston Martin,0 days 01:25:25.967000,,1,15.0,,,False,False,2021,1,Bahrain Grand Prix
0 days 01:00:54.348000,RAI,7,0 days 00:01:39.710000,13.0,1.0,,0 days 01:00:52.633000,0 days 00:00:30.751000,0 days 00:00:42.156000,0 days 00:00:26.803000,0 days 00:59:45.402000,0 days 01:00:27.558000,0 days 01:00:54.361000,232.0,250.0,,306.0,False,MEDIUM,13.0,True,Alfa Romeo Racing,0 days 00:59:14.638000,,1,7.0,,,False,False,2021,1,Bahrain Grand Prix
0 days 01:02:51.381000,RAI,7,0 days 00:01:57.033000,14.0,2.0,0 days 01:01:16.777000,,0 days 00:00:51.087000,0 days 00:00:42.119000,0 days 00:00:23.827000,0 days 01:01:45.448000,0 days 01:02:27.567000,0 days 01:02:51.394000,230.0,239.0,273.0,222.0,False,HARD,1.0,True,Alfa Romeo Racing,0 days 01:00:54.348000,,1,14.0,,,False,False,2021,1,Bahrain Grand Prix
0 days 01:27:08.440000,RAI,7,0 days 00:01:39.035000,29.0,2.0,,0 days 01:27:06.760000,0 days 00:00:31.020000,0 days 00:00:41.636000,0 days 00:00:26.379000,0 days 01:26:00.438000,0 days 01:26:42.074000,0 days 01:27:08.453000,234.0,257.0,,291.0,False,HARD,16.0,True,Alfa Romeo Racing,0 days 01:25:29.405000,,1,9.0,,,False,False,2021,1,Bahrain Grand Prix
0 days 01:29:05.074000,RAI,7,0 days 00:01:56.634000,30.0,3.0,0 days 01:27:30.884000,,0 days 00:00:51.035000,0 days 00:00:42.023000,0 days 00:00:23.576000,0 days 01:27:59.488000,0 days 01:28:41.511000,0 days 01:29:05.087000,234.0,242.0,274.0,223.0,False,MEDIUM,1.0,True,Alfa Romeo Racing,0 days 01:27:08.440000,,1,14.0,,,False,False,2021,1,Bahrain Grand Prix
0 days 00:59:16.754000,GIO,99,0 days 00:01:40.892000,12.0,1.0,,0 days 00:59:15.082000,0 days 00:00:31.343000,0 days 00:00:42.449000,0 days 00:00:27.100000,0 days 00:58:07.224000,0 days 00:58:49.673000,0 days 00:59:16.773000,232.0,252.0,,294.0,False,MEDIUM,12.0,True,Alfa Romeo Racing,0 days 00:57:35.862000,,1,11.0,,,False,False,2021,1,Bahrain Grand Prix
0 days 01:01:22.105000,GIO,99,0 days 00:02:05.351000,13.0,2.0,0 days 00:59:47.110000,,0 days 00:00:59.554000,0 days 00:00:42.018000,0 days 00:00:23.779000,0 days 01:00:16.327000,0 days 01:00:58.345000,0 days 01:01:22.124000,235.0,247.0,275.0,220.0,False,HARD,1.0,True,Alfa Romeo Racing,0 days 00:59:16.754000,,1,18.0,,,False,False,2021,1,Bahrain Grand Prix
0 days 01:28:55.884000,GIO,99,0 days 00:01:39.490000,30.0,2.0,,0 days 01:28:55.899000,0 days 00:00:30.964000,0 days 00:00:42.096000,0 days 00:00:26.430000,0 days 01:27:47.377000,0 days 01:28:29.473000,0 days 01:28:55.903000,237.0,251.0,,297.0,False,HARD,18.0,True,Alfa Romeo Racing,0 days 01:27:16.394000,,1,11.0,,,False,False,2021,1,Bahrain Grand Prix
0 days 01:30:52.257000,GIO,99,0 days 00:01:56.373000,31.0,3.0,0 days 01:29:18.438000,,0 days 00:00:51.401000,0 days 00:00:41.491000,0 days 00:00:23.481000,0 days 01:29:47.304000,0 days 01:30:28.795000,0 days 01:30:52.276000,238.0,243.0,295.0,220.0,False,MEDIUM,1.0,True,Alfa Romeo Racing,0 days 01:28:55.884000,,1,17.0,,,False,False,2021,1,Bahrain Grand Prix
0 days 01:00:57.665000,OCO,31,0 days 00:01:40.503000,13.0,1.0,,0 days 01:00:55.991000,0 days 00:00:31.269000,0 days 00:00:42.403000,0 days 00:00:26.831000,0 days 00:59:48.446000,0 days 01:00:30.849000,0 days 01:00:57.680000,229.0,252.0,,293.0,False,SOFT,13.0,True,Alpine,0 days 00:59:17.162000,,1,9.0,,,False,False,2021,1,Bahrain Grand Prix
0 days 01:02:54.887000,OCO,31,0 days 00:01:57.222000,14.0,2.0,0 days 01:01:21.236000,,0 days 00:00:52.025000,0 days 00:00:41.447000,0 days 00:00:23.750000,0 days 01:01:49.705000,0 days 01:02:31.152000,0 days 01:02:54.902000,233.0,254.0,276.0,221.0,False,MEDIUM,1.0,True,Alpine,0 days 01:00:57.665000,,1,15.0,,,False,False,2021,1,Bahrain Grand Prix
0 days 01:30:31.409000,OCO,31,0 days 00:01:39.268000,31.0,2.0,,0 days 01:30:29.744000,0 days 00:00:31.100000,0 days 00:00:41.772000,0 days 00:00:26.396000,0 days 01:29:23.256000,0 days 01:30:05.028000,0 days 01:30:31.424000,232.0,255.0,,287.0,False,MEDIUM,18.0,True,Alpine,0 days 01:28:52.141000,,1,10.0,,,False,False,2021,1,Bahrain Grand Prix
0 days 01:32:27.723000,OCO,31,0 days 00:01:56.314000,32.0,3.0,0 days 01:30:54.204000,,0 days 00:00:51.068000,0 days 00:00:41.533000,0 days 00:00:23.713000,0 days 01:31:22.492000,0 days 01:32:04.025000,0 days 01:32:27.738000,240.0,253.0,292.0,222.0,False,HARD,1.0,True,Alpine,0 days 01:30:31.409000,,1,15.0,,,False,False,2021,1,Bahrain Grand Prix
0 days 01:01:04.369000,RUS,63,0 days 00:01:40.821000,13.0,1.0,,0 days 01:01:02.699000,0 days 00:00:31.452000,0 days 00:00:42.773000,0 days 00:00:26.596000,0 days 00:59:55,0 days 01:00:37.773000,0 days 01:01:04.369000,228.0,241.0,,296.0,False,SOFT,13.0,True,Williams,0 days 00:59:23.548000,,1,12.0,,,False,False,2021,1,Bahrain Grand Prix
0 days 01:03:01.505000,RUS,63,0 days 00:01:57.136000,14.0,2.0,0 days 01:01:27.323000,,0 days 00:00:51.578000,0 days 00:00:41.732000,0 days 00:00:23.826000,0 days 01:01:55.947000,0 days 01:02:37.679000,0 days 01:03:01.505000,230.0,248.0,281.0,221.0,False,MEDIUM,1.0,True,Williams,0 days 01:01:04.369000,,1,18.0,,,False,False,2021,1,Bahrain Grand Prix
0 days 01:38:50.216000,RUS,63,0 days 00:01:42.693000,36.0,2.0,,0 days 01:38:48.507000,0 days 00:00:31.921000,0 days 00:00:44.028000,0 days 00:00:26.744000,0 days 01:37:39.444000,0 days 01:38:23.472000,0 days 01:38:50.216000,232.0,241.0,,287.0,False,MEDIUM,23.0,True,Williams,0 days 01:37:07.523000,,1,13.0,,,False,False,2021,1,Bahrain Grand Prix
0 days 01:40:45.436000,RUS,63,0 days 00:01:55.220000,37.0,3.0,0 days 01:39:12.755000,,0 days 00:00:50.862000,0 days 00:00:41.124000,0 days 00:00:23.234000,0 days 01:39:41.078000,0 days 01:40:22.202000,0 days 01:40:45.436000,233.0,253.0,281.0,223.0,False,MEDIUM,1.0,True,Williams,0 days 01:38:50.216000,,1,16.0,,,False,False,2021,1,Bahrain Grand Prix
0 days 01:19:10.868000,VET,5,0 days 00:01:41.508000,24.0,1.0,,0 days 01:19:09.201000,0 days 00:00:31.588000,0 days 00:00:42.821000,0 days 00:00:27.099000,0 days 01:18:00.976000,0 days 01:18:43.797000,0 days 01:19:10.896000,232.0,249.0,,294.0,False,MEDIUM,24.0,True,Aston Martin,0 days 01:17:29.360000,,1,14.0,,,False,False,2021,1,Bahrain Grand Prix
0 days 01:21:07.462000,VET,5,0 days 00:01:56.594000,25.0,2.0,0 days 01:19:33.805000,,0 days 00:00:51.479000,0 days 00:00:41.404000,0 days 00:00:23.711000,0 days 01:20:02.375000,0 days 01:20:43.779000,0 days 01:21:07.490000,231.0,246.0,275.0,222.0,False,HARD,1.0,True,Aston Martin,0 days 01:19:10.868000,,1,17.0,,,False,False,2021,1,Bahrain Grand Prix
0 days 01:03:00.145000,MSC,47,0 days 00:01:42.903000,14.0,1.0,,0 days 01:02:58.451000,0 days 00:00:31.583000,0 days 00:00:43.799000,0 days 00:00:27.521000,0 days 01:01:48.848000,0 days 01:02:32.647000,0 days 01:03:00.168000,233.0,246.0,,289.0,False,MEDIUM,14.0,True,Haas F1 Team,0 days 01:01:17.242000,,1,17.0,,,False,False,2021,1,Bahrain Grand Prix
0 days 01:05:02.016000,MSC,47,0 days 00:02:01.871000,15.0,2.0,0 days 01:03:24.248000,,0 days 00:00:54.601000,0 days 00:00:42.851000,0 days 00:00:24.419000,0 days 01:03:54.769000,0 days 01:04:37.620000,0 days 01:05:02.039000,231.0,239.0,272.0,213.0,False,MEDIUM,1.0,True,Haas F1 Team,0 days 01:03:00.145000,,1,19.0,,,False,False,2021,1,Bahrain Grand Prix
0 days 01:34:29.115000,MSC,47,0 days 00:01:40.674000,33.0,2.0,,0 days 01:34:27.423000,0 days 00:00:31.493000,0 days 00:00:42.427000,0 days 00:00:26.754000,0 days 01:33:19.957000,0 days 01:34:02.384000,0 days 01:34:29.138000,233.0,251.0,,290.0,False,MEDIUM,19.0,True,Haas F1 Team,0 days 01:32:48.441000,,1,17.0,,,False,False,2021,1,Bahrain Grand Prix
0 days 01:36:28.823000,MSC,47,0 days 00:01:59.708000,34.0,3.0,0 days 01:34:52.805000,,0 days 00:00:52.867000,0 days 00:00:42.576000,0 days 00:00:24.265000,0 days 01:35:22.005000,0 days 01:36:04.581000,0 days 01:36:28.846000,231.0,245.0,274.0,221.0,False,HARD,1.0,True,Haas F1 Team,0 days 01:34:29.115000,,1,18.0,,,False,False,2021,1,Bahrain Grand Prix
0 days 00:46:16.484000,GAS,10,0 days 00:02:06.772000,4.0,1.0,,0 days 00:46:14.801000,0 days 00:00:33.336000,0 days 00:00:50.186000,0 days 00:00:43.250000,0 days 00:44:43.076000,0 days 00:45:33.262000,0 days 00:46:16.512000,229.0,202.0,,297.0,False,MEDIUM,7.0,False,AlphaTauri,0 days 00:44:09.712000,,1267,18.0,,,False,False,2021,1,Bahrain Grand Prix
0 days 00:48:28.018000,GAS,10,0 days 00:02:11.534000,5.0,2.0,0 days 00:46:53.133000,,0 days 00:01:05.748000,0 days 00:00:41.956000,0 days 00:00:23.830000,0 days 00:47:22.260000,0 days 00:48:04.216000,0 days 00:48:28.046000,231.0,251.0,275.0,213.0,False,HARD,1.0,True,AlphaTauri,0 days 00:46:16.484000,,71,19.0,,,False,False,2021,1,Bahrain Grand Prix
0 days 01:11:19.744000,GAS,10,0 days 00:01:40.838000,19.0,2.0,,0 days 01:11:18.062000,0 days 00:00:31.607000,0 days 00:00:42.441000,0 days 00:00:26.790000,0 days 01:10:10.541000,0 days 01:10:52.982000,0 days 01:11:19.772000,233.0,246.0,,293.0,False,HARD,15.0,True,AlphaTauri,0 days 01:09:38.906000,,1,18.0,,,False,False,2021,1,Bahrain Grand Prix
0 days 01:13:19.034000,GAS,10,0 days 00:01:59.290000,20.0,3.0,0 days 01:11:42.399000,,0 days 00:00:52.568000,0 days 00:00:43.028000,0 days 00:00:23.694000,0 days 01:12:12.340000,0 days 01:12:55.368000,0 days 01:13:19.062000,232.0,245.0,276.0,221.0,False,MEDIUM,4.0,False,AlphaTauri,0 days 01:11:19.744000,,1,19.0,,,False,False,2021,1,Bahrain Grand Prix
0 days 01:43:58.048000,GAS,10,0 days 00:01:39.587000,39.0,3.0,,0 days 01:43:56.395000,0 days 00:00:31.306000,0 days 00:00:41.984000,0 days 00:00:26.297000,0 days 01:42:49.795000,0 days 01:43:31.779000,0 days 01:43:58.076000,237.0,255.0,,287.0,False,MEDIUM,23.0,False,AlphaTauri,0 days 01:42:18.461000,,1,16.0,,,False,False,2021,1,Bahrain Grand Prix
0 days 01:45:54.935000,GAS,10,0 days 00:01:56.887000,40.0,4.0,0 days 01:44:21.345000,,0 days 00:00:52.274000,0 days 00:00:41.219000,0 days 00:00:23.394000,0 days 01:44:50.350000,0 days 01:45:31.569000,0 days 01:45:54.963000,237.0,254.0,278.0,218.0,False,HARD,1.0,True,AlphaTauri,0 days 01:43:58.048000,,1,16.0,,,False,False,2021,1,Bahrain Grand Prix
0 days 02:04:52.008000,GAS,10,0 days 00:01:38.051000,52.0,4.0,,0 days 02:04:50.340000,0 days 00:00:30.585000,0 days 00:00:40.930000,0 days 00:00:26.536000,0 days 02:03:44.570000,0 days 02:04:25.500000,0 days 02:04:52.036000,240.0,251.0,,294.0,False,HARD,13.0,True,AlphaTauri,0 days 02:03:13.957000,,1,16.0,,,False,False,2021,1,Bahrain Grand Prix
0 days 01:02:46.301000,LAT,6,0 days 00:01:42.131000,14.0,1.0,,0 days 01:02:44.704000,0 days 00:00:31.834000,0 days 00:00:43.516000,0 days 00:00:26.781000,0 days 01:01:36.017000,0 days 01:02:19.533000,0 days 01:02:46.314000,231.0,245.0,,288.0,False,SOFT,14.0,True,Williams,0 days 01:01:04.170000,,1,13.0,,,False,False,2021,1,Bahrain Grand Prix
0 days 01:04:45.587000,LAT,6,0 days 00:01:59.286000,15.0,2.0,0 days 01:03:10.669000,,0 days 00:00:53.182000,0 days 00:00:42.366000,0 days 00:00:23.738000,0 days 01:03:39.496000,0 days 01:04:21.862000,0 days 01:04:45.600000,227.0,245.0,282.0,224.0,False,MEDIUM,1.0,True,Williams,0 days 01:02:46.301000,,1,18.0,,,False,False,2021,1,Bahrain Grand Prix
0 days 01:32:34.719000,LAT,6,0 days 00:01:42.667000,32.0,2.0,,0 days 01:32:33.032000,0 days 00:00:32.501000,0 days 00:00:43.265000,0 days 00:00:26.901000,0 days 01:31:24.566000,0 days 01:32:07.831000,0 days 01:32:34.732000,226.0,244.0,,279.0,False,MEDIUM,18.0,True,Williams,0 days 01:30:52.052000,,1,17.0,,,False,False,2021,1,Bahrain Grand Prix
0 days 01:34:33.673000,LAT,6,0 days 00:01:58.954000,33.0,3.0,0 days 01:32:57.010000,,0 days 00:00:51.254000,0 days 00:00:43.889000,0 days 00:00:23.811000,0 days 01:33:25.986000,0 days 01:34:09.875000,0 days 01:34:33.686000,224.0,245.0,282.0,225.0,False,MEDIUM,1.0,True,Williams,0 days 01:32:34.719000,,1,18.0,,,False,False,2021,1,Bahrain Grand Prix
0 days 02:04:20.637000,LAT,6,0 days 00:01:46.133000,51.0,3.0,,0 days 02:04:18.972000,0 days 00:00:32.966000,0 days 00:00:44.074000,0 days 00:00:29.093000,0 days 02:03:07.483000,0 days 02:03:51.557000,0 days 02:04:20.650000,225.0,238.0,,293.0,False,MEDIUM,19.0,True,Williams,0 days 02:02:34.504000,,1,18.0,,,False,False,2021,1,Bahrain Grand Prix
0 days 00:57:34.254000,ALO,14,0 days 00:01:40.308000,11.0,1.0,,0 days 00:57:32.560000,0 days 00:00:30.890000,0 days 00:00:42.389000,0 days 00:00:27.029000,0 days 00:56:24.850000,0 days 00:57:07.239000,0 days 00:57:34.268000,230.0,252.0,,314.0,False,SOFT,14.0,False,Alpine,0 days 00:55:53.946000,,1,9.0,,,False,False,2021,1,Bahrain Grand Prix
0 days 00:59:30.376000,ALO,14,0 days 00:01:56.122000,12.0,2.0,0 days 00:57:56.937000,,0 days 00:00:51.038000,0 days 00:00:41.263000,0 days 00:00:23.821000,0 days 00:58:25.306000,0 days 00:59:06.569000,0 days 00:59:30.390000,231.0,254.0,274.0,221.0,False,MEDIUM,1.0,True,Alpine,0 days 00:57:34.254000,,1,17.0,,,False,False,2021,1,Bahrain Grand Prix
0 days 01:27:15.888000,ALO,14,0 days 00:01:40.108000,29.0,2.0,,0 days 01:27:14.206000,0 days 00:00:31.265000,0 days 00:00:42.110000,0 days 00:00:26.733000,0 days 01:26:07.059000,0 days 01:26:49.169000,0 days 01:27:15.902000,229.0,251.0,,284.0,False,MEDIUM,18.0,True,Alpine,0 days 01:25:35.780000,,1,12.0,,,False,False,2021,1,Bahrain Grand Prix
0 days 01:29:13.410000,ALO,14,0 days 00:01:57.522000,30.0,3.0,0 days 01:27:38.977000,,0 days 00:00:51.929000,0 days 00:00:41.775000,0 days 00:00:23.818000,0 days 01:28:07.831000,0 days 01:28:49.606000,0 days 01:29:13.424000,232.0,244.0,289.0,222.0,False,HARD,1.0,True,Alpine,0 days 01:27:15.888000,,1,17.0,,,False,False,2021,1,Bahrain Grand Prix
0 days 01:32:31.786000,ALO,14,0 days 00:01:42.313000,32.0,3.0,,0 days 01:32:30.161000,0 days 00:00:30.933000,0 days 00:00:42.318000,0 days 00:00:29.062000,0 days 01:31:20.420000,0 days 01:32:02.738000,0 days 01:32:31.800000,229.0,236.0,,279.0,False,HARD,3.0,True,Alpine,0 days 01:30:49.473000,,1,16.0,,,False,False,2021,1,Bahrain Grand Prix
0 days 01:00:14.006000,GAS,10,0 days 00:01:40.055000,14.0,1.0,,0 days 01:00:10.679000,0 days 00:00:30.541000,0 days 00:00:33.379000,0 days 00:00:36.135000,0 days 00:59:05.430000,0 days 00:59:38.809000,0 days 01:00:14.944000,191.0,245.0,,264.0,False,WET,14.0,True,AlphaTauri,0 days 00:58:33.951000,,1,17.0,,,False,False,2021,2,Emilia Romagna Grand Prix
0 days 01:02:15.680000,GAS,10,0 days 00:02:01.674000,15.0,2.0,0 days 01:00:41.732000,,0 days 00:00:54.546000,0 days 00:00:33.706000,0 days 00:00:33.422000,0 days 01:01:09.490000,0 days 01:01:43.196000,0 days 01:02:16.618000,198.0,246.0,267.0,264.0,False,INTERMEDIATE,1.0,True,AlphaTauri,0 days 01:00:14.006000,,1,18.0,,,False,False,2021,2,Emilia Romagna Grand Prix
0 days 01:18:49.018000,GAS,10,0 days 00:01:36.337000,26.0,2.0,,0 days 01:18:45.618000,0 days 00:00:28.682000,0 days 00:00:32.874000,0 days 00:00:34.781000,0 days 01:17:42.301000,0 days 01:18:15.175000,0 days 01:18:49.956000,197.0,233.0,,269.0,False,INTERMEDIATE,12.0,True,AlphaTauri,0 days 01:17:12.681000,,1,16.0,,,False,False,2021,2,Emilia Romagna Grand Prix
0 days 01:20:49.661000,GAS,10,0 days 00:02:00.643000,27.0,3.0,0 days 01:19:17.909000,,0 days 00:00:57.596000,0 days 00:00:33.501000,0 days 00:00:29.546000,0 days 01:19:47.552000,0 days 01:20:21.053000,0 days 01:20:50.599000,191.0,249.0,272.0,255.0,False,MEDIUM,1.0,True,AlphaTauri,0 days 01:18:49.018000,,1,16.0,,,False,False,2021,2,Emilia Romagna Grand Prix
0 days 01:29:21.965000,GAS,10,0 days 00:01:59.472000,32.0,3.0,,0 days 01:29:18.556000,0 days 00:00:46.013000,0 days 00:00:35.120000,0 days 00:00:38.339000,0 days 01:28:09.444000,0 days 01:28:44.564000,0 days 01:29:22.903000,189.0,234.0,,242.0,False,MEDIUM,6.0,True,AlphaTauri,0 days 01:27:22.493000,,45,14.0,,,False,False,2021,2,Emilia Romagna Grand Prix
0 days 01:55:16.711000,GAS,10,,33.0,4.0,0 days 01:53:32.081000,0 days 01:55:10.239000,,0 days 00:00:33.445000,0 days 00:00:42.084000,,0 days 01:54:35.565000,0 days 01:55:18.090000,182.0,231.0,,242.0,False,MEDIUM,6.0,False,AlphaTauri,0 days 01:29:21.965000,,51,14.0,,,False,False,2021,2,Emilia Romagna Grand Prix
0 days 01:57:54.327000,GAS,10,,34.0,5.0,0 days 01:56:06.316000,,0 days 00:01:19.882000,0 days 00:00:35.095000,0 days 00:00:42.672000,0 days 01:56:37.607000,0 days 01:57:12.610000,0 days 01:57:55.473000,189.0,83.0,267.0,162.0,False,MEDIUM,7.0,False,AlphaTauri,0 days 01:55:00.107000,,1,13.0,,,False,False,2021,2,Emilia Romagna Grand Prix
0 days 01:20:02.311000,PER,11,0 days 00:01:32.716000,28.0,1.0,,0 days 01:19:58.896000,0 days 00:00:28.222000,0 days 00:00:30.694000,0 days 00:00:33.800000,0 days 01:18:58.769000,0 days 01:19:29.463000,0 days 01:20:03.263000,206.0,252.0,,281.0,False,INTERMEDIATE,28.0,True,Red Bull Racing,0 days 01:18:29.595000,,1,4.0,,,False,False,2021,2,Emilia Romagna Grand Prix
0 days 01:22:09.833000,PER,11,0 days 00:02:07.522000,29.0,2.0,0 days 01:20:43.572000,,0 days 00:01:08.492000,0 days 00:00:30.725000,0 days 00:00:28.305000,0 days 01:21:11.755000,0 days 01:21:42.480000,0 days 01:22:10.785000,200.0,252.0,273.0,282.0,False,MEDIUM,1.0,True,Red Bull Racing,0 days 01:20:02.311000,,1,5.0,,,False,False,2021,2,Emilia Romagna Grand Prix
0 days 01:29:15.220000,PER,11,0 days 00:01:58.705000,33.0,2.0,,0 days 01:29:11.663000,0 days 00:00:44.976000,0 days 00:00:34.593000,0 days 00:00:39.136000,0 days 01:28:02.443000,0 days 01:28:37.036000,0 days 01:29:16.172000,175.0,202.0,,211.0,False,MEDIUM,5.0,True,Red Bull Racing,0 days 01:27:16.515000,,45,4.0,,,False,False,2021,2,Emilia Romagna Grand Prix
0 days 01:57:50.368000,PER,11,,34.0,3.0,0 days 01:55:32.835000,,,0 days 00:00:53.639000,0 days 00:00:54.900000,,0 days 01:56:56.480000,0 days 01:57:51.549000,156.0,96.0,225.0,135.0,False,SOFT,3.0,False,Red Bull Racing,0 days 01:55:00.107000,,1,4.0,,,False,False,2021,2,Emilia Romagna Grand Prix
0 days 01:21:22.278000,ALO,14,0 days 00:01:36.599000,28.0,1.0,,0 days 01:21:18.812000,0 days 00:00:29.534000,0 days 00:00:32.927000,0 days 00:00:34.138000,0 days 01:20:16.186000,0 days 01:20:49.113000,0 days 01:21:23.251000,194.0,249.0,,283.0,False,INTERMEDIATE,28.0,True,Alpine,0 days 01:19:45.679000,,1,12.0,,,False,False,2021,2,Emilia Romagna Grand Prix
0 days 01:23:18.136000,ALO,14,0 days 00:01:55.858000,29.0,2.0,0 days 01:21:49.796000,,0 days 00:00:55.487000,0 days 00:00:31.467000,0 days 00:00:28.904000,0 days 01:22:18.738000,0 days 01:22:50.205000,0 days 01:23:19.109000,191.0,250.0,267.0,274.0,False,MEDIUM,1.0,True,Alpine,0 days 01:21:22.278000,,1,15.0,,,False,False,2021,2,Emilia Romagna Grand Prix
0 days 01:28:41.335000,ALO,14,0 days 00:02:01.804000,32.0,2.0,,0 days 01:28:37.450000,0 days 00:00:41.175000,0 days 00:00:35.511000,0 days 00:00:45.118000,0 days 01:27:21.679000,0 days 01:27:57.190000,0 days 01:28:42.308000,190.0,202.0,,154.0,False,MEDIUM,4.0,True,Alpine,0 days 01:26:39.531000,,45,12.0,,,False,False,2021,2,Emilia Romagna Grand Prix
0 days 01:55:11.905000,ALO,14,,33.0,3.0,0 days 01:53:25.781000,0 days 01:55:05.161000,,0 days 00:00:33.643000,0 days 00:00:40.785000,,0 days 01:54:32.093000,0 days 01:55:12.998000,175.0,233.0,,262.0,False,MEDIUM,4.0,False,Alpine,0 days 01:28:41.335000,,51,12.0,,,False,False,2021,2,Emilia Romagna Grand Prix
0 days 01:57:53.781000,ALO,14,,34.0,4.0,0 days 01:56:02.749000,,0 days 00:01:21.547000,0 days 00:00:34.533000,0 days 00:00:45.803000,0 days 01:56:34.448000,0 days 01:57:08.954000,0 days 01:57:54.881000,191.0,87.0,253.0,141.0,False,MEDIUM,5.0,False,Alpine,0 days 01:55:00.107000,,1,12.0,,,False,False,2021,2,Emilia Romagna Grand Prix
0 days 01:19:47.524000,LEC,16,0 days 00:01:32.467000,28.0,1.0,,0 days 01:19:44.152000,0 days 00:00:27.775000,0 days 00:00:31.059000,0 days 00:00:33.633000,0 days 01:18:43.823000,0 days 01:19:14.882000,0 days 01:19:48.515000,207.0,252.0,,287.0,False,INTERMEDIATE,28.0,True,Ferrari,0 days 01:18:15.057000,,1,2.0,,,False,False,2021,2,Emilia Romagna Grand Prix
0 days 01:21:41.377000,LEC,16,0 days 00:01:53.853000,29.0,2.0,0 days 01:20:15.110000,,0 days 00:00:54.581000,0 days 00:00:31.177000,0 days 00:00:28.095000,0 days 01:20:43.096000,0 days 01:21:14.273000,0 days 01:21:42.368000,203.0,251.0,275.0,279.0,False,MEDIUM,1.0,True,Ferrari,0 days 01:19:47.524000,,1,3.0,,,False,False,2021,2,Emilia Romagna Grand Prix
0 days 01:28:33.790000,LEC,16,0 days 00:02:11.844000,33.0,2.0,,0 days 01:28:28.896000,0 days 00:00:44.559000,0 days 00:00:35.616000,0 days 00:00:51.669000,0 days 01:27:07.496000,0 days 01:27:43.112000,0 days 01:28:34.781000,185.0,206.0,,130.0,False,MEDIUM,5.0,True,Ferrari,0 days 01:26:21.946000,,45,2.0,,,False,False,2021,2,Emilia Romagna Grand Prix
0 days 01:57:49.892000,LEC,16,,34.0,3.0,0 days 01:55:18.369000,,,0 days 00:00:54.357000,0 days 00:00:57.115000,,0 days 01:56:53.768000,0 days 01:57:51.030000,125.0,98.0,211.0,124.0,False,MEDIUM,6.0,False,Ferrari,0 days 01:55:00.107000,,1,2.0,,,False,False,2021,2,Emilia Romagna Grand Prix
0 days 01:19:19.809000,STR,18,0 days 00:01:33.507000,27.0,1.0,,0 days 01:19:16.421000,0 days 00:00:28.659000,0 days 00:00:31.023000,0 days 00:00:33.825000,0 days 01:18:15.937000,0 days 01:18:46.960000,0 days 01:19:20.785000,201.0,252.0,,279.0,False,INTERMEDIATE,27.0,True,Aston Martin,0 days 01:17:46.302000,,1,9.0,,,False,False,2021,2,Emilia Romagna Grand Prix
0 days 01:21:15.744000,STR,18,0 days 00:01:55.935000,28.0,2.0,0 days 01:19:47.558000,,0 days 00:00:55.111000,0 days 00:00:31.950000,0 days 00:00:28.874000,0 days 01:20:15.896000,0 days 01:20:47.846000,0 days 01:21:16.720000,185.0,253.0,275.0,281.0,False,MEDIUM,1.0,True,Aston Martin,0 days 01:19:19.809000,,1,9.0,,,False,False,2021,2,Emilia Romagna Grand Prix
0 days 01:28:17.741000,STR,18,0 days 00:02:21.217000,32.0,2.0,,0 days 01:28:14.191000,0 days 00:00:52.935000,0 days 00:00:33.628000,0 days 00:00:54.654000,0 days 01:26:50.435000,0 days 01:27:24.063000,0 days 01:28:18.717000,187.0,243.0,,99.0,False,MEDIUM,5.0,True,Aston Martin,0 days 01:25:56.524000,,45,7.0,,,False,False,2021,2,Emilia Romagna Grand Prix
0 days 01:54:40.995000,STR,18,,33.0,3.0,0 days 01:53:06.264000,0 days 01:54:37.429000,,0 days 00:00:30.949000,0 days 00:00:36.122000,,0 days 01:54:05.849000,0 days 01:54:42.364000,204.0,233.0,,272.0,False,MEDIUM,5.0,False,Aston Martin,0 days 01:28:17.741000,,51,7.0,,,False,False,2021,2,Emilia Romagna Grand Prix
0 days 01:57:51.618000,STR,18,,34.0,4.0,0 days 01:55:42.835000,,0 days 00:01:30.396000,0 days 00:00:48.299000,0 days 00:00:51.951000,0 days 01:56:12.364000,0 days 01:57:00.643000,0 days 01:57:52.697000,191.0,73.0,242.0,127.0,False,MEDIUM,7.0,False,Aston Martin,0 days 01:55:00.107000,,1,7.0,,,False,False,2021,2,Emilia Romagna Grand Prix
0 days 01:16:43.152000,TSU,22,0 days 00:01:34.886000,25.0,1.0,,0 days 01:16:39.754000,0 days 00:00:29.032000,0 days 00:00:32.237000,0 days 00:00:33.617000,0 days 01:15:38.238000,0 days 01:16:10.475000,0 days 01:16:44.092000,196.0,251.0,,274.0,False,INTERMEDIATE,25.0,True,AlphaTauri,0 days 01:15:08.266000,,1,13.0,,,False,False,2021,2,Emilia Romagna Grand Prix
0 days 01:18:38.703000,TSU,22,0 days 00:01:55.551000,26.0,2.0,0 days 01:17:10.450000,,0 days 00:00:55.194000,0 days 00:00:31.600000,0 days 00:00:28.757000,0 days 01:17:39.286000,0 days 01:18:10.886000,0 days 01:18:39.643000,199.0,251.0,272.0,283.0,False,MEDIUM,1.0,True,AlphaTauri,0 days 01:16:43.152000,,1,15.0,,,False,False,2021,2,Emilia Romagna Grand Prix
0 days 01:28:28.952000,TSU,22,0 days 00:02:17.918000,32.0,2.0,,0 days 01:28:24.596000,0 days 00:00:49.676000,0 days 00:00:34.190000,0 days 00:00:54.052000,0 days 01:27:01.650000,0 days 01:27:35.840000,0 days 01:28:29.892000,191.0,248.0,,112.0,False,MEDIUM,7.0,True,AlphaTauri,0 days 01:26:11.034000,,45,10.0,,,False,False,2021,2,Emilia Romagna Grand Prix
0 days 01:54:57.414000,TSU,22,,33.0,3.0,0 days 01:53:16.283000,0 days 01:54:53.306000,,0 days 00:00:31.933000,0 days 00:00:36.785000,,0 days 01:54:21.569000,0 days 01:54:58.595000,187.0,237.0,,268.0,False,SOFT,1.0,True,AlphaTauri,0 days 01:28:28.952000,,51,10.0,,,False,False,2021,2,Emilia Romagna Grand Prix
0 days 01:57:52.067000,TSU,22,,34.0,4.0,0 days 01:55:56.626000,,0 days 00:01:26.144000,0 days 00:00:39.721000,0 days 00:00:48.782000,0 days 01:56:24.597000,0 days 01:57:04.272000,0 days 01:57:53.252000,199.0,67.0,246.0,158.0,False,SOFT,1.0,False,AlphaTauri,0 days 01:55:00.107000,,1,9.0,,,False,False,2021,2,Emilia Romagna Grand Prix
0 days 01:19:01.378000,RIC,3,0 days 00:01:34.113000,27.0,1.0,,0 days 01:18:57.991000,0 days 00:00:28.083000,0 days 00:00:31.827000,0 days 00:00:34.203000,0 days 01:17:56.268000,0 days 01:18:28.095000,0 days 01:19:02.298000,203.0,252.0,,278.0,False,INTERMEDIATE,27.0,True,McLaren,0 days 01:17:27.265000,,1,7.0,,,False,False,2021,2,Emilia Romagna Grand Prix
0 days 01:21:01.430000,RIC,3,0 days 00:02:00.052000,28.0,2.0,0 days 01:19:32.276000,,0 days 00:00:58.779000,0 days 00:00:31.813000,0 days 00:00:29.460000,0 days 01:20:01.077000,0 days 01:20:32.890000,0 days 01:21:02.350000,195.0,252.0,275.0,255.0,False,MEDIUM,1.0,True,McLaren,0 days 01:19:01.378000,,1,8.0,,,False,False,2021,2,Emilia Romagna Grand Prix
0 days 01:29:29.674000,RIC,3,0 days 00:02:02.779000,33.0,2.0,,0 days 01:29:26.051000,0 days 00:00:47.938000,0 days 00:00:34.976000,0 days 00:00:39.865000,0 days 01:28:15.753000,0 days 01:28:50.729000,0 days 01:29:30.594000,174.0,237.0,,272.0,False,MEDIUM,6.0,True,McLaren,0 days 01:27:26.895000,,45,6.0,,,False,False,2021,2,Emilia Romagna Grand Prix
0 days 01:57:51.092000,RIC,3,,34.0,3.0,0 days 01:55:41.188000,,,0 days 00:00:48.719000,0 days 00:00:53.016000,,0 days 01:56:59.051000,0 days 01:57:52.211000,184.0,64.0,243.0,109.0,False,SOFT,3.0,False,McLaren,0 days 01:55:00.107000,,1,6.0,,,False,False,2021,2,Emilia Romagna Grand Prix
0 days 00:35:21.309000,OCO,31,0 days 00:02:05.387000,1.0,1.0,,0 days 00:35:16.950000,,0 days 00:00:39.028000,0 days 00:00:43.056000,,0 days 00:34:38.253000,0 days 00:35:21.346000,162.0,229.0,,222.0,False,WET,1.0,True,Alpine,0 days 00:33:15.688000,,124,14.0,,,False,False,2021,2,Emilia Romagna Grand Prix
0 days 00:37:56.625000,OCO,31,,2.0,2.0,0 days 00:35:47.759000,,0 days 00:00:57.943000,0 days 00:00:46.290000,0 days 00:00:51.119000,0 days 00:36:19.258000,0 days 00:37:05.634000,0 days 00:37:56.749000,178.0,55.0,156.0,127.0,False,INTERMEDIATE,1.0,True,Alpine,0 days 00:35:21.309000,,4,19.0,,,False,False,2021,2,Emilia Romagna Grand Prix
0 days 01:19:47.155000,OCO,31,0 days 00:01:33.761000,27.0,2.0,,0 days 01:19:42.796000,0 days 00:00:28.271000,0 days 00:00:31.273000,0 days 00:00:34.217000,0 days 01:18:41.665000,0 days 01:19:12.938000,0 days 01:19:47.155000,201.0,247.0,,280.0,False,INTERMEDIATE,26.0,True,Alpine,0 days 01:18:13.394000,,1,12.0,,,False,False,2021,2,Emilia Romagna Grand Prix
0 days 01:21:40.612000,OCO,31,0 days 00:01:53.457000,28.0,3.0,0 days 01:20:13.438000,,0 days 00:00:54.056000,0 days 00:00:31.170000,0 days 00:00:28.231000,0 days 01:20:41.211000,0 days 01:21:12.381000,0 days 01:21:40.612000,196.0,251.0,273.0,279.0,False,MEDIUM,1.0,True,Alpine,0 days 01:19:47.155000,,1,15.0,,,False,False,2021,2,Emilia Romagna Grand Prix
0 days 01:26:28.078000,OCO,31,0 days 00:01:54.569000,31.0,3.0,,0 days 01:26:23.677000,0 days 00:00:36.061000,0 days 00:00:38.120000,0 days 00:00:40.388000,0 days 01:25:09.570000,0 days 01:25:47.690000,0 days 01:26:28.078000,183.0,130.0,,166.0,False,MEDIUM,4.0,True,Alpine,0 days 01:24:33.509000,,24,12.0,,,False,False,2021,2,Emilia Romagna Grand Prix
0 days 01:28:52.749000,OCO,31,0 days 00:02:24.671000,32.0,4.0,0 days 01:26:54.355000,0 days 01:28:48.344000,0 days 00:00:58.356000,0 days 00:00:42.996000,0 days 00:00:43.319000,0 days 01:27:26.434000,0 days 01:28:09.430000,0 days 01:28:52.749000,184.0,160.0,,168.0,False,SOFT,3.0,False,Alpine,0 days 01:26:28.078000,,45,13.0,,,False,False,2021,2,Emilia Romagna Grand Prix
0 days 01:55:15.067000,OCO,31,,33.0,5.0,0 days 01:53:27.319000,0 days 01:55:07.285000,,0 days 00:00:33.496000,0 days 00:00:41.302000,,0 days 01:54:33.765000,0 days 01:55:15.196000,182.0,175.0,,210.0,False,MEDIUM,5.0,False,Alpine,0 days 01:28:52.749000,,51,13.0,,,False,False,2021,2,Emilia Romagna Grand Prix
0 days 01:57:55.141000,OCO,31,,34.0,6.0,0 days 01:56:04.021000,,0 days 00:01:20.743000,0 days 00:00:34.606000,0 days 00:00:44.745000,0 days 01:56:35.814000,0 days 01:57:10.396000,0 days 01:57:55.338000,203.0,101.0,260.0,138.0,False,MEDIUM,5.0,False,Alpine,0 days 01:55:00.107000,,1,15.0,,,False,False,2021,2,Emilia Romagna Grand Prix
0 days 01:18:03.413000,VER,33,0 days 00:01:31.736000,27.0,1.0,,0 days 01:18:00.076000,0 days 00:00:27.969000,0 days 00:00:30.750000,0 days 00:00:33.017000,0 days 01:17:00.597000,0 days 01:17:31.347000,0 days 01:18:04.364000,209.0,253.0,,285.0,False,INTERMEDIATE,27.0,True,Red Bull Racing,0 days 01:16:31.677000,,1,2.0,,,False,False,2021,2,Emilia Romagna Grand Prix
0 days 01:19:54.665000,VER,33,0 days 00:01:51.252000,28.0,2.0,0 days 01:18:30.619000,,0 days 00:00:52.951000,0 days 00:00:30.259000,0 days 00:00:28.042000,0 days 01:18:57.315000,0 days 01:19:27.574000,0 days 01:19:55.616000,205.0,249.0,276.0,284.0,False,MEDIUM,1.0,True,Red Bull Racing,0 days 01:18:03.413000,,1,3.0,,,False,False,2021,2,Emilia Romagna Grand Prix
0 days 01:28:16.487000,VER,33,0 days 00:02:24.051000,33.0,2.0,,0 days 01:28:12.328000,0 days 00:00:53.591000,0 days 00:00:33.460000,0 days 00:00:57,0 days 01:26:46.978000,0 days 01:27:20.438000,0 days 01:28:17.438000,179.0,235.0,,96.0,False,MEDIUM,6.0,True,Red Bull Racing,0 days 01:25:52.436000,,45,1.0,,,False,False,2021,2,Emilia Romagna Grand Prix
0 days 01:57:49.232000,VER,33,,34.0,3.0,0 days 01:55:13.733000,,,0 days 00:00:53.975000,0 days 00:00:59.494000,,0 days 01:56:50.754000,0 days 01:57:50.362000,156.0,89.0,214.0,125.0,False,MEDIUM,6.0,False,Red Bull Racing,0 days 01:55:00.107000,,1,1.0,,,False,False,2021,2,Emilia Romagna Grand Prix
0 days 01:20:14.948000,NOR,4,0 days 00:01:32.204000,28.0,1.0,,0 days 01:20:11.399000,0 days 00:00:27.841000,0 days 00:00:30.959000,0 days 00:00:33.404000,0 days 01:19:11.540000,0 days 01:19:42.499000,0 days 01:20:15.903000,205.0,253.0,,287.0,False,INTERMEDIATE,28.0,True,McLaren,0 days 01:18:42.744000,,1,5.0,,,False,False,2021,2,Emilia Romagna Grand Prix
0 days 01:22:07.685000,NOR,4,0 days 00:01:52.737000,29.0,2.0,0 days 01:20:42.013000,,0 days 00:00:53.542000,0 days 00:00:31.328000,0 days 00:00:27.867000,0 days 01:21:09.445000,0 days 01:21:40.773000,0 days 01:22:08.640000,202.0,256.0,274.0,288.0,False,MEDIUM,1.0,True,McLaren,0 days 01:20:14.948000,,1,4.0,,,False,False,2021,2,Emilia Romagna Grand Prix
0 days 01:29:10.376000,NOR,4,0 days 00:01:56.233000,33.0,2.0,,0 days 01:29:06.624000,0 days 00:00:45.410000,0 days 00:00:33.562000,0 days 00:00:37.261000,0 days 01:28:00.508000,0 days 01:28:34.070000,0 days 01:29:11.331000,173.0,244.0,,256.0,False,MEDIUM,5.0,True,McLaren,0 days 01:27:14.143000,,45,3.0,,,False,False,2021,2,Emilia Romagna Grand Prix
0 days 01:57:50.199000,NOR,4,,34.0,3.0,0 days 01:55:31.560000,,,0 days 00:00:54.397000,0 days 00:00:55.522000,,0 days 01:56:55.660000,0 days 01:57:51.309000,75.0,100.0,224.0,138.0,False,SOFT,3.0,False,McLaren,0 days 01:55:00.107000,,1,3.0,,,False,False,2021,2,Emilia Romagna Grand Prix
0 days 01:19:31.126000,HAM,44,0 days 00:01:30.425000,28.0,1.0,,0 days 01:19:27.715000,0 days 00:00:26.972000,0 days 00:00:30.454000,0 days 00:00:32.999000,0 days 01:18:28.634000,0 days 01:18:59.088000,0 days 01:19:32.087000,206.0,253.0,,285.0,False,INTERMEDIATE,28.0,True,Mercedes,0 days 01:18:00.701000,,1,1.0,,,False,False,2021,2,Emilia Romagna Grand Prix
0 days 01:21:24.407000,HAM,44,0 days 00:01:53.281000,29.0,2.0,0 days 01:19:59.824000,,0 days 00:00:55.479000,0 days 00:00:30.245000,0 days 00:00:27.557000,0 days 01:20:27.566000,0 days 01:20:57.811000,0 days 01:21:25.368000,201.0,254.0,276.0,289.0,False,MEDIUM,5.0,False,Mercedes,0 days 01:19:31.126000,,1,2.0,,,False,False,2021,2,Emilia Romagna Grand Prix
0 days 01:25:34.580000,HAM,44,,31.0,2.0,,0 days 01:25:31.176000,0 days 00:00:27.415000,0 days 00:01:38.965000,0 days 00:00:40.662000,0 days 01:23:15.924000,0 days 01:24:54.879000,0 days 01:25:35.694000,210.0,148.0,,123.0,False,MEDIUM,7.0,False,Mercedes,0 days 01:22:47.545000,,124,7.0,,,False,False,2021,2,Emilia Romagna Grand Prix
0 days 01:28:21.978000,HAM,44,,32.0,3.0,0 days 01:26:09.343000,0 days 01:28:18.073000,0 days 00:01:22.725000,0 days 00:00:33.498000,0 days 00:00:51.155000,0 days 01:26:58.286000,0 days 01:27:31.812000,0 days 01:28:23.046000,173.0,245.0,,122.0,False,MEDIUM,1.0,True,Mercedes,0 days 01:25:34.580000,,45,9.0,,,False,False,2021,2,Emilia Romagna Grand Prix
0 days 01:54:52.280000,HAM,44,,33.0,4.0,0 days 01:53:13.111000,0 days 01:54:48.723000,,0 days 00:00:31.445000,0 days 00:00:35.454000,,0 days 01:54:17.787000,0 days 01:54:53.338000,195.0,241.0,,254.0,False,MEDIUM,1.0,False,Mercedes,0 days 01:28:21.978000,,51,9.0,,,False,False,2021,2,Emilia Romagna Grand Prix
0 days 01:57:51.834000,HAM,44,,34.0,5.0,0 days 01:55:54.564000,,0 days 00:01:29.338000,0 days 00:00:40.787000,0 days 00:00:49.463000,0 days 01:56:22.555000,0 days 01:57:03.392000,0 days 01:57:52.965000,203.0,61.0,244.0,166.0,False,MEDIUM,2.0,False,Mercedes,0 days 01:55:00.107000,,1,8.0,,,False,False,2021,2,Emilia Romagna Grand Prix
0 days 00:45:15.619000,MSC,47,0 days 00:02:25.633000,5.0,1.0,,0 days 00:45:12.244000,0 days 00:00:53.055000,0 days 00:00:45.732000,0 days 00:00:46.846000,0 days 00:43:44.053000,0 days 00:44:29.785000,0 days 00:45:16.631000,130.0,184.0,,148.0,False,WET,5.0,True,Haas F1 Team,0 days 00:42:49.986000,,4,19.0,,,False,False,2021,2,Emilia Romagna Grand Prix
0 days 00:47:42.232000,MSC,47,0 days 00:02:26.613000,6.0,2.0,0 days 00:46:03.268000,,0 days 00:01:17.253000,0 days 00:00:36.487000,0 days 00:00:32.873000,0 days 00:46:33.884000,0 days 00:47:10.371000,0 days 00:47:43.244000,167.0,234.0,263.0,235.0,False,INTERMEDIATE,1.0,True,Haas F1 Team,0 days 00:45:15.619000,,41,19.0,,,False,False,2021,2,Emilia Romagna Grand Prix
0 days 01:11:27.918000,MSC,47,0 days 00:01:38.836000,21.0,2.0,,0 days 01:11:24.543000,0 days 00:00:31.205000,0 days 00:00:32.401000,0 days 00:00:35.230000,0 days 01:10:21.299000,0 days 01:10:53.700000,0 days 01:11:28.930000,199.0,246.0,,235.0,False,INTERMEDIATE,16.0,True,Haas F1 Team,0 days 01:09:49.082000,,1,18.0,,,False,False,2021,2,Emilia Romagna Grand Prix
0 days 01:13:40.228000,MSC,47,0 days 00:02:12.310000,22.0,3.0,0 days 01:11:57.067000,,0 days 00:01:00.741000,0 days 00:00:38.848000,0 days 00:00:32.721000,0 days 01:12:29.671000,0 days 01:13:08.519000,0 days 01:13:41.240000,151.0,229.0,270.0,207.0,False,SOFT,4.0,False,Haas F1 Team,0 days 01:11:27.918000,,1,18.0,,,False,False,2021,2,Emilia Romagna Grand Prix
0 days 01:28:24.348000,MSC,47,0 days 00:02:19.925000,31.0,3.0,,0 days 01:28:20.908000,0 days 00:00:54.287000,0 days 00:00:34.226000,0 days 00:00:51.412000,0 days 01:26:59.722000,0 days 01:27:33.948000,0 days 01:28:25.360000,168.0,245.0,,140.0,False,SOFT,13.0,False,Haas F1 Team,0 days 01:26:04.423000,,45,16.0,,,False,False,2021,2,Emilia Romagna Grand Prix
0 days 01:55:29.119000,MSC,47,,32.0,4.0,0 days 01:53:42.245000,0 days 01:55:17.270000,,0 days 00:00:32.178000,0 days 00:00:46.480000,,0 days 01:54:43.658000,0 days 01:55:30.394000,187.0,246.0,,208.0,False,MEDIUM,1.0,True,Haas F1 Team,0 days 01:28:24.348000,,51,16.0,,,False,False,2021,2,Emilia Romagna Grand Prix
0 days 01:57:55.076000,MSC,47,0 days 00:02:25.957000,33.0,5.0,0 days 01:56:08.486000,,0 days 00:01:10.879000,0 days 00:00:34.245000,0 days 00:00:40.833000,0 days 01:56:41.010000,0 days 01:57:15.255000,0 days 01:57:56.088000,197.0,108.0,264.0,165.0,False,MEDIUM,2.0,False,Haas F1 Team,0 days 01:55:29.119000,,1,16.0,,,False,False,2021,2,Emilia Romagna Grand Prix
0 days 00:35:26.106000,VET,5,0 days 00:02:11.207000,1.0,1.0,0 days 00:33:29.429000,,,0 days 00:00:40.165000,0 days 00:00:43.933000,,0 days 00:34:43.219000,0 days 00:35:27.235000,169.0,231.0,192.0,98.0,False,INTERMEDIATE,1.0,True,Aston Martin,0 days 00:33:15.688000,,124,18.0,,,False,False,2021,2,Emilia Romagna Grand Prix
0 days 00:40:13.733000,VET,5,0 days 00:02:22.980000,3.0,1.0,,0 days 00:40:10.348000,0 days 00:00:43.051000,0 days 00:00:49.287000,0 days 00:00:50.642000,0 days 00:38:34.745000,0 days 00:39:24.032000,0 days 00:40:14.674000,169.0,62.0,,181.0,False,INTERMEDIATE,3.0,True,Aston Martin,0 days 00:37:50.753000,,4,18.0,,,False,False,2021,2,Emilia Romagna Grand Prix
0 days 00:42:38.975000,VET,5,0 days 00:02:25.242000,4.0,2.0,0 days 00:40:42.648000,,0 days 00:01:01.010000,0 days 00:00:39.917000,0 days 00:00:44.315000,0 days 00:41:15.684000,0 days 00:41:55.601000,0 days 00:42:39.916000,156.0,232.0,145.0,107.0,False,INTERMEDIATE,1.0,True,Aston Martin,0 days 00:40:13.733000,,4,18.0,,,False,False,2021,2,Emilia Romagna Grand Prix
0 days 01:09:14.814000,VET,5,0 days 00:01:38.583000,20.0,2.0,,0 days 01:09:11.436000,0 days 00:00:29.006000,0 days 00:00:32.075000,0 days 00:00:37.502000,0 days 01:08:06.178000,0 days 01:08:38.253000,0 days 01:09:15.755000,195.0,226.0,,277.0,False,INTERMEDIATE,17.0,True,Aston Martin,0 days 01:07:36.231000,,1,16.0,,,False,False,2021,2,Emilia Romagna Grand Prix
0 days 01:11:17.441000,VET,5,0 days 00:02:02.627000,21.0,3.0,0 days 01:09:42.926000,,0 days 00:00:58.080000,0 days 00:00:35.116000,0 days 00:00:29.431000,0 days 01:10:13.835000,0 days 01:10:48.951000,0 days 01:11:18.382000,163.0,248.0,273.0,280.0,False,MEDIUM,1.0,True,Aston Martin,0 days 01:09:14.814000,,1,17.0,,,False,False,2021,2,Emilia Romagna Grand Prix
0 days 01:12:56.330000,VET,5,0 days 00:01:38.889000,22.0,3.0,,0 days 01:12:52.911000,0 days 00:00:31.349000,0 days 00:00:33.344000,0 days 00:00:34.196000,0 days 01:11:49.731000,0 days 01:12:23.075000,0 days 01:12:57.271000,186.0,249.0,,279.0,False,MEDIUM,2.0,True,Aston Martin,0 days 01:11:17.441000,,1,17.0,,,False,False,2021,2,Emilia Romagna Grand Prix
0 days 01:15:09.339000,VET,5,0 days 00:02:13.009000,23.0,4.0,0 days 01:13:32.706000,,0 days 00:01:05.324000,0 days 00:00:36.247000,0 days 00:00:31.438000,0 days 01:14:02.595000,0 days 01:14:38.842000,0 days 01:15:10.280000,183.0,203.0,274.0,255.0,False,MEDIUM,3.0,False,Aston Martin,0 days 01:12:56.330000,,1,17.0,,,False,False,2021,2,Emilia Romagna Grand Prix
0 days 01:29:25.065000,VET,5,0 days 00:02:00.470000,32.0,4.0,,0 days 01:29:21.592000,0 days 00:00:46.681000,0 days 00:00:35.500000,0 days 00:00:38.289000,0 days 01:28:12.217000,0 days 01:28:47.717000,0 days 01:29:26.006000,178.0,235.0,,205.0,False,MEDIUM,12.0,False,Aston Martin,0 days 01:27:24.595000,,45,15.0,,,False,False,2021,2,Emilia Romagna Grand Prix
0 days 01:55:23.688000,VET,5,,33.0,5.0,0 days 01:53:34.248000,0 days 01:55:15.581000,,0 days 00:00:35.695000,0 days 00:00:44,,0 days 01:54:40.629000,0 days 01:55:25.069000,198.0,243.0,,269.0,False,SOFT,1.0,True,Aston Martin,0 days 01:29:25.065000,,51,15.0,,,False,False,2021,2,Emilia Romagna Grand Prix
0 days 01:57:54.482000,VET,5,,34.0,6.0,0 days 01:56:07.959000,,0 days 00:01:15.168000,0 days 00:00:33.916000,0 days 00:00:41.741000,0 days 01:56:39.766000,0 days 01:57:13.765000,0 days 01:57:55.611000,196.0,90.0,272.0,181.0,False,SOFT,2.0,False,Aston Martin,0 days 01:55:00.107000,,1,14.0,,,False,False,2021,2,Emilia Romagna Grand Prix
0 days 02:34:33.952000,VET,5,0 days 00:01:27.605000,61.0,6.0,,0 days 02:34:30.539000,0 days 00:00:25.439000,0 days 00:00:27.213000,0 days 00:00:34.953000,0 days 02:33:32.727000,0 days 02:33:59.940000,0 days 02:34:34.893000,219.0,258.0,,248.0,False,SOFT,29.0,False,Aston Martin,0 days 02:33:06.347000,,12,14.0,,,False,False,2021,2,Emilia Romagna Grand Prix
0 days 01:18:55.505000,SAI,55,0 days 00:01:32.015000,27.0,1.0,,0 days 01:18:52.113000,0 days 00:00:27.663000,0 days 00:00:30.770000,0 days 00:00:33.582000,0 days 01:17:52.099000,0 days 01:18:22.869000,0 days 01:18:56.451000,205.0,252.0,,285.0,False,INTERMEDIATE,27.0,True,Ferrari,0 days 01:17:23.490000,,1,6.0,,,False,False,2021,2,Emilia Romagna Grand Prix
0 days 01:20:50.684000,SAI,55,0 days 00:01:55.179000,28.0,2.0,0 days 01:19:22.965000,,0 days 00:00:55.202000,0 days 00:00:31.527000,0 days 00:00:28.450000,0 days 01:19:51.653000,0 days 01:20:23.180000,0 days 01:20:51.630000,197.0,252.0,274.0,281.0,False,MEDIUM,1.0,True,Ferrari,0 days 01:18:55.505000,,1,7.0,,,False,False,2021,2,Emilia Romagna Grand Prix
0 days 01:29:18.617000,SAI,55,0 days 00:01:58.150000,33.0,2.0,,0 days 01:29:15.151000,0 days 00:00:46.914000,0 days 00:00:34.250000,0 days 00:00:36.986000,0 days 01:28:08.327000,0 days 01:28:42.577000,0 days 01:29:19.563000,178.0,227.0,,261.0,False,MEDIUM,6.0,True,Ferrari,0 days 01:27:20.467000,,45,5.0,,,False,False,2021,2,Emilia Romagna Grand Prix
0 days 01:57:50.591000,SAI,55,,34.0,3.0,0 days 01:55:37.666000,,,0 days 00:00:50.531000,0 days 00:00:54.202000,,0 days 01:56:57.420000,0 days 01:57:51.733000,183.0,104.0,230.0,101.0,False,MEDIUM,7.0,False,Ferrari,0 days 01:55:00.107000,,1,5.0,,,False,False,2021,2,Emilia Romagna Grand Prix
0 days 01:17:57.571000,RUS,63,0 days 00:01:34.682000,26.0,1.0,,0 days 01:17:54.198000,0 days 00:00:28.803000,0 days 00:00:31.712000,0 days 00:00:34.167000,0 days 01:16:52.630000,0 days 01:17:24.342000,0 days 01:17:58.509000,198.0,254.0,,281.0,False,INTERMEDIATE,26.0,True,Williams,0 days 01:16:22.889000,,1,10.0,,,False,False,2021,2,Emilia Romagna Grand Prix
0 days 01:19:51.334000,RUS,63,0 days 00:01:53.763000,27.0,2.0,0 days 01:18:24.186000,,0 days 00:00:53.649000,0 days 00:00:31.825000,0 days 00:00:28.289000,0 days 01:18:52.158000,0 days 01:19:23.983000,0 days 01:19:52.272000,203.0,256.0,277.0,291.0,False,MEDIUM,1.0,True,Williams,0 days 01:17:57.571000,,1,13.0,,,False,False,2021,2,Emilia Romagna Grand Prix
0 days 01:17:58.768000,RAI,7,0 days 00:01:33.193000,26.0,1.0,,0 days 01:17:55.376000,0 days 00:00:28.278000,0 days 00:00:31.156000,0 days 00:00:33.759000,0 days 01:16:54.802000,0 days 01:17:25.958000,0 days 01:17:59.717000,197.0,252.0,,289.0,False,INTERMEDIATE,26.0,True,Alfa Romeo Racing,0 days 01:16:25.575000,,1,11.0,,,False,False,2021,2,Emilia Romagna Grand Prix
0 days 01:19:53.759000,RAI,7,0 days 00:01:54.991000,27.0,2.0,0 days 01:18:25.700000,,0 days 00:00:54.202000,0 days 00:00:32.218000,0 days 00:00:28.571000,0 days 01:18:53.919000,0 days 01:19:26.137000,0 days 01:19:54.708000,196.0,250.0,251.0,283.0,False,MEDIUM,1.0,True,Alfa Romeo Racing,0 days 01:17:58.768000,,1,14.0,,,False,False,2021,2,Emilia Romagna Grand Prix
0 days 01:28:20.390000,RAI,7,0 days 00:02:17.370000,32.0,2.0,,0 days 01:28:16.865000,0 days 00:00:52.470000,0 days 00:00:34.157000,0 days 00:00:50.743000,0 days 01:26:56.439000,0 days 01:27:30.596000,0 days 01:28:21.339000,175.0,230.0,,100.0,False,MEDIUM,6.0,True,Alfa Romeo Racing,0 days 01:26:03.020000,,45,8.0,,,False,False,2021,2,Emilia Romagna Grand Prix
0 days 01:54:46.767000,RAI,7,,33.0,3.0,0 days 01:53:09.820000,0 days 01:54:43.098000,,0 days 00:00:31.400000,0 days 00:00:36.688000,,0 days 01:54:11.028000,0 days 01:54:47.833000,193.0,233.0,,262.0,False,MEDIUM,6.0,False,Alfa Romeo Racing,0 days 01:28:20.390000,,51,8.0,,,False,False,2021,2,Emilia Romagna Grand Prix
0 days 01:57:52.393000,RAI,7,,34.0,4.0,0 days 01:55:46.268000,,,0 days 00:00:35.732000,0 days 00:00:48.076000,,0 days 01:57:05.266000,0 days 01:57:53.514000,186.0,58.0,252.0,131.0,False,MEDIUM,8.0,False,Alfa Romeo Racing,0 days 01:55:00.107000,,1,10.0,,,False,False,2021,2,Emilia Romagna Grand Prix
0 days 01:20:50.053000,BOT,77,0 days 00:01:33.667000,28.0,1.0,,0 days 01:20:46.655000,0 days 00:00:29.003000,0 days 00:00:30.816000,0 days 00:00:33.848000,0 days 01:19:46.337000,0 days 01:20:17.153000,0 days 01:20:51.001000,196.0,252.0,,272.0,False,INTERMEDIATE,28.0,True,Mercedes,0 days 01:19:16.386000,,1,6.0,,,False,False,2021,2,Emilia Romagna Grand Prix
0 days 01:22:45.359000,BOT,77,0 days 00:01:55.306000,29.0,2.0,0 days 01:21:16.803000,,0 days 00:00:53.995000,0 days 00:00:31.536000,0 days 00:00:29.775000,0 days 01:21:44.996000,0 days 01:22:16.532000,0 days 01:22:46.307000,199.0,253.0,253.0,273.0,False,MEDIUM,4.0,False,Mercedes,0 days 01:20:50.053000,,1,8.0,,,False,False,2021,2,Emilia Romagna Grand Prix
0 days 00:57:23.766000,MAZ,9,0 days 00:01:45.258000,12.0,1.0,,0 days 00:57:20.446000,0 days 00:00:31.436000,0 days 00:00:35.391000,0 days 00:00:38.431000,0 days 00:56:10.943000,0 days 00:56:46.334000,0 days 00:57:24.765000,182.0,234.0,,234.0,False,WET,12.0,True,Haas F1 Team,0 days 00:55:38.508000,,12,18.0,,,False,False,2021,2,Emilia Romagna Grand Prix
0 days 00:59:28.469000,MAZ,9,0 days 00:02:04.703000,13.0,2.0,0 days 00:57:51.557000,,0 days 00:00:56.122000,0 days 00:00:36.066000,0 days 00:00:32.515000,0 days 00:58:20.887000,0 days 00:58:56.953000,0 days 00:59:29.468000,184.0,232.0,265.0,250.0,False,INTERMEDIATE,1.0,True,Haas F1 Team,0 days 00:57:23.766000,,1,19.0,,,False,False,2021,2,Emilia Romagna Grand Prix
0 days 01:15:23.733000,MAZ,9,0 days 00:01:38.945000,23.0,2.0,,0 days 01:15:20.373000,0 days 00:00:29.568000,0 days 00:00:33.463000,0 days 00:00:35.914000,0 days 01:14:15.355000,0 days 01:14:48.818000,0 days 01:15:24.732000,189.0,246.0,,245.0,False,INTERMEDIATE,11.0,True,Haas F1 Team,0 days 01:13:44.788000,,1,19.0,,,False,False,2021,2,Emilia Romagna Grand Prix
0 days 01:17:32.917000,MAZ,9,0 days 00:02:09.184000,24.0,3.0,0 days 01:15:51.860000,,0 days 00:00:59.175000,0 days 00:00:38.520000,0 days 00:00:31.489000,0 days 01:16:23.907000,0 days 01:17:02.427000,0 days 01:17:33.916000,180.0,237.0,268.0,243.0,False,SOFT,4.0,False,Haas F1 Team,0 days 01:15:23.733000,,1,19.0,,,False,False,2021,2,Emilia Romagna Grand Prix
0 days 01:29:02.370000,MAZ,9,0 days 00:01:52.033000,31.0,3.0,,0 days 01:28:58.423000,0 days 00:00:39.169000,0 days 00:00:34.381000,0 days 00:00:38.483000,0 days 01:27:50.505000,0 days 01:28:24.886000,0 days 01:29:03.369000,181.0,237.0,,232.0,False,SOFT,11.0,False,Haas F1 Team,0 days 01:27:10.337000,,45,17.0,,,False,False,2021,2,Emilia Romagna Grand Prix
0 days 01:55:48.344000,MAZ,9,,32.0,4.0,0 days 01:53:44.510000,0 days 01:55:22.414000,,0 days 00:00:34.417000,0 days 00:00:58.924000,,0 days 01:54:50.426000,0 days 01:55:49.434000,180.0,239.0,,230.0,False,MEDIUM,1.0,True,Haas F1 Team,0 days 01:29:02.370000,,51,17.0,,,False,False,2021,2,Emilia Romagna Grand Prix
0 days 01:57:55.632000,MAZ,9,0 days 00:02:07.288000,33.0,5.0,0 days 01:56:12.152000,,0 days 00:00:53.985000,0 days 00:00:33.569000,0 days 00:00:39.734000,0 days 01:56:43.328000,0 days 01:57:16.897000,0 days 01:57:56.631000,183.0,104.0,264.0,197.0,False,MEDIUM,2.0,False,Haas F1 Team,0 days 01:55:48.344000,,1,17.0,,,False,False,2021,2,Emilia Romagna Grand Prix
0 days 01:19:35.781000,GIO,99,0 days 00:01:32.995000,27.0,1.0,,0 days 01:19:32.408000,0 days 00:00:28.302000,0 days 00:00:31.149000,0 days 00:00:33.544000,0 days 01:18:32.039000,0 days 01:19:03.188000,0 days 01:19:36.732000,207.0,250.0,,286.0,False,INTERMEDIATE,27.0,True,Alfa Romeo Racing,0 days 01:18:02.786000,,1,10.0,,,False,False,2021,2,Emilia Romagna Grand Prix
0 days 01:21:33.105000,GIO,99,0 days 00:01:57.324000,28.0,2.0,0 days 01:20:04.690000,,0 days 00:00:56.808000,0 days 00:00:31.912000,0 days 00:00:28.604000,0 days 01:20:33.540000,0 days 01:21:05.452000,0 days 01:21:34.056000,194.0,249.0,270.0,281.0,False,MEDIUM,1.0,True,Alfa Romeo Racing,0 days 01:19:35.781000,,1,13.0,,,False,False,2021,2,Emilia Romagna Grand Prix
0 days 01:28:31.277000,GIO,99,0 days 00:02:16.380000,32.0,2.0,,0 days 01:28:26.634000,0 days 00:00:48.761000,0 days 00:00:34.533000,0 days 00:00:53.086000,0 days 01:27:04.609000,0 days 01:27:39.142000,0 days 01:28:32.228000,190.0,233.0,,116.0,False,MEDIUM,5.0,True,Alfa Romeo Racing,0 days 01:26:14.897000,,45,11.0,,,False,False,2021,2,Emilia Romagna Grand Prix
0 days 01:55:02.596000,GIO,99,,33.0,3.0,0 days 01:53:23.075000,0 days 01:54:58.849000,,0 days 00:00:33.243000,0 days 00:00:37.744000,,0 days 01:54:25.803000,0 days 01:55:03.614000,192.0,233.0,,236.0,False,MEDIUM,5.0,False,Alfa Romeo Racing,0 days 01:28:31.277000,,51,11.0,,,False,False,2021,2,Emilia Romagna Grand Prix
0 days 01:57:52.895000,GIO,99,,34.0,4.0,0 days 01:55:59.022000,,0 days 00:01:27.323000,0 days 00:00:35.991000,0 days 00:00:47.039000,0 days 01:56:30.816000,0 days 01:57:06.894000,0 days 01:57:54.022000,190.0,76.0,250.0,138.0,False,MEDIUM,7.0,False,Alfa Romeo Racing,0 days 01:55:00.107000,,1,11.0,,,False,False,2021,2,Emilia Romagna Grand Prix
0 days 02:06:17.376000,GIO,99,0 days 00:01:26.123000,40.0,4.0,,0 days 02:06:13.969000,0 days 00:00:26.128000,0 days 00:00:28.140000,0 days 00:00:31.855000,0 days 02:05:18.332000,0 days 02:05:46.472000,0 days 02:06:18.327000,219.0,255.0,,290.0,False,MEDIUM,13.0,False,Alfa Romeo Racing,0 days 02:04:51.253000,,1,12.0,,,False,False,2021,2,Emilia Romagna Grand Prix
0 days 02:08:00.938000,GIO,99,0 days 00:01:43.562000,41.0,5.0,0 days 02:06:43.656000,,0 days 00:00:48.547000,0 days 00:00:27.947000,0 days 00:00:27.068000,0 days 02:07:06.874000,0 days 02:07:34.821000,0 days 02:08:01.889000,218.0,256.0,274.0,284.0,False,MEDIUM,14.0,False,Alfa Romeo Racing,0 days 02:06:17.376000,,1,15.0,,,False,False,2021,2,Emilia Romagna Grand Prix
0 days 00:36:28.102000,GAS,10,0 days 00:01:53.555000,2.0,1.0,,0 days 00:36:25.142000,0 days 00:00:25.269000,0 days 00:00:48.066000,0 days 00:00:40.220000,0 days 00:34:59.819000,0 days 00:35:47.885000,0 days 00:36:28.105000,276.0,149.0,,297.0,False,SOFT,6.0,False,AlphaTauri,0 days 00:34:34.547000,,14,9.0,,,False,False,2021,3,Portuguese Grand Prix
0 days 00:38:49.196000,GAS,10,0 days 00:02:21.094000,3.0,2.0,0 days 00:36:46.690000,0 days 00:38:46.409000,0 days 00:00:49.981000,0 days 00:00:42.204000,0 days 00:00:48.909000,0 days 00:37:18.086000,0 days 00:38:00.290000,0 days 00:38:49.199000,183.0,160.0,,297.0,False,SOFT,7.0,False,AlphaTauri,0 days 00:36:28.102000,,4,9.0,,,False,False,2021,3,Portuguese Grand Prix
0 days 00:41:04.613000,GAS,10,0 days 00:02:15.417000,4.0,3.0,0 days 00:39:08.903000,,0 days 00:00:50.485000,0 days 00:00:42.519000,0 days 00:00:42.413000,0 days 00:39:39.684000,0 days 00:40:22.203000,0 days 00:41:04.616000,190.0,162.0,194.0,297.0,False,SOFT,8.0,False,AlphaTauri,0 days 00:38:49.196000,,4,9.0,,,False,False,2021,3,Portuguese Grand Prix
0 days 01:10:26.923000,GAS,10,0 days 00:01:27.557000,24.0,3.0,,0 days 01:10:24.008000,0 days 00:00:24.482000,0 days 00:00:32.302000,0 days 00:00:30.773000,0 days 01:09:23.851000,0 days 01:09:56.153000,0 days 01:10:26.926000,275.0,187.0,,294.0,False,SOFT,28.0,False,AlphaTauri,0 days 01:08:59.366000,,1,7.0,,,False,False,2021,3,Portuguese Grand Prix
0 days 01:12:12.438000,GAS,10,0 days 00:01:45.515000,25.0,4.0,0 days 01:10:50.138000,,0 days 00:00:46.084000,0 days 00:00:32.585000,0 days 00:00:26.846000,0 days 01:11:13.010000,0 days 01:11:45.595000,0 days 01:12:12.441000,274.0,184.0,297.0,294.0,False,MEDIUM,1.0,True,AlphaTauri,0 days 01:10:26.923000,,1,12.0,,,False,False,2021,3,Portuguese Grand Prix
0 days 00:36:21.328000,PER,11,0 days 00:01:49.102000,2.0,1.0,,0 days 00:36:18.379000,0 days 00:00:24.864000,0 days 00:00:45.024000,0 days 00:00:39.214000,0 days 00:34:57.106000,0 days 00:35:42.130000,0 days 00:36:21.344000,276.0,151.0,,296.0,False,MEDIUM,8.0,False,Red Bull Racing,0 days 00:34:32.226000,,14,5.0,,,False,False,2021,3,Portuguese Grand Prix
0 days 00:38:43.055000,PER,11,0 days 00:02:21.727000,3.0,2.0,0 days 00:36:40.358000,0 days 00:38:40.164000,0 days 00:00:51.052000,0 days 00:00:44.380000,0 days 00:00:46.295000,0 days 00:37:12.396000,0 days 00:37:56.776000,0 days 00:38:43.071000,205.0,99.0,,296.0,False,MEDIUM,9.0,False,Red Bull Racing,0 days 00:36:21.328000,,4,5.0,,,False,False,2021,3,Portuguese Grand Prix
0 days 00:40:58.304000,PER,11,0 days 00:02:15.249000,4.0,3.0,0 days 00:39:02.240000,,0 days 00:00:51.205000,0 days 00:00:43.230000,0 days 00:00:40.814000,0 days 00:39:34.276000,0 days 00:40:17.506000,0 days 00:40:58.320000,124.0,136.0,228.0,296.0,False,MEDIUM,10.0,False,Red Bull Racing,0 days 00:38:43.055000,,4,5.0,,,False,False,2021,3,Portuguese Grand Prix
0 days 01:47:21.417000,PER,11,0 days 00:01:28.808000,51.0,3.0,,0 days 01:47:18.577000,0 days 00:00:25.408000,0 days 00:00:32.256000,0 days 00:00:31.144000,0 days 01:46:18.033000,0 days 01:46:50.289000,0 days 01:47:21.433000,276.0,183.0,,297.0,False,MEDIUM,57.0,False,Red Bull Racing,0 days 01:45:52.609000,,1,4.0,,,False,False,2021,3,Portuguese Grand Prix
0 days 01:49:07.608000,PER,11,0 days 00:01:46.191000,52.0,4.0,0 days 01:47:45.152000,,0 days 00:00:46.904000,0 days 00:00:32.438000,0 days 00:00:26.849000,0 days 01:48:08.337000,0 days 01:48:40.775000,0 days 01:49:07.624000,272.0,187.0,289.0,297.0,False,SOFT,5.0,False,Red Bull Racing,0 days 01:47:21.417000,,1,4.0,,,False,False,2021,3,Portuguese Grand Prix
0 days 00:36:38.359000,ALO,14,0 days 00:02:01.115000,2.0,1.0,,0 days 00:36:35.280000,0 days 00:00:26.069000,0 days 00:00:50.761000,0 days 00:00:44.285000,0 days 00:35:03.372000,0 days 00:35:54.133000,0 days 00:36:38.418000,265.0,154.0,,272.0,False,MEDIUM,2.0,True,Alpine,0 days 00:34:37.244000,,14,14.0,,,False,False,2021,3,Portuguese Grand Prix
0 days 00:38:57.236000,ALO,14,0 days 00:02:18.877000,3.0,2.0,0 days 00:36:56.699000,0 days 00:38:54.293000,0 days 00:00:46.428000,0 days 00:00:43.388000,0 days 00:00:49.061000,0 days 00:37:24.846000,0 days 00:38:08.234000,0 days 00:38:57.295000,117.0,139.0,,272.0,False,MEDIUM,3.0,False,Alpine,0 days 00:36:38.359000,,4,14.0,,,False,False,2021,3,Portuguese Grand Prix
0 days 00:41:11.931000,ALO,14,0 days 00:02:14.695000,4.0,3.0,0 days 00:39:15.974000,,0 days 00:00:51.351000,0 days 00:00:41.236000,0 days 00:00:42.108000,0 days 00:39:48.646000,0 days 00:40:29.882000,0 days 00:41:11.990000,144.0,171.0,192.0,272.0,False,MEDIUM,4.0,False,Alpine,0 days 00:38:57.236000,,4,14.0,,,False,False,2021,3,Portuguese Grand Prix
0 days 01:32:41.150000,ALO,14,0 days 00:01:28.031000,40.0,3.0,,0 days 01:32:38.250000,0 days 00:00:24.599000,0 days 00:00:32.135000,0 days 00:00:31.297000,0 days 01:31:37.777000,0 days 01:32:09.912000,0 days 01:32:41.209000,270.0,188.0,,288.0,False,MEDIUM,40.0,False,Alpine,0 days 01:31:13.119000,,1,6.0,,,False,False,2021,3,Portuguese Grand Prix
0 days 01:34:26.430000,ALO,14,0 days 00:01:45.280000,41.0,4.0,0 days 01:33:04.652000,,0 days 00:00:45.969000,0 days 00:00:32.500000,0 days 00:00:26.811000,0 days 01:33:27.178000,0 days 01:33:59.678000,0 days 01:34:26.489000,267.0,189.0,288.0,288.0,False,HARD,1.0,True,Alpine,0 days 01:32:41.150000,,1,11.0,,,False,False,2021,3,Portuguese Grand Prix
0 days 00:36:26.419000,LEC,16,0 days 00:01:52.693000,2.0,1.0,,0 days 00:36:23.443000,0 days 00:00:25.241000,0 days 00:00:47.179000,0 days 00:00:40.273000,0 days 00:34:59.022000,0 days 00:35:46.201000,0 days 00:36:26.474000,275.0,159.0,,313.0,False,MEDIUM,7.0,False,Ferrari,0 days 00:34:33.726000,,14,8.0,,,False,False,2021,3,Portuguese Grand Prix
0 days 00:38:47.602000,LEC,16,0 days 00:02:21.183000,3.0,2.0,0 days 00:36:44.971000,0 days 00:38:44.361000,0 days 00:00:50.311000,0 days 00:00:42.815000,0 days 00:00:48.057000,0 days 00:37:16.785000,0 days 00:37:59.600000,0 days 00:38:47.657000,168.0,167.0,,313.0,False,MEDIUM,8.0,False,Ferrari,0 days 00:36:26.419000,,4,8.0,,,False,False,2021,3,Portuguese Grand Prix
0 days 00:41:03.063000,LEC,16,0 days 00:02:15.461000,4.0,3.0,0 days 00:39:06.982000,,0 days 00:00:50.684000,0 days 00:00:42.424000,0 days 00:00:42.353000,0 days 00:39:38.341000,0 days 00:40:20.765000,0 days 00:41:03.118000,121.0,136.0,199.0,313.0,False,MEDIUM,9.0,False,Ferrari,0 days 00:38:47.602000,,4,8.0,,,False,False,2021,3,Portuguese Grand Prix
0 days 01:11:47.993000,LEC,16,0 days 00:01:27.314000,25.0,3.0,,0 days 01:11:45.058000,0 days 00:00:24.495000,0 days 00:00:32.170000,0 days 00:00:30.649000,0 days 01:10:45.229000,0 days 01:11:17.399000,0 days 01:11:48.048000,273.0,185.0,,290.0,False,MEDIUM,30.0,False,Ferrari,0 days 01:10:20.679000,,1,5.0,,,False,False,2021,3,Portuguese Grand Prix
0 days 01:13:33.756000,LEC,16,0 days 00:01:45.763000,26.0,4.0,0 days 01:12:13.234000,,0 days 00:00:46.932000,0 days 00:00:32.205000,0 days 00:00:26.626000,0 days 01:12:34.980000,0 days 01:13:07.185000,0 days 01:13:33.811000,269.0,185.0,287.0,290.0,False,HARD,1.0,True,Ferrari,0 days 01:11:47.993000,,1,10.0,,,False,False,2021,3,Portuguese Grand Prix
0 days 00:36:41.469000,STR,18,0 days 00:02:03.386000,2.0,1.0,,0 days 00:36:39.941000,0 days 00:00:26.310000,0 days 00:00:52.782000,0 days 00:00:44.294000,0 days 00:35:04.441000,0 days 00:35:57.223000,0 days 00:36:41.517000,274.0,145.0,,287.0,False,SOFT,2.0,True,Aston Martin,0 days 00:34:38.083000,,14,16.0,,,False,False,2021,3,Portuguese Grand Prix
0 days 00:39:00.615000,STR,18,0 days 00:02:19.146000,3.0,2.0,0 days 00:37:00.364000,0 days 00:38:57.663000,0 days 00:00:45.762000,0 days 00:00:43.471000,0 days 00:00:49.913000,0 days 00:37:27.279000,0 days 00:38:10.750000,0 days 00:39:00.663000,126.0,156.0,,287.0,False,SOFT,3.0,False,Aston Martin,0 days 00:36:41.469000,,4,16.0,,,False,False,2021,3,Portuguese Grand Prix
0 days 00:41:15.403000,STR,18,0 days 00:02:14.788000,4.0,3.0,0 days 00:39:20.155000,,0 days 00:00:50.321000,0 days 00:00:43.100000,0 days 00:00:41.367000,0 days 00:39:50.984000,0 days 00:40:34.084000,0 days 00:41:15.451000,177.0,164.0,192.0,287.0,False,SOFT,4.0,False,Aston Martin,0 days 00:39:00.615000,,4,16.0,,,False,False,2021,3,Portuguese Grand Prix
0 days 01:31:26.186000,STR,18,0 days 00:01:27.711000,39.0,3.0,,0 days 01:31:23.373000,0 days 00:00:24.554000,0 days 00:00:32.078000,0 days 00:00:31.079000,0 days 01:30:23.077000,0 days 01:30:55.155000,0 days 01:31:26.234000,274.0,180.0,,279.0,False,SOFT,39.0,False,Aston Martin,0 days 01:29:58.475000,,1,7.0,,,False,False,2021,3,Portuguese Grand Prix
0 days 01:33:10.593000,STR,18,0 days 00:01:44.407000,40.0,4.0,0 days 01:31:49.268000,,0 days 00:00:45.376000,0 days 00:00:32.111000,0 days 00:00:26.920000,0 days 01:32:11.610000,0 days 01:32:43.721000,0 days 01:33:10.641000,274.0,184.0,288.0,279.0,False,MEDIUM,1.0,True,Aston Martin,0 days 01:31:26.186000,,1,14.0,,,False,False,2021,3,Portuguese Grand Prix
0 days 00:36:40.433000,TSU,22,0 days 00:02:02.598000,2.0,1.0,,0 days 00:36:36.965000,0 days 00:00:26.032000,0 days 00:00:51.949000,0 days 00:00:44.617000,0 days 00:35:03.891000,0 days 00:35:55.840000,0 days 00:36:40.457000,275.0,154.0,,306.0,False,MEDIUM,2.0,True,AlphaTauri,0 days 00:34:37.835000,,14,15.0,,,False,False,2021,3,Portuguese Grand Prix
0 days 00:38:59.206000,TSU,22,0 days 00:02:18.773000,3.0,2.0,0 days 00:36:59.133000,0 days 00:38:56.114000,0 days 00:00:45.488000,0 days 00:00:43.135000,0 days 00:00:50.150000,0 days 00:37:25.945000,0 days 00:38:09.080000,0 days 00:38:59.230000,129.0,156.0,,306.0,False,MEDIUM,3.0,False,AlphaTauri,0 days 00:36:40.433000,,4,15.0,,,False,False,2021,3,Portuguese Grand Prix
0 days 00:41:13.324000,TSU,22,0 days 00:02:14.118000,4.0,3.0,0 days 00:39:18.608000,,0 days 00:00:50.402000,0 days 00:00:42.026000,0 days 00:00:41.690000,0 days 00:39:49.632000,0 days 00:40:31.658000,0 days 00:41:13.348000,156.0,169.0,201.0,306.0,False,MEDIUM,4.0,False,AlphaTauri,0 days 00:38:59.206000,,4,15.0,,,False,False,2021,3,Portuguese Grand Prix
0 days 01:06:27.173000,TSU,22,0 days 00:01:27.958000,21.0,3.0,,0 days 01:06:24.264000,0 days 00:00:24.746000,0 days 00:00:32.438000,0 days 00:00:30.774000,0 days 01:05:23.985000,0 days 01:05:56.423000,0 days 01:06:27.197000,276.0,180.0,,287.0,False,MEDIUM,21.0,False,AlphaTauri,0 days 01:04:59.215000,,1,15.0,,,False,False,2021,3,Portuguese Grand Prix
0 days 01:08:13.940000,TSU,22,0 days 00:01:46.767000,22.0,4.0,0 days 01:06:50.405000,,0 days 00:00:46.571000,0 days 00:00:33.231000,0 days 00:00:26.965000,0 days 01:07:13.768000,0 days 01:07:46.999000,0 days 01:08:13.964000,271.0,173.0,287.0,287.0,False,HARD,1.0,True,AlphaTauri,0 days 01:06:27.173000,,1,19.0,,,False,False,2021,3,Portuguese Grand Prix
0 days 00:36:34.586000,RIC,3,0 days 00:01:57.399000,2.0,1.0,,0 days 00:36:31.554000,0 days 00:00:25.606000,0 days 00:00:50.548000,0 days 00:00:41.245000,0 days 00:35:02.793000,0 days 00:35:53.341000,0 days 00:36:34.586000,270.0,151.0,,295.0,False,MEDIUM,2.0,True,McLaren,0 days 00:34:37.187000,,14,13.0,,,False,False,2021,3,Portuguese Grand Prix
0 days 00:38:55.201000,RIC,3,0 days 00:02:20.615000,3.0,2.0,0 days 00:36:53.531000,0 days 00:38:52.252000,0 days 00:00:49.716000,0 days 00:00:42.204000,0 days 00:00:48.695000,0 days 00:37:24.302000,0 days 00:38:06.506000,0 days 00:38:55.201000,97.0,148.0,,295.0,False,MEDIUM,3.0,False,McLaren,0 days 00:36:34.586000,,4,13.0,,,False,False,2021,3,Portuguese Grand Prix
0 days 00:41:10.558000,RIC,3,0 days 00:02:15.357000,4.0,3.0,0 days 00:39:14.675000,,0 days 00:00:51.128000,0 days 00:00:41.260000,0 days 00:00:42.969000,0 days 00:39:46.329000,0 days 00:40:27.589000,0 days 00:41:10.558000,163.0,164.0,201.0,295.0,False,MEDIUM,4.0,False,McLaren,0 days 00:38:55.201000,,4,13.0,,,False,False,2021,3,Portuguese Grand Prix
0 days 01:34:00.033000,RIC,3,0 days 00:01:26.217000,41.0,3.0,,0 days 01:33:57.117000,0 days 00:00:24.178000,0 days 00:00:31.993000,0 days 00:00:30.046000,0 days 01:32:57.994000,0 days 01:33:29.987000,0 days 01:34:00.033000,276.0,185.0,,284.0,False,MEDIUM,41.0,False,McLaren,0 days 01:32:33.816000,,1,5.0,,,False,False,2021,3,Portuguese Grand Prix
0 days 01:35:47.540000,RIC,3,0 days 00:01:47.507000,42.0,4.0,0 days 01:34:25.722000,,0 days 00:00:48.590000,0 days 00:00:32.182000,0 days 00:00:26.735000,0 days 01:34:48.623000,0 days 01:35:20.805000,0 days 01:35:47.540000,272.0,183.0,289.0,284.0,False,HARD,1.0,True,McLaren,0 days 01:34:00.033000,,1,10.0,,,False,False,2021,3,Portuguese Grand Prix
0 days 00:36:25.053000,OCO,31,0 days 00:01:51.644000,2.0,1.0,,0 days 00:36:22.119000,0 days 00:00:25.047000,0 days 00:00:46.595000,0 days 00:00:40.002000,0 days 00:34:58.507000,0 days 00:35:45.102000,0 days 00:36:25.104000,270.0,160.0,,296.0,False,SOFT,5.0,False,Alpine,0 days 00:34:33.409000,,14,7.0,,,False,False,2021,3,Portuguese Grand Prix
0 days 00:38:45.732000,OCO,31,0 days 00:02:20.679000,3.0,2.0,0 days 00:36:43.774000,0 days 00:38:42.808000,0 days 00:00:50.609000,0 days 00:00:42.970000,0 days 00:00:47.100000,0 days 00:37:15.713000,0 days 00:37:58.683000,0 days 00:38:45.783000,180.0,107.0,,296.0,False,SOFT,6.0,False,Alpine,0 days 00:36:25.053000,,4,7.0,,,False,False,2021,3,Portuguese Grand Prix
0 days 00:41:01.701000,OCO,31,0 days 00:02:15.969000,4.0,3.0,0 days 00:39:05.083000,,0 days 00:00:51.060000,0 days 00:00:43.249000,0 days 00:00:41.660000,0 days 00:39:36.843000,0 days 00:40:20.092000,0 days 00:41:01.752000,117.0,93.0,213.0,296.0,False,SOFT,7.0,False,Alpine,0 days 00:38:45.732000,,4,7.0,,,False,False,2021,3,Portuguese Grand Prix
0 days 01:07:38.732000,OCO,31,0 days 00:01:27.289000,22.0,3.0,,0 days 01:07:35.813000,0 days 00:00:24.470000,0 days 00:00:32.308000,0 days 00:00:30.511000,0 days 01:06:35.964000,0 days 01:07:08.272000,0 days 01:07:38.783000,268.0,187.0,,290.0,False,SOFT,25.0,False,Alpine,0 days 01:06:11.443000,,1,9.0,,,False,False,2021,3,Portuguese Grand Prix
0 days 01:09:25.943000,OCO,31,0 days 00:01:47.211000,23.0,4.0,0 days 01:08:02.828000,,0 days 00:00:47.373000,0 days 00:00:32.803000,0 days 00:00:27.035000,0 days 01:08:26.156000,0 days 01:08:58.959000,0 days 01:09:25.994000,264.0,184.0,294.0,290.0,False,HARD,1.0,True,Alpine,0 days 01:07:38.732000,,1,14.0,,,False,False,2021,3,Portuguese Grand Prix
0 days 00:36:17.969000,VER,33,0 days 00:01:48.275000,2.0,1.0,,0 days 00:36:14.988000,0 days 00:00:24.554000,0 days 00:00:43.497000,0 days 00:00:40.224000,0 days 00:34:54.252000,0 days 00:35:37.749000,0 days 00:36:17.973000,277.0,163.0,,294.0,False,MEDIUM,7.0,False,Red Bull Racing,0 days 00:34:29.694000,,14,3.0,,,False,False,2021,3,Portuguese Grand Prix
0 days 00:38:40.855000,VER,33,0 days 00:02:22.886000,3.0,2.0,0 days 00:36:37.779000,0 days 00:38:37.831000,0 days 00:00:51.804000,0 days 00:00:44.630000,0 days 00:00:46.452000,0 days 00:37:09.777000,0 days 00:37:54.407000,0 days 00:38:40.859000,208.0,104.0,,294.0,False,MEDIUM,8.0,False,Red Bull Racing,0 days 00:36:17.969000,,4,3.0,,,False,False,2021,3,Portuguese Grand Prix
0 days 00:40:55.944000,VER,33,0 days 00:02:15.089000,4.0,3.0,0 days 00:38:59.938000,,0 days 00:00:49.472000,0 days 00:00:45.027000,0 days 00:00:40.590000,0 days 00:39:30.331000,0 days 00:40:15.358000,0 days 00:40:55.948000,200.0,163.0,227.0,294.0,False,MEDIUM,9.0,False,Red Bull Racing,0 days 00:38:40.855000,,4,3.0,,,False,False,2021,3,Portuguese Grand Prix
0 days 01:25:10.396000,VER,33,0 days 00:01:25.600000,35.0,3.0,,0 days 01:25:07.357000,0 days 00:00:23.774000,0 days 00:00:31.837000,0 days 00:00:29.989000,0 days 01:24:08.574000,0 days 01:24:40.411000,0 days 01:25:10.400000,275.0,169.0,,298.0,False,MEDIUM,40.0,False,Red Bull Racing,0 days 01:23:44.796000,,1,3.0,,,False,False,2021,3,Portuguese Grand Prix
0 days 01:26:54.155000,VER,33,0 days 00:01:43.759000,36.0,4.0,0 days 01:25:34.135000,,0 days 00:00:46.085000,0 days 00:00:31.450000,0 days 00:00:26.224000,0 days 01:25:56.485000,0 days 01:26:27.935000,0 days 01:26:54.159000,276.0,185.0,290.0,298.0,False,HARD,1.0,True,Red Bull Racing,0 days 01:25:10.396000,,1,4.0,,,False,False,2021,3,Portuguese Grand Prix
0 days 02:04:58.795000,VER,33,0 days 00:01:25.271000,64.0,4.0,,0 days 02:04:55.846000,0 days 00:00:23.777000,0 days 00:00:31.391000,0 days 00:00:30.103000,0 days 02:03:57.305000,0 days 02:04:28.696000,0 days 02:04:58.799000,281.0,191.0,,301.0,False,HARD,29.0,True,Red Bull Racing,0 days 02:03:33.524000,,1,2.0,,,False,False,2021,3,Portuguese Grand Prix
0 days 02:06:43.710000,VER,33,0 days 00:01:44.915000,65.0,5.0,0 days 02:05:22.174000,,0 days 00:00:45.623000,0 days 00:00:32.388000,0 days 00:00:26.904000,0 days 02:05:44.422000,0 days 02:06:16.810000,0 days 02:06:43.714000,277.0,189.0,290.0,301.0,False,SOFT,4.0,False,Red Bull Racing,0 days 02:04:58.795000,,1,2.0,,,False,False,2021,3,Portuguese Grand Prix
0 days 00:36:23.220000,NOR,4,0 days 00:01:50.559000,2.0,1.0,,0 days 00:36:20.265000,0 days 00:00:25.017000,0 days 00:00:46.200000,0 days 00:00:39.342000,0 days 00:34:57.687000,0 days 00:35:43.887000,0 days 00:36:23.229000,271.0,167.0,,295.0,False,SOFT,6.0,False,McLaren,0 days 00:34:32.661000,,14,6.0,,,False,False,2021,3,Portuguese Grand Prix
0 days 00:38:43.941000,NOR,4,0 days 00:02:20.721000,3.0,2.0,0 days 00:36:42.516000,0 days 00:38:40.960000,0 days 00:00:51.255000,0 days 00:00:43.232000,0 days 00:00:46.234000,0 days 00:37:14.484000,0 days 00:37:57.716000,0 days 00:38:43.950000,203.0,91.0,,295.0,False,SOFT,7.0,False,McLaren,0 days 00:36:23.220000,,4,6.0,,,False,False,2021,3,Portuguese Grand Prix
0 days 00:41:00.372000,NOR,4,0 days 00:02:16.431000,4.0,3.0,0 days 00:39:03.562000,,0 days 00:00:51.844000,0 days 00:00:42.787000,0 days 00:00:41.800000,0 days 00:39:35.794000,0 days 00:40:18.581000,0 days 00:41:00.381000,146.0,94.0,226.0,295.0,False,SOFT,8.0,False,McLaren,0 days 00:38:43.941000,,4,6.0,,,False,False,2021,3,Portuguese Grand Prix
0 days 01:07:32.868000,NOR,4,0 days 00:01:26.873000,22.0,3.0,,0 days 01:07:29.920000,0 days 00:00:24.483000,0 days 00:00:31.974000,0 days 00:00:30.416000,0 days 01:06:30.487000,0 days 01:07:02.461000,0 days 01:07:32.877000,269.0,185.0,,280.0,False,SOFT,26.0,False,McLaren,0 days 01:06:05.995000,,1,5.0,,,False,False,2021,3,Portuguese Grand Prix
0 days 01:09:18.403000,NOR,4,0 days 00:01:45.535000,23.0,4.0,0 days 01:07:56.862000,,0 days 00:00:46.470000,0 days 00:00:32.256000,0 days 00:00:26.809000,0 days 01:08:19.347000,0 days 01:08:51.603000,0 days 01:09:18.412000,273.0,189.0,286.0,280.0,False,MEDIUM,1.0,True,McLaren,0 days 01:07:32.868000,,1,10.0,,,False,False,2021,3,Portuguese Grand Prix
0 days 00:36:17.003000,HAM,44,0 days 00:01:48.207000,2.0,1.0,,0 days 00:36:13.985000,0 days 00:00:24.817000,0 days 00:00:42.433000,0 days 00:00:40.957000,0 days 00:34:53.628000,0 days 00:35:36.061000,0 days 00:36:17.018000,273.0,151.0,,282.0,False,MEDIUM,6.0,False,Mercedes,0 days 00:34:28.796000,,14,2.0,,,False,False,2021,3,Portuguese Grand Prix
0 days 00:38:39.627000,HAM,44,0 days 00:02:22.624000,3.0,2.0,0 days 00:36:36.400000,0 days 00:38:36.661000,0 days 00:00:51.248000,0 days 00:00:45.116000,0 days 00:00:46.260000,0 days 00:37:08.266000,0 days 00:37:53.382000,0 days 00:38:39.642000,231.0,104.0,,282.0,False,MEDIUM,7.0,False,Mercedes,0 days 00:36:17.003000,,4,2.0,,,False,False,2021,3,Portuguese Grand Prix
0 days 00:40:54.852000,HAM,44,0 days 00:02:15.225000,4.0,3.0,0 days 00:38:58.790000,,0 days 00:00:49.652000,0 days 00:00:44.450000,0 days 00:00:41.123000,0 days 00:39:29.294000,0 days 00:40:13.744000,0 days 00:40:54.867000,217.0,169.0,232.0,282.0,False,MEDIUM,8.0,False,Mercedes,0 days 00:38:39.627000,,4,2.0,,,False,False,2021,3,Portuguese Grand Prix
0 days 01:27:49.413000,HAM,44,0 days 00:01:25.526000,37.0,3.0,,0 days 01:27:46.497000,0 days 00:00:24.061000,0 days 00:00:31.539000,0 days 00:00:29.926000,0 days 01:26:47.963000,0 days 01:27:19.502000,0 days 01:27:49.428000,270.0,185.0,,288.0,False,MEDIUM,41.0,False,Mercedes,0 days 01:26:23.887000,,1,1.0,,,False,False,2021,3,Portuguese Grand Prix
0 days 01:29:34.562000,HAM,44,0 days 00:01:45.149000,38.0,4.0,0 days 01:28:13.359000,,0 days 00:00:46.564000,0 days 00:00:32.139000,0 days 00:00:26.446000,0 days 01:28:35.992000,0 days 01:29:08.131000,0 days 01:29:34.577000,272.0,185.0,291.0,288.0,False,HARD,2.0,False,Mercedes,0 days 01:27:49.413000,,1,2.0,,,False,False,2021,3,Portuguese Grand Prix
0 days 00:36:43.727000,MSC,47,0 days 00:02:04.418000,2.0,1.0,,0 days 00:36:43.877000,0 days 00:00:26.362000,0 days 00:00:53.015000,0 days 00:00:45.041000,0 days 00:35:05.705000,0 days 00:35:58.720000,0 days 00:36:43.761000,268.0,126.0,,305.0,False,MEDIUM,2.0,True,Haas F1 Team,0 days 00:34:39.309000,,14,18.0,,,False,False,2021,3,Portuguese Grand Prix
0 days 00:39:03.381000,MSC,47,0 days 00:02:19.654000,3.0,2.0,0 days 00:37:02.530000,0 days 00:39:00.458000,0 days 00:00:45.702000,0 days 00:00:42.848000,0 days 00:00:51.104000,0 days 00:37:29.463000,0 days 00:38:12.311000,0 days 00:39:03.415000,179.0,155.0,,305.0,False,MEDIUM,3.0,False,Haas F1 Team,0 days 00:36:43.727000,,4,18.0,,,False,False,2021,3,Portuguese Grand Prix
0 days 00:41:17.905000,MSC,47,0 days 00:02:14.524000,4.0,3.0,0 days 00:39:21.871000,,0 days 00:00:49.958000,0 days 00:00:42.832000,0 days 00:00:41.734000,0 days 00:39:53.373000,0 days 00:40:36.205000,0 days 00:41:17.939000,197.0,162.0,197.0,305.0,False,MEDIUM,4.0,False,Haas F1 Team,0 days 00:39:03.381000,,4,18.0,,,False,False,2021,3,Portuguese Grand Prix
0 days 01:22:12.497000,MSC,47,0 days 00:01:27.878000,32.0,3.0,,0 days 01:22:09.542000,0 days 00:00:24.604000,0 days 00:00:32.245000,0 days 00:00:31.029000,0 days 01:21:09.257000,0 days 01:21:41.502000,0 days 01:22:12.531000,272.0,181.0,,294.0,False,MEDIUM,32.0,False,Haas F1 Team,0 days 01:20:44.619000,,1,15.0,,,False,False,2021,3,Portuguese Grand Prix
0 days 01:24:02.007000,MSC,47,0 days 00:01:49.510000,33.0,4.0,0 days 01:22:36.840000,,0 days 00:00:48.500000,0 days 00:00:33.708000,0 days 00:00:27.302000,0 days 01:23:01.031000,0 days 01:23:34.739000,0 days 01:24:02.041000,266.0,179.0,293.0,294.0,False,HARD,1.0,True,Haas F1 Team,0 days 01:22:12.497000,,1,18.0,,,False,False,2021,3,Portuguese Grand Prix
0 days 00:36:30.225000,VET,5,0 days 00:01:55.328000,2.0,1.0,,0 days 00:36:27.621000,0 days 00:00:25.495000,0 days 00:00:48.632000,0 days 00:00:41.201000,0 days 00:35:00.410000,0 days 00:35:49.042000,0 days 00:36:30.243000,274.0,152.0,,310.0,False,SOFT,5.0,False,Aston Martin,0 days 00:34:34.897000,,14,10.0,,,False,False,2021,3,Portuguese Grand Prix
0 days 00:38:51.569000,VET,5,0 days 00:02:21.344000,3.0,2.0,0 days 00:36:48.725000,0 days 00:38:48.961000,0 days 00:00:49.459000,0 days 00:00:42.413000,0 days 00:00:49.472000,0 days 00:37:19.702000,0 days 00:38:02.115000,0 days 00:38:51.587000,142.0,160.0,,310.0,False,SOFT,6.0,False,Aston Martin,0 days 00:36:30.225000,,4,10.0,,,False,False,2021,3,Portuguese Grand Prix
0 days 00:41:06.303000,VET,5,0 days 00:02:14.734000,4.0,3.0,0 days 00:39:10.684000,,0 days 00:00:49.990000,0 days 00:00:42.792000,0 days 00:00:41.952000,0 days 00:39:41.577000,0 days 00:40:24.369000,0 days 00:41:06.321000,146.0,116.0,165.0,310.0,False,SOFT,7.0,False,Aston Martin,0 days 00:38:51.569000,,4,10.0,,,False,False,2021,3,Portuguese Grand Prix
0 days 01:07:43.598000,VET,5,0 days 00:01:27.464000,22.0,3.0,,0 days 01:07:40.672000,0 days 00:00:24.473000,0 days 00:00:32.180000,0 days 00:00:30.811000,0 days 01:06:40.625000,0 days 01:07:12.805000,0 days 01:07:43.616000,268.0,192.0,,289.0,False,SOFT,25.0,False,Aston Martin,0 days 01:06:16.134000,,1,11.0,,,False,False,2021,3,Portuguese Grand Prix
0 days 01:09:28.854000,VET,5,0 days 00:01:45.256000,23.0,4.0,0 days 01:08:07.315000,,0 days 00:00:46.064000,0 days 00:00:32.273000,0 days 00:00:26.919000,0 days 01:08:29.680000,0 days 01:09:01.953000,0 days 01:09:28.872000,270.0,188.0,290.0,289.0,False,MEDIUM,1.0,False,Aston Martin,0 days 01:07:43.598000,,1,16.0,,,False,False,2021,3,Portuguese Grand Prix
0 days 00:36:20.318000,SAI,55,0 days 00:01:48.928000,2.0,1.0,,0 days 00:36:17.182000,0 days 00:00:24.968000,0 days 00:00:44.522000,0 days 00:00:39.438000,0 days 00:34:56.376000,0 days 00:35:40.898000,0 days 00:36:20.336000,271.0,153.0,,294.0,False,SOFT,7.0,False,Ferrari,0 days 00:34:31.390000,,14,4.0,,,False,False,2021,3,Portuguese Grand Prix
0 days 00:38:41.774000,SAI,55,0 days 00:02:21.456000,3.0,2.0,0 days 00:36:39.312000,0 days 00:38:38.764000,0 days 00:00:51.535000,0 days 00:00:44.118000,0 days 00:00:45.803000,0 days 00:37:11.871000,0 days 00:37:55.989000,0 days 00:38:41.792000,196.0,105.0,,294.0,False,SOFT,8.0,False,Ferrari,0 days 00:36:20.318000,,4,4.0,,,False,False,2021,3,Portuguese Grand Prix
0 days 00:40:57.468000,SAI,55,0 days 00:02:15.694000,4.0,3.0,0 days 00:39:01.049000,,0 days 00:00:50.548000,0 days 00:00:44.422000,0 days 00:00:40.724000,0 days 00:39:32.340000,0 days 00:40:16.762000,0 days 00:40:57.486000,195.0,139.0,223.0,294.0,False,SOFT,9.0,False,Ferrari,0 days 00:38:41.774000,,4,4.0,,,False,False,2021,3,Portuguese Grand Prix
0 days 01:06:11.155000,SAI,55,0 days 00:01:27.310000,21.0,3.0,,0 days 01:06:08.221000,0 days 00:00:24.347000,0 days 00:00:32.224000,0 days 00:00:30.739000,0 days 01:05:08.210000,0 days 01:05:40.434000,0 days 01:06:11.173000,274.0,185.0,,295.0,False,SOFT,26.0,False,Ferrari,0 days 01:04:43.845000,,1,7.0,,,False,False,2021,3,Portuguese Grand Prix
0 days 01:07:55.403000,SAI,55,0 days 00:01:44.248000,22.0,4.0,0 days 01:06:34.108000,,0 days 00:00:44.934000,0 days 00:00:32.385000,0 days 00:00:26.929000,0 days 01:06:56.107000,0 days 01:07:28.492000,0 days 01:07:55.421000,272.0,191.0,293.0,295.0,False,MEDIUM,1.0,True,Ferrari,0 days 01:06:11.155000,,1,15.0,,,False,False,2021,3,Portuguese Grand Prix
0 days 00:36:42.804000,LAT,6,0 days 00:02:04.268000,2.0,1.0,,0 days 00:36:39.485000,0 days 00:00:26.486000,0 days 00:00:53.227000,0 days 00:00:44.555000,0 days 00:35:05.039000,0 days 00:35:58.266000,0 days 00:36:42.821000,271.0,119.0,,297.0,False,MEDIUM,2.0,True,Williams,0 days 00:34:38.536000,,14,17.0,,,False,False,2021,3,Portuguese Grand Prix
0 days 00:39:02.061000,LAT,6,0 days 00:02:19.257000,3.0,2.0,0 days 00:37:01.512000,0 days 00:38:59.358000,0 days 00:00:45.995000,0 days 00:00:42.750000,0 days 00:00:50.512000,0 days 00:37:28.816000,0 days 00:38:11.566000,0 days 00:39:02.078000,142.0,139.0,,297.0,False,MEDIUM,3.0,False,Williams,0 days 00:36:42.804000,,4,17.0,,,False,False,2021,3,Portuguese Grand Prix
0 days 00:41:16.678000,LAT,6,0 days 00:02:14.617000,4.0,3.0,0 days 00:39:20.808000,,0 days 00:00:49.684000,0 days 00:00:43.352000,0 days 00:00:41.581000,0 days 00:39:51.762000,0 days 00:40:35.114000,0 days 00:41:16.695000,205.0,154.0,192.0,297.0,False,MEDIUM,4.0,False,Williams,0 days 00:39:02.061000,,4,17.0,,,False,False,2021,3,Portuguese Grand Prix
0 days 01:10:54.062000,LAT,6,0 days 00:01:29.320000,24.0,3.0,,0 days 01:10:51.478000,0 days 00:00:24.703000,0 days 00:00:33.177000,0 days 00:00:31.440000,0 days 01:09:49.462000,0 days 01:10:22.639000,0 days 01:10:54.079000,271.0,181.0,,294.0,False,MEDIUM,24.0,False,Williams,0 days 01:09:24.742000,,1,16.0,,,False,False,2021,3,Portuguese Grand Prix
0 days 01:12:40.867000,LAT,6,0 days 00:01:46.805000,25.0,4.0,0 days 01:11:17.789000,,0 days 00:00:46.857000,0 days 00:00:32.901000,0 days 00:00:27.047000,0 days 01:11:40.936000,0 days 01:12:13.837000,0 days 01:12:40.884000,271.0,175.0,290.0,294.0,False,HARD,1.0,True,Williams,0 days 01:10:54.062000,,1,19.0,,,False,False,2021,3,Portuguese Grand Prix
0 days 00:36:31.026000,RUS,63,0 days 00:01:55.043000,2.0,1.0,,0 days 00:36:28.108000,0 days 00:00:25.208000,0 days 00:00:50.064000,0 days 00:00:39.771000,0 days 00:35:01.202000,0 days 00:35:51.266000,0 days 00:36:31.037000,277.0,152.0,,307.0,False,MEDIUM,2.0,True,Williams,0 days 00:34:35.983000,,14,11.0,,,False,False,2021,3,Portuguese Grand Prix
0 days 00:38:52.117000,RUS,63,0 days 00:02:21.091000,3.0,2.0,0 days 00:36:51.932000,0 days 00:38:49.144000,0 days 00:00:50.127000,0 days 00:00:43.057000,0 days 00:00:47.907000,0 days 00:37:21.164000,0 days 00:38:04.221000,0 days 00:38:52.128000,173.0,155.0,,307.0,False,MEDIUM,3.0,False,Williams,0 days 00:36:31.026000,,4,11.0,,,False,False,2021,3,Portuguese Grand Prix
0 days 00:41:08.327000,RUS,63,0 days 00:02:16.210000,4.0,3.0,0 days 00:39:12.234000,,0 days 00:00:51.525000,0 days 00:00:42.276000,0 days 00:00:42.409000,0 days 00:39:43.653000,0 days 00:40:25.929000,0 days 00:41:08.338000,137.0,116.0,191.0,307.0,False,MEDIUM,4.0,False,Williams,0 days 00:38:52.117000,,4,11.0,,,False,False,2021,3,Portuguese Grand Prix
0 days 01:16:33.961000,RUS,63,0 days 00:01:28.745000,28.0,3.0,,0 days 01:16:31.060000,0 days 00:00:24.846000,0 days 00:00:33.113000,0 days 00:00:30.786000,0 days 01:15:30.073000,0 days 01:16:03.186000,0 days 01:16:33.972000,273.0,175.0,,302.0,False,MEDIUM,28.0,False,Williams,0 days 01:15:05.216000,,1,16.0,,,False,False,2021,3,Portuguese Grand Prix
0 days 01:18:20.915000,RUS,63,0 days 00:01:46.954000,29.0,4.0,0 days 01:16:57.909000,,0 days 00:00:46.772000,0 days 00:00:33.225000,0 days 00:00:26.957000,0 days 01:17:20.744000,0 days 01:17:53.969000,0 days 01:18:20.926000,274.0,172.0,293.0,302.0,False,HARD,1.0,True,Williams,0 days 01:16:33.961000,,1,18.0,,,False,False,2021,3,Portuguese Grand Prix
0 days 00:36:14.802000,BOT,77,0 days 00:01:46.875000,2.0,1.0,,0 days 00:36:11.853000,0 days 00:00:24.746000,0 days 00:00:39.959000,0 days 00:00:42.170000,0 days 00:34:52.696000,0 days 00:35:32.655000,0 days 00:36:14.825000,271.0,126.0,,274.0,False,MEDIUM,6.0,False,Mercedes,0 days 00:34:27.927000,,14,1.0,,,False,False,2021,3,Portuguese Grand Prix
0 days 00:38:37.486000,BOT,77,0 days 00:02:22.684000,3.0,2.0,0 days 00:36:33.201000,0 days 00:38:34.520000,0 days 00:00:51.537000,0 days 00:00:46.167000,0 days 00:00:44.980000,0 days 00:37:06.362000,0 days 00:37:52.529000,0 days 00:38:37.509000,172.0,137.0,,274.0,False,MEDIUM,7.0,False,Mercedes,0 days 00:36:14.802000,,4,1.0,,,False,False,2021,3,Portuguese Grand Prix
0 days 00:40:52.817000,BOT,77,0 days 00:02:15.331000,4.0,3.0,0 days 00:38:56.576000,,0 days 00:00:49.543000,0 days 00:00:45.922000,0 days 00:00:39.866000,0 days 00:39:27.052000,0 days 00:40:12.974000,0 days 00:40:52.840000,239.0,171.0,236.0,274.0,False,MEDIUM,8.0,False,Mercedes,0 days 00:38:37.486000,,4,1.0,,,False,False,2021,3,Portuguese Grand Prix
0 days 01:26:31.345000,BOT,77,0 days 00:01:25.701000,36.0,3.0,,0 days 01:26:28.373000,0 days 00:00:23.805000,0 days 00:00:31.887000,0 days 00:00:30.009000,0 days 01:25:29.472000,0 days 01:26:01.359000,0 days 01:26:31.368000,276.0,179.0,,297.0,False,MEDIUM,40.0,False,Mercedes,0 days 01:25:05.644000,,1,2.0,,,False,False,2021,3,Portuguese Grand Prix
0 days 01:28:18.455000,BOT,77,0 days 00:01:47.110000,37.0,4.0,0 days 01:26:55.311000,,0 days 00:00:47.215000,0 days 00:00:33.026000,0 days 00:00:26.869000,0 days 01:27:18.583000,0 days 01:27:51.609000,0 days 01:28:18.478000,268.0,175.0,295.0,297.0,False,HARD,2.0,False,Mercedes,0 days 01:26:31.345000,,1,4.0,,,False,False,2021,3,Portuguese Grand Prix
0 days 02:03:43.014000,BOT,77,0 days 00:01:24.774000,63.0,4.0,,0 days 02:03:40.068000,0 days 00:00:23.830000,0 days 00:00:31.185000,0 days 00:00:29.759000,0 days 02:02:42.093000,0 days 02:03:13.278000,0 days 02:03:43.037000,278.0,188.0,,292.0,False,HARD,28.0,False,Mercedes,0 days 02:02:18.240000,,1,3.0,,,False,False,2021,3,Portuguese Grand Prix
0 days 02:05:27.250000,BOT,77,0 days 00:01:44.236000,64.0,5.0,0 days 02:04:06.655000,,0 days 00:00:46.076000,0 days 00:00:31.534000,0 days 00:00:26.626000,0 days 02:04:29.113000,0 days 02:05:00.647000,0 days 02:05:27.273000,275.0,189.0,289.0,292.0,False,SOFT,1.0,True,Mercedes,0 days 02:03:43.014000,,1,3.0,,,False,False,2021,3,Portuguese Grand Prix
0 days 00:36:45.584000,MAZ,9,0 days 00:02:05.966000,2.0,1.0,,0 days 00:36:42.929000,0 days 00:00:26.734000,0 days 00:00:53.531000,0 days 00:00:45.701000,0 days 00:35:06.403000,0 days 00:35:59.934000,0 days 00:36:45.635000,266.0,154.0,,314.0,False,MEDIUM,2.0,True,Haas F1 Team,0 days 00:34:39.618000,,14,19.0,,,False,False,2021,3,Portuguese Grand Prix
0 days 00:39:05.319000,MAZ,9,0 days 00:02:19.735000,3.0,2.0,0 days 00:37:03.987000,0 days 00:39:02.264000,0 days 00:00:45.440000,0 days 00:00:42.810000,0 days 00:00:51.485000,0 days 00:37:31.075000,0 days 00:38:13.885000,0 days 00:39:05.370000,125.0,164.0,,314.0,False,MEDIUM,3.0,False,Haas F1 Team,0 days 00:36:45.584000,,4,19.0,,,False,False,2021,3,Portuguese Grand Prix
0 days 00:41:20.032000,MAZ,9,0 days 00:02:14.713000,4.0,3.0,0 days 00:39:23.747000,,0 days 00:00:53.233000,0 days 00:00:39.694000,0 days 00:00:41.786000,0 days 00:39:58.603000,0 days 00:40:38.297000,0 days 00:41:20.083000,169.0,162.0,162.0,314.0,False,MEDIUM,4.0,False,Haas F1 Team,0 days 00:39:05.319000,,4,19.0,,,False,False,2021,3,Portuguese Grand Prix
0 days 01:20:58.381000,MAZ,9,0 days 00:01:28.599000,31.0,3.0,,0 days 01:20:55.258000,0 days 00:00:25.073000,0 days 00:00:32.656000,0 days 00:00:30.870000,0 days 01:19:54.906000,0 days 01:20:27.562000,0 days 01:20:58.432000,268.0,177.0,,294.0,False,MEDIUM,31.0,False,Haas F1 Team,0 days 01:19:29.782000,,1,17.0,,,False,False,2021,3,Portuguese Grand Prix
0 days 01:22:49.314000,MAZ,9,0 days 00:01:50.933000,32.0,4.0,0 days 01:21:22.450000,,0 days 00:00:48.724000,0 days 00:00:34.484000,0 days 00:00:27.725000,0 days 01:21:47.156000,0 days 01:22:21.640000,0 days 01:22:49.365000,266.0,172.0,285.0,294.0,False,HARD,1.0,True,Haas F1 Team,0 days 01:20:58.381000,,1,19.0,,,False,False,2021,3,Portuguese Grand Prix
0 days 01:38:35.041000,MAZ,9,0 days 00:01:31.558000,43.0,4.0,,0 days 01:38:32.121000,0 days 00:00:25.481000,0 days 00:00:34.603000,0 days 00:00:31.474000,0 days 01:37:29.015000,0 days 01:38:03.618000,0 days 01:38:35.092000,226.0,176.0,,295.0,False,HARD,12.0,True,Haas F1 Team,0 days 01:37:03.483000,,1,19.0,,,False,False,2021,3,Portuguese Grand Prix
0 days 01:40:27.025000,MAZ,9,0 days 00:01:51.984000,44.0,5.0,0 days 01:38:59.091000,,0 days 00:00:50.189000,0 days 00:00:34.241000,0 days 00:00:27.554000,0 days 01:39:25.281000,0 days 01:39:59.522000,0 days 01:40:27.076000,261.0,174.0,286.0,295.0,False,SOFT,1.0,True,Haas F1 Team,0 days 01:38:35.041000,,1,19.0,,,False,False,2021,3,Portuguese Grand Prix
0 days 00:36:32.966000,GIO,99,0 days 00:01:56.382000,2.0,1.0,,0 days 00:36:30.001000,0 days 00:00:25.590000,0 days 00:00:49.683000,0 days 00:00:41.109000,0 days 00:35:02.186000,0 days 00:35:51.869000,0 days 00:36:32.978000,273.0,159.0,,293.0,False,MEDIUM,2.0,True,Alfa Romeo Racing,0 days 00:34:36.584000,,14,12.0,,,False,False,2021,3,Portuguese Grand Prix
0 days 00:38:53.466000,GIO,99,0 days 00:02:20.500000,3.0,2.0,0 days 00:36:52.549000,0 days 00:38:50.567000,0 days 00:00:49.392000,0 days 00:00:42.830000,0 days 00:00:48.278000,0 days 00:37:22.370000,0 days 00:38:05.200000,0 days 00:38:53.478000,157.0,166.0,,293.0,False,MEDIUM,3.0,False,Alfa Romeo Racing,0 days 00:36:32.966000,,4,12.0,,,False,False,2021,3,Portuguese Grand Prix
0 days 00:41:09.550000,GIO,99,0 days 00:02:16.084000,4.0,3.0,0 days 00:39:13.306000,,0 days 00:00:51.762000,0 days 00:00:41.657000,0 days 00:00:42.665000,0 days 00:39:45.240000,0 days 00:40:26.897000,0 days 00:41:09.562000,153.0,169.0,185.0,293.0,False,MEDIUM,4.0,False,Alfa Romeo Racing,0 days 00:38:53.466000,,4,12.0,,,False,False,2021,3,Portuguese Grand Prix
0 days 01:07:44.965000,GIO,99,0 days 00:01:27.987000,22.0,3.0,,0 days 01:07:42.153000,0 days 00:00:24.426000,0 days 00:00:32.538000,0 days 00:00:31.023000,0 days 01:06:41.416000,0 days 01:07:13.954000,0 days 01:07:44.977000,280.0,186.0,,318.0,False,MEDIUM,22.0,False,Alfa Romeo Racing,0 days 01:06:16.978000,,1,13.0,,,False,False,2021,3,Portuguese Grand Prix
0 days 01:09:32.174000,GIO,99,0 days 00:01:47.209000,23.0,4.0,0 days 01:08:08.751000,,0 days 00:00:46.962000,0 days 00:00:33.176000,0 days 00:00:27.071000,0 days 01:08:31.939000,0 days 01:09:05.115000,0 days 01:09:32.186000,267.0,181.0,287.0,318.0,False,HARD,1.0,True,Alfa Romeo Racing,0 days 01:07:44.965000,,1,17.0,,,False,False,2021,3,Portuguese Grand Prix
0 days 01:00:40.742000,GAS,10,0 days 00:01:28.954000,18.0,1.0,,0 days 01:00:38.062000,0 days 00:00:23.559000,0 days 00:00:32.446000,0 days 00:00:32.949000,0 days 00:59:35.347000,0 days 01:00:07.793000,0 days 01:00:40.742000,267.0,257.0,,330.0,False,SOFT,18.0,True,AlphaTauri,0 days 00:59:11.788000,,1,15.0,,,False,False,2021,4,Spanish Grand Prix
0 days 01:02:28.099000,GAS,10,0 days 00:01:47.357000,19.0,2.0,0 days 01:01:06.104000,,0 days 00:00:48.140000,0 days 00:00:31.203000,0 days 00:00:28.014000,0 days 01:01:28.882000,0 days 01:02:00.085000,0 days 01:02:28.099000,271.0,278.0,273.0,254.0,False,MEDIUM,1.0,True,AlphaTauri,0 days 01:00:40.742000,,1,19.0,,,False,False,2021,4,Spanish Grand Prix
0 days 01:41:50.242000,GAS,10,0 days 00:01:29.486000,47.0,2.0,,0 days 01:41:47.583000,0 days 00:00:23.678000,0 days 00:00:33.412000,0 days 00:00:32.396000,0 days 01:40:44.434000,0 days 01:41:17.846000,0 days 01:41:50.242000,270.0,251.0,,305.0,False,MEDIUM,29.0,True,AlphaTauri,0 days 01:40:20.756000,,1,12.0,,,False,False,2021,4,Spanish Grand Prix
0 days 01:43:34.552000,GAS,10,0 days 00:01:44.310000,48.0,3.0,0 days 01:42:13.636000,,0 days 00:00:45.797000,0 days 00:00:30.892000,0 days 00:00:27.621000,0 days 01:42:36.039000,0 days 01:43:06.931000,0 days 01:43:34.552000,272.0,272.0,278.0,258.0,False,SOFT,1.0,True,AlphaTauri,0 days 01:41:50.242000,,1,16.0,,,False,False,2021,4,Spanish Grand Prix
0 days 01:13:09.683000,PER,11,0 days 00:01:26.984000,27.0,1.0,,0 days 01:13:07.036000,0 days 00:00:23.607000,0 days 00:00:31.385000,0 days 00:00:31.992000,0 days 01:12:06.321000,0 days 01:12:37.706000,0 days 01:13:09.698000,278.0,286.0,,305.0,False,SOFT,30.0,False,Red Bull Racing,0 days 01:11:42.699000,,1,5.0,,,False,False,2021,4,Spanish Grand Prix
0 days 01:14:52.914000,PER,11,0 days 00:01:43.231000,28.0,2.0,0 days 01:13:29.370000,,0 days 00:00:42.759000,0 days 00:00:31.344000,0 days 00:00:29.128000,0 days 01:13:52.457000,0 days 01:14:23.801000,0 days 01:14:52.929000,271.0,268.0,281.0,251.0,False,MEDIUM,1.0,True,Red Bull Racing,0 days 01:13:09.683000,,1,7.0,,,False,False,2021,4,Spanish Grand Prix
0 days 01:54:58.609000,PER,11,0 days 00:01:27.212000,57.0,2.0,,0 days 01:54:55.991000,0 days 00:00:24.335000,0 days 00:00:31.139000,0 days 00:00:31.738000,0 days 01:53:55.747000,0 days 01:54:26.886000,0 days 01:54:58.624000,275.0,284.0,,308.0,False,MEDIUM,30.0,True,Red Bull Racing,0 days 01:53:31.397000,,1,5.0,,,False,False,2021,4,Spanish Grand Prix
0 days 01:56:39.110000,PER,11,0 days 00:01:40.501000,58.0,3.0,0 days 01:55:17.373000,,0 days 00:00:41.731000,0 days 00:00:30.893000,0 days 00:00:27.877000,0 days 01:55:40.355000,0 days 01:56:11.248000,0 days 01:56:39.125000,270.0,273.0,278.0,255.0,False,SOFT,4.0,False,Red Bull Racing,0 days 01:54:58.609000,,1,5.0,,,False,False,2021,4,Spanish Grand Prix
0 days 01:04:54.688000,ALO,14,0 days 00:01:28.466000,21.0,1.0,,0 days 01:04:52.076000,0 days 00:00:23.992000,0 days 00:00:32.051000,0 days 00:00:32.423000,0 days 01:03:50.268000,0 days 01:04:22.319000,0 days 01:04:54.742000,258.0,275.0,,307.0,False,SOFT,24.0,False,Alpine,0 days 01:03:26.222000,,1,11.0,,,False,False,2021,4,Spanish Grand Prix
0 days 01:06:37.040000,ALO,14,0 days 00:01:42.352000,22.0,2.0,0 days 01:05:13.985000,,0 days 00:00:42.276000,0 days 00:00:32.117000,0 days 00:00:27.959000,0 days 01:05:37.018000,0 days 01:06:09.135000,0 days 01:06:37.094000,260.0,277.0,271.0,250.0,False,MEDIUM,1.0,True,Alpine,0 days 01:04:54.688000,,1,16.0,,,False,False,2021,4,Spanish Grand Prix
0 days 02:01:44.234000,ALO,14,0 days 00:01:31.873000,61.0,2.0,,0 days 02:01:41.618000,0 days 00:00:25.048000,0 days 00:00:33.360000,0 days 00:00:33.465000,0 days 02:00:37.463000,0 days 02:01:10.823000,0 days 02:01:44.288000,237.0,282.0,,305.0,False,MEDIUM,40.0,True,Alpine,0 days 02:00:12.361000,,1,15.0,,,False,False,2021,4,Spanish Grand Prix
0 days 02:03:30.443000,ALO,14,0 days 00:01:46.209000,62.0,3.0,0 days 02:02:05.079000,,0 days 00:00:45.090000,0 days 00:00:32.572000,0 days 00:00:28.547000,0 days 02:02:29.378000,0 days 02:03:01.950000,0 days 02:03:30.497000,251.0,246.0,278.0,253.0,False,SOFT,4.0,False,Alpine,0 days 02:01:44.234000,,1,17.0,,,False,False,2021,4,Spanish Grand Prix
0 days 01:14:23.191000,LEC,16,0 days 00:01:28.933000,28.0,1.0,,0 days 01:14:20.546000,0 days 00:00:24.008000,0 days 00:00:32.007000,0 days 00:00:32.918000,0 days 01:13:18.317000,0 days 01:13:50.324000,0 days 01:14:23.242000,270.0,274.0,,301.0,False,SOFT,31.0,False,Ferrari,0 days 01:12:54.258000,,1,3.0,,,False,False,2021,4,Spanish Grand Prix
0 days 01:16:04.376000,LEC,16,0 days 00:01:41.185000,29.0,2.0,0 days 01:14:42.119000,,0 days 00:00:41.963000,0 days 00:00:31.228000,0 days 00:00:27.994000,0 days 01:15:05.205000,0 days 01:15:36.433000,0 days 01:16:04.427000,270.0,278.0,274.0,254.0,False,MEDIUM,1.0,True,Ferrari,0 days 01:14:23.191000,,1,4.0,,,False,False,2021,4,Spanish Grand Prix
0 days 01:56:08.634000,LEC,16,0 days 00:01:26.959000,58.0,2.0,,0 days 01:56:05.987000,0 days 00:00:23.476000,0 days 00:00:31.200000,0 days 00:00:32.283000,0 days 01:55:05.202000,0 days 01:55:36.402000,0 days 01:56:08.685000,266.0,276.0,,307.0,False,MEDIUM,30.0,True,Ferrari,0 days 01:54:41.675000,,1,4.0,,,False,False,2021,4,Spanish Grand Prix
0 days 01:57:49.501000,LEC,16,0 days 00:01:40.867000,59.0,3.0,0 days 01:56:28.258000,,0 days 00:00:42.335000,0 days 00:00:30.948000,0 days 00:00:27.584000,0 days 01:56:51.020000,0 days 01:57:21.968000,0 days 01:57:49.552000,276.0,281.0,279.0,257.0,False,SOFT,4.0,False,Ferrari,0 days 01:56:08.634000,,1,4.0,,,False,False,2021,4,Spanish Grand Prix
0 days 01:06:18.656000,STR,18,0 days 00:01:28.864000,22.0,1.0,,0 days 01:06:16.311000,0 days 00:00:23.986000,0 days 00:00:32.107000,0 days 00:00:32.771000,0 days 01:05:13.834000,0 days 01:05:45.941000,0 days 01:06:18.712000,266.0,267.0,,303.0,False,SOFT,22.0,True,Aston Martin,0 days 01:04:49.792000,,1,10.0,,,False,False,2021,4,Spanish Grand Prix
0 days 01:07:59.921000,STR,18,0 days 00:01:41.265000,23.0,2.0,0 days 01:06:39.169000,,0 days 00:00:41.531000,0 days 00:00:31.240000,0 days 00:00:28.494000,0 days 01:07:00.243000,0 days 01:07:31.483000,0 days 01:07:59.977000,275.0,269.0,283.0,255.0,False,MEDIUM,1.0,True,Aston Martin,0 days 01:06:18.656000,,1,14.0,,,False,False,2021,4,Spanish Grand Prix
0 days 01:30:31.817000,STR,18,0 days 00:01:27.013000,39.0,2.0,,0 days 01:30:29.184000,0 days 00:00:23.607000,0 days 00:00:31.592000,0 days 00:00:31.814000,0 days 01:29:28.467000,0 days 01:30:00.059000,0 days 01:30:31.873000,270.0,271.0,,303.0,False,MEDIUM,17.0,True,Aston Martin,0 days 01:29:04.804000,,1,11.0,,,False,False,2021,4,Spanish Grand Prix
0 days 01:32:13.803000,STR,18,0 days 00:01:41.986000,40.0,3.0,0 days 01:30:50.919000,,0 days 00:00:41.980000,0 days 00:00:31.790000,0 days 00:00:28.216000,0 days 01:31:13.853000,0 days 01:31:45.643000,0 days 01:32:13.859000,262.0,272.0,279.0,254.0,False,SOFT,4.0,False,Aston Martin,0 days 01:30:31.817000,,1,14.0,,,False,False,2021,4,Spanish Grand Prix
0 days 01:10:19.785000,RIC,3,0 days 00:01:27.870000,25.0,1.0,,0 days 01:10:17.152000,0 days 00:00:23.723000,0 days 00:00:31.765000,0 days 00:00:32.382000,0 days 01:09:15.657000,0 days 01:09:47.422000,0 days 01:10:19.804000,273.0,276.0,,303.0,False,SOFT,28.0,False,McLaren,0 days 01:08:51.915000,,1,5.0,,,False,False,2021,4,Spanish Grand Prix
0 days 01:12:02.162000,RIC,3,0 days 00:01:42.377000,26.0,2.0,0 days 01:10:39.527000,,0 days 00:00:42.820000,0 days 00:00:31.366000,0 days 00:00:28.191000,0 days 01:11:02.624000,0 days 01:11:33.990000,0 days 01:12:02.181000,263.0,271.0,289.0,255.0,False,MEDIUM,1.0,True,McLaren,0 days 01:10:19.785000,,1,8.0,,,False,False,2021,4,Spanish Grand Prix
0 days 01:39:52.158000,RIC,3,0 days 00:01:28.536000,46.0,2.0,,0 days 01:39:49.511000,0 days 00:00:24.816000,0 days 00:00:31.860000,0 days 00:00:31.860000,0 days 01:38:48.457000,0 days 01:39:20.317000,0 days 01:39:52.177000,258.0,276.0,,303.0,False,MEDIUM,21.0,True,McLaren,0 days 01:38:23.622000,,1,6.0,,,False,False,2021,4,Spanish Grand Prix
0 days 01:41:33.176000,RIC,3,0 days 00:01:41.018000,47.0,3.0,0 days 01:40:11.232000,,0 days 00:00:41.977000,0 days 00:00:31.292000,0 days 00:00:27.749000,0 days 01:40:34.154000,0 days 01:41:05.446000,0 days 01:41:33.195000,262.0,284.0,282.0,258.0,False,SOFT,2.0,False,McLaren,0 days 01:39:52.158000,,1,8.0,,,False,False,2021,4,Spanish Grand Prix
0 days 01:07:36.795000,OCO,31,0 days 00:01:28.110000,23.0,1.0,,0 days 01:07:34.148000,0 days 00:00:23.730000,0 days 00:00:31.992000,0 days 00:00:32.388000,0 days 01:06:32.471000,0 days 01:07:04.463000,0 days 01:07:36.851000,270.0,278.0,,303.0,False,SOFT,26.0,False,Alpine,0 days 01:06:08.685000,,1,7.0,,,False,False,2021,4,Spanish Grand Prix
0 days 01:09:20.001000,OCO,31,0 days 00:01:43.206000,24.0,2.0,0 days 01:07:56.927000,,0 days 00:00:43.286000,0 days 00:00:31.456000,0 days 00:00:28.464000,0 days 01:08:20.137000,0 days 01:08:51.593000,0 days 01:09:20.057000,266.0,275.0,277.0,251.0,False,MEDIUM,1.0,True,Alpine,0 days 01:07:36.795000,,1,12.0,,,False,False,2021,4,Spanish Grand Prix
0 days 01:08:35.580000,VER,33,0 days 00:01:28.038000,24.0,1.0,,0 days 01:08:32.892000,0 days 00:00:23.752000,0 days 00:00:31.972000,0 days 00:00:32.314000,0 days 01:07:31.311000,0 days 01:08:03.283000,0 days 01:08:35.597000,271.0,278.0,,302.0,False,SOFT,27.0,False,Red Bull Racing,0 days 01:07:07.542000,,1,2.0,,,False,False,2021,4,Spanish Grand Prix
0 days 01:10:17.125000,VER,33,0 days 00:01:41.545000,25.0,2.0,0 days 01:08:56.552000,,0 days 00:00:43.247000,0 days 00:00:30.593000,0 days 00:00:27.705000,0 days 01:09:18.844000,0 days 01:09:49.437000,0 days 01:10:17.142000,278.0,290.0,283.0,252.0,False,MEDIUM,1.0,True,Red Bull Racing,0 days 01:08:35.580000,,1,3.0,,,False,False,2021,4,Spanish Grand Prix
0 days 01:58:21.416000,VER,33,0 days 00:01:28.448000,60.0,2.0,,0 days 01:58:18.814000,0 days 00:00:24.657000,0 days 00:00:31.654000,0 days 00:00:32.137000,0 days 01:57:17.642000,0 days 01:57:49.296000,0 days 01:58:21.433000,267.0,282.0,,304.0,False,MEDIUM,36.0,True,Red Bull Racing,0 days 01:56:52.968000,,1,2.0,,,False,False,2021,4,Spanish Grand Prix
0 days 02:00:02.754000,VER,33,0 days 00:01:41.338000,61.0,3.0,0 days 01:58:40.405000,,0 days 00:00:41.950000,0 days 00:00:31.218000,0 days 00:00:28.170000,0 days 01:59:03.383000,0 days 01:59:34.601000,0 days 02:00:02.771000,261.0,268.0,279.0,254.0,False,SOFT,1.0,True,Red Bull Racing,0 days 01:58:21.416000,,1,2.0,,,False,False,2021,4,Spanish Grand Prix
0 days 01:07:38.703000,NOR,4,0 days 00:01:27.125000,23.0,1.0,,0 days 01:07:36.087000,0 days 00:00:23.416000,0 days 00:00:31.500000,0 days 00:00:32.209000,0 days 01:06:35.005000,0 days 01:07:06.505000,0 days 01:07:38.714000,272.0,278.0,,304.0,False,SOFT,26.0,False,McLaren,0 days 01:06:11.578000,,1,8.0,,,False,False,2021,4,Spanish Grand Prix
0 days 01:09:22.612000,NOR,4,0 days 00:01:43.909000,24.0,2.0,0 days 01:07:57.916000,,0 days 00:00:43.349000,0 days 00:00:32.004000,0 days 00:00:28.556000,0 days 01:08:22.063000,0 days 01:08:54.067000,0 days 01:09:22.623000,259.0,273.0,279.0,255.0,False,MEDIUM,1.0,True,McLaren,0 days 01:07:38.703000,,1,13.0,,,False,False,2021,4,Spanish Grand Prix
0 days 01:47:11.886000,NOR,4,0 days 00:01:26.880000,51.0,2.0,,0 days 01:47:09.182000,0 days 00:00:23.357000,0 days 00:00:31.260000,0 days 00:00:32.263000,0 days 01:46:08.374000,0 days 01:46:39.634000,0 days 01:47:11.897000,273.0,285.0,,310.0,False,MEDIUM,28.0,True,McLaren,0 days 01:45:45.006000,,1,9.0,,,False,False,2021,4,Spanish Grand Prix
0 days 01:48:53.716000,NOR,4,0 days 00:01:41.830000,52.0,3.0,0 days 01:47:31.704000,,0 days 00:00:42.412000,0 days 00:00:31.218000,0 days 00:00:28.200000,0 days 01:47:54.309000,0 days 01:48:25.527000,0 days 01:48:53.727000,271.0,280.0,282.0,259.0,False,SOFT,4.0,False,McLaren,0 days 01:47:11.886000,,1,11.0,,,False,False,2021,4,Spanish Grand Prix
0 days 01:14:10.034000,HAM,44,0 days 00:01:27.030000,28.0,1.0,,0 days 01:14:07.343000,0 days 00:00:23.501000,0 days 00:00:31.467000,0 days 00:00:32.062000,0 days 01:13:06.521000,0 days 01:13:37.988000,0 days 01:14:10.050000,279.0,282.0,,302.0,False,SOFT,32.0,False,Mercedes,0 days 01:12:43.004000,,1,1.0,,,False,False,2021,4,Spanish Grand Prix
0 days 01:15:50.977000,HAM,44,0 days 00:01:40.943000,29.0,2.0,0 days 01:14:29.546000,,0 days 00:00:42.408000,0 days 00:00:30.909000,0 days 00:00:27.626000,0 days 01:14:52.458000,0 days 01:15:23.367000,0 days 01:15:50.993000,272.0,277.0,274.0,251.0,False,MEDIUM,1.0,True,Mercedes,0 days 01:14:10.034000,,1,2.0,,,False,False,2021,4,Spanish Grand Prix
0 days 01:33:35.916000,HAM,44,0 days 00:01:25.686000,42.0,2.0,,0 days 01:33:33.250000,0 days 00:00:22.765000,0 days 00:00:31.060000,0 days 00:00:31.861000,0 days 01:32:33.011000,0 days 01:33:04.071000,0 days 01:33:35.932000,279.0,291.0,,329.0,False,MEDIUM,14.0,True,Mercedes,0 days 01:32:10.230000,,1,2.0,,,False,False,2021,4,Spanish Grand Prix
0 days 01:35:15.529000,HAM,44,0 days 00:01:39.613000,43.0,3.0,0 days 01:33:55.307000,,0 days 00:00:42.175000,0 days 00:00:30.254000,0 days 00:00:27.184000,0 days 01:34:18.107000,0 days 01:34:48.361000,0 days 01:35:15.545000,278.0,287.0,277.0,253.0,False,MEDIUM,7.0,False,Mercedes,0 days 01:33:35.916000,,1,3.0,,,False,False,2021,4,Spanish Grand Prix
0 days 01:08:02.744000,MSC,47,0 days 00:01:29.741000,23.0,1.0,,0 days 01:08:00.114000,0 days 00:00:24.340000,0 days 00:00:32.665000,0 days 00:00:32.736000,0 days 01:06:57.399000,0 days 01:07:30.064000,0 days 01:08:02.800000,262.0,271.0,,303.0,False,SOFT,23.0,True,Haas F1 Team,0 days 01:06:33.003000,,1,16.0,,,False,False,2021,4,Spanish Grand Prix
0 days 01:09:49.303000,MSC,47,0 days 00:01:46.559000,24.0,2.0,0 days 01:08:24.100000,,0 days 00:00:45.163000,0 days 00:00:32.544000,0 days 00:00:28.852000,0 days 01:08:47.963000,0 days 01:09:20.507000,0 days 01:09:49.359000,240.0,264.0,276.0,253.0,False,MEDIUM,1.0,True,Haas F1 Team,0 days 01:08:02.744000,,1,18.0,,,False,False,2021,4,Spanish Grand Prix
0 days 01:46:36.351000,MSC,47,0 days 00:01:28.280000,50.0,2.0,,0 days 01:46:33.689000,0 days 00:00:24.064000,0 days 00:00:31.932000,0 days 00:00:32.284000,0 days 01:45:32.191000,0 days 01:46:04.123000,0 days 01:46:36.407000,265.0,273.0,,306.0,False,MEDIUM,27.0,True,Haas F1 Team,0 days 01:45:08.071000,,1,18.0,,,False,False,2021,4,Spanish Grand Prix
0 days 01:48:19.549000,MSC,47,0 days 00:01:43.198000,51.0,3.0,0 days 01:46:56.016000,,0 days 00:00:43.087000,0 days 00:00:32.051000,0 days 00:00:28.060000,0 days 01:47:19.494000,0 days 01:47:51.545000,0 days 01:48:19.605000,260.0,274.0,279.0,258.0,False,MEDIUM,1.0,True,Haas F1 Team,0 days 01:46:36.351000,,1,18.0,,,False,False,2021,4,Spanish Grand Prix
0 days 01:04:55.958000,VET,5,0 days 00:01:28.530000,21.0,1.0,,0 days 01:04:53.645000,0 days 00:00:23.833000,0 days 00:00:32.283000,0 days 00:00:32.414000,0 days 01:03:51.282000,0 days 01:04:23.565000,0 days 01:04:55.979000,271.0,262.0,,307.0,False,SOFT,21.0,True,Aston Martin,0 days 01:03:27.428000,,1,13.0,,,False,False,2021,4,Spanish Grand Prix
0 days 01:06:40.487000,VET,5,0 days 00:01:44.529000,22.0,2.0,0 days 01:05:16.386000,,0 days 00:00:43.619000,0 days 00:00:31.784000,0 days 00:00:29.126000,0 days 01:05:39.598000,0 days 01:06:11.382000,0 days 01:06:40.508000,260.0,262.0,289.0,255.0,False,MEDIUM,1.0,True,Aston Martin,0 days 01:04:55.958000,,1,18.0,,,False,False,2021,4,Spanish Grand Prix
0 days 01:29:11.524000,VET,5,0 days 00:01:27.558000,38.0,2.0,,0 days 01:29:08.697000,0 days 00:00:23.510000,0 days 00:00:31.815000,0 days 00:00:32.233000,0 days 01:28:07.497000,0 days 01:28:39.312000,0 days 01:29:11.545000,268.0,271.0,,301.0,False,MEDIUM,17.0,True,Aston Martin,0 days 01:27:43.966000,,1,13.0,,,False,False,2021,4,Spanish Grand Prix
0 days 01:30:53.684000,VET,5,0 days 00:01:42.160000,39.0,3.0,0 days 01:29:30.540000,,0 days 00:00:42.035000,0 days 00:00:31.649000,0 days 00:00:28.476000,0 days 01:29:53.580000,0 days 01:30:25.229000,0 days 01:30:53.705000,265.0,265.0,280.0,256.0,False,SOFT,4.0,False,Aston Martin,0 days 01:29:11.524000,,1,16.0,,,False,False,2021,4,Spanish Grand Prix
0 days 01:06:13.295000,SAI,55,0 days 00:01:28.620000,22.0,1.0,,0 days 01:06:10.489000,0 days 00:00:23.837000,0 days 00:00:32.222000,0 days 00:00:32.561000,0 days 01:05:08.530000,0 days 01:05:40.752000,0 days 01:06:13.313000,267.0,268.0,,307.0,False,SOFT,25.0,False,Ferrari,0 days 01:04:44.675000,,1,9.0,,,False,False,2021,4,Spanish Grand Prix
0 days 01:07:54.221000,SAI,55,0 days 00:01:40.926000,23.0,2.0,0 days 01:06:32.385000,,0 days 00:00:41.543000,0 days 00:00:31.123000,0 days 00:00:28.260000,0 days 01:06:54.856000,0 days 01:07:25.979000,0 days 01:07:54.239000,269.0,274.0,275.0,254.0,False,MEDIUM,1.0,True,Ferrari,0 days 01:06:13.295000,,1,13.0,,,False,False,2021,4,Spanish Grand Prix
0 days 01:39:53.503000,SAI,55,0 days 00:01:27.033000,46.0,2.0,,0 days 01:39:50.875000,0 days 00:00:23.333000,0 days 00:00:31.688000,0 days 00:00:32.012000,0 days 01:38:49.821000,0 days 01:39:21.509000,0 days 01:39:53.521000,271.0,283.0,,308.0,False,MEDIUM,24.0,True,Ferrari,0 days 01:38:26.470000,,1,7.0,,,False,False,2021,4,Spanish Grand Prix
0 days 01:41:34.562000,SAI,55,0 days 00:01:41.059000,47.0,3.0,0 days 01:40:12.679000,,0 days 00:00:41.748000,0 days 00:00:31.091000,0 days 00:00:28.220000,0 days 01:40:35.269000,0 days 01:41:06.360000,0 days 01:41:34.580000,266.0,289.0,280.0,257.0,False,SOFT,4.0,False,Ferrari,0 days 01:39:53.503000,,1,9.0,,,False,False,2021,4,Spanish Grand Prix
0 days 00:47:13.385000,LAT,6,0 days 00:01:54.725000,9.0,1.0,,0 days 00:47:10.786000,0 days 00:00:33.265000,0 days 00:00:43.892000,0 days 00:00:37.568000,0 days 00:45:51.946000,0 days 00:46:35.838000,0 days 00:47:13.406000,135.0,89.0,,221.0,False,SOFT,9.0,True,Williams,0 days 00:45:18.660000,,4,18.0,,,False,False,2021,4,Spanish Grand Prix
0 days 00:49:12.769000,LAT,6,0 days 00:01:59.384000,10.0,2.0,0 days 00:47:37.703000,,0 days 00:00:49.201000,0 days 00:00:33.138000,0 days 00:00:37.045000,0 days 00:48:02.607000,0 days 00:48:35.745000,0 days 00:49:12.790000,229.0,232.0,279.0,250.0,False,MEDIUM,1.0,True,Williams,0 days 00:47:13.385000,,41,18.0,,,False,False,2021,4,Spanish Grand Prix
0 days 01:13:35.749000,LAT,6,0 days 00:01:29.626000,27.0,2.0,,0 days 01:13:33.224000,0 days 00:00:24.637000,0 days 00:00:32.553000,0 days 00:00:32.436000,0 days 01:12:30.781000,0 days 01:13:03.334000,0 days 01:13:35.770000,251.0,254.0,,305.0,False,MEDIUM,18.0,True,Williams,0 days 01:12:06.123000,,1,12.0,,,False,False,2021,4,Spanish Grand Prix
0 days 01:15:18.174000,LAT,6,0 days 00:01:42.425000,28.0,3.0,0 days 01:13:54.838000,,0 days 00:00:41.940000,0 days 00:00:31.852000,0 days 00:00:28.633000,0 days 01:14:17.710000,0 days 01:14:49.562000,0 days 01:15:18.195000,262.0,261.0,273.0,253.0,False,MEDIUM,1.0,True,Williams,0 days 01:13:35.749000,,1,17.0,,,False,False,2021,4,Spanish Grand Prix
0 days 01:46:22.062000,LAT,6,0 days 00:01:28.650000,50.0,3.0,,0 days 01:46:19.459000,0 days 00:00:24.130000,0 days 00:00:32.115000,0 days 00:00:32.405000,0 days 01:45:17.563000,0 days 01:45:49.678000,0 days 01:46:22.083000,253.0,259.0,,308.0,False,MEDIUM,23.0,True,Williams,0 days 01:44:53.412000,,1,16.0,,,False,False,2021,4,Spanish Grand Prix
0 days 01:48:05.144000,LAT,6,0 days 00:01:43.082000,51.0,4.0,0 days 01:46:42.129000,,0 days 00:00:43.105000,0 days 00:00:31.690000,0 days 00:00:28.287000,0 days 01:47:05.188000,0 days 01:47:36.878000,0 days 01:48:05.165000,251.0,268.0,277.0,256.0,False,SOFT,4.0,False,Williams,0 days 01:46:22.062000,,1,17.0,,,False,False,2021,4,Spanish Grand Prix
0 days 00:47:10.070000,RUS,63,0 days 00:01:54.735000,9.0,1.0,,0 days 00:47:07.401000,0 days 00:00:33.583000,0 days 00:00:43.669000,0 days 00:00:37.483000,0 days 00:45:48.928000,0 days 00:46:32.597000,0 days 00:47:10.080000,147.0,165.0,,265.0,False,SOFT,9.0,True,Williams,0 days 00:45:15.335000,,4,15.0,,,False,False,2021,4,Spanish Grand Prix
0 days 00:49:12.264000,RUS,63,0 days 00:02:02.194000,10.0,2.0,0 days 00:47:31.214000,,0 days 00:00:45.506000,0 days 00:00:37.706000,0 days 00:00:38.982000,0 days 00:47:55.586000,0 days 00:48:33.292000,0 days 00:49:12.274000,262.0,215.0,285.0,254.0,False,MEDIUM,1.0,True,Williams,0 days 00:47:10.070000,,41,17.0,,,False,False,2021,4,Spanish Grand Prix
0 days 01:14:55.427000,RUS,63,0 days 00:01:27.780000,28.0,2.0,,0 days 01:14:52.781000,0 days 00:00:23.945000,0 days 00:00:31.798000,0 days 00:00:32.037000,0 days 01:13:51.602000,0 days 01:14:23.400000,0 days 01:14:55.437000,263.0,273.0,,305.0,False,MEDIUM,19.0,True,Williams,0 days 01:13:27.647000,,1,9.0,,,False,False,2021,4,Spanish Grand Prix
0 days 01:16:36.439000,RUS,63,0 days 00:01:41.012000,29.0,3.0,0 days 01:15:15.072000,,0 days 00:00:41.960000,0 days 00:00:30.988000,0 days 00:00:28.064000,0 days 01:15:37.397000,0 days 01:16:08.385000,0 days 01:16:36.449000,273.0,282.0,276.0,257.0,False,MEDIUM,1.0,True,Williams,0 days 01:14:55.427000,,1,16.0,,,False,False,2021,4,Spanish Grand Prix
0 days 01:27:44.413000,RAI,7,0 days 00:01:30.354000,37.0,1.0,,0 days 01:27:41.793000,0 days 00:00:24.791000,0 days 00:00:32.631000,0 days 00:00:32.932000,0 days 01:26:38.863000,0 days 01:27:11.494000,0 days 01:27:44.426000,270.0,278.0,,305.0,False,MEDIUM,37.0,True,Alfa Romeo Racing,0 days 01:26:14.059000,,1,13.0,,,False,False,2021,4,Spanish Grand Prix
0 days 01:29:28.683000,RAI,7,0 days 00:01:44.270000,38.0,2.0,0 days 01:28:03.349000,,0 days 00:00:42.970000,0 days 00:00:33.016000,0 days 00:00:28.284000,0 days 01:28:27.396000,0 days 01:29:00.412000,0 days 01:29:28.696000,255.0,260.0,278.0,256.0,False,SOFT,1.0,True,Alfa Romeo Racing,0 days 01:27:44.413000,,1,17.0,,,False,False,2021,4,Spanish Grand Prix
0 days 01:07:21.385000,BOT,77,0 days 00:01:27.743000,23.0,1.0,,0 days 01:07:18.673000,0 days 00:00:23.739000,0 days 00:00:31.850000,0 days 00:00:32.154000,0 days 01:06:17.436000,0 days 01:06:49.286000,0 days 01:07:21.440000,268.0,280.0,,293.0,False,SOFT,26.0,False,Mercedes,0 days 01:05:53.642000,,1,4.0,,,False,False,2021,4,Spanish Grand Prix
0 days 01:09:01.514000,BOT,77,0 days 00:01:40.129000,24.0,2.0,0 days 01:07:40.972000,,0 days 00:00:42.288000,0 days 00:00:30.474000,0 days 00:00:27.367000,0 days 01:08:03.728000,0 days 01:08:34.202000,0 days 01:09:01.569000,274.0,284.0,275.0,251.0,False,MEDIUM,1.0,True,Mercedes,0 days 01:07:21.385000,,1,6.0,,,False,False,2021,4,Spanish Grand Prix
0 days 01:48:55.645000,BOT,77,0 days 00:01:27.702000,53.0,2.0,,0 days 01:48:53.815000,0 days 00:00:23.550000,0 days 00:00:32.119000,0 days 00:00:32.033000,0 days 01:47:51.548000,0 days 01:48:23.667000,0 days 01:48:55.700000,267.0,273.0,,308.0,False,MEDIUM,30.0,True,Mercedes,0 days 01:47:27.943000,,1,3.0,,,False,False,2021,4,Spanish Grand Prix
0 days 01:50:35.750000,BOT,77,0 days 00:01:40.105000,54.0,3.0,0 days 01:49:14.606000,,0 days 00:00:41.647000,0 days 00:00:30.866000,0 days 00:00:27.592000,0 days 01:49:37.347000,0 days 01:50:08.213000,0 days 01:50:35.805000,271.0,275.0,278.0,257.0,False,SOFT,4.0,False,Mercedes,0 days 01:48:55.645000,,1,4.0,,,False,False,2021,4,Spanish Grand Prix
0 days 01:06:43.577000,MAZ,9,0 days 00:01:31.969000,22.0,1.0,,0 days 01:06:40.936000,0 days 00:00:24.639000,0 days 00:00:33.828000,0 days 00:00:33.502000,0 days 01:05:36.290000,0 days 01:06:10.118000,0 days 01:06:43.620000,245.0,260.0,,305.0,False,SOFT,22.0,True,Haas F1 Team,0 days 01:05:11.608000,,1,19.0,,,False,False,2021,4,Spanish Grand Prix
0 days 01:08:30.462000,MAZ,9,0 days 00:01:46.885000,23.0,2.0,0 days 01:07:04.005000,,0 days 00:00:45.001000,0 days 00:00:32.767000,0 days 00:00:29.117000,0 days 01:07:28.621000,0 days 01:08:01.388000,0 days 01:08:30.505000,244.0,267.0,275.0,253.0,False,MEDIUM,1.0,True,Haas F1 Team,0 days 01:06:43.577000,,1,19.0,,,False,False,2021,4,Spanish Grand Prix
0 days 01:35:39.991000,MAZ,9,0 days 00:01:29.125000,42.0,2.0,,0 days 01:35:37.331000,0 days 00:00:23.910000,0 days 00:00:32.273000,0 days 00:00:32.942000,0 days 01:34:34.819000,0 days 01:35:07.092000,0 days 01:35:40.034000,260.0,278.0,,306.0,False,MEDIUM,20.0,True,Haas F1 Team,0 days 01:34:10.866000,,1,19.0,,,False,False,2021,4,Spanish Grand Prix
0 days 01:37:26.060000,MAZ,9,0 days 00:01:46.069000,43.0,3.0,0 days 01:35:59.775000,,0 days 00:00:44.172000,0 days 00:00:32.678000,0 days 00:00:29.219000,0 days 01:36:24.206000,0 days 01:36:56.884000,0 days 01:37:26.103000,253.0,281.0,278.0,256.0,False,MEDIUM,1.0,True,Haas F1 Team,0 days 01:35:39.991000,,1,19.0,,,False,False,2021,4,Spanish Grand Prix
0 days 00:45:09.633000,GIO,99,0 days 00:01:38.019000,8.0,1.0,,0 days 00:45:06.976000,0 days 00:00:23.816000,0 days 00:00:36.297000,0 days 00:00:37.906000,0 days 00:43:55.443000,0 days 00:44:31.740000,0 days 00:45:09.646000,260.0,171.0,,315.0,False,SOFT,8.0,True,Alfa Romeo Racing,0 days 00:43:31.614000,,24,15.0,,,False,False,2021,4,Spanish Grand Prix
0 days 00:47:50.633000,GIO,99,,9.0,2.0,0 days 00:46:01.646000,,0 days 00:01:20.543000,0 days 00:00:44.115000,0 days 00:00:36.339000,0 days 00:46:30.195000,0 days 00:47:14.327000,0 days 00:47:50.802000,150.0,165.0,187.0,247.0,False,MEDIUM,4.0,False,Alfa Romeo Racing,0 days 00:45:09.633000,,4,19.0,,,False,False,2021,4,Spanish Grand Prix
0 days 01:30:55.041000,GIO,99,0 days 00:01:32.536000,39.0,2.0,,0 days 01:30:52.395000,0 days 00:00:24.135000,0 days 00:00:33.793000,0 days 00:00:34.608000,0 days 01:29:46.653000,0 days 01:30:20.446000,0 days 01:30:55.054000,268.0,146.0,,308.0,False,MEDIUM,34.0,False,Alfa Romeo Racing,0 days 01:29:22.505000,,1,17.0,,,False,False,2021,4,Spanish Grand Prix
0 days 01:32:39.812000,GIO,99,0 days 00:01:44.771000,40.0,3.0,0 days 01:31:16.572000,,0 days 00:00:44.376000,0 days 00:00:31.947000,0 days 00:00:28.448000,0 days 01:31:39.430000,0 days 01:32:11.377000,0 days 01:32:39.825000,259.0,272.0,279.0,255.0,False,SOFT,4.0,False,Alfa Romeo Racing,0 days 01:30:55.041000,,1,18.0,,,False,False,2021,4,Spanish Grand Prix
0 days 01:16:32.670000,VER,33,0 days 00:01:32.339000,34.0,1.0,,0 days 01:16:10.012000,,0 days 00:00:35.567000,,,0 days 01:15:55.957000,,207.0,194.0,,266.0,False,SOFT,39.0,False,Red Bull Racing,0 days 01:15:00.331000,,1,1.0,,,False,False,2021,5,Monaco Grand Prix
0 days 01:17:53.309000,VER,33,0 days 00:01:20.639000,35.0,2.0,0 days 01:16:33.471000,,0 days 00:00:23.590000,0 days 00:00:36.471000,0 days 00:00:20.578000,0 days 01:16:56.275000,0 days 01:17:32.746000,0 days 01:17:53.324000,193.0,190.0,255.0,268.0,False,HARD,1.0,True,Red Bull Racing,0 days 01:16:32.670000,,1,1.0,,,False,False,2021,5,Monaco Grand Prix
0 days 01:14:10.830000,SAI,55,0 days 00:01:33.980000,32.0,1.0,,0 days 01:13:47.767000,0 days 00:00:20.266000,0 days 00:00:36.164000,0 days 00:00:37.550000,0 days 01:12:57.143000,0 days 01:13:33.307000,0 days 01:14:10.857000,186.0,194.0,,280.0,False,SOFT,38.0,False,Ferrari,0 days 01:12:36.850000,,1,3.0,,,False,False,2021,5,Monaco Grand Prix
0 days 01:15:30.771000,SAI,55,0 days 00:01:19.941000,33.0,2.0,0 days 01:14:11.660000,,0 days 00:00:23.653000,0 days 00:00:36.066000,0 days 00:00:20.222000,0 days 01:14:34.510000,0 days 01:15:10.576000,0 days 01:15:30.798000,184.0,194.0,254.0,279.0,False,HARD,1.0,True,Ferrari,0 days 01:14:10.830000,,1,3.0,,,False,False,2021,5,Monaco Grand Prix
0 days 01:11:43.308000,NOR,4,0 days 00:01:33.286000,30.0,1.0,,0 days 01:11:21.265000,0 days 00:00:19.965000,0 days 00:00:36.077000,0 days 00:00:37.244000,0 days 01:10:30.004000,0 days 01:11:06.081000,0 days 01:11:43.325000,205.0,193.0,,283.0,False,SOFT,35.0,False,McLaren,0 days 01:10:10.022000,,1,6.0,,,False,False,2021,5,Monaco Grand Prix
0 days 01:13:02.925000,NOR,4,0 days 00:01:19.617000,31.0,2.0,0 days 01:11:44.129000,,0 days 00:00:23.138000,0 days 00:00:36.151000,0 days 00:00:20.328000,0 days 01:12:06.463000,0 days 01:12:42.614000,0 days 01:13:02.942000,204.0,194.0,257.0,280.0,False,HARD,1.0,True,McLaren,0 days 01:11:43.308000,,1,4.0,,,False,False,2021,5,Monaco Grand Prix
0 days 01:18:07.384000,PER,11,0 days 00:01:32.675000,35.0,1.0,,0 days 01:17:43.911000,0 days 00:00:19.807000,0 days 00:00:35.350000,0 days 00:00:37.518000,0 days 01:16:54.516000,0 days 01:17:29.866000,0 days 01:18:07.384000,204.0,192.0,,279.0,False,SOFT,40.0,False,Red Bull Racing,0 days 01:16:34.709000,,1,4.0,,,False,False,2021,5,Monaco Grand Prix
0 days 01:19:26.927000,PER,11,0 days 00:01:19.543000,36.0,2.0,0 days 01:18:08.209000,,0 days 00:00:22.731000,0 days 00:00:36.167000,0 days 00:00:20.645000,0 days 01:18:30.115000,0 days 01:19:06.282000,0 days 01:19:26.927000,196.0,186.0,257.0,279.0,False,HARD,1.0,True,Red Bull Racing,0 days 01:18:07.384000,,1,4.0,,,False,False,2021,5,Monaco Grand Prix
0 days 01:13:05.810000,VET,5,0 days 00:01:32.812000,31.0,1.0,,0 days 01:12:42.271000,0 days 00:00:20.003000,0 days 00:00:35.255000,0 days 00:00:37.554000,0 days 01:11:53.049000,0 days 01:12:28.304000,0 days 01:13:05.858000,209.0,194.0,,280.0,False,SOFT,36.0,False,Aston Martin,0 days 01:11:32.998000,,1,5.0,,,False,False,2021,5,Monaco Grand Prix
0 days 01:14:25.445000,VET,5,0 days 00:01:19.635000,32.0,2.0,0 days 01:13:06.619000,,0 days 00:00:23.123000,0 days 00:00:36.018000,0 days 00:00:20.494000,0 days 01:13:28.981000,0 days 01:14:04.999000,0 days 01:14:25.493000,197.0,192.0,255.0,279.0,False,HARD,1.0,True,Aston Martin,0 days 01:13:05.810000,,1,5.0,,,False,False,2021,5,Monaco Grand Prix
0 days 01:11:46.479000,GAS,10,0 days 00:01:33.589000,30.0,1.0,,0 days 01:11:23.122000,0 days 00:00:20.228000,0 days 00:00:35.479000,0 days 00:00:37.882000,0 days 01:10:33.133000,0 days 01:11:08.612000,0 days 01:11:46.494000,210.0,194.0,,282.0,False,SOFT,36.0,False,AlphaTauri,0 days 01:10:12.890000,,1,7.0,,,False,False,2021,5,Monaco Grand Prix
0 days 01:13:08.206000,GAS,10,0 days 00:01:21.727000,31.0,2.0,0 days 01:11:47.287000,,0 days 00:00:24.104000,0 days 00:00:36.557000,0 days 00:00:21.066000,0 days 01:12:10.598000,0 days 01:12:47.155000,0 days 01:13:08.221000,182.0,186.0,255.0,279.0,False,HARD,1.0,True,AlphaTauri,0 days 01:11:46.479000,,1,6.0,,,False,False,2021,5,Monaco Grand Prix
0 days 01:10:30.522000,HAM,44,0 days 00:01:33.051000,29.0,1.0,,0 days 01:10:07.703000,0 days 00:00:20.185000,0 days 00:00:35.675000,0 days 00:00:37.191000,0 days 01:09:17.678000,0 days 01:09:53.353000,0 days 01:10:30.544000,201.0,196.0,,281.0,False,SOFT,33.0,False,Mercedes,0 days 01:08:57.471000,,1,8.0,,,False,False,2021,5,Monaco Grand Prix
0 days 01:11:49.261000,HAM,44,0 days 00:01:18.739000,30.0,2.0,0 days 01:10:31.366000,,0 days 00:00:22.815000,0 days 00:00:35.659000,0 days 00:00:20.265000,0 days 01:10:53.359000,0 days 01:11:29.018000,0 days 01:11:49.283000,195.0,195.0,256.0,277.0,False,HARD,1.0,True,Mercedes,0 days 01:10:30.522000,,1,8.0,,,False,False,2021,5,Monaco Grand Prix
0 days 01:59:11.133000,HAM,44,0 days 00:01:31.810000,67.0,2.0,,0 days 01:58:47.992000,0 days 00:00:19.643000,0 days 00:00:34.913000,0 days 00:00:37.254000,0 days 01:57:58.988000,0 days 01:58:33.901000,0 days 01:59:11.155000,207.0,199.0,,281.0,False,HARD,38.0,True,Mercedes,0 days 01:57:39.323000,,1,7.0,,,False,False,2021,5,Monaco Grand Prix
0 days 02:00:28.270000,HAM,44,0 days 00:01:17.137000,68.0,3.0,0 days 01:59:11.998000,,0 days 00:00:22.251000,0 days 00:00:35.166000,0 days 00:00:19.720000,0 days 01:59:33.406000,0 days 02:00:08.572000,0 days 02:00:28.292000,196.0,200.0,258.0,279.0,False,SOFT,5.0,False,Mercedes,0 days 01:59:11.133000,,1,7.0,,,False,False,2021,5,Monaco Grand Prix
0 days 01:47:51.279000,STR,18,0 days 00:01:32.618000,58.0,1.0,,0 days 01:47:28.637000,0 days 00:00:20.097000,0 days 00:00:35.941000,0 days 00:00:36.580000,0 days 01:46:38.804000,0 days 01:47:14.745000,0 days 01:47:51.325000,201.0,192.0,,279.0,False,HARD,58.0,True,Aston Martin,0 days 01:46:18.661000,,1,8.0,,,False,False,2021,5,Monaco Grand Prix
0 days 01:49:09.721000,STR,18,0 days 00:01:18.442000,59.0,2.0,0 days 01:47:52.413000,,0 days 00:00:22.187000,0 days 00:00:35.873000,0 days 00:00:20.382000,0 days 01:48:13.512000,0 days 01:48:49.385000,0 days 01:49:09.767000,195.0,194.0,256.0,282.0,False,SOFT,1.0,True,Aston Martin,0 days 01:47:51.279000,,1,8.0,,,False,False,2021,5,Monaco Grand Prix
0 days 01:21:10.902000,OCO,31,0 days 00:01:32.516000,37.0,1.0,,0 days 01:20:48.031000,0 days 00:00:20.042000,0 days 00:00:35.365000,0 days 00:00:37.109000,0 days 01:19:58.486000,0 days 01:20:33.851000,0 days 01:21:10.960000,202.0,194.0,,278.0,False,SOFT,37.0,True,Alpine,0 days 01:19:38.386000,,1,10.0,,,False,False,2021,5,Monaco Grand Prix
0 days 01:22:31.274000,OCO,31,0 days 00:01:20.372000,38.0,2.0,0 days 01:21:11.730000,,0 days 00:00:23.669000,0 days 00:00:36.065000,0 days 00:00:20.638000,0 days 01:21:34.629000,0 days 01:22:10.694000,0 days 01:22:31.332000,186.0,188.0,253.0,274.0,False,MEDIUM,1.0,True,Alpine,0 days 01:21:10.902000,,1,10.0,,,False,False,2021,5,Monaco Grand Prix
0 days 01:16:05.982000,GIO,99,0 days 00:01:35.523000,33.0,1.0,,0 days 01:15:42.535000,0 days 00:00:20.684000,0 days 00:00:36.485000,0 days 00:00:38.354000,0 days 01:14:51.177000,0 days 01:15:27.662000,0 days 01:16:06.016000,200.0,189.0,,279.0,False,SOFT,38.0,False,Alfa Romeo Racing,0 days 01:14:30.459000,,1,12.0,,,False,False,2021,5,Monaco Grand Prix
0 days 01:17:26.700000,GIO,99,0 days 00:01:20.718000,34.0,2.0,0 days 01:16:06.823000,,0 days 00:00:24.114000,0 days 00:00:36.184000,0 days 00:00:20.420000,0 days 01:16:30.130000,0 days 01:17:06.314000,0 days 01:17:26.734000,194.0,188.0,256.0,279.0,False,HARD,1.0,True,Alfa Romeo Racing,0 days 01:16:05.982000,,1,12.0,,,False,False,2021,5,Monaco Grand Prix
0 days 01:29:04.541000,RAI,7,0 days 00:01:33.514000,43.0,1.0,,0 days 01:28:41.532000,0 days 00:00:20.179000,0 days 00:00:35.985000,0 days 00:00:37.350000,0 days 01:27:51.217000,0 days 01:28:27.202000,0 days 01:29:04.552000,205.0,188.0,,278.0,False,MEDIUM,43.0,True,Alfa Romeo Racing,0 days 01:27:31.027000,,1,11.0,,,False,False,2021,5,Monaco Grand Prix
0 days 01:30:26.001000,RAI,7,0 days 00:01:21.460000,44.0,2.0,0 days 01:29:05.372000,,0 days 00:00:23.750000,0 days 00:00:36.915000,0 days 00:00:20.795000,0 days 01:29:28.302000,0 days 01:30:05.217000,0 days 01:30:26.012000,184.0,188.0,256.0,278.0,False,HARD,1.0,True,Alfa Romeo Racing,0 days 01:29:04.541000,,1,12.0,,,False,False,2021,5,Monaco Grand Prix
0 days 01:20:16.011000,RIC,3,0 days 00:01:35.412000,36.0,1.0,,0 days 01:19:52.275000,0 days 00:00:20.430000,0 days 00:00:36.653000,0 days 00:00:38.329000,0 days 01:19:01.046000,0 days 01:19:37.699000,0 days 01:20:16.028000,194.0,190.0,,282.0,False,MEDIUM,36.0,True,McLaren,0 days 01:18:40.599000,,1,13.0,,,False,False,2021,5,Monaco Grand Prix
0 days 01:21:37.458000,RIC,3,0 days 00:01:21.447000,37.0,2.0,0 days 01:20:16.888000,,0 days 00:00:23.639000,0 days 00:00:36.861000,0 days 00:00:20.947000,0 days 01:20:39.667000,0 days 01:21:16.528000,0 days 01:21:37.475000,194.0,187.0,260.0,282.0,False,HARD,1.0,True,McLaren,0 days 01:20:16.011000,,1,13.0,,,False,False,2021,5,Monaco Grand Prix
0 days 01:31:57.423000,ALO,14,0 days 00:01:34.415000,45.0,1.0,,0 days 01:31:34.693000,0 days 00:00:20.623000,0 days 00:00:36.493000,0 days 00:00:37.299000,0 days 01:30:43.690000,0 days 01:31:20.183000,0 days 01:31:57.482000,201.0,187.0,,276.0,False,MEDIUM,45.0,True,Alpine,0 days 01:30:23.008000,,1,13.0,,,False,False,2021,5,Monaco Grand Prix
0 days 01:33:18.055000,ALO,14,0 days 00:01:20.632000,46.0,2.0,0 days 01:31:58.267000,,0 days 00:00:23.209000,0 days 00:00:36.729000,0 days 00:00:20.694000,0 days 01:32:20.691000,0 days 01:32:57.420000,0 days 01:33:18.114000,189.0,186.0,255.0,277.0,False,SOFT,1.0,True,Alpine,0 days 01:31:57.423000,,1,13.0,,,False,False,2021,5,Monaco Grand Prix
0 days 01:14:09.746000,RUS,63,0 days 00:01:35.152000,31.0,1.0,,0 days 01:13:46.871000,0 days 00:00:20.635000,0 days 00:00:36.966000,0 days 00:00:37.551000,0 days 01:12:55.250000,0 days 01:13:32.216000,0 days 01:14:09.767000,191.0,190.0,,280.0,False,MEDIUM,31.0,True,Williams,0 days 01:12:34.594000,,1,16.0,,,False,False,2021,5,Monaco Grand Prix
0 days 01:15:32.322000,RUS,63,0 days 00:01:22.576000,32.0,2.0,0 days 01:14:10.542000,,0 days 00:00:23.325000,0 days 00:00:38.299000,0 days 00:00:20.952000,0 days 01:14:33.092000,0 days 01:15:11.391000,0 days 01:15:32.343000,188.0,188.0,258.0,279.0,False,HARD,1.0,True,Williams,0 days 01:14:09.746000,,1,16.0,,,False,False,2021,5,Monaco Grand Prix
0 days 01:29:46.525000,LAT,6,0 days 00:01:34.200000,43.0,1.0,,0 days 01:29:23.882000,0 days 00:00:20.306000,0 days 00:00:36.456000,0 days 00:00:37.438000,0 days 01:28:32.654000,0 days 01:29:09.110000,0 days 01:29:46.548000,205.0,191.0,,283.0,False,MEDIUM,43.0,True,Williams,0 days 01:28:12.325000,,1,16.0,,,False,False,2021,5,Monaco Grand Prix
0 days 01:31:08.427000,LAT,6,0 days 00:01:21.902000,44.0,2.0,0 days 01:29:47.335000,,0 days 00:00:24.461000,0 days 00:00:36.808000,0 days 00:00:20.633000,0 days 01:30:11.009000,0 days 01:30:47.817000,0 days 01:31:08.450000,181.0,187.0,260.0,285.0,False,HARD,1.0,True,Williams,0 days 01:29:46.525000,,1,16.0,,,False,False,2021,5,Monaco Grand Prix
0 days 01:56:32.444000,TSU,22,0 days 00:01:34.429000,64.0,1.0,,0 days 01:56:09.006000,0 days 00:00:19.851000,0 days 00:00:36.149000,0 days 00:00:38.429000,0 days 01:55:17.877000,0 days 01:55:54.026000,0 days 01:56:32.455000,210.0,187.0,,283.0,False,HARD,64.0,True,AlphaTauri,0 days 01:54:58.015000,,1,16.0,,,False,False,2021,5,Monaco Grand Prix
0 days 01:57:51.248000,TSU,22,0 days 00:01:18.804000,65.0,2.0,0 days 01:56:33.232000,,0 days 00:00:22.892000,0 days 00:00:35.488000,0 days 00:00:20.424000,0 days 01:56:55.347000,0 days 01:57:30.835000,0 days 01:57:51.259000,201.0,192.0,259.0,281.0,False,SOFT,1.0,True,AlphaTauri,0 days 01:56:32.444000,,1,16.0,,,False,False,2021,5,Monaco Grand Prix
0 days 01:18:49.695000,MAZ,9,0 days 00:01:36.881000,34.0,1.0,,0 days 01:18:25.575000,0 days 00:00:20.823000,0 days 00:00:37.022000,0 days 00:00:39.036000,0 days 01:17:33.695000,0 days 01:18:10.717000,0 days 01:18:49.753000,196.0,181.0,,279.0,False,SOFT,34.0,True,Haas F1 Team,0 days 01:17:12.814000,,1,17.0,,,False,False,2021,5,Monaco Grand Prix
0 days 01:20:11.965000,MAZ,9,0 days 00:01:22.270000,35.0,2.0,0 days 01:18:50.525000,,0 days 00:00:24.204000,0 days 00:00:36.958000,0 days 00:00:21.108000,0 days 01:19:13.957000,0 days 01:19:50.915000,0 days 01:20:12.023000,185.0,179.0,253.0,277.0,False,HARD,1.0,True,Haas F1 Team,0 days 01:18:49.695000,,1,17.0,,,False,False,2021,5,Monaco Grand Prix
0 days 01:23:07.380000,MSC,47,0 days 00:01:35.956000,37.0,1.0,,0 days 01:22:43.663000,0 days 00:00:20.731000,0 days 00:00:36.520000,0 days 00:00:38.705000,0 days 01:21:52.168000,0 days 01:22:28.688000,0 days 01:23:07.393000,195.0,191.0,,277.0,False,SOFT,37.0,True,Haas F1 Team,0 days 01:21:31.424000,,1,18.0,,,False,False,2021,5,Monaco Grand Prix
0 days 01:24:33.778000,MSC,47,0 days 00:01:26.398000,38.0,2.0,0 days 01:23:08.214000,,0 days 00:00:24.376000,0 days 00:00:38.637000,0 days 00:00:23.385000,0 days 01:23:31.769000,0 days 01:24:10.406000,0 days 01:24:33.791000,138.0,134.0,257.0,280.0,False,HARD,1.0,True,Haas F1 Team,0 days 01:23:07.380000,,1,18.0,,,False,False,2021,5,Monaco Grand Prix
0 days 01:11:12.221000,BOT,77,,30.0,1.0,,0 days 01:11:12.283000,0 days 00:00:20.059000,0 days 00:00:35.920000,,0 days 01:10:21.983000,0 days 01:10:57.906000,,201.0,193.0,,282.0,False,SOFT,35.0,False,Mercedes,0 days 01:10:01.811000,,1,1.0,,,False,False,2021,5,Monaco Grand Prix
0 days 00:53:57.531000,GAS,10,0 days 00:01:51.282000,11.0,1.0,,0 days 00:53:56.378000,0 days 00:00:38.255000,0 days 00:00:43.091000,0 days 00:00:29.936000,0 days 00:52:44.534000,0 days 00:53:27.625000,0 days 00:53:57.561000,204.0,217.0,,310.0,False,SOFT,16.0,False,AlphaTauri,0 days 00:52:06.249000,,12,4.0,,,False,False,2021,6,Azerbaijan Grand Prix
0 days 00:56:01.577000,GAS,10,0 days 00:02:04.046000,12.0,2.0,0 days 00:54:16.561000,,0 days 00:00:54.554000,0 days 00:00:43.700000,0 days 00:00:25.792000,0 days 00:54:52.115000,0 days 00:55:35.815000,0 days 00:56:01.607000,192.0,201.0,318.0,314.0,False,HARD,1.0,True,AlphaTauri,0 days 00:53:57.531000,,1,6.0,,,False,False,2021,6,Azerbaijan Grand Prix
0 days 02:03:47.254000,GAS,10,0 days 00:02:13.442000,47.0,2.0,,0 days 02:03:46.043000,0 days 00:00:37.735000,0 days 00:00:49.088000,0 days 00:00:46.619000,0 days 02:02:11.577000,0 days 02:03:00.665000,0 days 02:03:47.284000,212.0,129.0,,187.0,False,HARD,36.0,True,AlphaTauri,0 days 02:01:33.812000,,124,4.0,,,False,False,2021,6,Azerbaijan Grand Prix
0 days 02:06:54.128000,GAS,10,,48.0,3.0,0 days 02:04:01.120000,0 days 02:06:52.845000,0 days 00:01:04.587000,0 days 00:01:02.616000,0 days 00:00:59.619000,0 days 02:04:51.923000,0 days 02:05:54.550000,0 days 02:06:54.245000,155.0,142.0,,134.0,False,HARD,37.0,False,AlphaTauri,0 days 02:03:47.254000,,45,4.0,,,False,False,2021,6,Azerbaijan Grand Prix
0 days 02:43:20.773000,GAS,10,,49.0,4.0,0 days 02:40:14.719000,,,0 days 00:01:09.600000,0 days 00:01:03.637000,,0 days 02:42:17.166000,0 days 02:43:20.954000,135.0,173.0,47.0,180.0,False,SOFT,3.0,False,AlphaTauri,0 days 02:40:00.166000,,1,4.0,,,False,False,2021,6,Azerbaijan Grand Prix
0 days 00:57:27.397000,PER,11,0 days 00:01:49.960000,13.0,1.0,,0 days 00:57:26.235000,0 days 00:00:37.652000,0 days 00:00:42.575000,0 days 00:00:29.733000,0 days 00:56:15.131000,0 days 00:56:57.706000,0 days 00:57:27.439000,214.0,227.0,,309.0,False,SOFT,16.0,False,Red Bull Racing,0 days 00:55:37.437000,,1,1.0,,,False,False,2021,6,Azerbaijan Grand Prix
0 days 00:59:31.776000,PER,11,0 days 00:02:04.379000,14.0,2.0,0 days 00:57:48.080000,,0 days 00:00:55.522000,0 days 00:00:43.142000,0 days 00:00:25.715000,0 days 00:58:22.961000,0 days 00:59:06.103000,0 days 00:59:31.818000,205.0,218.0,317.0,312.0,False,HARD,1.0,True,Red Bull Racing,0 days 00:57:27.397000,,1,3.0,,,False,False,2021,6,Azerbaijan Grand Prix
0 days 02:03:40.596000,PER,11,0 days 00:02:16.165000,47.0,2.0,,0 days 02:03:39.425000,0 days 00:00:37.663000,0 days 00:00:42.432000,0 days 00:00:56.070000,0 days 02:02:02.136000,0 days 02:02:44.568000,0 days 02:03:40.638000,213.0,214.0,,134.0,False,HARD,34.0,True,Red Bull Racing,0 days 02:01:24.431000,,124,1.0,,,False,False,2021,6,Azerbaijan Grand Prix
0 days 02:06:47.524000,PER,11,,48.0,3.0,0 days 02:03:54.769000,0 days 02:06:46.169000,0 days 00:01:06.107000,0 days 00:01:02.043000,0 days 00:00:58.747000,0 days 02:04:46.776000,0 days 02:05:48.855000,0 days 02:06:47.681000,133.0,133.0,,140.0,False,HARD,35.0,False,Red Bull Racing,0 days 02:03:40.596000,,45,1.0,,,False,False,2021,6,Azerbaijan Grand Prix
0 days 02:43:12.846000,PER,11,,49.0,4.0,0 days 02:40:04.668000,,,0 days 00:01:06.667000,0 days 00:01:03.462000,,0 days 02:42:09.426000,0 days 02:43:13.048000,109.0,157.0,51.0,182.0,False,SOFT,6.0,False,Red Bull Racing,0 days 02:40:00.166000,,1,1.0,,,False,False,2021,6,Azerbaijan Grand Prix
0 days 00:46:56.154000,ALO,14,0 days 00:01:54.515000,7.0,1.0,,0 days 00:46:55.890000,0 days 00:00:39.874000,0 days 00:00:44.391000,0 days 00:00:30.250000,0 days 00:45:41.584000,0 days 00:46:25.975000,0 days 00:46:56.225000,183.0,203.0,,315.0,False,SOFT,10.0,False,Alpine,0 days 00:45:01.639000,,1,11.0,,,False,False,2021,6,Azerbaijan Grand Prix
0 days 00:49:01.662000,ALO,14,0 days 00:02:05.508000,8.0,2.0,0 days 00:47:15.130000,,0 days 00:00:55.060000,0 days 00:00:44.821000,0 days 00:00:25.627000,0 days 00:47:51.285000,0 days 00:48:36.106000,0 days 00:49:01.733000,190.0,200.0,320.0,322.0,False,HARD,1.0,True,Alpine,0 days 00:46:56.154000,,1,14.0,,,False,False,2021,6,Azerbaijan Grand Prix
0 days 01:39:14.558000,ALO,14,,34.0,2.0,,0 days 01:39:13.403000,0 days 00:00:53.116000,0 days 00:01:01.636000,0 days 00:00:50.170000,0 days 01:37:22.858000,0 days 01:38:24.459000,0 days 01:39:14.745000,146.0,122.0,,190.0,False,HARD,27.0,True,Alpine,0 days 01:36:29.637000,,4,13.0,,,False,False,2021,6,Azerbaijan Grand Prix
0 days 01:42:05.661000,ALO,14,,35.0,3.0,0 days 01:39:33.337000,,0 days 00:01:04.094000,0 days 00:01:04.102000,0 days 00:00:42.914000,0 days 01:40:18.716000,0 days 01:41:22.864000,0 days 01:42:05.944000,140.0,133.0,267.0,144.0,False,SOFT,3.0,False,Alpine,0 days 01:39:14.558000,,41,14.0,,,False,False,2021,6,Azerbaijan Grand Prix
0 days 02:04:05.460000,ALO,14,0 days 00:02:18.391000,47.0,3.0,,0 days 02:04:04.301000,0 days 00:00:38.831000,0 days 00:00:57.571000,0 days 00:00:41.989000,0 days 02:02:25.971000,0 days 02:03:23.542000,0 days 02:04:05.531000,201.0,161.0,,185.0,False,SOFT,15.0,False,Alpine,0 days 02:01:47.069000,,24,10.0,,,False,False,2021,6,Azerbaijan Grand Prix
0 days 02:07:06.882000,ALO,14,,48.0,4.0,0 days 02:04:19.703000,0 days 02:07:04.917000,0 days 00:00:58.255000,0 days 00:01:01.157000,0 days 00:01:01.988000,0 days 02:05:03.809000,0 days 02:06:04.965000,0 days 02:07:07.024000,151.0,149.0,,133.0,False,SOFT,16.0,False,Alpine,0 days 02:04:05.460000,,45,10.0,,,False,False,2021,6,Azerbaijan Grand Prix
0 days 02:43:31.755000,ALO,14,,49.0,5.0,0 days 02:40:39.657000,,,0 days 00:01:06.139000,0 days 00:01:02.441000,,0 days 02:42:29.428000,0 days 02:43:31.893000,183.0,151.0,79.0,115.0,False,SOFT,17.0,False,Alpine,0 days 02:40:00.166000,,1,10.0,,,False,False,2021,6,Azerbaijan Grand Prix
0 days 00:50:22.224000,LEC,16,0 days 00:01:51.823000,9.0,1.0,,0 days 00:50:21.848000,0 days 00:00:38.195000,0 days 00:00:43.484000,0 days 00:00:30.144000,0 days 00:49:08.667000,0 days 00:49:52.151000,0 days 00:50:22.295000,210.0,216.0,,314.0,False,SOFT,12.0,False,Ferrari,0 days 00:48:30.401000,,1,6.0,,,False,False,2021,6,Azerbaijan Grand Prix
0 days 00:52:25.662000,LEC,16,0 days 00:02:03.438000,10.0,2.0,0 days 00:50:40.883000,,0 days 00:00:54.133000,0 days 00:00:43.490000,0 days 00:00:25.815000,0 days 00:51:16.428000,0 days 00:51:59.918000,0 days 00:52:25.733000,210.0,223.0,316.0,312.0,False,HARD,1.0,True,Ferrari,0 days 00:50:22.224000,,1,10.0,,,False,False,2021,6,Azerbaijan Grand Prix
0 days 02:03:49.801000,LEC,16,0 days 00:02:13.338000,47.0,2.0,,0 days 02:03:48.561000,0 days 00:00:38.231000,0 days 00:00:49.004000,0 days 00:00:46.103000,0 days 02:02:14.765000,0 days 02:03:03.769000,0 days 02:03:49.872000,210.0,128.0,,207.0,False,HARD,38.0,True,Ferrari,0 days 02:01:36.463000,,124,5.0,,,False,False,2021,6,Azerbaijan Grand Prix
0 days 02:06:55.184000,LEC,16,,48.0,3.0,0 days 02:04:03.638000,0 days 02:06:53.982000,0 days 00:01:03.520000,0 days 00:01:02.340000,0 days 00:00:59.531000,0 days 02:04:53.392000,0 days 02:05:55.724000,0 days 02:06:55.359000,151.0,141.0,,129.0,False,HARD,39.0,False,Ferrari,0 days 02:03:49.801000,,45,5.0,,,False,False,2021,6,Azerbaijan Grand Prix
0 days 02:43:22.313000,LEC,16,,49.0,4.0,0 days 02:40:16.572000,,,0 days 00:01:09.149000,0 days 00:01:02.757000,,0 days 02:42:19.627000,0 days 02:43:22.472000,148.0,168.0,48.0,140.0,False,SOFT,3.0,False,Ferrari,0 days 02:40:00.166000,,1,5.0,,,False,False,2021,6,Azerbaijan Grand Prix
0 days 00:50:30.308000,TSU,22,0 days 00:01:51.376000,9.0,1.0,,0 days 00:50:29.177000,0 days 00:00:38.202000,0 days 00:00:43.232000,0 days 00:00:29.942000,0 days 00:49:17.174000,0 days 00:50:00.406000,0 days 00:50:30.348000,209.0,208.0,,311.0,False,SOFT,15.0,False,AlphaTauri,0 days 00:48:38.932000,,1,9.0,,,False,False,2021,6,Azerbaijan Grand Prix
0 days 00:52:35.627000,TSU,22,0 days 00:02:05.319000,10.0,2.0,0 days 00:50:49.366000,,0 days 00:00:55.530000,0 days 00:00:43.742000,0 days 00:00:26.047000,0 days 00:51:25.878000,0 days 00:52:09.620000,0 days 00:52:35.667000,204.0,199.0,301.0,308.0,False,HARD,1.0,True,AlphaTauri,0 days 00:50:30.308000,,1,12.0,,,False,False,2021,6,Azerbaijan Grand Prix
0 days 02:03:52.421000,TSU,22,0 days 00:02:14.982000,47.0,2.0,,0 days 02:03:51.228000,0 days 00:00:38.412000,0 days 00:00:51.611000,0 days 00:00:44.959000,0 days 02:02:15.891000,0 days 02:03:07.502000,0 days 02:03:52.461000,208.0,99.0,,135.0,False,HARD,38.0,True,AlphaTauri,0 days 02:01:37.439000,,124,6.0,,,False,False,2021,6,Azerbaijan Grand Prix
0 days 02:06:57.647000,TSU,22,,48.0,3.0,0 days 02:04:06.166000,0 days 02:06:56.122000,0 days 00:01:02.809000,0 days 00:01:02.247000,0 days 00:01:00.129000,0 days 02:04:55.311000,0 days 02:05:57.577000,0 days 02:06:57.765000,120.0,145.0,,146.0,False,HARD,39.0,False,AlphaTauri,0 days 02:03:52.421000,,45,6.0,,,False,False,2021,6,Azerbaijan Grand Prix
0 days 02:43:23.961000,TSU,22,,49.0,4.0,0 days 02:40:19.613000,,,0 days 00:01:09.113000,0 days 00:01:02.505000,,0 days 02:42:21.496000,0 days 02:43:24.236000,163.0,169.0,64.0,139.0,False,SOFT,3.0,False,AlphaTauri,0 days 02:40:00.166000,,1,6.0,,,False,False,2021,6,Azerbaijan Grand Prix
0 days 00:54:13.659000,RIC,3,0 days 00:01:52.582000,11.0,1.0,,0 days 00:54:12.511000,0 days 00:00:38.740000,0 days 00:00:43.661000,0 days 00:00:30.181000,0 days 00:52:59.855000,0 days 00:53:43.516000,0 days 00:54:13.697000,199.0,205.0,,312.0,False,SOFT,11.0,True,McLaren,0 days 00:52:21.077000,,12,8.0,,,False,False,2021,6,Azerbaijan Grand Prix
0 days 00:56:18.802000,RIC,3,0 days 00:02:05.143000,12.0,2.0,0 days 00:54:32.565000,,0 days 00:00:54.746000,0 days 00:00:44.549000,0 days 00:00:25.848000,0 days 00:55:08.443000,0 days 00:55:52.992000,0 days 00:56:18.840000,185.0,201.0,301.0,313.0,False,HARD,1.0,True,McLaren,0 days 00:54:13.659000,,1,13.0,,,False,False,2021,6,Azerbaijan Grand Prix
0 days 02:04:03.109000,RIC,3,0 days 00:02:19.455000,47.0,2.0,,0 days 02:04:01.926000,0 days 00:00:38.964000,0 days 00:00:54.577000,0 days 00:00:45.914000,0 days 02:02:22.656000,0 days 02:03:17.233000,0 days 02:04:03.147000,186.0,179.0,,183.0,False,HARD,36.0,True,McLaren,0 days 02:01:43.654000,,24,9.0,,,False,False,2021,6,Azerbaijan Grand Prix
0 days 02:07:03.199000,RIC,3,,48.0,3.0,0 days 02:04:16.887000,0 days 02:07:01.297000,0 days 00:00:56.863000,0 days 00:01:03.863000,0 days 00:00:59.293000,0 days 02:05:00.081000,0 days 02:06:04.154000,0 days 02:07:03.386000,167.0,174.0,,110.0,False,HARD,37.0,False,McLaren,0 days 02:04:03.109000,,45,9.0,,,False,False,2021,6,Azerbaijan Grand Prix
0 days 02:43:28.901000,RIC,3,,49.0,4.0,0 days 02:40:36.238000,,,0 days 00:01:08.113000,0 days 00:01:02.619000,,0 days 02:42:26.320000,0 days 02:43:29.081000,131.0,158.0,62.0,99.0,False,SOFT,3.0,False,McLaren,0 days 02:40:00.166000,,1,9.0,,,False,False,2021,6,Azerbaijan Grand Prix
0 days 00:40:01.371000,OCO,31,0 days 00:02:10.806000,3.0,1.0,,0 days 00:40:00.233000,0 days 00:00:39.302000,0 days 00:00:44.550000,0 days 00:00:46.954000,0 days 00:38:29.943000,0 days 00:39:14.493000,0 days 00:40:01.447000,180.0,191.0,,168.0,False,SOFT,3.0,True,Alpine,0 days 00:37:50.565000,,1,18.0,,,False,False,2021,6,Azerbaijan Grand Prix
0 days 00:55:39.476000,VER,33,0 days 00:01:50.389000,12.0,1.0,,0 days 00:55:38.279000,0 days 00:00:37.820000,0 days 00:00:42.692000,0 days 00:00:29.877000,0 days 00:54:26.950000,0 days 00:55:09.642000,0 days 00:55:39.519000,214.0,213.0,,307.0,False,SOFT,13.0,False,Red Bull Racing,0 days 00:53:49.087000,,21,2.0,,,False,False,2021,6,Azerbaijan Grand Prix
0 days 00:57:42.427000,VER,33,0 days 00:02:02.951000,13.0,2.0,0 days 00:55:58.032000,,0 days 00:00:53.781000,0 days 00:00:43.260000,0 days 00:00:25.910000,0 days 00:56:33.300000,0 days 00:57:16.560000,0 days 00:57:42.470000,207.0,212.0,304.0,311.0,False,HARD,1.0,True,Red Bull Racing,0 days 00:55:39.476000,,1,3.0,,,False,False,2021,6,Azerbaijan Grand Prix
0 days 00:46:58.369000,NOR,4,0 days 00:01:52.031000,7.0,1.0,,0 days 00:46:57.180000,0 days 00:00:38.782000,0 days 00:00:43.829000,0 days 00:00:29.420000,0 days 00:45:45.152000,0 days 00:46:28.981000,0 days 00:46:58.401000,204.0,203.0,,317.0,False,SOFT,10.0,False,McLaren,0 days 00:45:06.338000,,1,12.0,,,False,False,2021,6,Azerbaijan Grand Prix
0 days 00:49:02.414000,NOR,4,0 days 00:02:04.045000,8.0,2.0,0 days 00:47:17.721000,,0 days 00:00:54.780000,0 days 00:00:43.878000,0 days 00:00:25.387000,0 days 00:47:53.181000,0 days 00:48:37.059000,0 days 00:49:02.446000,194.0,208.0,326.0,318.0,False,HARD,1.0,True,McLaren,0 days 00:46:58.369000,,1,17.0,,,False,False,2021,6,Azerbaijan Grand Prix
0 days 02:03:55.181000,NOR,4,0 days 00:02:14.859000,47.0,2.0,,0 days 02:03:53.970000,0 days 00:00:39.009000,0 days 00:00:52.730000,0 days 00:00:43.120000,0 days 02:02:19.363000,0 days 02:03:12.093000,0 days 02:03:55.213000,207.0,174.0,,175.0,False,HARD,40.0,True,McLaren,0 days 02:01:40.322000,,24,7.0,,,False,False,2021,6,Azerbaijan Grand Prix
0 days 02:06:59.833000,NOR,4,,48.0,3.0,0 days 02:04:09.802000,0 days 02:06:58.213000,0 days 00:01:01.015000,0 days 00:01:02.799000,0 days 00:01:00.839000,0 days 02:04:56.271000,0 days 02:05:59.026000,0 days 02:07:00.034000,135.0,149.0,,138.0,False,HARD,41.0,False,McLaren,0 days 02:03:55.181000,,45,7.0,,,False,False,2021,6,Azerbaijan Grand Prix
0 days 02:43:26.295000,NOR,4,,49.0,4.0,0 days 02:40:28.607000,,,0 days 00:01:08.051000,0 days 00:01:02.779000,,0 days 02:42:23.548000,0 days 02:43:26.529000,203.0,187.0,39.0,112.0,False,SOFT,3.0,False,McLaren,0 days 02:40:00.166000,,1,7.0,,,False,False,2021,6,Azerbaijan Grand Prix
0 days 00:53:52.191000,HAM,44,0 days 00:01:51.218000,11.0,1.0,,0 days 00:53:50.882000,0 days 00:00:38.089000,0 days 00:00:43.087000,0 days 00:00:30.042000,0 days 00:52:39.123000,0 days 00:53:22.210000,0 days 00:53:52.252000,207.0,221.0,,306.0,False,SOFT,15.0,False,Mercedes,0 days 00:52:00.973000,,12,3.0,,,False,False,2021,6,Azerbaijan Grand Prix
0 days 00:55:58.874000,HAM,44,0 days 00:02:06.683000,12.0,2.0,0 days 00:54:13.440000,,0 days 00:00:57.058000,0 days 00:00:43.628000,0 days 00:00:25.997000,0 days 00:54:49.310000,0 days 00:55:32.938000,0 days 00:55:58.935000,193.0,222.0,300.0,308.0,False,HARD,1.0,True,Mercedes,0 days 00:53:52.191000,,1,4.0,,,False,False,2021,6,Azerbaijan Grand Prix
0 days 02:03:41.317000,HAM,44,0 days 00:02:15.406000,47.0,2.0,,0 days 02:03:40.041000,0 days 00:00:38.631000,0 days 00:00:43.503000,0 days 00:00:53.272000,0 days 02:02:04.603000,0 days 02:02:48.106000,0 days 02:03:41.378000,204.0,224.0,,131.0,False,HARD,36.0,True,Mercedes,0 days 02:01:25.911000,,124,2.0,,,False,False,2021,6,Azerbaijan Grand Prix
0 days 02:06:48.922000,HAM,44,,48.0,3.0,0 days 02:03:55.501000,0 days 02:06:47.734000,0 days 00:01:06.230000,0 days 00:01:03.539000,0 days 00:00:57.819000,0 days 02:04:47.630000,0 days 02:05:51.164000,0 days 02:06:49.062000,136.0,140.0,,152.0,False,HARD,37.0,False,Mercedes,0 days 02:03:41.317000,,45,2.0,,,False,False,2021,6,Azerbaijan Grand Prix
0 days 02:43:13.737000,HAM,44,,49.0,4.0,0 days 02:40:08.733000,,,0 days 00:01:08.334000,0 days 00:01:01.267000,,0 days 02:42:12.531000,0 days 02:43:14.062000,103.0,162.0,61.0,233.0,False,SOFT,5.0,False,Mercedes,0 days 02:40:00.166000,,1,2.0,,,False,False,2021,6,Azerbaijan Grand Prix
0 days 00:49:02.076000,MSC,47,0 days 00:01:53.586000,8.0,1.0,,0 days 00:49:00.848000,0 days 00:00:38.754000,0 days 00:00:44.461000,0 days 00:00:30.371000,0 days 00:47:47.268000,0 days 00:48:31.729000,0 days 00:49:02.100000,196.0,201.0,,307.0,False,SOFT,8.0,True,Haas F1 Team,0 days 00:47:08.490000,,1,16.0,,,False,False,2021,6,Azerbaijan Grand Prix
0 days 00:51:10.691000,MSC,47,0 days 00:02:08.615000,9.0,2.0,0 days 00:49:23.303000,,0 days 00:00:57.637000,0 days 00:00:44.658000,0 days 00:00:26.320000,0 days 00:49:59.737000,0 days 00:50:44.395000,0 days 00:51:10.715000,187.0,209.0,308.0,306.0,False,HARD,1.0,True,Haas F1 Team,0 days 00:49:02.076000,,1,19.0,,,False,False,2021,6,Azerbaijan Grand Prix
0 days 01:39:18.588000,MSC,47,,34.0,2.0,,0 days 01:39:17.351000,0 days 00:00:53.272000,0 days 00:00:57.907000,0 days 00:00:47.766000,0 days 01:37:32.949000,0 days 01:38:30.846000,0 days 01:39:18.718000,155.0,132.0,,170.0,False,HARD,26.0,True,Haas F1 Team,0 days 01:36:39.639000,,4,17.0,,,False,False,2021,6,Azerbaijan Grand Prix
0 days 01:42:16.438000,MSC,47,,35.0,3.0,0 days 01:40:27.096000,,,0 days 00:00:44.835000,0 days 00:00:26.400000,,0 days 01:41:50.090000,0 days 01:42:16.606000,188.0,212.0,300.0,305.0,False,SOFT,3.0,False,Haas F1 Team,0 days 01:39:18.588000,,41,17.0,,,False,False,2021,6,Azerbaijan Grand Prix
0 days 01:58:37.292000,MSC,47,0 days 00:01:53.919000,44.0,3.0,,0 days 01:58:36.078000,0 days 00:00:38.542000,0 days 00:00:44.910000,0 days 00:00:30.467000,0 days 01:57:21.939000,0 days 01:58:06.849000,0 days 01:58:37.316000,208.0,207.0,,309.0,False,SOFT,12.0,False,Haas F1 Team,0 days 01:56:43.373000,,1,17.0,,,False,False,2021,6,Azerbaijan Grand Prix
0 days 02:00:43.721000,MSC,47,0 days 00:02:06.429000,45.0,4.0,0 days 01:58:57.640000,,0 days 00:00:56.407000,0 days 00:00:43.803000,0 days 00:00:26.219000,0 days 01:59:33.723000,0 days 02:00:17.526000,0 days 02:00:43.745000,203.0,196.0,305.0,306.0,False,SOFT,3.0,False,Haas F1 Team,0 days 01:58:37.292000,,1,17.0,,,False,False,2021,6,Azerbaijan Grand Prix
0 days 02:05:07.947000,MSC,47,,47.0,4.0,,0 days 02:05:06.696000,0 days 00:00:50.119000,0 days 00:00:56.375000,0 days 00:00:44.863000,0 days 02:03:26.733000,0 days 02:04:23.119000,0 days 02:05:08.064000,166.0,131.0,,188.0,False,SOFT,5.0,False,Haas F1 Team,0 days 02:02:36.570000,,24,16.0,,,False,False,2021,6,Azerbaijan Grand Prix
0 days 02:07:49.082000,MSC,47,,48.0,5.0,0 days 02:05:21.737000,0 days 02:07:47.615000,0 days 00:00:56.163000,0 days 00:00:59.303000,0 days 00:00:45.631000,0 days 02:06:04.274000,0 days 02:07:03.475000,0 days 02:07:49.159000,122.0,177.0,,167.0,False,SOFT,6.0,False,Haas F1 Team,0 days 02:05:07.947000,,45,16.0,,,False,False,2021,6,Azerbaijan Grand Prix
0 days 02:44:04.666000,MSC,47,,49.0,6.0,0 days 02:41:21.776000,,,0 days 00:00:49.133000,0 days 00:01:11.627000,,0 days 02:42:53.063000,0 days 02:44:04.776000,168.0,185.0,8.0,130.0,False,SOFT,4.0,False,Haas F1 Team,0 days 02:40:00.166000,,1,15.0,,,False,False,2021,6,Azerbaijan Grand Prix
0 days 01:06:35.104000,VET,5,0 days 00:01:50.359000,18.0,1.0,,0 days 01:06:33.910000,0 days 00:00:37.881000,0 days 00:00:42.643000,0 days 00:00:29.835000,0 days 01:05:22.688000,0 days 01:06:05.331000,0 days 01:06:35.166000,208.0,217.0,,310.0,False,SOFT,18.0,True,Aston Martin,0 days 01:04:44.745000,,1,2.0,,,False,False,2021,6,Azerbaijan Grand Prix
0 days 01:08:37.896000,VET,5,0 days 00:02:02.792000,19.0,2.0,0 days 01:06:53.773000,,0 days 00:00:53.578000,0 days 00:00:43.632000,0 days 00:00:25.582000,0 days 01:07:28.744000,0 days 01:08:12.376000,0 days 01:08:37.958000,204.0,214.0,310.0,317.0,False,HARD,1.0,True,Aston Martin,0 days 01:06:35.104000,,1,7.0,,,False,False,2021,6,Azerbaijan Grand Prix
0 days 02:03:44.034000,VET,5,0 days 00:02:13.659000,47.0,2.0,,0 days 02:03:42.840000,0 days 00:00:37.996000,0 days 00:00:44.426000,0 days 00:00:51.237000,0 days 02:02:08.433000,0 days 02:02:52.859000,0 days 02:03:44.096000,215.0,93.0,,120.0,False,HARD,29.0,True,Aston Martin,0 days 02:01:30.375000,,124,3.0,,,False,False,2021,6,Azerbaijan Grand Prix
0 days 02:06:51.759000,VET,5,,48.0,3.0,0 days 02:03:57.760000,0 days 02:06:50.200000,0 days 00:01:05.467000,0 days 00:01:03.081000,0 days 00:00:59.178000,0 days 02:04:49.600000,0 days 02:05:52.643000,0 days 02:06:51.922000,156.0,116.0,,130.0,False,HARD,30.0,False,Aston Martin,0 days 02:03:44.034000,,45,3.0,,,False,False,2021,6,Azerbaijan Grand Prix
0 days 02:43:15.821000,VET,5,,49.0,4.0,0 days 02:40:10.664000,,,0 days 00:01:09.642000,0 days 00:01:00.395000,,0 days 02:42:15.488000,0 days 02:43:15.996000,110.0,169.0,46.0,149.0,False,SOFT,3.0,False,Aston Martin,0 days 02:40:00.166000,,1,3.0,,,False,False,2021,6,Azerbaijan Grand Prix
0 days 00:52:13.243000,SAI,55,0 days 00:01:51.542000,10.0,1.0,,0 days 00:52:12.067000,0 days 00:00:38.127000,0 days 00:00:43.300000,0 days 00:00:30.115000,0 days 00:50:59.878000,0 days 00:51:43.178000,0 days 00:52:13.293000,203.0,206.0,,309.0,False,SOFT,13.0,False,Ferrari,0 days 00:50:21.701000,,1,5.0,,,False,False,2021,6,Azerbaijan Grand Prix
0 days 00:54:37.253000,SAI,55,0 days 00:02:24.010000,11.0,2.0,0 days 00:52:32.148000,,0 days 00:00:54.782000,0 days 00:01:03.125000,0 days 00:00:26.103000,0 days 00:53:08.075000,0 days 00:54:11.200000,0 days 00:54:37.303000,189.0,202.0,314.0,309.0,False,HARD,1.0,True,Ferrari,0 days 00:52:13.243000,,12,15.0,,,False,False,2021,6,Azerbaijan Grand Prix
0 days 02:03:57.646000,SAI,55,0 days 00:02:15.333000,47.0,2.0,,0 days 02:03:56.453000,0 days 00:00:39.434000,0 days 00:00:52.616000,0 days 00:00:43.283000,0 days 02:02:21.797000,0 days 02:03:14.413000,0 days 02:03:57.696000,202.0,151.0,,143.0,False,HARD,37.0,True,Ferrari,0 days 02:01:42.313000,,24,8.0,,,False,False,2021,6,Azerbaijan Grand Prix
0 days 02:07:00.975000,SAI,55,,48.0,3.0,0 days 02:04:11.544000,0 days 02:06:59.203000,0 days 00:00:59.923000,0 days 00:01:02.744000,0 days 00:01:00.653000,0 days 02:04:57.655000,0 days 02:06:00.372000,0 days 02:07:01.166000,95.0,150.0,,142.0,False,HARD,38.0,False,Ferrari,0 days 02:03:57.646000,,45,8.0,,,False,False,2021,6,Azerbaijan Grand Prix
0 days 02:43:27.399000,SAI,55,,49.0,4.0,0 days 02:40:31.878000,,,0 days 00:01:07.620000,0 days 00:01:02.844000,,0 days 02:42:24.605000,0 days 02:43:27.552000,151.0,168.0,77.0,151.0,False,SOFT,3.0,False,Ferrari,0 days 02:40:00.166000,,1,8.0,,,False,False,2021,6,Azerbaijan Grand Prix
0 days 00:50:49.329000,LAT,6,0 days 00:01:54.357000,9.0,1.0,,0 days 00:50:48.113000,0 days 00:00:39.105000,0 days 00:00:44.943000,0 days 00:00:30.309000,0 days 00:49:34.077000,0 days 00:50:19.020000,0 days 00:50:49.329000,171.0,202.0,,315.0,False,MEDIUM,9.0,True,Williams,0 days 00:48:54.972000,,1,13.0,,,False,False,2021,6,Azerbaijan Grand Prix
0 days 00:52:58.035000,LAT,6,0 days 00:02:08.706000,10.0,2.0,0 days 00:51:10.255000,,0 days 00:00:57.761000,0 days 00:00:44.995000,0 days 00:00:25.950000,0 days 00:51:47.090000,0 days 00:52:32.085000,0 days 00:52:58.035000,178.0,201.0,303.0,313.0,False,HARD,1.0,True,Williams,0 days 00:50:49.329000,,1,17.0,,,False,False,2021,6,Azerbaijan Grand Prix
0 days 02:07:13.576000,LAT,6,,48.0,2.0,,0 days 02:07:11.209000,0 days 00:00:52.290000,0 days 00:00:57.113000,0 days 00:01:03.667000,0 days 02:05:12.796000,0 days 02:06:09.951000,0 days 02:07:13.748000,144.0,99.0,,142.0,False,HARD,39.0,True,Williams,0 days 02:04:20.463000,,45,13.0,,,False,False,2021,6,Azerbaijan Grand Prix
0 days 02:44:04.261000,LAT,6,,49.0,3.0,0 days 02:41:19.418000,,,0 days 00:00:49.446000,0 days 00:01:13.040000,,0 days 02:42:51.221000,0 days 02:44:04.481000,149.0,188.0,6.0,125.0,False,SOFT,1.0,True,Williams,0 days 02:40:00.166000,,1,14.0,,,False,False,2021,6,Azerbaijan Grand Prix
0 days 00:36:07.863000,RUS,63,0 days 00:02:08.197000,1.0,1.0,,0 days 00:36:07.663000,,0 days 00:00:49.118000,0 days 00:00:30.309000,,0 days 00:35:37.639000,0 days 00:36:08.031000,172.0,187.0,,317.0,False,MEDIUM,1.0,True,Williams,0 days 00:33:59.522000,,1,20.0,,,False,False,2021,6,Azerbaijan Grand Prix
0 days 00:38:15.193000,RUS,63,0 days 00:02:07.330000,2.0,2.0,0 days 00:36:26.660000,,0 days 00:00:55.754000,0 days 00:00:45.524000,0 days 00:00:26.052000,0 days 00:37:03.660000,0 days 00:37:49.184000,0 days 00:38:15.236000,183.0,201.0,309.0,311.0,False,HARD,1.0,True,Williams,0 days 00:36:07.863000,,1,20.0,,,False,False,2021,6,Azerbaijan Grand Prix
0 days 01:39:17.074000,RUS,63,,34.0,2.0,,0 days 01:39:15.840000,0 days 00:00:53.979000,0 days 00:00:59.185000,0 days 00:00:48.384000,0 days 01:37:29.548000,0 days 01:38:28.752000,0 days 01:39:17.217000,142.0,104.0,,158.0,False,HARD,33.0,True,Williams,0 days 01:36:35.532000,,4,16.0,,,False,False,2021,6,Azerbaijan Grand Prix
0 days 01:42:06.379000,RUS,63,,35.0,3.0,0 days 01:39:35.861000,,0 days 00:01:05.734000,0 days 00:01:02.279000,0 days 00:00:41.317000,0 days 01:40:22.968000,0 days 01:41:25.184000,0 days 01:42:06.593000,118.0,155.0,281.0,150.0,False,HARD,1.0,True,Williams,0 days 01:39:17.074000,,41,16.0,,,False,False,2021,6,Azerbaijan Grand Prix
0 days 02:04:10.186000,RUS,63,0 days 00:02:15.933000,47.0,3.0,,0 days 02:04:09.015000,0 days 00:00:39.284000,0 days 00:00:55.771000,0 days 00:00:40.878000,0 days 02:02:33.580000,0 days 02:03:29.351000,0 days 02:04:10.229000,199.0,133.0,,169.0,False,HARD,13.0,True,Williams,0 days 02:01:54.253000,,24,14.0,,,False,False,2021,6,Azerbaijan Grand Prix
0 days 02:07:21.932000,RUS,63,,48.0,4.0,0 days 02:04:30.441000,0 days 02:07:19.333000,0 days 00:01:05.058000,0 days 00:01:02.652000,0 days 00:01:03.982000,0 days 02:05:15.341000,0 days 02:06:18.030000,0 days 02:07:22.103000,153.0,92.0,,150.0,False,SOFT,1.0,True,Williams,0 days 02:04:10.186000,,45,15.0,,,False,False,2021,6,Azerbaijan Grand Prix
0 days 00:58:00.872000,RAI,7,0 days 00:01:54.150000,13.0,1.0,,0 days 00:57:59.764000,0 days 00:00:38.928000,0 days 00:00:44.526000,0 days 00:00:30.696000,0 days 00:56:45.711000,0 days 00:57:30.237000,0 days 00:58:00.933000,195.0,217.0,,312.0,False,MEDIUM,13.0,True,Alfa Romeo Racing,0 days 00:56:06.722000,,1,10.0,,,False,False,2021,6,Azerbaijan Grand Prix
0 days 01:00:05.951000,RAI,7,0 days 00:02:05.079000,14.0,2.0,0 days 00:58:19.755000,,0 days 00:00:54.942000,0 days 00:00:44.126000,0 days 00:00:26.011000,0 days 00:58:55.875000,0 days 00:59:40.001000,0 days 01:00:06.012000,190.0,204.0,310.0,310.0,False,HARD,1.0,True,Alfa Romeo Racing,0 days 00:58:00.872000,,1,15.0,,,False,False,2021,6,Azerbaijan Grand Prix
0 days 02:04:06.814000,RAI,7,0 days 00:02:19.263000,47.0,2.0,,0 days 02:04:05.716000,0 days 00:00:38.780000,0 days 00:00:58.877000,0 days 00:00:41.606000,0 days 02:02:26.392000,0 days 02:03:25.269000,0 days 02:04:06.875000,199.0,132.0,,170.0,False,HARD,34.0,True,Alfa Romeo Racing,0 days 02:01:47.551000,,24,11.0,,,False,False,2021,6,Azerbaijan Grand Prix
0 days 02:07:09.510000,RAI,7,,48.0,3.0,0 days 02:04:20.802000,0 days 02:07:07.425000,0 days 00:00:58.275000,0 days 00:01:02.529000,0 days 00:01:01.869000,0 days 02:05:05.217000,0 days 02:06:07.702000,0 days 02:07:09.800000,163.0,102.0,,152.0,False,HARD,35.0,False,Alfa Romeo Racing,0 days 02:04:06.814000,,45,11.0,,,False,False,2021,6,Azerbaijan Grand Prix
0 days 02:43:36.677000,RAI,7,,49.0,4.0,0 days 02:40:44.090000,,,0 days 00:01:05.948000,0 days 00:01:03.822000,,0 days 02:42:32.916000,0 days 02:43:36.854000,161.0,182.0,74.0,95.0,False,SOFT,1.0,True,Alfa Romeo Racing,0 days 02:40:00.166000,,1,11.0,,,False,False,2021,6,Azerbaijan Grand Prix
0 days 00:54:10.557000,BOT,77,0 days 00:01:52.171000,11.0,1.0,,0 days 00:54:09.364000,0 days 00:00:38.428000,0 days 00:00:43.390000,0 days 00:00:30.353000,0 days 00:52:56.886000,0 days 00:53:40.276000,0 days 00:54:10.629000,208.0,218.0,,310.0,False,SOFT,15.0,False,Mercedes,0 days 00:52:18.386000,,12,6.0,,,False,False,2021,6,Azerbaijan Grand Prix
0 days 00:56:14.899000,BOT,77,0 days 00:02:04.342000,12.0,2.0,0 days 00:54:29.710000,,0 days 00:00:54.815000,0 days 00:00:43.735000,0 days 00:00:25.792000,0 days 00:55:05.444000,0 days 00:55:49.179000,0 days 00:56:14.971000,198.0,216.0,302.0,312.0,False,HARD,1.0,True,Mercedes,0 days 00:54:10.557000,,1,11.0,,,False,False,2021,6,Azerbaijan Grand Prix
0 days 02:04:09.592000,BOT,77,0 days 00:02:18.072000,47.0,2.0,,0 days 02:04:08.434000,0 days 00:00:39.023000,0 days 00:00:58.325000,0 days 00:00:40.724000,0 days 02:02:30.615000,0 days 02:03:28.940000,0 days 02:04:09.664000,200.0,125.0,,189.0,False,HARD,36.0,True,Mercedes,0 days 02:01:51.520000,,24,13.0,,,False,False,2021,6,Azerbaijan Grand Prix
0 days 02:07:16.560000,BOT,77,,48.0,3.0,0 days 02:04:29.736000,0 days 02:07:14.152000,0 days 00:01:03.693000,0 days 00:00:57.593000,0 days 00:01:05.635000,0 days 02:05:13.404000,0 days 02:06:11.029000,0 days 02:07:16.821000,128.0,105.0,,137.0,False,SOFT,5.0,False,Mercedes,0 days 02:04:09.592000,,45,14.0,,,False,False,2021,6,Azerbaijan Grand Prix
0 days 02:43:47.846000,BOT,77,,49.0,4.0,0 days 02:41:09.349000,,,0 days 00:00:49.209000,0 days 00:01:08.520000,,0 days 02:42:39.398000,0 days 02:43:48.207000,169.0,182.0,15.0,83.0,False,SOFT,5.0,False,Mercedes,0 days 02:40:00.166000,,1,13.0,,,False,False,2021,6,Azerbaijan Grand Prix
0 days 00:50:58.863000,MAZ,9,0 days 00:01:57.044000,9.0,1.0,,0 days 00:50:58.923000,0 days 00:00:40.370000,0 days 00:00:45.491000,0 days 00:00:31.183000,0 days 00:49:42.254000,0 days 00:50:27.745000,0 days 00:50:58.928000,186.0,206.0,,310.0,False,SOFT,9.0,True,Haas F1 Team,0 days 00:49:01.819000,,1,17.0,,,False,False,2021,6,Azerbaijan Grand Prix
0 days 00:53:09.411000,MAZ,9,0 days 00:02:10.548000,10.0,2.0,0 days 00:51:19.437000,,0 days 00:00:57.955000,0 days 00:00:45.893000,0 days 00:00:26.700000,0 days 00:51:56.883000,0 days 00:52:42.776000,0 days 00:53:09.476000,194.0,201.0,301.0,299.0,False,HARD,1.0,True,Haas F1 Team,0 days 00:50:58.863000,,1,19.0,,,False,False,2021,6,Azerbaijan Grand Prix
0 days 01:41:02.926000,MAZ,9,0 days 00:02:05.129000,34.0,2.0,,0 days 01:41:01.767000,0 days 00:00:45.754000,0 days 00:00:47.573000,0 days 00:00:31.802000,0 days 01:39:43.616000,0 days 01:40:31.189000,0 days 01:41:02.991000,179.0,193.0,,300.0,False,HARD,25.0,True,Haas F1 Team,0 days 01:38:57.797000,,4,18.0,,,False,False,2021,6,Azerbaijan Grand Prix
0 days 01:43:14.764000,MAZ,9,0 days 00:02:11.838000,35.0,3.0,0 days 01:41:23.668000,,0 days 00:00:59.433000,0 days 00:00:45.871000,0 days 00:00:26.534000,0 days 01:42:02.424000,0 days 01:42:48.295000,0 days 01:43:14.829000,175.0,201.0,304.0,303.0,False,SOFT,3.0,False,Haas F1 Team,0 days 01:41:02.926000,,41,18.0,,,False,False,2021,6,Azerbaijan Grand Prix
0 days 01:59:38.715000,MAZ,9,0 days 00:01:54.527000,44.0,3.0,,0 days 01:59:37.531000,0 days 00:00:39.130000,0 days 00:00:44.417000,0 days 00:00:30.980000,0 days 01:58:23.383000,0 days 01:59:07.800000,0 days 01:59:38.780000,199.0,219.0,,305.0,False,SOFT,12.0,False,Haas F1 Team,0 days 01:57:44.188000,,1,18.0,,,False,False,2021,6,Azerbaijan Grand Prix
0 days 02:01:57.281000,MAZ,9,0 days 00:02:18.566000,45.0,4.0,0 days 02:00:02.293000,,0 days 00:01:04.707000,0 days 00:00:47.598000,0 days 00:00:26.261000,0 days 02:00:43.487000,0 days 02:01:31.085000,0 days 02:01:57.346000,178.0,206.0,309.0,309.0,False,SOFT,6.0,False,Haas F1 Team,0 days 01:59:38.715000,,12,18.0,,,False,False,2021,6,Azerbaijan Grand Prix
0 days 02:04:20.019000,MAZ,9,0 days 00:02:22.738000,46.0,4.0,,0 days 02:04:18.843000,0 days 00:00:41.387000,0 days 00:00:55.068000,0 days 00:00:46.283000,0 days 02:02:38.733000,0 days 02:03:33.801000,0 days 02:04:20.084000,201.0,144.0,,162.0,False,SOFT,7.0,False,Haas F1 Team,0 days 02:01:57.281000,,24,17.0,,,False,False,2021,6,Azerbaijan Grand Prix
0 days 02:07:23.786000,MAZ,9,,47.0,5.0,0 days 02:04:33.859000,0 days 02:07:21.231000,0 days 00:00:58.582000,0 days 00:01:00.486000,0 days 00:01:04.685000,0 days 02:05:18.680000,0 days 02:06:19.197000,0 days 02:07:24.017000,173.0,91.0,,138.0,False,SOFT,8.0,False,Haas F1 Team,0 days 02:04:20.019000,,45,17.0,,,False,False,2021,6,Azerbaijan Grand Prix
0 days 02:40:01.231000,MAZ,9,,48.0,6.0,0 days 02:37:50.202000,0 days 02:39:58.636000,,0 days 00:00:48.199000,0 days 00:00:40.623000,,0 days 02:39:20.673000,0 days 02:40:01.493000,175.0,202.0,,299.0,False,SOFT,9.0,False,Haas F1 Team,0 days 02:07:23.786000,,512,17.0,,,False,False,2021,6,Azerbaijan Grand Prix
0 days 02:44:05.319000,MAZ,9,,49.0,7.0,0 days 02:41:25.080000,,,0 days 00:00:49.095000,0 days 00:01:09.594000,,0 days 02:42:55.802000,0 days 02:44:05.515000,195.0,184.0,11.0,113.0,False,SOFT,10.0,False,Haas F1 Team,0 days 02:40:00.166000,,1,16.0,,,False,False,2021,6,Azerbaijan Grand Prix
0 days 00:37:58.054000,GIO,99,0 days 00:01:55.997000,2.0,1.0,,0 days 00:37:56.858000,0 days 00:00:39.797000,0 days 00:00:46.145000,0 days 00:00:30.055000,0 days 00:36:41.902000,0 days 00:37:28.047000,0 days 00:37:58.102000,175.0,187.0,,320.0,False,SOFT,2.0,True,Alfa Romeo Racing,0 days 00:36:02.057000,,1,18.0,,,False,False,2021,6,Azerbaijan Grand Prix
0 days 00:40:04.328000,GIO,99,0 days 00:02:06.274000,3.0,2.0,0 days 00:38:17.254000,,0 days 00:00:55.761000,0 days 00:00:44.445000,0 days 00:00:26.068000,0 days 00:38:53.863000,0 days 00:39:38.308000,0 days 00:40:04.376000,196.0,201.0,314.0,310.0,False,HARD,1.0,True,Alfa Romeo Racing,0 days 00:37:58.054000,,1,19.0,,,False,False,2021,6,Azerbaijan Grand Prix
0 days 01:39:15.640000,GIO,99,,34.0,2.0,,0 days 01:39:14.449000,0 days 00:00:54.607000,0 days 00:01:00.606000,0 days 00:00:49.942000,0 days 01:37:25.169000,0 days 01:38:25.746000,0 days 01:39:15.794000,134.0,118.0,,161.0,False,HARD,32.0,True,Alfa Romeo Racing,0 days 01:36:30.498000,,4,15.0,,,False,False,2021,6,Azerbaijan Grand Prix
0 days 01:42:05.881000,GIO,99,,35.0,3.0,0 days 01:39:34.649000,,0 days 00:01:04.681000,0 days 00:01:03.778000,0 days 00:00:41.807000,0 days 01:40:20.367000,0 days 01:41:24.168000,0 days 01:42:06.087000,141.0,136.0,270.0,143.0,False,HARD,1.0,True,Alfa Romeo Racing,0 days 01:39:15.640000,,41,15.0,,,False,False,2021,6,Azerbaijan Grand Prix
0 days 02:04:08.877000,GIO,99,0 days 00:02:20.204000,47.0,3.0,,0 days 02:04:07.700000,0 days 00:00:38.965000,0 days 00:00:58.916000,0 days 00:00:42.323000,0 days 02:02:27.686000,0 days 02:03:26.602000,0 days 02:04:08.925000,183.0,139.0,,167.0,False,HARD,13.0,True,Alfa Romeo Racing,0 days 02:01:48.673000,,24,12.0,,,False,False,2021,6,Azerbaijan Grand Prix
0 days 02:07:11.635000,GIO,99,,48.0,4.0,0 days 02:04:22.594000,0 days 02:07:09.269000,0 days 00:00:57.217000,0 days 00:01:02.330000,0 days 00:01:03.183000,0 days 02:05:06.185000,0 days 02:06:08.500000,0 days 02:07:11.924000,141.0,99.0,,157.0,False,HARD,14.0,False,Alfa Romeo Racing,0 days 02:04:08.877000,,45,12.0,,,False,False,2021,6,Azerbaijan Grand Prix
0 days 02:43:39.151000,GIO,99,,49.0,5.0,0 days 02:40:46.576000,,,0 days 00:01:07.069000,0 days 00:01:01.397000,,0 days 02:42:37.836000,0 days 02:43:39.637000,171.0,166.0,42.0,62.0,False,SOFT,1.0,True,Alfa Romeo Racing,0 days 02:40:00.166000,,1,12.0,,,False,False,2021,6,Azerbaijan Grand Prix
0 days 01:03:40.300000,VER,33,0 days 00:01:58.099000,18.0,1.0,,0 days 01:03:11.373000,0 days 00:00:25.158000,0 days 00:00:29.720000,0 days 00:01:03.221000,0 days 01:02:07.365000,0 days 01:02:37.085000,0 days 01:03:40.306000,99.0,278.0,,304.0,False,MEDIUM,21.0,False,Red Bull Racing,0 days 01:01:42.201000,,1,3.0,,,False,False,2021,7,French Grand Prix
0 days 01:05:20.266000,VER,33,0 days 00:01:39.966000,19.0,2.0,0 days 01:03:41.059000,,0 days 00:00:28.054000,0 days 00:00:29.066000,0 days 00:00:42.846000,0 days 01:04:08.360000,0 days 01:04:37.426000,0 days 01:05:20.272000,112.0,277.0,296.0,298.0,False,HARD,1.0,True,Red Bull Racing,0 days 01:03:40.300000,,1,3.0,,,False,False,2021,7,French Grand Prix
0 days 01:26:50.460000,VER,33,0 days 00:01:56.764000,32.0,2.0,,0 days 01:26:21.189000,0 days 00:00:24.776000,0 days 00:00:29.083000,0 days 00:01:02.905000,0 days 01:25:18.478000,0 days 01:25:47.561000,0 days 01:26:50.466000,107.0,278.0,,302.0,False,HARD,14.0,True,Red Bull Racing,0 days 01:24:53.696000,,1,4.0,,,False,False,2021,7,French Grand Prix
0 days 01:28:30.918000,VER,33,0 days 00:01:40.458000,33.0,3.0,0 days 01:26:51.350000,,0 days 00:00:28.492000,0 days 00:00:29.056000,0 days 00:00:42.910000,0 days 01:27:18.958000,0 days 01:27:48.014000,0 days 01:28:30.924000,104.0,278.0,298.0,301.0,False,MEDIUM,4.0,False,Red Bull Racing,0 days 01:26:50.460000,,1,4.0,,,False,False,2021,7,French Grand Prix
0 days 01:05:16.816000,HAM,44,0 days 00:01:58.684000,19.0,1.0,,0 days 01:04:47.421000,0 days 00:00:25.303000,0 days 00:00:29.447000,0 days 00:01:03.934000,0 days 01:03:43.454000,0 days 01:04:12.901000,0 days 01:05:16.835000,108.0,274.0,,292.0,False,MEDIUM,22.0,False,Mercedes,0 days 01:03:18.132000,,1,2.0,,,False,False,2021,7,French Grand Prix
0 days 01:06:58.689000,HAM,44,0 days 00:01:41.873000,20.0,2.0,0 days 01:05:17.562000,,0 days 00:00:29.276000,0 days 00:00:29.105000,0 days 00:00:43.492000,0 days 01:05:46.111000,0 days 01:06:15.216000,0 days 01:06:58.708000,111.0,278.0,291.0,305.0,False,HARD,1.0,True,Mercedes,0 days 01:05:16.816000,,1,3.0,,,False,False,2021,7,French Grand Prix
0 days 01:13:44.063000,PER,11,0 days 00:01:58.410000,24.0,1.0,,0 days 01:13:15.208000,0 days 00:00:25.413000,0 days 00:00:29.768000,0 days 00:01:03.229000,0 days 01:12:11.075000,0 days 01:12:40.843000,0 days 01:13:44.072000,101.0,278.0,,295.0,False,MEDIUM,27.0,False,Red Bull Racing,0 days 01:11:45.653000,,1,4.0,,,False,False,2021,7,French Grand Prix
0 days 01:15:25.608000,PER,11,0 days 00:01:41.545000,25.0,2.0,0 days 01:13:44.939000,,0 days 00:00:28.904000,0 days 00:00:29.647000,0 days 00:00:42.994000,0 days 01:14:12.976000,0 days 01:14:42.623000,0 days 01:15:25.617000,106.0,276.0,294.0,295.0,False,HARD,1.0,True,Red Bull Racing,0 days 01:13:44.063000,,1,4.0,,,False,False,2021,7,French Grand Prix
0 days 01:02:04.783000,BOT,77,0 days 00:01:59.129000,17.0,1.0,,0 days 01:01:35.047000,0 days 00:00:25.279000,0 days 00:00:29.671000,0 days 00:01:04.179000,0 days 01:00:30.971000,0 days 01:01:00.642000,0 days 01:02:04.821000,102.0,275.0,,300.0,False,MEDIUM,20.0,False,Mercedes,0 days 01:00:05.654000,,1,4.0,,,False,False,2021,7,French Grand Prix
0 days 01:03:45.018000,BOT,77,0 days 00:01:40.235000,18.0,2.0,0 days 01:02:05.528000,,0 days 00:00:28.329000,0 days 00:00:29.007000,0 days 00:00:42.899000,0 days 01:02:33.150000,0 days 01:03:02.157000,0 days 01:03:45.056000,112.0,276.0,291.0,291.0,False,HARD,1.0,True,Mercedes,0 days 01:02:04.783000,,1,4.0,,,False,False,2021,7,French Grand Prix
0 days 01:14:14.804000,NOR,4,0 days 00:02:00.360000,24.0,1.0,,0 days 01:13:44.961000,0 days 00:00:25.608000,0 days 00:00:30.401000,0 days 00:01:04.351000,0 days 01:12:40.059000,0 days 01:13:10.460000,0 days 01:14:14.811000,101.0,275.0,,287.0,False,MEDIUM,29.0,False,McLaren,0 days 01:12:14.444000,,1,13.0,,,False,False,2021,7,French Grand Prix
0 days 01:15:58.058000,NOR,4,0 days 00:01:43.254000,25.0,2.0,0 days 01:14:15.580000,,0 days 00:00:28.916000,0 days 00:00:30.032000,0 days 00:00:44.306000,0 days 01:14:43.727000,0 days 01:15:13.759000,0 days 01:15:58.065000,110.0,275.0,290.0,291.0,False,HARD,1.0,True,McLaren,0 days 01:14:14.804000,,1,14.0,,,False,False,2021,7,French Grand Prix
0 days 01:00:50.897000,RIC,3,0 days 00:02:00.026000,16.0,1.0,,0 days 01:00:21.704000,0 days 00:00:25.707000,0 days 00:00:30.411000,0 days 00:01:03.908000,0 days 00:59:16.583000,0 days 00:59:46.994000,0 days 01:00:50.902000,99.0,276.0,,299.0,False,MEDIUM,21.0,False,McLaren,0 days 00:58:50.871000,,1,16.0,,,False,False,2021,7,French Grand Prix
0 days 01:02:32.934000,RIC,3,0 days 00:01:42.037000,17.0,2.0,0 days 01:00:51.653000,,0 days 00:00:28.457000,0 days 00:00:29.843000,0 days 00:00:43.737000,0 days 01:01:19.359000,0 days 01:01:49.202000,0 days 01:02:32.939000,112.0,276.0,294.0,293.0,False,HARD,1.0,True,McLaren,0 days 01:00:50.897000,,1,16.0,,,False,False,2021,7,French Grand Prix
0 days 01:02:32.266000,GAS,10,0 days 00:02:01.423000,17.0,1.0,,0 days 01:02:02.358000,0 days 00:00:25.742000,0 days 00:00:30.195000,0 days 00:01:05.486000,0 days 01:00:56.587000,0 days 01:01:26.782000,0 days 01:02:32.268000,98.0,276.0,,294.0,False,MEDIUM,22.0,False,AlphaTauri,0 days 01:00:30.843000,,1,15.0,,,False,False,2021,7,French Grand Prix
0 days 01:04:14.237000,GAS,10,0 days 00:01:41.971000,18.0,2.0,0 days 01:02:33.015000,,0 days 00:00:28.354000,0 days 00:00:29.547000,0 days 00:00:44.070000,0 days 01:03:00.622000,0 days 01:03:30.169000,0 days 01:04:14.239000,108.0,279.0,306.0,305.0,False,HARD,1.0,True,AlphaTauri,0 days 01:02:32.266000,,1,14.0,,,False,False,2021,7,French Grand Prix
0 days 01:04:20.739000,ALO,14,0 days 00:02:01.622000,18.0,1.0,,0 days 01:03:50.287000,0 days 00:00:25.597000,0 days 00:00:30.244000,0 days 00:01:05.781000,0 days 01:02:44.759000,0 days 01:03:15.003000,0 days 01:04:20.784000,97.0,270.0,,294.0,False,MEDIUM,21.0,False,Alpine,0 days 01:02:19.117000,,1,15.0,,,False,False,2021,7,French Grand Prix
0 days 01:06:02.674000,ALO,14,0 days 00:01:41.935000,19.0,2.0,0 days 01:04:21.483000,,0 days 00:00:28.693000,0 days 00:00:29.085000,0 days 00:00:44.157000,0 days 01:04:49.477000,0 days 01:05:18.562000,0 days 01:06:02.719000,112.0,271.0,289.0,313.0,False,HARD,1.0,True,Alpine,0 days 01:04:20.739000,,1,15.0,,,False,False,2021,7,French Grand Prix
0 days 01:36:00.397000,VET,5,0 days 00:01:59.971000,37.0,1.0,,0 days 01:35:30.164000,0 days 00:00:25.264000,0 days 00:00:29.652000,0 days 00:01:05.055000,0 days 01:34:25.725000,0 days 01:34:55.377000,0 days 01:36:00.432000,107.0,276.0,,290.0,False,HARD,37.0,True,Aston Martin,0 days 01:34:00.426000,,1,11.0,,,False,False,2021,7,French Grand Prix
0 days 01:37:42.441000,VET,5,0 days 00:01:42.044000,38.0,2.0,0 days 01:36:01.475000,,0 days 00:00:28.486000,0 days 00:00:29.528000,0 days 00:00:44.030000,0 days 01:36:28.918000,0 days 01:36:58.446000,0 days 01:37:42.476000,113.0,277.0,290.0,290.0,False,MEDIUM,4.0,False,Aston Martin,0 days 01:36:00.397000,,1,10.0,,,False,False,2021,7,French Grand Prix
0 days 01:31:08.286000,STR,18,0 days 00:02:00.727000,34.0,1.0,,0 days 01:30:38.350000,0 days 00:00:25.508000,0 days 00:00:30.346000,0 days 00:01:04.873000,0 days 01:29:33.107000,0 days 01:30:03.453000,0 days 01:31:08.326000,102.0,278.0,,296.0,False,HARD,34.0,True,Aston Martin,0 days 01:29:07.559000,,1,13.0,,,False,False,2021,7,French Grand Prix
0 days 01:32:50.536000,STR,18,0 days 00:01:42.250000,35.0,2.0,0 days 01:31:09.374000,,0 days 00:00:28.610000,0 days 00:00:29.711000,0 days 00:00:43.929000,0 days 01:31:36.936000,0 days 01:32:06.647000,0 days 01:32:50.576000,112.0,277.0,283.0,290.0,False,SOFT,1.0,True,Aston Martin,0 days 01:31:08.286000,,1,14.0,,,False,False,2021,7,French Grand Prix
0 days 01:02:30.423000,SAI,55,0 days 00:02:00.880000,17.0,1.0,,0 days 01:02:00.621000,0 days 00:00:25.710000,0 days 00:00:30.337000,0 days 00:01:04.833000,0 days 01:00:55.290000,0 days 01:01:25.627000,0 days 01:02:30.460000,105.0,270.0,,295.0,False,MEDIUM,20.0,False,Ferrari,0 days 01:00:29.543000,,1,13.0,,,False,False,2021,7,French Grand Prix
0 days 01:04:13.413000,SAI,55,0 days 00:01:42.990000,18.0,2.0,0 days 01:02:31.080000,,0 days 00:00:28.895000,0 days 00:00:29.982000,0 days 00:00:44.113000,0 days 01:02:59.355000,0 days 01:03:29.337000,0 days 01:04:13.450000,107.0,273.0,297.0,311.0,False,HARD,1.0,True,Ferrari,0 days 01:02:30.423000,,1,13.0,,,False,False,2021,7,French Grand Prix
0 days 01:02:47.269000,RUS,63,0 days 00:02:00.045000,17.0,1.0,,0 days 01:02:17.921000,0 days 00:00:25.826000,0 days 00:00:30.013000,0 days 00:01:04.206000,0 days 01:01:13.050000,0 days 01:01:43.063000,0 days 01:02:47.269000,100.0,276.0,,295.0,False,MEDIUM,17.0,True,Williams,0 days 01:00:47.224000,,1,19.0,,,False,False,2021,7,French Grand Prix
0 days 01:04:29.216000,RUS,63,0 days 00:01:41.947000,18.0,2.0,0 days 01:02:48.362000,,0 days 00:00:28.175000,0 days 00:00:29.511000,0 days 00:00:44.261000,0 days 01:03:15.444000,0 days 01:03:44.955000,0 days 01:04:29.216000,114.0,277.0,280.0,296.0,False,HARD,1.0,True,Williams,0 days 01:02:47.269000,,1,18.0,,,False,False,2021,7,French Grand Prix
0 days 00:35:22.264000,TSU,22,0 days 00:01:55.798000,1.0,1.0,0 days 00:33:32.588000,,,0 days 00:00:31.627000,0 days 00:00:46.377000,,0 days 00:34:35.955000,0 days 00:35:22.446000,110.0,280.0,299.0,301.0,False,MEDIUM,1.0,True,AlphaTauri,0 days 00:33:26.312000,,1,18.0,,,False,False,2021,7,French Grand Prix
0 days 00:59:21.890000,TSU,22,0 days 00:02:01.362000,15.0,1.0,,0 days 00:58:52.502000,0 days 00:00:25.907000,0 days 00:00:30.519000,0 days 00:01:04.936000,0 days 00:57:46.443000,0 days 00:58:16.962000,0 days 00:59:21.898000,100.0,274.0,,293.0,False,MEDIUM,15.0,True,AlphaTauri,0 days 00:57:20.528000,,1,19.0,,,False,False,2021,7,French Grand Prix
0 days 01:01:06.401000,TSU,22,0 days 00:01:44.511000,16.0,2.0,0 days 00:59:22.562000,,0 days 00:00:29.751000,0 days 00:00:30.209000,0 days 00:00:44.551000,0 days 00:59:51.649000,0 days 01:00:21.858000,0 days 01:01:06.409000,109.0,273.0,290.0,288.0,False,HARD,1.0,True,AlphaTauri,0 days 00:59:21.890000,,1,19.0,,,False,False,2021,7,French Grand Prix
0 days 01:21:16.967000,OCO,31,0 days 00:02:00.943000,28.0,1.0,,0 days 01:20:47.614000,0 days 00:00:25.946000,0 days 00:00:30.216000,0 days 00:01:04.781000,0 days 01:19:42.011000,0 days 01:20:12.227000,0 days 01:21:17.008000,99.0,273.0,,302.0,False,HARD,28.0,True,Alpine,0 days 01:19:16.024000,,1,16.0,,,False,False,2021,7,French Grand Prix
0 days 01:23:00.426000,OCO,31,0 days 00:01:43.459000,29.0,2.0,0 days 01:21:17.693000,,0 days 00:00:29.046000,0 days 00:00:29.934000,0 days 00:00:44.479000,0 days 01:21:46.054000,0 days 01:22:15.988000,0 days 01:23:00.467000,105.0,273.0,290.0,290.0,False,MEDIUM,4.0,False,Alpine,0 days 01:21:16.967000,,1,17.0,,,False,False,2021,7,French Grand Prix
0 days 01:21:18.430000,GIO,99,0 days 00:02:01.408000,28.0,1.0,,0 days 01:20:48.730000,0 days 00:00:25.900000,0 days 00:00:30.025000,0 days 00:01:05.483000,0 days 01:19:42.936000,0 days 01:20:12.961000,0 days 01:21:18.444000,99.0,275.0,,329.0,False,HARD,28.0,True,Alfa Romeo Racing,0 days 01:19:17.022000,,1,18.0,,,False,False,2021,7,French Grand Prix
0 days 01:23:01.450000,GIO,99,0 days 00:01:43.020000,29.0,2.0,0 days 01:21:19.151000,,0 days 00:00:28.748000,0 days 00:00:29.836000,0 days 00:00:44.436000,0 days 01:21:47.192000,0 days 01:22:17.028000,0 days 01:23:01.464000,108.0,276.0,292.0,304.0,False,MEDIUM,1.0,True,Alfa Romeo Racing,0 days 01:21:18.430000,,1,18.0,,,False,False,2021,7,French Grand Prix
0 days 00:57:30.288000,LEC,16,0 days 00:02:02.349000,14.0,1.0,,0 days 00:57:00.271000,0 days 00:00:26.130000,0 days 00:00:30.766000,0 days 00:01:05.453000,0 days 00:55:54.116000,0 days 00:56:24.882000,0 days 00:57:30.335000,106.0,276.0,,307.0,False,MEDIUM,17.0,False,Ferrari,0 days 00:55:27.939000,,1,18.0,,,False,False,2021,7,French Grand Prix
0 days 00:59:12.530000,LEC,16,0 days 00:01:42.242000,15.0,2.0,0 days 00:57:31.040000,,0 days 00:00:28.731000,0 days 00:00:29.230000,0 days 00:00:44.281000,0 days 00:57:59.066000,0 days 00:58:28.296000,0 days 00:59:12.577000,107.0,270.0,290.0,323.0,False,HARD,1.0,True,Ferrari,0 days 00:57:30.288000,,1,17.0,,,False,False,2021,7,French Grand Prix
0 days 01:37:59.989000,LEC,16,0 days 00:01:59.965000,38.0,2.0,,0 days 01:37:29.388000,0 days 00:00:25.235000,0 days 00:00:30.143000,0 days 00:01:04.587000,0 days 01:36:25.306000,0 days 01:36:55.449000,0 days 01:38:00.036000,100.0,274.0,,302.0,False,HARD,24.0,True,Ferrari,0 days 01:36:00.024000,,1,16.0,,,False,False,2021,7,French Grand Prix
0 days 01:39:41.970000,LEC,16,0 days 00:01:41.981000,39.0,3.0,0 days 01:38:01.090000,,0 days 00:00:28.648000,0 days 00:00:29.632000,0 days 00:00:43.701000,0 days 01:38:28.684000,0 days 01:38:58.316000,0 days 01:39:42.017000,112.0,275.0,294.0,306.0,False,MEDIUM,4.0,False,Ferrari,0 days 01:37:59.989000,,1,16.0,,,False,False,2021,7,French Grand Prix
0 days 01:29:49.613000,RAI,7,0 days 00:02:02.988000,33.0,1.0,,0 days 01:29:19.150000,0 days 00:00:26.198000,0 days 00:00:31.114000,0 days 00:01:05.676000,0 days 01:28:12.840000,0 days 01:28:43.954000,0 days 01:29:49.630000,97.0,271.0,,306.0,False,HARD,33.0,True,Alfa Romeo Racing,0 days 01:27:46.625000,,1,18.0,,,False,False,2021,7,French Grand Prix
0 days 01:31:30.519000,RAI,7,0 days 00:01:40.906000,34.0,2.0,0 days 01:29:50.357000,,0 days 00:00:28.348000,0 days 00:00:29.493000,0 days 00:00:43.065000,0 days 01:30:17.978000,0 days 01:30:47.471000,0 days 01:31:30.536000,104.0,274.0,301.0,299.0,False,MEDIUM,1.0,True,Alfa Romeo Racing,0 days 01:29:49.613000,,1,18.0,,,False,False,2021,7,French Grand Prix
0 days 01:04:30.931000,LAT,6,0 days 00:02:00.899000,18.0,1.0,,0 days 01:04:02.090000,0 days 00:00:25.823000,0 days 00:00:30.784000,0 days 00:01:04.292000,0 days 01:02:55.868000,0 days 01:03:26.652000,0 days 01:04:30.944000,105.0,278.0,,293.0,False,MEDIUM,18.0,True,Williams,0 days 01:02:30.032000,,1,19.0,,,False,False,2021,7,French Grand Prix
0 days 01:06:13.654000,LAT,6,0 days 00:01:42.723000,19.0,2.0,0 days 01:04:31.990000,,0 days 00:00:28.803000,0 days 00:00:29.822000,0 days 00:00:44.098000,0 days 01:04:59.747000,0 days 01:05:29.569000,0 days 01:06:13.667000,115.0,276.0,285.0,289.0,False,HARD,1.0,True,Williams,0 days 01:04:30.931000,,1,19.0,,,False,False,2021,7,French Grand Prix
0 days 00:59:40.840000,MSC,47,0 days 00:02:03.242000,15.0,1.0,,0 days 00:59:11.648000,0 days 00:00:26.062000,0 days 00:00:30.743000,0 days 00:01:06.437000,0 days 00:58:03.699000,0 days 00:58:34.442000,0 days 00:59:40.879000,105.0,270.0,,300.0,False,MEDIUM,15.0,True,Haas F1 Team,0 days 00:57:37.598000,,1,20.0,,,False,False,2021,7,French Grand Prix
0 days 01:01:26.117000,MSC,47,0 days 00:01:45.277000,16.0,2.0,0 days 00:59:41.574000,,0 days 00:00:29.732000,0 days 00:00:30.643000,0 days 00:00:44.902000,0 days 01:00:10.611000,0 days 01:00:41.254000,0 days 01:01:26.156000,108.0,270.0,289.0,294.0,False,HARD,1.0,True,Haas F1 Team,0 days 00:59:40.840000,,1,20.0,,,False,False,2021,7,French Grand Prix
0 days 01:26:48.267000,MAZ,9,0 days 00:02:01.696000,31.0,1.0,,0 days 01:26:18.026000,0 days 00:00:25.991000,0 days 00:00:30.463000,0 days 00:01:05.242000,0 days 01:25:12.601000,0 days 01:25:43.064000,0 days 01:26:48.306000,105.0,273.0,,300.0,False,HARD,31.0,True,Haas F1 Team,0 days 01:24:46.571000,,1,20.0,,,False,False,2021,7,French Grand Prix
0 days 01:28:34.977000,MAZ,9,0 days 00:01:46.710000,32.0,2.0,0 days 01:26:49.004000,,0 days 00:00:31.246000,0 days 00:00:30.654000,0 days 00:00:44.810000,0 days 01:27:19.552000,0 days 01:27:50.206000,0 days 01:28:35.016000,112.0,273.0,293.0,303.0,False,MEDIUM,1.0,True,Haas F1 Team,0 days 01:26:48.267000,,1,20.0,,,False,False,2021,7,French Grand Prix
0 days 01:06:57.162000,VER,33,0 days 00:01:13.454000,29.0,1.0,,0 days 01:06:53.997000,0 days 00:00:17.507000,0 days 00:00:31.284000,0 days 00:00:24.663000,0 days 01:06:01.232000,0 days 01:06:32.516000,0 days 01:06:57.179000,301.0,229.0,,295.0,False,MEDIUM,34.0,False,Red Bull Racing,0 days 01:05:43.708000,,1,1.0,,,False,False,2021,8,Styrian Grand Prix
0 days 01:08:23.043000,VER,33,0 days 00:01:25.881000,30.0,2.0,0 days 01:07:14.900000,,0 days 00:00:34.020000,0 days 00:00:30.941000,0 days 00:00:20.920000,0 days 01:07:31.199000,0 days 01:08:02.140000,0 days 01:08:23.060000,295.0,234.0,273.0,294.0,False,HARD,1.0,True,Red Bull Racing,0 days 01:06:57.162000,,1,1.0,,,False,False,2021,8,Styrian Grand Prix
0 days 01:05:52.455000,HAM,44,0 days 00:01:13.529000,28.0,1.0,,0 days 01:05:49.153000,0 days 00:00:17.611000,0 days 00:00:31.572000,0 days 00:00:24.346000,0 days 01:04:56.549000,0 days 01:05:28.121000,0 days 01:05:52.467000,290.0,224.0,,287.0,False,MEDIUM,32.0,False,Mercedes,0 days 01:04:38.926000,,1,2.0,,,False,False,2021,8,Styrian Grand Prix
0 days 01:07:18.438000,HAM,44,0 days 00:01:25.983000,29.0,2.0,0 days 01:06:10.364000,,0 days 00:00:34.381000,0 days 00:00:30.802000,0 days 00:00:20.800000,0 days 01:06:26.848000,0 days 01:06:57.650000,0 days 01:07:18.450000,292.0,236.0,267.0,293.0,False,HARD,1.0,True,Mercedes,0 days 01:05:52.455000,,1,2.0,,,False,False,2021,8,Styrian Grand Prix
0 days 01:53:26.051000,HAM,44,0 days 00:01:13.177000,69.0,2.0,,0 days 01:53:22.751000,0 days 00:00:17.384000,0 days 00:00:31.130000,0 days 00:00:24.663000,0 days 01:52:30.270000,0 days 01:53:01.400000,0 days 01:53:26.063000,286.0,229.0,,284.0,False,HARD,41.0,True,Mercedes,0 days 01:52:12.874000,,1,2.0,,,False,False,2021,8,Styrian Grand Prix
0 days 01:54:53.442000,HAM,44,0 days 00:01:27.391000,70.0,3.0,0 days 01:53:44.408000,,0 days 00:00:34.700000,0 days 00:00:30.947000,0 days 00:00:21.744000,0 days 01:54:00.763000,0 days 01:54:31.710000,0 days 01:54:53.454000,299.0,237.0,276.0,289.0,False,SOFT,4.0,False,Mercedes,0 days 01:53:26.051000,,1,2.0,,,False,False,2021,8,Styrian Grand Prix
0 days 01:04:59.745000,BOT,77,0 days 00:01:12.657000,27.0,1.0,,0 days 01:04:56.424000,0 days 00:00:17.462000,0 days 00:00:31.141000,0 days 00:00:24.054000,0 days 01:04:04.613000,0 days 01:04:35.754000,0 days 01:04:59.808000,282.0,233.0,,288.0,False,MEDIUM,30.0,False,Mercedes,0 days 01:03:47.088000,,1,3.0,,,False,False,2021,8,Styrian Grand Prix
0 days 01:06:26.524000,BOT,77,0 days 00:01:26.779000,28.0,2.0,0 days 01:05:18.170000,,0 days 00:00:34.712000,0 days 00:00:31.228000,0 days 00:00:20.839000,0 days 01:05:34.520000,0 days 01:06:05.748000,0 days 01:06:26.587000,293.0,233.0,270.0,279.0,False,HARD,1.0,True,Mercedes,0 days 01:04:59.745000,,1,4.0,,,False,False,2021,8,Styrian Grand Prix
0 days 01:03:49.818000,PER,11,0 days 00:01:15.077000,26.0,1.0,,0 days 01:03:47.165000,0 days 00:00:17.839000,0 days 00:00:31.667000,0 days 00:00:25.571000,0 days 01:02:52.582000,0 days 01:03:24.249000,0 days 01:03:49.820000,292.0,225.0,,291.0,False,SOFT,29.0,False,Red Bull Racing,0 days 01:02:34.741000,,1,4.0,,,False,False,2021,8,Styrian Grand Prix
0 days 01:05:18.097000,PER,11,0 days 00:01:28.279000,27.0,2.0,0 days 01:04:10.147000,,0 days 00:00:36.586000,0 days 00:00:30.781000,0 days 00:00:20.912000,0 days 01:04:26.406000,0 days 01:04:57.187000,0 days 01:05:18.099000,292.0,234.0,272.0,294.0,False,HARD,1.0,True,Red Bull Racing,0 days 01:03:49.818000,,1,5.0,,,False,False,2021,8,Styrian Grand Prix
0 days 01:36:30.447000,PER,11,0 days 00:01:13.230000,54.0,2.0,,0 days 01:36:27.195000,0 days 00:00:17.566000,0 days 00:00:30.920000,0 days 00:00:24.744000,0 days 01:35:34.785000,0 days 01:36:05.705000,0 days 01:36:30.449000,301.0,231.0,,297.0,False,HARD,28.0,True,Red Bull Racing,0 days 01:35:17.217000,,1,4.0,,,False,False,2021,8,Styrian Grand Prix
0 days 01:37:54.929000,PER,11,0 days 00:01:24.482000,55.0,3.0,0 days 01:36:48.167000,,0 days 00:00:33.694000,0 days 00:00:30.211000,0 days 00:00:20.577000,0 days 01:37:04.143000,0 days 01:37:34.354000,0 days 01:37:54.931000,295.0,239.0,275.0,290.0,False,MEDIUM,1.0,True,Red Bull Racing,0 days 01:36:30.447000,,1,4.0,,,False,False,2021,8,Styrian Grand Prix
0 days 01:09:57.002000,NOR,4,0 days 00:01:14.670000,31.0,1.0,,0 days 01:09:53.727000,0 days 00:00:17.740000,0 days 00:00:31.746000,0 days 00:00:25.184000,0 days 01:09:00.083000,0 days 01:09:31.829000,0 days 01:09:57.013000,285.0,227.0,,290.0,False,SOFT,34.0,False,McLaren,0 days 01:08:42.332000,,1,5.0,,,False,False,2021,8,Styrian Grand Prix
0 days 01:11:26.167000,NOR,4,0 days 00:01:29.165000,32.0,2.0,0 days 01:10:15.658000,,0 days 00:00:35.068000,0 days 00:00:31.863000,0 days 00:00:22.234000,0 days 01:10:32.081000,0 days 01:11:03.944000,0 days 01:11:26.178000,294.0,221.0,271.0,304.0,False,HARD,1.0,True,McLaren,0 days 01:09:57.002000,,1,6.0,,,False,False,2021,8,Styrian Grand Prix
0 days 01:21:52.451000,SAI,55,0 days 00:01:14.124000,41.0,1.0,,0 days 01:21:49.235000,0 days 00:00:17.618000,0 days 00:00:31.433000,0 days 00:00:25.073000,0 days 01:20:55.972000,0 days 01:21:27.405000,0 days 01:21:52.478000,296.0,228.0,,299.0,False,MEDIUM,41.0,True,Ferrari,0 days 01:20:38.327000,,1,5.0,,,False,False,2021,8,Styrian Grand Prix
0 days 01:23:19.131000,SAI,55,0 days 00:01:26.680000,42.0,2.0,0 days 01:22:10.425000,,0 days 00:00:34.185000,0 days 00:00:31.140000,0 days 00:00:21.355000,0 days 01:22:26.663000,0 days 01:22:57.803000,0 days 01:23:19.158000,298.0,231.0,279.0,301.0,False,HARD,1.0,True,Ferrari,0 days 01:21:52.451000,,1,7.0,,,False,False,2021,8,Styrian Grand Prix
0 days 00:34:26.208000,LEC,16,0 days 00:01:20.376000,1.0,1.0,,0 days 00:34:22.946000,,0 days 00:00:32.472000,0 days 00:00:25.907000,,0 days 00:34:00.452000,0 days 00:34:26.295000,298.0,216.0,,308.0,False,SOFT,4.0,False,Ferrari,0 days 00:33:05.677000,,12,14.0,,,False,False,2021,8,Styrian Grand Prix
0 days 00:36:01.050000,LEC,16,0 days 00:01:34.842000,2.0,2.0,0 days 00:34:51.329000,,0 days 00:00:41.850000,0 days 00:00:31.543000,0 days 00:00:21.449000,0 days 00:35:08.122000,0 days 00:35:39.665000,0 days 00:36:01.114000,291.0,228.0,268.0,290.0,False,HARD,1.0,True,Ferrari,0 days 00:34:26.208000,,1,18.0,,,False,False,2021,8,Styrian Grand Prix
0 days 01:17:26.400000,LEC,16,0 days 00:01:13.991000,37.0,2.0,,0 days 01:17:23.168000,0 days 00:00:17.388000,0 days 00:00:31.812000,0 days 00:00:24.791000,0 days 01:16:29.861000,0 days 01:17:01.673000,0 days 01:17:26.464000,306.0,220.0,,303.0,False,HARD,36.0,True,Ferrari,0 days 01:16:12.409000,,1,8.0,,,False,False,2021,8,Styrian Grand Prix
0 days 01:18:52.900000,LEC,16,0 days 00:01:26.500000,38.0,3.0,0 days 01:17:45.057000,,0 days 00:00:34.906000,0 days 00:00:30.470000,0 days 00:00:21.124000,0 days 01:18:01.370000,0 days 01:18:31.840000,0 days 01:18:52.964000,298.0,238.0,272.0,295.0,False,MEDIUM,1.0,True,Ferrari,0 days 01:17:26.400000,,1,14.0,,,False,False,2021,8,Styrian Grand Prix
0 days 01:06:38.630000,STR,18,0 days 00:01:14.631000,28.0,1.0,,0 days 01:06:35.688000,0 days 00:00:17.817000,0 days 00:00:31.857000,0 days 00:00:24.957000,0 days 01:05:41.883000,0 days 01:06:13.740000,0 days 01:06:38.697000,285.0,222.0,,284.0,False,SOFT,31.0,False,Aston Martin,0 days 01:05:23.999000,,1,7.0,,,False,False,2021,8,Styrian Grand Prix
0 days 01:08:05.107000,STR,18,0 days 00:01:26.477000,29.0,2.0,0 days 01:06:56.604000,,0 days 00:00:33.899000,0 days 00:00:31.177000,0 days 00:00:21.401000,0 days 01:07:12.596000,0 days 01:07:43.773000,0 days 01:08:05.174000,289.0,226.0,269.0,285.0,False,HARD,1.0,True,Aston Martin,0 days 01:06:38.630000,,1,11.0,,,False,False,2021,8,Styrian Grand Prix
0 days 01:05:28.773000,ALO,14,0 days 00:01:15.012000,27.0,1.0,,0 days 01:05:25.517000,0 days 00:00:17.681000,0 days 00:00:32.127000,0 days 00:00:25.204000,0 days 01:04:31.502000,0 days 01:05:03.629000,0 days 01:05:28.833000,294.0,218.0,,293.0,False,SOFT,30.0,False,Alpine,0 days 01:04:13.761000,,1,8.0,,,False,False,2021,8,Styrian Grand Prix
0 days 01:06:55.849000,ALO,14,0 days 00:01:27.076000,28.0,2.0,0 days 01:05:46.625000,,0 days 00:00:33.994000,0 days 00:00:31.588000,0 days 00:00:21.494000,0 days 01:06:02.827000,0 days 01:06:34.415000,0 days 01:06:55.909000,293.0,226.0,269.0,291.0,False,HARD,1.0,True,Alpine,0 days 01:05:28.773000,,1,12.0,,,False,False,2021,8,Styrian Grand Prix
0 days 01:04:19.393000,TSU,22,0 days 00:01:14.591000,26.0,1.0,,0 days 01:04:16.156000,0 days 00:00:17.732000,0 days 00:00:32.185000,0 days 00:00:24.674000,0 days 01:03:22.542000,0 days 01:03:54.727000,0 days 01:04:19.401000,290.0,227.0,,297.0,False,SOFT,29.0,False,AlphaTauri,0 days 01:03:04.802000,,1,11.0,,,False,False,2021,8,Styrian Grand Prix
0 days 01:05:46.385000,TSU,22,0 days 00:01:26.992000,27.0,2.0,0 days 01:04:37.364000,,0 days 00:00:34.492000,0 days 00:00:31.336000,0 days 00:00:21.164000,0 days 01:04:53.893000,0 days 01:05:25.229000,0 days 01:05:46.393000,291.0,232.0,273.0,294.0,False,HARD,1.0,True,AlphaTauri,0 days 01:04:19.393000,,1,14.0,,,False,False,2021,8,Styrian Grand Prix
0 days 01:16:14.043000,RAI,7,0 days 00:01:14.571000,36.0,1.0,,0 days 01:16:10.789000,0 days 00:00:17.632000,0 days 00:00:31.637000,0 days 00:00:25.302000,0 days 01:15:17.157000,0 days 01:15:48.794000,0 days 01:16:14.096000,289.0,225.0,,294.0,False,HARD,36.0,True,Alfa Romeo Racing,0 days 01:14:59.472000,,1,9.0,,,False,False,2021,8,Styrian Grand Prix
0 days 01:17:41.266000,RAI,7,0 days 00:01:27.223000,37.0,2.0,0 days 01:16:32.057000,,0 days 00:00:34.209000,0 days 00:00:31.276000,0 days 00:00:21.738000,0 days 01:16:48.305000,0 days 01:17:19.581000,0 days 01:17:41.319000,289.0,221.0,271.0,291.0,False,MEDIUM,1.0,True,Alfa Romeo Racing,0 days 01:16:14.043000,,1,14.0,,,False,False,2021,8,Styrian Grand Prix
0 days 01:05:32.543000,VET,5,0 days 00:01:14.363000,27.0,1.0,,0 days 01:05:29.586000,0 days 00:00:17.394000,0 days 00:00:31.892000,0 days 00:00:25.077000,0 days 01:04:35.632000,0 days 01:05:07.524000,0 days 01:05:32.601000,303.0,223.0,,304.0,False,MEDIUM,27.0,True,Aston Martin,0 days 01:04:18.180000,,1,12.0,,,False,False,2021,8,Styrian Grand Prix
0 days 01:06:59.316000,VET,5,0 days 00:01:26.773000,28.0,2.0,0 days 01:05:50.824000,,0 days 00:00:34.308000,0 days 00:00:31.196000,0 days 00:00:21.269000,0 days 01:06:06.909000,0 days 01:06:38.105000,0 days 01:06:59.374000,292.0,226.0,275.0,284.0,False,HARD,1.0,True,Aston Martin,0 days 01:05:32.543000,,1,14.0,,,False,False,2021,8,Styrian Grand Prix
0 days 01:22:07.953000,RIC,3,0 days 00:01:14.260000,41.0,1.0,,0 days 01:22:04.718000,0 days 00:00:17.729000,0 days 00:00:31.705000,0 days 00:00:24.826000,0 days 01:21:11.424000,0 days 01:21:43.129000,0 days 01:22:07.955000,285.0,232.0,,291.0,False,MEDIUM,41.0,True,McLaren,0 days 01:20:53.693000,,1,8.0,,,False,False,2021,8,Styrian Grand Prix
0 days 01:23:36.215000,RIC,3,0 days 00:01:28.262000,42.0,2.0,0 days 01:22:26.232000,,0 days 00:00:34.512000,0 days 00:00:32.076000,0 days 00:00:21.674000,0 days 01:22:42.467000,0 days 01:23:14.543000,0 days 01:23:36.217000,305.0,226.0,268.0,289.0,False,HARD,1.0,True,McLaren,0 days 01:22:07.953000,,1,15.0,,,False,False,2021,8,Styrian Grand Prix
0 days 01:16:17.963000,OCO,31,0 days 00:01:14.260000,36.0,1.0,,0 days 01:16:14.721000,0 days 00:00:17.619000,0 days 00:00:31.776000,0 days 00:00:24.865000,0 days 01:15:21.378000,0 days 01:15:53.154000,0 days 01:16:18.019000,296.0,229.0,,295.0,False,MEDIUM,36.0,True,Alpine,0 days 01:15:03.703000,,1,11.0,,,False,False,2021,8,Styrian Grand Prix
0 days 01:17:44.326000,OCO,31,0 days 00:01:26.363000,37.0,2.0,0 days 01:16:35.943000,,0 days 00:00:34.408000,0 days 00:00:30.810000,0 days 00:00:21.145000,0 days 01:16:52.427000,0 days 01:17:23.237000,0 days 01:17:44.382000,290.0,235.0,272.0,292.0,False,HARD,1.0,True,Alpine,0 days 01:16:17.963000,,1,15.0,,,False,False,2021,8,Styrian Grand Prix
0 days 01:00:53.599000,GIO,99,0 days 00:01:15.053000,23.0,1.0,,0 days 01:00:50.356000,0 days 00:00:17.737000,0 days 00:00:31.872000,0 days 00:00:25.444000,0 days 00:59:56.306000,0 days 01:00:28.178000,0 days 01:00:53.622000,301.0,231.0,,295.0,False,MEDIUM,23.0,True,Alfa Romeo Racing,0 days 00:59:38.546000,,1,16.0,,,False,False,2021,8,Styrian Grand Prix
0 days 01:02:21.460000,GIO,99,0 days 00:01:27.861000,24.0,2.0,0 days 01:01:11.555000,,0 days 00:00:34.658000,0 days 00:00:31.714000,0 days 00:00:21.489000,0 days 01:01:28.280000,0 days 01:01:59.994000,0 days 01:02:21.483000,294.0,226.0,271.0,284.0,False,HARD,1.0,True,Alfa Romeo Racing,0 days 01:00:53.599000,,1,17.0,,,False,False,2021,8,Styrian Grand Prix
0 days 01:13:12.595000,MSC,47,0 days 00:01:14.883000,33.0,1.0,,0 days 01:13:09.318000,0 days 00:00:17.793000,0 days 00:00:31.955000,0 days 00:00:25.135000,0 days 01:12:15.570000,0 days 01:12:47.525000,0 days 01:13:12.660000,297.0,225.0,,295.0,False,MEDIUM,33.0,True,Haas F1 Team,0 days 01:11:57.712000,,1,16.0,,,False,False,2021,8,Styrian Grand Prix
0 days 01:14:42.230000,MSC,47,0 days 00:01:29.635000,34.0,2.0,0 days 01:13:31.736000,,0 days 00:00:35.963000,0 days 00:00:31.977000,0 days 00:00:21.695000,0 days 01:13:48.623000,0 days 01:14:20.600000,0 days 01:14:42.295000,294.0,226.0,272.0,294.0,False,HARD,1.0,True,Haas F1 Team,0 days 01:13:12.595000,,1,17.0,,,False,False,2021,8,Styrian Grand Prix
0 days 00:35:01.624000,LAT,6,0 days 00:01:55.792000,1.0,1.0,,0 days 00:34:58.406000,,0 days 00:00:44.977000,0 days 00:00:47.582000,,0 days 00:34:14.081000,0 days 00:35:01.889000,285.0,112.0,,190.0,False,MEDIUM,1.0,True,Williams,0 days 00:33:05.677000,,12,19.0,,,False,False,2021,8,Styrian Grand Prix
0 days 00:36:35.095000,LAT,6,0 days 00:01:33.471000,2.0,2.0,0 days 00:35:24.781000,,0 days 00:00:40.087000,0 days 00:00:31.767000,0 days 00:00:21.617000,0 days 00:35:41.711000,0 days 00:36:13.478000,0 days 00:36:35.095000,294.0,234.0,270.0,298.0,False,SOFT,1.0,True,Williams,0 days 00:35:01.624000,,1,19.0,,,False,False,2021,8,Styrian Grand Prix
0 days 01:04:13.929000,LAT,6,0 days 00:01:15.151000,25.0,2.0,,0 days 01:04:10.676000,0 days 00:00:17.976000,0 days 00:00:32.224000,0 days 00:00:24.951000,0 days 01:03:16.754000,0 days 01:03:48.978000,0 days 01:04:13.929000,285.0,224.0,,289.0,False,SOFT,24.0,True,Williams,0 days 01:02:58.778000,,1,19.0,,,False,False,2021,8,Styrian Grand Prix
0 days 01:05:42.321000,LAT,6,0 days 00:01:28.392000,26.0,3.0,0 days 01:04:32.661000,,0 days 00:00:35.296000,0 days 00:00:31.713000,0 days 00:00:21.383000,0 days 01:04:49.225000,0 days 01:05:20.938000,0 days 01:05:42.321000,298.0,233.0,274.0,287.0,False,HARD,1.0,True,Williams,0 days 01:04:13.929000,,1,19.0,,,False,False,2021,8,Styrian Grand Prix
0 days 00:58:43.732000,MAZ,9,0 days 00:01:16.100000,21.0,1.0,,0 days 00:58:40.475000,0 days 00:00:17.867000,0 days 00:00:32.477000,0 days 00:00:25.756000,0 days 00:57:45.534000,0 days 00:58:18.011000,0 days 00:58:43.767000,292.0,220.0,,294.0,False,MEDIUM,21.0,True,Haas F1 Team,0 days 00:57:27.632000,,1,18.0,,,False,False,2021,8,Styrian Grand Prix
0 days 01:00:15.611000,MAZ,9,0 days 00:01:31.879000,22.0,2.0,0 days 00:59:03.235000,,0 days 00:00:36.383000,0 days 00:00:33.284000,0 days 00:00:22.212000,0 days 00:59:20.150000,0 days 00:59:53.434000,0 days 01:00:15.646000,290.0,219.0,269.0,259.0,False,HARD,1.0,True,Haas F1 Team,0 days 00:58:43.732000,,1,18.0,,,False,False,2021,8,Styrian Grand Prix
0 days 01:03:06.647000,RUS,63,0 days 00:01:14.570000,25.0,1.0,,0 days 01:03:03.392000,0 days 00:00:17.526000,0 days 00:00:32.314000,0 days 00:00:24.730000,0 days 01:02:09.616000,0 days 01:02:41.930000,0 days 01:03:06.660000,301.0,220.0,,310.0,False,MEDIUM,25.0,True,Williams,0 days 01:01:52.077000,,1,11.0,,,False,False,2021,8,Styrian Grand Prix
0 days 01:04:52.952000,RUS,63,0 days 00:01:46.305000,26.0,2.0,0 days 01:03:40.802000,0 days 01:04:49.717000,0 days 00:00:50.657000,0 days 00:00:31.465000,0 days 00:00:24.183000,0 days 01:03:57.317000,0 days 01:04:28.782000,0 days 01:04:52.965000,297.0,229.0,,289.0,False,HARD,1.0,True,Williams,0 days 01:03:06.647000,,1,17.0,,,False,False,2021,8,Styrian Grand Prix
0 days 01:06:45.207000,RUS,63,0 days 00:01:52.255000,27.0,3.0,0 days 01:05:36.011000,,0 days 00:00:59.207000,0 days 00:00:31.730000,0 days 00:00:21.318000,0 days 01:05:52.172000,0 days 01:06:23.902000,0 days 01:06:45.220000,309.0,223.0,276.0,318.0,False,HARD,2.0,False,Williams,0 days 01:04:52.952000,,1,18.0,,,False,False,2021,8,Styrian Grand Prix
0 days 01:17:31.286000,RUS,63,0 days 00:01:18.351000,36.0,3.0,,0 days 01:17:30.900000,0 days 00:00:17.148000,0 days 00:00:32.473000,0 days 00:00:28.730000,0 days 01:16:30.096000,0 days 01:17:02.569000,0 days 01:17:31.299000,322.0,222.0,,294.0,False,HARD,11.0,False,Williams,0 days 01:16:12.935000,,1,18.0,,,False,False,2021,8,Styrian Grand Prix
0 days 00:35:09.605000,GAS,10,0 days 00:02:03.661000,1.0,1.0,,0 days 00:35:05.286000,,0 days 00:00:51.869000,0 days 00:00:49.376000,,0 days 00:34:20.229000,0 days 00:35:09.947000,233.0,156.0,,174.0,False,SOFT,4.0,False,AlphaTauri,0 days 00:33:05.677000,,12,20.0,,,False,False,2021,8,Styrian Grand Prix
0 days 01:40:46.271000,VER,33,0 days 00:01:13.134000,32.0,1.0,,0 days 01:40:43.035000,0 days 00:00:17.401000,0 days 00:00:31.087000,0 days 00:00:24.646000,0 days 01:39:50.547000,0 days 01:40:21.634000,0 days 01:40:46.280000,305.0,231.0,,298.0,False,MEDIUM,35.0,False,Red Bull Racing,0 days 01:39:33.137000,,1,1.0,,,False,False,2021,9,Austrian Grand Prix
0 days 01:42:11.722000,VER,33,0 days 00:01:25.451000,33.0,2.0,0 days 01:41:04.190000,,0 days 00:00:34.067000,0 days 00:00:30.486000,0 days 00:00:20.898000,0 days 01:41:20.347000,0 days 01:41:50.833000,0 days 01:42:11.731000,295.0,235.0,273.0,292.0,False,HARD,1.0,True,Red Bull Racing,0 days 01:40:46.271000,,1,1.0,,,False,False,2021,9,Austrian Grand Prix
0 days 02:13:07.037000,VER,33,0 days 00:01:11.722000,60.0,2.0,,0 days 02:13:03.809000,0 days 00:00:17.154000,0 days 00:00:30.522000,0 days 00:00:24.046000,0 days 02:12:12.478000,0 days 02:12:43,0 days 02:13:07.046000,303.0,237.0,,299.0,False,HARD,28.0,True,Red Bull Racing,0 days 02:11:55.315000,,1,1.0,,,False,False,2021,9,Austrian Grand Prix
0 days 02:14:32.127000,VER,33,0 days 00:01:25.090000,61.0,3.0,0 days 02:13:25.110000,,0 days 00:00:34.149000,0 days 00:00:30.166000,0 days 00:00:20.775000,0 days 02:13:41.195000,0 days 02:14:11.361000,0 days 02:14:32.136000,295.0,240.0,279.0,308.0,False,HARD,1.0,True,Red Bull Racing,0 days 02:13:07.037000,,1,1.0,,,False,False,2021,9,Austrian Grand Prix
0 days 01:38:45.373000,BOT,77,0 days 00:01:13.539000,30.0,1.0,,0 days 01:38:42.092000,0 days 00:00:17.638000,0 days 00:00:31.256000,0 days 00:00:24.645000,0 days 01:37:49.507000,0 days 01:38:20.763000,0 days 01:38:45.408000,286.0,231.0,,287.0,False,MEDIUM,33.0,False,Mercedes,0 days 01:37:31.834000,,1,4.0,,,False,False,2021,9,Austrian Grand Prix
0 days 01:40:11.975000,BOT,77,0 days 00:01:26.602000,31.0,2.0,0 days 01:39:03.155000,,0 days 00:00:34.030000,0 days 00:00:31.268000,0 days 00:00:21.304000,0 days 01:39:19.438000,0 days 01:39:50.706000,0 days 01:40:12.010000,293.0,231.0,271.0,284.0,False,HARD,1.0,True,Mercedes,0 days 01:38:45.373000,,1,3.0,,,False,False,2021,9,Austrian Grand Prix
0 days 01:38:43.472000,NOR,4,0 days 00:01:13.463000,30.0,1.0,,0 days 01:38:40.273000,0 days 00:00:17.650000,0 days 00:00:31.128000,0 days 00:00:24.685000,0 days 01:37:47.669000,0 days 01:38:18.797000,0 days 01:38:43.482000,287.0,231.0,,290.0,False,MEDIUM,33.0,False,McLaren,0 days 01:37:30.009000,,1,3.0,,,False,False,2021,9,Austrian Grand Prix
0 days 01:40:15.018000,NOR,4,0 days 00:01:31.546000,31.0,2.0,0 days 01:39:06.720000,,0 days 00:00:39.529000,0 days 00:00:30.815000,0 days 00:00:21.202000,0 days 01:39:23.011000,0 days 01:39:53.826000,0 days 01:40:15.028000,292.0,236.0,271.0,293.0,False,HARD,1.0,True,McLaren,0 days 01:38:43.472000,,1,4.0,,,False,False,2021,9,Austrian Grand Prix
0 days 01:39:49.291000,HAM,44,0 days 00:01:13.627000,31.0,1.0,,0 days 01:39:46.030000,0 days 00:00:17.685000,0 days 00:00:31.420000,0 days 00:00:24.522000,0 days 01:38:53.368000,0 days 01:39:24.788000,0 days 01:39:49.310000,288.0,224.0,,284.0,False,MEDIUM,34.0,False,Mercedes,0 days 01:38:35.664000,,1,2.0,,,False,False,2021,9,Austrian Grand Prix
0 days 01:41:15.610000,HAM,44,0 days 00:01:26.319000,32.0,2.0,0 days 01:40:07.009000,,0 days 00:00:34.351000,0 days 00:00:30.954000,0 days 00:00:21.014000,0 days 01:40:23.661000,0 days 01:40:54.615000,0 days 01:41:15.629000,289.0,227.0,270.0,285.0,False,HARD,1.0,True,Mercedes,0 days 01:39:49.291000,,1,2.0,,,False,False,2021,9,Austrian Grand Prix
0 days 02:05:36.031000,HAM,44,0 days 00:01:13.847000,53.0,2.0,,0 days 02:05:33.537000,0 days 00:00:17.093000,0 days 00:00:31.902000,0 days 00:00:24.852000,0 days 02:04:39.296000,0 days 02:05:11.198000,0 days 02:05:36.050000,312.0,219.0,,306.0,False,HARD,22.0,True,Mercedes,0 days 02:04:22.184000,,1,4.0,,,False,False,2021,9,Austrian Grand Prix
0 days 02:07:01.377000,HAM,44,0 days 00:01:25.346000,54.0,3.0,0 days 02:05:54.200000,,0 days 00:00:34.599000,0 days 00:00:30.273000,0 days 00:00:20.474000,0 days 02:06:10.649000,0 days 02:06:40.922000,0 days 02:07:01.396000,290.0,240.0,274.0,292.0,False,HARD,1.0,True,Mercedes,0 days 02:05:36.031000,,1,4.0,,,False,False,2021,9,Austrian Grand Prix
0 days 02:00:11.240000,SAI,55,0 days 00:01:13.405000,48.0,1.0,,0 days 02:00:08.020000,0 days 00:00:17.562000,0 days 00:00:31.280000,0 days 00:00:24.563000,0 days 01:59:15.424000,0 days 01:59:46.704000,0 days 02:00:11.267000,300.0,231.0,,301.0,False,HARD,48.0,True,Ferrari,0 days 01:58:57.835000,,1,5.0,,,False,False,2021,9,Austrian Grand Prix
0 days 02:01:37.452000,SAI,55,0 days 00:01:26.212000,49.0,2.0,0 days 02:00:29.427000,,0 days 00:00:34.211000,0 days 00:00:30.800000,0 days 00:00:21.201000,0 days 02:00:45.478000,0 days 02:01:16.278000,0 days 02:01:37.479000,310.0,232.0,276.0,322.0,False,MEDIUM,4.0,False,Ferrari,0 days 02:00:11.240000,,1,8.0,,,False,False,2021,9,Austrian Grand Prix
0 days 01:41:31.586000,PER,11,0 days 00:01:13.971000,32.0,1.0,,0 days 01:41:28.436000,0 days 00:00:17.300000,0 days 00:00:31.750000,0 days 00:00:24.921000,0 days 01:40:34.918000,0 days 01:41:06.668000,0 days 01:41:31.589000,321.0,226.0,,319.0,False,MEDIUM,35.0,False,Red Bull Racing,0 days 01:40:17.615000,,1,7.0,,,False,False,2021,9,Austrian Grand Prix
0 days 01:42:57.085000,PER,11,0 days 00:01:25.499000,33.0,2.0,0 days 01:41:50.148000,,0 days 00:00:34.482000,0 days 00:00:30.184000,0 days 00:00:20.833000,0 days 01:42:06.071000,0 days 01:42:36.255000,0 days 01:42:57.088000,291.0,238.0,272.0,290.0,False,HARD,1.0,True,Red Bull Racing,0 days 01:41:31.586000,,1,10.0,,,False,False,2021,9,Austrian Grand Prix
0 days 01:37:58.925000,RIC,3,0 days 00:01:13.401000,29.0,1.0,,0 days 01:37:55.732000,0 days 00:00:17.693000,0 days 00:00:31.067000,0 days 00:00:24.641000,0 days 01:37:03.225000,0 days 01:37:34.292000,0 days 01:37:58.933000,285.0,235.0,,286.0,False,MEDIUM,29.0,True,McLaren,0 days 01:36:45.524000,,1,7.0,,,False,False,2021,9,Austrian Grand Prix
0 days 01:39:24.814000,RIC,3,0 days 00:01:25.889000,30.0,2.0,0 days 01:38:16.872000,,0 days 00:00:33.969000,0 days 00:00:30.836000,0 days 00:00:21.084000,0 days 01:38:32.902000,0 days 01:39:03.738000,0 days 01:39:24.822000,294.0,236.0,273.0,289.0,False,HARD,1.0,True,McLaren,0 days 01:37:58.925000,,1,12.0,,,False,False,2021,9,Austrian Grand Prix
0 days 01:43:51.196000,LEC,16,0 days 00:01:13.495000,34.0,1.0,,0 days 01:43:47.934000,0 days 00:00:17.741000,0 days 00:00:31.259000,0 days 00:00:24.495000,0 days 01:42:55.508000,0 days 01:43:26.767000,0 days 01:43:51.262000,302.0,231.0,,300.0,False,MEDIUM,37.0,False,Ferrari,0 days 01:42:37.701000,,1,6.0,,,False,False,2021,9,Austrian Grand Prix
0 days 01:45:16.813000,LEC,16,0 days 00:01:25.617000,35.0,2.0,0 days 01:44:09.069000,,0 days 00:00:34.115000,0 days 00:00:30.636000,0 days 00:00:20.866000,0 days 01:44:25.377000,0 days 01:44:56.013000,0 days 01:45:16.879000,300.0,235.0,276.0,301.0,False,HARD,1.0,True,Ferrari,0 days 01:43:51.196000,,1,10.0,,,False,False,2021,9,Austrian Grand Prix
0 days 01:19:08.294000,GAS,10,0 days 00:01:14.537000,13.0,1.0,,0 days 01:19:05.067000,0 days 00:00:17.777000,0 days 00:00:31.914000,0 days 00:00:24.846000,0 days 01:18:11.534000,0 days 01:18:43.448000,0 days 01:19:08.294000,294.0,228.0,,290.0,False,SOFT,16.0,False,AlphaTauri,0 days 01:17:53.757000,,1,5.0,,,False,False,2021,9,Austrian Grand Prix
0 days 01:20:36.590000,GAS,10,0 days 00:01:28.296000,14.0,2.0,0 days 01:19:27.627000,,0 days 00:00:35.407000,0 days 00:00:31.351000,0 days 00:00:21.538000,0 days 01:19:43.701000,0 days 01:20:15.052000,0 days 01:20:36.590000,295.0,234.0,274.0,294.0,False,HARD,1.0,True,AlphaTauri,0 days 01:19:08.294000,,1,18.0,,,False,False,2021,9,Austrian Grand Prix
0 days 01:56:52.450000,GAS,10,0 days 00:01:13.417000,45.0,2.0,,0 days 01:56:49.237000,0 days 00:00:17.423000,0 days 00:00:31.434000,0 days 00:00:24.560000,0 days 01:55:56.456000,0 days 01:56:27.890000,0 days 01:56:52.450000,296.0,232.0,,295.0,False,HARD,32.0,True,AlphaTauri,0 days 01:55:39.033000,,1,9.0,,,False,False,2021,9,Austrian Grand Prix
0 days 01:58:17.600000,GAS,10,0 days 00:01:25.150000,46.0,3.0,0 days 01:57:10.067000,,0 days 00:00:33.383000,0 days 00:00:30.750000,0 days 00:00:21.017000,0 days 01:57:25.833000,0 days 01:57:56.583000,0 days 01:58:17.600000,295.0,236.0,276.0,297.0,False,HARD,1.0,True,AlphaTauri,0 days 01:56:52.450000,,1,12.0,,,False,False,2021,9,Austrian Grand Prix
0 days 01:41:44.702000,ALO,14,0 days 00:01:14.052000,32.0,1.0,,0 days 01:41:41.452000,0 days 00:00:17.633000,0 days 00:00:31.507000,0 days 00:00:24.912000,0 days 01:40:48.350000,0 days 01:41:19.857000,0 days 01:41:44.769000,294.0,224.0,,294.0,False,MEDIUM,32.0,True,Alpine,0 days 01:40:30.650000,,1,11.0,,,False,False,2021,9,Austrian Grand Prix
0 days 01:43:12.025000,ALO,14,0 days 00:01:27.323000,33.0,2.0,0 days 01:42:04.132000,,0 days 00:00:35.453000,0 days 00:00:30.826000,0 days 00:00:21.044000,0 days 01:42:20.222000,0 days 01:42:51.048000,0 days 01:43:12.092000,293.0,229.0,271.0,292.0,False,HARD,1.0,True,Alpine,0 days 01:41:44.702000,,1,16.0,,,False,False,2021,9,Austrian Grand Prix
0 days 01:39:20.317000,RUS,63,0 days 00:01:13.410000,30.0,1.0,,0 days 01:39:17.103000,0 days 00:00:17.613000,0 days 00:00:31.451000,0 days 00:00:24.346000,0 days 01:38:24.528000,0 days 01:38:55.979000,0 days 01:39:20.325000,297.0,231.0,,291.0,False,MEDIUM,33.0,False,Williams,0 days 01:38:06.907000,,1,10.0,,,False,False,2021,9,Austrian Grand Prix
0 days 01:40:47.101000,RUS,63,0 days 00:01:26.784000,31.0,2.0,0 days 01:39:38.772000,,0 days 00:00:34.570000,0 days 00:00:31.039000,0 days 00:00:21.175000,0 days 01:39:54.895000,0 days 01:40:25.934000,0 days 01:40:47.109000,301.0,235.0,277.0,292.0,False,HARD,1.0,True,Williams,0 days 01:39:20.317000,,1,16.0,,,False,False,2021,9,Austrian Grand Prix
0 days 01:17:59.424000,TSU,22,0 days 00:01:14.338000,12.0,1.0,,0 days 01:17:56.159000,0 days 00:00:17.698000,0 days 00:00:31.837000,0 days 00:00:24.803000,0 days 01:17:02.791000,0 days 01:17:34.628000,0 days 01:17:59.431000,297.0,227.0,,298.0,False,SOFT,15.0,False,AlphaTauri,0 days 01:16:45.086000,,1,10.0,,,False,False,2021,9,Austrian Grand Prix
0 days 01:19:26.693000,TSU,22,0 days 00:01:27.269000,13.0,2.0,0 days 01:18:17.320000,,0 days 00:00:34.134000,0 days 00:00:31.460000,0 days 00:00:21.675000,0 days 01:18:33.565000,0 days 01:19:05.025000,0 days 01:19:26.700000,297.0,232.0,272.0,297.0,False,HARD,1.0,True,AlphaTauri,0 days 01:17:59.424000,,1,19.0,,,False,False,2021,9,Austrian Grand Prix
0 days 02:04:00.637000,TSU,22,0 days 00:01:12.567000,51.0,2.0,,0 days 02:03:57.419000,0 days 00:00:17.432000,0 days 00:00:31.204000,0 days 00:00:23.931000,0 days 02:03:05.509000,0 days 02:03:36.713000,0 days 02:04:00.644000,299.0,233.0,,302.0,False,HARD,39.0,True,AlphaTauri,0 days 02:02:48.070000,,1,9.0,,,False,False,2021,9,Austrian Grand Prix
0 days 02:05:33.499000,TSU,22,0 days 00:01:32.862000,52.0,3.0,0 days 02:04:23.991000,,0 days 00:00:39.379000,0 days 00:00:31.836000,0 days 00:00:21.647000,0 days 02:04:40.023000,0 days 02:05:11.859000,0 days 02:05:33.506000,297.0,229.0,284.0,318.0,False,HARD,1.0,True,AlphaTauri,0 days 02:04:00.637000,,1,14.0,,,False,False,2021,9,Austrian Grand Prix
0 days 01:20:23.665000,STR,18,0 days 00:01:14.676000,14.0,1.0,,0 days 01:20:20.750000,0 days 00:00:17.811000,0 days 00:00:32.076000,0 days 00:00:24.789000,0 days 01:19:26.859000,0 days 01:19:58.935000,0 days 01:20:23.724000,293.0,223.0,,285.0,False,SOFT,17.0,False,Aston Martin,0 days 01:19:08.989000,,1,9.0,,,False,False,2021,9,Austrian Grand Prix
0 days 01:21:51.078000,STR,18,0 days 00:01:27.413000,15.0,2.0,0 days 01:20:41.902000,,0 days 00:00:34.427000,0 days 00:00:31.340000,0 days 00:00:21.646000,0 days 01:20:58.151000,0 days 01:21:29.491000,0 days 01:21:51.137000,295.0,226.0,273.0,288.0,False,HARD,1.0,True,Aston Martin,0 days 01:20:23.665000,,1,19.0,,,False,False,2021,9,Austrian Grand Prix
0 days 01:58:23.091000,STR,18,0 days 00:01:14.296000,46.0,2.0,,0 days 01:58:20.169000,0 days 00:00:17.500000,0 days 00:00:32.280000,0 days 00:00:24.516000,0 days 01:57:26.354000,0 days 01:57:58.634000,0 days 01:58:23.150000,305.0,224.0,,313.0,False,HARD,32.0,True,Aston Martin,0 days 01:57:08.795000,,1,15.0,,,False,False,2021,9,Austrian Grand Prix
0 days 01:59:50.442000,STR,18,0 days 00:01:27.351000,47.0,3.0,0 days 01:58:41.372000,,0 days 00:00:34.277000,0 days 00:00:31.270000,0 days 00:00:21.804000,0 days 01:58:57.427000,0 days 01:59:28.697000,0 days 01:59:50.501000,303.0,226.0,284.0,306.0,False,HARD,1.0,True,Aston Martin,0 days 01:58:23.091000,,1,17.0,,,False,False,2021,9,Austrian Grand Prix
0 days 01:03:43.118000,GIO,99,0 days 00:01:47.502000,1.0,1.0,,0 days 01:03:42.894000,,0 days 00:00:34.039000,0 days 00:00:50.584000,,0 days 01:02:52.623000,0 days 01:03:43.279000,279.0,181.0,,306.0,False,MEDIUM,1.0,True,Alfa Romeo Racing,0 days 01:01:55.477000,,14,12.0,,,False,False,2021,9,Austrian Grand Prix
0 days 01:05:43.707000,GIO,99,0 days 00:02:00.589000,2.0,2.0,0 days 01:04:00.807000,,0 days 00:00:38.239000,0 days 00:00:42.577000,0 days 00:00:39.773000,0 days 01:04:21.375000,0 days 01:05:03.952000,0 days 01:05:43.725000,220.0,158.0,172.0,181.0,False,HARD,1.0,True,Alfa Romeo Racing,0 days 01:03:43.118000,,4,19.0,,,False,False,2021,9,Austrian Grand Prix
0 days 01:38:22.176000,GIO,99,0 days 00:01:14.521000,29.0,2.0,,0 days 01:38:18.952000,0 days 00:00:17.636000,0 days 00:00:31.809000,0 days 00:00:25.076000,0 days 01:37:25.309000,0 days 01:37:57.118000,0 days 01:38:22.194000,291.0,229.0,,289.0,False,HARD,28.0,True,Alfa Romeo Racing,0 days 01:37:07.655000,,1,17.0,,,False,False,2021,9,Austrian Grand Prix
0 days 01:39:55.280000,GIO,99,0 days 00:01:33.104000,30.0,3.0,0 days 01:38:46.088000,,0 days 00:00:40.247000,0 days 00:00:31.228000,0 days 00:00:21.629000,0 days 01:39:02.441000,0 days 01:39:33.669000,0 days 01:39:55.298000,293.0,229.0,270.0,285.0,False,HARD,1.0,True,Alfa Romeo Racing,0 days 01:38:22.176000,,1,18.0,,,False,False,2021,9,Austrian Grand Prix
0 days 01:47:34.226000,RAI,7,0 days 00:01:13.641000,37.0,1.0,,0 days 01:47:31.007000,0 days 00:00:17.621000,0 days 00:00:31.331000,0 days 00:00:24.689000,0 days 01:46:38.237000,0 days 01:47:09.568000,0 days 01:47:34.257000,295.0,230.0,,295.0,False,HARD,37.0,True,Alfa Romeo Racing,0 days 01:46:20.585000,,1,9.0,,,False,False,2021,9,Austrian Grand Prix
0 days 01:49:01.784000,RAI,7,0 days 00:01:27.558000,38.0,2.0,0 days 01:47:52.863000,,0 days 00:00:34.611000,0 days 00:00:31.376000,0 days 00:00:21.571000,0 days 01:48:08.868000,0 days 01:48:40.244000,0 days 01:49:01.815000,294.0,227.0,272.0,294.0,False,MEDIUM,1.0,True,Alfa Romeo Racing,0 days 01:47:34.226000,,1,15.0,,,False,False,2021,9,Austrian Grand Prix
0 days 01:43:05.326000,LAT,6,0 days 00:01:15.269000,33.0,1.0,,0 days 01:43:02.401000,0 days 00:00:17.610000,0 days 00:00:32.740000,0 days 00:00:24.919000,0 days 01:42:07.672000,0 days 01:42:40.412000,0 days 01:43:05.331000,305.0,225.0,,302.0,False,MEDIUM,33.0,True,Williams,0 days 01:41:50.057000,,1,14.0,,,False,False,2021,9,Austrian Grand Prix
0 days 01:44:31.999000,LAT,6,0 days 00:01:26.673000,34.0,2.0,0 days 01:43:23.231000,,0 days 00:00:34.014000,0 days 00:00:31.384000,0 days 00:00:21.275000,0 days 01:43:39.345000,0 days 01:44:10.729000,0 days 01:44:32.004000,302.0,227.0,275.0,292.0,False,HARD,1.0,True,Williams,0 days 01:43:05.326000,,1,17.0,,,False,False,2021,9,Austrian Grand Prix
0 days 01:23:57.767000,VET,5,0 days 00:01:15.194000,17.0,1.0,,0 days 01:23:54.869000,0 days 00:00:17.879000,0 days 00:00:32.290000,0 days 00:00:25.025000,0 days 01:23:00.500000,0 days 01:23:32.790000,0 days 01:23:57.815000,282.0,224.0,,291.0,False,SOFT,20.0,False,Aston Martin,0 days 01:22:42.573000,,1,9.0,,,False,False,2021,9,Austrian Grand Prix
0 days 01:25:24.344000,VET,5,0 days 00:01:26.577000,18.0,2.0,0 days 01:24:15.579000,,0 days 00:00:33.905000,0 days 00:00:31.217000,0 days 00:00:21.455000,0 days 01:24:31.720000,0 days 01:25:02.937000,0 days 01:25:24.392000,302.0,228.0,280.0,320.0,False,HARD,1.0,True,Aston Martin,0 days 01:23:57.767000,,1,18.0,,,False,False,2021,9,Austrian Grand Prix
0 days 02:01:43.405000,VET,5,0 days 00:01:12.881000,49.0,2.0,,0 days 02:01:40.456000,0 days 00:00:17.488000,0 days 00:00:31.176000,0 days 00:00:24.217000,0 days 02:00:48.060000,0 days 02:01:19.236000,0 days 02:01:43.453000,287.0,235.0,,290.0,False,HARD,32.0,True,Aston Martin,0 days 02:00:30.524000,,1,10.0,,,False,False,2021,9,Austrian Grand Prix
0 days 02:03:07.998000,VET,5,0 days 00:01:24.593000,50.0,3.0,0 days 02:02:01.020000,,0 days 00:00:33.642000,0 days 00:00:30.265000,0 days 00:00:20.686000,0 days 02:02:17.095000,0 days 02:02:47.360000,0 days 02:03:08.046000,292.0,238.0,275.0,287.0,False,HARD,1.0,True,Aston Martin,0 days 02:01:43.405000,,1,14.0,,,False,False,2021,9,Austrian Grand Prix
0 days 02:27:04.220000,VET,5,,70.0,3.0,,0 days 02:27:04.268000,0 days 00:00:17.126000,0 days 00:01:06.390000,,0 days 02:25:14.937000,0 days 02:26:21.587000,,314.0,54.0,,319.0,False,HARD,21.0,True,Aston Martin,0 days 02:24:57.703000,,12,17.0,,,False,False,2021,9,Austrian Grand Prix
0 days 01:44:30.579000,MSC,47,0 days 00:01:14.136000,34.0,1.0,,0 days 01:44:27.351000,0 days 00:00:17.685000,0 days 00:00:31.613000,0 days 00:00:24.838000,0 days 01:43:34.195000,0 days 01:44:05.808000,0 days 01:44:30.646000,300.0,225.0,,298.0,False,MEDIUM,34.0,True,Haas F1 Team,0 days 01:43:16.443000,,1,16.0,,,False,False,2021,9,Austrian Grand Prix
0 days 01:46:00.676000,MSC,47,0 days 00:01:30.097000,35.0,2.0,0 days 01:44:49.165000,,0 days 00:00:35.196000,0 days 00:00:31.963000,0 days 00:00:22.938000,0 days 01:45:05.842000,0 days 01:45:37.805000,0 days 01:46:00.743000,295.0,225.0,279.0,308.0,False,HARD,1.0,True,Haas F1 Team,0 days 01:44:30.579000,,1,18.0,,,False,False,2021,9,Austrian Grand Prix
0 days 01:36:18.750000,MAZ,9,0 days 00:01:15.562000,27.0,1.0,,0 days 01:36:15.507000,0 days 00:00:17.941000,0 days 00:00:31.918000,0 days 00:00:25.703000,0 days 01:35:21.192000,0 days 01:35:53.110000,0 days 01:36:18.813000,297.0,222.0,,296.0,False,MEDIUM,27.0,True,Haas F1 Team,0 days 01:35:03.188000,,1,19.0,,,False,False,2021,9,Austrian Grand Prix
0 days 01:37:48.391000,MAZ,9,0 days 00:01:29.641000,28.0,2.0,0 days 01:36:37.497000,,0 days 00:00:35.671000,0 days 00:00:31.963000,0 days 00:00:22.007000,0 days 01:36:54.484000,0 days 01:37:26.447000,0 days 01:37:48.454000,292.0,223.0,269.0,291.0,False,HARD,1.0,True,Haas F1 Team,0 days 01:36:18.750000,,1,19.0,,,False,False,2021,9,Austrian Grand Prix
0 days 01:58:02.124000,MAZ,9,0 days 00:01:14.264000,45.0,2.0,,0 days 01:57:58.815000,0 days 00:00:17.703000,0 days 00:00:31.559000,0 days 00:00:25.002000,0 days 01:57:05.626000,0 days 01:57:37.185000,0 days 01:58:02.187000,297.0,228.0,,296.0,False,HARD,18.0,True,Haas F1 Team,0 days 01:56:47.860000,,1,19.0,,,False,False,2021,9,Austrian Grand Prix
0 days 01:59:33.701000,MAZ,9,0 days 00:01:31.577000,46.0,3.0,0 days 01:58:22.078000,,0 days 00:00:36.552000,0 days 00:00:33.319000,0 days 00:00:21.706000,0 days 01:58:38.739000,0 days 01:59:12.058000,0 days 01:59:33.764000,299.0,221.0,273.0,247.0,False,HARD,1.0,True,Haas F1 Team,0 days 01:58:02.124000,,1,19.0,,,False,False,2021,9,Austrian Grand Prix
0 days 01:07:06.559000,HAM,44,,2.0,1.0,,0 days 01:07:00.518000,0 days 00:00:43.800000,0 days 00:01:10.685000,0 days 00:00:43.657000,0 days 01:05:12.240000,0 days 01:06:22.942000,0 days 01:07:06.668000,151.0,112.0,,151.0,False,MEDIUM,3.0,False,Mercedes,0 days 01:04:28.357000,,45,2.0,,,False,False,2021,10,British Grand Prix
0 days 01:44:15.695000,HAM,44,,3.0,2.0,0 days 01:41:08.889000,,,0 days 00:01:15.154000,0 days 00:01:08.446000,,0 days 01:43:07.272000,0 days 01:44:15.843000,109.0,127.0,64.0,173.0,False,MEDIUM,1.0,False,Mercedes,0 days 01:41:00.104000,,1,2.0,,,False,False,2021,10,British Grand Prix
0 days 02:22:24.012000,HAM,44,0 days 00:01:32.852000,27.0,2.0,,0 days 02:22:18.096000,0 days 00:00:29.306000,0 days 00:00:38.152000,0 days 00:00:25.394000,0 days 02:21:20.489000,0 days 02:21:58.641000,0 days 02:22:24.035000,295.0,223.0,,303.0,False,MEDIUM,25.0,False,Mercedes,0 days 02:20:51.160000,,1,2.0,,,False,False,2021,10,British Grand Prix
0 days 02:24:27.404000,HAM,44,0 days 00:02:03.392000,28.0,3.0,0 days 02:22:58.365000,,0 days 00:01:01.664000,0 days 00:00:36.996000,0 days 00:00:24.732000,0 days 02:23:25.699000,0 days 02:24:02.695000,0 days 02:24:27.427000,295.0,260.0,254.0,305.0,False,HARD,1.0,True,Mercedes,0 days 02:22:24.012000,,1,5.0,,,False,False,2021,10,British Grand Prix
0 days 01:07:04.503000,LEC,16,,2.0,1.0,,0 days 01:06:58.261000,0 days 00:00:45.172000,0 days 00:01:11.041000,0 days 00:00:42.832000,0 days 01:05:10.666000,0 days 01:06:21.748000,0 days 01:07:04.601000,174.0,131.0,,176.0,False,MEDIUM,2.0,True,Ferrari,0 days 01:04:25.549000,,45,1.0,,,False,False,2021,10,British Grand Prix
0 days 01:44:11.572000,LEC,16,,3.0,2.0,0 days 01:41:06.110000,,,0 days 00:01:14.695000,0 days 00:01:06.441000,,0 days 01:43:05.167000,0 days 01:44:11.721000,156.0,132.0,49.0,173.0,False,MEDIUM,1.0,True,Ferrari,0 days 01:41:00.104000,,1,1.0,,,False,False,2021,10,British Grand Prix
0 days 02:25:24.698000,LEC,16,0 days 00:01:31.847000,29.0,2.0,,0 days 02:25:18.822000,0 days 00:00:29.667000,0 days 00:00:37.414000,0 days 00:00:24.766000,0 days 02:24:22.554000,0 days 02:24:59.968000,0 days 02:25:24.734000,296.0,255.0,,304.0,False,MEDIUM,27.0,True,Ferrari,0 days 02:23:52.851000,,1,1.0,,,False,False,2021,10,British Grand Prix
0 days 02:27:16.418000,LEC,16,0 days 00:01:51.720000,30.0,3.0,0 days 02:25:47.264000,,0 days 00:00:49.574000,0 days 00:00:37.043000,0 days 00:00:25.103000,0 days 02:26:14.308000,0 days 02:26:51.351000,0 days 02:27:16.454000,290.0,257.0,248.0,299.0,False,HARD,1.0,True,Ferrari,0 days 02:25:24.698000,,1,1.0,,,False,False,2021,10,British Grand Prix
0 days 01:07:08.559000,BOT,77,,2.0,1.0,,0 days 01:07:03.856000,0 days 00:00:44.276000,0 days 00:01:11.305000,0 days 00:00:44.060000,0 days 01:05:13.223000,0 days 01:06:24.571000,0 days 01:07:08.698000,135.0,114.0,,120.0,False,MEDIUM,3.0,False,Mercedes,0 days 01:04:28.923000,,45,3.0,,,False,False,2021,10,British Grand Prix
0 days 01:44:17.872000,BOT,77,,3.0,2.0,0 days 01:41:11.886000,,,0 days 00:01:15.360000,0 days 00:01:09.418000,,0 days 01:43:08.483000,0 days 01:44:17.960000,119.0,116.0,63.0,133.0,False,MEDIUM,1.0,True,Mercedes,0 days 01:41:00.104000,,1,3.0,,,False,False,2021,10,British Grand Prix
0 days 02:14:48.648000,BOT,77,0 days 00:01:31.869000,22.0,2.0,,0 days 02:14:42.696000,0 days 00:00:29.391000,0 days 00:00:37.406000,0 days 00:00:25.072000,0 days 02:13:46.199000,0 days 02:14:23.605000,0 days 02:14:48.677000,290.0,255.0,,296.0,False,MEDIUM,20.0,True,Mercedes,0 days 02:13:16.779000,,1,3.0,,,False,False,2021,10,British Grand Prix
0 days 02:16:41.132000,BOT,77,0 days 00:01:52.484000,23.0,3.0,0 days 02:15:11.610000,,0 days 00:00:49.462000,0 days 00:00:37.641000,0 days 00:00:25.381000,0 days 02:15:38.139000,0 days 02:16:15.780000,0 days 02:16:41.161000,305.0,257.0,249.0,293.0,False,HARD,1.0,True,Mercedes,0 days 02:14:48.648000,,1,4.0,,,False,False,2021,10,British Grand Prix
0 days 01:07:10.127000,NOR,4,,2.0,1.0,,0 days 01:07:03.924000,0 days 00:00:43.621000,0 days 00:01:10.916000,0 days 00:00:44.094000,0 days 01:05:15.124000,0 days 01:06:26.304000,0 days 01:07:10.203000,182.0,94.0,,127.0,False,MEDIUM,2.0,True,McLaren,0 days 01:04:31.493000,,45,4.0,,,False,False,2021,10,British Grand Prix
0 days 01:44:21.875000,NOR,4,,3.0,2.0,0 days 01:41:16.422000,,,0 days 00:01:15.937000,0 days 00:01:11.372000,,0 days 01:43:10.652000,0 days 01:44:21.882000,199.0,83.0,95.0,189.0,False,MEDIUM,3.0,False,McLaren,0 days 01:41:00.104000,,1,4.0,,,False,False,2021,10,British Grand Prix
0 days 02:13:14.150000,NOR,4,0 days 00:01:31.418000,21.0,2.0,,0 days 02:13:08.315000,0 days 00:00:29.585000,0 days 00:00:37.306000,0 days 00:00:24.527000,0 days 02:12:12.324000,0 days 02:12:49.630000,0 days 02:13:14.157000,290.0,259.0,,291.0,False,MEDIUM,21.0,False,McLaren,0 days 02:11:42.732000,,1,3.0,,,False,False,2021,10,British Grand Prix
0 days 02:15:09.183000,NOR,4,0 days 00:01:55.033000,22.0,3.0,0 days 02:13:40.103000,,0 days 00:00:52.481000,0 days 00:00:37.040000,0 days 00:00:25.512000,0 days 02:14:06.638000,0 days 02:14:43.678000,0 days 02:15:09.190000,288.0,259.0,250.0,307.0,False,HARD,1.0,True,McLaren,0 days 02:13:14.150000,,1,6.0,,,False,False,2021,10,British Grand Prix
0 days 01:07:13.249000,RIC,3,,2.0,1.0,,0 days 01:07:05.952000,0 days 00:00:44.476000,0 days 00:01:11.106000,0 days 00:00:45.460000,0 days 01:05:16.685000,0 days 01:06:27.809000,0 days 01:07:13.300000,204.0,124.0,,153.0,False,MEDIUM,2.0,True,McLaren,0 days 01:04:32.275000,,45,5.0,,,False,False,2021,10,British Grand Prix
0 days 01:44:25.040000,RIC,3,,3.0,2.0,0 days 01:41:17.311000,,,0 days 00:01:15.602000,0 days 00:01:13.878000,,0 days 01:43:11.358000,0 days 01:44:25.042000,176.0,85.0,59.0,225.0,False,MEDIUM,3.0,False,McLaren,0 days 01:41:00.104000,,1,5.0,,,False,False,2021,10,British Grand Prix
0 days 02:11:54.628000,RIC,3,0 days 00:01:32.164000,20.0,2.0,,0 days 02:11:48.824000,0 days 00:00:29.694000,0 days 00:00:37.744000,0 days 00:00:24.726000,0 days 02:10:52.160000,0 days 02:11:29.904000,0 days 02:11:54.630000,284.0,256.0,,302.0,False,MEDIUM,20.0,False,McLaren,0 days 02:10:22.464000,,1,5.0,,,False,False,2021,10,British Grand Prix
0 days 02:13:47.954000,RIC,3,0 days 00:01:53.326000,21.0,3.0,0 days 02:12:17.670000,,0 days 00:00:50.003000,0 days 00:00:37.754000,0 days 00:00:25.569000,0 days 02:12:44.633000,0 days 02:13:22.387000,0 days 02:13:47.956000,288.0,257.0,250.0,291.0,False,HARD,1.0,True,McLaren,0 days 02:11:54.628000,,1,9.0,,,False,False,2021,10,British Grand Prix
0 days 01:07:21.602000,SAI,55,,2.0,1.0,,0 days 01:07:12.901000,0 days 00:00:44.032000,0 days 00:01:10.228000,0 days 00:00:50.953000,0 days 01:05:20.448000,0 days 01:06:30.692000,0 days 01:07:21.814000,170.0,119.0,,182.0,False,MEDIUM,2.0,True,Ferrari,0 days 01:04:36.482000,,45,8.0,,,False,False,2021,10,British Grand Prix
0 days 01:44:34.755000,SAI,55,,3.0,2.0,0 days 01:41:32.028000,,,0 days 00:01:12.227000,0 days 00:01:18.582000,,0 days 01:43:16.499000,0 days 01:44:34.874000,264.0,104.0,52.0,184.0,False,MEDIUM,1.0,True,Ferrari,0 days 01:41:00.104000,,1,8.0,,,False,False,2021,10,British Grand Prix
0 days 02:24:12.954000,SAI,55,0 days 00:01:31.816000,28.0,2.0,,0 days 02:24:07.108000,0 days 00:00:29.517000,0 days 00:00:37.595000,0 days 00:00:24.704000,0 days 02:23:10.682000,0 days 02:23:48.277000,0 days 02:24:12.981000,299.0,258.0,,311.0,False,MEDIUM,26.0,True,Ferrari,0 days 02:22:41.138000,,1,2.0,,,False,False,2021,10,British Grand Prix
0 days 02:26:13.753000,SAI,55,0 days 00:02:00.799000,29.0,3.0,0 days 02:24:44.632000,,0 days 00:00:58.424000,0 days 00:00:37.256000,0 days 00:00:25.119000,0 days 02:25:11.405000,0 days 02:25:48.661000,0 days 02:26:13.780000,291.0,257.0,249.0,300.0,False,HARD,1.0,True,Ferrari,0 days 02:24:12.954000,,1,6.0,,,False,False,2021,10,British Grand Prix
0 days 01:07:18.616000,ALO,14,,2.0,1.0,,0 days 01:07:11.073000,0 days 00:00:44.486000,0 days 00:01:10.123000,0 days 00:00:48.951000,0 days 01:05:19.565000,0 days 01:06:29.994000,0 days 01:07:18.813000,184.0,114.0,,178.0,False,MEDIUM,2.0,True,Alpine,0 days 01:04:35.154000,,45,7.0,,,False,False,2021,10,British Grand Prix
0 days 01:44:32.082000,ALO,14,,3.0,2.0,0 days 01:41:29.571000,,,0 days 00:01:13.489000,0 days 00:01:17.549000,,0 days 01:43:14.856000,0 days 01:44:32.286000,257.0,107.0,72.0,153.0,False,MEDIUM,2.0,False,Alpine,0 days 01:41:00.104000,,1,7.0,,,False,False,2021,10,British Grand Prix
0 days 02:18:16.838000,ALO,14,0 days 00:01:33.490000,24.0,2.0,,0 days 02:18:11.006000,0 days 00:00:29.919000,0 days 00:00:38.069000,0 days 00:00:25.502000,0 days 02:17:13.290000,0 days 02:17:51.359000,0 days 02:18:16.861000,302.0,253.0,,299.0,False,MEDIUM,23.0,False,Alpine,0 days 02:16:43.348000,,1,6.0,,,False,False,2021,10,British Grand Prix
0 days 02:20:10.368000,ALO,14,0 days 00:01:53.530000,25.0,3.0,0 days 02:18:40.667000,,0 days 00:00:50.429000,0 days 00:00:37.425000,0 days 00:00:25.676000,0 days 02:19:07.290000,0 days 02:19:44.715000,0 days 02:20:10.391000,319.0,259.0,248.0,294.0,False,HARD,1.0,True,Alpine,0 days 02:18:16.838000,,1,9.0,,,False,False,2021,10,British Grand Prix
0 days 01:07:27.723000,STR,18,,2.0,1.0,,0 days 01:07:18.512000,0 days 00:00:45.322000,,,0 days 01:05:25.858000,,,188.0,,,140.0,False,MEDIUM,5.0,False,Aston Martin,0 days 01:04:40.487000,,45,11.0,,,False,False,2021,10,British Grand Prix
0 days 01:44:45.414000,STR,18,,3.0,2.0,0 days 01:41:46.642000,,,,,,,,277.0,124.0,61.0,234.0,False,MEDIUM,3.0,False,Aston Martin,0 days 01:41:00.104000,,1,11.0,,,False,False,2021,10,British Grand Prix
0 days 02:16:45.325000,STR,18,0 days 00:01:32.955000,23.0,2.0,,0 days 02:16:39.412000,0 days 00:00:29.596000,0 days 00:00:38.043000,0 days 00:00:25.316000,0 days 02:15:41.993000,0 days 02:16:20.036000,0 days 02:16:45.352000,290.0,257.0,,301.0,False,MEDIUM,23.0,False,Aston Martin,0 days 02:15:12.370000,,1,7.0,,,False,False,2021,10,British Grand Prix
0 days 02:18:37.892000,STR,18,0 days 00:01:52.567000,24.0,3.0,0 days 02:17:07.621000,,0 days 00:00:49.329000,0 days 00:00:37.775000,0 days 00:00:25.463000,0 days 02:17:34.681000,0 days 02:18:12.456000,0 days 02:18:37.919000,287.0,256.0,249.0,298.0,False,HARD,3.0,False,Aston Martin,0 days 02:16:45.325000,,1,10.0,,,False,False,2021,10,British Grand Prix
0 days 01:07:25.536000,OCO,31,,2.0,1.0,,0 days 01:07:16.664000,0 days 00:00:44.480000,0 days 00:01:10.068000,0 days 00:00:51.485000,0 days 01:05:24.023000,0 days 01:06:34.080000,0 days 01:07:25.712000,208.0,110.0,,205.0,False,MEDIUM,2.0,True,Alpine,0 days 01:04:39.483000,,45,10.0,,,False,False,2021,10,British Grand Prix
0 days 01:44:42.448000,OCO,31,,3.0,2.0,0 days 01:41:43.888000,,,0 days 00:01:08.048000,0 days 00:01:20.289000,,0 days 01:43:22.222000,0 days 01:44:42.628000,271.0,170.0,46.0,180.0,False,MEDIUM,1.0,True,Alpine,0 days 01:41:00.104000,,1,10.0,,,False,False,2021,10,British Grand Prix
0 days 02:10:36.506000,OCO,31,0 days 00:01:33.472000,19.0,2.0,,0 days 02:10:30.645000,0 days 00:00:29.878000,0 days 00:00:38.122000,0 days 00:00:25.472000,0 days 02:09:32.941000,0 days 02:10:11.063000,0 days 02:10:36.535000,288.0,253.0,,294.0,False,MEDIUM,17.0,True,Alpine,0 days 02:09:03.034000,,1,9.0,,,False,False,2021,10,British Grand Prix
0 days 02:12:29.963000,OCO,31,0 days 00:01:53.457000,20.0,3.0,0 days 02:10:59.417000,,0 days 00:00:49.874000,0 days 00:00:38.093000,0 days 00:00:25.490000,0 days 02:11:26.409000,0 days 02:12:04.502000,0 days 02:12:29.992000,284.0,255.0,247.0,292.0,False,HARD,1.0,True,Alpine,0 days 02:10:36.506000,,1,12.0,,,False,False,2021,10,British Grand Prix
0 days 01:07:39.353000,TSU,22,,2.0,1.0,,0 days 01:07:28.928000,0 days 00:00:44.395000,0 days 00:01:13.184000,0 days 00:00:54.756000,0 days 01:05:31.423000,0 days 01:06:44.600000,0 days 01:07:39.466000,204.0,152.0,,197.0,False,MEDIUM,2.0,True,AlphaTauri,0 days 01:04:47.053000,,45,15.0,,,False,False,2021,10,British Grand Prix
0 days 01:45:00.107000,TSU,22,,3.0,2.0,0 days 01:42:04.626000,,,0 days 00:00:59.284000,0 days 00:01:24.394000,,0 days 01:43:35.723000,0 days 01:45:00.266000,259.0,235.0,60.0,186.0,False,MEDIUM,3.0,False,AlphaTauri,0 days 01:41:00.104000,,1,15.0,,,False,False,2021,10,British Grand Prix
0 days 02:27:49.154000,TSU,22,0 days 00:01:32.682000,30.0,2.0,,0 days 02:27:42.931000,0 days 00:00:29.737000,0 days 00:00:37.835000,0 days 00:00:25.110000,0 days 02:26:46.212000,0 days 02:27:24.047000,0 days 02:27:49.157000,292.0,255.0,,296.0,False,MEDIUM,30.0,False,AlphaTauri,0 days 02:26:16.472000,,1,7.0,,,False,False,2021,10,British Grand Prix
0 days 02:29:42.937000,TSU,22,0 days 00:01:53.783000,31.0,3.0,0 days 02:28:12.075000,,0 days 00:00:49.912000,0 days 00:00:38.069000,0 days 00:00:25.802000,0 days 02:28:39.069000,0 days 02:29:17.138000,0 days 02:29:42.940000,306.0,260.0,249.0,317.0,False,HARD,1.0,True,AlphaTauri,0 days 02:27:49.154000,,1,13.0,,,False,False,2021,10,British Grand Prix
0 days 01:07:30.189000,GAS,10,,2.0,1.0,,0 days 01:07:21.828000,0 days 00:00:45.504000,0 days 00:01:09.233000,0 days 00:00:53.607000,0 days 01:05:27.354000,0 days 01:06:36.672000,0 days 01:07:30.354000,129.0,159.0,,175.0,False,MEDIUM,2.0,True,AlphaTauri,0 days 01:04:41.863000,,45,12.0,,,False,False,2021,10,British Grand Prix
0 days 01:44:51.099000,GAS,10,,3.0,2.0,0 days 01:41:49.078000,,,0 days 00:01:04.539000,0 days 00:01:25.582000,,0 days 01:43:25.545000,0 days 01:44:51.245000,281.0,163.0,53.0,211.0,False,MEDIUM,3.0,False,AlphaTauri,0 days 01:41:00.104000,,1,12.0,,,False,False,2021,10,British Grand Prix
0 days 02:24:35.395000,GAS,10,0 days 00:01:32.660000,28.0,2.0,,0 days 02:24:29.526000,0 days 00:00:29.858000,0 days 00:00:37.940000,0 days 00:00:24.862000,0 days 02:23:32.598000,0 days 02:24:10.538000,0 days 02:24:35.400000,290.0,254.0,,306.0,False,MEDIUM,28.0,False,AlphaTauri,0 days 02:23:02.735000,,1,6.0,,,False,False,2021,10,British Grand Prix
0 days 02:26:28.397000,GAS,10,0 days 00:01:53.002000,29.0,3.0,0 days 02:24:58.236000,,0 days 00:00:49.776000,0 days 00:00:37.907000,0 days 00:00:25.319000,0 days 02:25:25.176000,0 days 02:26:03.083000,0 days 02:26:28.402000,308.0,260.0,247.0,332.0,False,HARD,1.0,True,AlphaTauri,0 days 02:24:35.395000,,1,11.0,,,False,False,2021,10,British Grand Prix
0 days 02:52:46.354000,GAS,10,0 days 00:01:33.003000,46.0,3.0,,0 days 02:52:40.646000,0 days 00:00:29.486000,0 days 00:00:38.050000,0 days 00:00:25.467000,0 days 02:51:42.842000,0 days 02:52:20.892000,0 days 02:52:46.359000,312.0,256.0,,314.0,False,HARD,18.0,True,AlphaTauri,0 days 02:51:13.351000,,1,9.0,,,False,False,2021,10,British Grand Prix
0 days 02:54:36.772000,GAS,10,0 days 00:01:50.418000,47.0,4.0,0 days 02:53:08.688000,,0 days 00:00:48.406000,0 days 00:00:36.821000,0 days 00:00:25.191000,0 days 02:53:34.765000,0 days 02:54:11.586000,0 days 02:54:36.777000,308.0,261.0,252.0,299.0,False,SOFT,1.0,True,AlphaTauri,0 days 02:52:46.354000,,12,14.0,,,False,False,2021,10,British Grand Prix
0 days 01:07:36.816000,RUS,63,,2.0,1.0,,0 days 01:07:26.397000,0 days 00:00:44.390000,0 days 00:01:11.141000,0 days 00:00:55.833000,0 days 01:05:29.848000,0 days 01:06:41.024000,0 days 01:07:36.980000,148.0,189.0,,179.0,False,MEDIUM,2.0,True,Williams,0 days 01:04:45.507000,,45,14.0,,,False,False,2021,10,British Grand Prix
0 days 01:44:57.886000,RUS,63,,3.0,2.0,0 days 01:41:58.839000,,,0 days 00:01:01.370000,0 days 00:01:26.532000,,0 days 01:43:31.434000,0 days 01:44:58.011000,246.0,242.0,73.0,122.0,False,MEDIUM,1.0,True,Williams,0 days 01:41:00.104000,,1,14.0,,,False,False,2021,10,British Grand Prix
0 days 02:09:09.962000,RUS,63,0 days 00:01:32.972000,18.0,2.0,,0 days 02:09:04.163000,0 days 00:00:29.881000,0 days 00:00:38.383000,0 days 00:00:24.708000,0 days 02:08:06.877000,0 days 02:08:45.260000,0 days 02:09:09.968000,297.0,255.0,,307.0,False,MEDIUM,16.0,True,Williams,0 days 02:07:36.990000,,1,14.0,,,False,False,2021,10,British Grand Prix
0 days 02:11:01.628000,RUS,63,0 days 00:01:51.666000,19.0,3.0,0 days 02:09:31.955000,,0 days 00:00:48.730000,0 days 00:00:37.511000,0 days 00:00:25.425000,0 days 02:09:58.698000,0 days 02:10:36.209000,0 days 02:11:01.634000,298.0,258.0,250.0,307.0,False,HARD,1.0,True,Williams,0 days 02:09:09.962000,,1,16.0,,,False,False,2021,10,British Grand Prix
0 days 01:07:32.474000,GIO,99,,2.0,1.0,,0 days 01:07:23.364000,0 days 00:00:45.392000,0 days 00:01:08.666000,0 days 00:00:55.236000,0 days 01:05:28.627000,0 days 01:06:37.254000,0 days 01:07:32.687000,134.0,144.0,,146.0,False,MEDIUM,2.0,True,Alfa Romeo Racing,0 days 01:04:43.155000,,45,13.0,,,False,False,2021,10,British Grand Prix
0 days 01:44:53.751000,GIO,99,,3.0,2.0,0 days 01:41:53.840000,,,0 days 00:01:01.753000,0 days 00:01:25.138000,,0 days 01:43:28.633000,0 days 01:44:53.962000,261.0,231.0,67.0,139.0,False,MEDIUM,1.0,True,Alfa Romeo Racing,0 days 01:41:00.104000,,1,13.0,,,False,False,2021,10,British Grand Prix
0 days 02:16:57.695000,GIO,99,0 days 00:01:33.119000,23.0,2.0,,0 days 02:16:51.843000,0 days 00:00:29.768000,0 days 00:00:38.024000,0 days 00:00:25.327000,0 days 02:15:54.360000,0 days 02:16:32.384000,0 days 02:16:57.711000,294.0,253.0,,305.0,False,MEDIUM,21.0,True,Alfa Romeo Racing,0 days 02:15:24.576000,,1,10.0,,,False,False,2021,10,British Grand Prix
0 days 02:18:50.947000,GIO,99,0 days 00:01:53.252000,24.0,3.0,0 days 02:17:19.997000,,0 days 00:00:49.670000,0 days 00:00:37.982000,0 days 00:00:25.600000,0 days 02:17:47.381000,0 days 02:18:25.363000,0 days 02:18:50.963000,295.0,255.0,248.0,310.0,False,HARD,1.0,True,Alfa Romeo Racing,0 days 02:16:57.695000,,1,15.0,,,False,False,2021,10,British Grand Prix
0 days 01:07:43.376000,LAT,6,,2.0,1.0,,0 days 01:07:32.705000,0 days 00:00:44.852000,0 days 00:01:12.478000,0 days 00:00:57.062000,0 days 01:05:33.845000,0 days 01:06:46.355000,0 days 01:07:43.803000,129.0,149.0,,151.0,False,MEDIUM,2.0,True,Williams,0 days 01:04:49.074000,,45,17.0,,,False,False,2021,10,British Grand Prix
0 days 01:45:06.088000,LAT,6,,3.0,2.0,0 days 01:42:10.204000,,,0 days 00:00:56.911000,0 days 00:01:26.330000,,0 days 01:43:39.838000,0 days 01:45:06.503000,246.0,243.0,34.0,133.0,False,MEDIUM,1.0,True,Williams,0 days 01:41:00.104000,,1,17.0,,,False,False,2021,10,British Grand Prix
0 days 02:10:47.231000,LAT,6,0 days 00:01:33.034000,19.0,2.0,,0 days 02:10:41.403000,0 days 00:00:29.742000,0 days 00:00:38.165000,0 days 00:00:25.127000,0 days 02:09:43.948000,0 days 02:10:22.113000,0 days 02:10:47.240000,291.0,255.0,,294.0,False,MEDIUM,17.0,True,Williams,0 days 02:09:14.197000,,1,13.0,,,False,False,2021,10,British Grand Prix
0 days 02:12:39.845000,LAT,6,0 days 00:01:52.614000,20.0,3.0,0 days 02:11:08.924000,,0 days 00:00:48.934000,0 days 00:00:38.181000,0 days 00:00:25.499000,0 days 02:11:36.174000,0 days 02:12:14.355000,0 days 02:12:39.854000,286.0,257.0,248.0,292.0,False,HARD,1.0,True,Williams,0 days 02:10:47.231000,,1,16.0,,,False,False,2021,10,British Grand Prix
0 days 01:07:24.201000,RAI,7,,2.0,1.0,,0 days 01:07:15.349000,0 days 00:00:44.235000,0 days 00:01:09.779000,0 days 00:00:51.145000,0 days 01:05:23.306000,0 days 01:06:33.376000,0 days 01:07:24.363000,231.0,101.0,,215.0,False,MEDIUM,2.0,True,Alfa Romeo Racing,0 days 01:04:39.149000,,45,9.0,,,False,False,2021,10,British Grand Prix
0 days 01:44:39.506000,RAI,7,,3.0,2.0,0 days 01:41:38.349000,,,0 days 00:01:10.048000,0 days 00:01:19.456000,,0 days 01:43:20.091000,0 days 01:44:39.640000,257.0,232.0,48.0,232.0,False,MEDIUM,1.0,True,Alfa Romeo Racing,0 days 01:41:00.104000,,1,9.0,,,False,False,2021,10,British Grand Prix
0 days 02:09:05.334000,RAI,7,0 days 00:01:33.762000,18.0,2.0,,0 days 02:08:59.496000,0 days 00:00:30.286000,0 days 00:00:38.261000,0 days 00:00:25.215000,0 days 02:08:01.887000,0 days 02:08:40.148000,0 days 02:09:05.363000,292.0,253.0,,303.0,False,MEDIUM,16.0,True,Alfa Romeo Racing,0 days 02:07:31.572000,,1,10.0,,,False,False,2021,10,British Grand Prix
0 days 02:10:58.272000,RAI,7,0 days 00:01:52.938000,19.0,3.0,0 days 02:09:27.636000,,0 days 00:00:49.441000,0 days 00:00:37.596000,0 days 00:00:25.901000,0 days 02:09:54.804000,0 days 02:10:32.400000,0 days 02:10:58.301000,284.0,254.0,245.0,296.0,False,HARD,1.0,True,Alfa Romeo Racing,0 days 02:09:05.334000,,1,14.0,,,False,False,2021,10,British Grand Prix
0 days 01:04:52.352000,PER,11,0 days 00:02:29.563000,1.0,1.0,0 days 01:02:33.068000,,,0 days 00:00:56.024000,0 days 00:00:54.861000,,0 days 01:03:57.491000,0 days 01:04:52.446000,291.0,69.0,161.0,145.0,False,HARD,1.0,True,Red Bull Racing,0 days 01:02:22.559000,,124,19.0,,,False,False,2021,10,British Grand Prix
0 days 01:07:47.191000,PER,11,,2.0,1.0,,0 days 01:07:37.944000,0 days 00:00:45.662000,0 days 00:01:11.294000,0 days 00:00:57.883000,0 days 01:05:38.062000,0 days 01:06:49.308000,0 days 01:07:47.309000,192.0,122.0,,142.0,False,HARD,2.0,True,Red Bull Racing,0 days 01:04:52.352000,,45,19.0,,,False,False,2021,10,British Grand Prix
0 days 01:45:19.487000,PER,11,,3.0,2.0,0 days 01:42:14.290000,,,0 days 00:00:58.973000,0 days 00:01:32.963000,,0 days 01:43:46.564000,0 days 01:45:19.726000,271.0,236.0,8.0,274.0,False,HARD,3.0,False,Red Bull Racing,0 days 01:41:00.104000,,1,19.0,,,False,False,2021,10,British Grand Prix
0 days 02:09:06.485000,PER,11,0 days 00:01:33.404000,18.0,2.0,,0 days 02:09:00.622000,0 days 00:00:29.632000,0 days 00:00:38.928000,0 days 00:00:24.844000,0 days 02:08:02.713000,0 days 02:08:41.641000,0 days 02:09:06.485000,299.0,256.0,,327.0,False,HARD,18.0,False,Red Bull Racing,0 days 02:07:33.081000,,1,11.0,,,False,False,2021,10,British Grand Prix
0 days 02:10:58.510000,PER,11,0 days 00:01:52.025000,19.0,3.0,0 days 02:09:28.516000,,0 days 00:00:48.635000,0 days 00:00:37.819000,0 days 00:00:25.571000,0 days 02:09:55.120000,0 days 02:10:32.939000,0 days 02:10:58.510000,304.0,262.0,249.0,323.0,False,MEDIUM,1.0,True,Red Bull Racing,0 days 02:09:06.485000,,1,15.0,,,False,False,2021,10,British Grand Prix
0 days 02:40:23.929000,PER,11,0 days 00:01:31.900000,38.0,3.0,,0 days 02:40:18.017000,0 days 00:00:29.396000,0 days 00:00:37.862000,0 days 00:00:24.642000,0 days 02:39:21.425000,0 days 02:39:59.287000,0 days 02:40:23.929000,310.0,262.0,,332.0,False,MEDIUM,20.0,True,Red Bull Racing,0 days 02:38:52.029000,,1,8.0,,,False,False,2021,10,British Grand Prix
0 days 02:42:14.495000,PER,11,0 days 00:01:50.566000,39.0,4.0,0 days 02:40:45.908000,,0 days 00:00:48.591000,0 days 00:00:36.692000,0 days 00:00:25.283000,0 days 02:41:12.520000,0 days 02:41:49.212000,0 days 02:42:14.495000,323.0,264.0,252.0,312.0,False,MEDIUM,1.0,True,Red Bull Racing,0 days 02:40:23.929000,,1,16.0,,,False,False,2021,10,British Grand Prix
0 days 02:56:00.278000,PER,11,0 days 00:01:30,48.0,4.0,,0 days 02:55:54.363000,0 days 00:00:29.061000,0 days 00:00:36.538000,0 days 00:00:24.401000,0 days 02:54:59.339000,0 days 02:55:35.877000,0 days 02:56:00.278000,292.0,261.0,,303.0,False,MEDIUM,10.0,True,Red Bull Racing,0 days 02:54:30.278000,,1,10.0,,,False,False,2021,10,British Grand Prix
0 days 02:57:58.524000,PER,11,0 days 00:01:58.246000,49.0,5.0,0 days 02:56:23.514000,,0 days 00:00:51.009000,0 days 00:00:40.418000,0 days 00:00:26.819000,0 days 02:56:51.287000,0 days 02:57:31.705000,0 days 02:57:58.524000,272.0,259.0,253.0,296.0,False,SOFT,4.0,False,Red Bull Racing,0 days 02:56:00.278000,,1,16.0,,,False,False,2021,10,British Grand Prix
0 days 01:07:45.148000,MAZ,9,,2.0,1.0,,0 days 01:07:35.460000,0 days 00:00:44.794000,0 days 00:01:11.471000,0 days 00:00:57.132000,0 days 01:05:36.581000,0 days 01:06:48.035000,0 days 01:07:45.287000,201.0,144.0,,150.0,False,MEDIUM,5.0,False,Haas F1 Team,0 days 01:04:51.800000,,45,18.0,,,False,False,2021,10,British Grand Prix
0 days 01:45:18.705000,MAZ,9,,3.0,2.0,0 days 01:42:12.437000,,,0 days 00:00:56.826000,0 days 00:01:36.011000,,0 days 01:43:42.740000,0 days 01:45:18.832000,266.0,228.0,7.0,195.0,False,MEDIUM,4.0,False,Haas F1 Team,0 days 01:41:00.104000,,1,18.0,,,False,False,2021,10,British Grand Prix
0 days 02:20:43.820000,MAZ,9,0 days 00:01:33.671000,25.0,2.0,,0 days 02:20:37.954000,0 days 00:00:29.866000,0 days 00:00:38.286000,0 days 00:00:25.519000,0 days 02:19:40.034000,0 days 02:20:18.320000,0 days 02:20:43.839000,299.0,252.0,,306.0,False,MEDIUM,26.0,False,Haas F1 Team,0 days 02:19:10.149000,,1,18.0,,,False,False,2021,10,British Grand Prix
0 days 02:22:38.977000,MAZ,9,0 days 00:01:55.157000,26.0,3.0,0 days 02:21:07.218000,,0 days 00:00:50.706000,0 days 00:00:38.245000,0 days 00:00:26.206000,0 days 02:21:34.545000,0 days 02:22:12.790000,0 days 02:22:38.996000,315.0,255.0,246.0,326.0,False,HARD,1.0,True,Haas F1 Team,0 days 02:20:43.820000,,1,19.0,,,False,False,2021,10,British Grand Prix
0 days 01:07:41.304000,MSC,47,,2.0,1.0,,0 days 01:07:30.333000,0 days 00:00:44.068000,0 days 00:01:12.628000,0 days 00:00:56.254000,0 days 01:05:32.448000,0 days 01:06:45.084000,0 days 01:07:41.504000,221.0,151.0,,161.0,False,MEDIUM,5.0,False,Haas F1 Team,0 days 01:04:48.323000,,45,16.0,,,False,False,2021,10,British Grand Prix
0 days 01:45:01.975000,MSC,47,,3.0,2.0,0 days 01:42:06.077000,,,0 days 00:00:59.430000,0 days 00:01:24.105000,,0 days 01:43:37.916000,0 days 01:45:02.166000,264.0,231.0,56.0,158.0,False,MEDIUM,2.0,False,Haas F1 Team,0 days 01:41:00.104000,,1,16.0,,,False,False,2021,10,British Grand Prix
0 days 02:19:06.987000,MSC,47,0 days 00:01:33.930000,24.0,2.0,,0 days 02:19:01.070000,0 days 00:00:30.034000,0 days 00:00:38.724000,0 days 00:00:25.172000,0 days 02:18:03.117000,0 days 02:18:41.841000,0 days 02:19:07.013000,298.0,253.0,,307.0,False,MEDIUM,23.0,False,Haas F1 Team,0 days 02:17:33.057000,,1,18.0,,,False,False,2021,10,British Grand Prix
0 days 02:21:03.993000,MSC,47,0 days 00:01:57.006000,25.0,3.0,0 days 02:19:30.414000,,0 days 00:00:51.413000,0 days 00:00:39.363000,0 days 00:00:26.230000,0 days 02:19:58.426000,0 days 02:20:37.789000,0 days 02:21:04.019000,299.0,253.0,242.0,306.0,False,HARD,1.0,True,Haas F1 Team,0 days 02:19:06.987000,,1,19.0,,,False,False,2021,10,British Grand Prix
0 days 01:07:16.776000,VET,5,,2.0,1.0,,0 days 01:07:09.028000,0 days 00:00:44.849000,0 days 00:01:10.589000,0 days 00:00:47.959000,0 days 01:05:18.283000,0 days 01:06:28.822000,0 days 01:07:16.880000,149.0,116.0,,193.0,False,MEDIUM,5.0,False,Aston Martin,0 days 01:04:33.489000,,45,6.0,,,False,False,2021,10,British Grand Prix
0 days 01:44:27.450000,VET,5,,3.0,2.0,0 days 01:41:24.252000,,,0 days 00:01:14.501000,0 days 00:01:14.018000,,0 days 01:43:13.453000,0 days 01:44:27.455000,193.0,128.0,56.0,209.0,False,MEDIUM,6.0,False,Aston Martin,0 days 01:41:00.104000,,1,6.0,,,False,False,2021,10,British Grand Prix
0 days 02:09:14.700000,VET,5,0 days 00:01:33.837000,18.0,2.0,,0 days 02:09:08.830000,0 days 00:00:30.009000,0 days 00:00:38.673000,0 days 00:00:25.155000,0 days 02:08:10.877000,0 days 02:08:49.550000,0 days 02:09:14.705000,296.0,253.0,,304.0,False,MEDIUM,21.0,False,Aston Martin,0 days 02:07:40.863000,,1,17.0,,,False,False,2021,10,British Grand Prix
0 days 02:11:07.937000,VET,5,0 days 00:01:53.237000,19.0,3.0,0 days 02:09:37.312000,,0 days 00:00:49.364000,0 days 00:00:38.205000,0 days 00:00:25.668000,0 days 02:10:04.069000,0 days 02:10:42.274000,0 days 02:11:07.942000,317.0,256.0,249.0,295.0,False,HARD,3.0,False,Aston Martin,0 days 02:09:14.700000,,1,17.0,,,False,False,2021,10,British Grand Prix
0 days 02:43:57.933000,VET,5,0 days 00:01:41.335000,40.0,3.0,,0 days 02:43:52.008000,0 days 00:00:30.753000,0 days 00:00:40.558000,0 days 00:00:30.024000,0 days 02:42:47.356000,0 days 02:43:27.914000,0 days 02:43:57.938000,286.0,236.0,,270.0,False,HARD,24.0,False,Aston Martin,0 days 02:42:16.598000,,1,17.0,,,False,False,2021,10,British Grand Prix
0 days 01:07:02.281000,OCO,31,,2.0,1.0,,0 days 01:07:00.116000,0 days 00:01:04.310000,0 days 00:00:57.138000,0 days 00:00:48.208000,0 days 01:05:17.007000,0 days 01:06:14.157000,0 days 01:07:02.392000,152.0,178.0,,130.0,False,INTERMEDIATE,2.0,True,Alpine,0 days 01:04:12.626000,,45,2.0,,,False,False,2021,11,Hungarian Grand Prix
0 days 01:33:33.100000,OCO,31,,3.0,2.0,0 days 01:31:10.321000,0 days 01:33:31.480000,,0 days 00:00:53.774000,0 days 00:00:40.057000,,0 days 01:32:53.140000,0 days 01:33:33.276000,109.0,197.0,,130.0,False,INTERMEDIATE,1.0,True,Alpine,0 days 01:31:00.096000,,1,1.0,,,False,False,2021,11,Hungarian Grand Prix
0 days 01:35:36.812000,OCO,31,0 days 00:02:03.712000,4.0,3.0,0 days 01:34:11.066000,,0 days 00:01:09.261000,0 days 00:00:30.638000,0 days 00:00:23.813000,0 days 01:34:42.433000,0 days 01:35:13.071000,0 days 01:35:36.884000,265.0,235.0,244.0,130.0,False,MEDIUM,1.0,True,Alpine,0 days 01:33:33.100000,,1,2.0,,,False,False,2021,11,Hungarian Grand Prix
0 days 02:21:36.731000,OCO,31,0 days 00:01:25.071000,37.0,3.0,,0 days 02:21:35.113000,0 days 00:00:29.841000,0 days 00:00:29.099000,0 days 00:00:26.131000,0 days 02:20:41.573000,0 days 02:21:10.672000,0 days 02:21:36.803000,272.0,239.0,,286.0,False,MEDIUM,34.0,True,Alpine,0 days 02:20:11.660000,,1,1.0,,,False,False,2021,11,Hungarian Grand Prix
0 days 02:23:16.932000,OCO,31,0 days 00:01:40.201000,38.0,4.0,0 days 02:21:56.782000,,0 days 00:00:48.036000,0 days 00:00:29.090000,0 days 00:00:23.075000,0 days 02:22:24.839000,0 days 02:22:53.929000,0 days 02:23:17.004000,276.0,240.0,248.0,286.0,False,HARD,1.0,True,Alpine,0 days 02:21:36.731000,,1,2.0,,,False,False,2021,11,Hungarian Grand Prix
0 days 01:07:00.082000,HAM,44,,2.0,1.0,,0 days 01:06:57.765000,0 days 00:01:04.715000,0 days 00:00:56.791000,0 days 00:00:47.514000,0 days 01:05:15.861000,0 days 01:06:12.592000,0 days 01:07:00.136000,122.0,172.0,,191.0,False,INTERMEDIATE,2.0,True,Mercedes,0 days 01:04:11.098000,,45,1.0,,,False,False,2021,11,Hungarian Grand Prix
0 days 01:33:46.925000,HAM,44,,3.0,2.0,0 days 01:31:06.994000,,,0 days 00:00:53.764000,0 days 00:00:55.159000,,0 days 01:32:51.849000,0 days 01:33:47.164000,100.0,206.0,48.0,191.0,False,INTERMEDIATE,1.0,True,Mercedes,0 days 01:31:00.096000,,1,13.0,,,False,False,2021,11,Hungarian Grand Prix
0 days 01:35:36.637000,HAM,44,0 days 00:01:49.712000,4.0,2.0,,0 days 01:35:35.047000,0 days 00:00:49.286000,0 days 00:00:31.913000,0 days 00:00:28.513000,0 days 01:34:36.235000,0 days 01:35:08.148000,0 days 01:35:36.661000,274.0,226.0,,245.0,False,INTERMEDIATE,2.0,True,Mercedes,0 days 01:33:46.925000,,1,1.0,,,False,False,2021,11,Hungarian Grand Prix
0 days 01:37:19.869000,HAM,44,0 days 00:01:43.232000,5.0,3.0,0 days 01:35:56.763000,,0 days 00:00:50.025000,0 days 00:00:30.038000,0 days 00:00:23.169000,0 days 01:36:26.686000,0 days 01:36:56.724000,0 days 01:37:19.893000,277.0,237.0,244.0,245.0,False,MEDIUM,4.0,False,Mercedes,0 days 01:35:36.637000,,1,14.0,,,False,False,2021,11,Hungarian Grand Prix
0 days 01:57:10.728000,HAM,44,0 days 00:01:26.667000,19.0,3.0,,0 days 01:57:09.103000,0 days 00:00:30.070000,0 days 00:00:30.271000,0 days 00:00:26.326000,0 days 01:56:14.155000,0 days 01:56:44.426000,0 days 01:57:10.752000,285.0,231.0,,307.0,False,MEDIUM,18.0,False,Mercedes,0 days 01:55:44.061000,,1,11.0,,,False,False,2021,11,Hungarian Grand Prix
0 days 01:58:50.195000,HAM,44,0 days 00:01:39.467000,20.0,4.0,0 days 01:57:30.586000,,0 days 00:00:48.026000,0 days 00:00:28.647000,0 days 00:00:22.794000,0 days 01:57:58.778000,0 days 01:58:27.425000,0 days 01:58:50.219000,278.0,241.0,250.0,307.0,False,HARD,1.0,True,Mercedes,0 days 01:57:10.728000,,1,12.0,,,False,False,2021,11,Hungarian Grand Prix
0 days 02:35:43.610000,HAM,44,0 days 00:01:24.232000,47.0,4.0,,0 days 02:35:41.969000,0 days 00:00:29.525000,0 days 00:00:29.077000,0 days 00:00:25.630000,0 days 02:34:48.927000,0 days 02:35:18.004000,0 days 02:35:43.634000,287.0,240.0,,298.0,False,HARD,28.0,True,Mercedes,0 days 02:34:19.378000,,1,4.0,,,False,False,2021,11,Hungarian Grand Prix
0 days 02:37:20.547000,HAM,44,0 days 00:01:36.937000,48.0,5.0,0 days 02:36:03.191000,,0 days 00:00:46.710000,0 days 00:00:28.087000,0 days 00:00:22.140000,0 days 02:36:30.344000,0 days 02:36:58.431000,0 days 02:37:20.571000,281.0,246.0,252.0,298.0,False,MEDIUM,1.0,True,Mercedes,0 days 02:35:43.610000,,1,5.0,,,False,False,2021,11,Hungarian Grand Prix
0 days 01:07:07.673000,SAI,55,,2.0,1.0,,0 days 01:07:04.941000,0 days 00:01:03.285000,0 days 00:00:59.046000,0 days 00:00:49.075000,0 days 01:05:19.643000,0 days 01:06:18.665000,0 days 01:07:07.876000,132.0,157.0,,163.0,False,INTERMEDIATE,2.0,True,Ferrari,0 days 01:04:16.246000,,45,4.0,,,False,False,2021,11,Hungarian Grand Prix
0 days 01:33:34.757000,SAI,55,,3.0,2.0,0 days 01:31:17.438000,0 days 01:33:33.131000,,0 days 00:00:53.399000,0 days 00:00:39.292000,,0 days 01:32:55.549000,0 days 01:33:34.971000,101.0,198.0,,163.0,False,INTERMEDIATE,1.0,True,Ferrari,0 days 01:31:00.096000,,1,3.0,,,False,False,2021,11,Hungarian Grand Prix
0 days 01:35:42.210000,SAI,55,0 days 00:02:07.453000,4.0,3.0,0 days 01:34:15.901000,,0 days 00:01:11.244000,0 days 00:00:31.762000,0 days 00:00:24.447000,0 days 01:34:46.068000,0 days 01:35:17.830000,0 days 01:35:42.277000,259.0,223.0,250.0,163.0,False,MEDIUM,1.0,True,Ferrari,0 days 01:33:34.757000,,1,6.0,,,False,False,2021,11,Hungarian Grand Prix
0 days 02:14:54.370000,SAI,55,0 days 00:01:24.716000,32.0,3.0,,0 days 02:14:52.648000,0 days 00:00:29.588000,0 days 00:00:29.039000,0 days 00:00:26.089000,0 days 02:13:59.309000,0 days 02:14:28.348000,0 days 02:14:54.437000,278.0,239.0,,291.0,False,MEDIUM,29.0,True,Ferrari,0 days 02:13:29.654000,,1,3.0,,,False,False,2021,11,Hungarian Grand Prix
0 days 02:16:35.275000,SAI,55,0 days 00:01:40.905000,33.0,4.0,0 days 02:15:14.575000,,0 days 00:00:48.218000,0 days 00:00:29.406000,0 days 00:00:23.281000,0 days 02:15:42.655000,0 days 02:16:12.061000,0 days 02:16:35.342000,276.0,239.0,249.0,291.0,False,HARD,1.0,True,Ferrari,0 days 02:14:54.370000,,1,4.0,,,False,False,2021,11,Hungarian Grand Prix
0 days 01:07:17.408000,ALO,14,,2.0,1.0,,0 days 01:07:14.373000,0 days 00:01:03.648000,0 days 00:00:59.723000,0 days 00:00:53.010000,0 days 01:05:24.749000,0 days 01:06:24.470000,0 days 01:07:17.647000,107.0,127.0,,130.0,False,INTERMEDIATE,2.0,True,Alpine,0 days 01:04:21.016000,,45,7.0,,,False,False,2021,11,Hungarian Grand Prix
0 days 01:33:42.696000,ALO,14,,3.0,2.0,0 days 01:31:28.769000,0 days 01:33:41.032000,,0 days 00:00:52.731000,0 days 00:00:42.993000,,0 days 01:32:59.790000,0 days 01:33:42.854000,81.0,147.0,,130.0,False,INTERMEDIATE,1.0,True,Alpine,0 days 01:31:00.096000,,1,6.0,,,False,False,2021,11,Hungarian Grand Prix
0 days 01:35:43.201000,ALO,14,0 days 00:02:00.505000,4.0,3.0,0 days 01:34:18.125000,,0 days 00:01:05.205000,0 days 00:00:31.251000,0 days 00:00:24.049000,0 days 01:34:47.973000,0 days 01:35:19.224000,0 days 01:35:43.273000,266.0,235.0,246.0,130.0,False,MEDIUM,1.0,True,Alpine,0 days 01:33:42.696000,,1,7.0,,,False,False,2021,11,Hungarian Grand Prix
0 days 02:24:37.477000,ALO,14,0 days 00:01:25.494000,39.0,3.0,,0 days 02:24:35.892000,0 days 00:00:30.069000,0 days 00:00:29.413000,0 days 00:00:26.012000,0 days 02:23:42.124000,0 days 02:24:11.537000,0 days 02:24:37.549000,274.0,238.0,,288.0,False,MEDIUM,36.0,True,Alpine,0 days 02:23:11.983000,,1,1.0,,,False,False,2021,11,Hungarian Grand Prix
0 days 02:26:17.206000,ALO,14,0 days 00:01:39.729000,40.0,4.0,0 days 02:24:57.371000,,0 days 00:00:47.819000,0 days 00:00:29.058000,0 days 00:00:22.852000,0 days 02:25:25.368000,0 days 02:25:54.426000,0 days 02:26:17.278000,275.0,242.0,250.0,288.0,False,HARD,1.0,True,Alpine,0 days 02:24:37.477000,,1,5.0,,,False,False,2021,11,Hungarian Grand Prix
0 days 01:07:29.893000,GAS,10,,2.0,1.0,,0 days 01:07:26.658000,0 days 00:01:01.110000,0 days 00:01:01.238000,0 days 00:00:59.331000,0 days 01:05:29.332000,0 days 01:06:30.585000,0 days 01:07:30.135000,123.0,99.0,,212.0,False,INTERMEDIATE,2.0,True,AlphaTauri,0 days 01:04:28.351000,,45,11.0,,,False,False,2021,11,Hungarian Grand Prix
0 days 01:33:45.321000,GAS,10,,3.0,2.0,0 days 01:31:43.034000,0 days 01:33:43.632000,,0 days 00:00:50.015000,0 days 00:00:39.233000,,0 days 01:33:06.182000,0 days 01:33:45.506000,227.0,170.0,,212.0,False,INTERMEDIATE,1.0,True,AlphaTauri,0 days 01:31:00.096000,,1,10.0,,,False,False,2021,11,Hungarian Grand Prix
0 days 01:35:48.191000,GAS,10,0 days 00:02:02.870000,4.0,3.0,0 days 01:34:23.430000,,0 days 00:01:07.909000,0 days 00:00:30.832000,0 days 00:00:24.129000,0 days 01:34:53.238000,0 days 01:35:24.070000,0 days 01:35:48.199000,271.0,228.0,244.0,212.0,False,MEDIUM,1.0,True,AlphaTauri,0 days 01:33:45.321000,,1,13.0,,,False,False,2021,11,Hungarian Grand Prix
0 days 02:12:26.496000,GAS,10,0 days 00:01:25.694000,30.0,3.0,,0 days 02:12:24.857000,0 days 00:00:29.937000,0 days 00:00:29.738000,0 days 00:00:26.019000,0 days 02:11:30.747000,0 days 02:12:00.485000,0 days 02:12:26.504000,274.0,234.0,,289.0,False,MEDIUM,27.0,True,AlphaTauri,0 days 02:11:00.802000,,1,5.0,,,False,False,2021,11,Hungarian Grand Prix
0 days 02:14:06.774000,GAS,10,0 days 00:01:40.278000,31.0,4.0,0 days 02:12:46.173000,,0 days 00:00:47.646000,0 days 00:00:29.510000,0 days 00:00:23.122000,0 days 02:13:14.150000,0 days 02:13:43.660000,0 days 02:14:06.782000,273.0,239.0,247.0,289.0,False,HARD,1.0,True,AlphaTauri,0 days 02:12:26.496000,,1,8.0,,,False,False,2021,11,Hungarian Grand Prix
0 days 03:04:59.076000,GAS,10,0 days 00:01:25.133000,68.0,4.0,,0 days 03:04:57.217000,0 days 00:00:29.689000,0 days 00:00:29.641000,0 days 00:00:25.803000,0 days 03:04:03.640000,0 days 03:04:33.281000,0 days 03:04:59.084000,278.0,236.0,,289.0,False,HARD,38.0,True,AlphaTauri,0 days 03:03:33.943000,,1,6.0,,,False,False,2021,11,Hungarian Grand Prix
0 days 03:06:41.382000,GAS,10,0 days 00:01:42.306000,69.0,5.0,0 days 03:05:18.699000,,0 days 00:00:48.228000,0 days 00:00:30.478000,0 days 00:00:23.600000,0 days 03:05:47.312000,0 days 03:06:17.790000,0 days 03:06:41.390000,258.0,230.0,253.0,289.0,False,SOFT,4.0,False,AlphaTauri,0 days 03:04:59.076000,,1,6.0,,,False,False,2021,11,Hungarian Grand Prix
0 days 01:07:11.163000,TSU,22,,2.0,1.0,,0 days 01:07:08.435000,0 days 00:01:03.665000,0 days 00:00:59.466000,0 days 00:00:49.686000,0 days 01:05:22.048000,0 days 01:06:21.492000,0 days 01:07:11.333000,149.0,147.0,,143.0,False,INTERMEDIATE,2.0,True,AlphaTauri,0 days 01:04:18.313000,,45,5.0,,,False,False,2021,11,Hungarian Grand Prix
0 days 01:33:35.604000,TSU,22,,3.0,2.0,0 days 01:31:22.076000,0 days 01:33:33.985000,,0 days 00:00:53.571000,0 days 00:00:38.194000,,0 days 01:32:57.498000,0 days 01:33:35.807000,112.0,175.0,,143.0,False,INTERMEDIATE,1.0,True,AlphaTauri,0 days 01:31:00.096000,,1,4.0,,,False,False,2021,11,Hungarian Grand Prix
0 days 01:35:41.669000,TSU,22,0 days 00:02:06.065000,4.0,3.0,0 days 01:34:14.786000,,0 days 00:01:10.005000,0 days 00:00:31.815000,0 days 00:00:24.245000,0 days 01:34:45.624000,0 days 01:35:17.439000,0 days 01:35:41.684000,267.0,227.0,244.0,143.0,False,MEDIUM,1.0,True,AlphaTauri,0 days 01:33:35.604000,,1,5.0,,,False,False,2021,11,Hungarian Grand Prix
0 days 02:01:08.938000,TSU,22,0 days 00:01:26.468000,22.0,3.0,,0 days 02:01:08.053000,0 days 00:00:30.394000,0 days 00:00:30.246000,0 days 00:00:25.828000,0 days 02:00:12.879000,0 days 02:00:43.125000,0 days 02:01:08.953000,273.0,237.0,,289.0,False,MEDIUM,19.0,True,AlphaTauri,0 days 01:59:42.470000,,1,5.0,,,False,False,2021,11,Hungarian Grand Prix
0 days 02:02:49.218000,TSU,22,0 days 00:01:40.280000,23.0,4.0,0 days 02:01:29.097000,,0 days 00:00:48.028000,0 days 00:00:29.264000,0 days 00:00:22.988000,0 days 02:01:56.981000,0 days 02:02:26.245000,0 days 02:02:49.233000,274.0,240.0,250.0,289.0,False,HARD,1.0,True,AlphaTauri,0 days 02:01:08.938000,,1,7.0,,,False,False,2021,11,Hungarian Grand Prix
0 days 01:07:13.599000,LAT,6,,2.0,1.0,,0 days 01:07:10.912000,0 days 00:01:04.198000,0 days 00:00:59.813000,0 days 00:00:50.057000,0 days 01:05:23.763000,0 days 01:06:23.553000,0 days 01:07:13.779000,117.0,116.0,,153.0,False,INTERMEDIATE,2.0,True,Williams,0 days 01:04:19.546000,,45,6.0,,,False,False,2021,11,Hungarian Grand Prix
0 days 01:33:36.408000,LAT,6,,3.0,2.0,0 days 01:31:25.392000,0 days 01:33:34.799000,,0 days 00:00:52.953000,0 days 00:00:37.611000,,0 days 01:32:58.835000,0 days 01:33:36.579000,89.0,129.0,,153.0,False,INTERMEDIATE,1.0,True,Williams,0 days 01:31:00.096000,,1,5.0,,,False,False,2021,11,Hungarian Grand Prix
0 days 01:35:40.954000,LAT,6,0 days 00:02:04.546000,4.0,3.0,0 days 01:34:13.967000,,0 days 00:01:08.453000,0 days 00:00:32.188000,0 days 00:00:23.905000,0 days 01:34:44.872000,0 days 01:35:17.060000,0 days 01:35:40.965000,268.0,230.0,248.0,153.0,False,MEDIUM,1.0,True,Williams,0 days 01:33:36.408000,,1,4.0,,,False,False,2021,11,Hungarian Grand Prix
0 days 02:02:31.943000,LAT,6,0 days 00:01:26.212000,23.0,3.0,,0 days 02:02:30.309000,0 days 00:00:29.936000,0 days 00:00:30.103000,0 days 00:00:26.173000,0 days 02:01:35.678000,0 days 02:02:05.781000,0 days 02:02:31.954000,270.0,239.0,,290.0,False,MEDIUM,20.0,True,Williams,0 days 02:01:05.731000,,1,4.0,,,False,False,2021,11,Hungarian Grand Prix
0 days 02:04:14.663000,LAT,6,0 days 00:01:42.720000,24.0,4.0,0 days 02:02:53.024000,,0 days 00:00:49.173000,0 days 00:00:30.153000,0 days 00:00:23.394000,0 days 02:03:21.127000,0 days 02:03:51.280000,0 days 02:04:14.674000,270.0,238.0,250.0,290.0,False,HARD,1.0,True,Williams,0 days 02:02:31.943000,,1,7.0,,,False,False,2021,11,Hungarian Grand Prix
0 days 01:07:21.232000,RUS,63,,2.0,1.0,,0 days 01:07:17.434000,0 days 00:01:03.562000,0 days 00:01:00.920000,0 days 00:00:54.087000,0 days 01:05:26.263000,0 days 01:06:27.162000,0 days 01:07:21.365000,136.0,141.0,,157.0,False,INTERMEDIATE,2.0,True,Williams,0 days 01:04:22.716000,,45,8.0,,,False,False,2021,11,Hungarian Grand Prix
0 days 01:33:43.142000,RUS,63,,3.0,2.0,0 days 01:31:34.862000,0 days 01:33:41.505000,,0 days 00:00:52.898000,0 days 00:00:40.785000,,0 days 01:33:02.429000,0 days 01:33:43.261000,202.0,168.0,,157.0,False,INTERMEDIATE,1.0,True,Williams,0 days 01:31:00.096000,,1,7.0,,,False,False,2021,11,Hungarian Grand Prix
0 days 01:35:44.197000,RUS,63,0 days 00:02:01.055000,4.0,3.0,0 days 01:34:10.922000,,0 days 00:00:58.494000,0 days 00:00:34.683000,0 days 00:00:27.878000,0 days 01:34:41.653000,0 days 01:35:16.336000,0 days 01:35:44.214000,268.0,131.0,249.0,157.0,False,MEDIUM,1.0,True,Williams,0 days 01:33:43.142000,,1,8.0,,,False,False,2021,11,Hungarian Grand Prix
0 days 01:59:54.589000,RUS,63,0 days 00:01:26.392000,21.0,3.0,,0 days 01:59:52.960000,0 days 00:00:30.160000,0 days 00:00:30.068000,0 days 00:00:26.164000,0 days 01:58:58.374000,0 days 01:59:28.442000,0 days 01:59:54.606000,273.0,239.0,,290.0,False,MEDIUM,18.0,True,Williams,0 days 01:58:28.197000,,1,7.0,,,False,False,2021,11,Hungarian Grand Prix
0 days 02:01:36.720000,RUS,63,0 days 00:01:42.131000,22.0,4.0,0 days 02:00:15.117000,,0 days 00:00:48.896000,0 days 00:00:29.827000,0 days 00:00:23.408000,0 days 02:00:43.502000,0 days 02:01:13.329000,0 days 02:01:36.737000,275.0,241.0,249.0,290.0,False,HARD,1.0,True,Williams,0 days 01:59:54.589000,,1,10.0,,,False,False,2021,11,Hungarian Grand Prix
0 days 01:04:23.703000,VER,33,0 days 00:02:10.591000,1.0,1.0,,0 days 01:04:21.951000,,0 days 00:00:49.222000,0 days 00:00:36.335000,,0 days 01:03:48.332000,0 days 01:04:23.716000,211.0,118.0,,246.0,False,INTERMEDIATE,1.0,True,Red Bull Racing,0 days 01:02:12.824000,,124,9.0,,,False,False,2021,11,Hungarian Grand Prix
0 days 01:07:37.736000,VER,33,,2.0,2.0,0 days 01:04:44.493000,0 days 01:07:33.666000,0 days 00:01:07.070000,0 days 00:01:02.222000,0 days 00:01:04.812000,0 days 01:05:30.836000,0 days 01:06:32.937000,0 days 01:07:37.886000,136.0,86.0,,,False,INTERMEDIATE,1.0,True,Red Bull Racing,0 days 01:04:23.703000,,45,13.0,,,False,False,2021,11,Hungarian Grand Prix
0 days 01:33:46.787000,VER,33,,3.0,3.0,0 days 01:31:48.263000,0 days 01:33:45.120000,,0 days 00:00:48.649000,0 days 00:00:37.428000,,0 days 01:33:09.465000,0 days 01:33:46.970000,231.0,160.0,,246.0,False,INTERMEDIATE,1.0,True,Red Bull Racing,0 days 01:31:00.096000,,1,12.0,,,False,False,2021,11,Hungarian Grand Prix
0 days 01:35:47.005000,VER,33,0 days 00:02:00.218000,4.0,4.0,0 days 01:34:20.365000,,0 days 00:01:03.481000,0 days 00:00:32.276000,0 days 00:00:24.461000,0 days 01:34:50.281000,0 days 01:35:22.557000,0 days 01:35:47.018000,266.0,227.0,247.0,246.0,False,MEDIUM,1.0,True,Red Bull Racing,0 days 01:33:46.787000,,1,12.0,,,False,False,2021,11,Hungarian Grand Prix
0 days 01:58:33.310000,VER,33,0 days 00:01:27.006000,20.0,4.0,,0 days 01:58:31.693000,0 days 00:00:30.148000,0 days 00:00:30.165000,0 days 00:00:26.693000,0 days 01:57:36.465000,0 days 01:58:06.630000,0 days 01:58:33.323000,279.0,232.0,,294.0,False,MEDIUM,17.0,True,Red Bull Racing,0 days 01:57:06.304000,,1,10.0,,,False,False,2021,11,Hungarian Grand Prix
0 days 02:00:14.841000,VER,33,0 days 00:01:41.531000,21.0,5.0,0 days 01:58:52.710000,,0 days 00:00:48.031000,0 days 00:00:30.049000,0 days 00:00:23.451000,0 days 01:59:21.354000,0 days 01:59:51.403000,0 days 02:00:14.854000,282.0,239.0,250.0,294.0,False,HARD,1.0,True,Red Bull Racing,0 days 01:58:33.310000,,1,12.0,,,False,False,2021,11,Hungarian Grand Prix
0 days 02:26:52.345000,VER,33,0 days 00:01:25.176000,40.0,5.0,,0 days 02:26:50.701000,0 days 00:00:29.695000,0 days 00:00:29.868000,0 days 00:00:25.613000,0 days 02:25:56.877000,0 days 02:26:26.745000,0 days 02:26:52.358000,286.0,239.0,,297.0,False,HARD,20.0,True,Red Bull Racing,0 days 02:25:27.169000,,1,11.0,,,False,False,2021,11,Hungarian Grand Prix
0 days 02:28:30.834000,VER,33,0 days 00:01:38.489000,41.0,6.0,0 days 02:27:11.534000,,0 days 00:00:47.013000,0 days 00:00:28.741000,0 days 00:00:22.735000,0 days 02:27:39.371000,0 days 02:28:08.112000,0 days 02:28:30.847000,281.0,243.0,251.0,297.0,False,MEDIUM,6.0,False,Red Bull Racing,0 days 02:26:52.345000,,1,12.0,,,False,False,2021,11,Hungarian Grand Prix
0 days 01:07:24.367000,RAI,7,,2.0,1.0,,0 days 01:07:20.484000,0 days 00:01:03.686000,0 days 00:01:01.260000,0 days 00:00:55.676000,0 days 01:05:27.522000,0 days 01:06:28.719000,0 days 01:07:24.532000,127.0,113.0,,159.0,False,INTERMEDIATE,2.0,True,Alfa Romeo Racing,0 days 01:04:23.734000,,45,9.0,,,False,False,2021,11,Hungarian Grand Prix
0 days 01:33:43.830000,RAI,7,,3.0,2.0,0 days 01:31:38.273000,0 days 01:33:42.172000,,0 days 00:00:51.132000,0 days 00:00:39.645000,,0 days 01:33:04.299000,0 days 01:33:44.010000,180.0,179.0,,159.0,False,INTERMEDIATE,1.0,True,Alfa Romeo Racing,0 days 01:31:00.096000,,1,8.0,,,False,False,2021,11,Hungarian Grand Prix
0 days 01:35:44.814000,RAI,7,0 days 00:02:00.984000,4.0,3.0,0 days 01:34:17.658000,,0 days 00:01:04.428000,0 days 00:00:32.184000,0 days 00:00:24.372000,0 days 01:34:48.286000,0 days 01:35:20.470000,0 days 01:35:44.842000,248.0,227.0,247.0,159.0,False,MEDIUM,1.0,True,Alfa Romeo Racing,0 days 01:33:43.830000,,1,9.0,,,False,False,2021,11,Hungarian Grand Prix
0 days 01:51:28.575000,RAI,7,0 days 00:01:27.487000,15.0,3.0,,0 days 01:51:27.392000,0 days 00:00:30.301000,0 days 00:00:30.579000,0 days 00:00:26.607000,0 days 01:50:31.417000,0 days 01:51:01.996000,0 days 01:51:28.603000,268.0,232.0,,295.0,False,MEDIUM,12.0,True,Alfa Romeo Racing,0 days 01:50:01.088000,,1,9.0,,,False,False,2021,11,Hungarian Grand Prix
0 days 01:53:24.737000,RAI,7,0 days 00:01:56.162000,16.0,4.0,0 days 01:52:03.389000,,0 days 00:01:03.094000,0 days 00:00:29.646000,0 days 00:00:23.422000,0 days 01:52:31.697000,0 days 01:53:01.343000,0 days 01:53:24.765000,275.0,237.0,247.0,295.0,False,HARD,1.0,True,Alfa Romeo Racing,0 days 01:51:28.575000,,1,14.0,,,False,False,2021,11,Hungarian Grand Prix
0 days 02:44:59.151000,RAI,7,0 days 00:01:26.133000,53.0,4.0,,0 days 02:44:57.493000,0 days 00:00:30.183000,0 days 00:00:29.809000,0 days 00:00:26.141000,0 days 02:44:03.229000,0 days 02:44:33.038000,0 days 02:44:59.179000,280.0,235.0,,298.0,False,HARD,38.0,True,Alfa Romeo Racing,0 days 02:43:33.018000,,1,12.0,,,False,False,2021,11,Hungarian Grand Prix
0 days 02:46:41.333000,RAI,7,0 days 00:01:42.182000,54.0,5.0,0 days 02:45:18.663000,,0 days 00:00:49.172000,0 days 00:00:30.074000,0 days 00:00:22.936000,0 days 02:45:48.351000,0 days 02:46:18.425000,0 days 02:46:41.361000,289.0,236.0,261.0,298.0,False,SOFT,1.0,True,Alfa Romeo Racing,0 days 02:44:59.151000,,1,12.0,,,False,False,2021,11,Hungarian Grand Prix
0 days 01:07:33.742000,RIC,3,,2.0,1.0,,0 days 01:07:28.882000,0 days 00:00:55.046000,0 days 00:01:01.468000,0 days 00:01:01.897000,0 days 01:05:30.823000,0 days 01:06:31.845000,0 days 01:07:33.897000,99.0,100.0,,210.0,False,INTERMEDIATE,2.0,True,McLaren,0 days 01:04:35.353000,,45,12.0,,,False,False,2021,11,Hungarian Grand Prix
0 days 01:33:45.945000,RIC,3,,3.0,2.0,0 days 01:31:46.086000,0 days 01:33:44.318000,,0 days 00:00:47.650000,0 days 00:00:38.292000,,0 days 01:33:07.729000,0 days 01:33:46.121000,244.0,164.0,,210.0,False,INTERMEDIATE,1.0,True,McLaren,0 days 01:31:00.096000,,1,11.0,,,False,False,2021,11,Hungarian Grand Prix
0 days 01:35:45.631000,RIC,3,0 days 00:01:59.686000,4.0,3.0,0 days 01:34:18.804000,,0 days 00:01:03.222000,0 days 00:00:32.037000,0 days 00:00:24.427000,0 days 01:34:49.167000,0 days 01:35:21.204000,0 days 01:35:45.631000,264.0,231.0,250.0,210.0,False,MEDIUM,1.0,True,McLaren,0 days 01:33:45.945000,,1,10.0,,,False,False,2021,11,Hungarian Grand Prix
0 days 01:58:31.862000,RIC,3,0 days 00:01:27.130000,20.0,3.0,,0 days 01:58:30.243000,0 days 00:00:29.915000,0 days 00:00:30.409000,0 days 00:00:26.806000,0 days 01:57:34.647000,0 days 01:58:05.056000,0 days 01:58:31.862000,278.0,236.0,,296.0,False,MEDIUM,17.0,True,McLaren,0 days 01:57:04.732000,,1,8.0,,,False,False,2021,11,Hungarian Grand Prix
0 days 02:00:13.681000,RIC,3,0 days 00:01:41.819000,21.0,4.0,0 days 01:58:51.873000,,0 days 00:00:48.771000,0 days 00:00:29.622000,0 days 00:00:23.426000,0 days 01:59:20.633000,0 days 01:59:50.255000,0 days 02:00:13.681000,282.0,243.0,252.0,296.0,False,HARD,1.0,True,McLaren,0 days 01:58:31.862000,,1,11.0,,,False,False,2021,11,Hungarian Grand Prix
0 days 01:07:26.577000,MSC,47,,2.0,1.0,,0 days 01:07:22.664000,0 days 00:01:01.938000,0 days 00:01:01.366000,0 days 00:00:56.851000,0 days 01:05:28.450000,0 days 01:06:29.802000,0 days 01:07:26.766000,107.0,94.0,,167.0,False,INTERMEDIATE,2.0,True,Haas F1 Team,0 days 01:04:26.455000,,45,10.0,,,False,False,2021,11,Hungarian Grand Prix
0 days 01:33:44.713000,MSC,47,,3.0,2.0,0 days 01:31:39.630000,0 days 01:33:44.889000,,0 days 00:00:51.448000,0 days 00:00:39.582000,,0 days 01:33:05.221000,0 days 01:33:44.889000,187.0,161.0,,167.0,False,INTERMEDIATE,1.0,True,Haas F1 Team,0 days 01:31:00.096000,,1,9.0,,,False,False,2021,11,Hungarian Grand Prix
0 days 01:35:46.529000,MSC,47,0 days 00:02:01.816000,4.0,3.0,0 days 01:34:19.740000,,0 days 00:01:04.835000,0 days 00:00:32.363000,0 days 00:00:24.618000,0 days 01:34:49.624000,0 days 01:35:21.987000,0 days 01:35:46.605000,240.0,233.0,247.0,167.0,False,MEDIUM,1.0,True,Haas F1 Team,0 days 01:33:44.713000,,1,11.0,,,False,False,2021,11,Hungarian Grand Prix
0 days 02:18:36.470000,MSC,47,0 days 00:01:30.363000,34.0,3.0,,0 days 02:18:34.877000,0 days 00:00:31.310000,0 days 00:00:31.797000,0 days 00:00:27.256000,0 days 02:17:37.493000,0 days 02:18:09.290000,0 days 02:18:36.546000,268.0,229.0,,294.0,False,MEDIUM,31.0,True,Haas F1 Team,0 days 02:17:06.107000,,1,13.0,,,False,False,2021,11,Hungarian Grand Prix
0 days 02:20:18.659000,MSC,47,0 days 00:01:42.189000,35.0,4.0,0 days 02:18:56.973000,,0 days 00:00:48.857000,0 days 00:00:29.988000,0 days 00:00:23.344000,0 days 02:19:25.403000,0 days 02:19:55.391000,0 days 02:20:18.735000,276.0,236.0,250.0,294.0,False,HARD,1.0,True,Haas F1 Team,0 days 02:18:36.470000,,1,13.0,,,False,False,2021,11,Hungarian Grand Prix
0 days 01:04:55.606000,GIO,99,0 days 00:02:42.558000,1.0,1.0,0 days 01:02:27.412000,0 days 01:04:53.872000,,0 days 00:00:57.019000,0 days 00:00:44.085000,,0 days 01:04:11.529000,0 days 01:04:55.694000,164.0,126.0,,,False,MEDIUM,1.0,True,Alfa Romeo Racing,0 days 01:02:12.824000,,124,16.0,,,False,False,2021,11,Hungarian Grand Prix
0 days 01:07:48.390000,GIO,99,,2.0,2.0,0 days 01:05:20.440000,0 days 01:07:38.817000,0 days 00:01:03.433000,0 days 00:00:42.452000,0 days 00:01:06.967000,0 days 01:05:58.979000,0 days 01:06:41.455000,0 days 01:07:48.852000,195.0,124.0,,,False,INTERMEDIATE,1.0,True,Alfa Romeo Racing,0 days 01:04:55.606000,,45,16.0,,,False,False,2021,11,Hungarian Grand Prix
0 days 01:33:49.983000,GIO,99,,3.0,3.0,0 days 01:31:55.067000,0 days 01:33:48.404000,,0 days 00:00:43.107000,0 days 00:00:38.239000,,0 days 01:33:11.773000,0 days 01:33:50.536000,237.0,197.0,,,False,INTERMEDIATE,1.0,True,Alfa Romeo Racing,0 days 01:31:00.096000,,1,15.0,,,False,False,2021,11,Hungarian Grand Prix
0 days 01:35:50.627000,GIO,99,0 days 00:02:00.644000,4.0,4.0,0 days 01:34:25.350000,,0 days 00:01:05.859000,0 days 00:00:30.809000,0 days 00:00:23.976000,0 days 01:34:55.850000,0 days 01:35:26.659000,0 days 01:35:50.635000,269.0,229.0,248.0,,False,MEDIUM,2.0,False,Alfa Romeo Racing,0 days 01:33:49.983000,,1,14.0,,,False,False,2021,11,Hungarian Grand Prix
0 days 01:45:55.072000,GIO,99,0 days 00:01:28.208000,11.0,4.0,,0 days 01:45:53.470000,0 days 00:00:30.263000,0 days 00:00:30.834000,0 days 00:00:27.111000,0 days 01:44:57.135000,0 days 01:45:27.969000,0 days 01:45:55.080000,280.0,230.0,,299.0,False,MEDIUM,9.0,False,Alfa Romeo Racing,0 days 01:44:26.864000,,1,14.0,,,False,False,2021,11,Hungarian Grand Prix
0 days 01:47:45.097000,GIO,99,0 days 00:01:50.025000,12.0,5.0,0 days 01:46:22.624000,,0 days 00:00:56.132000,0 days 00:00:30.114000,0 days 00:00:23.779000,0 days 01:46:51.212000,0 days 01:47:21.326000,0 days 01:47:45.105000,275.0,234.0,248.0,299.0,False,MEDIUM,10.0,False,Alfa Romeo Racing,0 days 01:45:55.072000,,1,14.0,,,False,False,2021,11,Hungarian Grand Prix
0 days 02:17:14.451000,GIO,99,0 days 00:01:26.449000,33.0,5.0,,0 days 02:17:12.809000,0 days 00:00:29.960000,0 days 00:00:30.166000,0 days 00:00:26.323000,0 days 02:16:17.970000,0 days 02:16:48.136000,0 days 02:17:14.459000,278.0,233.0,,295.0,False,MEDIUM,31.0,False,Alfa Romeo Racing,0 days 02:15:48.002000,,1,14.0,,,False,False,2021,11,Hungarian Grand Prix
0 days 02:18:56.072000,GIO,99,0 days 00:01:41.621000,34.0,6.0,0 days 02:17:34.706000,,0 days 00:00:48.779000,0 days 00:00:29.650000,0 days 00:00:23.192000,0 days 02:18:03.238000,0 days 02:18:32.888000,0 days 02:18:56.080000,276.0,236.0,250.0,295.0,False,HARD,1.0,True,Alfa Romeo Racing,0 days 02:17:14.451000,,1,14.0,,,False,False,2021,11,Hungarian Grand Prix
0 days 01:04:30.925000,MAZ,9,0 days 00:02:17.794000,1.0,1.0,,0 days 01:04:29.136000,,0 days 00:00:54.237000,0 days 00:00:37.606000,,0 days 01:03:53.344000,0 days 01:04:30.925000,193.0,106.0,,270.0,False,INTERMEDIATE,1.0,True,Haas F1 Team,0 days 01:02:12.824000,,124,13.0,,,False,False,2021,11,Hungarian Grand Prix
0 days 01:07:40.300000,MAZ,9,,2.0,2.0,0 days 01:04:52.848000,0 days 01:07:34.466000,0 days 00:01:02.914000,0 days 00:01:00.181000,0 days 00:01:06.392000,0 days 01:05:33.727000,0 days 01:06:33.919000,0 days 01:07:40.446000,122.0,83.0,,,False,INTERMEDIATE,1.0,True,Haas F1 Team,0 days 01:04:30.925000,,45,14.0,,,False,False,2021,11,Hungarian Grand Prix
0 days 01:33:48.918000,MAZ,9,,3.0,3.0,0 days 01:31:51.821000,0 days 01:33:47.196000,,0 days 00:00:44.326000,0 days 00:00:38.364000,,0 days 01:33:10.554000,0 days 01:33:49.004000,231.0,140.0,,270.0,False,INTERMEDIATE,1.0,True,Haas F1 Team,0 days 01:31:00.096000,,1,14.0,,,False,False,2021,11,Hungarian Grand Prix
0 days 01:04:35.422000,NOR,4,0 days 00:02:22.425000,1.0,1.0,,0 days 01:04:35.352000,,0 days 00:00:56.372000,0 days 00:00:40.521000,,0 days 01:03:54.901000,0 days 01:04:35.464000,175.0,102.0,,250.0,False,INTERMEDIATE,1.0,True,McLaren,0 days 01:02:12.824000,,124,15.0,,,False,False,2021,11,Hungarian Grand Prix
0 days 01:07:42.150000,NOR,4,,2.0,2.0,0 days 01:05:11.939000,0 days 01:07:35.720000,0 days 00:01:12.798000,0 days 00:00:47.764000,0 days 00:01:06.171000,0 days 01:05:48.215000,0 days 01:06:36.010000,0 days 01:07:42.587000,236.0,69.0,,,False,INTERMEDIATE,1.0,True,McLaren,0 days 01:04:35.422000,,45,15.0,,,False,False,2021,11,Hungarian Grand Prix
0 days 01:07:05.818000,VET,5,,2.0,1.0,,0 days 01:07:03.380000,0 days 00:01:03.566000,0 days 00:00:59.515000,0 days 00:00:48.329000,0 days 01:05:18.017000,0 days 01:06:17.538000,0 days 01:07:06.266000,159.0,166.0,,143.0,False,INTERMEDIATE,2.0,True,Aston Martin,0 days 01:04:14.400000,,45,3.0,,,False,False,2021,11,Hungarian Grand Prix
0 days 01:33:33.731000,VET,5,,3.0,2.0,0 days 01:31:14.941000,0 days 01:33:32.100000,,0 days 00:00:53.399000,0 days 00:00:39.078000,,0 days 01:32:54.724000,0 days 01:33:34.213000,92.0,184.0,,143.0,False,INTERMEDIATE,1.0,True,Aston Martin,0 days 01:31:00.096000,,1,2.0,,,False,False,2021,11,Hungarian Grand Prix
0 days 01:35:37.666000,VET,5,0 days 00:02:03.935000,4.0,3.0,0 days 01:34:13.292000,,0 days 00:01:08.899000,0 days 00:00:31.118000,0 days 00:00:23.918000,0 days 01:34:42.673000,0 days 01:35:13.791000,0 days 01:35:37.709000,253.0,228.0,248.0,143.0,False,MEDIUM,1.0,True,Aston Martin,0 days 01:33:33.731000,,1,3.0,,,False,False,2021,11,Hungarian Grand Prix
0 days 02:20:16.837000,VET,5,0 days 00:01:25.373000,36.0,3.0,,0 days 02:20:14.751000,0 days 00:00:29.724000,0 days 00:00:29.580000,0 days 00:00:26.069000,0 days 02:19:21.231000,0 days 02:19:50.811000,0 days 02:20:16.880000,276.0,237.0,,292.0,False,MEDIUM,33.0,True,Aston Martin,0 days 02:18:51.464000,,1,2.0,,,False,False,2021,11,Hungarian Grand Prix
0 days 02:21:55.644000,VET,5,0 days 00:01:38.807000,37.0,4.0,0 days 02:20:37.443000,,0 days 00:00:47.739000,0 days 00:00:28.511000,0 days 00:00:22.557000,0 days 02:21:04.619000,0 days 02:21:33.130000,0 days 02:21:55.687000,278.0,245.0,252.0,292.0,False,HARD,1.0,True,Aston Martin,0 days 02:20:16.837000,,1,3.0,,,False,False,2021,11,Hungarian Grand Prix
0 days 04:19:26.382000,VER,33,0 days 00:03:27.071000,1.0,1.0,0 days 04:16:05.434000,,,0 days 00:01:36.992000,0 days 00:00:53.620000,,0 days 04:18:32.857000,0 days 04:19:26.547000,140.0,132.0,159.0,121.0,False,UNKNOWN,1.0,False,Red Bull Racing,0 days 04:15:59.115000,,1,1.0,,,False,False,2021,12,Belgian Grand Prix
0 days 04:26:08.687000,VER,33,,3.0,1.0,,0 days 04:26:04.656000,0 days 00:00:52.264000,0 days 00:01:32.729000,0 days 00:00:59.005000,0 days 04:23:37.097000,0 days 04:25:09.777000,0 days 04:26:09.006000,166.0,110.0,,125.0,False,UNKNOWN,3.0,False,Red Bull Racing,0 days 04:22:44.731000,,15,1.0,,,False,False,2021,12,Belgian Grand Prix
0 days 04:19:28.437000,RUS,63,0 days 00:03:29.066000,1.0,1.0,0 days 04:16:08.396000,,,0 days 00:01:36.790000,0 days 00:00:54.536000,,0 days 04:18:33.958000,0 days 04:19:28.523000,150.0,119.0,162.0,119.0,False,UNKNOWN,1.0,False,Williams,0 days 04:15:59.115000,,1,2.0,,,False,False,2021,12,Belgian Grand Prix
0 days 04:26:10.546000,RUS,63,,3.0,1.0,,0 days 04:26:06.501000,0 days 00:00:51.848000,0 days 00:01:32.934000,0 days 00:00:58.604000,0 days 04:23:39.119000,0 days 04:25:11.999000,0 days 04:26:10.671000,171.0,115.0,,146.0,False,UNKNOWN,3.0,False,Williams,0 days 04:22:47.156000,,15,2.0,,,False,False,2021,12,Belgian Grand Prix
0 days 04:19:28.918000,HAM,44,0 days 00:03:29.672000,1.0,1.0,0 days 04:16:11.245000,,,0 days 00:01:36.890000,0 days 00:00:53.917000,,0 days 04:18:35.133000,0 days 04:19:29.120000,144.0,104.0,154.0,120.0,False,UNKNOWN,1.0,False,Mercedes,0 days 04:15:59.115000,,1,3.0,,,False,False,2021,12,Belgian Grand Prix
0 days 04:26:13.170000,HAM,44,,3.0,1.0,,0 days 04:26:08.180000,0 days 00:00:53.382000,0 days 00:01:31.206000,0 days 00:01:00.572000,0 days 04:23:41.540000,0 days 04:25:12.730000,0 days 04:26:13.436000,167.0,116.0,,114.0,False,UNKNOWN,3.0,False,Mercedes,0 days 04:22:48.059000,,15,3.0,,,False,False,2021,12,Belgian Grand Prix
0 days 04:19:30.915000,RIC,3,0 days 00:03:31.567000,1.0,1.0,0 days 04:16:14.826000,,,0 days 00:01:36.334000,0 days 00:00:54.696000,,0 days 04:18:36.276000,0 days 04:19:31.012000,132.0,125.0,136.0,150.0,False,UNKNOWN,1.0,False,McLaren,0 days 04:15:59.115000,,1,4.0,,,False,False,2021,12,Belgian Grand Prix
0 days 04:26:16.516000,RIC,3,,3.0,1.0,,0 days 04:26:11.601000,0 days 00:00:54.072000,0 days 00:01:30.090000,0 days 00:01:02.308000,0 days 04:23:44.201000,0 days 04:25:14.265000,0 days 04:26:16.755000,154.0,130.0,,183.0,False,UNKNOWN,3.0,False,McLaren,0 days 04:22:50.040000,,15,4.0,,,False,False,2021,12,Belgian Grand Prix
0 days 04:19:33.809000,VET,5,0 days 00:03:34.550000,1.0,1.0,0 days 04:16:19.164000,,,0 days 00:01:37.122000,0 days 00:00:55.188000,,0 days 04:18:38.709000,0 days 04:19:33.990000,173.0,95.0,127.0,173.0,False,UNKNOWN,1.0,False,Aston Martin,0 days 04:15:59.115000,,1,5.0,,,False,False,2021,12,Belgian Grand Prix
0 days 04:26:20.787000,VET,5,,3.0,1.0,,0 days 04:26:14.189000,0 days 00:00:52.916000,0 days 00:01:31.267000,0 days 00:01:04.298000,0 days 04:23:45.366000,0 days 04:25:16.577000,0 days 04:26:21.268000,178.0,129.0,,202.0,False,UNKNOWN,3.0,False,Aston Martin,0 days 04:22:52.332000,,15,5.0,,,False,False,2021,12,Belgian Grand Prix
0 days 04:19:36.522000,GAS,10,0 days 00:03:37.248000,1.0,1.0,0 days 04:16:22.073000,,,0 days 00:01:36.460000,0 days 00:00:56.332000,,0 days 04:18:40.288000,0 days 04:19:37.076000,149.0,124.0,167.0,194.0,False,UNKNOWN,1.0,False,AlphaTauri,0 days 04:15:59.115000,,1,6.0,,,False,False,2021,12,Belgian Grand Prix
0 days 04:26:25.040000,GAS,10,,3.0,1.0,,0 days 04:26:17.408000,0 days 00:00:51.854000,0 days 00:01:30.865000,0 days 00:01:06.519000,0 days 04:23:47.828000,0 days 04:25:18.619000,0 days 04:26:25.211000,180.0,126.0,,192.0,False,UNKNOWN,3.0,False,AlphaTauri,0 days 04:22:55.818000,,15,6.0,,,False,False,2021,12,Belgian Grand Prix
0 days 04:19:38.002000,OCO,31,0 days 00:03:38.650000,1.0,1.0,0 days 04:16:26.148000,,,0 days 00:01:33.383000,0 days 00:00:56.607000,,0 days 04:18:41.486000,0 days 04:19:38.130000,173.0,133.0,171.0,180.0,False,UNKNOWN,1.0,False,Alpine,0 days 04:15:59.115000,,1,7.0,,,False,False,2021,12,Belgian Grand Prix
0 days 04:26:26.531000,OCO,31,,3.0,1.0,,0 days 04:26:18.895000,0 days 00:00:54.742000,0 days 00:01:28.837000,0 days 00:01:06.524000,0 days 04:23:51.261000,0 days 04:25:20.098000,0 days 04:26:26.756000,189.0,131.0,,182.0,False,UNKNOWN,3.0,False,Alpine,0 days 04:22:56.456000,,15,7.0,,,False,False,2021,12,Belgian Grand Prix
0 days 04:19:39.034000,LEC,16,0 days 00:03:39.679000,1.0,1.0,0 days 04:16:29.578000,,,0 days 00:01:29.989000,0 days 00:00:56.823000,,0 days 04:18:42.275000,0 days 04:19:39.123000,222.0,136.0,149.0,192.0,False,UNKNOWN,1.0,False,Ferrari,0 days 04:15:59.115000,,1,8.0,,,False,False,2021,12,Belgian Grand Prix
0 days 04:26:29.387000,LEC,16,,3.0,1.0,,0 days 04:26:20.329000,0 days 00:00:55.385000,0 days 00:01:27.900000,0 days 00:01:07.960000,0 days 04:23:53.591000,0 days 04:25:21.543000,0 days 04:26:29.877000,173.0,139.0,,,False,UNKNOWN,3.0,False,Ferrari,0 days 04:22:58.146000,,15,8.0,,,False,False,2021,12,Belgian Grand Prix
0 days 04:19:41.919000,LAT,6,0 days 00:03:42.556000,1.0,1.0,0 days 04:16:33.050000,,,0 days 00:01:27.578000,0 days 00:00:58.139000,,0 days 04:18:43.842000,0 days 04:19:42.017000,171.0,127.0,149.0,161.0,False,UNKNOWN,1.0,False,Williams,0 days 04:15:59.115000,,1,9.0,,,False,False,2021,12,Belgian Grand Prix
0 days 04:26:31.077000,LAT,6,,3.0,1.0,,0 days 04:26:22.131000,0 days 00:00:55.110000,0 days 00:01:28.592000,0 days 00:01:06.688000,0 days 04:23:55.908000,0 days 04:25:24.451000,0 days 04:26:31.583000,162.0,118.0,,140.0,False,UNKNOWN,3.0,False,Williams,0 days 04:23:00.709000,,15,9.0,,,False,False,2021,12,Belgian Grand Prix
0 days 04:19:42.539000,SAI,55,0 days 00:03:43.237000,1.0,1.0,0 days 04:16:35.238000,,,0 days 00:01:25.427000,0 days 00:00:58.115000,,0 days 04:18:44.520000,0 days 04:19:42.696000,210.0,136.0,161.0,194.0,False,UNKNOWN,1.0,False,Ferrari,0 days 04:15:59.115000,,1,10.0,,,False,False,2021,12,Belgian Grand Prix
0 days 04:26:32.507000,SAI,55,,3.0,1.0,,0 days 04:26:24.348000,0 days 00:00:57.385000,0 days 00:01:26.232000,0 days 00:01:07.481000,0 days 04:23:58.920000,0 days 04:25:25.122000,0 days 04:26:33.009000,195.0,122.0,,135.0,False,UNKNOWN,3.0,False,Ferrari,0 days 04:23:01.449000,,15,10.0,,,False,False,2021,12,Belgian Grand Prix
0 days 04:19:47.015000,ALO,14,0 days 00:03:47.661000,1.0,1.0,0 days 04:16:41.190000,,,0 days 00:01:23.599000,0 days 00:01:00.543000,,0 days 04:18:46.689000,0 days 04:19:47.124000,156.0,137.0,171.0,150.0,False,UNKNOWN,1.0,False,Alpine,0 days 04:15:59.115000,,1,11.0,,,False,False,2021,12,Belgian Grand Prix
0 days 04:26:36.579000,ALO,14,,3.0,1.0,,0 days 04:26:26.782000,0 days 00:00:56.004000,0 days 00:01:27.393000,0 days 00:01:08.220000,0 days 04:24:01.093000,0 days 04:25:28.468000,0 days 04:26:37.117000,181.0,129.0,,157.0,False,UNKNOWN,3.0,False,Alpine,0 days 04:23:05.016000,,15,11.0,,,False,False,2021,12,Belgian Grand Prix
0 days 04:19:48.805000,BOT,77,0 days 00:03:49.485000,1.0,1.0,0 days 04:16:43.184000,,,0 days 00:01:21.074000,0 days 00:01:01.158000,,0 days 04:18:47.734000,0 days 04:19:48.961000,190.0,138.0,176.0,168.0,False,UNKNOWN,1.0,False,Mercedes,0 days 04:15:59.115000,,1,12.0,,,False,False,2021,12,Belgian Grand Prix
0 days 04:26:38.555000,BOT,77,,3.0,1.0,,0 days 04:26:28.946000,0 days 00:00:56.820000,0 days 00:01:26.713000,0 days 00:01:08.230000,0 days 04:24:03.699000,0 days 04:25:30.415000,0 days 04:26:39.039000,180.0,118.0,,155.0,False,UNKNOWN,3.0,False,Mercedes,0 days 04:23:06.807000,,15,12.0,,,False,False,2021,12,Belgian Grand Prix
0 days 04:19:50.600000,GIO,99,0 days 00:03:51.234000,1.0,1.0,0 days 04:16:47.072000,,,0 days 00:01:20.343000,0 days 00:01:01.243000,,0 days 04:18:49.390000,0 days 04:19:50.686000,153.0,135.0,164.0,173.0,False,UNKNOWN,1.0,False,Alfa Romeo Racing,0 days 04:15:59.115000,,1,13.0,,,False,False,2021,12,Belgian Grand Prix
0 days 04:26:41.307000,GIO,99,,3.0,1.0,,0 days 04:26:31.060000,0 days 00:00:56.479000,0 days 00:01:26.564000,0 days 00:01:09.553000,0 days 04:24:05.223000,0 days 04:25:31.852000,0 days 04:26:41.775000,167.0,134.0,,132.0,False,UNKNOWN,3.0,False,Alfa Romeo Racing,0 days 04:23:08.722000,,15,13.0,,,False,False,2021,12,Belgian Grand Prix
0 days 04:19:53.543000,NOR,4,0 days 00:03:54.181000,1.0,1.0,0 days 04:16:56.766000,,,0 days 00:01:15.041000,0 days 00:01:02.819000,,0 days 04:18:50.744000,0 days 04:19:53.630000,205.0,144.0,167.0,173.0,False,UNKNOWN,1.0,False,McLaren,0 days 04:15:59.115000,,1,14.0,,,False,False,2021,12,Belgian Grand Prix
0 days 04:26:47.804000,NOR,4,,3.0,1.0,,0 days 04:26:33.054000,0 days 00:00:57.001000,0 days 00:01:24.044000,0 days 00:01:14.788000,0 days 04:24:09.053000,0 days 04:25:33.036000,0 days 04:26:48.239000,196.0,141.0,,122.0,False,UNKNOWN,3.0,False,McLaren,0 days 04:23:11.944000,,15,14.0,,,False,False,2021,12,Belgian Grand Prix
0 days 04:19:54.819000,TSU,22,0 days 00:03:55.400000,1.0,1.0,0 days 04:16:58.998000,,,0 days 00:01:15.657000,0 days 00:01:00.882000,,0 days 04:18:53.937000,0 days 04:19:54.870000,176.0,148.0,184.0,200.0,False,UNKNOWN,1.0,False,AlphaTauri,0 days 04:15:59.115000,,1,15.0,,,False,False,2021,12,Belgian Grand Prix
0 days 04:26:54.211000,TSU,22,,3.0,1.0,,0 days 04:26:34.955000,0 days 00:00:57.867000,0 days 00:01:24.634000,0 days 00:01:18.654000,0 days 04:24:10.932000,0 days 04:25:35.557000,0 days 04:26:54.581000,138.0,150.0,,110.0,False,UNKNOWN,3.0,False,AlphaTauri,0 days 04:23:12.994000,,15,15.0,,,False,False,2021,12,Belgian Grand Prix
0 days 04:19:55.956000,MSC,47,0 days 00:03:56.578000,1.0,1.0,0 days 04:17:01.700000,,,0 days 00:01:14.604000,0 days 00:00:59.261000,,0 days 04:18:57.082000,0 days 04:19:56.023000,185.0,144.0,180.0,174.0,False,UNKNOWN,1.0,False,Haas F1 Team,0 days 04:15:59.115000,,1,16.0,,,False,False,2021,12,Belgian Grand Prix
0 days 04:27:04.521000,MSC,47,,3.0,1.0,,0 days 04:26:37.027000,0 days 00:00:57.823000,0 days 00:01:25.365000,0 days 00:01:26.618000,0 days 04:24:12.615000,0 days 04:25:37.970000,0 days 04:27:04.953000,157.0,130.0,,118.0,False,UNKNOWN,3.0,False,Haas F1 Team,0 days 04:23:14.697000,,15,16.0,,,False,False,2021,12,Belgian Grand Prix
0 days 04:19:58.406000,MAZ,9,0 days 00:03:59.064000,1.0,1.0,0 days 04:17:04.610000,,,0 days 00:01:13.457000,0 days 00:01:00.294000,,0 days 04:18:58.192000,0 days 04:19:58.460000,204.0,136.0,161.0,173.0,False,UNKNOWN,1.0,False,Haas F1 Team,0 days 04:15:59.115000,,1,17.0,,,False,False,2021,12,Belgian Grand Prix
0 days 04:27:11.404000,MAZ,9,,3.0,1.0,,0 days 04:26:39.604000,0 days 00:00:57.519000,0 days 00:01:25.715000,0 days 00:01:31.814000,0 days 04:24:13.976000,0 days 04:25:39.644000,0 days 04:27:11.870000,194.0,124.0,,152.0,False,UNKNOWN,3.0,False,Haas F1 Team,0 days 04:23:16.366000,,15,17.0,,,False,False,2021,12,Belgian Grand Prix
0 days 04:20:02.477000,RAI,7,0 days 00:04:03.125000,1.0,1.0,0 days 04:17:11.663000,,,0 days 00:01:12.941000,0 days 00:00:56.431000,,0 days 04:19:06.089000,0 days 04:20:02.562000,163.0,154.0,178.0,171.0,False,UNKNOWN,1.0,False,Alfa Romeo Racing,0 days 04:15:59.115000,,1,19.0,,,False,False,2021,12,Belgian Grand Prix
0 days 04:27:27.443000,RAI,7,,3.0,1.0,,0 days 04:26:45.626000,0 days 00:00:58.518000,0 days 00:01:24.196000,,0 days 04:24:20.015000,0 days 04:25:44.149000,,163.0,153.0,,129.0,False,UNKNOWN,3.0,False,Alfa Romeo Racing,0 days 04:23:21.374000,,15,19.0,,,False,False,2021,12,Belgian Grand Prix
0 days 04:20:04.570000,PER,11,0 days 00:04:05.276000,1.0,1.0,0 days 04:17:11.788000,,,0 days 00:01:13.949000,0 days 00:00:53.441000,,0 days 04:19:11.210000,0 days 04:20:04.756000,154.0,145.0,172.0,172.0,False,UNKNOWN,1.0,False,Red Bull Racing,0 days 04:15:59.115000,,1,20.0,,,False,False,2021,12,Belgian Grand Prix
0 days 04:27:30.402000,PER,11,,3.0,1.0,,0 days 04:26:48.509000,0 days 00:00:59.892000,0 days 00:01:21.614000,,0 days 04:24:23.933000,0 days 04:25:45.582000,,178.0,140.0,,125.0,False,UNKNOWN,3.0,False,Red Bull Racing,0 days 04:23:24.002000,,15,20.0,,,False,False,2021,12,Belgian Grand Prix
0 days 04:20:00.484000,STR,18,0 days 00:04:01.179000,1.0,1.0,0 days 04:17:06.785000,,,0 days 00:01:13.452000,0 days 00:00:59.742000,,0 days 04:19:00.802000,0 days 04:20:00.620000,193.0,151.0,160.0,172.0,False,UNKNOWN,1.0,False,Aston Martin,0 days 04:15:59.115000,,1,18.0,,,False,False,2021,12,Belgian Grand Prix
0 days 04:27:21.159000,STR,18,,3.0,1.0,,0 days 04:26:41.724000,0 days 00:00:56.964000,0 days 00:01:26.049000,0 days 00:01:39.664000,0 days 04:24:15.514000,0 days 04:25:41.555000,0 days 04:27:21.677000,147.0,125.0,,151.0,False,UNKNOWN,3.0,False,Aston Martin,0 days 04:23:18.498000,,15,18.0,,,False,False,2021,12,Belgian Grand Prix
0 days 01:28:32.759000,VER,33,0 days 00:01:18.594000,21.0,1.0,,0 days 01:28:31.219000,0 days 00:00:25.924000,0 days 00:00:26.469000,0 days 00:00:26.201000,0 days 01:27:40.104000,0 days 01:28:06.573000,0 days 01:28:32.774000,281.0,271.0,,293.0,False,SOFT,24.0,False,Red Bull Racing,0 days 01:27:14.165000,,1,1.0,,,False,False,2021,13,Dutch Grand Prix
0 days 01:30:05.333000,VER,33,0 days 00:01:32.574000,22.0,2.0,0 days 01:28:50.417000,,0 days 00:00:43.958000,0 days 00:00:25.824000,0 days 00:00:22.792000,0 days 01:29:16.732000,0 days 01:29:42.556000,0 days 01:30:05.348000,273.0,269.0,286.0,293.0,False,MEDIUM,1.0,True,Red Bull Racing,0 days 01:28:32.759000,,1,2.0,,,False,False,2021,13,Dutch Grand Prix
0 days 01:52:32.582000,VER,33,0 days 00:01:16.990000,40.0,2.0,,0 days 01:52:31.067000,0 days 00:00:25.710000,0 days 00:00:25.635000,0 days 00:00:25.645000,0 days 01:51:41.317000,0 days 01:52:06.952000,0 days 01:52:32.597000,281.0,272.0,,293.0,False,MEDIUM,19.0,True,Red Bull Racing,0 days 01:51:15.592000,,1,1.0,,,False,False,2021,13,Dutch Grand Prix
0 days 01:54:03.853000,VER,33,0 days 00:01:31.271000,41.0,3.0,0 days 01:52:49.646000,,0 days 00:00:43.580000,0 days 00:00:25.119000,0 days 00:00:22.572000,0 days 01:53:16.177000,0 days 01:53:41.296000,0 days 01:54:03.868000,279.0,270.0,287.0,293.0,False,HARD,1.0,True,Red Bull Racing,0 days 01:52:32.582000,,1,1.0,,,False,False,2021,13,Dutch Grand Prix
0 days 01:27:20.912000,HAM,44,0 days 00:01:19.092000,20.0,1.0,,0 days 01:27:19.304000,0 days 00:00:26.317000,0 days 00:00:26.715000,0 days 00:00:26.060000,0 days 01:26:28.138000,0 days 01:26:54.853000,0 days 01:27:20.913000,281.0,272.0,,292.0,False,SOFT,24.0,False,Mercedes,0 days 01:26:01.820000,,1,2.0,,,False,False,2021,13,Dutch Grand Prix
0 days 01:28:53.461000,HAM,44,0 days 00:01:32.549000,21.0,2.0,0 days 01:27:39.184000,,0 days 00:00:44.733000,0 days 00:00:25.465000,0 days 00:00:22.351000,0 days 01:28:05.646000,0 days 01:28:31.111000,0 days 01:28:53.462000,277.0,268.0,286.0,292.0,False,MEDIUM,1.0,True,Mercedes,0 days 01:27:20.912000,,1,3.0,,,False,False,2021,13,Dutch Grand Prix
0 days 01:51:21.429000,HAM,44,0 days 00:01:17.127000,39.0,2.0,,0 days 01:51:20.178000,0 days 00:00:25.494000,0 days 00:00:26.001000,0 days 00:00:25.632000,0 days 01:50:29.797000,0 days 01:50:55.798000,0 days 01:51:21.430000,281.0,276.0,,314.0,False,MEDIUM,19.0,True,Mercedes,0 days 01:50:04.302000,,1,2.0,,,False,False,2021,13,Dutch Grand Prix
0 days 01:52:53.692000,HAM,44,0 days 00:01:32.263000,40.0,3.0,0 days 01:51:38.815000,,0 days 00:00:44.099000,0 days 00:00:25.726000,0 days 00:00:22.438000,0 days 01:52:05.529000,0 days 01:52:31.255000,0 days 01:52:53.693000,281.0,273.0,286.0,314.0,False,MEDIUM,6.0,False,Mercedes,0 days 01:51:21.429000,,1,2.0,,,False,False,2021,13,Dutch Grand Prix
0 days 02:29:51.143000,HAM,44,0 days 00:01:16.335000,70.0,3.0,,0 days 02:29:49.858000,0 days 00:00:25.223000,0 days 00:00:25.605000,0 days 00:00:25.507000,0 days 02:29:00.032000,0 days 02:29:25.637000,0 days 02:29:51.144000,283.0,274.0,,294.0,False,MEDIUM,36.0,False,Mercedes,0 days 02:28:34.808000,,1,2.0,,,False,False,2021,13,Dutch Grand Prix
0 days 02:31:23.872000,HAM,44,0 days 00:01:32.729000,71.0,4.0,0 days 02:30:08.858000,,0 days 00:00:44.123000,0 days 00:00:26.106000,0 days 00:00:22.500000,0 days 02:30:35.267000,0 days 02:31:01.373000,0 days 02:31:23.873000,275.0,275.0,288.0,294.0,False,SOFT,2.0,False,Mercedes,0 days 02:29:51.143000,,1,2.0,,,False,False,2021,13,Dutch Grand Prix
0 days 01:41:26.787000,BOT,77,0 days 00:01:22.297000,31.0,1.0,,0 days 01:41:25.185000,0 days 00:00:28.065000,0 days 00:00:27.128000,0 days 00:00:27.104000,0 days 01:40:32.567000,0 days 01:40:59.695000,0 days 01:41:26.799000,281.0,273.0,,287.0,False,SOFT,35.0,False,Mercedes,0 days 01:40:04.490000,,1,3.0,,,False,False,2021,13,Dutch Grand Prix
0 days 01:42:59.574000,BOT,77,0 days 00:01:32.787000,32.0,2.0,0 days 01:41:44.174000,,0 days 00:00:44.271000,0 days 00:00:25.864000,0 days 00:00:22.652000,0 days 01:42:11.070000,0 days 01:42:36.934000,0 days 01:42:59.586000,277.0,271.0,290.0,287.0,False,MEDIUM,1.0,True,Mercedes,0 days 01:41:26.787000,,1,3.0,,,False,False,2021,13,Dutch Grand Prix
0 days 02:26:37.778000,BOT,77,0 days 00:01:19.564000,67.0,2.0,,0 days 02:26:36.190000,0 days 00:00:26.626000,0 days 00:00:26.277000,0 days 00:00:26.661000,0 days 02:25:44.852000,0 days 02:26:11.129000,0 days 02:26:37.790000,280.0,271.0,,286.0,False,MEDIUM,36.0,True,Mercedes,0 days 02:25:18.214000,,1,3.0,,,False,False,2021,13,Dutch Grand Prix
0 days 02:28:13.546000,BOT,77,0 days 00:01:35.768000,68.0,3.0,0 days 02:26:58.016000,,0 days 00:00:47.625000,0 days 00:00:25.858000,0 days 00:00:22.285000,0 days 02:27:25.415000,0 days 02:27:51.273000,0 days 02:28:13.558000,281.0,274.0,312.0,286.0,False,SOFT,2.0,False,Mercedes,0 days 02:26:37.778000,,1,3.0,,,False,False,2021,13,Dutch Grand Prix
0 days 01:32:52.922000,GAS,10,0 days 00:01:19.651000,24.0,1.0,,0 days 01:32:51.368000,0 days 00:00:26.229000,0 days 00:00:27.312000,0 days 00:00:26.110000,0 days 01:31:59.509000,0 days 01:32:26.821000,0 days 01:32:52.931000,277.0,268.0,,280.0,False,SOFT,27.0,False,AlphaTauri,0 days 01:31:33.271000,,1,5.0,,,False,False,2021,13,Dutch Grand Prix
0 days 01:34:26.116000,GAS,10,0 days 00:01:33.194000,25.0,2.0,0 days 01:33:10.615000,,0 days 00:00:43.656000,0 days 00:00:26.594000,0 days 00:00:22.944000,0 days 01:33:36.587000,0 days 01:34:03.181000,0 days 01:34:26.125000,279.0,273.0,290.0,280.0,False,MEDIUM,1.0,True,AlphaTauri,0 days 01:32:52.922000,,1,7.0,,,False,False,2021,13,Dutch Grand Prix
0 days 01:45:41.739000,LEC,16,0 days 00:01:20.851000,34.0,1.0,,0 days 01:45:40.087000,0 days 00:00:26.703000,0 days 00:00:27.396000,0 days 00:00:26.752000,0 days 01:44:47.605000,0 days 01:45:15.001000,0 days 01:45:41.753000,275.0,268.0,,293.0,False,SOFT,37.0,False,Ferrari,0 days 01:44:20.888000,,1,4.0,,,False,False,2021,13,Dutch Grand Prix
0 days 01:47:16.519000,LEC,16,0 days 00:01:34.780000,35.0,2.0,0 days 01:45:59.670000,,0 days 00:00:45.219000,0 days 00:00:26.397000,0 days 00:00:23.164000,0 days 01:46:26.972000,0 days 01:46:53.369000,0 days 01:47:16.533000,276.0,268.0,287.0,293.0,False,HARD,1.0,True,Ferrari,0 days 01:45:41.739000,,1,5.0,,,False,False,2021,13,Dutch Grand Prix
0 days 01:44:43.007000,ALO,14,0 days 00:01:20.105000,33.0,1.0,,0 days 01:44:41.413000,0 days 00:00:26.112000,0 days 00:00:27.059000,0 days 00:00:26.934000,0 days 01:43:49.024000,0 days 01:44:16.083000,0 days 01:44:43.017000,275.0,269.0,,291.0,False,SOFT,36.0,False,Alpine,0 days 01:43:22.902000,,1,6.0,,,False,False,2021,13,Dutch Grand Prix
0 days 01:46:17.248000,ALO,14,0 days 00:01:34.241000,34.0,2.0,0 days 01:45:00.439000,,0 days 00:00:43.764000,0 days 00:00:27.037000,0 days 00:00:23.440000,0 days 01:45:26.781000,0 days 01:45:53.818000,0 days 01:46:17.258000,278.0,269.0,288.0,291.0,False,MEDIUM,1.0,True,Alpine,0 days 01:44:43.007000,,1,9.0,,,False,False,2021,13,Dutch Grand Prix
0 days 01:42:00.441000,SAI,55,0 days 00:01:20.945000,31.0,1.0,,0 days 01:41:59.161000,0 days 00:00:26.669000,0 days 00:00:27.345000,0 days 00:00:26.931000,0 days 01:41:06.178000,0 days 01:41:33.523000,0 days 01:42:00.454000,274.0,268.0,,288.0,False,SOFT,34.0,False,Ferrari,0 days 01:40:39.496000,,1,5.0,,,False,False,2021,13,Dutch Grand Prix
0 days 01:43:36.263000,SAI,55,0 days 00:01:35.822000,32.0,2.0,0 days 01:42:19.162000,,0 days 00:00:45.880000,0 days 00:00:26.691000,0 days 00:00:23.251000,0 days 01:42:46.334000,0 days 01:43:13.025000,0 days 01:43:36.276000,273.0,269.0,282.0,288.0,False,HARD,1.0,True,Ferrari,0 days 01:42:00.441000,,1,7.0,,,False,False,2021,13,Dutch Grand Prix
0 days 01:03:44.716000,PER,11,0 days 00:01:36.074000,1.0,1.0,0 days 01:02:26.446000,,,0 days 00:00:27.209000,0 days 00:00:23.734000,,0 days 01:03:20.997000,0 days 01:03:44.867000,275.0,267.0,287.0,,False,HARD,1.0,True,Red Bull Racing,0 days 01:02:08.438000,,1,19.0,,,False,False,2021,13,Dutch Grand Prix
0 days 01:12:54.127000,PER,11,0 days 00:01:21.601000,8.0,1.0,,0 days 01:12:52.819000,0 days 00:00:26.934000,0 days 00:00:27.366000,0 days 00:00:27.301000,0 days 01:11:59.473000,0 days 01:12:26.839000,0 days 01:12:54.140000,280.0,278.0,,296.0,False,HARD,8.0,True,Red Bull Racing,0 days 01:11:32.526000,,1,19.0,,,False,False,2021,13,Dutch Grand Prix
0 days 01:14:27.626000,PER,11,0 days 00:01:33.499000,9.0,2.0,0 days 01:13:11.883000,,0 days 00:00:44.555000,0 days 00:00:25.847000,0 days 00:00:23.097000,0 days 01:13:38.695000,0 days 01:14:04.542000,0 days 01:14:27.639000,274.0,271.0,285.0,296.0,False,MEDIUM,1.0,True,Red Bull Racing,0 days 01:12:54.127000,,1,19.0,,,False,False,2021,13,Dutch Grand Prix
0 days 02:02:53.316000,PER,11,0 days 00:01:19.540000,47.0,2.0,,0 days 02:02:51.811000,0 days 00:00:26.147000,0 days 00:00:26.786000,0 days 00:00:26.607000,0 days 02:01:59.936000,0 days 02:02:26.722000,0 days 02:02:53.329000,281.0,273.0,,295.0,False,MEDIUM,39.0,True,Red Bull Racing,0 days 02:01:33.776000,,1,9.0,,,False,False,2021,13,Dutch Grand Prix
0 days 02:04:26.202000,PER,11,0 days 00:01:32.886000,48.0,3.0,0 days 02:03:10.401000,,0 days 00:00:43.584000,0 days 00:00:26.070000,0 days 00:00:23.232000,0 days 02:03:36.913000,0 days 02:04:02.983000,0 days 02:04:26.215000,282.0,288.0,288.0,295.0,False,SOFT,1.0,True,Red Bull Racing,0 days 02:02:53.316000,,1,11.0,,,False,False,2021,13,Dutch Grand Prix
0 days 01:42:14.406000,OCO,31,0 days 00:01:19.920000,31.0,1.0,,0 days 01:42:13.152000,0 days 00:00:26.366000,0 days 00:00:27.018000,0 days 00:00:26.536000,0 days 01:41:20.852000,0 days 01:41:47.870000,0 days 01:42:14.406000,277.0,270.0,,290.0,False,SOFT,34.0,False,Alpine,0 days 01:40:54.486000,,1,8.0,,,False,False,2021,13,Dutch Grand Prix
0 days 01:43:46.995000,OCO,31,0 days 00:01:32.589000,32.0,2.0,0 days 01:42:32.040000,,0 days 00:00:43.777000,0 days 00:00:25.896000,0 days 00:00:22.916000,0 days 01:42:58.183000,0 days 01:43:24.079000,0 days 01:43:46.995000,273.0,272.0,287.0,290.0,False,MEDIUM,1.0,True,Alpine,0 days 01:42:14.406000,,1,10.0,,,False,False,2021,13,Dutch Grand Prix
0 days 01:56:28.154000,NOR,4,0 days 00:01:19.533000,42.0,1.0,,0 days 01:56:26.590000,0 days 00:00:26.242000,0 days 00:00:26.881000,0 days 00:00:26.410000,0 days 01:55:34.866000,0 days 01:56:01.747000,0 days 01:56:28.157000,276.0,268.0,,286.0,False,MEDIUM,42.0,True,McLaren,0 days 01:55:08.621000,,1,8.0,,,False,False,2021,13,Dutch Grand Prix
0 days 01:58:03.404000,NOR,4,0 days 00:01:35.250000,43.0,2.0,0 days 01:56:47.023000,,0 days 00:00:45.754000,0 days 00:00:26.363000,0 days 00:00:23.133000,0 days 01:57:13.911000,0 days 01:57:40.274000,0 days 01:58:03.407000,282.0,271.0,288.0,286.0,False,HARD,1.0,True,McLaren,0 days 01:56:28.154000,,1,11.0,,,False,False,2021,13,Dutch Grand Prix
0 days 01:41:03.257000,RIC,3,0 days 00:01:19.869000,30.0,1.0,,0 days 01:41:01.984000,0 days 00:00:26.479000,0 days 00:00:27.048000,0 days 00:00:26.342000,0 days 01:40:09.877000,0 days 01:40:36.925000,0 days 01:41:03.267000,280.0,271.0,,293.0,False,SOFT,33.0,False,McLaren,0 days 01:39:43.388000,,1,9.0,,,False,False,2021,13,Dutch Grand Prix
0 days 01:42:39.402000,RIC,3,0 days 00:01:36.145000,31.0,2.0,0 days 01:41:23.848000,,0 days 00:00:45.490000,0 days 00:00:27.176000,0 days 00:00:23.479000,0 days 01:41:48.757000,0 days 01:42:15.933000,0 days 01:42:39.412000,281.0,273.0,284.0,293.0,False,HARD,1.0,True,McLaren,0 days 01:41:03.257000,,1,12.0,,,False,False,2021,13,Dutch Grand Prix
0 days 01:37:19.179000,STR,18,0 days 00:01:19.910000,27.0,1.0,,0 days 01:37:17.932000,0 days 00:00:26.527000,0 days 00:00:26.843000,0 days 00:00:26.540000,0 days 01:36:25.807000,0 days 01:36:52.650000,0 days 01:37:19.190000,275.0,270.0,,295.0,False,SOFT,27.0,True,Aston Martin,0 days 01:35:59.269000,,1,14.0,,,False,False,2021,13,Dutch Grand Prix
0 days 01:38:53.752000,STR,18,0 days 00:01:34.573000,28.0,2.0,0 days 01:37:37.338000,,0 days 00:00:44.855000,0 days 00:00:26.573000,0 days 00:00:23.145000,0 days 01:38:04.045000,0 days 01:38:30.618000,0 days 01:38:53.763000,279.0,269.0,290.0,295.0,False,HARD,1.0,True,Aston Martin,0 days 01:37:19.179000,,1,16.0,,,False,False,2021,13,Dutch Grand Prix
0 days 01:15:26.642000,VET,5,0 days 00:01:21.791000,10.0,1.0,,0 days 01:15:25.416000,0 days 00:00:26.699000,0 days 00:00:27.940000,0 days 00:00:27.152000,0 days 01:14:31.560000,0 days 01:14:59.500000,0 days 01:15:26.652000,282.0,271.0,,285.0,False,SOFT,10.0,True,Aston Martin,0 days 01:14:04.851000,,1,16.0,,,False,False,2021,13,Dutch Grand Prix
0 days 01:17:00.547000,VET,5,0 days 00:01:33.905000,11.0,2.0,0 days 01:15:44.054000,,0 days 00:00:44.268000,0 days 00:00:26.527000,0 days 00:00:23.110000,0 days 01:16:10.920000,0 days 01:16:37.447000,0 days 01:17:00.557000,279.0,270.0,289.0,285.0,False,HARD,1.0,True,Aston Martin,0 days 01:15:26.642000,,1,19.0,,,False,False,2021,13,Dutch Grand Prix
0 days 01:59:39.548000,VET,5,0 days 00:01:19.511000,44.0,2.0,,0 days 01:59:39.897000,0 days 00:00:26.387000,0 days 00:00:26.963000,0 days 00:00:26.161000,0 days 01:58:46.434000,0 days 01:59:13.397000,0 days 01:59:39.558000,280.0,272.0,,296.0,False,HARD,34.0,True,Aston Martin,0 days 01:58:20.037000,,1,17.0,,,False,False,2021,13,Dutch Grand Prix
0 days 02:01:12.948000,VET,5,0 days 00:01:33.400000,45.0,3.0,0 days 01:59:56.971000,,0 days 00:00:44.045000,0 days 00:00:26.402000,0 days 00:00:22.953000,0 days 02:00:23.603000,0 days 02:00:50.005000,0 days 02:01:12.958000,281.0,274.0,288.0,296.0,False,MEDIUM,1.0,True,Aston Martin,0 days 01:59:39.548000,,1,18.0,,,False,False,2021,13,Dutch Grand Prix
0 days 01:37:15.700000,GIO,99,0 days 00:01:20.442000,27.0,1.0,,0 days 01:37:14.485000,0 days 00:00:26.396000,0 days 00:00:27.403000,0 days 00:00:26.643000,0 days 01:36:21.665000,0 days 01:36:49.068000,0 days 01:37:15.711000,278.0,270.0,,295.0,False,SOFT,30.0,False,Alfa Romeo Racing,0 days 01:35:55.258000,,1,10.0,,,False,False,2021,13,Dutch Grand Prix
0 days 01:38:49.717000,GIO,99,0 days 00:01:34.017000,28.0,2.0,0 days 01:37:33.285000,,0 days 00:00:44.292000,0 days 00:00:26.659000,0 days 00:00:23.066000,0 days 01:38:00.003000,0 days 01:38:26.662000,0 days 01:38:49.728000,283.0,272.0,267.0,295.0,False,MEDIUM,1.0,True,Alfa Romeo Racing,0 days 01:37:15.700000,,1,14.0,,,False,False,2021,13,Dutch Grand Prix
0 days 01:45:19.523000,GIO,99,0 days 00:01:21.476000,33.0,2.0,,0 days 01:45:17.929000,0 days 00:00:26.917000,0 days 00:00:27.111000,0 days 00:00:27.448000,0 days 01:44:24.975000,0 days 01:44:52.086000,0 days 01:45:19.534000,277.0,268.0,,296.0,False,MEDIUM,6.0,True,Alfa Romeo Racing,0 days 01:43:58.047000,,1,14.0,,,False,False,2021,13,Dutch Grand Prix
0 days 01:46:54.987000,GIO,99,0 days 00:01:35.464000,34.0,3.0,0 days 01:45:38.070000,,0 days 00:00:45.933000,0 days 00:00:26.543000,0 days 00:00:22.988000,0 days 01:46:05.467000,0 days 01:46:32.010000,0 days 01:46:54.998000,275.0,270.0,288.0,296.0,False,HARD,1.0,True,Alfa Romeo Racing,0 days 01:45:19.523000,,1,18.0,,,False,False,2021,13,Dutch Grand Prix
0 days 01:54:31.390000,KUB,88,0 days 00:01:21.745000,40.0,1.0,,0 days 01:54:29.784000,0 days 00:00:26.780000,0 days 00:00:27.612000,0 days 00:00:27.353000,0 days 01:53:36.432000,0 days 01:54:04.044000,0 days 01:54:31.397000,280.0,272.0,,299.0,False,MEDIUM,40.0,True,Alfa Romeo Racing,0 days 01:53:09.645000,,1,18.0,,,False,False,2021,13,Dutch Grand Prix
0 days 01:56:07.739000,KUB,88,0 days 00:01:36.349000,41.0,2.0,0 days 01:54:49.623000,,0 days 00:00:46.061000,0 days 00:00:26.985000,0 days 00:00:23.303000,0 days 01:55:17.458000,0 days 01:55:44.443000,0 days 01:56:07.746000,278.0,270.0,287.0,299.0,False,HARD,1.0,True,Alfa Romeo Racing,0 days 01:54:31.390000,,1,18.0,,,False,False,2021,13,Dutch Grand Prix
0 days 01:03:45.901000,LAT,6,0 days 00:01:37.259000,1.0,1.0,0 days 01:02:27.383000,,,0 days 00:00:27.148000,0 days 00:00:23.431000,,0 days 01:03:22.532000,0 days 01:03:46.021000,278.0,271.0,293.0,,False,MEDIUM,1.0,True,Williams,0 days 01:02:08.438000,,1,20.0,,,False,False,2021,13,Dutch Grand Prix
0 days 01:32:21.373000,LAT,6,0 days 00:01:20.626000,23.0,1.0,,0 days 01:32:20.039000,0 days 00:00:26.462000,0 days 00:00:27.788000,0 days 00:00:26.376000,0 days 01:31:27.217000,0 days 01:31:55.005000,0 days 01:32:21.381000,281.0,280.0,,294.0,False,MEDIUM,23.0,True,Williams,0 days 01:31:00.747000,,1,17.0,,,False,False,2021,13,Dutch Grand Prix
0 days 01:33:56.807000,LAT,6,0 days 00:01:35.434000,24.0,2.0,0 days 01:32:40.637000,,0 days 00:00:45.992000,0 days 00:00:26.330000,0 days 00:00:23.112000,0 days 01:33:07.373000,0 days 01:33:33.703000,0 days 01:33:56.815000,278.0,271.0,289.0,294.0,False,HARD,1.0,True,Williams,0 days 01:32:21.373000,,1,19.0,,,False,False,2021,13,Dutch Grand Prix
0 days 01:37:16.787000,RUS,63,0 days 00:01:19.487000,27.0,1.0,,0 days 01:37:15.599000,0 days 00:00:26.276000,0 days 00:00:27.324000,0 days 00:00:25.887000,0 days 01:36:23.584000,0 days 01:36:50.908000,0 days 01:37:16.795000,278.0,271.0,,291.0,False,MEDIUM,27.0,True,Williams,0 days 01:35:57.300000,,1,11.0,,,False,False,2021,13,Dutch Grand Prix
0 days 01:38:51.550000,RUS,63,0 days 00:01:34.763000,28.0,2.0,0 days 01:37:33.886000,,0 days 00:00:44.856000,0 days 00:00:26.678000,0 days 00:00:23.229000,0 days 01:38:01.651000,0 days 01:38:28.329000,0 days 01:38:51.558000,292.0,284.0,309.0,291.0,False,HARD,1.0,True,Williams,0 days 01:37:16.787000,,1,15.0,,,False,False,2021,13,Dutch Grand Prix
0 days 02:29:59.504000,RUS,63,0 days 00:01:22.782000,68.0,2.0,,0 days 02:29:58.257000,0 days 00:00:27.739000,0 days 00:00:28.159000,0 days 00:00:26.884000,0 days 02:29:04.469000,0 days 02:29:32.628000,0 days 02:29:59.512000,276.0,274.0,,301.0,False,HARD,41.0,True,Williams,0 days 02:28:36.722000,,1,13.0,,,False,False,2021,13,Dutch Grand Prix
0 days 02:32:03.891000,RUS,63,0 days 00:02:04.387000,69.0,3.0,0 days 02:30:23.463000,0 days 02:31:58.196000,0 days 00:00:51.176000,0 days 00:00:32.916000,0 days 00:00:40.295000,0 days 02:30:50.688000,0 days 02:31:23.604000,0 days 02:32:03.899000,278.0,178.0,,301.0,False,SOFT,1.0,True,Williams,0 days 02:29:59.504000,,1,17.0,,,False,False,2021,13,Dutch Grand Prix
0 days 01:07:44.407000,MSC,47,0 days 00:01:25.287000,4.0,1.0,,0 days 01:07:42.811000,0 days 00:00:27.661000,0 days 00:00:28.926000,0 days 00:00:28.700000,0 days 01:06:46.788000,0 days 01:07:15.714000,0 days 01:07:44.414000,278.0,271.0,,290.0,False,SOFT,4.0,True,Haas F1 Team,0 days 01:06:19.120000,,1,20.0,,,False,False,2021,13,Dutch Grand Prix
0 days 01:09:37.204000,MSC,47,0 days 00:01:52.797000,5.0,2.0,0 days 01:08:18.407000,,0 days 00:01:02.223000,0 days 00:00:26.995000,0 days 00:00:23.579000,0 days 01:08:46.637000,0 days 01:09:13.632000,0 days 01:09:37.211000,273.0,267.0,288.0,290.0,False,HARD,1.0,True,Haas F1 Team,0 days 01:07:44.407000,,1,20.0,,,False,False,2021,13,Dutch Grand Prix
0 days 01:42:40.978000,MSC,47,0 days 00:01:24.301000,30.0,2.0,,0 days 01:42:39.468000,0 days 00:00:26.786000,0 days 00:00:27.587000,0 days 00:00:29.928000,0 days 01:41:43.470000,0 days 01:42:11.057000,0 days 01:42:40.985000,277.0,210.0,,295.0,False,HARD,26.0,True,Haas F1 Team,0 days 01:41:16.677000,,1,20.0,,,False,False,2021,13,Dutch Grand Prix
0 days 01:44:22.904000,MSC,47,0 days 00:01:41.926000,31.0,3.0,0 days 01:43:03.942000,,0 days 00:00:51.159000,0 days 00:00:27.360000,0 days 00:00:23.407000,0 days 01:43:32.144000,0 days 01:43:59.504000,0 days 01:44:22.911000,278.0,272.0,292.0,295.0,False,MEDIUM,1.0,True,Haas F1 Team,0 days 01:42:40.978000,,1,20.0,,,False,False,2021,13,Dutch Grand Prix
0 days 01:42:32.874000,TSU,22,0 days 00:01:20.565000,31.0,1.0,,0 days 01:42:31.357000,0 days 00:00:26.541000,0 days 00:00:27.497000,0 days 00:00:26.527000,0 days 01:41:38.866000,0 days 01:42:06.363000,0 days 01:42:32.890000,278.0,269.0,,293.0,False,SOFT,31.0,True,AlphaTauri,0 days 01:41:12.309000,,1,11.0,,,False,False,2021,13,Dutch Grand Prix
0 days 01:44:08.427000,TSU,22,0 days 00:01:35.553000,32.0,2.0,0 days 01:42:51.211000,,0 days 00:00:45.741000,0 days 00:00:26.770000,0 days 00:00:23.042000,0 days 01:43:18.631000,0 days 01:43:45.401000,0 days 01:44:08.443000,276.0,274.0,287.0,293.0,False,MEDIUM,1.0,True,AlphaTauri,0 days 01:42:32.874000,,1,17.0,,,False,False,2021,13,Dutch Grand Prix
0 days 02:04:45.320000,TSU,22,0 days 00:01:28.936000,48.0,2.0,,0 days 02:04:44.057000,0 days 00:00:26.167000,0 days 00:00:27.249000,0 days 00:00:35.520000,0 days 02:03:42.567000,0 days 02:04:09.816000,0 days 02:04:45.336000,279.0,259.0,,294.0,False,MEDIUM,17.0,True,AlphaTauri,0 days 02:03:16.384000,,1,16.0,,,False,False,2021,13,Dutch Grand Prix
0 days 01:45:37.228000,MAZ,9,0 days 00:01:20.999000,33.0,1.0,,0 days 01:45:35.970000,0 days 00:00:26.669000,0 days 00:00:27.449000,0 days 00:00:26.881000,0 days 01:44:42.913000,0 days 01:45:10.362000,0 days 01:45:37.243000,280.0,271.0,,299.0,False,MEDIUM,33.0,True,Haas F1 Team,0 days 01:44:16.229000,,1,19.0,,,False,False,2021,13,Dutch Grand Prix
0 days 01:47:13.749000,MAZ,9,0 days 00:01:36.521000,34.0,2.0,0 days 01:45:55.644000,,0 days 00:00:46.088000,0 days 00:00:27.066000,0 days 00:00:23.367000,0 days 01:46:23.331000,0 days 01:46:50.397000,0 days 01:47:13.764000,277.0,269.0,289.0,299.0,False,HARD,1.0,True,Haas F1 Team,0 days 01:45:37.228000,,1,19.0,,,False,False,2021,13,Dutch Grand Prix
0 days 01:56:15.994000,MAZ,9,0 days 00:01:20.779000,41.0,2.0,,0 days 01:56:14.403000,0 days 00:00:26.522000,0 days 00:00:26.751000,0 days 00:00:27.506000,0 days 01:55:21.752000,0 days 01:55:48.503000,0 days 01:56:16.009000,278.0,270.0,,290.0,False,HARD,8.0,True,Haas F1 Team,0 days 01:54:55.215000,,1,19.0,,,False,False,2021,13,Dutch Grand Prix
0 days 01:04:16.945000,GAS,10,0 days 00:02:02.171000,1.0,1.0,0 days 01:02:22.702000,,,0 days 00:00:31.018000,0 days 00:00:53.708000,,0 days 01:03:23.315000,0 days 01:04:17.132000,303.0,302.0,310.0,272.0,False,HARD,1.0,True,AlphaTauri,0 days 01:02:14.632000,,1267,18.0,,,False,False,2021,14,Italian Grand Prix
0 days 01:07:35.123000,GAS,10,0 days 00:01:49.173000,3.0,1.0,,0 days 01:07:31.414000,0 days 00:00:28.479000,0 days 00:00:37.644000,0 days 00:00:43.050000,0 days 01:06:14.470000,0 days 01:06:52.114000,0 days 01:07:35.164000,273.0,255.0,,324.0,False,HARD,3.0,True,AlphaTauri,0 days 01:05:45.950000,,1,18.0,,,False,False,2021,14,Italian Grand Prix
0 days 01:40:37.374000,PER,11,0 days 00:01:45.619000,26.0,1.0,,0 days 01:40:33.698000,0 days 00:00:28.252000,0 days 00:00:37.119000,0 days 00:00:40.248000,0 days 01:39:20.038000,0 days 01:39:57.157000,0 days 01:40:37.405000,318.0,207.0,,328.0,False,MEDIUM,26.0,True,Red Bull Racing,0 days 01:38:51.755000,,124,2.0,,,False,False,2021,14,Italian Grand Prix
0 days 01:43:21.899000,PER,11,,27.0,2.0,0 days 01:40:57.582000,,0 days 00:00:58.063000,0 days 00:00:49.412000,0 days 00:00:57.009000,0 days 01:41:35.537000,0 days 01:42:24.921000,0 days 01:43:22.085000,177.0,166.0,83.0,223.0,False,HARD,1.0,True,Red Bull Racing,0 days 01:40:37.374000,,4,4.0,,,False,False,2021,14,Italian Grand Prix
0 days 01:39:16.551000,ALO,14,0 days 00:01:32.110000,25.0,1.0,,0 days 01:39:12.860000,0 days 00:00:28.485000,0 days 00:00:30.102000,0 days 00:00:33.523000,0 days 01:38:12.996000,0 days 01:38:43.098000,0 days 01:39:16.621000,314.0,315.0,,335.0,False,MEDIUM,25.0,True,Alpine,0 days 01:37:44.441000,,1,10.0,,,False,False,2021,14,Italian Grand Prix
0 days 01:41:31.041000,ALO,14,0 days 00:02:14.490000,26.0,2.0,0 days 01:39:37.631000,,0 days 00:00:56.084000,0 days 00:00:38.120000,0 days 00:00:40.286000,0 days 01:40:12.705000,0 days 01:40:50.825000,0 days 01:41:31.111000,209.0,214.0,203.0,262.0,False,HARD,1.0,True,Alpine,0 days 01:39:16.551000,,124,11.0,,,False,False,2021,14,Italian Grand Prix
0 days 01:40:32.897000,LEC,16,0 days 00:01:44.442000,26.0,1.0,,0 days 01:40:29.227000,0 days 00:00:28.560000,0 days 00:00:32.273000,0 days 00:00:43.609000,0 days 01:39:17.025000,0 days 01:39:49.298000,0 days 01:40:32.907000,317.0,138.0,,320.0,False,MEDIUM,26.0,True,Ferrari,0 days 01:38:48.455000,,124,1.0,,,False,False,2021,14,Italian Grand Prix
0 days 01:43:17.539000,LEC,16,,27.0,2.0,0 days 01:40:54.146000,,0 days 00:00:55.121000,0 days 00:00:52.314000,0 days 00:00:57.137000,0 days 01:41:28.222000,0 days 01:42:20.412000,0 days 01:43:17.648000,238.0,186.0,137.0,276.0,False,HARD,1.0,True,Ferrari,0 days 01:40:32.897000,,4,2.0,,,False,False,2021,14,Italian Grand Prix
0 days 01:39:11.882000,STR,18,0 days 00:01:31.605000,25.0,1.0,,0 days 01:39:08.505000,0 days 00:00:28.750000,0 days 00:00:29.574000,0 days 00:00:33.281000,0 days 01:38:09.089000,0 days 01:38:38.663000,0 days 01:39:11.944000,302.0,312.0,,309.0,False,MEDIUM,27.0,False,Aston Martin,0 days 01:37:40.277000,,1,9.0,,,False,False,2021,14,Italian Grand Prix
0 days 01:41:26.655000,STR,18,0 days 00:02:14.773000,26.0,2.0,0 days 01:39:33.007000,,0 days 00:00:55.675000,0 days 00:00:39.855000,0 days 00:00:39.243000,0 days 01:40:07.619000,0 days 01:40:47.474000,0 days 01:41:26.717000,165.0,147.0,214.0,251.0,False,HARD,3.0,False,Aston Martin,0 days 01:39:11.882000,,124,10.0,,,False,False,2021,14,Italian Grand Prix
0 days 01:34:21.259000,RIC,3,0 days 00:01:32.063000,22.0,1.0,,0 days 01:34:17.595000,0 days 00:00:28.508000,0 days 00:00:29.945000,0 days 00:00:33.610000,0 days 01:33:17.717000,0 days 01:33:47.662000,0 days 01:34:21.272000,309.0,309.0,,317.0,False,MEDIUM,22.0,True,McLaren,0 days 01:32:49.196000,,1,2.0,,,False,False,2021,14,Italian Grand Prix
0 days 01:36:06.798000,RIC,3,0 days 00:01:45.539000,23.0,2.0,0 days 01:34:41.382000,,0 days 00:00:47.730000,0 days 00:00:29.202000,0 days 00:00:28.607000,0 days 01:35:09.002000,0 days 01:35:38.204000,0 days 01:36:06.811000,312.0,313.0,313.0,289.0,False,HARD,1.0,True,McLaren,0 days 01:34:21.259000,,1,7.0,,,False,False,2021,14,Italian Grand Prix
0 days 01:41:12.516000,OCO,31,0 days 00:01:55.315000,26.0,1.0,,0 days 01:41:08.822000,0 days 00:00:35.662000,0 days 00:00:36.665000,0 days 00:00:42.988000,0 days 01:39:52.931000,0 days 01:40:29.596000,0 days 01:41:12.584000,127.0,210.0,,315.0,False,MEDIUM,26.0,True,Alpine,0 days 01:39:17.201000,,124,7.0,,,False,False,2021,14,Italian Grand Prix
0 days 01:43:34.618000,OCO,31,0 days 00:02:22.102000,27.0,2.0,0 days 01:41:39.171000,,0 days 00:01:01.628000,0 days 00:00:40.873000,0 days 00:00:39.601000,0 days 01:42:14.212000,0 days 01:42:55.085000,0 days 01:43:34.686000,158.0,170.0,115.0,273.0,False,HARD,1.0,True,Alpine,0 days 01:41:12.516000,,4,11.0,,,False,False,2021,14,Italian Grand Prix
0 days 01:35:49.280000,VER,33,0 days 00:01:31.184000,23.0,1.0,,0 days 01:35:45.540000,0 days 00:00:28.654000,0 days 00:00:29.601000,0 days 00:00:32.929000,0 days 01:34:46.768000,0 days 01:35:16.369000,0 days 01:35:49.298000,306.0,309.0,,315.0,False,MEDIUM,23.0,True,Red Bull Racing,0 days 01:34:18.096000,,1,2.0,,,False,False,2021,14,Italian Grand Prix
0 days 01:37:43.349000,VER,33,0 days 00:01:54.069000,24.0,2.0,0 days 01:36:18.015000,,0 days 00:00:56.416000,0 days 00:00:28.731000,0 days 00:00:28.922000,0 days 01:36:45.714000,0 days 01:37:14.445000,0 days 01:37:43.367000,313.0,340.0,311.0,284.0,False,HARD,1.0,True,Red Bull Racing,0 days 01:35:49.280000,,1,9.0,,,False,False,2021,14,Italian Grand Prix
0 days 01:37:21.559000,NOR,4,0 days 00:01:32.641000,24.0,1.0,,0 days 01:37:17.918000,0 days 00:00:28.630000,0 days 00:00:30.606000,0 days 00:00:33.405000,0 days 01:36:17.551000,0 days 01:36:48.157000,0 days 01:37:21.562000,318.0,324.0,,314.0,False,MEDIUM,24.0,True,McLaren,0 days 01:35:48.918000,,1,3.0,,,False,False,2021,14,Italian Grand Prix
0 days 01:39:07.710000,NOR,4,0 days 00:01:46.151000,25.0,2.0,0 days 01:37:42.041000,,0 days 00:00:48.055000,0 days 00:00:29.471000,0 days 00:00:28.625000,0 days 01:38:09.617000,0 days 01:38:39.088000,0 days 01:39:07.713000,315.0,322.0,311.0,287.0,False,HARD,1.0,True,McLaren,0 days 01:37:21.559000,,1,7.0,,,False,False,2021,14,Italian Grand Prix
0 days 01:38:47.009000,HAM,44,0 days 00:01:30.855000,25.0,1.0,,0 days 01:38:43.257000,0 days 00:00:28.475000,0 days 00:00:29.541000,0 days 00:00:32.839000,0 days 01:37:44.629000,0 days 01:38:14.170000,0 days 01:38:47.009000,308.0,308.0,,327.0,False,HARD,25.0,True,Mercedes,0 days 01:37:16.154000,,1,1.0,,,False,False,2021,14,Italian Grand Prix
0 days 01:36:52.330000,MSC,47,0 days 00:01:33.142000,23.0,1.0,,0 days 01:36:48.642000,0 days 00:00:29.028000,0 days 00:00:30.010000,0 days 00:00:34.104000,0 days 01:35:48.240000,0 days 01:36:18.250000,0 days 01:36:52.354000,306.0,312.0,,311.0,False,MEDIUM,23.0,True,Haas F1 Team,0 days 01:35:19.188000,,1,17.0,,,False,False,2021,14,Italian Grand Prix
0 days 01:38:40.139000,MSC,47,0 days 00:01:47.809000,24.0,2.0,0 days 01:37:13.321000,,0 days 00:00:49.220000,0 days 00:00:29.496000,0 days 00:00:29.093000,0 days 01:37:41.574000,0 days 01:38:11.070000,0 days 01:38:40.163000,307.0,309.0,299.0,280.0,False,HARD,1.0,True,Haas F1 Team,0 days 01:36:52.330000,,1,18.0,,,False,False,2021,14,Italian Grand Prix
0 days 01:34:59.244000,VET,5,0 days 00:01:32.328000,22.0,1.0,,0 days 01:34:55.848000,0 days 00:00:28.521000,0 days 00:00:30.308000,0 days 00:00:33.499000,0 days 01:33:55.463000,0 days 01:34:25.771000,0 days 01:34:59.270000,310.0,317.0,,331.0,False,MEDIUM,24.0,False,Aston Martin,0 days 01:33:26.916000,,1,14.0,,,False,False,2021,14,Italian Grand Prix
0 days 01:36:48.420000,VET,5,0 days 00:01:49.176000,23.0,2.0,0 days 01:35:20.701000,,0 days 00:00:49.507000,0 days 00:00:29.928000,0 days 00:00:29.741000,0 days 01:35:48.777000,0 days 01:36:18.705000,0 days 01:36:48.446000,300.0,313.0,302.0,280.0,False,HARD,3.0,False,Aston Martin,0 days 01:34:59.244000,,1,15.0,,,False,False,2021,14,Italian Grand Prix
0 days 01:41:44.154000,VET,5,0 days 00:02:01.789000,26.0,2.0,,0 days 01:41:40.772000,0 days 00:00:43.861000,0 days 00:00:34.815000,0 days 00:00:43.113000,0 days 01:40:26.252000,0 days 01:41:01.067000,0 days 01:41:44.180000,275.0,214.0,,158.0,False,HARD,6.0,False,Aston Martin,0 days 01:39:42.365000,,4,13.0,,,False,False,2021,14,Italian Grand Prix
0 days 01:43:59.471000,VET,5,0 days 00:02:15.317000,27.0,3.0,0 days 01:42:06.388000,,0 days 00:00:55.037000,0 days 00:00:41.429000,0 days 00:00:38.851000,0 days 01:42:39.217000,0 days 01:43:20.646000,0 days 01:43:59.497000,217.0,154.0,249.0,262.0,False,MEDIUM,1.0,True,Aston Martin,0 days 01:41:44.154000,,4,13.0,,,False,False,2021,14,Italian Grand Prix
0 days 01:40:50.937000,SAI,55,0 days 00:01:49.421000,26.0,1.0,,0 days 01:40:47.197000,0 days 00:00:28.611000,0 days 00:00:39.391000,0 days 00:00:41.419000,0 days 01:39:30.199000,0 days 01:40:09.590000,0 days 01:40:51.009000,310.0,220.0,,313.0,False,MEDIUM,26.0,True,Ferrari,0 days 01:39:01.516000,,124,4.0,,,False,False,2021,14,Italian Grand Prix
0 days 01:43:22.518000,SAI,55,,27.0,2.0,0 days 01:41:11.495000,,0 days 00:00:54.256000,0 days 00:00:41.240000,0 days 00:00:56.135000,0 days 01:41:45.215000,0 days 01:42:26.550000,0 days 01:43:22.755000,229.0,180.0,86.0,251.0,False,HARD,1.0,True,Ferrari,0 days 01:40:50.937000,,4,5.0,,,False,False,2021,14,Italian Grand Prix
0 days 01:36:24.643000,LAT,6,0 days 00:01:32.043000,23.0,1.0,,0 days 01:36:20.928000,0 days 00:00:28.533000,0 days 00:00:30.008000,0 days 00:00:33.502000,0 days 01:35:21.146000,0 days 01:35:51.154000,0 days 01:36:24.656000,310.0,311.0,,320.0,False,MEDIUM,23.0,True,Williams,0 days 01:34:52.600000,,1,12.0,,,False,False,2021,14,Italian Grand Prix
0 days 01:38:10.835000,LAT,6,0 days 00:01:46.192000,24.0,2.0,0 days 01:36:45.111000,,0 days 00:00:48.242000,0 days 00:00:29.288000,0 days 00:00:28.662000,0 days 01:37:12.898000,0 days 01:37:42.186000,0 days 01:38:10.848000,311.0,312.0,309.0,285.0,False,HARD,1.0,True,Williams,0 days 01:36:24.643000,,1,14.0,,,False,False,2021,14,Italian Grand Prix
0 days 01:41:15.860000,RUS,63,0 days 00:01:55.947000,26.0,1.0,,0 days 01:41:12.143000,0 days 00:00:34.879000,0 days 00:00:37.455000,0 days 00:00:43.613000,0 days 01:39:54.798000,0 days 01:40:32.253000,0 days 01:41:15.866000,146.0,275.0,,311.0,False,MEDIUM,26.0,True,Williams,0 days 01:39:19.913000,,124,8.0,,,False,False,2021,14,Italian Grand Prix
0 days 01:43:31.284000,RUS,63,0 days 00:02:15.424000,27.0,2.0,0 days 01:41:36.302000,,0 days 00:00:55.294000,0 days 00:00:40.867000,0 days 00:00:39.263000,0 days 01:42:11.160000,0 days 01:42:52.027000,0 days 01:43:31.290000,151.0,223.0,119.0,287.0,False,HARD,1.0,True,Williams,0 days 01:41:15.860000,,4,9.0,,,False,False,2021,14,Italian Grand Prix
0 days 01:40:52.986000,BOT,77,0 days 00:01:50.032000,26.0,1.0,,0 days 01:40:49.225000,0 days 00:00:28.292000,0 days 00:00:39.392000,0 days 00:00:42.348000,0 days 01:39:31.319000,0 days 01:40:10.711000,0 days 01:40:53.059000,315.0,177.0,,325.0,False,HARD,26.0,True,Mercedes,0 days 01:39:02.954000,,124,5.0,,,False,False,2021,14,Italian Grand Prix
0 days 01:43:23.841000,BOT,77,,27.0,2.0,0 days 01:41:14.193000,,0 days 00:00:53.578000,0 days 00:00:41.658000,0 days 00:00:55.612000,0 days 01:41:46.661000,0 days 01:42:28.302000,0 days 01:43:24.030000,258.0,167.0,116.0,252.0,False,MEDIUM,1.0,True,Mercedes,0 days 01:40:52.986000,,4,6.0,,,False,False,2021,14,Italian Grand Prix
0 days 01:41:23.485000,KUB,88,0 days 00:01:58.104000,26.0,1.0,,0 days 01:41:19.798000,0 days 00:00:37.229000,0 days 00:00:36.598000,0 days 00:00:44.277000,0 days 01:40:02.649000,0 days 01:40:39.247000,0 days 01:41:23.524000,204.0,231.0,,317.0,False,HARD,26.0,True,Alfa Romeo Racing,0 days 01:39:25.381000,,124,9.0,,,False,False,2021,14,Italian Grand Prix
0 days 01:43:38.094000,KUB,88,0 days 00:02:14.609000,27.0,2.0,0 days 01:41:48.931000,,0 days 00:00:55.326000,0 days 00:00:40.040000,0 days 00:00:39.243000,0 days 01:42:18.850000,0 days 01:42:58.890000,0 days 01:43:38.133000,207.0,214.0,163.0,237.0,False,MEDIUM,1.0,True,Alfa Romeo Racing,0 days 01:41:23.485000,,4,12.0,,,False,False,2021,14,Italian Grand Prix
0 days 01:38:24.544000,MAZ,9,0 days 00:01:33.767000,24.0,1.0,,0 days 01:38:20.849000,0 days 00:00:28.598000,0 days 00:00:30.414000,0 days 00:00:34.755000,0 days 01:37:19.439000,0 days 01:37:49.853000,0 days 01:38:24.608000,318.0,318.0,,326.0,False,MEDIUM,24.0,True,Haas F1 Team,0 days 01:36:50.777000,,1,17.0,,,False,False,2021,14,Italian Grand Prix
0 days 01:40:26.429000,MAZ,9,0 days 00:02:01.885000,25.0,2.0,0 days 01:38:45.782000,,0 days 00:00:49.156000,0 days 00:00:30.191000,0 days 00:00:42.538000,0 days 01:39:13.764000,0 days 01:39:43.955000,0 days 01:40:26.493000,316.0,307.0,264.0,283.0,False,SOFT,4.0,False,Haas F1 Team,0 days 01:38:24.544000,,124,18.0,,,False,False,2021,14,Italian Grand Prix
0 days 01:46:15.945000,MAZ,9,0 days 00:02:09.771000,28.0,2.0,,0 days 01:46:12.163000,0 days 00:00:33.112000,0 days 00:00:46.637000,0 days 00:00:50.022000,0 days 01:44:39.350000,0 days 01:45:25.987000,0 days 01:46:16.009000,264.0,215.0,,257.0,False,SOFT,7.0,False,Haas F1 Team,0 days 01:44:06.174000,,4,16.0,,,False,False,2021,14,Italian Grand Prix
0 days 01:48:51.167000,MAZ,9,,29.0,3.0,0 days 01:46:37.040000,,0 days 00:00:51.369000,0 days 00:00:53.648000,0 days 00:00:50.205000,0 days 01:47:07.411000,0 days 01:48:01.084000,0 days 01:48:51.365000,261.0,161.0,119.0,279.0,False,HARD,1.0,True,Haas F1 Team,0 days 01:46:15.945000,,4,16.0,,,False,False,2021,14,Italian Grand Prix
0 days 02:04:28.383000,MAZ,9,0 days 00:01:36.154000,39.0,3.0,,0 days 02:04:24.688000,0 days 00:00:29.448000,0 days 00:00:31.431000,0 days 00:00:35.275000,0 days 02:03:21.741000,0 days 02:03:53.172000,0 days 02:04:28.447000,320.0,315.0,,326.0,False,HARD,11.0,True,Haas F1 Team,0 days 02:02:52.229000,,1,16.0,,,False,False,2021,14,Italian Grand Prix
0 days 02:06:21.690000,MAZ,9,0 days 00:01:53.307000,40.0,4.0,0 days 02:04:55.594000,,0 days 00:00:54.672000,0 days 00:00:29.484000,0 days 00:00:29.151000,0 days 02:05:23.119000,0 days 02:05:52.603000,0 days 02:06:21.754000,308.0,309.0,302.0,283.0,False,SOFT,1.0,True,Haas F1 Team,0 days 02:04:28.383000,,12,16.0,,,False,False,2021,14,Italian Grand Prix
0 days 01:04:23.933000,GIO,99,0 days 00:02:09.159000,1.0,1.0,,0 days 01:04:20.235000,,0 days 00:00:49.153000,0 days 00:00:48.620000,,0 days 01:03:35.409000,0 days 01:04:24.120000,325.0,216.0,,258.0,False,MEDIUM,1.0,True,Alfa Romeo Racing,0 days 01:02:14.632000,,1267,19.0,,,False,False,2021,14,Italian Grand Prix
0 days 01:06:24.792000,GIO,99,0 days 00:02:00.859000,2.0,2.0,0 days 01:04:57.420000,,0 days 00:01:01.903000,0 days 00:00:29.704000,0 days 00:00:29.252000,0 days 01:05:25.881000,0 days 01:05:55.585000,0 days 01:06:24.837000,309.0,311.0,303.0,264.0,False,HARD,1.0,True,Alfa Romeo Racing,0 days 01:04:23.933000,,1,19.0,,,False,False,2021,14,Italian Grand Prix
0 days 01:39:58.118000,GIO,99,0 days 00:01:36.621000,25.0,2.0,,0 days 01:39:54.414000,0 days 00:00:28.381000,0 days 00:00:29.676000,0 days 00:00:38.564000,0 days 01:38:49.923000,0 days 01:39:19.599000,0 days 01:39:58.163000,321.0,324.0,,330.0,False,HARD,24.0,True,Alfa Romeo Racing,0 days 01:38:21.497000,,124,16.0,,,False,False,2021,14,Italian Grand Prix
0 days 01:42:16.229000,GIO,99,0 days 00:02:18.111000,26.0,3.0,0 days 01:40:24.992000,,0 days 00:01:02.640000,0 days 00:00:35.554000,0 days 00:00:39.917000,0 days 01:41:00.803000,0 days 01:41:36.357000,0 days 01:42:16.274000,242.0,264.0,231.0,205.0,False,MEDIUM,1.0,True,Alfa Romeo Racing,0 days 01:39:58.118000,,4,15.0,,,False,False,2021,14,Italian Grand Prix
0 days 01:46:59.723000,HAM,44,0 days 00:01:45.751000,26.0,1.0,,0 days 01:46:51.444000,0 days 00:00:36.933000,0 days 00:00:34.794000,0 days 00:00:34.024000,0 days 01:45:50.943000,0 days 01:46:25.737000,0 days 01:46:59.761000,256.0,286.0,,291.0,False,MEDIUM,26.0,True,Mercedes,0 days 01:45:13.972000,,1,4.0,,,False,False,2021,15,Russian Grand Prix
0 days 01:48:58.731000,HAM,44,0 days 00:01:59.008000,27.0,2.0,0 days 01:47:21.377000,,0 days 00:00:56.591000,0 days 00:00:33.913000,0 days 00:00:28.504000,0 days 01:47:56.352000,0 days 01:48:30.265000,0 days 01:48:58.769000,258.0,294.0,168.0,291.0,False,HARD,1.0,True,Mercedes,0 days 01:46:59.723000,,1,9.0,,,False,False,2021,15,Russian Grand Prix
0 days 02:25:39.144000,HAM,44,0 days 00:01:56.879000,49.0,2.0,,0 days 02:25:30.666000,0 days 00:00:37.695000,0 days 00:00:43.480000,0 days 00:00:35.704000,0 days 02:24:19.998000,0 days 02:25:03.478000,0 days 02:25:39.182000,189.0,295.0,,254.0,False,HARD,23.0,True,Mercedes,0 days 02:23:42.265000,,12,2.0,,,False,False,2021,15,Russian Grand Prix
0 days 02:27:45.460000,HAM,44,0 days 00:02:06.316000,50.0,3.0,0 days 02:26:00.701000,,0 days 00:00:56.972000,0 days 00:00:38.328000,0 days 00:00:31.016000,0 days 02:26:36.154000,0 days 02:27:14.482000,0 days 02:27:45.498000,205.0,292.0,146.0,277.0,False,INTERMEDIATE,1.0,True,Mercedes,0 days 02:25:39.144000,,1,2.0,,,False,False,2021,15,Russian Grand Prix
0 days 01:47:05.431000,VER,33,0 days 00:01:45.393000,26.0,1.0,,0 days 01:46:57.480000,0 days 00:00:35.968000,0 days 00:00:34.976000,0 days 00:00:34.449000,0 days 01:45:56.006000,0 days 01:46:30.982000,0 days 01:47:05.431000,250.0,300.0,,300.0,False,HARD,26.0,True,Red Bull Racing,0 days 01:45:20.038000,,1,6.0,,,False,False,2021,15,Russian Grand Prix
0 days 01:49:05.203000,VER,33,0 days 00:01:59.772000,27.0,2.0,0 days 01:47:26.952000,,0 days 00:00:55.660000,0 days 00:00:34.154000,0 days 00:00:29.958000,0 days 01:48:01.091000,0 days 01:48:35.245000,0 days 01:49:05.203000,252.0,304.0,168.0,302.0,False,MEDIUM,1.0,True,Red Bull Racing,0 days 01:47:05.431000,,1,12.0,,,False,False,2021,15,Russian Grand Prix
0 days 02:24:39.038000,VER,33,0 days 00:02:03.080000,48.0,2.0,,0 days 02:24:30.622000,0 days 00:00:39.377000,0 days 00:00:44.445000,0 days 00:00:39.258000,0 days 02:23:15.335000,0 days 02:23:59.780000,0 days 02:24:39.038000,209.0,303.0,,247.0,False,MEDIUM,22.0,True,Red Bull Racing,0 days 02:22:35.958000,,12,6.0,,,False,False,2021,15,Russian Grand Prix
0 days 02:26:46.688000,VER,33,0 days 00:02:07.650000,49.0,3.0,0 days 02:25:01.605000,,0 days 00:00:57.860000,0 days 00:00:37.521000,0 days 00:00:32.269000,0 days 02:25:36.898000,0 days 02:26:14.419000,0 days 02:26:46.688000,222.0,301.0,158.0,288.0,False,INTERMEDIATE,1.0,True,Red Bull Racing,0 days 02:24:39.038000,,1,7.0,,,False,False,2021,15,Russian Grand Prix
0 days 01:26:40.486000,SAI,55,0 days 00:01:48.223000,14.0,1.0,,0 days 01:26:32.474000,0 days 00:00:36.974000,0 days 00:00:36.232000,0 days 00:00:35.017000,0 days 01:25:29.276000,0 days 01:26:05.508000,0 days 01:26:40.525000,238.0,281.0,,274.0,False,MEDIUM,14.0,True,Ferrari,0 days 01:24:52.263000,,1,3.0,,,False,False,2021,15,Russian Grand Prix
0 days 01:28:42.454000,SAI,55,0 days 00:02:01.968000,15.0,2.0,0 days 01:27:03.126000,,0 days 00:00:57.485000,0 days 00:00:35,0 days 00:00:29.483000,0 days 01:27:38.010000,0 days 01:28:13.010000,0 days 01:28:42.493000,243.0,286.0,167.0,294.0,False,HARD,1.0,True,Ferrari,0 days 01:26:40.486000,,1,13.0,,,False,False,2021,15,Russian Grand Prix
0 days 02:24:41.059000,SAI,55,0 days 00:02:12.870000,48.0,2.0,,0 days 02:24:32.414000,0 days 00:00:41.157000,0 days 00:00:48.951000,0 days 00:00:42.762000,0 days 02:23:09.385000,0 days 02:23:58.336000,0 days 02:24:41.098000,198.0,288.0,,252.0,False,HARD,34.0,True,Ferrari,0 days 02:22:28.189000,,21,7.0,,,False,False,2021,15,Russian Grand Prix
0 days 02:26:51.468000,SAI,55,0 days 00:02:10.409000,49.0,3.0,0 days 02:25:03.078000,,0 days 00:00:58.399000,0 days 00:00:38.844000,0 days 00:00:33.166000,0 days 02:25:39.497000,0 days 02:26:18.341000,0 days 02:26:51.507000,225.0,294.0,147.0,287.0,False,INTERMEDIATE,7.0,False,Ferrari,0 days 02:24:41.059000,,1,8.0,,,False,False,2021,15,Russian Grand Prix
0 days 01:40:17.539000,RIC,3,0 days 00:01:46.200000,22.0,1.0,,0 days 01:40:09.519000,0 days 00:00:36.472000,0 days 00:00:35.385000,0 days 00:00:34.343000,0 days 01:39:07.844000,0 days 01:39:43.229000,0 days 01:40:17.572000,254.0,276.0,,284.0,False,MEDIUM,22.0,True,McLaren,0 days 01:38:31.339000,,1,6.0,,,False,False,2021,15,Russian Grand Prix
0 days 01:42:22.629000,RIC,3,0 days 00:02:05.090000,23.0,2.0,0 days 01:40:43.117000,,0 days 00:01:00.653000,0 days 00:00:34.552000,0 days 00:00:29.885000,0 days 01:41:18.225000,0 days 01:41:52.777000,0 days 01:42:22.662000,253.0,314.0,166.0,290.0,False,HARD,1.0,True,McLaren,0 days 01:40:17.539000,,1,14.0,,,False,False,2021,15,Russian Grand Prix
0 days 02:24:42.608000,RIC,3,0 days 00:02:10.096000,48.0,2.0,,0 days 02:24:34.429000,0 days 00:00:40.137000,0 days 00:00:49.039000,0 days 00:00:40.920000,0 days 02:23:12.682000,0 days 02:24:01.721000,0 days 02:24:42.641000,195.0,290.0,,242.0,False,HARD,26.0,True,McLaren,0 days 02:22:32.512000,,12,8.0,,,False,False,2021,15,Russian Grand Prix
0 days 02:26:55.111000,RIC,3,0 days 00:02:12.503000,49.0,3.0,0 days 02:25:05.379000,,0 days 00:00:59.295000,0 days 00:00:39.941000,0 days 00:00:33.267000,0 days 02:25:41.936000,0 days 02:26:21.877000,0 days 02:26:55.144000,218.0,287.0,153.0,275.0,False,INTERMEDIATE,4.0,False,McLaren,0 days 02:24:42.608000,,1,9.0,,,False,False,2021,15,Russian Grand Prix
0 days 01:50:42.285000,BOT,77,0 days 00:01:45.623000,28.0,1.0,,0 days 01:50:34.250000,0 days 00:00:35.938000,0 days 00:00:35.217000,0 days 00:00:34.468000,0 days 01:49:32.634000,0 days 01:50:07.851000,0 days 01:50:42.319000,253.0,293.0,,300.0,False,HARD,28.0,True,Mercedes,0 days 01:48:56.662000,,1,10.0,,,False,False,2021,15,Russian Grand Prix
0 days 01:52:40.735000,BOT,77,0 days 00:01:58.450000,29.0,2.0,0 days 01:51:04.085000,,0 days 00:00:56.261000,0 days 00:00:33.823000,0 days 00:00:28.366000,0 days 01:51:38.580000,0 days 01:52:12.403000,0 days 01:52:40.769000,257.0,289.0,171.0,300.0,False,MEDIUM,1.0,True,Mercedes,0 days 01:50:42.285000,,1,16.0,,,False,False,2021,15,Russian Grand Prix
0 days 02:23:04.992000,BOT,77,0 days 00:01:56.105000,47.0,2.0,,0 days 02:22:56.758000,0 days 00:00:37.623000,0 days 00:00:41.631000,0 days 00:00:36.851000,0 days 02:21:46.544000,0 days 02:22:28.175000,0 days 02:23:05.026000,196.0,292.0,,296.0,False,MEDIUM,19.0,True,Mercedes,0 days 02:21:08.887000,,12,14.0,,,False,False,2021,15,Russian Grand Prix
0 days 02:25:12.032000,BOT,77,0 days 00:02:07.040000,48.0,3.0,0 days 02:23:26.231000,,0 days 00:00:57.341000,0 days 00:00:38.139000,0 days 00:00:31.560000,0 days 02:24:02.367000,0 days 02:24:40.506000,0 days 02:25:12.066000,229.0,289.0,158.0,288.0,False,INTERMEDIATE,1.0,True,Mercedes,0 days 02:23:04.992000,,12,13.0,,,False,False,2021,15,Russian Grand Prix
0 days 02:03:46.614000,ALO,14,0 days 00:01:45.367000,36.0,1.0,,0 days 02:03:38.668000,0 days 00:00:36.144000,0 days 00:00:34.650000,0 days 00:00:34.573000,0 days 02:02:37.432000,0 days 02:03:12.082000,0 days 02:03:46.655000,255.0,293.0,,287.0,False,HARD,36.0,True,Alpine,0 days 02:02:01.247000,,1,4.0,,,False,False,2021,15,Russian Grand Prix
0 days 02:05:47.291000,ALO,14,0 days 00:02:00.677000,37.0,2.0,0 days 02:04:09.041000,,0 days 00:00:56.335000,0 days 00:00:34.927000,0 days 00:00:29.415000,0 days 02:04:42.990000,0 days 02:05:17.917000,0 days 02:05:47.332000,234.0,300.0,171.0,295.0,False,MEDIUM,1.0,True,Alpine,0 days 02:03:46.614000,,1,7.0,,,False,False,2021,15,Russian Grand Prix
0 days 02:28:42.226000,ALO,14,0 days 00:02:19.378000,50.0,2.0,,0 days 02:28:33.493000,0 days 00:00:42.154000,0 days 00:00:52.812000,0 days 00:00:44.412000,0 days 02:27:05.043000,0 days 02:27:57.855000,0 days 02:28:42.267000,166.0,245.0,,243.0,False,MEDIUM,14.0,True,Alpine,0 days 02:26:22.848000,,12,5.0,,,False,False,2021,15,Russian Grand Prix
0 days 02:31:00.772000,ALO,14,0 days 00:02:18.546000,51.0,3.0,0 days 02:29:04.073000,,0 days 00:01:01.767000,0 days 00:00:42.490000,0 days 00:00:34.289000,0 days 02:29:44.034000,0 days 02:30:26.524000,0 days 02:31:00.813000,167.0,291.0,154.0,227.0,False,INTERMEDIATE,1.0,True,Alpine,0 days 02:28:42.226000,,12,7.0,,,False,False,2021,15,Russian Grand Prix
0 days 01:50:10.167000,NOR,4,0 days 00:01:45.622000,28.0,1.0,,0 days 01:50:02.153000,0 days 00:00:36.397000,0 days 00:00:35.108000,0 days 00:00:34.117000,0 days 01:49:00.968000,0 days 01:49:36.076000,0 days 01:50:10.193000,248.0,278.0,,283.0,False,MEDIUM,28.0,True,McLaren,0 days 01:48:24.545000,,1,1.0,,,False,False,2021,15,Russian Grand Prix
0 days 01:52:09.606000,NOR,4,0 days 00:01:59.439000,29.0,2.0,0 days 01:50:31.958000,,0 days 00:00:56.396000,0 days 00:00:34.513000,0 days 00:00:28.530000,0 days 01:51:06.589000,0 days 01:51:41.102000,0 days 01:52:09.632000,251.0,280.0,171.0,292.0,False,HARD,1.0,True,McLaren,0 days 01:50:10.167000,,1,4.0,,,False,False,2021,15,Russian Grand Prix
0 days 02:30:41.562000,NOR,4,,51.0,2.0,,0 days 02:30:31.563000,0 days 00:00:52.556000,0 days 00:01:19.683000,0 days 00:00:58.842000,0 days 02:28:23.081000,0 days 02:29:42.757000,0 days 02:30:41.689000,134.0,187.0,,246.0,False,HARD,23.0,True,McLaren,0 days 02:27:30.465000,,12,4.0,,,False,False,2021,15,Russian Grand Prix
0 days 02:32:57.939000,NOR,4,0 days 00:02:16.377000,52.0,3.0,0 days 02:31:04.154000,,0 days 00:01:02.344000,0 days 00:00:39.649000,0 days 00:00:34.384000,0 days 02:31:43.932000,0 days 02:32:23.581000,0 days 02:32:57.965000,210.0,299.0,148.0,247.0,False,INTERMEDIATE,6.0,False,McLaren,0 days 02:30:41.562000,,1,8.0,,,False,False,2021,15,Russian Grand Prix
0 days 01:28:35.292000,RAI,7,0 days 00:01:46.725000,15.0,1.0,,0 days 01:28:27.346000,0 days 00:00:36.489000,0 days 00:00:35.430000,0 days 00:00:34.806000,0 days 01:27:25.091000,0 days 01:28:00.521000,0 days 01:28:35.327000,254.0,300.0,,303.0,False,MEDIUM,15.0,True,Alfa Romeo Racing,0 days 01:26:48.567000,,1,10.0,,,False,False,2021,15,Russian Grand Prix
0 days 01:30:37.916000,RAI,7,0 days 00:02:02.624000,16.0,2.0,0 days 01:28:57.692000,,0 days 00:00:57.542000,0 days 00:00:35.377000,0 days 00:00:29.705000,0 days 01:29:32.869000,0 days 01:30:08.246000,0 days 01:30:37.951000,250.0,292.0,160.0,279.0,False,HARD,1.0,True,Alfa Romeo Racing,0 days 01:28:35.292000,,1,16.0,,,False,False,2021,15,Russian Grand Prix
0 days 02:23:06.023000,RAI,7,0 days 00:01:58.451000,47.0,2.0,,0 days 02:22:58.015000,0 days 00:00:37.350000,0 days 00:00:43.602000,0 days 00:00:37.499000,0 days 02:21:44.957000,0 days 02:22:28.559000,0 days 02:23:06.058000,215.0,266.0,,302.0,False,HARD,32.0,True,Alfa Romeo Racing,0 days 02:21:07.572000,,12,15.0,,,False,False,2021,15,Russian Grand Prix
0 days 02:25:16.430000,RAI,7,0 days 00:02:10.407000,48.0,3.0,0 days 02:23:28.403000,,0 days 00:00:58.342000,0 days 00:00:38.655000,0 days 00:00:33.410000,0 days 02:24:04.400000,0 days 02:24:43.055000,0 days 02:25:16.465000,236.0,297.0,141.0,246.0,False,INTERMEDIATE,1.0,True,Alfa Romeo Racing,0 days 02:23:06.023000,,12,15.0,,,False,False,2021,15,Russian Grand Prix
0 days 02:03:39.265000,PER,11,0 days 00:01:45.808000,36.0,1.0,,0 days 02:03:30.837000,0 days 00:00:36.166000,0 days 00:00:35.084000,0 days 00:00:34.558000,0 days 02:02:29.632000,0 days 02:03:04.716000,0 days 02:03:39.274000,256.0,292.0,,293.0,False,HARD,36.0,True,Red Bull Racing,0 days 02:01:53.457000,,1,1.0,,,False,False,2021,15,Russian Grand Prix
0 days 02:05:45.177000,PER,11,0 days 00:02:05.912000,37.0,2.0,0 days 02:04:06.795000,,0 days 00:01:02.024000,0 days 00:00:34.645000,0 days 00:00:29.243000,0 days 02:04:41.298000,0 days 02:05:15.943000,0 days 02:05:45.186000,251.0,297.0,167.0,292.0,False,MEDIUM,1.0,True,Red Bull Racing,0 days 02:03:39.265000,,1,5.0,,,False,False,2021,15,Russian Grand Prix
0 days 02:28:46.024000,PER,11,0 days 00:02:22.334000,50.0,2.0,,0 days 02:28:35.393000,0 days 00:00:41.975000,0 days 00:00:51.529000,0 days 00:00:48.830000,0 days 02:27:05.674000,0 days 02:27:57.203000,0 days 02:28:46.033000,172.0,254.0,,236.0,False,MEDIUM,14.0,True,Red Bull Racing,0 days 02:26:23.690000,,12,7.0,,,False,False,2021,15,Russian Grand Prix
0 days 02:31:05.191000,PER,11,0 days 00:02:19.167000,51.0,3.0,0 days 02:29:07.706000,,0 days 00:01:02.118000,0 days 00:00:42.545000,0 days 00:00:34.504000,0 days 02:29:48.151000,0 days 02:30:30.696000,0 days 02:31:05.200000,169.0,291.0,155.0,226.0,False,INTERMEDIATE,1.0,True,Red Bull Racing,0 days 02:28:46.024000,,12,9.0,,,False,False,2021,15,Russian Grand Prix
0 days 01:25:01.536000,RUS,63,0 days 00:01:46.855000,13.0,1.0,,0 days 01:24:53.562000,0 days 00:00:36.270000,0 days 00:00:35.592000,0 days 00:00:34.993000,0 days 01:23:50.987000,0 days 01:24:26.579000,0 days 01:25:01.572000,247.0,286.0,,302.0,False,MEDIUM,13.0,True,Williams,0 days 01:23:14.681000,,1,6.0,,,False,False,2021,15,Russian Grand Prix
0 days 01:27:04.085000,RUS,63,0 days 00:02:02.549000,14.0,2.0,0 days 01:25:24.476000,,0 days 00:00:57.638000,0 days 00:00:34.958000,0 days 00:00:29.953000,0 days 01:25:59.210000,0 days 01:26:34.168000,0 days 01:27:04.121000,248.0,294.0,166.0,296.0,False,HARD,1.0,True,Williams,0 days 01:25:01.536000,,1,15.0,,,False,False,2021,15,Russian Grand Prix
0 days 02:23:03.393000,RUS,63,0 days 00:01:58.652000,47.0,2.0,,0 days 02:22:55.402000,0 days 00:00:37.359000,0 days 00:00:43.866000,0 days 00:00:37.427000,0 days 02:21:42.136000,0 days 02:22:26.002000,0 days 02:23:03.429000,199.0,277.0,,300.0,False,HARD,34.0,True,Williams,0 days 02:21:04.741000,,12,13.0,,,False,False,2021,15,Russian Grand Prix
0 days 02:25:15.938000,RUS,63,0 days 00:02:12.545000,48.0,3.0,0 days 02:23:27.369000,,0 days 00:01:00.323000,0 days 00:00:38.607000,0 days 00:00:33.615000,0 days 02:24:03.752000,0 days 02:24:42.359000,0 days 02:25:15.974000,218.0,294.0,148.0,250.0,False,INTERMEDIATE,5.0,False,Williams,0 days 02:23:03.393000,,12,14.0,,,False,False,2021,15,Russian Grand Prix
0 days 01:23:19.932000,STR,18,0 days 00:01:46.628000,12.0,1.0,,0 days 01:23:12.095000,0 days 00:00:36.246000,0 days 00:00:35.396000,0 days 00:00:34.986000,0 days 01:22:09.590000,0 days 01:22:44.986000,0 days 01:23:19.972000,249.0,304.0,,313.0,False,MEDIUM,12.0,True,Aston Martin,0 days 01:21:33.304000,,1,7.0,,,False,False,2021,15,Russian Grand Prix
0 days 01:25:21.324000,STR,18,0 days 00:02:01.392000,13.0,2.0,0 days 01:23:42.452000,,0 days 00:00:57.070000,0 days 00:00:35.193000,0 days 00:00:29.129000,0 days 01:24:17.042000,0 days 01:24:52.235000,0 days 01:25:21.364000,250.0,276.0,166.0,290.0,False,HARD,1.0,True,Aston Martin,0 days 01:23:19.932000,,1,15.0,,,False,False,2021,15,Russian Grand Prix
0 days 02:25:08.022000,STR,18,0 days 00:02:15.262000,48.0,2.0,,0 days 02:25:00.056000,0 days 00:00:39.714000,0 days 00:00:55.451000,0 days 00:00:40.097000,0 days 02:23:32.514000,0 days 02:24:27.965000,0 days 02:25:08.062000,203.0,247.0,,260.0,False,HARD,36.0,True,Aston Martin,0 days 02:22:52.760000,,12,12.0,,,False,False,2021,15,Russian Grand Prix
0 days 02:27:34.104000,STR,18,0 days 00:02:26.082000,49.0,3.0,0 days 02:25:42.829000,,0 days 00:01:12.715000,0 days 00:00:39.436000,0 days 00:00:33.931000,0 days 02:26:20.777000,0 days 02:27:00.213000,0 days 02:27:34.144000,201.0,290.0,145.0,241.0,False,INTERMEDIATE,1.0,True,Aston Martin,0 days 02:25:08.022000,,1,16.0,,,False,False,2021,15,Russian Grand Prix
0 days 01:47:15.865000,VET,5,0 days 00:01:45.825000,26.0,1.0,,0 days 01:47:07.782000,0 days 00:00:36.546000,0 days 00:00:35.252000,0 days 00:00:34.027000,0 days 01:46:06.621000,0 days 01:46:41.873000,0 days 01:47:15.900000,253.0,280.0,,286.0,False,MEDIUM,26.0,True,Aston Martin,0 days 01:45:30.040000,,1,10.0,,,False,False,2021,15,Russian Grand Prix
0 days 01:49:15.685000,VET,5,0 days 00:01:59.820000,27.0,2.0,0 days 01:47:37.020000,,0 days 00:00:56.043000,0 days 00:00:34.845000,0 days 00:00:28.932000,0 days 01:48:11.943000,0 days 01:48:46.788000,0 days 01:49:15.720000,253.0,283.0,167.0,296.0,False,HARD,1.0,True,Aston Martin,0 days 01:47:15.865000,,1,16.0,,,False,False,2021,15,Russian Grand Prix
0 days 02:29:18.665000,VET,5,,50.0,2.0,,0 days 02:29:09.269000,0 days 00:00:47.904000,0 days 00:01:02.788000,0 days 00:00:48.896000,0 days 02:27:27.016000,0 days 02:28:29.840000,0 days 02:29:18.817000,140.0,218.0,,233.0,False,HARD,24.0,True,Aston Martin,0 days 02:26:39.071000,,12,12.0,,,False,False,2021,15,Russian Grand Prix
0 days 02:31:34.236000,VET,5,0 days 00:02:15.571000,51.0,3.0,0 days 02:29:41.676000,,0 days 00:01:03.242000,0 days 00:00:39.441000,0 days 00:00:32.888000,0 days 02:30:21.942000,0 days 02:31:01.383000,0 days 02:31:34.271000,192.0,297.0,154.0,231.0,False,INTERMEDIATE,1.0,True,Aston Martin,0 days 02:29:18.665000,,12,12.0,,,False,False,2021,15,Russian Grand Prix
0 days 01:59:07.394000,GAS,10,0 days 00:01:45.981000,33.0,1.0,,0 days 01:58:59.500000,0 days 00:00:36.109000,0 days 00:00:35.294000,0 days 00:00:34.578000,0 days 01:57:57.535000,0 days 01:58:32.829000,0 days 01:59:07.407000,257.0,295.0,,301.0,False,HARD,33.0,True,AlphaTauri,0 days 01:57:21.413000,,1,10.0,,,False,False,2021,15,Russian Grand Prix
0 days 02:01:06.912000,GAS,10,0 days 00:01:59.518000,34.0,2.0,0 days 01:59:28.712000,,0 days 00:00:55.757000,0 days 00:00:34.733000,0 days 00:00:29.028000,0 days 02:00:03.164000,0 days 02:00:37.897000,0 days 02:01:06.925000,252.0,295.0,168.0,293.0,False,MEDIUM,1.0,True,AlphaTauri,0 days 01:59:07.394000,,1,16.0,,,False,False,2021,15,Russian Grand Prix
0 days 02:29:57.517000,GAS,10,,50.0,2.0,,0 days 02:29:48.186000,0 days 00:00:45.837000,0 days 00:01:02.550000,0 days 00:01:13.426000,0 days 02:27:41.561000,0 days 02:28:44.172000,0 days 02:29:57.662000,160.0,213.0,,232.0,False,MEDIUM,17.0,True,AlphaTauri,0 days 02:26:55.708000,,12,14.0,,,False,False,2021,15,Russian Grand Prix
0 days 02:32:11.023000,GAS,10,0 days 00:02:13.506000,51.0,3.0,0 days 02:30:20.005000,,0 days 00:01:00.691000,0 days 00:00:38.879000,0 days 00:00:33.936000,0 days 02:30:58.221000,0 days 02:31:37.100000,0 days 02:32:11.036000,219.0,292.0,145.0,261.0,False,INTERMEDIATE,1.0,True,AlphaTauri,0 days 02:29:57.517000,,21,14.0,,,False,False,2021,15,Russian Grand Prix
0 days 01:28:33.765000,OCO,31,0 days 00:01:46.731000,15.0,1.0,,0 days 01:28:26.206000,0 days 00:00:36.468000,0 days 00:00:35.558000,0 days 00:00:34.705000,0 days 01:27:23.546000,0 days 01:27:59.104000,0 days 01:28:33.809000,243.0,288.0,,291.0,False,MEDIUM,15.0,True,Alpine,0 days 01:26:47.034000,,1,8.0,,,False,False,2021,15,Russian Grand Prix
0 days 01:30:35.544000,OCO,31,0 days 00:02:01.779000,16.0,2.0,0 days 01:28:55.876000,,0 days 00:00:57.108000,0 days 00:00:35.029000,0 days 00:00:29.642000,0 days 01:29:30.917000,0 days 01:30:05.946000,0 days 01:30:35.588000,252.0,286.0,165.0,277.0,False,HARD,1.0,True,Alpine,0 days 01:28:33.765000,,1,15.0,,,False,False,2021,15,Russian Grand Prix
0 days 02:30:06.894000,OCO,31,,50.0,2.0,,0 days 02:29:57.003000,0 days 00:00:53.892000,0 days 00:01:15.185000,0 days 00:00:56.434000,0 days 02:27:55.320000,0 days 02:29:11.644000,0 days 02:30:07.046000,130.0,149.0,,248.0,False,HARD,35.0,True,Alpine,0 days 02:27:01.377000,,12,15.0,,,False,False,2021,15,Russian Grand Prix
0 days 02:32:22.255000,OCO,31,0 days 00:02:15.361000,51.0,3.0,0 days 02:30:30.191000,,0 days 00:01:02.258000,0 days 00:00:39.446000,0 days 00:00:33.657000,0 days 02:31:09.196000,0 days 02:31:48.642000,0 days 02:32:22.299000,214.0,296.0,148.0,238.0,False,INTERMEDIATE,1.0,True,Alpine,0 days 02:30:06.894000,,1,15.0,,,False,False,2021,15,Russian Grand Prix
0 days 02:02:13.539000,LEC,16,0 days 00:01:46.626000,35.0,1.0,,0 days 02:02:05.408000,0 days 00:00:36.279000,0 days 00:00:35.212000,0 days 00:00:35.135000,0 days 02:01:03.235000,0 days 02:01:38.447000,0 days 02:02:13.582000,261.0,293.0,,298.0,False,HARD,35.0,True,Ferrari,0 days 02:00:26.913000,,1,5.0,,,False,False,2021,15,Russian Grand Prix
0 days 02:04:16.607000,LEC,16,0 days 00:02:03.068000,36.0,2.0,0 days 02:02:37.335000,,0 days 00:00:58.510000,0 days 00:00:34.520000,0 days 00:00:30.038000,0 days 02:03:12.092000,0 days 02:03:46.612000,0 days 02:04:16.650000,254.0,323.0,164.0,288.0,False,MEDIUM,1.0,True,Ferrari,0 days 02:02:13.539000,,1,13.0,,,False,False,2021,15,Russian Grand Prix
0 days 02:31:59.620000,LEC,16,,51.0,2.0,,0 days 02:31:49.804000,0 days 00:00:52.939000,0 days 00:01:28.750000,0 days 00:00:57.627000,0 days 02:29:33.286000,0 days 02:31:02.047000,0 days 02:31:59.771000,151.0,158.0,,220.0,False,MEDIUM,16.0,True,Ferrari,0 days 02:28:40.303000,,12,13.0,,,False,False,2021,15,Russian Grand Prix
0 days 02:34:20.776000,LEC,16,0 days 00:02:21.156000,52.0,3.0,0 days 02:32:22.626000,,0 days 00:01:04.402000,0 days 00:00:41.841000,0 days 00:00:34.913000,0 days 02:33:04.065000,0 days 02:33:45.906000,0 days 02:34:20.819000,161.0,299.0,122.0,245.0,False,INTERMEDIATE,1.0,True,Ferrari,0 days 02:31:59.620000,,1,15.0,,,False,False,2021,15,Russian Grand Prix
0 days 02:04:33.631000,GIO,99,0 days 00:01:46.508000,36.0,1.0,,0 days 02:04:25.695000,0 days 00:00:36.363000,0 days 00:00:35.510000,0 days 00:00:34.635000,0 days 02:03:23.526000,0 days 02:03:59.036000,0 days 02:04:33.671000,251.0,293.0,,297.0,False,HARD,36.0,True,Alfa Romeo Racing,0 days 02:02:47.123000,,1,16.0,,,False,False,2021,15,Russian Grand Prix
0 days 02:06:35.188000,GIO,99,0 days 00:02:01.557000,37.0,2.0,0 days 02:04:56.016000,,0 days 00:00:57.874000,0 days 00:00:34.864000,0 days 00:00:28.819000,0 days 02:05:31.545000,0 days 02:06:06.409000,0 days 02:06:35.228000,254.0,285.0,170.0,256.0,False,MEDIUM,1.0,True,Alfa Romeo Racing,0 days 02:04:33.631000,,1,18.0,,,False,False,2021,15,Russian Grand Prix
0 days 02:30:22.895000,GIO,99,,50.0,2.0,,0 days 02:30:13.424000,0 days 00:00:53.695000,0 days 00:01:05.543000,0 days 00:00:53.100000,0 days 02:28:24.293000,0 days 02:29:29.854000,0 days 02:30:23.012000,130.0,153.0,,216.0,False,MEDIUM,14.0,True,Alfa Romeo Racing,0 days 02:27:30.548000,,12,16.0,,,False,False,2021,15,Russian Grand Prix
0 days 02:32:47.058000,GIO,99,0 days 00:02:24.163000,51.0,3.0,0 days 02:30:47.594000,,0 days 00:01:06.864000,0 days 00:00:42.508000,0 days 00:00:34.791000,0 days 02:31:29.799000,0 days 02:32:12.307000,0 days 02:32:47.098000,158.0,286.0,141.0,203.0,False,INTERMEDIATE,1.0,True,Alfa Romeo Racing,0 days 02:30:22.895000,,1,16.0,,,False,False,2021,15,Russian Grand Prix
0 days 01:25:35.498000,TSU,22,0 days 00:01:48.912000,13.0,1.0,,0 days 01:25:27.486000,0 days 00:00:36.909000,0 days 00:00:36.296000,0 days 00:00:35.707000,0 days 01:24:23.508000,0 days 01:24:59.804000,0 days 01:25:35.511000,247.0,291.0,,292.0,False,MEDIUM,13.0,True,AlphaTauri,0 days 01:23:46.586000,,1,20.0,,,False,False,2021,15,Russian Grand Prix
0 days 01:27:37.982000,TSU,22,0 days 00:02:02.484000,14.0,2.0,0 days 01:25:57.500000,,0 days 00:00:57.689000,0 days 00:00:35.201000,0 days 00:00:29.594000,0 days 01:26:33.200000,0 days 01:27:08.401000,0 days 01:27:37.995000,250.0,288.0,166.0,279.0,False,HARD,1.0,True,AlphaTauri,0 days 01:25:35.498000,,1,20.0,,,False,False,2021,15,Russian Grand Prix
0 days 02:23:50.952000,TSU,22,0 days 00:02:16.543000,47.0,2.0,,0 days 02:23:42.903000,0 days 00:00:39.335000,0 days 00:00:51.637000,0 days 00:00:45.571000,0 days 02:22:13.757000,0 days 02:23:05.394000,0 days 02:23:50.965000,197.0,178.0,,284.0,False,HARD,34.0,True,AlphaTauri,0 days 02:21:34.409000,,12,18.0,,,False,False,2021,15,Russian Grand Prix
0 days 02:26:14.364000,TSU,22,0 days 00:02:23.412000,48.0,3.0,0 days 02:24:13.766000,,0 days 00:01:03.066000,0 days 00:00:45.076000,0 days 00:00:35.270000,0 days 02:24:54.031000,0 days 02:25:39.107000,0 days 02:26:14.377000,192.0,259.0,143.0,244.0,False,SOFT,1.0,True,AlphaTauri,0 days 02:23:50.952000,,21,17.0,,,False,False,2021,15,Russian Grand Prix
0 days 02:28:39.209000,TSU,22,0 days 00:02:24.845000,49.0,3.0,,0 days 02:28:30.473000,0 days 00:00:44.723000,0 days 00:00:54.279000,0 days 00:00:45.843000,0 days 02:26:59.100000,0 days 02:27:53.379000,0 days 02:28:39.222000,128.0,199.0,,259.0,False,SOFT,2.0,True,AlphaTauri,0 days 02:26:14.364000,,12,17.0,,,False,False,2021,15,Russian Grand Prix
0 days 02:31:06.582000,TSU,22,0 days 00:02:27.373000,50.0,4.0,0 days 02:29:01.377000,,0 days 00:01:03.803000,0 days 00:00:45.367000,0 days 00:00:38.203000,0 days 02:29:43.025000,0 days 02:30:28.392000,0 days 02:31:06.595000,181.0,243.0,140.0,227.0,False,INTERMEDIATE,4.0,False,AlphaTauri,0 days 02:28:39.209000,,12,17.0,,,False,False,2021,15,Russian Grand Prix
0 days 01:27:15.846000,MAZ,9,0 days 00:01:47.794000,14.0,1.0,,0 days 01:27:07.829000,0 days 00:00:36.787000,0 days 00:00:36.201000,0 days 00:00:34.806000,0 days 01:26:04.879000,0 days 01:26:41.080000,0 days 01:27:15.886000,253.0,296.0,,302.0,False,MEDIUM,14.0,True,Haas F1 Team,0 days 01:25:28.052000,,1,17.0,,,False,False,2021,15,Russian Grand Prix
0 days 01:29:19.845000,MAZ,9,0 days 00:02:03.999000,15.0,2.0,0 days 01:27:37.925000,,0 days 00:00:57.817000,0 days 00:00:36.094000,0 days 00:00:30.088000,0 days 01:28:13.703000,0 days 01:28:49.797000,0 days 01:29:19.885000,248.0,288.0,155.0,282.0,False,HARD,1.0,True,Haas F1 Team,0 days 01:27:15.846000,,1,19.0,,,False,False,2021,15,Russian Grand Prix
0 days 02:23:12.010000,MAZ,9,0 days 00:02:13.746000,46.0,2.0,,0 days 02:23:03.933000,0 days 00:00:39.264000,0 days 00:00:54.118000,0 days 00:00:40.364000,0 days 02:21:37.568000,0 days 02:22:31.686000,0 days 02:23:12.050000,182.0,232.0,,297.0,False,HARD,32.0,True,Haas F1 Team,0 days 02:20:58.264000,,12,19.0,,,False,False,2021,15,Russian Grand Prix
0 days 02:25:31.236000,MAZ,9,0 days 00:02:19.226000,47.0,3.0,0 days 02:23:37.730000,,0 days 00:01:04.702000,0 days 00:00:40.712000,0 days 00:00:33.812000,0 days 02:24:16.752000,0 days 02:24:57.464000,0 days 02:25:31.276000,213.0,293.0,142.0,246.0,False,INTERMEDIATE,1.0,True,Haas F1 Team,0 days 02:23:12.010000,,12,19.0,,,False,False,2021,15,Russian Grand Prix
0 days 01:25:33.555000,LAT,6,0 days 00:01:48.268000,13.0,1.0,,0 days 01:25:25.500000,0 days 00:00:36.715000,0 days 00:00:36.084000,0 days 00:00:35.469000,0 days 01:24:22.029000,0 days 01:24:58.113000,0 days 01:25:33.582000,249.0,299.0,,298.0,False,MEDIUM,13.0,True,Williams,0 days 01:23:45.287000,,1,19.0,,,False,False,2021,15,Russian Grand Prix
0 days 01:27:35.280000,LAT,6,0 days 00:02:01.725000,14.0,2.0,0 days 01:25:55.887000,,0 days 00:00:57.101000,0 days 00:00:35.023000,0 days 00:00:29.601000,0 days 01:26:30.683000,0 days 01:27:05.706000,0 days 01:27:35.307000,255.0,290.0,166.0,277.0,False,HARD,1.0,True,Williams,0 days 01:25:33.555000,,1,19.0,,,False,False,2021,15,Russian Grand Prix
0 days 02:23:43.529000,LAT,6,0 days 00:02:17.724000,47.0,2.0,,0 days 02:23:35.309000,0 days 00:00:36.727000,0 days 00:01:00.467000,0 days 00:00:40.530000,0 days 02:22:02.559000,0 days 02:23:03.026000,0 days 02:23:43.556000,228.0,238.0,,294.0,False,HARD,34.0,True,Williams,0 days 02:21:25.805000,,12,17.0,,,False,False,2021,15,Russian Grand Prix
0 days 01:37:42.693000,MSC,47,0 days 00:01:48.013000,20.0,1.0,,0 days 01:37:34.643000,0 days 00:00:36.866000,0 days 00:00:36.172000,0 days 00:00:34.975000,0 days 01:36:31.572000,0 days 01:37:07.744000,0 days 01:37:42.719000,254.0,291.0,,296.0,False,MEDIUM,20.0,True,Haas F1 Team,0 days 01:35:54.680000,,1,17.0,,,False,False,2021,15,Russian Grand Prix
0 days 01:39:45.185000,MSC,47,0 days 00:02:02.492000,21.0,2.0,0 days 01:38:04.726000,,0 days 00:00:57.332000,0 days 00:00:35.671000,0 days 00:00:29.489000,0 days 01:38:40.051000,0 days 01:39:15.722000,0 days 01:39:45.211000,244.0,293.0,166.0,268.0,False,HARD,1.0,True,Haas F1 Team,0 days 01:37:42.693000,,1,20.0,,,False,False,2021,15,Russian Grand Prix
0 days 01:58:24.290000,MSC,47,0 days 00:01:47.201000,32.0,2.0,,0 days 01:58:16.189000,0 days 00:00:36.310000,0 days 00:00:35.251000,0 days 00:00:35.640000,0 days 01:57:13.425000,0 days 01:57:48.676000,0 days 01:58:24.316000,251.0,292.0,,296.0,False,HARD,12.0,True,Haas F1 Team,0 days 01:56:37.089000,,1,20.0,,,False,False,2021,15,Russian Grand Prix
0 days 02:00:21.179000,BOT,77,0 days 00:01:35.037000,37.0,1.0,,0 days 02:00:20.678000,0 days 00:00:35.373000,0 days 00:00:33.078000,0 days 00:00:26.586000,0 days 01:59:21.582000,0 days 01:59:54.660000,0 days 02:00:21.246000,273.0,289.0,,284.0,False,INTERMEDIATE,37.0,True,Mercedes,0 days 01:58:46.142000,,1,1.0,,,False,False,2021,16,Turkish Grand Prix
0 days 02:02:15.020000,BOT,77,0 days 00:01:53.841000,38.0,2.0,0 days 02:00:43.610000,,0 days 00:00:54.011000,0 days 00:00:34.049000,0 days 00:00:25.781000,0 days 02:01:15.257000,0 days 02:01:49.306000,0 days 02:02:15.087000,276.0,286.0,238.0,278.0,False,INTERMEDIATE,1.0,True,Mercedes,0 days 02:00:21.179000,,12,2.0,,,False,False,2021,16,Turkish Grand Prix
0 days 01:58:52.925000,VER,33,0 days 00:01:34.948000,36.0,1.0,,0 days 01:58:52.431000,0 days 00:00:35.195000,0 days 00:00:32.979000,0 days 00:00:26.774000,0 days 01:57:53.178000,0 days 01:58:26.157000,0 days 01:58:52.931000,273.0,284.0,,297.0,False,INTERMEDIATE,36.0,True,Red Bull Racing,0 days 01:57:17.977000,,1,2.0,,,False,False,2021,16,Turkish Grand Prix
0 days 02:00:44.430000,VER,33,0 days 00:01:51.505000,37.0,2.0,0 days 01:59:14.823000,,0 days 00:00:52.381000,0 days 00:00:33.265000,0 days 00:00:25.859000,0 days 01:59:45.312000,0 days 02:00:18.577000,0 days 02:00:44.436000,272.0,284.0,238.0,275.0,False,INTERMEDIATE,1.0,True,Red Bull Racing,0 days 01:58:52.925000,,12,3.0,,,False,False,2021,16,Turkish Grand Prix
0 days 02:00:48.260000,PER,11,0 days 00:01:35.737000,37.0,1.0,,0 days 02:00:47.737000,0 days 00:00:35.513000,0 days 00:00:33.299000,0 days 00:00:26.925000,0 days 01:59:48.047000,0 days 02:00:21.346000,0 days 02:00:48.271000,274.0,285.0,,289.0,False,INTERMEDIATE,37.0,True,Red Bull Racing,0 days 01:59:12.523000,,12,5.0,,,False,False,2021,16,Turkish Grand Prix
0 days 02:02:40.588000,PER,11,0 days 00:01:52.328000,38.0,2.0,0 days 02:01:10.189000,,0 days 00:00:53.005000,0 days 00:00:33.272000,0 days 00:00:26.051000,0 days 02:01:41.276000,0 days 02:02:14.548000,0 days 02:02:40.599000,270.0,282.0,239.0,288.0,False,INTERMEDIATE,1.0,True,Red Bull Racing,0 days 02:00:48.260000,,12,6.0,,,False,False,2021,16,Turkish Grand Prix
0 days 02:16:28.194000,LEC,16,0 days 00:01:38.124000,47.0,1.0,,0 days 02:16:27.683000,0 days 00:00:37.401000,0 days 00:00:33.454000,0 days 00:00:27.269000,0 days 02:15:27.519000,0 days 02:16:00.973000,0 days 02:16:28.242000,274.0,288.0,,290.0,False,INTERMEDIATE,47.0,True,Ferrari,0 days 02:14:50.070000,,1,2.0,,,False,False,2021,16,Turkish Grand Prix
0 days 02:18:22.296000,LEC,16,0 days 00:01:54.102000,48.0,2.0,0 days 02:16:51.305000,,0 days 00:00:54.676000,0 days 00:00:33.300000,0 days 00:00:26.126000,0 days 02:17:22.918000,0 days 02:17:56.218000,0 days 02:18:22.344000,276.0,285.0,238.0,280.0,False,INTERMEDIATE,1.0,True,Ferrari,0 days 02:16:28.194000,,1,4.0,,,False,False,2021,16,Turkish Grand Prix
0 days 02:21:20.068000,HAM,44,0 days 00:01:35.008000,50.0,1.0,,0 days 02:21:19.555000,0 days 00:00:35.514000,0 days 00:00:32.772000,0 days 00:00:26.722000,0 days 02:20:20.585000,0 days 02:20:53.357000,0 days 02:21:20.079000,272.0,289.0,,291.0,False,INTERMEDIATE,50.0,True,Mercedes,0 days 02:19:45.060000,,1,3.0,,,False,False,2021,16,Turkish Grand Prix
0 days 02:23:10.614000,HAM,44,0 days 00:01:50.546000,51.0,2.0,0 days 02:21:42.214000,,0 days 00:00:52.970000,0 days 00:00:32.175000,0 days 00:00:25.401000,0 days 02:22:13.049000,0 days 02:22:45.224000,0 days 02:23:10.625000,275.0,290.0,241.0,298.0,False,INTERMEDIATE,1.0,True,Mercedes,0 days 02:21:20.068000,,1,5.0,,,False,False,2021,16,Turkish Grand Prix
0 days 02:04:02.040000,GAS,10,0 days 00:01:35.450000,39.0,1.0,,0 days 02:04:01.529000,0 days 00:00:35.356000,0 days 00:00:33.150000,0 days 00:00:26.944000,0 days 02:03:01.946000,0 days 02:03:35.096000,0 days 02:04:02.040000,276.0,286.0,,295.0,False,INTERMEDIATE,39.0,True,AlphaTauri,0 days 02:02:26.590000,,1,5.0,,,False,False,2021,16,Turkish Grand Prix
0 days 02:06:00.924000,GAS,10,0 days 00:01:58.884000,40.0,2.0,0 days 02:04:30.864000,,0 days 00:00:59.473000,0 days 00:00:33.641000,0 days 00:00:25.770000,0 days 02:05:01.513000,0 days 02:05:35.154000,0 days 02:06:00.924000,275.0,285.0,238.0,292.0,False,INTERMEDIATE,1.0,True,AlphaTauri,0 days 02:04:02.040000,,1,6.0,,,False,False,2021,16,Turkish Grand Prix
0 days 01:56:21.527000,NOR,4,0 days 00:01:36.757000,34.0,1.0,,0 days 01:56:21.042000,0 days 00:00:36.023000,0 days 00:00:33.612000,0 days 00:00:27.122000,0 days 01:55:20.793000,0 days 01:55:54.405000,0 days 01:56:21.527000,272.0,289.0,,297.0,False,INTERMEDIATE,34.0,True,McLaren,0 days 01:54:44.770000,,1,7.0,,,False,False,2021,16,Turkish Grand Prix
0 days 01:58:14.105000,NOR,4,0 days 00:01:52.578000,35.0,2.0,0 days 01:56:44.249000,,0 days 00:00:53.486000,0 days 00:00:33.311000,0 days 00:00:25.781000,0 days 01:57:15.013000,0 days 01:57:48.324000,0 days 01:58:14.105000,275.0,284.0,239.0,301.0,False,INTERMEDIATE,1.0,True,McLaren,0 days 01:56:21.527000,,1,9.0,,,False,False,2021,16,Turkish Grand Prix
0 days 01:59:33.922000,SAI,55,0 days 00:01:35.356000,36.0,1.0,,0 days 01:59:33.372000,0 days 00:00:35.614000,0 days 00:00:32.926000,0 days 00:00:26.816000,0 days 01:58:34.216000,0 days 01:59:07.142000,0 days 01:59:33.958000,275.0,288.0,,290.0,False,INTERMEDIATE,36.0,True,Ferrari,0 days 01:57:58.566000,,1,8.0,,,False,False,2021,16,Turkish Grand Prix
0 days 02:01:32.504000,SAI,55,0 days 00:01:58.582000,37.0,2.0,0 days 02:00:01.723000,,0 days 00:00:59.251000,0 days 00:00:33.059000,0 days 00:00:26.272000,0 days 02:00:33.209000,0 days 02:01:06.268000,0 days 02:01:32.540000,270.0,287.0,236.0,290.0,False,INTERMEDIATE,1.0,True,Ferrari,0 days 01:59:33.922000,,12,10.0,,,False,False,2021,16,Turkish Grand Prix
0 days 02:04:18.151000,STR,18,0 days 00:01:35.486000,39.0,1.0,,0 days 02:04:17.632000,0 days 00:00:35.569000,0 days 00:00:33.317000,0 days 00:00:26.600000,0 days 02:03:18.285000,0 days 02:03:51.602000,0 days 02:04:18.202000,271.0,287.0,,303.0,False,INTERMEDIATE,39.0,True,Aston Martin,0 days 02:02:42.665000,,1,7.0,,,False,False,2021,16,Turkish Grand Prix
0 days 02:06:25.029000,STR,18,0 days 00:02:06.878000,40.0,2.0,0 days 02:04:53.124000,,0 days 00:01:06.399000,0 days 00:00:34.461000,0 days 00:00:26.018000,0 days 02:05:24.601000,0 days 02:05:59.062000,0 days 02:06:25.080000,270.0,283.0,237.0,301.0,False,INTERMEDIATE,1.0,True,Aston Martin,0 days 02:04:18.151000,,1,11.0,,,False,False,2021,16,Turkish Grand Prix
0 days 02:06:23.266000,GIO,99,0 days 00:01:36.009000,40.0,1.0,,0 days 02:06:22.739000,0 days 00:00:35.752000,0 days 00:00:33.642000,0 days 00:00:26.615000,0 days 02:05:23.055000,0 days 02:05:56.697000,0 days 02:06:23.312000,276.0,286.0,,294.0,False,INTERMEDIATE,40.0,True,Alfa Romeo Racing,0 days 02:04:47.257000,,1,10.0,,,False,False,2021,16,Turkish Grand Prix
0 days 02:08:16.796000,GIO,99,0 days 00:01:53.530000,41.0,2.0,0 days 02:06:45.878000,,0 days 00:00:54.021000,0 days 00:00:33.241000,0 days 00:00:26.268000,0 days 02:07:17.333000,0 days 02:07:50.574000,0 days 02:08:16.842000,271.0,284.0,238.0,278.0,False,INTERMEDIATE,1.0,True,Alfa Romeo Racing,0 days 02:06:23.266000,,1,12.0,,,False,False,2021,16,Turkish Grand Prix
0 days 02:01:51.130000,RAI,7,0 days 00:01:35.857000,37.0,1.0,,0 days 02:01:50.597000,0 days 00:00:35.440000,0 days 00:00:33.170000,0 days 00:00:27.247000,0 days 02:00:50.755000,0 days 02:01:23.925000,0 days 02:01:51.172000,274.0,282.0,,287.0,False,INTERMEDIATE,37.0,True,Alfa Romeo Racing,0 days 02:00:15.273000,,12,13.0,,,False,False,2021,16,Turkish Grand Prix
0 days 02:03:44.233000,RAI,7,0 days 00:01:53.103000,38.0,2.0,0 days 02:02:13.771000,,0 days 00:00:53.707000,0 days 00:00:33.460000,0 days 00:00:25.936000,0 days 02:02:44.879000,0 days 02:03:18.339000,0 days 02:03:44.275000,269.0,282.0,237.0,281.0,False,INTERMEDIATE,1.0,True,Alfa Romeo Racing,0 days 02:01:51.130000,,1,13.0,,,False,False,2021,16,Turkish Grand Prix
0 days 01:36:19.186000,RIC,3,0 days 00:01:35.679000,21.0,1.0,,0 days 01:36:18.599000,0 days 00:00:35.676000,0 days 00:00:33.103000,0 days 00:00:26.900000,0 days 01:35:19.188000,0 days 01:35:52.291000,0 days 01:36:19.191000,271.0,291.0,,300.0,False,INTERMEDIATE,21.0,True,McLaren,0 days 01:34:43.507000,,1,16.0,,,False,False,2021,16,Turkish Grand Prix
0 days 01:38:11.380000,RIC,3,0 days 00:01:52.194000,22.0,2.0,0 days 01:36:41.690000,,0 days 00:00:53.032000,0 days 00:00:33.401000,0 days 00:00:25.761000,0 days 01:37:12.223000,0 days 01:37:45.624000,0 days 01:38:11.385000,271.0,285.0,238.0,300.0,False,INTERMEDIATE,1.0,True,McLaren,0 days 01:36:19.186000,,12,18.0,,,False,False,2021,16,Turkish Grand Prix
0 days 01:58:40.390000,TSU,22,0 days 00:01:38.049000,35.0,1.0,,0 days 01:58:40.160000,0 days 00:00:36.545000,0 days 00:00:34.209000,0 days 00:00:27.295000,0 days 01:57:38.889000,0 days 01:58:13.098000,0 days 01:58:40.393000,273.0,285.0,,288.0,False,INTERMEDIATE,35.0,True,AlphaTauri,0 days 01:57:02.341000,,1,14.0,,,False,False,2021,16,Turkish Grand Prix
0 days 02:00:36.287000,TSU,22,0 days 00:01:55.897000,36.0,2.0,0 days 01:59:03.224000,,0 days 00:00:55.066000,0 days 00:00:34.282000,0 days 00:00:26.549000,0 days 01:59:35.459000,0 days 02:00:09.741000,0 days 02:00:36.290000,271.0,286.0,236.0,293.0,False,INTERMEDIATE,1.0,True,AlphaTauri,0 days 01:58:40.390000,,1,15.0,,,False,False,2021,16,Turkish Grand Prix
0 days 01:58:42.989000,RUS,63,0 days 00:01:38.537000,35.0,1.0,,0 days 01:58:42.444000,0 days 00:00:36.848000,0 days 00:00:33.996000,0 days 00:00:27.693000,0 days 01:57:41.307000,0 days 01:58:15.303000,0 days 01:58:42.996000,273.0,286.0,,268.0,False,INTERMEDIATE,35.0,True,Williams,0 days 01:57:04.452000,,1,16.0,,,False,False,2021,16,Turkish Grand Prix
0 days 02:00:37.311000,RUS,63,0 days 00:01:54.322000,36.0,2.0,0 days 01:59:06.025000,,0 days 00:00:54.423000,0 days 00:00:33.831000,0 days 00:00:26.068000,0 days 01:59:37.419000,0 days 02:00:11.250000,0 days 02:00:37.318000,273.0,288.0,238.0,283.0,False,INTERMEDIATE,1.0,True,Williams,0 days 01:58:42.989000,,1,16.0,,,False,False,2021,16,Turkish Grand Prix
0 days 01:50:43.982000,ALO,14,0 days 00:01:37.424000,30.0,1.0,,0 days 01:50:43.463000,0 days 00:00:36.198000,0 days 00:00:33.545000,0 days 00:00:27.681000,0 days 01:49:42.814000,0 days 01:50:16.359000,0 days 01:50:44.040000,267.0,281.0,,286.0,False,INTERMEDIATE,30.0,True,Alpine,0 days 01:49:06.558000,,1,16.0,,,False,False,2021,16,Turkish Grand Prix
0 days 01:52:44.510000,ALO,14,0 days 00:02:00.528000,31.0,2.0,0 days 01:51:12.576000,,0 days 00:00:59.906000,0 days 00:00:34.228000,0 days 00:00:26.394000,0 days 01:51:43.946000,0 days 01:52:18.174000,0 days 01:52:44.568000,269.0,284.0,236.0,267.0,False,INTERMEDIATE,1.0,True,Alpine,0 days 01:50:43.982000,,1,18.0,,,False,False,2021,16,Turkish Grand Prix
0 days 01:57:23.262000,LAT,6,0 days 00:01:42.242000,34.0,1.0,,0 days 01:57:22.715000,0 days 00:00:38.764000,0 days 00:00:36.034000,0 days 00:00:27.444000,0 days 01:56:19.784000,0 days 01:56:55.818000,0 days 01:57:23.262000,262.0,287.0,,280.0,False,INTERMEDIATE,34.0,True,Williams,0 days 01:55:41.020000,,1,17.0,,,False,False,2021,16,Turkish Grand Prix
0 days 01:59:19.688000,LAT,6,0 days 00:01:56.426000,35.0,2.0,0 days 01:57:46.835000,,0 days 00:00:56.206000,0 days 00:00:34.203000,0 days 00:00:26.017000,0 days 01:58:19.468000,0 days 01:58:53.671000,0 days 01:59:19.688000,273.0,288.0,239.0,294.0,False,INTERMEDIATE,1.0,True,Williams,0 days 01:57:23.262000,,1,18.0,,,False,False,2021,16,Turkish Grand Prix
0 days 01:59:56.878000,VET,5,0 days 00:01:37.375000,36.0,1.0,,0 days 01:59:56.384000,0 days 00:00:36.230000,0 days 00:00:33.410000,0 days 00:00:27.735000,0 days 01:58:55.781000,0 days 01:59:29.191000,0 days 01:59:56.926000,273.0,282.0,,295.0,False,INTERMEDIATE,36.0,True,Aston Martin,0 days 01:58:19.503000,,1,11.0,,,False,False,2021,16,Turkish Grand Prix
0 days 02:02:36.960000,VET,5,,37.0,2.0,0 days 02:00:20.180000,0 days 02:02:36.440000,0 days 00:01:11.807000,0 days 00:00:52.296000,0 days 00:00:35.967000,0 days 02:01:08.776000,0 days 02:02:01.055000,0 days 02:02:37.101000,217.0,270.0,,228.0,False,MEDIUM,5.0,False,Aston Martin,0 days 01:59:56.878000,,12,18.0,,,False,False,2021,16,Turkish Grand Prix
0 days 02:04:31.138000,VET,5,0 days 00:01:54.178000,38.0,3.0,0 days 02:02:59.933000,,0 days 00:00:54.781000,0 days 00:00:33.696000,0 days 00:00:25.701000,0 days 02:03:31.789000,0 days 02:04:05.485000,0 days 02:04:31.186000,273.0,283.0,239.0,291.0,False,INTERMEDIATE,1.0,True,Aston Martin,0 days 02:02:36.960000,,1,19.0,,,False,False,2021,16,Turkish Grand Prix
0 days 02:06:06.215000,MSC,47,0 days 00:01:36.933000,39.0,1.0,,0 days 02:06:05.647000,0 days 00:00:36.068000,0 days 00:00:33.665000,0 days 00:00:27.200000,0 days 02:05:05.387000,0 days 02:05:39.052000,0 days 02:06:06.252000,273.0,285.0,,289.0,False,INTERMEDIATE,39.0,True,Haas F1 Team,0 days 02:04:29.282000,,1,19.0,,,False,False,2021,16,Turkish Grand Prix
0 days 02:08:02.669000,MSC,47,0 days 00:01:56.454000,40.0,2.0,0 days 02:06:29.591000,,0 days 00:00:55.746000,0 days 00:00:34.347000,0 days 00:00:26.361000,0 days 02:07:01.998000,0 days 02:07:36.345000,0 days 02:08:02.706000,265.0,284.0,235.0,268.0,False,INTERMEDIATE,1.0,True,Haas F1 Team,0 days 02:06:06.215000,,1,19.0,,,False,False,2021,16,Turkish Grand Prix
0 days 01:59:41.204000,MAZ,9,0 days 00:01:38.733000,35.0,1.0,,0 days 01:59:40.679000,0 days 00:00:36.664000,0 days 00:00:34.371000,0 days 00:00:27.698000,0 days 01:58:39.196000,0 days 01:59:13.567000,0 days 01:59:41.265000,272.0,285.0,,291.0,False,INTERMEDIATE,35.0,True,Haas F1 Team,0 days 01:58:02.471000,,1,20.0,,,False,False,2021,16,Turkish Grand Prix
0 days 02:01:37.684000,MAZ,9,0 days 00:01:56.480000,36.0,2.0,0 days 02:00:04.495000,,0 days 00:00:55.896000,0 days 00:00:34.112000,0 days 00:00:26.472000,0 days 02:00:37.161000,0 days 02:01:11.273000,0 days 02:01:37.745000,270.0,284.0,234.0,291.0,False,INTERMEDIATE,1.0,True,Haas F1 Team,0 days 01:59:41.204000,,12,20.0,,,False,False,2021,16,Turkish Grand Prix
0 days 01:19:36.273000,VER,33,0 days 00:01:41.710000,10.0,1.0,,0 days 01:19:35.398000,0 days 00:00:27.293000,0 days 00:00:40.776000,0 days 00:00:33.641000,0 days 01:18:21.866000,0 days 01:19:02.642000,0 days 01:19:36.283000,196.0,183.0,,319.0,False,MEDIUM,13.0,False,Red Bull Racing,0 days 01:17:54.563000,,1,2.0,,,False,False,2021,17,United States Grand Prix
0 days 01:21:35.124000,VER,33,0 days 00:01:58.851000,11.0,2.0,0 days 01:19:59.114000,,0 days 00:00:46.403000,0 days 00:00:40.073000,0 days 00:00:32.375000,0 days 01:20:22.686000,0 days 01:21:02.759000,0 days 01:21:35.134000,214.0,186.0,203.0,312.0,False,HARD,1.0,True,Red Bull Racing,0 days 01:19:36.273000,,1,4.0,,,False,False,2021,17,United States Grand Prix
0 days 01:51:59.491000,VER,33,0 days 00:01:41.165000,29.0,2.0,,0 days 01:51:58.670000,0 days 00:00:27.173000,0 days 00:00:40.588000,0 days 00:00:33.404000,0 days 01:50:45.509000,0 days 01:51:26.097000,0 days 01:51:59.501000,204.0,185.0,,298.0,False,HARD,19.0,True,Red Bull Racing,0 days 01:50:18.326000,,1,1.0,,,False,False,2021,17,United States Grand Prix
0 days 01:53:59.203000,VER,33,0 days 00:01:59.712000,30.0,3.0,0 days 01:52:22.643000,,0 days 00:00:47.278000,0 days 00:00:39.684000,0 days 00:00:32.750000,0 days 01:52:46.779000,0 days 01:53:26.463000,0 days 01:53:59.213000,205.0,183.0,205.0,315.0,False,HARD,1.0,True,Red Bull Racing,0 days 01:51:59.491000,,1,2.0,,,False,False,2021,17,United States Grand Prix
0 days 01:24:41.439000,HAM,44,0 days 00:01:42.177000,13.0,1.0,,0 days 01:24:40.521000,0 days 00:00:27.340000,0 days 00:00:40.991000,0 days 00:00:33.846000,0 days 01:23:26.619000,0 days 01:24:07.610000,0 days 01:24:41.456000,203.0,181.0,,297.0,False,MEDIUM,16.0,False,Mercedes,0 days 01:22:59.262000,,1,1.0,,,False,False,2021,17,United States Grand Prix
0 days 01:26:42.822000,HAM,44,0 days 00:02:01.383000,14.0,2.0,0 days 01:25:05.009000,,0 days 00:00:48.097000,0 days 00:00:40.027000,0 days 00:00:33.259000,0 days 01:25:29.553000,0 days 01:26:09.580000,0 days 01:26:42.839000,205.0,184.0,206.0,298.0,False,HARD,1.0,True,Mercedes,0 days 01:24:41.439000,,1,2.0,,,False,False,2021,17,United States Grand Prix
0 days 02:05:29.932000,HAM,44,0 days 00:01:41.436000,37.0,2.0,,0 days 02:05:29.074000,0 days 00:00:27.052000,0 days 00:00:40.936000,0 days 00:00:33.448000,0 days 02:04:15.565000,0 days 02:04:56.501000,0 days 02:05:29.949000,202.0,184.0,,297.0,False,HARD,24.0,True,Mercedes,0 days 02:03:48.496000,,1,1.0,,,False,False,2021,17,United States Grand Prix
0 days 02:07:29.949000,HAM,44,0 days 00:02:00.017000,38.0,3.0,0 days 02:05:52.679000,,0 days 00:00:46.966000,0 days 00:00:39.966000,0 days 00:00:33.085000,0 days 02:06:16.915000,0 days 02:06:56.881000,0 days 02:07:29.966000,210.0,184.0,209.0,298.0,False,HARD,1.0,True,Mercedes,0 days 02:05:29.932000,,1,2.0,,,False,False,2021,17,United States Grand Prix
0 days 01:23:05.645000,PER,11,0 days 00:01:43.229000,12.0,1.0,,0 days 01:23:04.776000,0 days 00:00:27.640000,0 days 00:00:41.339000,0 days 00:00:34.250000,0 days 01:21:50.067000,0 days 01:22:31.406000,0 days 01:23:05.656000,198.0,183.0,,289.0,False,MEDIUM,15.0,False,Red Bull Racing,0 days 01:21:22.416000,,1,2.0,,,False,False,2021,17,United States Grand Prix
0 days 01:25:07.018000,PER,11,0 days 00:02:01.373000,13.0,2.0,0 days 01:23:29.777000,,0 days 00:00:48.175000,0 days 00:00:40.494000,0 days 00:00:32.704000,0 days 01:23:53.831000,0 days 01:24:34.325000,0 days 01:25:07.029000,205.0,186.0,205.0,290.0,False,MEDIUM,4.0,False,Red Bull Racing,0 days 01:23:05.645000,,1,3.0,,,False,False,2021,17,United States Grand Prix
0 days 01:54:01.956000,PER,11,0 days 00:01:44.262000,30.0,2.0,,0 days 01:54:01.037000,0 days 00:00:27.681000,0 days 00:00:41.921000,0 days 00:00:34.660000,0 days 01:52:45.386000,0 days 01:53:27.307000,0 days 01:54:01.967000,195.0,181.0,,269.0,False,MEDIUM,21.0,False,Red Bull Racing,0 days 01:52:17.694000,,1,3.0,,,False,False,2021,17,United States Grand Prix
0 days 01:56:01.987000,PER,11,0 days 00:02:00.031000,31.0,3.0,0 days 01:54:24.644000,,0 days 00:00:47.011000,0 days 00:00:40.252000,0 days 00:00:32.768000,0 days 01:54:48.978000,0 days 01:55:29.230000,0 days 01:56:01.998000,205.0,182.0,205.0,286.0,False,HARD,1.0,True,Red Bull Racing,0 days 01:54:01.956000,,1,4.0,,,False,False,2021,17,United States Grand Prix
0 days 01:23:15.074000,LEC,16,0 days 00:01:42.831000,12.0,1.0,,0 days 01:23:15.131000,0 days 00:00:27.667000,0 days 00:00:41.219000,0 days 00:00:33.945000,0 days 01:21:59.975000,0 days 01:22:41.194000,0 days 01:23:15.139000,196.0,182.0,,298.0,False,MEDIUM,15.0,False,Ferrari,0 days 01:21:32.243000,,1,3.0,,,False,False,2021,17,United States Grand Prix
0 days 01:25:15.806000,LEC,16,0 days 00:02:00.732000,13.0,2.0,0 days 01:23:39.242000,,0 days 00:00:47.711000,0 days 00:00:39.845000,0 days 00:00:33.176000,0 days 01:24:02.850000,0 days 01:24:42.695000,0 days 01:25:15.871000,204.0,182.0,202.0,322.0,False,HARD,1.0,True,Ferrari,0 days 01:23:15.074000,,1,4.0,,,False,False,2021,17,United States Grand Prix
0 days 01:57:33.702000,LEC,16,0 days 00:01:42.603000,32.0,2.0,,0 days 01:57:32.817000,0 days 00:00:27.544000,0 days 00:00:41.215000,0 days 00:00:33.844000,0 days 01:56:18.708000,0 days 01:56:59.923000,0 days 01:57:33.767000,193.0,180.0,,301.0,False,HARD,20.0,True,Ferrari,0 days 01:55:51.099000,,1,3.0,,,False,False,2021,17,United States Grand Prix
0 days 01:59:33.269000,LEC,16,0 days 00:01:59.567000,33.0,3.0,0 days 01:57:56.628000,,0 days 00:00:46.906000,0 days 00:00:39.914000,0 days 00:00:32.747000,0 days 01:58:20.673000,0 days 01:59:00.587000,0 days 01:59:33.334000,207.0,184.0,207.0,297.0,False,HARD,1.0,True,Ferrari,0 days 01:57:33.702000,,1,4.0,,,False,False,2021,17,United States Grand Prix
0 days 01:21:37.657000,RIC,3,0 days 00:01:43.576000,11.0,1.0,,0 days 01:21:36.751000,0 days 00:00:27.649000,0 days 00:00:41.712000,0 days 00:00:34.215000,0 days 01:20:21.730000,0 days 01:21:03.442000,0 days 01:21:37.657000,199.0,183.0,,289.0,False,MEDIUM,14.0,False,McLaren,0 days 01:19:54.081000,,1,5.0,,,False,False,2021,17,United States Grand Prix
0 days 01:23:39.134000,RIC,3,0 days 00:02:01.477000,12.0,2.0,0 days 01:22:00.962000,,0 days 00:00:47.411000,0 days 00:00:40.822000,0 days 00:00:33.244000,0 days 01:22:25.068000,0 days 01:23:05.890000,0 days 01:23:39.134000,206.0,185.0,207.0,292.0,False,HARD,1.0,True,McLaren,0 days 01:21:37.657000,,1,7.0,,,False,False,2021,17,United States Grand Prix
0 days 01:54:23.555000,RIC,3,0 days 00:01:41.874000,30.0,2.0,,0 days 01:54:22.658000,0 days 00:00:27.211000,0 days 00:00:40.653000,0 days 00:00:34.010000,0 days 01:53:08.892000,0 days 01:53:49.545000,0 days 01:54:23.555000,203.0,181.0,,300.0,False,HARD,19.0,True,McLaren,0 days 01:52:41.681000,,1,5.0,,,False,False,2021,17,United States Grand Prix
0 days 01:56:24.714000,RIC,3,0 days 00:02:01.159000,31.0,3.0,0 days 01:54:46.761000,,0 days 00:00:47.368000,0 days 00:00:40.468000,0 days 00:00:33.323000,0 days 01:55:10.923000,0 days 01:55:51.391000,0 days 01:56:24.714000,202.0,185.0,208.0,297.0,False,HARD,1.0,True,McLaren,0 days 01:54:23.555000,,1,6.0,,,False,False,2021,17,United States Grand Prix
0 days 01:28:43.826000,BOT,77,0 days 00:01:42.902000,15.0,1.0,,0 days 01:28:42.869000,0 days 00:00:27.819000,0 days 00:00:41.302000,0 days 00:00:33.781000,0 days 01:27:28.778000,0 days 01:28:10.080000,0 days 01:28:43.861000,201.0,187.0,,301.0,False,MEDIUM,18.0,False,Mercedes,0 days 01:27:00.924000,,1,5.0,,,False,False,2021,17,United States Grand Prix
0 days 01:30:46.533000,BOT,77,0 days 00:02:02.707000,16.0,2.0,0 days 01:29:07.410000,,0 days 00:00:48.230000,0 days 00:00:40.763000,0 days 00:00:33.714000,0 days 01:29:32.091000,0 days 01:30:12.854000,0 days 01:30:46.568000,204.0,184.0,204.0,298.0,False,HARD,1.0,True,Mercedes,0 days 01:28:43.826000,,1,11.0,,,False,False,2021,17,United States Grand Prix
0 days 02:01:16.876000,BOT,77,0 days 00:01:41.145000,34.0,2.0,,0 days 02:01:15.926000,0 days 00:00:27.174000,0 days 00:00:40.855000,0 days 00:00:33.116000,0 days 02:00:02.940000,0 days 02:00:43.795000,0 days 02:01:16.911000,207.0,186.0,,294.0,False,HARD,19.0,True,Mercedes,0 days 01:59:35.731000,,1,5.0,,,False,False,2021,17,United States Grand Prix
0 days 02:03:17.859000,BOT,77,0 days 00:02:00.983000,35.0,3.0,0 days 02:01:39.558000,,0 days 00:00:47.224000,0 days 00:00:40.502000,0 days 00:00:33.257000,0 days 02:02:04.135000,0 days 02:02:44.637000,0 days 02:03:17.894000,205.0,186.0,208.0,290.0,False,HARD,1.0,True,Mercedes,0 days 02:01:16.876000,,1,7.0,,,False,False,2021,17,United States Grand Prix
0 days 01:21:40.923000,SAI,55,0 days 00:01:42.767000,11.0,1.0,,0 days 01:21:40.071000,0 days 00:00:27.581000,0 days 00:00:41.226000,0 days 00:00:33.960000,0 days 01:20:25.806000,0 days 01:21:07.032000,0 days 01:21:40.992000,202.0,181.0,,298.0,False,SOFT,14.0,False,Ferrari,0 days 01:19:58.156000,,1,6.0,,,False,False,2021,17,United States Grand Prix
0 days 01:23:41.918000,SAI,55,0 days 00:02:00.995000,12.0,2.0,0 days 01:22:03.454000,,0 days 00:00:46.866000,0 days 00:00:40.432000,0 days 00:00:33.697000,0 days 01:22:27.858000,0 days 01:23:08.290000,0 days 01:23:41.987000,203.0,180.0,201.0,323.0,False,HARD,1.0,True,Ferrari,0 days 01:21:40.923000,,1,8.0,,,False,False,2021,17,United States Grand Prix
0 days 01:52:43.504000,SAI,55,0 days 00:01:42.079000,29.0,2.0,,0 days 01:52:42.612000,0 days 00:00:27.637000,0 days 00:00:40.819000,0 days 00:00:33.623000,0 days 01:51:29.131000,0 days 01:52:09.950000,0 days 01:52:43.573000,198.0,182.0,,296.0,False,HARD,18.0,True,Ferrari,0 days 01:51:01.425000,,1,6.0,,,False,False,2021,17,United States Grand Prix
0 days 01:54:46.950000,SAI,55,0 days 00:02:03.446000,30.0,3.0,0 days 01:53:09.492000,,0 days 00:00:50.001000,0 days 00:00:40.553000,0 days 00:00:32.892000,0 days 01:53:33.574000,0 days 01:54:14.127000,0 days 01:54:47.019000,205.0,184.0,205.0,296.0,False,HARD,1.0,True,Ferrari,0 days 01:52:43.504000,,1,8.0,,,False,False,2021,17,United States Grand Prix
0 days 01:20:00.871000,NOR,4,0 days 00:01:43.368000,10.0,1.0,,0 days 01:19:59.956000,0 days 00:00:28.023000,0 days 00:00:41.471000,0 days 00:00:33.874000,0 days 01:18:45.537000,0 days 01:19:27.008000,0 days 01:20:00.882000,198.0,182.0,,290.0,False,MEDIUM,13.0,False,McLaren,0 days 01:18:17.503000,,1,7.0,,,False,False,2021,17,United States Grand Prix
0 days 01:22:01.557000,NOR,4,0 days 00:02:00.686000,11.0,2.0,0 days 01:20:24.358000,,0 days 00:00:47.250000,0 days 00:00:40.188000,0 days 00:00:33.248000,0 days 01:20:48.132000,0 days 01:21:28.320000,0 days 01:22:01.568000,215.0,185.0,206.0,299.0,False,HARD,1.0,True,McLaren,0 days 01:20:00.871000,,1,11.0,,,False,False,2021,17,United States Grand Prix
0 days 01:54:31.229000,NOR,4,0 days 00:01:43.499000,30.0,2.0,,0 days 01:54:30.334000,0 days 00:00:27.796000,0 days 00:00:41.360000,0 days 00:00:34.343000,0 days 01:53:15.537000,0 days 01:53:56.897000,0 days 01:54:31.240000,199.0,183.0,,292.0,False,HARD,20.0,True,McLaren,0 days 01:52:47.730000,,1,6.0,,,False,False,2021,17,United States Grand Prix
0 days 01:56:35.073000,NOR,4,0 days 00:02:03.844000,31.0,3.0,0 days 01:54:55.860000,,0 days 00:00:49.724000,0 days 00:00:40.863000,0 days 00:00:33.257000,0 days 01:55:20.964000,0 days 01:56:01.827000,0 days 01:56:35.084000,200.0,187.0,209.0,295.0,False,HARD,1.0,True,McLaren,0 days 01:54:31.229000,,1,8.0,,,False,False,2021,17,United States Grand Prix
0 days 01:18:22.959000,TSU,22,0 days 00:01:44.391000,9.0,1.0,,0 days 01:18:22.001000,0 days 00:00:27.918000,0 days 00:00:41.978000,0 days 00:00:34.495000,0 days 01:17:06.500000,0 days 01:17:48.478000,0 days 01:18:22.973000,198.0,180.0,,295.0,False,SOFT,12.0,False,AlphaTauri,0 days 01:16:38.568000,,1,8.0,,,False,False,2021,17,United States Grand Prix
0 days 01:20:25.858000,TSU,22,0 days 00:02:02.899000,10.0,2.0,0 days 01:18:45.889000,,0 days 00:00:47.838000,0 days 00:00:41.350000,0 days 00:00:33.711000,0 days 01:19:10.811000,0 days 01:19:52.161000,0 days 01:20:25.872000,202.0,182.0,203.0,293.0,False,HARD,1.0,True,AlphaTauri,0 days 01:18:22.959000,,1,14.0,,,False,False,2021,17,United States Grand Prix
0 days 01:58:23.478000,TSU,22,0 days 00:01:44.153000,32.0,2.0,,0 days 01:58:22.593000,0 days 00:00:27.920000,0 days 00:00:41.967000,0 days 00:00:34.266000,0 days 01:57:07.259000,0 days 01:57:49.226000,0 days 01:58:23.492000,198.0,184.0,,300.0,False,HARD,23.0,True,AlphaTauri,0 days 01:56:39.325000,,1,9.0,,,False,False,2021,17,United States Grand Prix
0 days 02:00:27.707000,TSU,22,0 days 00:02:04.229000,33.0,3.0,0 days 01:58:46.047000,,0 days 00:00:47.702000,0 days 00:00:42.364000,0 days 00:00:34.163000,0 days 01:59:11.194000,0 days 01:59:53.558000,0 days 02:00:27.721000,187.0,186.0,208.0,305.0,False,HARD,1.0,True,AlphaTauri,0 days 01:58:23.478000,,1,11.0,,,False,False,2021,17,United States Grand Prix
0 days 01:32:24.258000,VET,5,0 days 00:01:44.163000,17.0,1.0,,0 days 01:32:23.310000,0 days 00:00:28.207000,0 days 00:00:41.678000,0 days 00:00:34.278000,0 days 01:31:08.347000,0 days 01:31:50.025000,0 days 01:32:24.303000,195.0,181.0,,294.0,False,MEDIUM,19.0,False,Aston Martin,0 days 01:30:40.095000,,1,8.0,,,False,False,2021,17,United States Grand Prix
0 days 01:34:28.085000,VET,5,0 days 00:02:03.827000,18.0,2.0,0 days 01:32:48.324000,,0 days 00:00:48.926000,0 days 00:00:41.051000,0 days 00:00:33.850000,0 days 01:33:13.229000,0 days 01:33:54.280000,0 days 01:34:28.130000,200.0,183.0,201.0,293.0,False,MEDIUM,3.0,False,Aston Martin,0 days 01:32:24.258000,,1,15.0,,,False,False,2021,17,United States Grand Prix
0 days 02:08:49.555000,VET,5,0 days 00:01:43.198000,38.0,2.0,,0 days 02:08:48.662000,0 days 00:00:27.919000,0 days 00:00:41.515000,0 days 00:00:33.764000,0 days 02:07:34.321000,0 days 02:08:15.836000,0 days 02:08:49.600000,202.0,182.0,,291.0,False,MEDIUM,23.0,False,Aston Martin,0 days 02:07:06.357000,,1,9.0,,,False,False,2021,17,United States Grand Prix
0 days 02:10:51.921000,VET,5,0 days 00:02:02.366000,39.0,3.0,0 days 02:09:12.538000,,0 days 00:00:47.475000,0 days 00:00:41.744000,0 days 00:00:33.147000,0 days 02:09:37.075000,0 days 02:10:18.819000,0 days 02:10:51.966000,208.0,186.0,205.0,301.0,False,HARD,1.0,True,Aston Martin,0 days 02:08:49.555000,,1,13.0,,,False,False,2021,17,United States Grand Prix
0 days 01:16:43.577000,GIO,99,0 days 00:01:44.455000,8.0,1.0,,0 days 01:16:42.680000,0 days 00:00:28.047000,0 days 00:00:41.762000,0 days 00:00:34.646000,0 days 01:15:27.204000,0 days 01:16:08.966000,0 days 01:16:43.612000,195.0,182.0,,299.0,False,MEDIUM,8.0,True,Alfa Romeo Racing,0 days 01:14:59.122000,,1,11.0,,,False,False,2021,17,United States Grand Prix
0 days 01:18:45.779000,GIO,99,0 days 00:02:02.202000,9.0,2.0,0 days 01:17:06.675000,,0 days 00:00:47.474000,0 days 00:00:40.952000,0 days 00:00:33.776000,0 days 01:17:31.086000,0 days 01:18:12.038000,0 days 01:18:45.814000,204.0,185.0,204.0,300.0,False,MEDIUM,4.0,False,Alfa Romeo Racing,0 days 01:16:43.577000,,1,16.0,,,False,False,2021,17,United States Grand Prix
0 days 01:48:12.277000,GIO,99,0 days 00:01:44.481000,26.0,2.0,,0 days 01:48:11.381000,0 days 00:00:27.902000,0 days 00:00:42.129000,0 days 00:00:34.450000,0 days 01:46:55.733000,0 days 01:47:37.862000,0 days 01:48:12.312000,198.0,181.0,,302.0,False,MEDIUM,21.0,False,Alfa Romeo Racing,0 days 01:46:27.796000,,1,12.0,,,False,False,2021,17,United States Grand Prix
0 days 01:50:23.274000,GIO,99,0 days 00:02:10.997000,27.0,3.0,0 days 01:48:34.871000,,0 days 00:00:54.377000,0 days 00:00:43.046000,0 days 00:00:33.574000,0 days 01:49:06.689000,0 days 01:49:49.735000,0 days 01:50:23.309000,90.0,185.0,206.0,314.0,False,HARD,1.0,True,Alfa Romeo Racing,0 days 01:48:12.277000,,167,15.0,,,False,False,2021,17,United States Grand Prix
0 days 01:34:13.398000,STR,18,0 days 00:01:46.355000,18.0,1.0,,0 days 01:34:12.489000,0 days 00:00:27.890000,0 days 00:00:42.984000,0 days 00:00:35.481000,0 days 01:32:54.995000,0 days 01:33:37.979000,0 days 01:34:13.460000,197.0,177.0,,296.0,False,MEDIUM,18.0,True,Aston Martin,0 days 01:32:27.043000,,1,10.0,,,False,False,2021,17,United States Grand Prix
0 days 01:36:15.640000,STR,18,0 days 00:02:02.242000,19.0,2.0,0 days 01:34:36.307000,,0 days 00:00:47.561000,0 days 00:00:40.967000,0 days 00:00:33.714000,0 days 01:35:01.021000,0 days 01:35:41.988000,0 days 01:36:15.702000,191.0,183.0,205.0,295.0,False,MEDIUM,1.0,True,Aston Martin,0 days 01:34:13.398000,,1,15.0,,,False,False,2021,17,United States Grand Prix
0 days 02:02:11.786000,STR,18,0 days 00:01:44.675000,34.0,2.0,,0 days 02:02:10.879000,0 days 00:00:27.571000,0 days 00:00:42.433000,0 days 00:00:34.671000,0 days 02:00:54.744000,0 days 02:01:37.177000,0 days 02:02:11.848000,198.0,179.0,,300.0,False,MEDIUM,16.0,True,Aston Martin,0 days 02:00:27.111000,,1,12.0,,,False,False,2021,17,United States Grand Prix
0 days 02:04:11.863000,STR,18,0 days 00:02:00.077000,35.0,3.0,0 days 02:02:34.352000,,0 days 00:00:46.731000,0 days 00:00:40.363000,0 days 00:00:32.983000,0 days 02:02:58.579000,0 days 02:03:38.942000,0 days 02:04:11.925000,200.0,186.0,207.0,294.0,False,HARD,1.0,True,Aston Martin,0 days 02:02:11.786000,,1,14.0,,,False,False,2021,17,United States Grand Prix
0 days 01:23:37.902000,RAI,7,0 days 00:01:43.712000,12.0,1.0,,0 days 01:23:37.014000,0 days 00:00:28.032000,0 days 00:00:41.712000,0 days 00:00:33.968000,0 days 01:22:22.268000,0 days 01:23:03.980000,0 days 01:23:37.948000,203.0,181.0,,300.0,False,MEDIUM,12.0,True,Alfa Romeo Racing,0 days 01:21:54.190000,,1,6.0,,,False,False,2021,17,United States Grand Prix
0 days 01:25:40.327000,RAI,7,0 days 00:02:02.425000,13.0,2.0,0 days 01:24:01.195000,,0 days 00:00:47.927000,0 days 00:00:40.833000,0 days 00:00:33.665000,0 days 01:24:25.875000,0 days 01:25:06.708000,0 days 01:25:40.373000,207.0,184.0,204.0,305.0,False,MEDIUM,1.0,True,Alfa Romeo Racing,0 days 01:23:37.902000,,1,15.0,,,False,False,2021,17,United States Grand Prix
0 days 01:56:42.961000,RAI,7,0 days 00:01:43.887000,31.0,2.0,,0 days 01:56:42.091000,0 days 00:00:28.187000,0 days 00:00:41.356000,0 days 00:00:34.344000,0 days 01:55:27.307000,0 days 01:56:08.663000,0 days 01:56:43.007000,194.0,182.0,,301.0,False,MEDIUM,19.0,True,Alfa Romeo Racing,0 days 01:54:59.074000,,1,10.0,,,False,False,2021,17,United States Grand Prix
0 days 01:58:45.807000,RAI,7,0 days 00:02:02.846000,32.0,3.0,0 days 01:57:06.153000,,0 days 00:00:48.990000,0 days 00:00:40.643000,0 days 00:00:33.213000,0 days 01:57:31.997000,0 days 01:58:12.640000,0 days 01:58:45.853000,208.0,186.0,205.0,301.0,False,HARD,1.0,True,Alfa Romeo Racing,0 days 01:56:42.961000,,1,12.0,,,False,False,2021,17,United States Grand Prix
0 days 01:18:31.849000,RUS,63,0 days 00:01:45.120000,9.0,1.0,,0 days 01:18:30.981000,0 days 00:00:27.949000,0 days 00:00:42.334000,0 days 00:00:34.837000,0 days 01:17:14.692000,0 days 01:17:57.026000,0 days 01:18:31.863000,200.0,172.0,,300.0,False,MEDIUM,9.0,True,Williams,0 days 01:16:46.729000,,1,13.0,,,False,False,2021,17,United States Grand Prix
0 days 01:20:32.810000,RUS,63,0 days 00:02:00.961000,10.0,2.0,0 days 01:18:54.518000,,0 days 00:00:46.768000,0 days 00:00:40.915000,0 days 00:00:33.278000,0 days 01:19:18.631000,0 days 01:19:59.546000,0 days 01:20:32.824000,206.0,179.0,205.0,296.0,False,HARD,1.0,True,Williams,0 days 01:18:31.849000,,1,17.0,,,False,False,2021,17,United States Grand Prix
0 days 01:57:06.626000,RUS,63,0 days 00:01:46.447000,31.0,2.0,,0 days 01:57:05.738000,0 days 00:00:27.871000,0 days 00:00:43.703000,0 days 00:00:34.873000,0 days 01:55:48.064000,0 days 01:56:31.767000,0 days 01:57:06.640000,192.0,176.0,,175.0,False,HARD,22.0,True,Williams,0 days 01:55:20.179000,,1,13.0,,,False,False,2021,17,United States Grand Prix
0 days 01:59:08.970000,RUS,63,0 days 00:02:02.344000,32.0,3.0,0 days 01:57:32.056000,,0 days 00:00:48.728000,0 days 00:00:40.567000,0 days 00:00:33.049000,0 days 01:57:55.368000,0 days 01:58:35.935000,0 days 01:59:08.984000,203.0,185.0,208.0,314.0,False,HARD,1.0,True,Williams,0 days 01:57:06.626000,,1,15.0,,,False,False,2021,17,United States Grand Prix
0 days 01:11:38.684000,LAT,6,0 days 00:01:45.267000,5.0,1.0,,0 days 01:11:37.841000,0 days 00:00:28.332000,0 days 00:00:42.046000,0 days 00:00:34.889000,0 days 01:10:21.769000,0 days 01:11:03.815000,0 days 01:11:38.704000,190.0,179.0,,306.0,False,MEDIUM,5.0,True,Williams,0 days 01:09:53.417000,,1,18.0,,,False,False,2021,17,United States Grand Prix
0 days 01:13:49.633000,LAT,6,0 days 00:02:10.949000,6.0,2.0,0 days 01:12:10.407000,,0 days 00:00:56.255000,0 days 00:00:41.084000,0 days 00:00:33.610000,0 days 01:12:34.959000,0 days 01:13:16.043000,0 days 01:13:49.653000,205.0,182.0,201.0,296.0,False,HARD,1.0,True,Williams,0 days 01:11:38.684000,,1,19.0,,,False,False,2021,17,United States Grand Prix
0 days 01:46:46.988000,LAT,6,0 days 00:01:45.229000,25.0,2.0,,0 days 01:46:46.099000,0 days 00:00:27.971000,0 days 00:00:42.251000,0 days 00:00:35.007000,0 days 01:45:29.750000,0 days 01:46:12.001000,0 days 01:46:47.008000,194.0,178.0,,289.0,False,HARD,20.0,True,Williams,0 days 01:45:01.759000,,1,16.0,,,False,False,2021,17,United States Grand Prix
0 days 01:48:56.167000,LAT,6,0 days 00:02:09.179000,26.0,3.0,0 days 01:47:09.748000,,0 days 00:00:47.011000,0 days 00:00:40.963000,0 days 00:00:41.205000,0 days 01:47:34.019000,0 days 01:48:14.982000,0 days 01:48:56.187000,205.0,182.0,177.0,297.0,False,HARD,1.0,True,Williams,0 days 01:46:46.988000,,167,17.0,,,False,False,2021,17,United States Grand Prix
0 days 01:22:10.279000,MSC,47,0 days 00:01:45.930000,11.0,1.0,,0 days 01:22:09.325000,0 days 00:00:28.122000,0 days 00:00:42.625000,0 days 00:00:35.183000,0 days 01:20:52.520000,0 days 01:21:35.145000,0 days 01:22:10.328000,196.0,176.0,,287.0,False,MEDIUM,11.0,True,Haas F1 Team,0 days 01:20:24.349000,,1,14.0,,,False,False,2021,17,United States Grand Prix
0 days 01:24:14.914000,MSC,47,0 days 00:02:04.635000,12.0,2.0,0 days 01:22:33.614000,,0 days 00:00:48.762000,0 days 00:00:41.139000,0 days 00:00:34.734000,0 days 01:22:59.090000,0 days 01:23:40.229000,0 days 01:24:14.963000,200.0,183.0,200.0,313.0,False,HARD,1.0,True,Haas F1 Team,0 days 01:22:10.279000,,1,19.0,,,False,False,2021,17,United States Grand Prix
0 days 02:02:40.945000,MSC,47,0 days 00:01:44.943000,34.0,2.0,,0 days 02:02:40.064000,0 days 00:00:27.864000,0 days 00:00:42.362000,0 days 00:00:34.717000,0 days 02:01:23.915000,0 days 02:02:06.277000,0 days 02:02:40.994000,189.0,178.0,,297.0,False,HARD,23.0,True,Haas F1 Team,0 days 02:00:56.002000,,1,16.0,,,False,False,2021,17,United States Grand Prix
0 days 02:04:43.080000,MSC,47,0 days 00:02:02.135000,35.0,3.0,0 days 02:03:04.289000,,0 days 00:00:47.957000,0 days 00:00:40.721000,0 days 00:00:33.457000,0 days 02:03:28.951000,0 days 02:04:09.672000,0 days 02:04:43.129000,203.0,180.0,205.0,296.0,False,MEDIUM,1.0,True,Haas F1 Team,0 days 02:02:40.945000,,1,18.0,,,False,False,2021,17,United States Grand Prix
0 days 01:04:34.680000,MAZ,9,0 days 00:01:55.428000,1.0,1.0,,0 days 01:04:33.762000,,0 days 00:00:44.083000,0 days 00:00:37.905000,,0 days 01:03:56.939000,0 days 01:04:34.862000,182.0,165.0,,277.0,False,MEDIUM,1.0,True,Haas F1 Team,0 days 01:02:39.103000,,12,20.0,,,False,False,2021,17,United States Grand Prix
0 days 01:06:46.645000,MAZ,9,0 days 00:02:11.965000,2.0,2.0,0 days 01:05:04.462000,,0 days 00:00:55.954000,0 days 00:00:41.909000,0 days 00:00:34.102000,0 days 01:05:30.682000,0 days 01:06:12.591000,0 days 01:06:46.693000,192.0,179.0,200.0,296.0,False,HARD,1.0,True,Haas F1 Team,0 days 01:04:34.680000,,1,20.0,,,False,False,2021,17,United States Grand Prix
0 days 01:45:40.285000,MAZ,9,0 days 00:01:47.399000,24.0,2.0,,0 days 01:45:39.396000,0 days 00:00:29.038000,0 days 00:00:42.693000,0 days 00:00:35.668000,0 days 01:44:21.972000,0 days 01:45:04.665000,0 days 01:45:40.333000,172.0,175.0,,298.0,False,HARD,23.0,True,Haas F1 Team,0 days 01:43:52.886000,,1,19.0,,,False,False,2021,17,United States Grand Prix
0 days 01:47:46.921000,MAZ,9,0 days 00:02:06.636000,25.0,3.0,0 days 01:46:04.007000,,0 days 00:00:50.267000,0 days 00:00:42.189000,0 days 00:00:34.180000,0 days 01:46:30.600000,0 days 01:47:12.789000,0 days 01:47:46.969000,190.0,176.0,200.0,298.0,False,MEDIUM,1.0,True,Haas F1 Team,0 days 01:45:40.285000,,1,19.0,,,False,False,2021,17,United States Grand Prix
0 days 02:08:52.075000,MAZ,9,0 days 00:01:47.875000,37.0,3.0,,0 days 02:08:51.184000,0 days 00:00:28.270000,0 days 00:00:43.535000,0 days 00:00:36.070000,0 days 02:07:32.518000,0 days 02:08:16.053000,0 days 02:08:52.123000,188.0,104.0,,299.0,False,MEDIUM,13.0,True,Haas F1 Team,0 days 02:07:04.200000,,1,19.0,,,False,False,2021,17,United States Grand Prix
0 days 02:10:55.669000,MAZ,9,0 days 00:02:03.594000,38.0,4.0,0 days 02:09:15.357000,,0 days 00:00:48.693000,0 days 00:00:41.388000,0 days 00:00:33.513000,0 days 02:09:40.816000,0 days 02:10:22.204000,0 days 02:10:55.717000,194.0,181.0,201.0,298.0,False,MEDIUM,2.0,False,Haas F1 Team,0 days 02:08:52.075000,,1,19.0,,,False,False,2021,17,United States Grand Prix
0 days 01:15:03.556000,ALO,14,0 days 00:01:44.494000,7.0,1.0,,0 days 01:15:02.654000,0 days 00:00:28.046000,0 days 00:00:41.429000,0 days 00:00:35.019000,0 days 01:13:47.170000,0 days 01:14:28.599000,0 days 01:15:03.618000,192.0,178.0,,331.0,False,MEDIUM,7.0,True,Alpine,0 days 01:13:19.062000,,1,15.0,,,False,False,2021,17,United States Grand Prix
0 days 01:17:04.211000,ALO,14,0 days 00:02:00.655000,8.0,2.0,0 days 01:15:26.287000,,0 days 00:00:46.713000,0 days 00:00:40.851000,0 days 00:00:33.091000,0 days 01:15:50.331000,0 days 01:16:31.182000,0 days 01:17:04.273000,210.0,182.0,202.0,287.0,False,HARD,1.0,True,Alpine,0 days 01:15:03.556000,,1,17.0,,,False,False,2021,17,United States Grand Prix
0 days 01:51:43.664000,ALO,14,0 days 00:01:42.779000,28.0,2.0,,0 days 01:51:43.076000,0 days 00:00:27.590000,0 days 00:00:41.187000,0 days 00:00:34.002000,0 days 01:50:28.537000,0 days 01:51:09.724000,0 days 01:51:43.726000,197.0,181.0,,293.0,False,HARD,21.0,True,Alpine,0 days 01:50:00.885000,,1,11.0,,,False,False,2021,17,United States Grand Prix
0 days 01:53:43.946000,ALO,14,0 days 00:02:00.282000,29.0,3.0,0 days 01:52:06.604000,,0 days 00:00:46.733000,0 days 00:00:40.362000,0 days 00:00:33.187000,0 days 01:52:30.459000,0 days 01:53:10.821000,0 days 01:53:44.008000,205.0,185.0,205.0,292.0,False,HARD,1.0,True,Alpine,0 days 01:51:43.664000,,1,14.0,,,False,False,2021,17,United States Grand Prix
0 days 02:10:40.390000,ALO,14,0 days 00:01:41.448000,39.0,3.0,,0 days 02:10:39.507000,0 days 00:00:27.153000,0 days 00:00:40.571000,0 days 00:00:33.724000,0 days 02:09:26.157000,0 days 02:10:06.728000,0 days 02:10:40.452000,207.0,182.0,,312.0,False,HARD,11.0,True,Alpine,0 days 02:08:58.942000,,1,11.0,,,False,False,2021,17,United States Grand Prix
0 days 02:12:39.669000,ALO,14,0 days 00:01:59.279000,40.0,4.0,0 days 02:11:02.808000,,0 days 00:00:46.120000,0 days 00:00:40.266000,0 days 00:00:32.893000,0 days 02:11:26.572000,0 days 02:12:06.838000,0 days 02:12:39.731000,208.0,185.0,212.0,300.0,False,MEDIUM,1.0,True,Alpine,0 days 02:10:40.390000,,1,14.0,,,False,False,2021,17,United States Grand Prix
0 days 02:27:48.526000,ALO,14,0 days 00:01:45.442000,49.0,4.0,,0 days 02:27:48.022000,0 days 00:00:27.085000,0 days 00:00:40.387000,0 days 00:00:37.970000,0 days 02:26:30.231000,0 days 02:27:10.618000,0 days 02:27:48.588000,206.0,185.0,,308.0,False,MEDIUM,10.0,True,Alpine,0 days 02:26:03.084000,,1,13.0,,,False,False,2021,17,United States Grand Prix
0 days 01:08:03.108000,OCO,31,0 days 00:01:45.117000,3.0,1.0,,0 days 01:08:02.256000,0 days 00:00:28.711000,0 days 00:00:41.836000,0 days 00:00:34.570000,0 days 01:06:46.777000,0 days 01:07:28.613000,0 days 01:08:03.183000,187.0,174.0,,322.0,False,MEDIUM,6.0,False,Alpine,0 days 01:06:17.991000,,1,13.0,,,False,False,2021,17,United States Grand Prix
0 days 01:10:22.765000,OCO,31,0 days 00:02:19.657000,4.0,2.0,0 days 01:08:43.006000,,0 days 00:01:04.760000,0 days 00:00:41.090000,0 days 00:00:33.807000,0 days 01:09:07.943000,0 days 01:09:49.033000,0 days 01:10:22.840000,203.0,175.0,201.0,288.0,False,HARD,1.0,True,Alpine,0 days 01:08:03.108000,,1,20.0,,,False,False,2021,17,United States Grand Prix
0 days 01:46:49.585000,OCO,31,0 days 00:01:46.417000,25.0,2.0,,0 days 01:46:48.677000,0 days 00:00:27.937000,0 days 00:00:43.625000,0 days 00:00:34.855000,0 days 01:45:31.180000,0 days 01:46:14.805000,0 days 01:46:49.660000,198.0,177.0,,183.0,False,HARD,22.0,True,Alpine,0 days 01:45:03.168000,,1,17.0,,,False,False,2021,17,United States Grand Prix
0 days 01:49:02.457000,OCO,31,0 days 00:02:12.872000,26.0,3.0,0 days 01:47:12.651000,,0 days 00:00:47.545000,0 days 00:00:41.227000,0 days 00:00:44.100000,0 days 01:47:37.205000,0 days 01:48:18.432000,0 days 01:49:02.532000,204.0,177.0,203.0,294.0,False,MEDIUM,4.0,False,Alpine,0 days 01:46:49.585000,,167,18.0,,,False,False,2021,17,United States Grand Prix
0 days 02:13:25.923000,OCO,31,0 days 00:02:05.186000,40.0,3.0,,0 days 02:13:25.332000,0 days 00:00:27.498000,0 days 00:00:42.954000,0 days 00:00:54.734000,0 days 02:11:48.310000,0 days 02:12:31.264000,0 days 02:13:25.998000,203.0,99.0,,290.0,False,MEDIUM,18.0,False,Alpine,0 days 02:11:20.737000,,1,18.0,,,False,False,2021,17,United States Grand Prix
0 days 01:20:07.565000,GAS,10,0 days 00:01:43.462000,10.0,1.0,,0 days 01:20:06.679000,0 days 00:00:27.994000,0 days 00:00:41.513000,0 days 00:00:33.955000,0 days 01:18:52.104000,0 days 01:19:33.617000,0 days 01:20:07.572000,195.0,182.0,,296.0,False,MEDIUM,13.0,False,AlphaTauri,0 days 01:18:24.103000,,1,8.0,,,False,False,2021,17,United States Grand Prix
0 days 01:22:10.169000,GAS,10,0 days 00:02:02.604000,11.0,2.0,0 days 01:20:34.926000,,0 days 00:00:47.646000,0 days 00:00:40.676000,0 days 00:00:34.282000,0 days 01:20:55.218000,0 days 01:21:35.894000,0 days 01:22:10.176000,202.0,183.0,203.0,304.0,False,HARD,1.0,True,AlphaTauri,0 days 01:20:07.565000,,1,13.0,,,False,False,2021,17,United States Grand Prix
0 days 01:28:06.294000,GAS,10,0 days 00:02:29.128000,14.0,2.0,,0 days 01:28:05.212000,0 days 00:00:30.882000,0 days 00:01:04.927000,0 days 00:00:53.319000,0 days 01:26:08.055000,0 days 01:27:12.982000,0 days 01:28:06.301000,138.0,103.0,,151.0,False,HARD,4.0,True,AlphaTauri,0 days 01:25:37.166000,,1,20.0,,,False,False,2021,17,United States Grand Prix
0 days 01:49:35.260000,VER,33,0 days 00:01:24.863000,33.0,1.0,,0 days 01:49:32.659000,0 days 00:00:28.797000,0 days 00:00:31.606000,0 days 00:00:24.460000,0 days 01:48:39.196000,0 days 01:49:10.802000,0 days 01:49:35.262000,284.0,287.0,,326.0,False,MEDIUM,36.0,False,Red Bull Racing,0 days 01:48:10.397000,,1,1.0,,,False,False,2021,18,Mexico City Grand Prix
0 days 01:51:14.088000,VER,33,0 days 00:01:38.828000,34.0,2.0,0 days 01:49:54.579000,,0 days 00:00:46.985000,0 days 00:00:31.239000,0 days 00:00:20.604000,0 days 01:50:22.247000,0 days 01:50:53.486000,0 days 01:51:14.090000,281.0,285.0,252.0,305.0,False,HARD,1.0,True,Red Bull Racing,0 days 01:49:35.260000,,1,2.0,,,False,False,2021,18,Mexico City Grand Prix
0 days 01:44:19.068000,HAM,44,0 days 00:01:25.054000,29.0,1.0,,0 days 01:44:16.484000,0 days 00:00:28.625000,0 days 00:00:31.937000,0 days 00:00:24.492000,0 days 01:43:22.662000,0 days 01:43:54.599000,0 days 01:44:19.091000,299.0,282.0,,334.0,False,MEDIUM,32.0,False,Mercedes,0 days 01:42:54.014000,,1,3.0,,,False,False,2021,18,Mexico City Grand Prix
0 days 01:46:00.480000,HAM,44,0 days 00:01:41.412000,30.0,2.0,0 days 01:44:38.830000,,0 days 00:00:48.068000,0 days 00:00:31.907000,0 days 00:00:21.437000,0 days 01:45:07.159000,0 days 01:45:39.066000,0 days 01:46:00.503000,284.0,290.0,249.0,307.0,False,HARD,1.0,True,Mercedes,0 days 01:44:19.068000,,1,4.0,,,False,False,2021,18,Mexico City Grand Prix
0 days 01:59:16.386000,PER,11,0 days 00:01:24.496000,40.0,1.0,,0 days 01:59:13.877000,0 days 00:00:28.654000,0 days 00:00:31.358000,0 days 00:00:24.484000,0 days 01:58:20.544000,0 days 01:58:51.902000,0 days 01:59:16.386000,288.0,283.0,,321.0,False,MEDIUM,43.0,False,Red Bull Racing,0 days 01:57:51.890000,,1,2.0,,,False,False,2021,18,Mexico City Grand Prix
0 days 02:00:55.691000,PER,11,0 days 00:01:39.305000,41.0,2.0,0 days 01:59:35.898000,,0 days 00:00:47.524000,0 days 00:00:31.173000,0 days 00:00:20.608000,0 days 02:00:03.910000,0 days 02:00:35.083000,0 days 02:00:55.691000,282.0,284.0,253.0,311.0,False,HARD,1.0,True,Red Bull Racing,0 days 01:59:16.386000,,1,3.0,,,False,False,2021,18,Mexico City Grand Prix
0 days 01:47:21.651000,GAS,10,0 days 00:01:25.268000,31.0,1.0,,0 days 01:47:19.113000,0 days 00:00:29.038000,0 days 00:00:31.860000,0 days 00:00:24.370000,0 days 01:46:25.422000,0 days 01:46:57.282000,0 days 01:47:21.652000,290.0,281.0,,320.0,False,MEDIUM,34.0,False,AlphaTauri,0 days 01:45:56.383000,,1,4.0,,,False,False,2021,18,Mexico City Grand Prix
0 days 01:49:02.594000,GAS,10,0 days 00:01:40.943000,32.0,2.0,0 days 01:47:41.646000,,0 days 00:00:48.086000,0 days 00:00:31.956000,0 days 00:00:20.901000,0 days 01:48:09.738000,0 days 01:48:41.694000,0 days 01:49:02.595000,291.0,285.0,250.0,306.0,False,HARD,1.0,True,AlphaTauri,0 days 01:47:21.651000,,1,6.0,,,False,False,2021,18,Mexico City Grand Prix
0 days 01:46:03.198000,LEC,16,0 days 00:01:25.742000,30.0,1.0,,0 days 01:46:00.648000,0 days 00:00:28.934000,0 days 00:00:32.126000,0 days 00:00:24.682000,0 days 01:45:06.416000,0 days 01:45:38.542000,0 days 01:46:03.224000,302.0,284.0,,328.0,False,MEDIUM,35.0,False,Ferrari,0 days 01:44:37.456000,,1,6.0,,,False,False,2021,18,Mexico City Grand Prix
0 days 01:47:43.673000,LEC,16,0 days 00:01:40.475000,31.0,2.0,0 days 01:46:22.710000,,0 days 00:00:47.221000,0 days 00:00:32.079000,0 days 00:00:21.175000,0 days 01:46:50.445000,0 days 01:47:22.524000,0 days 01:47:43.699000,296.0,291.0,253.0,310.0,False,HARD,1.0,True,Ferrari,0 days 01:46:03.198000,,1,9.0,,,False,False,2021,18,Mexico City Grand Prix
0 days 02:02:27.526000,SAI,55,0 days 00:01:25.413000,42.0,1.0,,0 days 02:02:24.966000,0 days 00:00:28.796000,0 days 00:00:32.070000,0 days 00:00:24.547000,0 days 02:01:30.931000,0 days 02:02:03.001000,0 days 02:02:27.548000,301.0,283.0,,329.0,False,MEDIUM,47.0,False,Ferrari,0 days 02:01:02.113000,,1,4.0,,,False,False,2021,18,Mexico City Grand Prix
0 days 02:04:07.457000,SAI,55,0 days 00:01:39.931000,43.0,2.0,0 days 02:02:47.095000,,0 days 00:00:47.045000,0 days 00:00:31.830000,0 days 00:00:21.056000,0 days 02:03:14.593000,0 days 02:03:46.423000,0 days 02:04:07.479000,292.0,280.0,251.0,310.0,False,HARD,1.0,True,Ferrari,0 days 02:02:27.526000,,1,6.0,,,False,False,2021,18,Mexico City Grand Prix
0 days 01:50:23.895000,VET,5,0 days 00:01:25.315000,33.0,1.0,,0 days 01:50:21.298000,0 days 00:00:29.012000,0 days 00:00:31.815000,0 days 00:00:24.488000,0 days 01:49:27.627000,0 days 01:49:59.442000,0 days 01:50:23.930000,290.0,280.0,,324.0,False,MEDIUM,36.0,False,Aston Martin,0 days 01:48:58.580000,,1,6.0,,,False,False,2021,18,Mexico City Grand Prix
0 days 01:52:03.620000,VET,5,0 days 00:01:39.725000,34.0,2.0,0 days 01:50:43.888000,,0 days 00:00:47.302000,0 days 00:00:31.551000,0 days 00:00:20.872000,0 days 01:51:11.232000,0 days 01:51:42.783000,0 days 01:52:03.655000,285.0,283.0,249.0,305.0,False,HARD,1.0,True,Aston Martin,0 days 01:50:23.895000,,1,9.0,,,False,False,2021,18,Mexico City Grand Prix
0 days 01:49:04.490000,RAI,7,0 days 00:01:25.099000,32.0,1.0,,0 days 01:49:01.748000,0 days 00:00:28.137000,0 days 00:00:32.008000,0 days 00:00:24.954000,0 days 01:48:07.532000,0 days 01:48:39.540000,0 days 01:49:04.494000,311.0,283.0,,349.0,False,MEDIUM,35.0,False,Alfa Romeo Racing,0 days 01:47:39.391000,,1,7.0,,,False,False,2021,18,Mexico City Grand Prix
0 days 01:50:44.544000,RAI,7,0 days 00:01:40.054000,33.0,2.0,0 days 01:49:24.164000,,0 days 00:00:47.377000,0 days 00:00:31.605000,0 days 00:00:21.072000,0 days 01:49:51.871000,0 days 01:50:23.476000,0 days 01:50:44.548000,297.0,282.0,251.0,308.0,False,HARD,1.0,True,Alfa Romeo Racing,0 days 01:49:04.490000,,1,10.0,,,False,False,2021,18,Mexico City Grand Prix
0 days 01:58:45.152000,ALO,14,0 days 00:01:25.985000,39.0,1.0,,0 days 01:58:42.609000,0 days 00:00:29.067000,0 days 00:00:31.991000,0 days 00:00:24.927000,0 days 01:57:48.277000,0 days 01:58:20.268000,0 days 01:58:45.195000,300.0,280.0,,322.0,False,MEDIUM,39.0,True,Alpine,0 days 01:57:19.167000,,1,7.0,,,False,False,2021,18,Mexico City Grand Prix
0 days 02:00:26.635000,ALO,14,0 days 00:01:41.483000,40.0,2.0,0 days 01:59:06.588000,,0 days 00:00:49.202000,0 days 00:00:31.335000,0 days 00:00:20.946000,0 days 01:59:34.397000,0 days 02:00:05.732000,0 days 02:00:26.678000,292.0,281.0,249.0,304.0,False,HARD,1.0,True,Alpine,0 days 01:58:45.152000,,1,10.0,,,False,False,2021,18,Mexico City Grand Prix
0 days 02:05:40.325000,NOR,4,0 days 00:01:25.402000,44.0,1.0,,0 days 02:05:37.775000,0 days 00:00:28.769000,0 days 00:00:32.008000,0 days 00:00:24.625000,0 days 02:04:43.693000,0 days 02:05:15.701000,0 days 02:05:40.326000,299.0,285.0,,327.0,False,MEDIUM,47.0,False,McLaren,0 days 02:04:14.923000,,1,8.0,,,False,False,2021,18,Mexico City Grand Prix
0 days 02:07:21.162000,NOR,4,0 days 00:01:40.837000,45.0,2.0,0 days 02:06:00.288000,,0 days 00:00:47.945000,0 days 00:00:31.844000,0 days 00:00:21.048000,0 days 02:06:28.271000,0 days 02:07:00.115000,0 days 02:07:21.163000,298.0,283.0,253.0,309.0,False,HARD,1.0,True,McLaren,0 days 02:05:40.325000,,1,10.0,,,False,False,2021,18,Mexico City Grand Prix
0 days 01:27:01.983000,GIO,99,0 days 00:01:26.592000,16.0,1.0,,0 days 01:26:59.425000,0 days 00:00:29.257000,0 days 00:00:32.539000,0 days 00:00:24.796000,0 days 01:26:04.652000,0 days 01:26:37.191000,0 days 01:27:01.987000,287.0,280.0,,327.0,False,MEDIUM,20.0,False,Alfa Romeo Racing,0 days 01:25:35.391000,,1,8.0,,,False,False,2021,18,Mexico City Grand Prix
0 days 01:28:44.875000,GIO,99,0 days 00:01:42.892000,17.0,2.0,0 days 01:27:21.622000,,0 days 00:00:48.656000,0 days 00:00:32.900000,0 days 00:00:21.336000,0 days 01:27:50.643000,0 days 01:28:23.543000,0 days 01:28:44.879000,287.0,282.0,249.0,310.0,False,HARD,1.0,True,Alfa Romeo Racing,0 days 01:27:01.983000,,1,13.0,,,False,False,2021,18,Mexico City Grand Prix
0 days 01:04:13.133000,RIC,3,0 days 00:02:09.523000,1.0,1.0,,0 days 01:04:10.599000,,0 days 00:00:57.487000,0 days 00:00:36.319000,,0 days 01:03:36.912000,0 days 01:04:13.284000,221.0,82.0,,308.0,False,MEDIUM,4.0,False,McLaren,0 days 01:02:03.441000,,124,16.0,,,False,False,2021,18,Mexico City Grand Prix
0 days 01:06:33.136000,RIC,3,0 days 00:02:20.003000,2.0,2.0,0 days 01:04:48.700000,,0 days 00:01:11.157000,0 days 00:00:37.517000,0 days 00:00:31.329000,0 days 01:05:24.290000,0 days 01:06:01.807000,0 days 01:06:33.136000,268.0,257.0,148.0,302.0,False,HARD,1.0,True,McLaren,0 days 01:04:13.133000,,4,18.0,,,False,False,2021,18,Mexico City Grand Prix
0 days 01:57:49.121000,RIC,3,0 days 00:01:26.489000,38.0,2.0,,0 days 01:57:46.542000,0 days 00:00:29.367000,0 days 00:00:32.437000,0 days 00:00:24.685000,0 days 01:56:51.999000,0 days 01:57:24.436000,0 days 01:57:49.121000,299.0,282.0,,325.0,False,HARD,37.0,True,McLaren,0 days 01:56:22.632000,,1,12.0,,,False,False,2021,18,Mexico City Grand Prix
0 days 01:59:30.502000,RIC,3,0 days 00:01:41.381000,39.0,3.0,0 days 01:58:09.418000,,0 days 00:00:48.152000,0 days 00:00:32.124000,0 days 00:00:21.105000,0 days 01:58:37.273000,0 days 01:59:09.397000,0 days 01:59:30.502000,293.0,284.0,251.0,306.0,False,MEDIUM,3.0,False,McLaren,0 days 01:57:49.121000,,1,13.0,,,False,False,2021,18,Mexico City Grand Prix
0 days 01:24:31.858000,OCO,31,0 days 00:01:26.493000,14.0,1.0,,0 days 01:24:29.303000,0 days 00:00:29.281000,0 days 00:00:32.477000,0 days 00:00:24.735000,0 days 01:23:34.693000,0 days 01:24:07.170000,0 days 01:24:31.905000,298.0,280.0,,326.0,False,SOFT,14.0,True,Alpine,0 days 01:23:05.365000,,1,13.0,,,False,False,2021,18,Mexico City Grand Prix
0 days 01:26:13.181000,OCO,31,0 days 00:01:41.323000,15.0,2.0,0 days 01:24:52.695000,,0 days 00:00:48.380000,0 days 00:00:31.790000,0 days 00:00:21.153000,0 days 01:25:20.285000,0 days 01:25:52.075000,0 days 01:26:13.228000,295.0,279.0,246.0,302.0,False,HARD,1.0,True,Alpine,0 days 01:24:31.858000,,1,15.0,,,False,False,2021,18,Mexico City Grand Prix
0 days 01:21:47.517000,STR,18,0 days 00:01:27.984000,12.0,1.0,,0 days 01:21:44.888000,0 days 00:00:29.332000,0 days 00:00:33.057000,0 days 00:00:25.595000,0 days 01:20:48.909000,0 days 01:21:21.966000,0 days 01:21:47.561000,281.0,286.0,,328.0,False,MEDIUM,14.0,False,Aston Martin,0 days 01:20:19.533000,,1,17.0,,,False,False,2021,18,Mexico City Grand Prix
0 days 01:23:30.792000,STR,18,0 days 00:01:43.275000,13.0,2.0,0 days 01:22:08.502000,,0 days 00:00:49.673000,0 days 00:00:32.417000,0 days 00:00:21.185000,0 days 01:22:37.234000,0 days 01:23:09.651000,0 days 01:23:30.836000,280.0,279.0,247.0,304.0,False,HARD,1.0,True,Aston Martin,0 days 01:21:47.517000,,1,17.0,,,False,False,2021,18,Mexico City Grand Prix
0 days 01:52:38.962000,STR,18,0 days 00:01:26.932000,34.0,2.0,,0 days 01:52:36.338000,0 days 00:00:28.918000,0 days 00:00:32.795000,0 days 00:00:25.219000,0 days 01:51:40.992000,0 days 01:52:13.787000,0 days 01:52:39.006000,289.0,278.0,,351.0,False,HARD,22.0,True,Aston Martin,0 days 01:51:12.030000,,1,16.0,,,False,False,2021,18,Mexico City Grand Prix
0 days 01:54:23.543000,STR,18,0 days 00:01:44.581000,35.0,3.0,0 days 01:53:02.713000,,0 days 00:00:51.548000,0 days 00:00:32.080000,0 days 00:00:20.953000,0 days 01:53:30.554000,0 days 01:54:02.634000,0 days 01:54:23.587000,282.0,280.0,250.0,304.0,False,MEDIUM,3.0,False,Aston Martin,0 days 01:52:38.962000,,1,17.0,,,False,False,2021,18,Mexico City Grand Prix
0 days 01:04:17.645000,BOT,77,0 days 00:02:14.035000,1.0,1.0,,0 days 01:04:15.038000,,0 days 00:00:59.019000,0 days 00:00:33.045000,,0 days 01:03:44.752000,0 days 01:04:17.795000,258.0,81.0,,306.0,False,MEDIUM,6.0,False,Mercedes,0 days 01:02:03.441000,,124,18.0,,,False,False,2021,18,Mexico City Grand Prix
0 days 01:06:31.373000,BOT,77,0 days 00:02:13.728000,2.0,2.0,0 days 01:04:37.516000,,0 days 00:00:57.767000,0 days 00:00:37.216000,0 days 00:00:38.745000,0 days 01:05:15.435000,0 days 01:05:52.651000,0 days 01:06:31.396000,230.0,188.0,132.0,269.0,False,HARD,1.0,True,Mercedes,0 days 01:04:17.645000,,4,17.0,,,False,False,2021,18,Mexico City Grand Prix
0 days 02:00:32.496000,BOT,77,0 days 00:01:24.441000,40.0,2.0,,0 days 02:00:29.854000,0 days 00:00:28.547000,0 days 00:00:31.486000,0 days 00:00:24.408000,0 days 01:59:36.625000,0 days 02:00:08.111000,0 days 02:00:32.519000,292.0,279.0,,329.0,False,HARD,39.0,True,Mercedes,0 days 01:59:08.055000,,1,11.0,,,False,False,2021,18,Mexico City Grand Prix
0 days 02:02:24.884000,BOT,77,0 days 00:01:52.388000,41.0,3.0,0 days 02:01:01.531000,,0 days 00:00:58.136000,0 days 00:00:33.018000,0 days 00:00:21.234000,0 days 02:01:30.655000,0 days 02:02:03.673000,0 days 02:02:24.907000,168.0,292.0,252.0,310.0,False,MEDIUM,1.0,True,Mercedes,0 days 02:00:32.496000,,1,15.0,,,False,False,2021,18,Mexico City Grand Prix
0 days 02:32:18.987000,BOT,77,0 days 00:01:23.135000,63.0,3.0,,0 days 02:32:16.382000,0 days 00:00:28.394000,0 days 00:00:30.769000,0 days 00:00:23.972000,0 days 02:31:24.269000,0 days 02:31:55.038000,0 days 02:32:19.010000,282.0,287.0,,329.0,False,MEDIUM,23.0,True,Mercedes,0 days 02:30:55.852000,,1,13.0,,,False,False,2021,18,Mexico City Grand Prix
0 days 02:34:01.689000,BOT,77,0 days 00:01:42.702000,64.0,4.0,0 days 02:32:39.079000,,0 days 00:00:48.698000,0 days 00:00:32.631000,0 days 00:00:21.373000,0 days 02:33:07.708000,0 days 02:33:40.339000,0 days 02:34:01.712000,279.0,277.0,254.0,308.0,False,SOFT,4.0,False,Mercedes,0 days 02:32:18.987000,,1,14.0,,,False,False,2021,18,Mexico City Grand Prix
0 days 02:38:08.528000,BOT,77,0 days 00:01:27.069000,67.0,4.0,,0 days 02:38:05.927000,0 days 00:00:30.525000,0 days 00:00:31.690000,0 days 00:00:24.854000,0 days 02:37:12.007000,0 days 02:37:43.697000,0 days 02:38:08.551000,283.0,282.0,,295.0,False,SOFT,7.0,False,Mercedes,0 days 02:36:41.459000,,1,15.0,,,False,False,2021,18,Mexico City Grand Prix
0 days 02:39:57.855000,BOT,77,0 days 00:01:49.327000,68.0,5.0,0 days 02:38:32.377000,,0 days 00:00:52.425000,0 days 00:00:34.072000,0 days 00:00:22.830000,0 days 02:39:00.976000,0 days 02:39:35.048000,0 days 02:39:57.878000,290.0,200.0,256.0,310.0,False,SOFT,4.0,False,Mercedes,0 days 02:38:08.528000,,1,16.0,,,False,False,2021,18,Mexico City Grand Prix
0 days 01:25:53.529000,RUS,63,0 days 00:01:28.101000,15.0,1.0,,0 days 01:25:50.961000,0 days 00:00:30.154000,0 days 00:00:33.287000,0 days 00:00:24.660000,0 days 01:24:55.586000,0 days 01:25:28.873000,0 days 01:25:53.533000,265.0,268.0,,316.0,False,MEDIUM,15.0,True,Williams,0 days 01:24:25.428000,,1,12.0,,,False,False,2021,18,Mexico City Grand Prix
0 days 01:27:34.622000,RUS,63,0 days 00:01:41.093000,16.0,2.0,0 days 01:26:12.948000,,0 days 00:00:47.569000,0 days 00:00:32.331000,0 days 00:00:21.193000,0 days 01:26:41.102000,0 days 01:27:13.433000,0 days 01:27:34.626000,279.0,278.0,246.0,301.0,False,HARD,1.0,True,Williams,0 days 01:25:53.529000,,1,14.0,,,False,False,2021,18,Mexico City Grand Prix
0 days 01:20:24.273000,LAT,6,0 days 00:01:29.274000,11.0,1.0,,0 days 01:20:21.888000,0 days 00:00:30.241000,0 days 00:00:33.833000,0 days 00:00:25.200000,0 days 01:19:25.251000,0 days 01:19:59.084000,0 days 01:20:24.284000,275.0,275.0,,327.0,False,MEDIUM,11.0,True,Williams,0 days 01:18:54.999000,,1,18.0,,,False,False,2021,18,Mexico City Grand Prix
0 days 01:22:07.050000,LAT,6,0 days 00:01:42.777000,12.0,2.0,0 days 01:20:45.393000,,0 days 00:00:49.264000,0 days 00:00:32.084000,0 days 00:00:21.429000,0 days 01:21:13.548000,0 days 01:21:45.632000,0 days 01:22:07.061000,273.0,273.0,246.0,299.0,False,HARD,1.0,True,Williams,0 days 01:20:24.273000,,1,18.0,,,False,False,2021,18,Mexico City Grand Prix
0 days 02:14:01.130000,LAT,6,0 days 00:01:26.713000,49.0,2.0,,0 days 02:13:58.587000,0 days 00:00:29.236000,0 days 00:00:32.791000,0 days 00:00:24.686000,0 days 02:13:03.664000,0 days 02:13:36.455000,0 days 02:14:01.141000,292.0,282.0,,323.0,False,HARD,38.0,True,Williams,0 days 02:12:34.417000,,1,17.0,,,False,False,2021,18,Mexico City Grand Prix
0 days 02:15:42.617000,LAT,6,0 days 00:01:41.487000,50.0,3.0,0 days 02:14:21.308000,,0 days 00:00:48.247000,0 days 00:00:32.131000,0 days 00:00:21.109000,0 days 02:14:49.388000,0 days 02:15:21.519000,0 days 02:15:42.628000,286.0,282.0,249.0,305.0,False,MEDIUM,3.0,False,Williams,0 days 02:14:01.130000,,1,17.0,,,False,False,2021,18,Mexico City Grand Prix
0 days 01:23:12.646000,MAZ,9,0 days 00:01:28.452000,13.0,1.0,,0 days 01:23:10.100000,0 days 00:00:29.689000,0 days 00:00:33.368000,0 days 00:00:25.395000,0 days 01:22:13.902000,0 days 01:22:47.270000,0 days 01:23:12.665000,271.0,276.0,,326.0,False,MEDIUM,13.0,True,Haas F1 Team,0 days 01:21:44.194000,,1,16.0,,,False,False,2021,18,Mexico City Grand Prix
0 days 01:24:59.697000,MAZ,9,0 days 00:01:47.051000,14.0,2.0,0 days 01:23:35.162000,,0 days 00:00:51.490000,0 days 00:00:33.749000,0 days 00:00:21.812000,0 days 01:24:04.155000,0 days 01:24:37.904000,0 days 01:24:59.716000,271.0,275.0,245.0,303.0,False,HARD,1.0,True,Haas F1 Team,0 days 01:23:12.646000,,1,18.0,,,False,False,2021,18,Mexico City Grand Prix
0 days 02:27:24.179000,MAZ,9,0 days 00:01:28.202000,58.0,2.0,,0 days 02:27:21.608000,0 days 00:00:29.317000,0 days 00:00:32.800000,0 days 00:00:26.085000,0 days 02:26:25.313000,0 days 02:26:58.113000,0 days 02:27:24.198000,294.0,275.0,,326.0,False,HARD,45.0,True,Haas F1 Team,0 days 02:25:55.977000,,1,18.0,,,False,False,2021,18,Mexico City Grand Prix
0 days 02:29:08.663000,MAZ,9,0 days 00:01:44.484000,59.0,3.0,0 days 02:27:45.242000,,0 days 00:00:49.897000,0 days 00:00:32.984000,0 days 00:00:21.603000,0 days 02:28:14.095000,0 days 02:28:47.079000,0 days 02:29:08.682000,289.0,281.0,248.0,306.0,False,MEDIUM,1.0,False,Haas F1 Team,0 days 02:27:24.179000,,1,18.0,,,False,False,2021,18,Mexico City Grand Prix
0 days 01:11:40.670000,HAM,44,0 days 00:01:59.617000,7.0,1.0,,0 days 01:11:37.672000,0 days 00:00:25.212000,0 days 00:00:59.672000,0 days 00:00:34.733000,0 days 01:10:06.304000,0 days 01:11:05.976000,0 days 01:11:40.709000,153.0,174.0,,226.0,False,MEDIUM,7.0,True,Mercedes,0 days 01:09:41.053000,,4,3.0,,,False,False,2021,19,São Paulo Grand Prix
0 days 01:13:52.407000,HAM,44,0 days 00:02:11.737000,8.0,2.0,0 days 01:11:57.067000,0 days 01:13:49.545000,0 days 00:00:39.007000,0 days 00:00:59.808000,0 days 00:00:32.922000,0 days 01:12:19.716000,0 days 01:13:19.524000,0 days 01:13:52.446000,173.0,200.0,,226.0,False,MEDIUM,8.0,False,Mercedes,0 days 01:11:40.670000,,4,3.0,,,False,False,2021,19,São Paulo Grand Prix
0 days 01:16:20.034000,HAM,44,0 days 00:02:27.627000,9.0,3.0,0 days 01:14:08.533000,,0 days 00:00:44.815000,0 days 00:01:03.122000,0 days 00:00:39.690000,0 days 01:14:37.261000,0 days 01:15:40.383000,0 days 01:16:20.073000,69.0,105.0,218.0,226.0,False,MEDIUM,9.0,False,Mercedes,0 days 01:13:52.407000,,41,3.0,,,False,False,2021,19,São Paulo Grand Prix
0 days 01:38:30.372000,HAM,44,0 days 00:01:18.676000,26.0,3.0,,0 days 01:38:27.522000,0 days 00:00:19.177000,0 days 00:00:38.521000,0 days 00:00:20.978000,0 days 01:37:30.912000,0 days 01:38:09.433000,0 days 01:38:30.411000,301.0,248.0,,301.0,False,MEDIUM,26.0,False,Mercedes,0 days 01:37:11.696000,,1,3.0,,,False,False,2021,19,São Paulo Grand Prix
0 days 01:40:00.174000,HAM,44,0 days 00:01:29.802000,27.0,4.0,0 days 01:38:50.523000,,0 days 00:00:36.096000,0 days 00:00:37.044000,0 days 00:00:16.662000,0 days 01:39:06.507000,0 days 01:39:43.551000,0 days 01:40:00.213000,299.0,258.0,324.0,301.0,False,HARD,1.0,True,Mercedes,0 days 01:38:30.372000,,1,6.0,,,False,False,2021,19,São Paulo Grand Prix
0 days 01:59:56.197000,HAM,44,0 days 00:01:17.413000,43.0,4.0,,0 days 01:59:53.355000,0 days 00:00:18.877000,0 days 00:00:38.040000,0 days 00:00:20.496000,0 days 01:58:57.700000,0 days 01:59:35.740000,0 days 01:59:56.236000,308.0,254.0,,308.0,False,HARD,17.0,True,Mercedes,0 days 01:58:38.784000,,1,1.0,,,False,False,2021,19,São Paulo Grand Prix
0 days 02:01:25.795000,HAM,44,0 days 00:01:29.598000,44.0,5.0,0 days 02:00:16.311000,,0 days 00:00:35.865000,0 days 00:00:37.166000,0 days 00:00:16.567000,0 days 02:00:32.101000,0 days 02:01:09.267000,0 days 02:01:25.834000,304.0,260.0,311.0,308.0,False,HARD,1.0,True,Mercedes,0 days 01:59:56.197000,,1,2.0,,,False,False,2021,19,São Paulo Grand Prix
0 days 01:11:36.206000,VER,33,0 days 00:01:59.850000,7.0,1.0,,0 days 01:11:33.306000,0 days 00:00:25.480000,0 days 00:01:00.378000,0 days 00:00:33.992000,0 days 01:10:01.862000,0 days 01:11:02.240000,0 days 01:11:36.232000,234.0,148.0,,251.0,False,MEDIUM,7.0,True,Red Bull Racing,0 days 01:09:36.356000,,4,1.0,,,False,False,2021,19,São Paulo Grand Prix
0 days 01:13:49.816000,VER,33,0 days 00:02:13.610000,8.0,2.0,0 days 01:11:51.441000,0 days 01:13:46.989000,0 days 00:00:40.453000,0 days 00:00:59.910000,0 days 00:00:33.247000,0 days 01:12:16.685000,0 days 01:13:16.595000,0 days 01:13:49.842000,152.0,174.0,,251.0,False,MEDIUM,8.0,False,Red Bull Racing,0 days 01:11:36.206000,,4,1.0,,,False,False,2021,19,São Paulo Grand Prix
0 days 01:16:19.449000,VER,33,0 days 00:02:29.633000,9.0,3.0,0 days 01:14:05.085000,,0 days 00:00:43.666000,0 days 00:01:05.357000,0 days 00:00:40.610000,0 days 01:14:33.508000,0 days 01:15:38.865000,0 days 01:16:19.475000,102.0,110.0,206.0,251.0,False,MEDIUM,9.0,False,Red Bull Racing,0 days 01:13:49.816000,,41,1.0,,,False,False,2021,19,São Paulo Grand Prix
0 days 01:39:41.518000,VER,33,0 days 00:01:18.696000,27.0,3.0,,0 days 01:39:39.234000,0 days 00:00:19.195000,0 days 00:00:38.493000,0 days 00:00:21.008000,0 days 01:38:42.043000,0 days 01:39:20.536000,0 days 01:39:41.544000,304.0,253.0,,294.0,False,MEDIUM,27.0,False,Red Bull Racing,0 days 01:38:22.822000,,1,1.0,,,False,False,2021,19,São Paulo Grand Prix
0 days 01:41:11.931000,VER,33,0 days 00:01:30.413000,28.0,4.0,0 days 01:40:01.702000,,0 days 00:00:35.975000,0 days 00:00:37.471000,0 days 00:00:16.967000,0 days 01:40:17.519000,0 days 01:40:54.990000,0 days 01:41:11.957000,298.0,250.0,300.0,294.0,False,HARD,1.0,True,Red Bull Racing,0 days 01:39:41.518000,,1,3.0,,,False,False,2021,19,São Paulo Grand Prix
0 days 01:56:14.474000,VER,33,0 days 00:01:17.355000,40.0,4.0,,0 days 01:56:11.612000,0 days 00:00:18.889000,0 days 00:00:37.666000,0 days 00:00:20.800000,0 days 01:55:16.034000,0 days 01:55:53.700000,0 days 01:56:14.500000,307.0,255.0,,297.0,False,HARD,13.0,True,Red Bull Racing,0 days 01:54:57.119000,,1,2.0,,,False,False,2021,19,São Paulo Grand Prix
0 days 01:57:44.453000,VER,33,0 days 00:01:29.979000,41.0,5.0,0 days 01:56:34.796000,,0 days 00:00:36.411000,0 days 00:00:36.779000,0 days 00:00:16.789000,0 days 01:56:50.911000,0 days 01:57:27.690000,0 days 01:57:44.479000,304.0,256.0,303.0,297.0,False,HARD,1.0,True,Red Bull Racing,0 days 01:56:14.474000,,1,4.0,,,False,False,2021,19,São Paulo Grand Prix
0 days 01:11:41.956000,BOT,77,0 days 00:01:58.619000,7.0,1.0,,0 days 01:11:39.036000,0 days 00:00:24.950000,0 days 00:00:59.137000,0 days 00:00:34.532000,0 days 01:10:08.325000,0 days 01:11:07.462000,0 days 01:11:41.994000,235.0,145.0,,188.0,False,MEDIUM,7.0,True,Mercedes,0 days 01:09:43.337000,,4,4.0,,,False,False,2021,19,São Paulo Grand Prix
0 days 01:13:54.256000,BOT,77,0 days 00:02:12.300000,8.0,2.0,0 days 01:11:57.198000,0 days 01:13:51.429000,0 days 00:00:39.073000,0 days 00:00:59.644000,0 days 00:00:33.583000,0 days 01:12:21.067000,0 days 01:13:20.711000,0 days 01:13:54.294000,173.0,162.0,,188.0,False,MEDIUM,8.0,False,Mercedes,0 days 01:11:41.956000,,4,4.0,,,False,False,2021,19,São Paulo Grand Prix
0 days 01:16:20.181000,BOT,77,0 days 00:02:25.925000,9.0,3.0,0 days 01:14:09.639000,,0 days 00:00:43.470000,0 days 00:01:03.186000,0 days 00:00:39.269000,0 days 01:14:37.764000,0 days 01:15:40.950000,0 days 01:16:20.219000,122.0,104.0,220.0,188.0,False,MEDIUM,9.0,False,Mercedes,0 days 01:13:54.256000,,41,4.0,,,False,False,2021,19,São Paulo Grand Prix
0 days 01:43:44.098000,BOT,77,0 days 00:01:27.036000,30.0,3.0,,0 days 01:43:41.248000,0 days 00:00:19.042000,0 days 00:00:40.782000,0 days 00:00:27.212000,0 days 01:42:36.142000,0 days 01:43:16.924000,0 days 01:43:44.136000,302.0,114.0,,305.0,False,MEDIUM,30.0,False,Mercedes,0 days 01:42:17.062000,,16,1.0,,,False,False,2021,19,São Paulo Grand Prix
0 days 01:45:15.736000,BOT,77,0 days 00:01:31.638000,31.0,4.0,0 days 01:44:04.829000,,0 days 00:00:36.936000,0 days 00:00:37.865000,0 days 00:00:16.837000,0 days 01:44:21.072000,0 days 01:44:58.937000,0 days 01:45:15.774000,300.0,252.0,304.0,305.0,False,HARD,1.0,True,Mercedes,0 days 01:43:44.098000,,671,3.0,,,False,False,2021,19,São Paulo Grand Prix
0 days 01:57:34.166000,BOT,77,0 days 00:01:17.563000,41.0,4.0,,0 days 01:57:31.325000,0 days 00:00:18.958000,0 days 00:00:38.029000,0 days 00:00:20.576000,0 days 01:56:35.599000,0 days 01:57:13.628000,0 days 01:57:34.204000,305.0,249.0,,308.0,False,HARD,11.0,True,Mercedes,0 days 01:56:16.603000,,1,2.0,,,False,False,2021,19,São Paulo Grand Prix
0 days 01:59:04.763000,BOT,77,0 days 00:01:30.597000,42.0,5.0,0 days 01:57:54.475000,,0 days 00:00:36.214000,0 days 00:00:37.852000,0 days 00:00:16.531000,0 days 01:58:10.418000,0 days 01:58:48.270000,0 days 01:59:04.801000,302.0,251.0,324.0,308.0,False,HARD,1.0,True,Mercedes,0 days 01:57:34.166000,,1,4.0,,,False,False,2021,19,São Paulo Grand Prix
0 days 01:11:38.009000,PER,11,0 days 00:01:59.107000,7.0,1.0,,0 days 01:11:35.164000,0 days 00:00:24.377000,0 days 00:01:00.248000,0 days 00:00:34.482000,0 days 01:10:03.303000,0 days 01:11:03.551000,0 days 01:11:38.033000,177.0,124.0,,253.0,False,MEDIUM,7.0,True,Red Bull Racing,0 days 01:09:38.902000,,4,2.0,,,False,False,2021,19,São Paulo Grand Prix
0 days 01:13:51.462000,PER,11,0 days 00:02:13.453000,8.0,2.0,0 days 01:11:53.750000,0 days 01:13:48.608000,0 days 00:00:40.633000,0 days 00:00:59.229000,0 days 00:00:33.591000,0 days 01:12:18.666000,0 days 01:13:17.895000,0 days 01:13:51.486000,96.0,169.0,,253.0,False,MEDIUM,8.0,False,Red Bull Racing,0 days 01:11:38.009000,,4,2.0,,,False,False,2021,19,São Paulo Grand Prix
0 days 01:16:19.787000,PER,11,0 days 00:02:28.325000,9.0,3.0,0 days 01:14:07.978000,,0 days 00:00:42.949000,0 days 00:01:05.306000,0 days 00:00:40.070000,0 days 01:14:34.435000,0 days 01:15:39.741000,0 days 01:16:19.811000,87.0,121.0,217.0,253.0,False,MEDIUM,9.0,False,Red Bull Racing,0 days 01:13:51.462000,,41,2.0,,,False,False,2021,19,São Paulo Grand Prix
0 days 01:41:04.715000,PER,11,0 days 00:01:19.188000,28.0,3.0,,0 days 01:41:01.870000,0 days 00:00:19.221000,0 days 00:00:38.683000,0 days 00:00:21.284000,0 days 01:40:04.772000,0 days 01:40:43.455000,0 days 01:41:04.739000,304.0,247.0,,300.0,False,MEDIUM,28.0,False,Red Bull Racing,0 days 01:39:45.527000,,1,2.0,,,False,False,2021,19,São Paulo Grand Prix
0 days 01:42:36.704000,PER,11,0 days 00:01:31.989000,29.0,4.0,0 days 01:41:25.333000,,0 days 00:00:36.986000,0 days 00:00:38.070000,0 days 00:00:16.933000,0 days 01:41:41.725000,0 days 01:42:19.795000,0 days 01:42:36.728000,297.0,252.0,303.0,300.0,False,HARD,1.0,True,Red Bull Racing,0 days 01:41:04.715000,,1,5.0,,,False,False,2021,19,São Paulo Grand Prix
0 days 01:58:52.143000,PER,11,0 days 00:01:17.410000,42.0,4.0,,0 days 01:58:49.333000,0 days 00:00:18.992000,0 days 00:00:37.695000,0 days 00:00:20.723000,0 days 01:57:53.749000,0 days 01:58:31.444000,0 days 01:58:52.167000,307.0,257.0,,303.0,False,HARD,14.0,True,Red Bull Racing,0 days 01:57:34.733000,,1,2.0,,,False,False,2021,19,São Paulo Grand Prix
0 days 02:00:21.643000,PER,11,0 days 00:01:29.500000,43.0,5.0,0 days 01:59:12.254000,,0 days 00:00:35.849000,0 days 00:00:37.133000,0 days 00:00:16.518000,0 days 01:59:28.016000,0 days 02:00:05.149000,0 days 02:00:21.667000,303.0,253.0,326.0,303.0,False,HARD,1.0,True,Red Bull Racing,0 days 01:58:52.143000,,1,5.0,,,False,False,2021,19,São Paulo Grand Prix
0 days 02:32:09.518000,PER,11,0 days 00:01:18.016000,69.0,5.0,,0 days 02:32:06.756000,0 days 00:00:18.872000,0 days 00:00:37.780000,0 days 00:00:21.364000,0 days 02:31:10.398000,0 days 02:31:48.178000,0 days 02:32:09.542000,309.0,252.0,,309.0,False,HARD,27.0,True,Red Bull Racing,0 days 02:30:51.502000,,1,4.0,,,False,False,2021,19,São Paulo Grand Prix
0 days 02:33:43.726000,PER,11,0 days 00:01:34.208000,70.0,6.0,0 days 02:32:29.911000,,0 days 00:00:36.834000,0 days 00:00:40.404000,0 days 00:00:16.970000,0 days 02:32:46.376000,0 days 02:33:26.780000,0 days 02:33:43.750000,300.0,227.0,300.0,309.0,False,SOFT,4.0,False,Red Bull Racing,0 days 02:32:09.518000,,1,4.0,,,False,False,2021,19,São Paulo Grand Prix
0 days 01:11:43.724000,LEC,16,0 days 00:01:58.517000,7.0,1.0,,0 days 01:11:40.727000,0 days 00:00:25.020000,0 days 00:00:58.011000,0 days 00:00:35.486000,0 days 01:10:10.257000,0 days 01:11:08.268000,0 days 01:11:43.754000,249.0,117.0,,215.0,False,MEDIUM,7.0,True,Ferrari,0 days 01:09:45.207000,,4,5.0,,,False,False,2021,19,São Paulo Grand Prix
0 days 01:13:56.155000,LEC,16,0 days 00:02:12.431000,8.0,2.0,0 days 01:11:58.991000,0 days 01:13:53.305000,0 days 00:00:38.967000,0 days 00:00:59.059000,0 days 00:00:34.405000,0 days 01:12:22.721000,0 days 01:13:21.780000,0 days 01:13:56.185000,202.0,193.0,,215.0,False,MEDIUM,8.0,False,Ferrari,0 days 01:11:43.724000,,4,5.0,,,False,False,2021,19,São Paulo Grand Prix
0 days 01:16:20.341000,LEC,16,0 days 00:02:24.186000,9.0,3.0,0 days 01:14:11.372000,,0 days 00:00:42.826000,0 days 00:01:02.965000,0 days 00:00:38.395000,0 days 01:14:39.011000,0 days 01:15:41.976000,0 days 01:16:20.371000,97.0,128.0,224.0,215.0,False,MEDIUM,9.0,False,Ferrari,0 days 01:13:56.155000,,41,5.0,,,False,False,2021,19,São Paulo Grand Prix
0 days 01:39:56.970000,LEC,16,0 days 00:01:19.370000,27.0,3.0,,0 days 01:39:54.135000,0 days 00:00:19.292000,0 days 00:00:39.172000,0 days 00:00:20.906000,0 days 01:38:56.922000,0 days 01:39:36.094000,0 days 01:39:57,309.0,250.0,,306.0,False,MEDIUM,27.0,False,Ferrari,0 days 01:38:37.600000,,1,4.0,,,False,False,2021,19,São Paulo Grand Prix
0 days 01:41:28.466000,LEC,16,0 days 00:01:31.496000,28.0,4.0,0 days 01:40:17.046000,,0 days 00:00:35.863000,0 days 00:00:38.579000,0 days 00:00:17.054000,0 days 01:40:32.863000,0 days 01:41:11.442000,0 days 01:41:28.496000,302.0,250.0,301.0,306.0,False,MEDIUM,1.0,True,Ferrari,0 days 01:39:56.970000,,1,9.0,,,False,False,2021,19,São Paulo Grand Prix
0 days 02:11:35.652000,LEC,16,0 days 00:01:18.290000,52.0,4.0,,0 days 02:11:32.804000,0 days 00:00:18.946000,0 days 00:00:38.541000,0 days 00:00:20.803000,0 days 02:10:36.338000,0 days 02:11:14.879000,0 days 02:11:35.682000,309.0,253.0,,306.0,False,MEDIUM,25.0,True,Ferrari,0 days 02:10:17.362000,,1,6.0,,,False,False,2021,19,São Paulo Grand Prix
0 days 02:13:07.003000,LEC,16,0 days 00:01:31.351000,53.0,5.0,0 days 02:11:56.171000,,0 days 00:00:36.534000,0 days 00:00:37.949000,0 days 00:00:16.868000,0 days 02:12:12.216000,0 days 02:12:50.165000,0 days 02:13:07.033000,301.0,250.0,302.0,306.0,False,HARD,1.0,True,Ferrari,0 days 02:11:35.652000,,1,6.0,,,False,False,2021,19,São Paulo Grand Prix
0 days 01:11:45.616000,SAI,55,0 days 00:01:58.669000,7.0,1.0,,0 days 01:11:42.575000,0 days 00:00:26.418000,0 days 00:00:55.832000,0 days 00:00:36.419000,0 days 01:10:13.400000,0 days 01:11:09.232000,0 days 01:11:45.651000,175.0,128.0,,222.0,False,MEDIUM,7.0,True,Ferrari,0 days 01:09:46.947000,,4,6.0,,,False,False,2021,19,São Paulo Grand Prix
0 days 01:13:57.521000,SAI,55,0 days 00:02:11.905000,8.0,2.0,0 days 01:12:01.318000,0 days 01:13:54.661000,0 days 00:00:38.969000,0 days 00:00:58.227000,0 days 00:00:34.709000,0 days 01:12:24.620000,0 days 01:13:22.847000,0 days 01:13:57.556000,208.0,172.0,,222.0,False,MEDIUM,8.0,False,Ferrari,0 days 01:11:45.616000,,4,6.0,,,False,False,2021,19,São Paulo Grand Prix
0 days 01:16:20.519000,SAI,55,0 days 00:02:22.998000,9.0,3.0,0 days 01:14:14.382000,,0 days 00:00:43.075000,0 days 00:01:02.008000,0 days 00:00:37.915000,0 days 01:14:40.631000,0 days 01:15:42.639000,0 days 01:16:20.554000,161.0,129.0,228.0,222.0,False,MEDIUM,9.0,False,Ferrari,0 days 01:13:57.521000,,41,6.0,,,False,False,2021,19,São Paulo Grand Prix
0 days 01:38:43.782000,SAI,55,0 days 00:01:19.586000,26.0,3.0,,0 days 01:38:40.946000,0 days 00:00:19.248000,0 days 00:00:39.028000,0 days 00:00:21.310000,0 days 01:37:43.479000,0 days 01:38:22.507000,0 days 01:38:43.817000,309.0,245.0,,307.0,False,MEDIUM,26.0,False,Ferrari,0 days 01:37:24.196000,,1,6.0,,,False,False,2021,19,São Paulo Grand Prix
0 days 01:40:15.606000,SAI,55,0 days 00:01:31.824000,27.0,4.0,0 days 01:39:04.577000,,0 days 00:00:36.835000,0 days 00:00:38.278000,0 days 00:00:16.711000,0 days 01:39:20.652000,0 days 01:39:58.930000,0 days 01:40:15.641000,302.0,251.0,332.0,307.0,False,MEDIUM,1.0,True,Ferrari,0 days 01:38:43.782000,,1,13.0,,,False,False,2021,19,São Paulo Grand Prix
0 days 02:12:53.860000,SAI,55,0 days 00:01:18.510000,53.0,4.0,,0 days 02:12:51.050000,0 days 00:00:19.213000,0 days 00:00:38.274000,0 days 00:00:21.023000,0 days 02:11:54.598000,0 days 02:12:32.872000,0 days 02:12:53.895000,307.0,252.0,,303.0,False,MEDIUM,27.0,True,Ferrari,0 days 02:11:35.350000,,1,5.0,,,False,False,2021,19,São Paulo Grand Prix
0 days 02:14:24.508000,SAI,55,0 days 00:01:30.648000,54.0,5.0,0 days 02:13:14.061000,,0 days 00:00:36.091000,0 days 00:00:37.653000,0 days 00:00:16.904000,0 days 02:13:29.986000,0 days 02:14:07.639000,0 days 02:14:24.543000,302.0,244.0,327.0,303.0,False,HARD,1.0,True,Ferrari,0 days 02:12:53.860000,,1,6.0,,,False,False,2021,19,São Paulo Grand Prix
0 days 01:11:49.513000,GAS,10,0 days 00:01:58.617000,7.0,1.0,,0 days 01:11:45.963000,0 days 00:00:25.640000,0 days 00:00:54.580000,0 days 00:00:38.397000,0 days 01:10:16.536000,0 days 01:11:11.116000,0 days 01:11:49.513000,217.0,131.0,,224.0,False,MEDIUM,7.0,True,AlphaTauri,0 days 01:09:50.896000,,4,8.0,,,False,False,2021,19,São Paulo Grand Prix
0 days 01:14:02.097000,GAS,10,0 days 00:02:12.584000,8.0,2.0,0 days 01:12:05.652000,0 days 01:13:59.201000,0 days 00:00:38.234000,0 days 00:00:57.868000,0 days 00:00:36.482000,0 days 01:12:27.747000,0 days 01:13:25.615000,0 days 01:14:02.097000,162.0,189.0,,224.0,False,MEDIUM,8.0,False,AlphaTauri,0 days 01:11:49.513000,,4,8.0,,,False,False,2021,19,São Paulo Grand Prix
0 days 01:16:21.252000,GAS,10,0 days 00:02:19.155000,9.0,3.0,0 days 01:14:18.103000,,0 days 00:00:42.990000,0 days 00:00:58.637000,0 days 00:00:37.528000,0 days 01:14:45.087000,0 days 01:15:43.724000,0 days 01:16:21.252000,178.0,112.0,235.0,224.0,False,MEDIUM,9.0,False,AlphaTauri,0 days 01:14:02.097000,,41,8.0,,,False,False,2021,19,São Paulo Grand Prix
0 days 01:37:30.894000,GAS,10,0 days 00:01:19.470000,25.0,3.0,,0 days 01:37:28.057000,0 days 00:00:19.385000,0 days 00:00:39.251000,0 days 00:00:20.834000,0 days 01:36:30.809000,0 days 01:37:10.060000,0 days 01:37:30.894000,308.0,246.0,,303.0,False,MEDIUM,25.0,False,AlphaTauri,0 days 01:36:11.424000,,1,8.0,,,False,False,2021,19,São Paulo Grand Prix
0 days 01:39:02.766000,GAS,10,0 days 00:01:31.872000,26.0,4.0,0 days 01:37:51.485000,,0 days 00:00:36.221000,0 days 00:00:38.557000,0 days 00:00:17.094000,0 days 01:38:07.115000,0 days 01:38:45.672000,0 days 01:39:02.766000,304.0,238.0,316.0,303.0,False,HARD,1.0,True,AlphaTauri,0 days 01:37:30.894000,,1,14.0,,,False,False,2021,19,São Paulo Grand Prix
0 days 02:10:30.692000,GAS,10,0 days 00:01:18.440000,51.0,4.0,,0 days 02:10:27.873000,0 days 00:00:19.070000,0 days 00:00:38.793000,0 days 00:00:20.577000,0 days 02:09:31.322000,0 days 02:10:10.115000,0 days 02:10:30.692000,308.0,248.0,,309.0,False,HARD,26.0,True,AlphaTauri,0 days 02:09:12.252000,,1,7.0,,,False,False,2021,19,São Paulo Grand Prix
0 days 02:12:01.329000,GAS,10,0 days 00:01:30.637000,52.0,5.0,0 days 02:10:51.227000,,0 days 00:00:36.216000,0 days 00:00:37.581000,0 days 00:00:16.840000,0 days 02:11:06.908000,0 days 02:11:44.489000,0 days 02:12:01.329000,302.0,255.0,304.0,309.0,False,HARD,1.0,True,AlphaTauri,0 days 02:10:30.692000,,1,9.0,,,False,False,2021,19,São Paulo Grand Prix
0 days 01:11:50.864000,OCO,31,0 days 00:01:58.491000,7.0,1.0,,0 days 01:11:47.434000,0 days 00:00:25.624000,0 days 00:00:54.486000,0 days 00:00:38.381000,0 days 01:10:18.034000,0 days 01:11:12.520000,0 days 01:11:50.901000,207.0,121.0,,206.0,False,MEDIUM,7.0,True,Alpine,0 days 01:09:52.373000,,4,9.0,,,False,False,2021,19,São Paulo Grand Prix
0 days 01:14:03.996000,OCO,31,0 days 00:02:13.132000,8.0,2.0,0 days 01:12:06.805000,0 days 01:14:01.128000,0 days 00:00:38.602000,0 days 00:00:57.936000,0 days 00:00:36.594000,0 days 01:12:29.503000,0 days 01:13:27.439000,0 days 01:14:04.033000,185.0,203.0,,206.0,False,MEDIUM,8.0,False,Alpine,0 days 01:11:50.864000,,4,9.0,,,False,False,2021,19,São Paulo Grand Prix
0 days 01:16:21.539000,OCO,31,0 days 00:02:17.543000,9.0,3.0,0 days 01:14:19.276000,,0 days 00:00:42.712000,0 days 00:00:57.554000,0 days 00:00:37.277000,0 days 01:14:46.745000,0 days 01:15:44.299000,0 days 01:16:21.576000,203.0,108.0,235.0,206.0,False,MEDIUM,9.0,False,Alpine,0 days 01:14:03.996000,,41,9.0,,,False,False,2021,19,São Paulo Grand Prix
0 days 01:44:11.306000,OCO,31,0 days 00:01:32.020000,30.0,3.0,,0 days 01:44:08.505000,0 days 00:00:19.315000,0 days 00:00:47.306000,0 days 00:00:25.399000,,0 days 01:43:45.944000,0 days 01:44:11.343000,307.0,170.0,,310.0,False,MEDIUM,30.0,False,Alpine,0 days 01:42:39.286000,,167,6.0,,,False,False,2021,19,São Paulo Grand Prix
0 days 01:45:43.460000,OCO,31,0 days 00:01:32.154000,31.0,4.0,0 days 01:44:32.452000,,0 days 00:00:36.954000,0 days 00:00:38.452000,0 days 00:00:16.748000,0 days 01:44:48.297000,0 days 01:45:26.749000,0 days 01:45:43.497000,300.0,250.0,331.0,310.0,False,HARD,1.0,True,Alpine,0 days 01:44:11.306000,,71,13.0,,,False,False,2021,19,São Paulo Grand Prix
0 days 01:11:55.339000,ALO,14,0 days 00:02:00.143000,7.0,1.0,,0 days 01:11:52.807000,0 days 00:00:25.733000,0 days 00:00:55.180000,0 days 00:00:39.230000,0 days 01:10:20.966000,0 days 01:11:16.146000,0 days 01:11:55.376000,249.0,146.0,,167.0,False,MEDIUM,7.0,True,Alpine,0 days 01:09:55.196000,,4,11.0,,,False,False,2021,19,São Paulo Grand Prix
0 days 01:14:07.928000,ALO,14,0 days 00:02:12.589000,8.0,2.0,0 days 01:12:10.202000,0 days 01:14:05.408000,0 days 00:00:36.767000,0 days 00:00:59.445000,0 days 00:00:36.377000,0 days 01:12:32.143000,0 days 01:13:31.588000,0 days 01:14:07.965000,159.0,196.0,,167.0,False,MEDIUM,8.0,False,Alpine,0 days 01:11:55.339000,,4,11.0,,,False,False,2021,19,São Paulo Grand Prix
0 days 01:16:22.346000,ALO,14,0 days 00:02:14.418000,9.0,3.0,0 days 01:14:22.786000,,0 days 00:00:41.935000,0 days 00:00:55.858000,0 days 00:00:36.625000,0 days 01:14:49.900000,0 days 01:15:45.758000,0 days 01:16:22.383000,235.0,103.0,244.0,167.0,False,MEDIUM,9.0,False,Alpine,0 days 01:14:07.928000,,41,11.0,,,False,False,2021,19,São Paulo Grand Prix
0 days 01:49:19.456000,ALO,14,0 days 00:01:19.796000,34.0,3.0,,0 days 01:49:16.971000,0 days 00:00:19.344000,0 days 00:00:39.207000,0 days 00:00:21.245000,0 days 01:48:19.041000,0 days 01:48:58.248000,0 days 01:49:19.493000,307.0,244.0,,306.0,False,MEDIUM,34.0,False,Alpine,0 days 01:47:59.660000,,1,9.0,,,False,False,2021,19,São Paulo Grand Prix
0 days 01:50:51.326000,ALO,14,0 days 00:01:31.870000,35.0,4.0,0 days 01:49:41.301000,,0 days 00:00:37.386000,0 days 00:00:37.801000,0 days 00:00:16.683000,0 days 01:49:56.879000,0 days 01:50:34.680000,0 days 01:50:51.363000,303.0,252.0,327.0,306.0,False,HARD,1.0,True,Alpine,0 days 01:49:19.456000,,1,14.0,,,False,False,2021,19,São Paulo Grand Prix
0 days 01:03:53.803000,NOR,4,0 days 00:02:01.858000,1.0,1.0,,0 days 01:03:50.923000,,0 days 00:00:55.461000,0 days 00:00:28.951000,,0 days 01:03:24.916000,0 days 01:03:53.990000,168.0,164.0,,214.0,False,MEDIUM,1.0,True,McLaren,0 days 01:01:51.781000,,1,20.0,,,False,False,2021,19,São Paulo Grand Prix
0 days 01:05:30.981000,NOR,4,0 days 00:01:37.178000,2.0,2.0,0 days 01:04:18.537000,,0 days 00:00:41.065000,0 days 00:00:38.990000,0 days 00:00:17.123000,0 days 01:04:34.888000,0 days 01:05:13.878000,0 days 01:05:31.001000,297.0,251.0,299.0,214.0,False,HARD,1.0,True,McLaren,0 days 01:03:53.803000,,1,20.0,,,False,False,2021,19,São Paulo Grand Prix
0 days 01:11:11.616000,NOR,4,0 days 00:01:42.489000,6.0,2.0,,0 days 01:11:08.775000,0 days 00:00:23.186000,0 days 00:00:51.207000,0 days 00:00:28.096000,0 days 01:09:52.333000,0 days 01:10:43.540000,0 days 01:11:11.636000,206.0,149.0,,221.0,False,HARD,5.0,True,McLaren,0 days 01:09:29.127000,,4,20.0,,,False,False,2021,19,São Paulo Grand Prix
0 days 01:12:47.755000,NOR,4,0 days 00:01:36.139000,7.0,3.0,0 days 01:11:26.788000,0 days 01:12:44.914000,0 days 00:00:33.549000,0 days 00:00:40.550000,0 days 00:00:22.040000,0 days 01:11:45.185000,0 days 01:12:25.735000,0 days 01:12:47.775000,283.0,242.0,,221.0,False,HARD,6.0,False,McLaren,0 days 01:11:11.616000,,4,20.0,,,False,False,2021,19,São Paulo Grand Prix
0 days 01:14:25.022000,NOR,4,0 days 00:01:37.267000,8.0,4.0,0 days 01:13:02.565000,0 days 01:14:21.241000,0 days 00:00:31.914000,0 days 00:00:38.917000,0 days 00:00:26.436000,0 days 01:13:19.689000,0 days 01:13:58.606000,0 days 01:14:25.042000,297.0,249.0,,221.0,False,HARD,7.0,False,McLaren,0 days 01:12:47.755000,,4,20.0,,,False,False,2021,19,São Paulo Grand Prix
0 days 01:16:24.100000,NOR,4,0 days 00:01:59.078000,9.0,5.0,0 days 01:14:40.787000,,0 days 00:00:41.971000,0 days 00:00:45.982000,0 days 00:00:31.125000,0 days 01:15:07.013000,0 days 01:15:52.995000,0 days 01:16:24.120000,257.0,226.0,273.0,221.0,False,HARD,8.0,False,McLaren,0 days 01:14:25.022000,,41,20.0,,,False,False,2021,19,São Paulo Grand Prix
0 days 01:53:14.791000,NOR,4,0 days 00:01:19.164000,37.0,5.0,,0 days 01:53:11.974000,0 days 00:00:19.312000,0 days 00:00:38.960000,0 days 00:00:20.892000,0 days 01:52:14.959000,0 days 01:52:53.919000,0 days 01:53:14.811000,304.0,249.0,,304.0,False,HARD,36.0,False,McLaren,0 days 01:51:55.627000,,1,10.0,,,False,False,2021,19,São Paulo Grand Prix
0 days 01:54:48.386000,NOR,4,0 days 00:01:33.595000,38.0,6.0,0 days 01:53:36.154000,,0 days 00:00:38.094000,0 days 00:00:38.670000,0 days 00:00:16.831000,0 days 01:53:52.905000,0 days 01:54:31.575000,0 days 01:54:48.406000,303.0,251.0,304.0,304.0,False,HARD,37.0,False,McLaren,0 days 01:53:14.791000,,1,17.0,,,False,False,2021,19,São Paulo Grand Prix
0 days 01:11:47.243000,VET,5,0 days 00:01:57.782000,7.0,1.0,,0 days 01:11:44.177000,0 days 00:00:25.039000,0 days 00:00:55.600000,0 days 00:00:37.143000,0 days 01:10:14.521000,0 days 01:11:10.121000,0 days 01:11:47.264000,186.0,156.0,,195.0,False,MEDIUM,9.0,False,Aston Martin,0 days 01:09:49.461000,,4,7.0,,,False,False,2021,19,São Paulo Grand Prix
0 days 01:14:00.367000,VET,5,0 days 00:02:13.124000,8.0,2.0,0 days 01:12:02.635000,0 days 01:13:57.500000,0 days 00:00:38.774000,0 days 00:00:59.106000,0 days 00:00:35.244000,0 days 01:12:26.038000,0 days 01:13:25.144000,0 days 01:14:00.388000,158.0,194.0,,195.0,False,MEDIUM,10.0,False,Aston Martin,0 days 01:11:47.243000,,4,7.0,,,False,False,2021,19,São Paulo Grand Prix
0 days 01:16:20.866000,VET,5,0 days 00:02:20.499000,9.0,3.0,0 days 01:14:15.633000,,0 days 00:00:41.893000,0 days 00:01:00.905000,0 days 00:00:37.701000,0 days 01:14:42.281000,0 days 01:15:43.186000,0 days 01:16:20.887000,176.0,115.0,232.0,195.0,False,MEDIUM,11.0,False,Aston Martin,0 days 01:14:00.367000,,41,7.0,,,False,False,2021,19,São Paulo Grand Prix
0 days 01:41:25.862000,VET,5,0 days 00:01:20.262000,28.0,3.0,,0 days 01:41:23.007000,0 days 00:00:19.339000,0 days 00:00:39.541000,0 days 00:00:21.382000,0 days 01:40:24.960000,0 days 01:41:04.501000,0 days 01:41:25.883000,301.0,246.0,,297.0,False,MEDIUM,30.0,False,Aston Martin,0 days 01:40:05.600000,,1,8.0,,,False,False,2021,19,São Paulo Grand Prix
0 days 01:42:59.808000,VET,5,0 days 00:01:33.946000,29.0,4.0,0 days 01:41:47.747000,,0 days 00:00:38.115000,0 days 00:00:38.658000,0 days 00:00:17.173000,0 days 01:42:03.998000,0 days 01:42:42.656000,0 days 01:42:59.829000,296.0,250.0,301.0,297.0,False,HARD,3.0,False,Aston Martin,0 days 01:41:25.862000,,1,15.0,,,False,False,2021,19,São Paulo Grand Prix
0 days 02:15:54.259000,VET,5,0 days 00:01:18.281000,55.0,4.0,,0 days 02:15:51.470000,0 days 00:00:19.065000,0 days 00:00:38.285000,0 days 00:00:20.931000,0 days 02:14:55.064000,0 days 02:15:33.349000,0 days 02:15:54.280000,301.0,250.0,,297.0,False,HARD,29.0,False,Aston Martin,0 days 02:14:35.978000,,1,10.0,,,False,False,2021,19,São Paulo Grand Prix
0 days 02:17:26.114000,VET,5,0 days 00:01:31.855000,56.0,5.0,0 days 02:16:14.722000,,0 days 00:00:36.177000,0 days 00:00:38.743000,0 days 00:00:16.935000,0 days 02:16:30.457000,0 days 02:17:09.200000,0 days 02:17:26.135000,294.0,253.0,305.0,297.0,False,MEDIUM,3.0,False,Aston Martin,0 days 02:15:54.259000,,1,11.0,,,False,False,2021,19,São Paulo Grand Prix
0 days 01:03:25.599000,RAI,7,0 days 00:01:33.654000,1.0,1.0,0 days 01:02:13.214000,,,0 days 00:00:38.556000,0 days 00:00:17.275000,,0 days 01:03:08.436000,0 days 01:03:25.791000,300.0,253.0,304.0,,False,MEDIUM,1.0,True,Alfa Romeo Racing,0 days 01:01:51.781000,,1,19.0,,,False,False,2021,19,São Paulo Grand Prix
0 days 01:12:05.225000,RAI,7,0 days 00:01:57.858000,7.0,1.0,,0 days 01:12:02.014000,0 days 00:00:26.653000,0 days 00:00:52.590000,0 days 00:00:38.615000,0 days 01:10:34.053000,0 days 01:11:26.643000,0 days 01:12:05.258000,216.0,196.0,,157.0,False,MEDIUM,7.0,True,Alfa Romeo Racing,0 days 01:10:07.367000,,4,17.0,,,False,False,2021,19,São Paulo Grand Prix
0 days 01:14:19.261000,RAI,7,0 days 00:02:14.036000,8.0,2.0,0 days 01:12:20.661000,0 days 01:14:15.626000,0 days 00:00:36.708000,0 days 00:00:57.983000,0 days 00:00:39.345000,0 days 01:12:41.966000,0 days 01:13:39.949000,0 days 01:14:19.294000,255.0,198.0,,157.0,False,MEDIUM,8.0,False,Alfa Romeo Racing,0 days 01:12:05.225000,,4,17.0,,,False,False,2021,19,São Paulo Grand Prix
0 days 01:16:23.823000,RAI,7,0 days 00:02:04.562000,9.0,3.0,0 days 01:14:34.639000,,0 days 00:00:40.422000,0 days 00:00:50.486000,0 days 00:00:33.654000,0 days 01:14:59.716000,0 days 01:15:50.202000,0 days 01:16:23.856000,245.0,189.0,254.0,157.0,False,MEDIUM,9.0,False,Alfa Romeo Racing,0 days 01:14:19.261000,,41,17.0,,,False,False,2021,19,São Paulo Grand Prix
0 days 01:41:41.482000,RAI,7,0 days 00:01:21.185000,28.0,3.0,,0 days 01:41:38.742000,0 days 00:00:19.631000,0 days 00:00:39.933000,0 days 00:00:21.621000,0 days 01:40:39.961000,0 days 01:41:19.894000,0 days 01:41:41.515000,308.0,242.0,,306.0,False,MEDIUM,28.0,False,Alfa Romeo Racing,0 days 01:40:20.297000,,1,16.0,,,False,False,2021,19,São Paulo Grand Prix
0 days 01:43:15.998000,RAI,7,0 days 00:01:34.516000,29.0,4.0,0 days 01:42:02.298000,,0 days 00:00:37.085000,0 days 00:00:38.360000,0 days 00:00:19.071000,0 days 01:42:18.600000,0 days 01:42:56.960000,0 days 01:43:16.031000,300.0,254.0,99.0,306.0,False,HARD,1.0,True,Alfa Romeo Racing,0 days 01:41:41.482000,,16,19.0,,,False,False,2021,19,São Paulo Grand Prix
0 days 02:12:22.398000,RAI,7,0 days 00:01:18.680000,52.0,4.0,,0 days 02:12:19.570000,0 days 00:00:19.172000,0 days 00:00:38.655000,0 days 00:00:20.853000,0 days 02:11:22.923000,0 days 02:12:01.578000,0 days 02:12:22.431000,309.0,255.0,,305.0,False,HARD,24.0,True,Alfa Romeo Racing,0 days 02:11:03.718000,,1,12.0,,,False,False,2021,19,São Paulo Grand Prix
0 days 02:13:52.187000,RAI,7,0 days 00:01:29.789000,53.0,5.0,0 days 02:12:42.577000,,0 days 00:00:35.560000,0 days 00:00:37.422000,0 days 00:00:16.807000,0 days 02:12:57.991000,0 days 02:13:35.413000,0 days 02:13:52.220000,303.0,258.0,304.0,305.0,False,MEDIUM,1.0,True,Alfa Romeo Racing,0 days 02:12:22.398000,,1,12.0,,,False,False,2021,19,São Paulo Grand Prix
0 days 01:10:12.219000,RUS,63,0 days 00:01:39.416000,6.0,1.0,,0 days 01:10:09.374000,0 days 00:00:19.451000,0 days 00:00:55.595000,0 days 00:00:24.370000,0 days 01:08:52.291000,0 days 01:09:47.886000,0 days 01:10:12.256000,322.0,170.0,,295.0,False,MEDIUM,6.0,True,Williams,0 days 01:08:32.803000,,14,18.0,,,False,False,2021,19,São Paulo Grand Prix
0 days 01:12:05.972000,RUS,63,0 days 00:01:53.753000,7.0,2.0,0 days 01:10:32.675000,0 days 01:12:03.133000,0 days 00:00:37.132000,0 days 00:00:48.695000,0 days 00:00:27.926000,0 days 01:10:49.388000,0 days 01:11:38.083000,0 days 01:12:06.009000,286.0,151.0,,295.0,False,HARD,1.0,True,Williams,0 days 01:10:12.219000,,4,18.0,,,False,False,2021,19,São Paulo Grand Prix
0 days 01:14:20.681000,RUS,63,0 days 00:02:14.709000,8.0,3.0,0 days 01:12:24.288000,0 days 01:14:17.639000,0 days 00:00:39.804000,0 days 00:00:56.538000,0 days 00:00:38.367000,0 days 01:12:45.813000,0 days 01:13:42.351000,0 days 01:14:20.718000,252.0,158.0,,295.0,False,HARD,2.0,False,Williams,0 days 01:12:05.972000,,4,18.0,,,False,False,2021,19,São Paulo Grand Prix
0 days 01:16:23.927000,RUS,63,0 days 00:02:03.246000,9.0,4.0,0 days 01:14:36.052000,,0 days 00:00:40.459000,0 days 00:00:49.869000,0 days 00:00:32.918000,0 days 01:15:01.177000,0 days 01:15:51.046000,0 days 01:16:23.964000,260.0,211.0,259.0,295.0,False,HARD,3.0,False,Williams,0 days 01:14:20.681000,,41,18.0,,,False,False,2021,19,São Paulo Grand Prix
0 days 01:58:36.590000,RUS,63,0 days 00:01:21.624000,41.0,4.0,,0 days 01:58:33.802000,0 days 00:00:19.851000,0 days 00:00:40.734000,0 days 00:00:21.039000,0 days 01:57:34.854000,0 days 01:58:15.588000,0 days 01:58:36.627000,324.0,239.0,,304.0,False,HARD,35.0,False,Williams,0 days 01:57:14.966000,,1,16.0,,,False,False,2021,19,São Paulo Grand Prix
0 days 02:00:08.553000,RUS,63,0 days 00:01:31.963000,42.0,5.0,0 days 01:58:57.201000,,0 days 00:00:36.628000,0 days 00:00:38.384000,0 days 00:00:16.951000,0 days 01:59:13.255000,0 days 01:59:51.639000,0 days 02:00:08.590000,301.0,247.0,304.0,304.0,False,HARD,1.0,True,Williams,0 days 01:58:36.590000,,1,16.0,,,False,False,2021,19,São Paulo Grand Prix
0 days 01:11:58.632000,GIO,99,0 days 00:01:58.559000,7.0,1.0,,0 days 01:11:55.821000,0 days 00:00:25.894000,0 days 00:00:52.806000,0 days 00:00:39.859000,0 days 01:10:26.005000,0 days 01:11:18.811000,0 days 01:11:58.670000,232.0,175.0,,179.0,False,MEDIUM,7.0,True,Alfa Romeo Racing,0 days 01:10:00.073000,,4,13.0,,,False,False,2021,19,São Paulo Grand Prix
0 days 01:14:10.972000,GIO,99,0 days 00:02:12.340000,8.0,2.0,0 days 01:12:13.824000,0 days 01:14:08.110000,0 days 00:00:36.523000,0 days 00:00:58.331000,0 days 00:00:37.486000,0 days 01:12:35.193000,0 days 01:13:33.524000,0 days 01:14:11.010000,168.0,158.0,,179.0,False,MEDIUM,8.0,False,Alfa Romeo Racing,0 days 01:11:58.632000,,4,13.0,,,False,False,2021,19,São Paulo Grand Prix
0 days 01:16:22.759000,GIO,99,0 days 00:02:11.787000,9.0,3.0,0 days 01:14:26.397000,,0 days 00:00:42.465000,0 days 00:00:54.612000,0 days 00:00:34.710000,0 days 01:14:53.475000,0 days 01:15:48.087000,0 days 01:16:22.797000,182.0,174.0,255.0,179.0,False,MEDIUM,9.0,False,Alfa Romeo Racing,0 days 01:14:10.972000,,41,13.0,,,False,False,2021,19,São Paulo Grand Prix
0 days 01:42:54.197000,GIO,99,0 days 00:01:21.778000,29.0,3.0,,0 days 01:42:51.528000,0 days 00:00:20.203000,0 days 00:00:40.330000,0 days 00:00:21.245000,0 days 01:41:52.660000,0 days 01:42:32.990000,0 days 01:42:54.235000,323.0,244.0,,268.0,False,MEDIUM,29.0,False,Alfa Romeo Racing,0 days 01:41:32.419000,,1,13.0,,,False,False,2021,19,São Paulo Grand Prix
0 days 01:44:39.809000,GIO,99,0 days 00:01:45.612000,30.0,4.0,0 days 01:43:15.273000,,0 days 00:00:39.766000,0 days 00:00:48.698000,0 days 00:00:17.148000,0 days 01:43:34.001000,0 days 01:44:22.699000,0 days 01:44:39.847000,196.0,249.0,308.0,268.0,False,HARD,1.0,True,Alfa Romeo Racing,0 days 01:42:54.197000,,167,16.0,,,False,False,2021,19,São Paulo Grand Prix
0 days 01:59:52.799000,GIO,99,0 days 00:01:19.553000,42.0,4.0,,0 days 01:59:49.995000,0 days 00:00:19.273000,0 days 00:00:39.371000,0 days 00:00:20.909000,0 days 01:58:52.557000,0 days 01:59:31.928000,0 days 01:59:52.837000,320.0,247.0,,324.0,False,HARD,13.0,True,Alfa Romeo Racing,0 days 01:58:33.246000,,1,15.0,,,False,False,2021,19,São Paulo Grand Prix
0 days 02:01:26.665000,GIO,99,0 days 00:01:33.866000,43.0,5.0,0 days 02:00:13.084000,,0 days 00:00:36.274000,0 days 00:00:40.752000,0 days 00:00:16.840000,0 days 02:00:29.111000,0 days 02:01:09.863000,0 days 02:01:26.703000,269.0,250.0,327.0,324.0,False,MEDIUM,1.0,True,Alfa Romeo Racing,0 days 01:59:52.799000,,1,16.0,,,False,False,2021,19,São Paulo Grand Prix
0 days 01:07:26.116000,TSU,22,0 days 00:01:33.623000,4.0,1.0,,0 days 01:07:23.272000,0 days 00:00:22.627000,0 days 00:00:46.618000,0 days 00:00:24.378000,0 days 01:06:15.138000,0 days 01:07:01.756000,0 days 01:07:26.134000,284.0,211.0,,319.0,False,SOFT,4.0,True,AlphaTauri,0 days 01:05:52.493000,,1,19.0,,,False,False,2021,19,São Paulo Grand Prix
0 days 01:09:16.527000,TSU,22,0 days 00:01:50.411000,5.0,2.0,0 days 01:07:55.529000,,0 days 00:00:46.626000,0 days 00:00:39.369000,0 days 00:00:24.416000,0 days 01:08:12.760000,0 days 01:08:52.129000,0 days 01:09:16.545000,297.0,248.0,230.0,319.0,False,HARD,1.0,True,AlphaTauri,0 days 01:07:26.116000,,14,19.0,,,False,False,2021,19,São Paulo Grand Prix
0 days 01:11:00.766000,TSU,22,0 days 00:01:44.239000,6.0,2.0,,0 days 01:10:57.904000,0 days 00:00:26.970000,0 days 00:00:49.382000,0 days 00:00:27.887000,0 days 01:09:43.515000,0 days 01:10:32.897000,0 days 01:11:00.784000,174.0,189.0,,209.0,False,HARD,2.0,True,AlphaTauri,0 days 01:09:16.527000,,4,19.0,,,False,False,2021,19,São Paulo Grand Prix
0 days 01:12:36.831000,TSU,22,0 days 00:01:36.065000,7.0,3.0,0 days 01:11:15.739000,0 days 01:12:34.008000,0 days 00:00:32.361000,0 days 00:00:41.560000,0 days 00:00:22.144000,0 days 01:11:33.145000,0 days 01:12:14.705000,0 days 01:12:36.849000,281.0,227.0,,209.0,False,HARD,3.0,False,AlphaTauri,0 days 01:11:00.766000,,4,19.0,,,False,False,2021,19,São Paulo Grand Prix
0 days 01:14:22.126000,TSU,22,0 days 00:01:45.295000,8.0,4.0,0 days 01:12:51.687000,0 days 01:14:19.018000,0 days 00:00:32.064000,0 days 00:00:39.979000,0 days 00:00:33.252000,0 days 01:13:08.913000,0 days 01:13:48.892000,0 days 01:14:22.144000,283.0,230.0,,209.0,False,HARD,4.0,False,AlphaTauri,0 days 01:12:36.831000,,4,19.0,,,False,False,2021,19,São Paulo Grand Prix
0 days 01:16:24.002000,TSU,22,0 days 00:02:01.876000,9.0,5.0,0 days 01:14:37.426000,,0 days 00:00:41.759000,0 days 00:00:48.467000,0 days 00:00:31.650000,0 days 01:15:03.903000,0 days 01:15:52.370000,0 days 01:16:24.020000,263.0,234.0,259.0,209.0,False,HARD,5.0,False,AlphaTauri,0 days 01:14:22.126000,,41,19.0,,,False,False,2021,19,São Paulo Grand Prix
0 days 01:55:56.442000,TSU,22,0 days 00:01:21.801000,39.0,5.0,,0 days 01:55:53.651000,0 days 00:00:20.493000,0 days 00:00:40.190000,0 days 00:00:21.118000,0 days 01:54:55.152000,0 days 01:55:35.342000,0 days 01:55:56.460000,324.0,247.0,,294.0,False,HARD,35.0,False,AlphaTauri,0 days 01:54:34.641000,,1,12.0,,,False,False,2021,19,São Paulo Grand Prix
0 days 01:57:42.814000,TSU,22,0 days 00:01:46.372000,40.0,6.0,0 days 01:56:29.323000,,0 days 00:00:50.065000,0 days 00:00:39.094000,0 days 00:00:17.213000,0 days 01:56:46.525000,0 days 01:57:25.619000,0 days 01:57:42.832000,299.0,247.0,301.0,294.0,False,HARD,1.0,True,AlphaTauri,0 days 01:55:56.442000,,1,17.0,,,False,False,2021,19,São Paulo Grand Prix
0 days 01:12:02.353000,LAT,6,0 days 00:01:56.494000,7.0,1.0,,0 days 01:11:59.474000,0 days 00:00:26.131000,0 days 00:00:52.714000,0 days 00:00:37.649000,0 days 01:10:32.008000,0 days 01:11:24.722000,0 days 01:12:02.371000,228.0,182.0,,208.0,False,MEDIUM,7.0,True,Williams,0 days 01:10:05.859000,,4,16.0,,,False,False,2021,19,São Paulo Grand Prix
0 days 01:14:16.278000,LAT,6,0 days 00:02:13.925000,8.0,2.0,0 days 01:12:17.943000,0 days 01:14:13.289000,0 days 00:00:37.284000,0 days 00:00:58.525000,0 days 00:00:38.116000,0 days 01:12:39.655000,0 days 01:13:38.180000,0 days 01:14:16.296000,215.0,189.0,,208.0,False,MEDIUM,8.0,False,Williams,0 days 01:12:02.353000,,4,16.0,,,False,False,2021,19,São Paulo Grand Prix
0 days 01:16:23.296000,LAT,6,0 days 00:02:07.018000,9.0,3.0,0 days 01:14:32.077000,,0 days 00:00:40.988000,0 days 00:00:52.456000,0 days 00:00:33.574000,0 days 01:14:57.284000,0 days 01:15:49.740000,0 days 01:16:23.314000,255.0,192.0,262.0,208.0,False,MEDIUM,9.0,False,Williams,0 days 01:14:16.278000,,41,16.0,,,False,False,2021,19,São Paulo Grand Prix
0 days 01:22:30.356000,LAT,6,0 days 00:01:44.340000,13.0,3.0,,0 days 01:22:27.475000,0 days 00:00:28.665000,0 days 00:00:48.263000,0 days 00:00:27.412000,0 days 01:21:14.699000,0 days 01:22:02.962000,0 days 01:22:30.374000,124.0,130.0,,235.0,False,MEDIUM,13.0,False,Williams,0 days 01:20:46.016000,,67,19.0,,,False,False,2021,19,São Paulo Grand Prix
0 days 01:24:03.390000,LAT,6,0 days 00:01:33.034000,14.0,4.0,0 days 01:22:50.756000,,0 days 00:00:36.861000,0 days 00:00:38.864000,0 days 00:00:17.309000,0 days 01:23:07.235000,0 days 01:23:46.099000,0 days 01:24:03.408000,297.0,252.0,299.0,235.0,False,HARD,1.0,True,Williams,0 days 01:22:30.356000,,71,19.0,,,False,False,2021,19,São Paulo Grand Prix
0 days 01:56:13.663000,LAT,6,0 days 00:01:20.044000,39.0,4.0,,0 days 01:56:10.822000,0 days 00:00:19.394000,0 days 00:00:39.542000,0 days 00:00:21.108000,0 days 01:55:13.031000,0 days 01:55:52.573000,0 days 01:56:13.681000,303.0,250.0,,301.0,False,HARD,26.0,True,Williams,0 days 01:54:53.619000,,1,18.0,,,False,False,2021,19,São Paulo Grand Prix
0 days 01:57:48.103000,LAT,6,0 days 00:01:34.440000,40.0,5.0,0 days 01:56:34.369000,,0 days 00:00:36.932000,0 days 00:00:40.425000,0 days 00:00:17.083000,0 days 01:56:50.613000,0 days 01:57:31.038000,0 days 01:57:48.121000,297.0,252.0,303.0,301.0,False,HARD,1.0,True,Williams,0 days 01:56:13.663000,,1,18.0,,,False,False,2021,19,São Paulo Grand Prix
0 days 01:12:00.292000,MAZ,9,0 days 00:01:56.967000,7.0,1.0,,0 days 01:11:57.273000,0 days 00:00:26.245000,0 days 00:00:52.491000,0 days 00:00:38.231000,0 days 01:10:29.614000,0 days 01:11:22.105000,0 days 01:12:00.336000,270.0,207.0,,170.0,False,MEDIUM,7.0,True,Haas F1 Team,0 days 01:10:03.325000,,4,14.0,,,False,False,2021,19,São Paulo Grand Prix
0 days 01:14:14.355000,MAZ,9,0 days 00:02:14.063000,8.0,2.0,0 days 01:12:15.284000,0 days 01:14:11.144000,0 days 00:00:36.560000,0 days 00:00:58.763000,0 days 00:00:38.740000,0 days 01:12:36.896000,0 days 01:13:35.659000,0 days 01:14:14.399000,197.0,200.0,,170.0,False,MEDIUM,8.0,False,Haas F1 Team,0 days 01:12:00.292000,,4,14.0,,,False,False,2021,19,São Paulo Grand Prix
0 days 01:16:23.051000,MAZ,9,0 days 00:02:08.696000,9.0,3.0,0 days 01:14:29.635000,,0 days 00:00:40.342000,0 days 00:00:54.118000,0 days 00:00:34.236000,0 days 01:14:54.741000,0 days 01:15:48.859000,0 days 01:16:23.095000,188.0,187.0,253.0,170.0,False,MEDIUM,9.0,False,Haas F1 Team,0 days 01:14:14.355000,,41,14.0,,,False,False,2021,19,São Paulo Grand Prix
0 days 01:49:59.050000,MAZ,9,0 days 00:01:22.435000,34.0,3.0,,0 days 01:49:56.211000,0 days 00:00:19.823000,0 days 00:00:40.514000,0 days 00:00:22.098000,0 days 01:48:56.482000,0 days 01:49:36.996000,0 days 01:49:59.094000,305.0,238.0,,300.0,False,MEDIUM,34.0,False,Haas F1 Team,0 days 01:48:36.615000,,1,19.0,,,False,False,2021,19,São Paulo Grand Prix
0 days 01:51:34.061000,MAZ,9,0 days 00:01:35.011000,35.0,4.0,0 days 01:50:19.726000,,0 days 00:00:38.010000,0 days 00:00:39.657000,0 days 00:00:17.344000,0 days 01:50:37.104000,0 days 01:51:16.761000,0 days 01:51:34.105000,299.0,248.0,300.0,300.0,False,HARD,1.0,True,Haas F1 Team,0 days 01:49:59.050000,,1,19.0,,,False,False,2021,19,São Paulo Grand Prix
0 days 01:12:01.125000,MSC,47,0 days 00:01:56.659000,7.0,1.0,,0 days 01:11:58.274000,0 days 00:00:27.036000,0 days 00:00:52.748000,0 days 00:00:36.875000,0 days 01:10:31.545000,0 days 01:11:24.293000,0 days 01:12:01.168000,248.0,186.0,,156.0,False,MEDIUM,7.0,True,Haas F1 Team,0 days 01:10:04.466000,,4,15.0,,,False,False,2021,19,São Paulo Grand Prix
0 days 01:14:15.266000,MSC,47,0 days 00:02:14.141000,8.0,2.0,0 days 01:12:16.142000,0 days 01:14:11.904000,0 days 00:00:36.664000,0 days 00:00:58.482000,0 days 00:00:38.995000,0 days 01:12:37.832000,0 days 01:13:36.314000,0 days 01:14:15.309000,233.0,193.0,,156.0,False,MEDIUM,8.0,False,Haas F1 Team,0 days 01:12:01.125000,,4,15.0,,,False,False,2021,19,São Paulo Grand Prix
0 days 01:16:23.131000,MSC,47,0 days 00:02:07.865000,9.0,3.0,0 days 01:14:30.861000,,0 days 00:00:40.576000,0 days 00:00:53.563000,0 days 00:00:33.726000,0 days 01:14:55.885000,0 days 01:15:49.448000,0 days 01:16:23.174000,191.0,207.0,256.0,156.0,False,MEDIUM,9.0,False,Haas F1 Team,0 days 01:14:15.266000,,41,15.0,,,False,False,2021,19,São Paulo Grand Prix
0 days 01:19:33.254000,MSC,47,0 days 00:01:49.493000,11.0,3.0,,0 days 01:19:30.418000,0 days 00:00:24.132000,0 days 00:00:52.823000,0 days 00:00:32.538000,0 days 01:18:07.936000,0 days 01:19:00.759000,0 days 01:19:33.297000,281.0,126.0,,295.0,False,MEDIUM,11.0,False,Haas F1 Team,0 days 01:17:43.761000,,16,20.0,,,False,False,2021,19,São Paulo Grand Prix
0 days 01:21:42.941000,MSC,47,0 days 00:02:09.687000,12.0,4.0,0 days 01:20:11.580000,,0 days 00:00:56.089000,0 days 00:00:50.434000,0 days 00:00:23.164000,0 days 01:20:29.386000,0 days 01:21:19.820000,0 days 01:21:42.984000,259.0,177.0,278.0,295.0,False,HARD,1.0,True,Haas F1 Team,0 days 01:19:33.254000,,6,20.0,,,False,False,2021,19,São Paulo Grand Prix
0 days 01:43:57.764000,MSC,47,0 days 00:01:33.043000,29.0,4.0,,0 days 01:43:54.926000,0 days 00:00:22.192000,0 days 00:00:46.090000,0 days 00:00:24.761000,0 days 01:42:46.956000,0 days 01:43:33.046000,0 days 01:43:57.807000,309.0,209.0,,149.0,False,HARD,18.0,True,Haas F1 Team,0 days 01:42:24.721000,,16,20.0,,,False,False,2021,19,São Paulo Grand Prix
0 days 01:45:38.722000,MSC,47,0 days 00:01:40.958000,30.0,5.0,0 days 01:44:20.823000,,0 days 00:00:39.873000,0 days 00:00:43.843000,0 days 00:00:17.242000,0 days 01:44:37.680000,0 days 01:45:21.523000,0 days 01:45:38.765000,297.0,234.0,325.0,149.0,False,MEDIUM,1.0,True,Haas F1 Team,0 days 01:43:57.764000,,671,20.0,,,False,False,2021,19,São Paulo Grand Prix
0 days 02:25:12.795000,MSC,47,0 days 00:01:21.146000,61.0,5.0,,0 days 02:25:10.144000,0 days 00:00:19.682000,0 days 00:00:39.735000,0 days 00:00:21.729000,0 days 02:24:11.374000,0 days 02:24:51.109000,0 days 02:25:12.838000,306.0,233.0,,303.0,False,MEDIUM,32.0,True,Haas F1 Team,0 days 02:23:51.649000,,1,18.0,,,False,False,2021,19,São Paulo Grand Prix
0 days 02:26:47.660000,MSC,47,0 days 00:01:34.865000,62.0,6.0,0 days 02:25:34.591000,,0 days 00:00:38.849000,0 days 00:00:38.923000,0 days 00:00:17.093000,0 days 02:25:51.687000,0 days 02:26:30.610000,0 days 02:26:47.703000,299.0,250.0,304.0,303.0,False,MEDIUM,1.0,False,Haas F1 Team,0 days 02:25:12.795000,,1,18.0,,,False,False,2021,19,São Paulo Grand Prix
0 days 01:11:51.252000,RIC,3,0 days 00:01:57.463000,7.0,1.0,,0 days 01:11:48.203000,0 days 00:00:25.932000,0 days 00:00:55.323000,0 days 00:00:36.208000,0 days 01:10:19.741000,0 days 01:11:15.064000,0 days 01:11:51.272000,259.0,128.0,,184.0,False,MEDIUM,7.0,True,McLaren,0 days 01:09:53.789000,,4,10.0,,,False,False,2021,19,São Paulo Grand Prix
0 days 01:14:04.748000,RIC,3,0 days 00:02:13.496000,8.0,2.0,0 days 01:12:08.246000,0 days 01:14:01.777000,0 days 00:00:39.358000,0 days 00:00:58.528000,0 days 00:00:35.610000,0 days 01:12:30.630000,0 days 01:13:29.158000,0 days 01:14:04.768000,247.0,233.0,,184.0,False,MEDIUM,8.0,False,McLaren,0 days 01:11:51.252000,,4,10.0,,,False,False,2021,19,São Paulo Grand Prix
0 days 01:16:21.845000,RIC,3,0 days 00:02:17.097000,9.0,3.0,0 days 01:14:20.453000,,0 days 00:00:43.344000,0 days 00:00:56.912000,0 days 00:00:36.841000,0 days 01:14:48.112000,0 days 01:15:45.024000,0 days 01:16:21.865000,233.0,103.0,240.0,184.0,False,MEDIUM,9.0,False,McLaren,0 days 01:14:04.748000,,41,10.0,,,False,False,2021,19,São Paulo Grand Prix
0 days 01:44:02.242000,RIC,3,0 days 00:01:30.060000,30.0,3.0,,0 days 01:43:59.417000,0 days 00:00:19.362000,0 days 00:00:45.150000,0 days 00:00:25.548000,0 days 01:42:51.564000,0 days 01:43:36.714000,0 days 01:44:02.262000,300.0,152.0,,306.0,False,MEDIUM,30.0,False,McLaren,0 days 01:42:32.182000,,167,4.0,,,False,False,2021,19,São Paulo Grand Prix
0 days 01:45:33.708000,RIC,3,0 days 00:01:31.466000,31.0,4.0,0 days 01:44:22.567000,,0 days 00:00:36.307000,0 days 00:00:38.518000,0 days 00:00:16.641000,0 days 01:44:38.569000,0 days 01:45:17.087000,0 days 01:45:33.728000,305.0,247.0,331.0,306.0,False,HARD,1.0,True,McLaren,0 days 01:44:02.242000,,71,9.0,,,False,False,2021,19,São Paulo Grand Prix
0 days 02:08:19.459000,RIC,3,0 days 00:01:32.007000,49.0,4.0,,0 days 02:08:16.292000,0 days 00:00:23.777000,0 days 00:00:42.533000,0 days 00:00:25.697000,0 days 02:07:11.249000,0 days 02:07:53.782000,0 days 02:08:19.479000,224.0,226.0,,261.0,False,HARD,19.0,True,McLaren,0 days 02:06:47.452000,,1,10.0,,,False,False,2021,19,São Paulo Grand Prix
0 days 01:11:57.046000,STR,18,0 days 00:02:00.022000,7.0,1.0,,0 days 01:11:54.485000,0 days 00:00:27.005000,0 days 00:00:52.873000,0 days 00:00:40.144000,0 days 01:10:24.073000,0 days 01:11:16.946000,0 days 01:11:57.090000,232.0,171.0,,177.0,False,MEDIUM,9.0,False,Aston Martin,0 days 01:09:57.024000,,4,12.0,,,False,False,2021,19,São Paulo Grand Prix
0 days 01:14:09.546000,STR,18,0 days 00:02:12.500000,8.0,2.0,0 days 01:12:12.464000,0 days 01:14:07,0 days 00:00:36.315000,0 days 00:00:58.818000,0 days 00:00:37.367000,0 days 01:12:33.405000,0 days 01:13:32.223000,0 days 01:14:09.590000,163.0,187.0,,177.0,False,MEDIUM,10.0,False,Aston Martin,0 days 01:11:57.046000,,4,12.0,,,False,False,2021,19,São Paulo Grand Prix
0 days 01:16:22.628000,STR,18,0 days 00:02:13.082000,9.0,3.0,0 days 01:14:24.680000,,0 days 00:00:41.851000,0 days 00:00:54.895000,0 days 00:00:36.336000,0 days 01:14:51.441000,0 days 01:15:46.336000,0 days 01:16:22.672000,223.0,118.0,245.0,177.0,False,MEDIUM,11.0,False,Aston Martin,0 days 01:14:09.546000,,41,12.0,,,False,False,2021,19,São Paulo Grand Prix
0 days 01:33:54.683000,STR,18,0 days 00:01:19.904000,22.0,3.0,,0 days 01:33:52.192000,0 days 00:00:19.425000,0 days 00:00:39.603000,0 days 00:00:20.876000,0 days 01:32:54.248000,0 days 01:33:33.851000,0 days 01:33:54.727000,309.0,240.0,,305.0,False,MEDIUM,24.0,False,Aston Martin,0 days 01:32:34.779000,,1,15.0,,,False,False,2021,19,São Paulo Grand Prix
0 days 01:35:29.305000,STR,18,0 days 00:01:34.622000,23.0,4.0,0 days 01:34:16.840000,,0 days 00:00:38.664000,0 days 00:00:38.777000,0 days 00:00:17.181000,0 days 01:34:33.391000,0 days 01:35:12.168000,0 days 01:35:29.349000,299.0,246.0,302.0,305.0,False,HARD,3.0,False,Aston Martin,0 days 01:33:54.683000,,1,19.0,,,False,False,2021,19,São Paulo Grand Prix
0 days 02:06:13.676000,STR,18,0 days 00:01:20.943000,47.0,4.0,,0 days 02:06:11.120000,0 days 00:00:19.352000,0 days 00:00:39.194000,0 days 00:00:22.397000,0 days 02:05:12.129000,0 days 02:05:51.323000,0 days 02:06:13.720000,299.0,241.0,,295.0,False,HARD,27.0,False,Aston Martin,0 days 02:04:52.733000,,1,14.0,,,False,False,2021,19,São Paulo Grand Prix
0 days 01:23:00.518000,GAS,10,0 days 00:01:52.700000,13.0,1.0,,0 days 01:22:37.601000,0 days 00:00:30.784000,0 days 00:00:30.614000,0 days 00:00:51.302000,0 days 01:21:38.610000,0 days 01:22:09.224000,0 days 01:23:00.526000,230.0,275.0,,302.0,False,SOFT,16.0,False,AlphaTauri,0 days 01:21:07.818000,,1,17.0,,,False,False,2021,20,Qatar Grand Prix
0 days 01:24:35.819000,GAS,10,0 days 00:01:35.301000,14.0,2.0,0 days 01:23:03.243000,,0 days 00:00:35.187000,0 days 00:00:29.829000,0 days 00:00:30.285000,0 days 01:23:35.713000,0 days 01:24:05.542000,0 days 01:24:35.827000,229.0,276.0,297.0,221.0,False,MEDIUM,4.0,False,AlphaTauri,0 days 01:23:00.518000,,1,18.0,,,False,False,2021,20,Qatar Grand Prix
0 days 01:56:06.703000,GAS,10,0 days 00:01:50.401000,35.0,2.0,,0 days 01:55:43.365000,0 days 00:00:29.358000,0 days 00:00:30.013000,0 days 00:00:51.030000,0 days 01:54:45.668000,0 days 01:55:15.681000,0 days 01:56:06.711000,235.0,278.0,,303.0,False,MEDIUM,25.0,False,AlphaTauri,0 days 01:54:16.302000,,1,10.0,,,False,False,2021,20,Qatar Grand Prix
0 days 01:57:40.194000,GAS,10,0 days 00:01:33.491000,36.0,3.0,0 days 01:56:09.426000,,0 days 00:00:34.518000,0 days 00:00:29.395000,0 days 00:00:29.578000,0 days 01:56:41.229000,0 days 01:57:10.624000,0 days 01:57:40.202000,238.0,280.0,298.0,223.0,False,MEDIUM,6.0,False,AlphaTauri,0 days 01:56:06.703000,,1,11.0,,,False,False,2021,20,Qatar Grand Prix
0 days 01:31:52.046000,PER,11,0 days 00:01:49.096000,19.0,1.0,,0 days 01:31:29.428000,0 days 00:00:29.500000,0 days 00:00:29.905000,0 days 00:00:49.691000,0 days 01:30:32.456000,0 days 01:31:02.361000,0 days 01:31:52.052000,232.0,274.0,,299.0,False,MEDIUM,19.0,True,Red Bull Racing,0 days 01:30:02.950000,,1,11.0,,,False,False,2021,20,Qatar Grand Prix
0 days 01:33:25.512000,PER,11,0 days 00:01:33.466000,20.0,2.0,0 days 01:31:54.816000,,0 days 00:00:34.564000,0 days 00:00:29.208000,0 days 00:00:29.694000,0 days 01:32:26.616000,0 days 01:32:55.824000,0 days 01:33:25.518000,236.0,274.0,295.0,217.0,False,HARD,1.0,True,Red Bull Racing,0 days 01:31:52.046000,,1,12.0,,,False,False,2021,20,Qatar Grand Prix
0 days 02:04:38.664000,PER,11,0 days 00:01:47.990000,41.0,2.0,,0 days 02:04:16.085000,0 days 00:00:28.911000,0 days 00:00:29.207000,0 days 00:00:49.872000,0 days 02:03:19.591000,0 days 02:03:48.798000,0 days 02:04:38.670000,237.0,272.0,,296.0,False,HARD,22.0,True,Red Bull Racing,0 days 02:02:50.674000,,1,6.0,,,False,False,2021,20,Qatar Grand Prix
0 days 02:06:09.881000,PER,11,0 days 00:01:31.217000,42.0,3.0,0 days 02:04:41.422000,,0 days 00:00:33.702000,0 days 00:00:28.558000,0 days 00:00:28.957000,0 days 02:05:12.372000,0 days 02:05:40.930000,0 days 02:06:09.887000,236.0,275.0,295.0,222.0,False,MEDIUM,4.0,False,Red Bull Racing,0 days 02:04:38.664000,,1,7.0,,,False,False,2021,20,Qatar Grand Prix
0 days 01:37:44.163000,ALO,14,0 days 00:01:49.161000,23.0,1.0,,0 days 01:37:20.912000,0 days 00:00:28.789000,0 days 00:00:29.699000,0 days 00:00:50.673000,0 days 01:36:23.820000,0 days 01:36:53.519000,0 days 01:37:44.192000,236.0,273.0,,301.0,False,SOFT,26.0,False,Alpine,0 days 01:35:55.002000,,1,7.0,,,False,False,2021,20,Qatar Grand Prix
0 days 01:39:19.180000,ALO,14,0 days 00:01:35.017000,24.0,2.0,0 days 01:37:46.926000,,0 days 00:00:34.622000,0 days 00:00:30.142000,0 days 00:00:30.253000,0 days 01:38:18.814000,0 days 01:38:48.956000,0 days 01:39:19.209000,233.0,272.0,294.0,221.0,False,HARD,1.0,True,Alpine,0 days 01:37:44.163000,,1,7.0,,,False,False,2021,20,Qatar Grand Prix
0 days 01:44:09.588000,LEC,16,0 days 00:01:53.808000,27.0,1.0,,0 days 01:43:46.556000,0 days 00:00:31.491000,0 days 00:00:31.174000,0 days 00:00:51.143000,0 days 01:42:47.293000,0 days 01:43:18.467000,0 days 01:44:09.610000,229.0,279.0,,303.0,False,MEDIUM,27.0,True,Ferrari,0 days 01:42:15.780000,,1,12.0,,,False,False,2021,20,Qatar Grand Prix
0 days 01:45:44.791000,LEC,16,0 days 00:01:35.203000,28.0,2.0,0 days 01:44:12.334000,,0 days 00:00:35.089000,0 days 00:00:29.808000,0 days 00:00:30.306000,0 days 01:44:44.699000,0 days 01:45:14.507000,0 days 01:45:44.813000,233.0,278.0,288.0,215.0,False,HARD,1.0,True,Ferrari,0 days 01:44:09.588000,,1,13.0,,,False,False,2021,20,Qatar Grand Prix
0 days 01:38:03.991000,STR,18,0 days 00:01:50.883000,23.0,1.0,,0 days 01:37:40.618000,0 days 00:00:29.824000,0 days 00:00:30.144000,0 days 00:00:50.915000,0 days 01:36:42.957000,0 days 01:37:13.101000,0 days 01:38:04.016000,225.0,275.0,,309.0,False,MEDIUM,23.0,True,Aston Martin,0 days 01:36:13.108000,,1,13.0,,,False,False,2021,20,Qatar Grand Prix
0 days 01:39:37.484000,STR,18,0 days 00:01:33.493000,24.0,2.0,0 days 01:38:06.617000,,0 days 00:00:34.318000,0 days 00:00:29.442000,0 days 00:00:29.733000,0 days 01:38:38.334000,0 days 01:39:07.776000,0 days 01:39:37.509000,222.0,274.0,295.0,220.0,False,HARD,1.0,True,Aston Martin,0 days 01:38:03.991000,,1,13.0,,,False,False,2021,20,Qatar Grand Prix
0 days 01:17:06.102000,TSU,22,0 days 00:01:54.105000,9.0,1.0,,0 days 01:16:43.163000,0 days 00:00:31.676000,0 days 00:00:31.035000,0 days 00:00:51.394000,0 days 01:15:43.673000,0 days 01:16:14.708000,0 days 01:17:06.102000,228.0,272.0,,303.0,False,SOFT,12.0,False,AlphaTauri,0 days 01:15:11.997000,,1,20.0,,,False,False,2021,20,Qatar Grand Prix
0 days 01:18:42.283000,TSU,22,0 days 00:01:36.181000,10.0,2.0,0 days 01:17:08.844000,,0 days 00:00:35.485000,0 days 00:00:30.074000,0 days 00:00:30.622000,0 days 01:17:41.587000,0 days 01:18:11.661000,0 days 01:18:42.283000,230.0,267.0,294.0,220.0,False,MEDIUM,1.0,True,AlphaTauri,0 days 01:17:06.102000,,1,20.0,,,False,False,2021,20,Qatar Grand Prix
0 days 01:54:53.649000,TSU,22,0 days 00:01:50.159000,34.0,2.0,,0 days 01:54:29.812000,0 days 00:00:29.300000,0 days 00:00:29.911000,0 days 00:00:50.948000,0 days 01:53:32.790000,0 days 01:54:02.701000,0 days 01:54:53.649000,233.0,272.0,,302.0,False,MEDIUM,25.0,True,AlphaTauri,0 days 01:53:03.490000,,1,13.0,,,False,False,2021,20,Qatar Grand Prix
0 days 01:56:28.279000,TSU,22,0 days 00:01:34.630000,35.0,3.0,0 days 01:54:56.368000,,0 days 00:00:35.105000,0 days 00:00:29.624000,0 days 00:00:29.901000,0 days 01:55:28.754000,0 days 01:55:58.378000,0 days 01:56:28.279000,236.0,273.0,299.0,221.0,False,HARD,1.0,True,AlphaTauri,0 days 01:54:53.649000,,1,16.0,,,False,False,2021,20,Qatar Grand Prix
0 days 01:42:42.521000,RIC,3,0 days 00:01:50.268000,26.0,1.0,,0 days 01:42:19.682000,0 days 00:00:29.747000,0 days 00:00:30.206000,0 days 00:00:50.315000,0 days 01:41:22.012000,0 days 01:41:52.218000,0 days 01:42:42.533000,226.0,271.0,,301.0,False,MEDIUM,26.0,True,McLaren,0 days 01:40:52.253000,,1,13.0,,,False,False,2021,20,Qatar Grand Prix
0 days 01:44:17.736000,RIC,3,0 days 00:01:35.215000,27.0,2.0,0 days 01:42:45.266000,,0 days 00:00:35.584000,0 days 00:00:30.033000,0 days 00:00:29.598000,0 days 01:43:18.117000,0 days 01:43:48.150000,0 days 01:44:17.748000,227.0,275.0,301.0,220.0,False,HARD,1.0,True,McLaren,0 days 01:42:42.521000,,1,15.0,,,False,False,2021,20,Qatar Grand Prix
0 days 01:39:30.670000,OCO,31,0 days 00:01:50.392000,24.0,1.0,,0 days 01:39:07.917000,0 days 00:00:29.445000,0 days 00:00:30.476000,0 days 00:00:50.471000,0 days 01:38:09.745000,0 days 01:38:40.221000,0 days 01:39:30.692000,232.0,273.0,,301.0,False,SOFT,27.0,False,Alpine,0 days 01:37:40.278000,,1,12.0,,,False,False,2021,20,Qatar Grand Prix
0 days 01:41:03.882000,OCO,31,0 days 00:01:33.212000,25.0,2.0,0 days 01:39:33.382000,,0 days 00:00:33.956000,0 days 00:00:29.582000,0 days 00:00:29.674000,0 days 01:40:04.648000,0 days 01:40:34.230000,0 days 01:41:03.904000,232.0,273.0,294.0,221.0,False,HARD,1.0,True,Alpine,0 days 01:39:30.670000,,1,12.0,,,False,False,2021,20,Qatar Grand Prix
0 days 01:28:26,VER,33,0 days 00:01:48.566000,17.0,1.0,,0 days 01:28:03.444000,0 days 00:00:29.001000,0 days 00:00:29.847000,0 days 00:00:49.718000,0 days 01:27:06.450000,0 days 01:27:36.297000,0 days 01:28:26.015000,233.0,270.0,,300.0,False,MEDIUM,20.0,False,Red Bull Racing,0 days 01:26:37.434000,,1,2.0,,,False,False,2021,20,Qatar Grand Prix
0 days 01:29:58.604000,VER,33,0 days 00:01:32.604000,18.0,2.0,0 days 01:28:28.731000,,0 days 00:00:33.705000,0 days 00:00:29.184000,0 days 00:00:29.715000,0 days 01:28:59.720000,0 days 01:29:28.904000,0 days 01:29:58.619000,237.0,266.0,290.0,217.0,False,HARD,1.0,True,Red Bull Racing,0 days 01:28:26,,1,2.0,,,False,False,2021,20,Qatar Grand Prix
0 days 02:03:43.640000,VER,33,0 days 00:01:47.168000,41.0,2.0,,0 days 02:03:21.286000,0 days 00:00:28.784000,0 days 00:00:29.284000,0 days 00:00:49.100000,0 days 02:02:25.271000,0 days 02:02:54.555000,0 days 02:03:43.655000,232.0,277.0,,302.0,False,HARD,24.0,True,Red Bull Racing,0 days 02:01:56.472000,,1,2.0,,,False,False,2021,20,Qatar Grand Prix
0 days 02:05:14.962000,VER,33,0 days 00:01:31.322000,42.0,3.0,0 days 02:03:46.412000,,0 days 00:00:33.515000,0 days 00:00:28.648000,0 days 00:00:29.159000,0 days 02:04:17.170000,0 days 02:04:45.818000,0 days 02:05:14.977000,235.0,271.0,294.0,219.0,False,MEDIUM,1.0,True,Red Bull Racing,0 days 02:03:43.640000,,1,2.0,,,False,False,2021,20,Qatar Grand Prix
0 days 02:24:22.911000,VER,33,0 days 00:01:57.248000,55.0,3.0,,0 days 02:24:00.184000,0 days 00:00:28.354000,0 days 00:00:36,0 days 00:00:52.894000,0 days 02:22:54.032000,0 days 02:23:30.032000,0 days 02:24:22.926000,238.0,227.0,,306.0,False,MEDIUM,14.0,True,Red Bull Racing,0 days 02:22:25.663000,,16,2.0,,,False,False,2021,20,Qatar Grand Prix
0 days 02:26:19.787000,VER,33,0 days 00:01:56.876000,56.0,4.0,0 days 02:24:25.660000,,0 days 00:00:44.208000,0 days 00:00:36.802000,0 days 00:00:35.866000,0 days 02:25:07.134000,0 days 02:25:43.936000,0 days 02:26:19.802000,172.0,169.0,293.0,222.0,False,SOFT,4.0,False,Red Bull Racing,0 days 02:24:22.911000,,671,2.0,,,False,False,2021,20,Qatar Grand Prix
0 days 01:40:55.198000,NOR,4,0 days 00:01:48.671000,25.0,1.0,,0 days 01:40:32.643000,0 days 00:00:29.333000,0 days 00:00:29.932000,0 days 00:00:49.406000,0 days 01:39:35.869000,0 days 01:40:05.801000,0 days 01:40:55.207000,230.0,275.0,,304.0,False,SOFT,28.0,False,McLaren,0 days 01:39:06.527000,,1,10.0,,,False,False,2021,20,Qatar Grand Prix
0 days 01:42:30.439000,NOR,4,0 days 00:01:35.241000,26.0,2.0,0 days 01:40:57.922000,,0 days 00:00:34.879000,0 days 00:00:29.884000,0 days 00:00:30.478000,0 days 01:41:30.086000,0 days 01:41:59.970000,0 days 01:42:30.448000,228.0,275.0,297.0,222.0,False,HARD,1.0,True,McLaren,0 days 01:40:55.198000,,1,9.0,,,False,False,2021,20,Qatar Grand Prix
0 days 02:16:32.679000,NOR,4,0 days 00:01:50.835000,49.0,2.0,,0 days 02:16:08.885000,0 days 00:00:28.800000,0 days 00:00:29.389000,0 days 00:00:52.646000,0 days 02:15:10.653000,0 days 02:15:40.042000,0 days 02:16:32.688000,232.0,275.0,,304.0,False,HARD,24.0,True,McLaren,0 days 02:14:41.844000,,1,9.0,,,False,False,2021,20,Qatar Grand Prix
0 days 02:18:05.155000,NOR,4,0 days 00:01:32.476000,50.0,3.0,0 days 02:16:35.414000,,0 days 00:00:34.307000,0 days 00:00:29.202000,0 days 00:00:28.967000,0 days 02:17:06.995000,0 days 02:17:36.197000,0 days 02:18:05.164000,235.0,283.0,325.0,225.0,False,MEDIUM,1.0,True,McLaren,0 days 02:16:32.679000,,12,11.0,,,False,False,2021,20,Qatar Grand Prix
0 days 01:29:44.081000,HAM,44,0 days 00:01:47.391000,18.0,1.0,,0 days 01:29:21.595000,0 days 00:00:28.661000,0 days 00:00:29.262000,0 days 00:00:49.468000,0 days 01:28:25.358000,0 days 01:28:54.620000,0 days 01:29:44.088000,233.0,272.0,,302.0,False,MEDIUM,21.0,False,Mercedes,0 days 01:27:56.690000,,1,1.0,,,False,False,2021,20,Qatar Grand Prix
0 days 01:31:18.239000,HAM,44,0 days 00:01:34.158000,19.0,2.0,0 days 01:29:46.824000,,0 days 00:00:34.680000,0 days 00:00:29.386000,0 days 00:00:30.092000,0 days 01:30:18.768000,0 days 01:30:48.154000,0 days 01:31:18.246000,231.0,273.0,293.0,219.0,False,HARD,1.0,True,Mercedes,0 days 01:29:44.081000,,1,1.0,,,False,False,2021,20,Qatar Grand Prix
0 days 02:05:00.961000,HAM,44,0 days 00:01:46.851000,42.0,2.0,,0 days 02:04:38.346000,0 days 00:00:28.480000,0 days 00:00:29.010000,0 days 00:00:49.361000,0 days 02:03:42.597000,0 days 02:04:11.607000,0 days 02:05:00.968000,237.0,279.0,,304.0,False,HARD,24.0,True,Mercedes,0 days 02:03:14.110000,,1,1.0,,,False,False,2021,20,Qatar Grand Prix
0 days 02:06:33.009000,HAM,44,0 days 00:01:32.048000,43.0,3.0,0 days 02:05:03.690000,,0 days 00:00:34.035000,0 days 00:00:28.745000,0 days 00:00:29.268000,0 days 02:05:35.003000,0 days 02:06:03.748000,0 days 02:06:33.016000,234.0,278.0,297.0,222.0,False,MEDIUM,1.0,False,Mercedes,0 days 02:05:00.961000,,1,1.0,,,False,False,2021,20,Qatar Grand Prix
0 days 01:37:02.491000,MSC,47,0 days 00:01:51.775000,22.0,1.0,,0 days 01:36:39.323000,0 days 00:00:29.706000,0 days 00:00:30.947000,0 days 00:00:51.122000,0 days 01:35:40.426000,0 days 01:36:11.373000,0 days 01:37:02.495000,231.0,273.0,,301.0,False,SOFT,25.0,False,Haas F1 Team,0 days 01:35:10.716000,,1,20.0,,,False,False,2021,20,Qatar Grand Prix
0 days 01:38:39.217000,MSC,47,0 days 00:01:36.726000,23.0,2.0,0 days 01:37:05.247000,,0 days 00:00:36.325000,0 days 00:00:30.407000,0 days 00:00:29.994000,0 days 01:37:38.820000,0 days 01:38:09.227000,0 days 01:38:39.221000,229.0,273.0,295.0,222.0,False,MEDIUM,3.0,False,Haas F1 Team,0 days 01:37:02.491000,,1,20.0,,,False,False,2021,20,Qatar Grand Prix
0 days 01:42:44.236000,VET,5,0 days 00:01:50.561000,26.0,1.0,,0 days 01:42:21.241000,0 days 00:00:29.665000,0 days 00:00:30.447000,0 days 00:00:50.449000,0 days 01:41:23.354000,0 days 01:41:53.801000,0 days 01:42:44.250000,228.0,276.0,,305.0,False,SOFT,29.0,False,Aston Martin,0 days 01:40:53.675000,,1,15.0,,,False,False,2021,20,Qatar Grand Prix
0 days 01:44:18.140000,VET,5,0 days 00:01:33.904000,27.0,2.0,0 days 01:42:46.971000,,0 days 00:00:34.448000,0 days 00:00:29.841000,0 days 00:00:29.615000,0 days 01:43:18.698000,0 days 01:43:48.539000,0 days 01:44:18.154000,230.0,282.0,320.0,224.0,False,MEDIUM,1.0,True,Aston Martin,0 days 01:42:44.236000,,1,16.0,,,False,False,2021,20,Qatar Grand Prix
0 days 01:44:00.119000,SAI,55,0 days 00:01:49.841000,27.0,1.0,,0 days 01:43:37.195000,0 days 00:00:29.285000,0 days 00:00:30.021000,0 days 00:00:50.535000,,0 days 01:43:09.600000,0 days 01:44:00.135000,236.0,276.0,,301.0,False,MEDIUM,30.0,False,Ferrari,0 days 01:42:10.278000,,1,8.0,,,False,False,2021,20,Qatar Grand Prix
0 days 01:45:34.880000,SAI,55,0 days 00:01:34.761000,28.0,2.0,0 days 01:44:02.800000,,0 days 00:00:34.790000,0 days 00:00:29.984000,0 days 00:00:29.987000,0 days 01:44:34.925000,0 days 01:45:04.909000,0 days 01:45:34.896000,236.0,277.0,298.0,222.0,False,HARD,1.0,True,Ferrari,0 days 01:44:00.119000,,1,10.0,,,False,False,2021,20,Qatar Grand Prix
0 days 01:30:55.212000,LAT,6,0 days 00:01:50.705000,18.0,1.0,,0 days 01:30:32.205000,0 days 00:00:29.593000,0 days 00:00:30.660000,0 days 00:00:50.452000,0 days 01:29:34.104000,0 days 01:30:04.764000,0 days 01:30:55.216000,226.0,274.0,,320.0,False,SOFT,18.0,True,Williams,0 days 01:29:04.507000,,1,19.0,,,False,False,2021,20,Qatar Grand Prix
0 days 01:32:30.394000,LAT,6,0 days 00:01:35.182000,19.0,2.0,0 days 01:30:58.058000,,0 days 00:00:35.182000,0 days 00:00:30.010000,0 days 00:00:29.990000,0 days 01:31:30.398000,0 days 01:32:00.408000,0 days 01:32:30.398000,224.0,268.0,296.0,220.0,False,HARD,1.0,True,Williams,0 days 01:30:55.212000,,1,20.0,,,False,False,2021,20,Qatar Grand Prix
0 days 01:29:23.872000,RUS,63,0 days 00:01:52.485000,17.0,1.0,,0 days 01:29:00.548000,0 days 00:00:30.291000,0 days 00:00:30.965000,0 days 00:00:51.229000,0 days 01:28:01.684000,0 days 01:28:32.649000,0 days 01:29:23.878000,227.0,276.0,,304.0,False,SOFT,17.0,True,Williams,0 days 01:27:31.387000,,1,20.0,,,False,False,2021,20,Qatar Grand Prix
0 days 01:30:58.817000,RUS,63,0 days 00:01:34.945000,18.0,2.0,0 days 01:29:26.717000,,0 days 00:00:34.860000,0 days 00:00:29.920000,0 days 00:00:30.165000,0 days 01:29:58.738000,0 days 01:30:28.658000,0 days 01:30:58.823000,230.0,268.0,296.0,220.0,False,HARD,1.0,True,Williams,0 days 01:29:23.872000,,1,20.0,,,False,False,2021,20,Qatar Grand Prix
0 days 02:18:09.499000,RUS,63,0 days 00:02:27.675000,49.0,2.0,,0 days 02:17:37.276000,0 days 00:00:30.019000,0 days 00:00:32.212000,0 days 00:01:25.444000,0 days 02:16:11.849000,0 days 02:16:44.061000,0 days 02:18:09.505000,234.0,204.0,,304.0,False,HARD,32.0,True,Williams,0 days 02:15:41.824000,,12,19.0,,,False,False,2021,20,Qatar Grand Prix
0 days 02:19:43.424000,RUS,63,0 days 00:01:33.925000,50.0,3.0,0 days 02:18:12.222000,,0 days 00:00:34.929000,0 days 00:00:29.513000,0 days 00:00:29.483000,0 days 02:18:44.434000,0 days 02:19:13.947000,0 days 02:19:43.430000,233.0,273.0,298.0,222.0,False,SOFT,4.0,False,Williams,0 days 02:18:09.499000,,12,18.0,,,False,False,2021,20,Qatar Grand Prix
0 days 01:18:38.569000,RAI,7,0 days 00:01:52.005000,10.0,1.0,,0 days 01:18:15.248000,0 days 00:00:29.940000,0 days 00:00:30.591000,0 days 00:00:51.474000,0 days 01:17:16.517000,0 days 01:17:47.108000,0 days 01:18:38.582000,227.0,276.0,,333.0,False,SOFT,10.0,True,Alfa Romeo Racing,0 days 01:16:46.564000,,1,19.0,,,False,False,2021,20,Qatar Grand Prix
0 days 01:20:13.097000,RAI,7,0 days 00:01:34.528000,11.0,2.0,0 days 01:18:41.287000,,0 days 00:00:34.705000,0 days 00:00:29.791000,0 days 00:00:30.032000,0 days 01:19:13.287000,0 days 01:19:43.078000,0 days 01:20:13.110000,233.0,280.0,318.0,219.0,False,MEDIUM,1.0,True,Alfa Romeo Racing,0 days 01:18:38.569000,,1,20.0,,,False,False,2021,20,Qatar Grand Prix
0 days 01:49:03.393000,RAI,7,0 days 00:01:50.600000,30.0,2.0,,0 days 01:48:40.471000,0 days 00:00:29.909000,0 days 00:00:30.325000,0 days 00:00:50.366000,0 days 01:47:42.715000,0 days 01:48:13.040000,0 days 01:49:03.406000,226.0,277.0,,302.0,False,MEDIUM,20.0,True,Alfa Romeo Racing,0 days 01:47:12.793000,,1,18.0,,,False,False,2021,20,Qatar Grand Prix
0 days 01:50:38.903000,RAI,7,0 days 00:01:35.510000,31.0,3.0,0 days 01:49:06.119000,,0 days 00:00:35.157000,0 days 00:00:30.085000,0 days 00:00:30.268000,0 days 01:49:38.563000,0 days 01:50:08.648000,0 days 01:50:38.916000,229.0,283.0,321.0,221.0,False,HARD,1.0,True,Alfa Romeo Racing,0 days 01:49:03.393000,,1,19.0,,,False,False,2021,20,Qatar Grand Prix
0 days 01:53:18.351000,BOT,77,,33.0,1.0,,0 days 01:52:44.735000,0 days 00:00:31.431000,0 days 00:00:44.617000,0 days 00:01:15.884000,0 days 01:51:17.912000,0 days 01:52:02.477000,0 days 01:53:18.464000,215.0,228.0,,300.0,False,MEDIUM,36.0,False,Mercedes,0 days 01:50:46.416000,,12,13.0,,,False,False,2021,20,Qatar Grand Prix
0 days 01:54:53.851000,BOT,77,0 days 00:01:35.500000,34.0,2.0,0 days 01:53:21.090000,,0 days 00:00:35.542000,0 days 00:00:29.845000,0 days 00:00:30.113000,0 days 01:53:53.903000,0 days 01:54:23.748000,0 days 01:54:53.861000,227.0,272.0,295.0,221.0,False,HARD,1.0,True,Mercedes,0 days 01:53:18.351000,,1,14.0,,,False,False,2021,20,Qatar Grand Prix
0 days 02:17:02.375000,BOT,77,,49.0,2.0,,0 days 02:17:02.385000,0 days 00:00:29.618000,0 days 00:00:29.426000,,0 days 02:15:58.668000,0 days 02:16:28.089000,,217.0,270.0,,290.0,False,HARD,16.0,True,Mercedes,0 days 02:15:29.010000,,12,13.0,,,False,False,2021,20,Qatar Grand Prix
0 days 01:51:00.686000,MAZ,9,0 days 00:01:54.304000,31.0,1.0,,0 days 01:50:36.893000,0 days 00:00:30.116000,0 days 00:00:31.112000,0 days 00:00:53.076000,0 days 01:49:36.510000,0 days 01:50:07.622000,0 days 01:51:00.698000,233.0,275.0,,302.0,False,MEDIUM,31.0,True,Haas F1 Team,0 days 01:49:06.382000,,1,20.0,,,False,False,2021,20,Qatar Grand Prix
0 days 01:52:42.674000,MAZ,9,0 days 00:01:41.988000,32.0,2.0,0 days 01:51:03.438000,,0 days 00:00:39.200000,0 days 00:00:31.418000,0 days 00:00:31.370000,0 days 01:51:39.898000,0 days 01:52:11.316000,0 days 01:52:42.686000,225.0,274.0,313.0,214.0,False,SOFT,4.0,False,Haas F1 Team,0 days 01:51:00.686000,,12,20.0,,,False,False,2021,20,Qatar Grand Prix
0 days 01:26:18.161000,GIO,99,0 days 00:01:52.686000,15.0,1.0,,0 days 01:25:55.013000,0 days 00:00:30.309000,0 days 00:00:30.893000,0 days 00:00:51.484000,0 days 01:24:55.793000,0 days 01:25:26.686000,0 days 01:26:18.170000,232.0,275.0,,304.0,False,SOFT,15.0,True,Alfa Romeo Racing,0 days 01:24:25.475000,,1,20.0,,,False,False,2021,20,Qatar Grand Prix
0 days 01:27:52.718000,GIO,99,0 days 00:01:34.557000,16.0,2.0,0 days 01:26:20.884000,,0 days 00:00:35.052000,0 days 00:00:29.707000,0 days 00:00:29.798000,0 days 01:26:53.222000,0 days 01:27:22.929000,0 days 01:27:52.727000,234.0,275.0,297.0,223.0,False,MEDIUM,1.0,True,Alfa Romeo Racing,0 days 01:26:18.161000,,1,20.0,,,False,False,2021,20,Qatar Grand Prix
0 days 01:52:06.768000,GIO,99,0 days 00:01:49.375000,32.0,2.0,,0 days 01:51:44.158000,0 days 00:00:29.295000,0 days 00:00:29.964000,0 days 00:00:50.116000,0 days 01:50:46.697000,0 days 01:51:16.661000,0 days 01:52:06.777000,237.0,278.0,,308.0,False,MEDIUM,17.0,True,Alfa Romeo Racing,0 days 01:50:17.393000,,12,17.0,,,False,False,2021,20,Qatar Grand Prix
0 days 01:53:41.012000,GIO,99,0 days 00:01:34.244000,33.0,3.0,0 days 01:52:09.506000,,0 days 00:00:34.735000,0 days 00:00:29.949000,0 days 00:00:29.560000,0 days 01:52:41.512000,0 days 01:53:11.461000,0 days 01:53:41.021000,235.0,277.0,298.0,224.0,False,MEDIUM,1.0,True,Alfa Romeo Racing,0 days 01:52:06.768000,,21,19.0,,,False,False,2021,20,Qatar Grand Prix
0 days 01:26:40.322000,GAS,10,,13.0,1.0,,0 days 01:26:37.838000,0 days 00:00:54.626000,0 days 00:00:51.988000,0 days 00:01:12.959000,0 days 01:24:35.412000,0 days 01:25:27.439000,0 days 01:26:40.528000,178.0,156.0,,154.0,False,MEDIUM,20.0,False,AlphaTauri,0 days 01:23:40.750000,,45,7.0,,,False,False,2021,21,Saudi Arabian Grand Prix
0 days 01:46:36.511000,GAS,10,,14.0,2.0,0 days 01:43:19.510000,,,0 days 00:00:58.570000,0 days 00:01:15.744000,,0 days 01:45:20.804000,0 days 01:46:36.697000,90.0,146.0,61.0,237.0,False,HARD,1.0,True,AlphaTauri,0 days 01:42:52.932000,,1,7.0,,,False,False,2021,21,Saudi Arabian Grand Prix
0 days 01:50:03.728000,GAS,10,,15.0,2.0,,0 days 01:50:02.264000,0 days 00:01:31.246000,0 days 00:00:54.765000,0 days 00:01:01.212000,0 days 01:48:07.793000,0 days 01:49:02.553000,0 days 01:50:03.945000,288.0,129.0,,142.0,False,HARD,2.0,True,AlphaTauri,0 days 01:46:36.511000,,125,6.0,,,False,False,2021,21,Saudi Arabian Grand Prix
0 days 02:11:49.840000,GAS,10,,16.0,3.0,0 days 02:08:14.752000,,,0 days 00:01:02.405000,0 days 00:01:30.351000,,0 days 02:10:19.526000,0 days 02:11:50.107000,105.0,127.0,62.0,186.0,False,HARD,3.0,False,AlphaTauri,0 days 02:07:52.937000,,1,6.0,,,False,False,2021,21,Saudi Arabian Grand Prix
0 days 01:17:59.038000,PER,11,0 days 00:02:05.840000,10.0,1.0,,0 days 01:17:58.059000,0 days 00:00:44.601000,0 days 00:00:38.244000,0 days 00:00:42.995000,0 days 01:16:37.853000,0 days 01:17:16.097000,0 days 01:17:59.092000,254.0,230.0,,197.0,False,MEDIUM,17.0,False,Red Bull Racing,0 days 01:15:53.198000,,124,5.0,,,False,False,2021,21,Saudi Arabian Grand Prix
0 days 01:20:55.086000,PER,11,,11.0,2.0,0 days 01:18:18.765000,,0 days 00:00:59.813000,0 days 00:00:51.761000,0 days 00:01:04.481000,0 days 01:18:58.898000,0 days 01:19:50.736000,0 days 01:20:55.290000,264.0,129.0,213.0,151.0,False,HARD,1.0,True,Red Bull Racing,0 days 01:17:59.038000,,4,8.0,,,False,False,2021,21,Saudi Arabian Grand Prix
0 days 01:26:42.374000,PER,11,,13.0,2.0,,0 days 01:26:39.647000,0 days 00:00:55.064000,0 days 00:00:52.298000,0 days 00:01:13.489000,0 days 01:24:36.666000,0 days 01:25:28.939000,0 days 01:26:42.631000,172.0,141.0,,130.0,False,HARD,3.0,True,Red Bull Racing,0 days 01:23:41.572000,,45,8.0,,,False,False,2021,21,Saudi Arabian Grand Prix
0 days 01:46:40.094000,PER,11,,14.0,3.0,0 days 01:43:22.230000,,,0 days 00:00:57.641000,0 days 00:01:18.623000,,0 days 01:45:21.525000,0 days 01:46:40.304000,65.0,142.0,43.0,168.0,False,MEDIUM,1.0,True,Red Bull Racing,0 days 01:42:52.932000,,1,8.0,,,False,False,2021,21,Saudi Arabian Grand Prix
0 days 01:18:21.739000,ALO,14,0 days 00:02:10.761000,10.0,1.0,,0 days 01:18:21.808000,0 days 00:00:52.762000,0 days 00:00:34.669000,0 days 00:00:43.330000,0 days 01:17:03.801000,0 days 01:17:38.470000,0 days 01:18:21.800000,243.0,206.0,,135.0,False,MEDIUM,10.0,True,Alpine,0 days 01:16:10.978000,,4,13.0,,,False,False,2021,21,Saudi Arabian Grand Prix
0 days 01:21:08.021000,ALO,14,,11.0,2.0,0 days 01:18:41.167000,,0 days 00:00:58.425000,0 days 00:00:42.902000,0 days 00:01:04.966000,0 days 01:19:20.236000,0 days 01:20:03.116000,0 days 01:21:08.214000,214.0,120.0,144.0,75.0,False,HARD,1.0,True,Alpine,0 days 01:18:21.739000,,4,15.0,,,False,False,2021,21,Saudi Arabian Grand Prix
0 days 01:27:00.092000,ALO,14,,13.0,2.0,,0 days 01:26:54.477000,0 days 00:00:55.930000,0 days 00:00:51.850000,0 days 00:01:20.443000,0 days 01:24:47.893000,0 days 01:25:39.710000,0 days 01:27:00.578000,133.0,125.0,,100.0,False,HARD,3.0,True,Alpine,0 days 01:23:51.899000,,45,15.0,,,False,False,2021,21,Saudi Arabian Grand Prix
0 days 01:47:01.158000,ALO,14,,14.0,3.0,0 days 01:43:54.362000,,,0 days 00:00:55.683000,0 days 00:01:17.775000,,0 days 01:45:43.444000,0 days 01:47:01.355000,77.0,157.0,41.0,145.0,False,HARD,4.0,False,Alpine,0 days 01:42:52.932000,,1,15.0,,,False,False,2021,21,Saudi Arabian Grand Prix
0 days 01:50:26.372000,ALO,14,,15.0,3.0,,0 days 01:50:24.964000,0 days 00:01:09.766000,0 days 00:01:05.253000,0 days 00:01:10.208000,0 days 01:48:11.004000,0 days 01:49:16.225000,0 days 01:50:26.610000,286.0,114.0,,142.0,False,HARD,5.0,False,Alpine,0 days 01:47:01.158000,,125,13.0,,,False,False,2021,21,Saudi Arabian Grand Prix
0 days 02:12:10.538000,ALO,14,,16.0,4.0,0 days 02:08:46.491000,,,0 days 00:01:07.457000,0 days 00:01:30.022000,,0 days 02:10:40.591000,0 days 02:12:10.752000,103.0,169.0,71.0,139.0,False,HARD,6.0,False,Alpine,0 days 02:07:52.937000,,1,13.0,,,False,False,2021,21,Saudi Arabian Grand Prix
0 days 03:00:08.933000,ALO,14,0 days 00:01:37.519000,44.0,4.0,,0 days 03:00:07.985000,0 days 00:00:34.873000,0 days 00:00:30.127000,0 days 00:00:32.519000,0 days 02:59:06.348000,0 days 02:59:36.475000,0 days 03:00:08.994000,279.0,290.0,,293.0,False,HARD,34.0,False,Alpine,0 days 02:58:31.414000,,1,13.0,,,False,False,2021,21,Saudi Arabian Grand Prix
0 days 03:02:01.811000,ALO,14,0 days 00:01:52.878000,45.0,5.0,0 days 03:00:29.075000,,0 days 00:00:53.146000,0 days 00:00:30.151000,0 days 00:00:29.581000,0 days 03:01:02.140000,0 days 03:01:32.291000,0 days 03:02:01.872000,275.0,288.0,292.0,287.0,False,SOFT,1.0,True,Alpine,0 days 03:00:08.933000,,1,13.0,,,False,False,2021,21,Saudi Arabian Grand Prix
0 days 01:17:55.801000,LEC,16,0 days 00:02:05.296000,10.0,1.0,,0 days 01:17:54.817000,0 days 00:00:42.168000,0 days 00:00:39.256000,0 days 00:00:43.872000,0 days 01:16:32.713000,0 days 01:17:11.969000,0 days 01:17:55.841000,245.0,173.0,,193.0,False,MEDIUM,15.0,False,Ferrari,0 days 01:15:50.505000,,124,4.0,,,False,False,2021,21,Saudi Arabian Grand Prix
0 days 01:20:50.307000,LEC,16,,11.0,2.0,0 days 01:18:15.369000,,0 days 00:01:00.748000,0 days 00:00:51.314000,0 days 00:01:02.453000,0 days 01:18:56.612000,0 days 01:19:47.894000,0 days 01:20:50.501000,188.0,133.0,240.0,109.0,False,HARD,1.0,True,Ferrari,0 days 01:17:55.801000,,4,6.0,,,False,False,2021,21,Saudi Arabian Grand Prix
0 days 01:26:37.912000,LEC,16,,13.0,2.0,,0 days 01:26:36.039000,0 days 00:00:54.985000,0 days 00:00:51.735000,0 days 00:01:12.470000,0 days 01:24:33.747000,0 days 01:25:25.487000,0 days 01:26:38.156000,183.0,164.0,,193.0,False,HARD,3.0,True,Ferrari,0 days 01:23:38.736000,,45,6.0,,,False,False,2021,21,Saudi Arabian Grand Prix
0 days 01:46:32.355000,LEC,16,,14.0,3.0,0 days 01:43:15.445000,,,0 days 00:00:58.472000,0 days 00:01:14.508000,,0 days 01:45:17.887000,0 days 01:46:32.550000,87.0,188.0,67.0,111.0,False,HARD,4.0,False,Ferrari,0 days 01:42:52.932000,,1,6.0,,,False,False,2021,21,Saudi Arabian Grand Prix
0 days 01:50:05.354000,LEC,16,,15.0,3.0,,0 days 01:50:03.945000,0 days 00:01:36.202000,0 days 00:00:54.989000,0 days 00:01:01.851000,0 days 01:48:08.554000,0 days 01:49:03.556000,0 days 01:50:05.470000,284.0,130.0,,116.0,False,HARD,5.0,False,Ferrari,0 days 01:46:32.355000,,125,7.0,,,False,False,2021,21,Saudi Arabian Grand Prix
0 days 02:11:52.493000,LEC,16,,16.0,4.0,0 days 02:08:19.199000,,,0 days 00:01:01.683000,0 days 00:01:30.858000,,0 days 02:10:21.702000,0 days 02:11:52.641000,85.0,147.0,37.0,216.0,False,HARD,6.0,False,Ferrari,0 days 02:07:52.937000,,1,7.0,,,False,False,2021,21,Saudi Arabian Grand Prix
0 days 01:16:24.667000,STR,18,0 days 00:01:42.354000,9.0,1.0,,0 days 01:16:23.683000,0 days 00:00:35.517000,0 days 00:00:30.329000,0 days 00:00:36.508000,0 days 01:15:17.884000,0 days 01:15:48.213000,0 days 01:16:24.721000,276.0,295.0,,298.0,False,MEDIUM,9.0,True,Aston Martin,0 days 01:14:42.313000,,124,16.0,,,False,False,2021,21,Saudi Arabian Grand Prix
0 days 01:18:52.342000,STR,18,0 days 00:02:27.675000,10.0,2.0,0 days 01:16:50.848000,,0 days 00:01:04.244000,0 days 00:00:42.100000,0 days 00:00:41.331000,0 days 01:17:28.965000,0 days 01:18:11.065000,0 days 01:18:52.396000,260.0,105.0,242.0,203.0,False,HARD,2.0,False,Aston Martin,0 days 01:16:24.667000,,4,19.0,,,False,False,2021,21,Saudi Arabian Grand Prix
0 days 01:27:23.946000,STR,18,,13.0,2.0,,0 days 01:27:05.820000,0 days 00:00:53.233000,0 days 00:00:53.305000,0 days 00:01:38.353000,0 days 01:24:52.402000,0 days 01:25:45.647000,0 days 01:27:24.128000,190.0,200.0,,110.0,False,HARD,5.0,False,Aston Martin,0 days 01:23:59.042000,,45,18.0,,,False,False,2021,21,Saudi Arabian Grand Prix
0 days 01:47:09.264000,STR,18,,14.0,3.0,0 days 01:44:06.511000,,,0 days 00:00:56.373000,0 days 00:01:18.246000,,0 days 01:45:51.072000,0 days 01:47:09.503000,62.0,219.0,57.0,224.0,False,HARD,6.0,False,Aston Martin,0 days 01:42:52.932000,,1,18.0,,,False,False,2021,21,Saudi Arabian Grand Prix
0 days 01:50:28.447000,STR,18,,15.0,3.0,,0 days 01:50:28.648000,0 days 00:01:02.138000,0 days 00:01:05.607000,0 days 00:01:11.442000,0 days 01:48:11.461000,0 days 01:49:17.059000,0 days 01:50:28.648000,280.0,122.0,,149.0,False,HARD,7.0,False,Aston Martin,0 days 01:47:09.264000,,125,14.0,,,False,False,2021,21,Saudi Arabian Grand Prix
0 days 02:12:13.528000,STR,18,,16.0,4.0,0 days 02:08:49.334000,,,0 days 00:01:07.434000,0 days 00:01:31.161000,,0 days 02:10:42.461000,0 days 02:12:14.018000,80.0,202.0,48.0,107.0,False,MEDIUM,1.0,False,Aston Martin,0 days 02:07:52.937000,,1,14.0,,,False,False,2021,21,Saudi Arabian Grand Prix
0 days 01:26:47.910000,TSU,22,,13.0,1.0,,0 days 01:26:45.138000,0 days 00:00:55.009000,0 days 00:00:53.490000,0 days 00:01:14.450000,0 days 01:24:40.106000,0 days 01:25:33.498000,0 days 01:26:48.105000,153.0,137.0,,125.0,False,MEDIUM,20.0,False,AlphaTauri,0 days 01:23:44.973000,,45,11.0,,,False,False,2021,21,Saudi Arabian Grand Prix
0 days 01:46:45.872000,TSU,22,,14.0,2.0,0 days 01:43:31.509000,,,0 days 00:00:56.140000,0 days 00:01:18.105000,,0 days 01:45:27.805000,0 days 01:46:46.046000,87.0,202.0,35.0,222.0,False,HARD,1.0,True,AlphaTauri,0 days 01:42:52.932000,,1,11.0,,,False,False,2021,21,Saudi Arabian Grand Prix
0 days 01:50:22.019000,TSU,22,,15.0,2.0,,0 days 01:50:19.317000,0 days 00:01:24.821000,0 days 00:01:03.468000,0 days 00:01:07.852000,0 days 01:48:10.746000,0 days 01:49:14.205000,0 days 01:50:22.174000,284.0,119.0,,156.0,False,HARD,2.0,True,AlphaTauri,0 days 01:46:45.872000,,125,12.0,,,False,False,2021,21,Saudi Arabian Grand Prix
0 days 02:12:07.853000,TSU,22,,16.0,3.0,0 days 02:08:39.936000,,,0 days 00:01:05.901000,0 days 00:01:31.012000,,0 days 02:10:36.892000,0 days 02:12:08.095000,73.0,267.0,47.0,120.0,False,MEDIUM,3.0,False,AlphaTauri,0 days 02:07:52.937000,,1,12.0,,,False,False,2021,21,Saudi Arabian Grand Prix
0 days 02:24:58.918000,TSU,22,,23.0,3.0,,0 days 02:24:57.995000,0 days 00:01:33.132000,0 days 00:00:36.473000,0 days 00:00:37.253000,0 days 02:23:45.253000,0 days 02:24:21.711000,0 days 02:24:59.090000,267.0,241.0,,289.0,False,MEDIUM,10.0,False,AlphaTauri,0 days 02:22:12.062000,,1267,16.0,,,False,False,2021,21,Saudi Arabian Grand Prix
0 days 02:27:00.567000,TSU,22,0 days 00:02:01.649000,24.0,4.0,0 days 02:25:25.815000,,0 days 00:01:01.215000,0 days 00:00:30.614000,0 days 00:00:29.820000,0 days 02:26:00.171000,0 days 02:26:30.785000,0 days 02:27:00.605000,273.0,283.0,288.0,289.0,False,HARD,3.0,False,AlphaTauri,0 days 02:24:58.918000,,71,16.0,,,False,False,2021,21,Saudi Arabian Grand Prix
0 days 01:26:36.508000,RIC,3,,13.0,1.0,,0 days 01:26:34.790000,0 days 00:00:55.063000,0 days 00:00:52.066000,0 days 00:01:12.173000,0 days 01:24:32.269000,0 days 01:25:24.415000,0 days 01:26:36.706000,203.0,155.0,,198.0,False,HARD,13.0,True,McLaren,0 days 01:23:37.238000,,45,5.0,,,False,False,2021,21,Saudi Arabian Grand Prix
0 days 01:46:29.689000,RIC,3,,14.0,2.0,0 days 01:43:11.693000,,,0 days 00:00:58.209000,0 days 00:01:14.262000,,0 days 01:45:15.427000,0 days 01:46:29.799000,82.0,215.0,75.0,128.0,False,MEDIUM,1.0,True,McLaren,0 days 01:42:52.932000,,1,5.0,,,False,False,2021,21,Saudi Arabian Grand Prix
0 days 01:50:00.406000,RIC,3,,15.0,2.0,,0 days 01:49:59.087000,0 days 00:01:37.006000,0 days 00:00:51.583000,0 days 00:01:02.154000,0 days 01:48:06.682000,0 days 01:48:58.252000,0 days 01:50:00.508000,287.0,119.0,,97.0,False,MEDIUM,2.0,True,McLaren,0 days 01:46:29.689000,,125,4.0,,,False,False,2021,21,Saudi Arabian Grand Prix
0 days 02:11:43.256000,RIC,3,,16.0,3.0,0 days 02:08:06.365000,,,0 days 00:01:01.653000,0 days 00:01:27.387000,,0 days 02:10:15.869000,0 days 02:11:43.387000,62.0,128.0,81.0,183.0,False,MEDIUM,3.0,False,McLaren,0 days 02:07:52.937000,,1,4.0,,,False,False,2021,21,Saudi Arabian Grand Prix
0 days 01:26:31.637000,OCO,31,,13.0,1.0,,0 days 01:26:30.286000,0 days 00:00:54.219000,0 days 00:00:53.763000,0 days 00:01:08.681000,0 days 01:24:29.261000,0 days 01:25:23.031000,0 days 01:26:31.777000,188.0,148.0,,145.0,False,MEDIUM,20.0,False,Alpine,0 days 01:23:34.973000,,45,4.0,,,False,False,2021,21,Saudi Arabian Grand Prix
0 days 01:46:25.901000,OCO,31,,14.0,2.0,0 days 01:43:07.423000,,,0 days 00:00:58.657000,0 days 00:01:11.989000,,0 days 01:45:13.980000,0 days 01:46:26.109000,95.0,142.0,43.0,176.0,False,HARD,1.0,True,Alpine,0 days 01:42:52.932000,,1,4.0,,,False,False,2021,21,Saudi Arabian Grand Prix
0 days 01:49:52.781000,OCO,31,,15.0,2.0,,0 days 01:49:52.247000,0 days 00:01:38.713000,0 days 00:00:48.353000,0 days 00:00:59.826000,0 days 01:48:04.689000,0 days 01:48:53.023000,0 days 01:49:52.943000,285.0,120.0,,148.0,False,HARD,2.0,True,Alpine,0 days 01:46:25.901000,,125,2.0,,,False,False,2021,21,Saudi Arabian Grand Prix
0 days 02:11:27.938000,OCO,31,,16.0,3.0,0 days 02:08:00.072000,,,0 days 00:01:02.462000,0 days 00:01:17.393000,,0 days 02:10:10.613000,0 days 02:11:28.213000,87.0,154.0,48.0,64.0,False,HARD,3.0,False,Alpine,0 days 02:07:52.937000,,1,1.0,,,False,False,2021,21,Saudi Arabian Grand Prix
0 days 01:26:23.558000,VER,33,,13.0,1.0,,0 days 01:26:22.085000,0 days 00:00:55.515000,0 days 00:00:52.036000,0 days 00:01:07.330000,0 days 01:24:24.230000,0 days 01:25:16.265000,0 days 01:26:23.820000,201.0,107.0,,164.0,False,MEDIUM,17.0,False,Red Bull Racing,0 days 01:23:28.753000,,45,1.0,,,False,False,2021,21,Saudi Arabian Grand Prix
0 days 01:46:13.792000,VER,33,,14.0,2.0,0 days 01:42:58.565000,,,0 days 00:00:57.187000,0 days 00:01:06.387000,,0 days 01:45:07.442000,0 days 01:46:13.994000,84.0,199.0,30.0,165.0,False,HARD,1.0,True,Red Bull Racing,0 days 01:42:52.932000,,1,1.0,,,False,False,2021,21,Saudi Arabian Grand Prix
0 days 01:49:50.886000,VER,33,,15.0,2.0,,0 days 01:49:49.788000,,0 days 00:00:47.477000,0 days 00:00:59.851000,,0 days 01:48:51.072000,0 days 01:49:52.245000,283.0,122.0,,125.0,False,HARD,2.0,True,Red Bull Racing,0 days 01:46:13.792000,,125,1.0,,,False,False,2021,21,Saudi Arabian Grand Prix
0 days 02:11:38.787000,VER,33,,16.0,3.0,0 days 02:07:57.413000,,,0 days 00:01:03.563000,0 days 00:01:23.993000,,0 days 02:10:14.831000,0 days 02:11:38.935000,72.0,116.0,37.0,155.0,False,MEDIUM,1.0,True,Red Bull Racing,0 days 02:07:52.937000,,1,3.0,,,False,False,2021,21,Saudi Arabian Grand Prix
0 days 01:18:08.871000,NOR,4,0 days 00:02:06.861000,10.0,1.0,,0 days 01:18:07.910000,0 days 00:00:43.933000,0 days 00:00:40.676000,0 days 00:00:42.252000,0 days 01:16:45.986000,0 days 01:17:26.662000,0 days 01:18:08.914000,256.0,216.0,,225.0,False,SOFT,14.0,False,McLaren,0 days 01:16:02.010000,,24,7.0,,,False,False,2021,21,Saudi Arabian Grand Prix
0 days 01:21:06.506000,NOR,4,,11.0,2.0,0 days 01:18:28.873000,,0 days 00:01:03.035000,0 days 00:00:49.161000,0 days 00:01:05.429000,0 days 01:19:11.959000,0 days 01:20:01.180000,0 days 01:21:06.690000,252.0,112.0,162.0,89.0,False,HARD,1.0,True,McLaren,0 days 01:18:08.871000,,4,14.0,,,False,False,2021,21,Saudi Arabian Grand Prix
0 days 01:26:56.914000,NOR,4,,13.0,2.0,,0 days 01:26:51.397000,0 days 00:00:55.522000,0 days 00:00:51.918000,0 days 00:01:18.938000,0 days 01:24:46.101000,0 days 01:25:38.089000,0 days 01:26:57.410000,184.0,148.0,,147.0,False,HARD,3.0,True,McLaren,0 days 01:23:50.553000,,45,14.0,,,False,False,2021,21,Saudi Arabian Grand Prix
0 days 01:46:56.817000,NOR,4,,14.0,3.0,0 days 01:43:48.441000,,,0 days 00:00:52.306000,0 days 00:01:18.002000,,0 days 01:45:38.858000,0 days 01:46:56.977000,64.0,273.0,73.0,233.0,False,HARD,4.0,False,McLaren,0 days 01:42:52.932000,,1,14.0,,,False,False,2021,21,Saudi Arabian Grand Prix
0 days 01:50:31.661000,NOR,4,,15.0,3.0,,0 days 01:50:29.874000,0 days 00:01:17.870000,0 days 00:01:04.934000,0 days 00:01:12.111000,0 days 01:48:14.659000,0 days 01:49:19.609000,0 days 01:50:31.885000,284.0,156.0,,207.0,False,HARD,5.0,False,McLaren,0 days 01:46:56.817000,,125,16.0,,,False,False,2021,21,Saudi Arabian Grand Prix
0 days 02:12:19.603000,NOR,4,,16.0,4.0,0 days 02:09:06.467000,,,0 days 00:00:59.232000,0 days 00:01:33.322000,,0 days 02:10:46.324000,0 days 02:12:19.912000,264.0,257.0,54.0,87.0,False,HARD,6.0,False,McLaren,0 days 02:07:52.937000,,1,16.0,,,False,False,2021,21,Saudi Arabian Grand Prix
0 days 01:17:43.279000,HAM,44,0 days 00:02:02.043000,10.0,1.0,,0 days 01:17:42.299000,0 days 00:00:40.924000,0 days 00:00:37.885000,0 days 00:00:43.234000,0 days 01:16:22.199000,0 days 01:17:00.084000,0 days 01:17:43.318000,114.0,161.0,,204.0,False,MEDIUM,19.0,False,Mercedes,0 days 01:15:41.236000,,124,1.0,,,False,False,2021,21,Saudi Arabian Grand Prix
0 days 01:20:43.851000,HAM,44,,11.0,2.0,0 days 01:18:02.875000,,0 days 00:01:05.394000,0 days 00:00:53.437000,0 days 00:01:01.738000,0 days 01:18:48.794000,0 days 01:19:42.152000,0 days 01:20:44.021000,140.0,92.0,212.0,155.0,False,HARD,1.0,True,Mercedes,0 days 01:17:43.279000,,4,2.0,,,False,False,2021,21,Saudi Arabian Grand Prix
0 days 01:26:27.423000,HAM,44,,13.0,2.0,,0 days 01:26:26.010000,0 days 00:00:53.956000,0 days 00:00:53.149000,0 days 00:01:08.400000,0 days 01:24:25.913000,0 days 01:25:19.100000,0 days 01:26:27.636000,166.0,139.0,,199.0,False,HARD,3.0,True,Mercedes,0 days 01:23:31.967000,,45,2.0,,,False,False,2021,21,Saudi Arabian Grand Prix
0 days 01:46:22.302000,HAM,44,,14.0,3.0,0 days 01:43:01.830000,,,0 days 00:00:58.848000,0 days 00:01:10.910000,,0 days 01:45:11.431000,0 days 01:46:22.415000,83.0,114.0,48.0,177.0,False,HARD,4.0,False,Mercedes,0 days 01:42:52.932000,,1,2.0,,,False,False,2021,21,Saudi Arabian Grand Prix
0 days 01:49:57.199000,HAM,44,,15.0,3.0,,0 days 01:49:56.060000,,0 days 00:00:49.282000,0 days 00:01:01.736000,,0 days 01:48:55.502000,0 days 01:49:57.335000,287.0,113.0,,137.0,False,HARD,5.0,False,Mercedes,0 days 01:46:22.302000,,125,3.0,,,False,False,2021,21,Saudi Arabian Grand Prix
0 days 02:11:34.968000,HAM,44,,16.0,4.0,0 days 02:08:02.849000,,,0 days 00:01:04.276000,0 days 00:01:20.787000,,0 days 02:10:14.220000,0 days 02:11:35.175000,74.0,119.0,54.0,119.0,False,HARD,6.0,False,Mercedes,0 days 02:07:52.937000,,1,2.0,,,False,False,2021,21,Saudi Arabian Grand Prix
0 days 01:26:54.108000,VET,5,,13.0,1.0,,0 days 01:26:49.921000,0 days 00:00:54.755000,0 days 00:00:52.142000,0 days 00:01:18.032000,0 days 01:24:44.056000,0 days 01:25:36.134000,0 days 01:26:54.600000,216.0,118.0,,158.0,False,HARD,14.0,False,Aston Martin,0 days 01:23:49.208000,,45,13.0,,,False,False,2021,21,Saudi Arabian Grand Prix
0 days 01:46:54.934000,VET,5,,14.0,2.0,0 days 01:43:42.244000,,,0 days 00:00:51.356000,0 days 00:01:21.535000,,0 days 01:45:33.457000,0 days 01:46:55.065000,99.0,274.0,45.0,218.0,False,MEDIUM,1.0,False,Aston Martin,0 days 01:42:52.932000,,1,13.0,,,False,False,2021,21,Saudi Arabian Grand Prix
0 days 01:50:15.646000,VET,5,,15.0,2.0,,0 days 01:50:13.967000,0 days 00:01:15.117000,0 days 00:00:58.499000,0 days 00:01:07.103000,0 days 01:48:10.113000,0 days 01:49:08.601000,0 days 01:50:15.871000,283.0,190.0,,162.0,False,MEDIUM,2.0,False,Aston Martin,0 days 01:46:54.934000,,125,10.0,,,False,False,2021,21,Saudi Arabian Grand Prix
0 days 02:12:01.199000,VET,5,,16.0,3.0,0 days 02:08:32.466000,,,0 days 00:01:07.079000,0 days 00:01:28.213000,,0 days 02:10:33.061000,0 days 02:12:01.382000,78.0,205.0,58.0,182.0,False,MEDIUM,1.0,False,Aston Martin,0 days 02:07:52.937000,,1,10.0,,,False,False,2021,21,Saudi Arabian Grand Prix
0 days 03:00:17.443000,VET,5,0 days 00:01:41.485000,44.0,3.0,,0 days 03:00:16.466000,0 days 00:00:34.746000,0 days 00:00:30.672000,0 days 00:00:36.067000,0 days 02:59:10.762000,0 days 02:59:41.434000,0 days 03:00:17.501000,281.0,251.0,,282.0,False,MEDIUM,29.0,False,Aston Martin,0 days 02:58:35.958000,,1,14.0,,,False,False,2021,21,Saudi Arabian Grand Prix
0 days 01:26:43.597000,SAI,55,,13.0,1.0,,0 days 01:26:41.415000,0 days 00:00:55.260000,0 days 00:00:52.004000,0 days 00:01:13.655000,0 days 01:24:37.995000,0 days 01:25:30.009000,0 days 01:26:43.844000,130.0,149.0,,113.0,False,HARD,13.0,True,Ferrari,0 days 01:23:42.682000,,45,9.0,,,False,False,2021,21,Saudi Arabian Grand Prix
0 days 01:46:41.445000,SAI,55,,14.0,2.0,0 days 01:43:25.744000,,,0 days 00:00:58.268000,0 days 00:01:17.579000,,0 days 01:45:23.923000,0 days 01:46:41.583000,57.0,169.0,45.0,216.0,False,MEDIUM,4.0,False,Ferrari,0 days 01:42:52.932000,,1,9.0,,,False,False,2021,21,Saudi Arabian Grand Prix
0 days 01:50:10.132000,SAI,55,,15.0,2.0,,0 days 01:50:08.341000,0 days 00:01:28.095000,0 days 00:00:56.862000,0 days 00:01:03.747000,0 days 01:48:09.597000,0 days 01:49:06.442000,0 days 01:50:10.355000,290.0,143.0,,129.0,False,MEDIUM,5.0,False,Ferrari,0 days 01:46:41.445000,,125,9.0,,,False,False,2021,21,Saudi Arabian Grand Prix
0 days 02:11:55.601000,SAI,55,,16.0,3.0,0 days 02:08:25.640000,,,0 days 00:01:04.395000,0 days 00:01:29.406000,,0 days 02:10:26.282000,0 days 02:11:55.787000,67.0,222.0,45.0,174.0,False,MEDIUM,6.0,False,Ferrari,0 days 02:07:52.937000,,1,9.0,,,False,False,2021,21,Saudi Arabian Grand Prix
0 days 01:18:37.656000,LAT,6,0 days 00:02:06.447000,10.0,1.0,,0 days 01:18:36.709000,0 days 00:00:41.791000,0 days 00:00:41.337000,0 days 00:00:43.319000,0 days 01:17:13.020000,0 days 01:17:54.357000,0 days 01:18:37.676000,173.0,203.0,,177.0,False,MEDIUM,10.0,True,Williams,0 days 01:16:31.209000,,4,16.0,,,False,False,2021,21,Saudi Arabian Grand Prix
0 days 01:21:16.158000,LAT,6,,11.0,2.0,0 days 01:19:00.907000,,0 days 00:01:03.196000,0 days 00:00:40.155000,0 days 00:00:55.117000,0 days 01:19:40.906000,0 days 01:20:21.083000,0 days 01:21:16.330000,259.0,240.0,245.0,138.0,False,HARD,1.0,True,Williams,0 days 01:18:37.656000,,4,19.0,,,False,False,2021,21,Saudi Arabian Grand Prix
0 days 01:27:26.837000,LAT,6,,13.0,2.0,,0 days 01:27:13.787000,0 days 00:00:53.553000,0 days 00:00:52.374000,0 days 00:01:39.820000,0 days 01:24:54.732000,0 days 01:25:47.037000,0 days 01:27:27.060000,140.0,194.0,,96.0,False,HARD,3.0,True,Williams,0 days 01:24:01.106000,,45,19.0,,,False,False,2021,21,Saudi Arabian Grand Prix
0 days 01:47:13.416000,LAT,6,,14.0,3.0,0 days 01:44:10.831000,,,0 days 00:00:55.788000,0 days 00:01:20.866000,,0 days 01:45:52.570000,0 days 01:47:13.620000,92.0,229.0,74.0,222.0,False,MEDIUM,1.0,True,Williams,0 days 01:42:52.932000,,1,19.0,,,False,False,2021,21,Saudi Arabian Grand Prix
0 days 01:50:29.871000,LAT,6,,15.0,3.0,,0 days 01:50:27.848000,0 days 00:00:58.751000,0 days 00:01:06.686000,0 days 00:01:11.053000,0 days 01:48:12.198000,0 days 01:49:18.838000,0 days 01:50:30.059000,279.0,136.0,,132.0,False,MEDIUM,2.0,True,Williams,0 days 01:47:13.416000,,125,15.0,,,False,False,2021,21,Saudi Arabian Grand Prix
0 days 02:12:15.996000,LAT,6,,16.0,4.0,0 days 02:08:55.108000,,,0 days 00:01:05.038000,0 days 00:01:31.281000,,0 days 02:10:44.784000,0 days 02:12:16.183000,253.0,248.0,66.0,139.0,False,HARD,4.0,False,Williams,0 days 02:07:52.937000,,1,15.0,,,False,False,2021,21,Saudi Arabian Grand Prix
0 days 01:16:26.949000,RUS,63,0 days 00:01:42.388000,9.0,1.0,,0 days 01:16:25.972000,0 days 00:00:35.671000,0 days 00:00:30.361000,0 days 00:00:36.356000,0 days 01:15:20.280000,0 days 01:15:50.641000,0 days 01:16:26.997000,278.0,299.0,,303.0,False,MEDIUM,9.0,True,Williams,0 days 01:14:44.561000,,124,17.0,,,False,False,2021,21,Saudi Arabian Grand Prix
0 days 01:18:46.955000,RUS,63,0 days 00:02:20.006000,10.0,2.0,0 days 01:16:46.529000,,0 days 00:01:00.623000,0 days 00:00:38.371000,0 days 00:00:41.012000,0 days 01:17:27.620000,0 days 01:18:05.991000,0 days 01:18:47.003000,274.0,135.0,266.0,175.0,False,HARD,1.0,True,Williams,0 days 01:16:26.949000,,4,18.0,,,False,False,2021,21,Saudi Arabian Grand Prix
0 days 01:27:11.475000,RUS,63,,13.0,2.0,,0 days 01:27:01.541000,0 days 00:00:53.309000,0 days 00:00:53.185000,0 days 00:01:27.516000,0 days 01:24:50.822000,0 days 01:25:44.014000,0 days 01:27:11.953000,193.0,235.0,,99.0,False,HARD,4.0,True,Williams,0 days 01:23:57.513000,,45,17.0,,,False,False,2021,21,Saudi Arabian Grand Prix
0 days 01:47:06.350000,RUS,63,,14.0,3.0,0 days 01:44:02.840000,,,0 days 00:00:55.382000,0 days 00:01:18.125000,,0 days 01:45:48.273000,0 days 01:47:06.764000,58.0,223.0,54.0,241.0,False,HARD,5.0,False,Williams,0 days 01:42:52.932000,,1,17.0,,,False,False,2021,21,Saudi Arabian Grand Prix
0 days 01:26:51.758000,RAI,7,,13.0,1.0,,0 days 01:26:47.985000,0 days 00:00:53.604000,0 days 00:00:53.352000,0 days 00:01:16.548000,0 days 01:24:41.901000,0 days 01:25:35.261000,0 days 01:26:52.240000,190.0,130.0,,137.0,False,MEDIUM,13.0,True,Alfa Romeo Racing,0 days 01:23:48.284000,,45,12.0,,,False,False,2021,21,Saudi Arabian Grand Prix
0 days 01:46:51.161000,RAI,7,,14.0,2.0,0 days 01:43:36.223000,,,0 days 00:00:57.584000,0 days 00:01:20.248000,,0 days 01:45:30.956000,0 days 01:46:51.311000,82.0,231.0,76.0,231.0,False,HARD,1.0,True,Alfa Romeo Racing,0 days 01:42:52.932000,,1,12.0,,,False,False,2021,21,Saudi Arabian Grand Prix
0 days 01:50:19.758000,RAI,7,,15.0,2.0,,0 days 01:50:18.107000,0 days 00:01:19.249000,0 days 00:01:01.819000,0 days 00:01:07.565000,0 days 01:48:10.417000,0 days 01:49:12.262000,0 days 01:50:19.975000,283.0,135.0,,150.0,False,HARD,2.0,True,Alfa Romeo Racing,0 days 01:46:51.161000,,125,11.0,,,False,False,2021,21,Saudi Arabian Grand Prix
0 days 02:12:05.682000,RAI,7,,16.0,3.0,0 days 02:08:37.135000,,,0 days 00:01:07.004000,0 days 00:01:30.282000,,0 days 02:10:35.530000,0 days 02:12:05.933000,75.0,262.0,52.0,137.0,False,HARD,3.0,False,Alfa Romeo Racing,0 days 02:07:52.937000,,1,11.0,,,False,False,2021,21,Saudi Arabian Grand Prix
0 days 02:29:28.582000,RAI,7,0 days 00:01:51.330000,26.0,3.0,,0 days 02:29:27.684000,0 days 00:00:41.986000,0 days 00:00:32.744000,0 days 00:00:36.600000,0 days 02:28:19.281000,0 days 02:28:52.025000,0 days 02:29:28.625000,265.0,286.0,,292.0,False,HARD,13.0,False,Alfa Romeo Racing,0 days 02:27:37.252000,,1,15.0,,,False,False,2021,21,Saudi Arabian Grand Prix
0 days 02:31:47.764000,RAI,7,0 days 00:02:19.182000,27.0,4.0,0 days 02:30:02.064000,,0 days 00:01:16.585000,0 days 00:00:32.575000,0 days 00:00:30.022000,0 days 02:30:45.210000,0 days 02:31:17.785000,0 days 02:31:47.807000,185.0,284.0,287.0,292.0,False,MEDIUM,6.0,False,Alfa Romeo Racing,0 days 02:29:28.582000,,167,15.0,,,False,False,2021,21,Saudi Arabian Grand Prix
0 days 01:17:51.286000,BOT,77,0 days 00:02:07.440000,10.0,1.0,,0 days 01:17:51.117000,0 days 00:00:40.104000,0 days 00:00:43.253000,0 days 00:00:44.083000,0 days 01:16:23.978000,0 days 01:17:07.231000,0 days 01:17:51.314000,153.0,214.0,,227.0,False,MEDIUM,17.0,False,Mercedes,0 days 01:15:43.846000,,124,3.0,,,False,False,2021,21,Saudi Arabian Grand Prix
0 days 01:20:45.353000,BOT,77,,11.0,2.0,0 days 01:18:11.967000,,0 days 00:01:00.507000,0 days 00:00:51.186000,0 days 00:01:02.282000,0 days 01:18:51.922000,0 days 01:19:43.099000,0 days 01:20:45.484000,152.0,93.0,246.0,151.0,False,HARD,1.0,True,Mercedes,0 days 01:17:51.286000,,4,3.0,,,False,False,2021,21,Saudi Arabian Grand Prix
0 days 01:26:29.982000,BOT,77,,13.0,2.0,,0 days 01:26:28.617000,0 days 00:00:54.367000,0 days 00:00:52.965000,0 days 00:01:09.605000,0 days 01:24:27.461000,0 days 01:25:20.405000,0 days 01:26:30.116000,228.0,134.0,,163.0,False,HARD,3.0,True,Mercedes,0 days 01:23:33.076000,,45,3.0,,,False,False,2021,21,Saudi Arabian Grand Prix
0 days 01:46:23.977000,BOT,77,,14.0,3.0,0 days 01:43:04.644000,,,0 days 00:00:58.994000,0 days 00:01:11.433000,,0 days 01:45:12.572000,0 days 01:46:24.165000,84.0,120.0,58.0,166.0,False,HARD,4.0,False,Mercedes,0 days 01:42:52.932000,,1,3.0,,,False,False,2021,21,Saudi Arabian Grand Prix
0 days 01:50:02.115000,BOT,77,,15.0,3.0,,0 days 01:50:00.735000,,0 days 00:00:53.070000,0 days 00:01:01.702000,,0 days 01:49:00.441000,0 days 01:50:02.245000,287.0,146.0,,115.0,False,HARD,5.0,False,Mercedes,0 days 01:46:23.977000,,125,5.0,,,False,False,2021,21,Saudi Arabian Grand Prix
0 days 02:11:45.940000,BOT,77,,16.0,4.0,0 days 02:08:10.284000,,,0 days 00:01:01.987000,0 days 00:01:28.619000,,0 days 02:10:17.466000,0 days 02:11:46.157000,68.0,140.0,60.0,190.0,False,MEDIUM,1.0,False,Mercedes,0 days 02:07:52.937000,,1,5.0,,,False,False,2021,21,Saudi Arabian Grand Prix
0 days 01:27:05.491000,MAZ,9,,13.0,1.0,,0 days 01:26:58.793000,0 days 00:00:53.876000,0 days 00:00:52.451000,0 days 00:01:24.058000,0 days 01:24:49.041000,0 days 01:25:41.499000,0 days 01:27:05.977000,124.0,139.0,,118.0,False,MEDIUM,13.0,True,Haas F1 Team,0 days 01:23:55.111000,,45,16.0,,,False,False,2021,21,Saudi Arabian Grand Prix
0 days 01:47:02.750000,MAZ,9,,14.0,2.0,0 days 01:43:57.782000,,,0 days 00:00:55.840000,0 days 00:01:16.828000,,0 days 01:45:45.981000,0 days 01:47:02.937000,75.0,238.0,41.0,242.0,False,HARD,1.0,True,Haas F1 Team,0 days 01:42:52.932000,,1,16.0,,,False,False,2021,21,Saudi Arabian Grand Prix
0 days 01:26:45.779000,GIO,99,,13.0,1.0,,0 days 01:26:43.385000,0 days 00:00:55.189000,0 days 00:00:52.646000,0 days 00:01:14.295000,0 days 01:24:38.958000,0 days 01:25:31.533000,0 days 01:26:46.244000,125.0,138.0,,123.0,False,MEDIUM,19.0,False,Alfa Romeo Racing,0 days 01:23:43.641000,,45,10.0,,,False,False,2021,21,Saudi Arabian Grand Prix
0 days 01:46:43.250000,GIO,99,,14.0,2.0,0 days 01:43:27.961000,,,0 days 00:00:58.118000,0 days 00:01:17.632000,,0 days 01:45:25.667000,0 days 01:46:43.440000,68.0,184.0,39.0,217.0,False,HARD,1.0,True,Alfa Romeo Racing,0 days 01:42:52.932000,,1,10.0,,,False,False,2021,21,Saudi Arabian Grand Prix
0 days 01:50:09.047000,GIO,99,,15.0,2.0,,0 days 01:50:07.470000,0 days 00:01:26.064000,0 days 00:00:56.398000,0 days 00:01:03.353000,0 days 01:48:09.345000,0 days 01:49:05.747000,0 days 01:50:09.313000,282.0,144.0,,122.0,False,HARD,2.0,True,Alfa Romeo Racing,0 days 01:46:43.250000,,125,8.0,,,False,False,2021,21,Saudi Arabian Grand Prix
0 days 02:11:53.912000,GIO,99,,16.0,3.0,0 days 02:08:22.221000,,,0 days 00:01:02.210000,0 days 00:01:30.636000,,0 days 02:10:23.438000,0 days 02:11:54.109000,65.0,137.0,57.0,163.0,False,HARD,3.0,False,Alfa Romeo Racing,0 days 02:07:52.937000,,1,8.0,,,False,False,2021,21,Saudi Arabian Grand Prix
0 days 01:57:08.348000,GAS,10,0 days 00:01:54.650000,36.0,1.0,,0 days 01:57:07.350000,0 days 00:00:23.296000,0 days 00:00:49.497000,0 days 00:00:41.857000,0 days 01:55:37.007000,0 days 01:56:26.504000,0 days 01:57:08.361000,224.0,207.0,,216.0,False,HARD,36.0,True,AlphaTauri,0 days 01:55:13.698000,,6,5.0,,,False,False,2021,22,Abu Dhabi Grand Prix
0 days 01:59:05.053000,GAS,10,0 days 00:01:56.705000,37.0,2.0,0 days 01:57:29.471000,,0 days 00:00:41.605000,0 days 00:00:41.894000,0 days 00:00:33.206000,0 days 01:57:49.966000,0 days 01:58:31.860000,0 days 01:59:05.066000,192.0,308.0,219.0,290.0,False,MEDIUM,4.0,False,AlphaTauri,0 days 01:57:08.348000,,671,9.0,,,False,False,2021,22,Abu Dhabi Grand Prix
0 days 02:24:57.756000,GAS,10,0 days 00:01:50.389000,54.0,2.0,,0 days 02:24:56.738000,0 days 00:00:21.526000,0 days 00:00:44.821000,0 days 00:00:44.042000,0 days 02:23:28.906000,0 days 02:24:13.727000,0 days 02:24:57.769000,255.0,163.0,,273.0,False,MEDIUM,21.0,False,AlphaTauri,0 days 02:23:07.367000,,4,6.0,,,False,False,2021,22,Abu Dhabi Grand Prix
0 days 02:26:58.150000,GAS,10,0 days 00:02:00.394000,55.0,3.0,0 days 02:25:18.676000,,0 days 00:00:40.141000,0 days 00:00:41.770000,0 days 00:00:38.483000,0 days 02:25:37.910000,0 days 02:26:19.680000,0 days 02:26:58.163000,256.0,270.0,204.0,283.0,False,SOFT,1.0,True,AlphaTauri,0 days 02:24:57.756000,,4,7.0,,,False,False,2021,22,Abu Dhabi Grand Prix
0 days 01:33:56.694000,PER,11,0 days 00:01:36.824000,21.0,1.0,,0 days 01:33:55.684000,0 days 00:00:19.031000,0 days 00:00:40.564000,0 days 00:00:37.229000,0 days 01:32:38.917000,0 days 01:33:19.481000,0 days 01:33:56.710000,282.0,202.0,,318.0,False,SOFT,24.0,False,Red Bull Racing,0 days 01:32:19.870000,,1,3.0,,,False,False,2021,22,Abu Dhabi Grand Prix
0 days 01:35:45.458000,PER,11,0 days 00:01:48.764000,22.0,2.0,0 days 01:34:17.119000,,0 days 00:00:38.078000,0 days 00:00:38.114000,0 days 00:00:32.572000,0 days 01:34:34.788000,0 days 01:35:12.902000,0 days 01:35:45.474000,285.0,295.0,213.0,294.0,False,HARD,1.0,True,Red Bull Racing,0 days 01:33:56.694000,,1,5.0,,,False,False,2021,22,Abu Dhabi Grand Prix
0 days 01:56:42.202000,PER,11,0 days 00:01:52.799000,36.0,2.0,,0 days 01:56:41.179000,0 days 00:00:18.927000,0 days 00:00:51.075000,0 days 00:00:42.797000,0 days 01:55:08.346000,0 days 01:55:59.421000,0 days 01:56:42.218000,122.0,228.0,,262.0,False,HARD,15.0,True,Red Bull Racing,0 days 01:54:49.403000,,16,3.0,,,False,False,2021,22,Abu Dhabi Grand Prix
0 days 01:58:41.909000,PER,11,0 days 00:01:59.707000,37.0,3.0,0 days 01:57:02.573000,,0 days 00:00:38.931000,0 days 00:00:48.849000,0 days 00:00:31.927000,0 days 01:57:21.149000,0 days 01:58:09.998000,0 days 01:58:41.925000,244.0,299.0,221.0,264.0,False,HARD,1.0,True,Red Bull Racing,0 days 01:56:42.202000,,671,3.0,,,False,False,2021,22,Abu Dhabi Grand Prix
0 days 02:22:10.899000,PER,11,0 days 00:01:47.607000,53.0,3.0,,0 days 02:22:09.875000,0 days 00:00:17.423000,0 days 00:00:48.122000,0 days 00:00:42.062000,0 days 02:20:40.731000,0 days 02:21:28.853000,0 days 02:22:10.915000,294.0,207.0,,230.0,False,HARD,17.0,True,Red Bull Racing,0 days 02:20:23.292000,,124,3.0,,,False,False,2021,22,Abu Dhabi Grand Prix
0 days 02:24:17.793000,PER,11,0 days 00:02:06.894000,54.0,4.0,0 days 02:22:31.269000,,0 days 00:00:38.909000,0 days 00:00:46.980000,0 days 00:00:41.005000,0 days 02:22:49.824000,0 days 02:23:36.804000,0 days 02:24:17.809000,228.0,264.0,211.0,242.0,False,SOFT,4.0,False,Red Bull Racing,0 days 02:22:10.899000,,4,3.0,,,False,False,2021,22,Abu Dhabi Grand Prix
0 days 02:26:34.631000,PER,11,0 days 00:02:16.838000,55.0,4.0,,0 days 02:26:33.514000,0 days 00:00:20.505000,0 days 00:00:53.627000,0 days 00:01:02.706000,0 days 02:24:38.314000,0 days 02:25:31.941000,0 days 02:26:34.647000,249.0,193.0,,200.0,False,SOFT,5.0,False,Red Bull Racing,0 days 02:24:17.793000,,4,3.0,,,False,False,2021,22,Abu Dhabi Grand Prix
0 days 01:57:07.491000,ALO,14,0 days 00:01:57.817000,36.0,1.0,,0 days 01:57:06.384000,0 days 00:00:26.815000,0 days 00:00:49.744000,0 days 00:00:41.258000,0 days 01:55:36.524000,0 days 01:56:26.268000,0 days 01:57:07.526000,201.0,177.0,,201.0,False,HARD,37.0,False,Alpine,0 days 01:55:09.674000,,6,4.0,,,False,False,2021,22,Abu Dhabi Grand Prix
0 days 01:59:03.731000,ALO,14,0 days 00:01:56.240000,37.0,2.0,0 days 01:57:27.811000,,0 days 00:00:39.890000,0 days 00:00:42.653000,0 days 00:00:33.697000,0 days 01:57:47.416000,0 days 01:58:30.069000,0 days 01:59:03.766000,223.0,326.0,218.0,288.0,False,MEDIUM,1.0,True,Alpine,0 days 01:57:07.491000,,671,7.0,,,False,False,2021,22,Abu Dhabi Grand Prix
0 days 01:25:09.673000,LEC,16,0 days 00:01:33.881000,15.0,1.0,,0 days 01:25:08.752000,0 days 00:00:18.351000,0 days 00:00:39.191000,0 days 00:00:36.339000,0 days 01:23:54.173000,0 days 01:24:33.364000,0 days 01:25:09.703000,283.0,309.0,,301.0,False,SOFT,18.0,False,Ferrari,0 days 01:23:35.792000,,1,8.0,,,False,False,2021,22,Abu Dhabi Grand Prix
0 days 01:27:00.526000,LEC,16,0 days 00:01:50.853000,16.0,2.0,0 days 01:25:31.136000,,0 days 00:00:39.261000,0 days 00:00:38.009000,0 days 00:00:33.583000,0 days 01:25:48.964000,0 days 01:26:26.973000,0 days 01:27:00.556000,281.0,317.0,214.0,303.0,False,HARD,1.0,True,Ferrari,0 days 01:25:09.673000,,1,16.0,,,False,False,2021,22,Abu Dhabi Grand Prix
0 days 01:55:25.620000,LEC,16,0 days 00:01:36.558000,35.0,2.0,,0 days 01:55:24.615000,0 days 00:00:18.039000,0 days 00:00:38.350000,0 days 00:00:40.169000,0 days 01:54:07.131000,0 days 01:54:45.481000,0 days 01:55:25.650000,287.0,300.0,,302.0,False,HARD,20.0,True,Ferrari,0 days 01:53:49.062000,,16,9.0,,,False,False,2021,22,Abu Dhabi Grand Prix
0 days 01:57:34.273000,LEC,16,0 days 00:02:08.653000,36.0,3.0,0 days 01:55:45.786000,,0 days 00:00:39.507000,0 days 00:00:47.683000,0 days 00:00:41.463000,0 days 01:56:05.157000,0 days 01:56:52.840000,0 days 01:57:34.303000,194.0,185.0,193.0,209.0,False,MEDIUM,6.0,False,Ferrari,0 days 01:55:25.620000,,6,12.0,,,False,False,2021,22,Abu Dhabi Grand Prix
0 days 01:34:26.944000,STR,18,0 days 00:01:32.575000,21.0,1.0,,0 days 01:34:25.910000,0 days 00:00:18.407000,0 days 00:00:38.935000,0 days 00:00:35.233000,0 days 01:33:12.807000,0 days 01:33:51.742000,0 days 01:34:26.975000,276.0,291.0,,296.0,False,MEDIUM,21.0,True,Aston Martin,0 days 01:32:54.369000,,1,11.0,,,False,False,2021,22,Abu Dhabi Grand Prix
0 days 01:36:17.789000,STR,18,0 days 00:01:50.845000,22.0,2.0,0 days 01:34:48.146000,,0 days 00:00:39.256000,0 days 00:00:39.036000,0 days 00:00:32.553000,0 days 01:35:06.231000,0 days 01:35:45.267000,0 days 01:36:17.820000,285.0,290.0,215.0,293.0,False,HARD,1.0,True,Aston Martin,0 days 01:34:26.944000,,1,17.0,,,False,False,2021,22,Abu Dhabi Grand Prix
0 days 02:21:56.654000,STR,18,0 days 00:01:45.169000,52.0,2.0,,0 days 02:21:55.920000,0 days 00:00:17.905000,0 days 00:00:43.977000,0 days 00:00:43.287000,0 days 02:20:29.421000,0 days 02:21:13.398000,0 days 02:21:56.685000,277.0,153.0,,293.0,False,HARD,31.0,True,Aston Martin,0 days 02:20:11.485000,,124,14.0,,,False,False,2021,22,Abu Dhabi Grand Prix
0 days 02:24:09.009000,STR,18,0 days 00:02:12.355000,53.0,3.0,0 days 02:22:18.311000,,0 days 00:00:40.463000,0 days 00:00:50.516000,0 days 00:00:41.376000,0 days 02:22:37.148000,0 days 02:23:27.664000,0 days 02:24:09.040000,244.0,203.0,187.0,223.0,False,SOFT,1.0,True,Aston Martin,0 days 02:21:56.654000,,4,14.0,,,False,False,2021,22,Abu Dhabi Grand Prix
0 days 01:37:06.801000,TSU,22,0 days 00:01:31.844000,23.0,1.0,,0 days 01:37:05.775000,0 days 00:00:18.306000,0 days 00:00:38.760000,0 days 00:00:34.778000,0 days 01:35:53.284000,0 days 01:36:32.044000,0 days 01:37:06.822000,281.0,300.0,,293.0,False,MEDIUM,27.0,False,AlphaTauri,0 days 01:35:34.957000,,1,4.0,,,False,False,2021,22,Abu Dhabi Grand Prix
0 days 01:38:57.960000,TSU,22,0 days 00:01:51.159000,24.0,2.0,0 days 01:37:28.220000,,0 days 00:00:39.189000,0 days 00:00:38.499000,0 days 00:00:33.471000,0 days 01:37:46.011000,0 days 01:38:24.510000,0 days 01:38:57.981000,286.0,300.0,215.0,302.0,False,HARD,1.0,True,AlphaTauri,0 days 01:37:06.801000,,1,10.0,,,False,False,2021,22,Abu Dhabi Grand Prix
0 days 02:23:03.403000,TSU,22,0 days 00:01:55.178000,53.0,2.0,,0 days 02:23:02.376000,0 days 00:00:22.955000,0 days 00:00:50.385000,0 days 00:00:41.838000,0 days 02:21:31.201000,0 days 02:22:21.586000,0 days 02:23:03.424000,240.0,196.0,,196.0,False,HARD,30.0,True,AlphaTauri,0 days 02:21:08.225000,,4,6.0,,,False,False,2021,22,Abu Dhabi Grand Prix
0 days 02:24:57.863000,TSU,22,0 days 00:01:54.460000,54.0,3.0,0 days 02:23:24.242000,,0 days 00:00:39.248000,0 days 00:00:40.823000,0 days 00:00:34.389000,0 days 02:23:42.672000,0 days 02:24:23.495000,0 days 02:24:57.884000,255.0,274.0,207.0,276.0,False,SOFT,4.0,False,AlphaTauri,0 days 02:23:03.403000,,4,7.0,,,False,False,2021,22,Abu Dhabi Grand Prix
0 days 01:29:48.655000,RIC,3,0 days 00:01:32.751000,18.0,1.0,,0 days 01:29:47.666000,0 days 00:00:18.404000,0 days 00:00:38.996000,0 days 00:00:35.351000,0 days 01:28:34.308000,0 days 01:29:13.304000,0 days 01:29:48.655000,279.0,291.0,,298.0,False,SOFT,21.0,False,McLaren,0 days 01:28:15.904000,,1,9.0,,,False,False,2021,22,Abu Dhabi Grand Prix
0 days 01:31:38.669000,RIC,3,0 days 00:01:50.014000,19.0,2.0,0 days 01:30:09.301000,,0 days 00:00:37.932000,0 days 00:00:38.753000,0 days 00:00:33.329000,0 days 01:30:26.587000,0 days 01:31:05.340000,0 days 01:31:38.669000,284.0,297.0,213.0,298.0,False,HARD,1.0,True,McLaren,0 days 01:29:48.655000,,1,17.0,,,False,False,2021,22,Abu Dhabi Grand Prix
0 days 02:21:39.681000,RIC,3,0 days 00:01:44.016000,52.0,2.0,,0 days 02:21:38.666000,0 days 00:00:19.394000,0 days 00:00:38.105000,0 days 00:00:46.517000,0 days 02:20:15.059000,0 days 02:20:53.164000,0 days 02:21:39.681000,288.0,294.0,,301.0,False,HARD,34.0,True,McLaren,0 days 02:19:55.665000,,124,11.0,,,False,False,2021,22,Abu Dhabi Grand Prix
0 days 02:23:56.145000,RIC,3,0 days 00:02:16.464000,53.0,3.0,0 days 02:22:00.729000,,0 days 00:00:39.810000,0 days 00:00:46.215000,0 days 00:00:50.439000,0 days 02:22:19.491000,0 days 02:23:05.706000,0 days 02:23:56.145000,232.0,128.0,111.0,167.0,False,SOFT,4.0,False,McLaren,0 days 02:21:39.681000,,4,13.0,,,False,False,2021,22,Abu Dhabi Grand Prix
0 days 01:25:15.133000,OCO,31,0 days 00:01:33.316000,15.0,1.0,,0 days 01:25:14.099000,0 days 00:00:18.647000,0 days 00:00:38.864000,0 days 00:00:35.805000,0 days 01:24:00.496000,0 days 01:24:39.360000,0 days 01:25:15.165000,282.0,303.0,,305.0,False,SOFT,18.0,False,Alpine,0 days 01:23:41.817000,,1,10.0,,,False,False,2021,22,Abu Dhabi Grand Prix
0 days 01:27:04.647000,OCO,31,0 days 00:01:49.514000,16.0,2.0,0 days 01:25:35.784000,,0 days 00:00:38.180000,0 days 00:00:38.382000,0 days 00:00:32.952000,0 days 01:25:53.345000,0 days 01:26:31.727000,0 days 01:27:04.679000,285.0,301.0,212.0,306.0,False,HARD,2.0,False,Alpine,0 days 01:25:15.133000,,1,18.0,,,False,False,2021,22,Abu Dhabi Grand Prix
0 days 01:21:44.189000,VER,33,0 days 00:01:31.515000,13.0,1.0,,0 days 01:21:43.157000,0 days 00:00:18.213000,0 days 00:00:38.347000,0 days 00:00:34.955000,0 days 01:20:30.912000,0 days 01:21:09.259000,0 days 01:21:44.214000,286.0,302.0,,303.0,False,SOFT,16.0,False,Red Bull Racing,0 days 01:20:12.674000,,1,2.0,,,False,False,2021,22,Abu Dhabi Grand Prix
0 days 01:23:31.440000,VER,33,0 days 00:01:47.251000,14.0,2.0,0 days 01:22:04.336000,,0 days 00:00:37.439000,0 days 00:00:37.535000,0 days 00:00:32.277000,0 days 01:22:21.653000,0 days 01:22:59.188000,0 days 01:23:31.465000,295.0,299.0,214.0,319.0,False,HARD,1.0,True,Red Bull Racing,0 days 01:21:44.189000,,1,4.0,,,False,False,2021,22,Abu Dhabi Grand Prix
0 days 01:56:07.952000,VER,33,0 days 00:01:43.598000,36.0,2.0,,0 days 01:56:06.936000,0 days 00:00:17.689000,0 days 00:00:43.585000,0 days 00:00:42.324000,0 days 01:54:42.068000,0 days 01:55:25.653000,0 days 01:56:07.977000,290.0,239.0,,304.0,False,HARD,23.0,True,Red Bull Racing,0 days 01:54:24.354000,,16,2.0,,,False,False,2021,22,Abu Dhabi Grand Prix
0 days 01:58:16.557000,VER,33,0 days 00:02:08.605000,37.0,3.0,0 days 01:56:28.801000,,0 days 00:00:40.226000,0 days 00:00:48.975000,0 days 00:00:39.404000,0 days 01:56:48.203000,0 days 01:57:37.178000,0 days 01:58:16.582000,154.0,209.0,221.0,163.0,False,HARD,1.0,True,Red Bull Racing,0 days 01:56:07.952000,,671,2.0,,,False,False,2021,22,Abu Dhabi Grand Prix
0 days 02:21:38.652000,VER,33,0 days 00:01:42.072000,53.0,3.0,,0 days 02:21:37.624000,0 days 00:00:17.530000,0 days 00:00:37.531000,0 days 00:00:47.011000,0 days 02:20:14.135000,0 days 02:20:51.666000,0 days 02:21:38.677000,293.0,304.0,,310.0,False,HARD,17.0,True,Red Bull Racing,0 days 02:19:56.580000,,124,2.0,,,False,False,2021,22,Abu Dhabi Grand Prix
0 days 02:23:54.025000,VER,33,0 days 00:02:15.373000,54.0,4.0,0 days 02:21:59.082000,,0 days 00:00:38.915000,0 days 00:00:46.109000,0 days 00:00:50.349000,0 days 02:22:17.592000,0 days 02:23:03.701000,0 days 02:23:54.050000,201.0,205.0,108.0,265.0,False,SOFT,4.0,False,Red Bull Racing,0 days 02:21:38.652000,,4,2.0,,,False,False,2021,22,Abu Dhabi Grand Prix
0 days 01:28:06.094000,NOR,4,0 days 00:01:32.251000,17.0,1.0,,0 days 01:28:05.092000,0 days 00:00:18.400000,0 days 00:00:38.993000,0 days 00:00:34.858000,0 days 01:26:52.267000,0 days 01:27:31.260000,0 days 01:28:06.118000,282.0,295.0,,297.0,False,SOFT,20.0,False,McLaren,0 days 01:26:33.843000,,1,5.0,,,False,False,2021,22,Abu Dhabi Grand Prix
0 days 01:29:56.256000,NOR,4,0 days 00:01:50.162000,18.0,2.0,0 days 01:28:26.456000,,0 days 00:00:37.926000,0 days 00:00:38.123000,0 days 00:00:34.113000,0 days 01:28:44.044000,0 days 01:29:22.167000,0 days 01:29:56.280000,288.0,293.0,213.0,317.0,False,HARD,1.0,True,McLaren,0 days 01:28:06.094000,,1,13.0,,,False,False,2021,22,Abu Dhabi Grand Prix
0 days 02:15:07.936000,NOR,4,0 days 00:01:29.996000,48.0,2.0,,0 days 02:15:06.969000,0 days 00:00:17.741000,0 days 00:00:38.245000,0 days 00:00:34.010000,0 days 02:13:55.705000,0 days 02:14:33.950000,0 days 02:15:07.960000,280.0,295.0,,297.0,False,HARD,31.0,True,McLaren,0 days 02:13:37.940000,,1,6.0,,,False,False,2021,22,Abu Dhabi Grand Prix
0 days 02:16:55.964000,NOR,4,0 days 00:01:48.028000,49.0,3.0,0 days 02:15:29.159000,,0 days 00:00:37.916000,0 days 00:00:37.421000,0 days 00:00:32.691000,0 days 02:15:45.876000,0 days 02:16:23.297000,0 days 02:16:55.988000,301.0,315.0,219.0,317.0,False,MEDIUM,1.0,True,McLaren,0 days 02:15:07.936000,,1,9.0,,,False,False,2021,22,Abu Dhabi Grand Prix
0 days 01:23:06.054000,HAM,44,0 days 00:01:30.253000,14.0,1.0,,0 days 01:23:05.036000,0 days 00:00:17.828000,0 days 00:00:38.105000,0 days 00:00:34.320000,0 days 01:21:53.636000,0 days 01:22:31.741000,0 days 01:23:06.061000,283.0,299.0,,302.0,False,MEDIUM,17.0,False,Mercedes,0 days 01:21:35.801000,,1,1.0,,,False,False,2021,22,Abu Dhabi Grand Prix
0 days 01:24:54.809000,HAM,44,0 days 00:01:48.755000,15.0,2.0,0 days 01:23:26.652000,,0 days 00:00:38.381000,0 days 00:00:37.984000,0 days 00:00:32.390000,0 days 01:23:44.442000,0 days 01:24:22.426000,0 days 01:24:54.816000,283.0,295.0,218.0,298.0,False,HARD,2.0,False,Mercedes,0 days 01:23:06.054000,,1,2.0,,,False,False,2021,22,Abu Dhabi Grand Prix
0 days 01:17:56.943000,MSC,47,0 days 00:01:33.378000,10.0,1.0,,0 days 01:17:55.970000,0 days 00:00:18.517000,0 days 00:00:39.176000,0 days 00:00:35.685000,0 days 01:16:42.097000,0 days 01:17:21.273000,0 days 01:17:56.958000,283.0,302.0,,305.0,False,SOFT,10.0,True,Haas F1 Team,0 days 01:16:23.565000,,1,19.0,,,False,False,2021,22,Abu Dhabi Grand Prix
0 days 01:19:47.404000,MSC,47,0 days 00:01:50.461000,11.0,2.0,0 days 01:18:18.033000,,0 days 00:00:38.773000,0 days 00:00:38.942000,0 days 00:00:32.746000,0 days 01:18:35.731000,0 days 01:19:14.673000,0 days 01:19:47.419000,278.0,292.0,210.0,295.0,False,HARD,1.0,True,Haas F1 Team,0 days 01:17:56.943000,,1,19.0,,,False,False,2021,22,Abu Dhabi Grand Prix
0 days 02:22:43.661000,MSC,47,0 days 00:01:56.602000,52.0,2.0,,0 days 02:22:42.644000,0 days 00:00:24.448000,0 days 00:00:48.598000,0 days 00:00:43.556000,0 days 02:21:11.522000,0 days 02:22:00.120000,0 days 02:22:43.676000,246.0,141.0,,197.0,False,HARD,42.0,True,Haas F1 Team,0 days 02:20:47.059000,,24,15.0,,,False,False,2021,22,Abu Dhabi Grand Prix
0 days 02:24:55.266000,MSC,47,0 days 00:02:11.605000,53.0,3.0,0 days 02:23:04.752000,,0 days 00:00:40.395000,0 days 00:00:48.541000,0 days 00:00:42.669000,0 days 02:23:24.071000,0 days 02:24:12.612000,0 days 02:24:55.281000,231.0,180.0,199.0,203.0,False,SOFT,4.0,False,Haas F1 Team,0 days 02:22:43.661000,,4,15.0,,,False,False,2021,22,Abu Dhabi Grand Prix
0 days 01:37:24.738000,VET,5,0 days 00:01:32.019000,23.0,1.0,,0 days 01:37:23.727000,0 days 00:00:18.164000,0 days 00:00:38.795000,0 days 00:00:35.060000,0 days 01:36:10.909000,0 days 01:36:49.704000,0 days 01:37:24.764000,278.0,293.0,,297.0,False,MEDIUM,23.0,True,Aston Martin,0 days 01:35:52.719000,,1,10.0,,,False,False,2021,22,Abu Dhabi Grand Prix
0 days 01:39:14.957000,VET,5,0 days 00:01:50.219000,24.0,2.0,0 days 01:37:44.964000,,0 days 00:00:37.440000,0 days 00:00:37.891000,0 days 00:00:34.888000,0 days 01:38:02.204000,0 days 01:38:40.095000,0 days 01:39:14.983000,287.0,312.0,215.0,326.0,False,HARD,1.0,True,Aston Martin,0 days 01:37:24.738000,,1,16.0,,,False,False,2021,22,Abu Dhabi Grand Prix
0 days 01:31:00.436000,SAI,55,0 days 00:01:32.384000,19.0,1.0,,0 days 01:30:59.433000,0 days 00:00:18.367000,0 days 00:00:38.912000,0 days 00:00:35.105000,0 days 01:29:46.449000,0 days 01:30:25.361000,0 days 01:31:00.466000,283.0,298.0,,303.0,False,SOFT,22.0,False,Ferrari,0 days 01:29:28.052000,,1,4.0,,,False,False,2021,22,Abu Dhabi Grand Prix
0 days 01:32:50.864000,SAI,55,0 days 00:01:50.428000,20.0,2.0,0 days 01:31:21.633000,,0 days 00:00:38.603000,0 days 00:00:38.428000,0 days 00:00:33.397000,0 days 01:31:39.069000,0 days 01:32:17.497000,0 days 01:32:50.894000,284.0,305.0,213.0,304.0,False,HARD,1.0,True,Ferrari,0 days 01:31:00.436000,,1,8.0,,,False,False,2021,22,Abu Dhabi Grand Prix
0 days 01:45:19.551000,LAT,6,0 days 00:01:34.166000,28.0,1.0,,0 days 01:45:18.551000,0 days 00:00:18.629000,0 days 00:00:39.332000,0 days 00:00:36.205000,0 days 01:44:04.027000,0 days 01:44:43.359000,0 days 01:45:19.564000,287.0,295.0,,303.0,False,MEDIUM,28.0,True,Williams,0 days 01:43:45.385000,,1,16.0,,,False,False,2021,22,Abu Dhabi Grand Prix
0 days 01:47:09.331000,LAT,6,0 days 00:01:49.780000,29.0,2.0,0 days 01:45:39.815000,,0 days 00:00:38.163000,0 days 00:00:38.563000,0 days 00:00:33.054000,0 days 01:45:57.727000,0 days 01:46:36.290000,0 days 01:47:09.344000,282.0,294.0,215.0,297.0,False,HARD,1.0,True,Williams,0 days 01:45:19.551000,,1,17.0,,,False,False,2021,22,Abu Dhabi Grand Prix
0 days 01:43:32.928000,RUS,63,,26.0,1.0,,0 days 01:43:31.908000,0 days 00:00:18.487000,0 days 00:01:24.845000,0 days 00:01:02.930000,0 days 01:41:05.178000,0 days 01:42:30.337000,0 days 01:43:33.062000,280.0,306.0,,164.0,False,MEDIUM,26.0,True,Williams,0 days 01:40:46.653000,,21,18.0,,,False,False,2021,22,Abu Dhabi Grand Prix
0 days 01:34:31.027000,RAI,7,0 days 00:01:33.951000,21.0,1.0,,0 days 01:34:29.994000,0 days 00:00:18.565000,0 days 00:00:38.824000,0 days 00:00:36.562000,0 days 01:33:15.677000,0 days 01:33:54.501000,0 days 01:34:31.063000,287.0,304.0,,309.0,False,MEDIUM,21.0,True,Alfa Romeo Racing,0 days 01:32:57.076000,,1,13.0,,,False,False,2021,22,Abu Dhabi Grand Prix
0 days 01:36:21.749000,RAI,7,0 days 00:01:50.722000,22.0,2.0,0 days 01:34:52.414000,,0 days 00:00:38.877000,0 days 00:00:38.618000,0 days 00:00:33.227000,0 days 01:35:09.940000,0 days 01:35:48.558000,0 days 01:36:21.785000,286.0,296.0,211.0,297.0,False,HARD,1.0,True,Alfa Romeo Racing,0 days 01:34:31.027000,,1,18.0,,,False,False,2021,22,Abu Dhabi Grand Prix
0 days 01:41:45.671000,RAI,7,0 days 00:02:22.917000,25.0,2.0,,0 days 01:41:44.655000,0 days 00:00:18.201000,0 days 00:01:22.120000,0 days 00:00:42.596000,0 days 01:39:40.991000,0 days 01:41:03.111000,0 days 01:41:45.707000,284.0,178.0,,304.0,False,HARD,4.0,True,Alfa Romeo Racing,0 days 01:39:22.754000,,12,19.0,,,False,False,2021,22,Abu Dhabi Grand Prix
0 days 01:47:31.781000,BOT,77,0 days 00:01:30.944000,30.0,1.0,,0 days 01:47:30.752000,0 days 00:00:18.056000,0 days 00:00:38.386000,0 days 00:00:34.502000,0 days 01:46:18.903000,0 days 01:46:57.289000,0 days 01:47:31.791000,285.0,297.0,,299.0,False,MEDIUM,35.0,False,Mercedes,0 days 01:46:00.837000,,1,4.0,,,False,False,2021,22,Abu Dhabi Grand Prix
0 days 01:49:22.023000,BOT,77,0 days 00:01:50.242000,31.0,2.0,0 days 01:47:52.478000,,0 days 00:00:38.575000,0 days 00:00:37.997000,0 days 00:00:33.670000,0 days 01:48:10.366000,0 days 01:48:48.363000,0 days 01:49:22.033000,287.0,286.0,216.0,321.0,False,HARD,2.0,False,Mercedes,0 days 01:47:31.781000,,1,9.0,,,False,False,2021,22,Abu Dhabi Grand Prix
0 days 01:28:21.832000,GIO,99,0 days 00:01:32.432000,17.0,1.0,,0 days 01:28:20.811000,0 days 00:00:18.327000,0 days 00:00:38.618000,0 days 00:00:35.487000,0 days 01:27:07.754000,0 days 01:27:46.372000,0 days 01:28:21.859000,285.0,302.0,,306.0,False,MEDIUM,17.0,True,Alfa Romeo Racing,0 days 01:26:49.400000,,1,12.0,,,False,False,2021,22,Abu Dhabi Grand Prix
0 days 01:30:13.227000,GIO,99,0 days 00:01:51.395000,18.0,2.0,0 days 01:28:43.071000,,0 days 00:00:39.357000,0 days 00:00:38.974000,0 days 00:00:33.064000,0 days 01:29:01.216000,0 days 01:29:40.190000,0 days 01:30:13.254000,282.0,298.0,215.0,296.0,False,HARD,1.0,True,Alfa Romeo Racing,0 days 01:28:21.832000,,1,18.0,,,False,False,2021,22,Abu Dhabi Grand Prix
