Driver,DriverNumber,Team,LapNumber,LapTime,Sector1Time,Sector2Time,Sector3Time,Compound,Stint,TyreLife,Position,TrackStatus,IsPersonalBest,PitOutTime,PitInTime,FreshTyre,LapStartTime,LapStartDate,IsAccurate
ALB,23,Red Bull Racing,1,87.279,None,31.947,33.998,SOFT,1,1,5,14,False,None,None,True,1968.804,2020-07-12T13:12:50.826000000,False
ALB,23,Red Bull Racing,2,120.714,24.352,61.02,35.342,SOFT,1,2,5,4,True,None,None,True,2056.271,2020-07-12T13:14:18.293000000,False
ALB,23,Red Bull Racing,3,105.619,26.822,46.446,32.351,SOFT,1,3,5,41,True,None,None,True,2176.985,2020-07-12T13:16:19.007000000,False
ALB,23,Red Bull Racing,4,71.008,17.768,31.514,21.726,SOFT,1,4,5,12,True,None,None,True,2282.604,2020-07-12T13:18:04.626000000,True
ALB,23,Red Bull Racing,5,70.745,17.604,31.382,21.759,SOFT,1,5,5,1,True,None,None,True,2353.612,2020-07-12T13:19:15.634000000,True
ALB,23,Red Bull Racing,6,70.549,17.494,31.293,21.762,SOFT,1,6,5,1,True,None,None,True,2424.357,2020-07-12T13:20:26.379000000,True
ALB,23,Red Bull Racing,7,70.405,17.313,31.501,21.591,SOFT,1,7,5,1,True,None,None,True,2494.906,2020-07-12T13:21:36.928000000,True
ALB,23,Red Bull Racing,8,69.748,17.263,31.042,21.443,SOFT,1,8,4,1,True,None,None,True,2565.311,2020-07-12T13:22:47.333000000,True
ALB,23,Red Bull Racing,9,69.707,17.594,30.891,21.222,SOFT,1,9,4,1,True,None,None,True,2635.059,2020-07-12T13:23:57.081000000,True
ALB,23,Red Bull Racing,10,69.8,17.652,30.863,21.285,SOFT,1,10,4,1,False,None,None,True,2704.766,2020-07-12T13:25:06.788000000,True
ALB,23,Red Bull Racing,11,69.742,17.613,30.878,21.251,SOFT,1,11,4,1,False,None,None,True,2774.566,2020-07-12T13:26:16.588000000,True
ALB,23,Red Bull Racing,12,69.632,17.626,30.832,21.174,SOFT,1,12,4,1,True,None,None,True,2844.308,2020-07-12T13:27:26.330000000,True
ALB,23,Red Bull Racing,13,69.703,17.535,30.995,21.173,SOFT,1,13,4,1,False,None,None,True,2913.94,2020-07-12T13:28:35.962000000,True
ALB,23,Red Bull Racing,14,69.771,17.546,31.021,21.204,SOFT,1,14,4,1,False,None,None,True,2983.643,2020-07-12T13:29:45.665000000,True
ALB,23,Red Bull Racing,15,69.979,17.751,31.023,21.205,SOFT,1,15,4,1,False,None,None,True,3053.414,2020-07-12T13:30:55.436000000,True
ALB,23,Red Bull Racing,16,69.589,17.613,30.863,21.113,SOFT,1,16,4,1,True,None,None,True,3123.393,2020-07-12T13:32:05.415000000,True
ALB,23,Red Bull Racing,17,69.64,17.609,30.948,21.083,SOFT,1,17,4,1,False,None,None,True,3192.982,2020-07-12T13:33:15.004000000,True
ALB,23,Red Bull Racing,18,69.59,17.602,30.857,21.131,SOFT,1,18,4,1,False,None,None,True,3262.622,2020-07-12T13:34:24.644000000,True
ALB,23,Red Bull Racing,19,69.786,17.617,30.956,21.213,SOFT,1,19,4,1,False,None,None,True,3332.212,2020-07-12T13:35:34.234000000,True
ALB,23,Red Bull Racing,20,69.355,17.556,30.664,21.135,SOFT,1,20,4,1,True,None,None,True,3401.998,2020-07-12T13:36:44.020000000,True
ALB,23,Red Bull Racing,21,69.819,17.614,31.061,21.144,SOFT,1,21,4,1,False,None,None,True,3471.353,2020-07-12T13:37:53.375000000,True
ALB,23,Red Bull Racing,22,69.634,17.5,30.922,21.212,SOFT,1,22,4,1,False,None,None,True,3541.172,2020-07-12T13:39:03.194000000,True
ALB,23,Red Bull Racing,23,69.495,17.494,30.858,21.143,SOFT,1,23,4,1,False,None,None,True,3610.806,2020-07-12T13:40:12.828000000,True
ALB,23,Red Bull Racing,24,69.446,17.573,30.76,21.113,SOFT,1,24,4,1,False,None,None,True,3680.301,2020-07-12T13:41:22.323000000,True
ALB,23,Red Bull Racing,25,69.595,17.635,30.876,21.084,SOFT,1,25,4,1,False,None,None,True,3749.747,2020-07-12T13:42:31.769000000,True
ALB,23,Red Bull Racing,26,69.441,17.487,30.901,21.053,SOFT,1,26,4,1,False,None,None,True,3819.342,2020-07-12T13:43:41.364000000,True
ALB,23,Red Bull Racing,27,69.36,17.499,30.857,21.004,SOFT,1,27,4,1,False,None,None,True,3888.783,2020-07-12T13:44:50.805000000,True
ALB,23,Red Bull Racing,28,69.205,17.372,30.812,21.021,SOFT,1,28,4,1,True,None,None,True,3958.143,2020-07-12T13:46:00.165000000,True
ALB,23,Red Bull Racing,29,69.045,17.389,30.701,20.955,SOFT,1,29,4,1,True,None,None,True,4027.348,2020-07-12T13:47:09.370000000,True
ALB,23,Red Bull Racing,30,68.948,17.358,30.691,20.899,SOFT,1,30,4,1,True,None,None,True,4096.393,2020-07-12T13:48:18.415000000,True
ALB,23,Red Bull Racing,31,68.973,17.498,30.504,20.971,SOFT,1,31,4,1,False,None,None,True,4165.341,2020-07-12T13:49:27.363000000,True
ALB,23,Red Bull Racing,32,68.964,17.409,30.637,20.918,SOFT,1,32,4,1,False,None,None,True,4234.314,2020-07-12T13:50:36.336000000,True
ALB,23,Red Bull Racing,33,68.746,17.375,30.447,20.924,SOFT,1,33,4,1,True,None,None,True,4303.278,2020-07-12T13:51:45.300000000,True
ALB,23,Red Bull Racing,34,68.893,17.396,30.575,20.922,SOFT,1,34,4,1,False,None,None,True,4372.024,2020-07-12T13:52:54.046000000,True
ALB,23,Red Bull Racing,35,72.843,17.327,30.774,24.742,SOFT,1,35,4,1,False,None,4511.898,True,4440.917,2020-07-12T13:54:02.939000000,False
ALB,23,Red Bull Racing,36,87.167,35.027,31.223,20.917,MEDIUM,2,1,7,1,False,4532.099,None,True,4513.76,2020-07-12T13:55:15.782000000,False
ALB,23,Red Bull Racing,37,68.193,17.375,30.174,20.644,MEDIUM,2,2,7,1,True,None,None,True,4600.927,2020-07-12T13:56:42.949000000,True
ALB,23,Red Bull Racing,38,68.269,17.353,30.224,20.692,MEDIUM,2,3,6,1,False,None,None,True,4669.12,2020-07-12T13:57:51.142000000,True
ALB,23,Red Bull Racing,39,68.141,17.303,30.213,20.625,MEDIUM,2,4,5,1,True,None,None,True,4737.389,2020-07-12T13:58:59.411000000,True
ALB,23,Red Bull Racing,40,68.358,17.386,30.315,20.657,MEDIUM,2,5,4,1,False,None,None,True,4805.53,2020-07-12T14:00:07.552000000,True
ALB,23,Red Bull Racing,41,68.243,17.366,30.247,20.63,MEDIUM,2,6,4,1,False,None,None,True,4873.888,2020-07-12T14:01:15.910000000,True
ALB,23,Red Bull Racing,42,68.251,17.323,30.23,20.698,MEDIUM,2,7,4,1,False,None,None,True,4942.131,2020-07-12T14:02:24.153000000,True
ALB,23,Red Bull Racing,43,68.46,17.31,30.487,20.663,MEDIUM,2,8,4,1,False,None,None,True,5010.382,2020-07-12T14:03:32.404000000,True
ALB,23,Red Bull Racing,44,68.561,17.414,30.394,20.753,MEDIUM,2,9,4,1,False,None,None,True,5078.842,2020-07-12T14:04:40.864000000,True
ALB,23,Red Bull Racing,45,68.701,17.368,30.469,20.864,MEDIUM,2,10,4,1,False,None,None,True,5147.403,2020-07-12T14:05:49.425000000,True
ALB,23,Red Bull Racing,46,68.872,17.412,30.607,20.853,MEDIUM,2,11,4,1,False,None,None,True,5216.104,2020-07-12T14:06:58.126000000,True
ALB,23,Red Bull Racing,47,68.886,17.376,30.648,20.862,MEDIUM,2,12,4,1,False,None,None,True,5284.976,2020-07-12T14:08:06.998000000,True
ALB,23,Red Bull Racing,48,68.904,17.458,30.519,20.927,MEDIUM,2,13,4,1,False,None,None,True,5353.862,2020-07-12T14:09:15.884000000,True
ALB,23,Red Bull Racing,49,68.622,17.319,30.534,20.769,MEDIUM,2,14,4,1,False,None,None,True,5422.766,2020-07-12T14:10:24.788000000,True
ALB,23,Red Bull Racing,50,68.521,17.422,30.263,20.836,MEDIUM,2,15,4,1,False,None,None,True,5491.388,2020-07-12T14:11:33.410000000,True
ALB,23,Red Bull Racing,51,68.305,17.338,30.252,20.715,MEDIUM,2,16,4,1,False,None,None,True,5559.909,2020-07-12T14:12:41.931000000,True
ALB,23,Red Bull Racing,52,68.234,17.391,30.27,20.573,MEDIUM,2,17,4,1,False,None,None,True,5628.214,2020-07-12T14:13:50.236000000,True
ALB,23,Red Bull Racing,53,67.961,17.249,30.066,20.646,MEDIUM,2,18,4,1,True,None,None,True,5696.448,2020-07-12T14:14:58.470000000,True
ALB,23,Red Bull Racing,54,68.141,17.214,30.105,20.822,MEDIUM,2,19,4,1,False,None,None,True,5764.409,2020-07-12T14:16:06.431000000,True
ALB,23,Red Bull Racing,55,68.375,17.17,30.234,20.971,MEDIUM,2,20,4,1,False,None,None,True,5832.55,2020-07-12T14:17:14.572000000,True
ALB,23,Red Bull Racing,56,68.237,17.015,30.353,20.869,MEDIUM,2,21,4,1,False,None,None,True,5900.925,2020-07-12T14:18:22.947000000,True
ALB,23,Red Bull Racing,57,68.176,17.038,30.404,20.734,MEDIUM,2,22,4,1,False,None,None,True,5969.162,2020-07-12T14:19:31.184000000,True
ALB,23,Red Bull Racing,58,67.671,17.178,30.044,20.449,MEDIUM,2,23,4,1,True,None,None,True,6037.338,2020-07-12T14:20:39.360000000,True
ALB,23,Red Bull Racing,59,67.645,17.148,30.063,20.434,MEDIUM,2,24,4,1,True,None,None,True,6105.009,2020-07-12T14:21:47.031000000,True
ALB,23,Red Bull Racing,60,67.656,17.222,29.968,20.466,MEDIUM,2,25,4,1,False,None,None,True,6172.654,2020-07-12T14:22:54.676000000,True
ALB,23,Red Bull Racing,61,67.512,17.202,30.016,20.294,MEDIUM,2,26,4,1,True,None,None,True,6240.31,2020-07-12T14:24:02.332000000,True
ALB,23,Red Bull Racing,62,67.52,17.254,29.904,20.362,MEDIUM,2,27,4,1,False,None,None,True,6307.822,2020-07-12T14:25:09.844000000,True
ALB,23,Red Bull Racing,63,67.449,17.198,29.869,20.382,MEDIUM,2,28,4,1,True,None,None,True,6375.342,2020-07-12T14:26:17.364000000,True
ALB,23,Red Bull Racing,64,67.519,17.133,30.076,20.31,MEDIUM,2,29,4,1,False,None,None,True,6442.791,2020-07-12T14:27:24.813000000,True
ALB,23,Red Bull Racing,65,67.33,17.198,29.907,20.225,MEDIUM,2,30,4,1,True,None,None,True,6510.31,2020-07-12T14:28:32.332000000,True
ALB,23,Red Bull Racing,66,67.347,17.2,29.984,20.163,MEDIUM,2,31,4,1,False,None,None,True,6577.64,2020-07-12T14:29:39.662000000,True
ALB,23,Red Bull Racing,67,67.299,17.218,29.866,20.215,MEDIUM,2,32,4,1,True,None,None,True,6644.987,2020-07-12T14:30:47.009000000,True
ALB,23,Red Bull Racing,68,67.109,17.111,29.879,20.119,MEDIUM,2,33,4,1,False,None,None,True,6712.286,2020-07-12T14:31:54.308000000,True
ALB,23,Red Bull Racing,69,68.175,17.186,30.565,20.424,MEDIUM,2,34,4,1,False,None,None,True,6779.395,2020-07-12T14:33:01.417000000,True
ALB,23,Red Bull Racing,70,67.869,17.226,30.142,20.501,MEDIUM,2,35,4,1,False,None,None,True,6847.57,2020-07-12T14:34:09.592000000,True
ALB,23,Red Bull Racing,71,68.636,17.226,30.348,21.062,MEDIUM,2,36,4,1,False,None,None,True,6915.439,2020-07-12T14:35:17.461000000,True
BOT,77,Mercedes,1,85.391,None,31.618,32.731,SOFT,1,1,4,14,False,None,None,True,1968.804,2020-07-12T13:12:50.826000000,False
BOT,77,Mercedes,2,121.395,24.855,61.798,34.742,SOFT,1,2,4,4,True,None,None,True,2054.383,2020-07-12T13:14:16.405000000,False
BOT,77,Mercedes,3,106.19,27.042,46.665,32.483,SOFT,1,3,4,41,True,None,None,True,2175.778,2020-07-12T13:16:17.800000000,False
BOT,77,Mercedes,4,70.776,17.723,31.412,21.641,SOFT,1,4,4,12,True,None,None,True,2281.968,2020-07-12T13:18:03.990000000,True
BOT,77,Mercedes,5,70.607,17.606,31.397,21.604,SOFT,1,5,4,1,True,None,None,True,2352.744,2020-07-12T13:19:14.766000000,True
BOT,77,Mercedes,6,69.311,17.269,30.769,21.273,SOFT,1,6,3,1,True,None,None,True,2423.351,2020-07-12T13:20:25.373000000,True
BOT,77,Mercedes,7,69.189,17.402,30.692,21.095,SOFT,1,7,3,1,True,None,None,True,2492.662,2020-07-12T13:21:34.684000000,True
BOT,77,Mercedes,8,68.96,17.459,30.512,20.989,SOFT,1,8,3,1,True,None,None,True,2561.851,2020-07-12T13:22:43.873000000,True
BOT,77,Mercedes,9,68.656,17.386,30.464,20.806,SOFT,1,9,3,1,True,None,None,True,2630.811,2020-07-12T13:23:52.833000000,True
BOT,77,Mercedes,10,68.683,17.468,30.394,20.821,SOFT,1,10,3,1,False,None,None,True,2699.467,2020-07-12T13:25:01.489000000,True
BOT,77,Mercedes,11,68.806,17.41,30.452,20.944,SOFT,1,11,3,1,False,None,None,True,2768.15,2020-07-12T13:26:10.172000000,True
BOT,77,Mercedes,12,68.531,17.411,30.366,20.754,SOFT,1,12,3,1,True,None,None,True,2836.956,2020-07-12T13:27:18.978000000,True
BOT,77,Mercedes,13,68.907,17.368,30.781,20.758,SOFT,1,13,3,1,False,None,None,True,2905.487,2020-07-12T13:28:27.509000000,True
BOT,77,Mercedes,14,68.703,17.339,30.511,20.853,SOFT,1,14,3,1,False,None,None,True,2974.394,2020-07-12T13:29:36.416000000,True
BOT,77,Mercedes,15,68.67,17.44,30.471,20.759,SOFT,1,15,3,1,False,None,None,True,3043.097,2020-07-12T13:30:45.119000000,True
BOT,77,Mercedes,16,68.557,17.36,30.407,20.79,SOFT,1,16,3,1,False,None,None,True,3111.767,2020-07-12T13:31:53.789000000,True
BOT,77,Mercedes,17,68.737,17.327,30.578,20.832,SOFT,1,17,3,1,False,None,None,True,3180.324,2020-07-12T13:33:02.346000000,True
BOT,77,Mercedes,18,68.742,17.233,30.624,20.885,SOFT,1,18,3,1,False,None,None,True,3249.061,2020-07-12T13:34:11.083000000,True
BOT,77,Mercedes,19,68.724,17.413,30.501,20.81,SOFT,1,19,3,1,False,None,None,True,3317.803,2020-07-12T13:35:19.825000000,True
BOT,77,Mercedes,20,68.433,17.331,30.335,20.767,SOFT,1,20,3,1,True,None,None,True,3386.527,2020-07-12T13:36:28.549000000,True
BOT,77,Mercedes,21,68.614,17.307,30.53,20.777,SOFT,1,21,3,1,False,None,None,True,3454.96,2020-07-12T13:37:36.982000000,True
BOT,77,Mercedes,22,68.439,17.184,30.461,20.794,SOFT,1,22,3,1,False,None,None,True,3523.574,2020-07-12T13:38:45.596000000,True
BOT,77,Mercedes,23,68.738,17.243,30.569,20.926,SOFT,1,23,3,1,False,None,None,True,3592.013,2020-07-12T13:39:54.035000000,True
BOT,77,Mercedes,24,68.831,17.289,30.566,20.976,SOFT,1,24,2,1,False,None,None,True,3660.751,2020-07-12T13:41:02.773000000,True
BOT,77,Mercedes,25,68.813,17.515,30.529,20.769,SOFT,1,25,2,1,False,None,None,True,3729.582,2020-07-12T13:42:11.604000000,True
BOT,77,Mercedes,26,68.477,17.371,30.4,20.706,SOFT,1,26,2,1,False,None,None,True,3798.395,2020-07-12T13:43:20.417000000,True
BOT,77,Mercedes,27,68.748,17.352,30.613,20.783,SOFT,1,27,2,1,False,None,None,True,3866.872,2020-07-12T13:44:28.894000000,True
BOT,77,Mercedes,28,68.386,17.298,30.423,20.665,SOFT,1,28,1,1,True,None,None,True,3935.62,2020-07-12T13:45:37.642000000,True
BOT,77,Mercedes,29,68.54,17.31,30.476,20.754,SOFT,1,29,1,1,False,None,None,True,4004.006,2020-07-12T13:46:46.028000000,True
BOT,77,Mercedes,30,68.751,17.287,30.684,20.78,SOFT,1,30,1,1,False,None,None,True,4072.546,2020-07-12T13:47:54.568000000,True
BOT,77,Mercedes,31,68.559,17.437,30.371,20.751,SOFT,1,31,1,1,False,None,None,True,4141.297,2020-07-12T13:49:03.319000000,True
BOT,77,Mercedes,32,68.754,17.373,30.568,20.813,SOFT,1,32,1,1,False,None,None,True,4209.856,2020-07-12T13:50:11.878000000,True
BOT,77,Mercedes,33,68.792,17.286,30.553,20.953,SOFT,1,33,1,1,False,None,None,True,4278.61,2020-07-12T13:51:20.632000000,True
BOT,77,Mercedes,34,72.773,17.316,30.835,24.622,SOFT,1,34,1,1,False,None,4416.891,True,4347.402,2020-07-12T13:52:29.424000000,False
BOT,77,Mercedes,35,85.416,34.404,30.427,20.585,MEDIUM,2,1,3,1,False,4438.268,None,True,4420.175,2020-07-12T13:53:42.197000000,False
BOT,77,Mercedes,36,68.026,17.195,30.103,20.728,MEDIUM,2,2,3,1,True,None,None,True,4505.591,2020-07-12T13:55:07.613000000,True
BOT,77,Mercedes,37,67.998,17.181,30.171,20.646,MEDIUM,2,3,3,1,True,None,None,True,4573.617,2020-07-12T13:56:15.639000000,True
BOT,77,Mercedes,38,67.966,17.292,30.159,20.515,MEDIUM,2,4,3,1,True,None,None,True,4641.615,2020-07-12T13:57:23.637000000,True
BOT,77,Mercedes,39,67.628,17.156,30.028,20.444,MEDIUM,2,5,3,1,True,None,None,True,4709.581,2020-07-12T13:58:31.603000000,True
BOT,77,Mercedes,40,67.591,17.118,30.066,20.407,MEDIUM,2,6,3,1,True,None,None,True,4777.209,2020-07-12T13:59:39.231000000,True
BOT,77,Mercedes,41,67.655,17.207,30.007,20.441,MEDIUM,2,7,3,1,False,None,None,True,4844.8,2020-07-12T14:00:46.822000000,True
BOT,77,Mercedes,42,67.82,17.131,30.082,20.607,MEDIUM,2,8,3,1,False,None,None,True,4912.455,2020-07-12T14:01:54.477000000,True
BOT,77,Mercedes,43,67.678,17.078,30.022,20.578,MEDIUM,2,9,3,1,False,None,None,True,4980.275,2020-07-12T14:03:02.297000000,True
BOT,77,Mercedes,44,68.3,17.139,30.423,20.738,MEDIUM,2,10,3,1,False,None,None,True,5047.953,2020-07-12T14:04:09.975000000,True
BOT,77,Mercedes,45,68.587,17.123,30.667,20.797,MEDIUM,2,11,3,1,False,None,None,True,5116.253,2020-07-12T14:05:18.275000000,True
BOT,77,Mercedes,46,69.014,17.152,30.805,21.057,MEDIUM,2,12,3,1,False,None,None,True,5184.84,2020-07-12T14:06:26.862000000,True
BOT,77,Mercedes,47,68.17,17.091,30.317,20.762,MEDIUM,2,13,3,1,False,None,None,True,5253.854,2020-07-12T14:07:35.876000000,True
BOT,77,Mercedes,48,69.009,16.767,31.095,21.147,MEDIUM,2,14,3,1,False,None,None,True,5322.024,2020-07-12T14:08:44.046000000,True
BOT,77,Mercedes,49,68.752,17.393,30.577,20.782,MEDIUM,2,15,3,1,False,None,None,True,5391.033,2020-07-12T14:09:53.055000000,True
BOT,77,Mercedes,50,68.119,17.274,30.189,20.656,MEDIUM,2,16,3,1,False,None,None,True,5459.785,2020-07-12T14:11:01.807000000,True
BOT,77,Mercedes,51,67.618,17.001,30.135,20.482,MEDIUM,2,17,3,1,False,None,None,True,5527.904,2020-07-12T14:12:09.926000000,True
BOT,77,Mercedes,52,67.849,17.308,30.104,20.437,MEDIUM,2,18,3,1,False,None,None,True,5595.522,2020-07-12T14:13:17.544000000,True
BOT,77,Mercedes,53,67.716,17.201,30.13,20.385,MEDIUM,2,19,3,1,False,None,None,True,5663.371,2020-07-12T14:14:25.393000000,True
BOT,77,Mercedes,54,67.731,17.202,30.066,20.463,MEDIUM,2,20,3,1,False,None,None,True,5731.087,2020-07-12T14:15:33.109000000,True
BOT,77,Mercedes,55,67.631,17.189,30.025,20.417,MEDIUM,2,21,3,1,False,None,None,True,5798.818,2020-07-12T14:16:40.840000000,True
BOT,77,Mercedes,56,67.833,17.217,30.112,20.504,MEDIUM,2,22,3,1,False,None,None,True,5866.449,2020-07-12T14:17:48.471000000,True
BOT,77,Mercedes,57,67.789,17.151,30.13,20.508,MEDIUM,2,23,3,1,False,None,None,True,5934.282,2020-07-12T14:18:56.304000000,True
BOT,77,Mercedes,58,67.813,17.158,30.182,20.473,MEDIUM,2,24,3,1,False,None,None,True,6002.071,2020-07-12T14:20:04.093000000,True
BOT,77,Mercedes,59,67.749,17.2,30.148,20.401,MEDIUM,2,25,3,1,False,None,None,True,6069.884,2020-07-12T14:21:11.906000000,True
BOT,77,Mercedes,60,67.816,17.104,30.279,20.433,MEDIUM,2,26,3,1,False,None,None,True,6137.633,2020-07-12T14:22:19.655000000,True
BOT,77,Mercedes,61,67.666,17.216,30.051,20.399,MEDIUM,2,27,3,1,False,None,None,True,6205.449,2020-07-12T14:23:27.471000000,True
BOT,77,Mercedes,62,67.534,17.085,30.007,20.442,MEDIUM,2,28,3,1,True,None,None,True,6273.115,2020-07-12T14:24:35.137000000,True
BOT,77,Mercedes,63,67.785,17.048,30.147,20.59,MEDIUM,2,29,3,1,False,None,None,True,6340.649,2020-07-12T14:25:42.671000000,True
BOT,77,Mercedes,64,67.75,17.148,30.075,20.527,MEDIUM,2,30,3,1,False,None,None,True,6408.434,2020-07-12T14:26:50.456000000,True
BOT,77,Mercedes,65,67.691,17.107,30.058,20.526,MEDIUM,2,31,3,1,False,None,None,True,6476.184,2020-07-12T14:27:58.206000000,True
BOT,77,Mercedes,66,68.847,16.745,31.23,20.872,MEDIUM,2,32,3,1,False,None,None,True,6543.875,2020-07-12T14:29:05.897000000,True
BOT,77,Mercedes,67,69.184,16.95,31.34,20.894,MEDIUM,2,33,2,1,False,None,None,True,6612.722,2020-07-12T14:30:14.744000000,True
BOT,77,Mercedes,68,67.939,17.181,30.207,20.551,MEDIUM,2,34,2,1,False,None,None,True,6681.906,2020-07-12T14:31:23.928000000,True
BOT,77,Mercedes,69,67.618,17.188,30.086,20.344,MEDIUM,2,35,2,1,False,None,None,True,6749.845,2020-07-12T14:32:31.867000000,True
BOT,77,Mercedes,70,67.807,17.236,30.063,20.508,MEDIUM,2,36,2,1,False,None,None,True,6817.463,2020-07-12T14:33:39.485000000,True
BOT,77,Mercedes,71,68.124,17.258,30.207,20.659,MEDIUM,2,37,2,1,False,None,None,True,6885.27,2020-07-12T14:34:47.292000000,True
GAS,10,AlphaTauri,1,92.014,None,32.537,37.103,SOFT,1,1,8,14,False,None,None,True,1968.804,2020-07-12T13:12:50.826000000,False
GAS,10,AlphaTauri,2,119.258,23.363,60.346,35.549,SOFT,1,2,8,4,True,None,None,True,2061.006,2020-07-12T13:14:23.028000000,False
GAS,10,AlphaTauri,3,103.394,26.388,45.831,31.175,SOFT,1,3,8,41,True,None,None,True,2180.264,2020-07-12T13:16:22.286000000,False
GAS,10,AlphaTauri,4,71.853,17.889,32.076,21.888,SOFT,1,4,8,12,True,None,None,True,2283.658,2020-07-12T13:18:05.680000000,True
GAS,10,AlphaTauri,5,71.277,17.758,31.67,21.849,SOFT,1,5,8,1,True,None,None,True,2355.511,2020-07-12T13:19:17.533000000,True
GAS,10,AlphaTauri,6,70.616,17.396,31.482,21.738,SOFT,1,6,8,1,True,None,None,True,2426.788,2020-07-12T13:20:28.810000000,True
GAS,10,AlphaTauri,7,70.356,17.119,31.35,21.887,SOFT,1,7,8,1,True,None,None,True,2497.404,2020-07-12T13:21:39.426000000,True
GAS,10,AlphaTauri,8,70.408,17.092,31.599,21.717,SOFT,1,8,8,1,False,None,None,True,2567.76,2020-07-12T13:22:49.782000000,True
GAS,10,AlphaTauri,9,70.42,17.133,31.416,21.871,SOFT,1,9,8,1,False,None,None,True,2638.168,2020-07-12T13:24:00.190000000,True
GAS,10,AlphaTauri,10,70.398,17.174,31.548,21.676,SOFT,1,10,8,1,False,None,None,True,2708.588,2020-07-12T13:25:10.610000000,True
GAS,10,AlphaTauri,11,70.278,17.124,31.498,21.656,SOFT,1,11,8,1,True,None,None,True,2778.986,2020-07-12T13:26:21.008000000,True
GAS,10,AlphaTauri,12,69.821,17.036,31.218,21.567,SOFT,1,12,8,1,True,None,None,True,2849.264,2020-07-12T13:27:31.286000000,True
GAS,10,AlphaTauri,13,69.988,16.975,31.332,21.681,SOFT,1,13,8,1,False,None,None,True,2919.085,2020-07-12T13:28:41.107000000,True
GAS,10,AlphaTauri,14,69.871,17.064,31.122,21.685,SOFT,1,14,8,1,False,None,None,True,2989.073,2020-07-12T13:29:51.095000000,True
GAS,10,AlphaTauri,15,70.045,17.087,31.29,21.668,SOFT,1,15,8,1,False,None,None,True,3058.944,2020-07-12T13:31:00.966000000,True
GAS,10,AlphaTauri,16,70.686,17.623,31.481,21.582,SOFT,1,16,8,1,False,None,None,True,3128.989,2020-07-12T13:32:11.011000000,True
GAS,10,AlphaTauri,17,71.317,17.682,31.942,21.693,SOFT,1,17,9,1,False,None,None,True,3199.675,2020-07-12T13:33:21.697000000,True
GAS,10,AlphaTauri,18,71.253,17.627,31.955,21.671,SOFT,1,18,10,1,False,None,None,True,3270.992,2020-07-12T13:34:33.014000000,True
GAS,10,AlphaTauri,19,70.388,17.668,31.263,21.457,SOFT,1,19,10,1,False,None,None,True,3342.245,2020-07-12T13:35:44.267000000,True
GAS,10,AlphaTauri,20,70.178,17.646,31.157,21.375,SOFT,1,20,10,1,False,None,None,True,3412.633,2020-07-12T13:36:54.655000000,True
GAS,10,AlphaTauri,21,70.996,17.757,31.694,21.545,SOFT,1,21,11,1,False,None,None,True,3482.811,2020-07-12T13:38:04.833000000,True
GAS,10,AlphaTauri,22,70.364,17.587,31.34,21.437,SOFT,1,22,11,1,False,None,None,True,3553.807,2020-07-12T13:39:15.829000000,True
GAS,10,AlphaTauri,23,70.562,17.796,31.245,21.521,SOFT,1,23,11,1,False,None,None,True,3624.171,2020-07-12T13:40:26.193000000,True
GAS,10,AlphaTauri,24,73.884,17.812,31.178,24.894,SOFT,1,24,13,1,False,None,3765.357,True,3694.733,2020-07-12T13:41:36.755000000,False
GAS,10,AlphaTauri,25,87.546,35.13,30.981,21.435,HARD,2,1,18,1,False,3787.304,None,True,3768.617,2020-07-12T13:42:50.639000000,False
GAS,10,AlphaTauri,26,70.037,17.802,30.981,21.254,HARD,2,2,17,1,False,None,None,True,3856.163,2020-07-12T13:44:18.185000000,True
GAS,10,AlphaTauri,27,69.682,17.69,30.74,21.252,HARD,2,3,17,1,True,None,None,True,3926.2,2020-07-12T13:45:28.222000000,True
GAS,10,AlphaTauri,28,69.744,17.648,30.811,21.285,HARD,2,4,17,1,False,None,None,True,3995.882,2020-07-12T13:46:37.904000000,True
GAS,10,AlphaTauri,29,69.769,17.553,30.848,21.368,HARD,2,5,17,1,False,None,None,True,4065.626,2020-07-12T13:47:47.648000000,True
GAS,10,AlphaTauri,30,69.88,17.611,30.833,21.436,HARD,2,6,17,1,False,None,None,True,4135.395,2020-07-12T13:48:57.417000000,True
GAS,10,AlphaTauri,31,70.114,17.55,31.001,21.563,HARD,2,7,17,1,False,None,None,True,4205.275,2020-07-12T13:50:07.297000000,True
GAS,10,AlphaTauri,32,69.235,17.056,30.75,21.429,HARD,2,8,14,1,True,None,None,True,4275.389,2020-07-12T13:51:17.411000000,True
GAS,10,AlphaTauri,33,69.705,17.584,30.831,21.29,HARD,2,9,14,1,False,None,None,True,4344.624,2020-07-12T13:52:26.646000000,True
GAS,10,AlphaTauri,34,69.822,17.782,30.88,21.16,HARD,2,10,14,1,False,None,None,True,4414.329,2020-07-12T13:53:36.351000000,True
GAS,10,AlphaTauri,35,69.49,17.676,30.739,21.075,HARD,2,11,14,1,False,None,None,True,4484.151,2020-07-12T13:54:46.173000000,True
GAS,10,AlphaTauri,36,69.492,17.668,30.702,21.122,HARD,2,12,14,1,False,None,None,True,4553.641,2020-07-12T13:55:55.663000000,True
GAS,10,AlphaTauri,37,69.524,17.745,30.7,21.079,HARD,2,13,13,1,False,None,None,True,4623.133,2020-07-12T13:57:05.155000000,True
GAS,10,AlphaTauri,38,69.584,17.7,30.74,21.144,HARD,2,14,12,1,False,None,None,True,4692.657,2020-07-12T13:58:14.679000000,True
GAS,10,AlphaTauri,39,69.364,17.634,30.702,21.028,HARD,2,15,12,1,False,None,None,True,4762.241,2020-07-12T13:59:24.263000000,True
GAS,10,AlphaTauri,40,70.421,17.799,31.326,21.296,HARD,2,16,11,1,False,None,None,True,4831.605,2020-07-12T14:00:33.627000000,True
GAS,10,AlphaTauri,41,69.458,17.741,30.619,21.098,HARD,2,17,11,1,False,None,None,True,4902.026,2020-07-12T14:01:44.048000000,True
GAS,10,AlphaTauri,42,69.287,17.578,30.692,21.017,HARD,2,18,11,1,False,None,None,True,4971.484,2020-07-12T14:02:53.506000000,True
GAS,10,AlphaTauri,43,70.611,18.187,31.201,21.223,HARD,2,19,11,1,False,None,None,True,5040.771,2020-07-12T14:04:02.793000000,True
GAS,10,AlphaTauri,44,69.601,17.559,30.813,21.229,HARD,2,20,11,1,False,None,None,True,5111.382,2020-07-12T14:05:13.404000000,True
GAS,10,AlphaTauri,45,70.43,17.927,31.369,21.134,HARD,2,21,11,1,False,None,None,True,5180.983,2020-07-12T14:06:23.005000000,True
GAS,10,AlphaTauri,46,69.025,17.021,30.801,21.203,HARD,2,22,11,1,True,None,None,True,5251.413,2020-07-12T14:07:33.435000000,True
GAS,10,AlphaTauri,47,72.273,17.592,32.626,22.055,HARD,2,23,12,1,False,None,None,True,5320.438,2020-07-12T14:08:42.460000000,True
GAS,10,AlphaTauri,48,71.118,17.871,31.698,21.549,HARD,2,24,13,1,False,None,None,True,5392.711,2020-07-12T14:09:54.733000000,True
GAS,10,AlphaTauri,49,73.562,17.62,31.192,24.75,HARD,2,25,15,1,False,None,5534.135,True,5463.829,2020-07-12T14:11:05.851000000,False
GAS,10,AlphaTauri,50,86.787,35.429,30.391,20.967,SOFT,3,1,17,1,False,5556.435,None,True,5537.391,2020-07-12T14:12:19.413000000,False
GAS,10,AlphaTauri,51,68.482,17.526,30.103,20.853,SOFT,3,2,17,1,True,None,None,True,5624.178,2020-07-12T14:13:46.200000000,True
GAS,10,AlphaTauri,52,68.565,17.352,30.13,21.083,SOFT,3,3,17,1,False,None,None,True,5692.66,2020-07-12T14:14:54.682000000,True
GAS,10,AlphaTauri,53,69.696,16.819,31.363,21.514,SOFT,3,4,17,1,False,None,None,True,5761.225,2020-07-12T14:16:03.247000000,True
GAS,10,AlphaTauri,54,68.426,16.81,30.598,21.018,SOFT,3,5,16,1,True,None,None,True,5830.921,2020-07-12T14:17:12.943000000,True
GAS,10,AlphaTauri,55,68.226,16.884,30.499,20.843,SOFT,3,6,15,1,True,None,None,True,5899.347,2020-07-12T14:18:21.369000000,True
GAS,10,AlphaTauri,56,68.887,17.547,30.429,20.911,SOFT,3,7,15,1,False,None,None,True,5967.573,2020-07-12T14:19:29.595000000,True
GAS,10,AlphaTauri,57,71.008,19.384,30.649,20.975,SOFT,3,8,15,1,False,None,None,True,6036.46,2020-07-12T14:20:38.482000000,True
GAS,10,AlphaTauri,58,68.541,17.469,30.307,20.765,SOFT,3,9,15,1,False,None,None,True,6107.468,2020-07-12T14:21:49.490000000,True
GAS,10,AlphaTauri,59,68.638,17.566,30.323,20.749,SOFT,3,10,15,1,False,None,None,True,6176.009,2020-07-12T14:22:58.031000000,True
GAS,10,AlphaTauri,60,68.247,17.456,30.085,20.706,SOFT,3,11,15,1,False,None,None,True,6244.647,2020-07-12T14:24:06.669000000,True
GAS,10,AlphaTauri,61,68.269,17.528,30.068,20.673,SOFT,3,12,15,1,False,None,None,True,6312.894,2020-07-12T14:25:14.916000000,True
GAS,10,AlphaTauri,62,68.359,17.528,30.049,20.782,SOFT,3,13,15,1,False,None,None,True,6381.163,2020-07-12T14:26:23.185000000,True
GAS,10,AlphaTauri,63,68.405,17.501,30.11,20.794,SOFT,3,14,15,1,False,None,None,True,6449.522,2020-07-12T14:27:31.544000000,True
GAS,10,AlphaTauri,64,68.42,17.564,30.164,20.692,SOFT,3,15,15,1,False,None,None,True,6517.927,2020-07-12T14:28:39.949000000,True
GAS,10,AlphaTauri,65,68.321,17.505,30.271,20.545,SOFT,3,16,15,1,False,None,None,True,6586.347,2020-07-12T14:29:48.369000000,True
GAS,10,AlphaTauri,66,68.095,17.509,30.076,20.51,SOFT,3,17,15,1,True,None,None,True,6654.668,2020-07-12T14:30:56.690000000,True
GAS,10,AlphaTauri,67,68.276,17.533,30.247,20.496,SOFT,3,18,15,1,False,None,None,True,6722.763,2020-07-12T14:32:04.785000000,True
GAS,10,AlphaTauri,68,68.263,17.525,30.145,20.593,SOFT,3,19,15,1,False,None,None,True,6791.039,2020-07-12T14:33:13.061000000,True
GAS,10,AlphaTauri,69,67.827,17.447,30.01,20.37,SOFT,3,20,15,1,True,None,None,True,6859.302,2020-07-12T14:34:21.324000000,True
GAS,10,AlphaTauri,70,71.033,17.554,31.589,21.89,SOFT,3,21,15,1,False,None,None,True,6927.129,2020-07-12T14:35:29.151000000,True
GIO,99,Alfa Romeo Racing,1,100.4,None,34.984,42.088,MEDIUM,1,1,15,14,False,None,None,True,1968.804,2020-07-12T13:12:50.826000000,False
GIO,99,Alfa Romeo Racing,2,119.12,25.54,56.98,36.6,MEDIUM,1,2,14,4,True,None,None,True,2069.392,2020-07-12T13:14:31.414000000,False
GIO,99,Alfa Romeo Racing,3,97.711,27.262,43.448,27.001,MEDIUM,1,3,14,41,True,None,None,True,2188.512,2020-07-12T13:16:30.534000000,False
GIO,99,Alfa Romeo Racing,4,72.706,17.825,32.622,22.259,MEDIUM,1,4,14,12,True,None,None,True,2286.223,2020-07-12T13:18:08.245000000,True
GIO,99,Alfa Romeo Racing,5,71.78,17.867,31.79,22.123,MEDIUM,1,5,14,1,True,None,None,True,2358.929,2020-07-12T13:19:20.951000000,True
GIO,99,Alfa Romeo Racing,6,71.028,17.419,31.645,21.964,MEDIUM,1,6,14,1,True,None,None,True,2430.709,2020-07-12T13:20:32.731000000,True
GIO,99,Alfa Romeo Racing,7,71.171,17.255,31.99,21.926,MEDIUM,1,7,14,1,False,None,None,True,2501.737,2020-07-12T13:21:43.759000000,True
GIO,99,Alfa Romeo Racing,8,70.377,17.32,31.348,21.709,MEDIUM,1,8,13,1,True,None,None,True,2572.908,2020-07-12T13:22:54.930000000,True
GIO,99,Alfa Romeo Racing,9,70.514,17.723,31.207,21.584,MEDIUM,1,9,13,1,False,None,None,True,2643.285,2020-07-12T13:24:05.307000000,True
GIO,99,Alfa Romeo Racing,10,70.416,17.778,31.115,21.523,MEDIUM,1,10,13,1,False,None,None,True,2713.799,2020-07-12T13:25:15.821000000,True
GIO,99,Alfa Romeo Racing,11,70.121,17.61,31.022,21.489,MEDIUM,1,11,13,1,True,None,None,True,2784.215,2020-07-12T13:26:26.237000000,True
GIO,99,Alfa Romeo Racing,12,70.385,17.663,31.155,21.567,MEDIUM,1,12,13,1,False,None,None,True,2854.336,2020-07-12T13:27:36.358000000,True
GIO,99,Alfa Romeo Racing,13,70.261,17.648,31.11,21.503,MEDIUM,1,13,13,1,False,None,None,True,2924.721,2020-07-12T13:28:46.743000000,True
GIO,99,Alfa Romeo Racing,14,70.143,17.608,31.074,21.461,MEDIUM,1,14,13,1,False,None,None,True,2994.982,2020-07-12T13:29:57.004000000,True
GIO,99,Alfa Romeo Racing,15,70.348,17.757,31.041,21.55,MEDIUM,1,15,13,1,False,None,None,True,3065.125,2020-07-12T13:31:07.147000000,True
GIO,99,Alfa Romeo Racing,16,70.291,17.704,31.08,21.507,MEDIUM,1,16,13,1,False,None,None,True,3135.473,2020-07-12T13:32:17.495000000,True
GIO,99,Alfa Romeo Racing,17,70.456,17.647,31.197,21.612,MEDIUM,1,17,13,1,False,None,None,True,3205.764,2020-07-12T13:33:27.786000000,True
GIO,99,Alfa Romeo Racing,18,70.237,17.539,31.133,21.565,MEDIUM,1,18,13,1,False,None,None,True,3276.22,2020-07-12T13:34:38.242000000,True
GIO,99,Alfa Romeo Racing,19,70.27,17.678,31.027,21.565,MEDIUM,1,19,13,1,False,None,None,True,3346.457,2020-07-12T13:35:48.479000000,True
GIO,99,Alfa Romeo Racing,20,70.251,17.638,31.072,21.541,MEDIUM,1,20,13,1,False,None,None,True,3416.727,2020-07-12T13:36:58.749000000,True
GIO,99,Alfa Romeo Racing,21,70.072,17.57,31.152,21.35,MEDIUM,1,21,13,1,True,None,None,True,3486.978,2020-07-12T13:38:09.000000000,True
GIO,99,Alfa Romeo Racing,22,70.081,17.567,31.132,21.382,MEDIUM,1,22,13,1,False,None,None,True,3557.05,2020-07-12T13:39:19.072000000,True
GIO,99,Alfa Romeo Racing,23,70.176,17.585,31.145,21.446,MEDIUM,1,23,13,1,False,None,None,True,3627.131,2020-07-12T13:40:29.153000000,True
GIO,99,Alfa Romeo Racing,24,70.21,17.694,31.149,21.367,MEDIUM,1,24,12,1,False,None,None,True,3697.307,2020-07-12T13:41:39.329000000,True
GIO,99,Alfa Romeo Racing,25,70.247,17.614,31.214,21.419,MEDIUM,1,25,12,1,False,None,None,True,3767.517,2020-07-12T13:42:49.539000000,True
GIO,99,Alfa Romeo Racing,26,70.1,17.596,31.2,21.304,MEDIUM,1,26,11,1,False,None,None,True,3837.764,2020-07-12T13:43:59.786000000,True
GIO,99,Alfa Romeo Racing,27,69.932,17.549,31.048,21.335,MEDIUM,1,27,11,1,True,None,None,True,3907.864,2020-07-12T13:45:09.886000000,True
GIO,99,Alfa Romeo Racing,28,69.952,17.652,31.016,21.284,MEDIUM,1,28,11,1,False,None,None,True,3977.796,2020-07-12T13:46:19.818000000,True
GIO,99,Alfa Romeo Racing,29,69.951,17.565,31.042,21.344,MEDIUM,1,29,11,1,False,None,None,True,4047.748,2020-07-12T13:47:29.770000000,True
GIO,99,Alfa Romeo Racing,30,69.799,17.596,30.9,21.303,MEDIUM,1,30,11,1,True,None,None,True,4117.699,2020-07-12T13:48:39.721000000,True
GIO,99,Alfa Romeo Racing,31,69.829,17.648,30.914,21.267,MEDIUM,1,31,11,1,False,None,None,True,4187.498,2020-07-12T13:49:49.520000000,True
GIO,99,Alfa Romeo Racing,32,69.686,17.572,30.968,21.146,MEDIUM,1,32,11,1,True,None,None,True,4257.327,2020-07-12T13:50:59.349000000,True
GIO,99,Alfa Romeo Racing,33,69.513,17.543,30.816,21.154,MEDIUM,1,33,10,1,True,None,None,True,4327.013,2020-07-12T13:52:09.035000000,True
GIO,99,Alfa Romeo Racing,34,69.782,17.649,30.974,21.159,MEDIUM,1,34,9,1,False,None,None,True,4396.526,2020-07-12T13:53:18.548000000,True
GIO,99,Alfa Romeo Racing,35,69.874,17.591,31.16,21.123,MEDIUM,1,35,9,1,False,None,None,True,4466.308,2020-07-12T13:54:28.330000000,True
GIO,99,Alfa Romeo Racing,36,70.076,17.543,31.42,21.113,MEDIUM,1,36,8,1,False,None,None,True,4536.182,2020-07-12T13:55:38.204000000,True
GIO,99,Alfa Romeo Racing,37,70.233,17.476,31.48,21.277,MEDIUM,1,37,9,1,False,None,None,True,4606.258,2020-07-12T13:56:48.280000000,True
GIO,99,Alfa Romeo Racing,38,70.255,17.484,31.578,21.193,MEDIUM,1,38,10,1,False,None,None,True,4676.491,2020-07-12T13:57:58.513000000,True
GIO,99,Alfa Romeo Racing,39,73.516,17.498,31.139,24.879,MEDIUM,1,39,11,1,False,None,4817.006,True,4746.746,2020-07-12T13:59:08.768000000,False
GIO,99,Alfa Romeo Racing,40,87.026,34.8,31.106,21.12,SOFT,2,1,14,1,False,4838.694,None,True,4820.262,2020-07-12T14:00:22.284000000,False
GIO,99,Alfa Romeo Racing,41,68.658,16.929,30.404,21.325,SOFT,2,2,13,1,True,None,None,True,4907.288,2020-07-12T14:01:49.310000000,True
GIO,99,Alfa Romeo Racing,42,68.731,17.047,30.628,21.056,SOFT,2,3,13,1,False,None,None,True,4975.946,2020-07-12T14:02:57.968000000,True
GIO,99,Alfa Romeo Racing,43,68.935,17.185,30.589,21.161,SOFT,2,4,13,1,False,None,None,True,5044.677,2020-07-12T14:04:06.699000000,True
GIO,99,Alfa Romeo Racing,44,69.307,17.418,30.704,21.185,SOFT,2,5,13,1,False,None,None,True,5113.612,2020-07-12T14:05:15.634000000,True
GIO,99,Alfa Romeo Racing,45,69.274,17.439,30.873,20.962,SOFT,2,6,12,1,False,None,None,True,5182.919,2020-07-12T14:06:24.941000000,True
GIO,99,Alfa Romeo Racing,46,68.856,16.974,30.824,21.058,SOFT,2,7,12,1,False,None,None,True,5252.193,2020-07-12T14:07:34.215000000,True
GIO,99,Alfa Romeo Racing,47,69.243,17.049,30.991,21.203,SOFT,2,8,11,1,False,None,None,True,5321.049,2020-07-12T14:08:43.071000000,True
GIO,99,Alfa Romeo Racing,48,70.928,18.366,31.383,21.179,SOFT,2,9,11,1,False,None,None,True,5390.292,2020-07-12T14:09:52.314000000,True
GIO,99,Alfa Romeo Racing,49,69.069,17.605,30.626,20.838,SOFT,2,10,11,1,False,None,None,True,5461.22,2020-07-12T14:11:03.242000000,True
GIO,99,Alfa Romeo Racing,50,69.006,17.519,30.535,20.952,SOFT,2,11,11,1,False,None,None,True,5530.289,2020-07-12T14:12:12.311000000,True
GIO,99,Alfa Romeo Racing,51,69.044,17.513,30.656,20.875,SOFT,2,12,11,1,False,None,None,True,5599.295,2020-07-12T14:13:21.317000000,True
GIO,99,Alfa Romeo Racing,52,69.015,17.51,30.589,20.916,SOFT,2,13,11,1,False,None,None,True,5668.339,2020-07-12T14:14:30.361000000,True
GIO,99,Alfa Romeo Racing,53,68.813,17.448,30.549,20.816,SOFT,2,14,11,1,False,None,None,True,5737.354,2020-07-12T14:15:39.376000000,True
GIO,99,Alfa Romeo Racing,54,68.512,17.314,30.464,20.734,SOFT,2,15,11,1,True,None,None,True,5806.167,2020-07-12T14:16:48.189000000,True
GIO,99,Alfa Romeo Racing,55,68.735,17.405,30.642,20.688,SOFT,2,16,11,1,False,None,None,True,5874.679,2020-07-12T14:17:56.701000000,True
GIO,99,Alfa Romeo Racing,56,68.658,17.375,30.588,20.695,SOFT,2,17,11,1,False,None,None,True,5943.414,2020-07-12T14:19:05.436000000,True
GIO,99,Alfa Romeo Racing,57,68.572,17.347,30.55,20.675,SOFT,2,18,11,1,False,None,None,True,6012.072,2020-07-12T14:20:14.094000000,True
GIO,99,Alfa Romeo Racing,58,68.892,17.364,30.719,20.809,SOFT,2,19,11,1,False,None,None,True,6080.644,2020-07-12T14:21:22.666000000,True
GIO,99,Alfa Romeo Racing,59,70.136,17.98,31.097,21.059,SOFT,2,20,12,1,False,None,None,True,6149.536,2020-07-12T14:22:31.558000000,True
GIO,99,Alfa Romeo Racing,60,69.283,17.308,31.006,20.969,SOFT,2,21,12,1,False,None,None,True,6219.672,2020-07-12T14:23:41.694000000,True
GIO,99,Alfa Romeo Racing,61,68.769,17.422,30.466,20.881,SOFT,2,22,12,1,False,None,None,True,6288.955,2020-07-12T14:24:50.977000000,True
GIO,99,Alfa Romeo Racing,62,68.84,17.398,30.687,20.755,SOFT,2,23,12,1,False,None,None,True,6357.724,2020-07-12T14:25:59.746000000,True
GIO,99,Alfa Romeo Racing,63,68.832,17.35,30.674,20.808,SOFT,2,24,12,1,False,None,None,True,6426.564,2020-07-12T14:27:08.586000000,True
GIO,99,Alfa Romeo Racing,64,68.834,17.325,30.76,20.749,SOFT,2,25,12,1,False,None,None,True,6495.396,2020-07-12T14:28:17.418000000,True
GIO,99,Alfa Romeo Racing,65,68.987,17.367,30.779,20.841,SOFT,2,26,12,1,False,None,None,True,6564.23,2020-07-12T14:29:26.252000000,True
GIO,99,Alfa Romeo Racing,66,68.548,17.347,30.57,20.631,SOFT,2,27,12,1,False,None,None,True,6633.217,2020-07-12T14:30:35.239000000,True
GIO,99,Alfa Romeo Racing,67,68.657,17.31,30.618,20.729,SOFT,2,28,12,1,False,None,None,True,6701.765,2020-07-12T14:31:43.787000000,True
GIO,99,Alfa Romeo Racing,68,72.038,17.334,32.605,22.099,SOFT,2,29,14,1,False,None,None,True,6770.422,2020-07-12T14:32:52.444000000,True
GIO,99,Alfa Romeo Racing,69,70.254,17.333,31.406,21.515,SOFT,2,30,14,1,False,None,None,True,6842.46,2020-07-12T14:34:04.482000000,True
GIO,99,Alfa Romeo Racing,70,70.651,17.623,31.342,21.686,SOFT,2,31,14,1,False,None,None,True,6912.714,2020-07-12T14:35:14.736000000,True
GRO,8,Haas F1 Team,1,103.86,None,32.662,43.243,SOFT,1,1,19,14,False,1979.071,None,True,1968.804,2020-07-12T13:12:50.826000000,False
GRO,8,Haas F1 Team,2,119.726,25.693,56.537,37.496,SOFT,1,2,17,4,True,None,None,True,2072.852,2020-07-12T13:14:34.874000000,False
GRO,8,Haas F1 Team,3,94.898,26.068,42.833,25.997,SOFT,1,3,17,41,True,None,None,True,2192.578,2020-07-12T13:16:34.600000000,False
GRO,8,Haas F1 Team,4,72.967,18.007,32.552,22.408,SOFT,1,4,16,12,True,None,None,True,2287.476,2020-07-12T13:18:09.498000000,True
GRO,8,Haas F1 Team,5,71.939,17.782,32.133,22.024,SOFT,1,5,16,1,True,None,None,True,2360.443,2020-07-12T13:19:22.465000000,True
GRO,8,Haas F1 Team,6,71.073,17.539,31.776,21.758,SOFT,1,6,16,1,True,None,None,True,2432.382,2020-07-12T13:20:34.404000000,True
GRO,8,Haas F1 Team,7,70.554,17.452,31.292,21.81,SOFT,1,7,15,1,True,None,None,True,2503.455,2020-07-12T13:21:45.477000000,True
GRO,8,Haas F1 Team,8,70.946,17.609,31.588,21.749,SOFT,1,8,15,1,False,None,None,True,2574.009,2020-07-12T13:22:56.031000000,True
GRO,8,Haas F1 Team,9,70.751,17.564,31.48,21.707,SOFT,1,9,15,1,False,None,None,True,2644.955,2020-07-12T13:24:06.977000000,True
GRO,8,Haas F1 Team,10,70.57,17.488,31.601,21.481,SOFT,1,10,15,1,False,None,None,True,2715.706,2020-07-12T13:25:17.728000000,True
GRO,8,Haas F1 Team,11,70.251,17.494,31.339,21.418,SOFT,1,11,14,1,True,None,None,True,2786.276,2020-07-12T13:26:28.298000000,True
GRO,8,Haas F1 Team,12,70.04,17.596,31.076,21.368,SOFT,1,12,14,1,True,None,None,True,2856.527,2020-07-12T13:27:38.549000000,True
GRO,8,Haas F1 Team,13,70.113,17.637,31.118,21.358,SOFT,1,13,14,1,False,None,None,True,2926.567,2020-07-12T13:28:48.589000000,True
GRO,8,Haas F1 Team,14,70.293,17.615,31.268,21.41,SOFT,1,14,14,1,False,None,None,True,2996.68,2020-07-12T13:29:58.702000000,True
GRO,8,Haas F1 Team,15,70.126,17.757,31.162,21.207,SOFT,1,15,14,1,False,None,None,True,3066.973,2020-07-12T13:31:08.995000000,True
GRO,8,Haas F1 Team,16,70.333,17.677,31.42,21.236,SOFT,1,16,14,1,False,None,None,True,3137.099,2020-07-12T13:32:19.121000000,True
GRO,8,Haas F1 Team,17,70.641,17.549,31.664,21.428,SOFT,1,17,14,1,False,None,None,True,3207.432,2020-07-12T13:33:29.454000000,True
GRO,8,Haas F1 Team,18,71.665,17.63,32.206,21.829,SOFT,1,18,15,1,False,None,None,True,3278.073,2020-07-12T13:34:40.095000000,True
GRO,8,Haas F1 Team,19,70.234,17.66,31.194,21.38,SOFT,1,19,15,1,False,None,None,True,3349.738,2020-07-12T13:35:51.760000000,True
GRO,8,Haas F1 Team,20,70.695,17.668,31.648,21.379,SOFT,1,20,15,1,False,None,None,True,3419.972,2020-07-12T13:37:01.994000000,True
GRO,8,Haas F1 Team,21,69.818,17.551,31.12,21.147,SOFT,1,21,15,1,True,None,None,True,3490.667,2020-07-12T13:38:12.689000000,True
GRO,8,Haas F1 Team,22,71.796,17.487,32.807,21.502,SOFT,1,22,16,1,False,None,None,True,3560.485,2020-07-12T13:39:22.507000000,True
GRO,8,Haas F1 Team,23,69.847,17.352,31.226,21.269,SOFT,1,23,16,1,False,None,None,True,3632.281,2020-07-12T13:40:34.303000000,True
GRO,8,Haas F1 Team,24,69.928,17.307,31.386,21.235,SOFT,1,24,16,1,False,None,None,True,3702.128,2020-07-12T13:41:44.150000000,True
GRO,8,Haas F1 Team,25,70.031,17.337,31.476,21.218,SOFT,1,25,15,1,False,None,None,True,3772.056,2020-07-12T13:42:54.078000000,True
GRO,8,Haas F1 Team,26,70.245,17.529,31.457,21.259,SOFT,1,26,14,1,False,None,None,True,3842.087,2020-07-12T13:44:04.109000000,True
GRO,8,Haas F1 Team,27,69.636,17.242,31.227,21.167,SOFT,1,27,14,1,True,None,None,True,3912.332,2020-07-12T13:45:14.354000000,True
GRO,8,Haas F1 Team,28,69.822,17.411,31.213,21.198,SOFT,1,28,14,1,False,None,None,True,3981.968,2020-07-12T13:46:23.990000000,True
GRO,8,Haas F1 Team,29,70.026,17.24,31.264,21.522,SOFT,1,29,14,1,False,None,None,True,4051.79,2020-07-12T13:47:33.812000000,True
GRO,8,Haas F1 Team,30,70.002,17.485,31.151,21.366,SOFT,1,30,14,1,False,None,None,True,4121.816,2020-07-12T13:48:43.838000000,True
GRO,8,Haas F1 Team,31,69.852,17.631,31.036,21.185,SOFT,1,31,13,1,False,None,None,True,4191.818,2020-07-12T13:49:53.840000000,True
GRO,8,Haas F1 Team,32,69.311,17.361,30.83,21.12,SOFT,1,32,13,1,True,None,None,True,4261.67,2020-07-12T13:51:03.692000000,True
GRO,8,Haas F1 Team,33,69.257,17.412,30.848,20.997,SOFT,1,33,12,1,True,None,None,True,4330.981,2020-07-12T13:52:13.003000000,True
GRO,8,Haas F1 Team,34,71.19,17.636,32.129,21.425,SOFT,1,34,13,1,False,None,None,True,4400.238,2020-07-12T13:53:22.260000000,True
GRO,8,Haas F1 Team,35,69.859,17.657,31.193,21.009,SOFT,1,35,13,1,False,None,None,True,4471.428,2020-07-12T13:54:33.450000000,True
GRO,8,Haas F1 Team,36,69.943,17.543,31.266,21.134,SOFT,1,36,13,1,False,None,None,True,4541.287,2020-07-12T13:55:43.309000000,True
GRO,8,Haas F1 Team,37,73.985,17.457,31.269,25.259,SOFT,1,37,12,1,False,None,4681.963,True,4611.23,2020-07-12T13:56:53.252000000,False
GRO,8,Haas F1 Team,38,87.914,35.977,30.957,20.98,MEDIUM,2,1,15,1,False,4704.406,None,True,4685.215,2020-07-12T13:58:07.237000000,False
GRO,8,Haas F1 Team,39,68.842,17.374,30.522,20.946,MEDIUM,2,2,15,1,True,None,None,True,4773.129,2020-07-12T13:59:35.151000000,True
GRO,8,Haas F1 Team,40,68.462,17.329,30.319,20.814,MEDIUM,2,3,15,1,True,None,None,True,4841.971,2020-07-12T14:00:43.993000000,True
GRO,8,Haas F1 Team,41,68.478,17.305,30.383,20.79,MEDIUM,2,4,15,1,False,None,None,True,4910.433,2020-07-12T14:01:52.455000000,True
GRO,8,Haas F1 Team,42,70.469,17.305,32.083,21.081,MEDIUM,2,5,15,1,False,None,None,True,4978.911,2020-07-12T14:03:00.933000000,True
GRO,8,Haas F1 Team,43,68.812,17.482,30.462,20.868,MEDIUM,2,6,15,1,False,None,None,True,5049.38,2020-07-12T14:04:11.402000000,True
GRO,8,Haas F1 Team,44,68.89,17.398,30.592,20.9,MEDIUM,2,7,15,1,False,None,None,True,5118.192,2020-07-12T14:05:20.214000000,True
GRO,8,Haas F1 Team,45,69.268,17.414,30.863,20.991,MEDIUM,2,8,15,1,False,None,None,True,5187.082,2020-07-12T14:06:29.104000000,True
GRO,8,Haas F1 Team,46,69.229,17.515,30.921,20.793,MEDIUM,2,9,15,1,False,None,None,True,5256.35,2020-07-12T14:07:38.372000000,True
GRO,8,Haas F1 Team,47,69.433,17.483,30.837,21.113,MEDIUM,2,10,15,1,False,None,None,True,5325.579,2020-07-12T14:08:47.601000000,True
GRO,8,Haas F1 Team,48,69.486,17.491,30.916,21.079,MEDIUM,2,11,14,1,False,None,None,True,5395.012,2020-07-12T14:09:57.034000000,True
GRO,8,Haas F1 Team,49,70.092,17.355,31.428,21.309,MEDIUM,2,12,13,1,False,None,None,True,5464.498,2020-07-12T14:11:06.520000000,True
GRO,8,Haas F1 Team,50,69.05,17.427,30.747,20.876,MEDIUM,2,13,13,1,False,None,None,True,5534.59,2020-07-12T14:12:16.612000000,True
GRO,8,Haas F1 Team,51,68.849,17.488,30.684,20.677,MEDIUM,2,14,13,1,False,None,None,True,5603.64,2020-07-12T14:13:25.662000000,True
GRO,8,Haas F1 Team,52,68.559,17.294,30.571,20.694,MEDIUM,2,15,13,1,False,None,None,True,5672.489,2020-07-12T14:14:34.511000000,True
GRO,8,Haas F1 Team,53,68.83,17.365,30.719,20.746,MEDIUM,2,16,13,1,False,None,None,True,5741.048,2020-07-12T14:15:43.070000000,True
GRO,8,Haas F1 Team,54,68.387,17.289,30.456,20.642,MEDIUM,2,17,13,1,True,None,None,True,5809.878,2020-07-12T14:16:51.900000000,True
GRO,8,Haas F1 Team,55,68.477,17.321,30.506,20.65,MEDIUM,2,18,13,1,False,None,None,True,5878.265,2020-07-12T14:18:00.287000000,True
GRO,8,Haas F1 Team,56,68.573,17.254,30.672,20.647,MEDIUM,2,19,13,1,False,None,None,True,5946.742,2020-07-12T14:19:08.764000000,True
GRO,8,Haas F1 Team,57,68.532,17.298,30.638,20.596,MEDIUM,2,20,13,1,False,None,None,True,6015.315,2020-07-12T14:20:17.337000000,True
GRO,8,Haas F1 Team,58,68.388,17.275,30.493,20.62,MEDIUM,2,21,13,1,False,None,None,True,6083.847,2020-07-12T14:21:25.869000000,True
GRO,8,Haas F1 Team,59,68.342,17.279,30.45,20.613,MEDIUM,2,22,13,1,True,None,None,True,6152.235,2020-07-12T14:22:34.257000000,True
GRO,8,Haas F1 Team,60,68.967,17.085,30.976,20.906,MEDIUM,2,23,13,1,False,None,None,True,6220.577,2020-07-12T14:23:42.599000000,True
GRO,8,Haas F1 Team,61,68.888,17.168,30.866,20.854,MEDIUM,2,24,13,1,False,None,None,True,6289.544,2020-07-12T14:24:51.566000000,True
GRO,8,Haas F1 Team,62,68.793,17.051,30.943,20.799,MEDIUM,2,25,13,1,False,None,None,True,6358.432,2020-07-12T14:26:00.454000000,True
GRO,8,Haas F1 Team,63,68.888,17.032,31.118,20.738,MEDIUM,2,26,13,1,False,None,None,True,6427.225,2020-07-12T14:27:09.247000000,True
GRO,8,Haas F1 Team,64,68.887,16.989,31.122,20.776,MEDIUM,2,27,13,1,False,None,None,True,6496.113,2020-07-12T14:28:18.135000000,True
GRO,8,Haas F1 Team,65,69.86,17.16,31.901,20.799,MEDIUM,2,28,14,1,False,None,None,True,6565.0,2020-07-12T14:29:27.022000000,True
GRO,8,Haas F1 Team,66,68.234,16.854,30.763,20.617,MEDIUM,2,29,14,1,True,None,None,True,6634.86,2020-07-12T14:30:36.882000000,True
GRO,8,Haas F1 Team,67,68.618,16.986,30.96,20.672,MEDIUM,2,30,14,1,False,None,None,True,6703.094,2020-07-12T14:31:45.116000000,True
GRO,8,Haas F1 Team,68,70.522,17.428,31.518,21.576,MEDIUM,2,31,13,1,False,None,None,True,6771.712,2020-07-12T14:32:53.734000000,True
GRO,8,Haas F1 Team,69,68.047,16.905,30.622,20.52,MEDIUM,2,32,13,1,True,None,None,True,6842.234,2020-07-12T14:34:04.256000000,True
GRO,8,Haas F1 Team,70,68.329,16.948,30.566,20.815,MEDIUM,2,33,13,1,False,None,None,True,6910.281,2020-07-12T14:35:12.303000000,True
HAM,44,Mercedes,1,78.184,None,30.354,27.743,SOFT,1,1,1,14,False,None,None,True,1968.804,2020-07-12T13:12:50.826000000,False
HAM,44,Mercedes,2,125.472,26.692,63.909,34.871,SOFT,1,2,1,4,True,None,None,True,2047.176,2020-07-12T13:14:09.198000000,False
HAM,44,Mercedes,3,107.6,27.534,46.844,33.222,SOFT,1,3,1,41,True,None,None,True,2172.648,2020-07-12T13:16:14.670000000,False
HAM,44,Mercedes,4,68.631,17.314,30.323,20.994,SOFT,1,4,1,12,True,None,None,True,2280.248,2020-07-12T13:18:02.270000000,True
HAM,44,Mercedes,5,68.968,17.367,30.667,20.934,SOFT,1,5,1,1,False,None,None,True,2348.879,2020-07-12T13:19:10.901000000,True
HAM,44,Mercedes,6,68.897,17.428,30.488,20.981,SOFT,1,6,1,1,False,None,None,True,2417.847,2020-07-12T13:20:19.869000000,True
HAM,44,Mercedes,7,68.61,17.317,30.404,20.889,SOFT,1,7,1,1,True,None,None,True,2486.744,2020-07-12T13:21:28.766000000,True
HAM,44,Mercedes,8,68.581,17.335,30.394,20.852,SOFT,1,8,1,1,True,None,None,True,2555.354,2020-07-12T13:22:37.376000000,True
HAM,44,Mercedes,9,68.845,17.244,30.775,20.826,SOFT,1,9,1,1,False,None,None,True,2623.935,2020-07-12T13:23:45.957000000,True
HAM,44,Mercedes,10,68.774,17.409,30.387,20.978,SOFT,1,10,1,1,False,None,None,True,2692.78,2020-07-12T13:24:54.802000000,True
HAM,44,Mercedes,11,69.012,17.388,30.757,20.867,SOFT,1,11,1,1,False,None,None,True,2761.554,2020-07-12T13:26:03.576000000,True
HAM,44,Mercedes,12,68.653,17.332,30.408,20.913,SOFT,1,12,1,1,False,None,None,True,2830.566,2020-07-12T13:27:12.588000000,True
HAM,44,Mercedes,13,68.484,17.339,30.328,20.817,SOFT,1,13,1,1,True,None,None,True,2899.219,2020-07-12T13:28:21.241000000,True
HAM,44,Mercedes,14,68.85,17.265,30.591,20.994,SOFT,1,14,1,1,False,None,None,True,2967.703,2020-07-12T13:29:29.725000000,True
HAM,44,Mercedes,15,68.561,17.349,30.47,20.742,SOFT,1,15,1,1,False,None,None,True,3036.553,2020-07-12T13:30:38.575000000,True
HAM,44,Mercedes,16,68.552,17.339,30.422,20.791,SOFT,1,16,1,1,False,None,None,True,3105.114,2020-07-12T13:31:47.136000000,True
HAM,44,Mercedes,17,68.813,17.314,30.821,20.678,SOFT,1,17,1,1,False,None,None,True,3173.666,2020-07-12T13:32:55.688000000,True
HAM,44,Mercedes,18,68.491,17.304,30.421,20.766,SOFT,1,18,1,1,False,None,None,True,3242.479,2020-07-12T13:34:04.501000000,True
HAM,44,Mercedes,19,68.385,17.361,30.395,20.629,SOFT,1,19,1,1,True,None,None,True,3310.97,2020-07-12T13:35:12.992000000,True
HAM,44,Mercedes,20,68.183,17.243,30.339,20.601,SOFT,1,20,1,1,True,None,None,True,3379.355,2020-07-12T13:36:21.377000000,True
HAM,44,Mercedes,21,68.419,17.234,30.472,20.713,SOFT,1,21,1,1,False,None,None,True,3447.538,2020-07-12T13:37:29.560000000,True
HAM,44,Mercedes,22,68.319,17.268,30.406,20.645,SOFT,1,22,1,1,False,None,None,True,3515.957,2020-07-12T13:38:37.979000000,True
HAM,44,Mercedes,23,68.782,17.171,31.003,20.608,SOFT,1,23,1,1,False,None,None,True,3584.276,2020-07-12T13:39:46.298000000,True
HAM,44,Mercedes,24,68.539,17.302,30.473,20.764,SOFT,1,24,1,1,False,None,None,True,3653.058,2020-07-12T13:40:55.080000000,True
HAM,44,Mercedes,25,68.404,17.298,30.382,20.724,SOFT,1,25,1,1,False,None,None,True,3721.597,2020-07-12T13:42:03.619000000,True
HAM,44,Mercedes,26,68.482,17.285,30.524,20.673,SOFT,1,26,1,1,False,None,None,True,3790.001,2020-07-12T13:43:12.023000000,True
HAM,44,Mercedes,27,71.845,17.3,30.528,24.017,SOFT,1,27,1,1,False,None,3927.16,True,3858.483,2020-07-12T13:44:20.505000000,False
HAM,44,Mercedes,28,85.661,34.666,30.359,20.636,MEDIUM,2,1,2,1,False,3948.786,None,True,3930.328,2020-07-12T13:45:32.350000000,False
HAM,44,Mercedes,29,67.863,17.065,30.096,20.702,MEDIUM,2,2,2,1,True,None,None,True,4015.989,2020-07-12T13:46:58.011000000,True
HAM,44,Mercedes,30,68.071,17.075,30.213,20.783,MEDIUM,2,3,2,1,False,None,None,True,4083.852,2020-07-12T13:48:05.874000000,True
HAM,44,Mercedes,31,68.135,17.304,30.143,20.688,MEDIUM,2,4,2,1,False,None,None,True,4151.923,2020-07-12T13:49:13.945000000,True
HAM,44,Mercedes,32,68.033,17.2,30.042,20.791,MEDIUM,2,5,2,1,False,None,None,True,4220.058,2020-07-12T13:50:22.080000000,True
HAM,44,Mercedes,33,67.897,17.149,30.074,20.674,MEDIUM,2,6,2,1,False,None,None,True,4288.091,2020-07-12T13:51:30.113000000,True
HAM,44,Mercedes,34,68.094,17.177,30.159,20.758,MEDIUM,2,7,2,1,False,None,None,True,4355.988,2020-07-12T13:52:38.010000000,True
HAM,44,Mercedes,35,68.409,17.253,30.397,20.759,MEDIUM,2,8,1,1,False,None,None,True,4424.082,2020-07-12T13:53:46.104000000,True
HAM,44,Mercedes,36,67.95,17.261,30.074,20.615,MEDIUM,2,9,1,1,False,None,None,True,4492.491,2020-07-12T13:54:54.513000000,True
HAM,44,Mercedes,37,67.876,17.17,30.165,20.541,MEDIUM,2,10,1,1,False,None,None,True,4560.441,2020-07-12T13:56:02.463000000,True
HAM,44,Mercedes,38,68.467,17.147,30.351,20.969,MEDIUM,2,11,1,1,False,None,None,True,4628.317,2020-07-12T13:57:10.339000000,True
HAM,44,Mercedes,39,67.651,16.93,30.058,20.663,MEDIUM,2,12,1,1,True,None,None,True,4696.784,2020-07-12T13:58:18.806000000,True
HAM,44,Mercedes,40,68.04,17.111,30.173,20.756,MEDIUM,2,13,1,1,False,None,None,True,4764.435,2020-07-12T13:59:26.457000000,True
HAM,44,Mercedes,41,67.864,16.888,30.288,20.688,MEDIUM,2,14,1,1,False,None,None,True,4832.475,2020-07-12T14:00:34.497000000,True
HAM,44,Mercedes,42,68.157,17.338,30.231,20.588,MEDIUM,2,15,1,1,False,None,None,True,4900.339,2020-07-12T14:01:42.361000000,True
HAM,44,Mercedes,43,67.744,17.223,30.004,20.517,MEDIUM,2,16,1,1,False,None,None,True,4968.496,2020-07-12T14:02:50.518000000,True
HAM,44,Mercedes,44,67.953,17.178,30.104,20.671,MEDIUM,2,17,1,1,False,None,None,True,5036.24,2020-07-12T14:03:58.262000000,True
HAM,44,Mercedes,45,68.286,17.393,30.176,20.717,MEDIUM,2,18,1,1,False,None,None,True,5104.193,2020-07-12T14:05:06.215000000,True
HAM,44,Mercedes,46,68.47,17.414,30.321,20.735,MEDIUM,2,19,1,1,False,None,None,True,5172.479,2020-07-12T14:06:14.501000000,True
HAM,44,Mercedes,47,68.063,17.198,30.195,20.67,MEDIUM,2,20,1,1,False,None,None,True,5240.949,2020-07-12T14:07:22.971000000,True
HAM,44,Mercedes,48,68.169,17.258,30.279,20.632,MEDIUM,2,21,1,1,False,None,None,True,5309.012,2020-07-12T14:08:31.034000000,True
HAM,44,Mercedes,49,68.182,17.19,30.241,20.751,MEDIUM,2,22,1,1,False,None,None,True,5377.181,2020-07-12T14:09:39.203000000,True
HAM,44,Mercedes,50,68.058,17.38,30.096,20.582,MEDIUM,2,23,1,1,False,None,None,True,5445.363,2020-07-12T14:10:47.385000000,True
HAM,44,Mercedes,51,67.935,17.226,30.077,20.632,MEDIUM,2,24,1,1,False,None,None,True,5513.421,2020-07-12T14:11:55.443000000,True
HAM,44,Mercedes,52,68.032,17.248,30.133,20.651,MEDIUM,2,25,1,1,False,None,None,True,5581.356,2020-07-12T14:13:03.378000000,True
HAM,44,Mercedes,53,67.983,17.252,30.05,20.681,MEDIUM,2,26,1,1,False,None,None,True,5649.388,2020-07-12T14:14:11.410000000,True
HAM,44,Mercedes,54,67.962,17.163,30.159,20.64,MEDIUM,2,27,1,1,False,None,None,True,5717.371,2020-07-12T14:15:19.393000000,True
HAM,44,Mercedes,55,67.767,17.111,30.061,20.595,MEDIUM,2,28,1,1,False,None,None,True,5785.333,2020-07-12T14:16:27.355000000,True
HAM,44,Mercedes,56,67.895,17.157,30.085,20.653,MEDIUM,2,29,1,1,False,None,None,True,5853.1,2020-07-12T14:17:35.122000000,True
HAM,44,Mercedes,57,68.015,17.2,30.212,20.603,MEDIUM,2,30,1,1,False,None,None,True,5920.995,2020-07-12T14:18:43.017000000,True
HAM,44,Mercedes,58,67.977,17.145,30.23,20.602,MEDIUM,2,31,1,1,False,None,None,True,5989.01,2020-07-12T14:19:51.032000000,True
HAM,44,Mercedes,59,68.133,17.381,30.167,20.585,MEDIUM,2,32,1,1,False,None,None,True,6056.987,2020-07-12T14:20:59.009000000,True
HAM,44,Mercedes,60,67.929,17.182,30.142,20.605,MEDIUM,2,33,1,1,False,None,None,True,6125.12,2020-07-12T14:22:07.142000000,True
HAM,44,Mercedes,61,68.209,17.486,30.118,20.605,MEDIUM,2,34,1,1,False,None,None,True,6193.049,2020-07-12T14:23:15.071000000,True
HAM,44,Mercedes,62,67.781,17.21,29.972,20.599,MEDIUM,2,35,1,1,False,None,None,True,6261.258,2020-07-12T14:24:23.280000000,True
HAM,44,Mercedes,63,67.664,17.121,29.992,20.551,MEDIUM,2,36,1,1,False,None,None,True,6329.039,2020-07-12T14:25:31.061000000,True
HAM,44,Mercedes,64,67.704,17.107,30.081,20.516,MEDIUM,2,37,1,1,False,None,None,True,6396.703,2020-07-12T14:26:38.725000000,True
HAM,44,Mercedes,65,69.083,17.153,30.379,21.551,MEDIUM,2,38,1,1,False,None,None,True,6464.407,2020-07-12T14:27:46.429000000,True
HAM,44,Mercedes,66,67.018,16.902,29.815,20.301,MEDIUM,2,39,1,1,True,None,None,True,6533.49,2020-07-12T14:28:55.512000000,True
HAM,44,Mercedes,67,67.834,16.957,30.2,20.677,MEDIUM,2,40,1,1,False,None,None,True,6600.508,2020-07-12T14:30:02.530000000,True
HAM,44,Mercedes,68,66.719,17.05,29.61,20.059,MEDIUM,2,41,1,1,True,None,None,True,6668.342,2020-07-12T14:31:10.364000000,True
HAM,44,Mercedes,69,68.124,17.061,30.464,20.599,MEDIUM,2,42,1,1,False,None,None,True,6735.061,2020-07-12T14:32:17.083000000,True
HAM,44,Mercedes,70,68.162,17.091,30.396,20.675,MEDIUM,2,43,1,1,False,None,None,True,6803.185,2020-07-12T14:33:25.207000000,True
HAM,44,Mercedes,71,68.328,17.183,30.166,20.979,MEDIUM,2,44,1,1,False,None,None,True,6871.347,2020-07-12T14:34:33.369000000,True
KVY,26,AlphaTauri,1,98.763,None,33.996,41.822,MEDIUM,1,1,14,14,False,None,None,True,1968.804,2020-07-12T13:12:50.826000000,False
KVY,26,AlphaTauri,2,119.748,26.422,56.108,37.218,MEDIUM,1,2,13,4,True,None,None,True,2067.755,2020-07-12T13:14:29.777000000,False
KVY,26,AlphaTauri,3,98.006,26.93,42.911,28.165,MEDIUM,1,3,13,41,True,None,None,True,2187.503,2020-07-12T13:16:29.525000000,False
KVY,26,AlphaTauri,4,72.25,17.869,32.312,22.069,MEDIUM,1,4,12,12,True,None,None,True,2285.509,2020-07-12T13:18:07.531000000,True
KVY,26,AlphaTauri,5,72.162,18.07,32.1,21.992,MEDIUM,1,5,13,1,True,None,None,True,2357.759,2020-07-12T13:19:19.781000000,True
KVY,26,AlphaTauri,6,71.161,17.359,31.8,22.002,MEDIUM,1,6,13,1,True,None,None,True,2429.921,2020-07-12T13:20:31.943000000,True
KVY,26,AlphaTauri,7,70.276,17.196,31.326,21.754,MEDIUM,1,7,12,1,True,None,None,True,2501.082,2020-07-12T13:21:43.104000000,True
KVY,26,AlphaTauri,8,70.296,17.606,31.127,21.563,MEDIUM,1,8,12,1,False,None,None,True,2571.358,2020-07-12T13:22:53.380000000,True
KVY,26,AlphaTauri,9,70.51,17.747,31.21,21.553,MEDIUM,1,9,12,1,False,None,None,True,2641.654,2020-07-12T13:24:03.676000000,True
KVY,26,AlphaTauri,10,70.333,17.662,31.097,21.574,MEDIUM,1,10,12,1,False,None,None,True,2712.164,2020-07-12T13:25:14.186000000,True
KVY,26,AlphaTauri,11,70.14,17.628,31.0,21.512,MEDIUM,1,11,12,1,True,None,None,True,2782.497,2020-07-12T13:26:24.519000000,True
KVY,26,AlphaTauri,12,70.336,17.554,31.149,21.633,MEDIUM,1,12,12,1,False,None,None,True,2852.637,2020-07-12T13:27:34.659000000,True
KVY,26,AlphaTauri,13,70.207,17.525,31.118,21.564,MEDIUM,1,13,12,1,False,None,None,True,2922.973,2020-07-12T13:28:44.995000000,True
KVY,26,AlphaTauri,14,70.406,17.593,31.232,21.581,MEDIUM,1,14,12,1,False,None,None,True,2993.18,2020-07-12T13:29:55.202000000,True
KVY,26,AlphaTauri,15,70.341,17.713,31.177,21.451,MEDIUM,1,15,12,1,False,None,None,True,3063.586,2020-07-12T13:31:05.608000000,True
KVY,26,AlphaTauri,16,70.354,17.7,31.151,21.503,MEDIUM,1,16,12,1,False,None,None,True,3133.927,2020-07-12T13:32:15.949000000,True
KVY,26,AlphaTauri,17,70.427,17.642,31.265,21.52,MEDIUM,1,17,12,1,False,None,None,True,3204.281,2020-07-12T13:33:26.303000000,True
KVY,26,AlphaTauri,18,70.334,17.67,31.176,21.488,MEDIUM,1,18,12,1,False,None,None,True,3274.708,2020-07-12T13:34:36.730000000,True
KVY,26,AlphaTauri,19,70.203,17.661,31.127,21.415,MEDIUM,1,19,12,1,False,None,None,True,3345.042,2020-07-12T13:35:47.064000000,True
KVY,26,AlphaTauri,20,70.065,17.588,31.082,21.395,MEDIUM,1,20,12,1,True,None,None,True,3415.245,2020-07-12T13:36:57.267000000,True
KVY,26,AlphaTauri,21,69.938,17.539,31.023,21.376,MEDIUM,1,21,12,1,True,None,None,True,3485.31,2020-07-12T13:38:07.332000000,True
KVY,26,AlphaTauri,22,70.353,17.576,31.38,21.397,MEDIUM,1,22,12,1,False,None,None,True,3555.248,2020-07-12T13:39:17.270000000,True
KVY,26,AlphaTauri,23,70.403,17.562,31.364,21.477,MEDIUM,1,23,12,1,False,None,None,True,3625.601,2020-07-12T13:40:27.623000000,True
KVY,26,AlphaTauri,24,70.36,17.747,31.203,21.41,MEDIUM,1,24,11,1,False,None,None,True,3696.004,2020-07-12T13:41:38.026000000,True
KVY,26,AlphaTauri,25,70.086,17.553,31.204,21.329,MEDIUM,1,25,11,1,False,None,None,True,3766.364,2020-07-12T13:42:48.386000000,True
KVY,26,AlphaTauri,26,70.097,17.839,31.041,21.217,MEDIUM,1,26,10,1,False,None,None,True,3836.45,2020-07-12T13:43:58.472000000,True
KVY,26,AlphaTauri,27,69.863,17.698,31.015,21.15,MEDIUM,1,27,10,1,True,None,None,True,3906.547,2020-07-12T13:45:08.569000000,True
KVY,26,AlphaTauri,28,69.933,17.685,31.069,21.179,MEDIUM,1,28,10,1,False,None,None,True,3976.41,2020-07-12T13:46:18.432000000,True
KVY,26,AlphaTauri,29,69.771,17.657,30.954,21.16,MEDIUM,1,29,10,1,True,None,None,True,4046.343,2020-07-12T13:47:28.365000000,True
KVY,26,AlphaTauri,30,69.689,17.705,30.884,21.1,MEDIUM,1,30,10,1,True,None,None,True,4116.114,2020-07-12T13:48:38.136000000,True
KVY,26,AlphaTauri,31,69.85,17.737,30.954,21.159,MEDIUM,1,31,10,1,False,None,None,True,4185.803,2020-07-12T13:49:47.825000000,True
KVY,26,AlphaTauri,32,69.632,17.651,30.899,21.082,MEDIUM,1,32,10,1,True,None,None,True,4255.653,2020-07-12T13:50:57.675000000,True
KVY,26,AlphaTauri,33,69.717,17.639,30.889,21.189,MEDIUM,1,33,9,1,False,None,None,True,4325.285,2020-07-12T13:52:07.307000000,True
KVY,26,AlphaTauri,34,70.084,17.751,31.18,21.153,MEDIUM,1,34,8,1,False,None,None,True,4395.002,2020-07-12T13:53:17.024000000,True
KVY,26,AlphaTauri,35,69.809,17.768,31.037,21.004,MEDIUM,1,35,8,1,False,None,None,True,4465.086,2020-07-12T13:54:27.108000000,True
KVY,26,AlphaTauri,36,72.924,17.697,31.094,24.133,MEDIUM,1,36,11,1,False,None,4604.536,True,4534.895,2020-07-12T13:55:36.917000000,False
KVY,26,AlphaTauri,37,87.94,35.536,31.251,21.153,HARD,2,1,14,1,False,4626.754,None,True,4607.819,2020-07-12T13:56:49.841000000,False
KVY,26,AlphaTauri,38,70.375,18.014,31.235,21.126,HARD,2,2,13,1,False,None,None,True,4695.759,2020-07-12T13:58:17.781000000,True
KVY,26,AlphaTauri,39,69.345,17.538,30.754,21.053,HARD,2,3,13,1,True,None,None,True,4766.134,2020-07-12T13:59:28.156000000,True
KVY,26,AlphaTauri,40,69.073,17.574,30.492,21.007,HARD,2,4,12,1,True,None,None,True,4835.479,2020-07-12T14:00:37.501000000,True
KVY,26,AlphaTauri,41,70.322,17.748,31.554,21.02,HARD,2,5,12,1,False,None,None,True,4904.552,2020-07-12T14:01:46.574000000,True
KVY,26,AlphaTauri,42,68.734,17.419,30.468,20.847,HARD,2,6,12,1,True,None,None,True,4974.874,2020-07-12T14:02:56.896000000,True
KVY,26,AlphaTauri,43,68.811,17.429,30.449,20.933,HARD,2,7,12,1,False,None,None,True,5043.608,2020-07-12T14:04:05.630000000,True
KVY,26,AlphaTauri,44,69.332,16.993,31.134,21.205,HARD,2,8,12,1,False,None,None,True,5112.419,2020-07-12T14:05:14.441000000,True
KVY,26,AlphaTauri,45,68.591,17.137,30.574,20.88,HARD,2,9,10,1,True,None,None,True,5181.751,2020-07-12T14:06:23.773000000,True
KVY,26,AlphaTauri,46,68.822,17.512,30.612,20.698,HARD,2,10,10,1,False,None,None,True,5250.342,2020-07-12T14:07:32.364000000,True
KVY,26,AlphaTauri,47,69.247,17.58,30.692,20.975,HARD,2,11,10,1,False,None,None,True,5319.164,2020-07-12T14:08:41.186000000,True
KVY,26,AlphaTauri,48,69.356,17.495,30.819,21.042,HARD,2,12,10,1,False,None,None,True,5388.411,2020-07-12T14:09:50.433000000,True
KVY,26,AlphaTauri,49,69.126,17.616,30.596,20.914,HARD,2,13,10,1,False,None,None,True,5457.767,2020-07-12T14:10:59.789000000,True
KVY,26,AlphaTauri,50,70.442,17.954,31.402,21.086,HARD,2,14,10,1,False,None,None,True,5526.893,2020-07-12T14:12:08.915000000,True
KVY,26,AlphaTauri,51,68.941,17.504,30.522,20.915,HARD,2,15,10,1,False,None,None,True,5597.335,2020-07-12T14:13:19.357000000,True
KVY,26,AlphaTauri,52,68.762,17.484,30.473,20.805,HARD,2,16,10,1,False,None,None,True,5666.276,2020-07-12T14:14:28.298000000,True
KVY,26,AlphaTauri,53,68.718,17.462,30.452,20.804,HARD,2,17,10,1,False,None,None,True,5735.038,2020-07-12T14:15:37.060000000,True
KVY,26,AlphaTauri,54,68.749,17.45,30.428,20.871,HARD,2,18,10,1,False,None,None,True,5803.756,2020-07-12T14:16:45.778000000,True
KVY,26,AlphaTauri,55,68.822,17.526,30.465,20.831,HARD,2,19,10,1,False,None,None,True,5872.505,2020-07-12T14:17:54.527000000,True
KVY,26,AlphaTauri,56,68.751,17.461,30.494,20.796,HARD,2,20,10,1,False,None,None,True,5941.327,2020-07-12T14:19:03.349000000,True
KVY,26,AlphaTauri,57,68.605,17.406,30.479,20.72,HARD,2,21,10,1,False,None,None,True,6010.078,2020-07-12T14:20:12.100000000,True
KVY,26,AlphaTauri,58,68.629,17.479,30.56,20.59,HARD,2,22,10,1,False,None,None,True,6078.683,2020-07-12T14:21:20.705000000,True
KVY,26,AlphaTauri,59,68.515,17.398,30.433,20.684,HARD,2,23,10,1,True,None,None,True,6147.312,2020-07-12T14:22:29.334000000,True
KVY,26,AlphaTauri,60,68.378,17.504,30.355,20.519,HARD,2,24,10,1,True,None,None,True,6215.827,2020-07-12T14:23:37.849000000,True
KVY,26,AlphaTauri,61,68.438,17.456,30.351,20.631,HARD,2,25,10,1,False,None,None,True,6284.205,2020-07-12T14:24:46.227000000,True
KVY,26,AlphaTauri,62,68.563,17.565,30.339,20.659,HARD,2,26,10,1,False,None,None,True,6352.643,2020-07-12T14:25:54.665000000,True
KVY,26,AlphaTauri,63,68.461,17.428,30.389,20.644,HARD,2,27,10,1,False,None,None,True,6421.206,2020-07-12T14:27:03.228000000,True
KVY,26,AlphaTauri,64,68.593,17.465,30.47,20.658,HARD,2,28,10,1,False,None,None,True,6489.667,2020-07-12T14:28:11.689000000,True
KVY,26,AlphaTauri,65,68.626,17.422,30.543,20.661,HARD,2,29,10,1,False,None,None,True,6558.26,2020-07-12T14:29:20.282000000,True
KVY,26,AlphaTauri,66,68.427,17.457,30.398,20.572,HARD,2,30,10,1,False,None,None,True,6626.886,2020-07-12T14:30:28.908000000,True
KVY,26,AlphaTauri,67,68.592,17.424,30.514,20.654,HARD,2,31,10,1,False,None,None,True,6695.313,2020-07-12T14:31:37.335000000,True
KVY,26,AlphaTauri,68,68.71,17.472,30.498,20.74,HARD,2,32,10,1,False,None,None,True,6763.905,2020-07-12T14:32:45.927000000,True
KVY,26,AlphaTauri,69,68.779,17.528,30.538,20.713,HARD,2,33,10,1,False,None,None,True,6832.615,2020-07-12T14:33:54.637000000,True
KVY,26,AlphaTauri,70,68.532,17.595,30.347,20.59,HARD,2,34,10,1,False,None,None,True,6901.394,2020-07-12T14:35:03.416000000,True
LAT,6,Williams,1,102.19,None,35.297,43.118,MEDIUM,1,1,18,14,False,None,None,True,1968.804,2020-07-12T13:12:50.826000000,False
LAT,6,Williams,2,120.019,25.733,57.414,36.872,MEDIUM,1,2,16,4,True,None,None,True,2071.182,2020-07-12T13:14:33.204000000,False
LAT,6,Williams,3,95.889,26.875,42.78,26.234,MEDIUM,1,3,16,41,True,None,None,True,2191.201,2020-07-12T13:16:33.223000000,False
LAT,6,Williams,4,72.803,17.978,32.439,22.386,MEDIUM,1,4,15,12,True,None,None,True,2287.09,2020-07-12T13:18:09.112000000,True
LAT,6,Williams,5,71.741,17.798,31.889,22.054,MEDIUM,1,5,15,1,True,None,None,True,2359.893,2020-07-12T13:19:21.915000000,True
LAT,6,Williams,6,70.998,17.658,31.537,21.803,MEDIUM,1,6,15,1,True,None,None,True,2431.634,2020-07-12T13:20:33.656000000,True
LAT,6,Williams,7,72.441,17.314,32.85,22.277,MEDIUM,1,7,16,1,False,None,None,True,2502.632,2020-07-12T13:21:44.654000000,True
LAT,6,Williams,8,71.098,17.714,31.721,21.663,MEDIUM,1,8,16,1,False,None,None,True,2575.073,2020-07-12T13:22:57.095000000,True
LAT,6,Williams,9,70.644,17.569,31.496,21.579,MEDIUM,1,9,16,1,True,None,None,True,2646.171,2020-07-12T13:24:08.193000000,True
LAT,6,Williams,10,72.222,17.733,32.035,22.454,MEDIUM,1,10,17,1,False,None,None,True,2716.815,2020-07-12T13:25:18.837000000,True
LAT,6,Williams,11,70.384,17.444,31.392,21.548,MEDIUM,1,11,17,1,True,None,None,True,2789.037,2020-07-12T13:26:31.059000000,True
LAT,6,Williams,12,70.628,17.647,31.381,21.6,MEDIUM,1,12,17,1,False,None,None,True,2859.421,2020-07-12T13:27:41.443000000,True
LAT,6,Williams,13,70.818,17.718,31.504,21.596,MEDIUM,1,13,17,1,False,None,None,True,2930.049,2020-07-12T13:28:52.071000000,True
LAT,6,Williams,14,70.818,None,31.405,21.695,MEDIUM,1,14,17,1,False,None,None,True,3000.867,2020-07-12T13:30:02.889000000,False
LAT,6,Williams,15,70.794,17.876,31.388,21.53,MEDIUM,1,15,17,1,False,None,None,True,3071.69,2020-07-12T13:31:13.712000000,True
LAT,6,Williams,16,70.73,17.799,31.457,21.474,MEDIUM,1,16,17,1,False,None,None,True,3142.484,2020-07-12T13:32:24.506000000,True
LAT,6,Williams,17,70.741,17.653,31.359,21.729,MEDIUM,1,17,17,1,False,None,None,True,3213.214,2020-07-12T13:33:35.236000000,True
LAT,6,Williams,18,70.762,17.729,31.411,21.622,MEDIUM,1,18,17,1,False,None,None,True,3283.955,2020-07-12T13:34:45.977000000,True
LAT,6,Williams,19,70.796,17.816,31.484,21.496,MEDIUM,1,19,17,1,False,None,None,True,3354.717,2020-07-12T13:35:56.739000000,True
LAT,6,Williams,20,70.845,17.844,31.345,21.656,MEDIUM,1,20,17,1,False,None,None,True,3425.513,2020-07-12T13:37:07.535000000,True
LAT,6,Williams,21,70.688,17.757,31.378,21.553,MEDIUM,1,21,17,1,False,None,None,True,3496.358,2020-07-12T13:38:18.380000000,True
LAT,6,Williams,22,70.609,17.639,31.475,21.495,MEDIUM,1,22,17,1,False,None,None,True,3567.046,2020-07-12T13:39:29.068000000,True
LAT,6,Williams,23,70.537,17.722,31.301,21.514,MEDIUM,1,23,17,1,False,None,None,True,3637.655,2020-07-12T13:40:39.677000000,True
LAT,6,Williams,24,70.942,17.825,31.68,21.437,MEDIUM,1,24,17,1,False,None,None,True,3708.192,2020-07-12T13:41:50.214000000,True
LAT,6,Williams,25,70.808,17.705,31.574,21.529,MEDIUM,1,25,16,1,False,None,None,True,3779.134,2020-07-12T13:43:01.156000000,True
LAT,6,Williams,26,70.772,17.773,31.534,21.465,MEDIUM,1,26,15,1,False,None,None,True,3849.942,2020-07-12T13:44:11.964000000,True
LAT,6,Williams,27,70.222,17.666,31.25,21.306,MEDIUM,1,27,15,1,True,None,None,True,3920.714,2020-07-12T13:45:22.736000000,True
LAT,6,Williams,28,70.268,17.605,31.242,21.421,MEDIUM,1,28,15,1,False,None,None,True,3990.936,2020-07-12T13:46:32.958000000,True
LAT,6,Williams,29,70.368,17.623,31.365,21.38,MEDIUM,1,29,15,1,False,None,None,True,4061.204,2020-07-12T13:47:43.226000000,True
LAT,6,Williams,30,70.475,17.769,31.259,21.447,MEDIUM,1,30,15,1,False,None,None,True,4131.572,2020-07-12T13:48:53.594000000,True
LAT,6,Williams,31,70.545,17.795,31.311,21.439,MEDIUM,1,31,15,1,False,None,None,True,4202.047,2020-07-12T13:50:04.069000000,True
LAT,6,Williams,32,74.284,17.694,31.285,25.305,MEDIUM,1,32,16,1,False,None,4343.34,True,4272.592,2020-07-12T13:51:14.614000000,False
LAT,6,Williams,33,86.838,35.399,30.556,20.883,SOFT,2,1,17,1,False,4366.108,None,True,4346.876,2020-07-12T13:52:28.898000000,False
LAT,6,Williams,34,69.489,17.536,30.731,21.222,SOFT,2,2,17,1,True,None,None,True,4433.714,2020-07-12T13:53:55.736000000,True
LAT,6,Williams,35,69.775,17.596,30.787,21.392,SOFT,2,3,16,1,False,None,None,True,4503.203,2020-07-12T13:55:05.225000000,True
LAT,6,Williams,36,70.957,18.595,31.078,21.284,SOFT,2,4,16,1,False,None,None,True,4572.978,2020-07-12T13:56:15.000000000,True
LAT,6,Williams,37,69.614,17.677,30.93,21.007,SOFT,2,5,16,1,False,None,None,True,4643.935,2020-07-12T13:57:25.957000000,True
LAT,6,Williams,38,69.28,17.524,30.771,20.985,SOFT,2,6,16,1,True,None,None,True,4713.549,2020-07-12T13:58:35.571000000,True
LAT,6,Williams,39,69.519,17.619,30.859,21.041,SOFT,2,7,16,1,False,None,None,True,4782.829,2020-07-12T13:59:44.851000000,True
LAT,6,Williams,40,70.059,17.62,31.194,21.245,SOFT,2,8,16,1,False,None,None,True,4852.348,2020-07-12T14:00:54.370000000,True
LAT,6,Williams,41,69.826,17.589,31.074,21.163,SOFT,2,9,16,1,False,None,None,True,4922.407,2020-07-12T14:02:04.429000000,True
LAT,6,Williams,42,69.778,17.444,31.134,21.2,SOFT,2,10,16,1,False,None,None,True,4992.233,2020-07-12T14:03:14.255000000,True
LAT,6,Williams,43,69.863,17.6,31.094,21.169,SOFT,2,11,16,1,False,None,None,True,5062.011,2020-07-12T14:04:24.033000000,True
LAT,6,Williams,44,69.952,17.638,31.039,21.275,SOFT,2,12,16,1,False,None,None,True,5131.874,2020-07-12T14:05:33.896000000,True
LAT,6,Williams,45,70.083,17.591,31.176,21.316,SOFT,2,13,16,1,False,None,None,True,5201.826,2020-07-12T14:06:43.848000000,True
LAT,6,Williams,46,69.653,17.599,30.94,21.114,SOFT,2,14,16,1,False,None,None,True,5271.909,2020-07-12T14:07:53.931000000,True
LAT,6,Williams,47,69.709,17.577,30.935,21.197,SOFT,2,15,16,1,False,None,None,True,5341.562,2020-07-12T14:09:03.584000000,True
LAT,6,Williams,48,69.712,17.625,31.016,21.071,SOFT,2,16,16,1,False,None,None,True,5411.271,2020-07-12T14:10:13.293000000,True
LAT,6,Williams,49,69.703,17.715,30.936,21.052,SOFT,2,17,16,1,False,None,None,True,5480.983,2020-07-12T14:11:23.005000000,True
LAT,6,Williams,50,69.378,17.553,30.708,21.117,SOFT,2,18,15,1,False,None,None,True,5550.686,2020-07-12T14:12:32.708000000,True
LAT,6,Williams,51,69.748,17.609,31.145,20.994,SOFT,2,19,15,1,False,None,None,True,5620.064,2020-07-12T14:13:42.086000000,True
LAT,6,Williams,52,69.652,17.501,31.016,21.135,SOFT,2,20,15,1,False,None,None,True,5689.812,2020-07-12T14:14:51.834000000,True
LAT,6,Williams,53,70.702,17.544,31.859,21.299,SOFT,2,21,16,1,False,None,None,True,5759.464,2020-07-12T14:16:01.486000000,True
LAT,6,Williams,54,70.323,17.154,31.746,21.423,SOFT,2,22,17,1,False,None,None,True,5830.166,2020-07-12T14:17:12.188000000,True
LAT,6,Williams,55,70.839,18.13,31.554,21.155,SOFT,2,23,17,1,False,None,None,True,5900.489,2020-07-12T14:18:22.511000000,True
LAT,6,Williams,56,69.743,17.397,31.169,21.177,SOFT,2,24,17,1,False,None,None,True,5971.328,2020-07-12T14:19:33.350000000,True
LAT,6,Williams,57,69.492,17.524,31.023,20.945,SOFT,2,25,17,1,False,None,None,True,6041.071,2020-07-12T14:20:43.093000000,True
LAT,6,Williams,58,69.219,17.417,30.86,20.942,SOFT,2,26,17,1,True,None,None,True,6110.563,2020-07-12T14:21:52.585000000,True
LAT,6,Williams,59,69.387,17.706,30.842,20.839,SOFT,2,27,17,1,False,None,None,True,6179.782,2020-07-12T14:23:01.804000000,True
LAT,6,Williams,60,68.898,17.404,30.602,20.892,SOFT,2,28,17,1,False,None,None,True,6249.169,2020-07-12T14:24:11.191000000,True
LAT,6,Williams,61,71.595,18.088,32.402,21.105,SOFT,2,29,17,1,False,None,None,True,6318.067,2020-07-12T14:25:20.089000000,True
LAT,6,Williams,62,69.298,17.371,30.833,21.094,SOFT,2,30,17,1,False,None,None,True,6389.662,2020-07-12T14:26:31.684000000,True
LAT,6,Williams,63,70.284,18.158,30.953,21.173,SOFT,2,31,17,1,False,None,None,True,6458.96,2020-07-12T14:27:40.982000000,True
LAT,6,Williams,64,70.87,18.721,30.947,21.202,SOFT,2,32,17,1,False,None,None,True,6529.244,2020-07-12T14:28:51.266000000,True
LAT,6,Williams,65,69.634,17.873,30.862,20.899,SOFT,2,33,17,1,False,None,None,True,6600.114,2020-07-12T14:30:02.136000000,True
LAT,6,Williams,66,68.91,17.36,30.921,20.629,SOFT,2,34,17,1,True,None,None,True,6669.748,2020-07-12T14:31:11.770000000,True
LAT,6,Williams,67,69.104,17.394,30.909,20.801,SOFT,2,35,17,1,False,None,None,True,6738.658,2020-07-12T14:32:20.680000000,True
LAT,6,Williams,68,68.806,17.402,30.72,20.684,SOFT,2,36,17,1,True,None,None,True,6807.762,2020-07-12T14:33:29.784000000,True
LAT,6,Williams,69,68.903,17.4,30.78,20.723,SOFT,2,37,17,1,False,None,None,True,6876.568,2020-07-12T14:34:38.590000000,True
LEC,16,Ferrari,1,93.572,None,35.117,35.585,SOFT,1,1,9,14,False,None,2059.292,True,1968.804,2020-07-12T13:12:50.826000000,False
LEC,16,Ferrari,2,135.603,55.473,44.034,36.096,HARD,2,1,19,4,False,2099.005,None,True,2062.564,2020-07-12T13:14:24.586000000,False
LEC,16,Ferrari,3,95.379,27.103,41.319,26.957,HARD,2,2,19,41,True,None,None,True,2198.167,2020-07-12T13:16:40.189000000,False
LEC,16,Ferrari,4,92.548,21.079,38.615,32.854,HARD,2,3,19,12,False,None,2382.842,True,2293.546,2020-07-12T13:18:15.568000000,False
MAG,20,Haas F1 Team,1,97.594,None,33.631,41.206,SOFT,1,1,13,14,False,None,None,True,1968.804,2020-07-12T13:12:50.826000000,False
MAG,20,Haas F1 Team,2,119.065,25.611,56.703,36.751,SOFT,1,2,12,4,True,None,None,True,2066.586,2020-07-12T13:14:28.608000000,False
MAG,20,Haas F1 Team,3,99.234,26.85,43.353,29.031,SOFT,1,3,12,41,True,None,None,True,2185.651,2020-07-12T13:16:27.673000000,False
MAG,20,Haas F1 Team,4,72.405,17.939,32.156,22.31,SOFT,1,4,11,12,True,None,None,True,2284.885,2020-07-12T13:18:06.907000000,True
MAG,20,Haas F1 Team,5,71.695,17.938,31.539,22.218,SOFT,1,5,11,1,True,None,None,True,2357.29,2020-07-12T13:19:19.312000000,True
MAG,20,Haas F1 Team,6,71.401,17.446,32.041,21.914,SOFT,1,6,12,1,True,None,None,True,2428.985,2020-07-12T13:20:31.007000000,True
MAG,20,Haas F1 Team,7,72.003,17.623,32.501,21.879,SOFT,1,7,13,1,False,None,None,True,2500.386,2020-07-12T13:21:42.408000000,True
MAG,20,Haas F1 Team,8,71.82,17.751,32.165,21.904,SOFT,1,8,14,1,False,None,None,True,2572.389,2020-07-12T13:22:54.411000000,True
MAG,20,Haas F1 Team,9,70.795,17.373,31.546,21.876,SOFT,1,9,14,1,True,None,None,True,2644.209,2020-07-12T13:24:06.231000000,True
MAG,20,Haas F1 Team,10,70.525,17.8,31.219,21.506,SOFT,1,10,14,1,True,None,None,True,2715.004,2020-07-12T13:25:17.026000000,True
MAG,20,Haas F1 Team,11,71.917,18.079,32.13,21.708,SOFT,1,11,15,1,False,None,None,True,2785.529,2020-07-12T13:26:27.551000000,True
MAG,20,Haas F1 Team,12,70.298,17.424,31.187,21.687,SOFT,1,12,15,1,True,None,None,True,2857.446,2020-07-12T13:27:39.468000000,True
MAG,20,Haas F1 Team,13,71.423,17.599,32.01,21.814,SOFT,1,13,16,1,False,None,None,True,2927.744,2020-07-12T13:28:49.766000000,True
MAG,20,Haas F1 Team,14,70.52,17.494,31.4,21.626,SOFT,1,14,16,1,False,None,None,True,2999.167,2020-07-12T13:30:01.189000000,True
MAG,20,Haas F1 Team,15,70.49,17.789,31.26,21.441,SOFT,1,15,16,1,False,None,None,True,3069.687,2020-07-12T13:31:11.709000000,True
MAG,20,Haas F1 Team,16,70.373,17.751,31.191,21.431,SOFT,1,16,16,1,False,None,None,True,3140.177,2020-07-12T13:32:22.199000000,True
MAG,20,Haas F1 Team,17,70.303,17.689,31.168,21.446,SOFT,1,17,16,1,False,None,None,True,3210.55,2020-07-12T13:33:32.572000000,True
MAG,20,Haas F1 Team,18,70.464,17.678,31.232,21.554,SOFT,1,18,16,1,False,None,None,True,3280.853,2020-07-12T13:34:42.875000000,True
MAG,20,Haas F1 Team,19,70.139,17.714,31.131,21.294,SOFT,1,19,16,1,True,None,None,True,3351.317,2020-07-12T13:35:53.339000000,True
MAG,20,Haas F1 Team,20,70.107,17.652,31.08,21.375,SOFT,1,20,16,1,True,None,None,True,3421.456,2020-07-12T13:37:03.478000000,True
MAG,20,Haas F1 Team,21,69.908,17.377,31.134,21.397,SOFT,1,21,16,1,True,None,None,True,3491.563,2020-07-12T13:38:13.585000000,True
MAG,20,Haas F1 Team,22,69.91,17.264,31.188,21.458,SOFT,1,22,15,1,False,None,None,True,3561.471,2020-07-12T13:39:23.493000000,True
MAG,20,Haas F1 Team,23,69.95,17.595,31.083,21.272,SOFT,1,23,15,1,False,None,None,True,3631.381,2020-07-12T13:40:33.403000000,True
MAG,20,Haas F1 Team,24,70.016,17.738,30.983,21.295,SOFT,1,24,15,1,False,None,None,True,3701.331,2020-07-12T13:41:43.353000000,True
MAG,20,Haas F1 Team,25,69.984,17.693,31.077,21.214,SOFT,1,25,14,1,False,None,None,True,3771.347,2020-07-12T13:42:53.369000000,True
MAG,20,Haas F1 Team,26,70.071,17.715,31.111,21.245,SOFT,1,26,13,1,False,None,None,True,3841.331,2020-07-12T13:44:03.353000000,True
MAG,20,Haas F1 Team,27,69.673,17.601,30.953,21.119,SOFT,1,27,13,1,True,None,None,True,3911.402,2020-07-12T13:45:13.424000000,True
MAG,20,Haas F1 Team,28,69.735,17.696,30.965,21.074,SOFT,1,28,13,1,False,None,None,True,3981.075,2020-07-12T13:46:23.097000000,True
MAG,20,Haas F1 Team,29,69.958,17.655,30.936,21.367,SOFT,1,29,13,1,False,None,None,True,4050.81,2020-07-12T13:47:32.832000000,True
MAG,20,Haas F1 Team,30,69.792,17.734,30.868,21.19,SOFT,1,30,13,1,False,None,None,True,4120.768,2020-07-12T13:48:42.790000000,True
MAG,20,Haas F1 Team,31,73.375,17.653,31.004,24.718,SOFT,1,31,14,1,False,None,4260.677,True,4190.56,2020-07-12T13:49:52.582000000,False
MAG,20,Haas F1 Team,32,86.926,34.917,30.9,21.109,MEDIUM,2,1,17,1,False,4282.674,None,True,4263.935,2020-07-12T13:51:05.957000000,False
MAG,20,Haas F1 Team,33,69.081,17.582,30.384,21.115,MEDIUM,2,2,16,1,True,None,None,True,4350.861,2020-07-12T13:52:32.883000000,True
MAG,20,Haas F1 Team,34,68.996,17.363,30.576,21.057,MEDIUM,2,3,15,1,True,None,None,True,4419.942,2020-07-12T13:53:41.964000000,True
MAG,20,Haas F1 Team,35,68.606,17.405,30.364,20.837,MEDIUM,2,4,15,1,True,None,None,True,4488.938,2020-07-12T13:54:50.960000000,True
MAG,20,Haas F1 Team,36,68.63,17.509,30.401,20.72,MEDIUM,2,5,15,1,False,None,None,True,4557.544,2020-07-12T13:55:59.566000000,True
MAG,20,Haas F1 Team,37,71.307,17.461,31.606,22.24,MEDIUM,2,6,15,1,False,None,None,True,4626.174,2020-07-12T13:57:08.196000000,True
MAG,20,Haas F1 Team,38,69.335,17.141,30.937,21.257,MEDIUM,2,7,14,1,False,None,None,True,4697.481,2020-07-12T13:58:19.503000000,True
MAG,20,Haas F1 Team,39,69.609,17.207,31.232,21.17,MEDIUM,2,8,14,1,False,None,None,True,4766.816,2020-07-12T13:59:28.838000000,True
MAG,20,Haas F1 Team,40,70.233,17.488,31.677,21.068,MEDIUM,2,9,13,1,False,None,None,True,4836.425,2020-07-12T14:00:38.447000000,True
MAG,20,Haas F1 Team,41,69.815,17.183,31.229,21.403,MEDIUM,2,10,14,1,False,None,None,True,4906.658,2020-07-12T14:01:48.680000000,True
MAG,20,Haas F1 Team,42,68.886,17.169,30.557,21.16,MEDIUM,2,11,14,1,False,None,None,True,4976.473,2020-07-12T14:02:58.495000000,True
MAG,20,Haas F1 Team,43,68.965,17.089,30.727,21.149,MEDIUM,2,12,14,1,False,None,None,True,5045.359,2020-07-12T14:04:07.381000000,True
MAG,20,Haas F1 Team,44,69.283,17.179,30.919,21.185,MEDIUM,2,13,14,1,False,None,None,True,5114.324,2020-07-12T14:05:16.346000000,True
MAG,20,Haas F1 Team,45,69.958,17.226,31.089,21.643,MEDIUM,2,14,13,1,False,None,None,True,5183.607,2020-07-12T14:06:25.629000000,True
MAG,20,Haas F1 Team,46,69.65,17.89,30.749,21.011,MEDIUM,2,15,13,1,False,None,None,True,5253.565,2020-07-12T14:07:35.587000000,True
MAG,20,Haas F1 Team,47,71.243,17.508,31.393,22.342,MEDIUM,2,16,14,1,False,None,None,True,5323.215,2020-07-12T14:08:45.237000000,True
MAG,20,Haas F1 Team,48,70.931,17.81,31.707,21.414,MEDIUM,2,17,15,1,False,None,None,True,5394.458,2020-07-12T14:09:56.480000000,True
MAG,20,Haas F1 Team,49,69.742,17.19,30.979,21.573,MEDIUM,2,18,14,1,False,None,None,True,5465.389,2020-07-12T14:11:07.411000000,True
MAG,20,Haas F1 Team,50,69.333,17.101,31.157,21.075,MEDIUM,2,19,14,1,False,None,None,True,5535.131,2020-07-12T14:12:17.153000000,True
MAG,20,Haas F1 Team,51,68.884,17.228,30.691,20.965,MEDIUM,2,20,14,1,False,None,None,True,5604.464,2020-07-12T14:13:26.486000000,True
MAG,20,Haas F1 Team,52,68.516,17.11,30.583,20.823,MEDIUM,2,21,14,1,True,None,None,True,5673.348,2020-07-12T14:14:35.370000000,True
MAG,20,Haas F1 Team,53,68.817,17.085,30.718,21.014,MEDIUM,2,22,14,1,False,None,None,True,5741.864,2020-07-12T14:15:43.886000000,True
MAG,20,Haas F1 Team,54,68.558,17.066,30.625,20.867,MEDIUM,2,23,14,1,False,None,None,True,5810.681,2020-07-12T14:16:52.703000000,True
MAG,20,Haas F1 Team,55,68.327,17.041,30.543,20.743,MEDIUM,2,24,14,1,True,None,None,True,5879.239,2020-07-12T14:18:01.261000000,True
MAG,20,Haas F1 Team,56,68.696,16.998,30.842,20.856,MEDIUM,2,25,14,1,False,None,None,True,5947.566,2020-07-12T14:19:09.588000000,True
MAG,20,Haas F1 Team,57,68.378,17.012,30.57,20.796,MEDIUM,2,26,14,1,False,None,None,True,6016.262,2020-07-12T14:20:18.284000000,True
MAG,20,Haas F1 Team,58,68.446,16.978,30.622,20.846,MEDIUM,2,27,14,1,False,None,None,True,6084.64,2020-07-12T14:21:26.662000000,True
MAG,20,Haas F1 Team,59,68.557,17.051,30.737,20.769,MEDIUM,2,28,14,1,False,None,None,True,6153.086,2020-07-12T14:22:35.108000000,True
MAG,20,Haas F1 Team,60,68.698,17.35,30.65,20.698,MEDIUM,2,29,14,1,False,None,None,True,6221.643,2020-07-12T14:23:43.665000000,True
MAG,20,Haas F1 Team,61,68.566,16.919,30.879,20.768,MEDIUM,2,30,14,1,False,None,None,True,6290.341,2020-07-12T14:24:52.363000000,True
MAG,20,Haas F1 Team,62,69.126,17.038,31.037,21.051,MEDIUM,2,31,14,1,False,None,None,True,6358.907,2020-07-12T14:26:00.929000000,True
MAG,20,Haas F1 Team,63,68.858,16.87,30.948,21.04,MEDIUM,2,32,14,1,False,None,None,True,6428.033,2020-07-12T14:27:10.055000000,True
MAG,20,Haas F1 Team,64,68.849,16.987,31.019,20.843,MEDIUM,2,33,14,1,False,None,None,True,6496.891,2020-07-12T14:28:18.913000000,True
MAG,20,Haas F1 Team,65,68.267,16.982,30.546,20.739,MEDIUM,2,34,13,1,True,None,None,True,6565.74,2020-07-12T14:29:27.762000000,True
MAG,20,Haas F1 Team,66,68.508,17.09,30.638,20.78,MEDIUM,2,35,13,1,False,None,None,True,6634.007,2020-07-12T14:30:36.029000000,True
MAG,20,Haas F1 Team,67,68.534,16.955,31.038,20.541,MEDIUM,2,36,13,1,False,None,None,True,6702.515,2020-07-12T14:31:44.537000000,True
MAG,20,Haas F1 Team,68,70.35,16.984,30.739,22.627,MEDIUM,2,37,12,1,False,None,None,True,6771.049,2020-07-12T14:32:53.071000000,True
MAG,20,Haas F1 Team,69,68.009,17.033,30.424,20.552,MEDIUM,2,38,12,1,True,None,None,True,6841.399,2020-07-12T14:34:03.421000000,True
MAG,20,Haas F1 Team,70,68.657,17.244,30.473,20.94,MEDIUM,2,39,12,1,False,None,None,True,6909.408,2020-07-12T14:35:11.430000000,True
NOR,4,McLaren,1,94.458,None,32.792,39.162,SOFT,1,1,10,14,False,None,None,True,1968.804,2020-07-12T13:12:50.826000000,False
NOR,4,McLaren,2,118.343,23.836,58.32,36.187,SOFT,1,2,9,4,True,None,None,True,2063.45,2020-07-12T13:14:25.472000000,False
NOR,4,McLaren,3,102.241,26.274,45.288,30.679,SOFT,1,3,9,41,True,None,None,True,2181.793,2020-07-12T13:16:23.815000000,False
NOR,4,McLaren,4,72.229,18.233,32.065,21.931,SOFT,1,4,9,12,True,None,None,True,2284.034,2020-07-12T13:18:06.056000000,True
NOR,4,McLaren,5,71.819,17.637,32.297,21.885,SOFT,1,5,10,1,True,None,None,True,2356.263,2020-07-12T13:19:18.285000000,True
NOR,4,McLaren,6,70.56,17.3,31.663,21.597,SOFT,1,6,10,1,True,None,None,True,2428.082,2020-07-12T13:20:30.104000000,True
NOR,4,McLaren,7,70.321,17.263,31.488,21.57,SOFT,1,7,10,1,True,None,None,True,2498.642,2020-07-12T13:21:40.664000000,True
NOR,4,McLaren,8,70.56,17.218,31.507,21.835,SOFT,1,8,10,1,False,None,None,True,2568.963,2020-07-12T13:22:50.985000000,True
NOR,4,McLaren,9,70.501,17.18,31.489,21.832,SOFT,1,9,10,1,False,None,None,True,2639.523,2020-07-12T13:24:01.545000000,True
NOR,4,McLaren,10,70.386,17.156,31.687,21.543,SOFT,1,10,10,1,False,None,None,True,2710.024,2020-07-12T13:25:12.046000000,True
NOR,4,McLaren,11,70.294,17.158,31.504,21.632,SOFT,1,11,10,1,True,None,None,True,2780.41,2020-07-12T13:26:22.432000000,True
NOR,4,McLaren,12,70.393,17.149,31.771,21.473,SOFT,1,12,10,1,False,None,None,True,2850.704,2020-07-12T13:27:32.726000000,True
NOR,4,McLaren,13,69.631,17.293,30.99,21.348,SOFT,1,13,10,1,True,None,None,True,2921.097,2020-07-12T13:28:43.119000000,True
NOR,4,McLaren,14,71.545,17.332,32.718,21.495,SOFT,1,14,11,1,False,None,None,True,2990.728,2020-07-12T13:29:52.750000000,True
NOR,4,McLaren,15,70.197,17.727,31.161,21.309,SOFT,1,15,11,1,False,None,None,True,3062.273,2020-07-12T13:31:04.295000000,True
NOR,4,McLaren,16,70.089,17.71,31.085,21.294,SOFT,1,16,11,1,False,None,None,True,3132.47,2020-07-12T13:32:14.492000000,True
NOR,4,McLaren,17,70.254,17.604,31.202,21.448,SOFT,1,17,11,1,False,None,None,True,3202.559,2020-07-12T13:33:24.581000000,True
NOR,4,McLaren,18,70.199,17.565,31.174,21.46,SOFT,1,18,11,1,False,None,None,True,3272.813,2020-07-12T13:34:34.835000000,True
NOR,4,McLaren,19,70.417,17.452,31.401,21.564,SOFT,1,19,11,1,False,None,None,True,3343.012,2020-07-12T13:35:45.034000000,True
NOR,4,McLaren,20,70.181,17.259,31.612,21.31,SOFT,1,20,11,1,False,None,None,True,3413.429,2020-07-12T13:36:55.451000000,True
NOR,4,McLaren,21,68.901,17.167,30.709,21.025,SOFT,1,21,10,1,True,None,None,True,3483.61,2020-07-12T13:38:05.632000000,True
NOR,4,McLaren,22,69.875,17.508,31.252,21.115,SOFT,1,22,10,1,False,None,None,True,3552.511,2020-07-12T13:39:14.533000000,True
NOR,4,McLaren,23,69.789,17.583,31.108,21.098,SOFT,1,23,10,1,False,None,None,True,3622.386,2020-07-12T13:40:24.408000000,True
NOR,4,McLaren,24,69.415,17.613,30.856,20.946,SOFT,1,24,10,1,False,None,None,True,3692.175,2020-07-12T13:41:34.197000000,True
NOR,4,McLaren,25,69.746,17.632,30.998,21.116,SOFT,1,25,10,1,False,None,None,True,3761.59,2020-07-12T13:42:43.612000000,True
NOR,4,McLaren,26,69.55,17.673,30.89,20.987,SOFT,1,26,9,1,False,None,None,True,3831.336,2020-07-12T13:43:53.358000000,True
NOR,4,McLaren,27,69.219,17.493,30.825,20.901,SOFT,1,27,9,1,False,None,None,True,3900.886,2020-07-12T13:45:02.908000000,True
NOR,4,McLaren,28,69.042,17.529,30.634,20.879,SOFT,1,28,9,1,False,None,None,True,3970.105,2020-07-12T13:46:12.127000000,True
NOR,4,McLaren,29,69.294,17.47,30.799,21.025,SOFT,1,29,9,1,False,None,None,True,4039.147,2020-07-12T13:47:21.169000000,True
NOR,4,McLaren,30,69.282,17.504,30.807,20.971,SOFT,1,30,9,1,False,None,None,True,4108.441,2020-07-12T13:48:30.463000000,True
NOR,4,McLaren,31,69.236,17.589,30.685,20.962,SOFT,1,31,9,1,False,None,None,True,4177.723,2020-07-12T13:49:39.745000000,True
NOR,4,McLaren,32,69.313,17.606,30.68,21.027,SOFT,1,32,9,1,False,None,None,True,4246.959,2020-07-12T13:50:48.981000000,True
NOR,4,McLaren,33,69.014,17.482,30.548,20.984,SOFT,1,33,8,1,False,None,None,True,4316.272,2020-07-12T13:51:58.294000000,True
NOR,4,McLaren,34,69.242,17.592,30.716,20.934,SOFT,1,34,7,1,False,None,None,True,4385.286,2020-07-12T13:53:07.308000000,True
NOR,4,McLaren,35,69.097,17.518,30.718,20.861,SOFT,1,35,7,1,False,None,None,True,4454.528,2020-07-12T13:54:16.550000000,True
NOR,4,McLaren,36,69.219,17.529,30.74,20.95,SOFT,1,36,6,1,False,None,None,True,4523.625,2020-07-12T13:55:25.647000000,True
NOR,4,McLaren,37,69.412,17.553,30.875,20.984,SOFT,1,37,6,1,False,None,None,True,4592.844,2020-07-12T13:56:34.866000000,True
NOR,4,McLaren,38,69.337,17.543,30.781,21.013,SOFT,1,38,5,1,False,None,None,True,4662.256,2020-07-12T13:57:44.278000000,True
NOR,4,McLaren,39,72.959,17.554,30.754,24.651,SOFT,1,39,4,1,False,None,4801.252,True,4731.593,2020-07-12T13:58:53.615000000,False
NOR,4,McLaren,40,87.871,35.84,30.998,21.033,MEDIUM,2,1,10,1,False,4823.724,None,True,4804.552,2020-07-12T14:00:06.574000000,False
NOR,4,McLaren,41,68.652,17.538,29.997,21.117,MEDIUM,2,2,10,1,True,None,None,True,4892.423,2020-07-12T14:01:34.445000000,True
NOR,4,McLaren,42,68.002,17.471,29.893,20.638,MEDIUM,2,3,10,1,True,None,None,True,4961.075,2020-07-12T14:02:43.097000000,True
NOR,4,McLaren,43,68.087,17.396,30.025,20.666,MEDIUM,2,4,10,1,False,None,None,True,5029.077,2020-07-12T14:03:51.099000000,True
NOR,4,McLaren,44,68.436,17.348,30.119,20.969,MEDIUM,2,5,9,1,False,None,None,True,5097.164,2020-07-12T14:04:59.186000000,True
NOR,4,McLaren,45,69.289,17.632,30.725,20.932,MEDIUM,2,6,9,1,False,None,None,True,5165.6,2020-07-12T14:06:07.622000000,True
NOR,4,McLaren,46,68.611,17.498,30.428,20.685,MEDIUM,2,7,9,1,False,None,None,True,5234.889,2020-07-12T14:07:16.911000000,True
NOR,4,McLaren,47,68.087,17.466,30.152,20.469,MEDIUM,2,8,9,1,False,None,None,True,5303.5,2020-07-12T14:08:25.522000000,True
NOR,4,McLaren,48,68.138,17.36,30.14,20.638,MEDIUM,2,9,9,1,False,None,None,True,5371.587,2020-07-12T14:09:33.609000000,True
NOR,4,McLaren,49,68.125,17.541,30.105,20.479,MEDIUM,2,10,9,1,False,None,None,True,5439.725,2020-07-12T14:10:41.747000000,True
NOR,4,McLaren,50,68.159,17.477,30.021,20.661,MEDIUM,2,11,9,1,False,None,None,True,5507.85,2020-07-12T14:11:49.872000000,True
NOR,4,McLaren,51,68.181,17.512,30.191,20.478,MEDIUM,2,12,9,1,False,None,None,True,5576.009,2020-07-12T14:12:58.031000000,True
NOR,4,McLaren,52,68.068,17.36,30.226,20.482,MEDIUM,2,13,9,1,False,None,None,True,5644.19,2020-07-12T14:14:06.212000000,True
NOR,4,McLaren,53,67.812,17.382,29.979,20.451,MEDIUM,2,14,9,1,True,None,None,True,5712.258,2020-07-12T14:15:14.280000000,True
NOR,4,McLaren,54,67.846,17.307,30.091,20.448,MEDIUM,2,15,9,1,False,None,None,True,5780.07,2020-07-12T14:16:22.092000000,True
NOR,4,McLaren,55,67.928,17.377,30.025,20.526,MEDIUM,2,16,9,1,False,None,None,True,5847.916,2020-07-12T14:17:29.938000000,True
NOR,4,McLaren,56,67.91,17.27,30.138,20.502,MEDIUM,2,17,9,1,False,None,None,True,5915.844,2020-07-12T14:18:37.866000000,True
NOR,4,McLaren,57,68.122,17.325,30.21,20.587,MEDIUM,2,18,9,1,False,None,None,True,5983.754,2020-07-12T14:19:45.776000000,True
NOR,4,McLaren,58,67.87,17.339,30.07,20.461,MEDIUM,2,19,9,1,False,None,None,True,6051.876,2020-07-12T14:20:53.898000000,True
NOR,4,McLaren,59,67.769,17.172,30.11,20.487,MEDIUM,2,20,9,1,True,None,None,True,6119.746,2020-07-12T14:22:01.768000000,True
NOR,4,McLaren,60,68.626,16.983,30.684,20.959,MEDIUM,2,21,9,1,False,None,None,True,6187.515,2020-07-12T14:23:09.537000000,True
NOR,4,McLaren,61,67.854,16.985,30.54,20.329,MEDIUM,2,22,8,1,False,None,None,True,6256.141,2020-07-12T14:24:18.163000000,True
NOR,4,McLaren,62,67.697,17.316,29.949,20.432,MEDIUM,2,23,8,1,True,None,None,True,6323.995,2020-07-12T14:25:26.017000000,True
NOR,4,McLaren,63,67.864,17.163,30.064,20.637,MEDIUM,2,24,8,1,False,None,None,True,6391.692,2020-07-12T14:26:33.714000000,True
NOR,4,McLaren,64,67.286,17.088,29.955,20.243,MEDIUM,2,25,8,1,True,None,None,True,6459.556,2020-07-12T14:27:41.578000000,True
NOR,4,McLaren,65,67.578,17.183,29.862,20.533,MEDIUM,2,26,8,1,False,None,None,True,6526.842,2020-07-12T14:28:48.864000000,True
NOR,4,McLaren,66,67.193,16.849,29.93,20.414,MEDIUM,2,27,8,1,True,None,None,True,6594.42,2020-07-12T14:29:56.442000000,True
NOR,4,McLaren,67,67.572,17.176,30.025,20.371,MEDIUM,2,28,8,1,False,None,None,True,6661.613,2020-07-12T14:31:03.635000000,True
NOR,4,McLaren,68,67.491,17.056,30.133,20.302,MEDIUM,2,29,8,1,False,None,None,True,6729.185,2020-07-12T14:32:11.207000000,True
NOR,4,McLaren,69,67.889,16.688,30.662,20.539,MEDIUM,2,30,8,1,False,None,None,True,6796.676,2020-07-12T14:33:18.698000000,True
NOR,4,McLaren,70,68.613,16.768,31.108,20.737,MEDIUM,2,31,7,1,False,None,None,True,6864.565,2020-07-12T14:34:26.587000000,True
NOR,4,McLaren,71,67.967,16.898,30.068,21.001,MEDIUM,2,32,5,1,False,None,None,True,6933.178,2020-07-12T14:35:35.200000000,True
OCO,31,Renault,1,88.095,None,32.457,34.411,SOFT,1,1,6,14,False,None,None,True,1968.804,2020-07-12T13:12:50.826000000,False
OCO,31,Renault,2,120.919,24.37,61.309,35.24,SOFT,1,2,6,4,True,None,None,True,2057.087,2020-07-12T13:14:19.109000000,False
OCO,31,Renault,3,104.955,26.786,45.99,32.179,SOFT,1,3,6,41,True,None,None,True,2178.006,2020-07-12T13:16:20.028000000,False
OCO,31,Renault,4,71.365,17.726,31.686,21.953,SOFT,1,4,6,12,True,None,None,True,2282.961,2020-07-12T13:18:04.983000000,True
OCO,31,Renault,5,71.043,17.772,31.513,21.758,SOFT,1,5,6,1,True,None,None,True,2354.326,2020-07-12T13:19:16.348000000,True
OCO,31,Renault,6,70.457,17.694,31.188,21.575,SOFT,1,6,6,1,True,None,None,True,2425.369,2020-07-12T13:20:27.391000000,True
OCO,31,Renault,7,70.373,17.289,31.367,21.717,SOFT,1,7,6,1,True,None,None,True,2495.826,2020-07-12T13:21:37.848000000,True
OCO,31,Renault,8,70.514,17.268,31.554,21.692,SOFT,1,8,6,1,False,None,None,True,2566.199,2020-07-12T13:22:48.221000000,True
OCO,31,Renault,9,70.347,17.37,31.339,21.638,SOFT,1,9,6,1,True,None,None,True,2636.713,2020-07-12T13:23:58.735000000,True
OCO,31,Renault,10,70.288,17.442,31.457,21.389,SOFT,1,10,6,1,True,None,None,True,2707.06,2020-07-12T13:25:09.082000000,True
OCO,31,Renault,11,70.006,17.38,31.343,21.283,SOFT,1,11,6,1,True,None,None,True,2777.348,2020-07-12T13:26:19.370000000,True
OCO,31,Renault,12,69.995,17.392,31.294,21.309,SOFT,1,12,6,1,True,None,None,True,2847.354,2020-07-12T13:27:29.376000000,True
OCO,31,Renault,13,69.83,17.286,31.209,21.335,SOFT,1,13,6,1,True,None,None,True,2917.349,2020-07-12T13:28:39.371000000,True
OCO,31,Renault,14,69.819,17.34,31.109,21.37,SOFT,1,14,6,1,True,None,None,True,2987.179,2020-07-12T13:29:49.201000000,True
OCO,31,Renault,15,69.983,17.714,31.007,21.262,SOFT,1,15,6,1,False,None,None,True,3056.998,2020-07-12T13:30:59.020000000,True
OCO,31,Renault,16,69.975,17.64,31.097,21.238,SOFT,1,16,6,1,False,None,None,True,3126.981,2020-07-12T13:32:09.003000000,True
OCO,31,Renault,17,70.295,17.529,31.556,21.21,SOFT,1,17,6,1,False,None,None,True,3196.956,2020-07-12T13:33:18.978000000,True
OCO,31,Renault,18,70.017,17.549,31.317,21.151,SOFT,1,18,6,1,False,None,None,True,3267.251,2020-07-12T13:34:29.273000000,True
OCO,31,Renault,19,70.694,17.573,31.653,21.468,SOFT,1,19,7,1,False,None,None,True,3337.268,2020-07-12T13:35:39.290000000,True
OCO,31,Renault,20,69.672,17.337,30.943,21.392,SOFT,1,20,7,1,True,None,None,True,3407.962,2020-07-12T13:36:49.984000000,True
OCO,31,Renault,21,69.362,17.295,30.88,21.187,SOFT,1,21,7,1,True,None,None,True,3477.634,2020-07-12T13:37:59.656000000,True
OCO,31,Renault,22,69.321,17.158,30.946,21.217,SOFT,1,22,7,1,True,None,None,True,3546.996,2020-07-12T13:39:09.018000000,True
OCO,31,Renault,23,69.681,17.328,31.019,21.334,SOFT,1,23,7,1,False,None,None,True,3616.317,2020-07-12T13:40:18.339000000,True
OCO,31,Renault,24,69.472,17.315,30.828,21.329,SOFT,1,24,7,1,False,None,None,True,3685.998,2020-07-12T13:41:28.020000000,True
OCO,31,Renault,25,73.476,17.288,31.048,25.14,SOFT,1,25,9,1,False,None,3825.689,True,3755.47,2020-07-12T13:42:37.492000000,False
PER,11,Racing Point,1,101.19,None,35.505,42.533,SOFT,1,1,17,14,False,None,None,True,1968.804,2020-07-12T13:12:50.826000000,False
PER,11,Racing Point,2,119.148,25.665,56.601,36.882,SOFT,1,2,15,4,True,None,None,True,2070.182,2020-07-12T13:14:32.204000000,False
PER,11,Racing Point,3,97.229,27.415,43.047,26.767,SOFT,1,3,15,41,True,None,None,True,2189.33,2020-07-12T13:16:31.352000000,False
PER,11,Racing Point,4,71.533,17.795,31.75,21.988,SOFT,1,4,13,12,True,None,None,True,2286.559,2020-07-12T13:18:08.581000000,True
PER,11,Racing Point,5,71.241,17.764,31.531,21.946,SOFT,1,5,12,1,True,None,None,True,2358.092,2020-07-12T13:19:20.114000000,True
PER,11,Racing Point,6,69.872,17.374,30.972,21.526,SOFT,1,6,11,1,True,None,None,True,2429.333,2020-07-12T13:20:31.355000000,True
PER,11,Racing Point,7,70.541,16.813,32.188,21.54,SOFT,1,7,11,1,False,None,None,True,2499.205,2020-07-12T13:21:41.227000000,True
PER,11,Racing Point,8,70.304,17.25,31.107,21.947,SOFT,1,8,11,1,False,None,None,True,2569.746,2020-07-12T13:22:51.768000000,True
PER,11,Racing Point,9,70.585,16.903,31.783,21.899,SOFT,1,9,11,1,False,None,None,True,2640.05,2020-07-12T13:24:02.072000000,True
PER,11,Racing Point,10,70.326,17.271,31.458,21.597,SOFT,1,10,11,1,False,None,None,True,2710.635,2020-07-12T13:25:12.657000000,True
PER,11,Racing Point,11,70.306,16.946,31.606,21.754,SOFT,1,11,11,1,False,None,None,True,2780.961,2020-07-12T13:26:22.983000000,True
PER,11,Racing Point,12,70.431,17.211,31.543,21.677,SOFT,1,12,11,1,False,None,None,True,2851.267,2020-07-12T13:27:33.289000000,True
PER,11,Racing Point,13,69.738,17.032,31.363,21.343,SOFT,1,13,11,1,True,None,None,True,2921.698,2020-07-12T13:28:43.720000000,True
PER,11,Racing Point,14,69.611,16.921,31.428,21.262,SOFT,1,14,10,1,True,None,None,True,2991.436,2020-07-12T13:29:53.458000000,True
PER,11,Racing Point,15,70.106,17.836,31.037,21.233,SOFT,1,15,10,1,False,None,None,True,3061.047,2020-07-12T13:31:03.069000000,True
PER,11,Racing Point,16,70.189,17.852,31.063,21.274,SOFT,1,16,10,1,False,None,None,True,3131.153,2020-07-12T13:32:13.175000000,True
PER,11,Racing Point,17,70.226,17.614,31.301,21.311,SOFT,1,17,10,1,False,None,None,True,3201.342,2020-07-12T13:33:23.364000000,True
PER,11,Racing Point,18,69.542,17.378,30.926,21.238,SOFT,1,18,9,1,True,None,None,True,3271.568,2020-07-12T13:34:33.590000000,True
PER,11,Racing Point,19,69.716,17.585,30.992,21.139,SOFT,1,19,9,1,False,None,None,True,3341.11,2020-07-12T13:35:43.132000000,True
PER,11,Racing Point,20,69.688,17.689,30.884,21.115,SOFT,1,20,9,1,False,None,None,True,3410.826,2020-07-12T13:36:52.848000000,True
PER,11,Racing Point,21,69.609,17.667,30.907,21.035,SOFT,1,21,9,1,False,None,None,True,3480.514,2020-07-12T13:38:02.536000000,True
PER,11,Racing Point,22,69.455,17.506,30.959,20.99,SOFT,1,22,9,1,True,None,None,True,3550.123,2020-07-12T13:39:12.145000000,True
PER,11,Racing Point,23,69.439,17.428,30.976,21.035,SOFT,1,23,9,1,True,None,None,True,3619.578,2020-07-12T13:40:21.600000000,True
PER,11,Racing Point,24,69.226,17.562,30.691,20.973,SOFT,1,24,9,1,True,None,None,True,3689.017,2020-07-12T13:41:31.039000000,True
PER,11,Racing Point,25,69.574,17.597,30.806,21.171,SOFT,1,25,8,1,False,None,None,True,3758.243,2020-07-12T13:42:40.265000000,True
PER,11,Racing Point,26,69.241,17.453,30.844,20.944,SOFT,1,26,8,1,False,None,None,True,3827.817,2020-07-12T13:43:49.839000000,True
PER,11,Racing Point,27,69.036,17.534,30.727,20.775,SOFT,1,27,8,1,True,None,None,True,3897.058,2020-07-12T13:44:59.080000000,True
PER,11,Racing Point,28,69.13,17.476,30.671,20.983,SOFT,1,28,8,1,False,None,None,True,3966.094,2020-07-12T13:46:08.116000000,True
PER,11,Racing Point,29,68.932,17.404,30.668,20.86,SOFT,1,29,8,1,True,None,None,True,4035.224,2020-07-12T13:47:17.246000000,True
PER,11,Racing Point,30,69.099,17.497,30.62,20.982,SOFT,1,30,8,1,False,None,None,True,4104.156,2020-07-12T13:48:26.178000000,True
PER,11,Racing Point,31,69.059,17.242,30.912,20.905,SOFT,1,31,8,1,False,None,None,True,4173.255,2020-07-12T13:49:35.277000000,True
PER,11,Racing Point,32,69.19,17.009,31.097,21.084,SOFT,1,32,8,1,False,None,None,True,4242.314,2020-07-12T13:50:44.336000000,True
PER,11,Racing Point,33,69.131,17.167,30.795,21.169,SOFT,1,33,6,1,False,None,None,True,4311.504,2020-07-12T13:51:53.526000000,True
PER,11,Racing Point,34,68.664,17.447,30.64,20.577,SOFT,1,34,6,1,True,None,None,True,4380.635,2020-07-12T13:53:02.657000000,True
PER,11,Racing Point,35,68.61,17.402,30.555,20.653,SOFT,1,35,6,1,True,None,None,True,4449.299,2020-07-12T13:54:11.321000000,True
PER,11,Racing Point,36,68.733,17.525,30.577,20.631,SOFT,1,36,5,1,False,None,None,True,4517.909,2020-07-12T13:55:19.931000000,True
PER,11,Racing Point,37,68.662,17.442,30.585,20.635,SOFT,1,37,4,1,False,None,None,True,4586.642,2020-07-12T13:56:28.664000000,True
PER,11,Racing Point,38,71.86,17.394,30.538,23.928,SOFT,1,38,4,1,False,None,4723.889,True,4655.304,2020-07-12T13:57:37.326000000,False
PER,11,Racing Point,39,86.407,35.348,30.652,20.407,MEDIUM,2,1,8,1,False,4746.644,None,True,4727.164,2020-07-12T13:58:49.186000000,False
PER,11,Racing Point,40,67.972,17.351,30.148,20.473,MEDIUM,2,2,7,1,True,None,None,True,4813.571,2020-07-12T14:00:15.593000000,True
PER,11,Racing Point,41,68.102,17.439,30.112,20.551,MEDIUM,2,3,7,1,False,None,None,True,4881.543,2020-07-12T14:01:23.565000000,True
PER,11,Racing Point,42,68.047,17.355,30.083,20.609,MEDIUM,2,4,7,1,False,None,None,True,4949.645,2020-07-12T14:02:31.667000000,True
PER,11,Racing Point,43,68.02,17.23,30.224,20.566,MEDIUM,2,5,7,1,False,None,None,True,5017.692,2020-07-12T14:03:39.714000000,True
PER,11,Racing Point,44,68.218,17.329,30.21,20.679,MEDIUM,2,6,7,1,False,None,None,True,5085.712,2020-07-12T14:04:47.734000000,True
PER,11,Racing Point,45,68.663,16.851,30.833,20.979,MEDIUM,2,7,6,1,False,None,None,True,5153.93,2020-07-12T14:05:55.952000000,True
PER,11,Racing Point,46,68.35,17.239,30.548,20.563,MEDIUM,2,8,6,1,False,None,None,True,5222.593,2020-07-12T14:07:04.615000000,True
PER,11,Racing Point,47,68.262,17.348,30.306,20.608,MEDIUM,2,9,6,1,False,None,None,True,5290.943,2020-07-12T14:08:12.965000000,True
PER,11,Racing Point,48,69.061,16.861,31.318,20.882,MEDIUM,2,10,5,1,False,None,None,True,5359.205,2020-07-12T14:09:21.227000000,True
PER,11,Racing Point,49,68.037,17.45,30.182,20.405,MEDIUM,2,11,5,1,False,None,None,True,5428.266,2020-07-12T14:10:30.288000000,True
PER,11,Racing Point,50,67.578,17.382,29.855,20.341,MEDIUM,2,12,5,1,True,None,None,True,5496.303,2020-07-12T14:11:38.325000000,True
PER,11,Racing Point,51,67.513,17.314,29.89,20.309,MEDIUM,2,13,5,1,True,None,None,True,5563.881,2020-07-12T14:12:45.903000000,True
PER,11,Racing Point,52,67.542,17.354,29.832,20.356,MEDIUM,2,14,5,1,False,None,None,True,5631.394,2020-07-12T14:13:53.416000000,True
PER,11,Racing Point,53,67.547,17.345,29.919,20.283,MEDIUM,2,15,5,1,False,None,None,True,5698.936,2020-07-12T14:15:00.958000000,True
PER,11,Racing Point,54,67.41,17.141,29.781,20.488,MEDIUM,2,16,5,1,True,None,None,True,5766.483,2020-07-12T14:16:08.505000000,True
PER,11,Racing Point,55,67.697,17.014,29.966,20.717,MEDIUM,2,17,5,1,False,None,None,True,5833.893,2020-07-12T14:17:15.915000000,True
PER,11,Racing Point,56,68.082,17.048,30.341,20.693,MEDIUM,2,18,5,1,False,None,None,True,5901.59,2020-07-12T14:18:23.612000000,True
PER,11,Racing Point,57,68.476,17.326,30.383,20.767,MEDIUM,2,19,5,1,False,None,None,True,5969.672,2020-07-12T14:19:31.694000000,True
PER,11,Racing Point,58,67.715,16.918,30.313,20.484,MEDIUM,2,20,5,1,False,None,None,True,6038.148,2020-07-12T14:20:40.170000000,True
PER,11,Racing Point,59,67.689,16.821,30.318,20.55,MEDIUM,2,21,5,1,False,None,None,True,6105.863,2020-07-12T14:21:47.885000000,True
PER,11,Racing Point,60,67.586,16.889,30.206,20.491,MEDIUM,2,22,5,1,False,None,None,True,6173.552,2020-07-12T14:22:55.574000000,True
PER,11,Racing Point,61,67.715,16.818,30.446,20.451,MEDIUM,2,23,5,1,False,None,None,True,6241.138,2020-07-12T14:24:03.160000000,True
PER,11,Racing Point,62,67.396,16.999,30.022,20.375,MEDIUM,2,24,5,1,True,None,None,True,6308.853,2020-07-12T14:25:10.875000000,True
PER,11,Racing Point,63,67.413,16.824,30.145,20.444,MEDIUM,2,25,5,1,False,None,None,True,6376.249,2020-07-12T14:26:18.271000000,True
PER,11,Racing Point,64,67.59,16.761,30.344,20.485,MEDIUM,2,26,5,1,False,None,None,True,6443.662,2020-07-12T14:27:25.684000000,True
PER,11,Racing Point,65,67.286,16.879,30.03,20.377,MEDIUM,2,27,5,1,True,None,None,True,6511.252,2020-07-12T14:28:33.274000000,True
PER,11,Racing Point,66,67.362,16.747,30.224,20.391,MEDIUM,2,28,5,1,False,None,None,True,6578.538,2020-07-12T14:29:40.560000000,True
PER,11,Racing Point,67,67.339,16.748,30.212,20.379,MEDIUM,2,29,5,1,False,None,None,True,6645.9,2020-07-12T14:30:47.922000000,True
PER,11,Racing Point,68,67.188,16.784,30.024,20.38,MEDIUM,2,30,5,1,True,None,None,True,6713.239,2020-07-12T14:31:55.261000000,True
PER,11,Racing Point,69,70.026,16.695,31.052,22.279,MEDIUM,2,31,5,1,False,None,None,True,6780.427,2020-07-12T14:33:02.449000000,True
PER,11,Racing Point,70,73.76,17.705,32.039,24.016,MEDIUM,2,32,5,1,False,None,None,True,6850.453,2020-07-12T14:34:12.475000000,True
PER,11,Racing Point,71,77.849,18.583,33.869,25.397,MEDIUM,2,33,6,1,False,None,None,True,6924.213,2020-07-12T14:35:26.235000000,True
RAI,7,Alfa Romeo Racing,1,105.821,None,37.717,44.91,MEDIUM,1,1,20,14,False,None,None,True,1968.804,2020-07-12T13:12:50.826000000,False
RAI,7,Alfa Romeo Racing,2,119.637,24.547,58.658,36.432,MEDIUM,1,2,18,4,True,None,None,True,2074.813,2020-07-12T13:14:36.835000000,False
RAI,7,Alfa Romeo Racing,3,93.413,26.606,41.36,25.447,MEDIUM,1,3,18,41,True,None,None,True,2194.45,2020-07-12T13:16:36.472000000,False
RAI,7,Alfa Romeo Racing,4,73.037,18.03,32.437,22.57,MEDIUM,1,4,17,12,True,None,None,True,2287.863,2020-07-12T13:18:09.885000000,True
RAI,7,Alfa Romeo Racing,5,71.912,17.512,32.308,22.092,MEDIUM,1,5,17,1,True,None,None,True,2360.9,2020-07-12T13:19:22.922000000,True
RAI,7,Alfa Romeo Racing,6,71.194,17.51,31.704,21.98,MEDIUM,1,6,17,1,True,None,None,True,2432.812,2020-07-12T13:20:34.834000000,True
RAI,7,Alfa Romeo Racing,7,71.568,17.417,31.702,22.449,MEDIUM,1,7,17,1,False,None,None,True,2504.006,2020-07-12T13:21:46.028000000,True
RAI,7,Alfa Romeo Racing,8,71.232,17.833,31.655,21.744,MEDIUM,1,8,17,1,False,None,None,True,2575.574,2020-07-12T13:22:57.596000000,True
RAI,7,Alfa Romeo Racing,9,70.561,17.48,31.494,21.587,MEDIUM,1,9,17,1,True,None,None,True,2646.806,2020-07-12T13:24:08.828000000,True
RAI,7,Alfa Romeo Racing,10,70.622,17.23,31.674,21.718,MEDIUM,1,10,16,1,False,None,None,True,2717.367,2020-07-12T13:25:19.389000000,True
RAI,7,Alfa Romeo Racing,11,70.216,17.741,30.997,21.478,MEDIUM,1,11,16,1,True,None,None,True,2787.989,2020-07-12T13:26:30.011000000,True
RAI,7,Alfa Romeo Racing,12,70.082,17.301,31.23,21.551,MEDIUM,1,12,16,1,True,None,None,True,2858.205,2020-07-12T13:27:40.227000000,True
RAI,7,Alfa Romeo Racing,13,69.8,17.233,31.116,21.451,MEDIUM,1,13,15,1,True,None,None,True,2928.287,2020-07-12T13:28:50.309000000,True
RAI,7,Alfa Romeo Racing,14,70.076,17.681,31.014,21.381,MEDIUM,1,14,15,1,False,None,None,True,2998.087,2020-07-12T13:30:00.109000000,True
RAI,7,Alfa Romeo Racing,15,70.112,17.775,30.976,21.361,MEDIUM,1,15,15,1,False,None,None,True,3068.163,2020-07-12T13:31:10.185000000,True
RAI,7,Alfa Romeo Racing,16,70.12,17.676,30.957,21.487,MEDIUM,1,16,15,1,False,None,None,True,3138.275,2020-07-12T13:32:20.297000000,True
RAI,7,Alfa Romeo Racing,17,70.244,17.227,31.502,21.515,MEDIUM,1,17,15,1,False,None,None,True,3208.395,2020-07-12T13:33:30.417000000,True
RAI,7,Alfa Romeo Racing,18,69.881,17.207,31.323,21.351,MEDIUM,1,18,14,1,False,None,None,True,3278.639,2020-07-12T13:34:40.661000000,True
RAI,7,Alfa Romeo Racing,19,69.895,17.66,30.867,21.368,MEDIUM,1,19,14,1,False,None,None,True,3348.52,2020-07-12T13:35:50.542000000,True
RAI,7,Alfa Romeo Racing,20,70.024,17.757,30.907,21.36,MEDIUM,1,20,14,1,False,None,None,True,3418.415,2020-07-12T13:37:00.437000000,True
RAI,7,Alfa Romeo Racing,21,69.747,17.609,30.887,21.251,MEDIUM,1,21,14,1,True,None,None,True,3488.439,2020-07-12T13:38:10.461000000,True
RAI,7,Alfa Romeo Racing,22,71.027,17.573,31.986,21.468,MEDIUM,1,22,14,1,False,None,None,True,3558.186,2020-07-12T13:39:20.208000000,True
RAI,7,Alfa Romeo Racing,23,70.068,17.679,30.928,21.461,MEDIUM,1,23,14,1,False,None,None,True,3629.213,2020-07-12T13:40:31.235000000,True
RAI,7,Alfa Romeo Racing,24,69.99,17.821,30.864,21.305,MEDIUM,1,24,14,1,False,None,None,True,3699.281,2020-07-12T13:41:41.303000000,True
RAI,7,Alfa Romeo Racing,25,69.947,17.599,30.869,21.479,MEDIUM,1,25,13,1,False,None,None,True,3769.271,2020-07-12T13:42:51.293000000,True
RAI,7,Alfa Romeo Racing,26,70.178,17.7,30.953,21.525,MEDIUM,1,26,12,1,False,None,None,True,3839.218,2020-07-12T13:44:01.240000000,True
RAI,7,Alfa Romeo Racing,27,69.849,17.545,30.936,21.368,MEDIUM,1,27,12,1,False,None,None,True,3909.396,2020-07-12T13:45:11.418000000,True
RAI,7,Alfa Romeo Racing,28,70.009,17.8,30.898,21.311,MEDIUM,1,28,12,1,False,None,None,True,3979.245,2020-07-12T13:46:21.267000000,True
RAI,7,Alfa Romeo Racing,29,69.984,17.632,30.998,21.354,MEDIUM,1,29,12,1,False,None,None,True,4049.254,2020-07-12T13:47:31.276000000,True
RAI,7,Alfa Romeo Racing,30,69.825,17.684,30.771,21.37,MEDIUM,1,30,12,1,False,None,None,True,4119.238,2020-07-12T13:48:41.260000000,True
RAI,7,Alfa Romeo Racing,31,69.68,17.638,30.786,21.256,MEDIUM,1,31,12,1,True,None,None,True,4189.063,2020-07-12T13:49:51.085000000,True
RAI,7,Alfa Romeo Racing,32,69.769,17.65,30.761,21.358,MEDIUM,1,32,12,1,False,None,None,True,4258.743,2020-07-12T13:51:00.765000000,True
RAI,7,Alfa Romeo Racing,33,69.413,17.453,30.708,21.252,MEDIUM,1,33,11,1,True,None,None,True,4328.512,2020-07-12T13:52:10.534000000,True
RAI,7,Alfa Romeo Racing,34,69.666,17.636,30.91,21.12,MEDIUM,1,34,10,1,False,None,None,True,4397.925,2020-07-12T13:53:19.947000000,True
RAI,7,Alfa Romeo Racing,35,69.555,17.493,30.97,21.092,MEDIUM,1,35,10,1,False,None,None,True,4467.591,2020-07-12T13:54:29.613000000,True
RAI,7,Alfa Romeo Racing,36,70.347,17.192,31.674,21.481,MEDIUM,1,36,10,1,False,None,None,True,4537.146,2020-07-12T13:55:39.168000000,True
RAI,7,Alfa Romeo Racing,37,70.368,17.131,31.678,21.559,MEDIUM,1,37,11,1,False,None,None,True,4607.493,2020-07-12T13:56:49.515000000,True
RAI,7,Alfa Romeo Racing,38,69.538,17.096,31.206,21.236,MEDIUM,1,38,11,1,False,None,None,True,4677.861,2020-07-12T13:57:59.883000000,True
RAI,7,Alfa Romeo Racing,39,70.026,17.31,31.23,21.486,MEDIUM,1,39,10,1,False,None,None,True,4747.399,2020-07-12T13:59:09.421000000,True
RAI,7,Alfa Romeo Racing,40,69.34,17.515,30.801,21.024,MEDIUM,1,40,9,1,True,None,None,True,4817.425,2020-07-12T14:00:19.447000000,True
RAI,7,Alfa Romeo Racing,41,69.543,17.653,30.819,21.071,MEDIUM,1,41,9,1,False,None,None,True,4886.765,2020-07-12T14:01:28.787000000,True
RAI,7,Alfa Romeo Racing,42,69.313,17.614,30.609,21.09,MEDIUM,1,42,9,1,True,None,None,True,4956.308,2020-07-12T14:02:38.330000000,True
RAI,7,Alfa Romeo Racing,43,69.42,17.539,30.732,21.149,MEDIUM,1,43,9,1,False,None,None,True,5025.621,2020-07-12T14:03:47.643000000,True
RAI,7,Alfa Romeo Racing,44,73.545,17.662,30.828,25.055,MEDIUM,1,44,10,1,False,None,5165.33,True,5095.041,2020-07-12T14:04:57.063000000,False
RAI,7,Alfa Romeo Racing,45,86.116,34.043,30.798,21.275,SOFT,2,1,14,1,False,5186.797,None,True,5168.586,2020-07-12T14:06:10.608000000,False
RAI,7,Alfa Romeo Racing,46,69.026,17.16,30.768,21.098,SOFT,2,2,14,1,True,None,None,True,5254.702,2020-07-12T14:07:36.724000000,True
RAI,7,Alfa Romeo Racing,47,69.721,16.989,31.382,21.35,SOFT,2,3,13,1,False,None,None,True,5323.728,2020-07-12T14:08:45.750000000,True
RAI,7,Alfa Romeo Racing,48,69.022,17.072,30.799,21.151,SOFT,2,4,12,1,True,None,None,True,5393.449,2020-07-12T14:09:55.471000000,True
RAI,7,Alfa Romeo Racing,49,69.012,17.534,30.489,20.989,SOFT,2,5,12,1,True,None,None,True,5462.471,2020-07-12T14:11:04.493000000,True
RAI,7,Alfa Romeo Racing,50,68.968,17.575,30.451,20.942,SOFT,2,6,12,1,True,None,None,True,5531.483,2020-07-12T14:12:13.505000000,True
RAI,7,Alfa Romeo Racing,51,69.216,17.737,30.506,20.973,SOFT,2,7,12,1,False,None,None,True,5600.451,2020-07-12T14:13:22.473000000,True
RAI,7,Alfa Romeo Racing,52,68.596,17.556,30.236,20.804,SOFT,2,8,12,1,True,None,None,True,5669.667,2020-07-12T14:14:31.689000000,True
RAI,7,Alfa Romeo Racing,53,68.584,17.159,30.499,20.926,SOFT,2,9,12,1,True,None,None,True,5738.263,2020-07-12T14:15:40.285000000,True
RAI,7,Alfa Romeo Racing,54,68.569,17.267,30.543,20.759,SOFT,2,10,12,1,True,None,None,True,5806.847,2020-07-12T14:16:48.869000000,True
RAI,7,Alfa Romeo Racing,55,68.857,17.159,30.742,20.956,SOFT,2,11,12,1,False,None,None,True,5875.416,2020-07-12T14:17:57.438000000,True
RAI,7,Alfa Romeo Racing,56,68.739,17.073,30.778,20.888,SOFT,2,12,12,1,False,None,None,True,5944.273,2020-07-12T14:19:06.295000000,True
RAI,7,Alfa Romeo Racing,57,68.382,17.076,30.445,20.861,SOFT,2,13,12,1,True,None,None,True,6013.012,2020-07-12T14:20:15.034000000,True
RAI,7,Alfa Romeo Racing,58,68.73,17.112,30.748,20.87,SOFT,2,14,12,1,False,None,None,True,6081.394,2020-07-12T14:21:23.416000000,True
RAI,7,Alfa Romeo Racing,59,68.992,17.235,30.22,21.537,SOFT,2,15,11,1,False,None,None,True,6150.124,2020-07-12T14:22:32.146000000,True
RAI,7,Alfa Romeo Racing,60,68.716,17.644,30.384,20.688,SOFT,2,16,11,1,False,None,None,True,6219.116,2020-07-12T14:23:41.138000000,True
RAI,7,Alfa Romeo Racing,61,68.588,17.499,30.259,20.83,SOFT,2,17,11,1,False,None,None,True,6287.832,2020-07-12T14:24:49.854000000,True
RAI,7,Alfa Romeo Racing,62,68.664,17.499,30.24,20.925,SOFT,2,18,11,1,False,None,None,True,6356.42,2020-07-12T14:25:58.442000000,True
RAI,7,Alfa Romeo Racing,63,68.934,17.524,30.269,21.141,SOFT,2,19,11,1,False,None,None,True,6425.084,2020-07-12T14:27:07.106000000,True
RAI,7,Alfa Romeo Racing,64,68.819,17.501,30.362,20.956,SOFT,2,20,11,1,False,None,None,True,6494.018,2020-07-12T14:28:16.040000000,True
RAI,7,Alfa Romeo Racing,65,68.857,17.501,30.436,20.92,SOFT,2,21,11,1,False,None,None,True,6562.837,2020-07-12T14:29:24.859000000,True
RAI,7,Alfa Romeo Racing,66,68.673,17.547,30.286,20.84,SOFT,2,22,11,1,False,None,None,True,6631.694,2020-07-12T14:30:33.716000000,True
RAI,7,Alfa Romeo Racing,67,68.747,17.544,30.429,20.774,SOFT,2,23,11,1,False,None,None,True,6700.367,2020-07-12T14:31:42.389000000,True
RAI,7,Alfa Romeo Racing,68,68.808,17.49,30.519,20.799,SOFT,2,24,11,1,False,None,None,True,6769.114,2020-07-12T14:32:51.136000000,True
RAI,7,Alfa Romeo Racing,69,69.901,17.562,30.603,21.736,SOFT,2,25,11,1,False,None,None,True,6837.922,2020-07-12T14:33:59.944000000,True
RAI,7,Alfa Romeo Racing,70,69.971,17.139,30.906,21.926,SOFT,2,26,11,1,False,None,None,True,6907.823,2020-07-12T14:35:09.845000000,True
RIC,3,Renault,1,89.615,None,32.283,35.285,MEDIUM,1,1,7,14,False,None,None,True,1968.804,2020-07-12T13:12:50.826000000,False
RIC,3,Renault,2,120.654,24.343,60.935,35.376,MEDIUM,1,2,7,4,True,None,None,True,2058.607,2020-07-12T13:14:20.629000000,False
RIC,3,Renault,3,103.998,26.748,45.968,31.282,MEDIUM,1,3,7,41,True,None,None,True,2179.261,2020-07-12T13:16:21.283000000,False
RIC,3,Renault,4,71.631,18.129,31.569,21.933,MEDIUM,1,4,7,12,True,None,None,True,2283.259,2020-07-12T13:18:05.281000000,True
RIC,3,Renault,5,71.328,17.882,31.587,21.859,MEDIUM,1,5,7,1,True,None,None,True,2354.89,2020-07-12T13:19:16.912000000,True
RIC,3,Renault,6,70.311,17.393,31.265,21.653,MEDIUM,1,6,7,1,True,None,None,True,2426.218,2020-07-12T13:20:28.240000000,True
RIC,3,Renault,7,70.299,17.137,31.413,21.749,MEDIUM,1,7,7,1,True,None,None,True,2496.529,2020-07-12T13:21:38.551000000,True
RIC,3,Renault,8,70.586,17.178,31.598,21.81,MEDIUM,1,8,7,1,False,None,None,True,2566.828,2020-07-12T13:22:48.850000000,True
RIC,3,Renault,9,70.395,17.193,31.541,21.661,MEDIUM,1,9,7,1,False,None,None,True,2637.414,2020-07-12T13:23:59.436000000,True
RIC,3,Renault,10,70.431,17.296,31.569,21.566,MEDIUM,1,10,7,1,False,None,None,True,2707.809,2020-07-12T13:25:09.831000000,True
RIC,3,Renault,11,70.103,17.221,31.249,21.633,MEDIUM,1,11,7,1,True,None,None,True,2778.24,2020-07-12T13:26:20.262000000,True
RIC,3,Renault,12,69.732,17.169,31.143,21.42,MEDIUM,1,12,7,1,True,None,None,True,2848.343,2020-07-12T13:27:30.365000000,True
RIC,3,Renault,13,70.004,17.154,31.29,21.56,MEDIUM,1,13,7,1,False,None,None,True,2918.075,2020-07-12T13:28:40.097000000,True
RIC,3,Renault,14,69.938,17.113,31.251,21.574,MEDIUM,1,14,7,1,False,None,None,True,2988.079,2020-07-12T13:29:50.101000000,True
RIC,3,Renault,15,69.819,17.185,31.268,21.366,MEDIUM,1,15,7,1,False,None,None,True,3058.017,2020-07-12T13:31:00.039000000,True
RIC,3,Renault,16,69.857,17.174,31.28,21.403,MEDIUM,1,16,7,1,False,None,None,True,3127.836,2020-07-12T13:32:09.858000000,True
RIC,3,Renault,17,70.258,17.015,31.878,21.365,MEDIUM,1,17,7,1,False,None,None,True,3197.693,2020-07-12T13:33:19.715000000,True
RIC,3,Renault,18,70.022,17.247,31.519,21.256,MEDIUM,1,18,7,1,False,None,None,True,3267.951,2020-07-12T13:34:29.973000000,True
RIC,3,Renault,19,69.264,17.071,30.816,21.377,MEDIUM,1,19,6,1,True,None,None,True,3337.973,2020-07-12T13:35:39.995000000,True
RIC,3,Renault,20,69.455,17.392,30.854,21.209,MEDIUM,1,20,6,1,False,None,None,True,3407.237,2020-07-12T13:36:49.259000000,True
RIC,3,Renault,21,69.445,17.442,30.813,21.19,MEDIUM,1,21,6,1,False,None,None,True,3476.692,2020-07-12T13:37:58.714000000,True
RIC,3,Renault,22,69.442,17.328,30.928,21.186,MEDIUM,1,22,6,1,False,None,None,True,3546.137,2020-07-12T13:39:08.159000000,True
RIC,3,Renault,23,69.583,17.475,31.008,21.1,MEDIUM,1,23,6,1,False,None,None,True,3615.579,2020-07-12T13:40:17.601000000,True
RIC,3,Renault,24,69.399,17.398,30.846,21.155,MEDIUM,1,24,6,1,False,None,None,True,3685.162,2020-07-12T13:41:27.184000000,True
RIC,3,Renault,25,69.635,17.46,30.907,21.268,MEDIUM,1,25,6,1,False,None,None,True,3754.561,2020-07-12T13:42:36.583000000,True
RIC,3,Renault,26,69.317,17.357,30.75,21.21,MEDIUM,1,26,6,1,False,None,None,True,3824.196,2020-07-12T13:43:46.218000000,True
RIC,3,Renault,27,69.145,17.335,30.788,21.022,MEDIUM,1,27,6,1,True,None,None,True,3893.513,2020-07-12T13:44:55.535000000,True
RIC,3,Renault,28,68.915,17.374,30.53,21.011,MEDIUM,1,28,6,1,True,None,None,True,3962.658,2020-07-12T13:46:04.680000000,True
RIC,3,Renault,29,69.008,17.311,30.643,21.054,MEDIUM,1,29,6,1,False,None,None,True,4031.573,2020-07-12T13:47:13.595000000,True
RIC,3,Renault,30,69.157,17.412,30.661,21.084,MEDIUM,1,30,6,1,False,None,None,True,4100.581,2020-07-12T13:48:22.603000000,True
RIC,3,Renault,31,69.374,17.335,30.854,21.185,MEDIUM,1,31,6,1,False,None,None,True,4169.738,2020-07-12T13:49:31.760000000,True
RIC,3,Renault,32,69.149,17.266,30.687,21.196,MEDIUM,1,32,5,1,False,None,None,True,4239.112,2020-07-12T13:50:41.134000000,True
RIC,3,Renault,33,68.729,17.205,30.481,21.043,MEDIUM,1,33,5,1,True,None,None,True,4308.261,2020-07-12T13:51:50.283000000,True
RIC,3,Renault,34,68.933,17.431,30.622,20.88,MEDIUM,1,34,5,1,False,None,None,True,4376.99,2020-07-12T13:52:59.012000000,True
RIC,3,Renault,35,68.644,17.352,30.432,20.86,MEDIUM,1,35,5,1,True,None,None,True,4445.923,2020-07-12T13:54:07.945000000,True
RIC,3,Renault,36,68.795,17.306,30.592,20.897,MEDIUM,1,36,4,1,False,None,None,True,4514.567,2020-07-12T13:55:16.589000000,True
RIC,3,Renault,37,72.086,17.38,30.544,24.162,MEDIUM,1,37,5,1,False,None,4652.173,True,4583.362,2020-07-12T13:56:25.384000000,False
RIC,3,Renault,38,85.771,34.394,30.422,20.955,SOFT,2,1,7,1,False,4673.801,None,True,4655.448,2020-07-12T13:57:37.470000000,False
RIC,3,Renault,39,68.39,17.294,30.312,20.784,SOFT,2,2,6,1,True,None,None,True,4741.219,2020-07-12T13:59:03.241000000,True
RIC,3,Renault,40,68.284,17.342,30.232,20.71,SOFT,2,3,5,1,True,None,None,True,4809.609,2020-07-12T14:00:11.631000000,True
RIC,3,Renault,41,68.379,17.323,30.218,20.838,SOFT,2,4,5,1,False,None,None,True,4877.893,2020-07-12T14:01:19.915000000,True
RIC,3,Renault,42,68.383,17.249,30.295,20.839,SOFT,2,5,5,1,False,None,None,True,4946.272,2020-07-12T14:02:28.294000000,True
RIC,3,Renault,43,68.551,17.262,30.398,20.891,SOFT,2,6,5,1,False,None,None,True,5014.655,2020-07-12T14:03:36.677000000,True
RIC,3,Renault,44,68.765,17.398,30.421,20.946,SOFT,2,7,5,1,False,None,None,True,5083.206,2020-07-12T14:04:45.228000000,True
RIC,3,Renault,45,68.987,17.552,30.457,20.978,SOFT,2,8,5,1,False,None,None,True,5151.971,2020-07-12T14:05:53.993000000,True
RIC,3,Renault,46,68.741,17.447,30.443,20.851,SOFT,2,9,5,1,False,None,None,True,5220.958,2020-07-12T14:07:02.980000000,True
RIC,3,Renault,47,68.706,17.465,30.4,20.841,SOFT,2,10,5,1,False,None,None,True,5289.699,2020-07-12T14:08:11.721000000,True
RIC,3,Renault,48,70.921,17.437,31.776,21.708,SOFT,2,11,6,1,False,None,None,True,5358.405,2020-07-12T14:09:20.427000000,True
RIC,3,Renault,49,68.534,17.042,30.67,20.822,SOFT,2,12,6,1,False,None,None,True,5429.326,2020-07-12T14:10:31.348000000,True
RIC,3,Renault,50,68.725,17.388,30.551,20.786,SOFT,2,13,6,1,False,None,None,True,5497.86,2020-07-12T14:11:39.882000000,True
RIC,3,Renault,51,68.699,17.452,30.518,20.729,SOFT,2,14,6,1,False,None,None,True,5566.585,2020-07-12T14:12:48.607000000,True
RIC,3,Renault,52,68.672,17.377,30.509,20.786,SOFT,2,15,6,1,False,None,None,True,5635.284,2020-07-12T14:13:57.306000000,True
RIC,3,Renault,53,68.508,17.448,30.384,20.676,SOFT,2,16,6,1,False,None,None,True,5703.956,2020-07-12T14:15:05.978000000,True
RIC,3,Renault,54,68.412,17.406,30.261,20.745,SOFT,2,17,6,1,False,None,None,True,5772.464,2020-07-12T14:16:14.486000000,True
RIC,3,Renault,55,68.379,17.412,30.192,20.775,SOFT,2,18,6,1,False,None,None,True,5840.876,2020-07-12T14:17:22.898000000,True
RIC,3,Renault,56,68.339,17.36,30.229,20.75,SOFT,2,19,6,1,False,None,None,True,5909.255,2020-07-12T14:18:31.277000000,True
RIC,3,Renault,57,68.42,17.339,30.278,20.803,SOFT,2,20,6,1,False,None,None,True,5977.594,2020-07-12T14:19:39.616000000,True
RIC,3,Renault,58,68.503,17.343,30.504,20.656,SOFT,2,21,6,1,False,None,None,True,6046.014,2020-07-12T14:20:48.036000000,True
RIC,3,Renault,59,68.234,17.271,30.305,20.658,SOFT,2,22,6,1,True,None,None,True,6114.517,2020-07-12T14:21:56.539000000,True
RIC,3,Renault,60,68.406,17.386,30.255,20.765,SOFT,2,23,6,1,False,None,None,True,6182.751,2020-07-12T14:23:04.773000000,True
RIC,3,Renault,61,68.065,17.177,30.124,20.764,SOFT,2,24,6,1,True,None,None,True,6251.157,2020-07-12T14:24:13.179000000,True
RIC,3,Renault,62,68.198,17.255,30.279,20.664,SOFT,2,25,6,1,False,None,None,True,6319.222,2020-07-12T14:25:21.244000000,True
RIC,3,Renault,63,67.98,17.263,30.118,20.599,SOFT,2,26,6,1,True,None,None,True,6387.42,2020-07-12T14:26:29.442000000,True
RIC,3,Renault,64,67.993,17.128,30.227,20.638,SOFT,2,27,6,1,False,None,None,True,6455.4,2020-07-12T14:27:37.422000000,True
RIC,3,Renault,65,67.832,17.038,30.185,20.609,SOFT,2,28,6,1,True,None,None,True,6523.393,2020-07-12T14:28:45.415000000,True
RIC,3,Renault,66,68.126,17.351,30.178,20.597,SOFT,2,29,6,1,False,None,None,True,6591.225,2020-07-12T14:29:53.247000000,True
RIC,3,Renault,67,67.908,17.187,30.176,20.545,SOFT,2,30,6,1,False,None,None,True,6659.351,2020-07-12T14:31:01.373000000,True
RIC,3,Renault,68,67.96,17.223,30.14,20.597,SOFT,2,31,6,1,False,None,None,True,6727.259,2020-07-12T14:32:09.281000000,True
RIC,3,Renault,69,67.903,17.266,30.127,20.51,SOFT,2,32,6,1,False,None,None,True,6795.219,2020-07-12T14:33:17.241000000,True
RIC,3,Renault,70,70.696,17.288,32.479,20.929,SOFT,2,33,8,1,False,None,None,True,6863.122,2020-07-12T14:34:25.144000000,True
RIC,3,Renault,71,68.448,16.688,30.858,20.902,SOFT,2,34,8,1,False,None,None,True,6933.818,2020-07-12T14:35:35.840000000,True
RUS,63,Williams,1,96.361,None,33.062,40.719,SOFT,1,1,12,14,False,None,None,True,1968.804,2020-07-12T13:12:50.826000000,False
RUS,63,Williams,2,119.302,25.596,57.397,36.309,SOFT,1,2,11,4,True,None,None,True,2065.353,2020-07-12T13:14:27.375000000,False
RUS,63,Williams,3,99.88,26.689,43.559,29.632,SOFT,1,3,11,41,True,None,None,True,2184.655,2020-07-12T13:16:26.677000000,False
RUS,63,Williams,4,79.394,17.802,None,None,SOFT,1,4,18,12,True,None,None,True,2284.535,2020-07-12T13:18:06.557000000,False
RUS,63,Williams,5,71.908,18.02,32.03,21.858,SOFT,1,5,18,1,True,None,None,True,2363.929,2020-07-12T13:19:25.951000000,True
RUS,63,Williams,6,70.766,17.762,31.438,21.566,SOFT,1,6,18,1,True,None,None,True,2435.837,2020-07-12T13:20:37.859000000,True
RUS,63,Williams,7,71.044,17.608,31.76,21.676,SOFT,1,7,18,1,False,None,None,True,2506.603,2020-07-12T13:21:48.625000000,True
RUS,63,Williams,8,70.897,17.89,31.42,21.587,SOFT,1,8,18,1,False,None,None,True,2577.647,2020-07-12T13:22:59.669000000,True
RUS,63,Williams,9,71.027,17.838,31.525,21.664,SOFT,1,9,18,1,False,None,None,True,2648.544,2020-07-12T13:24:10.566000000,True
RUS,63,Williams,10,71.227,17.854,31.559,21.814,SOFT,1,10,18,1,False,None,None,True,2719.571,2020-07-12T13:25:21.593000000,True
RUS,63,Williams,11,70.677,17.66,31.362,21.655,SOFT,1,11,18,1,True,None,None,True,2790.798,2020-07-12T13:26:32.820000000,True
RUS,63,Williams,12,70.641,17.648,31.351,21.642,SOFT,1,12,18,1,True,None,None,True,2861.475,2020-07-12T13:27:43.497000000,True
RUS,63,Williams,13,70.716,17.609,31.409,21.698,SOFT,1,13,18,1,False,None,None,True,2932.116,2020-07-12T13:28:54.138000000,True
RUS,63,Williams,14,70.775,17.631,31.504,21.64,SOFT,1,14,18,1,False,None,None,True,3002.832,2020-07-12T13:30:04.854000000,True
RUS,63,Williams,15,70.546,17.905,31.232,21.409,SOFT,1,15,18,1,True,None,None,True,3073.607,2020-07-12T13:31:15.629000000,True
RUS,63,Williams,16,70.553,17.595,31.386,21.572,SOFT,1,16,18,1,False,None,None,True,3144.153,2020-07-12T13:32:26.175000000,True
RUS,63,Williams,17,70.631,17.597,31.366,21.668,SOFT,1,17,18,1,False,None,None,True,3214.706,2020-07-12T13:33:36.728000000,True
RUS,63,Williams,18,70.853,17.579,31.57,21.704,SOFT,1,18,18,1,False,None,None,True,3285.337,2020-07-12T13:34:47.359000000,True
RUS,63,Williams,19,70.707,17.798,31.337,21.572,SOFT,1,19,18,1,False,None,None,True,3356.19,2020-07-12T13:35:58.212000000,True
RUS,63,Williams,20,70.923,17.588,31.589,21.746,SOFT,1,20,18,1,False,None,None,True,3426.897,2020-07-12T13:37:08.919000000,True
RUS,63,Williams,21,70.655,17.655,31.409,21.591,SOFT,1,21,18,1,False,None,None,True,3497.82,2020-07-12T13:38:19.842000000,True
RUS,63,Williams,22,70.921,17.488,31.676,21.757,SOFT,1,22,18,1,False,None,None,True,3568.475,2020-07-12T13:39:30.497000000,True
RUS,63,Williams,23,70.776,17.707,31.547,21.522,SOFT,1,23,18,1,False,None,None,True,3639.396,2020-07-12T13:40:41.418000000,True
RUS,63,Williams,24,70.659,17.682,31.44,21.537,SOFT,1,24,18,1,False,None,None,True,3710.172,2020-07-12T13:41:52.194000000,True
RUS,63,Williams,25,70.583,17.681,31.386,21.516,SOFT,1,25,17,1,False,None,None,True,3780.831,2020-07-12T13:43:02.853000000,True
RUS,63,Williams,26,70.998,17.592,31.868,21.538,SOFT,1,26,16,1,False,None,None,True,3851.414,2020-07-12T13:44:13.436000000,True
RUS,63,Williams,27,70.373,17.549,31.339,21.485,SOFT,1,27,16,1,True,None,None,True,3922.412,2020-07-12T13:45:24.434000000,True
RUS,63,Williams,28,70.482,17.601,31.413,21.468,SOFT,1,28,16,1,False,None,None,True,3992.785,2020-07-12T13:46:34.807000000,True
RUS,63,Williams,29,70.469,17.554,31.475,21.44,SOFT,1,29,16,1,False,None,None,True,4063.267,2020-07-12T13:47:45.289000000,True
RUS,63,Williams,30,70.349,17.636,31.328,21.385,SOFT,1,30,16,1,True,None,None,True,4133.736,2020-07-12T13:48:55.758000000,True
RUS,63,Williams,31,70.517,17.647,31.309,21.561,SOFT,1,31,16,1,False,None,None,True,4204.085,2020-07-12T13:50:06.107000000,True
RUS,63,Williams,32,71.191,17.615,31.977,21.599,SOFT,1,32,15,1,False,None,None,True,4274.602,2020-07-12T13:51:16.624000000,True
RUS,63,Williams,33,71.693,17.545,31.279,22.869,SOFT,1,33,15,1,False,None,None,True,4345.793,2020-07-12T13:52:27.815000000,True
RUS,63,Williams,34,73.865,17.463,31.622,24.78,SOFT,1,34,16,1,False,None,4488.137,True,4417.486,2020-07-12T13:53:39.508000000,False
RUS,63,Williams,35,86.229,34.731,30.655,20.843,MEDIUM,2,1,17,1,False,4510.424,None,True,4491.351,2020-07-12T13:54:53.373000000,False
RUS,63,Williams,36,68.601,17.39,30.437,20.774,MEDIUM,2,2,17,1,True,None,None,True,4577.58,2020-07-12T13:56:19.602000000,True
RUS,63,Williams,37,68.844,17.441,30.561,20.842,MEDIUM,2,3,17,1,False,None,None,True,4646.181,2020-07-12T13:57:28.203000000,True
RUS,63,Williams,38,68.871,17.293,30.667,20.911,MEDIUM,2,4,17,1,False,None,None,True,4715.025,2020-07-12T13:58:37.047000000,True
RUS,63,Williams,39,69.329,17.034,31.183,21.112,MEDIUM,2,5,17,1,False,None,None,True,4783.896,2020-07-12T13:59:45.918000000,True
RUS,63,Williams,40,69.89,17.0,31.628,21.262,MEDIUM,2,6,17,1,False,None,None,True,4853.225,2020-07-12T14:00:55.247000000,True
RUS,63,Williams,41,69.924,17.193,31.443,21.288,MEDIUM,2,7,17,1,False,None,None,True,4923.115,2020-07-12T14:02:05.137000000,True
RUS,63,Williams,42,70.063,17.007,31.599,21.457,MEDIUM,2,8,17,1,False,None,None,True,4993.039,2020-07-12T14:03:15.061000000,True
RUS,63,Williams,43,69.909,17.386,31.234,21.289,MEDIUM,2,9,17,1,False,None,None,True,5063.102,2020-07-12T14:04:25.124000000,True
RUS,63,Williams,44,69.797,17.439,31.079,21.279,MEDIUM,2,10,17,1,False,None,None,True,5133.011,2020-07-12T14:05:35.033000000,True
RUS,63,Williams,45,70.222,17.149,31.771,21.302,MEDIUM,2,11,17,1,False,None,None,True,5202.808,2020-07-12T14:06:44.830000000,True
RUS,63,Williams,46,69.752,17.42,31.19,21.142,MEDIUM,2,12,17,1,False,None,None,True,5273.03,2020-07-12T14:07:55.052000000,True
RUS,63,Williams,47,69.594,17.512,31.013,21.069,MEDIUM,2,13,17,1,False,None,None,True,5342.782,2020-07-12T14:09:04.804000000,True
RUS,63,Williams,48,69.733,17.336,31.219,21.178,MEDIUM,2,14,17,1,False,None,None,True,5412.376,2020-07-12T14:10:14.398000000,True
RUS,63,Williams,49,69.617,17.393,31.053,21.171,MEDIUM,2,15,17,1,False,None,None,True,5482.109,2020-07-12T14:11:24.131000000,True
RUS,63,Williams,50,69.238,16.988,31.194,21.056,MEDIUM,2,16,16,1,False,None,None,True,5551.726,2020-07-12T14:12:33.748000000,True
RUS,63,Williams,51,69.787,17.003,31.572,21.212,MEDIUM,2,17,16,1,False,None,None,True,5620.964,2020-07-12T14:13:42.986000000,True
RUS,63,Williams,52,69.49,16.841,31.459,21.19,MEDIUM,2,18,16,1,False,None,None,True,5690.751,2020-07-12T14:14:52.773000000,True
RUS,63,Williams,53,68.865,16.943,30.97,20.952,MEDIUM,2,19,15,1,False,None,None,True,5760.241,2020-07-12T14:16:02.263000000,True
RUS,63,Williams,54,69.285,17.381,30.885,21.019,MEDIUM,2,20,15,1,False,None,None,True,5829.106,2020-07-12T14:17:11.128000000,True
RUS,63,Williams,55,70.261,17.389,31.742,21.13,MEDIUM,2,21,16,1,False,None,None,True,5898.391,2020-07-12T14:18:20.413000000,True
RUS,63,Williams,56,70.777,18.38,31.31,21.087,MEDIUM,2,22,16,1,False,None,None,True,5968.652,2020-07-12T14:19:30.674000000,True
RUS,63,Williams,57,69.293,17.361,30.953,20.979,MEDIUM,2,23,16,1,False,None,None,True,6039.429,2020-07-12T14:20:41.451000000,True
RUS,63,Williams,58,69.216,17.311,30.845,21.06,MEDIUM,2,24,16,1,False,None,None,True,6108.722,2020-07-12T14:21:50.744000000,True
RUS,63,Williams,59,68.992,17.396,30.817,20.779,MEDIUM,2,25,16,1,False,None,None,True,6177.938,2020-07-12T14:22:59.960000000,True
RUS,63,Williams,60,68.752,17.257,30.666,20.829,MEDIUM,2,26,16,1,False,None,None,True,6246.93,2020-07-12T14:24:08.952000000,True
RUS,63,Williams,61,68.932,17.362,30.674,20.896,MEDIUM,2,27,16,1,False,None,None,True,6315.682,2020-07-12T14:25:17.704000000,True
RUS,63,Williams,62,68.807,17.362,30.676,20.769,MEDIUM,2,28,16,1,False,None,None,True,6384.614,2020-07-12T14:26:26.636000000,True
RUS,63,Williams,63,68.974,17.281,30.748,20.945,MEDIUM,2,29,16,1,False,None,None,True,6453.421,2020-07-12T14:27:35.443000000,True
RUS,63,Williams,64,71.183,17.665,32.416,21.102,MEDIUM,2,30,16,1,False,None,None,True,6522.395,2020-07-12T14:28:44.417000000,True
RUS,63,Williams,65,70.104,17.745,31.307,21.052,MEDIUM,2,31,16,1,False,None,None,True,6593.578,2020-07-12T14:29:55.600000000,True
RUS,63,Williams,66,69.228,17.342,30.875,21.011,MEDIUM,2,32,16,1,False,None,None,True,6663.682,2020-07-12T14:31:05.704000000,True
RUS,63,Williams,67,69.006,17.257,30.854,20.895,MEDIUM,2,33,16,1,False,None,None,True,6732.91,2020-07-12T14:32:14.932000000,True
RUS,63,Williams,68,70.964,17.29,32.541,21.133,MEDIUM,2,34,16,1,False,None,None,True,6801.916,2020-07-12T14:33:23.938000000,True
RUS,63,Williams,69,68.942,17.255,30.729,20.958,MEDIUM,2,35,16,1,False,None,None,True,6872.88,2020-07-12T14:34:34.902000000,True
SAI,55,McLaren,1,83.726,None,31.612,31.478,SOFT,1,1,3,14,False,None,None,True,1968.804,2020-07-12T13:12:50.826000000,False
SAI,55,McLaren,2,122.268,24.673,62.499,35.096,SOFT,1,2,3,4,True,None,None,True,2052.718,2020-07-12T13:14:14.740000000,False
SAI,55,McLaren,3,106.578,27.044,46.514,33.02,SOFT,1,3,3,41,True,None,None,True,2174.986,2020-07-12T13:16:17.008000000,False
SAI,55,McLaren,4,70.657,17.628,31.407,21.622,SOFT,1,4,3,12,True,None,None,True,2281.564,2020-07-12T13:18:03.586000000,True
SAI,55,McLaren,5,70.382,17.738,31.162,21.482,SOFT,1,5,3,1,True,None,None,True,2352.221,2020-07-12T13:19:14.243000000,True
SAI,55,McLaren,6,71.393,17.72,31.735,21.938,SOFT,1,6,4,1,False,None,None,True,2422.603,2020-07-12T13:20:24.625000000,True
SAI,55,McLaren,7,70.678,17.726,31.315,21.637,SOFT,1,7,4,1,False,None,None,True,2493.996,2020-07-12T13:21:36.018000000,True
SAI,55,McLaren,8,71.304,17.677,32.031,21.596,SOFT,1,8,5,1,False,None,None,True,2564.674,2020-07-12T13:22:46.696000000,True
SAI,55,McLaren,9,70.207,17.341,31.287,21.579,SOFT,1,9,5,1,True,None,None,True,2635.978,2020-07-12T13:23:58.000000000,True
SAI,55,McLaren,10,70.26,17.823,31.191,21.246,SOFT,1,10,5,1,False,None,None,True,2706.185,2020-07-12T13:25:08.207000000,True
SAI,55,McLaren,11,69.98,17.675,31.051,21.254,SOFT,1,11,5,1,True,None,None,True,2776.445,2020-07-12T13:26:18.467000000,True
SAI,55,McLaren,12,69.885,17.631,31.012,21.242,SOFT,1,12,5,1,True,None,None,True,2846.425,2020-07-12T13:27:28.447000000,True
SAI,55,McLaren,13,69.773,17.606,30.994,21.173,SOFT,1,13,5,1,True,None,None,True,2916.31,2020-07-12T13:28:38.332000000,True
SAI,55,McLaren,14,69.786,17.526,31.055,21.205,SOFT,1,14,5,1,False,None,None,True,2986.083,2020-07-12T13:29:48.105000000,True
SAI,55,McLaren,15,69.966,17.698,31.06,21.208,SOFT,1,15,5,1,False,None,None,True,3055.869,2020-07-12T13:30:57.891000000,True
SAI,55,McLaren,16,69.844,17.724,30.934,21.186,SOFT,1,16,5,1,False,None,None,True,3125.835,2020-07-12T13:32:07.857000000,True
SAI,55,McLaren,17,69.732,17.578,30.923,21.231,SOFT,1,17,5,1,True,None,None,True,3195.679,2020-07-12T13:33:17.701000000,True
SAI,55,McLaren,18,69.827,17.634,30.989,21.204,SOFT,1,18,5,1,False,None,None,True,3265.411,2020-07-12T13:34:27.433000000,True
SAI,55,McLaren,19,69.689,17.622,30.867,21.2,SOFT,1,19,5,1,True,None,None,True,3335.238,2020-07-12T13:35:37.260000000,True
SAI,55,McLaren,20,69.603,17.524,30.895,21.184,SOFT,1,20,5,1,True,None,None,True,3404.927,2020-07-12T13:36:46.949000000,True
SAI,55,McLaren,21,69.597,17.524,30.924,21.149,SOFT,1,21,5,1,True,None,None,True,3474.53,2020-07-12T13:37:56.552000000,True
SAI,55,McLaren,22,69.439,17.403,30.926,21.11,SOFT,1,22,5,1,True,None,None,True,3544.127,2020-07-12T13:39:06.149000000,True
SAI,55,McLaren,23,69.492,17.514,30.916,21.062,SOFT,1,23,5,1,False,None,None,True,3613.566,2020-07-12T13:40:15.588000000,True
SAI,55,McLaren,24,69.352,17.577,30.765,21.01,SOFT,1,24,5,1,True,None,None,True,3683.058,2020-07-12T13:41:25.080000000,True
SAI,55,McLaren,25,69.497,17.553,30.889,21.055,SOFT,1,25,5,1,False,None,None,True,3752.41,2020-07-12T13:42:34.432000000,True
SAI,55,McLaren,26,69.348,17.573,30.752,21.023,SOFT,1,26,5,1,True,None,None,True,3821.907,2020-07-12T13:43:43.929000000,True
SAI,55,McLaren,27,69.36,17.532,30.822,21.006,SOFT,1,27,5,1,False,None,None,True,3891.255,2020-07-12T13:44:53.277000000,True
SAI,55,McLaren,28,69.166,17.478,30.742,20.946,SOFT,1,28,5,1,True,None,None,True,3960.615,2020-07-12T13:46:02.637000000,True
SAI,55,McLaren,29,69.218,17.448,30.746,21.024,SOFT,1,29,5,1,False,None,None,True,4029.781,2020-07-12T13:47:11.803000000,True
SAI,55,McLaren,30,69.472,17.564,30.844,21.064,SOFT,1,30,5,1,False,None,None,True,4098.999,2020-07-12T13:48:21.021000000,True
SAI,55,McLaren,31,69.565,17.589,30.828,21.148,SOFT,1,31,5,1,False,None,None,True,4168.471,2020-07-12T13:49:30.493000000,True
SAI,55,McLaren,32,72.932,17.473,30.702,24.757,SOFT,1,32,7,1,False,None,4307.743,True,4238.036,2020-07-12T13:50:40.058000000,False
SAI,55,McLaren,33,90.322,38.952,30.46,20.91,MEDIUM,2,1,13,1,False,4333.699,None,True,4310.968,2020-07-12T13:51:52.990000000,False
SAI,55,McLaren,34,68.705,17.0,30.817,20.888,MEDIUM,2,2,12,1,True,None,None,True,4401.29,2020-07-12T13:53:23.312000000,True
SAI,55,McLaren,35,68.957,17.456,30.588,20.913,MEDIUM,2,3,12,1,False,None,None,True,4469.995,2020-07-12T13:54:32.017000000,True
SAI,55,McLaren,36,69.167,17.28,30.785,21.102,MEDIUM,2,4,12,1,False,None,None,True,4538.952,2020-07-12T13:55:40.974000000,True
SAI,55,McLaren,37,68.969,16.898,30.713,21.358,MEDIUM,2,5,10,1,False,None,None,True,4608.119,2020-07-12T13:56:50.141000000,True
SAI,55,McLaren,38,68.328,17.082,30.411,20.835,MEDIUM,2,6,9,1,True,None,None,True,4677.088,2020-07-12T13:57:59.110000000,True
SAI,55,McLaren,39,69.032,17.135,30.776,21.121,MEDIUM,2,7,9,1,False,None,None,True,4745.416,2020-07-12T13:59:07.438000000,True
SAI,55,McLaren,40,68.819,16.963,30.826,21.03,MEDIUM,2,8,8,1,False,None,None,True,4814.448,2020-07-12T14:00:16.470000000,True
SAI,55,McLaren,41,69.053,17.517,30.633,20.903,MEDIUM,2,9,8,1,False,None,None,True,4883.267,2020-07-12T14:01:25.289000000,True
SAI,55,McLaren,42,68.695,17.508,30.475,20.712,MEDIUM,2,10,8,1,False,None,None,True,4952.32,2020-07-12T14:02:34.342000000,True
SAI,55,McLaren,43,68.72,17.397,30.49,20.833,MEDIUM,2,11,8,1,False,None,None,True,5021.015,2020-07-12T14:03:43.037000000,True
SAI,55,McLaren,44,68.693,17.442,30.34,20.911,MEDIUM,2,12,8,1,False,None,None,True,5089.735,2020-07-12T14:04:51.757000000,True
SAI,55,McLaren,45,69.276,17.65,30.569,21.057,MEDIUM,2,13,8,1,False,None,None,True,5158.428,2020-07-12T14:06:00.450000000,True
SAI,55,McLaren,46,68.829,17.514,30.557,20.758,MEDIUM,2,14,8,1,False,None,None,True,5227.704,2020-07-12T14:07:09.726000000,True
SAI,55,McLaren,47,68.901,17.465,30.525,20.911,MEDIUM,2,15,8,1,False,None,None,True,5296.533,2020-07-12T14:08:18.555000000,True
SAI,55,McLaren,48,68.842,17.541,30.426,20.875,MEDIUM,2,16,8,1,False,None,None,True,5365.434,2020-07-12T14:09:27.456000000,True
SAI,55,McLaren,49,68.788,17.555,30.417,20.816,MEDIUM,2,17,8,1,False,None,None,True,5434.276,2020-07-12T14:10:36.298000000,True
SAI,55,McLaren,50,68.62,17.534,30.237,20.849,MEDIUM,2,18,8,1,False,None,None,True,5503.064,2020-07-12T14:11:45.086000000,True
SAI,55,McLaren,51,68.606,17.493,30.405,20.708,MEDIUM,2,19,8,1,False,None,None,True,5571.684,2020-07-12T14:12:53.706000000,True
SAI,55,McLaren,52,68.444,17.503,30.235,20.706,MEDIUM,2,20,8,1,False,None,None,True,5640.29,2020-07-12T14:14:02.312000000,True
SAI,55,McLaren,53,68.407,17.411,30.317,20.679,MEDIUM,2,21,8,1,False,None,None,True,5708.734,2020-07-12T14:15:10.756000000,True
SAI,55,McLaren,54,68.168,17.318,30.176,20.674,MEDIUM,2,22,8,1,True,None,None,True,5777.141,2020-07-12T14:16:19.163000000,True
SAI,55,McLaren,55,68.067,17.345,30.176,20.546,MEDIUM,2,23,8,1,True,None,None,True,5845.309,2020-07-12T14:17:27.331000000,True
SAI,55,McLaren,56,68.313,17.422,30.292,20.599,MEDIUM,2,24,8,1,False,None,None,True,5913.376,2020-07-12T14:18:35.398000000,True
SAI,55,McLaren,57,68.262,17.382,30.384,20.496,MEDIUM,2,25,8,1,False,None,None,True,5981.689,2020-07-12T14:19:43.711000000,True
SAI,55,McLaren,58,68.316,17.476,30.323,20.517,MEDIUM,2,26,8,1,False,None,None,True,6049.951,2020-07-12T14:20:51.973000000,True
SAI,55,McLaren,59,68.199,17.354,30.277,20.568,MEDIUM,2,27,8,1,False,None,None,True,6118.267,2020-07-12T14:22:00.289000000,True
SAI,55,McLaren,60,68.9,17.578,30.71,20.612,MEDIUM,2,28,8,1,False,None,None,True,6186.466,2020-07-12T14:23:08.488000000,True
SAI,55,McLaren,61,69.852,17.452,31.552,20.848,MEDIUM,2,29,9,1,False,None,None,True,6255.366,2020-07-12T14:24:17.388000000,True
SAI,55,McLaren,62,68.219,17.395,30.325,20.499,MEDIUM,2,30,9,1,False,None,None,True,6325.218,2020-07-12T14:25:27.240000000,True
SAI,55,McLaren,63,68.136,17.507,30.193,20.436,MEDIUM,2,31,9,1,False,None,None,True,6393.437,2020-07-12T14:26:35.459000000,True
SAI,55,McLaren,64,68.545,17.38,30.282,20.883,MEDIUM,2,32,9,1,False,None,None,True,6461.573,2020-07-12T14:27:43.595000000,True
SAI,55,McLaren,65,67.723,17.087,30.204,20.432,MEDIUM,2,33,9,1,True,None,None,True,6530.118,2020-07-12T14:28:52.140000000,True
SAI,55,McLaren,66,71.828,17.43,30.117,24.281,MEDIUM,2,34,9,1,False,None,6666.467,True,6597.841,2020-07-12T14:29:59.863000000,False
SAI,55,McLaren,67,86.082,34.839,30.26,20.983,SOFT,3,1,9,1,False,6688.318,None,True,6669.669,2020-07-12T14:31:11.691000000,False
SAI,55,McLaren,68,65.619,16.982,28.917,19.72,SOFT,3,2,9,1,True,None,None,True,6755.751,2020-07-12T14:32:37.773000000,True
SAI,55,McLaren,69,69.893,18.009,30.669,21.215,SOFT,3,3,9,1,False,None,None,True,6821.37,2020-07-12T14:33:43.392000000,True
SAI,55,McLaren,70,67.455,17.051,29.864,20.54,SOFT,3,4,9,1,False,None,None,True,6891.263,2020-07-12T14:34:53.285000000,True
STR,18,Racing Point,1,95.274,None,32.941,39.691,SOFT,1,1,11,14,False,None,None,True,1968.804,2020-07-12T13:12:50.826000000,False
STR,18,Racing Point,2,118.807,24.685,57.5,36.622,SOFT,1,2,10,4,True,None,None,True,2064.266,2020-07-12T13:14:26.288000000,False
STR,18,Racing Point,3,101.123,26.334,44.532,30.257,SOFT,1,3,10,41,True,None,None,True,2183.073,2020-07-12T13:16:25.095000000,False
STR,18,Racing Point,4,72.36,18.041,32.169,22.15,SOFT,1,4,10,12,True,None,None,True,2284.196,2020-07-12T13:18:06.218000000,True
STR,18,Racing Point,5,70.658,17.512,31.511,21.635,SOFT,1,5,9,1,True,None,None,True,2356.556,2020-07-12T13:19:18.578000000,True
STR,18,Racing Point,6,70.808,17.723,31.15,21.935,SOFT,1,6,9,1,False,None,None,True,2427.214,2020-07-12T13:20:29.236000000,True
STR,18,Racing Point,7,70.268,17.134,31.09,22.044,SOFT,1,7,9,1,False,None,None,True,2498.022,2020-07-12T13:21:40.044000000,True
STR,18,Racing Point,8,70.483,17.23,31.189,22.064,SOFT,1,8,9,1,True,None,None,True,2568.29,2020-07-12T13:22:50.312000000,True
STR,18,Racing Point,9,70.332,17.214,31.383,21.735,SOFT,1,9,9,1,True,None,None,True,2638.773,2020-07-12T13:24:00.795000000,True
STR,18,Racing Point,10,70.479,17.282,31.478,21.719,SOFT,1,10,9,1,False,None,None,True,2709.105,2020-07-12T13:25:11.127000000,True
STR,18,Racing Point,11,70.347,17.172,31.237,21.938,SOFT,1,11,9,1,False,None,None,True,2779.584,2020-07-12T13:26:21.606000000,True
STR,18,Racing Point,12,69.791,17.213,31.036,21.542,SOFT,1,12,9,1,True,None,None,True,2849.931,2020-07-12T13:27:31.953000000,True
STR,18,Racing Point,13,69.885,17.004,31.112,21.769,SOFT,1,13,9,1,False,None,None,True,2919.722,2020-07-12T13:28:41.744000000,True
STR,18,Racing Point,14,70.024,17.254,31.193,21.577,SOFT,1,14,9,1,False,None,None,True,2989.607,2020-07-12T13:29:51.629000000,True
STR,18,Racing Point,15,70.046,17.227,31.143,21.676,SOFT,1,15,9,1,False,None,None,True,3059.631,2020-07-12T13:31:01.653000000,True
STR,18,Racing Point,16,70.595,17.243,31.781,21.571,SOFT,1,16,9,1,False,None,None,True,3129.677,2020-07-12T13:32:11.699000000,True
STR,18,Racing Point,17,69.403,17.204,31.04,21.159,SOFT,1,17,8,1,True,None,None,True,3200.272,2020-07-12T13:33:22.294000000,True
STR,18,Racing Point,18,69.919,17.558,31.1,21.261,SOFT,1,18,8,1,False,None,None,True,3269.675,2020-07-12T13:34:31.697000000,True
STR,18,Racing Point,19,69.694,17.541,30.966,21.187,SOFT,1,19,8,1,False,None,None,True,3339.594,2020-07-12T13:35:41.616000000,True
STR,18,Racing Point,20,69.635,17.445,30.893,21.297,SOFT,1,20,8,1,False,None,None,True,3409.288,2020-07-12T13:36:51.310000000,True
STR,18,Racing Point,21,69.651,17.471,30.952,21.228,SOFT,1,21,8,1,False,None,None,True,3478.923,2020-07-12T13:38:00.945000000,True
STR,18,Racing Point,22,69.436,17.352,30.913,21.171,SOFT,1,22,8,1,False,None,None,True,3548.574,2020-07-12T13:39:10.596000000,True
STR,18,Racing Point,23,69.536,17.409,30.924,21.203,SOFT,1,23,8,1,False,None,None,True,3618.01,2020-07-12T13:40:20.032000000,True
STR,18,Racing Point,24,69.227,17.489,30.75,20.988,SOFT,1,24,8,1,True,None,None,True,3687.546,2020-07-12T13:41:29.568000000,True
STR,18,Racing Point,25,69.439,17.467,30.817,21.155,SOFT,1,25,7,1,False,None,None,True,3756.773,2020-07-12T13:42:38.795000000,True
STR,18,Racing Point,26,69.176,17.371,30.819,20.986,SOFT,1,26,7,1,True,None,None,True,3826.212,2020-07-12T13:43:48.234000000,True
STR,18,Racing Point,27,69.084,17.527,30.732,20.825,SOFT,1,27,7,1,True,None,None,True,3895.388,2020-07-12T13:44:57.410000000,True
STR,18,Racing Point,28,69.387,17.628,30.905,20.854,SOFT,1,28,7,1,False,None,None,True,3964.472,2020-07-12T13:46:06.494000000,True
STR,18,Racing Point,29,69.067,17.433,30.746,20.888,SOFT,1,29,7,1,True,None,None,True,4033.859,2020-07-12T13:47:15.881000000,True
STR,18,Racing Point,30,69.339,17.64,30.797,20.902,SOFT,1,30,7,1,False,None,None,True,4102.926,2020-07-12T13:48:24.948000000,True
STR,18,Racing Point,31,69.216,17.669,30.699,20.848,SOFT,1,31,7,1,False,None,None,True,4172.265,2020-07-12T13:49:34.287000000,True
STR,18,Racing Point,32,69.158,17.452,30.792,20.914,SOFT,1,32,6,1,False,None,None,True,4241.481,2020-07-12T13:50:43.503000000,True
STR,18,Racing Point,33,72.456,17.441,30.683,24.332,SOFT,1,33,7,1,False,None,4380.079,True,4310.639,2020-07-12T13:51:52.661000000,False
STR,18,Racing Point,34,85.635,34.744,30.255,20.636,MEDIUM,2,1,11,1,False,4401.931,None,True,4383.095,2020-07-12T13:53:05.117000000,False
STR,18,Racing Point,35,68.879,17.497,30.491,20.891,MEDIUM,2,2,11,1,True,None,None,True,4468.73,2020-07-12T13:54:30.752000000,True
STR,18,Racing Point,36,69.149,16.848,31.215,21.086,MEDIUM,2,3,9,1,False,None,None,True,4537.609,2020-07-12T13:55:39.631000000,True
STR,18,Racing Point,37,68.205,17.014,30.523,20.668,MEDIUM,2,4,8,1,True,None,None,True,4606.758,2020-07-12T13:56:48.780000000,True
STR,18,Racing Point,38,68.355,17.352,30.337,20.666,MEDIUM,2,5,8,1,False,None,None,True,4674.963,2020-07-12T13:57:56.985000000,True
STR,18,Racing Point,39,68.373,17.389,30.307,20.677,MEDIUM,2,6,7,1,False,None,None,True,4743.318,2020-07-12T13:59:05.340000000,True
STR,18,Racing Point,40,68.204,17.452,30.145,20.607,MEDIUM,2,7,6,1,True,None,None,True,4811.691,2020-07-12T14:00:13.713000000,True
STR,18,Racing Point,41,68.288,17.302,30.295,20.691,MEDIUM,2,8,6,1,False,None,None,True,4879.895,2020-07-12T14:01:21.917000000,True
STR,18,Racing Point,42,68.335,17.352,30.266,20.717,MEDIUM,2,9,6,1,False,None,None,True,4948.183,2020-07-12T14:02:30.205000000,True
STR,18,Racing Point,43,68.17,17.308,30.28,20.582,MEDIUM,2,10,6,1,True,None,None,True,5016.518,2020-07-12T14:03:38.540000000,True
STR,18,Racing Point,44,68.426,17.375,30.251,20.8,MEDIUM,2,11,6,1,False,None,None,True,5084.688,2020-07-12T14:04:46.710000000,True
STR,18,Racing Point,45,70.166,17.561,31.342,21.263,MEDIUM,2,12,7,1,False,None,None,True,5153.114,2020-07-12T14:05:55.136000000,True
STR,18,Racing Point,46,68.826,17.023,30.902,20.901,MEDIUM,2,13,7,1,False,None,None,True,5223.28,2020-07-12T14:07:05.302000000,True
STR,18,Racing Point,47,68.648,17.465,30.508,20.675,MEDIUM,2,14,7,1,False,None,None,True,5292.106,2020-07-12T14:08:14.128000000,True
STR,18,Racing Point,48,69.116,17.483,30.533,21.1,MEDIUM,2,15,7,1,False,None,None,True,5360.754,2020-07-12T14:09:22.776000000,True
STR,18,Racing Point,49,68.562,16.972,30.764,20.826,MEDIUM,2,16,7,1,False,None,None,True,5429.87,2020-07-12T14:10:31.892000000,True
STR,18,Racing Point,50,68.879,17.147,30.853,20.879,MEDIUM,2,17,7,1,False,None,None,True,5498.432,2020-07-12T14:11:40.454000000,True
STR,18,Racing Point,51,68.63,17.117,30.771,20.742,MEDIUM,2,18,7,1,False,None,None,True,5567.311,2020-07-12T14:12:49.333000000,True
STR,18,Racing Point,52,68.644,16.988,30.927,20.729,MEDIUM,2,19,7,1,False,None,None,True,5635.941,2020-07-12T14:13:57.963000000,True
STR,18,Racing Point,53,68.639,17.122,30.722,20.795,MEDIUM,2,20,7,1,False,None,None,True,5704.585,2020-07-12T14:15:06.607000000,True
STR,18,Racing Point,54,68.233,17.053,30.483,20.697,MEDIUM,2,21,7,1,False,None,None,True,5773.224,2020-07-12T14:16:15.246000000,True
STR,18,Racing Point,55,68.412,17.099,30.737,20.576,MEDIUM,2,22,7,1,False,None,None,True,5841.457,2020-07-12T14:17:23.479000000,True
STR,18,Racing Point,56,68.282,17.028,30.616,20.638,MEDIUM,2,23,7,1,False,None,None,True,5909.869,2020-07-12T14:18:31.891000000,True
STR,18,Racing Point,57,68.509,17.215,30.605,20.689,MEDIUM,2,24,7,1,False,None,None,True,5978.151,2020-07-12T14:19:40.173000000,True
STR,18,Racing Point,58,68.485,17.15,30.684,20.651,MEDIUM,2,25,7,1,False,None,None,True,6046.66,2020-07-12T14:20:48.682000000,True
STR,18,Racing Point,59,68.306,17.111,30.56,20.635,MEDIUM,2,26,7,1,False,None,None,True,6115.145,2020-07-12T14:21:57.167000000,True
STR,18,Racing Point,60,68.406,16.977,30.543,20.886,MEDIUM,2,27,7,1,False,None,None,True,6183.451,2020-07-12T14:23:05.473000000,True
STR,18,Racing Point,61,67.931,16.933,30.34,20.658,MEDIUM,2,28,7,1,True,None,None,True,6251.857,2020-07-12T14:24:13.879000000,True
STR,18,Racing Point,62,68.281,17.105,30.567,20.609,MEDIUM,2,29,7,1,False,None,None,True,6319.788,2020-07-12T14:25:21.810000000,True
STR,18,Racing Point,63,68.0,16.981,30.364,20.655,MEDIUM,2,30,7,1,False,None,None,True,6388.069,2020-07-12T14:26:30.091000000,True
STR,18,Racing Point,64,67.975,16.95,30.494,20.531,MEDIUM,2,31,7,1,False,None,None,True,6456.069,2020-07-12T14:27:38.091000000,True
STR,18,Racing Point,65,67.833,16.847,30.491,20.495,MEDIUM,2,32,7,1,True,None,None,True,6524.044,2020-07-12T14:28:46.066000000,True
STR,18,Racing Point,66,68.092,17.003,30.58,20.509,MEDIUM,2,33,7,1,False,None,None,True,6591.877,2020-07-12T14:29:53.899000000,True
STR,18,Racing Point,67,68.033,16.865,30.764,20.404,MEDIUM,2,34,7,1,False,None,None,True,6659.969,2020-07-12T14:31:01.991000000,True
STR,18,Racing Point,68,67.851,16.886,30.336,20.629,MEDIUM,2,35,7,1,False,None,None,True,6728.002,2020-07-12T14:32:10.024000000,True
STR,18,Racing Point,69,67.942,17.092,30.359,20.491,MEDIUM,2,36,7,1,False,None,None,True,6795.853,2020-07-12T14:33:17.875000000,True
STR,18,Racing Point,70,68.734,16.93,31.362,20.442,MEDIUM,2,37,6,1,False,None,None,True,6863.795,2020-07-12T14:34:25.817000000,True
STR,18,Racing Point,71,69.599,17.35,30.926,21.323,MEDIUM,2,38,7,1,False,None,None,True,6932.529,2020-07-12T14:35:34.551000000,True
VER,33,Red Bull Racing,1,81.063,None,30.916,29.488,SOFT,1,1,2,14,False,None,None,True,1968.804,2020-07-12T13:12:50.826000000,False
VER,33,Red Bull Racing,2,123.866,25.541,62.759,35.566,SOFT,1,2,2,4,True,None,None,True,2050.055,2020-07-12T13:14:12.077000000,False
VER,33,Red Bull Racing,3,106.919,27.058,46.579,33.282,SOFT,1,3,2,41,True,None,None,True,2173.921,2020-07-12T13:16:15.943000000,False
VER,33,Red Bull Racing,4,69.382,17.552,30.707,21.123,SOFT,1,4,2,12,True,None,None,True,2280.84,2020-07-12T13:18:02.862000000,True
VER,33,Red Bull Racing,5,69.086,17.524,30.57,20.992,SOFT,1,5,2,1,True,None,None,True,2350.222,2020-07-12T13:19:12.244000000,True
VER,33,Red Bull Racing,6,68.993,17.543,30.458,20.992,SOFT,1,6,2,1,True,None,None,True,2419.308,2020-07-12T13:20:21.330000000,True
VER,33,Red Bull Racing,7,69.084,17.507,30.484,21.093,SOFT,1,7,2,1,False,None,None,True,2488.301,2020-07-12T13:21:30.323000000,True
VER,33,Red Bull Racing,8,69.065,17.577,30.542,20.946,SOFT,1,8,2,1,False,None,None,True,2557.385,2020-07-12T13:22:39.407000000,True
VER,33,Red Bull Racing,9,68.925,17.556,30.5,20.869,SOFT,1,9,2,1,True,None,None,True,2626.45,2020-07-12T13:23:48.472000000,True
VER,33,Red Bull Racing,10,68.836,17.582,30.34,20.914,SOFT,1,10,2,1,True,None,None,True,2695.375,2020-07-12T13:24:57.397000000,True
VER,33,Red Bull Racing,11,68.798,17.517,30.435,20.846,SOFT,1,11,2,1,True,None,None,True,2764.211,2020-07-12T13:26:06.233000000,True
VER,33,Red Bull Racing,12,68.693,17.432,30.378,20.883,SOFT,1,12,2,1,True,None,None,True,2833.009,2020-07-12T13:27:15.031000000,True
VER,33,Red Bull Racing,13,68.889,17.504,30.553,20.832,SOFT,1,13,2,1,False,None,None,True,2901.702,2020-07-12T13:28:23.724000000,True
VER,33,Red Bull Racing,14,68.763,17.44,30.486,20.837,SOFT,1,14,2,1,False,None,None,True,2970.591,2020-07-12T13:29:32.613000000,True
VER,33,Red Bull Racing,15,68.888,17.542,30.527,20.819,SOFT,1,15,2,1,False,None,None,True,3039.354,2020-07-12T13:30:41.376000000,True
VER,33,Red Bull Racing,16,68.853,17.56,30.373,20.92,SOFT,1,16,2,1,False,None,None,True,3108.242,2020-07-12T13:31:50.264000000,True
VER,33,Red Bull Racing,17,68.839,17.422,30.49,20.927,SOFT,1,17,2,1,False,None,None,True,3177.095,2020-07-12T13:32:59.117000000,True
VER,33,Red Bull Racing,18,68.801,17.457,30.436,20.908,SOFT,1,18,2,1,False,None,None,True,3245.934,2020-07-12T13:34:07.956000000,True
VER,33,Red Bull Racing,19,68.725,17.427,30.39,20.908,SOFT,1,19,2,1,False,None,None,True,3314.735,2020-07-12T13:35:16.757000000,True
VER,33,Red Bull Racing,20,68.82,17.494,30.41,20.916,SOFT,1,20,2,1,False,None,None,True,3383.46,2020-07-12T13:36:25.482000000,True
VER,33,Red Bull Racing,21,68.831,17.452,30.478,20.901,SOFT,1,21,2,1,False,None,None,True,3452.28,2020-07-12T13:37:34.302000000,True
VER,33,Red Bull Racing,22,68.7,17.4,30.399,20.901,SOFT,1,22,2,1,False,None,None,True,3521.111,2020-07-12T13:38:43.133000000,True
VER,33,Red Bull Racing,23,68.887,17.387,30.55,20.95,SOFT,1,23,2,1,False,None,None,True,3589.811,2020-07-12T13:39:51.833000000,True
VER,33,Red Bull Racing,24,72.205,17.421,30.556,24.228,SOFT,1,24,3,1,False,None,3727.632,True,3658.698,2020-07-12T13:41:00.720000000,False
VER,33,Red Bull Racing,25,84.818,34.05,30.084,20.684,MEDIUM,2,1,3,1,False,3748.58,None,True,3730.903,2020-07-12T13:42:12.925000000,False
VER,33,Red Bull Racing,26,68.248,17.448,30.041,20.759,MEDIUM,2,2,3,1,True,None,None,True,3815.721,2020-07-12T13:43:37.743000000,True
VER,33,Red Bull Racing,27,68.466,17.412,30.286,20.768,MEDIUM,2,3,3,1,False,None,None,True,3883.969,2020-07-12T13:44:45.991000000,True
VER,33,Red Bull Racing,28,68.376,17.357,30.213,20.806,MEDIUM,2,4,3,1,False,None,None,True,3952.435,2020-07-12T13:45:54.457000000,True
VER,33,Red Bull Racing,29,68.069,17.17,30.075,20.824,MEDIUM,2,5,3,1,True,None,None,True,4020.811,2020-07-12T13:47:02.833000000,True
VER,33,Red Bull Racing,30,68.112,17.254,30.118,20.74,MEDIUM,2,6,3,1,False,None,None,True,4088.88,2020-07-12T13:48:10.902000000,True
VER,33,Red Bull Racing,31,68.133,17.389,30.072,20.672,MEDIUM,2,7,3,1,False,None,None,True,4156.992,2020-07-12T13:49:19.014000000,True
VER,33,Red Bull Racing,32,68.234,17.478,30.043,20.713,MEDIUM,2,8,3,1,False,None,None,True,4225.125,2020-07-12T13:50:27.147000000,True
VER,33,Red Bull Racing,33,68.015,17.257,30.018,20.74,MEDIUM,2,9,3,1,True,None,None,True,4293.359,2020-07-12T13:51:35.381000000,True
VER,33,Red Bull Racing,34,67.901,17.277,30.002,20.622,MEDIUM,2,10,3,1,True,None,None,True,4361.374,2020-07-12T13:52:43.396000000,True
VER,33,Red Bull Racing,35,68.049,17.283,30.167,20.599,MEDIUM,2,11,2,1,False,None,None,True,4429.275,2020-07-12T13:53:51.297000000,True
VER,33,Red Bull Racing,36,67.972,17.297,30.075,20.6,MEDIUM,2,12,2,1,False,None,None,True,4497.324,2020-07-12T13:54:59.346000000,True
VER,33,Red Bull Racing,37,67.909,17.269,30.093,20.547,MEDIUM,2,13,2,1,False,None,None,True,4565.296,2020-07-12T13:56:07.318000000,True
VER,33,Red Bull Racing,38,68.041,17.298,30.153,20.59,MEDIUM,2,14,2,1,False,None,None,True,4633.205,2020-07-12T13:57:15.227000000,True
VER,33,Red Bull Racing,39,68.164,17.265,30.259,20.64,MEDIUM,2,15,2,1,False,None,None,True,4701.246,2020-07-12T13:58:23.268000000,True
VER,33,Red Bull Racing,40,68.041,17.166,30.121,20.754,MEDIUM,2,16,2,1,False,None,None,True,4769.41,2020-07-12T13:59:31.432000000,True
VER,33,Red Bull Racing,41,68.148,17.167,30.247,20.734,MEDIUM,2,17,2,1,False,None,None,True,4837.451,2020-07-12T14:00:39.473000000,True
VER,33,Red Bull Racing,42,67.81,17.02,30.21,20.58,MEDIUM,2,18,2,1,True,None,None,True,4905.599,2020-07-12T14:01:47.621000000,True
VER,33,Red Bull Racing,43,68.029,17.174,30.065,20.79,MEDIUM,2,19,2,1,False,None,None,True,4973.409,2020-07-12T14:02:55.431000000,True
VER,33,Red Bull Racing,44,68.12,17.336,30.13,20.654,MEDIUM,2,20,2,1,False,None,None,True,5041.438,2020-07-12T14:04:03.460000000,True
VER,33,Red Bull Racing,45,67.984,17.218,30.052,20.714,MEDIUM,2,21,2,1,False,None,None,True,5109.558,2020-07-12T14:05:11.580000000,True
VER,33,Red Bull Racing,46,68.236,17.391,30.251,20.594,MEDIUM,2,22,2,1,False,None,None,True,5177.542,2020-07-12T14:06:19.564000000,True
VER,33,Red Bull Racing,47,68.105,17.326,30.183,20.596,MEDIUM,2,23,2,1,False,None,None,True,5245.778,2020-07-12T14:07:27.800000000,True
VER,33,Red Bull Racing,48,68.121,17.302,30.156,20.663,MEDIUM,2,24,2,1,False,None,None,True,5313.883,2020-07-12T14:08:35.905000000,True
VER,33,Red Bull Racing,49,68.238,17.319,30.254,20.665,MEDIUM,2,25,2,1,False,None,None,True,5382.004,2020-07-12T14:09:44.026000000,True
VER,33,Red Bull Racing,50,68.191,17.415,30.121,20.655,MEDIUM,2,26,2,1,False,None,None,True,5450.242,2020-07-12T14:10:52.264000000,True
VER,33,Red Bull Racing,51,68.328,17.399,30.209,20.72,MEDIUM,2,27,2,1,False,None,None,True,5518.433,2020-07-12T14:12:00.455000000,True
VER,33,Red Bull Racing,52,68.34,17.393,30.288,20.659,MEDIUM,2,28,2,1,False,None,None,True,5586.761,2020-07-12T14:13:08.783000000,True
VER,33,Red Bull Racing,53,68.174,17.284,30.229,20.661,MEDIUM,2,29,2,1,False,None,None,True,5655.101,2020-07-12T14:14:17.123000000,True
VER,33,Red Bull Racing,54,68.192,17.302,30.172,20.718,MEDIUM,2,30,2,1,False,None,None,True,5723.275,2020-07-12T14:15:25.297000000,True
VER,33,Red Bull Racing,55,68.149,17.305,30.177,20.667,MEDIUM,2,31,2,1,False,None,None,True,5791.467,2020-07-12T14:16:33.489000000,True
VER,33,Red Bull Racing,56,67.962,17.313,30.023,20.626,MEDIUM,2,32,2,1,False,None,None,True,5859.616,2020-07-12T14:17:41.638000000,True
VER,33,Red Bull Racing,57,68.556,17.392,30.495,20.669,MEDIUM,2,33,2,1,False,None,None,True,5927.578,2020-07-12T14:18:49.600000000,True
VER,33,Red Bull Racing,58,68.394,17.347,30.422,20.625,MEDIUM,2,34,2,1,False,None,None,True,5996.134,2020-07-12T14:19:58.156000000,True
VER,33,Red Bull Racing,59,68.224,17.371,30.231,20.622,MEDIUM,2,35,2,1,False,None,None,True,6064.528,2020-07-12T14:21:06.550000000,True
VER,33,Red Bull Racing,60,68.692,17.241,30.817,20.634,MEDIUM,2,36,2,1,False,None,None,True,6132.752,2020-07-12T14:22:14.774000000,True
VER,33,Red Bull Racing,61,68.27,17.428,30.322,20.52,MEDIUM,2,37,2,1,False,None,None,True,6201.444,2020-07-12T14:23:23.466000000,True
VER,33,Red Bull Racing,62,68.125,17.28,30.238,20.607,MEDIUM,2,38,2,1,False,None,None,True,6269.714,2020-07-12T14:24:31.736000000,True
VER,33,Red Bull Racing,63,68.345,17.365,30.285,20.695,MEDIUM,2,39,2,1,False,None,None,True,6337.839,2020-07-12T14:25:39.861000000,True
VER,33,Red Bull Racing,64,68.501,17.397,30.396,20.708,MEDIUM,2,40,2,1,False,None,None,True,6406.184,2020-07-12T14:26:48.206000000,True
VER,33,Red Bull Racing,65,68.532,17.424,30.401,20.707,MEDIUM,2,41,2,1,False,None,None,True,6474.685,2020-07-12T14:27:56.707000000,True
VER,33,Red Bull Racing,66,68.956,17.324,30.901,20.731,MEDIUM,2,42,2,1,False,None,None,True,6543.217,2020-07-12T14:29:05.239000000,True
VER,33,Red Bull Racing,67,70.794,17.484,32.152,21.158,MEDIUM,2,43,3,1,False,None,None,True,6612.173,2020-07-12T14:30:14.195000000,True
VER,33,Red Bull Racing,68,72.203,17.079,30.689,24.435,MEDIUM,2,44,3,1,False,None,6751.941,True,6682.967,2020-07-12T14:31:24.989000000,False
VER,33,Red Bull Racing,69,85.459,33.794,30.524,21.141,SOFT,3,1,3,1,False,6773.014,None,True,6755.17,2020-07-12T14:32:37.192000000,False
VER,33,Red Bull Racing,70,66.145,16.92,29.2,20.025,SOFT,3,2,3,1,True,None,None,True,6840.629,2020-07-12T14:34:02.651000000,True
VER,33,Red Bull Racing,71,66.599,17.093,29.195,20.311,SOFT,3,3,3,1,False,None,None,True,6906.774,2020-07-12T14:35:08.796000000,True
VET,5,Ferrari,1,101.037,None,39.412,38.926,MEDIUM,1,1,16,14,False,None,2066.653,True,1968.804,2020-07-12T13:12:50.826000000,False
