Driver,DriverNumber,Team,LapNumber,LapTime,Sector1Time,Sector2Time,Sector3Time,Compound,Stint,TyreLife,Position,TrackStatus,IsPersonalBest,PitOutTime,PitInTime,FreshTyre,LapStartTime,LapStartDate,IsAccurate
ALB,23,Red Bull Racing,1,99.301,None,40.682,24.276,SOFT,1,4,6,None,False,None,None,False,7.171,2020-10-11T12:13:21.762000000,False
ALB,23,Red Bull Racing,2,94.815,30.878,39.513,24.424,SOFT,1,5,6,1,True,None,None,False,99.561,2020-10-11T12:14:54.152000000,True
ALB,23,Red Bull Racing,3,94.299,30.958,39.254,24.087,SOFT,1,6,6,1,True,None,None,False,194.376,2020-10-11T12:16:28.967000000,True
ALB,23,Red Bull Racing,4,94.331,30.865,39.262,24.204,SOFT,1,7,6,1,False,None,None,False,288.675,2020-10-11T12:18:03.266000000,True
ALB,23,Red Bull Racing,5,94.194,30.679,39.329,24.186,SOFT,1,8,6,1,True,None,None,False,383.006,2020-10-11T12:19:37.597000000,True
ALB,23,Red Bull Racing,6,94.119,30.64,39.288,24.191,SOFT,1,9,6,1,True,None,None,False,477.2,2020-10-11T12:21:11.791000000,True
ALB,23,Red Bull Racing,7,97.23,30.462,39.517,27.251,SOFT,1,10,8,1,False,None,666.628,False,571.319,2020-10-11T12:22:45.910000000,False
ALB,23,Red Bull Racing,8,112.682,50.576,38.377,23.729,MEDIUM,2,1,20,1,False,690.245,None,True,668.549,2020-10-11T12:24:23.140000000,False
ALB,23,Red Bull Racing,9,92.33,30.415,38.169,23.746,MEDIUM,2,2,20,1,True,None,None,True,781.231,2020-10-11T12:26:15.822000000,True
ALB,23,Red Bull Racing,10,94.881,30.542,39.95,24.389,MEDIUM,2,3,19,1,False,None,None,True,873.561,2020-10-11T12:27:48.152000000,True
ALB,23,Red Bull Racing,11,92.916,29.99,38.741,24.185,MEDIUM,2,4,15,1,False,None,None,True,968.442,2020-10-11T12:29:23.033000000,True
ALB,23,Red Bull Racing,12,92.626,29.973,38.565,24.088,MEDIUM,2,5,14,1,False,None,None,True,1061.358,2020-10-11T12:30:55.949000000,True
ALB,23,Red Bull Racing,13,92.477,30.0,38.593,23.884,MEDIUM,2,6,12,12,False,None,None,True,1153.984,2020-10-11T12:32:28.575000000,True
ALB,23,Red Bull Racing,14,93.516,30.367,38.936,24.213,MEDIUM,2,7,12,1,False,None,None,True,1246.461,2020-10-11T12:34:01.052000000,True
ALB,23,Red Bull Racing,15,95.335,30.835,40.056,24.444,MEDIUM,2,8,11,1,False,None,None,True,1339.977,2020-10-11T12:35:34.568000000,True
ALB,23,Red Bull Racing,16,112.436,37.233,48.703,26.5,MEDIUM,2,9,10,167,False,None,None,True,1435.312,2020-10-11T12:37:09.903000000,False
ALB,23,Red Bull Racing,17,93.09,30.391,38.66,24.039,MEDIUM,2,10,10,12,False,None,None,True,1547.748,2020-10-11T12:39:02.339000000,True
ALB,23,Red Bull Racing,18,93.005,30.193,38.609,24.203,MEDIUM,2,11,9,2,False,None,None,True,1640.838,2020-10-11T12:40:35.429000000,True
ALB,23,Red Bull Racing,19,93.422,30.242,38.972,24.208,MEDIUM,2,12,9,21,False,None,None,True,1733.843,2020-10-11T12:42:08.434000000,True
ALB,23,Red Bull Racing,20,93.51,30.43,38.992,24.088,MEDIUM,2,13,9,1,False,None,None,True,1827.265,2020-10-11T12:43:41.856000000,True
ALB,23,Red Bull Racing,21,93.321,30.349,38.999,23.973,MEDIUM,2,14,9,1,False,None,None,True,1920.775,2020-10-11T12:45:15.366000000,True
ALB,23,Red Bull Racing,22,94.266,30.794,39.165,24.307,MEDIUM,2,15,8,1,False,None,None,True,2014.096,2020-10-11T12:46:48.687000000,True
ALB,23,Red Bull Racing,23,98.433,30.448,38.999,28.986,MEDIUM,2,16,9,1,False,None,2204.868,True,2108.362,2020-10-11T12:48:22.953000000,False
BOT,77,Mercedes,1,93.51,None,38.173,23.805,SOFT,1,4,1,None,False,None,None,False,7.171,2020-10-11T12:13:21.762000000,False
BOT,77,Mercedes,2,92.48,30.293,38.432,23.755,SOFT,1,5,1,None,True,None,None,False,93.77,2020-10-11T12:14:48.361000000,False
BOT,77,Mercedes,3,92.211,30.431,38.117,23.663,SOFT,1,6,1,1,True,None,None,False,186.25,2020-10-11T12:16:20.841000000,True
BOT,77,Mercedes,4,92.242,30.452,38.228,23.562,SOFT,1,7,1,1,False,None,None,False,278.461,2020-10-11T12:17:53.052000000,True
BOT,77,Mercedes,5,92.063,30.279,38.134,23.65,SOFT,1,8,1,1,True,None,None,False,370.703,2020-10-11T12:19:25.294000000,True
BOT,77,Mercedes,6,91.98,30.039,38.297,23.644,SOFT,1,9,1,1,True,None,None,False,462.766,2020-10-11T12:20:57.357000000,True
BOT,77,Mercedes,7,92.019,30.269,38.186,23.564,SOFT,1,10,1,1,False,None,None,False,554.746,2020-10-11T12:22:29.337000000,True
BOT,77,Mercedes,8,91.884,30.157,38.171,23.556,SOFT,1,11,1,1,True,None,None,False,646.765,2020-10-11T12:24:01.356000000,True
BOT,77,Mercedes,9,92.125,30.233,38.345,23.547,SOFT,1,12,1,1,False,None,None,False,738.649,2020-10-11T12:25:33.240000000,True
BOT,77,Mercedes,10,91.886,30.145,38.272,23.469,SOFT,1,13,1,1,False,None,None,False,830.774,2020-10-11T12:27:05.365000000,True
BOT,77,Mercedes,11,91.889,30.09,38.271,23.528,SOFT,1,14,1,1,False,None,None,False,922.66,2020-10-11T12:28:37.251000000,True
BOT,77,Mercedes,12,92.325,30.192,38.483,23.65,SOFT,1,15,1,1,False,None,None,False,1014.549,2020-10-11T12:30:09.140000000,True
BOT,77,Mercedes,13,99.536,32.043,39.701,27.792,SOFT,1,16,3,12,False,None,1204.562,False,1106.874,2020-10-11T12:31:41.465000000,False
BOT,77,Mercedes,14,111.656,50.034,38.364,23.258,MEDIUM,2,1,4,12,False,1227.188,None,True,1206.41,2020-10-11T12:33:21.001000000,False
BOT,77,Mercedes,15,91.995,30.073,38.702,23.22,MEDIUM,2,2,3,1,False,None,None,True,1318.066,2020-10-11T12:35:12.657000000,True
BOT,77,Mercedes,16,111.089,29.76,51.149,30.18,MEDIUM,2,3,3,167,False,None,None,True,1410.061,2020-10-11T12:36:44.652000000,False
BOT,77,Mercedes,17,102.801,33.544,41.995,27.262,MEDIUM,2,4,5,712,False,None,None,True,1521.15,2020-10-11T12:38:35.741000000,False
BOT,77,Mercedes,18,116.086,31.581,45.414,39.091,MEDIUM,2,5,12,2,False,None,1738.235,True,1623.951,2020-10-11T12:40:18.542000000,False
GAS,10,AlphaTauri,1,103.776,None,42.142,25.042,MEDIUM,1,1,13,None,False,None,None,True,7.171,2020-10-11T12:13:21.762000000,False
GAS,10,AlphaTauri,2,97.911,32.788,40.608,24.515,MEDIUM,1,2,14,1,True,None,None,True,104.036,2020-10-11T12:14:58.627000000,True
GAS,10,AlphaTauri,3,95.49,31.382,39.811,24.297,MEDIUM,1,3,14,1,True,None,None,True,201.947,2020-10-11T12:16:36.538000000,True
GAS,10,AlphaTauri,4,94.495,31.024,39.478,23.993,MEDIUM,1,4,14,1,True,None,None,True,297.437,2020-10-11T12:18:12.028000000,True
GAS,10,AlphaTauri,5,94.167,30.961,39.289,23.917,MEDIUM,1,5,14,1,True,None,None,True,391.932,2020-10-11T12:19:46.523000000,True
GAS,10,AlphaTauri,6,94.393,31.007,39.372,24.014,MEDIUM,1,6,14,1,False,None,None,True,486.099,2020-10-11T12:21:20.690000000,True
GAS,10,AlphaTauri,7,94.333,31.068,39.47,23.795,MEDIUM,1,7,14,1,False,None,None,True,580.492,2020-10-11T12:22:55.083000000,True
GAS,10,AlphaTauri,8,94.717,31.191,39.574,23.952,MEDIUM,1,8,13,1,False,None,None,True,674.825,2020-10-11T12:24:29.416000000,True
GAS,10,AlphaTauri,9,94.719,31.03,39.697,23.992,MEDIUM,1,9,13,1,False,None,None,True,769.542,2020-10-11T12:26:04.133000000,True
GAS,10,AlphaTauri,10,94.817,31.365,39.486,23.966,MEDIUM,1,10,13,1,False,None,None,True,864.261,2020-10-11T12:27:38.852000000,True
GAS,10,AlphaTauri,11,95.552,31.838,39.525,24.189,MEDIUM,1,11,10,1,False,None,None,True,959.078,2020-10-11T12:29:13.669000000,True
GAS,10,AlphaTauri,12,93.697,30.533,39.078,24.086,MEDIUM,1,12,10,1,True,None,None,True,1054.63,2020-10-11T12:30:49.221000000,True
GAS,10,AlphaTauri,13,94.16,30.506,39.342,24.312,MEDIUM,1,13,10,12,False,None,None,True,1148.327,2020-10-11T12:32:22.918000000,True
GAS,10,AlphaTauri,14,93.232,30.142,38.983,24.107,MEDIUM,1,14,9,1,True,None,None,True,1242.487,2020-10-11T12:33:57.078000000,True
GAS,10,AlphaTauri,15,93.644,30.51,39.073,24.061,MEDIUM,1,15,9,1,False,None,None,True,1335.719,2020-10-11T12:35:30.310000000,True
GAS,10,AlphaTauri,16,113.692,35.188,50.404,28.1,MEDIUM,1,16,9,167,False,None,None,True,1429.363,2020-10-11T12:37:03.954000000,False
GAS,10,AlphaTauri,17,95.016,31.111,39.744,24.161,MEDIUM,1,17,8,12,False,None,None,True,1543.055,2020-10-11T12:38:57.646000000,True
GAS,10,AlphaTauri,18,94.324,30.451,39.151,24.722,MEDIUM,1,18,8,2,False,None,None,True,1638.071,2020-10-11T12:40:32.662000000,True
GAS,10,AlphaTauri,19,94.129,30.765,39.32,24.044,MEDIUM,1,19,8,21,False,None,None,True,1732.395,2020-10-11T12:42:06.986000000,True
GAS,10,AlphaTauri,20,93.506,30.464,39.043,23.999,MEDIUM,1,20,8,1,False,None,None,True,1826.524,2020-10-11T12:43:41.115000000,True
GAS,10,AlphaTauri,21,93.411,30.341,39.148,23.922,MEDIUM,1,21,8,1,False,None,None,True,1920.03,2020-10-11T12:45:14.621000000,True
GAS,10,AlphaTauri,22,94.052,30.813,39.197,24.042,MEDIUM,1,22,7,1,False,None,None,True,2013.441,2020-10-11T12:46:48.032000000,True
GAS,10,AlphaTauri,23,93.637,30.319,39.228,24.09,MEDIUM,1,23,7,1,False,None,None,True,2107.493,2020-10-11T12:48:22.084000000,True
GAS,10,AlphaTauri,24,93.251,30.385,38.883,23.983,MEDIUM,1,24,7,1,False,None,None,True,2201.13,2020-10-11T12:49:55.721000000,True
GAS,10,AlphaTauri,25,93.341,30.227,39.05,24.064,MEDIUM,1,25,7,1,False,None,None,True,2294.381,2020-10-11T12:51:28.972000000,True
GAS,10,AlphaTauri,26,93.483,30.307,39.032,24.144,MEDIUM,1,26,7,1,False,None,None,True,2387.722,2020-10-11T12:53:02.313000000,True
GAS,10,AlphaTauri,27,93.649,30.279,39.104,24.266,MEDIUM,1,27,7,1,False,None,None,True,2481.205,2020-10-11T12:54:35.796000000,True
GAS,10,AlphaTauri,28,95.435,31.636,39.472,24.327,MEDIUM,1,28,8,1,False,None,None,True,2574.854,2020-10-11T12:56:09.445000000,True
GAS,10,AlphaTauri,29,95.416,30.949,39.51,24.957,MEDIUM,1,29,7,1,False,None,None,True,2670.289,2020-10-11T12:57:44.880000000,True
GAS,10,AlphaTauri,30,97.398,30.518,39.679,27.201,MEDIUM,1,30,8,1,False,None,2861.253,True,2765.705,2020-10-11T12:59:20.296000000,False
GAS,10,AlphaTauri,31,114.106,50.984,39.324,23.798,HARD,2,1,12,1,False,2883.869,None,True,2863.103,2020-10-11T13:00:57.694000000,False
GAS,10,AlphaTauri,32,91.732,30.108,38.106,23.518,HARD,2,2,12,1,True,None,None,True,2977.209,2020-10-11T13:02:51.800000000,True
GAS,10,AlphaTauri,33,91.253,29.758,38.039,23.456,HARD,2,3,12,1,True,None,None,True,3068.941,2020-10-11T13:04:23.532000000,True
GAS,10,AlphaTauri,34,91.838,29.91,38.277,23.651,HARD,2,4,11,1,False,None,None,True,3160.194,2020-10-11T13:05:54.785000000,True
GAS,10,AlphaTauri,35,91.456,29.747,38.104,23.605,HARD,2,5,11,1,False,None,None,True,3252.032,2020-10-11T13:07:26.623000000,True
GAS,10,AlphaTauri,36,94.086,30.922,39.597,23.567,HARD,2,6,11,1,False,None,None,True,3343.488,2020-10-11T13:08:58.079000000,True
GAS,10,AlphaTauri,37,92.191,30.116,38.454,23.621,HARD,2,7,10,1,False,None,None,True,3437.574,2020-10-11T13:10:32.165000000,True
GAS,10,AlphaTauri,38,92.661,30.041,38.685,23.935,HARD,2,8,9,1,False,None,None,True,3529.765,2020-10-11T13:12:04.356000000,True
GAS,10,AlphaTauri,39,91.718,29.95,38.225,23.543,HARD,2,9,9,1,False,None,None,True,3622.426,2020-10-11T13:13:37.017000000,True
GAS,10,AlphaTauri,40,91.834,30.104,38.093,23.637,HARD,2,10,8,1,False,None,None,True,3714.144,2020-10-11T13:15:08.735000000,True
GAS,10,AlphaTauri,41,91.178,29.695,37.951,23.532,HARD,2,11,8,1,True,None,None,True,3805.978,2020-10-11T13:16:40.569000000,True
GAS,10,AlphaTauri,42,91.288,29.71,37.949,23.629,HARD,2,12,8,1,False,None,None,True,3897.156,2020-10-11T13:18:11.747000000,True
GAS,10,AlphaTauri,43,91.516,29.833,38.067,23.616,HARD,2,13,7,12,False,None,None,True,3988.444,2020-10-11T13:19:43.035000000,True
GAS,10,AlphaTauri,44,112.211,29.794,50.972,31.445,HARD,2,14,7,24,False,None,4190.327,True,4079.96,2020-10-11T13:21:14.551000000,False
GAS,10,AlphaTauri,45,136.55,55.712,50.234,30.604,SOFT,3,1,8,4,False,4213.262,None,True,4192.171,2020-10-11T13:23:06.762000000,False
GAS,10,AlphaTauri,46,139.19,47.821,63.872,27.497,SOFT,3,2,8,4,False,None,None,True,4328.721,2020-10-11T13:25:23.312000000,False
GAS,10,AlphaTauri,47,95.896,31.848,39.713,24.335,SOFT,3,3,8,4,False,None,None,True,4467.911,2020-10-11T13:27:42.502000000,False
GAS,10,AlphaTauri,48,93.975,30.589,39.25,24.136,SOFT,3,4,8,4,False,None,None,True,4563.807,2020-10-11T13:29:18.398000000,False
GAS,10,AlphaTauri,49,117.483,29.948,49.334,38.201,SOFT,3,5,8,41,False,None,None,True,4657.782,2020-10-11T13:30:52.373000000,False
GAS,10,AlphaTauri,50,92.542,30.43,38.544,23.568,SOFT,3,6,7,1,False,None,None,True,4775.265,2020-10-11T13:32:49.856000000,True
GAS,10,AlphaTauri,51,90.811,29.66,37.713,23.438,SOFT,3,7,6,1,True,None,None,True,4867.807,2020-10-11T13:34:22.398000000,True
GAS,10,AlphaTauri,52,90.522,29.613,37.536,23.373,SOFT,3,8,6,1,False,None,None,True,4958.618,2020-10-11T13:35:53.209000000,True
GAS,10,AlphaTauri,53,90.11,29.467,37.414,23.229,SOFT,3,9,6,1,True,None,None,True,5049.14,2020-10-11T13:37:23.731000000,True
GAS,10,AlphaTauri,54,90.255,29.504,37.455,23.296,SOFT,3,10,6,1,False,None,None,True,5139.25,2020-10-11T13:38:53.841000000,True
GAS,10,AlphaTauri,55,90.507,29.467,37.62,23.42,SOFT,3,11,6,1,False,None,None,True,5229.505,2020-10-11T13:40:24.096000000,True
GAS,10,AlphaTauri,56,90.72,29.475,37.806,23.439,SOFT,3,12,6,1,False,None,None,True,5320.012,2020-10-11T13:41:54.603000000,True
GAS,10,AlphaTauri,57,90.717,29.534,37.831,23.352,SOFT,3,13,6,1,False,None,None,True,5410.732,2020-10-11T13:43:25.323000000,True
GAS,10,AlphaTauri,58,90.528,29.488,37.66,23.38,SOFT,3,14,6,1,False,None,None,True,5501.449,2020-10-11T13:44:56.040000000,True
GAS,10,AlphaTauri,59,90.276,29.343,37.62,23.313,SOFT,3,15,6,1,False,None,None,True,5591.977,2020-10-11T13:46:26.568000000,True
GAS,10,AlphaTauri,60,90.414,29.558,37.726,23.13,SOFT,3,16,6,1,False,None,None,True,5682.253,2020-10-11T13:47:56.844000000,True
GIO,99,Alfa Romeo Racing,1,102.829,None,41.949,25.039,SOFT,1,1,11,None,False,None,None,True,7.171,2020-10-11T12:13:21.762000000,False
GIO,99,Alfa Romeo Racing,2,96.2,31.308,40.312,24.58,SOFT,1,2,11,1,True,None,None,True,103.089,2020-10-11T12:14:57.680000000,True
GIO,99,Alfa Romeo Racing,3,95.082,31.143,39.739,24.2,SOFT,1,3,11,1,True,None,None,True,199.289,2020-10-11T12:16:33.880000000,True
GIO,99,Alfa Romeo Racing,4,94.46,30.834,39.366,24.26,SOFT,1,4,11,1,True,None,None,True,294.371,2020-10-11T12:18:08.962000000,True
GIO,99,Alfa Romeo Racing,5,94.619,30.834,39.596,24.189,SOFT,1,5,11,1,False,None,None,True,388.831,2020-10-11T12:19:43.422000000,True
GIO,99,Alfa Romeo Racing,6,94.576,30.892,39.447,24.237,SOFT,1,6,11,1,False,None,None,True,483.45,2020-10-11T12:21:18.041000000,True
GIO,99,Alfa Romeo Racing,7,94.664,30.952,39.369,24.343,SOFT,1,7,11,1,False,None,None,True,578.026,2020-10-11T12:22:52.617000000,True
GIO,99,Alfa Romeo Racing,8,94.683,31.047,39.425,24.211,SOFT,1,8,10,1,False,None,None,True,672.69,2020-10-11T12:24:27.281000000,True
GIO,99,Alfa Romeo Racing,9,94.666,30.867,39.543,24.256,SOFT,1,9,10,1,False,None,None,True,767.373,2020-10-11T12:26:01.964000000,True
GIO,99,Alfa Romeo Racing,10,94.525,30.846,39.429,24.25,SOFT,1,10,10,1,False,None,None,True,862.039,2020-10-11T12:27:36.630000000,True
GIO,99,Alfa Romeo Racing,11,95.056,31.228,39.57,24.258,SOFT,1,11,9,1,False,None,None,True,956.564,2020-10-11T12:29:11.155000000,True
GIO,99,Alfa Romeo Racing,12,95.121,30.997,39.712,24.412,SOFT,1,12,9,1,False,None,None,True,1051.62,2020-10-11T12:30:46.211000000,True
GIO,99,Alfa Romeo Racing,13,95.304,31.088,39.595,24.621,SOFT,1,13,9,12,False,None,None,True,1146.741,2020-10-11T12:32:21.332000000,True
GIO,99,Alfa Romeo Racing,14,96.438,32.005,39.994,24.439,SOFT,1,14,10,1,False,None,None,True,1242.045,2020-10-11T12:33:56.636000000,True
GIO,99,Alfa Romeo Racing,15,99.023,31.481,39.772,27.77,SOFT,1,15,13,1,False,None,1436.01,True,1338.483,2020-10-11T12:35:33.074000000,False
GIO,99,Alfa Romeo Racing,16,127.802,54.036,48.897,24.869,MEDIUM,2,1,15,1672,False,1458.124,None,True,1437.506,2020-10-11T12:37:12.097000000,False
GIO,99,Alfa Romeo Racing,17,94.88,30.507,40.235,24.138,MEDIUM,2,2,14,2,False,None,None,True,1565.308,2020-10-11T12:39:19.899000000,True
GIO,99,Alfa Romeo Racing,18,93.25,30.217,38.922,24.111,MEDIUM,2,3,14,2,True,None,None,True,1660.188,2020-10-11T12:40:54.779000000,True
GIO,99,Alfa Romeo Racing,19,92.881,30.207,38.778,23.896,MEDIUM,2,4,13,21,True,None,None,True,1753.438,2020-10-11T12:42:28.029000000,True
GIO,99,Alfa Romeo Racing,20,92.838,30.248,38.741,23.849,MEDIUM,2,5,13,1,True,None,None,True,1846.319,2020-10-11T12:44:00.910000000,True
GIO,99,Alfa Romeo Racing,21,92.943,30.209,38.81,23.924,MEDIUM,2,6,13,1,False,None,None,True,1939.157,2020-10-11T12:45:33.748000000,True
GIO,99,Alfa Romeo Racing,22,92.86,30.247,38.619,23.994,MEDIUM,2,7,13,1,False,None,None,True,2032.1,2020-10-11T12:47:06.691000000,True
GIO,99,Alfa Romeo Racing,23,92.862,30.337,38.605,23.92,MEDIUM,2,8,12,1,False,None,None,True,2124.96,2020-10-11T12:48:39.551000000,True
GIO,99,Alfa Romeo Racing,24,92.894,30.336,38.564,23.994,MEDIUM,2,9,11,1,False,None,None,True,2217.822,2020-10-11T12:50:12.413000000,True
GIO,99,Alfa Romeo Racing,25,92.749,30.232,38.581,23.936,MEDIUM,2,10,11,1,True,None,None,True,2310.716,2020-10-11T12:51:45.307000000,True
GIO,99,Alfa Romeo Racing,26,93.006,30.298,38.684,24.024,MEDIUM,2,11,11,1,False,None,None,True,2403.465,2020-10-11T12:53:18.056000000,True
GIO,99,Alfa Romeo Racing,27,92.719,30.226,38.534,23.959,MEDIUM,2,12,11,1,True,None,None,True,2496.471,2020-10-11T12:54:51.062000000,True
GIO,99,Alfa Romeo Racing,28,93.048,30.251,38.646,24.151,MEDIUM,2,13,10,1,False,None,None,True,2589.19,2020-10-11T12:56:23.781000000,True
GIO,99,Alfa Romeo Racing,29,93.421,30.535,38.794,24.092,MEDIUM,2,14,10,1,False,None,None,True,2682.238,2020-10-11T12:57:56.829000000,True
GIO,99,Alfa Romeo Racing,30,93.553,30.413,38.959,24.181,MEDIUM,2,15,9,1,False,None,None,True,2775.659,2020-10-11T12:59:30.250000000,True
GIO,99,Alfa Romeo Racing,31,93.137,30.435,38.628,24.074,MEDIUM,2,16,8,1,False,None,None,True,2869.212,2020-10-11T13:01:03.803000000,True
GIO,99,Alfa Romeo Racing,32,95.105,30.364,40.664,24.077,MEDIUM,2,17,8,1,False,None,None,True,2962.349,2020-10-11T13:02:36.940000000,True
GIO,99,Alfa Romeo Racing,33,93.545,30.478,38.846,24.221,MEDIUM,2,18,8,1,False,None,None,True,3057.454,2020-10-11T13:04:12.045000000,True
GIO,99,Alfa Romeo Racing,34,95.648,31.437,39.967,24.244,MEDIUM,2,19,8,1,False,None,None,True,3150.999,2020-10-11T13:05:45.590000000,True
GIO,99,Alfa Romeo Racing,35,93.277,30.492,38.679,24.106,MEDIUM,2,20,8,1,False,None,None,True,3246.647,2020-10-11T13:07:21.238000000,True
GIO,99,Alfa Romeo Racing,36,96.293,30.55,38.674,27.069,MEDIUM,2,21,9,1,False,None,3434.959,True,3339.924,2020-10-11T13:08:54.515000000,False
GIO,99,Alfa Romeo Racing,37,112.52,50.053,38.842,23.625,MEDIUM,3,1,13,1,False,3457.133,None,True,3436.217,2020-10-11T13:10:30.808000000,False
GIO,99,Alfa Romeo Racing,38,90.909,29.673,37.811,23.425,MEDIUM,3,2,13,1,True,None,None,True,3548.737,2020-10-11T13:12:23.328000000,True
GIO,99,Alfa Romeo Racing,39,91.241,29.734,38.01,23.497,MEDIUM,3,3,13,1,False,None,None,True,3639.646,2020-10-11T13:13:54.237000000,True
GIO,99,Alfa Romeo Racing,40,91.064,29.733,37.808,23.523,MEDIUM,3,4,13,1,False,None,None,True,3730.887,2020-10-11T13:15:25.478000000,True
GIO,99,Alfa Romeo Racing,41,91.283,29.75,37.933,23.6,MEDIUM,3,5,13,1,False,None,None,True,3821.951,2020-10-11T13:16:56.542000000,True
GIO,99,Alfa Romeo Racing,42,91.368,29.783,37.924,23.661,MEDIUM,3,6,12,1,False,None,None,True,3913.234,2020-10-11T13:18:27.825000000,True
GIO,99,Alfa Romeo Racing,43,91.516,29.852,37.884,23.78,MEDIUM,3,7,11,12,False,None,None,True,4004.602,2020-10-11T13:19:59.193000000,True
GIO,99,Alfa Romeo Racing,44,116.253,36.608,48.361,31.284,MEDIUM,3,8,11,24,False,None,None,True,4096.118,2020-10-11T13:21:30.709000000,False
GIO,99,Alfa Romeo Racing,45,121.243,38.998,51.921,30.324,MEDIUM,3,9,10,4,False,None,None,True,4212.371,2020-10-11T13:23:26.962000000,False
GIO,99,Alfa Romeo Racing,46,136.759,44.337,64.229,28.193,MEDIUM,3,10,10,4,False,None,None,True,4333.614,2020-10-11T13:25:28.205000000,False
GIO,99,Alfa Romeo Racing,47,99.337,32.854,41.567,24.916,MEDIUM,3,11,10,4,False,None,None,True,4470.373,2020-10-11T13:27:44.964000000,False
GIO,99,Alfa Romeo Racing,48,92.557,30.026,38.424,24.107,MEDIUM,3,12,10,4,False,None,None,True,4569.71,2020-10-11T13:29:24.301000000,False
GIO,99,Alfa Romeo Racing,49,113.802,30.968,46.135,36.699,MEDIUM,3,13,10,41,False,None,None,True,4662.267,2020-10-11T13:30:56.858000000,False
GIO,99,Alfa Romeo Racing,50,94.486,31.048,39.658,23.78,MEDIUM,3,14,10,1,False,None,None,True,4776.069,2020-10-11T13:32:50.660000000,True
GIO,99,Alfa Romeo Racing,51,92.804,30.39,38.686,23.728,MEDIUM,3,15,10,1,False,None,None,True,4870.555,2020-10-11T13:34:25.146000000,True
GIO,99,Alfa Romeo Racing,52,92.388,30.352,38.229,23.807,MEDIUM,3,16,10,1,False,None,None,True,4963.359,2020-10-11T13:35:57.950000000,True
GIO,99,Alfa Romeo Racing,53,92.017,30.251,38.109,23.657,MEDIUM,3,17,10,1,False,None,None,True,5055.747,2020-10-11T13:37:30.338000000,True
GIO,99,Alfa Romeo Racing,54,91.801,29.991,38.18,23.63,MEDIUM,3,18,10,1,False,None,None,True,5147.764,2020-10-11T13:39:02.355000000,True
GIO,99,Alfa Romeo Racing,55,91.701,29.974,38.004,23.723,MEDIUM,3,19,10,1,False,None,None,True,5239.565,2020-10-11T13:40:34.156000000,True
GIO,99,Alfa Romeo Racing,56,91.778,30.107,38.011,23.66,MEDIUM,3,20,10,1,False,None,None,True,5331.266,2020-10-11T13:42:05.857000000,True
GIO,99,Alfa Romeo Racing,57,91.779,29.977,38.071,23.731,MEDIUM,3,21,10,1,False,None,None,True,5423.044,2020-10-11T13:43:37.635000000,True
GIO,99,Alfa Romeo Racing,58,91.544,29.993,37.918,23.633,MEDIUM,3,22,10,1,False,None,None,True,5514.823,2020-10-11T13:45:09.414000000,True
GIO,99,Alfa Romeo Racing,59,91.689,30.021,38.02,23.648,MEDIUM,3,23,10,1,False,None,None,True,5606.367,2020-10-11T13:46:40.958000000,True
GIO,99,Alfa Romeo Racing,60,91.88,30.037,38.086,23.757,MEDIUM,3,24,10,1,False,None,None,True,5698.056,2020-10-11T13:48:12.647000000,True
GRO,8,Haas F1 Team,1,107.376,None,43.477,25.741,MEDIUM,1,1,20,None,False,None,None,True,7.171,2020-10-11T12:13:21.762000000,False
GRO,8,Haas F1 Team,2,97.975,32.075,41.033,24.867,MEDIUM,1,2,20,1,True,None,None,True,107.636,2020-10-11T12:15:02.227000000,True
GRO,8,Haas F1 Team,3,96.013,31.773,40.092,24.148,MEDIUM,1,3,20,1,True,None,None,True,205.611,2020-10-11T12:16:40.202000000,True
GRO,8,Haas F1 Team,4,95.525,31.307,39.804,24.414,MEDIUM,1,4,20,1,True,None,None,True,301.624,2020-10-11T12:18:16.215000000,True
GRO,8,Haas F1 Team,5,94.634,31.044,39.517,24.073,MEDIUM,1,5,20,1,False,None,None,True,397.149,2020-10-11T12:19:51.740000000,True
GRO,8,Haas F1 Team,6,94.942,31.204,39.532,24.206,MEDIUM,1,6,20,1,True,None,None,True,491.783,2020-10-11T12:21:26.374000000,True
GRO,8,Haas F1 Team,7,95.238,31.434,39.664,24.14,MEDIUM,1,7,20,1,False,None,None,True,586.725,2020-10-11T12:23:01.316000000,True
GRO,8,Haas F1 Team,8,95.15,31.273,39.543,24.334,MEDIUM,1,8,19,1,False,None,None,True,681.963,2020-10-11T12:24:36.554000000,True
GRO,8,Haas F1 Team,9,95.024,31.16,39.626,24.238,MEDIUM,1,9,19,1,False,None,None,True,777.113,2020-10-11T12:26:11.704000000,True
GRO,8,Haas F1 Team,10,95.839,31.509,40.08,24.25,MEDIUM,1,10,18,1,False,None,None,True,872.137,2020-10-11T12:27:46.728000000,True
GRO,8,Haas F1 Team,11,95.085,31.393,39.491,24.201,MEDIUM,1,11,18,1,False,None,None,True,967.976,2020-10-11T12:29:22.567000000,True
GRO,8,Haas F1 Team,12,94.104,30.767,39.167,24.17,MEDIUM,1,12,16,1,True,None,None,True,1063.061,2020-10-11T12:30:57.652000000,True
GRO,8,Haas F1 Team,13,95.132,31.214,39.273,24.645,MEDIUM,1,13,17,12,False,None,None,True,1157.165,2020-10-11T12:32:31.756000000,True
GRO,8,Haas F1 Team,14,95.369,31.539,39.527,24.303,MEDIUM,1,14,16,1,False,None,None,True,1252.297,2020-10-11T12:34:06.888000000,True
GRO,8,Haas F1 Team,15,94.134,30.831,39.15,24.153,MEDIUM,1,15,15,1,False,None,None,True,1347.666,2020-10-11T12:35:42.257000000,True
GRO,8,Haas F1 Team,16,111.896,38.453,48.563,24.88,MEDIUM,1,16,14,1672,False,None,None,True,1441.8,2020-10-11T12:37:16.391000000,False
GRO,8,Haas F1 Team,17,95.123,31.338,39.116,24.669,MEDIUM,1,17,13,2,False,None,None,True,1553.696,2020-10-11T12:39:08.287000000,True
GRO,8,Haas F1 Team,18,94.226,30.592,39.0,24.634,MEDIUM,1,18,13,2,False,None,None,True,1648.819,2020-10-11T12:40:43.410000000,True
GRO,8,Haas F1 Team,19,93.603,30.528,38.927,24.148,MEDIUM,1,19,12,21,True,None,None,True,1743.045,2020-10-11T12:42:17.636000000,True
GRO,8,Haas F1 Team,20,93.528,30.53,38.87,24.128,MEDIUM,1,20,12,1,True,None,None,True,1836.648,2020-10-11T12:43:51.239000000,True
GRO,8,Haas F1 Team,21,93.455,30.499,38.852,24.104,MEDIUM,1,21,12,1,True,None,None,True,1930.176,2020-10-11T12:45:24.767000000,True
GRO,8,Haas F1 Team,22,93.624,30.488,38.972,24.164,MEDIUM,1,22,12,1,False,None,None,True,2023.631,2020-10-11T12:46:58.222000000,True
GRO,8,Haas F1 Team,23,93.644,30.509,38.907,24.228,MEDIUM,1,23,11,1,False,None,None,True,2117.255,2020-10-11T12:48:31.846000000,True
GRO,8,Haas F1 Team,24,93.316,30.455,38.747,24.114,MEDIUM,1,24,10,1,True,None,None,True,2210.899,2020-10-11T12:50:05.490000000,True
GRO,8,Haas F1 Team,25,93.452,30.487,38.972,23.993,MEDIUM,1,25,10,1,False,None,None,True,2304.215,2020-10-11T12:51:38.806000000,True
GRO,8,Haas F1 Team,26,93.871,30.631,38.997,24.243,MEDIUM,1,26,10,1,False,None,None,True,2397.667,2020-10-11T12:53:12.258000000,True
GRO,8,Haas F1 Team,27,93.692,30.386,39.076,24.23,MEDIUM,1,27,10,1,False,None,None,True,2491.538,2020-10-11T12:54:46.129000000,True
GRO,8,Haas F1 Team,28,97.233,30.603,38.905,27.725,MEDIUM,1,28,11,1,False,None,2680.913,True,2585.23,2020-10-11T12:56:19.821000000,False
GRO,8,Haas F1 Team,29,114.152,51.438,38.811,23.903,HARD,2,1,15,1,False,2704.548,None,True,2682.463,2020-10-11T12:57:57.054000000,False
GRO,8,Haas F1 Team,30,91.569,29.848,37.981,23.74,HARD,2,2,15,1,True,None,None,True,2796.615,2020-10-11T12:59:51.206000000,True
GRO,8,Haas F1 Team,31,91.837,29.911,38.186,23.74,HARD,2,3,15,1,False,None,None,True,2888.184,2020-10-11T13:01:22.775000000,True
GRO,8,Haas F1 Team,32,92.694,30.026,38.731,23.937,HARD,2,4,15,1,False,None,None,True,2980.021,2020-10-11T13:02:54.612000000,True
GRO,8,Haas F1 Team,33,92.028,30.059,38.146,23.823,HARD,2,5,14,1,False,None,None,True,3072.715,2020-10-11T13:04:27.306000000,True
GRO,8,Haas F1 Team,34,91.998,30.043,38.221,23.734,HARD,2,6,13,1,False,None,None,True,3164.743,2020-10-11T13:05:59.334000000,True
GRO,8,Haas F1 Team,35,92.215,30.239,38.156,23.82,HARD,2,7,13,1,False,None,None,True,3256.741,2020-10-11T13:07:31.332000000,True
GRO,8,Haas F1 Team,36,92.814,30.21,38.7,23.904,HARD,2,8,13,1,False,None,None,True,3348.956,2020-10-11T13:09:03.547000000,True
GRO,8,Haas F1 Team,37,92.082,30.149,38.133,23.8,HARD,2,9,12,1,False,None,None,True,3441.77,2020-10-11T13:10:36.361000000,True
GRO,8,Haas F1 Team,38,92.642,30.181,38.464,23.997,HARD,2,10,12,1,False,None,None,True,3533.852,2020-10-11T13:12:08.443000000,True
GRO,8,Haas F1 Team,39,92.594,30.481,38.23,23.883,HARD,2,11,12,1,False,None,None,True,3626.494,2020-10-11T13:13:41.085000000,True
GRO,8,Haas F1 Team,40,92.373,30.314,38.233,23.826,HARD,2,12,12,1,False,None,None,True,3719.088,2020-10-11T13:15:13.679000000,True
GRO,8,Haas F1 Team,41,92.842,30.407,38.548,23.887,HARD,2,13,11,1,False,None,None,True,3811.461,2020-10-11T13:16:46.052000000,True
GRO,8,Haas F1 Team,42,93.277,31.044,38.2,24.033,HARD,2,14,11,1,False,None,None,True,3904.303,2020-10-11T13:18:18.894000000,True
GRO,8,Haas F1 Team,43,92.547,30.447,38.222,23.878,HARD,2,15,10,12,False,None,None,True,3997.58,2020-10-11T13:19:52.171000000,True
GRO,8,Haas F1 Team,44,115.473,37.34,48.899,29.234,HARD,2,16,10,24,False,None,None,True,4090.127,2020-10-11T13:21:24.718000000,False
GRO,8,Haas F1 Team,45,121.416,40.918,49.821,30.677,HARD,2,17,7,4,False,None,None,True,4205.6,2020-10-11T13:23:20.191000000,False
GRO,8,Haas F1 Team,46,139.735,47.871,64.7,27.164,HARD,2,18,7,4,False,None,None,True,4327.016,2020-10-11T13:25:21.607000000,False
GRO,8,Haas F1 Team,47,95.653,31.954,39.347,24.352,HARD,2,19,7,4,False,None,None,True,4466.751,2020-10-11T13:27:41.342000000,False
GRO,8,Haas F1 Team,48,93.728,30.705,38.934,24.089,HARD,2,20,7,4,False,None,None,True,4562.404,2020-10-11T13:29:16.995000000,False
GRO,8,Haas F1 Team,49,119.014,30.666,48.787,39.561,HARD,2,21,7,41,False,None,None,True,4656.132,2020-10-11T13:30:50.723000000,False
GRO,8,Haas F1 Team,50,94.75,31.785,39.036,23.929,HARD,2,22,9,1,False,None,None,True,4775.146,2020-10-11T13:32:49.737000000,True
GRO,8,Haas F1 Team,51,92.794,30.455,38.365,23.974,HARD,2,23,9,1,False,None,None,True,4869.896,2020-10-11T13:34:24.487000000,True
GRO,8,Haas F1 Team,52,91.832,30.208,37.895,23.729,HARD,2,24,9,1,False,None,None,True,4962.69,2020-10-11T13:35:57.281000000,True
GRO,8,Haas F1 Team,53,92.134,30.253,37.938,23.943,HARD,2,25,9,1,False,None,None,True,5054.522,2020-10-11T13:37:29.113000000,True
GRO,8,Haas F1 Team,54,91.562,29.843,37.818,23.901,HARD,2,26,9,1,True,None,None,True,5146.656,2020-10-11T13:39:01.247000000,True
GRO,8,Haas F1 Team,55,91.68,29.899,37.948,23.833,HARD,2,27,9,1,False,None,None,True,5238.218,2020-10-11T13:40:32.809000000,True
GRO,8,Haas F1 Team,56,91.715,29.876,38.025,23.814,HARD,2,28,9,1,False,None,None,True,5329.898,2020-10-11T13:42:04.489000000,True
GRO,8,Haas F1 Team,57,91.991,30.08,38.068,23.843,HARD,2,29,9,1,False,None,None,True,5421.613,2020-10-11T13:43:36.204000000,True
GRO,8,Haas F1 Team,58,91.618,29.896,37.924,23.798,HARD,2,30,9,1,False,None,None,True,5513.604,2020-10-11T13:45:08.195000000,True
GRO,8,Haas F1 Team,59,91.664,29.893,37.896,23.875,HARD,2,31,9,1,False,None,None,True,5605.222,2020-10-11T13:46:39.813000000,True
GRO,8,Haas F1 Team,60,92.096,30.087,38.075,23.934,HARD,2,32,9,1,False,None,None,True,5696.886,2020-10-11T13:48:11.477000000,True
HAM,44,Mercedes,1,95.032,None,38.81,23.875,SOFT,1,4,2,None,False,None,None,False,7.171,2020-10-11T12:13:21.762000000,False
HAM,44,Mercedes,2,92.41,30.149,38.634,23.627,SOFT,1,5,2,None,True,None,None,False,95.292,2020-10-11T12:14:49.883000000,False
HAM,44,Mercedes,3,92.165,30.114,38.343,23.708,SOFT,1,6,2,1,False,None,None,False,187.702,2020-10-11T12:16:22.293000000,True
HAM,44,Mercedes,4,92.543,30.351,38.504,23.688,SOFT,1,7,2,1,False,None,None,False,279.867,2020-10-11T12:17:54.458000000,True
HAM,44,Mercedes,5,92.153,30.138,38.414,23.601,SOFT,1,8,2,1,True,None,None,False,372.41,2020-10-11T12:19:27.001000000,True
HAM,44,Mercedes,6,91.951,29.999,38.337,23.615,SOFT,1,9,2,1,True,None,None,False,464.563,2020-10-11T12:20:59.154000000,True
HAM,44,Mercedes,7,92.101,30.069,38.244,23.788,SOFT,1,10,2,1,False,None,None,False,556.514,2020-10-11T12:22:31.105000000,True
HAM,44,Mercedes,8,91.622,29.897,38.266,23.459,SOFT,1,11,2,1,True,None,None,False,648.615,2020-10-11T12:24:03.206000000,True
HAM,44,Mercedes,9,91.835,29.991,38.322,23.522,SOFT,1,12,2,1,False,None,None,False,740.237,2020-10-11T12:25:34.828000000,True
HAM,44,Mercedes,10,91.996,30.067,38.37,23.559,SOFT,1,13,2,1,False,None,None,False,832.072,2020-10-11T12:27:06.663000000,True
HAM,44,Mercedes,11,91.853,30.065,38.423,23.365,SOFT,1,14,2,1,False,None,None,False,924.068,2020-10-11T12:28:38.659000000,True
HAM,44,Mercedes,12,92.072,29.997,38.433,23.642,SOFT,1,15,2,1,False,None,None,False,1015.921,2020-10-11T12:30:10.512000000,True
HAM,44,Mercedes,13,91.704,30.046,38.258,23.4,SOFT,1,16,1,12,False,None,None,False,1107.993,2020-10-11T12:31:42.584000000,True
HAM,44,Mercedes,14,91.781,30.105,38.248,23.428,SOFT,1,17,1,12,False,None,None,False,1199.697,2020-10-11T12:33:14.288000000,True
HAM,44,Mercedes,15,91.74,29.768,38.312,23.66,SOFT,1,18,1,1,False,None,None,False,1291.478,2020-10-11T12:34:46.069000000,True
HAM,44,Mercedes,16,103.842,29.934,41.345,32.563,SOFT,1,19,1,16,False,None,1485.171,False,1383.218,2020-10-11T12:36:17.809000000,False
HAM,44,Mercedes,17,116.488,53.921,38.951,23.616,MEDIUM,2,1,1,6712,False,1509.161,None,True,1487.06,2020-10-11T12:38:01.651000000,False
HAM,44,Mercedes,18,90.795,29.915,37.503,23.377,MEDIUM,2,2,1,2,True,None,None,True,1603.548,2020-10-11T12:39:58.139000000,True
HAM,44,Mercedes,19,90.454,29.447,37.608,23.399,MEDIUM,2,3,1,2,True,None,None,True,1694.343,2020-10-11T12:41:28.934000000,True
HAM,44,Mercedes,20,90.566,29.496,37.922,23.148,MEDIUM,2,4,1,21,False,None,None,True,1784.797,2020-10-11T12:42:59.388000000,True
HAM,44,Mercedes,21,90.109,29.389,37.561,23.159,MEDIUM,2,5,1,1,True,None,None,True,1875.363,2020-10-11T12:44:29.954000000,True
HAM,44,Mercedes,22,90.424,29.548,37.727,23.149,MEDIUM,2,6,1,1,False,None,None,True,1965.472,2020-10-11T12:46:00.063000000,True
HAM,44,Mercedes,23,90.358,29.429,37.671,23.258,MEDIUM,2,7,1,1,False,None,None,True,2055.896,2020-10-11T12:47:30.487000000,True
HAM,44,Mercedes,24,90.522,29.62,37.704,23.198,MEDIUM,2,8,1,1,False,None,None,True,2146.254,2020-10-11T12:49:00.845000000,True
HAM,44,Mercedes,25,90.574,29.655,37.727,23.192,MEDIUM,2,9,1,1,False,None,None,True,2236.776,2020-10-11T12:50:31.367000000,True
HAM,44,Mercedes,26,90.51,29.532,37.838,23.14,MEDIUM,2,10,1,1,False,None,None,True,2327.35,2020-10-11T12:52:01.941000000,True
HAM,44,Mercedes,27,90.753,29.604,37.84,23.309,MEDIUM,2,11,1,1,False,None,None,True,2417.86,2020-10-11T12:53:32.451000000,True
HAM,44,Mercedes,28,91.157,29.904,38.002,23.251,MEDIUM,2,12,1,1,False,None,None,True,2508.613,2020-10-11T12:55:03.204000000,True
HAM,44,Mercedes,29,90.98,29.68,37.832,23.468,MEDIUM,2,13,1,1,False,None,None,True,2599.77,2020-10-11T12:56:34.361000000,True
HAM,44,Mercedes,30,90.701,29.599,37.836,23.266,MEDIUM,2,14,1,1,False,None,None,True,2690.75,2020-10-11T12:58:05.341000000,True
HAM,44,Mercedes,31,91.095,29.643,37.976,23.476,MEDIUM,2,15,1,1,False,None,None,True,2781.451,2020-10-11T12:59:36.042000000,True
HAM,44,Mercedes,32,91.55,30.024,38.052,23.474,MEDIUM,2,16,1,1,False,None,None,True,2872.546,2020-10-11T13:01:07.137000000,True
HAM,44,Mercedes,33,91.108,29.788,38.047,23.273,MEDIUM,2,17,1,1,False,None,None,True,2964.096,2020-10-11T13:02:38.687000000,True
HAM,44,Mercedes,34,90.704,29.632,37.766,23.306,MEDIUM,2,18,1,1,False,None,None,True,3055.204,2020-10-11T13:04:09.795000000,True
HAM,44,Mercedes,35,90.701,29.56,37.869,23.272,MEDIUM,2,19,1,1,False,None,None,True,3145.908,2020-10-11T13:05:40.499000000,True
HAM,44,Mercedes,36,90.841,29.628,37.887,23.326,MEDIUM,2,20,1,1,False,None,None,True,3236.609,2020-10-11T13:07:11.200000000,True
HAM,44,Mercedes,37,91.027,29.875,37.835,23.317,MEDIUM,2,21,1,1,False,None,None,True,3327.45,2020-10-11T13:08:42.041000000,True
HAM,44,Mercedes,38,91.023,29.692,37.991,23.34,MEDIUM,2,22,1,1,False,None,None,True,3418.477,2020-10-11T13:10:13.068000000,True
HAM,44,Mercedes,39,90.651,29.76,37.782,23.109,MEDIUM,2,23,1,1,False,None,None,True,3509.5,2020-10-11T13:11:44.091000000,True
HAM,44,Mercedes,40,90.461,29.58,37.737,23.144,MEDIUM,2,24,1,1,False,None,None,True,3600.151,2020-10-11T13:13:14.742000000,True
HAM,44,Mercedes,41,90.704,29.684,37.797,23.223,MEDIUM,2,25,1,1,False,None,None,True,3690.612,2020-10-11T13:14:45.203000000,True
HAM,44,Mercedes,42,90.667,29.611,37.823,23.233,MEDIUM,2,26,1,1,False,None,None,True,3781.316,2020-10-11T13:16:15.907000000,True
HAM,44,Mercedes,43,90.463,29.446,37.812,23.205,MEDIUM,2,27,1,1,False,None,None,True,3871.983,2020-10-11T13:17:46.574000000,True
HAM,44,Mercedes,44,90.448,29.593,37.702,23.153,MEDIUM,2,28,1,1,False,None,None,True,3962.446,2020-10-11T13:19:17.037000000,True
HAM,44,Mercedes,45,106.683,29.638,45.7,31.345,MEDIUM,2,29,1,124,False,None,4157.716,True,4052.894,2020-10-11T13:20:47.485000000,False
HAM,44,Mercedes,46,160.745,57.531,66.73,36.484,SOFT,3,4,1,4,False,4180.789,None,False,4159.577,2020-10-11T13:22:34.168000000,False
HAM,44,Mercedes,47,161.592,49.884,67.297,44.411,SOFT,3,5,1,4,False,None,None,False,4320.346,2020-10-11T13:25:14.937000000,False
HAM,44,Mercedes,48,139.14,48.489,57.546,33.105,SOFT,3,6,1,4,False,None,None,False,4481.941,2020-10-11T13:27:56.532000000,False
HAM,44,Mercedes,49,150.336,44.676,64.124,41.536,SOFT,3,7,1,41,False,None,None,False,4621.081,2020-10-11T13:30:15.672000000,False
HAM,44,Mercedes,50,90.442,30.503,37.176,22.763,SOFT,3,8,1,1,False,None,None,False,4771.407,2020-10-11T13:32:45.998000000,True
HAM,44,Mercedes,51,88.487,28.998,36.726,22.763,SOFT,3,9,1,1,True,None,None,False,4861.849,2020-10-11T13:34:16.440000000,True
HAM,44,Mercedes,52,88.335,28.924,36.636,22.775,SOFT,3,10,1,1,True,None,None,False,4950.336,2020-10-11T13:35:44.927000000,True
HAM,44,Mercedes,53,88.257,28.824,36.702,22.731,SOFT,3,11,1,1,True,None,None,False,5038.671,2020-10-11T13:37:13.262000000,True
HAM,44,Mercedes,54,89.293,29.27,37.244,22.779,SOFT,3,12,1,1,False,None,None,False,5126.928,2020-10-11T13:38:41.519000000,True
HAM,44,Mercedes,55,89.047,29.085,37.061,22.901,SOFT,3,13,1,1,False,None,None,False,5216.221,2020-10-11T13:40:10.812000000,True
HAM,44,Mercedes,56,89.226,29.269,37.029,22.928,SOFT,3,14,1,1,False,None,None,False,5305.268,2020-10-11T13:41:39.859000000,True
HAM,44,Mercedes,57,89.241,29.291,37.119,22.831,SOFT,3,15,1,1,False,None,None,False,5394.494,2020-10-11T13:43:09.085000000,True
HAM,44,Mercedes,58,88.145,28.91,36.582,22.653,SOFT,3,16,1,1,True,None,None,False,5483.735,2020-10-11T13:44:38.326000000,True
HAM,44,Mercedes,59,89.067,29.158,36.997,22.912,SOFT,3,17,1,1,False,None,None,False,5571.88,2020-10-11T13:46:06.471000000,True
HAM,44,Mercedes,60,88.971,28.962,36.727,23.282,SOFT,3,18,1,1,False,None,None,False,5660.947,2020-10-11T13:47:35.538000000,True
HUL,27,Racing Point,1,106.054,None,43.39,25.213,SOFT,1,1,17,None,False,None,None,True,7.171,2020-10-11T12:13:21.762000000,False
HUL,27,Racing Point,2,97.734,31.87,40.974,24.89,SOFT,1,2,17,1,True,None,None,True,106.314,2020-10-11T12:15:00.905000000,True
HUL,27,Racing Point,3,95.456,31.066,40.149,24.241,SOFT,1,3,17,1,True,None,None,True,204.048,2020-10-11T12:16:38.639000000,True
HUL,27,Racing Point,4,95.372,31.051,40.208,24.113,SOFT,1,4,17,1,True,None,None,True,299.504,2020-10-11T12:18:14.095000000,True
HUL,27,Racing Point,5,94.85,31.02,39.778,24.052,SOFT,1,5,17,1,True,None,None,True,394.876,2020-10-11T12:19:49.467000000,True
HUL,27,Racing Point,6,94.436,30.817,39.468,24.151,SOFT,1,6,17,1,True,None,None,True,489.726,2020-10-11T12:21:24.317000000,True
HUL,27,Racing Point,7,94.818,31.172,39.7,23.946,SOFT,1,7,17,1,False,None,None,True,584.162,2020-10-11T12:22:58.753000000,True
HUL,27,Racing Point,8,94.704,30.918,39.61,24.176,SOFT,1,8,16,1,False,None,None,True,678.98,2020-10-11T12:24:33.571000000,True
HUL,27,Racing Point,9,95.305,31.465,39.677,24.163,SOFT,1,9,16,1,False,None,None,True,773.684,2020-10-11T12:26:08.275000000,True
HUL,27,Racing Point,10,95.475,31.264,40.0,24.211,SOFT,1,10,16,1,False,None,None,True,868.989,2020-10-11T12:27:43.580000000,True
HUL,27,Racing Point,11,95.253,31.204,39.845,24.204,SOFT,1,11,13,1,False,None,None,True,964.464,2020-10-11T12:29:19.055000000,True
HUL,27,Racing Point,12,93.662,30.53,39.156,23.976,SOFT,1,12,13,1,True,None,None,True,1059.717,2020-10-11T12:30:54.308000000,True
HUL,27,Racing Point,13,95.496,31.807,39.418,24.271,SOFT,1,13,14,12,False,None,None,True,1153.379,2020-10-11T12:32:27.970000000,True
HUL,27,Racing Point,14,94.515,31.004,39.219,24.292,SOFT,1,14,13,1,False,None,None,True,1248.875,2020-10-11T12:34:03.466000000,True
HUL,27,Racing Point,15,93.939,30.407,39.115,24.417,SOFT,1,15,12,1,False,None,None,True,1343.39,2020-10-11T12:35:37.981000000,True
HUL,27,Racing Point,16,111.978,36.879,49.806,25.293,SOFT,1,16,11,167,False,None,None,True,1437.329,2020-10-11T12:37:11.920000000,False
HUL,27,Racing Point,17,94.053,30.862,38.882,24.309,SOFT,1,17,11,12,False,None,None,True,1549.307,2020-10-11T12:39:03.898000000,True
HUL,27,Racing Point,18,94.326,30.738,39.326,24.262,SOFT,1,18,10,2,False,None,None,True,1643.36,2020-10-11T12:40:37.951000000,True
HUL,27,Racing Point,19,93.788,30.593,39.04,24.155,SOFT,1,19,10,21,False,None,None,True,1737.686,2020-10-11T12:42:12.277000000,True
HUL,27,Racing Point,20,94.594,31.372,39.269,23.953,SOFT,1,20,11,1,False,None,None,True,1831.474,2020-10-11T12:43:46.065000000,True
HUL,27,Racing Point,21,93.708,30.488,38.929,24.291,SOFT,1,21,11,1,False,None,None,True,1926.068,2020-10-11T12:45:20.659000000,True
HUL,27,Racing Point,22,93.853,30.739,39.127,23.987,SOFT,1,22,11,1,False,None,None,True,2019.776,2020-10-11T12:46:54.367000000,True
HUL,27,Racing Point,23,93.604,30.518,39.062,24.024,SOFT,1,23,10,1,True,None,None,True,2113.629,2020-10-11T12:48:28.220000000,True
HUL,27,Racing Point,24,93.146,30.268,38.843,24.035,SOFT,1,24,9,1,True,None,None,True,2207.233,2020-10-11T12:50:01.824000000,True
HUL,27,Racing Point,25,93.523,30.426,39.008,24.089,SOFT,1,25,9,1,False,None,None,True,2300.379,2020-10-11T12:51:34.970000000,True
HUL,27,Racing Point,26,93.735,30.488,38.94,24.307,SOFT,1,26,9,1,False,None,None,True,2393.902,2020-10-11T12:53:08.493000000,True
HUL,27,Racing Point,27,93.711,30.496,38.979,24.236,SOFT,1,27,9,1,False,None,None,True,2487.637,2020-10-11T12:54:42.228000000,True
HUL,27,Racing Point,28,93.618,30.459,39.006,24.153,SOFT,1,28,9,1,False,None,None,True,2581.348,2020-10-11T12:56:15.939000000,True
HUL,27,Racing Point,29,96.925,30.609,39.202,27.114,SOFT,1,29,9,1,False,None,2770.017,True,2674.966,2020-10-11T12:57:49.557000000,False
HUL,27,Racing Point,30,112.649,49.811,39.185,23.653,MEDIUM,2,1,14,1,False,2792.724,None,True,2771.891,2020-10-11T12:59:26.482000000,False
HUL,27,Racing Point,31,94.062,30.349,39.784,23.929,MEDIUM,2,2,14,1,False,None,None,True,2884.54,2020-10-11T13:01:19.131000000,True
HUL,27,Racing Point,32,91.193,29.702,38.087,23.404,MEDIUM,2,3,13,1,True,None,None,True,2978.602,2020-10-11T13:02:53.193000000,True
HUL,27,Racing Point,33,92.277,29.864,38.689,23.724,MEDIUM,2,4,13,1,False,None,None,True,3069.795,2020-10-11T13:04:24.386000000,True
HUL,27,Racing Point,34,91.829,30.391,38.337,23.101,MEDIUM,2,5,12,1,False,None,None,True,3162.072,2020-10-11T13:05:56.663000000,True
HUL,27,Racing Point,35,92.13,30.032,38.358,23.74,MEDIUM,2,6,12,1,False,None,None,True,3253.901,2020-10-11T13:07:28.492000000,True
HUL,27,Racing Point,36,92.566,30.073,38.808,23.685,MEDIUM,2,7,12,1,False,None,None,True,3346.031,2020-10-11T13:09:00.622000000,True
HUL,27,Racing Point,37,92.396,30.118,38.524,23.754,MEDIUM,2,8,11,1,False,None,None,True,3438.597,2020-10-11T13:10:33.188000000,True
HUL,27,Racing Point,38,92.586,30.182,38.481,23.923,MEDIUM,2,9,11,1,False,None,None,True,3530.993,2020-10-11T13:12:05.584000000,True
HUL,27,Racing Point,39,92.222,30.166,38.377,23.679,MEDIUM,2,10,10,1,False,None,None,True,3623.579,2020-10-11T13:13:38.170000000,True
HUL,27,Racing Point,40,92.771,30.092,38.721,23.958,MEDIUM,2,11,10,1,False,None,None,True,3715.801,2020-10-11T13:15:10.392000000,True
HUL,27,Racing Point,41,91.717,29.656,38.448,23.613,MEDIUM,2,12,9,1,False,None,None,True,3808.572,2020-10-11T13:16:43.163000000,True
HUL,27,Racing Point,42,91.929,29.892,38.345,23.692,MEDIUM,2,13,9,1,False,None,None,True,3900.289,2020-10-11T13:18:14.880000000,True
HUL,27,Racing Point,43,91.599,29.744,38.17,23.685,MEDIUM,2,14,8,12,False,None,None,True,3992.218,2020-10-11T13:19:46.809000000,True
HUL,27,Racing Point,44,112.748,29.758,51.63,31.36,MEDIUM,2,15,8,24,False,None,4194.693,True,4083.817,2020-10-11T13:21:18.408000000,False
HUL,27,Racing Point,45,134.744,53.639,51.066,30.039,SOFT,3,1,9,4,False,4217.303,None,True,4196.565,2020-10-11T13:23:11.156000000,False
HUL,27,Racing Point,46,137.412,45.892,64.019,27.501,SOFT,3,2,9,4,False,None,None,True,4331.309,2020-10-11T13:25:25.900000000,False
HUL,27,Racing Point,47,96.022,31.851,39.854,24.317,SOFT,3,3,9,4,False,None,None,True,4468.721,2020-10-11T13:27:43.312000000,False
HUL,27,Racing Point,48,93.815,30.325,39.56,23.93,SOFT,3,4,9,4,False,None,None,True,4564.743,2020-10-11T13:29:19.334000000,False
HUL,27,Racing Point,49,116.933,30.154,49.775,37.004,SOFT,3,5,9,41,False,None,None,True,4658.558,2020-10-11T13:30:53.149000000,False
HUL,27,Racing Point,50,93.063,30.889,38.404,23.77,SOFT,3,6,8,1,False,None,None,True,4775.491,2020-10-11T13:32:50.082000000,True
HUL,27,Racing Point,51,92.213,30.287,38.357,23.569,SOFT,3,7,8,1,False,None,None,True,4868.554,2020-10-11T13:34:23.145000000,True
HUL,27,Racing Point,52,91.229,29.957,38.014,23.258,SOFT,3,8,8,1,False,None,None,True,4960.767,2020-10-11T13:35:55.358000000,True
HUL,27,Racing Point,53,91.179,29.831,37.993,23.355,SOFT,3,9,8,1,True,None,None,True,5051.996,2020-10-11T13:37:26.587000000,True
HUL,27,Racing Point,54,91.341,29.809,38.13,23.402,SOFT,3,10,8,1,False,None,None,True,5143.175,2020-10-11T13:38:57.766000000,True
HUL,27,Racing Point,55,91.427,29.857,37.979,23.591,SOFT,3,11,8,1,False,None,None,True,5234.516,2020-10-11T13:40:29.107000000,True
HUL,27,Racing Point,56,91.178,29.799,37.949,23.43,SOFT,3,12,8,1,True,None,None,True,5325.943,2020-10-11T13:42:00.534000000,True
HUL,27,Racing Point,57,91.196,29.859,37.961,23.376,SOFT,3,13,8,1,False,None,None,True,5417.121,2020-10-11T13:43:31.712000000,True
HUL,27,Racing Point,58,90.733,29.675,37.719,23.339,SOFT,3,14,8,1,True,None,None,True,5508.317,2020-10-11T13:45:02.908000000,True
HUL,27,Racing Point,59,91.052,29.794,37.734,23.524,SOFT,3,15,8,1,False,None,None,True,5599.05,2020-10-11T13:46:33.641000000,True
HUL,27,Racing Point,60,92.395,30.095,38.274,24.026,SOFT,3,16,8,1,False,None,None,True,5690.102,2020-10-11T13:48:04.693000000,True
KVY,26,AlphaTauri,1,104.911,None,42.766,25.18,MEDIUM,1,1,15,None,False,None,None,True,7.171,2020-10-11T12:13:21.762000000,False
KVY,26,AlphaTauri,2,97.394,31.981,40.926,24.487,MEDIUM,1,2,15,1,True,None,None,True,105.171,2020-10-11T12:14:59.762000000,True
KVY,26,AlphaTauri,3,95.433,31.246,39.997,24.19,MEDIUM,1,3,15,1,True,None,None,True,202.565,2020-10-11T12:16:37.156000000,True
KVY,26,AlphaTauri,4,94.794,30.981,39.716,24.097,MEDIUM,1,4,15,1,True,None,None,True,297.998,2020-10-11T12:18:12.589000000,True
KVY,26,AlphaTauri,5,94.246,30.729,39.565,23.952,MEDIUM,1,5,15,1,True,None,None,True,392.792,2020-10-11T12:19:47.383000000,True
KVY,26,AlphaTauri,6,94.812,30.983,39.632,24.197,MEDIUM,1,6,15,1,False,None,None,True,487.038,2020-10-11T12:21:21.629000000,True
KVY,26,AlphaTauri,7,94.192,30.832,39.32,24.04,MEDIUM,1,7,15,1,True,None,None,True,581.85,2020-10-11T12:22:56.441000000,True
KVY,26,AlphaTauri,8,94.503,30.57,39.763,24.17,MEDIUM,1,8,14,1,False,None,None,True,676.042,2020-10-11T12:24:30.633000000,True
KVY,26,AlphaTauri,9,94.504,30.711,39.764,24.029,MEDIUM,1,9,14,1,False,None,None,True,770.545,2020-10-11T12:26:05.136000000,True
KVY,26,AlphaTauri,10,94.893,31.046,39.86,23.987,MEDIUM,1,10,14,1,False,None,None,True,865.049,2020-10-11T12:27:39.640000000,True
KVY,26,AlphaTauri,11,96.105,31.07,40.917,24.118,MEDIUM,1,11,12,1,False,None,None,True,959.942,2020-10-11T12:29:14.533000000,True
KVY,26,AlphaTauri,12,94.916,30.794,39.732,24.39,MEDIUM,1,12,12,1,False,None,None,True,1056.047,2020-10-11T12:30:50.638000000,True
KVY,26,AlphaTauri,13,94.186,30.584,39.475,24.127,MEDIUM,1,13,11,12,False,None,None,True,1150.963,2020-10-11T12:32:25.554000000,True
KVY,26,AlphaTauri,14,94.233,30.535,39.322,24.376,MEDIUM,1,14,11,1,False,None,None,True,1245.149,2020-10-11T12:33:59.740000000,True
KVY,26,AlphaTauri,15,95.311,30.9,40.059,24.352,MEDIUM,1,15,10,1,False,None,None,True,1339.382,2020-10-11T12:35:33.973000000,True
KVY,26,AlphaTauri,16,115.686,37.107,49.223,29.356,MEDIUM,1,16,13,167,False,None,None,True,1434.693,2020-10-11T12:37:09.284000000,False
KVY,26,AlphaTauri,17,122.578,39.082,51.537,31.959,MEDIUM,1,17,19,12,False,None,1671.109,True,1550.379,2020-10-11T12:39:04.970000000,False
KVY,26,AlphaTauri,18,127.494,61.772,41.453,24.269,HARD,2,1,19,21,False,1701.917,None,True,1672.957,2020-10-11T12:41:07.548000000,False
KVY,26,AlphaTauri,19,93.334,30.45,38.853,24.031,HARD,2,2,18,1,True,None,None,True,1800.451,2020-10-11T12:43:15.042000000,True
KVY,26,AlphaTauri,20,92.963,30.265,38.795,23.903,HARD,2,3,18,1,True,None,None,True,1893.785,2020-10-11T12:44:48.376000000,True
KVY,26,AlphaTauri,21,93.052,30.19,38.715,24.147,HARD,2,4,18,1,False,None,None,True,1986.748,2020-10-11T12:46:21.339000000,True
KVY,26,AlphaTauri,22,92.761,30.127,38.712,23.922,HARD,2,5,18,1,True,None,None,True,2079.8,2020-10-11T12:47:54.391000000,True
KVY,26,AlphaTauri,23,92.717,30.282,38.618,23.817,HARD,2,6,17,1,True,None,None,True,2172.561,2020-10-11T12:49:27.152000000,True
KVY,26,AlphaTauri,24,92.898,30.339,38.631,23.928,HARD,2,7,16,1,False,None,None,True,2265.278,2020-10-11T12:50:59.869000000,True
KVY,26,AlphaTauri,25,92.528,30.248,38.466,23.814,HARD,2,8,16,1,True,None,None,True,2358.176,2020-10-11T12:52:32.767000000,True
KVY,26,AlphaTauri,26,92.568,30.21,38.496,23.862,HARD,2,9,16,1,False,None,None,True,2450.704,2020-10-11T12:54:05.295000000,True
KVY,26,AlphaTauri,27,92.306,30.021,38.42,23.865,HARD,2,10,16,1,False,None,None,True,2543.272,2020-10-11T12:55:37.863000000,True
KVY,26,AlphaTauri,28,92.6,30.166,38.517,23.917,HARD,2,11,16,1,False,None,None,True,2635.578,2020-10-11T12:57:10.169000000,True
KVY,26,AlphaTauri,29,92.473,30.19,38.482,23.801,HARD,2,12,16,1,True,None,None,True,2728.178,2020-10-11T12:58:42.769000000,True
KVY,26,AlphaTauri,30,92.647,30.258,38.595,23.794,HARD,2,13,16,1,False,None,None,True,2820.651,2020-10-11T13:00:15.242000000,True
KVY,26,AlphaTauri,31,92.431,30.068,38.572,23.791,HARD,2,14,16,1,True,None,None,True,2913.298,2020-10-11T13:01:47.889000000,True
KVY,26,AlphaTauri,32,92.42,30.045,38.492,23.883,HARD,2,15,16,1,True,None,None,True,3005.729,2020-10-11T13:03:20.320000000,True
KVY,26,AlphaTauri,33,92.509,30.15,38.525,23.834,HARD,2,16,16,1,False,None,None,True,3098.149,2020-10-11T13:04:52.740000000,True
KVY,26,AlphaTauri,34,93.601,30.6,38.933,24.068,HARD,2,17,16,1,False,None,None,True,3190.658,2020-10-11T13:06:25.249000000,True
KVY,26,AlphaTauri,35,93.103,30.556,38.651,23.896,HARD,2,18,16,1,False,None,None,True,3284.259,2020-10-11T13:07:58.850000000,True
KVY,26,AlphaTauri,36,92.543,30.203,38.57,23.77,HARD,2,19,16,1,False,None,None,True,3377.362,2020-10-11T13:09:31.953000000,True
KVY,26,AlphaTauri,37,92.638,30.194,38.577,23.867,HARD,2,20,16,1,False,None,None,True,3469.905,2020-10-11T13:11:04.496000000,True
KVY,26,AlphaTauri,38,92.336,30.094,38.451,23.791,HARD,2,21,16,1,True,None,None,True,3562.543,2020-10-11T13:12:37.134000000,True
KVY,26,AlphaTauri,39,92.775,30.332,38.487,23.956,HARD,2,22,16,1,False,None,None,True,3654.879,2020-10-11T13:14:09.470000000,True
KVY,26,AlphaTauri,40,92.366,30.042,38.47,23.854,HARD,2,23,16,1,False,None,None,True,3747.654,2020-10-11T13:15:42.245000000,True
KVY,26,AlphaTauri,41,92.214,29.962,38.47,23.782,HARD,2,24,16,1,True,None,None,True,3840.02,2020-10-11T13:17:14.611000000,True
KVY,26,AlphaTauri,42,92.685,30.25,38.634,23.801,HARD,2,25,16,1,False,None,None,True,3932.234,2020-10-11T13:18:46.825000000,True
KVY,26,AlphaTauri,43,93.627,30.218,38.656,24.753,HARD,2,26,15,124,False,None,None,True,4024.919,2020-10-11T13:20:19.510000000,False
KVY,26,AlphaTauri,44,124.888,40.834,51.577,32.477,HARD,2,27,15,4,False,None,4241.578,True,4118.546,2020-10-11T13:21:53.137000000,False
KVY,26,AlphaTauri,45,133.7,53.517,50.784,29.399,SOFT,3,1,15,4,False,4264.115,None,True,4243.434,2020-10-11T13:23:58.025000000,False
KVY,26,AlphaTauri,46,103.008,31.765,40.157,31.086,SOFT,3,2,15,4,False,None,None,True,4377.134,2020-10-11T13:26:11.725000000,False
KVY,26,AlphaTauri,47,97.612,31.744,40.397,25.471,SOFT,3,3,15,4,False,None,None,True,4480.142,2020-10-11T13:27:54.733000000,False
KVY,26,AlphaTauri,48,96.898,32.084,40.067,24.747,SOFT,3,4,15,4,False,None,None,True,4577.754,2020-10-11T13:29:32.345000000,False
KVY,26,AlphaTauri,49,104.002,31.084,39.967,32.951,SOFT,3,5,15,41,False,None,None,True,4674.652,2020-10-11T13:31:09.243000000,False
KVY,26,AlphaTauri,50,95.108,31.182,39.591,24.335,SOFT,3,6,15,1,False,None,None,True,4778.654,2020-10-11T13:32:53.245000000,True
KVY,26,AlphaTauri,51,93.345,30.848,38.749,23.748,SOFT,3,7,15,1,False,None,None,True,4873.762,2020-10-11T13:34:28.353000000,True
KVY,26,AlphaTauri,52,92.941,30.631,38.52,23.79,SOFT,3,8,15,1,False,None,None,True,4967.107,2020-10-11T13:36:01.698000000,True
KVY,26,AlphaTauri,53,93.586,30.279,39.737,23.57,SOFT,3,9,15,1,False,None,None,True,5060.048,2020-10-11T13:37:34.639000000,True
KVY,26,AlphaTauri,54,92.367,30.063,38.747,23.557,SOFT,3,10,15,1,False,None,None,True,5153.634,2020-10-11T13:39:08.225000000,True
KVY,26,AlphaTauri,55,93.773,30.668,39.537,23.568,SOFT,3,11,15,1,False,None,None,True,5246.001,2020-10-11T13:40:40.592000000,True
KVY,26,AlphaTauri,56,92.73,30.448,38.791,23.491,SOFT,3,12,15,1,False,None,None,True,5339.774,2020-10-11T13:42:14.365000000,True
KVY,26,AlphaTauri,57,94.173,30.652,39.783,23.738,SOFT,3,13,15,1,False,None,None,True,5432.504,2020-10-11T13:43:47.095000000,True
KVY,26,AlphaTauri,58,92.574,30.411,38.605,23.558,SOFT,3,14,15,1,False,None,None,True,5526.677,2020-10-11T13:45:21.268000000,True
KVY,26,AlphaTauri,59,92.65,30.33,38.69,23.63,SOFT,3,15,15,1,False,None,None,True,5619.251,2020-10-11T13:46:53.842000000,True
KVY,26,AlphaTauri,60,93.588,30.817,38.634,24.137,SOFT,3,16,15,1,False,None,None,True,5711.901,2020-10-11T13:48:26.492000000,True
LAT,6,Williams,1,106.42,None,42.989,25.868,SOFT,1,1,18,None,False,None,None,True,7.171,2020-10-11T12:13:21.762000000,False
LAT,6,Williams,2,97.865,32.141,40.882,24.842,SOFT,1,2,18,1,True,None,None,True,106.68,2020-10-11T12:15:01.271000000,True
LAT,6,Williams,3,95.515,31.48,39.805,24.23,SOFT,1,3,18,1,True,None,None,True,204.545,2020-10-11T12:16:39.136000000,True
LAT,6,Williams,4,95.425,31.334,40.05,24.041,SOFT,1,4,18,1,True,None,None,True,300.06,2020-10-11T12:18:14.651000000,True
LAT,6,Williams,5,95.146,31.146,39.75,24.25,SOFT,1,5,18,1,True,None,None,True,395.485,2020-10-11T12:19:50.076000000,True
LAT,6,Williams,6,94.955,30.928,39.625,24.402,SOFT,1,6,18,1,True,None,None,True,490.631,2020-10-11T12:21:25.222000000,True
LAT,6,Williams,7,94.843,31.151,39.437,24.255,SOFT,1,7,18,1,True,None,None,True,585.586,2020-10-11T12:23:00.177000000,True
LAT,6,Williams,8,94.547,31.035,39.269,24.243,SOFT,1,8,17,1,True,None,None,True,680.429,2020-10-11T12:24:35.020000000,True
LAT,6,Williams,9,96.177,31.513,39.564,25.1,SOFT,1,9,17,1,False,None,None,True,774.976,2020-10-11T12:26:09.567000000,True
LAT,6,Williams,10,94.892,31.291,39.276,24.325,SOFT,1,10,17,1,False,None,None,True,871.153,2020-10-11T12:27:45.744000000,True
LAT,6,Williams,11,94.814,31.184,39.284,24.346,SOFT,1,11,14,1,False,None,None,True,966.045,2020-10-11T12:29:20.636000000,True
LAT,6,Williams,12,95.209,31.599,39.34,24.27,SOFT,1,12,15,1,False,None,None,True,1060.859,2020-10-11T12:30:55.450000000,True
LAT,6,Williams,13,94.932,31.361,39.307,24.264,SOFT,1,13,15,12,False,None,None,True,1156.068,2020-10-11T12:32:30.659000000,True
LAT,6,Williams,14,97.743,30.953,39.484,27.306,SOFT,1,14,17,1,False,None,1346.97,True,1251.0,2020-10-11T12:34:05.591000000,False
LAT,6,Williams,15,120.676,52.098,38.903,29.675,MEDIUM,2,1,19,16,False,1371.646,None,True,1348.743,2020-10-11T12:35:43.334000000,False
LAT,6,Williams,16,106.15,38.399,43.2,24.551,MEDIUM,2,2,19,6712,False,None,None,True,1469.419,2020-10-11T12:37:44.010000000,False
LAT,6,Williams,17,93.783,30.708,38.535,24.54,MEDIUM,2,3,18,2,True,None,None,True,1575.569,2020-10-11T12:39:30.160000000,True
LAT,6,Williams,18,93.023,30.456,38.388,24.179,MEDIUM,2,4,18,2,True,None,None,True,1669.352,2020-10-11T12:41:03.943000000,True
LAT,6,Williams,19,93.393,30.937,38.417,24.039,MEDIUM,2,5,17,21,False,None,None,True,1762.375,2020-10-11T12:42:36.966000000,True
LAT,6,Williams,20,93.111,30.468,38.549,24.094,MEDIUM,2,6,17,1,False,None,None,True,1855.768,2020-10-11T12:44:10.359000000,True
LAT,6,Williams,21,93.317,30.484,38.718,24.115,MEDIUM,2,7,17,1,False,None,None,True,1948.879,2020-10-11T12:45:43.470000000,True
LAT,6,Williams,22,93.122,30.46,38.566,24.096,MEDIUM,2,8,17,1,False,None,None,True,2042.196,2020-10-11T12:47:16.787000000,True
LAT,6,Williams,23,92.881,30.252,38.568,24.061,MEDIUM,2,9,16,1,True,None,None,True,2135.318,2020-10-11T12:48:49.909000000,True
LAT,6,Williams,24,92.899,30.273,38.538,24.088,MEDIUM,2,10,15,1,False,None,None,True,2228.199,2020-10-11T12:50:22.790000000,True
LAT,6,Williams,25,92.91,30.434,38.445,24.031,MEDIUM,2,11,15,1,False,None,None,True,2321.098,2020-10-11T12:51:55.689000000,True
LAT,6,Williams,26,93.016,30.507,38.524,23.985,MEDIUM,2,12,15,1,False,None,None,True,2414.008,2020-10-11T12:53:28.599000000,True
LAT,6,Williams,27,94.743,30.394,40.411,23.938,MEDIUM,2,13,15,1,False,None,None,True,2507.024,2020-10-11T12:55:01.615000000,True
LAT,6,Williams,28,94.854,30.456,38.677,25.721,MEDIUM,2,14,15,1,False,None,None,True,2601.767,2020-10-11T12:56:36.358000000,True
LAT,6,Williams,29,93.386,30.377,38.844,24.165,MEDIUM,2,15,14,1,False,None,None,True,2696.621,2020-10-11T12:58:11.212000000,True
LAT,6,Williams,30,93.516,30.612,38.8,24.104,MEDIUM,2,16,13,1,False,None,None,True,2790.007,2020-10-11T12:59:44.598000000,True
LAT,6,Williams,31,94.747,31.067,39.648,24.032,MEDIUM,2,17,13,1,False,None,None,True,2883.523,2020-10-11T13:01:18.114000000,True
LAT,6,Williams,32,94.049,30.882,38.972,24.195,MEDIUM,2,18,14,1,False,None,None,True,2978.27,2020-10-11T13:02:52.861000000,True
LAT,6,Williams,33,97.38,31.344,39.211,26.825,MEDIUM,2,19,15,1,False,None,3167.925,True,3072.319,2020-10-11T13:04:26.910000000,False
LAT,6,Williams,34,112.187,50.649,37.891,23.647,MEDIUM,3,1,15,1,False,3191.898,None,True,3169.699,2020-10-11T13:06:04.290000000,False
LAT,6,Williams,35,91.494,29.792,37.907,23.795,MEDIUM,3,2,15,1,True,None,None,True,3281.886,2020-10-11T13:07:56.477000000,True
LAT,6,Williams,36,91.491,30.065,37.839,23.587,MEDIUM,3,3,15,1,True,None,None,True,3373.38,2020-10-11T13:09:27.971000000,True
LAT,6,Williams,37,91.52,30.117,37.809,23.594,MEDIUM,3,4,15,1,False,None,None,True,3464.871,2020-10-11T13:10:59.462000000,True
LAT,6,Williams,38,91.544,29.926,37.889,23.729,MEDIUM,3,5,15,1,False,None,None,True,3556.391,2020-10-11T13:12:30.982000000,True
LAT,6,Williams,39,91.377,29.848,37.85,23.679,MEDIUM,3,6,15,1,True,None,None,True,3647.935,2020-10-11T13:14:02.526000000,True
LAT,6,Williams,40,91.535,29.878,37.829,23.828,MEDIUM,3,7,15,1,False,None,None,True,3739.312,2020-10-11T13:15:33.903000000,True
LAT,6,Williams,41,91.382,29.737,37.844,23.801,MEDIUM,3,8,15,1,False,None,None,True,3830.847,2020-10-11T13:17:05.438000000,True
LAT,6,Williams,42,92.013,30.07,38.2,23.743,MEDIUM,3,9,14,1,False,None,None,True,3922.229,2020-10-11T13:18:36.820000000,True
LAT,6,Williams,43,91.978,30.089,38.084,23.805,MEDIUM,3,10,13,12,False,None,None,True,4014.242,2020-10-11T13:20:08.833000000,True
LAT,6,Williams,44,120.361,36.722,51.409,32.23,MEDIUM,3,11,13,24,False,None,None,True,4106.22,2020-10-11T13:21:40.811000000,False
LAT,6,Williams,45,120.81,37.319,51.692,31.799,MEDIUM,3,12,12,4,False,None,None,True,4226.581,2020-10-11T13:23:41.172000000,False
LAT,6,Williams,46,126.145,33.935,62.71,29.5,MEDIUM,3,13,12,4,False,None,None,True,4347.391,2020-10-11T13:25:41.982000000,False
LAT,6,Williams,47,99.387,32.573,41.177,25.637,MEDIUM,3,14,12,4,False,None,None,True,4473.536,2020-10-11T13:27:48.127000000,False
LAT,6,Williams,48,96.801,30.823,40.621,25.357,MEDIUM,3,15,12,4,False,None,None,True,4572.923,2020-10-11T13:29:27.514000000,False
LAT,6,Williams,49,107.415,31.212,40.841,35.362,MEDIUM,3,16,12,41,False,None,None,True,4669.724,2020-10-11T13:31:04.315000000,False
LAT,6,Williams,50,95.146,31.363,39.592,24.191,MEDIUM,3,17,12,1,False,None,None,True,4777.139,2020-10-11T13:32:51.730000000,True
LAT,6,Williams,51,93.178,30.754,38.498,23.926,MEDIUM,3,18,12,1,False,None,None,True,4872.285,2020-10-11T13:34:26.876000000,True
LAT,6,Williams,52,92.999,30.606,38.509,23.884,MEDIUM,3,19,12,1,False,None,None,True,4965.463,2020-10-11T13:36:00.054000000,True
LAT,6,Williams,53,94.529,31.482,39.514,23.533,MEDIUM,3,20,14,1,False,None,None,True,5058.462,2020-10-11T13:37:33.053000000,True
LAT,6,Williams,54,92.395,30.218,38.475,23.702,MEDIUM,3,21,14,1,False,None,None,True,5152.991,2020-10-11T13:39:07.582000000,True
LAT,6,Williams,55,93.837,31.222,38.806,23.809,MEDIUM,3,22,14,1,False,None,None,True,5245.386,2020-10-11T13:40:39.977000000,True
LAT,6,Williams,56,92.785,30.574,38.459,23.752,MEDIUM,3,23,14,1,False,None,None,True,5339.223,2020-10-11T13:42:13.814000000,True
LAT,6,Williams,57,94.099,31.025,39.216,23.858,MEDIUM,3,24,14,1,False,None,None,True,5432.008,2020-10-11T13:43:46.599000000,True
LAT,6,Williams,58,92.519,30.49,38.276,23.753,MEDIUM,3,25,14,1,False,None,None,True,5526.107,2020-10-11T13:45:20.698000000,True
LAT,6,Williams,59,92.799,30.644,38.308,23.847,MEDIUM,3,26,14,1,False,None,None,True,5618.626,2020-10-11T13:46:53.217000000,True
LAT,6,Williams,60,92.925,30.777,38.416,23.732,MEDIUM,3,27,14,1,False,None,None,True,5711.425,2020-10-11T13:48:26.016000000,True
LEC,16,Ferrari,1,97.473,None,39.923,24.157,SOFT,1,4,4,None,False,None,None,False,7.171,2020-10-11T12:13:21.762000000,False
LEC,16,Ferrari,2,95.048,30.836,39.966,24.246,SOFT,1,5,4,1,True,None,None,False,97.733,2020-10-11T12:14:52.324000000,True
LEC,16,Ferrari,3,94.182,30.883,39.23,24.069,SOFT,1,6,4,1,True,None,None,False,192.781,2020-10-11T12:16:27.372000000,True
LEC,16,Ferrari,4,94.062,30.986,39.137,23.939,SOFT,1,7,4,1,True,None,None,False,286.963,2020-10-11T12:18:01.554000000,True
LEC,16,Ferrari,5,94.072,30.854,39.193,24.025,SOFT,1,8,4,1,False,None,None,False,381.025,2020-10-11T12:19:35.616000000,True
LEC,16,Ferrari,6,94.52,31.217,39.21,24.093,SOFT,1,9,4,1,False,None,None,False,475.097,2020-10-11T12:21:09.688000000,True
LEC,16,Ferrari,7,93.989,30.769,39.063,24.157,SOFT,1,10,4,1,True,None,None,False,569.617,2020-10-11T12:22:44.208000000,True
LEC,16,Ferrari,8,94.256,30.954,38.991,24.311,SOFT,1,11,4,1,False,None,None,False,663.606,2020-10-11T12:24:18.197000000,True
LEC,16,Ferrari,9,95.537,31.448,39.925,24.164,SOFT,1,12,5,1,False,None,None,False,757.862,2020-10-11T12:25:52.453000000,True
LEC,16,Ferrari,10,97.859,31.17,39.402,27.287,SOFT,1,13,8,1,False,None,949.411,False,853.399,2020-10-11T12:27:27.990000000,False
LEC,16,Ferrari,11,113.564,50.719,38.89,23.955,MEDIUM,2,1,19,1,False,971.994,None,True,951.258,2020-10-11T12:29:05.849000000,False
LEC,16,Ferrari,12,93.245,30.474,38.774,23.997,MEDIUM,2,2,17,1,False,None,None,True,1064.822,2020-10-11T12:30:59.413000000,True
LEC,16,Ferrari,13,94.114,30.749,39.371,23.994,MEDIUM,2,3,16,12,False,None,None,True,1158.067,2020-10-11T12:32:32.658000000,True
LEC,16,Ferrari,14,94.07,30.636,39.384,24.05,MEDIUM,2,4,15,1,False,None,None,True,1252.181,2020-10-11T12:34:06.772000000,True
LEC,16,Ferrari,15,92.525,30.223,38.452,23.85,MEDIUM,2,5,14,1,True,None,None,True,1346.251,2020-10-11T12:35:40.842000000,True
LEC,16,Ferrari,16,111.567,36.758,50.002,24.807,MEDIUM,2,6,12,167,False,None,None,True,1438.776,2020-10-11T12:37:13.367000000,False
LEC,16,Ferrari,17,94.043,30.797,39.085,24.161,MEDIUM,2,7,12,12,False,None,None,True,1550.343,2020-10-11T12:39:04.934000000,True
LEC,16,Ferrari,18,93.865,30.496,39.139,24.23,MEDIUM,2,8,11,2,False,None,None,True,1644.386,2020-10-11T12:40:38.977000000,True
LEC,16,Ferrari,19,93.751,30.799,38.818,24.134,MEDIUM,2,9,11,21,False,None,None,True,1738.251,2020-10-11T12:42:12.842000000,True
LEC,16,Ferrari,20,92.808,30.326,38.526,23.956,MEDIUM,2,10,10,1,False,None,None,True,1832.002,2020-10-11T12:43:46.593000000,True
LEC,16,Ferrari,21,92.832,30.294,38.619,23.919,MEDIUM,2,11,10,1,False,None,None,True,1924.81,2020-10-11T12:45:19.401000000,True
LEC,16,Ferrari,22,92.911,30.316,38.688,23.907,MEDIUM,2,12,9,1,False,None,None,True,2017.642,2020-10-11T12:46:52.233000000,True
LEC,16,Ferrari,23,93.209,30.384,38.814,24.011,MEDIUM,2,13,8,1,False,None,None,True,2110.553,2020-10-11T12:48:25.144000000,True
LEC,16,Ferrari,24,92.663,30.348,38.529,23.786,MEDIUM,2,14,8,1,False,None,None,True,2203.762,2020-10-11T12:49:58.353000000,True
LEC,16,Ferrari,25,92.677,30.157,38.604,23.916,MEDIUM,2,15,8,1,False,None,None,True,2296.425,2020-10-11T12:51:31.016000000,True
LEC,16,Ferrari,26,93.224,30.324,38.822,24.078,MEDIUM,2,16,8,1,False,None,None,True,2389.102,2020-10-11T12:53:03.693000000,True
LEC,16,Ferrari,27,93.115,30.383,38.805,23.927,MEDIUM,2,17,8,1,False,None,None,True,2482.326,2020-10-11T12:54:36.917000000,True
LEC,16,Ferrari,28,92.636,30.19,38.346,24.1,MEDIUM,2,18,7,1,False,None,None,True,2575.441,2020-10-11T12:56:10.032000000,True
LEC,16,Ferrari,29,93.197,30.354,38.76,24.083,MEDIUM,2,19,5,1,False,None,None,True,2668.077,2020-10-11T12:57:42.668000000,True
LEC,16,Ferrari,30,92.831,30.205,38.555,24.071,MEDIUM,2,20,4,1,False,None,None,True,2761.274,2020-10-11T12:59:15.865000000,True
LEC,16,Ferrari,31,92.819,30.294,38.587,23.938,MEDIUM,2,21,4,1,False,None,None,True,2854.105,2020-10-11T13:00:48.696000000,True
LEC,16,Ferrari,32,92.511,30.102,38.464,23.945,MEDIUM,2,22,4,1,True,None,None,True,2946.924,2020-10-11T13:02:21.515000000,True
LEC,16,Ferrari,33,94.189,30.588,38.48,25.121,MEDIUM,2,23,5,1,False,None,None,True,3039.435,2020-10-11T13:03:54.026000000,True
LEC,16,Ferrari,34,93.464,30.137,38.464,24.863,MEDIUM,2,24,5,1,False,None,None,True,3133.624,2020-10-11T13:05:28.215000000,True
LEC,16,Ferrari,35,95.955,30.361,38.707,26.887,MEDIUM,2,25,6,1,False,None,3321.228,True,3227.088,2020-10-11T13:07:01.679000000,False
LEC,16,Ferrari,36,113.802,51.318,38.931,23.553,MEDIUM,3,6,10,1,False,3344.294,None,False,3323.043,2020-10-11T13:08:37.634000000,False
LEC,16,Ferrari,37,91.604,29.794,38.168,23.642,MEDIUM,3,7,9,1,True,None,None,False,3436.845,2020-10-11T13:10:31.436000000,True
LEC,16,Ferrari,38,91.443,29.766,38.026,23.651,MEDIUM,3,8,8,1,True,None,None,False,3528.449,2020-10-11T13:12:03.040000000,True
LEC,16,Ferrari,39,91.198,29.802,37.816,23.58,MEDIUM,3,9,7,1,True,None,None,False,3619.892,2020-10-11T13:13:34.483000000,True
LEC,16,Ferrari,40,91.138,29.666,37.928,23.544,MEDIUM,3,10,7,1,True,None,None,False,3711.09,2020-10-11T13:15:05.681000000,True
LEC,16,Ferrari,41,90.863,29.662,37.724,23.477,MEDIUM,3,11,7,1,True,None,None,False,3802.228,2020-10-11T13:16:36.819000000,True
LEC,16,Ferrari,42,91.01,29.688,37.803,23.519,MEDIUM,3,12,7,1,False,None,None,False,3893.091,2020-10-11T13:18:07.682000000,True
LEC,16,Ferrari,43,91.029,29.693,37.773,23.563,MEDIUM,3,13,6,12,False,None,None,False,3984.101,2020-10-11T13:19:38.692000000,True
LEC,16,Ferrari,44,112.71,29.711,49.499,33.5,MEDIUM,3,14,6,24,False,None,None,False,4075.13,2020-10-11T13:21:09.721000000,False
LEC,16,Ferrari,45,133.677,37.065,59.63,36.982,MEDIUM,3,15,6,4,False,None,None,False,4187.84,2020-10-11T13:23:02.431000000,False
LEC,16,Ferrari,46,141.611,49.458,65.334,26.819,MEDIUM,3,16,6,4,False,None,None,False,4321.517,2020-10-11T13:25:16.108000000,False
LEC,16,Ferrari,47,95.301,31.965,39.23,24.106,MEDIUM,3,17,6,4,False,None,None,False,4463.128,2020-10-11T13:27:37.719000000,False
LEC,16,Ferrari,48,92.346,30.082,38.494,23.77,MEDIUM,3,18,6,4,False,None,None,False,4558.429,2020-10-11T13:29:13.020000000,False
LEC,16,Ferrari,49,123.404,29.966,54.275,39.163,MEDIUM,3,19,6,41,False,None,None,False,4650.775,2020-10-11T13:30:45.366000000,False
LEC,16,Ferrari,50,93.555,30.947,38.575,24.033,MEDIUM,3,20,6,1,False,None,None,False,4774.179,2020-10-11T13:32:48.770000000,True
LEC,16,Ferrari,51,92.461,30.724,38.157,23.58,MEDIUM,3,21,7,1,False,None,None,False,4867.734,2020-10-11T13:34:22.325000000,True
LEC,16,Ferrari,52,91.142,29.826,37.805,23.511,MEDIUM,3,22,7,1,False,None,None,False,4960.195,2020-10-11T13:35:54.786000000,True
LEC,16,Ferrari,53,90.863,29.707,37.764,23.392,MEDIUM,3,23,7,1,False,None,None,False,5051.337,2020-10-11T13:37:25.928000000,True
LEC,16,Ferrari,54,90.712,29.587,37.736,23.389,MEDIUM,3,24,7,1,True,None,None,False,5142.2,2020-10-11T13:38:56.791000000,True
LEC,16,Ferrari,55,91.038,29.576,37.903,23.559,MEDIUM,3,25,7,1,False,None,None,False,5232.912,2020-10-11T13:40:27.503000000,True
LEC,16,Ferrari,56,91.246,29.571,38.051,23.624,MEDIUM,3,26,7,1,False,None,None,False,5323.95,2020-10-11T13:41:58.541000000,True
LEC,16,Ferrari,57,91.365,29.741,37.978,23.646,MEDIUM,3,27,7,1,False,None,None,False,5415.196,2020-10-11T13:43:29.787000000,True
LEC,16,Ferrari,58,91.017,29.615,37.926,23.476,MEDIUM,3,28,7,1,False,None,None,False,5506.561,2020-10-11T13:45:01.152000000,True
LEC,16,Ferrari,59,91.11,29.719,37.907,23.484,MEDIUM,3,29,7,1,False,None,None,False,5597.578,2020-10-11T13:46:32.169000000,True
LEC,16,Ferrari,60,92.027,29.731,38.239,24.057,MEDIUM,3,30,7,1,False,None,None,False,5688.688,2020-10-11T13:48:03.279000000,True
MAG,20,Haas F1 Team,1,104.391,None,42.163,25.291,SOFT,1,1,14,None,False,None,None,True,7.171,2020-10-11T12:13:21.762000000,False
MAG,20,Haas F1 Team,2,96.509,32.108,39.842,24.559,SOFT,1,2,13,1,True,None,None,True,104.651,2020-10-11T12:14:59.242000000,True
MAG,20,Haas F1 Team,3,95.129,31.353,39.492,24.284,SOFT,1,3,13,1,True,None,None,True,201.16,2020-10-11T12:16:35.751000000,True
MAG,20,Haas F1 Team,4,94.714,30.898,39.558,24.258,SOFT,1,4,13,1,True,None,None,True,296.289,2020-10-11T12:18:10.880000000,True
MAG,20,Haas F1 Team,5,94.413,30.799,39.331,24.283,SOFT,1,5,13,1,True,None,None,True,391.003,2020-10-11T12:19:45.594000000,True
MAG,20,Haas F1 Team,6,94.658,30.927,39.335,24.396,SOFT,1,6,13,1,False,None,None,True,485.416,2020-10-11T12:21:20.007000000,True
MAG,20,Haas F1 Team,7,94.433,30.945,39.241,24.247,SOFT,1,7,13,1,False,None,None,True,580.074,2020-10-11T12:22:54.665000000,True
MAG,20,Haas F1 Team,8,94.601,30.936,39.502,24.163,SOFT,1,8,12,1,False,None,None,True,674.507,2020-10-11T12:24:29.098000000,True
MAG,20,Haas F1 Team,9,94.745,31.027,39.476,24.242,SOFT,1,9,12,1,False,None,None,True,769.108,2020-10-11T12:26:03.699000000,True
MAG,20,Haas F1 Team,10,94.825,31.132,39.364,24.329,SOFT,1,10,12,1,False,None,None,True,863.853,2020-10-11T12:27:38.444000000,True
MAG,20,Haas F1 Team,11,96.917,32.333,40.266,24.318,SOFT,1,11,11,1,False,None,None,True,958.678,2020-10-11T12:29:13.269000000,True
MAG,20,Haas F1 Team,12,94.99,30.908,39.561,24.521,SOFT,1,12,11,1,False,None,None,True,1055.595,2020-10-11T12:30:50.186000000,True
MAG,20,Haas F1 Team,13,96.913,31.513,40.038,25.362,SOFT,1,13,13,12,False,None,None,True,1150.585,2020-10-11T12:32:25.176000000,True
MAG,20,Haas F1 Team,14,97.855,31.09,39.443,27.322,SOFT,1,14,14,1,False,None,1343.833,True,1247.498,2020-10-11T12:34:02.089000000,False
MAG,20,Haas F1 Team,15,118.83,51.255,39.333,28.242,MEDIUM,2,1,18,16,False,1366.823,None,True,1345.353,2020-10-11T12:35:39.944000000,False
MAG,20,Haas F1 Team,16,108.717,38.701,44.994,25.022,MEDIUM,2,2,18,6712,False,None,None,True,1464.183,2020-10-11T12:37:38.774000000,False
MAG,20,Haas F1 Team,17,94.27,30.568,39.003,24.699,MEDIUM,2,3,17,2,True,None,None,True,1572.9,2020-10-11T12:39:27.491000000,True
MAG,20,Haas F1 Team,18,93.698,30.59,38.662,24.446,MEDIUM,2,4,17,2,True,None,None,True,1667.17,2020-10-11T12:41:01.761000000,True
MAG,20,Haas F1 Team,19,93.662,30.978,38.644,24.04,MEDIUM,2,5,16,21,True,None,None,True,1760.868,2020-10-11T12:42:35.459000000,True
MAG,20,Haas F1 Team,20,93.084,30.438,38.613,24.033,MEDIUM,2,6,16,1,True,None,None,True,1854.53,2020-10-11T12:44:09.121000000,True
MAG,20,Haas F1 Team,21,92.973,30.259,38.66,24.054,MEDIUM,2,7,16,1,True,None,None,True,1947.614,2020-10-11T12:45:42.205000000,True
MAG,20,Haas F1 Team,22,92.976,30.221,38.699,24.056,MEDIUM,2,8,16,1,False,None,None,True,2040.587,2020-10-11T12:47:15.178000000,True
MAG,20,Haas F1 Team,23,92.917,30.384,38.503,24.03,MEDIUM,2,9,15,1,False,None,None,True,2133.563,2020-10-11T12:48:48.154000000,True
MAG,20,Haas F1 Team,24,92.874,30.371,38.469,24.034,MEDIUM,2,10,14,1,True,None,None,True,2226.48,2020-10-11T12:50:21.071000000,True
MAG,20,Haas F1 Team,25,92.758,30.203,38.52,24.035,MEDIUM,2,11,14,1,True,None,None,True,2319.354,2020-10-11T12:51:53.945000000,True
MAG,20,Haas F1 Team,26,92.751,30.189,38.639,23.923,MEDIUM,2,12,14,1,True,None,None,True,2412.112,2020-10-11T12:53:26.703000000,True
MAG,20,Haas F1 Team,27,93.048,30.227,38.599,24.222,MEDIUM,2,13,14,1,False,None,None,True,2504.863,2020-10-11T12:54:59.454000000,True
MAG,20,Haas F1 Team,28,94.64,30.409,40.283,23.948,MEDIUM,2,14,14,1,False,None,None,True,2597.911,2020-10-11T12:56:32.502000000,True
MAG,20,Haas F1 Team,29,93.192,30.375,38.759,24.058,MEDIUM,2,15,13,1,False,None,None,True,2692.551,2020-10-11T12:58:07.142000000,True
MAG,20,Haas F1 Team,30,95.355,30.81,40.381,24.164,MEDIUM,2,16,12,1,False,None,None,True,2785.743,2020-10-11T12:59:40.334000000,True
MAG,20,Haas F1 Team,31,92.95,30.361,38.612,23.977,MEDIUM,2,17,11,1,False,None,None,True,2881.098,2020-10-11T13:01:15.689000000,True
MAG,20,Haas F1 Team,32,92.864,30.209,38.539,24.116,MEDIUM,2,18,11,1,False,None,None,True,2974.048,2020-10-11T13:02:48.639000000,True
MAG,20,Haas F1 Team,33,93.166,30.283,38.626,24.257,MEDIUM,2,19,11,1,False,None,None,True,3066.912,2020-10-11T13:04:21.503000000,True
MAG,20,Haas F1 Team,34,98.154,31.141,39.114,27.899,MEDIUM,2,20,14,1,False,None,3256.679,True,3160.078,2020-10-11T13:05:54.669000000,False
MAG,20,Haas F1 Team,35,113.185,50.533,38.966,23.686,MEDIUM,3,1,14,1,False,3279.79,None,True,3258.232,2020-10-11T13:07:32.823000000,False
MAG,20,Haas F1 Team,36,90.647,29.637,37.499,23.511,MEDIUM,3,2,14,1,True,None,None,True,3371.417,2020-10-11T13:09:26.008000000,True
MAG,20,Haas F1 Team,37,90.456,29.524,37.475,23.457,MEDIUM,3,3,14,1,True,None,None,True,3462.064,2020-10-11T13:10:56.655000000,True
MAG,20,Haas F1 Team,38,90.75,29.556,37.711,23.483,MEDIUM,3,4,14,1,False,None,None,True,3552.52,2020-10-11T13:12:27.111000000,True
MAG,20,Haas F1 Team,39,90.853,29.636,37.701,23.516,MEDIUM,3,5,14,1,False,None,None,True,3643.27,2020-10-11T13:13:57.861000000,True
MAG,20,Haas F1 Team,40,91.012,29.548,37.768,23.696,MEDIUM,3,6,14,1,False,None,None,True,3734.123,2020-10-11T13:15:28.714000000,True
MAG,20,Haas F1 Team,41,91.386,29.806,37.879,23.701,MEDIUM,3,7,14,1,False,None,None,True,3825.135,2020-10-11T13:16:59.726000000,True
MAG,20,Haas F1 Team,42,91.363,29.768,37.901,23.694,MEDIUM,3,8,13,1,False,None,None,True,3916.521,2020-10-11T13:18:31.112000000,True
MAG,20,Haas F1 Team,43,91.696,29.954,37.949,23.793,MEDIUM,3,9,12,12,False,None,None,True,4007.884,2020-10-11T13:20:02.475000000,True
MAG,20,Haas F1 Team,44,118.0,35.94,49.551,32.509,MEDIUM,3,10,12,24,False,None,None,True,4099.58,2020-10-11T13:21:34.171000000,False
MAG,20,Haas F1 Team,45,121.337,38.625,51.897,30.815,MEDIUM,3,11,11,4,False,None,None,True,4217.58,2020-10-11T13:23:32.171000000,False
MAG,20,Haas F1 Team,46,133.778,40.096,64.305,29.377,MEDIUM,3,12,11,4,False,None,None,True,4338.917,2020-10-11T13:25:33.508000000,False
MAG,20,Haas F1 Team,47,98.433,31.622,41.435,25.376,MEDIUM,3,13,11,4,False,None,None,True,4472.695,2020-10-11T13:27:47.286000000,False
MAG,20,Haas F1 Team,48,96.353,31.066,40.46,24.827,MEDIUM,3,14,11,4,False,None,None,True,4571.128,2020-10-11T13:29:25.719000000,False
MAG,20,Haas F1 Team,49,109.311,29.751,43.49,36.07,MEDIUM,3,15,11,41,False,None,None,True,4667.481,2020-10-11T13:31:02.072000000,False
MAG,20,Haas F1 Team,50,94.675,31.023,39.599,24.053,MEDIUM,3,16,11,1,False,None,None,True,4776.792,2020-10-11T13:32:51.383000000,True
MAG,20,Haas F1 Team,51,92.841,30.444,38.491,23.906,MEDIUM,3,17,11,1,False,None,None,True,4871.467,2020-10-11T13:34:26.058000000,True
MAG,20,Haas F1 Team,52,92.216,30.343,38.191,23.682,MEDIUM,3,18,11,1,False,None,None,True,4964.308,2020-10-11T13:35:58.899000000,True
MAG,20,Haas F1 Team,53,92.157,30.156,38.184,23.817,MEDIUM,3,19,11,1,False,None,None,True,5056.524,2020-10-11T13:37:31.115000000,True
MAG,20,Haas F1 Team,54,92.053,30.095,38.047,23.911,MEDIUM,3,20,11,1,False,None,None,True,5148.681,2020-10-11T13:39:03.272000000,True
MAG,20,Haas F1 Team,55,94.797,31.063,39.881,23.853,MEDIUM,3,21,13,1,False,None,None,True,5240.734,2020-10-11T13:40:35.325000000,True
MAG,20,Haas F1 Team,56,93.189,30.275,38.965,23.949,MEDIUM,3,22,13,1,False,None,None,True,5335.531,2020-10-11T13:42:10.122000000,True
MAG,20,Haas F1 Team,57,92.399,30.169,38.319,23.911,MEDIUM,3,23,13,1,False,None,None,True,5428.72,2020-10-11T13:43:43.311000000,True
MAG,20,Haas F1 Team,58,93.613,31.018,38.661,23.934,MEDIUM,3,24,13,1,False,None,None,True,5521.119,2020-10-11T13:45:15.710000000,True
MAG,20,Haas F1 Team,59,92.259,30.281,38.184,23.794,MEDIUM,3,25,13,1,False,None,None,True,5614.732,2020-10-11T13:46:49.323000000,True
MAG,20,Haas F1 Team,60,92.495,30.084,38.361,24.05,MEDIUM,3,26,13,1,False,None,None,True,5706.991,2020-10-11T13:48:21.582000000,True
NOR,4,McLaren,1,100.311,None,41.613,24.252,SOFT,1,4,7,None,False,None,None,False,7.171,2020-10-11T12:13:21.762000000,False
NOR,4,McLaren,2,94.983,31.037,39.785,24.161,SOFT,1,5,7,1,True,None,None,False,100.571,2020-10-11T12:14:55.162000000,True
NOR,4,McLaren,3,94.416,31.062,39.462,23.892,SOFT,1,6,7,1,True,None,None,False,195.554,2020-10-11T12:16:30.145000000,True
NOR,4,McLaren,4,94.419,31.125,39.226,24.068,SOFT,1,7,7,1,False,None,None,False,289.97,2020-10-11T12:18:04.561000000,True
NOR,4,McLaren,5,93.941,30.991,39.05,23.9,SOFT,1,8,7,1,True,None,None,False,384.389,2020-10-11T12:19:38.980000000,True
NOR,4,McLaren,6,94.028,31.0,39.117,23.911,SOFT,1,9,7,1,False,None,None,False,478.33,2020-10-11T12:21:12.921000000,True
NOR,4,McLaren,7,94.072,30.842,39.385,23.845,SOFT,1,10,6,1,False,None,None,False,572.358,2020-10-11T12:22:46.949000000,True
NOR,4,McLaren,8,93.378,30.509,38.981,23.888,SOFT,1,11,6,1,True,None,None,False,666.43,2020-10-11T12:24:21.021000000,True
NOR,4,McLaren,9,94.349,30.65,39.556,24.143,SOFT,1,12,6,1,False,None,None,False,759.808,2020-10-11T12:25:54.399000000,True
NOR,4,McLaren,10,94.599,31.135,39.355,24.109,SOFT,1,13,5,1,False,None,None,False,854.157,2020-10-11T12:27:28.748000000,True
NOR,4,McLaren,11,92.959,30.203,38.73,24.026,SOFT,1,14,5,1,True,None,None,False,948.756,2020-10-11T12:29:03.347000000,True
NOR,4,McLaren,12,92.965,30.352,38.695,23.918,SOFT,1,15,5,1,False,None,None,False,1041.715,2020-10-11T12:30:36.306000000,True
NOR,4,McLaren,13,92.77,30.26,38.586,23.924,SOFT,1,16,5,12,True,None,None,False,1134.68,2020-10-11T12:32:09.271000000,True
NOR,4,McLaren,14,93.481,30.43,39.084,23.967,SOFT,1,17,5,1,False,None,None,False,1227.45,2020-10-11T12:33:42.041000000,True
NOR,4,McLaren,15,93.171,30.333,38.848,23.99,SOFT,1,18,5,1,False,None,None,False,1320.931,2020-10-11T12:35:15.522000000,True
NOR,4,McLaren,16,111.919,30.36,52.049,29.51,SOFT,1,19,5,167,False,None,None,False,1414.102,2020-10-11T12:36:48.693000000,False
NOR,4,McLaren,17,95.193,30.752,40.066,24.375,SOFT,1,20,3,12,False,None,None,False,1526.021,2020-10-11T12:38:40.612000000,True
NOR,4,McLaren,18,93.452,30.27,38.572,24.61,SOFT,1,21,3,2,False,None,None,False,1621.214,2020-10-11T12:40:15.805000000,True
NOR,4,McLaren,19,93.264,30.608,38.714,23.942,SOFT,1,22,3,21,False,None,None,False,1714.666,2020-10-11T12:41:49.257000000,True
NOR,4,McLaren,20,92.688,30.251,38.589,23.848,SOFT,1,23,3,1,True,None,None,False,1807.93,2020-10-11T12:43:22.521000000,True
NOR,4,McLaren,21,92.683,30.173,38.669,23.841,SOFT,1,24,3,1,True,None,None,False,1900.618,2020-10-11T12:44:55.209000000,True
NOR,4,McLaren,22,92.864,30.217,38.715,23.932,SOFT,1,25,3,1,False,None,None,False,1993.301,2020-10-11T12:46:27.892000000,True
NOR,4,McLaren,23,92.785,30.152,38.762,23.871,SOFT,1,26,3,1,False,None,None,False,2086.165,2020-10-11T12:48:00.756000000,True
NOR,4,McLaren,24,92.834,30.176,38.722,23.936,SOFT,1,27,3,1,False,None,None,False,2178.95,2020-10-11T12:49:33.541000000,True
NOR,4,McLaren,25,93.848,30.155,39.297,24.396,SOFT,1,28,3,1,False,None,None,False,2271.784,2020-10-11T12:51:06.375000000,True
NOR,4,McLaren,26,93.974,30.513,39.382,24.079,SOFT,1,29,3,1,False,None,None,False,2365.632,2020-10-11T12:52:40.223000000,True
NOR,4,McLaren,27,93.757,30.457,39.091,24.209,SOFT,1,30,3,1,False,None,None,False,2459.606,2020-10-11T12:54:14.197000000,True
NOR,4,McLaren,28,93.879,30.237,39.213,24.429,SOFT,1,31,3,1,False,None,None,False,2553.363,2020-10-11T12:55:47.954000000,True
NOR,4,McLaren,29,97.365,30.895,39.19,27.28,SOFT,1,32,3,1,False,None,2742.749,False,2647.242,2020-10-11T12:57:21.833000000,False
NOR,4,McLaren,30,112.826,49.273,38.837,24.716,MEDIUM,2,1,6,1,False,2764.747,None,True,2744.607,2020-10-11T12:58:59.198000000,False
NOR,4,McLaren,31,93.189,30.652,38.76,23.777,MEDIUM,2,2,6,1,False,None,None,True,2857.433,2020-10-11T13:00:52.024000000,True
NOR,4,McLaren,32,92.787,30.375,38.718,23.694,MEDIUM,2,3,6,1,False,None,None,True,2950.622,2020-10-11T13:02:25.213000000,True
NOR,4,McLaren,33,94.324,30.215,40.288,23.821,MEDIUM,2,4,7,1,False,None,None,True,3043.409,2020-10-11T13:03:58.000000000,True
NOR,4,McLaren,34,92.877,30.303,38.867,23.707,MEDIUM,2,5,7,1,False,None,None,True,3137.733,2020-10-11T13:05:32.324000000,True
NOR,4,McLaren,35,92.556,30.24,38.586,23.73,MEDIUM,2,6,7,1,True,None,None,True,3230.61,2020-10-11T13:07:05.201000000,True
NOR,4,McLaren,36,92.577,30.274,38.568,23.735,MEDIUM,2,7,6,1,False,None,None,True,3323.166,2020-10-11T13:08:37.757000000,True
NOR,4,McLaren,37,92.521,30.272,38.467,23.782,MEDIUM,2,8,6,1,True,None,None,True,3415.743,2020-10-11T13:10:10.334000000,True
NOR,4,McLaren,38,95.205,32.633,38.796,23.776,MEDIUM,2,9,6,1,False,None,None,True,3508.264,2020-10-11T13:11:42.855000000,True
NOR,4,McLaren,39,92.898,30.788,38.292,23.818,MEDIUM,2,10,6,1,False,None,None,True,3603.469,2020-10-11T13:13:18.060000000,True
NOR,4,McLaren,40,92.328,30.125,38.394,23.809,MEDIUM,2,11,6,1,True,None,None,True,3696.367,2020-10-11T13:14:50.958000000,True
NOR,4,McLaren,41,94.616,30.463,38.91,25.243,MEDIUM,2,12,6,1,False,None,None,True,3788.695,2020-10-11T13:16:23.286000000,True
NOR,4,McLaren,42,92.5,30.228,38.459,23.813,MEDIUM,2,13,6,1,False,None,None,True,3883.311,2020-10-11T13:17:57.902000000,True
NOR,4,McLaren,43,None,None,None,None,MEDIUM,2,14,None,124,None,None,None,True,3975.811,2020-10-11T13:19:30.402000000,False
OCO,31,Renault,1,101.472,None,42.088,24.635,SOFT,1,4,9,None,False,None,None,False,7.171,2020-10-11T12:13:21.762000000,False
OCO,31,Renault,2,95.44,30.938,40.14,24.362,SOFT,1,5,9,1,True,None,None,False,101.732,2020-10-11T12:14:56.323000000,True
OCO,31,Renault,3,94.611,30.983,39.575,24.053,SOFT,1,6,9,1,True,None,None,False,197.172,2020-10-11T12:16:31.763000000,True
OCO,31,Renault,4,94.531,30.893,39.526,24.112,SOFT,1,7,9,1,True,None,None,False,291.783,2020-10-11T12:18:06.374000000,True
OCO,31,Renault,5,94.339,30.813,39.448,24.078,SOFT,1,8,9,1,True,None,None,False,386.314,2020-10-11T12:19:40.905000000,True
OCO,31,Renault,6,94.363,30.685,39.671,24.007,SOFT,1,9,9,1,False,None,None,False,480.653,2020-10-11T12:21:15.244000000,True
OCO,31,Renault,7,94.191,30.81,39.478,23.903,SOFT,1,10,9,1,True,None,None,False,575.016,2020-10-11T12:22:49.607000000,True
OCO,31,Renault,8,93.668,30.563,39.299,23.806,SOFT,1,11,8,1,True,None,None,False,669.207,2020-10-11T12:24:23.798000000,True
OCO,31,Renault,9,93.777,30.556,39.39,23.831,SOFT,1,12,8,1,False,None,None,False,762.875,2020-10-11T12:25:57.466000000,True
OCO,31,Renault,10,94.029,30.617,39.521,23.891,SOFT,1,13,7,1,False,None,None,False,856.652,2020-10-11T12:27:31.243000000,True
OCO,31,Renault,11,94.006,30.783,39.274,23.949,SOFT,1,14,7,1,False,None,None,False,950.681,2020-10-11T12:29:05.272000000,True
OCO,31,Renault,12,93.745,30.648,39.206,23.891,SOFT,1,15,7,1,False,None,None,False,1044.687,2020-10-11T12:30:39.278000000,True
OCO,31,Renault,13,93.556,30.478,39.224,23.854,SOFT,1,16,7,12,True,None,None,False,1138.432,2020-10-11T12:32:13.023000000,True
OCO,31,Renault,14,93.903,30.546,39.377,23.98,SOFT,1,17,7,1,False,None,None,False,1231.988,2020-10-11T12:33:46.579000000,True
OCO,31,Renault,15,93.716,30.494,39.205,24.017,SOFT,1,18,7,1,False,None,None,False,1325.891,2020-10-11T12:35:20.482000000,True
OCO,31,Renault,16,113.347,31.23,52.803,29.314,SOFT,1,19,7,167,False,None,None,False,1419.607,2020-10-11T12:36:54.198000000,False
OCO,31,Renault,17,94.557,30.74,39.359,24.458,SOFT,1,20,6,12,False,None,None,False,1532.954,2020-10-11T12:38:47.545000000,True
OCO,31,Renault,18,93.735,30.39,39.244,24.101,SOFT,1,21,5,2,False,None,None,False,1627.511,2020-10-11T12:40:22.102000000,True
OCO,31,Renault,19,93.819,30.542,39.277,24.0,SOFT,1,22,5,21,False,None,None,False,1721.246,2020-10-11T12:41:55.837000000,True
OCO,31,Renault,20,93.252,30.328,39.03,23.894,SOFT,1,23,5,1,True,None,None,False,1815.065,2020-10-11T12:43:29.656000000,True
OCO,31,Renault,21,93.189,30.235,39.105,23.849,SOFT,1,24,5,1,True,None,None,False,1908.317,2020-10-11T12:45:02.908000000,True
OCO,31,Renault,22,109.095,30.301,42.839,35.955,SOFT,1,25,10,1,False,None,2108.521,False,2001.506,2020-10-11T12:46:36.097000000,False
PER,11,Racing Point,1,100.884,None,41.779,24.345,SOFT,1,4,8,None,False,None,None,False,7.171,2020-10-11T12:13:21.762000000,False
PER,11,Racing Point,2,95.329,30.939,40.089,24.301,SOFT,1,5,8,1,True,None,None,False,101.144,2020-10-11T12:14:55.735000000,True
PER,11,Racing Point,3,94.201,30.795,39.475,23.931,SOFT,1,6,8,1,True,None,None,False,196.473,2020-10-11T12:16:31.064000000,True
PER,11,Racing Point,4,94.559,30.95,39.554,24.055,SOFT,1,7,8,1,False,None,None,False,290.674,2020-10-11T12:18:05.265000000,True
PER,11,Racing Point,5,93.973,30.827,39.114,24.032,SOFT,1,8,8,1,True,None,None,False,385.233,2020-10-11T12:19:39.824000000,True
PER,11,Racing Point,6,94.565,30.885,39.504,24.176,SOFT,1,9,8,1,False,None,None,False,479.206,2020-10-11T12:21:13.797000000,True
PER,11,Racing Point,7,93.606,30.635,39.128,23.843,SOFT,1,10,7,1,True,None,None,False,573.771,2020-10-11T12:22:48.362000000,True
PER,11,Racing Point,8,93.361,30.452,38.935,23.974,SOFT,1,11,7,1,True,None,None,False,667.377,2020-10-11T12:24:21.968000000,True
PER,11,Racing Point,9,93.92,30.589,39.407,23.924,SOFT,1,12,7,1,False,None,None,False,760.738,2020-10-11T12:25:55.329000000,True
PER,11,Racing Point,10,94.858,31.023,39.81,24.025,SOFT,1,13,6,1,False,None,None,False,854.658,2020-10-11T12:27:29.249000000,True
PER,11,Racing Point,11,93.522,30.503,38.99,24.029,SOFT,1,14,6,1,False,None,None,False,949.516,2020-10-11T12:29:04.107000000,True
PER,11,Racing Point,12,93.274,30.505,38.688,24.081,SOFT,1,15,6,1,True,None,None,False,1043.038,2020-10-11T12:30:37.629000000,True
PER,11,Racing Point,13,92.944,30.273,38.687,23.984,SOFT,1,16,6,12,True,None,None,False,1136.312,2020-10-11T12:32:10.903000000,True
PER,11,Racing Point,14,93.428,30.508,38.97,23.95,SOFT,1,17,6,1,False,None,None,False,1229.256,2020-10-11T12:33:43.847000000,True
PER,11,Racing Point,15,93.2,30.451,38.895,23.854,SOFT,1,18,6,1,False,None,None,False,1322.684,2020-10-11T12:35:17.275000000,True
PER,11,Racing Point,16,111.293,30.463,52.895,27.935,SOFT,1,19,6,167,False,None,None,False,1415.884,2020-10-11T12:36:50.475000000,False
PER,11,Racing Point,17,94.598,30.763,39.473,24.362,SOFT,1,20,4,12,False,None,None,False,1527.177,2020-10-11T12:38:41.768000000,True
PER,11,Racing Point,18,93.978,30.744,38.91,24.324,SOFT,1,21,4,2,False,None,None,False,1621.775,2020-10-11T12:40:16.366000000,True
PER,11,Racing Point,19,93.705,30.636,39.104,23.965,SOFT,1,22,4,21,False,None,None,False,1715.753,2020-10-11T12:41:50.344000000,True
PER,11,Racing Point,20,93.275,30.51,38.813,23.952,SOFT,1,23,4,1,False,None,None,False,1809.458,2020-10-11T12:43:24.049000000,True
PER,11,Racing Point,21,92.848,30.285,38.642,23.921,SOFT,1,24,4,1,True,None,None,False,1902.733,2020-10-11T12:44:57.324000000,True
PER,11,Racing Point,22,93.121,30.31,38.816,23.995,SOFT,1,25,4,1,False,None,None,False,1995.581,2020-10-11T12:46:30.172000000,True
PER,11,Racing Point,23,93.189,30.361,38.828,24.0,SOFT,1,26,4,1,False,None,None,False,2088.702,2020-10-11T12:48:03.293000000,True
PER,11,Racing Point,24,93.106,30.301,38.667,24.138,SOFT,1,27,4,1,False,None,None,False,2181.891,2020-10-11T12:49:36.482000000,True
PER,11,Racing Point,25,92.97,30.32,38.729,23.921,SOFT,1,28,4,1,False,None,None,False,2274.997,2020-10-11T12:51:09.588000000,True
PER,11,Racing Point,26,93.166,30.263,38.753,24.15,SOFT,1,29,4,1,False,None,None,False,2367.967,2020-10-11T12:52:42.558000000,True
PER,11,Racing Point,27,93.64,30.323,39.079,24.238,SOFT,1,30,4,1,False,None,None,False,2461.133,2020-10-11T12:54:15.724000000,True
PER,11,Racing Point,28,96.465,30.327,38.93,27.208,SOFT,1,31,4,1,False,None,2649.363,False,2554.773,2020-10-11T12:55:49.364000000,False
PER,11,Racing Point,29,113.285,50.591,39.346,23.348,MEDIUM,2,1,6,1,False,2672.281,None,True,2651.238,2020-10-11T12:57:25.829000000,False
PER,11,Racing Point,30,92.456,30.081,38.792,23.583,MEDIUM,2,2,5,1,True,None,None,True,2764.523,2020-10-11T12:59:19.114000000,True
PER,11,Racing Point,31,91.438,29.882,37.92,23.636,MEDIUM,2,3,5,1,True,None,None,True,2856.979,2020-10-11T13:00:51.570000000,True
PER,11,Racing Point,32,91.606,29.829,38.138,23.639,MEDIUM,2,4,5,1,False,None,None,True,2948.417,2020-10-11T13:02:23.008000000,True
PER,11,Racing Point,33,93.307,30.376,38.763,24.168,MEDIUM,2,5,4,1,False,None,None,True,3040.023,2020-10-11T13:03:54.614000000,True
PER,11,Racing Point,34,92.923,30.861,38.664,23.398,MEDIUM,2,6,4,1,False,None,None,True,3133.33,2020-10-11T13:05:27.921000000,True
PER,11,Racing Point,35,91.264,29.688,37.877,23.699,MEDIUM,2,7,4,1,True,None,None,True,3226.253,2020-10-11T13:07:00.844000000,True
PER,11,Racing Point,36,91.27,29.947,37.785,23.538,MEDIUM,2,8,4,1,False,None,None,True,3317.517,2020-10-11T13:08:32.108000000,True
PER,11,Racing Point,37,91.011,29.688,37.643,23.68,MEDIUM,2,9,4,1,True,None,None,True,3408.787,2020-10-11T13:10:03.378000000,True
PER,11,Racing Point,38,90.989,29.863,37.652,23.474,MEDIUM,2,10,4,1,True,None,None,True,3499.798,2020-10-11T13:11:34.389000000,True
PER,11,Racing Point,39,90.575,29.61,37.503,23.462,MEDIUM,2,11,4,1,True,None,None,True,3590.787,2020-10-11T13:13:05.378000000,True
PER,11,Racing Point,40,90.633,29.609,37.456,23.568,MEDIUM,2,12,4,1,False,None,None,True,3681.362,2020-10-11T13:14:35.953000000,True
PER,11,Racing Point,41,90.757,29.658,37.533,23.566,MEDIUM,2,13,4,1,False,None,None,True,3771.995,2020-10-11T13:16:06.586000000,True
PER,11,Racing Point,42,90.541,29.638,37.476,23.427,MEDIUM,2,14,4,1,True,None,None,True,3862.752,2020-10-11T13:17:37.343000000,True
PER,11,Racing Point,43,90.476,29.667,37.443,23.366,MEDIUM,2,15,4,1,True,None,None,True,3953.293,2020-10-11T13:19:07.884000000,True
PER,11,Racing Point,44,97.965,29.463,37.934,30.568,MEDIUM,2,16,4,124,False,None,None,True,4043.769,2020-10-11T13:20:38.360000000,False
PER,11,Racing Point,45,123.507,38.823,53.336,31.348,MEDIUM,2,17,3,4,False,None,4263.359,True,4141.734,2020-10-11T13:22:16.325000000,False
PER,11,Racing Point,46,123.907,51.091,44.532,28.284,SOFT,3,4,4,4,False,4285.887,None,False,4265.241,2020-10-11T13:24:19.832000000,False
PER,11,Racing Point,47,102.868,33.415,44.254,25.199,SOFT,3,5,4,4,False,None,None,False,4389.148,2020-10-11T13:26:23.739000000,False
PER,11,Racing Point,48,132.177,42.942,56.791,32.444,SOFT,3,6,4,4,False,None,None,False,4492.016,2020-10-11T13:28:06.607000000,False
PER,11,Racing Point,49,148.904,44.924,63.589,40.391,SOFT,3,7,4,41,False,None,None,False,4624.193,2020-10-11T13:30:18.784000000,False
PER,11,Racing Point,50,92.208,30.553,38.399,23.256,SOFT,3,8,4,1,False,None,None,False,4773.097,2020-10-11T13:32:47.688000000,True
PER,11,Racing Point,51,90.471,29.601,37.66,23.21,SOFT,3,9,4,1,True,None,None,False,4865.305,2020-10-11T13:34:19.896000000,True
PER,11,Racing Point,52,89.968,29.571,37.251,23.146,SOFT,3,10,4,1,True,None,None,False,4955.776,2020-10-11T13:35:50.367000000,True
PER,11,Racing Point,53,90.056,29.382,37.369,23.305,SOFT,3,11,4,1,False,None,None,False,5045.744,2020-10-11T13:37:20.335000000,True
PER,11,Racing Point,54,90.14,29.375,37.409,23.356,SOFT,3,12,4,1,False,None,None,False,5135.8,2020-10-11T13:38:50.391000000,True
PER,11,Racing Point,55,90.235,29.481,37.491,23.263,SOFT,3,13,4,1,False,None,None,False,5225.94,2020-10-11T13:40:20.531000000,True
PER,11,Racing Point,56,90.052,29.504,37.314,23.234,SOFT,3,14,4,1,False,None,None,False,5316.175,2020-10-11T13:41:50.766000000,True
PER,11,Racing Point,57,89.896,29.296,37.408,23.192,SOFT,3,15,4,1,True,None,None,False,5406.227,2020-10-11T13:43:20.818000000,True
PER,11,Racing Point,58,89.7,29.266,37.263,23.171,SOFT,3,16,4,1,True,None,None,False,5496.123,2020-10-11T13:44:50.714000000,True
PER,11,Racing Point,59,89.981,29.355,37.379,23.247,SOFT,3,17,4,1,False,None,None,False,5585.823,2020-10-11T13:46:20.414000000,True
PER,11,Racing Point,60,90.167,29.391,37.448,23.328,SOFT,3,18,4,1,False,None,None,False,5675.804,2020-10-11T13:47:50.395000000,True
RAI,7,Alfa Romeo Racing,1,106.8,None,43.38,25.709,SOFT,1,1,19,None,False,None,None,True,7.171,2020-10-11T12:13:21.762000000,False
RAI,7,Alfa Romeo Racing,2,97.937,32.09,41.036,24.811,SOFT,1,2,19,1,True,None,None,True,107.06,2020-10-11T12:15:01.651000000,True
RAI,7,Alfa Romeo Racing,3,95.941,31.683,39.982,24.276,SOFT,1,3,19,1,True,None,None,True,204.997,2020-10-11T12:16:39.588000000,True
RAI,7,Alfa Romeo Racing,4,95.305,31.037,40.156,24.112,SOFT,1,4,19,1,True,None,None,True,300.938,2020-10-11T12:18:15.529000000,True
RAI,7,Alfa Romeo Racing,5,94.833,31.074,39.867,23.892,SOFT,1,5,19,1,True,None,None,True,396.243,2020-10-11T12:19:50.834000000,True
RAI,7,Alfa Romeo Racing,6,95.194,31.156,39.721,24.317,SOFT,1,6,19,1,False,None,None,True,491.076,2020-10-11T12:21:25.667000000,True
RAI,7,Alfa Romeo Racing,7,95.028,31.242,39.586,24.2,SOFT,1,7,19,1,False,None,None,True,586.27,2020-10-11T12:23:00.861000000,True
RAI,7,Alfa Romeo Racing,8,94.772,31.139,39.43,24.203,SOFT,1,8,18,1,True,None,None,True,681.298,2020-10-11T12:24:35.889000000,True
RAI,7,Alfa Romeo Racing,9,95.761,31.42,39.669,24.672,SOFT,1,9,18,1,False,None,None,True,776.07,2020-10-11T12:26:10.661000000,True
RAI,7,Alfa Romeo Racing,10,98.377,31.571,39.768,27.038,SOFT,1,10,20,1,False,None,968.369,True,871.831,2020-10-11T12:27:46.422000000,False
RAI,7,Alfa Romeo Racing,11,112.935,50.435,38.73,23.77,MEDIUM,2,1,20,1,False,991.167,None,True,970.208,2020-10-11T12:29:24.799000000,False
RAI,7,Alfa Romeo Racing,12,94.996,30.774,40.333,23.889,MEDIUM,2,2,20,1,False,None,None,True,1083.143,2020-10-11T12:31:17.734000000,True
RAI,7,Alfa Romeo Racing,13,93.641,31.204,38.703,23.734,MEDIUM,2,3,19,12,True,None,None,True,1178.139,2020-10-11T12:32:52.730000000,True
RAI,7,Alfa Romeo Racing,14,92.161,30.029,38.429,23.703,MEDIUM,2,4,19,1,True,None,None,True,1271.78,2020-10-11T12:34:26.371000000,True
RAI,7,Alfa Romeo Racing,15,97.17,30.224,38.624,28.322,MEDIUM,2,5,17,16,False,None,None,True,1363.941,2020-10-11T12:35:58.532000000,False
RAI,7,Alfa Romeo Racing,16,106.671,38.514,44.165,23.992,MEDIUM,2,6,17,6712,False,None,None,True,1461.111,2020-10-11T12:37:35.702000000,False
RAI,7,Alfa Romeo Racing,17,96.215,32.872,39.461,23.882,MEDIUM,2,7,16,2,False,None,None,True,1567.782,2020-10-11T12:39:22.373000000,True
RAI,7,Alfa Romeo Racing,18,92.91,30.261,38.643,24.006,MEDIUM,2,8,16,2,False,None,None,True,1663.997,2020-10-11T12:40:58.588000000,True
RAI,7,Alfa Romeo Racing,19,92.648,30.272,38.533,23.843,MEDIUM,2,9,15,21,False,None,None,True,1756.907,2020-10-11T12:42:31.498000000,True
RAI,7,Alfa Romeo Racing,20,92.768,30.301,38.541,23.926,MEDIUM,2,10,15,1,False,None,None,True,1849.555,2020-10-11T12:44:04.146000000,True
RAI,7,Alfa Romeo Racing,21,92.863,30.281,38.649,23.933,MEDIUM,2,11,15,1,False,None,None,True,1942.323,2020-10-11T12:45:36.914000000,True
RAI,7,Alfa Romeo Racing,22,92.651,30.164,38.74,23.747,MEDIUM,2,12,15,1,False,None,None,True,2035.186,2020-10-11T12:47:09.777000000,True
RAI,7,Alfa Romeo Racing,23,92.646,30.219,38.657,23.77,MEDIUM,2,13,14,1,False,None,None,True,2127.837,2020-10-11T12:48:42.428000000,True
RAI,7,Alfa Romeo Racing,24,92.587,30.182,38.669,23.736,MEDIUM,2,14,13,1,False,None,None,True,2220.483,2020-10-11T12:50:15.074000000,True
RAI,7,Alfa Romeo Racing,25,92.726,30.267,38.824,23.635,MEDIUM,2,15,13,1,False,None,None,True,2313.07,2020-10-11T12:51:47.661000000,True
RAI,7,Alfa Romeo Racing,26,92.861,30.292,38.803,23.766,MEDIUM,2,16,13,1,False,None,None,True,2405.796,2020-10-11T12:53:20.387000000,True
RAI,7,Alfa Romeo Racing,27,92.972,30.499,38.673,23.8,MEDIUM,2,17,13,1,False,None,None,True,2498.657,2020-10-11T12:54:53.248000000,True
RAI,7,Alfa Romeo Racing,28,93.117,30.251,38.887,23.979,MEDIUM,2,18,13,1,False,None,None,True,2591.629,2020-10-11T12:56:26.220000000,True
RAI,7,Alfa Romeo Racing,29,93.125,30.394,38.86,23.871,MEDIUM,2,19,12,1,False,None,None,True,2684.746,2020-10-11T12:57:59.337000000,True
RAI,7,Alfa Romeo Racing,30,93.426,30.555,39.034,23.837,MEDIUM,2,20,11,1,False,None,None,True,2777.871,2020-10-11T12:59:32.462000000,True
RAI,7,Alfa Romeo Racing,31,94.778,31.576,38.997,24.205,MEDIUM,2,21,10,1,False,None,None,True,2871.297,2020-10-11T13:01:05.888000000,True
RAI,7,Alfa Romeo Racing,32,93.119,30.396,38.951,23.772,MEDIUM,2,22,10,1,False,None,None,True,2966.075,2020-10-11T13:02:40.666000000,True
RAI,7,Alfa Romeo Racing,33,94.697,31.551,39.1,24.046,MEDIUM,2,23,10,1,False,None,None,True,3059.194,2020-10-11T13:04:13.785000000,True
RAI,7,Alfa Romeo Racing,34,93.948,30.581,39.399,23.968,MEDIUM,2,24,10,1,False,None,None,True,3153.891,2020-10-11T13:05:48.482000000,True
RAI,7,Alfa Romeo Racing,35,93.886,30.878,39.045,23.963,MEDIUM,2,25,10,1,False,None,None,True,3247.839,2020-10-11T13:07:22.430000000,True
RAI,7,Alfa Romeo Racing,36,93.161,30.322,39.066,23.773,MEDIUM,2,26,8,1,False,None,None,True,3341.725,2020-10-11T13:08:56.316000000,True
RAI,7,Alfa Romeo Racing,37,92.994,30.498,38.6,23.896,MEDIUM,2,27,8,1,False,None,None,True,3434.886,2020-10-11T13:10:29.477000000,True
RAI,7,Alfa Romeo Racing,38,95.46,31.187,38.91,25.363,MEDIUM,2,28,10,1,False,None,None,True,3527.88,2020-10-11T13:12:02.471000000,True
RAI,7,Alfa Romeo Racing,39,94.516,31.293,39.089,24.134,MEDIUM,2,29,11,1,False,None,None,True,3623.34,2020-10-11T13:13:37.931000000,True
RAI,7,Alfa Romeo Racing,40,92.814,30.399,38.63,23.785,MEDIUM,2,30,11,1,False,None,None,True,3717.856,2020-10-11T13:15:12.447000000,True
RAI,7,Alfa Romeo Racing,41,92.879,30.297,38.67,23.912,MEDIUM,2,31,10,1,False,None,None,True,3810.67,2020-10-11T13:16:45.261000000,True
RAI,7,Alfa Romeo Racing,42,92.783,30.426,38.396,23.961,MEDIUM,2,32,10,1,False,None,None,True,3903.549,2020-10-11T13:18:18.140000000,True
RAI,7,Alfa Romeo Racing,43,92.878,30.382,38.408,24.088,MEDIUM,2,33,9,12,False,None,None,True,3996.332,2020-10-11T13:19:50.923000000,True
RAI,7,Alfa Romeo Racing,44,115.87,36.591,47.724,31.555,MEDIUM,2,34,9,24,False,None,4203.222,True,4089.21,2020-10-11T13:21:23.801000000,False
RAI,7,Alfa Romeo Racing,45,147.196,64.736,51.419,31.041,SOFT,3,1,14,4,False,4236.334,None,True,4205.08,2020-10-11T13:23:19.671000000,False
RAI,7,Alfa Romeo Racing,46,125.724,33.348,60.994,31.382,SOFT,3,2,14,4,False,None,None,True,4352.276,2020-10-11T13:25:46.867000000,False
RAI,7,Alfa Romeo Racing,47,98.507,31.949,41.149,25.409,SOFT,3,3,14,4,False,None,None,True,4478.0,2020-10-11T13:27:52.591000000,False
RAI,7,Alfa Romeo Racing,48,96.813,31.528,40.517,24.768,SOFT,3,4,14,4,False,None,None,True,4576.507,2020-10-11T13:29:31.098000000,False
RAI,7,Alfa Romeo Racing,49,104.638,30.602,39.914,34.122,SOFT,3,5,14,41,False,None,None,True,4673.32,2020-10-11T13:31:07.911000000,False
RAI,7,Alfa Romeo Racing,50,95.315,31.289,39.824,24.202,SOFT,3,6,14,1,False,None,None,True,4777.958,2020-10-11T13:32:52.549000000,True
RAI,7,Alfa Romeo Racing,51,93.374,30.659,38.757,23.958,SOFT,3,7,14,1,False,None,None,True,4873.273,2020-10-11T13:34:27.864000000,True
RAI,7,Alfa Romeo Racing,52,92.68,30.404,38.657,23.619,SOFT,3,8,14,1,False,None,None,True,4966.647,2020-10-11T13:36:01.238000000,True
RAI,7,Alfa Romeo Racing,53,92.551,30.712,38.548,23.291,SOFT,3,9,13,1,False,None,None,True,5059.327,2020-10-11T13:37:33.918000000,True
RAI,7,Alfa Romeo Racing,54,90.512,29.614,37.525,23.373,SOFT,3,10,13,1,True,None,None,True,5151.878,2020-10-11T13:39:06.469000000,True
RAI,7,Alfa Romeo Racing,55,91.82,30.065,38.269,23.486,SOFT,3,11,12,1,False,None,None,True,5242.39,2020-10-11T13:40:36.981000000,True
RAI,7,Alfa Romeo Racing,56,90.975,29.853,37.84,23.282,SOFT,3,12,12,1,False,None,None,True,5334.21,2020-10-11T13:42:08.801000000,True
RAI,7,Alfa Romeo Racing,57,91.446,29.999,38.031,23.416,SOFT,3,13,12,1,False,None,None,True,5425.185,2020-10-11T13:43:39.776000000,True
RAI,7,Alfa Romeo Racing,58,91.227,29.918,38.037,23.272,SOFT,3,14,12,1,False,None,None,True,5516.631,2020-10-11T13:45:11.222000000,True
RAI,7,Alfa Romeo Racing,59,91.399,29.93,38.164,23.305,SOFT,3,15,12,1,False,None,None,True,5607.858,2020-10-11T13:46:42.449000000,True
RAI,7,Alfa Romeo Racing,60,92.12,30.198,38.214,23.708,SOFT,3,16,12,1,False,None,None,True,5699.257,2020-10-11T13:48:13.848000000,True
RIC,3,Renault,1,98.224,None,40.062,24.12,SOFT,1,4,5,None,False,None,None,False,7.171,2020-10-11T12:13:21.762000000,False
RIC,3,Renault,2,94.973,30.766,39.899,24.308,SOFT,1,5,5,1,True,None,None,False,98.484,2020-10-11T12:14:53.075000000,True
RIC,3,Renault,3,94.134,30.785,39.413,23.936,SOFT,1,6,5,1,True,None,None,False,193.457,2020-10-11T12:16:28.048000000,True
RIC,3,Renault,4,94.123,30.824,39.35,23.949,SOFT,1,7,5,1,True,None,None,False,287.591,2020-10-11T12:18:02.182000000,True
RIC,3,Renault,5,93.912,30.612,39.451,23.849,SOFT,1,8,5,1,True,None,None,False,381.714,2020-10-11T12:19:36.305000000,True
RIC,3,Renault,6,94.611,30.894,39.676,24.041,SOFT,1,9,5,1,False,None,None,False,475.626,2020-10-11T12:21:10.217000000,True
RIC,3,Renault,7,93.956,30.743,39.342,23.871,SOFT,1,10,5,1,False,None,None,False,570.237,2020-10-11T12:22:44.828000000,True
RIC,3,Renault,8,94.077,30.833,39.239,24.005,SOFT,1,11,5,1,False,None,None,False,664.193,2020-10-11T12:24:18.784000000,True
RIC,3,Renault,9,93.194,30.338,38.858,23.998,SOFT,1,12,4,1,True,None,None,False,758.27,2020-10-11T12:25:52.861000000,True
RIC,3,Renault,10,93.206,30.29,38.983,23.933,SOFT,1,13,4,1,False,None,None,False,851.464,2020-10-11T12:27:26.055000000,True
RIC,3,Renault,11,93.08,30.233,38.912,23.935,SOFT,1,14,4,1,True,None,None,False,944.67,2020-10-11T12:28:59.261000000,True
RIC,3,Renault,12,93.102,30.342,38.839,23.921,SOFT,1,15,4,1,False,None,None,False,1037.75,2020-10-11T12:30:32.341000000,True
RIC,3,Renault,13,93.023,30.22,38.865,23.938,SOFT,1,16,4,12,True,None,None,False,1130.852,2020-10-11T12:32:05.443000000,True
RIC,3,Renault,14,93.28,30.438,38.965,23.877,SOFT,1,17,3,1,False,None,None,False,1223.875,2020-10-11T12:33:38.466000000,True
RIC,3,Renault,15,93.935,30.371,38.84,24.724,SOFT,1,18,4,1,False,None,None,False,1317.155,2020-10-11T12:35:11.746000000,True
RIC,3,Renault,16,114.702,30.659,51.938,32.105,SOFT,1,19,4,167,False,None,1523.951,False,1411.09,2020-10-11T12:36:45.681000000,False
RIC,3,Renault,17,113.362,50.356,38.848,24.158,MEDIUM,2,1,9,12,False,1546.095,None,True,1525.792,2020-10-11T12:38:40.383000000,False
RIC,3,Renault,18,92.534,30.138,38.874,23.522,MEDIUM,2,2,7,2,True,None,None,True,1639.154,2020-10-11T12:40:33.745000000,True
RIC,3,Renault,19,92.255,30.06,38.514,23.681,MEDIUM,2,3,7,21,True,None,None,True,1731.688,2020-10-11T12:42:06.279000000,True
RIC,3,Renault,20,92.352,30.023,38.497,23.832,MEDIUM,2,4,7,1,False,None,None,True,1823.943,2020-10-11T12:43:38.534000000,True
RIC,3,Renault,21,92.38,30.067,38.677,23.636,MEDIUM,2,5,7,1,False,None,None,True,1916.295,2020-10-11T12:45:10.886000000,True
RIC,3,Renault,22,92.69,30.154,38.564,23.972,MEDIUM,2,6,6,1,False,None,None,True,2008.675,2020-10-11T12:46:43.266000000,True
RIC,3,Renault,23,92.428,30.081,38.621,23.726,MEDIUM,2,7,6,1,False,None,None,True,2101.365,2020-10-11T12:48:15.956000000,True
RIC,3,Renault,24,92.421,30.054,38.525,23.842,MEDIUM,2,8,6,1,False,None,None,True,2193.793,2020-10-11T12:49:48.384000000,True
RIC,3,Renault,25,92.486,30.127,38.612,23.747,MEDIUM,2,9,6,1,False,None,None,True,2286.214,2020-10-11T12:51:20.805000000,True
RIC,3,Renault,26,92.478,30.103,38.676,23.699,MEDIUM,2,10,6,1,False,None,None,True,2378.7,2020-10-11T12:52:53.291000000,True
RIC,3,Renault,27,92.528,30.085,38.529,23.914,MEDIUM,2,11,6,1,False,None,None,True,2471.178,2020-10-11T12:54:25.769000000,True
RIC,3,Renault,28,92.906,30.158,38.932,23.816,MEDIUM,2,12,5,1,False,None,None,True,2563.706,2020-10-11T12:55:58.297000000,True
RIC,3,Renault,29,92.09,29.854,38.49,23.746,MEDIUM,2,13,4,1,True,None,None,True,2656.612,2020-10-11T12:57:31.203000000,True
RIC,3,Renault,30,92.235,30.008,38.436,23.791,MEDIUM,2,14,3,1,False,None,None,True,2748.702,2020-10-11T12:59:03.293000000,True
RIC,3,Renault,31,92.116,30.04,38.302,23.774,MEDIUM,2,15,3,1,False,None,None,True,2840.937,2020-10-11T13:00:35.528000000,True
RIC,3,Renault,32,91.852,29.988,38.259,23.605,MEDIUM,2,16,3,1,True,None,None,True,2933.053,2020-10-11T13:02:07.644000000,True
RIC,3,Renault,33,91.806,29.862,38.182,23.762,MEDIUM,2,17,3,1,True,None,None,True,3024.905,2020-10-11T13:03:39.496000000,True
RIC,3,Renault,34,91.972,30.02,38.186,23.766,MEDIUM,2,18,3,1,False,None,None,True,3116.711,2020-10-11T13:05:11.302000000,True
RIC,3,Renault,35,93.069,31.017,38.317,23.735,MEDIUM,2,19,3,1,False,None,None,True,3208.683,2020-10-11T13:06:43.274000000,True
RIC,3,Renault,36,91.584,29.927,38.153,23.504,MEDIUM,2,20,3,1,True,None,None,True,3301.752,2020-10-11T13:08:16.343000000,True
RIC,3,Renault,37,91.478,29.812,38.045,23.621,MEDIUM,2,21,3,1,True,None,None,True,3393.336,2020-10-11T13:09:47.927000000,True
RIC,3,Renault,38,91.852,30.057,38.172,23.623,MEDIUM,2,22,3,1,False,None,None,True,3484.814,2020-10-11T13:11:19.405000000,True
RIC,3,Renault,39,91.494,29.823,38.047,23.624,MEDIUM,2,23,3,1,False,None,None,True,3576.666,2020-10-11T13:12:51.257000000,True
RIC,3,Renault,40,91.605,29.903,38.095,23.607,MEDIUM,2,24,3,1,False,None,None,True,3668.16,2020-10-11T13:14:22.751000000,True
RIC,3,Renault,41,91.388,29.819,37.932,23.637,MEDIUM,2,25,3,1,True,None,None,True,3759.765,2020-10-11T13:15:54.356000000,True
RIC,3,Renault,42,91.096,29.678,37.925,23.493,MEDIUM,2,26,3,1,True,None,None,True,3851.153,2020-10-11T13:17:25.744000000,True
RIC,3,Renault,43,91.447,29.906,38.016,23.525,MEDIUM,2,27,3,1,False,None,None,True,3942.249,2020-10-11T13:18:56.840000000,True
RIC,3,Renault,44,97.214,29.789,38.271,29.154,MEDIUM,2,28,3,124,False,None,4129.064,True,4033.696,2020-10-11T13:20:28.287000000,False
RIC,3,Renault,45,136.01,54.337,52.172,29.501,SOFT,3,4,4,4,False,4151.585,None,False,4130.91,2020-10-11T13:22:05.501000000,False
RIC,3,Renault,46,111.967,33.291,48.273,30.403,SOFT,3,5,3,4,False,None,None,False,4266.92,2020-10-11T13:24:21.511000000,False
RIC,3,Renault,47,106.951,32.173,43.677,31.101,SOFT,3,6,3,4,False,None,None,False,4378.887,2020-10-11T13:26:13.478000000,False
RIC,3,Renault,48,137.477,47.98,56.708,32.789,SOFT,3,7,3,4,False,None,None,False,4485.838,2020-10-11T13:28:00.429000000,False
RIC,3,Renault,49,149.35,44.893,63.692,40.765,SOFT,3,8,3,41,False,None,None,False,4623.315,2020-10-11T13:30:17.906000000,False
RIC,3,Renault,50,91.905,30.798,37.873,23.234,SOFT,3,9,3,1,False,None,None,False,4772.665,2020-10-11T13:32:47.256000000,True
RIC,3,Renault,51,90.286,29.63,37.325,23.331,SOFT,3,10,3,1,True,None,None,False,4864.57,2020-10-11T13:34:19.161000000,True
RIC,3,Renault,52,89.874,29.597,37.121,23.156,SOFT,3,11,3,1,True,None,None,False,4954.856,2020-10-11T13:35:49.447000000,True
RIC,3,Renault,53,89.584,29.268,37.127,23.189,SOFT,3,12,3,1,True,None,None,False,5044.73,2020-10-11T13:37:19.321000000,True
RIC,3,Renault,54,89.969,29.42,37.278,23.271,SOFT,3,13,3,1,False,None,None,False,5134.314,2020-10-11T13:38:48.905000000,True
RIC,3,Renault,55,90.251,29.578,37.443,23.23,SOFT,3,14,3,1,False,None,None,False,5224.283,2020-10-11T13:40:18.874000000,True
RIC,3,Renault,56,90.159,29.469,37.357,23.333,SOFT,3,15,3,1,False,None,None,False,5314.534,2020-10-11T13:41:49.125000000,True
RIC,3,Renault,57,90.009,29.388,37.353,23.268,SOFT,3,16,3,1,False,None,None,False,5404.693,2020-10-11T13:43:19.284000000,True
RIC,3,Renault,58,89.789,29.379,37.094,23.316,SOFT,3,17,3,1,False,None,None,False,5494.702,2020-10-11T13:44:49.293000000,True
RIC,3,Renault,59,89.701,29.256,37.122,23.323,SOFT,3,18,3,1,False,None,None,False,5584.491,2020-10-11T13:46:19.082000000,True
RIC,3,Renault,60,90.322,29.327,37.484,23.511,SOFT,3,19,3,1,False,None,None,False,5674.192,2020-10-11T13:47:48.783000000,True
RUS,63,Williams,1,105.296,None,42.941,25.2,SOFT,1,1,16,None,False,None,None,True,7.171,2020-10-11T12:13:21.762000000,False
RUS,63,Williams,2,97.697,32.147,40.962,24.588,SOFT,1,2,16,1,True,None,None,True,105.556,2020-10-11T12:15:00.147000000,True
RUS,63,Williams,3,95.484,31.385,39.903,24.196,SOFT,1,3,16,1,True,None,None,True,203.253,2020-10-11T12:16:37.844000000,True
RUS,63,Williams,4,95.346,31.455,39.639,24.252,SOFT,1,4,16,1,True,None,None,True,298.737,2020-10-11T12:18:13.328000000,True
RUS,63,Williams,5,94.71,31.208,39.345,24.157,SOFT,1,5,16,1,True,None,None,True,394.083,2020-10-11T12:19:48.674000000,True
RUS,63,Williams,6,94.526,30.976,39.342,24.208,SOFT,1,6,16,1,True,None,None,True,488.793,2020-10-11T12:21:23.384000000,True
RUS,63,Williams,7,94.7,31.315,39.282,24.103,SOFT,1,7,16,1,False,None,None,True,583.319,2020-10-11T12:22:57.910000000,True
RUS,63,Williams,8,94.929,31.233,39.469,24.227,SOFT,1,8,15,1,False,None,None,True,678.019,2020-10-11T12:24:32.610000000,True
RUS,63,Williams,9,94.93,31.451,39.439,24.04,SOFT,1,9,15,1,False,None,None,True,772.948,2020-10-11T12:26:07.539000000,True
RUS,63,Williams,10,95.208,31.357,39.582,24.269,SOFT,1,10,15,1,False,None,None,True,867.878,2020-10-11T12:27:42.469000000,True
RUS,63,Williams,11,99.543,31.682,40.168,27.693,SOFT,1,11,17,1,False,None,1060.861,True,963.086,2020-10-11T12:29:17.677000000,False
RUS,63,Williams,12,115.084,51.114,39.898,24.072,MEDIUM,2,1,18,1,False,1083.316,None,True,1062.629,2020-10-11T12:30:57.220000000,False
RUS,63,Williams,13,None,None,None,None,MEDIUM,2,2,None,12,None,None,None,True,1177.713,2020-10-11T12:32:52.304000000,False
SAI,55,McLaren,1,101.86,None,42.35,24.562,SOFT,1,4,10,None,False,None,None,False,7.171,2020-10-11T12:13:21.762000000,False
SAI,55,McLaren,2,95.666,31.227,39.984,24.455,SOFT,1,5,10,1,True,None,None,False,102.12,2020-10-11T12:14:56.711000000,True
SAI,55,McLaren,3,94.708,31.187,39.639,23.882,SOFT,1,6,10,1,True,None,None,False,197.786,2020-10-11T12:16:32.377000000,True
SAI,55,McLaren,4,94.421,30.967,39.476,23.978,SOFT,1,7,10,1,True,None,None,False,292.494,2020-10-11T12:18:07.085000000,True
SAI,55,McLaren,5,94.438,31.019,39.558,23.861,SOFT,1,8,10,1,False,None,None,False,386.915,2020-10-11T12:19:41.506000000,True
SAI,55,McLaren,6,94.479,31.013,39.34,24.126,SOFT,1,9,10,1,False,None,None,False,481.353,2020-10-11T12:21:15.944000000,True
SAI,55,McLaren,7,94.853,30.935,39.303,24.615,SOFT,1,10,10,1,False,None,None,False,575.832,2020-10-11T12:22:50.423000000,True
SAI,55,McLaren,8,93.822,30.757,39.137,23.928,SOFT,1,11,9,1,True,None,None,False,670.685,2020-10-11T12:24:25.276000000,True
SAI,55,McLaren,9,93.853,30.785,39.068,24.0,SOFT,1,12,9,1,False,None,None,False,764.507,2020-10-11T12:25:59.098000000,True
SAI,55,McLaren,10,93.909,30.716,39.14,24.053,SOFT,1,13,9,1,False,None,None,False,858.36,2020-10-11T12:27:32.951000000,True
SAI,55,McLaren,11,93.822,30.634,39.257,23.931,SOFT,1,14,8,1,False,None,None,False,952.269,2020-10-11T12:29:06.860000000,True
SAI,55,McLaren,12,94.212,30.754,39.229,24.229,SOFT,1,15,8,1,False,None,None,False,1046.091,2020-10-11T12:30:40.682000000,True
SAI,55,McLaren,13,93.853,30.46,39.251,24.142,SOFT,1,16,8,12,False,None,None,False,1140.303,2020-10-11T12:32:14.894000000,True
SAI,55,McLaren,14,93.822,30.609,39.091,24.122,SOFT,1,17,8,1,False,None,None,False,1234.156,2020-10-11T12:33:48.747000000,True
SAI,55,McLaren,15,93.905,30.639,39.117,24.149,SOFT,1,18,8,1,False,None,None,False,1327.978,2020-10-11T12:35:22.569000000,True
SAI,55,McLaren,16,113.45,32.993,51.316,29.141,SOFT,1,19,8,167,False,None,None,False,1421.883,2020-10-11T12:36:56.474000000,False
SAI,55,McLaren,17,93.909,30.679,39.041,24.189,SOFT,1,20,7,12,False,None,None,False,1535.333,2020-10-11T12:38:49.924000000,True
SAI,55,McLaren,18,94.114,30.836,39.124,24.154,SOFT,1,21,6,2,False,None,None,False,1629.242,2020-10-11T12:40:23.833000000,True
SAI,55,McLaren,19,93.501,30.438,39.119,23.944,SOFT,1,22,6,21,True,None,None,False,1723.356,2020-10-11T12:41:57.947000000,True
SAI,55,McLaren,20,93.636,30.508,39.13,23.998,SOFT,1,23,6,1,False,None,None,False,1816.857,2020-10-11T12:43:31.448000000,True
SAI,55,McLaren,21,93.362,30.324,39.02,24.018,SOFT,1,24,6,1,True,None,None,False,1910.493,2020-10-11T12:45:05.084000000,True
SAI,55,McLaren,22,93.173,30.379,39.254,23.54,SOFT,1,25,5,1,True,None,None,False,2003.855,2020-10-11T12:46:38.446000000,True
SAI,55,McLaren,23,93.213,30.324,38.888,24.001,SOFT,1,26,5,1,False,None,None,False,2097.028,2020-10-11T12:48:11.619000000,True
SAI,55,McLaren,24,92.989,30.295,38.752,23.942,SOFT,1,27,5,1,True,None,None,False,2190.241,2020-10-11T12:49:44.832000000,True
SAI,55,McLaren,25,92.983,30.163,38.828,23.992,SOFT,1,28,5,1,True,None,None,False,2283.23,2020-10-11T12:51:17.821000000,True
SAI,55,McLaren,26,93.066,30.24,38.85,23.976,SOFT,1,29,5,1,False,None,None,False,2376.213,2020-10-11T12:52:50.804000000,True
SAI,55,McLaren,27,93.15,30.34,38.791,24.019,SOFT,1,30,5,1,False,None,None,False,2469.279,2020-10-11T12:54:23.870000000,True
SAI,55,McLaren,28,96.843,30.278,38.785,27.78,SOFT,1,31,6,1,False,None,2657.4,False,2562.429,2020-10-11T12:55:57.020000000,False
SAI,55,McLaren,29,111.219,49.324,38.378,23.517,MEDIUM,2,1,8,1,False,2680.038,None,True,2659.272,2020-10-11T12:57:33.863000000,False
SAI,55,McLaren,30,91.569,29.891,38.174,23.504,MEDIUM,2,2,7,1,True,None,None,True,2770.491,2020-10-11T12:59:25.082000000,True
SAI,55,McLaren,31,91.566,29.972,38.038,23.556,MEDIUM,2,3,7,1,True,None,None,True,2862.06,2020-10-11T13:00:56.651000000,True
SAI,55,McLaren,32,91.26,29.805,37.902,23.553,MEDIUM,2,4,7,1,True,None,None,True,2953.626,2020-10-11T13:02:28.217000000,True
SAI,55,McLaren,33,91.544,29.943,38.011,23.59,MEDIUM,2,5,6,1,False,None,None,True,3044.886,2020-10-11T13:03:59.477000000,True
SAI,55,McLaren,34,91.951,30.085,38.047,23.819,MEDIUM,2,6,6,1,False,None,None,True,3136.43,2020-10-11T13:05:31.021000000,True
SAI,55,McLaren,35,92.095,30.126,38.403,23.566,MEDIUM,2,7,5,1,False,None,None,True,3228.381,2020-10-11T13:07:02.972000000,True
SAI,55,McLaren,36,91.046,29.533,37.97,23.543,MEDIUM,2,8,5,1,True,None,None,True,3320.476,2020-10-11T13:08:35.067000000,True
SAI,55,McLaren,37,91.506,29.806,38.069,23.631,MEDIUM,2,9,5,1,False,None,None,True,3411.522,2020-10-11T13:10:06.113000000,True
SAI,55,McLaren,38,91.532,29.942,38.037,23.553,MEDIUM,2,10,5,1,False,None,None,True,3503.028,2020-10-11T13:11:37.619000000,True
SAI,55,McLaren,39,91.146,29.733,37.985,23.428,MEDIUM,2,11,5,1,False,None,None,True,3594.56,2020-10-11T13:13:09.151000000,True
SAI,55,McLaren,40,91.529,30.038,37.959,23.532,MEDIUM,2,12,5,1,False,None,None,True,3685.706,2020-10-11T13:14:40.297000000,True
SAI,55,McLaren,41,91.188,29.802,37.82,23.566,MEDIUM,2,13,5,1,False,None,None,True,3777.235,2020-10-11T13:16:11.826000000,True
SAI,55,McLaren,42,91.016,29.718,37.808,23.49,MEDIUM,2,14,5,1,True,None,None,True,3868.423,2020-10-11T13:17:43.014000000,True
SAI,55,McLaren,43,91.179,29.778,37.886,23.515,MEDIUM,2,15,5,1,False,None,None,True,3959.439,2020-10-11T13:19:14.030000000,True
SAI,55,McLaren,44,104.127,29.656,39.869,34.602,MEDIUM,2,16,5,124,False,None,4152.889,True,4050.618,2020-10-11T13:20:45.209000000,False
SAI,55,McLaren,45,130.382,50.425,51.648,28.309,SOFT,3,4,5,4,False,4175.379,None,False,4154.745,2020-10-11T13:22:29.336000000,False
SAI,55,McLaren,46,106.219,32.756,45.003,28.46,SOFT,3,5,5,4,False,None,None,False,4285.127,2020-10-11T13:24:39.718000000,False
SAI,55,McLaren,47,102.354,32.961,43.919,25.474,SOFT,3,6,5,4,False,None,None,False,4391.346,2020-10-11T13:26:25.937000000,False
SAI,55,McLaren,48,131.886,42.625,57.162,32.099,SOFT,3,7,5,4,False,None,None,False,4493.7,2020-10-11T13:28:08.291000000,False
SAI,55,McLaren,49,148.05,45.129,62.717,40.204,SOFT,3,8,5,41,False,None,None,False,4625.586,2020-10-11T13:30:20.177000000,False
SAI,55,McLaren,50,92.413,30.386,38.659,23.368,SOFT,3,9,5,1,False,None,None,False,4773.636,2020-10-11T13:32:48.227000000,True
SAI,55,McLaren,51,90.893,29.748,37.752,23.393,SOFT,3,10,5,1,True,None,None,False,4866.049,2020-10-11T13:34:20.640000000,True
SAI,55,McLaren,52,90.442,29.738,37.433,23.271,SOFT,3,11,5,1,True,None,None,False,4956.942,2020-10-11T13:35:51.533000000,True
SAI,55,McLaren,53,90.129,29.551,37.385,23.193,SOFT,3,12,5,1,True,None,None,False,5047.384,2020-10-11T13:37:21.975000000,True
SAI,55,McLaren,54,90.231,29.548,37.415,23.268,SOFT,3,13,5,1,False,None,None,False,5137.513,2020-10-11T13:38:52.104000000,True
SAI,55,McLaren,55,90.838,29.826,37.544,23.468,SOFT,3,14,5,1,False,None,None,False,5227.744,2020-10-11T13:40:22.335000000,True
SAI,55,McLaren,56,90.794,29.679,37.636,23.479,SOFT,3,15,5,1,False,None,None,False,5318.582,2020-10-11T13:41:53.173000000,True
SAI,55,McLaren,57,90.702,29.715,37.516,23.471,SOFT,3,16,5,1,False,None,None,False,5409.376,2020-10-11T13:43:23.967000000,True
SAI,55,McLaren,58,90.504,29.625,37.52,23.359,SOFT,3,17,5,1,False,None,None,False,5500.078,2020-10-11T13:44:54.669000000,True
SAI,55,McLaren,59,90.607,29.573,37.552,23.482,SOFT,3,18,5,1,False,None,None,False,5590.582,2020-10-11T13:46:25.173000000,True
SAI,55,McLaren,60,90.617,29.686,37.469,23.462,SOFT,3,19,5,1,False,None,None,False,5681.189,2020-10-11T13:47:55.780000000,True
VER,33,Red Bull Racing,1,95.799,None,39.266,23.821,SOFT,1,4,3,None,False,None,None,False,7.171,2020-10-11T12:13:21.762000000,False
VER,33,Red Bull Racing,2,92.647,30.281,38.6,23.766,SOFT,1,5,3,None,True,None,None,False,96.059,2020-10-11T12:14:50.650000000,False
VER,33,Red Bull Racing,3,92.588,30.329,38.531,23.728,SOFT,1,6,3,1,True,None,None,False,188.706,2020-10-11T12:16:23.297000000,True
VER,33,Red Bull Racing,4,92.525,30.37,38.328,23.827,SOFT,1,7,3,1,True,None,None,False,281.294,2020-10-11T12:17:55.885000000,True
VER,33,Red Bull Racing,5,92.335,30.184,38.476,23.675,SOFT,1,8,3,1,True,None,None,False,373.819,2020-10-11T12:19:28.410000000,True
VER,33,Red Bull Racing,6,92.108,29.965,38.431,23.712,SOFT,1,9,3,1,True,None,None,False,466.154,2020-10-11T12:21:00.745000000,True
VER,33,Red Bull Racing,7,91.938,29.963,38.316,23.659,SOFT,1,10,3,1,True,None,None,False,558.262,2020-10-11T12:22:32.853000000,True
VER,33,Red Bull Racing,8,91.933,29.996,38.31,23.627,SOFT,1,11,3,1,True,None,None,False,650.2,2020-10-11T12:24:04.791000000,True
VER,33,Red Bull Racing,9,92.009,29.993,38.355,23.661,SOFT,1,12,3,1,False,None,None,False,742.133,2020-10-11T12:25:36.724000000,True
VER,33,Red Bull Racing,10,92.264,30.116,38.43,23.718,SOFT,1,13,3,1,False,None,None,False,834.142,2020-10-11T12:27:08.733000000,True
VER,33,Red Bull Racing,11,91.927,30.019,38.286,23.622,SOFT,1,14,3,1,True,None,None,False,926.406,2020-10-11T12:28:40.997000000,True
VER,33,Red Bull Racing,12,91.822,29.807,38.34,23.675,SOFT,1,15,3,1,True,None,None,False,1018.333,2020-10-11T12:30:12.924000000,True
VER,33,Red Bull Racing,13,93.148,29.944,38.974,24.23,SOFT,1,16,2,12,False,None,None,False,1110.155,2020-10-11T12:31:44.746000000,True
VER,33,Red Bull Racing,14,92.446,30.305,38.245,23.896,SOFT,1,17,2,12,False,None,None,False,1203.303,2020-10-11T12:33:17.894000000,True
VER,33,Red Bull Racing,15,91.817,29.784,38.357,23.676,SOFT,1,18,2,1,True,None,None,False,1295.749,2020-10-11T12:34:50.340000000,True
VER,33,Red Bull Racing,16,104.836,30.625,43.598,30.613,SOFT,1,19,2,16,False,None,1490.526,False,1387.566,2020-10-11T12:36:22.157000000,False
VER,33,Red Bull Racing,17,112.775,50.708,38.066,24.001,MEDIUM,2,1,2,6712,False,1512.636,None,True,1492.402,2020-10-11T12:38:06.993000000,False
VER,33,Red Bull Racing,18,91.051,29.548,37.615,23.888,MEDIUM,2,2,2,2,True,None,None,True,1605.177,2020-10-11T12:39:59.768000000,True
VER,33,Red Bull Racing,19,91.15,29.561,37.77,23.819,MEDIUM,2,3,2,21,False,None,None,True,1696.228,2020-10-11T12:41:30.819000000,True
VER,33,Red Bull Racing,20,90.439,29.373,37.779,23.287,MEDIUM,2,4,2,1,True,None,None,True,1787.378,2020-10-11T12:43:01.969000000,True
VER,33,Red Bull Racing,21,90.516,29.533,37.576,23.407,MEDIUM,2,5,2,1,False,None,None,True,1877.817,2020-10-11T12:44:32.408000000,True
VER,33,Red Bull Racing,22,90.777,29.586,37.727,23.464,MEDIUM,2,6,2,1,False,None,None,True,1968.333,2020-10-11T12:46:02.924000000,True
VER,33,Red Bull Racing,23,90.627,29.453,37.704,23.47,MEDIUM,2,7,2,1,False,None,None,True,2059.11,2020-10-11T12:47:33.701000000,True
VER,33,Red Bull Racing,24,90.746,29.533,37.686,23.527,MEDIUM,2,8,2,1,False,None,None,True,2149.737,2020-10-11T12:49:04.328000000,True
VER,33,Red Bull Racing,25,90.939,29.656,37.837,23.446,MEDIUM,2,9,2,1,False,None,None,True,2240.483,2020-10-11T12:50:35.074000000,True
VER,33,Red Bull Racing,26,90.817,29.565,37.781,23.471,MEDIUM,2,10,2,1,False,None,None,True,2331.422,2020-10-11T12:52:06.013000000,True
VER,33,Red Bull Racing,27,90.836,29.571,37.791,23.474,MEDIUM,2,11,2,1,False,None,None,True,2422.239,2020-10-11T12:53:36.830000000,True
VER,33,Red Bull Racing,28,91.086,29.622,37.887,23.577,MEDIUM,2,12,2,1,False,None,None,True,2513.075,2020-10-11T12:55:07.666000000,True
VER,33,Red Bull Racing,29,91.324,29.632,38.048,23.644,MEDIUM,2,13,2,1,False,None,None,True,2604.161,2020-10-11T12:56:38.752000000,True
VER,33,Red Bull Racing,30,91.569,29.819,38.127,23.623,MEDIUM,2,14,2,1,False,None,None,True,2695.485,2020-10-11T12:58:10.076000000,True
VER,33,Red Bull Racing,31,91.565,29.874,38.007,23.684,MEDIUM,2,15,2,1,False,None,None,True,2787.054,2020-10-11T12:59:41.645000000,True
VER,33,Red Bull Racing,32,90.923,29.602,37.785,23.536,MEDIUM,2,16,2,1,False,None,None,True,2878.619,2020-10-11T13:01:13.210000000,True
VER,33,Red Bull Racing,33,91.096,29.582,37.845,23.669,MEDIUM,2,17,2,1,False,None,None,True,2969.542,2020-10-11T13:02:44.133000000,True
VER,33,Red Bull Racing,34,91.836,29.908,38.32,23.608,MEDIUM,2,18,2,1,False,None,None,True,3060.638,2020-10-11T13:04:15.229000000,True
VER,33,Red Bull Racing,35,92.035,30.184,38.103,23.748,MEDIUM,2,19,2,1,False,None,None,True,3152.474,2020-10-11T13:05:47.065000000,True
VER,33,Red Bull Racing,36,91.172,29.599,37.919,23.654,MEDIUM,2,20,2,1,False,None,None,True,3244.509,2020-10-11T13:07:19.100000000,True
VER,33,Red Bull Racing,37,90.919,29.582,37.794,23.543,MEDIUM,2,21,2,1,False,None,None,True,3335.681,2020-10-11T13:08:50.272000000,True
VER,33,Red Bull Racing,38,91.267,29.625,38.045,23.597,MEDIUM,2,22,2,1,False,None,None,True,3426.6,2020-10-11T13:10:21.191000000,True
VER,33,Red Bull Racing,39,91.1,29.635,37.897,23.568,MEDIUM,2,23,2,1,False,None,None,True,3517.867,2020-10-11T13:11:52.458000000,True
VER,33,Red Bull Racing,40,91.006,29.65,37.836,23.52,MEDIUM,2,24,2,1,False,None,None,True,3608.967,2020-10-11T13:13:23.558000000,True
VER,33,Red Bull Racing,41,91.107,29.635,37.904,23.568,MEDIUM,2,25,2,1,False,None,None,True,3699.973,2020-10-11T13:14:54.564000000,True
VER,33,Red Bull Racing,42,91.11,29.656,38.237,23.217,MEDIUM,2,26,2,1,False,None,None,True,3791.08,2020-10-11T13:16:25.671000000,True
VER,33,Red Bull Racing,43,90.825,29.485,37.843,23.497,MEDIUM,2,27,2,1,False,None,None,True,3882.19,2020-10-11T13:17:56.781000000,True
VER,33,Red Bull Racing,44,90.988,29.56,37.898,23.53,MEDIUM,2,28,2,12,False,None,None,True,3973.015,2020-10-11T13:19:27.606000000,True
VER,33,Red Bull Racing,45,107.798,29.552,47.81,30.436,MEDIUM,2,29,2,24,False,None,4169.995,True,4064.003,2020-10-11T13:20:58.594000000,False
VER,33,Red Bull Racing,46,151.729,54.399,59.488,37.842,SOFT,3,4,2,4,False,4192.37,None,False,4171.801,2020-10-11T13:22:46.392000000,False
VER,33,Red Bull Racing,47,159.467,48.331,66.452,44.684,SOFT,3,5,2,4,False,None,None,False,4323.557,2020-10-11T13:25:18.148000000,False
VER,33,Red Bull Racing,48,139.129,48.01,57.524,33.595,SOFT,3,6,2,4,False,None,None,False,4483.022,2020-10-11T13:27:57.613000000,False
VER,33,Red Bull Racing,49,150.327,44.474,64.301,41.552,SOFT,3,7,2,41,False,None,None,False,4622.151,2020-10-11T13:30:16.742000000,False
VER,33,Red Bull Racing,50,91.024,30.361,37.583,23.08,SOFT,3,8,2,1,False,None,None,False,4772.466,2020-10-11T13:32:47.057000000,True
VER,33,Red Bull Racing,51,88.744,28.962,36.866,22.916,SOFT,3,9,2,1,True,None,None,False,4863.49,2020-10-11T13:34:18.081000000,True
VER,33,Red Bull Racing,52,89.058,28.897,36.832,23.329,SOFT,3,10,2,1,False,None,None,False,4952.234,2020-10-11T13:35:46.825000000,True
VER,33,Red Bull Racing,53,88.854,29.029,36.905,22.92,SOFT,3,11,2,1,False,None,None,False,5041.292,2020-10-11T13:37:15.883000000,True
VER,33,Red Bull Racing,54,89.235,29.078,37.038,23.119,SOFT,3,12,2,1,False,None,None,False,5130.146,2020-10-11T13:38:44.737000000,True
VER,33,Red Bull Racing,55,88.709,28.91,36.857,22.942,SOFT,3,13,2,1,True,None,None,False,5219.381,2020-10-11T13:40:13.972000000,True
VER,33,Red Bull Racing,56,89.118,29.05,37.007,23.061,SOFT,3,14,2,1,False,None,None,False,5308.09,2020-10-11T13:41:42.681000000,True
VER,33,Red Bull Racing,57,89.46,29.042,37.244,23.174,SOFT,3,15,2,1,False,None,None,False,5397.208,2020-10-11T13:43:11.799000000,True
VER,33,Red Bull Racing,58,88.994,28.926,36.97,23.098,SOFT,3,16,2,1,False,None,None,False,5486.668,2020-10-11T13:44:41.259000000,True
VER,33,Red Bull Racing,59,90.583,29.105,37.264,24.214,SOFT,3,17,2,1,False,None,None,False,5575.662,2020-10-11T13:46:10.253000000,True
VER,33,Red Bull Racing,60,88.139,28.643,36.631,22.865,SOFT,3,18,2,1,True,None,None,False,5666.245,2020-10-11T13:47:40.836000000,True
VET,5,Ferrari,1,103.478,None,42.164,25.218,MEDIUM,1,1,12,None,False,None,None,True,7.171,2020-10-11T12:13:21.762000000,False
VET,5,Ferrari,2,96.519,31.871,40.219,24.429,MEDIUM,1,2,12,1,True,None,None,True,103.738,2020-10-11T12:14:58.329000000,True
VET,5,Ferrari,3,95.15,31.233,39.613,24.304,MEDIUM,1,3,12,1,True,None,None,True,200.257,2020-10-11T12:16:34.848000000,True
VET,5,Ferrari,4,94.475,30.897,39.394,24.184,MEDIUM,1,4,12,1,True,None,None,True,295.407,2020-10-11T12:18:09.998000000,True
VET,5,Ferrari,5,94.13,30.803,39.33,23.997,MEDIUM,1,5,12,1,True,None,None,True,389.882,2020-10-11T12:19:44.473000000,True
VET,5,Ferrari,6,94.674,30.96,39.56,24.154,MEDIUM,1,6,12,1,False,None,None,True,484.012,2020-10-11T12:21:18.603000000,True
VET,5,Ferrari,7,94.556,30.965,39.339,24.252,MEDIUM,1,7,12,1,False,None,None,True,578.686,2020-10-11T12:22:53.277000000,True
VET,5,Ferrari,8,94.885,31.053,39.732,24.1,MEDIUM,1,8,11,1,False,None,None,True,673.242,2020-10-11T12:24:27.833000000,True
VET,5,Ferrari,9,94.528,30.891,39.626,24.011,MEDIUM,1,9,11,1,False,None,None,True,768.127,2020-10-11T12:26:02.718000000,True
VET,5,Ferrari,10,94.397,30.877,39.448,24.072,MEDIUM,1,10,11,1,False,None,None,True,862.655,2020-10-11T12:27:37.246000000,True
VET,5,Ferrari,11,105.077,36.331,41.02,27.726,MEDIUM,1,11,16,1,False,None,1060.282,True,957.052,2020-10-11T12:29:11.643000000,False
VET,5,Ferrari,12,115.669,51.135,39.86,24.674,HARD,2,1,19,1,False,1082.849,None,True,1062.129,2020-10-11T12:30:56.720000000,False
VET,5,Ferrari,13,92.744,30.371,38.558,23.815,HARD,2,2,18,12,True,None,None,True,1177.798,2020-10-11T12:32:52.389000000,True
VET,5,Ferrari,14,92.606,30.305,38.454,23.847,HARD,2,3,18,1,True,None,None,True,1270.542,2020-10-11T12:34:25.133000000,True
VET,5,Ferrari,15,96.807,30.398,38.499,27.91,HARD,2,4,16,16,False,None,None,True,1363.148,2020-10-11T12:35:57.739000000,False
VET,5,Ferrari,16,107.228,38.867,44.282,24.079,HARD,2,5,16,6712,False,None,None,True,1459.955,2020-10-11T12:37:34.546000000,False
VET,5,Ferrari,17,94.183,30.471,39.38,24.332,HARD,2,6,15,2,False,None,None,True,1567.183,2020-10-11T12:39:21.774000000,True
VET,5,Ferrari,18,93.415,30.513,38.698,24.204,HARD,2,7,15,2,False,None,None,True,1661.366,2020-10-11T12:40:55.957000000,True
VET,5,Ferrari,19,93.053,30.331,38.801,23.921,HARD,2,8,14,21,False,None,None,True,1754.781,2020-10-11T12:42:29.372000000,True
VET,5,Ferrari,20,92.841,30.324,38.58,23.937,HARD,2,9,14,1,False,None,None,True,1847.834,2020-10-11T12:44:02.425000000,True
VET,5,Ferrari,21,93.005,30.447,38.642,23.916,HARD,2,10,14,1,False,None,None,True,1940.675,2020-10-11T12:45:35.266000000,True
VET,5,Ferrari,22,92.923,30.307,38.692,23.924,HARD,2,11,14,1,False,None,None,True,2033.68,2020-10-11T12:47:08.271000000,True
VET,5,Ferrari,23,92.946,30.403,38.675,23.868,HARD,2,12,13,1,False,None,None,True,2126.603,2020-10-11T12:48:41.194000000,True
VET,5,Ferrari,24,92.733,30.251,38.535,23.947,HARD,2,13,12,1,False,None,None,True,2219.549,2020-10-11T12:50:14.140000000,True
VET,5,Ferrari,25,92.824,30.341,38.577,23.906,HARD,2,14,12,1,False,None,None,True,2312.282,2020-10-11T12:51:46.873000000,True
VET,5,Ferrari,26,92.883,30.391,38.583,23.909,HARD,2,15,12,1,False,None,None,True,2405.106,2020-10-11T12:53:19.697000000,True
VET,5,Ferrari,27,92.819,30.382,38.566,23.871,HARD,2,16,12,1,False,None,None,True,2497.989,2020-10-11T12:54:52.580000000,True
VET,5,Ferrari,28,93.119,30.468,38.58,24.071,HARD,2,17,12,1,False,None,None,True,2590.808,2020-10-11T12:56:25.399000000,True
VET,5,Ferrari,29,93.214,30.469,38.82,23.925,HARD,2,18,11,1,False,None,None,True,2683.927,2020-10-11T12:57:58.518000000,True
VET,5,Ferrari,30,93.401,30.409,38.88,24.112,HARD,2,19,10,1,False,None,None,True,2777.141,2020-10-11T12:59:31.732000000,True
VET,5,Ferrari,31,94.78,30.431,38.626,25.723,HARD,2,20,9,1,False,None,None,True,2870.542,2020-10-11T13:01:05.133000000,True
VET,5,Ferrari,32,93.107,30.324,38.793,23.99,HARD,2,21,9,1,False,None,None,True,2965.322,2020-10-11T13:02:39.913000000,True
VET,5,Ferrari,33,95.019,30.548,39.042,25.429,HARD,2,22,9,1,False,None,None,True,3058.429,2020-10-11T13:04:13.020000000,True
VET,5,Ferrari,34,94.013,30.388,39.409,24.216,HARD,2,23,9,1,False,None,None,True,3153.448,2020-10-11T13:05:48.039000000,True
VET,5,Ferrari,35,93.346,30.479,38.932,23.935,HARD,2,24,9,1,False,None,None,True,3247.461,2020-10-11T13:07:22.052000000,True
VET,5,Ferrari,36,93.223,30.45,38.989,23.784,HARD,2,25,7,1,False,None,None,True,3340.807,2020-10-11T13:08:55.398000000,True
VET,5,Ferrari,37,92.398,29.962,38.572,23.864,HARD,2,26,7,1,True,None,None,True,3434.03,2020-10-11T13:10:28.621000000,True
VET,5,Ferrari,38,92.824,30.363,38.567,23.894,HARD,2,27,7,1,False,None,None,True,3526.428,2020-10-11T13:12:01.019000000,True
VET,5,Ferrari,39,94.385,31.686,38.624,24.075,HARD,2,28,8,1,False,None,None,True,3619.252,2020-10-11T13:13:33.843000000,True
VET,5,Ferrari,40,94.609,30.958,39.474,24.177,HARD,2,29,9,1,False,None,None,True,3713.637,2020-10-11T13:15:08.228000000,True
VET,5,Ferrari,41,97.666,31.151,39.127,27.388,HARD,2,30,12,1,False,None,3904.072,True,3808.246,2020-10-11T13:16:42.837000000,False
VET,5,Ferrari,42,112.527,50.98,38.241,23.306,SOFT,3,1,15,1,False,3928.428,None,True,3905.912,2020-10-11T13:18:20.503000000,False
VET,5,Ferrari,43,90.408,29.538,37.583,23.287,SOFT,3,2,14,12,True,None,None,True,4018.439,2020-10-11T13:20:13.030000000,True
VET,5,Ferrari,44,119.674,38.08,50.127,31.467,SOFT,3,3,14,24,False,None,None,True,4108.847,2020-10-11T13:21:43.438000000,False
VET,5,Ferrari,45,121.398,39.716,51.21,30.472,SOFT,3,4,13,4,False,None,None,True,4228.521,2020-10-11T13:23:43.112000000,False
VET,5,Ferrari,46,126.439,34.923,60.18,31.336,SOFT,3,5,13,4,False,None,None,True,4349.919,2020-10-11T13:25:44.510000000,False
VET,5,Ferrari,47,97.913,31.522,40.929,25.462,SOFT,3,6,13,4,False,None,None,True,4476.358,2020-10-11T13:27:50.949000000,False
VET,5,Ferrari,48,96.351,31.048,39.933,25.37,SOFT,3,7,13,4,False,None,None,True,4574.271,2020-10-11T13:29:28.862000000,False
VET,5,Ferrari,49,106.945,31.134,41.039,34.772,SOFT,3,8,13,41,False,None,None,True,4670.622,2020-10-11T13:31:05.213000000,False
VET,5,Ferrari,50,95.243,31.352,39.72,24.171,SOFT,3,9,13,1,False,None,None,True,4777.567,2020-10-11T13:32:52.158000000,True
VET,5,Ferrari,51,93.265,30.535,38.878,23.852,SOFT,3,10,13,1,False,None,None,True,4872.81,2020-10-11T13:34:27.401000000,True
VET,5,Ferrari,52,92.878,30.438,38.784,23.656,SOFT,3,11,13,1,False,None,None,True,4966.075,2020-10-11T13:36:00.666000000,True
VET,5,Ferrari,53,90.973,29.699,37.832,23.442,SOFT,3,12,12,1,False,None,None,True,5058.953,2020-10-11T13:37:33.544000000,True
VET,5,Ferrari,54,91.133,29.831,37.95,23.352,SOFT,3,13,12,1,False,None,None,True,5149.926,2020-10-11T13:39:04.517000000,True
VET,5,Ferrari,55,92.093,30.575,37.992,23.526,SOFT,3,14,11,1,False,None,None,True,5241.059,2020-10-11T13:40:35.650000000,True
VET,5,Ferrari,56,91.356,29.886,37.967,23.503,SOFT,3,15,11,1,False,None,None,True,5333.152,2020-10-11T13:42:07.743000000,True
VET,5,Ferrari,57,91.443,29.873,37.984,23.586,SOFT,3,16,11,1,False,None,None,True,5424.508,2020-10-11T13:43:39.099000000,True
VET,5,Ferrari,58,91.17,29.878,37.925,23.367,SOFT,3,17,11,1,False,None,None,True,5515.951,2020-10-11T13:45:10.542000000,True
VET,5,Ferrari,59,91.707,29.897,38.206,23.604,SOFT,3,18,11,1,False,None,None,True,5607.121,2020-10-11T13:46:41.712000000,True
VET,5,Ferrari,60,91.883,29.923,38.076,23.884,SOFT,3,19,11,1,False,None,None,True,5698.828,2020-10-11T13:48:13.419000000,True
