Driver,DriverNumber,Team,LapNumber,LapTime,Sector1Time,Sector2Time,Sector3Time,Compound,Stint,TyreLife,Position,TrackStatus,IsPersonalBest,PitOutTime,PitInTime,FreshTyre,LapStartTime,LapStartDate,IsAccurate
ALB,23,Red Bull Racing,1,103.077,None,40.219,27.1,MEDIUM,1,1,12,1,False,None,None,True,2002.751,2020-08-02T13:13:22.765000000,False
ALB,23,Red Bull Racing,2,132.634,45.661,50.621,36.352,MEDIUM,1,2,12,124,True,None,None,True,2105.989,2020-08-02T13:15:06.003000000,False
ALB,23,Red Bull Racing,3,150.069,45.228,62.616,42.225,MEDIUM,1,3,12,4,False,None,None,True,2238.623,2020-08-02T13:17:18.637000000,False
ALB,23,Red Bull Racing,4,154.515,47.403,65.358,41.754,MEDIUM,1,4,12,4,False,None,None,True,2388.72,2020-08-02T13:19:48.734000000,False
ALB,23,Red Bull Racing,5,128.78,43.191,53.33,32.259,MEDIUM,1,5,12,41,True,None,None,True,2543.166,2020-08-02T13:22:23.180000000,False
ALB,23,Red Bull Racing,6,95.837,30.373,39.146,26.318,MEDIUM,1,6,13,1,False,None,2761.962,True,2671.946,2020-08-02T13:24:31.960000000,False
ALB,23,Red Bull Racing,7,114.67,50.824,37.969,25.877,HARD,2,1,18,1,False,2790.797,None,True,2767.783,2020-08-02T13:26:07.797000000,False
ALB,23,Red Bull Racing,8,91.828,29.247,37.139,25.442,HARD,2,2,18,1,True,None,None,True,2882.453,2020-08-02T13:28:02.467000000,True
ALB,23,Red Bull Racing,9,92.407,29.97,37.241,25.196,HARD,2,3,18,1,False,None,None,True,2974.281,2020-08-02T13:29:34.295000000,True
ALB,23,Red Bull Racing,10,92.208,29.537,37.236,25.435,HARD,2,4,18,1,False,None,None,True,3066.688,2020-08-02T13:31:06.702000000,True
ALB,23,Red Bull Racing,11,91.622,29.465,36.974,25.183,HARD,2,5,18,1,True,None,None,True,3158.896,2020-08-02T13:32:38.910000000,True
ALB,23,Red Bull Racing,12,108.43,29.551,43.639,35.24,HARD,2,6,17,124,False,None,None,True,3250.518,2020-08-02T13:34:10.532000000,False
ALB,23,Red Bull Racing,13,127.837,41.766,52.956,33.115,HARD,2,7,14,4,False,None,None,True,3358.948,2020-08-02T13:35:58.962000000,False
ALB,23,Red Bull Racing,14,125.744,36.137,48.627,40.98,HARD,2,8,14,4,False,None,None,True,3486.785,2020-08-02T13:38:06.799000000,False
ALB,23,Red Bull Racing,15,152.218,45.978,67.813,38.427,HARD,2,9,14,4,False,None,None,True,3612.529,2020-08-02T13:40:12.543000000,False
ALB,23,Red Bull Racing,16,159.745,49.114,72.69,37.941,HARD,2,10,14,4,False,None,None,True,3764.795,2020-08-02T13:42:44.809000000,False
ALB,23,Red Bull Racing,17,153.881,45.721,69.865,38.295,HARD,2,11,14,4,False,None,None,True,3924.485,2020-08-02T13:45:24.499000000,False
ALB,23,Red Bull Racing,18,129.712,43.606,53.483,32.623,HARD,2,12,14,41,False,None,None,True,4078.385,2020-08-02T13:47:58.399000000,False
ALB,23,Red Bull Racing,19,96.213,30.521,39.439,26.253,HARD,2,13,14,1,False,None,None,True,4208.097,2020-08-02T13:50:08.111000000,True
ALB,23,Red Bull Racing,20,93.979,29.637,38.511,25.831,HARD,2,14,14,1,False,None,None,True,4304.31,2020-08-02T13:51:44.324000000,True
ALB,23,Red Bull Racing,21,92.77,29.649,37.822,25.299,HARD,2,15,14,1,False,None,None,True,4398.289,2020-08-02T13:53:18.303000000,True
ALB,23,Red Bull Racing,22,92.673,29.536,37.564,25.573,HARD,2,16,14,1,False,None,None,True,4491.059,2020-08-02T13:54:51.073000000,True
ALB,23,Red Bull Racing,23,92.189,29.284,37.431,25.474,HARD,2,17,14,1,False,None,None,True,4583.732,2020-08-02T13:56:23.746000000,True
ALB,23,Red Bull Racing,24,92.107,29.569,37.32,25.218,HARD,2,18,14,1,False,None,None,True,4675.921,2020-08-02T13:57:55.935000000,True
ALB,23,Red Bull Racing,25,92.245,29.353,37.625,25.267,HARD,2,19,14,1,False,None,None,True,4768.028,2020-08-02T13:59:28.042000000,True
ALB,23,Red Bull Racing,26,92.149,29.371,37.516,25.262,HARD,2,20,14,1,False,None,None,True,4860.273,2020-08-02T14:01:00.287000000,True
ALB,23,Red Bull Racing,27,92.35,29.385,37.708,25.257,HARD,2,21,14,1,False,None,None,True,4952.422,2020-08-02T14:02:32.436000000,True
ALB,23,Red Bull Racing,28,92.175,29.295,37.583,25.297,HARD,2,22,14,1,False,None,None,True,5044.772,2020-08-02T14:04:04.786000000,True
ALB,23,Red Bull Racing,29,92.16,29.151,37.702,25.307,HARD,2,23,14,1,False,None,None,True,5136.947,2020-08-02T14:05:36.961000000,True
ALB,23,Red Bull Racing,30,91.204,29.174,37.315,24.715,HARD,2,24,13,1,False,None,5314.504,True,5229.107,2020-08-02T14:07:09.121000000,False
ALB,23,Red Bull Racing,31,117.525,55.099,37.465,24.961,MEDIUM,3,4,17,1,False,5347.796,None,False,5320.311,2020-08-02T14:08:40.325000000,False
ALB,23,Red Bull Racing,32,90.132,28.698,36.595,24.839,MEDIUM,3,5,17,1,True,None,None,False,5437.836,2020-08-02T14:10:37.850000000,True
ALB,23,Red Bull Racing,33,89.637,28.749,36.231,24.657,MEDIUM,3,6,17,1,True,None,None,False,5527.968,2020-08-02T14:12:07.982000000,True
ALB,23,Red Bull Racing,34,89.426,28.645,36.053,24.728,MEDIUM,3,7,17,1,True,None,None,False,5617.605,2020-08-02T14:13:37.619000000,True
ALB,23,Red Bull Racing,35,89.993,28.816,36.223,24.954,MEDIUM,3,8,17,1,False,None,None,False,5707.031,2020-08-02T14:15:07.045000000,True
ALB,23,Red Bull Racing,36,89.565,28.963,35.979,24.623,MEDIUM,3,9,17,1,False,None,None,False,5797.024,2020-08-02T14:16:37.038000000,True
ALB,23,Red Bull Racing,37,89.487,28.722,36.014,24.751,MEDIUM,3,10,16,1,False,None,None,False,5886.589,2020-08-02T14:18:06.603000000,True
ALB,23,Red Bull Racing,38,90.254,28.904,36.291,25.059,MEDIUM,3,11,16,1,False,None,None,False,5976.076,2020-08-02T14:19:36.090000000,True
ALB,23,Red Bull Racing,39,90.426,28.986,37.105,24.335,MEDIUM,3,12,15,1,False,None,None,False,6066.33,2020-08-02T14:21:06.344000000,True
ALB,23,Red Bull Racing,40,89.261,28.574,36.062,24.625,MEDIUM,3,13,15,1,True,None,None,False,6156.756,2020-08-02T14:22:36.770000000,True
ALB,23,Red Bull Racing,41,89.281,28.562,36.435,24.284,MEDIUM,3,14,14,1,False,None,None,False,6246.017,2020-08-02T14:24:06.031000000,True
ALB,23,Red Bull Racing,42,89.485,28.867,35.962,24.656,MEDIUM,3,15,14,1,False,None,None,False,6335.298,2020-08-02T14:25:35.312000000,True
ALB,23,Red Bull Racing,43,89.368,28.853,35.819,24.696,MEDIUM,3,16,14,1,False,None,None,False,6424.783,2020-08-02T14:27:04.797000000,True
ALB,23,Red Bull Racing,44,90.032,28.941,35.986,25.105,MEDIUM,3,17,14,1,False,None,None,False,6514.151,2020-08-02T14:28:34.165000000,True
ALB,23,Red Bull Racing,45,89.685,29.04,36.37,24.275,MEDIUM,3,18,12,1,False,None,None,False,6604.183,2020-08-02T14:30:04.197000000,True
ALB,23,Red Bull Racing,46,88.874,28.732,35.584,24.558,MEDIUM,3,19,12,1,True,None,None,False,6693.868,2020-08-02T14:31:33.882000000,True
ALB,23,Red Bull Racing,47,88.79,28.867,35.486,24.437,MEDIUM,3,20,12,12,True,None,None,False,6782.742,2020-08-02T14:33:02.756000000,True
ALB,23,Red Bull Racing,48,89.075,28.827,35.67,24.578,MEDIUM,3,21,12,21,False,None,None,False,6871.532,2020-08-02T14:34:31.546000000,True
ALB,23,Red Bull Racing,49,89.256,28.838,36.243,24.175,MEDIUM,3,22,11,1,False,None,None,False,6960.607,2020-08-02T14:36:00.621000000,True
ALB,23,Red Bull Racing,50,89.122,28.756,35.578,24.788,MEDIUM,3,23,11,1,False,None,None,False,7049.863,2020-08-02T14:37:29.877000000,True
ALB,23,Red Bull Racing,51,89.162,28.655,35.981,24.526,MEDIUM,3,24,9,1,False,None,None,False,7138.985,2020-08-02T14:38:58.999000000,True
ALB,23,Red Bull Racing,52,88.689,28.67,35.454,24.565,MEDIUM,3,25,8,1,True,None,None,False,7228.147,2020-08-02T14:40:28.161000000,True
BOT,77,Mercedes,1,95.364,None,37.3,25.097,MEDIUM,1,4,2,1,False,None,None,False,2002.751,2020-08-02T13:13:22.765000000,False
BOT,77,Mercedes,2,126.276,35.498,54.625,36.153,MEDIUM,1,5,2,124,True,None,None,False,2098.276,2020-08-02T13:14:58.290000000,False
BOT,77,Mercedes,3,150.518,49.764,59.815,40.939,MEDIUM,1,6,2,4,False,None,None,False,2224.552,2020-08-02T13:17:04.566000000,False
BOT,77,Mercedes,4,153.304,47.204,65.191,40.909,MEDIUM,1,7,2,4,False,None,None,False,2375.058,2020-08-02T13:19:35.072000000,False
BOT,77,Mercedes,5,138.71,43.576,58.886,36.248,MEDIUM,1,8,2,41,False,None,None,False,2528.335,2020-08-02T13:22:08.349000000,False
BOT,77,Mercedes,6,90.858,29.036,36.847,24.975,MEDIUM,1,9,2,1,True,None,None,False,2667.045,2020-08-02T13:24:27.059000000,True
BOT,77,Mercedes,7,91.622,29.389,37.036,25.197,MEDIUM,1,10,2,1,False,None,None,False,2757.903,2020-08-02T13:25:57.917000000,True
BOT,77,Mercedes,8,90.961,29.102,36.767,25.092,MEDIUM,1,11,2,1,False,None,None,False,2849.525,2020-08-02T13:27:29.539000000,True
BOT,77,Mercedes,9,91.039,29.178,36.767,25.094,MEDIUM,1,12,2,1,False,None,None,False,2940.486,2020-08-02T13:29:00.500000000,True
BOT,77,Mercedes,10,90.883,29.192,36.696,24.995,MEDIUM,1,13,2,1,False,None,None,False,3031.525,2020-08-02T13:30:31.539000000,True
BOT,77,Mercedes,11,90.518,29.083,36.559,24.876,MEDIUM,1,14,2,1,True,None,None,False,3122.408,2020-08-02T13:32:02.422000000,True
BOT,77,Mercedes,12,90.968,29.174,36.723,25.071,MEDIUM,1,15,2,12,False,None,None,False,3212.926,2020-08-02T13:33:32.940000000,True
BOT,77,Mercedes,13,128.489,40.965,53.816,33.708,MEDIUM,1,16,2,24,False,None,3426.539,False,3303.894,2020-08-02T13:35:03.908000000,False
BOT,77,Mercedes,14,164.825,58.857,60.899,45.069,HARD,2,1,2,4,False,3457.114,None,True,3432.383,2020-08-02T13:37:12.397000000,False
BOT,77,Mercedes,15,152.049,45.601,65.9,40.548,HARD,2,2,2,4,False,None,None,True,3597.233,2020-08-02T13:39:57.247000000,False
BOT,77,Mercedes,16,157.114,48.985,67.542,40.587,HARD,2,3,2,4,False,None,None,True,3749.253,2020-08-02T13:42:29.267000000,False
BOT,77,Mercedes,17,154.13,46.713,66.241,41.176,HARD,2,4,2,4,False,None,None,True,3906.405,2020-08-02T13:45:06.419000000,False
BOT,77,Mercedes,18,142.431,42.859,61.157,38.415,HARD,2,5,2,41,False,None,None,True,4060.51,2020-08-02T13:47:40.524000000,False
BOT,77,Mercedes,19,90.959,29.067,36.817,25.075,HARD,2,6,2,1,False,None,None,True,4202.941,2020-08-02T13:50:02.955000000,True
BOT,77,Mercedes,20,90.392,28.877,36.513,25.002,HARD,2,7,2,1,True,None,None,True,4293.9,2020-08-02T13:51:33.914000000,True
BOT,77,Mercedes,21,90.415,29.142,36.467,24.806,HARD,2,8,2,1,False,None,None,True,4384.292,2020-08-02T13:53:04.306000000,True
BOT,77,Mercedes,22,90.058,28.824,36.427,24.807,HARD,2,9,2,1,True,None,None,True,4474.707,2020-08-02T13:54:34.721000000,True
BOT,77,Mercedes,23,89.988,28.869,36.374,24.745,HARD,2,10,2,1,True,None,None,True,4564.765,2020-08-02T13:56:04.779000000,True
BOT,77,Mercedes,24,90.506,29.297,36.436,24.773,HARD,2,11,2,1,False,None,None,True,4654.753,2020-08-02T13:57:34.767000000,True
BOT,77,Mercedes,25,90.232,29.128,36.404,24.7,HARD,2,12,2,1,False,None,None,True,4745.259,2020-08-02T13:59:05.273000000,True
BOT,77,Mercedes,26,90.444,29.155,36.394,24.895,HARD,2,13,2,1,False,None,None,True,4835.491,2020-08-02T14:00:35.505000000,True
BOT,77,Mercedes,27,90.164,29.014,36.411,24.739,HARD,2,14,2,1,False,None,None,True,4925.935,2020-08-02T14:02:05.949000000,True
BOT,77,Mercedes,28,89.764,28.915,36.231,24.618,HARD,2,15,2,1,True,None,None,True,5016.099,2020-08-02T14:03:36.113000000,True
BOT,77,Mercedes,29,89.944,28.925,36.255,24.764,HARD,2,16,2,1,False,None,None,True,5105.863,2020-08-02T14:05:05.877000000,True
BOT,77,Mercedes,30,89.934,28.996,36.311,24.627,HARD,2,17,2,1,False,None,None,True,5195.807,2020-08-02T14:06:35.821000000,True
BOT,77,Mercedes,31,89.719,28.74,36.38,24.599,HARD,2,18,2,1,True,None,None,True,5285.741,2020-08-02T14:08:05.755000000,True
BOT,77,Mercedes,32,89.617,28.816,36.158,24.643,HARD,2,19,2,1,True,None,None,True,5375.46,2020-08-02T14:09:35.474000000,True
BOT,77,Mercedes,33,89.579,28.787,36.123,24.669,HARD,2,20,2,1,True,None,None,True,5465.077,2020-08-02T14:11:05.091000000,True
BOT,77,Mercedes,34,89.608,28.783,36.179,24.646,HARD,2,21,2,1,False,None,None,True,5554.656,2020-08-02T14:12:34.670000000,True
BOT,77,Mercedes,35,89.463,28.814,36.1,24.549,HARD,2,22,2,1,True,None,None,True,5644.264,2020-08-02T14:14:04.278000000,True
BOT,77,Mercedes,36,89.765,28.848,36.119,24.798,HARD,2,23,2,1,False,None,None,True,5733.727,2020-08-02T14:15:33.741000000,True
BOT,77,Mercedes,37,89.881,29.035,36.212,24.634,HARD,2,24,2,1,False,None,None,True,5823.492,2020-08-02T14:17:03.506000000,True
BOT,77,Mercedes,38,89.508,28.763,36.208,24.537,HARD,2,25,2,1,False,None,None,True,5913.373,2020-08-02T14:18:33.387000000,True
BOT,77,Mercedes,39,89.907,28.798,36.362,24.747,HARD,2,26,2,1,False,None,None,True,6002.881,2020-08-02T14:20:02.895000000,True
BOT,77,Mercedes,40,89.892,28.782,36.291,24.819,HARD,2,27,2,1,False,None,None,True,6092.788,2020-08-02T14:21:32.802000000,True
BOT,77,Mercedes,41,89.265,28.607,36.167,24.491,HARD,2,28,2,1,True,None,None,True,6182.68,2020-08-02T14:23:02.694000000,True
BOT,77,Mercedes,42,89.296,28.671,36.084,24.541,HARD,2,29,2,1,False,None,None,True,6271.945,2020-08-02T14:24:31.959000000,True
BOT,77,Mercedes,43,89.723,28.869,36.249,24.605,HARD,2,30,2,1,False,None,None,True,6361.241,2020-08-02T14:26:01.255000000,True
BOT,77,Mercedes,44,89.78,28.958,36.242,24.58,HARD,2,31,2,1,False,None,None,True,6450.964,2020-08-02T14:27:30.978000000,True
BOT,77,Mercedes,45,89.739,28.871,36.135,24.733,HARD,2,32,2,1,False,None,None,True,6540.744,2020-08-02T14:29:00.758000000,True
BOT,77,Mercedes,46,90.164,29.137,36.322,24.705,HARD,2,33,2,1,False,None,None,True,6630.483,2020-08-02T14:30:30.497000000,True
BOT,77,Mercedes,47,90.271,29.021,36.465,24.785,HARD,2,34,2,1,False,None,None,True,6720.647,2020-08-02T14:32:00.661000000,True
BOT,77,Mercedes,48,91.797,29.062,37.719,25.016,HARD,2,35,2,12,False,None,None,True,6810.918,2020-08-02T14:33:30.932000000,True
BOT,77,Mercedes,49,91.051,28.946,36.556,25.549,HARD,2,36,2,1,False,None,None,True,6902.715,2020-08-02T14:35:02.729000000,True
BOT,77,Mercedes,50,126.242,42.168,51.92,32.154,HARD,2,37,4,1,False,None,7113.998,True,6993.766,2020-08-02T14:36:33.780000000,False
BOT,77,Mercedes,51,116.238,54.491,37.156,24.591,SOFT,3,4,12,1,False,7147.576,None,False,7120.008,2020-08-02T14:38:40.022000000,False
BOT,77,Mercedes,52,90.086,28.466,36.03,25.59,SOFT,3,5,11,1,False,None,None,False,7236.246,2020-08-02T14:40:36.260000000,True
GAS,10,AlphaTauri,1,101.865,None,40.714,26.155,MEDIUM,1,1,11,1,False,None,None,True,2002.751,2020-08-02T13:13:22.765000000,False
GAS,10,AlphaTauri,2,132.616,45.915,50.751,35.95,MEDIUM,1,2,11,124,True,None,None,True,2104.777,2020-08-02T13:15:04.791000000,False
GAS,10,AlphaTauri,3,149.661,45.594,62.264,41.803,MEDIUM,1,3,11,4,False,None,None,True,2237.393,2020-08-02T13:17:17.407000000,False
GAS,10,AlphaTauri,4,153.98,48.141,63.205,42.634,MEDIUM,1,4,11,4,False,None,None,True,2387.054,2020-08-02T13:19:47.068000000,False
GAS,10,AlphaTauri,5,130.165,43.714,54.216,32.235,MEDIUM,1,5,11,41,True,None,None,True,2540.99,2020-08-02T13:22:21.004000000,False
GAS,10,AlphaTauri,6,95.376,30.426,38.642,26.308,MEDIUM,1,6,11,1,True,None,None,True,2671.155,2020-08-02T13:24:31.169000000,True
GAS,10,AlphaTauri,7,94.882,29.936,38.747,26.199,MEDIUM,1,7,11,1,True,None,None,True,2766.531,2020-08-02T13:26:06.545000000,True
GAS,10,AlphaTauri,8,93.491,29.43,38.192,25.869,MEDIUM,1,8,11,1,True,None,None,True,2861.413,2020-08-02T13:27:41.427000000,True
GAS,10,AlphaTauri,9,93.415,29.396,38.177,25.842,MEDIUM,1,9,11,1,True,None,None,True,2954.904,2020-08-02T13:29:14.918000000,True
GAS,10,AlphaTauri,10,93.628,29.548,38.049,26.031,MEDIUM,1,10,11,1,False,None,None,True,3048.319,2020-08-02T13:30:48.333000000,True
GAS,10,AlphaTauri,11,92.954,29.398,38.056,25.5,MEDIUM,1,11,11,1,True,None,None,True,3141.947,2020-08-02T13:32:21.961000000,True
GAS,10,AlphaTauri,12,100.646,29.45,38.187,33.009,MEDIUM,1,12,11,124,False,None,3329.709,True,3234.901,2020-08-02T13:33:54.915000000,False
GAS,10,AlphaTauri,13,147.726,60.094,53.606,34.026,HARD,2,1,13,4,False,3359.125,None,True,3335.547,2020-08-02T13:35:35.561000000,False
GAS,10,AlphaTauri,14,128.272,37.871,48.903,41.498,HARD,2,2,13,4,False,None,None,True,3483.273,2020-08-02T13:38:03.287000000,False
GAS,10,AlphaTauri,15,151.573,45.795,67.725,38.053,HARD,2,3,13,4,False,None,None,True,3611.545,2020-08-02T13:40:11.559000000,False
GAS,10,AlphaTauri,16,160.103,49.892,72.825,37.386,HARD,2,4,13,4,False,None,None,True,3763.14,2020-08-02T13:42:43.154000000,False
GAS,10,AlphaTauri,17,153.039,44.363,70.875,37.801,HARD,2,5,13,4,False,None,None,True,3923.235,2020-08-02T13:45:23.249000000,False
GAS,10,AlphaTauri,18,131.471,43.087,55.403,32.981,HARD,2,6,13,41,False,None,None,True,4076.262,2020-08-02T13:47:56.276000000,False
GAS,10,AlphaTauri,19,95.992,30.583,39.123,26.286,HARD,2,7,13,1,False,None,None,True,4207.733,2020-08-02T13:50:07.747000000,True
GAS,10,AlphaTauri,20,93.998,29.704,38.391,25.903,HARD,2,8,13,1,False,None,None,True,4303.725,2020-08-02T13:51:43.739000000,True
GAS,10,AlphaTauri,21,92.775,29.416,38.014,25.345,HARD,2,9,13,1,True,None,None,True,4397.723,2020-08-02T13:53:17.737000000,True
GAS,10,AlphaTauri,22,92.586,29.258,37.833,25.495,HARD,2,10,13,1,True,None,None,True,4490.498,2020-08-02T13:54:50.512000000,True
GAS,10,AlphaTauri,23,92.296,29.221,37.461,25.614,HARD,2,11,13,1,True,None,None,True,4583.084,2020-08-02T13:56:23.098000000,True
GAS,10,AlphaTauri,24,92.062,29.217,37.552,25.293,HARD,2,12,13,1,True,None,None,True,4675.38,2020-08-02T13:57:55.394000000,True
GAS,10,AlphaTauri,25,92.206,29.266,37.62,25.32,HARD,2,13,13,1,False,None,None,True,4767.442,2020-08-02T13:59:27.456000000,True
GAS,10,AlphaTauri,26,92.16,29.327,37.591,25.242,HARD,2,14,13,1,False,None,None,True,4859.648,2020-08-02T14:00:59.662000000,True
GAS,10,AlphaTauri,27,92.397,29.051,38.086,25.26,HARD,2,15,13,1,False,None,None,True,4951.808,2020-08-02T14:02:31.822000000,True
GAS,10,AlphaTauri,28,92.172,29.144,37.779,25.249,HARD,2,16,13,1,False,None,None,True,5044.205,2020-08-02T14:04:04.219000000,True
GAS,10,AlphaTauri,29,92.051,29.465,37.391,25.195,HARD,2,17,13,1,True,None,None,True,5136.377,2020-08-02T14:05:36.391000000,True
GAS,10,AlphaTauri,30,91.296,29.156,37.232,24.908,HARD,2,18,12,1,True,None,None,True,5228.428,2020-08-02T14:07:08.442000000,True
GAS,10,AlphaTauri,31,91.946,29.456,37.256,25.234,HARD,2,19,12,1,False,None,None,True,5319.724,2020-08-02T14:08:39.738000000,True
GAS,10,AlphaTauri,32,91.253,29.214,37.028,25.011,HARD,2,20,12,1,True,None,None,True,5411.67,2020-08-02T14:10:11.684000000,True
GAS,10,AlphaTauri,33,91.451,29.262,37.152,25.037,HARD,2,21,12,1,False,None,None,True,5502.923,2020-08-02T14:11:42.937000000,True
GAS,10,AlphaTauri,34,91.13,29.067,36.932,25.131,HARD,2,22,12,1,True,None,None,True,5594.374,2020-08-02T14:13:14.388000000,True
GAS,10,AlphaTauri,35,91.736,29.279,37.147,25.31,HARD,2,23,12,1,False,None,None,True,5685.504,2020-08-02T14:14:45.518000000,True
GAS,10,AlphaTauri,36,91.107,29.192,36.906,25.009,HARD,2,24,12,1,True,None,None,True,5777.24,2020-08-02T14:16:17.254000000,True
GAS,10,AlphaTauri,37,91.084,29.016,36.919,25.149,HARD,2,25,10,1,False,None,None,True,5868.347,2020-08-02T14:17:48.361000000,True
GAS,10,AlphaTauri,38,91.104,29.295,36.842,24.967,HARD,2,26,10,1,True,None,None,True,5959.431,2020-08-02T14:19:19.445000000,True
GAS,10,AlphaTauri,39,90.805,29.1,36.714,24.991,HARD,2,27,10,1,True,None,None,True,6050.535,2020-08-02T14:20:50.549000000,True
GAS,10,AlphaTauri,40,90.419,28.889,36.685,24.845,HARD,2,28,10,1,True,None,None,True,6141.34,2020-08-02T14:22:21.354000000,True
GAS,10,AlphaTauri,41,90.319,28.82,36.604,24.895,HARD,2,29,10,1,True,None,None,True,6231.759,2020-08-02T14:23:51.773000000,True
GAS,10,AlphaTauri,42,90.36,28.9,36.613,24.847,HARD,2,30,10,1,False,None,None,True,6322.078,2020-08-02T14:25:22.092000000,True
GAS,10,AlphaTauri,43,90.435,29.114,36.399,24.922,HARD,2,31,10,1,False,None,None,True,6412.438,2020-08-02T14:26:52.452000000,True
GAS,10,AlphaTauri,44,90.498,29.05,36.536,24.912,HARD,2,32,10,1,False,None,None,True,6502.873,2020-08-02T14:28:22.887000000,True
GAS,10,AlphaTauri,45,90.605,29.144,36.538,24.923,HARD,2,33,10,1,False,None,None,True,6593.371,2020-08-02T14:29:53.385000000,True
GAS,10,AlphaTauri,46,90.535,29.108,36.544,24.883,HARD,2,34,10,1,False,None,None,True,6683.976,2020-08-02T14:31:23.990000000,True
GAS,10,AlphaTauri,47,90.189,29.007,36.351,24.831,HARD,2,35,10,1,True,None,None,True,6774.511,2020-08-02T14:32:54.525000000,True
GAS,10,AlphaTauri,48,90.575,28.863,36.365,25.347,HARD,2,36,10,12,False,None,None,True,6864.7,2020-08-02T14:34:24.714000000,True
GAS,10,AlphaTauri,49,90.324,29.186,36.415,24.723,HARD,2,37,9,1,False,None,None,True,6955.275,2020-08-02T14:35:55.289000000,True
GAS,10,AlphaTauri,50,90.175,28.931,36.427,24.817,HARD,2,38,9,1,True,None,None,True,7045.599,2020-08-02T14:37:25.613000000,True
GAS,10,AlphaTauri,51,89.964,28.916,36.401,24.647,HARD,2,39,8,1,True,None,None,True,7135.774,2020-08-02T14:38:55.788000000,True
GAS,10,AlphaTauri,52,89.603,28.943,36.034,24.626,HARD,2,40,7,1,True,None,None,True,7225.738,2020-08-02T14:40:25.752000000,True
GIO,99,Alfa Romeo Racing,1,103.369,None,40.404,27.008,MEDIUM,1,1,13,1,False,None,None,True,2002.751,2020-08-02T13:13:22.765000000,False
GIO,99,Alfa Romeo Racing,2,134.228,46.468,52.045,35.715,MEDIUM,1,2,13,124,True,None,None,True,2106.281,2020-08-02T13:15:06.295000000,False
GIO,99,Alfa Romeo Racing,3,149.7,44.697,62.461,42.542,MEDIUM,1,3,13,4,False,None,None,True,2240.509,2020-08-02T13:17:20.523000000,False
GIO,99,Alfa Romeo Racing,4,154.31,47.137,66.706,40.467,MEDIUM,1,4,13,4,False,None,None,True,2390.209,2020-08-02T13:19:50.223000000,False
GIO,99,Alfa Romeo Racing,5,128.087,42.525,53.687,31.875,MEDIUM,1,5,13,41,True,None,None,True,2544.51,2020-08-02T13:22:24.524000000,False
GIO,99,Alfa Romeo Racing,6,95.001,30.059,39.139,25.803,MEDIUM,1,6,12,1,True,None,None,True,2672.597,2020-08-02T13:24:32.611000000,True
GIO,99,Alfa Romeo Racing,7,94.52,29.813,38.609,26.098,MEDIUM,1,7,12,1,True,None,None,True,2767.598,2020-08-02T13:26:07.612000000,True
GIO,99,Alfa Romeo Racing,8,93.506,29.591,38.212,25.703,MEDIUM,1,8,12,1,True,None,None,True,2862.118,2020-08-02T13:27:42.132000000,True
GIO,99,Alfa Romeo Racing,9,93.445,29.57,38.101,25.774,MEDIUM,1,9,12,1,True,None,None,True,2955.624,2020-08-02T13:29:15.638000000,True
GIO,99,Alfa Romeo Racing,10,93.621,29.624,38.072,25.925,MEDIUM,1,10,12,1,False,None,None,True,3049.069,2020-08-02T13:30:49.083000000,True
GIO,99,Alfa Romeo Racing,11,93.955,29.88,38.681,25.394,MEDIUM,1,11,13,1,False,None,None,True,3142.69,2020-08-02T13:32:22.704000000,True
GIO,99,Alfa Romeo Racing,12,99.88,29.801,38.688,31.391,MEDIUM,1,12,12,124,False,None,3330.67,True,3236.645,2020-08-02T13:33:56.659000000,False
GIO,99,Alfa Romeo Racing,13,146.229,58.04,53.934,34.255,HARD,2,1,12,4,False,3362.204,None,True,3336.525,2020-08-02T13:35:36.539000000,False
GIO,99,Alfa Romeo Racing,14,127.745,37.008,48.133,42.604,HARD,2,2,12,4,False,None,None,True,3482.754,2020-08-02T13:38:02.768000000,False
GIO,99,Alfa Romeo Racing,15,151.331,45.222,68.619,37.49,HARD,2,3,12,4,False,None,None,True,3610.499,2020-08-02T13:40:10.513000000,False
GIO,99,Alfa Romeo Racing,16,159.985,49.533,73.093,37.359,HARD,2,4,12,4,False,None,None,True,3761.859,2020-08-02T13:42:41.873000000,False
GIO,99,Alfa Romeo Racing,17,153.418,44.083,71.831,37.504,HARD,2,5,12,4,False,None,None,True,3921.85,2020-08-02T13:45:21.864000000,False
GIO,99,Alfa Romeo Racing,18,132.137,42.521,55.223,34.393,HARD,2,6,12,41,False,None,None,True,4075.221,2020-08-02T13:47:55.235000000,False
GIO,99,Alfa Romeo Racing,19,95.792,30.679,39.02,26.093,HARD,2,7,12,1,False,None,None,True,4207.358,2020-08-02T13:50:07.372000000,True
GIO,99,Alfa Romeo Racing,20,94.027,29.789,38.307,25.931,HARD,2,8,12,1,False,None,None,True,4303.15,2020-08-02T13:51:43.164000000,True
GIO,99,Alfa Romeo Racing,21,92.582,29.307,37.91,25.365,HARD,2,9,12,1,True,None,None,True,4397.177,2020-08-02T13:53:17.191000000,True
GIO,99,Alfa Romeo Racing,22,92.693,29.431,37.706,25.556,HARD,2,10,12,1,False,None,None,True,4489.759,2020-08-02T13:54:49.773000000,True
GIO,99,Alfa Romeo Racing,23,92.158,29.24,37.481,25.437,HARD,2,11,12,1,True,None,None,True,4582.452,2020-08-02T13:56:22.466000000,True
GIO,99,Alfa Romeo Racing,24,92.206,29.554,37.4,25.252,HARD,2,12,12,1,False,None,None,True,4674.61,2020-08-02T13:57:54.624000000,True
GIO,99,Alfa Romeo Racing,25,92.323,29.324,37.701,25.298,HARD,2,13,12,1,False,None,None,True,4766.816,2020-08-02T13:59:26.830000000,True
GIO,99,Alfa Romeo Racing,26,92.258,29.218,37.61,25.43,HARD,2,14,12,1,False,None,None,True,4859.139,2020-08-02T14:00:59.153000000,True
GIO,99,Alfa Romeo Racing,27,92.276,29.357,37.761,25.158,HARD,2,15,12,1,False,None,None,True,4951.397,2020-08-02T14:02:31.411000000,True
GIO,99,Alfa Romeo Racing,28,92.249,29.301,37.596,25.352,HARD,2,16,12,1,False,None,None,True,5043.673,2020-08-02T14:04:03.687000000,True
GIO,99,Alfa Romeo Racing,29,91.913,29.252,37.386,25.275,HARD,2,17,12,1,True,None,None,True,5135.922,2020-08-02T14:05:35.936000000,True
GIO,99,Alfa Romeo Racing,30,92.614,29.328,37.194,26.092,HARD,2,18,14,1,False,None,None,True,5227.835,2020-08-02T14:07:07.849000000,True
GIO,99,Alfa Romeo Racing,31,92.275,29.353,37.613,25.309,HARD,2,19,13,1,False,None,None,True,5320.449,2020-08-02T14:08:40.463000000,True
GIO,99,Alfa Romeo Racing,32,91.808,29.322,37.122,25.364,HARD,2,20,13,1,True,None,None,True,5412.724,2020-08-02T14:10:12.738000000,True
GIO,99,Alfa Romeo Racing,33,91.548,29.386,37.016,25.146,HARD,2,21,13,1,True,None,None,True,5504.532,2020-08-02T14:11:44.546000000,True
GIO,99,Alfa Romeo Racing,34,91.633,29.298,37.024,25.311,HARD,2,22,13,1,False,None,None,True,5596.08,2020-08-02T14:13:16.094000000,True
GIO,99,Alfa Romeo Racing,35,91.905,29.455,37.047,25.403,HARD,2,23,13,1,False,None,None,True,5687.713,2020-08-02T14:14:47.727000000,True
GIO,99,Alfa Romeo Racing,36,91.718,29.372,37.041,25.305,HARD,2,24,13,1,False,None,None,True,5779.618,2020-08-02T14:16:19.632000000,True
GIO,99,Alfa Romeo Racing,37,91.72,29.342,36.982,25.396,HARD,2,25,12,1,False,None,None,True,5871.336,2020-08-02T14:17:51.350000000,True
GIO,99,Alfa Romeo Racing,38,91.401,29.27,36.895,25.236,HARD,2,26,12,1,True,None,None,True,5963.056,2020-08-02T14:19:23.070000000,True
GIO,99,Alfa Romeo Racing,39,91.566,29.324,36.845,25.397,HARD,2,27,12,1,False,None,None,True,6054.457,2020-08-02T14:20:54.471000000,True
GIO,99,Alfa Romeo Racing,40,91.701,29.15,36.844,25.707,HARD,2,28,12,1,False,None,None,True,6146.023,2020-08-02T14:22:26.037000000,True
GIO,99,Alfa Romeo Racing,41,91.109,29.05,36.836,25.223,HARD,2,29,12,1,True,None,None,True,6237.724,2020-08-02T14:23:57.738000000,True
GIO,99,Alfa Romeo Racing,42,91.547,29.306,37.0,25.241,HARD,2,30,12,1,False,None,None,True,6328.833,2020-08-02T14:25:28.847000000,True
GIO,99,Alfa Romeo Racing,43,91.462,29.313,36.763,25.386,HARD,2,31,12,1,False,None,None,True,6420.38,2020-08-02T14:27:00.394000000,True
GIO,99,Alfa Romeo Racing,44,91.177,29.201,36.747,25.229,HARD,2,32,12,1,False,None,None,True,6511.842,2020-08-02T14:28:31.856000000,True
GIO,99,Alfa Romeo Racing,45,92.133,29.284,36.93,25.919,HARD,2,33,13,1,False,None,None,True,6603.019,2020-08-02T14:30:03.033000000,True
GIO,99,Alfa Romeo Racing,46,91.417,29.307,36.831,25.279,HARD,2,34,13,1,False,None,None,True,6695.152,2020-08-02T14:31:35.166000000,True
GIO,99,Alfa Romeo Racing,47,91.147,29.327,36.716,25.104,HARD,2,35,13,12,False,None,None,True,6786.569,2020-08-02T14:33:06.583000000,True
GIO,99,Alfa Romeo Racing,48,91.014,29.203,36.728,25.083,HARD,2,36,13,1,True,None,None,True,6877.716,2020-08-02T14:34:37.730000000,True
GIO,99,Alfa Romeo Racing,49,90.977,29.184,36.659,25.134,HARD,2,37,13,1,True,None,None,True,6968.73,2020-08-02T14:36:08.744000000,True
GIO,99,Alfa Romeo Racing,50,91.082,29.233,36.696,25.153,HARD,2,38,13,1,False,None,None,True,7059.707,2020-08-02T14:37:39.721000000,True
GIO,99,Alfa Romeo Racing,51,91.072,29.129,36.814,25.129,HARD,2,39,13,1,False,None,None,True,7150.789,2020-08-02T14:39:10.803000000,True
GIO,99,Alfa Romeo Racing,52,91.518,29.124,37.113,25.281,HARD,2,40,12,1,False,None,None,True,7241.861,2020-08-02T14:40:41.875000000,True
GRO,8,Haas F1 Team,1,104.267,None,40.405,26.837,MEDIUM,1,1,16,1,False,None,None,True,2002.751,2020-08-02T13:13:22.765000000,False
GRO,8,Haas F1 Team,2,136.618,48.159,51.674,36.785,MEDIUM,1,2,15,124,True,None,None,True,2107.179,2020-08-02T13:15:07.193000000,False
GRO,8,Haas F1 Team,3,150.42,45.054,61.278,44.088,MEDIUM,1,3,15,4,False,None,None,True,2243.797,2020-08-02T13:17:23.811000000,False
GRO,8,Haas F1 Team,4,154.305,46.134,66.854,41.317,MEDIUM,1,4,15,4,False,None,None,True,2394.224,2020-08-02T13:19:54.238000000,False
GRO,8,Haas F1 Team,5,125.987,43.51,50.906,31.571,MEDIUM,1,5,15,41,True,None,None,True,2548.513,2020-08-02T13:22:28.527000000,False
GRO,8,Haas F1 Team,6,94.525,29.722,38.5,26.303,MEDIUM,1,6,15,1,True,None,None,True,2674.5,2020-08-02T13:24:34.514000000,True
GRO,8,Haas F1 Team,7,94.24,29.78,38.189,26.271,MEDIUM,1,7,14,1,True,None,None,True,2769.025,2020-08-02T13:26:09.039000000,True
GRO,8,Haas F1 Team,8,93.672,29.747,38.303,25.622,MEDIUM,1,8,14,1,True,None,None,True,2863.265,2020-08-02T13:27:43.279000000,True
GRO,8,Haas F1 Team,9,93.467,29.771,38.009,25.687,MEDIUM,1,9,14,1,False,None,None,True,2956.937,2020-08-02T13:29:16.951000000,True
GRO,8,Haas F1 Team,10,93.607,29.837,38.128,25.642,MEDIUM,1,10,14,1,True,None,None,True,3050.404,2020-08-02T13:30:50.418000000,True
GRO,8,Haas F1 Team,11,93.605,29.787,38.132,25.686,MEDIUM,1,11,14,1,True,None,None,True,3144.011,2020-08-02T13:32:24.025000000,True
GRO,8,Haas F1 Team,12,104.987,30.121,38.565,36.301,MEDIUM,1,12,14,124,False,None,None,True,3237.616,2020-08-02T13:33:57.630000000,False
GRO,8,Haas F1 Team,13,128.326,41.34,53.872,33.114,MEDIUM,1,13,7,4,False,None,None,True,3342.603,2020-08-02T13:35:42.617000000,False
GRO,8,Haas F1 Team,14,130.741,37.677,48.789,44.275,MEDIUM,1,14,5,4,False,None,None,True,3470.929,2020-08-02T13:37:50.943000000,False
GRO,8,Haas F1 Team,15,151.069,44.726,67.611,38.732,MEDIUM,1,15,5,4,False,None,None,True,3601.67,2020-08-02T13:40:01.684000000,False
GRO,8,Haas F1 Team,16,159.117,50.504,69.552,39.061,MEDIUM,1,16,5,4,False,None,None,True,3752.742,2020-08-02T13:42:32.756000000,False
GRO,8,Haas F1 Team,17,153.187,45.782,68.455,38.95,MEDIUM,1,17,5,4,False,None,None,True,3911.862,2020-08-02T13:45:11.876000000,False
GRO,8,Haas F1 Team,18,139.878,42.306,60.172,37.4,MEDIUM,1,18,5,41,False,None,None,True,4065.034,2020-08-02T13:47:45.048000000,False
GRO,8,Haas F1 Team,19,94.042,30.02,38.23,25.792,MEDIUM,1,19,5,1,False,None,None,True,4204.912,2020-08-02T13:50:04.926000000,True
GRO,8,Haas F1 Team,20,92.647,29.386,37.514,25.747,MEDIUM,1,20,5,1,True,None,None,True,4298.954,2020-08-02T13:51:38.968000000,True
GRO,8,Haas F1 Team,21,92.736,29.437,37.419,25.88,MEDIUM,1,21,5,1,False,None,None,True,4391.601,2020-08-02T13:53:11.615000000,True
GRO,8,Haas F1 Team,22,93.137,29.409,37.338,26.39,MEDIUM,1,22,6,1,False,None,None,True,4484.337,2020-08-02T13:54:44.351000000,True
GRO,8,Haas F1 Team,23,92.632,29.522,37.613,25.497,MEDIUM,1,23,6,1,True,None,None,True,4577.474,2020-08-02T13:56:17.488000000,True
GRO,8,Haas F1 Team,24,93.129,29.561,37.302,26.266,MEDIUM,1,24,7,1,False,None,None,True,4670.106,2020-08-02T13:57:50.120000000,True
GRO,8,Haas F1 Team,25,92.537,29.629,37.411,25.497,MEDIUM,1,25,7,1,True,None,None,True,4763.235,2020-08-02T13:59:23.249000000,True
GRO,8,Haas F1 Team,26,92.307,29.315,37.497,25.495,MEDIUM,1,26,7,1,True,None,None,True,4855.772,2020-08-02T14:00:55.786000000,True
GRO,8,Haas F1 Team,27,91.885,29.37,37.078,25.437,MEDIUM,1,27,7,1,True,None,None,True,4948.079,2020-08-02T14:02:28.093000000,True
GRO,8,Haas F1 Team,28,91.76,29.323,37.075,25.362,MEDIUM,1,28,7,1,True,None,None,True,5039.964,2020-08-02T14:03:59.978000000,True
GRO,8,Haas F1 Team,29,91.708,29.354,37.108,25.246,MEDIUM,1,29,7,1,True,None,None,True,5131.724,2020-08-02T14:05:31.738000000,True
GRO,8,Haas F1 Team,30,91.447,29.306,36.843,25.298,MEDIUM,1,30,7,1,True,None,None,True,5223.432,2020-08-02T14:07:03.446000000,True
GRO,8,Haas F1 Team,31,91.398,29.295,36.743,25.36,MEDIUM,1,31,7,1,True,None,None,True,5314.879,2020-08-02T14:08:34.893000000,True
GRO,8,Haas F1 Team,32,91.447,29.29,36.877,25.28,MEDIUM,1,32,7,1,False,None,None,True,5406.277,2020-08-02T14:10:06.291000000,True
GRO,8,Haas F1 Team,33,91.124,29.263,36.756,25.105,MEDIUM,1,33,7,1,True,None,None,True,5497.724,2020-08-02T14:11:37.738000000,True
GRO,8,Haas F1 Team,34,91.067,29.03,36.916,25.121,MEDIUM,1,34,7,1,True,None,None,True,5588.848,2020-08-02T14:13:08.862000000,True
GRO,8,Haas F1 Team,35,91.662,29.481,36.875,25.306,MEDIUM,1,35,7,1,False,None,None,True,5679.915,2020-08-02T14:14:39.929000000,True
GRO,8,Haas F1 Team,36,93.318,29.372,38.331,25.615,MEDIUM,1,36,9,1,False,None,5859.065,True,5771.577,2020-08-02T14:16:11.591000000,False
GRO,8,Haas F1 Team,37,118.576,55.96,37.464,25.152,HARD,2,1,17,1,False,5892.866,None,True,5864.895,2020-08-02T14:17:44.909000000,False
GRO,8,Haas F1 Team,38,90.862,29.145,36.701,25.016,HARD,2,2,17,1,True,None,None,True,5983.471,2020-08-02T14:19:43.485000000,True
GRO,8,Haas F1 Team,39,90.365,28.975,36.399,24.991,HARD,2,3,17,1,True,None,None,True,6074.333,2020-08-02T14:21:14.347000000,True
GRO,8,Haas F1 Team,40,90.148,28.852,36.496,24.8,HARD,2,4,17,1,True,None,None,True,6164.698,2020-08-02T14:22:44.712000000,True
GRO,8,Haas F1 Team,41,89.919,28.771,36.461,24.687,HARD,2,5,17,1,True,None,None,True,6254.846,2020-08-02T14:24:14.860000000,True
GRO,8,Haas F1 Team,42,90.644,29.189,36.637,24.818,HARD,2,6,17,1,False,None,None,True,6344.765,2020-08-02T14:25:44.779000000,True
GRO,8,Haas F1 Team,43,90.84,29.248,36.407,25.185,HARD,2,7,17,1,False,None,None,True,6435.409,2020-08-02T14:27:15.423000000,True
GRO,8,Haas F1 Team,44,90.57,29.208,36.813,24.549,HARD,2,8,16,1,False,None,None,True,6526.249,2020-08-02T14:28:46.263000000,True
GRO,8,Haas F1 Team,45,90.321,29.222,36.307,24.792,HARD,2,9,16,1,False,None,None,True,6616.819,2020-08-02T14:30:16.833000000,True
GRO,8,Haas F1 Team,46,89.965,29.111,36.215,24.639,HARD,2,10,16,1,False,None,None,True,6707.14,2020-08-02T14:31:47.154000000,True
GRO,8,Haas F1 Team,47,90.261,29.196,36.217,24.848,HARD,2,11,16,12,False,None,None,True,6797.105,2020-08-02T14:33:17.119000000,True
GRO,8,Haas F1 Team,48,90.062,29.142,36.252,24.668,HARD,2,12,16,1,False,None,None,True,6887.366,2020-08-02T14:34:47.380000000,True
GRO,8,Haas F1 Team,49,89.782,28.991,36.218,24.573,HARD,2,13,16,1,True,None,None,True,6977.428,2020-08-02T14:36:17.442000000,True
GRO,8,Haas F1 Team,50,90.013,29.178,36.259,24.576,HARD,2,14,16,1,False,None,None,True,7067.21,2020-08-02T14:37:47.224000000,True
GRO,8,Haas F1 Team,51,90.318,29.194,36.356,24.768,HARD,2,15,16,1,False,None,None,True,7157.223,2020-08-02T14:39:17.237000000,True
GRO,8,Haas F1 Team,52,91.686,29.3,36.944,25.442,HARD,2,16,16,1,False,None,None,True,7247.541,2020-08-02T14:40:47.555000000,True
HAM,44,Mercedes,1,94.01,None,37.157,24.87,MEDIUM,1,4,1,1,False,None,None,False,2002.751,2020-08-02T13:13:22.765000000,False
HAM,44,Mercedes,2,126.445,34.863,54.807,36.775,MEDIUM,1,5,1,124,True,None,None,False,2096.922,2020-08-02T13:14:56.936000000,False
HAM,44,Mercedes,3,151.201,50.254,59.842,41.105,MEDIUM,1,6,1,4,False,None,None,False,2223.367,2020-08-02T13:17:03.381000000,False
HAM,44,Mercedes,4,152.874,46.827,64.918,41.129,MEDIUM,1,7,1,4,False,None,None,False,2374.594,2020-08-02T13:19:34.608000000,False
HAM,44,Mercedes,5,138.933,43.592,59.048,36.293,MEDIUM,1,8,1,41,False,None,None,False,2527.429,2020-08-02T13:22:07.443000000,False
HAM,44,Mercedes,6,90.533,29.008,36.747,24.778,MEDIUM,1,9,1,1,True,None,None,False,2666.362,2020-08-02T13:24:26.376000000,True
HAM,44,Mercedes,7,91.143,29.182,36.873,25.088,MEDIUM,1,10,1,1,False,None,None,False,2756.895,2020-08-02T13:25:56.909000000,True
HAM,44,Mercedes,8,90.943,29.172,36.887,24.884,MEDIUM,1,11,1,1,False,None,None,False,2848.038,2020-08-02T13:27:28.052000000,True
HAM,44,Mercedes,9,90.868,29.178,36.775,24.915,MEDIUM,1,12,1,1,False,None,None,False,2938.981,2020-08-02T13:28:58.995000000,True
HAM,44,Mercedes,10,90.838,29.263,36.675,24.9,MEDIUM,1,13,1,1,False,None,None,False,3029.849,2020-08-02T13:30:29.863000000,True
HAM,44,Mercedes,11,90.903,29.262,36.662,24.979,MEDIUM,1,14,1,1,False,None,None,False,3120.687,2020-08-02T13:32:00.701000000,True
HAM,44,Mercedes,12,90.705,29.204,36.632,24.869,MEDIUM,1,15,1,12,False,None,None,False,3211.59,2020-08-02T13:33:31.604000000,True
HAM,44,Mercedes,13,125.834,39.506,53.984,32.344,MEDIUM,1,16,1,24,False,None,3422.246,False,3302.295,2020-08-02T13:35:02.309000000,False
HAM,44,Mercedes,14,167.254,60.937,60.906,45.411,HARD,2,1,1,4,False,3451.07,None,True,3428.129,2020-08-02T13:37:08.143000000,False
HAM,44,Mercedes,15,151.637,46.854,65.13,39.653,HARD,2,2,1,4,False,None,None,True,3595.447,2020-08-02T13:39:55.461000000,False
HAM,44,Mercedes,16,158.09,50.163,67.853,40.074,HARD,2,3,1,4,False,None,None,True,3747.063,2020-08-02T13:42:27.077000000,False
HAM,44,Mercedes,17,154.082,46.504,66.495,41.083,HARD,2,4,1,4,False,None,None,True,3905.174,2020-08-02T13:45:05.188000000,False
HAM,44,Mercedes,18,142.988,43.285,61.091,38.612,HARD,2,5,1,41,False,None,None,True,4059.209,2020-08-02T13:47:39.223000000,False
HAM,44,Mercedes,19,90.534,29.268,36.544,24.722,HARD,2,6,1,1,False,None,None,True,4202.197,2020-08-02T13:50:02.211000000,True
HAM,44,Mercedes,20,90.371,29.004,36.568,24.799,HARD,2,7,1,1,True,None,None,True,4292.731,2020-08-02T13:51:32.745000000,True
HAM,44,Mercedes,21,90.188,29.091,36.452,24.645,HARD,2,8,1,1,True,None,None,True,4383.102,2020-08-02T13:53:03.116000000,True
HAM,44,Mercedes,22,90.324,29.197,36.39,24.737,HARD,2,9,1,1,False,None,None,True,4473.29,2020-08-02T13:54:33.304000000,True
HAM,44,Mercedes,23,89.812,29.027,36.151,24.634,HARD,2,10,1,1,True,None,None,True,4563.614,2020-08-02T13:56:03.628000000,True
HAM,44,Mercedes,24,90.127,29.134,36.277,24.716,HARD,2,11,1,1,False,None,None,True,4653.426,2020-08-02T13:57:33.440000000,True
HAM,44,Mercedes,25,89.944,29.116,36.268,24.56,HARD,2,12,1,1,False,None,None,True,4743.553,2020-08-02T13:59:03.567000000,True
HAM,44,Mercedes,26,90.162,29.015,36.539,24.608,HARD,2,13,1,1,False,None,None,True,4833.497,2020-08-02T14:00:33.511000000,True
HAM,44,Mercedes,27,90.312,29.147,36.457,24.708,HARD,2,14,1,1,False,None,None,True,4923.659,2020-08-02T14:02:03.673000000,True
HAM,44,Mercedes,28,90.266,29.142,36.545,24.579,HARD,2,15,1,1,False,None,None,True,5013.971,2020-08-02T14:03:33.985000000,True
HAM,44,Mercedes,29,90.079,29.023,36.35,24.706,HARD,2,16,1,1,False,None,None,True,5104.237,2020-08-02T14:05:04.251000000,True
HAM,44,Mercedes,30,89.712,28.916,36.191,24.605,HARD,2,17,1,1,True,None,None,True,5194.316,2020-08-02T14:06:34.330000000,True
HAM,44,Mercedes,31,89.66,28.808,36.277,24.575,HARD,2,18,1,1,True,None,None,True,5284.028,2020-08-02T14:08:04.042000000,True
HAM,44,Mercedes,32,89.995,28.892,36.32,24.783,HARD,2,19,1,1,False,None,None,True,5373.688,2020-08-02T14:09:33.702000000,True
HAM,44,Mercedes,33,89.326,28.888,36.019,24.419,HARD,2,20,1,1,True,None,None,True,5463.683,2020-08-02T14:11:03.697000000,True
HAM,44,Mercedes,34,89.321,28.844,35.989,24.488,HARD,2,21,1,1,True,None,None,True,5553.009,2020-08-02T14:12:33.023000000,True
HAM,44,Mercedes,35,89.693,28.948,36.173,24.572,HARD,2,22,1,1,False,None,None,True,5642.33,2020-08-02T14:14:02.344000000,True
HAM,44,Mercedes,36,89.688,28.942,36.084,24.662,HARD,2,23,1,1,False,None,None,True,5732.023,2020-08-02T14:15:32.037000000,True
HAM,44,Mercedes,37,89.663,28.959,36.098,24.606,HARD,2,24,1,1,False,None,None,True,5821.711,2020-08-02T14:17:01.725000000,True
HAM,44,Mercedes,38,89.553,28.86,36.126,24.567,HARD,2,25,1,1,False,None,None,True,5911.374,2020-08-02T14:18:31.388000000,True
HAM,44,Mercedes,39,89.762,28.85,36.18,24.732,HARD,2,26,1,1,False,None,None,True,6000.927,2020-08-02T14:20:00.941000000,True
HAM,44,Mercedes,40,89.282,28.731,35.997,24.554,HARD,2,27,1,1,True,None,None,True,6090.689,2020-08-02T14:21:30.703000000,True
HAM,44,Mercedes,41,89.254,28.673,36.122,24.459,HARD,2,28,1,1,True,None,None,True,6179.971,2020-08-02T14:22:59.985000000,True
HAM,44,Mercedes,42,89.269,28.707,36.062,24.5,HARD,2,29,1,1,False,None,None,True,6269.225,2020-08-02T14:24:29.239000000,True
HAM,44,Mercedes,43,89.525,28.827,36.097,24.601,HARD,2,30,1,1,False,None,None,True,6358.494,2020-08-02T14:25:58.508000000,True
HAM,44,Mercedes,44,89.364,28.837,35.99,24.537,HARD,2,31,1,1,False,None,None,True,6448.019,2020-08-02T14:27:28.033000000,True
HAM,44,Mercedes,45,89.238,28.74,35.988,24.51,HARD,2,32,1,1,True,None,None,True,6537.383,2020-08-02T14:28:57.397000000,True
HAM,44,Mercedes,46,89.432,28.961,36.048,24.423,HARD,2,33,1,1,False,None,None,True,6626.621,2020-08-02T14:30:26.635000000,True
HAM,44,Mercedes,47,89.455,28.908,35.983,24.564,HARD,2,34,1,1,False,None,None,True,6716.053,2020-08-02T14:31:56.067000000,True
HAM,44,Mercedes,48,89.821,28.951,36.306,24.564,HARD,2,35,1,12,False,None,None,True,6805.508,2020-08-02T14:33:25.522000000,True
HAM,44,Mercedes,49,90.12,28.844,36.511,24.765,HARD,2,36,1,1,False,None,None,True,6895.329,2020-08-02T14:34:55.343000000,True
HAM,44,Mercedes,50,91.081,28.859,36.863,25.359,HARD,2,37,1,1,False,None,None,True,6985.449,2020-08-02T14:36:25.463000000,True
HAM,44,Mercedes,51,92.185,29.246,37.638,25.301,HARD,2,38,1,1,False,None,None,True,7076.53,2020-08-02T14:37:56.544000000,True
HAM,44,Mercedes,52,115.484,29.474,53.526,32.484,HARD,2,39,1,1,False,None,None,True,7168.715,2020-08-02T14:39:28.729000000,True
HUL,27,Racing Point,1,None,None,None,None,HARD,1,1,None,1,False,None,None,True,2002.751,2020-08-02T13:13:22.765000000,False
KVY,26,AlphaTauri,1,103.748,None,40.852,27.056,MEDIUM,1,1,14,1,False,None,None,True,2002.751,2020-08-02T13:13:22.765000000,False
KVY,26,AlphaTauri,2,135.827,47.213,51.843,36.771,MEDIUM,1,2,14,124,True,None,None,True,2106.66,2020-08-02T13:15:06.674000000,False
KVY,26,AlphaTauri,3,149.324,45.307,61.432,42.585,MEDIUM,1,3,14,4,False,None,None,True,2242.487,2020-08-02T13:17:22.501000000,False
KVY,26,AlphaTauri,4,155.038,46.747,66.703,41.588,MEDIUM,1,4,14,4,False,None,None,True,2391.811,2020-08-02T13:19:51.825000000,False
KVY,26,AlphaTauri,5,126.77,41.437,54.32,31.013,MEDIUM,1,5,14,41,True,None,None,True,2546.861,2020-08-02T13:22:26.875000000,False
KVY,26,AlphaTauri,6,94.683,29.206,39.231,26.246,MEDIUM,1,6,14,1,True,None,None,True,2673.631,2020-08-02T13:24:33.645000000,True
KVY,26,AlphaTauri,7,94.402,29.871,38.291,26.24,MEDIUM,1,7,13,1,True,None,None,True,2768.314,2020-08-02T13:26:08.328000000,True
KVY,26,AlphaTauri,8,93.521,29.67,38.058,25.793,MEDIUM,1,8,13,1,True,None,None,True,2862.716,2020-08-02T13:27:42.730000000,True
KVY,26,AlphaTauri,9,93.384,29.766,37.994,25.624,MEDIUM,1,9,13,1,True,None,None,True,2956.237,2020-08-02T13:29:16.251000000,True
KVY,26,AlphaTauri,10,93.461,29.381,38.356,25.724,MEDIUM,1,10,13,1,False,None,None,True,3049.621,2020-08-02T13:30:49.635000000,True
KVY,26,AlphaTauri,11,92.443,29.443,37.595,25.405,MEDIUM,1,11,12,1,True,None,None,True,3143.082,2020-08-02T13:32:23.096000000,True
KVY,26,AlphaTauri,12,None,None,None,None,MEDIUM,1,12,None,124,None,None,None,True,3235.525,2020-08-02T13:33:55.539000000,False
LAT,6,Williams,1,105.776,None,41.922,27.344,MEDIUM,1,1,19,12,False,None,None,True,2002.751,2020-08-02T13:13:22.765000000,False
LAT,6,Williams,2,138.757,50.848,51.06,36.849,MEDIUM,1,2,18,24,True,None,None,True,2108.688,2020-08-02T13:15:08.702000000,False
LAT,6,Williams,3,150.708,46.689,59.528,44.491,MEDIUM,1,3,18,4,False,None,None,True,2247.445,2020-08-02T13:17:27.459000000,False
LAT,6,Williams,4,154.814,47.579,66.284,40.951,MEDIUM,1,4,18,4,False,None,None,True,2398.2,2020-08-02T13:19:58.214000000,False
LAT,6,Williams,5,122.869,43.576,48.563,30.73,MEDIUM,1,5,18,41,True,None,None,True,2552.931,2020-08-02T13:22:32.945000000,False
LAT,6,Williams,6,95.352,30.193,38.951,26.208,MEDIUM,1,6,18,1,True,None,None,True,2675.8,2020-08-02T13:24:35.814000000,True
LAT,6,Williams,7,94.776,30.338,38.211,26.227,MEDIUM,1,7,17,1,True,None,None,True,2771.152,2020-08-02T13:26:11.166000000,True
LAT,6,Williams,8,93.672,29.93,37.987,25.755,MEDIUM,1,8,17,1,True,None,None,True,2865.928,2020-08-02T13:27:45.942000000,True
LAT,6,Williams,9,94.243,29.987,38.34,25.916,MEDIUM,1,9,17,1,False,None,None,True,2959.6,2020-08-02T13:29:19.614000000,True
LAT,6,Williams,10,93.964,29.902,38.258,25.804,MEDIUM,1,10,17,1,False,None,None,True,3053.843,2020-08-02T13:30:53.857000000,True
LAT,6,Williams,11,93.264,29.795,37.901,25.568,MEDIUM,1,11,17,1,True,None,None,True,3147.807,2020-08-02T13:32:27.821000000,True
LAT,6,Williams,12,107.83,30.013,39.404,38.413,MEDIUM,1,12,16,124,False,None,3347.179,True,3241.071,2020-08-02T13:34:01.085000000,False
LAT,6,Williams,13,148.133,60.254,52.271,35.608,HARD,2,1,17,4,False,3374.386,None,True,3348.901,2020-08-02T13:35:48.915000000,False
LAT,6,Williams,14,119.905,32.032,51.286,36.587,HARD,2,2,17,4,False,None,None,True,3497.034,2020-08-02T13:38:17.048000000,False
LAT,6,Williams,15,151.968,46.313,68.821,36.834,HARD,2,3,17,4,False,None,None,True,3616.939,2020-08-02T13:40:16.953000000,False
LAT,6,Williams,16,158.734,49.087,72.904,36.743,HARD,2,4,17,4,False,None,None,True,3768.937,2020-08-02T13:42:48.951000000,False
LAT,6,Williams,17,154.151,46.105,72.027,36.019,HARD,2,5,17,4,False,None,None,True,3927.734,2020-08-02T13:45:27.748000000,False
LAT,6,Williams,18,127.362,44.409,52.3,30.653,HARD,2,6,17,41,False,None,None,True,4081.8,2020-08-02T13:48:01.814000000,False
LAT,6,Williams,19,97.147,30.579,40.096,26.472,HARD,2,7,17,1,False,None,None,True,4209.162,2020-08-02T13:50:09.176000000,True
LAT,6,Williams,20,94.695,30.175,38.451,26.069,HARD,2,8,17,1,False,None,None,True,4306.309,2020-08-02T13:51:46.323000000,True
LAT,6,Williams,21,93.51,29.642,38.006,25.862,HARD,2,9,17,1,False,None,None,True,4401.004,2020-08-02T13:53:21.018000000,True
LAT,6,Williams,22,93.027,29.578,37.754,25.695,HARD,2,10,17,1,True,None,None,True,4494.514,2020-08-02T13:54:54.528000000,True
LAT,6,Williams,23,92.937,29.667,37.581,25.689,HARD,2,11,17,1,True,None,None,True,4587.541,2020-08-02T13:56:27.555000000,True
LAT,6,Williams,24,92.793,29.771,37.379,25.643,HARD,2,12,17,1,True,None,None,True,4680.478,2020-08-02T13:58:00.492000000,True
LAT,6,Williams,25,92.345,29.465,37.487,25.393,HARD,2,13,17,1,True,None,None,True,4773.271,2020-08-02T13:59:33.285000000,True
LAT,6,Williams,26,92.503,29.636,37.528,25.339,HARD,2,14,17,1,False,None,None,True,4865.616,2020-08-02T14:01:05.630000000,True
LAT,6,Williams,27,92.676,29.294,37.981,25.401,HARD,2,15,17,1,False,None,None,True,4958.119,2020-08-02T14:02:38.133000000,True
LAT,6,Williams,28,92.895,29.356,37.489,26.05,HARD,2,16,17,1,False,None,None,True,5050.795,2020-08-02T14:04:10.809000000,True
LAT,6,Williams,29,92.37,29.797,37.173,25.4,HARD,2,17,17,1,False,None,None,True,5143.69,2020-08-02T14:05:43.704000000,True
LAT,6,Williams,30,92.1,29.454,37.131,25.515,HARD,2,18,17,1,True,None,None,True,5236.06,2020-08-02T14:07:16.074000000,True
LAT,6,Williams,31,92.153,29.464,37.157,25.532,HARD,2,19,16,1,False,None,None,True,5328.16,2020-08-02T14:08:48.174000000,True
LAT,6,Williams,32,91.562,29.115,37.38,25.067,HARD,2,20,15,1,True,None,None,True,5420.313,2020-08-02T14:10:20.327000000,True
LAT,6,Williams,33,91.96,29.56,36.972,25.428,HARD,2,21,15,1,False,None,None,True,5511.875,2020-08-02T14:11:51.889000000,True
LAT,6,Williams,34,92.119,29.453,36.902,25.764,HARD,2,22,15,1,False,None,None,True,5603.835,2020-08-02T14:13:23.849000000,True
LAT,6,Williams,35,91.858,29.351,36.861,25.646,HARD,2,23,15,1,False,None,None,True,5695.954,2020-08-02T14:14:55.968000000,True
LAT,6,Williams,36,91.993,29.625,36.885,25.483,HARD,2,24,15,1,False,None,None,True,5787.812,2020-08-02T14:16:27.826000000,True
LAT,6,Williams,37,91.298,29.303,36.736,25.259,HARD,2,25,14,1,True,None,None,True,5879.805,2020-08-02T14:17:59.819000000,True
LAT,6,Williams,38,91.243,29.309,36.63,25.304,HARD,2,26,14,1,True,None,None,True,5971.103,2020-08-02T14:19:31.117000000,True
LAT,6,Williams,39,91.345,29.383,36.69,25.272,HARD,2,27,14,1,False,None,None,True,6062.346,2020-08-02T14:21:02.360000000,True
LAT,6,Williams,40,91.082,29.216,36.707,25.159,HARD,2,28,14,1,True,None,None,True,6153.691,2020-08-02T14:22:33.705000000,True
LAT,6,Williams,41,91.617,28.907,36.771,25.939,HARD,2,29,15,1,False,None,None,True,6244.773,2020-08-02T14:24:04.787000000,True
LAT,6,Williams,42,91.16,29.337,36.698,25.125,HARD,2,30,15,1,False,None,None,True,6336.39,2020-08-02T14:25:36.404000000,True
LAT,6,Williams,43,91.09,29.35,36.559,25.181,HARD,2,31,15,1,False,None,None,True,6427.55,2020-08-02T14:27:07.564000000,True
LAT,6,Williams,44,90.501,29.051,36.387,25.063,HARD,2,32,15,1,True,None,None,True,6518.64,2020-08-02T14:28:38.654000000,True
LAT,6,Williams,45,91.27,29.414,36.604,25.252,HARD,2,33,15,1,False,None,None,True,6609.141,2020-08-02T14:30:09.155000000,True
LAT,6,Williams,46,91.019,29.453,36.482,25.084,HARD,2,34,15,1,False,None,None,True,6700.411,2020-08-02T14:31:40.425000000,True
LAT,6,Williams,47,91.008,29.457,36.423,25.128,HARD,2,35,15,12,False,None,None,True,6791.43,2020-08-02T14:33:11.444000000,True
LAT,6,Williams,48,90.871,29.278,36.645,24.948,HARD,2,36,15,1,False,None,None,True,6882.438,2020-08-02T14:34:42.452000000,True
LAT,6,Williams,49,90.915,29.172,36.533,25.21,HARD,2,37,15,1,False,None,None,True,6973.309,2020-08-02T14:36:13.323000000,True
LAT,6,Williams,50,91.119,29.292,36.621,25.206,HARD,2,38,15,1,False,None,None,True,7064.224,2020-08-02T14:37:44.238000000,True
LAT,6,Williams,51,91.227,29.273,36.675,25.279,HARD,2,39,15,1,False,None,None,True,7155.343,2020-08-02T14:39:15.357000000,True
LAT,6,Williams,52,92.146,29.329,36.657,26.16,HARD,2,40,15,1,False,None,None,True,7246.57,2020-08-02T14:40:46.584000000,True
LEC,16,Ferrari,1,97.904,None,38.828,25.762,MEDIUM,1,4,4,1,False,None,None,False,2002.751,2020-08-02T13:13:22.765000000,False
LEC,16,Ferrari,2,127.127,36.355,52.888,37.884,MEDIUM,1,5,4,124,True,None,None,False,2100.816,2020-08-02T13:15:00.830000000,False
LEC,16,Ferrari,3,149.468,47.581,61.949,39.938,MEDIUM,1,6,4,4,False,None,None,False,2227.943,2020-08-02T13:17:07.957000000,False
LEC,16,Ferrari,4,153.312,47.245,64.747,41.32,MEDIUM,1,7,4,4,False,None,None,False,2377.411,2020-08-02T13:19:37.425000000,False
LEC,16,Ferrari,5,138.18,43.207,60.51,34.463,MEDIUM,1,8,4,41,False,None,None,False,2530.721,2020-08-02T13:22:10.735000000,False
LEC,16,Ferrari,6,93.695,29.375,37.62,26.7,MEDIUM,1,9,4,1,True,None,None,False,2668.901,2020-08-02T13:24:28.915000000,True
LEC,16,Ferrari,7,92.95,29.472,37.588,25.89,MEDIUM,1,10,4,1,True,None,None,False,2762.596,2020-08-02T13:26:02.610000000,True
LEC,16,Ferrari,8,92.248,29.211,37.503,25.534,MEDIUM,1,11,4,1,True,None,None,False,2855.546,2020-08-02T13:27:35.560000000,True
LEC,16,Ferrari,9,92.519,29.259,37.662,25.598,MEDIUM,1,12,4,1,False,None,None,False,2947.794,2020-08-02T13:29:07.808000000,True
LEC,16,Ferrari,10,92.319,29.299,37.52,25.5,MEDIUM,1,13,4,1,False,None,None,False,3040.313,2020-08-02T13:30:40.327000000,True
LEC,16,Ferrari,11,92.183,29.34,37.428,25.415,MEDIUM,1,14,4,1,True,None,None,False,3132.632,2020-08-02T13:32:12.646000000,True
LEC,16,Ferrari,12,97.226,29.465,37.462,30.299,MEDIUM,1,15,4,124,False,None,None,False,3224.815,2020-08-02T13:33:44.829000000,False
LEC,16,Ferrari,13,126.304,40.168,53.814,32.322,MEDIUM,1,16,4,4,False,None,3442.452,False,3322.041,2020-08-02T13:35:22.055000000,False
LEC,16,Ferrari,14,151.564,58.988,48.39,44.186,HARD,2,1,4,4,False,3471.976,None,True,3448.345,2020-08-02T13:37:28.359000000,False
LEC,16,Ferrari,15,151.323,44.749,67.104,39.47,HARD,2,2,4,4,False,None,None,True,3599.918,2020-08-02T13:39:59.932000000,False
LEC,16,Ferrari,16,157.849,50.247,68.934,38.668,HARD,2,3,4,4,False,None,None,True,3751.242,2020-08-02T13:42:31.256000000,False
LEC,16,Ferrari,17,154.156,46.543,67.623,39.99,HARD,2,4,4,4,False,None,None,True,3909.076,2020-08-02T13:45:09.090000000,False
LEC,16,Ferrari,18,141.492,42.695,61.152,37.645,HARD,2,5,4,41,False,None,None,True,4063.243,2020-08-02T13:47:43.257000000,False
LEC,16,Ferrari,19,93.614,30.016,37.769,25.829,HARD,2,6,4,1,False,None,None,True,4204.735,2020-08-02T13:50:04.749000000,True
LEC,16,Ferrari,20,92.336,29.276,37.5,25.56,HARD,2,7,4,1,False,None,None,True,4298.349,2020-08-02T13:51:38.363000000,True
LEC,16,Ferrari,21,91.866,29.195,37.386,25.285,HARD,2,8,4,1,True,None,None,True,4390.685,2020-08-02T13:53:10.699000000,True
LEC,16,Ferrari,22,91.418,29.056,37.214,25.148,HARD,2,9,4,1,True,None,None,True,4482.551,2020-08-02T13:54:42.565000000,True
LEC,16,Ferrari,23,91.547,29.16,37.154,25.233,HARD,2,10,4,1,False,None,None,True,4573.969,2020-08-02T13:56:13.983000000,True
LEC,16,Ferrari,24,91.897,29.303,37.314,25.28,HARD,2,11,4,1,False,None,None,True,4665.516,2020-08-02T13:57:45.530000000,True
LEC,16,Ferrari,25,91.421,29.273,37.157,24.991,HARD,2,12,4,1,False,None,None,True,4757.413,2020-08-02T13:59:17.427000000,True
LEC,16,Ferrari,26,91.463,29.079,37.27,25.114,HARD,2,13,4,1,False,None,None,True,4848.834,2020-08-02T14:00:48.848000000,True
LEC,16,Ferrari,27,91.589,29.137,37.313,25.139,HARD,2,14,4,1,False,None,None,True,4940.297,2020-08-02T14:02:20.311000000,True
LEC,16,Ferrari,28,91.378,29.088,37.204,25.086,HARD,2,15,4,1,True,None,None,True,5031.886,2020-08-02T14:03:51.900000000,True
LEC,16,Ferrari,29,91.448,29.047,37.157,25.244,HARD,2,16,4,1,False,None,None,True,5123.264,2020-08-02T14:05:23.278000000,True
LEC,16,Ferrari,30,91.322,29.105,37.189,25.028,HARD,2,17,4,1,True,None,None,True,5214.712,2020-08-02T14:06:54.726000000,True
LEC,16,Ferrari,31,91.644,28.973,37.375,25.296,HARD,2,18,4,1,False,None,None,True,5306.034,2020-08-02T14:08:26.048000000,True
LEC,16,Ferrari,32,91.249,29.032,37.202,25.015,HARD,2,19,4,1,True,None,None,True,5397.678,2020-08-02T14:09:57.692000000,True
LEC,16,Ferrari,33,91.201,29.049,37.053,25.099,HARD,2,20,4,1,True,None,None,True,5488.927,2020-08-02T14:11:28.941000000,True
LEC,16,Ferrari,34,91.007,28.941,37.086,24.98,HARD,2,21,4,1,True,None,None,True,5580.128,2020-08-02T14:13:00.142000000,True
LEC,16,Ferrari,35,91.807,29.358,37.363,25.086,HARD,2,22,4,1,False,None,None,True,5671.135,2020-08-02T14:14:31.149000000,True
LEC,16,Ferrari,36,91.194,29.034,36.96,25.2,HARD,2,23,4,1,False,None,None,True,5762.942,2020-08-02T14:16:02.956000000,True
LEC,16,Ferrari,37,90.93,29.016,36.897,25.017,HARD,2,24,4,1,True,None,None,True,5854.136,2020-08-02T14:17:34.150000000,True
LEC,16,Ferrari,38,90.79,29.001,36.866,24.923,HARD,2,25,4,1,True,None,None,True,5945.066,2020-08-02T14:19:05.080000000,True
LEC,16,Ferrari,39,90.46,28.834,36.787,24.839,HARD,2,26,4,1,True,None,None,True,6035.856,2020-08-02T14:20:35.870000000,True
LEC,16,Ferrari,40,90.596,28.841,36.817,24.938,HARD,2,27,4,1,False,None,None,True,6126.316,2020-08-02T14:22:06.330000000,True
LEC,16,Ferrari,41,90.104,28.694,36.634,24.776,HARD,2,28,4,1,True,None,None,True,6216.912,2020-08-02T14:23:36.926000000,True
LEC,16,Ferrari,42,90.219,28.784,36.645,24.79,HARD,2,29,4,1,False,None,None,True,6307.016,2020-08-02T14:25:07.030000000,True
LEC,16,Ferrari,43,90.512,29.107,36.572,24.833,HARD,2,30,4,1,False,None,None,True,6397.235,2020-08-02T14:26:37.249000000,True
LEC,16,Ferrari,44,90.312,28.944,36.515,24.853,HARD,2,31,4,1,False,None,None,True,6487.747,2020-08-02T14:28:07.761000000,True
LEC,16,Ferrari,45,90.196,28.877,36.477,24.842,HARD,2,32,4,1,False,None,None,True,6578.059,2020-08-02T14:29:38.073000000,True
LEC,16,Ferrari,46,89.981,28.939,36.363,24.679,HARD,2,33,4,1,True,None,None,True,6668.255,2020-08-02T14:31:08.269000000,True
LEC,16,Ferrari,47,90.068,28.896,36.525,24.647,HARD,2,34,4,1,False,None,None,True,6758.236,2020-08-02T14:32:38.250000000,True
LEC,16,Ferrari,48,90.84,28.818,37.138,24.884,HARD,2,35,4,12,False,None,None,True,6848.304,2020-08-02T14:34:08.318000000,True
LEC,16,Ferrari,49,89.813,28.805,36.359,24.649,HARD,2,36,4,1,True,None,None,True,6939.144,2020-08-02T14:35:39.158000000,True
LEC,16,Ferrari,50,90.763,29.026,36.805,24.932,HARD,2,37,3,1,False,None,None,True,7028.957,2020-08-02T14:37:08.971000000,True
LEC,16,Ferrari,51,90.447,28.868,36.637,24.942,HARD,2,38,3,1,False,None,None,True,7119.72,2020-08-02T14:38:39.734000000,True
LEC,16,Ferrari,52,92.506,29.245,37.51,25.751,HARD,2,39,3,1,False,None,None,True,7210.167,2020-08-02T14:40:10.181000000,True
MAG,20,Haas F1 Team,1,103.754,None,40.57,28.184,MEDIUM,1,1,15,1,False,None,None,True,2002.751,2020-08-02T13:13:22.765000000,False
MAG,20,Haas F1 Team,2,None,None,None,None,MEDIUM,1,2,None,124,None,None,None,True,2106.743,2020-08-02T13:15:06.757000000,False
NOR,4,McLaren,1,99.921,None,40.271,26.259,SOFT,1,4,7,1,False,None,None,False,2002.751,2020-08-02T13:13:22.765000000,False
NOR,4,McLaren,2,129.723,42.424,50.489,36.81,SOFT,1,5,7,124,True,None,None,False,2102.833,2020-08-02T13:15:02.847000000,False
NOR,4,McLaren,3,149.223,45.823,62.227,41.173,SOFT,1,6,7,4,False,None,None,False,2232.556,2020-08-02T13:17:12.570000000,False
NOR,4,McLaren,4,154.623,46.229,64.476,43.918,SOFT,1,7,7,4,False,None,None,False,2381.779,2020-08-02T13:19:41.793000000,False
NOR,4,McLaren,5,133.298,40.948,59.219,33.131,SOFT,1,8,7,41,False,None,None,False,2536.342,2020-08-02T13:22:16.356000000,False
NOR,4,McLaren,6,94.741,30.244,38.398,26.099,SOFT,1,9,7,1,True,None,None,False,2669.64,2020-08-02T13:24:29.654000000,True
NOR,4,McLaren,7,94.278,29.828,38.342,26.108,SOFT,1,10,7,1,True,None,None,False,2764.381,2020-08-02T13:26:04.395000000,True
NOR,4,McLaren,8,93.053,29.482,37.823,25.748,SOFT,1,11,7,1,True,None,None,False,2858.659,2020-08-02T13:27:38.673000000,True
NOR,4,McLaren,9,93.414,29.514,37.979,25.921,SOFT,1,12,7,1,False,None,None,False,2951.712,2020-08-02T13:29:11.726000000,True
NOR,4,McLaren,10,93.164,29.581,37.773,25.81,SOFT,1,13,7,1,False,None,None,False,3045.126,2020-08-02T13:30:45.140000000,True
NOR,4,McLaren,11,92.759,29.531,37.545,25.683,SOFT,1,14,7,1,True,None,None,False,3138.29,2020-08-02T13:32:18.304000000,True
NOR,4,McLaren,12,99.733,29.742,37.81,32.181,SOFT,1,15,7,124,False,None,3324.949,False,3231.049,2020-08-02T13:33:51.063000000,False
NOR,4,McLaren,13,146.132,60.105,53.99,32.037,HARD,2,1,9,4,False,3355.31,None,True,3330.782,2020-08-02T13:35:30.796000000,False
NOR,4,McLaren,14,128.388,38.24,48.035,42.113,HARD,2,2,8,4,False,None,None,True,3476.914,2020-08-02T13:37:56.928000000,False
NOR,4,McLaren,15,151.245,44.952,69.256,37.037,HARD,2,3,8,4,False,None,None,True,3605.302,2020-08-02T13:40:05.316000000,False
NOR,4,McLaren,16,159.804,49.264,72.965,37.575,HARD,2,4,8,4,False,None,None,True,3756.591,2020-08-02T13:42:36.605000000,False
NOR,4,McLaren,17,152.555,44.685,None,None,HARD,2,5,8,4,False,None,None,True,3916.432,2020-08-02T13:45:16.446000000,False
NOR,4,McLaren,18,136.924,42.13,59.335,35.459,HARD,2,6,8,41,False,None,None,True,4068.932,2020-08-02T13:47:48.946000000,False
NOR,4,McLaren,19,94.515,29.867,38.788,25.86,HARD,2,7,7,1,False,None,None,True,4205.856,2020-08-02T13:50:05.870000000,True
NOR,4,McLaren,20,93.129,29.521,37.973,25.635,HARD,2,8,7,1,False,None,None,True,4300.371,2020-08-02T13:51:40.385000000,True
NOR,4,McLaren,21,92.513,29.347,37.632,25.534,HARD,2,9,7,1,True,None,None,True,4393.5,2020-08-02T13:53:13.514000000,True
NOR,4,McLaren,22,92.152,29.287,37.424,25.441,HARD,2,10,7,1,True,None,None,True,4486.013,2020-08-02T13:54:46.027000000,True
NOR,4,McLaren,23,92.597,29.249,37.8,25.548,HARD,2,11,7,1,False,None,None,True,4578.165,2020-08-02T13:56:18.179000000,True
NOR,4,McLaren,24,92.042,29.278,37.407,25.357,HARD,2,12,6,1,True,None,None,True,4670.762,2020-08-02T13:57:50.776000000,True
NOR,4,McLaren,25,92.065,29.435,37.066,25.564,HARD,2,13,6,1,False,None,None,True,4762.804,2020-08-02T13:59:22.818000000,True
NOR,4,McLaren,26,92.075,29.439,37.289,25.347,HARD,2,14,6,1,False,None,None,True,4854.869,2020-08-02T14:00:54.883000000,True
NOR,4,McLaren,27,92.107,29.432,37.226,25.449,HARD,2,15,6,1,False,None,None,True,4946.944,2020-08-02T14:02:26.958000000,True
NOR,4,McLaren,28,91.646,29.257,37.157,25.232,HARD,2,16,6,1,True,None,None,True,5039.051,2020-08-02T14:03:59.065000000,True
NOR,4,McLaren,29,91.481,29.322,37.006,25.153,HARD,2,17,6,1,True,None,None,True,5130.697,2020-08-02T14:05:30.711000000,True
NOR,4,McLaren,30,91.648,29.409,37.063,25.176,HARD,2,18,6,1,False,None,None,True,5222.178,2020-08-02T14:07:02.192000000,True
NOR,4,McLaren,31,91.436,29.307,36.962,25.167,HARD,2,19,6,1,True,None,None,True,5313.826,2020-08-02T14:08:33.840000000,True
NOR,4,McLaren,32,91.343,29.154,37.015,25.174,HARD,2,20,6,1,True,None,None,True,5405.262,2020-08-02T14:10:05.276000000,True
NOR,4,McLaren,33,91.262,29.279,36.848,25.135,HARD,2,21,6,1,True,None,None,True,5496.605,2020-08-02T14:11:36.619000000,True
NOR,4,McLaren,34,90.975,29.109,36.736,25.13,HARD,2,22,6,1,True,None,None,True,5587.867,2020-08-02T14:13:07.881000000,True
NOR,4,McLaren,35,91.281,29.384,36.909,24.988,HARD,2,23,6,1,False,None,None,True,5678.842,2020-08-02T14:14:38.856000000,True
NOR,4,McLaren,36,90.854,29.244,36.635,24.975,HARD,2,24,6,1,True,None,None,True,5770.123,2020-08-02T14:16:10.137000000,True
NOR,4,McLaren,37,90.6,29.157,36.503,24.94,HARD,2,25,6,1,True,None,None,True,5860.977,2020-08-02T14:17:40.991000000,True
NOR,4,McLaren,38,90.427,29.146,36.423,24.858,HARD,2,26,6,1,True,None,None,True,5951.577,2020-08-02T14:19:11.591000000,True
NOR,4,McLaren,39,90.347,29.055,36.327,24.965,HARD,2,27,6,1,True,None,None,True,6042.004,2020-08-02T14:20:42.018000000,True
NOR,4,McLaren,40,90.516,29.074,36.492,24.95,HARD,2,28,6,1,False,None,None,True,6132.351,2020-08-02T14:22:12.365000000,True
NOR,4,McLaren,41,90.058,28.95,36.241,24.867,HARD,2,29,6,1,True,None,None,True,6222.867,2020-08-02T14:23:42.881000000,True
NOR,4,McLaren,42,90.177,29.046,36.335,24.796,HARD,2,30,6,1,False,None,None,True,6312.925,2020-08-02T14:25:12.939000000,True
NOR,4,McLaren,43,90.209,29.135,36.198,24.876,HARD,2,31,6,1,False,None,None,True,6403.102,2020-08-02T14:26:43.116000000,True
NOR,4,McLaren,44,90.244,29.081,36.328,24.835,HARD,2,32,6,1,False,None,None,True,6493.311,2020-08-02T14:28:13.325000000,True
NOR,4,McLaren,45,90.096,29.044,36.266,24.786,HARD,2,33,6,1,False,None,None,True,6583.555,2020-08-02T14:29:43.569000000,True
NOR,4,McLaren,46,90.291,29.19,36.195,24.906,HARD,2,34,6,1,False,None,None,True,6673.651,2020-08-02T14:31:13.665000000,True
NOR,4,McLaren,47,90.166,29.119,36.256,24.791,HARD,2,35,6,1,False,None,None,True,6763.942,2020-08-02T14:32:43.956000000,True
NOR,4,McLaren,48,90.058,29.078,36.131,24.849,HARD,2,36,6,12,False,None,None,True,6854.108,2020-08-02T14:34:14.122000000,True
NOR,4,McLaren,49,91.173,28.988,36.307,25.878,HARD,2,37,7,1,False,None,None,True,6944.166,2020-08-02T14:35:44.180000000,True
NOR,4,McLaren,50,90.578,29.047,36.57,24.961,HARD,2,38,7,1,False,None,None,True,7035.339,2020-08-02T14:37:15.353000000,True
NOR,4,McLaren,51,90.379,28.984,36.443,24.952,HARD,2,39,5,1,False,None,None,True,7125.917,2020-08-02T14:38:45.931000000,True
NOR,4,McLaren,52,90.142,28.987,36.3,24.855,HARD,2,40,5,1,False,None,None,True,7216.296,2020-08-02T14:40:16.310000000,True
OCO,31,Renault,1,100.838,None,40.449,26.403,SOFT,1,4,9,1,False,None,None,False,2002.751,2020-08-02T13:13:22.765000000,False
OCO,31,Renault,2,131.306,43.841,50.839,36.626,SOFT,1,5,9,124,True,None,None,False,2103.75,2020-08-02T13:15:03.764000000,False
OCO,31,Renault,3,149.09,45.754,62.504,40.832,SOFT,1,6,9,4,False,None,None,False,2235.056,2020-08-02T13:17:15.070000000,False
OCO,31,Renault,4,155.131,47.186,63.941,44.004,SOFT,1,7,9,4,False,None,None,False,2384.146,2020-08-02T13:19:44.160000000,False
OCO,31,Renault,5,131.098,41.688,56.939,32.471,SOFT,1,8,9,41,True,None,None,False,2539.251,2020-08-02T13:22:19.265000000,False
OCO,31,Renault,6,95.286,30.134,38.731,26.421,SOFT,1,9,9,1,True,None,None,False,2670.349,2020-08-02T13:24:30.363000000,True
OCO,31,Renault,7,94.678,29.824,38.715,26.139,SOFT,1,10,9,1,True,None,None,False,2765.635,2020-08-02T13:26:05.649000000,True
OCO,31,Renault,8,93.41,29.542,38.074,25.794,SOFT,1,11,9,1,True,None,None,False,2860.313,2020-08-02T13:27:40.327000000,True
OCO,31,Renault,9,93.456,29.646,37.829,25.981,SOFT,1,12,9,1,False,None,None,False,2953.723,2020-08-02T13:29:13.737000000,True
OCO,31,Renault,10,93.179,29.725,37.752,25.702,SOFT,1,13,9,1,True,None,None,False,3047.179,2020-08-02T13:30:47.193000000,True
OCO,31,Renault,11,93.077,29.66,37.856,25.561,SOFT,1,14,9,1,True,None,None,False,3140.358,2020-08-02T13:32:20.372000000,True
OCO,31,Renault,12,99.896,29.845,37.935,32.116,SOFT,1,15,9,124,False,None,3327.506,False,3233.435,2020-08-02T13:33:53.449000000,False
OCO,31,Renault,13,146.626,59.774,53.511,33.341,HARD,2,1,11,4,False,3358.264,None,True,3333.331,2020-08-02T13:35:33.345000000,False
OCO,31,Renault,14,129.398,38.528,48.107,42.763,HARD,2,2,11,4,False,None,None,True,3479.957,2020-08-02T13:37:59.971000000,False
OCO,31,Renault,15,151.233,45.658,68.09,37.485,HARD,2,3,11,4,False,None,None,True,3609.355,2020-08-02T13:40:09.369000000,False
OCO,31,Renault,16,159.65,49.647,72.608,37.395,HARD,2,4,11,4,False,None,None,True,3760.619,2020-08-02T13:42:40.633000000,False
OCO,31,Renault,17,153.745,44.54,None,None,HARD,2,5,11,4,False,None,None,True,3920.254,2020-08-02T13:45:20.268000000,False
OCO,31,Renault,18,133.141,42.386,55.51,35.245,HARD,2,6,11,41,False,None,None,True,4073.974,2020-08-02T13:47:53.988000000,False
OCO,31,Renault,19,94.664,30.319,38.375,25.97,HARD,2,7,10,1,False,None,None,True,4207.115,2020-08-02T13:50:07.129000000,True
OCO,31,Renault,20,93.728,29.351,38.63,25.747,HARD,2,8,10,1,False,None,None,True,4301.779,2020-08-02T13:51:41.793000000,True
OCO,31,Renault,21,92.783,29.373,37.976,25.434,HARD,2,9,10,1,True,None,None,True,4395.507,2020-08-02T13:53:15.521000000,True
OCO,31,Renault,22,92.445,29.338,37.623,25.484,HARD,2,10,10,1,True,None,None,True,4488.29,2020-08-02T13:54:48.304000000,True
OCO,31,Renault,23,92.043,29.209,37.538,25.296,HARD,2,11,10,1,True,None,None,True,4580.735,2020-08-02T13:56:20.749000000,True
OCO,31,Renault,24,92.379,29.311,37.738,25.33,HARD,2,12,10,1,False,None,None,True,4672.778,2020-08-02T13:57:52.792000000,True
OCO,31,Renault,25,92.467,29.268,37.833,25.366,HARD,2,13,10,1,False,None,None,True,4765.157,2020-08-02T13:59:25.171000000,True
OCO,31,Renault,26,92.588,29.194,37.608,25.786,HARD,2,14,10,1,False,None,None,True,4857.624,2020-08-02T14:00:57.638000000,True
OCO,31,Renault,27,91.845,29.169,37.523,25.153,HARD,2,15,10,1,True,None,None,True,4950.212,2020-08-02T14:02:30.226000000,True
OCO,31,Renault,28,91.796,29.096,37.421,25.279,HARD,2,16,10,1,True,None,None,True,5042.057,2020-08-02T14:04:02.071000000,True
OCO,31,Renault,29,91.793,29.249,37.376,25.168,HARD,2,17,10,1,True,None,None,True,5133.853,2020-08-02T14:05:33.867000000,True
OCO,31,Renault,30,91.88,29.087,37.512,25.281,HARD,2,18,10,1,False,None,None,True,5225.646,2020-08-02T14:07:05.660000000,True
OCO,31,Renault,31,91.493,29.281,37.127,25.085,HARD,2,19,10,1,True,None,None,True,5317.526,2020-08-02T14:08:37.540000000,True
OCO,31,Renault,32,91.159,29.064,36.976,25.119,HARD,2,20,10,1,True,None,None,True,5409.019,2020-08-02T14:10:09.033000000,True
OCO,31,Renault,33,91.403,29.227,37.094,25.082,HARD,2,21,10,1,False,None,None,True,5500.178,2020-08-02T14:11:40.192000000,True
OCO,31,Renault,34,91.284,29.194,37.046,25.044,HARD,2,22,10,1,False,None,None,True,5591.581,2020-08-02T14:13:11.595000000,True
OCO,31,Renault,35,91.479,29.314,36.994,25.171,HARD,2,23,10,1,False,None,None,True,5682.865,2020-08-02T14:14:42.879000000,True
OCO,31,Renault,36,91.359,29.222,36.994,25.143,HARD,2,24,10,1,False,None,None,True,5774.344,2020-08-02T14:16:14.358000000,True
OCO,31,Renault,37,91.01,29.174,36.776,25.06,HARD,2,25,9,1,True,None,None,True,5865.703,2020-08-02T14:17:45.717000000,True
OCO,31,Renault,38,90.831,29.078,36.811,24.942,HARD,2,26,9,1,True,None,None,True,5956.713,2020-08-02T14:19:16.727000000,True
OCO,31,Renault,39,90.705,28.945,36.661,25.099,HARD,2,27,9,1,True,None,None,True,6047.544,2020-08-02T14:20:47.558000000,True
OCO,31,Renault,40,90.627,28.728,36.712,25.187,HARD,2,28,9,1,True,None,None,True,6138.249,2020-08-02T14:22:18.263000000,True
OCO,31,Renault,41,90.875,28.912,36.616,25.347,HARD,2,29,9,1,False,None,None,True,6228.876,2020-08-02T14:23:48.890000000,True
OCO,31,Renault,42,90.633,28.88,36.685,25.068,HARD,2,30,9,1,False,None,None,True,6319.751,2020-08-02T14:25:19.765000000,True
OCO,31,Renault,43,90.781,29.0,36.676,25.105,HARD,2,31,9,1,False,None,None,True,6410.384,2020-08-02T14:26:50.398000000,True
OCO,31,Renault,44,90.532,28.888,36.557,25.087,HARD,2,32,9,1,True,None,None,True,6501.165,2020-08-02T14:28:21.179000000,True
OCO,31,Renault,45,90.404,28.886,36.49,25.028,HARD,2,33,9,1,True,None,None,True,6591.697,2020-08-02T14:29:51.711000000,True
OCO,31,Renault,46,89.848,28.764,36.194,24.89,HARD,2,34,8,1,True,None,None,True,6682.101,2020-08-02T14:31:22.115000000,True
OCO,31,Renault,47,90.145,29.065,36.155,24.925,HARD,2,35,8,1,False,None,None,True,6771.949,2020-08-02T14:32:51.963000000,True
OCO,31,Renault,48,90.463,29.014,36.645,24.804,HARD,2,36,8,12,False,None,None,True,6862.094,2020-08-02T14:34:22.108000000,True
OCO,31,Renault,49,89.874,28.872,36.136,24.866,HARD,2,37,8,1,False,None,None,True,6952.557,2020-08-02T14:35:52.571000000,True
OCO,31,Renault,50,89.491,28.771,36.141,24.579,HARD,2,38,8,1,True,None,None,True,7042.431,2020-08-02T14:37:22.445000000,True
OCO,31,Renault,51,89.66,28.752,36.07,24.838,HARD,2,39,7,1,False,None,None,True,7131.922,2020-08-02T14:38:51.936000000,True
OCO,31,Renault,52,89.515,28.798,36.068,24.649,HARD,2,40,6,1,False,None,None,True,7221.582,2020-08-02T14:40:21.596000000,True
RAI,7,Alfa Romeo Racing,1,104.681,None,41.16,27.496,MEDIUM,1,1,17,12,False,None,None,True,2002.751,2020-08-02T13:13:22.765000000,False
RAI,7,Alfa Romeo Racing,2,137.416,49.466,51.016,36.934,MEDIUM,1,2,16,24,True,None,None,True,2107.593,2020-08-02T13:15:07.607000000,False
RAI,7,Alfa Romeo Racing,3,150.462,45.848,60.195,44.419,MEDIUM,1,3,16,4,False,None,None,True,2245.009,2020-08-02T13:17:25.023000000,False
RAI,7,Alfa Romeo Racing,4,154.132,46.126,66.95,41.056,MEDIUM,1,4,16,4,False,None,None,True,2395.537,2020-08-02T13:19:55.551000000,False
RAI,7,Alfa Romeo Racing,5,125.243,43.7,50.098,31.445,MEDIUM,1,5,16,41,True,None,None,True,2549.592,2020-08-02T13:22:29.606000000,False
RAI,7,Alfa Romeo Racing,6,94.648,29.901,38.373,26.374,MEDIUM,1,6,16,1,True,None,None,True,2674.835,2020-08-02T13:24:34.849000000,True
RAI,7,Alfa Romeo Racing,7,94.393,29.654,38.344,26.395,MEDIUM,1,7,15,1,True,None,None,True,2769.483,2020-08-02T13:26:09.497000000,True
RAI,7,Alfa Romeo Racing,8,93.674,29.762,38.325,25.587,MEDIUM,1,8,15,1,True,None,None,True,2863.876,2020-08-02T13:27:43.890000000,True
RAI,7,Alfa Romeo Racing,9,93.527,29.578,38.245,25.704,MEDIUM,1,9,15,1,True,None,None,True,2957.55,2020-08-02T13:29:17.564000000,True
RAI,7,Alfa Romeo Racing,10,93.528,29.5,38.313,25.715,MEDIUM,1,10,15,1,False,None,None,True,3051.077,2020-08-02T13:30:51.091000000,True
RAI,7,Alfa Romeo Racing,11,93.314,29.638,38.164,25.512,MEDIUM,1,11,15,1,True,None,None,True,3144.605,2020-08-02T13:32:24.619000000,True
RAI,7,Alfa Romeo Racing,12,104.246,30.013,39.087,35.146,MEDIUM,1,12,13,124,False,None,3336.287,True,3237.919,2020-08-02T13:33:57.933000000,False
RAI,7,Alfa Romeo Racing,13,151.039,65.892,51.734,33.413,HARD,2,1,16,4,False,3372.91,None,True,3342.165,2020-08-02T13:35:42.179000000,False
RAI,7,Alfa Romeo Racing,14,122.097,32.953,51.595,37.549,HARD,2,2,16,4,False,None,None,True,3493.246,2020-08-02T13:38:13.260000000,False
RAI,7,Alfa Romeo Racing,15,151.24,46.344,67.638,37.258,HARD,2,3,16,4,False,None,None,True,3615.343,2020-08-02T13:40:15.357000000,False
RAI,7,Alfa Romeo Racing,16,159.999,49.832,72.533,37.634,HARD,2,4,16,4,False,None,None,True,3766.574,2020-08-02T13:42:46.588000000,False
RAI,7,Alfa Romeo Racing,17,154.087,45.592,71.845,36.65,HARD,2,5,16,4,False,None,None,True,3926.568,2020-08-02T13:45:26.582000000,False
RAI,7,Alfa Romeo Racing,18,128.167,43.775,52.581,31.811,HARD,2,6,16,41,False,None,None,True,4080.633,2020-08-02T13:48:00.647000000,False
RAI,7,Alfa Romeo Racing,19,95.995,30.136,39.543,26.316,HARD,2,7,15,1,False,None,None,True,4208.8,2020-08-02T13:50:08.814000000,True
RAI,7,Alfa Romeo Racing,20,94.126,29.483,38.665,25.978,HARD,2,8,15,1,False,None,None,True,4304.795,2020-08-02T13:51:44.809000000,True
RAI,7,Alfa Romeo Racing,21,93.056,29.47,38.055,25.531,HARD,2,9,15,1,True,None,None,True,4398.921,2020-08-02T13:53:18.935000000,True
RAI,7,Alfa Romeo Racing,22,92.719,29.291,37.839,25.589,HARD,2,10,15,1,True,None,None,True,4491.977,2020-08-02T13:54:51.991000000,True
RAI,7,Alfa Romeo Racing,23,93.912,29.275,38.924,25.713,HARD,2,11,15,1,False,None,None,True,4584.696,2020-08-02T13:56:24.710000000,True
RAI,7,Alfa Romeo Racing,24,92.919,29.759,37.454,25.706,HARD,2,12,15,1,False,None,None,True,4678.608,2020-08-02T13:57:58.622000000,True
RAI,7,Alfa Romeo Racing,25,92.637,29.592,37.482,25.563,HARD,2,13,15,1,True,None,None,True,4771.527,2020-08-02T13:59:31.541000000,True
RAI,7,Alfa Romeo Racing,26,92.501,29.738,37.206,25.557,HARD,2,14,15,1,True,None,None,True,4864.164,2020-08-02T14:01:04.178000000,True
RAI,7,Alfa Romeo Racing,27,93.448,29.746,37.588,26.114,HARD,2,15,16,1,False,None,None,True,4956.665,2020-08-02T14:02:36.679000000,True
RAI,7,Alfa Romeo Racing,28,92.877,29.539,37.464,25.874,HARD,2,16,16,1,False,None,None,True,5050.113,2020-08-02T14:04:10.127000000,True
RAI,7,Alfa Romeo Racing,29,92.104,29.538,37.174,25.392,HARD,2,17,16,1,True,None,None,True,5142.99,2020-08-02T14:05:43.004000000,True
RAI,7,Alfa Romeo Racing,30,92.254,29.488,37.446,25.32,HARD,2,18,16,1,False,None,None,True,5235.094,2020-08-02T14:07:15.108000000,True
RAI,7,Alfa Romeo Racing,31,92.259,29.498,37.269,25.492,HARD,2,19,15,1,False,None,None,True,5327.348,2020-08-02T14:08:47.362000000,True
RAI,7,Alfa Romeo Racing,32,93.041,29.481,37.227,26.333,HARD,2,20,16,1,False,None,None,True,5419.607,2020-08-02T14:10:19.621000000,True
RAI,7,Alfa Romeo Racing,33,92.315,29.606,37.341,25.368,HARD,2,21,16,1,False,None,None,True,5512.648,2020-08-02T14:11:52.662000000,True
RAI,7,Alfa Romeo Racing,34,92.497,29.582,37.314,25.601,HARD,2,22,16,1,False,None,None,True,5604.963,2020-08-02T14:13:24.977000000,True
RAI,7,Alfa Romeo Racing,35,92.691,29.797,37.218,25.676,HARD,2,23,16,1,False,None,None,True,5697.46,2020-08-02T14:14:57.474000000,True
RAI,7,Alfa Romeo Racing,36,91.974,29.656,36.953,25.365,HARD,2,24,16,1,True,None,None,True,5790.151,2020-08-02T14:16:30.165000000,True
RAI,7,Alfa Romeo Racing,37,91.675,29.294,37.097,25.284,HARD,2,25,15,1,True,None,None,True,5882.125,2020-08-02T14:18:02.139000000,True
RAI,7,Alfa Romeo Racing,38,91.798,29.514,36.914,25.37,HARD,2,26,15,1,False,None,None,True,5973.8,2020-08-02T14:19:33.814000000,True
RAI,7,Alfa Romeo Racing,39,92.524,29.309,37.248,25.967,HARD,2,27,16,1,False,None,None,True,6065.598,2020-08-02T14:21:05.612000000,True
RAI,7,Alfa Romeo Racing,40,91.788,29.147,37.186,25.455,HARD,2,28,16,1,False,None,None,True,6158.122,2020-08-02T14:22:38.136000000,True
RAI,7,Alfa Romeo Racing,41,91.718,29.184,37.164,25.37,HARD,2,29,16,1,False,None,None,True,6249.91,2020-08-02T14:24:09.924000000,True
RAI,7,Alfa Romeo Racing,42,92.292,29.818,37.228,25.246,HARD,2,30,16,1,False,None,None,True,6341.628,2020-08-02T14:25:41.642000000,True
RAI,7,Alfa Romeo Racing,43,91.7,29.463,36.86,25.377,HARD,2,31,16,1,False,None,None,True,6433.92,2020-08-02T14:27:13.934000000,True
RAI,7,Alfa Romeo Racing,44,92.058,29.41,36.773,25.875,HARD,2,32,17,1,False,None,None,True,6525.62,2020-08-02T14:28:45.634000000,True
RAI,7,Alfa Romeo Racing,45,91.859,29.459,37.122,25.278,HARD,2,33,17,1,False,None,None,True,6617.678,2020-08-02T14:30:17.692000000,True
RAI,7,Alfa Romeo Racing,46,91.494,29.468,36.81,25.216,HARD,2,34,17,1,True,None,None,True,6709.537,2020-08-02T14:31:49.551000000,True
RAI,7,Alfa Romeo Racing,47,114.836,29.723,44.882,40.231,HARD,2,35,17,12,False,None,6910.141,True,6801.031,2020-08-02T14:33:21.045000000,False
RAI,7,Alfa Romeo Racing,48,128.309,66.631,36.832,24.846,SOFT,3,1,17,1,False,6954.111,None,True,6915.867,2020-08-02T14:35:15.881000000,False
RAI,7,Alfa Romeo Racing,49,89.973,28.843,36.297,24.833,SOFT,3,2,17,1,True,None,None,True,7044.176,2020-08-02T14:37:24.190000000,True
RAI,7,Alfa Romeo Racing,50,92.679,29.166,36.63,26.883,SOFT,3,3,17,1,False,None,None,True,7134.149,2020-08-02T14:38:54.163000000,True
RAI,7,Alfa Romeo Racing,51,96.344,31.215,39.467,25.662,SOFT,3,4,17,1,False,None,None,True,7226.828,2020-08-02T14:40:26.842000000,True
RIC,3,Renault,1,99.264,None,39.329,26.135,SOFT,1,4,6,1,False,None,None,False,2002.751,2020-08-02T13:13:22.765000000,False
RIC,3,Renault,2,128.887,40.341,51.893,36.653,SOFT,1,5,6,124,True,None,None,False,2102.176,2020-08-02T13:15:02.190000000,False
RIC,3,Renault,3,148.982,46.481,62.053,40.448,SOFT,1,6,6,4,False,None,None,False,2231.063,2020-08-02T13:17:11.077000000,False
RIC,3,Renault,4,155.09,46.317,65.105,43.668,SOFT,1,7,6,4,False,None,None,False,2380.045,2020-08-02T13:19:40.059000000,False
RIC,3,Renault,5,134.328,40.847,60.079,33.402,SOFT,1,8,6,41,False,None,None,False,2535.113,2020-08-02T13:22:15.127000000,False
RIC,3,Renault,6,94.179,29.867,38.389,25.923,SOFT,1,9,6,1,True,None,None,False,2669.441,2020-08-02T13:24:29.455000000,True
RIC,3,Renault,7,94.135,30.012,38.212,25.911,SOFT,1,10,6,1,True,None,None,False,2763.62,2020-08-02T13:26:03.634000000,True
RIC,3,Renault,8,93.025,29.645,37.774,25.606,SOFT,1,11,6,1,True,None,None,False,2857.755,2020-08-02T13:27:37.769000000,True
RIC,3,Renault,9,93.183,29.665,37.823,25.695,SOFT,1,12,6,1,False,None,None,False,2950.78,2020-08-02T13:29:10.794000000,True
RIC,3,Renault,10,93.062,29.54,37.934,25.588,SOFT,1,13,6,1,False,None,None,False,3043.963,2020-08-02T13:30:43.977000000,True
RIC,3,Renault,11,92.789,29.543,37.686,25.56,SOFT,1,14,6,1,True,None,None,False,3137.025,2020-08-02T13:32:17.039000000,True
RIC,3,Renault,12,98.651,29.765,37.634,31.252,SOFT,1,15,5,124,False,None,3322.603,False,3229.814,2020-08-02T13:33:49.828000000,False
RIC,3,Renault,13,146.815,60.633,53.172,33.01,HARD,2,1,8,4,False,3352.218,None,True,3328.465,2020-08-02T13:35:28.479000000,False
RIC,3,Renault,14,128.688,39.082,47.236,42.37,HARD,2,2,7,4,False,None,None,True,3475.28,2020-08-02T13:37:55.294000000,False
RIC,3,Renault,15,151.761,44.719,69.733,37.309,HARD,2,3,7,4,False,None,None,True,3603.968,2020-08-02T13:40:03.982000000,False
RIC,3,Renault,16,159.267,49.149,72.381,37.737,HARD,2,4,7,4,False,None,None,True,3755.773,2020-08-02T13:42:35.787000000,False
RIC,3,Renault,17,152.813,44.097,71.674,37.042,HARD,2,5,7,4,False,None,None,True,3915.012,2020-08-02T13:45:15.026000000,False
RIC,3,Renault,18,137.817,42.375,59.176,36.266,HARD,2,6,7,41,False,None,None,True,4067.804,2020-08-02T13:47:47.818000000,False
RIC,3,Renault,19,95.36,29.93,39.364,26.066,HARD,2,7,8,1,False,None,None,True,4205.621,2020-08-02T13:50:05.635000000,True
RIC,3,Renault,20,93.359,29.592,38.119,25.648,HARD,2,8,8,1,False,None,None,True,4300.981,2020-08-02T13:51:40.995000000,True
RIC,3,Renault,21,92.56,29.409,37.756,25.395,HARD,2,9,8,1,True,None,None,True,4394.34,2020-08-02T13:53:14.354000000,True
RIC,3,Renault,22,92.125,29.272,37.465,25.388,HARD,2,10,8,1,True,None,None,True,4486.9,2020-08-02T13:54:46.914000000,True
RIC,3,Renault,23,92.44,29.207,37.689,25.544,HARD,2,11,8,1,False,None,None,True,4579.025,2020-08-02T13:56:19.039000000,True
RIC,3,Renault,24,92.182,29.364,37.464,25.354,HARD,2,12,8,1,False,None,None,True,4671.465,2020-08-02T13:57:51.479000000,True
RIC,3,Renault,25,92.618,29.62,37.699,25.299,HARD,2,13,8,1,False,None,None,True,4763.647,2020-08-02T13:59:23.661000000,True
RIC,3,Renault,26,92.433,29.017,37.873,25.543,HARD,2,14,8,1,False,None,None,True,4856.265,2020-08-02T14:00:56.279000000,True
RIC,3,Renault,27,91.952,29.144,37.499,25.309,HARD,2,15,8,1,True,None,None,True,4948.698,2020-08-02T14:02:28.712000000,True
RIC,3,Renault,28,91.851,29.053,37.477,25.321,HARD,2,16,8,1,True,None,None,True,5040.65,2020-08-02T14:04:00.664000000,True
RIC,3,Renault,29,91.681,29.076,37.381,25.224,HARD,2,17,8,1,True,None,None,True,5132.501,2020-08-02T14:05:32.515000000,True
RIC,3,Renault,30,91.454,28.977,37.329,25.148,HARD,2,18,8,1,True,None,None,True,5224.182,2020-08-02T14:07:04.196000000,True
RIC,3,Renault,31,91.31,28.958,37.286,25.066,HARD,2,19,8,1,True,None,None,True,5315.636,2020-08-02T14:08:35.650000000,True
RIC,3,Renault,32,91.56,29.037,37.45,25.073,HARD,2,20,8,1,False,None,None,True,5406.946,2020-08-02T14:10:06.960000000,True
RIC,3,Renault,33,91.035,28.961,37.149,24.925,HARD,2,21,8,1,True,None,None,True,5498.506,2020-08-02T14:11:38.520000000,True
RIC,3,Renault,34,91.139,28.855,37.179,25.105,HARD,2,22,8,1,False,None,None,True,5589.541,2020-08-02T14:13:09.555000000,True
RIC,3,Renault,35,91.473,29.249,36.942,25.282,HARD,2,23,8,1,False,None,None,True,5680.68,2020-08-02T14:14:40.694000000,True
RIC,3,Renault,36,90.749,28.843,36.971,24.935,HARD,2,24,7,1,True,None,None,True,5772.153,2020-08-02T14:16:12.167000000,True
RIC,3,Renault,37,90.603,29.019,36.554,25.03,HARD,2,25,7,1,True,None,None,True,5862.902,2020-08-02T14:17:42.916000000,True
RIC,3,Renault,38,90.353,28.91,36.54,24.903,HARD,2,26,7,1,True,None,None,True,5953.505,2020-08-02T14:19:13.519000000,True
RIC,3,Renault,39,90.179,28.782,36.493,24.904,HARD,2,27,7,1,True,None,None,True,6043.858,2020-08-02T14:20:43.872000000,True
RIC,3,Renault,40,90.161,28.673,36.53,24.958,HARD,2,28,7,1,True,None,None,True,6134.037,2020-08-02T14:22:14.051000000,True
RIC,3,Renault,41,89.95,28.75,36.537,24.663,HARD,2,29,7,1,True,None,None,True,6224.198,2020-08-02T14:23:44.212000000,True
RIC,3,Renault,42,90.062,28.891,36.434,24.737,HARD,2,30,7,1,False,None,None,True,6314.148,2020-08-02T14:25:14.162000000,True
RIC,3,Renault,43,90.53,29.035,36.621,24.874,HARD,2,31,7,1,False,None,None,True,6404.21,2020-08-02T14:26:44.224000000,True
RIC,3,Renault,44,90.119,28.903,36.436,24.78,HARD,2,32,7,1,False,None,None,True,6494.74,2020-08-02T14:28:14.754000000,True
RIC,3,Renault,45,89.973,29.002,36.339,24.632,HARD,2,33,7,1,False,None,None,True,6584.859,2020-08-02T14:29:44.873000000,True
RIC,3,Renault,46,90.077,29.018,36.302,24.757,HARD,2,34,7,1,False,None,None,True,6674.832,2020-08-02T14:31:14.846000000,True
RIC,3,Renault,47,90.015,28.821,36.28,24.914,HARD,2,35,7,1,False,None,None,True,6764.909,2020-08-02T14:32:44.923000000,True
RIC,3,Renault,48,90.005,28.788,36.456,24.761,HARD,2,36,7,12,False,None,None,True,6854.924,2020-08-02T14:34:14.938000000,True
RIC,3,Renault,49,89.482,28.858,36.309,24.315,HARD,2,37,6,1,True,None,None,True,6944.929,2020-08-02T14:35:44.943000000,True
RIC,3,Renault,50,89.858,29.026,36.208,24.624,HARD,2,38,6,1,False,None,None,True,7034.411,2020-08-02T14:37:14.425000000,True
RIC,3,Renault,51,89.783,28.752,36.644,24.387,HARD,2,39,4,1,False,None,None,True,7124.269,2020-08-02T14:38:44.283000000,True
RIC,3,Renault,52,89.766,29.065,36.187,24.514,HARD,2,40,4,1,False,None,None,True,7214.052,2020-08-02T14:40:14.066000000,True
RUS,63,Williams,1,105.216,None,40.47,27.515,MEDIUM,1,1,18,12,False,None,None,True,2002.751,2020-08-02T13:13:22.765000000,False
RUS,63,Williams,2,137.923,50.045,50.392,37.486,MEDIUM,1,2,17,24,True,None,None,True,2108.128,2020-08-02T13:15:08.142000000,False
RUS,63,Williams,3,150.975,46.163,59.898,44.914,MEDIUM,1,3,17,4,False,None,None,True,2246.051,2020-08-02T13:17:26.065000000,False
RUS,63,Williams,4,154.25,46.652,66.396,41.202,MEDIUM,1,4,17,4,False,None,None,True,2397.113,2020-08-02T13:19:57.127000000,False
RUS,63,Williams,5,123.937,43.381,49.426,31.13,MEDIUM,1,5,17,41,True,None,None,True,2551.277,2020-08-02T13:22:31.291000000,False
RUS,63,Williams,6,95.055,29.957,38.723,26.375,MEDIUM,1,6,17,1,True,None,None,True,2675.214,2020-08-02T13:24:35.228000000,True
RUS,63,Williams,7,94.479,30.007,38.14,26.332,MEDIUM,1,7,16,1,True,None,None,True,2770.269,2020-08-02T13:26:10.283000000,True
RUS,63,Williams,8,93.527,29.538,38.151,25.838,MEDIUM,1,8,16,1,True,None,None,True,2864.748,2020-08-02T13:27:44.762000000,True
RUS,63,Williams,9,93.881,29.797,38.377,25.707,MEDIUM,1,9,16,1,False,None,None,True,2958.275,2020-08-02T13:29:18.289000000,True
RUS,63,Williams,10,93.647,29.742,38.062,25.843,MEDIUM,1,10,16,1,False,None,None,True,3052.156,2020-08-02T13:30:52.170000000,True
RUS,63,Williams,11,93.694,30.115,37.883,25.696,MEDIUM,1,11,16,1,False,None,None,True,3145.803,2020-08-02T13:32:25.817000000,True
RUS,63,Williams,12,103.329,29.942,39.239,34.148,MEDIUM,1,12,15,124,False,None,3336.978,True,3239.497,2020-08-02T13:33:59.511000000,False
RUS,63,Williams,13,144.811,61.007,50.447,33.357,HARD,2,1,15,4,False,3366.283,None,True,3342.826,2020-08-02T13:35:42.840000000,False
RUS,63,Williams,14,126.147,36.149,50.172,39.826,HARD,2,2,15,4,False,None,None,True,3487.637,2020-08-02T13:38:07.651000000,False
RUS,63,Williams,15,151.723,45.723,68.418,37.582,HARD,2,3,15,4,False,None,None,True,3613.784,2020-08-02T13:40:13.798000000,False
RUS,63,Williams,16,159.796,49.33,73.346,37.12,HARD,2,4,15,4,False,None,None,True,3765.567,2020-08-02T13:42:45.581000000,False
RUS,63,Williams,17,154.181,45.588,70.496,38.097,HARD,2,5,15,4,False,None,None,True,3925.322,2020-08-02T13:45:25.336000000,False
RUS,63,Williams,18,128.939,43.458,53.244,32.237,HARD,2,6,15,41,False,None,None,True,4079.471,2020-08-02T13:47:59.485000000,False
RUS,63,Williams,19,97.267,30.689,40.164,26.414,HARD,2,7,16,1,False,None,None,True,4208.41,2020-08-02T13:50:08.424000000,True
RUS,63,Williams,20,94.245,29.893,38.213,26.139,HARD,2,8,16,1,False,None,None,True,4305.677,2020-08-02T13:51:45.691000000,True
RUS,63,Williams,21,93.088,29.403,38.093,25.592,HARD,2,9,16,1,True,None,None,True,4399.922,2020-08-02T13:53:19.936000000,True
RUS,63,Williams,22,93.243,29.573,37.84,25.83,HARD,2,10,16,1,False,None,None,True,4493.01,2020-08-02T13:54:53.024000000,True
RUS,63,Williams,23,93.019,29.627,37.66,25.732,HARD,2,11,16,1,True,None,None,True,4586.253,2020-08-02T13:56:26.267000000,True
RUS,63,Williams,24,93.046,29.613,37.73,25.703,HARD,2,12,16,1,False,None,None,True,4679.272,2020-08-02T13:57:59.286000000,True
RUS,63,Williams,25,92.565,29.415,37.526,25.624,HARD,2,13,16,1,True,None,None,True,4772.318,2020-08-02T13:59:32.332000000,True
RUS,63,Williams,26,92.499,29.58,37.512,25.407,HARD,2,14,16,1,True,None,None,True,4864.883,2020-08-02T14:01:04.897000000,True
RUS,63,Williams,27,91.94,29.589,37.541,24.81,HARD,2,15,15,1,True,None,None,True,4957.382,2020-08-02T14:02:37.396000000,True
RUS,63,Williams,28,92.047,29.326,37.313,25.408,HARD,2,16,15,1,False,None,None,True,5049.322,2020-08-02T14:04:09.336000000,True
RUS,63,Williams,29,91.721,29.37,37.108,25.243,HARD,2,17,15,1,True,None,None,True,5141.369,2020-08-02T14:05:41.383000000,True
RUS,63,Williams,30,91.546,29.281,37.14,25.125,HARD,2,18,15,1,True,None,None,True,5233.09,2020-08-02T14:07:13.104000000,True
RUS,63,Williams,31,91.957,29.306,37.303,25.348,HARD,2,19,14,1,False,None,None,True,5324.636,2020-08-02T14:08:44.650000000,True
RUS,63,Williams,32,91.683,29.345,37.138,25.2,HARD,2,20,14,1,False,None,None,True,5416.593,2020-08-02T14:10:16.607000000,True
RUS,63,Williams,33,91.423,29.282,37.144,24.997,HARD,2,21,14,1,True,None,None,True,5508.276,2020-08-02T14:11:48.290000000,True
RUS,63,Williams,34,91.112,29.167,36.818,25.127,HARD,2,22,14,1,True,None,None,True,5599.699,2020-08-02T14:13:19.713000000,True
RUS,63,Williams,35,91.707,29.41,37.038,25.259,HARD,2,23,14,1,False,None,None,True,5690.811,2020-08-02T14:14:50.825000000,True
RUS,63,Williams,36,91.759,29.372,37.076,25.311,HARD,2,24,14,1,False,None,None,True,5782.518,2020-08-02T14:16:22.532000000,True
RUS,63,Williams,37,91.343,29.23,36.936,25.177,HARD,2,25,13,1,False,None,None,True,5874.277,2020-08-02T14:17:54.291000000,True
RUS,63,Williams,38,91.338,29.244,37.018,25.076,HARD,2,26,13,1,False,None,None,True,5965.62,2020-08-02T14:19:25.634000000,True
RUS,63,Williams,39,91.095,29.237,36.804,25.054,HARD,2,27,13,1,True,None,None,True,6056.958,2020-08-02T14:20:56.972000000,True
RUS,63,Williams,40,91.038,29.113,36.905,25.02,HARD,2,28,13,1,True,None,None,True,6148.053,2020-08-02T14:22:28.067000000,True
RUS,63,Williams,41,90.862,29.085,36.814,24.963,HARD,2,29,13,1,True,None,None,True,6239.091,2020-08-02T14:23:59.105000000,True
RUS,63,Williams,42,91.359,29.107,37.156,25.096,HARD,2,30,13,1,False,None,None,True,6329.953,2020-08-02T14:25:29.967000000,True
RUS,63,Williams,43,91.309,29.204,36.814,25.291,HARD,2,31,13,1,False,None,None,True,6421.312,2020-08-02T14:27:01.326000000,True
RUS,63,Williams,44,91.099,29.217,36.743,25.139,HARD,2,32,13,1,False,None,None,True,6512.621,2020-08-02T14:28:32.635000000,True
RUS,63,Williams,45,92.419,29.519,37.731,25.169,HARD,2,33,14,1,False,None,None,True,6603.72,2020-08-02T14:30:03.734000000,True
RUS,63,Williams,46,91.461,29.523,36.767,25.171,HARD,2,34,14,1,False,None,None,True,6696.139,2020-08-02T14:31:36.153000000,True
RUS,63,Williams,47,90.88,29.132,36.719,25.029,HARD,2,35,14,12,False,None,None,True,6787.6,2020-08-02T14:33:07.614000000,True
RUS,63,Williams,48,91.146,29.343,36.824,24.979,HARD,2,36,14,1,False,None,None,True,6878.48,2020-08-02T14:34:38.494000000,True
RUS,63,Williams,49,90.862,29.016,36.814,25.032,HARD,2,37,14,1,False,None,None,True,6969.626,2020-08-02T14:36:09.640000000,True
RUS,63,Williams,50,91.573,29.345,36.965,25.263,HARD,2,38,14,1,False,None,None,True,7060.488,2020-08-02T14:37:40.502000000,True
RUS,63,Williams,51,91.858,29.305,37.271,25.282,HARD,2,39,14,1,False,None,None,True,7152.061,2020-08-02T14:39:12.075000000,True
RUS,63,Williams,52,92.268,29.318,37.725,25.225,HARD,2,40,13,1,False,None,None,True,7243.919,2020-08-02T14:40:43.933000000,True
SAI,55,McLaren,1,98.652,None,38.976,26.052,SOFT,1,4,5,1,False,None,None,False,2002.751,2020-08-02T13:13:22.765000000,False
SAI,55,McLaren,2,128.406,38.675,51.281,38.45,SOFT,1,5,5,124,True,None,None,False,2101.564,2020-08-02T13:15:01.578000000,False
SAI,55,McLaren,3,148.577,46.652,61.809,40.116,SOFT,1,6,5,4,False,None,None,False,2229.97,2020-08-02T13:17:09.984000000,False
SAI,55,McLaren,4,154.053,46.98,64.683,42.39,SOFT,1,7,5,4,False,None,None,False,2378.547,2020-08-02T13:19:38.561000000,False
SAI,55,McLaren,5,136.516,42.003,60.588,33.925,SOFT,1,8,5,41,False,None,None,False,2532.574,2020-08-02T13:22:12.588000000,False
SAI,55,McLaren,6,93.674,29.534,37.973,26.167,SOFT,1,9,5,1,True,None,None,False,2669.09,2020-08-02T13:24:29.104000000,True
SAI,55,McLaren,7,93.699,29.958,37.852,25.889,SOFT,1,10,5,1,False,None,None,False,2762.764,2020-08-02T13:26:02.778000000,True
SAI,55,McLaren,8,92.917,29.401,37.632,25.884,SOFT,1,11,5,1,True,None,None,False,2856.463,2020-08-02T13:27:36.477000000,True
SAI,55,McLaren,9,93.016,29.709,37.513,25.794,SOFT,1,12,5,1,False,None,None,False,2949.38,2020-08-02T13:29:09.394000000,True
SAI,55,McLaren,10,92.878,29.595,37.516,25.767,SOFT,1,13,5,1,True,None,None,False,3042.396,2020-08-02T13:30:42.410000000,True
SAI,55,McLaren,11,92.626,29.7,37.398,25.528,SOFT,1,14,5,1,True,None,None,False,3135.274,2020-08-02T13:32:15.288000000,True
SAI,55,McLaren,12,100.877,29.687,37.569,33.621,SOFT,1,15,6,124,False,None,None,False,3227.9,2020-08-02T13:33:47.914000000,False
SAI,55,McLaren,13,124.935,40.572,53.089,31.274,SOFT,1,16,5,4,False,None,3447.814,False,3328.777,2020-08-02T13:35:28.791000000,False
SAI,55,McLaren,14,148.662,56.844,48.59,43.228,HARD,2,1,6,4,False,3476.329,None,True,3453.712,2020-08-02T13:37:33.726000000,False
SAI,55,McLaren,15,152.401,45.384,67.396,39.621,HARD,2,2,6,4,False,None,None,True,3602.374,2020-08-02T13:40:02.388000000,False
SAI,55,McLaren,16,158.851,49.035,70.508,39.308,HARD,2,3,6,4,False,None,None,True,3754.804,2020-08-02T13:42:34.818000000,False
SAI,55,McLaren,17,153.173,44.649,69.745,38.779,HARD,2,4,6,4,False,None,None,True,3913.638,2020-08-02T13:45:13.652000000,False
SAI,55,McLaren,18,138.326,41.926,59.693,36.707,HARD,2,5,6,41,False,None,None,True,4066.779,2020-08-02T13:47:46.793000000,False
SAI,55,McLaren,19,94.463,30.486,38.085,25.892,HARD,2,6,6,1,False,None,None,True,4205.105,2020-08-02T13:50:05.119000000,True
SAI,55,McLaren,20,92.682,29.37,37.631,25.681,HARD,2,7,6,1,False,None,None,True,4299.568,2020-08-02T13:51:39.582000000,True
SAI,55,McLaren,21,92.49,29.307,37.351,25.832,HARD,2,8,6,1,True,None,None,True,4392.25,2020-08-02T13:53:12.264000000,True
SAI,55,McLaren,22,91.859,29.107,37.64,25.112,HARD,2,9,5,1,True,None,None,True,4484.74,2020-08-02T13:54:44.754000000,True
SAI,55,McLaren,23,92.458,29.849,37.108,25.501,HARD,2,10,5,1,False,None,None,True,4576.599,2020-08-02T13:56:16.613000000,True
SAI,55,McLaren,24,91.967,29.551,36.973,25.443,HARD,2,11,5,1,False,None,None,True,4669.057,2020-08-02T13:57:49.071000000,True
SAI,55,McLaren,25,91.898,29.432,37.062,25.404,HARD,2,12,5,1,False,None,None,True,4761.024,2020-08-02T13:59:21.038000000,True
SAI,55,McLaren,26,91.934,29.465,37.129,25.34,HARD,2,13,5,1,False,None,None,True,4852.922,2020-08-02T14:00:52.936000000,True
SAI,55,McLaren,27,91.616,29.343,37.067,25.206,HARD,2,14,5,1,True,None,None,True,4944.856,2020-08-02T14:02:24.870000000,True
SAI,55,McLaren,28,91.838,29.379,37.129,25.33,HARD,2,15,5,1,False,None,None,True,5036.472,2020-08-02T14:03:56.486000000,True
SAI,55,McLaren,29,91.563,29.326,37.001,25.236,HARD,2,16,5,1,True,None,None,True,5128.31,2020-08-02T14:05:28.324000000,True
SAI,55,McLaren,30,91.495,29.394,36.887,25.214,HARD,2,17,5,1,True,None,None,True,5219.873,2020-08-02T14:06:59.887000000,True
SAI,55,McLaren,31,91.392,29.312,36.869,25.211,HARD,2,18,5,1,True,None,None,True,5311.368,2020-08-02T14:08:31.382000000,True
SAI,55,McLaren,32,91.174,29.227,36.855,25.092,HARD,2,19,5,1,True,None,None,True,5402.76,2020-08-02T14:10:02.774000000,True
SAI,55,McLaren,33,91.177,29.272,36.757,25.148,HARD,2,20,5,1,False,None,None,True,5493.934,2020-08-02T14:11:33.948000000,True
SAI,55,McLaren,34,91.149,29.213,36.772,25.164,HARD,2,21,5,1,True,None,None,True,5585.111,2020-08-02T14:13:05.125000000,True
SAI,55,McLaren,35,91.317,29.495,36.706,25.116,HARD,2,22,5,1,False,None,None,True,5676.26,2020-08-02T14:14:36.274000000,True
SAI,55,McLaren,36,90.994,29.445,36.526,25.023,HARD,2,23,5,1,True,None,None,True,5767.577,2020-08-02T14:16:07.591000000,True
SAI,55,McLaren,37,90.784,29.314,36.522,24.948,HARD,2,24,5,1,True,None,None,True,5858.571,2020-08-02T14:17:38.585000000,True
SAI,55,McLaren,38,90.531,29.134,36.454,24.943,HARD,2,25,5,1,True,None,None,True,5949.355,2020-08-02T14:19:09.369000000,True
SAI,55,McLaren,39,90.577,29.209,36.377,24.991,HARD,2,26,5,1,False,None,None,True,6039.886,2020-08-02T14:20:39.900000000,True
SAI,55,McLaren,40,90.38,29.133,36.381,24.866,HARD,2,27,5,1,True,None,None,True,6130.463,2020-08-02T14:22:10.477000000,True
SAI,55,McLaren,41,90.185,28.993,36.239,24.953,HARD,2,28,5,1,True,None,None,True,6220.843,2020-08-02T14:23:40.857000000,True
SAI,55,McLaren,42,90.236,29.085,36.379,24.772,HARD,2,29,5,1,False,None,None,True,6311.028,2020-08-02T14:25:11.042000000,True
SAI,55,McLaren,43,90.619,29.351,36.179,25.089,HARD,2,30,5,1,False,None,None,True,6401.264,2020-08-02T14:26:41.278000000,True
SAI,55,McLaren,44,90.4,29.324,36.092,24.984,HARD,2,31,5,1,False,None,None,True,6491.883,2020-08-02T14:28:11.897000000,True
SAI,55,McLaren,45,90.012,29.202,36.033,24.777,HARD,2,32,5,1,True,None,None,True,6582.283,2020-08-02T14:29:42.297000000,True
SAI,55,McLaren,46,90.363,29.286,36.063,25.014,HARD,2,33,5,1,False,None,None,True,6672.295,2020-08-02T14:31:12.309000000,True
SAI,55,McLaren,47,89.948,29.222,36.163,24.563,HARD,2,34,5,1,True,None,None,True,6762.658,2020-08-02T14:32:42.672000000,True
SAI,55,McLaren,48,90.098,29.205,36.048,24.845,HARD,2,35,5,12,False,None,None,True,6852.606,2020-08-02T14:34:12.620000000,True
SAI,55,McLaren,49,90.045,29.179,36.128,24.738,HARD,2,36,5,1,False,None,None,True,6942.704,2020-08-02T14:35:42.718000000,True
SAI,55,McLaren,50,90.287,29.256,36.182,24.849,HARD,2,37,5,1,False,None,None,True,7032.749,2020-08-02T14:37:12.763000000,True
SAI,55,McLaren,51,97.06,29.208,37.321,30.531,HARD,2,38,6,1,False,None,7214.011,True,7123.036,2020-08-02T14:38:43.050000000,False
SAI,55,McLaren,52,117.423,56.607,36.295,24.521,MEDIUM,3,1,14,1,False,7250.283,None,True,7220.096,2020-08-02T14:40:20.110000000,False
STR,18,Racing Point,1,100.476,None,40.48,26.425,MEDIUM,1,4,8,1,False,None,None,False,2002.751,2020-08-02T13:13:22.765000000,False
STR,18,Racing Point,2,130.286,43.124,50.945,36.217,MEDIUM,1,5,8,124,True,None,None,False,2103.388,2020-08-02T13:15:03.402000000,False
STR,18,Racing Point,3,149.271,45.721,62.758,40.792,MEDIUM,1,6,8,4,False,None,None,False,2233.674,2020-08-02T13:17:13.688000000,False
STR,18,Racing Point,4,154.849,46.582,None,None,MEDIUM,1,7,8,4,False,None,None,False,2382.945,2020-08-02T13:19:42.959000000,False
STR,18,Racing Point,5,132.315,41.07,58.429,32.816,MEDIUM,1,8,8,41,False,None,None,False,2537.777,2020-08-02T13:22:17.791000000,False
STR,18,Racing Point,6,94.963,30.342,38.505,26.116,MEDIUM,1,9,8,1,True,None,None,False,2670.092,2020-08-02T13:24:30.106000000,True
STR,18,Racing Point,7,94.261,29.859,38.228,26.174,MEDIUM,1,10,8,1,True,None,None,False,2765.055,2020-08-02T13:26:05.069000000,True
STR,18,Racing Point,8,93.108,29.445,37.884,25.779,MEDIUM,1,11,8,1,True,None,None,False,2859.316,2020-08-02T13:27:39.330000000,True
STR,18,Racing Point,9,93.399,29.455,37.967,25.977,MEDIUM,1,12,8,1,False,None,None,False,2952.424,2020-08-02T13:29:12.438000000,True
STR,18,Racing Point,10,93.14,29.44,37.999,25.701,MEDIUM,1,13,8,1,False,None,None,False,3045.823,2020-08-02T13:30:45.837000000,True
STR,18,Racing Point,11,92.8,29.464,37.537,25.799,MEDIUM,1,14,8,1,True,None,None,False,3138.963,2020-08-02T13:32:18.977000000,True
STR,18,Racing Point,12,101.086,29.596,37.753,33.737,MEDIUM,1,15,8,124,False,None,None,False,3231.763,2020-08-02T13:33:51.777000000,False
STR,18,Racing Point,13,125.779,40.545,53.448,31.786,MEDIUM,1,16,6,4,False,None,3452.716,False,3332.849,2020-08-02T13:35:32.863000000,False
STR,18,Racing Point,14,148.537,57.894,48.006,42.637,HARD,2,1,9,4,False,3481.456,None,True,3458.628,2020-08-02T13:37:38.642000000,False
STR,18,Racing Point,15,150.98,44.165,69.471,37.344,HARD,2,2,9,4,False,None,None,True,3607.165,2020-08-02T13:40:07.179000000,False
STR,18,Racing Point,16,160.385,48.367,74.181,37.837,HARD,2,3,9,4,False,None,None,True,3758.167,2020-08-02T13:42:38.181000000,False
STR,18,Racing Point,17,152.934,43.588,72.178,37.168,HARD,2,4,9,4,False,None,None,True,3918.531,2020-08-02T13:45:18.545000000,False
STR,18,Racing Point,18,134.818,42.032,57.372,35.414,HARD,2,5,9,41,False,None,None,True,4071.48,2020-08-02T13:47:51.494000000,False
STR,18,Racing Point,19,95.085,29.894,39.217,25.974,HARD,2,6,9,1,False,None,None,True,4206.298,2020-08-02T13:50:06.312000000,True
STR,18,Racing Point,20,93.55,29.772,38.011,25.767,HARD,2,7,9,1,False,None,None,True,4301.383,2020-08-02T13:51:41.397000000,True
STR,18,Racing Point,21,92.586,29.34,37.688,25.558,HARD,2,8,9,1,True,None,None,True,4394.933,2020-08-02T13:53:14.947000000,True
STR,18,Racing Point,22,92.206,29.238,37.407,25.561,HARD,2,9,9,1,True,None,None,True,4487.519,2020-08-02T13:54:47.533000000,True
STR,18,Racing Point,23,92.298,29.228,37.589,25.481,HARD,2,10,9,1,False,None,None,True,4579.725,2020-08-02T13:56:19.739000000,True
STR,18,Racing Point,24,92.32,29.467,37.383,25.47,HARD,2,11,9,1,False,None,None,True,4672.023,2020-08-02T13:57:52.037000000,True
STR,18,Racing Point,25,92.566,29.639,37.574,25.353,HARD,2,12,9,1,False,None,None,True,4764.343,2020-08-02T13:59:24.357000000,True
STR,18,Racing Point,26,92.733,29.223,37.987,25.523,HARD,2,13,9,1,False,None,None,True,4856.909,2020-08-02T14:00:56.923000000,True
STR,18,Racing Point,27,91.764,29.248,37.211,25.305,HARD,2,14,9,1,True,None,None,True,4949.642,2020-08-02T14:02:29.656000000,True
STR,18,Racing Point,28,91.816,29.196,37.21,25.41,HARD,2,15,9,1,False,None,None,True,5041.406,2020-08-02T14:04:01.420000000,True
STR,18,Racing Point,29,91.692,29.166,37.122,25.404,HARD,2,16,9,1,True,None,None,True,5133.222,2020-08-02T14:05:33.236000000,True
STR,18,Racing Point,30,91.441,29.133,37.203,25.105,HARD,2,17,9,1,True,None,None,True,5224.914,2020-08-02T14:07:04.928000000,True
STR,18,Racing Point,31,91.418,29.095,37.154,25.169,HARD,2,18,9,1,True,None,None,True,5316.355,2020-08-02T14:08:36.369000000,True
STR,18,Racing Point,32,91.391,28.906,37.264,25.221,HARD,2,19,9,1,True,None,None,True,5407.773,2020-08-02T14:10:07.787000000,True
STR,18,Racing Point,33,91.205,29.109,37.033,25.063,HARD,2,20,9,1,True,None,None,True,5499.164,2020-08-02T14:11:39.178000000,True
STR,18,Racing Point,34,91.142,29.061,37.01,25.071,HARD,2,21,9,1,True,None,None,True,5590.369,2020-08-02T14:13:10.383000000,True
STR,18,Racing Point,35,91.462,29.066,37.123,25.273,HARD,2,22,9,1,False,None,None,True,5681.511,2020-08-02T14:14:41.525000000,True
STR,18,Racing Point,36,91.224,29.129,37.613,24.482,HARD,2,23,8,1,False,None,None,True,5772.973,2020-08-02T14:16:12.987000000,True
STR,18,Racing Point,37,91.872,30.007,36.75,25.115,HARD,2,24,8,1,False,None,None,True,5864.197,2020-08-02T14:17:44.211000000,True
STR,18,Racing Point,38,90.642,29.083,36.57,24.989,HARD,2,25,8,1,True,None,None,True,5956.069,2020-08-02T14:19:16.083000000,True
STR,18,Racing Point,39,90.742,29.12,36.375,25.247,HARD,2,26,8,1,False,None,None,True,6046.711,2020-08-02T14:20:46.725000000,True
STR,18,Racing Point,40,90.808,28.997,36.458,25.353,HARD,2,27,8,1,False,None,None,True,6137.453,2020-08-02T14:22:17.467000000,True
STR,18,Racing Point,41,90.728,29.006,36.501,25.221,HARD,2,28,8,1,False,None,None,True,6228.261,2020-08-02T14:23:48.275000000,True
STR,18,Racing Point,42,90.722,29.115,36.574,25.033,HARD,2,29,8,1,False,None,None,True,6318.989,2020-08-02T14:25:19.003000000,True
STR,18,Racing Point,43,90.765,29.223,36.478,25.064,HARD,2,30,8,1,False,None,None,True,6409.711,2020-08-02T14:26:49.725000000,True
STR,18,Racing Point,44,90.475,29.179,36.298,24.998,HARD,2,31,8,1,True,None,None,True,6500.476,2020-08-02T14:28:20.490000000,True
STR,18,Racing Point,45,90.639,29.232,36.305,25.102,HARD,2,32,8,1,False,None,None,True,6590.951,2020-08-02T14:29:50.965000000,True
STR,18,Racing Point,46,91.405,29.373,36.846,25.186,HARD,2,33,9,1,False,None,None,True,6681.59,2020-08-02T14:31:21.604000000,True
STR,18,Racing Point,47,90.834,29.327,36.441,25.066,HARD,2,34,9,1,False,None,None,True,6772.995,2020-08-02T14:32:53.009000000,True
STR,18,Racing Point,48,91.329,29.178,36.34,25.811,HARD,2,35,9,12,False,None,None,True,6863.829,2020-08-02T14:34:23.843000000,True
STR,18,Racing Point,49,92.153,30.194,36.833,25.126,HARD,2,36,10,1,False,None,None,True,6955.158,2020-08-02T14:35:55.172000000,True
STR,18,Racing Point,50,90.772,29.266,36.452,25.054,HARD,2,37,10,1,False,None,None,True,7047.311,2020-08-02T14:37:27.325000000,True
STR,18,Racing Point,51,91.68,29.165,37.54,24.975,HARD,2,38,10,1,False,None,None,True,7138.083,2020-08-02T14:38:58.097000000,True
STR,18,Racing Point,52,91.742,29.406,37.043,25.293,HARD,2,39,9,1,False,None,None,True,7229.763,2020-08-02T14:40:29.777000000,True
VER,33,Red Bull Racing,1,96.913,None,37.985,25.688,MEDIUM,1,4,3,1,False,None,None,False,2002.751,2020-08-02T13:13:22.765000000,False
VER,33,Red Bull Racing,2,126.326,36.07,53.173,37.083,MEDIUM,1,5,3,124,True,None,None,False,2099.825,2020-08-02T13:14:59.839000000,False
VER,33,Red Bull Racing,3,150.222,48.454,60.205,41.563,MEDIUM,1,6,3,4,False,None,None,False,2226.151,2020-08-02T13:17:06.165000000,False
VER,33,Red Bull Racing,4,152.997,47.043,64.698,41.256,MEDIUM,1,7,3,4,False,None,None,False,2376.336,2020-08-02T13:19:36.350000000,False
VER,33,Red Bull Racing,5,138.752,43.655,59.319,35.778,MEDIUM,1,8,3,41,False,None,None,False,2529.302,2020-08-02T13:22:09.316000000,False
VER,33,Red Bull Racing,6,91.959,29.223,37.28,25.456,MEDIUM,1,9,3,1,True,None,None,False,2668.054,2020-08-02T13:24:28.068000000,True
VER,33,Red Bull Racing,7,92.018,29.292,37.194,25.532,MEDIUM,1,10,3,1,False,None,None,False,2760.013,2020-08-02T13:26:00.027000000,True
VER,33,Red Bull Racing,8,91.374,29.192,36.89,25.292,MEDIUM,1,11,3,1,True,None,None,False,2852.031,2020-08-02T13:27:32.045000000,True
VER,33,Red Bull Racing,9,91.46,29.273,36.864,25.323,MEDIUM,1,12,3,1,False,None,None,False,2943.405,2020-08-02T13:29:03.419000000,True
VER,33,Red Bull Racing,10,91.143,29.15,36.872,25.121,MEDIUM,1,13,3,1,True,None,None,False,3034.865,2020-08-02T13:30:34.879000000,True
VER,33,Red Bull Racing,11,91.204,29.2,36.8,25.204,MEDIUM,1,14,3,1,False,None,None,False,3126.008,2020-08-02T13:32:06.022000000,True
VER,33,Red Bull Racing,12,91.181,29.207,36.771,25.203,MEDIUM,1,15,3,124,False,None,None,False,3217.212,2020-08-02T13:33:37.226000000,False
VER,33,Red Bull Racing,13,128.84,44.653,55.888,28.299,MEDIUM,1,16,3,4,False,None,3431.416,False,3308.393,2020-08-02T13:35:08.407000000,False
VER,33,Red Bull Racing,14,161.018,56.51,59.443,45.065,HARD,2,1,3,4,False,3459.868,None,True,3437.233,2020-08-02T13:37:17.247000000,False
VER,33,Red Bull Racing,15,151.865,45.504,65.617,40.744,HARD,2,2,3,4,False,None,None,True,3598.334,2020-08-02T13:39:58.348000000,False
VER,33,Red Bull Racing,16,157.513,49.033,67.658,40.822,HARD,2,3,3,4,False,None,None,True,3750.138,2020-08-02T13:42:30.152000000,False
VER,33,Red Bull Racing,17,154.095,46.42,65.837,41.838,HARD,2,4,3,4,False,None,None,True,3907.656,2020-08-02T13:45:07.670000000,False
VER,33,Red Bull Racing,18,141.921,42.263,61.467,38.191,HARD,2,5,3,41,False,None,None,True,4061.718,2020-08-02T13:47:41.732000000,False
VER,33,Red Bull Racing,19,92.334,29.62,37.338,25.376,HARD,2,6,3,1,False,None,None,True,4203.639,2020-08-02T13:50:03.653000000,True
VER,33,Red Bull Racing,20,91.096,29.093,36.769,25.234,HARD,2,7,3,1,True,None,None,True,4295.973,2020-08-02T13:51:35.987000000,True
VER,33,Red Bull Racing,21,90.83,29.164,36.769,24.897,HARD,2,8,3,1,True,None,None,True,4387.069,2020-08-02T13:53:07.083000000,True
VER,33,Red Bull Racing,22,90.503,29.054,36.541,24.908,HARD,2,9,3,1,True,None,None,True,4477.899,2020-08-02T13:54:37.913000000,True
VER,33,Red Bull Racing,23,90.746,29.225,36.51,25.011,HARD,2,10,3,1,False,None,None,True,4568.402,2020-08-02T13:56:08.416000000,True
VER,33,Red Bull Racing,24,91.03,29.438,36.578,25.014,HARD,2,11,3,1,False,None,None,True,4659.148,2020-08-02T13:57:39.162000000,True
VER,33,Red Bull Racing,25,90.376,29.153,36.397,24.826,HARD,2,12,3,1,True,None,None,True,4750.178,2020-08-02T13:59:10.192000000,True
VER,33,Red Bull Racing,26,90.415,29.063,36.461,24.891,HARD,2,13,3,1,False,None,None,True,4840.554,2020-08-02T14:00:40.568000000,True
VER,33,Red Bull Racing,27,90.617,29.007,36.539,25.071,HARD,2,14,3,1,False,None,None,True,4930.969,2020-08-02T14:02:10.983000000,True
VER,33,Red Bull Racing,28,90.447,29.054,36.453,24.94,HARD,2,15,3,1,False,None,None,True,5021.586,2020-08-02T14:03:41.600000000,True
VER,33,Red Bull Racing,29,90.633,29.084,36.53,25.019,HARD,2,16,3,1,False,None,None,True,5112.033,2020-08-02T14:05:12.047000000,True
VER,33,Red Bull Racing,30,90.417,29.001,36.555,24.861,HARD,2,17,3,1,False,None,None,True,5202.666,2020-08-02T14:06:42.680000000,True
VER,33,Red Bull Racing,31,89.986,28.899,36.379,24.708,HARD,2,18,3,1,True,None,None,True,5293.083,2020-08-02T14:08:13.097000000,True
VER,33,Red Bull Racing,32,90.101,28.861,36.4,24.84,HARD,2,19,3,1,False,None,None,True,5383.069,2020-08-02T14:09:43.083000000,True
VER,33,Red Bull Racing,33,89.801,28.81,36.231,24.76,HARD,2,20,3,1,True,None,None,True,5473.17,2020-08-02T14:11:13.184000000,True
VER,33,Red Bull Racing,34,89.783,28.789,36.306,24.688,HARD,2,21,3,1,True,None,None,True,5562.971,2020-08-02T14:12:42.985000000,True
VER,33,Red Bull Racing,35,90.18,28.987,36.234,24.959,HARD,2,22,3,1,False,None,None,True,5652.754,2020-08-02T14:14:12.768000000,True
VER,33,Red Bull Racing,36,89.917,28.846,36.233,24.838,HARD,2,23,3,1,False,None,None,True,5742.934,2020-08-02T14:15:42.948000000,True
VER,33,Red Bull Racing,37,90.065,28.935,36.233,24.897,HARD,2,24,3,1,False,None,None,True,5832.851,2020-08-02T14:17:12.865000000,True
VER,33,Red Bull Racing,38,90.24,28.831,36.426,24.983,HARD,2,25,3,1,False,None,None,True,5922.916,2020-08-02T14:18:42.930000000,True
VER,33,Red Bull Racing,39,90.005,28.81,36.397,24.798,HARD,2,26,3,1,False,None,None,True,6013.156,2020-08-02T14:20:13.170000000,True
VER,33,Red Bull Racing,40,89.985,28.79,36.404,24.791,HARD,2,27,3,1,False,None,None,True,6103.161,2020-08-02T14:21:43.175000000,True
VER,33,Red Bull Racing,41,89.07,28.519,36.008,24.543,HARD,2,28,3,1,True,None,None,True,6193.146,2020-08-02T14:23:13.160000000,True
VER,33,Red Bull Racing,42,89.389,28.691,36.127,24.571,HARD,2,29,3,1,False,None,None,True,6282.216,2020-08-02T14:24:42.230000000,True
VER,33,Red Bull Racing,43,89.819,28.901,36.054,24.864,HARD,2,30,3,1,False,None,None,True,6371.605,2020-08-02T14:26:11.619000000,True
VER,33,Red Bull Racing,44,89.671,28.875,35.972,24.824,HARD,2,31,3,1,False,None,None,True,6461.424,2020-08-02T14:27:41.438000000,True
VER,33,Red Bull Racing,45,89.355,28.836,35.926,24.593,HARD,2,32,3,1,False,None,None,True,6551.095,2020-08-02T14:29:11.109000000,True
VER,33,Red Bull Racing,46,90.046,29.075,36.221,24.75,HARD,2,33,3,1,False,None,None,True,6640.45,2020-08-02T14:30:40.464000000,True
VER,33,Red Bull Racing,47,89.728,28.962,35.972,24.794,HARD,2,34,3,1,False,None,None,True,6730.496,2020-08-02T14:32:10.510000000,True
VER,33,Red Bull Racing,48,89.572,28.857,35.997,24.718,HARD,2,35,3,12,False,None,None,True,6820.224,2020-08-02T14:33:40.238000000,True
VER,33,Red Bull Racing,49,89.675,28.926,36.053,24.696,HARD,2,36,3,1,False,None,None,True,6909.796,2020-08-02T14:35:09.810000000,True
VER,33,Red Bull Racing,50,91.697,29.495,37.379,24.823,HARD,2,37,2,1,False,None,7085.39,True,6999.471,2020-08-02T14:36:39.485000000,False
VER,33,Red Bull Racing,51,111.712,48.955,36.853,25.904,SOFT,3,4,2,1,False,7113.646,None,False,7091.168,2020-08-02T14:38:11.182000000,False
VER,33,Red Bull Racing,52,87.097,28.033,35.017,24.047,SOFT,3,5,2,1,True,None,None,False,7202.88,2020-08-02T14:40:02.894000000,True
VET,5,Ferrari,1,101.375,None,40.826,26.369,SOFT,1,4,10,1,False,None,None,False,2002.751,2020-08-02T13:13:22.765000000,False
VET,5,Ferrari,2,131.969,44.772,50.524,36.673,SOFT,1,5,10,124,True,None,None,False,2104.287,2020-08-02T13:15:04.301000000,False
VET,5,Ferrari,3,148.6,46.029,61.914,40.657,SOFT,1,6,10,4,False,None,None,False,2236.256,2020-08-02T13:17:16.270000000,False
VET,5,Ferrari,4,154.962,48.35,64.275,42.337,SOFT,1,7,10,4,False,None,None,False,2384.856,2020-08-02T13:19:44.870000000,False
VET,5,Ferrari,5,131.085,43.205,55.239,32.641,SOFT,1,8,10,41,True,None,None,False,2539.844,2020-08-02T13:22:19.858000000,False
VET,5,Ferrari,6,95.095,29.961,39.069,26.065,SOFT,1,9,10,1,True,None,None,False,2670.929,2020-08-02T13:24:30.943000000,True
VET,5,Ferrari,7,94.927,30.063,38.789,26.075,SOFT,1,10,10,1,True,None,None,False,2766.024,2020-08-02T13:26:06.038000000,True
VET,5,Ferrari,8,93.528,29.365,38.352,25.811,SOFT,1,11,10,1,True,None,None,False,2860.951,2020-08-02T13:27:40.965000000,True
VET,5,Ferrari,9,93.461,29.393,38.219,25.849,SOFT,1,12,10,1,True,None,None,False,2954.479,2020-08-02T13:29:14.493000000,True
VET,5,Ferrari,10,93.378,29.47,38.109,25.799,SOFT,1,13,10,1,True,None,None,False,3047.94,2020-08-02T13:30:47.954000000,True
VET,5,Ferrari,11,93.086,29.396,38.088,25.602,SOFT,1,14,10,1,True,None,None,False,3141.318,2020-08-02T13:32:21.332000000,True
VET,5,Ferrari,12,99.509,29.577,38.181,31.751,SOFT,1,15,10,124,False,None,3328.047,False,3234.404,2020-08-02T13:33:54.418000000,False
VET,5,Ferrari,13,144.723,58.379,53.339,33.005,HARD,2,1,10,4,False,3357.479,None,True,3333.913,2020-08-02T13:35:33.927000000,False
VET,5,Ferrari,14,129.879,38.927,48.16,42.792,HARD,2,2,10,4,False,None,None,True,3478.636,2020-08-02T13:37:58.650000000,False
VET,5,Ferrari,15,151.302,45.794,67.68,37.828,HARD,2,3,10,4,False,None,None,True,3608.515,2020-08-02T13:40:08.529000000,False
VET,5,Ferrari,16,159.411,49.237,72.652,37.522,HARD,2,4,10,4,False,None,None,True,3759.839,2020-08-02T13:42:39.853000000,False
VET,5,Ferrari,17,153.542,44.643,71.085,37.814,HARD,2,5,10,4,False,None,None,True,3919.223,2020-08-02T13:45:19.237000000,False
VET,5,Ferrari,18,134.104,42.639,55.823,35.642,HARD,2,6,10,41,False,None,None,True,4072.743,2020-08-02T13:47:52.757000000,False
VET,5,Ferrari,19,95.95,30.655,39.068,26.227,HARD,2,7,11,1,False,None,None,True,4206.847,2020-08-02T13:50:06.861000000,True
VET,5,Ferrari,20,93.666,29.632,38.305,25.729,HARD,2,8,11,1,False,None,None,True,4302.797,2020-08-02T13:51:42.811000000,True
VET,5,Ferrari,21,92.635,29.213,38.009,25.413,HARD,2,9,11,1,True,None,None,True,4396.463,2020-08-02T13:53:16.477000000,True
VET,5,Ferrari,22,92.489,29.197,37.695,25.597,HARD,2,10,11,1,True,None,None,True,4489.098,2020-08-02T13:54:49.112000000,True
VET,5,Ferrari,23,91.939,29.128,37.391,25.42,HARD,2,11,11,1,True,None,None,True,4581.587,2020-08-02T13:56:21.601000000,True
VET,5,Ferrari,24,92.479,29.273,37.889,25.317,HARD,2,12,11,1,False,None,None,True,4673.526,2020-08-02T13:57:53.540000000,True
VET,5,Ferrari,25,92.431,29.352,37.788,25.291,HARD,2,13,11,1,False,None,None,True,4766.005,2020-08-02T13:59:26.019000000,True
VET,5,Ferrari,26,92.263,29.19,37.686,25.387,HARD,2,14,11,1,False,None,None,True,4858.436,2020-08-02T14:00:58.450000000,True
VET,5,Ferrari,27,92.336,29.163,37.777,25.396,HARD,2,15,11,1,False,None,None,True,4950.699,2020-08-02T14:02:30.713000000,True
VET,5,Ferrari,28,92.029,29.246,37.475,25.308,HARD,2,16,11,1,False,None,None,True,5043.035,2020-08-02T14:04:03.049000000,True
VET,5,Ferrari,29,91.785,29.297,37.265,25.223,HARD,2,17,11,1,True,None,None,True,5135.064,2020-08-02T14:05:35.078000000,True
VET,5,Ferrari,30,91.83,29.185,37.327,25.318,HARD,2,18,11,1,False,None,None,True,5226.849,2020-08-02T14:07:06.863000000,True
VET,5,Ferrari,31,91.96,29.465,37.271,25.224,HARD,2,19,11,1,False,None,None,True,5318.679,2020-08-02T14:08:38.693000000,True
VET,5,Ferrari,32,91.42,29.095,37.135,25.19,HARD,2,20,11,1,True,None,None,True,5410.639,2020-08-02T14:10:10.653000000,True
VET,5,Ferrari,33,91.401,29.179,37.174,25.048,HARD,2,21,11,1,True,None,None,True,5502.059,2020-08-02T14:11:42.073000000,True
VET,5,Ferrari,34,91.085,29.074,36.911,25.1,HARD,2,22,11,1,True,None,None,True,5593.46,2020-08-02T14:13:13.474000000,True
VET,5,Ferrari,35,91.77,29.331,37.127,25.312,HARD,2,23,11,1,False,None,None,True,5684.545,2020-08-02T14:14:44.559000000,True
VET,5,Ferrari,36,91.328,29.246,36.968,25.114,HARD,2,24,11,1,False,None,None,True,5776.315,2020-08-02T14:16:16.329000000,True
VET,5,Ferrari,37,92.152,29.292,36.861,25.999,HARD,2,25,11,1,False,None,None,True,5867.643,2020-08-02T14:17:47.657000000,True
VET,5,Ferrari,38,91.856,29.164,37.579,25.113,HARD,2,26,11,1,False,None,None,True,5959.795,2020-08-02T14:19:19.809000000,True
VET,5,Ferrari,39,91.186,29.042,36.904,25.24,HARD,2,27,11,1,False,None,None,True,6051.651,2020-08-02T14:20:51.665000000,True
VET,5,Ferrari,40,90.752,28.953,36.842,24.957,HARD,2,28,11,1,True,None,None,True,6142.837,2020-08-02T14:22:22.851000000,True
VET,5,Ferrari,41,90.609,28.809,36.774,25.026,HARD,2,29,11,1,True,None,None,True,6233.589,2020-08-02T14:23:53.603000000,True
VET,5,Ferrari,42,90.776,28.992,36.85,24.934,HARD,2,30,11,1,False,None,None,True,6324.198,2020-08-02T14:25:24.212000000,True
VET,5,Ferrari,43,90.973,29.238,36.709,25.026,HARD,2,31,11,1,False,None,None,True,6414.974,2020-08-02T14:26:54.988000000,True
VET,5,Ferrari,44,90.537,29.053,36.574,24.91,HARD,2,32,11,1,True,None,None,True,6505.947,2020-08-02T14:28:25.961000000,True
VET,5,Ferrari,45,90.761,29.215,36.721,24.825,HARD,2,33,11,1,False,None,None,True,6596.484,2020-08-02T14:29:56.498000000,True
VET,5,Ferrari,46,90.666,29.124,36.671,24.871,HARD,2,34,11,1,False,None,None,True,6687.245,2020-08-02T14:31:27.259000000,True
VET,5,Ferrari,47,90.601,29.137,36.588,24.876,HARD,2,35,11,12,False,None,None,True,6777.911,2020-08-02T14:32:57.925000000,True
VET,5,Ferrari,48,90.757,29.148,36.717,24.892,HARD,2,36,11,21,False,None,None,True,6868.512,2020-08-02T14:34:28.526000000,True
VET,5,Ferrari,49,92.228,29.122,36.989,26.117,HARD,2,37,12,1,False,None,None,True,6959.269,2020-08-02T14:35:59.283000000,True
VET,5,Ferrari,50,91.547,29.281,37.143,25.123,HARD,2,38,12,1,False,None,None,True,7051.497,2020-08-02T14:37:31.511000000,True
VET,5,Ferrari,51,91.225,29.215,36.933,25.077,HARD,2,39,11,1,False,None,None,True,7143.044,2020-08-02T14:39:03.058000000,True
VET,5,Ferrari,52,91.782,29.113,36.92,25.749,HARD,2,40,10,1,False,None,None,True,7234.269,2020-08-02T14:40:34.283000000,True
