Driver,DriverNumber,Team,LapNumber,LapTime,Sector1Time,Sector2Time,Sector3Time,Compound,Stint,TyreLife,Position,TrackStatus,IsPersonalBest,PitOutTime,PitInTime,FreshTyre,LapStartTime,LapStartDate,IsAccurate
ALB,23,Red Bull Racing,1,112.724,None,39.823,34.518,SOFT,1,4,4,124,False,None,None,False,2005.335,2020-09-13T13:13:25.607000000,False
ALB,23,Red Bull Racing,2,145.96,57.55,42.615,45.795,SOFT,1,5,4,4,True,None,None,False,2118.195,2020-09-13T13:15:18.467000000,False
ALB,23,Red Bull Racing,3,136.967,54.273,36.74,45.954,SOFT,1,6,4,4,True,None,None,False,2264.155,2020-09-13T13:17:44.427000000,False
ALB,23,Red Bull Racing,4,134.65,51.275,38.118,45.257,SOFT,1,7,4,4,True,None,None,False,2401.122,2020-09-13T13:20:01.394000000,False
ALB,23,Red Bull Racing,5,133.442,50.923,37.106,45.413,SOFT,1,8,4,4,True,None,None,False,2535.772,2020-09-13T13:22:16.044000000,False
ALB,23,Red Bull Racing,6,139.882,51.93,39.632,48.32,SOFT,1,9,4,41,False,None,None,False,2669.214,2020-09-13T13:24:29.486000000,False
ALB,23,Red Bull Racing,7,126.021,43.793,31.794,50.434,SOFT,1,10,4,124,False,None,2920.281,False,2809.096,2020-09-13T13:26:49.368000000,False
ALB,23,Red Bull Racing,8,1578.108,52.004,42.319,None,SOFT,2,11,4,451,False,2937.887,3077.261,False,2935.117,2020-09-13T13:28:55.389000000,False
ALB,23,Red Bull Racing,9,203.245,57.402,47.048,98.795,SOFT,3,3,5,1,False,4516.016,None,False,4500.042,2020-09-13T13:55:00.314000000,False
ALB,23,Red Bull Racing,10,89.369,35.053,24.704,29.612,SOFT,3,4,7,1,True,None,None,False,4716.443,2020-09-13T13:58:36.715000000,True
ALB,23,Red Bull Racing,11,84.054,31.053,23.466,29.535,SOFT,3,5,7,1,True,None,None,False,4805.812,2020-09-13T14:00:06.084000000,True
ALB,23,Red Bull Racing,12,84.049,30.907,23.459,29.683,SOFT,3,6,7,1,True,None,None,False,4889.866,2020-09-13T14:01:30.138000000,True
ALB,23,Red Bull Racing,13,83.966,30.756,23.513,29.697,SOFT,3,7,7,1,True,None,None,False,4973.915,2020-09-13T14:02:54.187000000,True
ALB,23,Red Bull Racing,14,83.793,30.674,23.322,29.797,SOFT,3,8,7,1,True,None,None,False,5057.881,2020-09-13T14:04:18.153000000,True
ALB,23,Red Bull Racing,15,83.917,30.828,23.482,29.607,SOFT,3,9,7,1,False,None,None,False,5141.674,2020-09-13T14:05:41.946000000,True
ALB,23,Red Bull Racing,16,84.336,31.331,23.338,29.667,SOFT,3,10,7,1,False,None,None,False,5225.591,2020-09-13T14:07:05.863000000,True
ALB,23,Red Bull Racing,17,84.072,30.943,23.344,29.785,SOFT,3,11,7,1,False,None,None,False,5309.927,2020-09-13T14:08:30.199000000,True
ALB,23,Red Bull Racing,18,83.39,30.259,23.501,29.63,SOFT,3,12,6,1,True,None,None,False,5393.999,2020-09-13T14:09:54.271000000,True
ALB,23,Red Bull Racing,19,84.621,31.243,23.46,29.918,SOFT,3,13,6,1,False,None,None,False,5477.389,2020-09-13T14:11:17.661000000,True
ALB,23,Red Bull Racing,20,83.206,30.246,23.264,29.696,SOFT,3,14,5,1,True,None,None,False,5562.01,2020-09-13T14:12:42.282000000,True
ALB,23,Red Bull Racing,21,83.787,30.851,23.146,29.79,SOFT,3,15,5,1,False,None,None,False,5645.216,2020-09-13T14:14:05.488000000,True
ALB,23,Red Bull Racing,22,83.628,30.631,23.099,29.898,SOFT,3,16,5,1,False,None,None,False,5729.003,2020-09-13T14:15:29.275000000,True
ALB,23,Red Bull Racing,23,83.899,30.964,23.071,29.864,SOFT,3,17,5,1,False,None,None,False,5812.631,2020-09-13T14:16:52.903000000,True
ALB,23,Red Bull Racing,24,83.732,30.92,23.235,29.577,SOFT,3,18,5,1,False,None,None,False,5896.53,2020-09-13T14:18:16.802000000,True
ALB,23,Red Bull Racing,25,83.779,30.867,23.103,29.809,SOFT,3,19,5,1,False,None,None,False,5980.262,2020-09-13T14:19:40.534000000,True
ALB,23,Red Bull Racing,26,84.076,30.936,23.366,29.774,SOFT,3,20,5,1,False,None,None,False,6064.041,2020-09-13T14:21:04.313000000,True
ALB,23,Red Bull Racing,27,83.927,30.96,23.19,29.777,SOFT,3,21,4,1,False,None,None,False,6148.117,2020-09-13T14:22:28.389000000,True
ALB,23,Red Bull Racing,28,83.675,30.769,23.151,29.755,SOFT,3,22,4,1,False,None,None,False,6232.044,2020-09-13T14:23:52.316000000,True
ALB,23,Red Bull Racing,29,84.459,31.267,23.184,30.008,SOFT,3,23,4,1,False,None,None,False,6315.719,2020-09-13T14:25:15.991000000,True
ALB,23,Red Bull Racing,30,84.313,31.199,23.301,29.813,SOFT,3,24,3,1,False,None,None,False,6400.178,2020-09-13T14:26:40.450000000,True
ALB,23,Red Bull Racing,31,85.24,31.204,23.575,30.461,SOFT,3,25,2,1,False,None,None,False,6484.491,2020-09-13T14:28:04.763000000,True
ALB,23,Red Bull Racing,32,100.967,31.117,23.224,46.626,SOFT,3,26,4,1,False,None,6651.015,False,6569.731,2020-09-13T14:29:30.003000000,False
ALB,23,Red Bull Racing,33,88.884,36.458,23.108,29.318,MEDIUM,4,1,5,1,False,6673.493,None,True,6670.698,2020-09-13T14:31:10.970000000,False
ALB,23,Red Bull Racing,34,82.119,30.215,22.572,29.332,MEDIUM,4,2,5,1,True,None,None,True,6759.582,2020-09-13T14:32:39.854000000,True
ALB,23,Red Bull Racing,35,82.684,30.328,23.119,29.237,MEDIUM,4,3,5,1,False,None,None,True,6841.701,2020-09-13T14:34:01.973000000,True
ALB,23,Red Bull Racing,36,82.314,30.416,22.692,29.206,MEDIUM,4,4,5,1,False,None,None,True,6924.385,2020-09-13T14:35:24.657000000,True
ALB,23,Red Bull Racing,37,81.917,30.314,22.538,29.065,MEDIUM,4,5,5,1,True,None,None,True,7006.699,2020-09-13T14:36:46.971000000,True
ALB,23,Red Bull Racing,38,82.562,30.652,22.699,29.211,MEDIUM,4,6,5,1,False,None,None,True,7088.616,2020-09-13T14:38:08.888000000,True
ALB,23,Red Bull Racing,39,81.756,30.224,22.516,29.016,MEDIUM,4,7,5,1,True,None,None,True,7171.178,2020-09-13T14:39:31.450000000,True
ALB,23,Red Bull Racing,40,82.154,30.333,22.604,29.217,MEDIUM,4,8,5,1,False,None,None,True,7252.934,2020-09-13T14:40:53.206000000,True
ALB,23,Red Bull Racing,41,82.242,30.544,22.46,29.238,MEDIUM,4,9,5,1,False,None,None,True,7335.088,2020-09-13T14:42:15.360000000,True
ALB,23,Red Bull Racing,42,82.038,30.344,22.48,29.214,MEDIUM,4,10,5,1,False,None,None,True,7417.33,2020-09-13T14:43:37.602000000,True
ALB,23,Red Bull Racing,43,110.967,30.466,23.202,57.299,MEDIUM,4,11,4,124,False,None,7590.19,True,7499.368,2020-09-13T14:44:59.640000000,False
ALB,23,Red Bull Racing,44,110.321,41.372,29.574,39.375,SOFT,5,4,4,4,False,7613.138,None,False,7610.335,2020-09-13T14:46:50.607000000,False
ALB,23,Red Bull Racing,45,1414.865,36.381,26.259,None,SOFT,5,5,4,451,False,None,7836.077,False,7720.656,2020-09-13T14:48:40.928000000,False
ALB,23,Red Bull Racing,46,198.929,57.756,38.821,None,SOFT,6,6,4,1,False,9138.491,None,False,9120.029,2020-09-13T15:12:00.301000000,False
ALB,23,Red Bull Racing,47,85.553,33.388,23.14,29.025,SOFT,6,7,4,1,False,None,None,False,9334.468,2020-09-13T15:15:34.740000000,True
ALB,23,Red Bull Racing,48,80.854,30.046,22.279,28.529,SOFT,6,8,4,1,True,None,None,False,9420.021,2020-09-13T15:17:00.293000000,True
ALB,23,Red Bull Racing,49,81.037,30.006,22.374,28.657,SOFT,6,9,4,1,False,None,None,False,9500.875,2020-09-13T15:18:21.147000000,True
ALB,23,Red Bull Racing,50,80.464,29.468,22.377,28.619,SOFT,6,10,4,1,True,None,None,False,9581.912,2020-09-13T15:19:42.184000000,True
ALB,23,Red Bull Racing,51,80.039,29.003,22.32,28.716,SOFT,6,11,3,1,True,None,None,False,9662.376,2020-09-13T15:21:02.648000000,True
ALB,23,Red Bull Racing,52,80.642,29.624,22.256,28.762,SOFT,6,12,3,1,False,None,None,False,9742.415,2020-09-13T15:22:22.687000000,True
ALB,23,Red Bull Racing,53,80.83,29.702,22.177,28.951,SOFT,6,13,3,1,False,None,None,False,9823.057,2020-09-13T15:23:43.329000000,True
ALB,23,Red Bull Racing,54,80.977,29.728,22.428,28.821,SOFT,6,14,3,1,False,None,None,False,9903.887,2020-09-13T15:25:04.159000000,True
ALB,23,Red Bull Racing,55,80.665,29.487,22.38,28.798,SOFT,6,15,3,1,False,None,None,False,9984.864,2020-09-13T15:26:25.136000000,True
ALB,23,Red Bull Racing,56,80.83,29.623,22.38,28.827,SOFT,6,16,3,1,False,None,None,False,10065.529,2020-09-13T15:27:45.801000000,True
ALB,23,Red Bull Racing,57,80.774,29.62,22.34,28.814,SOFT,6,17,3,1,False,None,None,False,10146.359,2020-09-13T15:29:06.631000000,True
ALB,23,Red Bull Racing,58,80.18,29.413,22.061,28.706,SOFT,6,18,3,1,False,None,None,False,10227.133,2020-09-13T15:30:27.405000000,True
ALB,23,Red Bull Racing,59,81.273,29.555,22.333,29.385,SOFT,6,19,3,1,False,None,None,False,10307.313,2020-09-13T15:31:47.585000000,True
BOT,77,Mercedes,1,106.834,None,34.549,36.911,SOFT,1,4,1,124,False,None,None,False,2005.335,2020-09-13T13:13:25.607000000,False
BOT,77,Mercedes,2,148.572,59.003,42.83,46.739,SOFT,1,5,1,4,True,None,None,False,2112.305,2020-09-13T13:15:12.577000000,False
BOT,77,Mercedes,3,137.078,52.733,38.659,45.686,SOFT,1,6,1,4,True,None,None,False,2260.877,2020-09-13T13:17:41.149000000,False
BOT,77,Mercedes,4,133.468,50.251,38.527,44.69,SOFT,1,7,1,4,True,None,None,False,2397.955,2020-09-13T13:19:58.227000000,False
BOT,77,Mercedes,5,134.247,50.646,38.767,44.834,SOFT,1,8,1,4,False,None,None,False,2531.423,2020-09-13T13:22:11.695000000,False
BOT,77,Mercedes,6,142.886,49.195,42.708,50.983,SOFT,1,9,1,41,False,None,None,False,2665.67,2020-09-13T13:24:25.942000000,False
BOT,77,Mercedes,7,121.252,40.077,31.549,49.626,SOFT,1,10,1,124,False,None,2914.933,False,2808.556,2020-09-13T13:26:48.828000000,False
BOT,77,Mercedes,8,168.101,52.86,42.334,72.907,SOFT,2,11,1,45,False,2932.407,3071.932,False,2929.808,2020-09-13T13:28:50.080000000,False
BOT,77,Mercedes,9,1617.695,None,46.244,None,MEDIUM,3,1,1,1,False,4508.314,None,True,4500.042,2020-09-13T13:55:00.314000000,False
BOT,77,Mercedes,10,84.937,32.704,22.842,29.391,MEDIUM,3,2,2,1,True,None,None,True,4715.598,2020-09-13T13:58:35.870000000,True
BOT,77,Mercedes,11,82.435,30.15,22.845,29.44,MEDIUM,3,3,2,1,True,None,None,True,4800.535,2020-09-13T14:00:00.807000000,True
BOT,77,Mercedes,12,83.268,30.533,23.161,29.574,MEDIUM,3,4,2,1,False,None,None,True,4882.97,2020-09-13T14:01:23.242000000,True
BOT,77,Mercedes,13,82.798,30.16,23.054,29.584,MEDIUM,3,5,2,1,False,None,None,True,4966.238,2020-09-13T14:02:46.510000000,True
BOT,77,Mercedes,14,83.064,30.305,23.202,29.557,MEDIUM,3,6,2,1,False,None,None,True,5049.036,2020-09-13T14:04:09.308000000,True
BOT,77,Mercedes,15,83.201,30.401,23.263,29.537,MEDIUM,3,7,2,1,False,None,None,True,5132.1,2020-09-13T14:05:32.372000000,True
BOT,77,Mercedes,16,82.896,30.282,22.905,29.709,MEDIUM,3,8,2,1,False,None,None,True,5215.301,2020-09-13T14:06:55.573000000,True
BOT,77,Mercedes,17,83.45,30.495,23.269,29.686,MEDIUM,3,9,2,1,False,None,None,True,5298.197,2020-09-13T14:08:18.469000000,True
BOT,77,Mercedes,18,83.282,30.446,23.228,29.608,MEDIUM,3,10,2,1,False,None,None,True,5381.647,2020-09-13T14:09:41.919000000,True
BOT,77,Mercedes,19,83.136,30.397,23.115,29.624,MEDIUM,3,11,2,1,False,None,None,True,5464.929,2020-09-13T14:11:05.201000000,True
BOT,77,Mercedes,20,83.205,30.436,23.051,29.718,MEDIUM,3,12,2,1,False,None,None,True,5548.065,2020-09-13T14:12:28.337000000,True
BOT,77,Mercedes,21,83.162,30.305,23.223,29.634,MEDIUM,3,13,2,1,False,None,None,True,5631.27,2020-09-13T14:13:51.542000000,True
BOT,77,Mercedes,22,83.331,30.509,23.195,29.627,MEDIUM,3,14,2,1,False,None,None,True,5714.432,2020-09-13T14:15:14.704000000,True
BOT,77,Mercedes,23,83.231,30.552,23.044,29.635,MEDIUM,3,15,2,1,False,None,None,True,5797.763,2020-09-13T14:16:38.035000000,True
BOT,77,Mercedes,24,83.229,30.617,23.097,29.515,MEDIUM,3,16,2,1,False,None,None,True,5880.994,2020-09-13T14:18:01.266000000,True
BOT,77,Mercedes,25,83.172,30.412,23.045,29.715,MEDIUM,3,17,2,1,False,None,None,True,5964.223,2020-09-13T14:19:24.495000000,True
BOT,77,Mercedes,26,83.752,30.744,23.221,29.787,MEDIUM,3,18,2,1,False,None,None,True,6047.395,2020-09-13T14:20:47.667000000,True
BOT,77,Mercedes,27,83.38,30.549,23.12,29.711,MEDIUM,3,19,2,1,False,None,None,True,6131.147,2020-09-13T14:22:11.419000000,True
BOT,77,Mercedes,28,83.535,30.6,23.032,29.903,MEDIUM,3,20,2,1,False,None,None,True,6214.527,2020-09-13T14:23:34.799000000,True
BOT,77,Mercedes,29,84.805,31.238,23.476,30.091,MEDIUM,3,21,2,1,False,None,None,True,6298.062,2020-09-13T14:24:58.334000000,True
BOT,77,Mercedes,30,84.521,31.064,23.303,30.154,MEDIUM,3,22,2,1,False,None,None,True,6382.867,2020-09-13T14:26:23.139000000,True
BOT,77,Mercedes,31,103.26,31.282,23.717,48.261,MEDIUM,3,23,3,1,False,None,6550.274,True,6467.388,2020-09-13T14:27:47.660000000,False
BOT,77,Mercedes,32,87.993,35.612,22.997,29.384,HARD,4,1,2,1,False,6573.332,None,True,6570.648,2020-09-13T14:29:30.920000000,False
BOT,77,Mercedes,33,81.874,29.793,22.963,29.118,HARD,4,2,2,1,True,None,None,True,6658.641,2020-09-13T14:30:58.913000000,True
BOT,77,Mercedes,34,81.799,29.735,22.85,29.214,HARD,4,3,2,1,True,None,None,True,6740.515,2020-09-13T14:32:20.787000000,True
BOT,77,Mercedes,35,81.916,29.895,22.883,29.138,HARD,4,4,2,1,False,None,None,True,6822.314,2020-09-13T14:33:42.586000000,True
BOT,77,Mercedes,36,82.393,29.968,23.222,29.203,HARD,4,5,2,1,False,None,None,True,6904.23,2020-09-13T14:35:04.502000000,True
BOT,77,Mercedes,37,82.076,29.949,22.994,29.133,HARD,4,6,2,1,False,None,None,True,6986.623,2020-09-13T14:36:26.895000000,True
BOT,77,Mercedes,38,82.208,29.912,22.986,29.31,HARD,4,7,2,1,False,None,None,True,7068.699,2020-09-13T14:37:48.971000000,True
BOT,77,Mercedes,39,82.278,29.932,23.055,29.291,HARD,4,8,2,1,False,None,None,True,7150.907,2020-09-13T14:39:11.179000000,True
BOT,77,Mercedes,40,82.448,30.262,22.983,29.203,HARD,4,9,2,1,False,None,None,True,7233.185,2020-09-13T14:40:33.457000000,True
BOT,77,Mercedes,41,82.147,30.135,22.783,29.229,HARD,4,10,2,1,False,None,None,True,7315.633,2020-09-13T14:41:55.905000000,True
BOT,77,Mercedes,42,81.915,29.884,22.746,29.285,HARD,4,11,2,1,False,None,None,True,7397.78,2020-09-13T14:43:18.052000000,True
BOT,77,Mercedes,43,102.623,30.083,22.843,49.697,HARD,4,12,2,124,False,None,7561.811,True,7479.695,2020-09-13T14:44:39.967000000,False
BOT,77,Mercedes,44,112.694,54.391,25.634,32.669,MEDIUM,5,1,2,4,False,7585.052,None,True,7582.318,2020-09-13T14:46:22.590000000,False
BOT,77,Mercedes,45,161.22,36.014,42.061,83.145,MEDIUM,5,2,2,45,False,None,7828.174,True,7695.012,2020-09-13T14:48:15.284000000,False
BOT,77,Mercedes,46,1477.833,None,39.168,None,SOFT,6,3,3,1,False,9130.096,None,False,9120.029,2020-09-13T15:12:00.301000000,False
BOT,77,Mercedes,47,84.991,33.23,22.973,28.788,SOFT,6,4,3,1,False,None,None,False,9334.073,2020-09-13T15:15:34.345000000,True
BOT,77,Mercedes,48,79.752,29.044,22.012,28.696,SOFT,6,5,2,1,True,None,None,False,9419.064,2020-09-13T15:16:59.336000000,True
BOT,77,Mercedes,49,81.001,29.605,22.586,28.81,SOFT,6,6,2,1,False,None,None,False,9498.816,2020-09-13T15:18:19.088000000,True
BOT,77,Mercedes,50,80.578,29.374,22.34,28.864,SOFT,6,7,2,1,False,None,None,False,9579.817,2020-09-13T15:19:40.089000000,True
BOT,77,Mercedes,51,80.596,29.386,22.383,28.827,SOFT,6,8,2,1,False,None,None,False,9660.395,2020-09-13T15:21:00.667000000,True
BOT,77,Mercedes,52,81.213,29.736,22.565,28.912,SOFT,6,9,2,1,False,None,None,False,9740.991,2020-09-13T15:22:21.263000000,True
BOT,77,Mercedes,53,79.432,29.004,21.766,28.662,SOFT,6,10,2,1,True,None,None,False,9822.204,2020-09-13T15:23:42.476000000,True
BOT,77,Mercedes,54,80.941,29.698,22.223,29.02,SOFT,6,11,2,1,False,None,None,False,9901.636,2020-09-13T15:25:01.908000000,True
BOT,77,Mercedes,55,80.757,29.752,22.277,28.728,SOFT,6,12,2,1,False,None,None,False,9982.577,2020-09-13T15:26:22.849000000,True
BOT,77,Mercedes,56,80.25,29.378,22.156,28.716,SOFT,6,13,2,1,False,None,None,False,10063.334,2020-09-13T15:27:43.606000000,True
BOT,77,Mercedes,57,80.054,29.47,21.903,28.681,SOFT,6,14,2,1,False,None,None,False,10143.584,2020-09-13T15:29:03.856000000,True
BOT,77,Mercedes,58,79.561,29.183,21.741,28.637,SOFT,6,15,2,1,False,None,None,False,10223.638,2020-09-13T15:30:23.910000000,True
BOT,77,Mercedes,59,82.214,30.864,22.404,28.946,SOFT,6,16,2,1,False,None,None,False,10303.199,2020-09-13T15:31:43.471000000,True
GAS,10,AlphaTauri,1,None,None,None,None,SOFT,1,1,None,124,False,None,None,True,2005.335,2020-09-13T13:13:25.607000000,False
GIO,99,Alfa Romeo Racing,1,130.612,None,48.987,36.861,SOFT,1,1,14,124,False,None,None,True,2005.335,2020-09-13T13:13:25.607000000,False
GIO,99,Alfa Romeo Racing,2,143.099,52.565,43.067,47.467,SOFT,1,2,14,4,True,None,None,True,2136.083,2020-09-13T13:15:36.355000000,False
GIO,99,Alfa Romeo Racing,3,136.806,53.307,36.728,46.771,SOFT,1,3,14,4,True,None,None,True,2279.182,2020-09-13T13:17:59.454000000,False
GIO,99,Alfa Romeo Racing,4,133.809,50.358,37.714,45.737,SOFT,1,4,14,4,True,None,None,True,2415.988,2020-09-13T13:20:16.260000000,False
GIO,99,Alfa Romeo Racing,5,134.22,53.153,35.4,45.667,SOFT,1,5,14,4,False,None,None,True,2549.797,2020-09-13T13:22:30.069000000,False
GIO,99,Alfa Romeo Racing,6,None,None,None,None,SOFT,1,6,None,412,None,None,None,True,2684.017,2020-09-13T13:24:44.289000000,False
GRO,8,Haas F1 Team,1,158.359,None,30.671,40.151,MEDIUM,1,1,17,124,False,None,None,True,2005.335,2020-09-13T13:13:25.607000000,False
GRO,8,Haas F1 Team,2,117.221,41.267,30.611,45.343,MEDIUM,1,2,16,4,True,None,None,True,2163.83,2020-09-13T13:16:04.102000000,False
GRO,8,Haas F1 Team,3,137.211,54.898,36.275,46.038,MEDIUM,1,3,16,4,False,None,None,True,2281.051,2020-09-13T13:18:01.323000000,False
GRO,8,Haas F1 Team,4,134.294,51.628,37.155,45.511,MEDIUM,1,4,16,4,False,None,None,True,2418.262,2020-09-13T13:20:18.534000000,False
GRO,8,Haas F1 Team,5,134.068,54.096,34.126,45.846,MEDIUM,1,5,16,4,False,None,None,True,2552.556,2020-09-13T13:22:32.828000000,False
GRO,8,Haas F1 Team,6,130.396,49.425,38.698,42.273,MEDIUM,1,6,15,412,False,None,None,True,2686.624,2020-09-13T13:24:46.896000000,False
GRO,8,Haas F1 Team,7,139.256,47.956,33.586,57.714,MEDIUM,1,7,14,24,False,None,2934.2,True,2817.02,2020-09-13T13:26:57.292000000,False
GRO,8,Haas F1 Team,8,1586.417,45.288,41.142,None,HARD,2,1,13,451,False,2958.968,3095.134,True,2956.276,2020-09-13T13:29:16.548000000,False
GRO,8,Haas F1 Team,9,175.082,45.828,45.856,83.398,SOFT,3,1,13,1,False,4545.707,None,True,4500.042,2020-09-13T13:55:00.314000000,False
GRO,8,Haas F1 Team,10,91.999,35.438,25.794,30.767,SOFT,3,2,12,1,True,None,None,True,4717.774,2020-09-13T13:58:38.046000000,True
GRO,8,Haas F1 Team,11,86.648,32.317,24.038,30.293,SOFT,3,3,13,1,True,None,None,True,4809.773,2020-09-13T14:00:10.045000000,True
GRO,8,Haas F1 Team,12,85.495,31.434,23.794,30.267,SOFT,3,4,13,1,True,None,None,True,4896.421,2020-09-13T14:01:36.693000000,True
GRO,8,Haas F1 Team,13,85.447,31.142,23.801,30.504,SOFT,3,5,13,1,True,None,None,True,4981.916,2020-09-13T14:03:02.188000000,True
GRO,8,Haas F1 Team,14,85.559,31.328,23.892,30.339,SOFT,3,6,13,1,False,None,None,True,5067.363,2020-09-13T14:04:27.635000000,True
GRO,8,Haas F1 Team,15,85.56,31.437,23.7,30.423,SOFT,3,7,13,1,False,None,None,True,5152.922,2020-09-13T14:05:53.194000000,True
GRO,8,Haas F1 Team,16,85.537,31.396,23.631,30.51,SOFT,3,8,13,1,False,None,None,True,5238.482,2020-09-13T14:07:18.754000000,True
GRO,8,Haas F1 Team,17,85.864,31.543,23.844,30.477,SOFT,3,9,13,1,False,None,None,True,5324.019,2020-09-13T14:08:44.291000000,True
GRO,8,Haas F1 Team,18,86.083,31.667,23.849,30.567,SOFT,3,10,13,1,False,None,None,True,5409.883,2020-09-13T14:10:10.155000000,True
GRO,8,Haas F1 Team,19,85.681,31.538,23.732,30.411,SOFT,3,11,13,1,False,None,None,True,5495.966,2020-09-13T14:11:36.238000000,True
GRO,8,Haas F1 Team,20,85.733,31.7,23.617,30.416,SOFT,3,12,13,1,False,None,None,True,5581.647,2020-09-13T14:13:01.919000000,True
GRO,8,Haas F1 Team,21,85.627,31.419,23.625,30.583,SOFT,3,13,13,1,False,None,None,True,5667.38,2020-09-13T14:14:27.652000000,True
GRO,8,Haas F1 Team,22,85.676,31.446,23.513,30.717,SOFT,3,14,12,1,False,None,None,True,5753.007,2020-09-13T14:15:53.279000000,True
GRO,8,Haas F1 Team,23,85.93,31.686,23.676,30.568,SOFT,3,15,12,1,False,None,None,True,5838.683,2020-09-13T14:17:18.955000000,True
GRO,8,Haas F1 Team,24,85.613,31.559,23.504,30.55,SOFT,3,16,12,1,False,None,None,True,5924.613,2020-09-13T14:18:44.885000000,True
GRO,8,Haas F1 Team,25,86.012,31.667,23.694,30.651,SOFT,3,17,12,1,False,None,None,True,6010.226,2020-09-13T14:20:10.498000000,True
GRO,8,Haas F1 Team,26,87.007,32.593,23.708,30.706,SOFT,3,18,13,1,False,None,None,True,6096.238,2020-09-13T14:21:36.510000000,True
GRO,8,Haas F1 Team,27,86.063,31.582,23.911,30.57,SOFT,3,19,12,1,False,None,None,True,6183.245,2020-09-13T14:23:03.517000000,True
GRO,8,Haas F1 Team,28,104.416,31.784,23.671,48.961,SOFT,3,20,12,1,False,None,6352.682,True,6269.308,2020-09-13T14:24:29.580000000,False
GRO,8,Haas F1 Team,29,92.229,38.25,23.704,30.275,HARD,4,2,12,1,False,6376.421,None,False,6373.724,2020-09-13T14:26:13.996000000,False
GRO,8,Haas F1 Team,30,84.662,31.19,23.2,30.272,HARD,4,3,12,1,True,None,None,False,6465.953,2020-09-13T14:27:46.225000000,True
GRO,8,Haas F1 Team,31,84.652,31.116,23.256,30.28,HARD,4,4,12,1,True,None,None,False,6550.615,2020-09-13T14:29:10.887000000,True
GRO,8,Haas F1 Team,32,84.532,31.063,23.062,30.407,HARD,4,5,12,1,True,None,None,False,6635.267,2020-09-13T14:30:35.539000000,True
GRO,8,Haas F1 Team,33,84.558,31.17,23.003,30.385,HARD,4,6,12,1,False,None,None,False,6719.799,2020-09-13T14:32:00.071000000,True
GRO,8,Haas F1 Team,34,86.389,32.238,23.625,30.526,HARD,4,7,13,1,False,None,None,False,6804.357,2020-09-13T14:33:24.629000000,True
GRO,8,Haas F1 Team,35,84.717,31.145,23.187,30.385,HARD,4,8,13,1,False,None,None,False,6890.746,2020-09-13T14:34:51.018000000,True
GRO,8,Haas F1 Team,36,84.678,31.142,23.197,30.339,HARD,4,9,13,1,False,None,None,False,6975.463,2020-09-13T14:36:15.735000000,True
GRO,8,Haas F1 Team,37,86.816,31.129,25.247,30.44,HARD,4,10,13,1,False,None,None,False,7060.141,2020-09-13T14:37:40.413000000,True
GRO,8,Haas F1 Team,38,84.483,31.224,22.916,30.343,HARD,4,11,13,1,True,None,None,False,7146.957,2020-09-13T14:39:07.229000000,True
GRO,8,Haas F1 Team,39,86.907,32.456,24.118,30.333,HARD,4,12,13,1,False,None,None,False,7231.44,2020-09-13T14:40:31.712000000,True
GRO,8,Haas F1 Team,40,84.951,31.438,23.098,30.415,HARD,4,13,13,1,False,None,None,False,7318.347,2020-09-13T14:41:58.619000000,True
GRO,8,Haas F1 Team,41,84.346,31.147,22.926,30.273,HARD,4,14,13,1,True,None,None,False,7403.298,2020-09-13T14:43:23.570000000,True
GRO,8,Haas F1 Team,42,107.445,31.27,23.122,53.053,HARD,4,15,13,124,False,None,7573.77,False,7487.644,2020-09-13T14:44:47.916000000,False
GRO,8,Haas F1 Team,43,111.092,44.651,29.309,37.132,SOFT,5,4,12,4,False,7597.754,None,False,7595.089,2020-09-13T14:46:35.361000000,False
GRO,8,Haas F1 Team,44,951.805,33.747,36.584,None,SOFT,5,5,11,45,False,None,7831.636,False,7706.181,2020-09-13T14:48:26.453000000,False
GRO,8,Haas F1 Team,45,490.852,None,48.916,50.586,SOFT,6,4,9,51,False,9013.449,None,False,8658.419,2020-09-13T15:04:18.691000000,False
GRO,8,Haas F1 Team,46,186.819,60.255,38.864,87.7,SOFT,6,5,12,1,False,None,None,False,9148.846,2020-09-13T15:12:29.118000000,False
GRO,8,Haas F1 Team,47,88.49,34.707,24.014,29.769,SOFT,6,6,9,1,False,None,None,False,9335.664,2020-09-13T15:15:35.936000000,True
GRO,8,Haas F1 Team,48,82.879,30.458,22.857,29.564,SOFT,6,7,9,1,True,None,None,False,9424.154,2020-09-13T15:17:04.426000000,True
GRO,8,Haas F1 Team,49,83.268,30.52,23.012,29.736,SOFT,6,8,10,1,False,None,None,False,9507.033,2020-09-13T15:18:27.305000000,True
GRO,8,Haas F1 Team,50,83.431,30.88,22.837,29.714,SOFT,6,9,10,1,False,None,None,False,9590.301,2020-09-13T15:19:50.573000000,True
GRO,8,Haas F1 Team,51,84.177,31.21,23.156,29.811,SOFT,6,10,12,1,False,None,None,False,9673.732,2020-09-13T15:21:14.004000000,True
GRO,8,Haas F1 Team,52,84.264,31.2,23.121,29.943,SOFT,6,11,12,1,False,None,None,False,9757.909,2020-09-13T15:22:38.181000000,True
GRO,8,Haas F1 Team,53,83.511,30.694,22.951,29.866,SOFT,6,12,12,1,False,None,None,False,9842.173,2020-09-13T15:24:02.445000000,True
GRO,8,Haas F1 Team,54,83.339,30.597,22.993,29.749,SOFT,6,13,12,1,False,None,None,False,9925.684,2020-09-13T15:25:25.956000000,True
GRO,8,Haas F1 Team,55,83.148,30.518,22.946,29.684,SOFT,6,14,12,1,False,None,None,False,10009.023,2020-09-13T15:26:49.295000000,True
GRO,8,Haas F1 Team,56,82.708,30.365,22.769,29.574,SOFT,6,15,12,1,True,None,None,False,10092.171,2020-09-13T15:28:12.443000000,True
GRO,8,Haas F1 Team,57,82.676,30.343,22.591,29.742,SOFT,6,16,12,1,True,None,None,False,10174.879,2020-09-13T15:29:35.151000000,True
GRO,8,Haas F1 Team,58,82.755,30.256,22.753,29.746,SOFT,6,17,12,1,False,None,None,False,10257.555,2020-09-13T15:30:57.827000000,True
GRO,8,Haas F1 Team,59,82.263,30.202,22.573,29.488,SOFT,6,18,12,1,True,None,None,False,10340.31,2020-09-13T15:32:20.582000000,True
HAM,44,Mercedes,1,110.341,None,37.17,36.855,SOFT,1,4,2,124,False,None,None,False,2005.335,2020-09-13T13:13:25.607000000,False
HAM,44,Mercedes,2,146.653,58.223,42.92,45.51,SOFT,1,5,2,4,True,None,None,False,2115.812,2020-09-13T13:15:16.084000000,False
HAM,44,Mercedes,3,136.551,52.588,38.262,45.701,SOFT,1,6,2,4,True,None,None,False,2262.465,2020-09-13T13:17:42.737000000,False
HAM,44,Mercedes,4,134.621,50.886,38.197,45.538,SOFT,1,7,2,4,True,None,None,False,2399.016,2020-09-13T13:19:59.288000000,False
HAM,44,Mercedes,5,133.693,50.555,37.549,45.589,SOFT,1,8,2,4,True,None,None,False,2533.637,2020-09-13T13:22:13.909000000,False
HAM,44,Mercedes,6,141.511,49.58,41.277,50.654,SOFT,1,9,2,41,False,None,None,False,2667.33,2020-09-13T13:24:27.602000000,False
HAM,44,Mercedes,7,123.336,41.59,30.786,50.96,SOFT,1,10,2,124,False,None,2917.301,False,2808.841,2020-09-13T13:26:49.113000000,False
HAM,44,Mercedes,8,1574.948,52.5,42.433,None,SOFT,2,11,2,451,False,2934.84,3073.788,False,2932.177,2020-09-13T13:28:52.449000000,False
HAM,44,Mercedes,9,208.791,60.396,46.634,None,MEDIUM,3,1,2,1,False,4510.471,None,True,4500.042,2020-09-13T13:55:00.314000000,False
HAM,44,Mercedes,10,83.37,31.567,22.796,29.007,MEDIUM,3,2,1,1,True,None,None,True,4715.898,2020-09-13T13:58:36.170000000,True
HAM,44,Mercedes,11,82.549,30.332,22.965,29.252,MEDIUM,3,3,1,1,True,None,None,True,4799.268,2020-09-13T13:59:59.540000000,True
HAM,44,Mercedes,12,82.376,30.054,22.771,29.551,MEDIUM,3,4,1,1,True,None,None,True,4881.817,2020-09-13T14:01:22.089000000,True
HAM,44,Mercedes,13,83.064,30.193,23.067,29.804,MEDIUM,3,5,1,1,False,None,None,True,4964.193,2020-09-13T14:02:44.465000000,True
HAM,44,Mercedes,14,83.293,30.374,23.125,29.794,MEDIUM,3,6,1,1,False,None,None,True,5047.257,2020-09-13T14:04:07.529000000,True
HAM,44,Mercedes,15,83.231,30.167,23.364,29.7,MEDIUM,3,7,1,1,False,None,None,True,5130.55,2020-09-13T14:05:30.822000000,True
HAM,44,Mercedes,16,82.997,30.171,23.252,29.574,MEDIUM,3,8,1,1,False,None,None,True,5213.781,2020-09-13T14:06:54.053000000,True
HAM,44,Mercedes,17,83.013,30.26,22.843,29.91,MEDIUM,3,9,1,1,False,None,None,True,5296.778,2020-09-13T14:08:17.050000000,True
HAM,44,Mercedes,18,83.683,30.461,23.426,29.796,MEDIUM,3,10,1,1,False,None,None,True,5379.791,2020-09-13T14:09:40.063000000,True
HAM,44,Mercedes,19,82.919,30.324,22.708,29.887,MEDIUM,3,11,1,1,False,None,None,True,5463.474,2020-09-13T14:11:03.746000000,True
HAM,44,Mercedes,20,83.2,30.339,23.07,29.791,MEDIUM,3,12,1,1,False,None,None,True,5546.393,2020-09-13T14:12:26.665000000,True
HAM,44,Mercedes,21,82.818,30.182,22.837,29.799,MEDIUM,3,13,1,1,False,None,None,True,5629.593,2020-09-13T14:13:49.865000000,True
HAM,44,Mercedes,22,83.668,30.462,23.273,29.933,MEDIUM,3,14,1,1,False,None,None,True,5712.411,2020-09-13T14:15:12.683000000,True
HAM,44,Mercedes,23,83.243,30.37,22.943,29.93,MEDIUM,3,15,1,1,False,None,None,True,5796.079,2020-09-13T14:16:36.351000000,True
HAM,44,Mercedes,24,82.994,30.216,23.041,29.737,MEDIUM,3,16,1,1,False,None,None,True,5879.322,2020-09-13T14:17:59.594000000,True
HAM,44,Mercedes,25,83.283,30.395,23.073,29.815,MEDIUM,3,17,1,1,False,None,None,True,5962.316,2020-09-13T14:19:22.588000000,True
HAM,44,Mercedes,26,83.425,30.484,23.011,29.93,MEDIUM,3,18,1,1,False,None,None,True,6045.599,2020-09-13T14:20:45.871000000,True
HAM,44,Mercedes,27,83.316,30.504,23.04,29.772,MEDIUM,3,19,1,1,False,None,None,True,6129.024,2020-09-13T14:22:09.296000000,True
HAM,44,Mercedes,28,83.112,30.229,23.093,29.79,MEDIUM,3,20,1,1,False,None,None,True,6212.34,2020-09-13T14:23:32.612000000,True
HAM,44,Mercedes,29,83.137,30.543,22.845,29.749,MEDIUM,3,21,1,1,False,None,None,True,6295.452,2020-09-13T14:24:55.724000000,True
HAM,44,Mercedes,30,83.074,30.323,23.011,29.74,MEDIUM,3,22,1,1,False,None,None,True,6378.589,2020-09-13T14:26:18.861000000,True
HAM,44,Mercedes,31,82.914,30.434,22.826,29.654,MEDIUM,3,23,1,1,False,None,None,True,6461.663,2020-09-13T14:27:41.935000000,True
HAM,44,Mercedes,32,100.016,30.213,23.03,46.773,MEDIUM,3,24,1,1,False,None,6624.852,True,6544.577,2020-09-13T14:29:04.849000000,False
HAM,44,Mercedes,33,88.882,36.27,23.215,29.397,HARD,4,1,1,1,False,6647.286,None,True,6644.593,2020-09-13T14:30:44.865000000,False
HAM,44,Mercedes,34,82.104,29.876,22.827,29.401,HARD,4,2,1,1,True,None,None,True,6733.475,2020-09-13T14:32:13.747000000,True
HAM,44,Mercedes,35,82.261,29.973,22.843,29.445,HARD,4,3,1,1,False,None,None,True,6815.579,2020-09-13T14:33:35.851000000,True
HAM,44,Mercedes,36,82.453,29.767,23.449,29.237,HARD,4,4,1,1,False,None,None,True,6897.84,2020-09-13T14:34:58.112000000,True
HAM,44,Mercedes,37,82.015,29.699,23.15,29.166,HARD,4,5,1,1,True,None,None,True,6980.293,2020-09-13T14:36:20.565000000,True
HAM,44,Mercedes,38,82.099,29.898,22.884,29.317,HARD,4,6,1,1,False,None,None,True,7062.308,2020-09-13T14:37:42.580000000,True
HAM,44,Mercedes,39,82.305,29.939,23.087,29.279,HARD,4,7,1,1,False,None,None,True,7144.407,2020-09-13T14:39:04.679000000,True
HAM,44,Mercedes,40,82.499,29.898,23.261,29.34,HARD,4,8,1,1,False,None,None,True,7226.712,2020-09-13T14:40:26.984000000,True
HAM,44,Mercedes,41,82.301,30.031,22.845,29.425,HARD,4,9,1,1,False,None,None,True,7309.211,2020-09-13T14:41:49.483000000,True
HAM,44,Mercedes,42,82.354,30.282,22.767,29.305,HARD,4,10,1,1,False,None,None,True,7391.512,2020-09-13T14:43:11.784000000,True
HAM,44,Mercedes,43,81.965,29.834,22.777,29.354,HARD,4,11,1,124,True,None,None,True,7473.866,2020-09-13T14:44:34.138000000,False
HAM,44,Mercedes,44,126.887,40.468,30.897,55.522,HARD,4,12,1,4,False,None,7662.521,True,7555.831,2020-09-13T14:45:56.103000000,False
HAM,44,Mercedes,45,168.966,43.778,45.529,79.659,MEDIUM,5,1,1,45,False,7685.438,7826.52,True,7682.718,2020-09-13T14:48:02.990000000,False
HAM,44,Mercedes,46,1481.868,None,40.032,None,SOFT,6,4,1,1,False,9127.341,None,False,9120.029,2020-09-13T15:12:00.301000000,False
HAM,44,Mercedes,47,84.056,32.513,22.637,28.906,SOFT,6,5,1,1,False,None,None,False,9333.546,2020-09-13T15:15:33.818000000,True
HAM,44,Mercedes,48,80.072,29.457,21.999,28.616,SOFT,6,6,1,1,True,None,None,False,9417.602,2020-09-13T15:16:57.874000000,True
HAM,44,Mercedes,49,80.153,29.282,21.949,28.922,SOFT,6,7,1,1,False,None,None,False,9497.674,2020-09-13T15:18:17.946000000,True
HAM,44,Mercedes,50,80.655,29.168,22.395,29.092,SOFT,6,8,1,1,False,None,None,False,9577.827,2020-09-13T15:19:38.099000000,True
HAM,44,Mercedes,51,79.647,28.921,21.939,28.787,SOFT,6,9,1,1,True,None,None,False,9658.482,2020-09-13T15:20:58.754000000,True
HAM,44,Mercedes,52,81.451,29.63,22.702,29.119,SOFT,6,10,1,1,False,None,None,False,9738.129,2020-09-13T15:22:18.401000000,True
HAM,44,Mercedes,53,80.775,29.441,22.471,28.863,SOFT,6,11,1,1,False,None,None,False,9819.58,2020-09-13T15:23:39.852000000,True
HAM,44,Mercedes,54,80.655,29.39,22.257,29.008,SOFT,6,12,1,1,False,None,None,False,9900.355,2020-09-13T15:25:00.627000000,True
HAM,44,Mercedes,55,80.662,29.34,22.274,29.048,SOFT,6,13,1,1,False,None,None,False,9981.01,2020-09-13T15:26:21.282000000,True
HAM,44,Mercedes,56,80.518,29.402,22.229,28.887,SOFT,6,14,1,1,False,None,None,False,10061.672,2020-09-13T15:27:41.944000000,True
HAM,44,Mercedes,57,80.146,29.211,22.123,28.812,SOFT,6,15,1,1,False,None,None,False,10142.19,2020-09-13T15:29:02.462000000,True
HAM,44,Mercedes,58,78.833,28.718,21.555,28.56,SOFT,6,16,1,1,True,None,None,False,10222.336,2020-09-13T15:30:22.608000000,True
HAM,44,Mercedes,59,79.338,28.81,21.716,28.812,SOFT,6,17,1,1,False,None,None,False,10301.169,2020-09-13T15:31:41.441000000,True
KVY,26,AlphaTauri,1,122.355,None,46.407,34.78,MEDIUM,1,1,9,124,False,None,None,True,2005.335,2020-09-13T13:13:25.607000000,False
KVY,26,AlphaTauri,2,144.13,53.787,43.304,47.039,MEDIUM,1,2,9,4,True,None,None,True,2127.826,2020-09-13T13:15:28.098000000,False
KVY,26,AlphaTauri,3,137.237,53.83,36.938,46.469,MEDIUM,1,3,9,4,True,None,None,True,2271.956,2020-09-13T13:17:52.228000000,False
KVY,26,AlphaTauri,4,134.702,50.042,37.638,47.022,MEDIUM,1,4,9,4,True,None,None,True,2409.193,2020-09-13T13:20:09.465000000,False
KVY,26,AlphaTauri,5,132.98,51.56,35.621,45.799,MEDIUM,1,5,9,4,True,None,None,True,2543.895,2020-09-13T13:22:24.167000000,False
KVY,26,AlphaTauri,6,133.715,51.601,37.96,44.154,MEDIUM,1,6,9,41,False,None,None,True,2676.875,2020-09-13T13:24:37.147000000,False
KVY,26,AlphaTauri,7,132.074,48.61,32.581,50.883,MEDIUM,1,7,9,124,False,None,2927.831,True,2810.59,2020-09-13T13:26:50.862000000,False
KVY,26,AlphaTauri,8,1584.295,51.153,42.325,None,MEDIUM,2,8,9,451,False,2945.351,3084.552,False,2942.664,2020-09-13T13:29:02.936000000,False
KVY,26,AlphaTauri,9,190.172,51.522,47.046,91.604,SOFT,3,1,9,1,False,4530.595,None,True,4500.042,2020-09-13T13:55:00.314000000,False
KVY,26,AlphaTauri,10,90.149,35.107,25.113,29.929,SOFT,3,2,9,1,True,None,None,True,4717.149,2020-09-13T13:58:37.421000000,True
KVY,26,AlphaTauri,11,85.065,31.491,23.584,29.99,SOFT,3,3,9,1,True,None,None,True,4807.298,2020-09-13T14:00:07.570000000,True
KVY,26,AlphaTauri,12,84.182,30.872,23.347,29.963,SOFT,3,4,9,1,True,None,None,True,4892.363,2020-09-13T14:01:32.635000000,True
KVY,26,AlphaTauri,13,84.505,30.779,23.504,30.222,SOFT,3,5,9,1,False,None,None,True,4976.545,2020-09-13T14:02:56.817000000,True
KVY,26,AlphaTauri,14,84.835,31.263,23.541,30.031,SOFT,3,6,9,1,False,None,None,True,5061.05,2020-09-13T14:04:21.322000000,True
KVY,26,AlphaTauri,15,84.22,30.937,23.287,29.996,SOFT,3,7,9,1,False,None,None,True,5145.885,2020-09-13T14:05:46.157000000,True
KVY,26,AlphaTauri,16,84.222,30.909,23.326,29.987,SOFT,3,8,9,1,False,None,None,True,5230.105,2020-09-13T14:07:10.377000000,True
KVY,26,AlphaTauri,17,84.695,31.14,23.576,29.979,SOFT,3,9,9,1,False,None,None,True,5314.327,2020-09-13T14:08:34.599000000,True
KVY,26,AlphaTauri,18,84.453,31.123,23.301,30.029,SOFT,3,10,9,1,False,None,None,True,5399.022,2020-09-13T14:09:59.294000000,True
KVY,26,AlphaTauri,19,84.285,31.048,23.235,30.002,SOFT,3,11,9,1,False,None,None,True,5483.475,2020-09-13T14:11:23.747000000,True
KVY,26,AlphaTauri,20,84.311,30.974,23.277,30.06,SOFT,3,12,9,1,False,None,None,True,5567.76,2020-09-13T14:12:48.032000000,True
KVY,26,AlphaTauri,21,85.001,31.195,23.416,30.39,SOFT,3,13,8,1,False,None,None,True,5652.071,2020-09-13T14:14:12.343000000,True
KVY,26,AlphaTauri,22,84.437,30.949,23.305,30.183,SOFT,3,14,8,1,False,None,None,True,5737.072,2020-09-13T14:15:37.344000000,True
KVY,26,AlphaTauri,23,84.765,31.292,23.253,30.22,SOFT,3,15,8,1,False,None,None,True,5821.509,2020-09-13T14:17:01.781000000,True
KVY,26,AlphaTauri,24,85.354,31.53,23.555,30.269,SOFT,3,16,8,1,False,None,None,True,5906.274,2020-09-13T14:18:26.546000000,True
KVY,26,AlphaTauri,25,85.223,31.314,23.627,30.282,SOFT,3,17,8,1,False,None,None,True,5991.628,2020-09-13T14:19:51.900000000,True
KVY,26,AlphaTauri,26,84.951,31.356,23.347,30.248,SOFT,3,18,8,1,False,None,None,True,6076.851,2020-09-13T14:21:17.123000000,True
KVY,26,AlphaTauri,27,85.205,31.502,23.551,30.152,SOFT,3,19,7,1,False,None,None,True,6161.802,2020-09-13T14:22:42.074000000,True
KVY,26,AlphaTauri,28,85.689,31.575,23.66,30.454,SOFT,3,20,6,1,False,None,None,True,6247.007,2020-09-13T14:24:07.279000000,True
KVY,26,AlphaTauri,29,103.589,31.84,23.597,48.152,SOFT,3,21,9,1,False,None,6415.811,True,6332.696,2020-09-13T14:25:32.968000000,False
KVY,26,AlphaTauri,30,90.827,37.048,23.842,29.937,MEDIUM,4,9,9,1,False,6438.954,None,False,6436.285,2020-09-13T14:27:16.557000000,False
KVY,26,AlphaTauri,31,83.516,30.717,23.155,29.644,MEDIUM,4,10,9,1,True,None,None,False,6527.112,2020-09-13T14:28:47.384000000,True
KVY,26,AlphaTauri,32,83.016,30.509,22.793,29.714,MEDIUM,4,11,9,1,True,None,None,False,6610.628,2020-09-13T14:30:10.900000000,True
KVY,26,AlphaTauri,33,83.047,30.618,22.843,29.586,MEDIUM,4,12,9,1,False,None,None,False,6693.644,2020-09-13T14:31:33.916000000,True
KVY,26,AlphaTauri,34,83.226,30.271,23.185,29.77,MEDIUM,4,13,9,1,False,None,None,False,6776.691,2020-09-13T14:32:56.963000000,True
KVY,26,AlphaTauri,35,83.086,30.347,23.055,29.684,MEDIUM,4,14,9,1,False,None,None,False,6859.917,2020-09-13T14:34:20.189000000,True
KVY,26,AlphaTauri,36,82.589,30.237,22.854,29.498,MEDIUM,4,15,9,1,True,None,None,False,6943.003,2020-09-13T14:35:43.275000000,True
KVY,26,AlphaTauri,37,84.531,31.266,23.414,29.851,MEDIUM,4,16,8,1,False,None,None,False,7025.592,2020-09-13T14:37:05.864000000,True
KVY,26,AlphaTauri,38,83.553,30.366,23.324,29.863,MEDIUM,4,17,8,1,False,None,None,False,7110.123,2020-09-13T14:38:30.395000000,True
KVY,26,AlphaTauri,39,83.89,30.736,23.266,29.888,MEDIUM,4,18,8,1,False,None,None,False,7193.676,2020-09-13T14:39:53.948000000,True
KVY,26,AlphaTauri,40,83.538,30.69,23.08,29.768,MEDIUM,4,19,8,1,False,None,None,False,7277.566,2020-09-13T14:41:17.838000000,True
KVY,26,AlphaTauri,41,83.354,30.57,23.125,29.659,MEDIUM,4,20,8,1,False,None,None,False,7361.104,2020-09-13T14:42:41.376000000,True
KVY,26,AlphaTauri,42,83.405,30.655,23.026,29.724,MEDIUM,4,21,8,1,False,None,None,False,7444.458,2020-09-13T14:44:04.730000000,True
KVY,26,AlphaTauri,43,119.157,31.105,38.833,49.219,MEDIUM,4,22,7,124,False,None,7627.257,False,7527.863,2020-09-13T14:45:28.135000000,False
KVY,26,AlphaTauri,44,111.464,41.939,30.544,38.981,SOFT,5,3,7,4,False,7649.714,None,False,7647.02,2020-09-13T14:47:27.292000000,False
KVY,26,AlphaTauri,45,1386.474,35.139,35.99,None,SOFT,5,4,7,451,False,None,7858.511,False,7758.484,2020-09-13T14:49:18.756000000,False
KVY,26,AlphaTauri,46,189.879,53.934,38.728,97.217,SOFT,6,5,7,1,False,9148.823,None,False,9120.029,2020-09-13T15:12:00.301000000,False
KVY,26,AlphaTauri,47,87.634,34.577,23.646,29.411,SOFT,6,6,7,1,False,None,None,False,9334.829,2020-09-13T15:15:35.101000000,True
KVY,26,AlphaTauri,48,82.451,30.272,22.795,29.384,SOFT,6,7,7,1,True,None,None,False,9422.463,2020-09-13T15:17:02.735000000,True
KVY,26,AlphaTauri,49,81.529,30.088,22.446,28.995,SOFT,6,8,7,1,True,None,None,False,9504.914,2020-09-13T15:18:25.186000000,True
KVY,26,AlphaTauri,50,81.749,30.119,22.415,29.215,SOFT,6,9,7,1,False,None,None,False,9586.443,2020-09-13T15:19:46.715000000,True
KVY,26,AlphaTauri,51,81.458,29.826,22.416,29.216,SOFT,6,10,7,1,True,None,None,False,9668.192,2020-09-13T15:21:08.464000000,True
KVY,26,AlphaTauri,52,81.631,29.872,22.454,29.305,SOFT,6,11,7,1,False,None,None,False,9749.65,2020-09-13T15:22:29.922000000,True
KVY,26,AlphaTauri,53,81.682,29.845,22.465,29.372,SOFT,6,12,7,1,False,None,None,False,9831.281,2020-09-13T15:23:51.553000000,True
KVY,26,AlphaTauri,54,81.67,29.968,22.368,29.334,SOFT,6,13,7,1,False,None,None,False,9912.963,2020-09-13T15:25:13.235000000,True
KVY,26,AlphaTauri,55,81.49,29.942,22.256,29.292,SOFT,6,14,7,1,False,None,None,False,9994.633,2020-09-13T15:26:34.905000000,True
KVY,26,AlphaTauri,56,81.524,29.808,22.391,29.325,SOFT,6,15,7,1,False,None,None,False,10076.123,2020-09-13T15:27:56.395000000,True
KVY,26,AlphaTauri,57,81.468,29.901,22.359,29.208,SOFT,6,16,7,1,False,None,None,False,10157.647,2020-09-13T15:29:17.919000000,True
KVY,26,AlphaTauri,58,81.588,30.005,22.364,29.219,SOFT,6,17,7,1,False,None,None,False,10239.115,2020-09-13T15:30:39.387000000,True
KVY,26,AlphaTauri,59,81.594,30.026,22.408,29.16,SOFT,6,18,7,1,False,None,None,False,10320.703,2020-09-13T15:32:00.975000000,True
LAT,6,Williams,1,129.418,None,48.778,36.904,MEDIUM,1,1,13,124,False,None,None,True,2005.335,2020-09-13T13:13:25.607000000,False
LAT,6,Williams,2,142.833,52.339,43.428,47.066,MEDIUM,1,2,13,4,True,None,None,True,2134.889,2020-09-13T13:15:35.161000000,False
LAT,6,Williams,3,137.245,53.498,36.87,46.877,MEDIUM,1,3,13,4,True,None,None,True,2277.722,2020-09-13T13:17:57.994000000,False
LAT,6,Williams,4,133.727,49.679,37.507,46.541,MEDIUM,1,4,13,4,True,None,None,True,2414.967,2020-09-13T13:20:15.239000000,False
LAT,6,Williams,5,134.383,53.094,35.099,46.19,MEDIUM,1,5,13,4,False,None,None,True,2548.694,2020-09-13T13:22:28.966000000,False
LAT,6,Williams,6,131.365,50.363,37.96,43.042,MEDIUM,1,6,12,412,True,None,None,True,2683.077,2020-09-13T13:24:43.349000000,False
LAT,6,Williams,7,None,None,None,None,MEDIUM,1,7,None,24,None,None,None,True,2814.442,2020-09-13T13:26:54.714000000,False
LEC,16,Ferrari,1,111.398,None,39.45,34.462,SOFT,1,4,3,124,False,None,None,False,2005.335,2020-09-13T13:13:25.607000000,False
LEC,16,Ferrari,2,146.424,57.839,42.918,45.667,SOFT,1,5,3,4,True,None,None,False,2116.869,2020-09-13T13:15:17.141000000,False
LEC,16,Ferrari,3,136.385,53.079,37.596,45.71,SOFT,1,6,3,4,True,None,None,False,2263.293,2020-09-13T13:17:43.565000000,False
LEC,16,Ferrari,4,135.131,51.454,38.022,45.655,SOFT,1,7,3,4,True,None,None,False,2399.678,2020-09-13T13:19:59.950000000,False
LEC,16,Ferrari,5,133.4,51.175,37.182,45.043,SOFT,1,8,3,4,True,None,None,False,2534.809,2020-09-13T13:22:15.081000000,False
LEC,16,Ferrari,6,140.751,50.475,41.685,48.591,SOFT,1,9,3,41,False,None,None,False,2668.209,2020-09-13T13:24:28.481000000,False
LEC,16,Ferrari,7,124.466,43.065,30.748,50.653,SOFT,1,10,3,124,False,None,2918.584,False,2808.96,2020-09-13T13:26:49.232000000,False
LEC,16,Ferrari,8,1576.166,52.391,42.678,None,SOFT,2,11,3,451,False,2936.118,3075.564,False,2933.426,2020-09-13T13:28:53.698000000,False
LEC,16,Ferrari,9,206.509,59.744,47.642,99.123,SOFT,3,4,3,1,False,4512.354,None,False,4500.042,2020-09-13T13:55:00.314000000,False
LEC,16,Ferrari,10,86.608,33.637,23.21,29.761,SOFT,3,5,3,1,True,None,None,False,4716.092,2020-09-13T13:58:36.364000000,True
LEC,16,Ferrari,11,83.692,30.998,23.047,29.647,SOFT,3,6,3,1,True,None,None,False,4802.7,2020-09-13T14:00:02.972000000,True
LEC,16,Ferrari,12,83.631,30.841,23.031,29.759,SOFT,3,7,3,1,True,None,None,False,4886.392,2020-09-13T14:01:26.664000000,True
LEC,16,Ferrari,13,83.491,30.638,22.993,29.86,SOFT,3,8,3,1,True,None,None,False,4970.023,2020-09-13T14:02:50.295000000,True
LEC,16,Ferrari,14,84.153,31.091,23.161,29.901,SOFT,3,9,3,1,False,None,None,False,5053.514,2020-09-13T14:04:13.786000000,True
LEC,16,Ferrari,15,84.096,30.784,23.4,29.912,SOFT,3,10,3,1,False,None,None,False,5137.667,2020-09-13T14:05:37.939000000,True
LEC,16,Ferrari,16,84.39,31.217,23.287,29.886,SOFT,3,11,3,1,False,None,None,False,5221.763,2020-09-13T14:07:02.035000000,True
LEC,16,Ferrari,17,84.457,31.129,23.276,30.052,SOFT,3,12,3,1,False,None,None,False,5306.153,2020-09-13T14:08:26.425000000,True
LEC,16,Ferrari,18,85.338,31.845,23.465,30.028,SOFT,3,13,4,1,False,None,None,False,5390.61,2020-09-13T14:09:50.882000000,True
LEC,16,Ferrari,19,85.738,31.958,23.601,30.179,SOFT,3,14,5,1,False,None,None,False,5475.948,2020-09-13T14:11:16.220000000,True
LEC,16,Ferrari,20,86.026,31.848,23.755,30.423,SOFT,3,15,6,1,False,None,None,False,5561.686,2020-09-13T14:12:41.958000000,True
LEC,16,Ferrari,21,104.937,32.553,23.869,48.515,SOFT,3,16,12,1,False,None,5731.887,False,5647.712,2020-09-13T14:14:07.984000000,False
LEC,16,Ferrari,22,90.69,36.863,23.544,30.283,HARD,4,1,13,1,False,5755.346,None,True,5752.649,2020-09-13T14:15:52.921000000,False
LEC,16,Ferrari,23,84.083,31.122,23.084,29.877,HARD,4,2,13,1,False,None,None,True,5843.339,2020-09-13T14:17:23.611000000,True
LEC,16,Ferrari,24,84.285,31.11,23.273,29.902,HARD,4,3,13,1,False,None,None,True,5927.422,2020-09-13T14:18:47.694000000,True
LEC,16,Ferrari,25,85.001,31.252,23.55,30.199,HARD,4,4,13,1,False,None,None,True,6011.707,2020-09-13T14:20:11.979000000,True
LEC,16,Ferrari,26,83.698,30.632,23.035,30.031,HARD,4,5,12,1,False,None,None,True,6096.708,2020-09-13T14:21:36.980000000,True
LEC,16,Ferrari,27,84.165,30.812,23.297,30.056,HARD,4,6,11,1,False,None,None,True,6180.406,2020-09-13T14:23:00.678000000,True
LEC,16,Ferrari,28,84.718,31.154,23.325,30.239,HARD,4,7,10,1,False,None,None,True,6264.571,2020-09-13T14:24:24.843000000,True
LEC,16,Ferrari,29,84.574,31.132,23.228,30.214,HARD,4,8,7,1,False,None,None,True,6349.289,2020-09-13T14:25:49.561000000,True
LEC,16,Ferrari,30,85.442,31.848,23.438,30.156,HARD,4,9,7,1,False,None,None,True,6433.863,2020-09-13T14:27:14.135000000,True
LEC,16,Ferrari,31,84.327,31.288,23.146,29.893,HARD,4,10,7,1,False,None,None,True,6519.305,2020-09-13T14:28:39.577000000,True
LEC,16,Ferrari,32,83.93,30.844,23.041,30.045,HARD,4,11,7,1,False,None,None,True,6603.632,2020-09-13T14:30:03.904000000,True
LEC,16,Ferrari,33,86.03,32.268,23.615,30.147,HARD,4,12,8,1,False,None,None,True,6687.562,2020-09-13T14:31:27.834000000,True
LEC,16,Ferrari,34,83.973,30.924,23.067,29.982,HARD,4,13,8,1,False,None,None,True,6773.592,2020-09-13T14:32:53.864000000,True
LEC,16,Ferrari,35,83.862,30.915,23.045,29.902,HARD,4,14,8,1,False,None,None,True,6857.565,2020-09-13T14:34:17.837000000,True
LEC,16,Ferrari,36,83.488,30.731,22.905,29.852,HARD,4,15,8,1,True,None,None,True,6941.427,2020-09-13T14:35:41.699000000,True
LEC,16,Ferrari,37,102.659,31.51,23.168,47.981,HARD,4,16,11,1,False,None,7106.896,True,7024.915,2020-09-13T14:37:05.187000000,False
LEC,16,Ferrari,38,88.418,35.932,23.084,29.402,MEDIUM,5,1,11,1,False,7130.265,None,True,7127.574,2020-09-13T14:38:47.846000000,False
LEC,16,Ferrari,39,82.506,30.128,22.745,29.633,MEDIUM,5,2,11,1,True,None,None,True,7215.992,2020-09-13T14:40:16.264000000,True
LEC,16,Ferrari,40,82.695,30.226,22.796,29.673,MEDIUM,5,3,11,1,False,None,None,True,7298.498,2020-09-13T14:41:38.770000000,True
LEC,16,Ferrari,41,82.827,30.169,22.935,29.723,MEDIUM,5,4,11,1,False,None,None,True,7381.193,2020-09-13T14:43:01.465000000,True
LEC,16,Ferrari,42,83.342,30.681,23.12,29.541,MEDIUM,5,5,11,12,False,None,None,True,7464.02,2020-09-13T14:44:24.292000000,True
LEC,16,Ferrari,43,107.675,39.315,29.651,38.709,MEDIUM,5,6,8,24,False,None,None,True,7547.362,2020-09-13T14:45:47.634000000,False
LEC,16,Ferrari,44,109.406,38.625,32.282,38.499,MEDIUM,5,7,8,4,False,None,None,True,7655.037,2020-09-13T14:47:35.309000000,False
LEC,16,Ferrari,45,1384.706,36.536,34.692,None,MEDIUM,5,8,10,451,False,None,7868.381,True,7764.443,2020-09-13T14:49:24.715000000,False
LEC,16,Ferrari,46,185.903,50.925,39.532,95.446,SOFT,6,12,8,1,False,9153.559,None,False,9120.029,2020-09-13T15:12:00.301000000,False
LEC,16,Ferrari,47,89.573,35.454,24.628,29.491,SOFT,6,13,10,1,False,None,None,False,9335.057,2020-09-13T15:15:35.329000000,True
LEC,16,Ferrari,48,82.942,30.635,22.995,29.312,SOFT,6,14,10,1,False,None,None,False,9424.63,2020-09-13T15:17:04.902000000,True
LEC,16,Ferrari,49,82.717,30.862,22.687,29.168,SOFT,6,15,9,1,False,None,None,False,9507.572,2020-09-13T15:18:27.844000000,True
LEC,16,Ferrari,50,81.229,29.624,22.256,29.349,SOFT,6,16,9,1,True,None,None,False,9590.289,2020-09-13T15:19:50.561000000,True
LEC,16,Ferrari,51,82.079,30.035,22.49,29.554,SOFT,6,17,9,1,False,None,None,False,9671.518,2020-09-13T15:21:11.790000000,True
LEC,16,Ferrari,52,82.146,30.214,22.489,29.443,SOFT,6,18,9,1,False,None,None,False,9753.597,2020-09-13T15:22:33.869000000,True
LEC,16,Ferrari,53,82.218,30.193,22.501,29.524,SOFT,6,19,9,1,False,None,None,False,9835.743,2020-09-13T15:23:56.015000000,True
LEC,16,Ferrari,54,82.203,30.195,22.57,29.438,SOFT,6,20,9,1,False,None,None,False,9917.961,2020-09-13T15:25:18.233000000,True
LEC,16,Ferrari,55,81.889,30.183,22.309,29.397,SOFT,6,21,9,1,False,None,None,False,10000.164,2020-09-13T15:26:40.436000000,True
LEC,16,Ferrari,56,81.653,29.877,22.356,29.42,SOFT,6,22,9,1,False,None,None,False,10082.053,2020-09-13T15:28:02.325000000,True
LEC,16,Ferrari,57,81.936,30.264,22.319,29.353,SOFT,6,23,9,1,False,None,None,False,10163.706,2020-09-13T15:29:23.978000000,True
LEC,16,Ferrari,58,81.236,29.909,22.059,29.268,SOFT,6,24,9,1,False,None,None,False,10245.642,2020-09-13T15:30:45.914000000,True
LEC,16,Ferrari,59,81.994,30.065,22.546,29.383,SOFT,6,25,9,1,False,None,None,False,10326.878,2020-09-13T15:32:07.150000000,True
MAG,20,Haas F1 Team,1,128.433,None,47.688,37.804,SOFT,1,1,12,124,False,None,None,True,2005.335,2020-09-13T13:13:25.607000000,False
MAG,20,Haas F1 Team,2,142.262,51.994,43.119,47.149,SOFT,1,2,12,4,True,None,None,True,2133.904,2020-09-13T13:15:34.176000000,False
MAG,20,Haas F1 Team,3,137.241,53.442,37.541,46.258,SOFT,1,3,12,4,True,None,None,True,2276.166,2020-09-13T13:17:56.438000000,False
MAG,20,Haas F1 Team,4,133.812,50.133,37.523,46.156,SOFT,1,4,12,4,True,None,None,True,2413.407,2020-09-13T13:20:13.679000000,False
MAG,20,Haas F1 Team,5,134.825,52.7,34.715,47.41,SOFT,1,5,12,4,False,None,None,True,2547.219,2020-09-13T13:22:27.491000000,False
MAG,20,Haas F1 Team,6,None,None,None,None,SOFT,1,6,None,412,None,None,None,True,2682.044,2020-09-13T13:24:42.316000000,False
NOR,4,McLaren,1,119.936,None,45.211,34.097,SOFT,1,1,8,124,False,None,None,True,2005.335,2020-09-13T13:13:25.607000000,False
NOR,4,McLaren,2,144.371,54.704,42.794,46.873,SOFT,1,2,8,4,True,None,None,True,2125.407,2020-09-13T13:15:25.679000000,False
NOR,4,McLaren,3,137.331,54.079,36.861,46.391,SOFT,1,3,8,4,True,None,None,True,2269.778,2020-09-13T13:17:50.050000000,False
NOR,4,McLaren,4,134.602,49.276,39.252,46.074,SOFT,1,4,8,4,True,None,None,True,2407.109,2020-09-13T13:20:07.381000000,False
NOR,4,McLaren,5,132.713,51.182,36.38,45.151,SOFT,1,5,8,4,True,None,None,True,2541.711,2020-09-13T13:22:21.983000000,False
NOR,4,McLaren,6,135.809,51.867,38.64,45.302,SOFT,1,6,8,41,False,None,None,True,2674.424,2020-09-13T13:24:34.696000000,False
NOR,4,McLaren,7,130.596,47.599,32.342,50.655,SOFT,1,7,8,124,False,None,2925.635,True,2810.233,2020-09-13T13:26:50.505000000,False
NOR,4,McLaren,8,1583.521,51.519,41.797,None,SOFT,2,8,8,451,False,2943.502,3082.834,False,2940.829,2020-09-13T13:29:01.101000000,False
NOR,4,McLaren,9,192.654,52.0,47.14,93.514,SOFT,3,4,8,1,False,4528.444,None,False,4500.042,2020-09-13T13:55:00.314000000,False
NOR,4,McLaren,10,89.731,34.922,24.946,29.863,SOFT,3,5,8,1,True,None,None,False,4716.998,2020-09-13T13:58:37.270000000,True
NOR,4,McLaren,11,84.739,31.453,23.497,29.789,SOFT,3,6,8,1,True,None,None,False,4806.729,2020-09-13T14:00:07.001000000,True
NOR,4,McLaren,12,83.851,30.927,23.152,29.772,SOFT,3,7,8,1,True,None,None,False,4891.468,2020-09-13T14:01:31.740000000,True
NOR,4,McLaren,13,84.469,30.957,23.413,30.099,SOFT,3,8,8,1,False,None,None,False,4975.319,2020-09-13T14:02:55.591000000,True
NOR,4,McLaren,14,84.415,31.052,23.294,30.069,SOFT,3,9,8,1,False,None,None,False,5059.788,2020-09-13T14:04:20.060000000,True
NOR,4,McLaren,15,84.197,31.019,23.132,30.046,SOFT,3,10,8,1,False,None,None,False,5144.203,2020-09-13T14:05:44.475000000,True
NOR,4,McLaren,16,84.285,31.038,23.221,30.026,SOFT,3,11,8,1,False,None,None,False,5228.4,2020-09-13T14:07:08.672000000,True
NOR,4,McLaren,17,84.314,31.002,23.303,30.009,SOFT,3,12,8,1,False,None,None,False,5312.685,2020-09-13T14:08:32.957000000,True
NOR,4,McLaren,18,84.438,31.027,23.235,30.176,SOFT,3,13,8,1,False,None,None,False,5396.999,2020-09-13T14:09:57.271000000,True
NOR,4,McLaren,19,84.554,31.092,23.356,30.106,SOFT,3,14,8,1,False,None,None,False,5481.437,2020-09-13T14:11:21.709000000,True
NOR,4,McLaren,20,84.548,31.086,23.164,30.298,SOFT,3,15,8,1,False,None,None,False,5565.991,2020-09-13T14:12:46.263000000,True
NOR,4,McLaren,21,84.704,31.112,23.606,29.986,SOFT,3,16,7,1,False,None,None,False,5650.539,2020-09-13T14:14:10.811000000,True
NOR,4,McLaren,22,84.042,30.802,23.023,30.217,SOFT,3,17,7,1,False,None,None,False,5735.243,2020-09-13T14:15:35.515000000,True
NOR,4,McLaren,23,84.437,31.287,22.983,30.167,SOFT,3,18,7,1,False,None,None,False,5819.285,2020-09-13T14:16:59.557000000,True
NOR,4,McLaren,24,84.636,31.383,23.058,30.195,SOFT,3,19,7,1,False,None,None,False,5903.722,2020-09-13T14:18:23.994000000,True
NOR,4,McLaren,25,84.958,31.291,23.486,30.181,SOFT,3,20,7,1,False,None,None,False,5988.358,2020-09-13T14:19:48.630000000,True
NOR,4,McLaren,26,85.119,31.395,23.386,30.338,SOFT,3,21,7,1,False,None,None,False,6073.316,2020-09-13T14:21:13.588000000,True
NOR,4,McLaren,27,84.868,31.462,23.359,30.047,SOFT,3,22,6,1,False,None,None,False,6158.435,2020-09-13T14:22:38.707000000,True
NOR,4,McLaren,28,84.258,30.83,23.029,30.399,SOFT,3,23,5,1,False,None,None,False,6243.303,2020-09-13T14:24:03.575000000,True
NOR,4,McLaren,29,104.423,31.646,23.259,49.518,SOFT,3,24,6,1,False,None,6410.516,False,6327.561,2020-09-13T14:25:27.833000000,False
NOR,4,McLaren,30,89.431,36.179,23.56,29.692,MEDIUM,4,1,8,1,False,6438.119,None,True,6431.984,2020-09-13T14:27:12.256000000,False
NOR,4,McLaren,31,83.202,30.575,23.12,29.507,MEDIUM,4,2,8,1,True,None,None,True,6521.415,2020-09-13T14:28:41.687000000,True
NOR,4,McLaren,32,83.407,30.869,22.945,29.593,MEDIUM,4,3,8,1,False,None,None,True,6604.617,2020-09-13T14:30:04.889000000,True
NOR,4,McLaren,33,83.067,30.495,22.822,29.75,MEDIUM,4,4,7,1,True,None,None,True,6688.024,2020-09-13T14:31:28.296000000,True
NOR,4,McLaren,34,83.021,30.376,22.792,29.853,MEDIUM,4,5,7,1,True,None,None,True,6771.091,2020-09-13T14:32:51.363000000,True
NOR,4,McLaren,35,83.299,30.558,22.866,29.875,MEDIUM,4,6,7,1,False,None,None,True,6854.112,2020-09-13T14:34:14.384000000,True
NOR,4,McLaren,36,82.784,30.426,22.716,29.642,MEDIUM,4,7,7,1,True,None,None,True,6937.411,2020-09-13T14:35:37.683000000,True
NOR,4,McLaren,37,82.583,30.399,22.572,29.612,MEDIUM,4,8,7,1,True,None,None,True,7020.195,2020-09-13T14:37:00.467000000,True
NOR,4,McLaren,38,82.978,30.697,22.544,29.737,MEDIUM,4,9,7,1,False,None,None,True,7102.778,2020-09-13T14:38:23.050000000,True
NOR,4,McLaren,39,82.886,30.547,22.524,29.815,MEDIUM,4,10,7,1,False,None,None,True,7185.756,2020-09-13T14:39:46.028000000,True
NOR,4,McLaren,40,82.641,30.428,22.404,29.809,MEDIUM,4,11,7,1,False,None,None,True,7268.642,2020-09-13T14:41:08.914000000,True
NOR,4,McLaren,41,82.878,30.619,22.591,29.668,MEDIUM,4,12,7,1,False,None,None,True,7351.283,2020-09-13T14:42:31.555000000,True
NOR,4,McLaren,42,82.698,30.537,22.436,29.725,MEDIUM,4,13,7,1,False,None,None,True,7434.161,2020-09-13T14:43:54.433000000,True
NOR,4,McLaren,43,117.116,30.47,30.873,55.773,MEDIUM,4,14,6,124,False,None,7611.86,True,7516.859,2020-09-13T14:45:17.131000000,False
NOR,4,McLaren,44,112.604,41.44,32.156,39.008,SOFT,5,4,6,4,False,7636.644,None,False,7633.975,2020-09-13T14:47:14.247000000,False
NOR,4,McLaren,45,1395.827,31.983,37.413,None,SOFT,5,5,6,451,False,None,7853.454,False,7746.579,2020-09-13T14:49:06.851000000,False
NOR,4,McLaren,46,192.383,None,None,None,SOFT,6,4,6,1,False,9146.424,None,False,9120.029,2020-09-13T15:12:00.301000000,False
NOR,4,McLaren,47,86.604,34.073,23.351,29.18,SOFT,6,5,6,1,False,None,None,False,9334.813,2020-09-13T15:15:35.085000000,True
NOR,4,McLaren,48,82.581,30.683,22.584,29.314,SOFT,6,6,6,1,True,None,None,False,9421.417,2020-09-13T15:17:01.689000000,True
NOR,4,McLaren,49,81.645,30.253,22.242,29.15,SOFT,6,7,6,1,True,None,None,False,9503.998,2020-09-13T15:18:24.270000000,True
NOR,4,McLaren,50,81.291,30.041,22.023,29.227,SOFT,6,8,6,1,True,None,None,False,9585.643,2020-09-13T15:19:45.915000000,True
NOR,4,McLaren,51,81.491,30.09,22.209,29.192,SOFT,6,9,6,1,False,None,None,False,9666.934,2020-09-13T15:21:07.206000000,True
NOR,4,McLaren,52,81.443,30.087,22.109,29.247,SOFT,6,10,6,1,False,None,None,False,9748.425,2020-09-13T15:22:28.697000000,True
NOR,4,McLaren,53,81.526,30.067,22.197,29.262,SOFT,6,11,6,1,False,None,None,False,9829.868,2020-09-13T15:23:50.140000000,True
NOR,4,McLaren,54,81.594,30.151,22.25,29.193,SOFT,6,12,6,1,False,None,None,False,9911.394,2020-09-13T15:25:11.666000000,True
NOR,4,McLaren,55,81.322,30.096,22.024,29.202,SOFT,6,13,6,1,False,None,None,False,9992.988,2020-09-13T15:26:33.260000000,True
NOR,4,McLaren,56,81.236,30.072,21.974,29.19,SOFT,6,14,6,1,True,None,None,False,10074.31,2020-09-13T15:27:54.582000000,True
NOR,4,McLaren,57,81.419,30.163,22.073,29.183,SOFT,6,15,6,1,False,None,None,False,10155.546,2020-09-13T15:29:15.818000000,True
NOR,4,McLaren,58,81.269,30.014,22.063,29.192,SOFT,6,16,6,1,False,None,None,False,10236.965,2020-09-13T15:30:37.237000000,True
NOR,4,McLaren,59,81.198,30.029,22.117,29.052,SOFT,6,17,6,1,True,None,None,False,10318.234,2020-09-13T15:31:58.506000000,True
OCO,31,Renault,1,123.478,None,46.627,34.901,SOFT,1,4,10,124,False,None,None,False,2005.335,2020-09-13T13:13:25.607000000,False
OCO,31,Renault,2,143.856,54.334,42.533,46.989,SOFT,1,5,10,4,True,None,None,False,2128.949,2020-09-13T13:15:29.221000000,False
OCO,31,Renault,3,137.987,54.325,37.004,46.658,SOFT,1,6,10,4,True,None,None,False,2272.805,2020-09-13T13:17:53.077000000,False
OCO,31,Renault,4,134.439,49.47,37.969,47.0,SOFT,1,7,10,4,True,None,None,False,2410.792,2020-09-13T13:20:11.064000000,False
OCO,31,Renault,5,133.705,51.931,35.513,46.261,SOFT,1,8,10,4,True,None,None,False,2545.231,2020-09-13T13:22:25.503000000,False
OCO,31,Renault,6,131.793,51.365,37.097,43.331,SOFT,1,9,10,41,True,None,None,False,2678.936,2020-09-13T13:24:39.208000000,False
OCO,31,Renault,7,133.823,49.869,32.349,51.605,SOFT,1,10,10,124,False,None,2929.778,False,2810.729,2020-09-13T13:26:51.001000000,False
OCO,31,Renault,8,None,50.449,41.993,None,SOFT,2,11,1,45,False,2947.227,3085.902,False,2944.552,2020-09-13T13:29:04.824000000,False
PER,11,Racing Point,1,117.098,None,44.285,33.087,SOFT,1,4,7,124,False,None,None,False,2005.335,2020-09-13T13:13:25.607000000,False
PER,11,Racing Point,2,145.389,56.326,42.781,46.282,SOFT,1,5,7,4,True,None,None,False,2122.569,2020-09-13T13:15:22.841000000,False
PER,11,Racing Point,3,137.193,53.834,37.805,45.554,SOFT,1,6,7,4,True,None,None,False,2267.958,2020-09-13T13:17:48.230000000,False
PER,11,Racing Point,4,134.942,50.119,38.756,46.067,SOFT,1,7,7,4,True,None,None,False,2405.151,2020-09-13T13:20:05.423000000,False
PER,11,Racing Point,5,132.602,51.43,36.715,44.457,SOFT,1,8,7,4,True,None,None,False,2540.093,2020-09-13T13:22:20.365000000,False
PER,11,Racing Point,6,137.36,51.703,39.583,46.074,SOFT,1,9,7,41,False,None,None,False,2672.695,2020-09-13T13:24:32.967000000,False
PER,11,Racing Point,7,129.425,46.124,33.06,50.241,SOFT,1,10,7,124,False,None,2924.613,False,2810.055,2020-09-13T13:26:50.327000000,False
PER,11,Racing Point,8,1580.731,51.944,41.94,None,SOFT,2,11,7,451,False,2942.228,3081.421,False,2939.48,2020-09-13T13:28:59.752000000,False
PER,11,Racing Point,9,196.716,53.921,47.486,95.309,SOFT,3,4,7,1,False,4522.97,None,False,4500.042,2020-09-13T13:55:00.314000000,False
PER,11,Racing Point,10,87.526,34.036,23.708,29.782,SOFT,3,5,5,1,True,None,None,False,4716.935,2020-09-13T13:58:37.207000000,True
PER,11,Racing Point,11,83.762,30.802,23.293,29.667,SOFT,3,6,5,1,True,None,None,False,4804.461,2020-09-13T14:00:04.733000000,True
PER,11,Racing Point,12,84.23,30.967,23.336,29.927,SOFT,3,7,5,1,False,None,None,False,4888.223,2020-09-13T14:01:28.495000000,True
PER,11,Racing Point,13,83.875,30.952,23.059,29.864,SOFT,3,8,5,1,False,None,None,False,4972.453,2020-09-13T14:02:52.725000000,True
PER,11,Racing Point,14,83.793,30.662,23.197,29.934,SOFT,3,9,5,1,False,None,None,False,5056.328,2020-09-13T14:04:16.600000000,True
PER,11,Racing Point,15,85.014,31.712,23.501,29.801,SOFT,3,10,6,1,False,None,None,False,5140.121,2020-09-13T14:05:40.393000000,True
PER,11,Racing Point,16,84.279,30.957,23.353,29.969,SOFT,3,11,6,1,False,None,None,False,5225.135,2020-09-13T14:07:05.407000000,True
PER,11,Racing Point,17,84.202,30.818,23.264,30.12,SOFT,3,12,6,1,False,None,None,False,5309.414,2020-09-13T14:08:29.686000000,True
PER,11,Racing Point,18,85.413,31.746,23.491,30.176,SOFT,3,13,7,1,False,None,None,False,5393.616,2020-09-13T14:09:53.888000000,True
PER,11,Racing Point,19,84.282,30.788,23.49,30.004,SOFT,3,14,7,1,False,None,None,False,5479.029,2020-09-13T14:11:19.301000000,True
PER,11,Racing Point,20,84.837,30.966,23.845,30.026,SOFT,3,15,7,1,False,None,None,False,5563.311,2020-09-13T14:12:43.583000000,True
PER,11,Racing Point,21,84.373,30.846,23.367,30.16,SOFT,3,16,6,1,False,None,None,False,5648.148,2020-09-13T14:14:08.420000000,True
PER,11,Racing Point,22,84.546,31.14,23.348,30.058,SOFT,3,17,6,1,False,None,None,False,5732.521,2020-09-13T14:15:32.793000000,True
PER,11,Racing Point,23,85.151,31.328,23.563,30.26,SOFT,3,18,6,1,False,None,None,False,5817.067,2020-09-13T14:16:57.339000000,True
PER,11,Racing Point,24,84.699,31.332,23.291,30.076,SOFT,3,19,6,1,False,None,None,False,5902.218,2020-09-13T14:18:22.490000000,True
PER,11,Racing Point,25,85.114,31.394,23.445,30.275,SOFT,3,20,6,1,False,None,None,False,5986.917,2020-09-13T14:19:47.189000000,True
PER,11,Racing Point,26,85.305,31.649,23.45,30.206,SOFT,3,21,6,1,False,None,None,False,6072.031,2020-09-13T14:21:12.303000000,True
PER,11,Racing Point,27,85.559,31.679,23.624,30.256,SOFT,3,22,5,1,False,None,None,False,6157.336,2020-09-13T14:22:37.608000000,True
PER,11,Racing Point,28,104.649,32.582,23.979,48.088,SOFT,3,23,9,1,False,None,6327.151,False,6242.895,2020-09-13T14:24:03.167000000,False
PER,11,Racing Point,29,86.963,34.978,22.577,29.408,MEDIUM,4,1,8,1,False,6350.315,None,True,6347.544,2020-09-13T14:25:47.816000000,False
PER,11,Racing Point,30,82.111,29.611,22.81,29.69,MEDIUM,4,2,6,1,True,None,None,True,6434.507,2020-09-13T14:27:14.779000000,True
PER,11,Racing Point,31,83.15,30.566,23.056,29.528,MEDIUM,4,3,6,1,False,None,None,True,6516.618,2020-09-13T14:28:36.890000000,True
PER,11,Racing Point,32,83.284,30.529,23.073,29.682,MEDIUM,4,4,6,1,False,None,None,True,6599.768,2020-09-13T14:30:00.040000000,True
PER,11,Racing Point,33,83.271,30.795,22.937,29.539,MEDIUM,4,5,6,1,False,None,None,True,6683.052,2020-09-13T14:31:23.324000000,True
PER,11,Racing Point,34,82.922,30.456,22.838,29.628,MEDIUM,4,6,6,1,False,None,None,True,6766.323,2020-09-13T14:32:46.595000000,True
PER,11,Racing Point,35,82.814,30.415,22.841,29.558,MEDIUM,4,7,6,1,False,None,None,True,6849.245,2020-09-13T14:34:09.517000000,True
PER,11,Racing Point,36,83.623,30.772,23.315,29.536,MEDIUM,4,8,6,1,False,None,None,True,6932.059,2020-09-13T14:35:32.331000000,True
PER,11,Racing Point,37,82.988,30.343,23.043,29.602,MEDIUM,4,9,6,1,False,None,None,True,7015.682,2020-09-13T14:36:55.954000000,True
PER,11,Racing Point,38,82.873,30.35,22.909,29.614,MEDIUM,4,10,6,1,False,None,None,True,7098.67,2020-09-13T14:38:18.942000000,True
PER,11,Racing Point,39,82.657,30.348,22.82,29.489,MEDIUM,4,11,6,1,False,None,None,True,7181.543,2020-09-13T14:39:41.815000000,True
PER,11,Racing Point,40,83.133,30.29,22.816,30.027,MEDIUM,4,12,6,1,False,None,None,True,7264.2,2020-09-13T14:41:04.472000000,True
PER,11,Racing Point,41,82.67,30.468,22.792,29.41,MEDIUM,4,13,6,1,False,None,None,True,7347.333,2020-09-13T14:42:27.605000000,True
PER,11,Racing Point,42,82.618,30.352,22.775,29.491,MEDIUM,4,14,6,1,False,None,None,True,7430.003,2020-09-13T14:43:50.275000000,True
PER,11,Racing Point,43,113.975,30.241,33.574,50.16,MEDIUM,4,15,5,124,False,None,7606.269,True,7512.621,2020-09-13T14:45:12.893000000,False
PER,11,Racing Point,44,110.473,40.06,34.435,35.978,SOFT,5,4,5,4,False,7629.963,None,False,7626.596,2020-09-13T14:47:06.868000000,False
PER,11,Racing Point,45,1400.069,33.912,33.471,None,SOFT,5,5,5,451,False,None,7840.369,False,7737.069,2020-09-13T14:48:57.341000000,False
PER,11,Racing Point,46,197.483,None,None,None,SOFT,6,4,5,1,False,9140.088,None,False,9120.029,2020-09-13T15:12:00.301000000,False
PER,11,Racing Point,47,85.772,33.646,23.398,28.728,SOFT,6,5,5,1,False,None,None,False,9334.637,2020-09-13T15:15:34.909000000,True
PER,11,Racing Point,48,81.827,30.48,22.445,28.902,SOFT,6,6,5,1,True,None,None,False,9420.409,2020-09-13T15:17:00.681000000,True
PER,11,Racing Point,49,81.352,29.83,22.418,29.104,SOFT,6,7,5,1,True,None,None,False,9502.236,2020-09-13T15:18:22.508000000,True
PER,11,Racing Point,50,81.083,29.606,22.173,29.304,SOFT,6,8,5,1,True,None,None,False,9583.588,2020-09-13T15:19:43.860000000,True
PER,11,Racing Point,51,81.492,29.812,22.491,29.189,SOFT,6,9,5,1,False,None,None,False,9664.671,2020-09-13T15:21:04.943000000,True
PER,11,Racing Point,52,81.456,29.778,22.445,29.233,SOFT,6,10,5,1,False,None,None,False,9746.163,2020-09-13T15:22:26.435000000,True
PER,11,Racing Point,53,81.556,30.005,22.351,29.2,SOFT,6,11,5,1,False,None,None,False,9827.619,2020-09-13T15:23:47.891000000,True
PER,11,Racing Point,54,81.62,29.935,22.554,29.131,SOFT,6,12,5,1,False,None,None,False,9909.175,2020-09-13T15:25:09.447000000,True
PER,11,Racing Point,55,81.222,29.808,22.266,29.148,SOFT,6,13,5,1,False,None,None,False,9990.795,2020-09-13T15:26:31.067000000,True
PER,11,Racing Point,56,81.12,29.798,22.304,29.018,SOFT,6,14,5,1,False,None,None,False,10072.017,2020-09-13T15:27:52.289000000,True
PER,11,Racing Point,57,81.236,29.747,22.332,29.157,SOFT,6,15,5,1,False,None,None,False,10153.137,2020-09-13T15:29:13.409000000,True
PER,11,Racing Point,58,81.2,29.745,22.318,29.137,SOFT,6,16,5,1,False,None,None,False,10234.373,2020-09-13T15:30:34.645000000,True
PER,11,Racing Point,59,80.632,29.443,22.234,28.955,SOFT,6,17,5,1,True,None,None,False,10315.573,2020-09-13T15:31:55.845000000,True
RAI,7,Alfa Romeo Racing,1,155.829,None,49.354,59.638,MEDIUM,1,1,16,124,False,None,2133.441,True,2005.335,2020-09-13T13:13:25.607000000,False
RAI,7,Alfa Romeo Racing,2,120.769,45.959,29.294,45.516,MEDIUM,2,1,17,4,False,2164.068,None,False,2161.3,2020-09-13T13:16:01.572000000,False
RAI,7,Alfa Romeo Racing,3,137.105,55.483,35.551,46.071,MEDIUM,2,2,17,4,True,None,None,False,2282.069,2020-09-13T13:18:02.341000000,False
RAI,7,Alfa Romeo Racing,4,135.592,52.448,36.534,46.61,MEDIUM,2,3,17,4,True,None,None,False,2419.174,2020-09-13T13:20:19.446000000,False
RAI,7,Alfa Romeo Racing,5,133.244,53.998,32.732,46.514,MEDIUM,2,4,17,4,True,None,None,False,2554.766,2020-09-13T13:22:35.038000000,False
RAI,7,Alfa Romeo Racing,6,128.229,49.533,38.666,40.03,MEDIUM,2,5,13,412,True,None,None,False,2688.01,2020-09-13T13:24:48.282000000,False
RAI,7,Alfa Romeo Racing,7,130.389,46.975,31.921,51.493,MEDIUM,2,6,12,24,False,None,2931.721,False,2816.239,2020-09-13T13:26:56.511000000,False
RAI,7,Alfa Romeo Racing,8,1590.31,52.151,41.033,None,MEDIUM,3,7,11,451,False,2949.417,3090.378,False,2946.628,2020-09-13T13:29:06.900000000,False
RAI,7,Alfa Romeo Racing,9,180.469,47.169,46.561,86.739,MEDIUM,4,8,11,1,False,4540.562,None,False,4500.042,2020-09-13T13:55:00.314000000,False
RAI,7,Alfa Romeo Racing,10,90.841,35.071,25.472,30.298,MEDIUM,4,9,10,1,True,None,None,False,4717.412,2020-09-13T13:58:37.684000000,True
RAI,7,Alfa Romeo Racing,11,85.652,31.304,23.902,30.446,MEDIUM,4,10,11,1,True,None,None,False,4808.253,2020-09-13T14:00:08.525000000,True
RAI,7,Alfa Romeo Racing,12,85.945,31.943,23.814,30.188,MEDIUM,4,11,11,1,False,None,None,False,4893.905,2020-09-13T14:01:34.177000000,True
RAI,7,Alfa Romeo Racing,13,85.371,31.12,23.509,30.742,MEDIUM,4,12,11,1,True,None,None,False,4979.85,2020-09-13T14:03:00.122000000,True
RAI,7,Alfa Romeo Racing,14,85.255,31.396,23.436,30.423,MEDIUM,4,13,11,1,True,None,None,False,5065.221,2020-09-13T14:04:25.493000000,True
RAI,7,Alfa Romeo Racing,15,85.26,31.57,23.343,30.347,MEDIUM,4,14,11,1,False,None,None,False,5150.476,2020-09-13T14:05:50.748000000,True
RAI,7,Alfa Romeo Racing,16,86.576,32.097,23.983,30.496,MEDIUM,4,15,12,1,False,None,None,False,5235.736,2020-09-13T14:07:16.008000000,True
RAI,7,Alfa Romeo Racing,17,85.159,31.206,23.48,30.473,MEDIUM,4,16,12,1,True,None,None,False,5322.312,2020-09-13T14:08:42.584000000,True
RAI,7,Alfa Romeo Racing,18,84.885,31.035,23.501,30.349,MEDIUM,4,17,12,1,True,None,None,False,5407.471,2020-09-13T14:10:07.743000000,True
RAI,7,Alfa Romeo Racing,19,85.205,31.073,23.619,30.513,MEDIUM,4,18,12,1,False,None,None,False,5492.356,2020-09-13T14:11:32.628000000,True
RAI,7,Alfa Romeo Racing,20,85.06,31.217,23.405,30.438,MEDIUM,4,19,12,1,False,None,None,False,5577.561,2020-09-13T14:12:57.833000000,True
RAI,7,Alfa Romeo Racing,21,85.372,31.165,23.504,30.703,MEDIUM,4,20,11,1,False,None,None,False,5662.621,2020-09-13T14:14:22.893000000,True
RAI,7,Alfa Romeo Racing,22,85.106,31.233,23.56,30.313,MEDIUM,4,21,11,1,False,None,None,False,5747.993,2020-09-13T14:15:48.265000000,True
RAI,7,Alfa Romeo Racing,23,85.345,31.556,23.407,30.382,MEDIUM,4,22,11,1,False,None,None,False,5833.099,2020-09-13T14:17:13.371000000,True
RAI,7,Alfa Romeo Racing,24,85.561,31.558,23.584,30.419,MEDIUM,4,23,11,1,False,None,None,False,5918.444,2020-09-13T14:18:38.716000000,True
RAI,7,Alfa Romeo Racing,25,85.409,31.414,23.555,30.44,MEDIUM,4,24,11,1,False,None,None,False,6004.005,2020-09-13T14:20:04.277000000,True
RAI,7,Alfa Romeo Racing,26,85.562,31.488,23.562,30.512,MEDIUM,4,25,11,1,False,None,None,False,6089.414,2020-09-13T14:21:29.686000000,True
RAI,7,Alfa Romeo Racing,27,113.875,31.582,23.827,58.466,MEDIUM,4,26,13,1,False,None,6258.238,False,6174.976,2020-09-13T14:22:55.248000000,False
RAI,7,Alfa Romeo Racing,28,95.11,39.209,25.673,30.228,HARD,5,1,13,1,False,6291.534,None,True,6288.851,2020-09-13T14:24:49.123000000,False
RAI,7,Alfa Romeo Racing,29,84.055,30.773,23.395,29.887,HARD,5,2,13,1,True,None,None,True,6383.961,2020-09-13T14:26:24.233000000,True
RAI,7,Alfa Romeo Racing,30,85.179,30.983,23.949,30.247,HARD,5,3,13,1,False,None,None,True,6468.016,2020-09-13T14:27:48.288000000,True
RAI,7,Alfa Romeo Racing,31,83.618,30.192,23.35,30.076,HARD,5,4,13,1,True,None,None,True,6553.195,2020-09-13T14:29:13.467000000,True
RAI,7,Alfa Romeo Racing,32,84.133,30.794,23.355,29.984,HARD,5,5,13,1,False,None,None,True,6636.813,2020-09-13T14:30:37.085000000,True
RAI,7,Alfa Romeo Racing,33,83.955,30.849,23.138,29.968,HARD,5,6,13,1,False,None,None,True,6720.946,2020-09-13T14:32:01.218000000,True
RAI,7,Alfa Romeo Racing,34,83.797,30.292,23.131,30.374,HARD,5,7,12,1,False,None,None,True,6804.901,2020-09-13T14:33:25.173000000,True
RAI,7,Alfa Romeo Racing,35,83.985,30.59,23.174,30.221,HARD,5,8,12,1,False,None,None,True,6888.698,2020-09-13T14:34:48.970000000,True
RAI,7,Alfa Romeo Racing,36,83.673,30.546,23.104,30.023,HARD,5,9,12,1,False,None,None,True,6972.683,2020-09-13T14:36:12.955000000,True
RAI,7,Alfa Romeo Racing,37,83.361,30.6,22.823,29.938,HARD,5,10,12,1,True,None,None,True,7056.356,2020-09-13T14:37:36.628000000,True
RAI,7,Alfa Romeo Racing,38,83.285,30.516,22.947,29.822,HARD,5,11,12,1,True,None,None,True,7139.717,2020-09-13T14:38:59.989000000,True
RAI,7,Alfa Romeo Racing,39,83.761,30.614,23.126,30.021,HARD,5,12,12,1,False,None,None,True,7223.002,2020-09-13T14:40:23.274000000,True
RAI,7,Alfa Romeo Racing,40,84.353,30.774,23.094,30.485,HARD,5,13,12,1,False,None,None,True,7306.763,2020-09-13T14:41:47.035000000,True
RAI,7,Alfa Romeo Racing,41,85.59,32.062,23.374,30.154,HARD,5,14,12,1,False,None,None,True,7391.116,2020-09-13T14:43:11.388000000,True
RAI,7,Alfa Romeo Racing,42,108.127,30.94,23.31,53.877,HARD,5,15,12,124,False,None,7558.622,True,7476.706,2020-09-13T14:44:36.978000000,False
RAI,7,Alfa Romeo Racing,43,111.5,53.825,24.985,32.69,SOFT,6,1,11,4,False,7587.602,None,True,7584.833,2020-09-13T14:46:25.105000000,False
RAI,7,Alfa Romeo Racing,44,1012.47,41.459,36.831,None,SOFT,6,2,12,45,False,None,7829.901,True,7696.333,2020-09-13T14:48:16.605000000,False
RAI,7,Alfa Romeo Racing,45,438.507,None,49.044,50.216,SOFT,7,3,8,51,False,9010.625,None,False,8709.275,2020-09-13T15:05:09.547000000,False
RAI,7,Alfa Romeo Racing,46,188.002,60.357,39.413,88.232,SOFT,7,4,9,1,False,None,None,False,9147.36,2020-09-13T15:12:27.632000000,False
RAI,7,Alfa Romeo Racing,47,87.808,34.497,23.777,29.534,SOFT,7,5,8,1,False,None,None,False,9335.321,2020-09-13T15:15:35.593000000,True
RAI,7,Alfa Romeo Racing,48,82.83,30.513,22.894,29.423,SOFT,7,6,8,1,True,None,None,False,9423.129,2020-09-13T15:17:03.401000000,True
RAI,7,Alfa Romeo Racing,49,82.156,30.024,22.558,29.574,SOFT,7,7,8,1,True,None,None,False,9505.959,2020-09-13T15:18:26.231000000,True
RAI,7,Alfa Romeo Racing,50,81.925,29.844,22.549,29.532,SOFT,7,8,8,1,True,None,None,False,9588.115,2020-09-13T15:19:48.387000000,True
RAI,7,Alfa Romeo Racing,51,81.815,29.836,22.454,29.525,SOFT,7,9,8,1,True,None,None,False,9670.04,2020-09-13T15:21:10.312000000,True
RAI,7,Alfa Romeo Racing,52,82.068,29.936,22.446,29.686,SOFT,7,10,8,1,False,None,None,False,9751.855,2020-09-13T15:22:32.127000000,True
RAI,7,Alfa Romeo Racing,53,81.91,29.85,22.424,29.636,SOFT,7,11,8,1,False,None,None,False,9833.923,2020-09-13T15:23:54.195000000,True
RAI,7,Alfa Romeo Racing,54,81.858,29.934,22.339,29.585,SOFT,7,12,8,1,False,None,None,False,9915.833,2020-09-13T15:25:16.105000000,True
RAI,7,Alfa Romeo Racing,55,81.93,30.029,22.322,29.579,SOFT,7,13,8,1,False,None,None,False,9997.691,2020-09-13T15:26:37.963000000,True
RAI,7,Alfa Romeo Racing,56,81.407,29.713,22.229,29.465,SOFT,7,14,8,1,True,None,None,False,10079.621,2020-09-13T15:27:59.893000000,True
RAI,7,Alfa Romeo Racing,57,81.752,29.947,22.278,29.527,SOFT,7,15,8,1,False,None,None,False,10161.028,2020-09-13T15:29:21.300000000,True
RAI,7,Alfa Romeo Racing,58,81.371,29.655,22.186,29.53,SOFT,7,16,8,1,True,None,None,False,10242.78,2020-09-13T15:30:43.052000000,True
RAI,7,Alfa Romeo Racing,59,81.164,29.608,22.328,29.228,SOFT,7,17,8,1,True,None,None,False,10324.151,2020-09-13T15:32:04.423000000,True
RIC,3,Renault,1,116.335,None,43.57,33.443,SOFT,1,4,6,124,False,None,None,False,2005.335,2020-09-13T13:13:25.607000000,False
RIC,3,Renault,2,144.786,56.23,42.372,46.184,SOFT,1,5,6,4,True,None,None,False,2121.806,2020-09-13T13:15:22.078000000,False
RIC,3,Renault,3,137.351,54.411,37.485,45.455,SOFT,1,6,6,4,True,None,None,False,2266.592,2020-09-13T13:17:46.864000000,False
RIC,3,Renault,4,135.385,50.435,38.954,45.996,SOFT,1,7,6,4,True,None,None,False,2403.943,2020-09-13T13:20:04.215000000,False
RIC,3,Renault,5,132.873,50.836,36.655,45.382,SOFT,1,8,6,4,True,None,None,False,2539.328,2020-09-13T13:22:19.600000000,False
RIC,3,Renault,6,137.585,51.381,39.214,46.99,SOFT,1,9,6,41,False,None,None,False,2672.201,2020-09-13T13:24:32.473000000,False
RIC,3,Renault,7,127.885,45.135,33.389,49.361,SOFT,1,10,6,124,False,None,2923.193,False,2809.786,2020-09-13T13:26:50.058000000,False
RIC,3,Renault,8,1580.159,52.379,42.192,None,SOFT,2,11,6,451,False,2940.332,3079.475,False,2937.671,2020-09-13T13:28:57.943000000,False
RIC,3,Renault,9,198.819,55.264,47.401,96.154,SOFT,3,3,6,1,False,4520.411,None,False,4500.042,2020-09-13T13:55:00.314000000,False
RIC,3,Renault,10,88.423,34.679,24.008,29.736,SOFT,3,4,6,1,True,None,None,False,4716.627,2020-09-13T13:58:36.899000000,True
RIC,3,Renault,11,84.163,31.02,23.465,29.678,SOFT,3,5,6,1,True,None,None,False,4805.05,2020-09-13T14:00:05.322000000,True
RIC,3,Renault,12,83.778,30.75,23.446,29.582,SOFT,3,6,6,1,True,None,None,False,4889.213,2020-09-13T14:01:29.485000000,True
RIC,3,Renault,13,84.037,31.005,23.35,29.682,SOFT,3,7,6,1,False,None,None,False,4972.991,2020-09-13T14:02:53.263000000,True
RIC,3,Renault,14,83.356,30.596,23.284,29.476,SOFT,3,8,6,1,True,None,None,False,5057.028,2020-09-13T14:04:17.300000000,True
RIC,3,Renault,15,83.508,30.173,23.431,29.904,SOFT,3,9,5,1,False,None,None,False,5140.384,2020-09-13T14:05:40.656000000,True
RIC,3,Renault,16,83.999,30.716,23.528,29.755,SOFT,3,10,5,1,False,None,None,False,5223.892,2020-09-13T14:07:04.164000000,True
RIC,3,Renault,17,84.128,30.762,23.503,29.863,SOFT,3,11,5,1,False,None,None,False,5307.891,2020-09-13T14:08:28.163000000,True
RIC,3,Renault,18,84.27,30.981,23.522,29.767,SOFT,3,12,5,1,False,None,None,False,5392.019,2020-09-13T14:09:52.291000000,True
RIC,3,Renault,19,83.372,30.125,23.307,29.94,SOFT,3,13,4,1,False,None,None,False,5476.289,2020-09-13T14:11:16.561000000,True
RIC,3,Renault,20,83.71,30.613,23.201,29.896,SOFT,3,14,4,1,False,None,None,False,5559.661,2020-09-13T14:12:39.933000000,True
RIC,3,Renault,21,83.744,30.474,23.124,30.146,SOFT,3,15,4,1,False,None,None,False,5643.371,2020-09-13T14:14:03.643000000,True
RIC,3,Renault,22,83.464,30.564,23.068,29.832,SOFT,3,16,4,1,False,None,None,False,5727.115,2020-09-13T14:15:27.387000000,True
RIC,3,Renault,23,83.614,30.731,23.055,29.828,SOFT,3,17,4,1,False,None,None,False,5810.579,2020-09-13T14:16:50.851000000,True
RIC,3,Renault,24,83.59,30.736,23.072,29.782,SOFT,3,18,4,1,False,None,None,False,5894.193,2020-09-13T14:18:14.465000000,True
RIC,3,Renault,25,84.374,30.959,23.207,30.208,SOFT,3,19,4,1,False,None,None,False,5977.783,2020-09-13T14:19:38.055000000,True
RIC,3,Renault,26,84.049,30.978,23.05,30.021,SOFT,3,20,4,1,False,None,None,False,6062.157,2020-09-13T14:21:02.429000000,True
RIC,3,Renault,27,101.016,31.08,23.214,46.722,SOFT,3,21,8,1,False,None,6227.147,False,6146.206,2020-09-13T14:22:26.478000000,False
RIC,3,Renault,28,86.729,34.774,22.454,29.501,MEDIUM,4,1,7,1,False,6249.923,None,True,6247.222,2020-09-13T14:24:07.494000000,False
RIC,3,Renault,29,84.891,30.96,23.721,30.21,MEDIUM,4,2,5,1,False,None,None,True,6333.951,2020-09-13T14:25:34.223000000,True
RIC,3,Renault,30,83.257,29.867,23.448,29.942,MEDIUM,4,3,5,1,True,None,None,True,6418.842,2020-09-13T14:26:59.114000000,True
RIC,3,Renault,31,83.555,30.377,23.32,29.858,MEDIUM,4,4,4,1,False,None,None,True,6502.099,2020-09-13T14:28:22.371000000,True
RIC,3,Renault,32,83.662,30.374,23.317,29.971,MEDIUM,4,5,3,1,False,None,None,True,6585.654,2020-09-13T14:29:45.926000000,True
RIC,3,Renault,33,83.211,30.416,23.0,29.795,MEDIUM,4,6,3,1,True,None,None,True,6669.316,2020-09-13T14:31:09.588000000,True
RIC,3,Renault,34,83.264,30.392,23.034,29.838,MEDIUM,4,7,3,1,False,None,None,True,6752.527,2020-09-13T14:32:32.799000000,True
RIC,3,Renault,35,83.213,30.356,23.005,29.852,MEDIUM,4,8,3,1,False,None,None,True,6835.791,2020-09-13T14:33:56.063000000,True
RIC,3,Renault,36,83.137,30.381,23.015,29.741,MEDIUM,4,9,3,1,True,None,None,True,6919.004,2020-09-13T14:35:19.276000000,True
RIC,3,Renault,37,82.952,30.309,23.069,29.574,MEDIUM,4,10,3,1,True,None,None,True,7002.141,2020-09-13T14:36:42.413000000,True
RIC,3,Renault,38,82.503,30.143,22.728,29.632,MEDIUM,4,11,3,1,True,None,None,True,7085.093,2020-09-13T14:38:05.365000000,True
RIC,3,Renault,39,82.213,29.875,22.67,29.668,MEDIUM,4,12,3,1,True,None,None,True,7167.596,2020-09-13T14:39:27.868000000,True
RIC,3,Renault,40,82.591,30.158,22.86,29.573,MEDIUM,4,13,3,1,False,None,None,True,7249.809,2020-09-13T14:40:50.081000000,True
RIC,3,Renault,41,82.483,30.157,22.814,29.512,MEDIUM,4,14,3,1,False,None,None,True,7332.4,2020-09-13T14:42:12.672000000,True
RIC,3,Renault,42,82.152,30.121,22.586,29.445,MEDIUM,4,15,3,1,True,None,None,True,7414.883,2020-09-13T14:43:35.155000000,True
RIC,3,Renault,43,107.997,30.022,22.611,55.364,MEDIUM,4,16,3,124,False,None,7584.783,True,7497.035,2020-09-13T14:44:57.307000000,False
RIC,3,Renault,44,110.108,40.591,31.092,38.425,SOFT,5,12,3,4,False,7607.725,None,False,7605.032,2020-09-13T14:46:45.304000000,False
RIC,3,Renault,45,1415.545,36.774,29.739,None,SOFT,5,13,3,451,False,None,7833.617,False,7715.14,2020-09-13T14:48:35.412000000,False
RIC,3,Renault,46,203.348,61.272,39.254,None,SOFT,6,4,2,1,False,9133.415,None,False,9120.029,2020-09-13T15:12:00.301000000,False
RIC,3,Renault,47,84.727,32.713,22.876,29.138,SOFT,6,5,2,1,False,None,None,False,9334.066,2020-09-13T15:15:34.338000000,True
RIC,3,Renault,48,81.53,30.259,22.357,28.914,SOFT,6,6,3,1,True,None,None,False,9418.793,2020-09-13T15:16:59.065000000,True
RIC,3,Renault,49,80.712,29.672,22.263,28.777,SOFT,6,7,3,1,True,None,None,False,9500.323,2020-09-13T15:18:20.595000000,True
RIC,3,Renault,50,80.856,29.537,22.28,29.039,SOFT,6,8,3,1,False,None,None,False,9581.035,2020-09-13T15:19:41.307000000,True
RIC,3,Renault,51,82.229,30.536,22.541,29.152,SOFT,6,9,4,1,False,None,None,False,9661.891,2020-09-13T15:21:02.163000000,True
RIC,3,Renault,52,81.333,29.737,22.399,29.197,SOFT,6,10,4,1,False,None,None,False,9744.12,2020-09-13T15:22:24.392000000,True
RIC,3,Renault,53,81.138,29.649,22.404,29.085,SOFT,6,11,4,1,False,None,None,False,9825.453,2020-09-13T15:23:45.725000000,True
RIC,3,Renault,54,80.919,29.493,22.417,29.009,SOFT,6,12,4,1,False,None,None,False,9906.591,2020-09-13T15:25:06.863000000,True
RIC,3,Renault,55,80.656,29.397,22.184,29.075,SOFT,6,13,4,1,True,None,None,False,9987.51,2020-09-13T15:26:27.782000000,True
RIC,3,Renault,56,80.628,29.441,22.291,28.896,SOFT,6,14,4,1,True,None,None,False,10068.166,2020-09-13T15:27:48.438000000,True
RIC,3,Renault,57,80.426,29.409,22.058,28.959,SOFT,6,15,4,1,True,None,None,False,10148.794,2020-09-13T15:29:09.066000000,True
RIC,3,Renault,58,80.643,29.452,22.123,29.068,SOFT,6,16,4,1,False,None,None,False,10229.22,2020-09-13T15:30:29.492000000,True
RIC,3,Renault,59,81.096,29.422,22.46,29.214,SOFT,6,17,4,1,False,None,None,False,10309.863,2020-09-13T15:31:50.135000000,True
RUS,63,Williams,1,124.62,None,47.349,34.993,MEDIUM,1,1,11,124,False,None,None,True,2005.335,2020-09-13T13:13:25.607000000,False
RUS,63,Williams,2,144.48,54.665,43.21,46.605,MEDIUM,1,2,11,4,True,None,None,True,2130.091,2020-09-13T13:15:30.363000000,False
RUS,63,Williams,3,137.132,54.025,36.849,46.258,MEDIUM,1,3,11,4,True,None,None,True,2274.571,2020-09-13T13:17:54.843000000,False
RUS,63,Williams,4,134.898,50.559,36.968,47.371,MEDIUM,1,4,11,4,True,None,None,True,2411.703,2020-09-13T13:20:11.975000000,False
RUS,63,Williams,5,133.501,51.959,34.684,46.858,MEDIUM,1,5,11,4,True,None,None,True,2546.601,2020-09-13T13:22:26.873000000,False
RUS,63,Williams,6,130.896,50.916,37.382,42.598,MEDIUM,1,6,11,41,True,None,None,True,2680.102,2020-09-13T13:24:40.374000000,False
RUS,63,Williams,7,134.695,50.751,31.805,52.139,MEDIUM,1,7,11,124,False,None,2930.314,True,2810.998,2020-09-13T13:26:51.270000000,False
RUS,63,Williams,8,1586.384,51.33,40.982,None,MEDIUM,2,8,10,451,False,2948.698,3088.683,False,2945.693,2020-09-13T13:29:05.965000000,False
RUS,63,Williams,9,185.201,None,None,90.794,MEDIUM,3,1,10,1,False,4535.904,None,True,4500.042,2020-09-13T13:55:00.314000000,False
RUS,63,Williams,10,91.259,35.758,25.502,29.999,MEDIUM,3,2,11,1,True,None,None,True,4717.274,2020-09-13T13:58:37.546000000,True
RUS,63,Williams,11,85.35,31.612,24.016,29.722,MEDIUM,3,3,10,1,True,None,None,True,4808.533,2020-09-13T14:00:08.805000000,True
RUS,63,Williams,12,84.867,31.211,23.582,30.074,MEDIUM,3,4,10,1,True,None,None,True,4893.883,2020-09-13T14:01:34.155000000,True
RUS,63,Williams,13,84.8,31.245,23.441,30.114,MEDIUM,3,5,10,1,True,None,None,True,4978.75,2020-09-13T14:02:59.022000000,True
RUS,63,Williams,14,85.007,31.216,23.665,30.126,MEDIUM,3,6,10,1,False,None,None,True,5063.55,2020-09-13T14:04:23.822000000,True
RUS,63,Williams,15,84.89,31.206,23.547,30.137,MEDIUM,3,7,10,1,False,None,None,True,5148.557,2020-09-13T14:05:48.829000000,True
RUS,63,Williams,16,84.851,31.168,23.503,30.18,MEDIUM,3,8,10,1,False,None,None,True,5233.447,2020-09-13T14:07:13.719000000,True
RUS,63,Williams,17,85.358,31.3,23.894,30.164,MEDIUM,3,9,10,1,False,None,None,True,5318.298,2020-09-13T14:08:38.570000000,True
RUS,63,Williams,18,85.03,31.293,23.551,30.186,MEDIUM,3,10,10,1,False,None,None,True,5403.656,2020-09-13T14:10:03.928000000,True
RUS,63,Williams,19,84.71,31.086,23.443,30.181,MEDIUM,3,11,10,1,True,None,None,True,5488.686,2020-09-13T14:11:28.958000000,True
RUS,63,Williams,20,84.773,31.189,23.461,30.123,MEDIUM,3,12,10,1,False,None,None,True,5573.396,2020-09-13T14:12:53.668000000,True
RUS,63,Williams,21,85.2,31.308,23.609,30.283,MEDIUM,3,13,9,1,False,None,None,True,5658.169,2020-09-13T14:14:18.441000000,True
RUS,63,Williams,22,85.252,31.469,23.595,30.188,MEDIUM,3,14,9,1,False,None,None,True,5743.369,2020-09-13T14:15:43.641000000,True
RUS,63,Williams,23,85.511,31.586,23.7,30.225,MEDIUM,3,15,9,1,False,None,None,True,5828.621,2020-09-13T14:17:08.893000000,True
RUS,63,Williams,24,85.099,31.482,23.409,30.208,MEDIUM,3,16,9,1,False,None,None,True,5914.132,2020-09-13T14:18:34.404000000,True
RUS,63,Williams,25,85.406,31.405,23.654,30.347,MEDIUM,3,17,9,1,False,None,None,True,5999.231,2020-09-13T14:19:59.503000000,True
RUS,63,Williams,26,85.895,31.7,23.905,30.29,MEDIUM,3,18,9,1,False,None,None,True,6084.637,2020-09-13T14:21:24.909000000,True
RUS,63,Williams,27,85.396,31.477,23.708,30.211,MEDIUM,3,19,9,1,False,None,None,True,6170.532,2020-09-13T14:22:50.804000000,True
RUS,63,Williams,28,85.932,31.82,23.746,30.366,MEDIUM,3,20,8,1,False,None,None,True,6255.928,2020-09-13T14:24:16.200000000,True
RUS,63,Williams,29,103.575,31.857,23.533,48.185,MEDIUM,3,21,10,1,False,None,6424.624,True,6341.86,2020-09-13T14:25:42.132000000,False
RUS,63,Williams,30,88.429,35.961,22.937,29.531,HARD,4,1,10,1,False,6448.286,None,True,6445.435,2020-09-13T14:27:25.707000000,False
RUS,63,Williams,31,83.235,30.702,22.892,29.641,HARD,4,2,10,1,True,None,None,True,6533.864,2020-09-13T14:28:54.136000000,True
RUS,63,Williams,32,84.114,31.123,23.226,29.765,HARD,4,3,10,1,False,None,None,True,6617.099,2020-09-13T14:30:17.371000000,True
RUS,63,Williams,33,84.2,31.181,23.168,29.851,HARD,4,4,10,1,False,None,None,True,6701.213,2020-09-13T14:31:41.485000000,True
RUS,63,Williams,34,84.368,31.032,23.382,29.954,HARD,4,5,10,1,False,None,None,True,6785.413,2020-09-13T14:33:05.685000000,True
RUS,63,Williams,35,84.312,31.057,23.429,29.826,HARD,4,6,10,1,False,None,None,True,6869.781,2020-09-13T14:34:30.053000000,True
RUS,63,Williams,36,83.773,30.858,23.23,29.685,HARD,4,7,10,1,False,None,None,True,6954.093,2020-09-13T14:35:54.365000000,True
RUS,63,Williams,37,83.795,30.809,23.181,29.805,HARD,4,8,9,1,False,None,None,True,7037.866,2020-09-13T14:37:18.138000000,True
RUS,63,Williams,38,83.924,30.957,23.142,29.825,HARD,4,9,9,1,False,None,None,True,7121.661,2020-09-13T14:38:41.933000000,True
RUS,63,Williams,39,84.308,31.073,23.277,29.958,HARD,4,10,9,1,False,None,None,True,7205.585,2020-09-13T14:40:05.857000000,True
RUS,63,Williams,40,84.512,31.082,23.405,30.025,HARD,4,11,9,1,False,None,None,True,7289.893,2020-09-13T14:41:30.165000000,True
RUS,63,Williams,41,84.022,31.009,23.108,29.905,HARD,4,12,9,1,False,None,None,True,7374.405,2020-09-13T14:42:54.677000000,True
RUS,63,Williams,42,84.215,31.003,23.103,30.109,HARD,4,13,9,12,False,None,None,True,7458.427,2020-09-13T14:44:18.699000000,True
RUS,63,Williams,43,123.974,37.972,31.095,54.907,HARD,4,14,9,24,False,None,7645.997,True,7542.642,2020-09-13T14:45:42.914000000,False
RUS,63,Williams,44,111.74,43.987,29.491,38.262,SOFT,5,1,9,4,False,7669.457,None,True,7666.616,2020-09-13T14:47:46.888000000,False
RUS,63,Williams,45,1374.687,40.955,32.59,None,SOFT,5,2,11,451,False,None,7889.07,True,7778.356,2020-09-13T14:49:38.628000000,False
RUS,63,Williams,46,182.358,50.498,37.472,94.388,SOFT,6,3,11,1,False,9158.373,None,False,9120.029,2020-09-13T15:12:00.301000000,False
RUS,63,Williams,47,89.994,35.666,24.92,29.408,SOFT,6,4,12,1,False,None,None,False,9335.408,2020-09-13T15:15:35.680000000,True
RUS,63,Williams,48,83.823,31.4,23.051,29.372,SOFT,6,5,12,1,False,None,None,False,9425.402,2020-09-13T15:17:05.674000000,True
RUS,63,Williams,49,83.267,30.799,22.797,29.671,SOFT,6,6,12,1,False,None,None,False,9509.225,2020-09-13T15:18:29.497000000,True
RUS,63,Williams,50,82.327,30.31,22.712,29.305,SOFT,6,7,12,1,True,None,None,False,9592.492,2020-09-13T15:19:52.764000000,True
RUS,63,Williams,51,83.001,30.599,23.218,29.184,SOFT,6,8,11,1,False,None,None,False,9674.819,2020-09-13T15:21:15.091000000,True
RUS,63,Williams,52,81.766,29.977,22.46,29.329,SOFT,6,9,11,1,True,None,None,False,9757.82,2020-09-13T15:22:38.092000000,True
RUS,63,Williams,53,81.789,30.062,22.444,29.283,SOFT,6,10,11,1,False,None,None,False,9839.586,2020-09-13T15:23:59.858000000,True
RUS,63,Williams,54,82.081,30.241,22.594,29.246,SOFT,6,11,11,1,False,None,None,False,9921.375,2020-09-13T15:25:21.647000000,True
RUS,63,Williams,55,81.96,30.249,22.36,29.351,SOFT,6,12,11,1,False,None,None,False,10003.456,2020-09-13T15:26:43.728000000,True
RUS,63,Williams,56,82.432,30.138,22.814,29.48,SOFT,6,13,11,1,False,None,None,False,10085.416,2020-09-13T15:28:05.688000000,True
RUS,63,Williams,57,81.73,30.017,22.393,29.32,SOFT,6,14,11,1,True,None,None,False,10167.848,2020-09-13T15:29:28.120000000,True
RUS,63,Williams,58,81.645,29.984,22.351,29.31,SOFT,6,15,11,1,True,None,None,False,10249.578,2020-09-13T15:30:49.850000000,True
RUS,63,Williams,59,81.715,30.031,22.474,29.21,SOFT,6,16,11,1,False,None,None,False,10331.223,2020-09-13T15:32:11.495000000,True
SAI,55,McLaren,1,138.942,None,49.698,39.608,SOFT,1,4,15,124,False,None,None,False,2005.335,2020-09-13T13:13:25.607000000,False
SAI,55,McLaren,2,135.826,45.965,42.046,47.815,SOFT,1,5,15,4,True,None,None,False,2144.413,2020-09-13T13:15:44.685000000,False
SAI,55,McLaren,3,136.43,54.18,35.624,46.626,SOFT,1,6,15,4,False,None,None,False,2280.239,2020-09-13T13:18:00.511000000,False
SAI,55,McLaren,4,134.153,50.867,37.346,45.94,SOFT,1,7,15,4,True,None,None,False,2416.669,2020-09-13T13:20:16.941000000,False
SAI,55,McLaren,5,134.103,53.338,35.261,45.504,SOFT,1,8,15,4,True,None,None,False,2550.822,2020-09-13T13:22:31.094000000,False
SAI,55,McLaren,6,None,None,None,None,SOFT,1,9,None,412,None,None,None,False,2684.925,2020-09-13T13:24:45.197000000,False
STR,18,Racing Point,1,113.996,None,41.287,33.801,SOFT,1,4,5,124,False,None,None,False,2005.335,2020-09-13T13:13:25.607000000,False
STR,18,Racing Point,2,145.696,57.556,42.281,45.859,SOFT,1,5,5,4,True,None,None,False,2119.467,2020-09-13T13:15:19.739000000,False
STR,18,Racing Point,3,137.382,53.905,37.815,45.662,SOFT,1,6,5,4,True,None,None,False,2265.163,2020-09-13T13:17:45.435000000,False
STR,18,Racing Point,4,134.242,50.788,38.023,45.431,SOFT,1,7,5,4,True,None,None,False,2402.545,2020-09-13T13:20:02.817000000,False
STR,18,Racing Point,5,133.467,51.448,37.253,44.766,SOFT,1,8,5,4,True,None,None,False,2536.787,2020-09-13T13:22:17.059000000,False
STR,18,Racing Point,6,138.951,52.014,39.504,47.433,SOFT,1,9,5,41,False,None,None,False,2670.254,2020-09-13T13:24:30.526000000,False
STR,18,Racing Point,7,127.138,44.642,31.496,51.0,SOFT,1,10,5,124,False,None,2921.413,False,2809.205,2020-09-13T13:26:49.477000000,False
STR,18,Racing Point,8,1578.767,51.805,42.213,None,SOFT,2,11,5,451,False,2939.027,3078.307,False,2936.343,2020-09-13T13:28:56.615000000,False
STR,18,Racing Point,9,201.318,56.685,47.512,97.121,SOFT,3,3,4,1,False,4517.792,None,False,4500.042,2020-09-13T13:55:00.314000000,False
STR,18,Racing Point,10,86.695,33.844,23.288,29.563,SOFT,3,4,4,1,True,None,None,False,4716.429,2020-09-13T13:58:36.701000000,True
STR,18,Racing Point,11,84.052,31.208,23.232,29.612,SOFT,3,5,4,1,True,None,None,False,4803.124,2020-09-13T14:00:03.396000000,True
STR,18,Racing Point,12,83.888,30.838,23.273,29.777,SOFT,3,6,4,1,True,None,None,False,4887.176,2020-09-13T14:01:27.448000000,True
STR,18,Racing Point,13,83.332,30.66,23.015,29.657,SOFT,3,7,4,1,True,None,None,False,4971.064,2020-09-13T14:02:51.336000000,True
STR,18,Racing Point,14,84.125,30.992,23.378,29.755,SOFT,3,8,4,1,False,None,None,False,5054.396,2020-09-13T14:04:14.668000000,True
STR,18,Racing Point,15,83.885,30.809,23.575,29.501,SOFT,3,9,4,1,False,None,None,False,5138.521,2020-09-13T14:05:38.793000000,True
STR,18,Racing Point,16,84.507,31.23,23.478,29.799,SOFT,3,10,4,1,False,None,None,False,5222.406,2020-09-13T14:07:02.678000000,True
STR,18,Racing Point,17,84.194,31.013,23.389,29.792,SOFT,3,11,4,1,False,None,None,False,5306.913,2020-09-13T14:08:27.185000000,True
STR,18,Racing Point,18,83.259,30.178,23.217,29.864,SOFT,3,12,3,1,True,None,None,False,5391.107,2020-09-13T14:09:51.379000000,True
STR,18,Racing Point,19,83.637,30.692,22.915,30.03,SOFT,3,13,3,1,False,None,None,False,5474.366,2020-09-13T14:11:14.638000000,True
STR,18,Racing Point,20,83.623,30.806,22.925,29.892,SOFT,3,14,3,1,False,None,None,False,5558.003,2020-09-13T14:12:38.275000000,True
STR,18,Racing Point,21,83.821,30.77,23.13,29.921,SOFT,3,15,3,1,False,None,None,False,5641.626,2020-09-13T14:14:01.898000000,True
STR,18,Racing Point,22,83.815,30.753,23.178,29.884,SOFT,3,16,3,1,False,None,None,False,5725.447,2020-09-13T14:15:25.719000000,True
STR,18,Racing Point,23,83.76,30.899,23.037,29.824,SOFT,3,17,3,1,False,None,None,False,5809.262,2020-09-13T14:16:49.534000000,True
STR,18,Racing Point,24,83.919,30.975,23.167,29.777,SOFT,3,18,3,1,False,None,None,False,5893.022,2020-09-13T14:18:13.294000000,True
STR,18,Racing Point,25,84.078,31.027,23.053,29.998,SOFT,3,19,3,1,False,None,None,False,5976.941,2020-09-13T14:19:37.213000000,True
STR,18,Racing Point,26,84.07,31.091,22.973,30.006,SOFT,3,20,3,1,False,None,None,False,6061.019,2020-09-13T14:21:01.291000000,True
STR,18,Racing Point,27,84.301,31.188,23.232,29.881,SOFT,3,21,3,1,False,None,None,False,6145.089,2020-09-13T14:22:25.361000000,True
STR,18,Racing Point,28,84.222,31.081,23.112,30.029,SOFT,3,22,3,1,False,None,None,False,6229.39,2020-09-13T14:23:49.662000000,True
STR,18,Racing Point,29,84.649,31.384,23.194,30.071,SOFT,3,23,3,1,False,None,None,False,6313.612,2020-09-13T14:25:13.884000000,True
STR,18,Racing Point,30,101.836,31.148,23.27,47.418,SOFT,3,24,4,1,False,None,6479.959,False,6398.261,2020-09-13T14:26:38.533000000,False
STR,18,Racing Point,31,88.311,35.597,23.208,29.506,MEDIUM,4,1,5,1,False,6502.793,None,True,6500.097,2020-09-13T14:28:20.369000000,False
STR,18,Racing Point,32,83.117,30.617,22.89,29.61,MEDIUM,4,2,5,1,True,None,None,True,6588.408,2020-09-13T14:29:48.680000000,True
STR,18,Racing Point,33,83.153,30.736,23.013,29.404,MEDIUM,4,3,4,1,False,None,None,True,6671.525,2020-09-13T14:31:11.797000000,True
STR,18,Racing Point,34,83.238,30.6,23.077,29.561,MEDIUM,4,4,4,1,False,None,None,True,6754.678,2020-09-13T14:32:34.950000000,True
STR,18,Racing Point,35,83.021,30.541,22.888,29.592,MEDIUM,4,5,4,1,True,None,None,True,6837.916,2020-09-13T14:33:58.188000000,True
STR,18,Racing Point,36,83.034,30.544,23.128,29.362,MEDIUM,4,6,4,1,False,None,None,True,6920.937,2020-09-13T14:35:21.209000000,True
STR,18,Racing Point,37,82.739,30.464,22.86,29.415,MEDIUM,4,7,4,1,True,None,None,True,7003.971,2020-09-13T14:36:44.243000000,True
STR,18,Racing Point,38,82.323,30.274,22.683,29.366,MEDIUM,4,8,4,1,True,None,None,True,7086.71,2020-09-13T14:38:06.982000000,True
STR,18,Racing Point,39,82.399,30.408,22.78,29.211,MEDIUM,4,9,4,1,False,None,None,True,7169.033,2020-09-13T14:39:29.305000000,True
STR,18,Racing Point,40,82.544,30.435,22.824,29.285,MEDIUM,4,10,4,1,False,None,None,True,7251.432,2020-09-13T14:40:51.704000000,True
STR,18,Racing Point,41,82.176,30.388,22.593,29.195,MEDIUM,4,11,4,1,True,None,None,True,7333.976,2020-09-13T14:42:14.248000000,True
STR,18,Racing Point,42,82.068,30.167,22.467,29.434,MEDIUM,4,12,4,1,True,None,None,True,7416.152,2020-09-13T14:43:36.424000000,True
STR,18,Racing Point,43,None,None,None,None,MEDIUM,4,13,None,124,None,None,None,True,7498.22,2020-09-13T14:44:58.492000000,False
VER,33,Red Bull Racing,1,None,None,None,None,SOFT,1,4,None,124,False,None,None,False,2005.335,2020-09-13T13:13:25.607000000,False
VET,5,Ferrari,1,166.818,None,50.654,68.026,SOFT,1,1,18,124,False,None,2141.39,True,2005.335,2020-09-13T13:13:25.607000000,False
VET,5,Ferrari,2,112.4,40.484,30.054,41.862,MEDIUM,2,1,18,4,False,2174.901,None,True,2172.289,2020-09-13T13:16:12.561000000,False
VET,5,Ferrari,3,135.684,55.403,34.855,45.426,MEDIUM,2,2,18,4,True,None,None,True,2284.689,2020-09-13T13:18:04.961000000,False
VET,5,Ferrari,4,136.774,52.787,38.367,45.62,MEDIUM,2,3,18,4,False,None,None,True,2420.373,2020-09-13T13:20:20.645000000,False
VET,5,Ferrari,5,132.292,54.016,32.145,46.131,MEDIUM,2,4,18,4,True,None,None,True,2557.147,2020-09-13T13:22:37.419000000,False
VET,5,Ferrari,6,127.016,52.16,35.557,39.299,MEDIUM,2,5,14,412,True,None,None,True,2689.439,2020-09-13T13:24:49.711000000,False
VET,5,Ferrari,7,131.088,47.891,33.601,49.596,MEDIUM,2,6,13,24,False,None,2932.695,True,2816.455,2020-09-13T13:26:56.727000000,False
VET,5,Ferrari,8,1591.459,53.039,41.258,None,MEDIUM,3,7,12,451,False,2950.22,3092.923,False,2947.543,2020-09-13T13:29:07.815000000,False
VET,5,Ferrari,9,178.583,47.954,45.78,84.849,SOFT,4,4,12,1,False,4542.44,None,False,4500.042,2020-09-13T13:55:00.314000000,False
VET,5,Ferrari,10,92.463,35.856,26.069,30.538,SOFT,4,5,13,1,True,None,None,False,4717.566,2020-09-13T13:58:37.838000000,True
VET,5,Ferrari,11,85.273,31.233,23.726,30.314,SOFT,4,6,12,1,True,None,None,False,4810.029,2020-09-13T14:00:10.301000000,True
VET,5,Ferrari,12,85.268,31.291,23.78,30.197,SOFT,4,7,12,1,True,None,None,False,4895.302,2020-09-13T14:01:35.574000000,True
VET,5,Ferrari,13,85.211,31.159,23.694,30.358,SOFT,4,8,12,1,True,None,None,False,4980.57,2020-09-13T14:03:00.842000000,True
VET,5,Ferrari,14,85.304,31.753,23.368,30.183,SOFT,4,9,12,1,False,None,None,False,5065.781,2020-09-13T14:04:26.053000000,True
VET,5,Ferrari,15,85.063,31.645,23.394,30.024,SOFT,4,10,12,1,True,None,None,False,5151.085,2020-09-13T14:05:51.357000000,True
VET,5,Ferrari,16,84.538,30.978,23.276,30.284,SOFT,4,11,11,1,True,None,None,False,5236.148,2020-09-13T14:07:16.420000000,True
VET,5,Ferrari,17,84.611,31.195,23.269,30.147,SOFT,4,12,11,1,False,None,None,False,5320.686,2020-09-13T14:08:40.958000000,True
VET,5,Ferrari,18,84.82,31.245,23.378,30.197,SOFT,4,13,11,1,False,None,None,False,5405.297,2020-09-13T14:10:05.569000000,True
VET,5,Ferrari,19,84.983,31.19,23.448,30.345,SOFT,4,14,11,1,False,None,None,False,5490.117,2020-09-13T14:11:30.389000000,True
VET,5,Ferrari,20,84.908,31.069,23.331,30.508,SOFT,4,15,11,1,False,None,None,False,5575.1,2020-09-13T14:12:55.372000000,True
VET,5,Ferrari,21,85.064,31.29,23.359,30.415,SOFT,4,16,10,1,False,None,None,False,5660.008,2020-09-13T14:14:20.280000000,True
VET,5,Ferrari,22,85.511,31.603,23.551,30.357,SOFT,4,17,10,1,False,None,None,False,5745.072,2020-09-13T14:15:45.344000000,True
VET,5,Ferrari,23,85.679,31.67,23.583,30.426,SOFT,4,18,10,1,False,None,None,False,5830.583,2020-09-13T14:17:10.855000000,True
VET,5,Ferrari,24,85.683,31.667,23.703,30.313,SOFT,4,19,10,1,False,None,None,False,5916.262,2020-09-13T14:18:36.534000000,True
VET,5,Ferrari,25,85.626,31.657,23.491,30.478,SOFT,4,20,10,1,False,None,None,False,6001.945,2020-09-13T14:20:02.217000000,True
VET,5,Ferrari,26,85.756,31.61,23.614,30.532,SOFT,4,21,10,1,False,None,None,False,6087.571,2020-09-13T14:21:27.843000000,True
VET,5,Ferrari,27,85.863,31.691,23.618,30.554,SOFT,4,22,10,1,False,None,None,False,6173.327,2020-09-13T14:22:53.599000000,True
VET,5,Ferrari,28,104.436,32.152,23.918,48.366,SOFT,4,23,11,1,False,None,6343.336,False,6259.19,2020-09-13T14:24:19.462000000,False
VET,5,Ferrari,29,90.303,36.644,23.556,30.103,HARD,5,1,11,1,False,6366.352,None,True,6363.626,2020-09-13T14:26:03.898000000,False
VET,5,Ferrari,30,84.194,30.983,23.342,29.869,HARD,5,2,11,1,True,None,None,True,6453.929,2020-09-13T14:27:34.201000000,True
VET,5,Ferrari,31,84.017,30.782,23.29,29.945,HARD,5,3,11,1,True,None,None,True,6538.123,2020-09-13T14:28:58.395000000,True
VET,5,Ferrari,32,84.076,30.868,23.149,30.059,HARD,5,4,11,1,False,None,None,True,6622.14,2020-09-13T14:30:22.412000000,True
VET,5,Ferrari,33,84.235,30.966,23.189,30.08,HARD,5,5,11,1,False,None,None,True,6706.216,2020-09-13T14:31:46.488000000,True
VET,5,Ferrari,34,83.708,30.745,22.972,29.991,HARD,5,6,11,1,True,None,None,True,6790.451,2020-09-13T14:33:10.723000000,True
VET,5,Ferrari,35,84.224,30.969,23.297,29.958,HARD,5,7,11,1,False,None,None,True,6874.159,2020-09-13T14:34:34.431000000,True
VET,5,Ferrari,36,83.942,30.883,23.163,29.896,HARD,5,8,11,1,False,None,None,True,6958.383,2020-09-13T14:35:58.655000000,True
VET,5,Ferrari,37,83.998,30.696,23.269,30.033,HARD,5,9,10,1,False,None,None,True,7042.325,2020-09-13T14:37:22.597000000,True
VET,5,Ferrari,38,83.755,30.753,23.127,29.875,HARD,5,10,10,1,False,None,None,True,7126.323,2020-09-13T14:38:46.595000000,True
VET,5,Ferrari,39,84.103,30.98,23.171,29.952,HARD,5,11,10,1,False,None,None,True,7210.078,2020-09-13T14:40:10.350000000,True
VET,5,Ferrari,40,84.271,30.893,23.3,30.078,HARD,5,12,10,1,False,None,None,True,7294.181,2020-09-13T14:41:34.453000000,True
VET,5,Ferrari,41,84.048,30.8,23.274,29.974,HARD,5,13,10,1,False,None,None,True,7378.452,2020-09-13T14:42:58.724000000,True
VET,5,Ferrari,42,84.308,31.067,23.183,30.058,HARD,5,14,10,12,False,None,None,True,7462.5,2020-09-13T14:44:22.772000000,True
VET,5,Ferrari,43,122.831,38.457,29.83,54.544,HARD,5,15,10,24,False,None,7649.858,True,7546.808,2020-09-13T14:45:47.080000000,False
VET,5,Ferrari,44,111.197,43.182,30.992,37.023,SOFT,6,4,10,4,False,7672.34,None,False,7669.639,2020-09-13T14:47:49.911000000,False
VET,5,Ferrari,45,1375.1,42.354,32.724,None,SOFT,6,5,12,451,False,None,7893.219,False,7780.836,2020-09-13T14:49:41.108000000,False
VET,5,Ferrari,46,179.363,48.872,40.212,90.279,SOFT,7,4,10,1,False,9159.901,None,False,9120.029,2020-09-13T15:12:00.301000000,False
VET,5,Ferrari,47,90.026,35.584,24.724,29.718,SOFT,7,5,11,1,False,None,None,False,9335.327,2020-09-13T15:15:35.599000000,True
VET,5,Ferrari,48,83.368,30.886,22.969,29.513,SOFT,7,6,11,1,True,None,None,False,9425.353,2020-09-13T15:17:05.625000000,True
VET,5,Ferrari,49,82.909,30.496,22.883,29.53,SOFT,7,7,11,1,True,None,None,False,9508.721,2020-09-13T15:18:28.993000000,True
VET,5,Ferrari,50,82.5,30.328,22.891,29.281,SOFT,7,8,11,1,True,None,None,False,9591.63,2020-09-13T15:19:51.902000000,True
VET,5,Ferrari,51,81.968,29.805,22.715,29.448,SOFT,7,9,10,1,True,None,None,False,9674.13,2020-09-13T15:21:14.402000000,True
VET,5,Ferrari,52,82.081,30.099,22.537,29.445,SOFT,7,10,10,1,False,None,None,False,9756.098,2020-09-13T15:22:36.370000000,True
VET,5,Ferrari,53,82.013,30.067,22.517,29.429,SOFT,7,11,10,1,False,None,None,False,9838.179,2020-09-13T15:23:58.451000000,True
VET,5,Ferrari,54,82.349,30.164,22.657,29.528,SOFT,7,12,10,1,False,None,None,False,9920.192,2020-09-13T15:25:20.464000000,True
VET,5,Ferrari,55,81.902,30.092,22.375,29.435,SOFT,7,13,10,1,True,None,None,False,10002.541,2020-09-13T15:26:42.813000000,True
VET,5,Ferrari,56,81.643,29.853,22.379,29.411,SOFT,7,14,10,1,True,None,None,False,10084.443,2020-09-13T15:28:04.715000000,True
VET,5,Ferrari,57,81.781,29.969,22.34,29.472,SOFT,7,15,10,1,False,None,None,False,10166.086,2020-09-13T15:29:26.358000000,True
VET,5,Ferrari,58,81.454,29.827,22.279,29.348,SOFT,7,16,10,1,True,None,None,False,10247.867,2020-09-13T15:30:48.139000000,True
VET,5,Ferrari,59,81.202,29.829,22.171,29.202,SOFT,7,17,10,1,True,None,None,False,10329.321,2020-09-13T15:32:09.593000000,True
