Driver,DriverNumber,Team,LapNumber,LapTime,Sector1Time,Sector2Time,Sector3Time,Compound,Stint,TyreLife,Position,TrackStatus,IsPersonalBest,PitOutTime,PitInTime,FreshTyre,LapStartTime,LapStartDate,IsAccurate
ALB,23,Red Bull Racing,1,107.561,None,37.672,27.781,INTERMEDIATE,1,1,11,1,False,None,None,True,1977.486,2020-07-19T13:12:57.686000000,False
ALB,23,Red Bull Racing,2,96.192,33.917,35.41,26.865,INTERMEDIATE,1,2,11,1,True,None,None,True,2085.189,2020-07-19T13:14:45.389000000,True
ALB,23,Red Bull Racing,3,98.884,33.871,35.245,29.768,INTERMEDIATE,1,3,9,1,False,None,2278.654,True,2181.381,2020-07-19T13:16:21.581000000,False
ALB,23,Red Bull Racing,4,111.95,55.178,32.61,24.162,MEDIUM,2,1,14,12,False,2301.692,None,True,2280.265,2020-07-19T13:18:00.465000000,False
ALB,23,Red Bull Racing,5,88.886,33.29,31.469,24.127,MEDIUM,2,2,9,1,True,None,None,True,2392.215,2020-07-19T13:19:52.415000000,True
ALB,23,Red Bull Racing,6,85.89,31.301,30.74,23.849,MEDIUM,2,3,9,1,True,None,None,True,2481.101,2020-07-19T13:21:21.301000000,True
ALB,23,Red Bull Racing,7,84.436,30.606,30.371,23.459,MEDIUM,2,4,9,1,True,None,None,True,2566.991,2020-07-19T13:22:47.191000000,True
ALB,23,Red Bull Racing,8,85.139,30.549,30.477,24.113,MEDIUM,2,5,9,1,False,None,None,True,2651.427,2020-07-19T13:24:11.627000000,True
ALB,23,Red Bull Racing,9,84.012,30.211,29.975,23.826,MEDIUM,2,6,9,1,True,None,None,True,2736.566,2020-07-19T13:25:36.766000000,True
ALB,23,Red Bull Racing,10,83.342,29.951,29.927,23.464,MEDIUM,2,7,9,1,True,None,None,True,2820.578,2020-07-19T13:27:00.778000000,True
ALB,23,Red Bull Racing,11,83.506,30.047,29.913,23.546,MEDIUM,2,8,8,1,False,None,None,True,2903.92,2020-07-19T13:28:24.120000000,True
ALB,23,Red Bull Racing,12,83.03,29.797,29.566,23.667,MEDIUM,2,9,8,1,True,None,None,True,2987.426,2020-07-19T13:29:47.626000000,True
ALB,23,Red Bull Racing,13,84.018,29.827,30.385,23.806,MEDIUM,2,10,8,1,False,None,None,True,3070.456,2020-07-19T13:31:10.656000000,True
ALB,23,Red Bull Racing,14,84.395,29.954,30.514,23.927,MEDIUM,2,11,8,1,False,None,None,True,3154.474,2020-07-19T13:32:34.674000000,True
ALB,23,Red Bull Racing,15,84.419,29.911,30.582,23.926,MEDIUM,2,12,8,1,False,None,None,True,3238.869,2020-07-19T13:33:59.069000000,True
ALB,23,Red Bull Racing,16,84.418,30.206,30.225,23.987,MEDIUM,2,13,8,1,False,None,None,True,3323.288,2020-07-19T13:35:23.488000000,True
ALB,23,Red Bull Racing,17,84.394,30.087,30.341,23.966,MEDIUM,2,14,8,1,False,None,None,True,3407.706,2020-07-19T13:36:47.906000000,True
ALB,23,Red Bull Racing,18,83.014,29.525,29.549,23.94,MEDIUM,2,15,7,1,True,None,None,True,3492.1,2020-07-19T13:38:12.300000000,True
ALB,23,Red Bull Racing,19,82.737,29.643,29.455,23.639,MEDIUM,2,16,7,1,True,None,None,True,3575.114,2020-07-19T13:39:35.314000000,True
ALB,23,Red Bull Racing,20,82.633,29.539,29.491,23.603,MEDIUM,2,17,7,1,True,None,None,True,3657.851,2020-07-19T13:40:58.051000000,True
ALB,23,Red Bull Racing,21,82.992,29.661,29.707,23.624,MEDIUM,2,18,7,1,False,None,None,True,3740.484,2020-07-19T13:42:20.684000000,True
ALB,23,Red Bull Racing,22,82.72,29.49,29.618,23.612,MEDIUM,2,19,7,1,False,None,None,True,3823.476,2020-07-19T13:43:43.676000000,True
ALB,23,Red Bull Racing,23,83.134,29.628,29.66,23.846,MEDIUM,2,20,7,1,False,None,None,True,3906.196,2020-07-19T13:45:06.396000000,True
ALB,23,Red Bull Racing,24,83.026,29.495,29.852,23.679,MEDIUM,2,21,7,1,False,None,None,True,3989.33,2020-07-19T13:46:29.530000000,True
ALB,23,Red Bull Racing,25,82.79,29.497,29.701,23.592,MEDIUM,2,22,7,1,False,None,None,True,4072.356,2020-07-19T13:47:52.556000000,True
ALB,23,Red Bull Racing,26,82.86,29.529,29.621,23.71,MEDIUM,2,23,7,1,False,None,None,True,4155.146,2020-07-19T13:49:15.346000000,True
ALB,23,Red Bull Racing,27,83.149,29.38,30.091,23.678,MEDIUM,2,24,7,1,False,None,None,True,4238.006,2020-07-19T13:50:38.206000000,True
ALB,23,Red Bull Racing,28,83.71,29.464,30.479,23.767,MEDIUM,2,25,7,1,False,None,None,True,4321.155,2020-07-19T13:52:01.355000000,True
ALB,23,Red Bull Racing,29,83.491,29.153,30.417,23.921,MEDIUM,2,26,6,1,False,None,None,True,4404.865,2020-07-19T13:53:25.065000000,True
ALB,23,Red Bull Racing,30,82.849,29.638,29.665,23.546,MEDIUM,2,27,6,1,False,None,None,True,4488.356,2020-07-19T13:54:48.556000000,True
ALB,23,Red Bull Racing,31,82.75,29.515,29.76,23.475,MEDIUM,2,28,6,1,False,None,None,True,4571.205,2020-07-19T13:56:11.405000000,True
ALB,23,Red Bull Racing,32,82.646,29.55,29.616,23.48,MEDIUM,2,29,6,1,False,None,None,True,4653.955,2020-07-19T13:57:34.155000000,True
ALB,23,Red Bull Racing,33,82.669,29.569,29.705,23.395,MEDIUM,2,30,6,1,False,None,None,True,4736.601,2020-07-19T13:58:56.801000000,True
ALB,23,Red Bull Racing,34,85.954,29.576,29.943,26.435,MEDIUM,2,31,7,1,False,None,4903.595,True,4819.27,2020-07-19T14:00:19.470000000,False
ALB,23,Red Bull Racing,35,101.225,48.798,29.497,22.93,HARD,3,1,10,1,False,4925.733,None,True,4905.224,2020-07-19T14:01:45.424000000,False
ALB,23,Red Bull Racing,36,83.315,29.379,30.549,23.387,HARD,3,2,9,1,False,None,None,True,5006.449,2020-07-19T14:03:26.649000000,True
ALB,23,Red Bull Racing,37,80.324,28.696,28.883,22.745,HARD,3,3,8,1,True,None,None,True,5089.764,2020-07-19T14:04:49.964000000,True
ALB,23,Red Bull Racing,38,80.61,29.014,28.753,22.843,HARD,3,4,8,1,False,None,None,True,5170.088,2020-07-19T14:06:10.288000000,True
ALB,23,Red Bull Racing,39,80.703,29.119,28.809,22.775,HARD,3,5,8,1,False,None,None,True,5250.698,2020-07-19T14:07:30.898000000,True
ALB,23,Red Bull Racing,40,80.415,28.883,28.757,22.775,HARD,3,6,8,1,False,None,None,True,5331.401,2020-07-19T14:08:51.601000000,True
ALB,23,Red Bull Racing,41,80.264,28.815,28.753,22.696,HARD,3,7,7,1,True,None,None,True,5411.816,2020-07-19T14:10:12.016000000,True
ALB,23,Red Bull Racing,42,80.336,28.942,28.64,22.754,HARD,3,8,7,12,False,None,None,True,5492.08,2020-07-19T14:11:32.280000000,True
ALB,23,Red Bull Racing,43,81.087,29.13,28.894,23.063,HARD,3,9,7,1,False,None,None,True,5572.416,2020-07-19T14:12:52.616000000,True
ALB,23,Red Bull Racing,44,80.511,29.008,28.643,22.86,HARD,3,10,6,1,False,None,None,True,5653.503,2020-07-19T14:14:13.703000000,True
ALB,23,Red Bull Racing,45,80.305,28.951,28.581,22.773,HARD,3,11,6,1,False,None,None,True,5734.014,2020-07-19T14:15:34.214000000,True
ALB,23,Red Bull Racing,46,80.346,28.976,28.563,22.807,HARD,3,12,6,1,False,None,None,True,5814.319,2020-07-19T14:16:54.519000000,True
ALB,23,Red Bull Racing,47,80.578,29.072,28.775,22.731,HARD,3,13,6,1,False,None,None,True,5894.665,2020-07-19T14:18:14.865000000,True
ALB,23,Red Bull Racing,48,80.368,28.949,28.529,22.89,HARD,3,14,6,1,False,None,None,True,5975.243,2020-07-19T14:19:35.443000000,True
ALB,23,Red Bull Racing,49,80.51,28.966,28.73,22.814,HARD,3,15,6,1,False,None,None,True,6055.611,2020-07-19T14:20:55.811000000,True
ALB,23,Red Bull Racing,50,80.271,28.878,28.587,22.806,HARD,3,16,6,1,False,None,None,True,6136.121,2020-07-19T14:22:16.321000000,True
ALB,23,Red Bull Racing,51,80.295,28.905,28.599,22.791,HARD,3,17,6,1,False,None,None,True,6216.392,2020-07-19T14:23:36.592000000,True
ALB,23,Red Bull Racing,52,80.843,28.996,29.038,22.809,HARD,3,18,6,1,False,None,None,True,6296.687,2020-07-19T14:24:56.887000000,True
ALB,23,Red Bull Racing,53,81.025,28.92,29.146,22.959,HARD,3,19,6,1,False,None,None,True,6377.53,2020-07-19T14:26:17.730000000,True
ALB,23,Red Bull Racing,54,80.788,29.081,28.798,22.909,HARD,3,20,6,1,False,None,None,True,6458.555,2020-07-19T14:27:38.755000000,True
ALB,23,Red Bull Racing,55,81.52,29.0,28.812,23.708,HARD,3,21,6,1,False,None,None,True,6539.343,2020-07-19T14:28:59.543000000,True
ALB,23,Red Bull Racing,56,82.337,30.361,28.95,23.026,HARD,3,22,6,1,False,None,None,True,6620.863,2020-07-19T14:30:21.063000000,True
ALB,23,Red Bull Racing,57,80.74,28.982,28.846,22.912,HARD,3,23,6,1,False,None,None,True,6703.2,2020-07-19T14:31:43.400000000,True
ALB,23,Red Bull Racing,58,80.489,28.847,28.733,22.909,HARD,3,24,6,1,False,None,None,True,6783.94,2020-07-19T14:33:04.140000000,True
ALB,23,Red Bull Racing,59,80.744,29.025,28.841,22.878,HARD,3,25,6,1,False,None,None,True,6864.429,2020-07-19T14:34:24.629000000,True
ALB,23,Red Bull Racing,60,80.539,28.864,28.801,22.874,HARD,3,26,6,1,False,None,None,True,6945.173,2020-07-19T14:35:45.373000000,True
ALB,23,Red Bull Racing,61,80.804,28.881,29.074,22.849,HARD,3,27,6,1,False,None,None,True,7025.712,2020-07-19T14:37:05.912000000,True
ALB,23,Red Bull Racing,62,80.436,28.717,28.907,22.812,HARD,3,28,6,1,False,None,None,True,7106.516,2020-07-19T14:38:26.716000000,True
ALB,23,Red Bull Racing,63,80.916,29.192,28.815,22.909,HARD,3,29,6,1,False,None,None,True,7186.952,2020-07-19T14:39:47.152000000,True
ALB,23,Red Bull Racing,64,80.76,29.03,28.924,22.806,HARD,3,30,6,1,False,None,None,True,7267.868,2020-07-19T14:41:08.068000000,True
ALB,23,Red Bull Racing,65,80.536,28.821,28.789,22.926,HARD,3,31,6,1,False,None,None,True,7348.628,2020-07-19T14:42:28.828000000,True
ALB,23,Red Bull Racing,66,79.488,28.541,28.385,22.562,HARD,3,32,5,1,True,None,None,True,7429.164,2020-07-19T14:43:49.364000000,True
ALB,23,Red Bull Racing,67,79.617,28.722,28.326,22.569,HARD,3,33,5,1,False,None,None,True,7508.652,2020-07-19T14:45:08.852000000,True
ALB,23,Red Bull Racing,68,79.44,28.706,28.265,22.469,HARD,3,34,5,1,True,None,None,True,7588.269,2020-07-19T14:46:28.469000000,True
ALB,23,Red Bull Racing,69,80.159,28.902,28.587,22.67,HARD,3,35,5,1,False,None,None,True,7667.709,2020-07-19T14:47:47.909000000,True
ALB,23,Red Bull Racing,70,80.549,28.906,28.728,22.915,HARD,3,36,5,1,False,None,None,True,7747.868,2020-07-19T14:49:08.068000000,True
BOT,77,Mercedes,1,102.397,None,35.45,26.469,INTERMEDIATE,1,1,6,1,False,None,None,True,1977.486,2020-07-19T13:12:57.686000000,False
BOT,77,Mercedes,2,98.777,33.339,34.664,30.774,INTERMEDIATE,1,2,8,1,False,None,2177.389,True,2080.025,2020-07-19T13:14:40.225000000,False
BOT,77,Mercedes,3,114.775,55.5,33.895,25.38,MEDIUM,2,1,19,1,False,2199.064,None,True,2178.802,2020-07-19T13:16:19.002000000,False
BOT,77,Mercedes,4,93.14,33.034,33.685,26.421,MEDIUM,2,2,11,12,True,None,None,True,2293.577,2020-07-19T13:18:13.777000000,True
BOT,77,Mercedes,5,89.816,33.037,32.366,24.413,MEDIUM,2,3,7,21,True,None,None,True,2386.717,2020-07-19T13:19:46.917000000,True
BOT,77,Mercedes,6,86.453,31.732,31.289,23.432,MEDIUM,2,4,7,1,True,None,None,True,2476.533,2020-07-19T13:21:16.733000000,True
BOT,77,Mercedes,7,84.57,30.45,30.958,23.162,MEDIUM,2,5,7,1,True,None,None,True,2562.986,2020-07-19T13:22:43.186000000,True
BOT,77,Mercedes,8,86.2,32.724,30.459,23.017,MEDIUM,2,6,7,1,False,None,None,True,2647.556,2020-07-19T13:24:07.756000000,True
BOT,77,Mercedes,9,83.272,30.092,29.954,23.226,MEDIUM,2,7,7,1,True,None,None,True,2733.756,2020-07-19T13:25:33.956000000,True
BOT,77,Mercedes,10,82.018,29.829,29.296,22.893,MEDIUM,2,8,6,1,True,None,None,True,2817.028,2020-07-19T13:26:57.228000000,True
BOT,77,Mercedes,11,82.744,29.795,29.713,23.236,MEDIUM,2,9,6,1,False,None,None,True,2899.046,2020-07-19T13:28:19.246000000,True
BOT,77,Mercedes,12,81.872,29.812,28.914,23.146,MEDIUM,2,10,5,1,True,None,None,True,2981.79,2020-07-19T13:29:41.990000000,True
BOT,77,Mercedes,13,81.524,29.467,29.231,22.826,MEDIUM,2,11,5,1,True,None,None,True,3063.662,2020-07-19T13:31:03.862000000,True
BOT,77,Mercedes,14,81.946,29.559,29.305,23.082,MEDIUM,2,12,5,1,False,None,None,True,3145.186,2020-07-19T13:32:25.386000000,True
BOT,77,Mercedes,15,82.64,29.537,29.82,23.283,MEDIUM,2,13,5,1,False,None,None,True,3227.132,2020-07-19T13:33:47.332000000,True
BOT,77,Mercedes,16,83.165,29.596,30.13,23.439,MEDIUM,2,14,5,1,False,None,None,True,3309.772,2020-07-19T13:35:09.972000000,True
BOT,77,Mercedes,17,81.783,29.131,29.609,23.043,MEDIUM,2,15,4,1,False,None,None,True,3392.937,2020-07-19T13:36:33.137000000,True
BOT,77,Mercedes,18,81.998,29.246,29.112,23.64,MEDIUM,2,16,4,1,False,None,None,True,3474.72,2020-07-19T13:37:54.920000000,True
BOT,77,Mercedes,19,82.503,29.236,30.18,23.087,MEDIUM,2,17,4,1,False,None,None,True,3556.718,2020-07-19T13:39:16.918000000,True
BOT,77,Mercedes,20,81.424,29.238,29.093,23.093,MEDIUM,2,18,4,1,True,None,None,True,3639.221,2020-07-19T13:40:39.421000000,True
BOT,77,Mercedes,21,81.369,29.246,29.042,23.081,MEDIUM,2,19,4,1,True,None,None,True,3720.645,2020-07-19T13:42:00.845000000,True
BOT,77,Mercedes,22,81.635,29.229,29.232,23.174,MEDIUM,2,20,4,1,False,None,None,True,3802.014,2020-07-19T13:43:22.214000000,True
BOT,77,Mercedes,23,81.726,29.269,29.255,23.202,MEDIUM,2,21,4,1,False,None,None,True,3883.649,2020-07-19T13:44:43.849000000,True
BOT,77,Mercedes,24,81.683,29.209,29.222,23.252,MEDIUM,2,22,4,1,False,None,None,True,3965.375,2020-07-19T13:46:05.575000000,True
BOT,77,Mercedes,25,82.224,29.399,29.538,23.287,MEDIUM,2,23,4,1,False,None,None,True,4047.058,2020-07-19T13:47:27.258000000,True
BOT,77,Mercedes,26,81.828,29.37,29.181,23.277,MEDIUM,2,24,4,1,False,None,None,True,4129.282,2020-07-19T13:48:49.482000000,True
BOT,77,Mercedes,27,82.089,29.288,29.355,23.446,MEDIUM,2,25,4,1,False,None,None,True,4211.11,2020-07-19T13:50:11.310000000,True
BOT,77,Mercedes,28,82.207,29.268,29.522,23.417,MEDIUM,2,26,4,1,False,None,None,True,4293.199,2020-07-19T13:51:33.399000000,True
BOT,77,Mercedes,29,82.275,29.408,29.601,23.266,MEDIUM,2,27,4,1,False,None,None,True,4375.406,2020-07-19T13:52:55.606000000,True
BOT,77,Mercedes,30,82.243,29.583,29.347,23.313,MEDIUM,2,28,4,1,False,None,None,True,4457.681,2020-07-19T13:54:17.881000000,True
BOT,77,Mercedes,31,82.049,29.472,29.421,23.156,MEDIUM,2,29,4,1,False,None,None,True,4539.924,2020-07-19T13:55:40.124000000,True
BOT,77,Mercedes,32,82.241,29.426,29.431,23.384,MEDIUM,2,30,4,1,False,None,None,True,4621.973,2020-07-19T13:57:02.173000000,True
BOT,77,Mercedes,33,85.627,29.602,29.812,26.213,MEDIUM,2,31,4,1,False,None,4788.717,True,4704.214,2020-07-19T13:58:24.414000000,False
BOT,77,Mercedes,34,98.262,47.516,28.478,22.268,MEDIUM,3,4,4,1,False,4809.804,None,False,4789.841,2020-07-19T13:59:50.041000000,False
BOT,77,Mercedes,35,80.359,28.771,29.14,22.448,MEDIUM,3,5,4,1,True,None,None,False,4888.103,2020-07-19T14:01:28.303000000,True
BOT,77,Mercedes,36,80.128,29.028,28.809,22.291,MEDIUM,3,6,3,1,True,None,None,False,4968.462,2020-07-19T14:02:48.662000000,True
BOT,77,Mercedes,37,79.656,28.874,28.283,22.499,MEDIUM,3,7,3,1,True,None,None,False,5048.59,2020-07-19T14:04:08.790000000,True
BOT,77,Mercedes,38,78.945,28.395,28.269,22.281,MEDIUM,3,8,3,1,True,None,None,False,5128.246,2020-07-19T14:05:28.446000000,True
BOT,77,Mercedes,39,79.943,28.835,28.526,22.582,MEDIUM,3,9,3,1,False,None,None,False,5207.191,2020-07-19T14:06:47.391000000,True
BOT,77,Mercedes,40,79.102,28.925,28.016,22.161,MEDIUM,3,10,3,1,False,None,None,False,5287.134,2020-07-19T14:08:07.334000000,True
BOT,77,Mercedes,41,79.134,28.581,28.072,22.481,MEDIUM,3,11,3,1,False,None,None,False,5366.236,2020-07-19T14:09:26.436000000,True
BOT,77,Mercedes,42,79.414,28.794,28.193,22.427,MEDIUM,3,12,3,12,False,None,None,False,5445.37,2020-07-19T14:10:45.570000000,True
BOT,77,Mercedes,43,79.768,28.839,28.277,22.652,MEDIUM,3,13,3,1,False,None,None,False,5524.784,2020-07-19T14:12:04.984000000,True
BOT,77,Mercedes,44,80.147,28.882,28.328,22.937,MEDIUM,3,14,3,1,False,None,None,False,5604.552,2020-07-19T14:13:24.752000000,True
BOT,77,Mercedes,45,79.679,28.49,28.402,22.787,MEDIUM,3,15,3,1,False,None,None,False,5684.699,2020-07-19T14:14:44.899000000,True
BOT,77,Mercedes,46,80.542,29.009,28.673,22.86,MEDIUM,3,16,3,1,False,None,None,False,5764.378,2020-07-19T14:16:04.578000000,True
BOT,77,Mercedes,47,80.49,28.809,28.93,22.751,MEDIUM,3,17,3,1,False,None,None,False,5844.92,2020-07-19T14:17:25.120000000,True
BOT,77,Mercedes,48,81.285,28.964,29.659,22.662,MEDIUM,3,18,3,1,False,None,None,False,5925.41,2020-07-19T14:18:45.610000000,True
BOT,77,Mercedes,49,82.602,28.824,28.496,25.282,MEDIUM,3,19,3,1,False,None,6087.627,False,6006.695,2020-07-19T14:20:06.895000000,False
BOT,77,Mercedes,50,97.094,47.219,27.891,21.984,HARD,4,1,3,1,False,6109.271,None,True,6089.297,2020-07-19T14:21:29.497000000,False
BOT,77,Mercedes,51,78.435,28.503,27.749,22.183,HARD,4,2,3,1,True,None,None,True,6186.391,2020-07-19T14:23:06.591000000,True
BOT,77,Mercedes,52,77.913,28.358,27.681,21.874,HARD,4,3,3,1,True,None,None,True,6264.826,2020-07-19T14:24:25.026000000,True
BOT,77,Mercedes,53,78.039,28.411,27.569,22.059,HARD,4,4,3,1,False,None,None,True,6342.739,2020-07-19T14:25:42.939000000,True
BOT,77,Mercedes,54,78.546,28.686,27.799,22.061,HARD,4,5,3,1,False,None,None,True,6420.778,2020-07-19T14:27:00.978000000,True
BOT,77,Mercedes,55,78.694,28.581,27.976,22.137,HARD,4,6,3,1,False,None,None,True,6499.324,2020-07-19T14:28:19.524000000,True
BOT,77,Mercedes,56,78.373,28.468,27.76,22.145,HARD,4,7,3,1,False,None,None,True,6578.018,2020-07-19T14:29:38.218000000,True
BOT,77,Mercedes,57,78.854,28.558,27.93,22.366,HARD,4,8,3,1,False,None,None,True,6656.391,2020-07-19T14:30:56.591000000,True
BOT,77,Mercedes,58,79.548,28.676,28.417,22.455,HARD,4,9,3,1,False,None,None,True,6735.245,2020-07-19T14:32:15.445000000,True
BOT,77,Mercedes,59,79.447,28.632,28.5,22.315,HARD,4,10,3,1,False,None,None,True,6814.793,2020-07-19T14:33:34.993000000,True
BOT,77,Mercedes,60,79.079,28.605,28.025,22.449,HARD,4,11,3,1,False,None,None,True,6894.24,2020-07-19T14:34:54.440000000,True
BOT,77,Mercedes,61,79.409,28.852,28.203,22.354,HARD,4,12,3,1,False,None,None,True,6973.319,2020-07-19T14:36:13.519000000,True
BOT,77,Mercedes,62,78.451,28.764,27.575,22.112,HARD,4,13,3,1,False,None,None,True,7052.728,2020-07-19T14:37:32.928000000,True
BOT,77,Mercedes,63,78.169,28.625,27.447,22.097,HARD,4,14,3,1,False,None,None,True,7131.179,2020-07-19T14:38:51.379000000,True
BOT,77,Mercedes,64,78.165,28.444,27.501,22.22,HARD,4,15,3,1,False,None,None,True,7209.348,2020-07-19T14:40:09.548000000,True
BOT,77,Mercedes,65,78.493,28.479,27.726,22.288,HARD,4,16,3,1,False,None,None,True,7287.513,2020-07-19T14:41:27.713000000,True
BOT,77,Mercedes,66,77.665,28.093,27.464,22.108,HARD,4,17,3,1,True,None,None,True,7366.006,2020-07-19T14:42:46.206000000,True
BOT,77,Mercedes,67,78.229,28.407,27.612,22.21,HARD,4,18,3,1,False,None,None,True,7443.671,2020-07-19T14:44:03.871000000,True
BOT,77,Mercedes,68,78.508,28.301,27.927,22.28,HARD,4,19,3,1,False,None,None,True,7521.9,2020-07-19T14:45:22.100000000,True
BOT,77,Mercedes,69,78.869,28.502,27.832,22.535,HARD,4,20,3,1,False,None,None,True,7600.408,2020-07-19T14:46:40.608000000,True
BOT,77,Mercedes,70,80.276,28.554,28.629,23.093,HARD,4,21,3,1,False,None,None,True,7679.277,2020-07-19T14:47:59.477000000,True
GAS,10,AlphaTauri,1,108.287,None,38.202,27.451,INTERMEDIATE,1,1,12,1,False,None,None,True,1977.486,2020-07-19T13:12:57.686000000,False
GAS,10,AlphaTauri,2,96.445,34.308,35.061,27.076,INTERMEDIATE,1,2,12,1,True,None,None,True,2085.915,2020-07-19T13:14:46.115000000,True
GAS,10,AlphaTauri,3,101.283,33.971,36.278,31.034,INTERMEDIATE,1,3,12,1,False,None,2282.045,True,2182.36,2020-07-19T13:16:22.560000000,False
GAS,10,AlphaTauri,4,112.9,55.339,33.218,24.343,SOFT,2,1,18,12,False,2304.763,None,True,2283.643,2020-07-19T13:18:03.843000000,False
GAS,10,AlphaTauri,5,89.409,32.287,32.163,24.959,SOFT,2,2,14,1,True,None,None,True,2396.543,2020-07-19T13:19:56.743000000,True
GAS,10,AlphaTauri,6,88.235,32.454,31.813,23.968,SOFT,2,3,14,1,True,None,None,True,2485.952,2020-07-19T13:21:26.152000000,True
GAS,10,AlphaTauri,7,85.772,30.983,31.103,23.686,SOFT,2,4,14,1,True,None,None,True,2574.187,2020-07-19T13:22:54.387000000,True
GAS,10,AlphaTauri,8,84.829,30.509,30.498,23.822,SOFT,2,5,14,1,True,None,None,True,2659.959,2020-07-19T13:24:20.159000000,True
GAS,10,AlphaTauri,9,84.498,30.324,30.467,23.707,SOFT,2,6,14,1,True,None,None,True,2744.788,2020-07-19T13:25:44.988000000,True
GAS,10,AlphaTauri,10,83.939,29.896,30.202,23.841,SOFT,2,7,14,1,True,None,None,True,2829.286,2020-07-19T13:27:09.486000000,True
GAS,10,AlphaTauri,11,84.833,29.995,30.553,24.285,SOFT,2,8,14,1,False,None,None,True,2913.225,2020-07-19T13:28:33.425000000,True
GAS,10,AlphaTauri,12,85.599,30.384,30.759,24.456,SOFT,2,9,14,1,False,None,None,True,2998.058,2020-07-19T13:29:58.258000000,True
GAS,10,AlphaTauri,13,86.606,30.912,31.166,24.528,SOFT,2,10,14,1,False,None,None,True,3083.657,2020-07-19T13:31:23.857000000,True
GAS,10,AlphaTauri,14,87.163,31.091,31.485,24.587,SOFT,2,11,15,1,False,None,None,True,3170.263,2020-07-19T13:32:50.463000000,True
GAS,10,AlphaTauri,15,90.475,31.31,31.295,27.87,SOFT,2,12,18,1,False,None,3346.273,True,3257.426,2020-07-19T13:34:17.626000000,False
GIO,99,Alfa Romeo Racing,1,111.47,None,39.186,28.395,INTERMEDIATE,1,1,18,1,False,None,None,True,1977.486,2020-07-19T13:12:57.686000000,False
GIO,99,Alfa Romeo Racing,2,99.055,34.209,36.574,28.272,INTERMEDIATE,1,2,17,1,True,None,None,True,2089.098,2020-07-19T13:14:49.298000000,True
GIO,99,Alfa Romeo Racing,3,99.165,34.145,36.233,28.787,INTERMEDIATE,1,3,15,1,False,None,None,True,2188.153,2020-07-19T13:16:28.353000000,True
GIO,99,Alfa Romeo Racing,4,105.277,34.884,36.896,33.497,INTERMEDIATE,1,4,15,12,False,None,2391.003,True,2287.318,2020-07-19T13:18:07.518000000,False
GIO,99,Alfa Romeo Racing,5,108.244,51.828,32.047,24.369,SOFT,2,1,19,1,False,2413.263,None,True,2392.595,2020-07-19T13:19:52.795000000,False
GIO,99,Alfa Romeo Racing,6,86.059,31.25,30.948,23.861,SOFT,2,2,19,1,True,None,None,True,2500.839,2020-07-19T13:21:41.039000000,True
GIO,99,Alfa Romeo Racing,7,85.172,30.662,30.903,23.607,SOFT,2,3,19,1,True,None,None,True,2586.898,2020-07-19T13:23:07.098000000,True
GIO,99,Alfa Romeo Racing,8,85.113,30.493,30.66,23.96,SOFT,2,4,19,1,True,None,None,True,2672.07,2020-07-19T13:24:32.270000000,True
GIO,99,Alfa Romeo Racing,9,84.313,30.301,30.304,23.708,SOFT,2,5,19,1,True,None,None,True,2757.183,2020-07-19T13:25:57.383000000,True
GIO,99,Alfa Romeo Racing,10,84.27,30.161,30.13,23.979,SOFT,2,6,19,1,True,None,None,True,2841.496,2020-07-19T13:27:21.696000000,True
GIO,99,Alfa Romeo Racing,11,84.508,30.045,30.392,24.071,SOFT,2,7,19,1,False,None,None,True,2925.766,2020-07-19T13:28:45.966000000,True
GIO,99,Alfa Romeo Racing,12,84.653,30.208,30.372,24.073,SOFT,2,8,19,1,False,None,None,True,3010.274,2020-07-19T13:30:10.474000000,True
GIO,99,Alfa Romeo Racing,13,84.786,30.113,30.467,24.206,SOFT,2,9,19,1,False,None,None,True,3094.927,2020-07-19T13:31:35.127000000,True
GIO,99,Alfa Romeo Racing,14,85.261,30.085,30.695,24.481,SOFT,2,10,19,1,False,None,None,True,3179.713,2020-07-19T13:32:59.913000000,True
GIO,99,Alfa Romeo Racing,15,85.515,30.244,30.694,24.577,SOFT,2,11,19,1,False,None,None,True,3264.974,2020-07-19T13:34:25.174000000,True
GIO,99,Alfa Romeo Racing,16,86.16,30.354,31.057,24.749,SOFT,2,12,18,1,False,None,None,True,3350.489,2020-07-19T13:35:50.689000000,True
GIO,99,Alfa Romeo Racing,17,86.442,30.456,31.122,24.864,SOFT,2,13,18,1,False,None,None,True,3436.649,2020-07-19T13:37:16.849000000,True
GIO,99,Alfa Romeo Racing,18,87.577,30.468,31.332,25.777,SOFT,2,14,18,1,False,None,None,True,3523.091,2020-07-19T13:38:43.291000000,True
GIO,99,Alfa Romeo Racing,19,86.712,30.559,31.387,24.766,SOFT,2,15,17,1,False,None,None,True,3610.668,2020-07-19T13:40:10.868000000,True
GIO,99,Alfa Romeo Racing,20,89.47,30.491,31.279,27.7,SOFT,2,16,17,1,False,None,3785.121,True,3697.38,2020-07-19T13:41:37.580000000,False
GIO,99,Alfa Romeo Racing,21,102.963,50.213,29.638,23.112,MEDIUM,3,1,18,1,False,3808.321,None,True,3786.85,2020-07-19T13:43:07.050000000,False
GIO,99,Alfa Romeo Racing,22,81.963,29.534,29.159,23.27,MEDIUM,3,2,18,1,True,None,None,True,3889.813,2020-07-19T13:44:50.013000000,True
GIO,99,Alfa Romeo Racing,23,81.765,29.381,29.276,23.108,MEDIUM,3,3,18,1,True,None,None,True,3971.776,2020-07-19T13:46:11.976000000,True
GIO,99,Alfa Romeo Racing,24,82.571,29.524,29.543,23.504,MEDIUM,3,4,18,1,False,None,None,True,4053.541,2020-07-19T13:47:33.741000000,True
GIO,99,Alfa Romeo Racing,25,82.033,29.363,29.276,23.394,MEDIUM,3,5,18,1,False,None,None,True,4136.112,2020-07-19T13:48:56.312000000,True
GIO,99,Alfa Romeo Racing,26,82.283,29.595,29.21,23.478,MEDIUM,3,6,18,1,False,None,None,True,4218.145,2020-07-19T13:50:18.345000000,True
GIO,99,Alfa Romeo Racing,27,82.366,29.628,29.383,23.355,MEDIUM,3,7,18,1,False,None,None,True,4300.428,2020-07-19T13:51:40.628000000,True
GIO,99,Alfa Romeo Racing,28,82.482,29.651,29.212,23.619,MEDIUM,3,8,18,1,False,None,None,True,4382.794,2020-07-19T13:53:02.994000000,True
GIO,99,Alfa Romeo Racing,29,82.423,29.648,29.284,23.491,MEDIUM,3,9,18,1,False,None,None,True,4465.276,2020-07-19T13:54:25.476000000,True
GIO,99,Alfa Romeo Racing,30,82.369,29.508,29.361,23.5,MEDIUM,3,10,18,1,False,None,None,True,4547.699,2020-07-19T13:55:47.899000000,True
GIO,99,Alfa Romeo Racing,31,82.221,29.626,29.172,23.423,MEDIUM,3,11,18,1,False,None,None,True,4630.068,2020-07-19T13:57:10.268000000,True
GIO,99,Alfa Romeo Racing,32,82.537,29.673,29.375,23.489,MEDIUM,3,12,18,1,False,None,None,True,4712.289,2020-07-19T13:58:32.489000000,True
GIO,99,Alfa Romeo Racing,33,82.783,29.547,29.634,23.602,MEDIUM,3,13,18,1,False,None,None,True,4794.826,2020-07-19T13:59:55.026000000,True
GIO,99,Alfa Romeo Racing,34,83.71,29.667,30.161,23.882,MEDIUM,3,14,18,1,False,None,None,True,4877.609,2020-07-19T14:01:17.809000000,True
GIO,99,Alfa Romeo Racing,35,83.467,29.702,30.043,23.722,MEDIUM,3,15,18,1,False,None,None,True,4961.319,2020-07-19T14:02:41.519000000,True
GIO,99,Alfa Romeo Racing,36,83.118,29.604,29.601,23.913,MEDIUM,3,16,18,1,False,None,None,True,5044.786,2020-07-19T14:04:04.986000000,True
GIO,99,Alfa Romeo Racing,37,83.999,29.879,30.394,23.726,MEDIUM,3,17,18,1,False,None,None,True,5127.904,2020-07-19T14:05:28.104000000,True
GIO,99,Alfa Romeo Racing,38,82.94,29.669,29.666,23.605,MEDIUM,3,18,18,1,False,None,None,True,5211.903,2020-07-19T14:06:52.103000000,True
GIO,99,Alfa Romeo Racing,39,82.807,29.48,29.72,23.607,MEDIUM,3,19,18,1,False,None,None,True,5294.843,2020-07-19T14:08:15.043000000,True
GIO,99,Alfa Romeo Racing,40,85.712,29.593,29.678,26.441,MEDIUM,3,20,18,1,False,None,5461.733,True,5377.65,2020-07-19T14:09:37.850000000,False
GIO,99,Alfa Romeo Racing,41,101.758,48.933,30.02,22.805,HARD,4,1,18,12,False,5483.597,None,True,5463.362,2020-07-19T14:11:03.562000000,False
GIO,99,Alfa Romeo Racing,42,80.722,29.06,28.783,22.879,HARD,4,2,18,1,True,None,None,True,5565.12,2020-07-19T14:12:45.320000000,True
GIO,99,Alfa Romeo Racing,43,80.262,29.151,28.38,22.731,HARD,4,3,18,1,True,None,None,True,5645.842,2020-07-19T14:14:06.042000000,True
GIO,99,Alfa Romeo Racing,44,80.096,29.02,28.308,22.768,HARD,4,4,18,1,True,None,None,True,5726.104,2020-07-19T14:15:26.304000000,True
GIO,99,Alfa Romeo Racing,45,80.235,29.003,28.472,22.76,HARD,4,5,18,1,False,None,None,True,5806.2,2020-07-19T14:16:46.400000000,True
GIO,99,Alfa Romeo Racing,46,80.424,29.088,28.5,22.836,HARD,4,6,18,1,False,None,None,True,5886.435,2020-07-19T14:18:06.635000000,True
GIO,99,Alfa Romeo Racing,47,80.536,29.139,28.53,22.867,HARD,4,7,18,1,False,None,None,True,5966.859,2020-07-19T14:19:27.059000000,True
GIO,99,Alfa Romeo Racing,48,80.563,29.101,28.531,22.931,HARD,4,8,18,1,False,None,None,True,6047.395,2020-07-19T14:20:47.595000000,True
GIO,99,Alfa Romeo Racing,49,80.483,29.087,28.535,22.861,HARD,4,9,18,1,False,None,None,True,6127.958,2020-07-19T14:22:08.158000000,True
GIO,99,Alfa Romeo Racing,50,80.629,29.097,28.613,22.919,HARD,4,10,18,1,False,None,None,True,6208.441,2020-07-19T14:23:28.641000000,True
GIO,99,Alfa Romeo Racing,51,80.771,29.372,28.517,22.882,HARD,4,11,17,1,False,None,None,True,6289.07,2020-07-19T14:24:49.270000000,True
GIO,99,Alfa Romeo Racing,52,80.605,29.142,28.473,22.99,HARD,4,12,17,1,False,None,None,True,6369.841,2020-07-19T14:26:10.041000000,True
GIO,99,Alfa Romeo Racing,53,80.549,29.11,28.485,22.954,HARD,4,13,17,1,False,None,None,True,6450.446,2020-07-19T14:27:30.646000000,True
GIO,99,Alfa Romeo Racing,54,80.66,29.106,28.665,22.889,HARD,4,14,17,1,False,None,None,True,6530.995,2020-07-19T14:28:51.195000000,True
GIO,99,Alfa Romeo Racing,55,81.407,29.146,29.011,23.25,HARD,4,15,17,1,False,None,None,True,6611.655,2020-07-19T14:30:11.855000000,True
GIO,99,Alfa Romeo Racing,56,82.225,28.788,28.6,24.837,HARD,4,16,17,1,False,None,None,True,6693.062,2020-07-19T14:31:33.262000000,True
GIO,99,Alfa Romeo Racing,57,80.944,29.288,28.644,23.012,HARD,4,17,17,1,False,None,None,True,6775.287,2020-07-19T14:32:55.487000000,True
GIO,99,Alfa Romeo Racing,58,80.463,29.11,28.506,22.847,HARD,4,18,17,1,False,None,None,True,6856.231,2020-07-19T14:34:16.431000000,True
GIO,99,Alfa Romeo Racing,59,80.314,28.992,28.492,22.83,HARD,4,19,17,1,False,None,None,True,6936.694,2020-07-19T14:35:36.894000000,True
GIO,99,Alfa Romeo Racing,60,83.121,30.967,29.209,22.945,HARD,4,20,17,1,False,None,None,True,7017.008,2020-07-19T14:36:57.208000000,True
GIO,99,Alfa Romeo Racing,61,80.738,29.132,28.615,22.991,HARD,4,21,17,1,False,None,None,True,7100.129,2020-07-19T14:38:20.329000000,True
GIO,99,Alfa Romeo Racing,62,80.53,29.056,28.54,22.934,HARD,4,22,17,1,False,None,None,True,7180.867,2020-07-19T14:39:41.067000000,True
GIO,99,Alfa Romeo Racing,63,80.472,29.116,28.459,22.897,HARD,4,23,17,1,False,None,None,True,7261.397,2020-07-19T14:41:01.597000000,True
GIO,99,Alfa Romeo Racing,64,80.255,29.115,28.392,22.748,HARD,4,24,17,1,False,None,None,True,7341.869,2020-07-19T14:42:22.069000000,True
GIO,99,Alfa Romeo Racing,65,80.523,29.188,28.505,22.83,HARD,4,25,17,1,False,None,None,True,7422.124,2020-07-19T14:43:42.324000000,True
GIO,99,Alfa Romeo Racing,66,80.411,29.089,28.484,22.838,HARD,4,26,17,1,False,None,None,True,7502.647,2020-07-19T14:45:02.847000000,True
GIO,99,Alfa Romeo Racing,67,80.425,29.12,28.55,22.755,HARD,4,27,17,1,False,None,None,True,7583.058,2020-07-19T14:46:23.258000000,True
GIO,99,Alfa Romeo Racing,68,80.238,29.106,28.392,22.74,HARD,4,28,17,1,False,None,None,True,7663.483,2020-07-19T14:47:43.683000000,True
GIO,99,Alfa Romeo Racing,69,80.616,29.179,28.522,22.915,HARD,4,29,17,1,False,None,None,True,7743.721,2020-07-19T14:49:03.921000000,True
GRO,8,Haas F1 Team,1,119.075,None,37.988,28.053,MEDIUM,1,1,20,1,False,1991.938,None,True,1977.486,2020-07-19T13:12:57.686000000,False
GRO,8,Haas F1 Team,2,99.906,38.015,35.652,26.239,MEDIUM,1,2,19,1,True,None,None,True,2096.703,2020-07-19T13:14:56.903000000,True
GRO,8,Haas F1 Team,3,92.94,34.853,32.957,25.13,MEDIUM,1,3,17,1,True,None,None,True,2196.609,2020-07-19T13:16:36.809000000,True
GRO,8,Haas F1 Team,4,95.575,34.483,35.177,25.915,MEDIUM,1,4,8,12,False,None,None,True,2289.549,2020-07-19T13:18:09.749000000,True
GRO,8,Haas F1 Team,5,88.196,32.524,31.305,24.367,MEDIUM,1,5,4,21,True,None,None,True,2385.124,2020-07-19T13:19:45.324000000,True
GRO,8,Haas F1 Team,6,86.093,31.535,30.785,23.773,MEDIUM,1,6,4,1,True,None,None,True,2473.32,2020-07-19T13:21:13.520000000,True
GRO,8,Haas F1 Team,7,85.923,31.658,30.508,23.757,MEDIUM,1,7,5,1,True,None,None,True,2559.413,2020-07-19T13:22:39.613000000,True
GRO,8,Haas F1 Team,8,84.361,30.526,30.159,23.676,MEDIUM,1,8,5,1,True,None,None,True,2645.336,2020-07-19T13:24:05.536000000,True
GRO,8,Haas F1 Team,9,84.208,30.489,30.077,23.642,MEDIUM,1,9,5,1,True,None,None,True,2729.697,2020-07-19T13:25:29.897000000,True
GRO,8,Haas F1 Team,10,83.756,30.292,29.742,23.722,MEDIUM,1,10,5,1,True,None,None,True,2813.905,2020-07-19T13:26:54.105000000,True
GRO,8,Haas F1 Team,11,83.811,29.935,29.966,23.91,MEDIUM,1,11,5,1,False,None,None,True,2897.661,2020-07-19T13:28:17.861000000,True
GRO,8,Haas F1 Team,12,85.51,31.26,30.383,23.867,MEDIUM,1,12,6,1,False,None,None,True,2981.472,2020-07-19T13:29:41.672000000,True
GRO,8,Haas F1 Team,13,83.928,30.281,29.924,23.723,MEDIUM,1,13,6,1,False,None,None,True,3066.982,2020-07-19T13:31:07.182000000,True
GRO,8,Haas F1 Team,14,83.8,30.116,29.945,23.739,MEDIUM,1,14,6,1,False,None,None,True,3150.91,2020-07-19T13:32:31.110000000,True
GRO,8,Haas F1 Team,15,83.61,29.931,29.834,23.845,MEDIUM,1,15,6,1,True,None,None,True,3234.71,2020-07-19T13:33:54.910000000,True
GRO,8,Haas F1 Team,16,83.395,29.767,29.795,23.833,MEDIUM,1,16,6,1,True,None,None,True,3318.32,2020-07-19T13:35:18.520000000,True
GRO,8,Haas F1 Team,17,83.492,29.709,29.919,23.864,MEDIUM,1,17,6,1,False,None,None,True,3401.715,2020-07-19T13:36:41.915000000,True
GRO,8,Haas F1 Team,18,83.584,29.766,29.858,23.96,MEDIUM,1,18,6,1,False,None,None,True,3485.207,2020-07-19T13:38:05.407000000,True
GRO,8,Haas F1 Team,19,83.494,29.886,29.743,23.865,MEDIUM,1,19,6,1,False,None,None,True,3568.791,2020-07-19T13:39:28.991000000,True
GRO,8,Haas F1 Team,20,83.27,29.752,29.734,23.784,MEDIUM,1,20,6,1,True,None,None,True,3652.285,2020-07-19T13:40:52.485000000,True
GRO,8,Haas F1 Team,21,83.592,29.656,30.068,23.868,MEDIUM,1,21,6,1,False,None,None,True,3735.555,2020-07-19T13:42:15.755000000,True
GRO,8,Haas F1 Team,22,83.581,29.716,29.757,24.108,MEDIUM,1,22,6,1,False,None,None,True,3819.147,2020-07-19T13:43:39.347000000,True
GRO,8,Haas F1 Team,23,83.446,29.796,29.743,23.907,MEDIUM,1,23,6,1,False,None,None,True,3902.728,2020-07-19T13:45:02.928000000,True
GRO,8,Haas F1 Team,24,83.7,29.789,29.958,23.953,MEDIUM,1,24,6,1,False,None,None,True,3986.174,2020-07-19T13:46:26.374000000,True
GRO,8,Haas F1 Team,25,83.342,29.619,29.753,23.97,MEDIUM,1,25,6,1,False,None,None,True,4069.874,2020-07-19T13:47:50.074000000,True
GRO,8,Haas F1 Team,26,83.486,29.665,29.925,23.896,MEDIUM,1,26,6,1,False,None,None,True,4153.216,2020-07-19T13:49:13.416000000,True
GRO,8,Haas F1 Team,27,83.733,29.618,30.114,24.001,MEDIUM,1,27,6,1,False,None,None,True,4236.702,2020-07-19T13:50:36.902000000,True
GRO,8,Haas F1 Team,28,83.829,29.664,30.148,24.017,MEDIUM,1,28,6,1,False,None,None,True,4320.435,2020-07-19T13:52:00.635000000,True
GRO,8,Haas F1 Team,29,85.805,30.735,30.929,24.141,MEDIUM,1,29,7,1,False,None,None,True,4404.264,2020-07-19T13:53:24.464000000,True
GRO,8,Haas F1 Team,30,84.377,29.94,30.357,24.08,MEDIUM,1,30,7,1,False,None,None,True,4490.069,2020-07-19T13:54:50.269000000,True
GRO,8,Haas F1 Team,31,85.15,30.372,30.817,23.961,MEDIUM,1,31,8,1,False,None,None,True,4574.446,2020-07-19T13:56:14.646000000,True
GRO,8,Haas F1 Team,32,84.025,29.83,30.2,23.995,MEDIUM,1,32,8,1,False,None,None,True,4659.596,2020-07-19T13:57:39.796000000,True
GRO,8,Haas F1 Team,33,86.1,30.8,31.206,24.094,MEDIUM,1,33,9,1,False,None,None,True,4743.621,2020-07-19T13:59:03.821000000,True
GRO,8,Haas F1 Team,34,91.657,30.831,32.029,28.797,MEDIUM,1,34,11,1,False,None,4919.781,True,4829.721,2020-07-19T14:00:29.921000000,False
GRO,8,Haas F1 Team,35,103.606,49.663,30.517,23.426,HARD,2,None,14,1,False,4942.375,None,False,4921.378,2020-07-19T14:02:01.578000000,False
GRO,8,Haas F1 Team,36,81.536,29.371,29.199,22.966,HARD,2,None,13,1,True,None,None,False,5024.984,2020-07-19T14:03:45.184000000,True
GRO,8,Haas F1 Team,37,81.37,29.172,29.179,23.019,HARD,2,None,13,1,True,None,None,False,5106.52,2020-07-19T14:05:06.720000000,True
GRO,8,Haas F1 Team,38,80.965,29.124,28.827,23.014,HARD,2,None,13,1,True,None,None,False,5187.89,2020-07-19T14:06:28.090000000,True
GRO,8,Haas F1 Team,39,80.946,29.09,28.836,23.02,HARD,2,None,13,1,True,None,None,False,5268.855,2020-07-19T14:07:49.055000000,True
GRO,8,Haas F1 Team,40,81.182,29.14,28.901,23.141,HARD,2,None,13,1,False,None,None,False,5349.801,2020-07-19T14:09:10.001000000,True
GRO,8,Haas F1 Team,41,82.391,29.36,29.778,23.253,HARD,2,None,13,12,False,None,None,False,5430.983,2020-07-19T14:10:31.183000000,True
GRO,8,Haas F1 Team,42,81.687,29.356,29.105,23.226,HARD,2,None,13,21,False,None,None,False,5513.374,2020-07-19T14:11:53.574000000,True
GRO,8,Haas F1 Team,43,82.026,29.411,29.469,23.146,HARD,2,None,13,1,False,None,None,False,5595.061,2020-07-19T14:13:15.261000000,True
GRO,8,Haas F1 Team,44,81.403,29.222,28.998,23.183,HARD,2,None,13,1,False,None,None,False,5677.087,2020-07-19T14:14:37.287000000,True
GRO,8,Haas F1 Team,45,81.458,29.181,29.012,23.265,HARD,2,None,13,1,False,None,None,False,5758.49,2020-07-19T14:15:58.690000000,True
GRO,8,Haas F1 Team,46,82.114,29.177,29.006,23.931,HARD,2,None,13,1,False,None,None,False,5839.948,2020-07-19T14:17:20.148000000,True
GRO,8,Haas F1 Team,47,86.179,30.068,31.603,24.508,HARD,2,None,14,1,False,None,None,False,5922.062,2020-07-19T14:18:42.262000000,True
GRO,8,Haas F1 Team,48,84.27,30.03,30.208,24.032,HARD,2,None,15,1,False,None,None,False,6008.241,2020-07-19T14:20:08.441000000,True
GRO,8,Haas F1 Team,49,82.188,29.448,29.538,23.202,HARD,2,None,15,1,False,None,None,False,6092.511,2020-07-19T14:21:32.711000000,True
GRO,8,Haas F1 Team,50,81.578,29.355,29.183,23.04,HARD,2,None,15,1,False,None,None,False,6174.699,2020-07-19T14:22:54.899000000,True
GRO,8,Haas F1 Team,51,81.563,29.403,29.136,23.024,HARD,2,None,15,1,False,None,None,False,6256.277,2020-07-19T14:24:16.477000000,True
GRO,8,Haas F1 Team,52,81.528,29.324,29.052,23.152,HARD,2,None,15,1,False,None,None,False,6337.84,2020-07-19T14:25:38.040000000,True
GRO,8,Haas F1 Team,53,83.492,30.353,30.01,23.129,HARD,2,None,15,1,False,None,None,False,6419.368,2020-07-19T14:26:59.568000000,True
GRO,8,Haas F1 Team,54,81.443,29.275,29.021,23.147,HARD,2,None,15,1,False,None,None,False,6502.86,2020-07-19T14:28:23.060000000,True
GRO,8,Haas F1 Team,55,81.291,29.347,28.947,22.997,HARD,2,None,15,1,False,None,None,False,6584.303,2020-07-19T14:29:44.503000000,True
GRO,8,Haas F1 Team,56,81.027,29.218,28.838,22.971,HARD,2,None,15,1,False,None,None,False,6665.594,2020-07-19T14:31:05.794000000,True
GRO,8,Haas F1 Team,57,80.933,29.272,28.645,23.016,HARD,2,None,15,1,True,None,None,False,6746.621,2020-07-19T14:32:26.821000000,True
GRO,8,Haas F1 Team,58,81.459,29.391,28.945,23.123,HARD,2,None,15,1,False,None,None,False,6827.554,2020-07-19T14:33:47.754000000,True
GRO,8,Haas F1 Team,59,81.061,29.303,28.783,22.975,HARD,2,None,15,1,False,None,None,False,6909.013,2020-07-19T14:35:09.213000000,True
GRO,8,Haas F1 Team,60,81.135,29.291,28.721,23.123,HARD,2,None,15,1,False,None,None,False,6990.074,2020-07-19T14:36:30.274000000,True
GRO,8,Haas F1 Team,61,80.232,29.256,28.729,23.299,HARD,2,None,15,1,False,None,None,False,7071.209,2020-07-19T14:37:51.409000000,True
GRO,8,Haas F1 Team,62,81.195,29.36,28.841,22.994,HARD,2,None,15,1,False,None,None,False,7152.493,2020-07-19T14:39:12.693000000,True
GRO,8,Haas F1 Team,63,80.984,29.349,28.508,23.127,HARD,2,None,15,1,False,None,None,False,7233.688,2020-07-19T14:40:33.888000000,True
GRO,8,Haas F1 Team,64,81.102,29.241,28.82,23.041,HARD,2,None,15,1,False,None,None,False,7314.672,2020-07-19T14:41:54.872000000,True
GRO,8,Haas F1 Team,65,81.039,29.17,28.771,23.098,HARD,2,None,15,1,False,None,None,False,7395.774,2020-07-19T14:43:15.974000000,True
GRO,8,Haas F1 Team,66,81.893,29.333,29.323,23.237,HARD,2,None,15,1,False,None,None,False,7476.813,2020-07-19T14:44:37.013000000,True
GRO,8,Haas F1 Team,67,80.889,29.063,28.849,22.977,HARD,2,None,15,1,True,None,None,False,7558.706,2020-07-19T14:45:58.906000000,True
GRO,8,Haas F1 Team,68,81.35,29.151,29.028,23.171,HARD,2,None,15,1,False,None,None,False,7639.595,2020-07-19T14:47:19.795000000,True
GRO,8,Haas F1 Team,69,81.58,29.508,28.84,23.232,HARD,2,None,15,1,False,None,None,False,7720.945,2020-07-19T14:48:41.145000000,True
HAM,44,Mercedes,1,95.67,None,32.671,26.1,INTERMEDIATE,1,1,1,1,False,None,None,True,1977.486,2020-07-19T13:12:57.686000000,False
HAM,44,Mercedes,2,91.458,32.414,32.885,26.159,INTERMEDIATE,1,2,1,1,True,None,None,True,2073.298,2020-07-19T13:14:33.498000000,True
HAM,44,Mercedes,3,94.916,32.579,32.694,29.643,INTERMEDIATE,1,3,1,1,False,None,2258.044,True,2164.756,2020-07-19T13:16:04.956000000,False
HAM,44,Mercedes,4,113.821,55.604,32.267,25.95,MEDIUM,2,1,3,12,False,2283.24,None,True,2259.672,2020-07-19T13:17:39.872000000,False
HAM,44,Mercedes,5,85.898,32.078,30.551,23.269,MEDIUM,2,2,1,12,True,None,None,True,2373.493,2020-07-19T13:19:33.693000000,True
HAM,44,Mercedes,6,83.991,30.868,29.899,23.224,MEDIUM,2,3,1,1,True,None,None,True,2459.391,2020-07-19T13:20:59.591000000,True
HAM,44,Mercedes,7,83.327,30.844,29.482,23.001,MEDIUM,2,4,1,1,True,None,None,True,2543.382,2020-07-19T13:22:23.582000000,True
HAM,44,Mercedes,8,82.17,30.058,29.108,23.004,MEDIUM,2,5,1,1,True,None,None,True,2626.709,2020-07-19T13:23:46.909000000,True
HAM,44,Mercedes,9,82.13,29.887,29.35,22.893,MEDIUM,2,6,1,1,True,None,None,True,2708.879,2020-07-19T13:25:09.079000000,True
HAM,44,Mercedes,10,81.522,29.624,28.925,22.973,MEDIUM,2,7,1,1,True,None,None,True,2791.009,2020-07-19T13:26:31.209000000,True
HAM,44,Mercedes,11,82.127,29.738,29.268,23.121,MEDIUM,2,8,1,1,False,None,None,True,2872.531,2020-07-19T13:27:52.731000000,True
HAM,44,Mercedes,12,81.886,29.578,29.269,23.039,MEDIUM,2,9,1,1,False,None,None,True,2954.658,2020-07-19T13:29:14.858000000,True
HAM,44,Mercedes,13,81.873,29.477,29.238,23.158,MEDIUM,2,10,1,1,False,None,None,True,3036.544,2020-07-19T13:30:36.744000000,True
HAM,44,Mercedes,14,81.72,29.643,28.979,23.098,MEDIUM,2,11,1,1,False,None,None,True,3118.417,2020-07-19T13:31:58.617000000,True
HAM,44,Mercedes,15,81.62,29.5,29.02,23.1,MEDIUM,2,12,1,1,False,None,None,True,3200.137,2020-07-19T13:33:20.337000000,True
HAM,44,Mercedes,16,81.436,29.417,28.918,23.101,MEDIUM,2,13,1,1,True,None,None,True,3281.757,2020-07-19T13:34:41.957000000,True
HAM,44,Mercedes,17,81.855,29.502,29.278,23.075,MEDIUM,2,14,1,1,False,None,None,True,3363.193,2020-07-19T13:36:03.393000000,True
HAM,44,Mercedes,18,81.363,29.377,28.742,23.244,MEDIUM,2,15,1,1,True,None,None,True,3445.048,2020-07-19T13:37:25.248000000,True
HAM,44,Mercedes,19,82.397,29.46,29.353,23.584,MEDIUM,2,16,1,1,False,None,None,True,3526.411,2020-07-19T13:38:46.611000000,True
HAM,44,Mercedes,20,81.887,29.327,29.271,23.289,MEDIUM,2,17,1,1,False,None,None,True,3608.808,2020-07-19T13:40:09.008000000,True
HAM,44,Mercedes,21,81.807,29.332,29.068,23.407,MEDIUM,2,18,1,1,False,None,None,True,3690.695,2020-07-19T13:41:30.895000000,True
HAM,44,Mercedes,22,81.727,29.671,28.954,23.102,MEDIUM,2,19,1,1,False,None,None,True,3772.502,2020-07-19T13:42:52.702000000,True
HAM,44,Mercedes,23,81.687,29.528,28.912,23.247,MEDIUM,2,20,1,1,False,None,None,True,3854.229,2020-07-19T13:44:14.429000000,True
HAM,44,Mercedes,24,81.341,29.388,28.796,23.157,MEDIUM,2,21,1,1,True,None,None,True,3935.916,2020-07-19T13:45:36.116000000,True
HAM,44,Mercedes,25,81.95,29.338,29.062,23.55,MEDIUM,2,22,1,1,False,None,None,True,4017.257,2020-07-19T13:46:57.457000000,True
HAM,44,Mercedes,26,81.39,29.27,28.937,23.183,MEDIUM,2,23,1,1,False,None,None,True,4099.207,2020-07-19T13:48:19.407000000,True
HAM,44,Mercedes,27,81.741,29.414,29.259,23.068,MEDIUM,2,24,1,1,False,None,None,True,4180.597,2020-07-19T13:49:40.797000000,True
HAM,44,Mercedes,28,81.532,29.336,28.976,23.22,MEDIUM,2,25,1,1,False,None,None,True,4262.338,2020-07-19T13:51:02.538000000,True
HAM,44,Mercedes,29,81.265,29.347,28.874,23.044,MEDIUM,2,26,1,1,True,None,None,True,4343.87,2020-07-19T13:52:24.070000000,True
HAM,44,Mercedes,30,81.198,29.373,28.826,22.999,MEDIUM,2,27,1,1,True,None,None,True,4425.135,2020-07-19T13:53:45.335000000,True
HAM,44,Mercedes,31,81.315,29.292,28.992,23.031,MEDIUM,2,28,1,1,False,None,None,True,4506.333,2020-07-19T13:55:06.533000000,True
HAM,44,Mercedes,32,81.508,29.359,29.074,23.075,MEDIUM,2,29,1,1,False,None,None,True,4587.648,2020-07-19T13:56:27.848000000,True
HAM,44,Mercedes,33,81.553,29.278,29.03,23.245,MEDIUM,2,30,1,1,False,None,None,True,4669.156,2020-07-19T13:57:49.356000000,True
HAM,44,Mercedes,34,81.693,29.408,29.058,23.227,MEDIUM,2,31,1,1,False,None,None,True,4750.709,2020-07-19T13:59:10.909000000,True
HAM,44,Mercedes,35,83.684,29.812,30.548,23.324,MEDIUM,2,32,1,1,False,None,None,True,4832.402,2020-07-19T14:00:32.602000000,True
HAM,44,Mercedes,36,81.455,29.247,29.126,23.082,MEDIUM,2,33,1,1,False,None,None,True,4916.086,2020-07-19T14:01:56.286000000,True
HAM,44,Mercedes,37,83.974,29.261,28.96,25.753,MEDIUM,2,34,1,1,False,None,5079.882,True,4997.541,2020-07-19T14:03:17.741000000,False
HAM,44,Mercedes,38,100.605,48.28,29.53,22.795,MEDIUM,3,4,1,1,False,5102.103,None,False,5081.515,2020-07-19T14:04:41.715000000,False
HAM,44,Mercedes,39,80.301,28.95,28.776,22.575,MEDIUM,3,5,1,1,True,None,None,False,5182.12,2020-07-19T14:06:22.320000000,True
HAM,44,Mercedes,40,80.092,28.846,28.629,22.617,MEDIUM,3,6,1,1,True,None,None,False,5262.421,2020-07-19T14:07:42.621000000,True
HAM,44,Mercedes,41,79.846,28.725,28.553,22.568,MEDIUM,3,7,1,1,True,None,None,False,5342.513,2020-07-19T14:09:02.713000000,True
HAM,44,Mercedes,42,79.862,28.787,28.581,22.494,MEDIUM,3,8,1,1,False,None,None,False,5422.359,2020-07-19T14:10:22.559000000,True
HAM,44,Mercedes,43,80.36,28.817,28.659,22.884,MEDIUM,3,9,1,12,False,None,None,False,5502.221,2020-07-19T14:11:42.421000000,True
HAM,44,Mercedes,44,79.963,28.852,28.494,22.617,MEDIUM,3,10,1,1,False,None,None,False,5582.581,2020-07-19T14:13:02.781000000,True
HAM,44,Mercedes,45,79.824,28.791,28.422,22.611,MEDIUM,3,11,1,1,True,None,None,False,5662.544,2020-07-19T14:14:22.744000000,True
HAM,44,Mercedes,46,79.737,28.834,28.327,22.576,MEDIUM,3,12,1,1,True,None,None,False,5742.368,2020-07-19T14:15:42.568000000,True
HAM,44,Mercedes,47,79.87,28.842,28.492,22.536,MEDIUM,3,13,1,1,False,None,None,False,5822.105,2020-07-19T14:17:02.305000000,True
HAM,44,Mercedes,48,79.715,28.923,28.28,22.512,MEDIUM,3,14,1,1,True,None,None,False,5901.975,2020-07-19T14:18:22.175000000,True
HAM,44,Mercedes,49,79.849,28.937,28.353,22.559,MEDIUM,3,15,1,1,False,None,None,False,5981.69,2020-07-19T14:19:41.890000000,True
HAM,44,Mercedes,50,80.25,28.923,28.615,22.712,MEDIUM,3,16,1,1,False,None,None,False,6061.539,2020-07-19T14:21:01.739000000,True
HAM,44,Mercedes,51,80.155,28.857,28.594,22.704,MEDIUM,3,17,1,1,False,None,None,False,6141.789,2020-07-19T14:22:21.989000000,True
HAM,44,Mercedes,52,80.125,29.032,28.474,22.619,MEDIUM,3,18,1,1,False,None,None,False,6221.944,2020-07-19T14:23:42.144000000,True
HAM,44,Mercedes,53,79.573,28.65,28.382,22.541,MEDIUM,3,19,1,1,True,None,None,False,6302.069,2020-07-19T14:25:02.269000000,True
HAM,44,Mercedes,54,80.306,28.795,28.821,22.69,MEDIUM,3,20,1,1,False,None,None,False,6381.642,2020-07-19T14:26:21.842000000,True
HAM,44,Mercedes,55,79.267,28.645,28.139,22.483,MEDIUM,3,21,1,1,True,None,None,False,6461.948,2020-07-19T14:27:42.148000000,True
HAM,44,Mercedes,56,80.196,28.782,28.403,23.011,MEDIUM,3,22,1,1,False,None,None,False,6541.215,2020-07-19T14:29:01.415000000,True
HAM,44,Mercedes,57,79.599,28.522,28.431,22.646,MEDIUM,3,23,1,1,False,None,None,False,6621.411,2020-07-19T14:30:21.611000000,True
HAM,44,Mercedes,58,79.269,28.8,28.061,22.408,MEDIUM,3,24,1,1,False,None,None,False,6701.01,2020-07-19T14:31:41.210000000,True
HAM,44,Mercedes,59,79.182,28.796,27.928,22.458,MEDIUM,3,25,1,1,True,None,None,False,6780.279,2020-07-19T14:33:00.479000000,True
HAM,44,Mercedes,60,79.903,28.866,28.337,22.7,MEDIUM,3,26,1,1,False,None,None,False,6859.461,2020-07-19T14:34:19.661000000,True
HAM,44,Mercedes,61,78.916,28.721,27.805,22.39,MEDIUM,3,27,1,1,True,None,None,False,6939.364,2020-07-19T14:35:39.564000000,True
HAM,44,Mercedes,62,79.432,29.172,27.925,22.335,MEDIUM,3,28,1,1,False,None,None,False,7018.28,2020-07-19T14:36:58.480000000,True
HAM,44,Mercedes,63,78.71,28.651,27.711,22.348,MEDIUM,3,29,1,1,True,None,None,False,7097.712,2020-07-19T14:38:17.912000000,True
HAM,44,Mercedes,64,78.723,28.748,27.759,22.216,MEDIUM,3,30,1,1,False,None,None,False,7176.422,2020-07-19T14:39:36.622000000,True
HAM,44,Mercedes,65,78.611,28.696,27.506,22.409,MEDIUM,3,31,1,1,True,None,None,False,7255.145,2020-07-19T14:40:55.345000000,True
HAM,44,Mercedes,66,81.759,28.845,28.014,24.9,MEDIUM,3,32,1,1,False,None,7413.899,False,7333.756,2020-07-19T14:42:13.956000000,False
HAM,44,Mercedes,67,99.908,47.892,28.329,23.687,SOFT,4,4,1,1,False,7436.305,None,False,7415.515,2020-07-19T14:43:35.715000000,False
HAM,44,Mercedes,68,77.497,27.941,27.159,22.397,SOFT,4,5,1,1,True,None,None,False,7515.423,2020-07-19T14:45:15.623000000,True
HAM,44,Mercedes,69,80.554,28.669,28.542,23.343,SOFT,4,6,1,1,False,None,None,False,7592.92,2020-07-19T14:46:33.120000000,True
HAM,44,Mercedes,70,76.627,27.97,26.907,21.75,SOFT,4,7,1,1,True,None,None,False,7673.474,2020-07-19T14:47:53.674000000,True
KVY,26,AlphaTauri,1,111.084,None,37.939,30.7,INTERMEDIATE,1,1,17,1,False,None,2087.502,True,1977.486,2020-07-19T13:12:57.686000000,False
KVY,26,AlphaTauri,2,119.691,57.053,36.546,26.092,SOFT,2,1,20,1,False,2110.677,None,True,2088.712,2020-07-19T13:14:48.912000000,False
KVY,26,AlphaTauri,3,94.569,35.476,34.027,25.066,SOFT,2,2,20,1,True,None,None,True,2208.403,2020-07-19T13:16:48.603000000,True
KVY,26,AlphaTauri,4,91.821,34.764,32.403,24.654,SOFT,2,3,17,12,True,None,None,True,2302.972,2020-07-19T13:18:23.172000000,True
KVY,26,AlphaTauri,5,90.812,32.524,32.962,25.326,SOFT,2,4,13,1,True,None,None,True,2394.793,2020-07-19T13:19:54.993000000,True
KVY,26,AlphaTauri,6,87.907,32.382,31.295,24.23,SOFT,2,5,13,1,True,None,None,True,2485.605,2020-07-19T13:21:25.805000000,True
KVY,26,AlphaTauri,7,85.54,30.942,30.893,23.705,SOFT,2,6,13,1,True,None,None,True,2573.512,2020-07-19T13:22:53.712000000,True
KVY,26,AlphaTauri,8,84.855,30.477,30.269,24.109,SOFT,2,7,13,1,True,None,None,True,2659.052,2020-07-19T13:24:19.252000000,True
KVY,26,AlphaTauri,9,84.401,30.418,30.278,23.705,SOFT,2,8,13,1,True,None,None,True,2743.907,2020-07-19T13:25:44.107000000,True
KVY,26,AlphaTauri,10,83.781,30.027,29.998,23.756,SOFT,2,9,13,1,True,None,None,True,2828.308,2020-07-19T13:27:08.508000000,True
KVY,26,AlphaTauri,11,83.836,29.956,29.875,24.005,SOFT,2,10,13,1,False,None,None,True,2912.089,2020-07-19T13:28:32.289000000,True
KVY,26,AlphaTauri,12,84.528,30.121,30.329,24.078,SOFT,2,11,13,1,False,None,None,True,2995.925,2020-07-19T13:29:56.125000000,True
KVY,26,AlphaTauri,13,84.912,30.235,30.436,24.241,SOFT,2,12,13,1,False,None,None,True,3080.453,2020-07-19T13:31:20.653000000,True
KVY,26,AlphaTauri,14,85.042,30.101,30.649,24.292,SOFT,2,13,13,1,False,None,None,True,3165.365,2020-07-19T13:32:45.565000000,True
KVY,26,AlphaTauri,15,85.464,30.206,30.691,24.567,SOFT,2,14,13,1,False,None,None,True,3250.407,2020-07-19T13:34:10.607000000,True
KVY,26,AlphaTauri,16,85.599,30.289,30.893,24.417,SOFT,2,15,13,1,False,None,None,True,3335.871,2020-07-19T13:35:36.071000000,True
KVY,26,AlphaTauri,17,85.555,30.172,31.08,24.303,SOFT,2,16,13,1,False,None,None,True,3421.47,2020-07-19T13:37:01.670000000,True
KVY,26,AlphaTauri,18,88.636,30.624,30.899,27.113,SOFT,2,17,14,1,False,None,3594.056,True,3507.025,2020-07-19T13:38:27.225000000,False
KVY,26,AlphaTauri,19,104.066,49.928,30.393,23.745,HARD,3,1,18,1,False,3616.7,None,True,3595.661,2020-07-19T13:39:55.861000000,False
KVY,26,AlphaTauri,20,84.132,29.806,30.176,24.15,HARD,3,2,16,1,False,None,None,True,3699.727,2020-07-19T13:41:39.927000000,True
KVY,26,AlphaTauri,21,84.645,31.104,29.933,23.608,HARD,3,3,16,1,False,None,None,True,3783.859,2020-07-19T13:43:04.059000000,True
KVY,26,AlphaTauri,22,82.541,29.635,29.471,23.435,HARD,3,4,16,1,True,None,None,True,3868.504,2020-07-19T13:44:28.704000000,True
KVY,26,AlphaTauri,23,82.434,29.624,29.445,23.365,HARD,3,5,16,1,True,None,None,True,3951.045,2020-07-19T13:45:51.245000000,True
KVY,26,AlphaTauri,24,82.898,29.707,29.614,23.577,HARD,3,6,16,1,False,None,None,True,4033.479,2020-07-19T13:47:13.679000000,True
KVY,26,AlphaTauri,25,81.94,29.451,29.143,23.346,HARD,3,7,16,1,True,None,None,True,4116.377,2020-07-19T13:48:36.577000000,True
KVY,26,AlphaTauri,26,81.944,29.359,29.229,23.356,HARD,3,8,16,1,False,None,None,True,4198.317,2020-07-19T13:49:58.517000000,True
KVY,26,AlphaTauri,27,81.811,29.359,29.22,23.232,HARD,3,9,16,1,True,None,None,True,4280.261,2020-07-19T13:51:20.461000000,True
KVY,26,AlphaTauri,28,81.794,29.302,29.149,23.343,HARD,3,10,16,1,True,None,None,True,4362.072,2020-07-19T13:52:42.272000000,True
KVY,26,AlphaTauri,29,81.728,29.355,29.186,23.187,HARD,3,11,16,1,True,None,None,True,4443.866,2020-07-19T13:54:04.066000000,True
KVY,26,AlphaTauri,30,81.933,29.209,29.057,23.667,HARD,3,12,16,1,False,None,None,True,4525.594,2020-07-19T13:55:25.794000000,True
KVY,26,AlphaTauri,31,82.113,29.277,29.318,23.518,HARD,3,13,16,1,False,None,None,True,4607.527,2020-07-19T13:56:47.727000000,True
KVY,26,AlphaTauri,32,82.296,29.372,29.295,23.629,HARD,3,14,15,1,False,None,None,True,4689.64,2020-07-19T13:58:09.840000000,True
KVY,26,AlphaTauri,33,82.124,29.27,29.234,23.62,HARD,3,15,15,1,False,None,None,True,4771.936,2020-07-19T13:59:32.136000000,True
KVY,26,AlphaTauri,34,83.227,29.279,29.922,24.026,HARD,3,16,14,1,False,None,None,True,4854.06,2020-07-19T14:00:54.260000000,True
KVY,26,AlphaTauri,35,83.008,29.627,29.826,23.555,HARD,3,17,13,1,False,None,None,True,4937.287,2020-07-19T14:02:17.487000000,True
KVY,26,AlphaTauri,36,81.915,29.344,29.439,23.132,HARD,3,18,12,1,False,None,None,True,5020.295,2020-07-19T14:03:40.495000000,True
KVY,26,AlphaTauri,37,82.304,29.239,29.315,23.75,HARD,3,19,12,1,False,None,None,True,5102.21,2020-07-19T14:05:02.410000000,True
KVY,26,AlphaTauri,38,81.682,29.38,29.126,23.176,HARD,3,20,12,1,True,None,None,True,5184.514,2020-07-19T14:06:24.714000000,True
KVY,26,AlphaTauri,39,81.233,29.199,28.905,23.129,HARD,3,21,12,1,True,None,None,True,5266.196,2020-07-19T14:07:46.396000000,True
KVY,26,AlphaTauri,40,81.386,29.26,28.927,23.199,HARD,3,22,12,1,False,None,None,True,5347.429,2020-07-19T14:09:07.629000000,True
KVY,26,AlphaTauri,41,82.097,29.308,29.288,23.501,HARD,3,23,12,12,False,None,None,True,5428.815,2020-07-19T14:10:29.015000000,True
KVY,26,AlphaTauri,42,81.058,29.162,28.788,23.108,HARD,3,24,12,21,True,None,None,True,5510.912,2020-07-19T14:11:51.112000000,True
KVY,26,AlphaTauri,43,81.251,29.195,28.823,23.233,HARD,3,25,12,1,False,None,None,True,5591.97,2020-07-19T14:13:12.170000000,True
KVY,26,AlphaTauri,44,81.545,29.292,28.849,23.404,HARD,3,26,12,1,False,None,None,True,5673.221,2020-07-19T14:14:33.421000000,True
KVY,26,AlphaTauri,45,81.207,29.264,28.674,23.269,HARD,3,27,12,1,False,None,None,True,5754.766,2020-07-19T14:15:54.966000000,True
KVY,26,AlphaTauri,46,81.371,29.201,28.838,23.332,HARD,3,28,12,1,False,None,None,True,5835.973,2020-07-19T14:17:16.173000000,True
KVY,26,AlphaTauri,47,81.238,29.215,28.825,23.198,HARD,3,29,12,1,False,None,None,True,5917.344,2020-07-19T14:18:37.544000000,True
KVY,26,AlphaTauri,48,81.318,29.129,29.027,23.162,HARD,3,30,12,1,False,None,None,True,5998.582,2020-07-19T14:19:58.782000000,True
KVY,26,AlphaTauri,49,81.18,29.078,29.005,23.097,HARD,3,31,12,1,False,None,None,True,6079.9,2020-07-19T14:21:20.100000000,True
KVY,26,AlphaTauri,50,81.083,29.141,28.945,22.997,HARD,3,32,12,1,False,None,None,True,6161.08,2020-07-19T14:22:41.280000000,True
KVY,26,AlphaTauri,51,80.946,29.158,28.715,23.073,HARD,3,33,12,1,True,None,None,True,6242.163,2020-07-19T14:24:02.363000000,True
KVY,26,AlphaTauri,52,83.673,29.044,31.452,23.177,HARD,3,34,12,1,False,None,None,True,6323.109,2020-07-19T14:25:23.309000000,True
KVY,26,AlphaTauri,53,81.177,29.112,28.972,23.093,HARD,3,35,12,1,False,None,None,True,6406.782,2020-07-19T14:26:46.982000000,True
KVY,26,AlphaTauri,54,81.196,29.063,28.988,23.145,HARD,3,36,12,1,False,None,None,True,6487.959,2020-07-19T14:28:08.159000000,True
KVY,26,AlphaTauri,55,81.286,29.112,29.011,23.163,HARD,3,37,12,1,False,None,None,True,6569.155,2020-07-19T14:29:29.355000000,True
KVY,26,AlphaTauri,56,81.32,29.201,28.859,23.26,HARD,3,38,12,1,False,None,None,True,6650.441,2020-07-19T14:30:50.641000000,True
KVY,26,AlphaTauri,57,81.417,29.229,29.106,23.082,HARD,3,39,12,1,False,None,None,True,6731.761,2020-07-19T14:32:11.961000000,True
KVY,26,AlphaTauri,58,83.688,29.246,30.941,23.501,HARD,3,40,12,1,False,None,None,True,6813.178,2020-07-19T14:33:33.378000000,True
KVY,26,AlphaTauri,59,81.436,29.365,28.953,23.118,HARD,3,41,12,1,False,None,None,True,6896.866,2020-07-19T14:34:57.066000000,True
KVY,26,AlphaTauri,60,81.78,29.256,29.365,23.159,HARD,3,42,12,1,False,None,None,True,6978.302,2020-07-19T14:36:18.502000000,True
KVY,26,AlphaTauri,61,81.417,29.234,29.012,23.171,HARD,3,43,12,1,False,None,None,True,7060.082,2020-07-19T14:37:40.282000000,True
KVY,26,AlphaTauri,62,81.735,29.299,29.067,23.369,HARD,3,44,12,1,False,None,None,True,7141.499,2020-07-19T14:39:01.699000000,True
KVY,26,AlphaTauri,63,81.894,29.577,29.261,23.056,HARD,3,45,12,1,False,None,None,True,7223.234,2020-07-19T14:40:23.434000000,True
KVY,26,AlphaTauri,64,81.297,29.288,28.859,23.15,HARD,3,46,12,1,False,None,None,True,7305.128,2020-07-19T14:41:45.328000000,True
KVY,26,AlphaTauri,65,81.708,29.528,29.006,23.174,HARD,3,47,12,1,False,None,None,True,7386.425,2020-07-19T14:43:06.625000000,True
KVY,26,AlphaTauri,66,81.401,29.299,28.91,23.192,HARD,3,48,12,1,False,None,None,True,7468.133,2020-07-19T14:44:28.333000000,True
KVY,26,AlphaTauri,67,81.878,29.497,29.238,23.143,HARD,3,49,12,1,False,None,None,True,7549.534,2020-07-19T14:45:49.734000000,True
KVY,26,AlphaTauri,68,81.6,29.407,29.07,23.123,HARD,3,50,12,1,False,None,None,True,7631.412,2020-07-19T14:47:11.612000000,True
KVY,26,AlphaTauri,69,82.438,29.828,29.27,23.34,HARD,3,51,12,1,False,None,None,True,7713.012,2020-07-19T14:48:33.212000000,True
LAT,6,Williams,1,107.053,None,37.702,27.891,INTERMEDIATE,1,1,10,1,False,None,None,True,1977.486,2020-07-19T13:12:57.686000000,False
LAT,6,Williams,2,96.089,33.612,35.407,27.07,INTERMEDIATE,1,2,10,1,True,None,None,True,2084.681,2020-07-19T13:14:44.881000000,True
LAT,6,Williams,3,101.883,33.864,37.185,30.834,INTERMEDIATE,1,3,11,1,False,None,2281.048,True,2180.77,2020-07-19T13:16:20.970000000,False
LAT,6,Williams,4,204.294,77.511,68.306,58.477,SOFT,2,1,20,12,False,2302.635,2485.084,True,2282.653,2020-07-19T13:18:02.853000000,False
LAT,6,Williams,5,124.508,66.861,33.241,24.406,MEDIUM,3,1,20,1,False,2521.422,None,True,2486.911,2020-07-19T13:21:27.111000000,False
LAT,6,Williams,6,87.23,31.913,31.453,23.864,MEDIUM,3,2,20,1,True,None,None,True,2611.419,2020-07-19T13:23:31.619000000,True
LAT,6,Williams,7,85.128,31.074,30.417,23.637,MEDIUM,3,3,20,1,True,None,None,True,2698.649,2020-07-19T13:24:58.849000000,True
LAT,6,Williams,8,84.597,30.816,30.161,23.62,MEDIUM,3,4,20,1,True,None,None,True,2783.777,2020-07-19T13:26:23.977000000,True
LAT,6,Williams,9,84.434,30.312,30.323,23.799,MEDIUM,3,5,20,1,True,None,None,True,2868.374,2020-07-19T13:27:48.574000000,True
LAT,6,Williams,10,87.168,31.714,31.121,24.333,MEDIUM,3,6,20,1,False,None,None,True,2952.808,2020-07-19T13:29:13.008000000,True
LAT,6,Williams,11,84.402,30.347,30.21,23.845,MEDIUM,3,7,20,1,True,None,None,True,3039.976,2020-07-19T13:30:40.176000000,True
LAT,6,Williams,12,84.8,30.431,30.403,23.966,MEDIUM,3,8,20,1,False,None,None,True,3124.378,2020-07-19T13:32:04.578000000,True
LAT,6,Williams,13,87.128,31.286,31.701,24.141,MEDIUM,3,9,20,1,False,None,None,True,3209.178,2020-07-19T13:33:29.378000000,True
LAT,6,Williams,14,85.592,30.614,30.547,24.431,MEDIUM,3,10,20,1,False,None,None,True,3296.306,2020-07-19T13:34:56.506000000,True
LAT,6,Williams,15,85.294,30.431,30.598,24.265,MEDIUM,3,11,20,1,False,None,None,True,3381.898,2020-07-19T13:36:22.098000000,True
LAT,6,Williams,16,84.979,30.469,30.538,23.972,MEDIUM,3,12,19,1,False,None,None,True,3467.192,2020-07-19T13:37:47.392000000,True
LAT,6,Williams,17,89.404,30.394,34.686,24.324,MEDIUM,3,13,19,1,False,None,None,True,3552.171,2020-07-19T13:39:12.371000000,True
LAT,6,Williams,18,84.509,30.141,30.449,23.919,MEDIUM,3,14,19,1,False,None,None,True,3641.575,2020-07-19T13:40:41.775000000,True
LAT,6,Williams,19,84.131,30.197,30.203,23.731,MEDIUM,3,15,19,1,True,None,None,True,3726.084,2020-07-19T13:42:06.284000000,True
LAT,6,Williams,20,84.378,30.072,30.393,23.913,MEDIUM,3,16,19,1,False,None,None,True,3810.215,2020-07-19T13:43:30.415000000,True
LAT,6,Williams,21,84.447,30.129,30.2,24.118,MEDIUM,3,17,19,1,False,None,None,True,3894.593,2020-07-19T13:44:54.793000000,True
LAT,6,Williams,22,86.621,32.18,30.473,23.968,MEDIUM,3,18,19,1,False,None,None,True,3979.04,2020-07-19T13:46:19.240000000,True
LAT,6,Williams,23,84.28,29.98,30.395,23.905,MEDIUM,3,19,19,1,False,None,None,True,4065.661,2020-07-19T13:47:45.861000000,True
LAT,6,Williams,24,84.327,30.078,30.193,24.056,MEDIUM,3,20,19,1,False,None,None,True,4149.941,2020-07-19T13:49:10.141000000,True
LAT,6,Williams,25,84.105,30.003,30.227,23.875,MEDIUM,3,21,19,1,True,None,None,True,4234.268,2020-07-19T13:50:34.468000000,True
LAT,6,Williams,26,84.102,29.911,30.37,23.821,MEDIUM,3,22,19,1,True,None,None,True,4318.373,2020-07-19T13:51:58.573000000,True
LAT,6,Williams,27,84.88,30.037,30.645,24.198,MEDIUM,3,23,19,1,False,None,None,True,4402.475,2020-07-19T13:53:22.675000000,True
LAT,6,Williams,28,90.03,33.662,32.227,24.141,MEDIUM,3,24,19,1,False,None,None,True,4487.355,2020-07-19T13:54:47.555000000,True
LAT,6,Williams,29,88.003,33.172,31.018,23.813,MEDIUM,3,25,19,1,False,None,None,True,4577.385,2020-07-19T13:56:17.585000000,True
LAT,6,Williams,30,84.191,30.119,30.257,23.815,MEDIUM,3,26,19,1,False,None,None,True,4665.388,2020-07-19T13:57:45.588000000,True
LAT,6,Williams,31,90.403,31.911,30.897,27.595,MEDIUM,3,27,19,1,False,None,4838.367,True,4749.579,2020-07-19T13:59:09.779000000,False
LAT,6,Williams,32,118.604,55.278,36.66,26.666,MEDIUM,4,4,19,1,False,4866.778,None,False,4839.982,2020-07-19T14:00:40.182000000,False
LAT,6,Williams,33,84.269,30.21,30.696,23.363,MEDIUM,4,5,19,1,False,None,None,False,4958.586,2020-07-19T14:02:38.786000000,True
LAT,6,Williams,34,83.327,29.61,29.973,23.744,MEDIUM,4,6,19,1,True,None,None,False,5042.855,2020-07-19T14:04:03.055000000,True
LAT,6,Williams,35,86.788,29.636,33.375,23.777,MEDIUM,4,7,19,1,False,None,None,False,5126.182,2020-07-19T14:05:26.382000000,True
LAT,6,Williams,36,83.565,29.761,29.868,23.936,MEDIUM,4,8,19,1,False,None,None,False,5212.97,2020-07-19T14:06:53.170000000,True
LAT,6,Williams,37,83.267,29.575,30.093,23.599,MEDIUM,4,9,19,1,True,None,None,False,5296.535,2020-07-19T14:08:16.735000000,True
LAT,6,Williams,38,85.677,29.579,32.567,23.531,MEDIUM,4,10,19,1,False,None,None,False,5379.802,2020-07-19T14:09:40.002000000,True
LAT,6,Williams,39,108.64,29.435,50.293,28.912,MEDIUM,4,11,19,12,False,None,5572.513,False,5465.479,2020-07-19T14:11:05.679000000,False
LAT,6,Williams,40,110.15,48.804,34.426,26.92,SOFT,5,4,19,1,False,5594.375,None,False,5574.119,2020-07-19T14:12:54.319000000,False
LAT,6,Williams,41,83.645,30.134,29.987,23.524,SOFT,5,5,19,1,False,None,None,False,5684.269,2020-07-19T14:14:44.469000000,True
LAT,6,Williams,42,82.342,29.744,29.283,23.315,SOFT,5,6,19,1,True,None,None,False,5767.914,2020-07-19T14:16:08.114000000,True
LAT,6,Williams,43,82.058,29.317,29.462,23.279,SOFT,5,7,19,1,True,None,None,False,5850.256,2020-07-19T14:17:30.456000000,True
LAT,6,Williams,44,82.51,29.402,29.487,23.621,SOFT,5,8,19,1,False,None,None,False,5932.314,2020-07-19T14:18:52.514000000,True
LAT,6,Williams,45,83.266,29.63,29.794,23.842,SOFT,5,9,19,1,False,None,None,False,6014.824,2020-07-19T14:20:15.024000000,True
LAT,6,Williams,46,83.424,29.57,29.86,23.994,SOFT,5,10,19,1,False,None,None,False,6098.09,2020-07-19T14:21:38.290000000,True
LAT,6,Williams,47,85.603,29.771,30.402,25.43,SOFT,5,11,19,1,False,None,None,False,6181.514,2020-07-19T14:23:01.714000000,True
LAT,6,Williams,48,86.567,29.764,30.658,26.145,SOFT,5,12,19,1,False,None,None,False,6267.117,2020-07-19T14:24:27.317000000,True
LAT,6,Williams,49,84.834,29.952,30.896,23.986,SOFT,5,13,19,1,False,None,None,False,6353.684,2020-07-19T14:25:53.884000000,True
LAT,6,Williams,50,85.084,29.861,30.878,24.345,SOFT,5,14,19,1,False,None,None,False,6438.518,2020-07-19T14:27:18.718000000,True
LAT,6,Williams,51,84.458,30.064,30.39,24.004,SOFT,5,15,19,1,False,None,None,False,6523.602,2020-07-19T14:28:43.802000000,True
LAT,6,Williams,52,87.81,30.183,30.645,26.982,SOFT,5,16,19,1,False,None,6694.266,False,6608.06,2020-07-19T14:30:08.260000000,False
LAT,6,Williams,53,106.84,53.345,30.166,23.329,HARD,6,1,19,1,False,6720.094,None,True,6695.87,2020-07-19T14:31:36.070000000,False
LAT,6,Williams,54,84.331,29.4,31.557,23.374,HARD,6,2,19,1,False,None,None,True,6802.71,2020-07-19T14:33:22.910000000,True
LAT,6,Williams,55,82.952,29.337,29.201,24.414,HARD,6,3,19,1,False,None,None,True,6887.041,2020-07-19T14:34:47.241000000,True
LAT,6,Williams,56,93.357,32.571,33.47,27.316,HARD,6,4,19,1,False,None,None,True,6969.993,2020-07-19T14:36:10.193000000,True
LAT,6,Williams,57,82.395,29.469,29.81,23.116,HARD,6,5,19,1,False,None,None,True,7063.35,2020-07-19T14:37:43.550000000,True
LAT,6,Williams,58,82.67,29.533,29.769,23.368,HARD,6,6,19,1,False,None,None,True,7145.745,2020-07-19T14:39:05.945000000,True
LAT,6,Williams,59,82.051,29.4,29.468,23.183,HARD,6,7,19,1,True,None,None,True,7228.415,2020-07-19T14:40:28.615000000,True
LAT,6,Williams,60,82.111,29.425,29.399,23.287,HARD,6,8,19,1,False,None,None,True,7310.466,2020-07-19T14:41:50.666000000,True
LAT,6,Williams,61,81.834,29.481,29.254,23.099,HARD,6,9,19,1,True,None,None,True,7392.577,2020-07-19T14:43:12.777000000,True
LAT,6,Williams,62,81.427,29.259,29.095,23.073,HARD,6,10,19,1,True,None,None,True,7474.411,2020-07-19T14:44:34.611000000,True
LAT,6,Williams,63,81.346,29.023,29.277,23.046,HARD,6,11,19,1,True,None,None,True,7555.838,2020-07-19T14:45:56.038000000,True
LAT,6,Williams,64,81.198,29.073,29.078,23.047,HARD,6,12,19,1,True,None,None,True,7637.184,2020-07-19T14:47:17.384000000,True
LAT,6,Williams,65,81.931,29.427,29.211,23.293,HARD,6,13,19,1,False,None,None,True,7718.382,2020-07-19T14:48:38.582000000,True
LEC,16,Ferrari,1,101.753,None,35.016,26.862,INTERMEDIATE,1,1,5,1,False,None,None,True,1977.486,2020-07-19T13:12:57.686000000,False
LEC,16,Ferrari,2,98.23,33.58,34.542,30.108,INTERMEDIATE,1,2,6,1,False,None,2176.941,True,2079.381,2020-07-19T13:14:39.581000000,False
LEC,16,Ferrari,3,113.361,55.65,33.337,24.374,SOFT,2,4,18,1,False,2198.252,None,False,2177.611,2020-07-19T13:16:17.811000000,False
LEC,16,Ferrari,4,95.218,33.648,35.359,26.211,SOFT,2,5,10,12,True,None,None,False,2290.972,2020-07-19T13:18:11.172000000,True
LEC,16,Ferrari,5,89.981,32.565,32.775,24.641,SOFT,2,6,6,21,True,None,None,False,2386.19,2020-07-19T13:19:46.390000000,True
LEC,16,Ferrari,6,86.241,31.365,31.433,23.443,SOFT,2,7,6,1,True,None,None,False,2476.171,2020-07-19T13:21:16.371000000,True
LEC,16,Ferrari,7,84.72,30.649,30.643,23.428,SOFT,2,8,6,1,True,None,None,False,2562.412,2020-07-19T13:22:42.612000000,True
LEC,16,Ferrari,8,84.978,31.323,30.072,23.583,SOFT,2,9,6,1,False,None,None,False,2647.132,2020-07-19T13:24:07.332000000,True
LEC,16,Ferrari,9,84.503,30.569,30.245,23.689,SOFT,2,10,6,1,True,None,None,False,2732.11,2020-07-19T13:25:32.310000000,True
LEC,16,Ferrari,10,85.121,31.11,30.294,23.717,SOFT,2,11,7,1,False,None,None,False,2816.613,2020-07-19T13:26:56.813000000,True
LEC,16,Ferrari,11,83.892,30.039,29.945,23.908,SOFT,2,12,7,1,True,None,None,False,2901.734,2020-07-19T13:28:21.934000000,True
LEC,16,Ferrari,12,84.054,30.073,30.095,23.886,SOFT,2,13,7,1,False,None,None,False,2985.626,2020-07-19T13:29:45.826000000,True
LEC,16,Ferrari,13,84.157,30.228,30.027,23.902,SOFT,2,14,7,1,False,None,None,False,3069.68,2020-07-19T13:31:09.880000000,True
LEC,16,Ferrari,14,84.416,30.211,30.205,24.0,SOFT,2,15,7,1,False,None,None,False,3153.837,2020-07-19T13:32:34.037000000,True
LEC,16,Ferrari,15,84.462,30.271,30.151,24.04,SOFT,2,16,7,1,False,None,None,False,3238.253,2020-07-19T13:33:58.453000000,True
LEC,16,Ferrari,16,84.42,30.308,29.988,24.124,SOFT,2,17,7,1,False,None,None,False,3322.715,2020-07-19T13:35:22.915000000,True
LEC,16,Ferrari,17,84.437,30.13,30.212,24.095,SOFT,2,18,7,1,False,None,None,False,3407.135,2020-07-19T13:36:47.335000000,True
LEC,16,Ferrari,18,85.893,30.696,30.905,24.292,SOFT,2,19,8,1,False,None,None,False,3491.572,2020-07-19T13:38:11.772000000,True
LEC,16,Ferrari,19,86.011,30.504,31.16,24.347,SOFT,2,20,9,1,False,None,None,False,3577.465,2020-07-19T13:39:37.665000000,True
LEC,16,Ferrari,20,88.325,30.729,30.759,26.837,SOFT,2,21,12,1,False,None,3750.195,False,3663.476,2020-07-19T13:41:03.676000000,False
LEC,16,Ferrari,21,104.896,51.36,30.268,23.268,HARD,3,1,15,1,False,3772.786,None,True,3751.801,2020-07-19T13:42:32.001000000,False
LEC,16,Ferrari,22,82.131,29.502,28.874,23.755,HARD,3,2,15,1,True,None,None,True,3856.697,2020-07-19T13:44:16.897000000,True
LEC,16,Ferrari,23,81.367,29.35,28.956,23.061,HARD,3,3,15,1,True,None,None,True,3938.828,2020-07-19T13:45:39.028000000,True
LEC,16,Ferrari,24,81.469,29.416,28.914,23.139,HARD,3,4,15,1,False,None,None,True,4020.195,2020-07-19T13:47:00.395000000,True
LEC,16,Ferrari,25,82.421,29.605,29.481,23.335,HARD,3,5,15,1,False,None,None,True,4101.664,2020-07-19T13:48:21.864000000,True
LEC,16,Ferrari,26,82.663,29.521,29.804,23.338,HARD,3,6,15,1,False,None,None,True,4184.085,2020-07-19T13:49:44.285000000,True
LEC,16,Ferrari,27,82.755,29.689,29.618,23.448,HARD,3,7,15,1,False,None,None,True,4266.748,2020-07-19T13:51:06.948000000,True
LEC,16,Ferrari,28,82.711,29.574,29.887,23.25,HARD,3,8,15,1,False,None,None,True,4349.503,2020-07-19T13:52:29.703000000,True
LEC,16,Ferrari,29,82.807,29.579,29.77,23.458,HARD,3,9,15,1,False,None,None,True,4432.214,2020-07-19T13:53:52.414000000,True
LEC,16,Ferrari,30,82.665,29.556,29.78,23.329,HARD,3,10,15,1,False,None,None,True,4515.021,2020-07-19T13:55:15.221000000,True
LEC,16,Ferrari,31,83.263,29.664,30.38,23.219,HARD,3,11,14,1,False,None,None,True,4597.686,2020-07-19T13:56:37.886000000,True
LEC,16,Ferrari,32,81.763,29.364,29.177,23.222,HARD,3,12,13,1,False,None,None,True,4680.949,2020-07-19T13:58:01.149000000,True
LEC,16,Ferrari,33,82.398,29.464,29.472,23.462,HARD,3,13,12,1,False,None,None,True,4762.712,2020-07-19T13:59:22.912000000,True
LEC,16,Ferrari,34,81.723,28.974,29.52,23.229,HARD,3,14,12,1,False,None,None,True,4845.11,2020-07-19T14:00:45.310000000,True
LEC,16,Ferrari,35,82.384,29.419,29.653,23.312,HARD,3,15,11,1,False,None,None,True,4926.833,2020-07-19T14:02:07.033000000,True
LEC,16,Ferrari,36,83.36,30.138,29.924,23.298,HARD,3,16,11,1,False,None,None,True,5009.217,2020-07-19T14:03:29.417000000,True
LEC,16,Ferrari,37,81.962,29.366,29.439,23.157,HARD,3,17,11,1,False,None,None,True,5092.577,2020-07-19T14:04:52.777000000,True
LEC,16,Ferrari,38,81.721,29.341,29.229,23.151,HARD,3,18,11,1,False,None,None,True,5174.539,2020-07-19T14:06:14.739000000,True
LEC,16,Ferrari,39,81.436,29.218,29.069,23.149,HARD,3,19,11,1,False,None,None,True,5256.26,2020-07-19T14:07:36.460000000,True
LEC,16,Ferrari,40,81.634,29.266,29.249,23.119,HARD,3,20,11,1,False,None,None,True,5337.696,2020-07-19T14:08:57.896000000,True
LEC,16,Ferrari,41,81.223,29.203,29.089,22.931,HARD,3,21,10,1,True,None,None,True,5419.33,2020-07-19T14:10:19.530000000,True
LEC,16,Ferrari,42,82.92,29.071,29.103,24.746,HARD,3,22,10,12,False,None,None,True,5500.553,2020-07-19T14:11:40.753000000,True
LEC,16,Ferrari,43,81.479,29.452,29.04,22.987,HARD,3,23,10,1,False,None,None,True,5583.473,2020-07-19T14:13:03.673000000,True
LEC,16,Ferrari,44,83.184,30.097,30.005,23.082,HARD,3,24,10,1,False,None,None,True,5664.952,2020-07-19T14:14:25.152000000,True
LEC,16,Ferrari,45,81.223,29.313,28.914,22.996,HARD,3,25,10,1,False,None,None,True,5748.136,2020-07-19T14:15:48.336000000,True
LEC,16,Ferrari,46,80.982,29.227,28.708,23.047,HARD,3,26,10,1,True,None,None,True,5829.359,2020-07-19T14:17:09.559000000,True
LEC,16,Ferrari,47,81.242,29.353,28.961,22.928,HARD,3,27,10,1,False,None,None,True,5910.341,2020-07-19T14:18:30.541000000,True
LEC,16,Ferrari,48,81.271,29.217,28.951,23.103,HARD,3,28,10,1,False,None,None,True,5991.583,2020-07-19T14:19:51.783000000,True
LEC,16,Ferrari,49,81.349,29.458,28.914,22.977,HARD,3,29,10,1,False,None,None,True,6072.854,2020-07-19T14:21:13.054000000,True
LEC,16,Ferrari,50,81.127,29.225,28.864,23.038,HARD,3,30,10,1,False,None,None,True,6154.203,2020-07-19T14:22:34.403000000,True
LEC,16,Ferrari,51,81.769,29.809,28.988,22.972,HARD,3,31,10,1,False,None,None,True,6235.33,2020-07-19T14:23:55.530000000,True
LEC,16,Ferrari,52,81.033,29.236,28.861,22.936,HARD,3,32,10,1,False,None,None,True,6317.099,2020-07-19T14:25:17.299000000,True
LEC,16,Ferrari,53,81.224,29.324,28.899,23.001,HARD,3,33,10,1,False,None,None,True,6398.132,2020-07-19T14:26:38.332000000,True
LEC,16,Ferrari,54,81.175,29.155,28.986,23.034,HARD,3,34,10,1,False,None,None,True,6479.356,2020-07-19T14:27:59.556000000,True
LEC,16,Ferrari,55,81.594,29.575,28.964,23.055,HARD,3,35,10,1,False,None,None,True,6560.531,2020-07-19T14:29:20.731000000,True
LEC,16,Ferrari,56,81.327,29.285,28.983,23.059,HARD,3,36,10,1,False,None,None,True,6642.125,2020-07-19T14:30:42.325000000,True
LEC,16,Ferrari,57,83.811,31.186,29.58,23.045,HARD,3,37,10,1,False,None,None,True,6723.452,2020-07-19T14:32:03.652000000,True
LEC,16,Ferrari,58,81.956,29.329,29.114,23.513,HARD,3,38,10,1,False,None,None,True,6807.263,2020-07-19T14:33:27.463000000,True
LEC,16,Ferrari,59,82.08,29.636,29.179,23.265,HARD,3,39,10,1,False,None,None,True,6889.219,2020-07-19T14:34:49.419000000,True
LEC,16,Ferrari,60,84.277,31.226,29.935,23.116,HARD,3,40,11,1,False,None,None,True,6971.299,2020-07-19T14:36:11.499000000,True
LEC,16,Ferrari,61,81.662,29.392,29.186,23.084,HARD,3,41,11,1,False,None,None,True,7055.576,2020-07-19T14:37:35.776000000,True
LEC,16,Ferrari,62,81.756,29.636,29.083,23.037,HARD,3,42,11,1,False,None,None,True,7137.238,2020-07-19T14:38:57.438000000,True
LEC,16,Ferrari,63,80.962,29.28,28.702,22.98,HARD,3,43,11,1,True,None,None,True,7218.994,2020-07-19T14:40:19.194000000,True
LEC,16,Ferrari,64,80.821,29.251,28.649,22.921,HARD,3,44,11,1,True,None,None,True,7299.956,2020-07-19T14:41:40.156000000,True
LEC,16,Ferrari,65,81.548,29.388,29.11,23.05,HARD,3,45,11,1,False,None,None,True,7380.777,2020-07-19T14:43:00.977000000,True
LEC,16,Ferrari,66,81.699,29.326,29.242,23.131,HARD,3,46,11,1,False,None,None,True,7462.325,2020-07-19T14:44:22.525000000,True
LEC,16,Ferrari,67,81.591,29.207,29.089,23.295,HARD,3,47,11,1,False,None,None,True,7544.024,2020-07-19T14:45:44.224000000,True
LEC,16,Ferrari,68,81.562,29.43,29.105,23.027,HARD,3,48,11,1,False,None,None,True,7625.615,2020-07-19T14:47:05.815000000,True
LEC,16,Ferrari,69,83.413,29.563,29.93,23.92,HARD,3,49,11,1,False,None,None,True,7707.177,2020-07-19T14:48:27.377000000,True
MAG,20,Haas F1 Team,1,117.638,None,37.718,28.209,MEDIUM,1,1,19,1,False,1989.952,None,True,1977.486,2020-07-19T13:12:57.686000000,False
MAG,20,Haas F1 Team,2,98.036,36.492,35.235,26.309,MEDIUM,1,2,18,1,True,None,None,True,2095.266,2020-07-19T13:14:55.466000000,True
MAG,20,Haas F1 Team,3,94.228,34.895,33.578,25.755,MEDIUM,1,3,16,1,True,None,None,True,2193.302,2020-07-19T13:16:33.502000000,True
MAG,20,Haas F1 Team,4,92.358,33.688,32.266,26.404,MEDIUM,1,4,5,12,True,None,None,True,2287.53,2020-07-19T13:18:07.730000000,True
MAG,20,Haas F1 Team,5,89.284,32.475,32.326,24.483,MEDIUM,1,5,3,12,True,None,None,True,2379.888,2020-07-19T13:19:40.088000000,True
MAG,20,Haas F1 Team,6,86.598,31.602,31.108,23.888,MEDIUM,1,6,3,1,True,None,None,True,2469.172,2020-07-19T13:21:09.372000000,True
MAG,20,Haas F1 Team,7,85.235,31.062,30.747,23.426,MEDIUM,1,7,3,1,True,None,None,True,2555.77,2020-07-19T13:22:35.970000000,True
MAG,20,Haas F1 Team,8,84.539,30.881,30.275,23.383,MEDIUM,1,8,3,1,True,None,None,True,2641.005,2020-07-19T13:24:01.205000000,True
MAG,20,Haas F1 Team,9,83.874,30.656,29.804,23.414,MEDIUM,1,9,3,1,True,None,None,True,2725.544,2020-07-19T13:25:25.744000000,True
MAG,20,Haas F1 Team,10,83.432,30.158,29.862,23.412,MEDIUM,1,10,3,1,True,None,None,True,2809.418,2020-07-19T13:26:49.618000000,True
MAG,20,Haas F1 Team,11,83.026,30.011,29.608,23.407,MEDIUM,1,11,3,1,True,None,None,True,2892.85,2020-07-19T13:28:13.050000000,True
MAG,20,Haas F1 Team,12,82.989,29.92,29.56,23.509,MEDIUM,1,12,3,1,True,None,None,True,2975.876,2020-07-19T13:29:36.076000000,True
MAG,20,Haas F1 Team,13,82.677,29.877,29.466,23.334,MEDIUM,1,13,3,1,True,None,None,True,3058.865,2020-07-19T13:30:59.065000000,True
MAG,20,Haas F1 Team,14,83.142,29.803,29.808,23.531,MEDIUM,1,14,3,1,False,None,None,True,3141.542,2020-07-19T13:32:21.742000000,True
MAG,20,Haas F1 Team,15,83.224,29.874,29.738,23.612,MEDIUM,1,15,3,1,False,None,None,True,3224.684,2020-07-19T13:33:44.884000000,True
MAG,20,Haas F1 Team,16,84.558,30.77,30.11,23.678,MEDIUM,1,16,4,1,False,None,None,True,3307.908,2020-07-19T13:35:08.108000000,True
MAG,20,Haas F1 Team,17,84.98,30.653,30.516,23.811,MEDIUM,1,17,5,1,False,None,None,True,3392.466,2020-07-19T13:36:32.666000000,True
MAG,20,Haas F1 Team,18,83.502,29.758,30.124,23.62,MEDIUM,1,18,5,1,False,None,None,True,3477.446,2020-07-19T13:37:57.646000000,True
MAG,20,Haas F1 Team,19,83.391,29.734,29.869,23.788,MEDIUM,1,19,5,1,False,None,None,True,3560.948,2020-07-19T13:39:21.148000000,True
MAG,20,Haas F1 Team,20,83.84,29.785,30.248,23.807,MEDIUM,1,20,5,1,False,None,None,True,3644.339,2020-07-19T13:40:44.539000000,True
MAG,20,Haas F1 Team,21,83.815,29.714,30.151,23.95,MEDIUM,1,21,5,1,False,None,None,True,3728.179,2020-07-19T13:42:08.379000000,True
MAG,20,Haas F1 Team,22,84.114,29.75,30.442,23.922,MEDIUM,1,22,5,1,False,None,None,True,3811.994,2020-07-19T13:43:32.194000000,True
MAG,20,Haas F1 Team,23,84.145,29.786,30.276,24.083,MEDIUM,1,23,5,1,False,None,None,True,3896.108,2020-07-19T13:44:56.308000000,True
MAG,20,Haas F1 Team,24,83.275,29.703,29.839,23.733,MEDIUM,1,24,5,1,False,None,None,True,3980.253,2020-07-19T13:46:20.453000000,True
MAG,20,Haas F1 Team,25,83.4,29.628,30.066,23.706,MEDIUM,1,25,5,1,False,None,None,True,4063.528,2020-07-19T13:47:43.728000000,True
MAG,20,Haas F1 Team,26,83.372,29.713,29.958,23.701,MEDIUM,1,26,5,1,False,None,None,True,4146.928,2020-07-19T13:49:07.128000000,True
MAG,20,Haas F1 Team,27,83.647,29.723,30.194,23.73,MEDIUM,1,27,5,1,False,None,None,True,4230.3,2020-07-19T13:50:30.500000000,True
MAG,20,Haas F1 Team,28,83.268,29.695,29.953,23.62,MEDIUM,1,28,5,1,False,None,None,True,4313.947,2020-07-19T13:51:54.147000000,True
MAG,20,Haas F1 Team,29,83.355,29.758,29.989,23.608,MEDIUM,1,29,5,1,False,None,None,True,4397.215,2020-07-19T13:53:17.415000000,True
MAG,20,Haas F1 Team,30,83.516,29.805,29.914,23.797,MEDIUM,1,30,5,1,False,None,None,True,4480.57,2020-07-19T13:54:40.770000000,True
MAG,20,Haas F1 Team,31,82.988,29.755,29.648,23.585,MEDIUM,1,31,5,1,False,None,None,True,4564.086,2020-07-19T13:56:04.286000000,True
MAG,20,Haas F1 Team,32,83.034,29.782,29.806,23.446,MEDIUM,1,32,5,1,False,None,None,True,4647.074,2020-07-19T13:57:27.274000000,True
MAG,20,Haas F1 Team,33,83.162,29.783,29.734,23.645,MEDIUM,1,33,5,1,False,None,None,True,4730.108,2020-07-19T13:58:50.308000000,True
MAG,20,Haas F1 Team,34,83.998,29.802,30.324,23.872,MEDIUM,1,34,5,1,False,None,None,True,4813.27,2020-07-19T14:00:13.470000000,True
MAG,20,Haas F1 Team,35,88.082,29.964,30.792,27.326,MEDIUM,1,35,5,1,False,None,4983.243,True,4897.268,2020-07-19T14:01:37.468000000,False
MAG,20,Haas F1 Team,36,103.831,50.271,30.424,23.136,HARD,2,None,8,1,False,5006.893,None,True,4985.35,2020-07-19T14:03:05.550000000,False
MAG,20,Haas F1 Team,37,82.928,30.255,29.701,22.972,HARD,2,None,9,1,False,None,None,True,5089.181,2020-07-19T14:04:49.381000000,True
MAG,20,Haas F1 Team,38,81.366,29.277,29.161,22.928,HARD,2,None,9,1,True,None,None,True,5172.109,2020-07-19T14:06:12.309000000,True
MAG,20,Haas F1 Team,39,82.922,29.953,29.82,23.149,HARD,2,None,10,1,False,None,None,True,5253.475,2020-07-19T14:07:33.675000000,True
MAG,20,Haas F1 Team,40,81.642,29.457,29.199,22.986,HARD,2,None,10,1,False,None,None,True,5336.397,2020-07-19T14:08:56.597000000,True
MAG,20,Haas F1 Team,41,81.154,29.174,29.055,22.925,HARD,2,None,9,1,True,None,None,True,5418.039,2020-07-19T14:10:18.239000000,True
MAG,20,Haas F1 Team,42,80.978,29.201,28.867,22.91,HARD,2,None,9,12,True,None,None,True,5499.193,2020-07-19T14:11:39.393000000,True
MAG,20,Haas F1 Team,43,80.803,29.171,28.739,22.893,HARD,2,None,9,1,True,None,None,True,5580.171,2020-07-19T14:13:00.371000000,True
MAG,20,Haas F1 Team,44,83.491,29.261,31.012,23.218,HARD,2,None,8,1,False,None,None,True,5660.974,2020-07-19T14:14:21.174000000,True
MAG,20,Haas F1 Team,45,81.014,29.299,28.806,22.909,HARD,2,None,8,1,False,None,None,True,5744.465,2020-07-19T14:15:44.665000000,True
MAG,20,Haas F1 Team,46,82.926,30.275,29.669,22.982,HARD,2,None,9,1,False,None,None,True,5825.479,2020-07-19T14:17:05.679000000,True
MAG,20,Haas F1 Team,47,81.244,29.286,29.086,22.872,HARD,2,None,9,1,False,None,None,True,5908.405,2020-07-19T14:18:28.605000000,True
MAG,20,Haas F1 Team,48,81.03,29.282,28.845,22.903,HARD,2,None,9,1,False,None,None,True,5989.649,2020-07-19T14:19:49.849000000,True
MAG,20,Haas F1 Team,49,81.005,29.089,28.986,22.93,HARD,2,None,9,1,False,None,None,True,6070.679,2020-07-19T14:21:10.879000000,True
MAG,20,Haas F1 Team,50,80.843,29.186,28.89,22.767,HARD,2,None,9,1,False,None,None,True,6151.684,2020-07-19T14:22:31.884000000,True
MAG,20,Haas F1 Team,51,80.557,29.158,28.551,22.848,HARD,2,None,9,1,True,None,None,True,6232.527,2020-07-19T14:23:52.727000000,True
MAG,20,Haas F1 Team,52,80.816,29.178,28.8,22.838,HARD,2,None,9,1,False,None,None,True,6313.084,2020-07-19T14:25:13.284000000,True
MAG,20,Haas F1 Team,53,80.984,29.21,28.799,22.975,HARD,2,None,9,1,False,None,None,True,6393.9,2020-07-19T14:26:34.100000000,True
MAG,20,Haas F1 Team,54,80.712,29.168,28.682,22.862,HARD,2,None,9,1,False,None,None,True,6474.884,2020-07-19T14:27:55.084000000,True
MAG,20,Haas F1 Team,55,80.836,29.223,28.726,22.887,HARD,2,None,9,1,False,None,None,True,6555.596,2020-07-19T14:29:15.796000000,True
MAG,20,Haas F1 Team,56,80.864,29.194,28.675,22.995,HARD,2,None,9,1,False,None,None,True,6636.432,2020-07-19T14:30:36.632000000,True
MAG,20,Haas F1 Team,57,80.765,29.211,28.638,22.916,HARD,2,None,9,1,False,None,None,True,6717.296,2020-07-19T14:31:57.496000000,True
MAG,20,Haas F1 Team,58,80.739,29.211,28.61,22.918,HARD,2,None,9,1,False,None,None,True,6798.061,2020-07-19T14:33:18.261000000,True
MAG,20,Haas F1 Team,59,80.528,29.151,28.538,22.839,HARD,2,None,9,1,True,None,None,True,6878.8,2020-07-19T14:34:39.000000000,True
MAG,20,Haas F1 Team,60,80.772,29.102,28.68,22.99,HARD,2,None,9,1,False,None,None,True,6959.328,2020-07-19T14:35:59.528000000,True
MAG,20,Haas F1 Team,61,80.567,29.17,28.477,22.92,HARD,2,None,9,1,False,None,None,True,7040.1,2020-07-19T14:37:20.300000000,True
MAG,20,Haas F1 Team,62,80.974,29.25,28.622,23.102,HARD,2,None,9,1,False,None,None,True,7120.667,2020-07-19T14:38:40.867000000,True
MAG,20,Haas F1 Team,63,83.022,31.065,29.087,22.87,HARD,2,None,9,1,False,None,None,True,7201.641,2020-07-19T14:40:01.841000000,True
MAG,20,Haas F1 Team,64,80.878,29.115,28.657,23.106,HARD,2,None,9,1,False,None,None,True,7284.663,2020-07-19T14:41:24.863000000,True
MAG,20,Haas F1 Team,65,81.78,29.904,28.92,22.956,HARD,2,None,9,1,False,None,None,True,7365.541,2020-07-19T14:42:45.741000000,True
MAG,20,Haas F1 Team,66,80.866,29.132,28.739,22.995,HARD,2,None,9,1,False,None,None,True,7447.321,2020-07-19T14:44:07.521000000,True
MAG,20,Haas F1 Team,67,79.457,29.087,28.578,22.827,HARD,2,None,9,1,True,None,None,True,7528.187,2020-07-19T14:45:28.387000000,True
MAG,20,Haas F1 Team,68,80.477,29.005,28.538,22.934,HARD,2,None,9,1,True,None,None,True,7608.679,2020-07-19T14:46:48.879000000,True
MAG,20,Haas F1 Team,69,80.868,29.076,28.868,22.924,HARD,2,None,9,1,False,None,None,True,7689.156,2020-07-19T14:48:09.356000000,True
NOR,4,McLaren,1,108.972,None,38.23,27.783,INTERMEDIATE,1,1,13,1,False,None,None,True,1977.486,2020-07-19T13:12:57.686000000,False
NOR,4,McLaren,2,97.469,34.088,35.444,27.937,INTERMEDIATE,1,2,13,1,True,None,None,True,2086.6,2020-07-19T13:14:46.800000000,True
NOR,4,McLaren,3,98.237,33.739,35.937,28.561,INTERMEDIATE,1,3,10,1,False,None,None,True,2184.069,2020-07-19T13:16:24.269000000,True
NOR,4,McLaren,4,100.339,33.788,35.229,31.322,INTERMEDIATE,1,4,6,12,False,None,2381.023,True,2282.306,2020-07-19T13:18:02.506000000,False
NOR,4,McLaren,5,109.478,53.042,32.204,24.232,MEDIUM,2,1,18,12,False,2404.043,None,True,2382.645,2020-07-19T13:19:42.845000000,False
NOR,4,McLaren,6,85.863,31.319,30.901,23.643,MEDIUM,2,2,18,1,True,None,None,True,2492.123,2020-07-19T13:21:32.323000000,True
NOR,4,McLaren,7,85.483,30.766,30.89,23.827,MEDIUM,2,3,18,1,True,None,None,True,2577.986,2020-07-19T13:22:58.186000000,True
NOR,4,McLaren,8,84.909,30.589,30.572,23.748,MEDIUM,2,4,18,1,True,None,None,True,2663.469,2020-07-19T13:24:23.669000000,True
NOR,4,McLaren,9,85.271,30.161,30.964,24.146,MEDIUM,2,5,18,1,False,None,None,True,2748.378,2020-07-19T13:25:48.578000000,True
NOR,4,McLaren,10,84.891,30.287,30.668,23.936,MEDIUM,2,6,18,1,True,None,None,True,2833.649,2020-07-19T13:27:13.849000000,True
NOR,4,McLaren,11,84.615,30.25,30.295,24.07,MEDIUM,2,7,18,1,True,None,None,True,2918.54,2020-07-19T13:28:38.740000000,True
NOR,4,McLaren,12,84.668,30.387,30.286,23.995,MEDIUM,2,8,18,1,False,None,None,True,3003.155,2020-07-19T13:30:03.355000000,True
NOR,4,McLaren,13,85.214,30.237,30.788,24.189,MEDIUM,2,9,18,1,False,None,None,True,3087.823,2020-07-19T13:31:28.023000000,True
NOR,4,McLaren,14,85.934,30.324,31.277,24.333,MEDIUM,2,10,18,1,False,None,None,True,3173.037,2020-07-19T13:32:53.237000000,True
NOR,4,McLaren,15,85.689,30.231,31.212,24.246,MEDIUM,2,11,16,1,False,None,None,True,3258.971,2020-07-19T13:34:19.171000000,True
NOR,4,McLaren,16,83.535,29.615,30.06,23.86,MEDIUM,2,12,16,1,True,None,None,True,3344.66,2020-07-19T13:35:44.860000000,True
NOR,4,McLaren,17,83.908,29.909,30.066,23.933,MEDIUM,2,13,16,1,False,None,None,True,3428.195,2020-07-19T13:37:08.395000000,True
NOR,4,McLaren,18,84.22,30.103,30.19,23.927,MEDIUM,2,14,16,1,False,None,None,True,3512.103,2020-07-19T13:38:32.303000000,True
NOR,4,McLaren,19,83.848,30.048,30.012,23.788,MEDIUM,2,15,15,1,False,None,None,True,3596.323,2020-07-19T13:39:56.523000000,True
NOR,4,McLaren,20,83.497,29.89,29.94,23.667,MEDIUM,2,16,15,1,True,None,None,True,3680.171,2020-07-19T13:41:20.371000000,True
NOR,4,McLaren,21,83.963,29.693,30.213,24.057,MEDIUM,2,17,14,1,False,None,None,True,3763.668,2020-07-19T13:42:43.868000000,True
NOR,4,McLaren,22,83.762,29.667,30.032,24.063,MEDIUM,2,18,14,1,False,None,None,True,3847.631,2020-07-19T13:44:07.831000000,True
NOR,4,McLaren,23,83.762,29.922,30.035,23.805,MEDIUM,2,19,14,1,False,None,None,True,3931.393,2020-07-19T13:45:31.593000000,True
NOR,4,McLaren,24,84.758,29.706,29.78,25.272,MEDIUM,2,20,14,1,False,None,None,True,4015.155,2020-07-19T13:46:55.355000000,True
NOR,4,McLaren,25,83.434,30.16,29.64,23.634,MEDIUM,2,21,14,1,True,None,None,True,4099.913,2020-07-19T13:48:20.113000000,True
NOR,4,McLaren,26,82.833,29.748,29.471,23.614,MEDIUM,2,22,14,1,True,None,None,True,4183.347,2020-07-19T13:49:43.547000000,True
NOR,4,McLaren,27,82.747,29.43,29.837,23.48,MEDIUM,2,23,14,1,True,None,None,True,4266.18,2020-07-19T13:51:06.380000000,True
NOR,4,McLaren,28,82.756,29.82,29.448,23.488,MEDIUM,2,24,14,1,False,None,None,True,4348.927,2020-07-19T13:52:29.127000000,True
NOR,4,McLaren,29,82.625,29.667,29.464,23.494,MEDIUM,2,25,14,1,True,None,None,True,4431.683,2020-07-19T13:53:51.883000000,True
NOR,4,McLaren,30,82.839,29.522,29.749,23.568,MEDIUM,2,26,14,1,False,None,None,True,4514.308,2020-07-19T13:55:14.508000000,True
NOR,4,McLaren,31,83.277,29.925,29.907,23.445,MEDIUM,2,27,13,1,False,None,None,True,4597.147,2020-07-19T13:56:37.347000000,True
NOR,4,McLaren,32,84.527,30.291,30.427,23.809,MEDIUM,2,28,14,1,False,None,None,True,4680.424,2020-07-19T13:58:00.624000000,True
NOR,4,McLaren,33,82.949,29.585,29.638,23.726,MEDIUM,2,29,14,1,False,None,None,True,4764.951,2020-07-19T13:59:25.151000000,True
NOR,4,McLaren,34,82.665,29.386,29.651,23.628,MEDIUM,2,30,13,1,False,None,None,True,4847.9,2020-07-19T14:00:48.100000000,True
NOR,4,McLaren,35,84.942,29.413,29.395,26.134,MEDIUM,2,31,12,1,False,None,5013.866,True,4930.565,2020-07-19T14:02:10.765000000,False
NOR,4,McLaren,36,102.311,49.192,30.153,22.966,HARD,3,1,15,1,False,5036.661,None,True,5015.507,2020-07-19T14:03:35.707000000,False
NOR,4,McLaren,37,81.087,29.324,29.059,22.704,HARD,3,2,15,1,True,None,None,True,5117.818,2020-07-19T14:05:18.018000000,True
NOR,4,McLaren,38,80.224,29.047,28.487,22.69,HARD,3,3,15,1,True,None,None,True,5198.905,2020-07-19T14:06:39.105000000,True
NOR,4,McLaren,39,80.048,29.027,28.373,22.648,HARD,3,4,15,1,True,None,None,True,5279.129,2020-07-19T14:07:59.329000000,True
NOR,4,McLaren,40,80.155,28.93,28.439,22.786,HARD,3,5,15,1,False,None,None,True,5359.177,2020-07-19T14:09:19.377000000,True
NOR,4,McLaren,41,81.068,29.638,28.577,22.853,HARD,3,6,15,12,False,None,None,True,5439.332,2020-07-19T14:10:39.532000000,True
NOR,4,McLaren,42,79.945,28.934,28.203,22.808,HARD,3,7,15,1,True,None,None,True,5520.4,2020-07-19T14:12:00.600000000,True
NOR,4,McLaren,43,80.912,29.142,28.613,23.157,HARD,3,8,15,1,False,None,None,True,5600.345,2020-07-19T14:13:20.545000000,True
NOR,4,McLaren,44,80.666,29.132,28.594,22.94,HARD,3,9,15,1,False,None,None,True,5681.257,2020-07-19T14:14:41.457000000,True
NOR,4,McLaren,45,83.713,29.14,28.738,25.835,HARD,3,10,15,1,False,None,None,True,5761.923,2020-07-19T14:16:02.123000000,True
NOR,4,McLaren,46,81.915,29.458,29.203,23.254,HARD,3,11,15,1,False,None,None,True,5845.636,2020-07-19T14:17:25.836000000,True
NOR,4,McLaren,47,81.162,29.158,28.821,23.183,HARD,3,12,15,1,False,None,None,True,5927.551,2020-07-19T14:18:47.751000000,True
NOR,4,McLaren,48,80.705,29.04,28.701,22.964,HARD,3,13,14,1,False,None,None,True,6008.713,2020-07-19T14:20:08.913000000,True
NOR,4,McLaren,49,80.548,29.046,28.56,22.942,HARD,3,14,14,1,False,None,None,True,6089.418,2020-07-19T14:21:29.618000000,True
NOR,4,McLaren,50,80.522,29.034,28.581,22.907,HARD,3,15,14,1,False,None,None,True,6169.966,2020-07-19T14:22:50.166000000,True
NOR,4,McLaren,51,80.471,29.002,28.529,22.94,HARD,3,16,14,1,False,None,None,True,6250.488,2020-07-19T14:24:10.688000000,True
NOR,4,McLaren,52,80.543,28.977,28.635,22.931,HARD,3,17,14,1,False,None,None,True,6330.959,2020-07-19T14:25:31.159000000,True
NOR,4,McLaren,53,80.54,28.971,28.632,22.937,HARD,3,18,14,1,False,None,None,True,6411.502,2020-07-19T14:26:51.702000000,True
NOR,4,McLaren,54,80.249,28.882,28.386,22.981,HARD,3,19,14,1,False,None,None,True,6492.042,2020-07-19T14:28:12.242000000,True
NOR,4,McLaren,55,80.374,29.012,28.481,22.881,HARD,3,20,14,1,False,None,None,True,6572.291,2020-07-19T14:29:32.491000000,True
NOR,4,McLaren,56,81.051,29.107,28.873,23.071,HARD,3,21,14,1,False,None,None,True,6652.665,2020-07-19T14:30:52.865000000,True
NOR,4,McLaren,57,82.95,29.335,30.675,22.94,HARD,3,22,14,1,False,None,None,True,6733.716,2020-07-19T14:32:13.916000000,True
NOR,4,McLaren,58,81.309,29.283,28.745,23.281,HARD,3,23,14,1,False,None,None,True,6816.666,2020-07-19T14:33:36.866000000,True
NOR,4,McLaren,59,82.042,29.383,29.4,23.259,HARD,3,24,14,1,False,None,None,True,6897.975,2020-07-19T14:34:58.175000000,True
NOR,4,McLaren,60,81.497,28.989,29.256,23.252,HARD,3,25,14,1,False,None,None,True,6980.017,2020-07-19T14:36:20.217000000,True
NOR,4,McLaren,61,81.563,28.957,29.411,23.195,HARD,3,26,14,1,False,None,None,True,7061.514,2020-07-19T14:37:41.714000000,True
NOR,4,McLaren,62,81.641,28.848,29.344,23.449,HARD,3,27,14,1,False,None,None,True,7143.077,2020-07-19T14:39:03.277000000,True
NOR,4,McLaren,63,81.788,29.03,29.472,23.286,HARD,3,28,14,1,False,None,None,True,7224.718,2020-07-19T14:40:24.918000000,True
NOR,4,McLaren,64,81.609,28.718,29.626,23.265,HARD,3,29,14,1,False,None,None,True,7306.506,2020-07-19T14:41:46.706000000,True
NOR,4,McLaren,65,81.298,28.925,29.31,23.063,HARD,3,30,14,1,False,None,None,True,7388.115,2020-07-19T14:43:08.315000000,True
NOR,4,McLaren,66,81.666,29.008,29.281,23.377,HARD,3,31,14,1,False,None,None,True,7469.413,2020-07-19T14:44:29.613000000,True
NOR,4,McLaren,67,81.68,28.867,29.45,23.363,HARD,3,32,14,1,False,None,None,True,7551.079,2020-07-19T14:45:51.279000000,True
NOR,4,McLaren,68,81.552,28.935,29.429,23.188,HARD,3,33,14,1,False,None,None,True,7632.759,2020-07-19T14:47:12.959000000,True
NOR,4,McLaren,69,81.878,28.805,29.552,23.521,HARD,3,34,13,1,False,None,None,True,7714.311,2020-07-19T14:48:34.511000000,True
OCO,31,Renault,1,110.545,None,38.943,27.942,INTERMEDIATE,1,1,16,1,False,None,None,True,1977.486,2020-07-19T13:12:57.686000000,False
OCO,31,Renault,2,96.111,34.023,35.365,26.723,INTERMEDIATE,1,2,14,1,True,None,None,True,2088.173,2020-07-19T13:14:48.373000000,True
OCO,31,Renault,3,95.65,32.974,35.43,27.246,INTERMEDIATE,1,3,8,1,True,None,None,True,2184.284,2020-07-19T13:16:24.484000000,True
OCO,31,Renault,4,97.793,33.503,33.573,30.717,INTERMEDIATE,1,4,4,12,False,None,2376.096,True,2279.934,2020-07-19T13:18:00.134000000,False
OCO,31,Renault,5,110.086,54.617,31.71,23.759,MEDIUM,2,1,16,12,False,2400.393,None,True,2377.727,2020-07-19T13:19:37.927000000,False
OCO,31,Renault,6,87.531,31.559,31.669,24.303,MEDIUM,2,2,16,1,True,None,None,True,2487.813,2020-07-19T13:21:28.013000000,True
OCO,31,Renault,7,86.014,30.79,31.23,23.994,MEDIUM,2,3,16,1,True,None,None,True,2575.344,2020-07-19T13:22:55.544000000,True
OCO,31,Renault,8,85.551,30.303,31.154,24.094,MEDIUM,2,4,16,1,True,None,None,True,2661.358,2020-07-19T13:24:21.558000000,True
OCO,31,Renault,9,84.852,30.029,30.79,24.033,MEDIUM,2,5,16,1,True,None,None,True,2746.909,2020-07-19T13:25:47.109000000,True
OCO,31,Renault,10,84.469,29.999,30.569,23.901,MEDIUM,2,6,16,1,True,None,None,True,2831.761,2020-07-19T13:27:11.961000000,True
OCO,31,Renault,11,84.878,29.997,30.854,24.027,MEDIUM,2,7,16,1,False,None,None,True,2916.23,2020-07-19T13:28:36.430000000,True
OCO,31,Renault,12,84.545,30.031,30.267,24.247,MEDIUM,2,8,16,1,False,None,None,True,3001.108,2020-07-19T13:30:01.308000000,True
OCO,31,Renault,13,85.741,30.243,31.015,24.483,MEDIUM,2,9,16,1,False,None,None,True,3085.653,2020-07-19T13:31:25.853000000,True
OCO,31,Renault,14,86.385,30.363,31.439,24.583,MEDIUM,2,10,16,1,False,None,None,True,3171.394,2020-07-19T13:32:51.594000000,True
OCO,31,Renault,15,84.775,30.135,30.401,24.239,MEDIUM,2,11,15,1,False,None,None,True,3257.779,2020-07-19T13:34:17.979000000,True
OCO,31,Renault,16,84.384,30.425,30.037,23.922,MEDIUM,2,12,15,1,True,None,None,True,3342.554,2020-07-19T13:35:42.754000000,True
OCO,31,Renault,17,84.384,30.264,30.155,23.965,MEDIUM,2,13,15,1,False,None,None,True,3426.938,2020-07-19T13:37:07.138000000,True
OCO,31,Renault,18,84.439,30.23,30.213,23.996,MEDIUM,2,14,15,1,False,None,None,True,3511.322,2020-07-19T13:38:31.522000000,True
OCO,31,Renault,19,83.68,30.027,29.725,23.928,MEDIUM,2,15,14,1,True,None,None,True,3595.761,2020-07-19T13:39:55.961000000,True
OCO,31,Renault,20,83.496,29.93,29.867,23.699,MEDIUM,2,16,14,1,True,None,None,True,3679.441,2020-07-19T13:41:19.641000000,True
OCO,31,Renault,21,83.215,29.906,29.559,23.75,MEDIUM,2,17,13,1,True,None,None,True,3762.937,2020-07-19T13:42:43.137000000,True
OCO,31,Renault,22,83.483,29.817,29.747,23.919,MEDIUM,2,18,13,1,False,None,None,True,3846.152,2020-07-19T13:44:06.352000000,True
OCO,31,Renault,23,83.221,29.93,29.651,23.64,MEDIUM,2,19,13,1,False,None,None,True,3929.635,2020-07-19T13:45:29.835000000,True
OCO,31,Renault,24,83.283,29.845,29.555,23.883,MEDIUM,2,20,13,1,False,None,None,True,4012.856,2020-07-19T13:46:53.056000000,True
OCO,31,Renault,25,82.872,29.669,29.474,23.729,MEDIUM,2,21,13,1,True,None,None,True,4096.139,2020-07-19T13:48:16.339000000,True
OCO,31,Renault,26,85.142,29.688,31.555,23.899,MEDIUM,2,22,13,1,False,None,None,True,4179.011,2020-07-19T13:49:39.211000000,True
OCO,31,Renault,27,82.561,29.661,29.433,23.467,MEDIUM,2,23,13,1,True,None,None,True,4264.153,2020-07-19T13:51:04.353000000,True
OCO,31,Renault,28,82.642,29.649,29.354,23.639,MEDIUM,2,24,13,1,False,None,None,True,4346.714,2020-07-19T13:52:26.914000000,True
OCO,31,Renault,29,82.75,29.65,29.494,23.606,MEDIUM,2,25,13,1,False,None,None,True,4429.356,2020-07-19T13:53:49.556000000,True
OCO,31,Renault,30,83.634,29.982,29.921,23.731,MEDIUM,2,26,13,1,False,None,None,True,4512.106,2020-07-19T13:55:12.306000000,True
OCO,31,Renault,31,86.027,29.713,29.801,26.513,MEDIUM,2,27,15,1,False,None,4680.168,True,4595.74,2020-07-19T13:56:35.940000000,False
OCO,31,Renault,32,102.97,48.774,30.853,23.343,HARD,3,1,17,1,False,4702.001,None,True,4681.767,2020-07-19T13:58:01.967000000,False
OCO,31,Renault,33,82.481,29.303,29.509,23.669,HARD,3,2,17,1,True,None,None,True,4784.737,2020-07-19T13:59:44.937000000,True
OCO,31,Renault,34,82.394,29.271,29.993,23.13,HARD,3,3,15,1,True,None,None,True,4867.218,2020-07-19T14:01:07.418000000,True
OCO,31,Renault,35,82.064,29.511,29.456,23.097,HARD,3,4,15,1,True,None,None,True,4949.612,2020-07-19T14:02:29.812000000,True
OCO,31,Renault,36,81.615,29.403,29.156,23.056,HARD,3,5,14,1,True,None,None,True,5031.676,2020-07-19T14:03:51.876000000,True
OCO,31,Renault,37,80.772,29.325,28.531,22.916,HARD,3,6,14,1,True,None,None,True,5113.291,2020-07-19T14:05:13.491000000,True
OCO,31,Renault,38,80.579,29.073,28.62,22.886,HARD,3,7,14,1,True,None,None,True,5194.063,2020-07-19T14:06:34.263000000,True
OCO,31,Renault,39,80.649,29.149,28.569,22.931,HARD,3,8,14,1,False,None,None,True,5274.642,2020-07-19T14:07:54.842000000,True
OCO,31,Renault,40,80.261,29.061,28.351,22.849,HARD,3,9,14,1,True,None,None,True,5355.291,2020-07-19T14:09:15.491000000,True
OCO,31,Renault,41,80.898,29.114,28.633,23.151,HARD,3,10,14,12,False,None,None,True,5435.552,2020-07-19T14:10:35.752000000,True
OCO,31,Renault,42,80.884,29.132,28.742,23.01,HARD,3,11,14,21,False,None,None,True,5516.45,2020-07-19T14:11:56.650000000,True
OCO,31,Renault,43,81.625,29.276,29.053,23.296,HARD,3,12,14,1,False,None,None,True,5597.334,2020-07-19T14:13:17.534000000,True
OCO,31,Renault,44,81.008,29.134,28.81,23.064,HARD,3,13,14,1,False,None,None,True,5678.959,2020-07-19T14:14:39.159000000,True
OCO,31,Renault,45,81.168,29.189,28.799,23.18,HARD,3,14,14,1,False,None,None,True,5759.967,2020-07-19T14:16:00.167000000,True
OCO,31,Renault,46,81.326,29.12,28.976,23.23,HARD,3,15,14,1,False,None,None,True,5841.135,2020-07-19T14:17:21.335000000,True
OCO,31,Renault,47,80.844,28.997,28.895,22.952,HARD,3,16,13,1,False,None,None,True,5922.461,2020-07-19T14:18:42.661000000,True
OCO,31,Renault,48,84.388,29.18,30.742,24.466,HARD,3,17,13,1,False,None,None,True,6003.305,2020-07-19T14:20:03.505000000,True
OCO,31,Renault,49,80.35,28.795,28.612,22.943,HARD,3,18,13,1,False,None,None,True,6087.693,2020-07-19T14:21:27.893000000,True
OCO,31,Renault,50,80.494,29.13,28.604,22.76,HARD,3,19,13,1,False,None,None,True,6168.043,2020-07-19T14:22:48.243000000,True
OCO,31,Renault,51,80.59,29.02,28.722,22.848,HARD,3,20,13,1,False,None,None,True,6248.537,2020-07-19T14:24:08.737000000,True
OCO,31,Renault,52,80.545,29.087,28.618,22.84,HARD,3,21,13,1,False,None,None,True,6329.127,2020-07-19T14:25:29.327000000,True
OCO,31,Renault,53,80.555,29.027,28.681,22.847,HARD,3,22,13,1,False,None,None,True,6409.672,2020-07-19T14:26:49.872000000,True
OCO,31,Renault,54,80.595,29.025,28.495,23.075,HARD,3,23,13,1,False,None,None,True,6490.227,2020-07-19T14:28:10.427000000,True
OCO,31,Renault,55,80.664,29.019,28.636,23.009,HARD,3,24,13,1,False,None,None,True,6570.822,2020-07-19T14:29:31.022000000,True
OCO,31,Renault,56,81.25,29.083,28.946,23.221,HARD,3,25,13,1,False,None,None,True,6651.486,2020-07-19T14:30:51.686000000,True
OCO,31,Renault,57,81.492,29.037,29.15,23.305,HARD,3,26,13,1,False,None,None,True,6732.736,2020-07-19T14:32:12.936000000,True
OCO,31,Renault,58,83.148,30.159,29.437,23.552,HARD,3,27,13,1,False,None,None,True,6814.228,2020-07-19T14:33:34.428000000,True
OCO,31,Renault,59,81.829,29.438,29.246,23.145,HARD,3,28,13,1,False,None,None,True,6897.376,2020-07-19T14:34:57.576000000,True
OCO,31,Renault,60,81.649,29.135,29.23,23.284,HARD,3,29,13,1,False,None,None,True,6979.205,2020-07-19T14:36:19.405000000,True
OCO,31,Renault,61,81.406,29.159,29.105,23.142,HARD,3,30,13,1,False,None,None,True,7060.854,2020-07-19T14:37:41.054000000,True
OCO,31,Renault,62,81.504,29.142,29.116,23.246,HARD,3,31,13,1,False,None,None,True,7142.26,2020-07-19T14:39:02.460000000,True
OCO,31,Renault,63,82.238,29.655,29.272,23.311,HARD,3,32,13,1,False,None,None,True,7223.764,2020-07-19T14:40:23.964000000,True
OCO,31,Renault,64,81.279,29.106,28.998,23.175,HARD,3,33,13,1,False,None,None,True,7306.002,2020-07-19T14:41:46.202000000,True
OCO,31,Renault,65,81.517,29.188,29.148,23.181,HARD,3,34,13,1,False,None,None,True,7387.281,2020-07-19T14:43:07.481000000,True
OCO,31,Renault,66,81.282,29.307,28.893,23.082,HARD,3,35,13,1,False,None,None,True,7468.798,2020-07-19T14:44:28.998000000,True
OCO,31,Renault,67,82.12,29.088,29.723,23.309,HARD,3,36,13,1,False,None,None,True,7550.08,2020-07-19T14:45:50.280000000,True
OCO,31,Renault,68,81.418,29.175,29.086,23.157,HARD,3,37,13,1,False,None,None,True,7632.2,2020-07-19T14:47:12.400000000,True
OCO,31,Renault,69,83.447,29.648,29.967,23.832,HARD,3,38,14,1,False,None,None,True,7713.618,2020-07-19T14:48:33.818000000,True
PER,11,Racing Point,1,103.895,None,36.098,27.046,INTERMEDIATE,1,1,7,1,False,None,None,True,1977.486,2020-07-19T13:12:57.686000000,False
PER,11,Racing Point,2,95.32,33.236,35.302,26.782,INTERMEDIATE,1,2,5,1,True,None,None,True,2081.562,2020-07-19T13:14:41.762000000,True
PER,11,Racing Point,3,98.609,33.03,34.372,31.207,INTERMEDIATE,1,3,5,1,False,None,2273.833,True,2176.882,2020-07-19T13:16:17.082000000,False
PER,11,Racing Point,4,113.691,54.031,33.834,25.826,MEDIUM,2,6,12,12,False,2297.132,None,False,2275.491,2020-07-19T13:17:55.691000000,False
PER,11,Racing Point,5,94.809,32.204,36.403,26.202,MEDIUM,2,7,10,1,True,None,None,False,2389.182,2020-07-19T13:19:49.382000000,True
PER,11,Racing Point,6,86.792,31.619,31.375,23.798,MEDIUM,2,8,10,1,True,None,None,False,2483.991,2020-07-19T13:21:24.191000000,True
PER,11,Racing Point,7,85.14,30.76,30.832,23.548,MEDIUM,2,9,10,1,True,None,None,False,2570.783,2020-07-19T13:22:50.983000000,True
PER,11,Racing Point,8,84.052,30.365,30.058,23.629,MEDIUM,2,10,10,1,True,None,None,False,2655.923,2020-07-19T13:24:16.123000000,True
PER,11,Racing Point,9,83.551,30.181,29.71,23.66,MEDIUM,2,11,10,1,True,None,None,False,2739.975,2020-07-19T13:25:40.175000000,True
PER,11,Racing Point,10,83.103,30.013,29.642,23.448,MEDIUM,2,12,10,1,True,None,None,False,2823.526,2020-07-19T13:27:03.726000000,True
PER,11,Racing Point,11,83.304,29.828,29.587,23.889,MEDIUM,2,13,10,1,False,None,None,False,2906.629,2020-07-19T13:28:26.829000000,True
PER,11,Racing Point,12,84.015,29.855,30.272,23.888,MEDIUM,2,14,10,1,False,None,None,False,2989.933,2020-07-19T13:29:50.133000000,True
PER,11,Racing Point,13,83.596,29.71,29.934,23.952,MEDIUM,2,15,10,1,False,None,None,False,3073.948,2020-07-19T13:31:14.148000000,True
PER,11,Racing Point,14,83.501,29.839,29.925,23.737,MEDIUM,2,16,10,1,False,None,None,False,3157.544,2020-07-19T13:32:37.744000000,True
PER,11,Racing Point,15,84.006,29.667,30.277,24.062,MEDIUM,2,17,10,1,False,None,None,False,3241.045,2020-07-19T13:34:01.245000000,True
PER,11,Racing Point,16,84.223,29.805,30.521,23.897,MEDIUM,2,18,10,1,False,None,None,False,3325.051,2020-07-19T13:35:25.251000000,True
PER,11,Racing Point,17,84.352,29.696,30.66,23.996,MEDIUM,2,19,10,1,False,None,None,False,3409.274,2020-07-19T13:36:49.474000000,True
PER,11,Racing Point,18,84.961,29.883,30.921,24.157,MEDIUM,2,20,10,1,False,None,None,False,3493.626,2020-07-19T13:38:13.826000000,True
PER,11,Racing Point,19,85.525,30.002,31.213,24.31,MEDIUM,2,21,10,1,False,None,None,False,3578.587,2020-07-19T13:39:38.787000000,True
PER,11,Racing Point,20,85.517,30.363,31.098,24.056,MEDIUM,2,22,9,1,False,None,None,False,3664.112,2020-07-19T13:41:04.312000000,True
PER,11,Racing Point,21,81.769,28.971,29.124,23.674,MEDIUM,2,23,9,1,True,None,None,False,3749.629,2020-07-19T13:42:29.829000000,True
PER,11,Racing Point,22,82.09,29.539,29.165,23.386,MEDIUM,2,24,9,1,False,None,None,False,3831.398,2020-07-19T13:43:51.598000000,True
PER,11,Racing Point,23,81.914,29.383,29.038,23.493,MEDIUM,2,25,9,1,False,None,None,False,3913.488,2020-07-19T13:45:13.688000000,True
PER,11,Racing Point,24,81.928,29.284,29.102,23.542,MEDIUM,2,26,9,1,False,None,None,False,3995.402,2020-07-19T13:46:35.602000000,True
PER,11,Racing Point,25,82.159,29.411,29.273,23.475,MEDIUM,2,27,9,1,False,None,None,False,4077.33,2020-07-19T13:47:57.530000000,True
PER,11,Racing Point,26,82.231,29.437,29.3,23.494,MEDIUM,2,28,9,1,False,None,None,False,4159.489,2020-07-19T13:49:19.689000000,True
PER,11,Racing Point,27,82.555,29.458,29.538,23.559,MEDIUM,2,29,9,1,False,None,None,False,4241.72,2020-07-19T13:50:41.920000000,True
PER,11,Racing Point,28,83.108,29.465,29.831,23.812,MEDIUM,2,30,9,1,False,None,None,False,4324.275,2020-07-19T13:52:04.475000000,True
PER,11,Racing Point,29,83.982,29.687,30.142,24.153,MEDIUM,2,31,8,1,False,None,None,False,4407.383,2020-07-19T13:53:27.583000000,True
PER,11,Racing Point,30,83.491,29.332,30.296,23.863,MEDIUM,2,32,8,1,False,None,None,False,4491.365,2020-07-19T13:54:51.565000000,True
PER,11,Racing Point,31,82.171,29.222,29.562,23.387,MEDIUM,2,33,7,1,False,None,None,False,4574.856,2020-07-19T13:56:15.056000000,True
PER,11,Racing Point,32,82.479,29.647,29.293,23.539,MEDIUM,2,34,7,1,False,None,None,False,4657.027,2020-07-19T13:57:37.227000000,True
PER,11,Racing Point,33,82.461,29.527,29.41,23.524,MEDIUM,2,35,7,1,False,None,None,False,4739.506,2020-07-19T13:58:59.706000000,True
PER,11,Racing Point,34,82.811,29.568,29.799,23.444,MEDIUM,2,36,6,1,False,None,None,False,4821.967,2020-07-19T14:00:22.167000000,True
PER,11,Racing Point,35,86.055,29.405,30.571,26.079,MEDIUM,2,37,6,1,False,None,4989.188,False,4904.778,2020-07-19T14:01:44.978000000,False
PER,11,Racing Point,36,100.279,48.076,29.267,22.936,HARD,3,1,10,1,False,5011.255,None,True,4990.833,2020-07-19T14:03:11.033000000,False
PER,11,Racing Point,37,81.763,28.945,29.79,23.028,HARD,3,2,10,1,True,None,None,True,5091.112,2020-07-19T14:04:51.312000000,True
PER,11,Racing Point,38,81.282,28.954,29.454,22.874,HARD,3,3,10,1,True,None,None,True,5172.875,2020-07-19T14:06:13.075000000,True
PER,11,Racing Point,39,80.09,28.761,28.671,22.658,HARD,3,4,9,1,True,None,None,True,5254.157,2020-07-19T14:07:34.357000000,True
PER,11,Racing Point,40,80.445,28.933,28.642,22.87,HARD,3,5,9,1,False,None,None,True,5334.247,2020-07-19T14:08:54.447000000,True
PER,11,Racing Point,41,80.431,29.091,28.446,22.894,HARD,3,6,8,1,False,None,None,True,5414.692,2020-07-19T14:10:14.892000000,True
PER,11,Racing Point,42,80.212,28.913,28.387,22.912,HARD,3,7,8,12,False,None,None,True,5495.123,2020-07-19T14:11:35.323000000,True
PER,11,Racing Point,43,80.602,28.955,28.38,23.267,HARD,3,8,8,1,False,None,None,True,5575.335,2020-07-19T14:12:55.535000000,True
PER,11,Racing Point,44,80.686,29.159,28.491,23.036,HARD,3,9,7,1,False,None,None,True,5655.937,2020-07-19T14:14:16.137000000,True
PER,11,Racing Point,45,80.214,28.97,28.374,22.87,HARD,3,10,7,1,False,None,None,True,5736.623,2020-07-19T14:15:36.823000000,True
PER,11,Racing Point,46,80.589,28.978,28.563,23.048,HARD,3,11,7,1,False,None,None,True,5816.837,2020-07-19T14:16:57.037000000,True
PER,11,Racing Point,47,80.582,29.068,28.453,23.061,HARD,3,12,7,1,False,None,None,True,5897.426,2020-07-19T14:18:17.626000000,True
PER,11,Racing Point,48,80.267,28.941,28.515,22.811,HARD,3,13,7,1,False,None,None,True,5978.008,2020-07-19T14:19:38.208000000,True
PER,11,Racing Point,49,80.604,29.007,28.597,23.0,HARD,3,14,7,1,False,None,None,True,6058.275,2020-07-19T14:20:58.475000000,True
PER,11,Racing Point,50,80.715,29.124,28.591,23.0,HARD,3,15,7,1,False,None,None,True,6138.879,2020-07-19T14:22:19.079000000,True
PER,11,Racing Point,51,80.31,28.967,28.492,22.851,HARD,3,16,7,1,False,None,None,True,6219.594,2020-07-19T14:23:39.794000000,True
PER,11,Racing Point,52,80.556,28.994,28.652,22.91,HARD,3,17,7,1,False,None,None,True,6299.904,2020-07-19T14:25:00.104000000,True
PER,11,Racing Point,53,82.608,29.034,29.149,24.425,HARD,3,18,7,1,False,None,None,True,6380.46,2020-07-19T14:26:20.660000000,True
PER,11,Racing Point,54,80.952,28.876,29.004,23.072,HARD,3,19,7,1,False,None,None,True,6463.068,2020-07-19T14:27:43.268000000,True
PER,11,Racing Point,55,80.308,28.936,28.461,22.911,HARD,3,20,7,1,False,None,None,True,6544.02,2020-07-19T14:29:04.220000000,True
PER,11,Racing Point,56,81.065,29.067,28.742,23.256,HARD,3,21,7,1,False,None,None,True,6624.328,2020-07-19T14:30:24.528000000,True
PER,11,Racing Point,57,80.922,29.102,28.701,23.119,HARD,3,22,7,1,False,None,None,True,6705.393,2020-07-19T14:31:45.593000000,True
PER,11,Racing Point,58,80.606,29.058,28.512,23.036,HARD,3,23,7,1,False,None,None,True,6786.315,2020-07-19T14:33:06.515000000,True
PER,11,Racing Point,59,80.696,29.109,28.685,22.902,HARD,3,24,7,1,False,None,None,True,6866.921,2020-07-19T14:34:27.121000000,True
PER,11,Racing Point,60,80.49,29.101,28.488,22.901,HARD,3,25,7,1,False,None,None,True,6947.617,2020-07-19T14:35:47.817000000,True
PER,11,Racing Point,61,80.968,29.096,28.774,23.098,HARD,3,26,7,1,False,None,None,True,7028.107,2020-07-19T14:37:08.307000000,True
PER,11,Racing Point,62,80.735,28.999,28.722,23.014,HARD,3,27,7,1,False,None,None,True,7109.075,2020-07-19T14:38:29.275000000,True
PER,11,Racing Point,63,80.248,28.869,28.449,22.93,HARD,3,28,7,1,False,None,None,True,7189.81,2020-07-19T14:39:50.010000000,True
PER,11,Racing Point,64,80.478,28.877,28.679,22.922,HARD,3,29,7,1,False,None,None,True,7270.058,2020-07-19T14:41:10.258000000,True
PER,11,Racing Point,65,80.424,28.772,28.465,23.187,HARD,3,30,7,1,False,None,None,True,7350.536,2020-07-19T14:42:30.736000000,True
PER,11,Racing Point,66,80.947,28.895,29.066,22.986,HARD,3,31,7,1,False,None,None,True,7430.96,2020-07-19T14:43:51.160000000,True
PER,11,Racing Point,67,82.051,28.678,29.315,24.058,HARD,3,32,7,1,False,None,None,True,7511.907,2020-07-19T14:45:12.107000000,True
PER,11,Racing Point,68,81.797,29.144,29.428,23.225,HARD,3,33,7,1,False,None,None,True,7593.958,2020-07-19T14:46:34.158000000,True
PER,11,Racing Point,69,81.011,28.95,29.027,23.034,HARD,3,34,7,1,False,None,None,True,7675.755,2020-07-19T14:47:55.955000000,True
RAI,7,Alfa Romeo Racing,1,109.757,None,38.444,28.031,INTERMEDIATE,1,1,14,1,False,None,None,True,1977.486,2020-07-19T13:12:57.686000000,False
RAI,7,Alfa Romeo Racing,2,98.389,34.169,35.598,28.622,INTERMEDIATE,1,2,15,1,True,None,None,True,2087.385,2020-07-19T13:14:47.585000000,True
RAI,7,Alfa Romeo Racing,3,100.357,33.933,35.756,30.668,INTERMEDIATE,1,3,14,1,False,None,2284.512,True,2185.774,2020-07-19T13:16:25.974000000,False
RAI,7,Alfa Romeo Racing,4,111.984,54.939,33.031,24.014,MEDIUM,2,1,19,12,False,2306.78,None,True,2286.131,2020-07-19T13:18:06.331000000,False
RAI,7,Alfa Romeo Racing,5,88.463,31.974,31.978,24.511,MEDIUM,2,2,15,1,True,None,None,True,2398.115,2020-07-19T13:19:58.315000000,True
RAI,7,Alfa Romeo Racing,6,88.243,32.249,31.874,24.12,MEDIUM,2,3,15,1,True,None,None,True,2486.578,2020-07-19T13:21:26.778000000,True
RAI,7,Alfa Romeo Racing,7,85.864,30.968,31.145,23.751,MEDIUM,2,4,15,1,True,None,None,True,2574.821,2020-07-19T13:22:55.021000000,True
RAI,7,Alfa Romeo Racing,8,85.351,30.669,30.9,23.782,MEDIUM,2,5,15,1,True,None,None,True,2660.685,2020-07-19T13:24:20.885000000,True
RAI,7,Alfa Romeo Racing,9,84.731,30.586,30.591,23.554,MEDIUM,2,6,15,1,True,None,None,True,2746.036,2020-07-19T13:25:46.236000000,True
RAI,7,Alfa Romeo Racing,10,84.43,30.327,30.528,23.575,MEDIUM,2,7,15,1,True,None,None,True,2830.767,2020-07-19T13:27:10.967000000,True
RAI,7,Alfa Romeo Racing,11,84.555,30.461,30.442,23.652,MEDIUM,2,8,15,1,False,None,None,True,2915.197,2020-07-19T13:28:35.397000000,True
RAI,7,Alfa Romeo Racing,12,84.369,30.176,30.439,23.754,MEDIUM,2,9,15,1,True,None,None,True,2999.752,2020-07-19T13:29:59.952000000,True
RAI,7,Alfa Romeo Racing,13,86.43,30.736,31.212,24.482,MEDIUM,2,10,15,1,False,None,None,True,3084.121,2020-07-19T13:31:24.321000000,True
RAI,7,Alfa Romeo Racing,14,83.027,29.744,29.682,23.601,MEDIUM,2,11,14,1,True,None,None,True,3170.551,2020-07-19T13:32:50.751000000,True
RAI,7,Alfa Romeo Racing,15,84.377,29.979,30.111,24.287,MEDIUM,2,12,14,1,False,None,None,True,3253.578,2020-07-19T13:34:13.778000000,True
RAI,7,Alfa Romeo Racing,16,84.145,29.883,30.422,23.84,MEDIUM,2,13,14,1,False,None,None,True,3337.955,2020-07-19T13:35:38.155000000,True
RAI,7,Alfa Romeo Racing,17,85.373,30.21,31.008,24.155,MEDIUM,2,14,14,1,False,None,None,True,3422.1,2020-07-19T13:37:02.300000000,True
RAI,7,Alfa Romeo Racing,18,85.589,30.525,31.156,23.908,MEDIUM,2,15,13,1,False,None,None,True,3507.473,2020-07-19T13:38:27.673000000,True
RAI,7,Alfa Romeo Racing,19,83.293,29.59,29.901,23.802,MEDIUM,2,16,13,1,False,None,None,True,3593.062,2020-07-19T13:39:53.262000000,True
RAI,7,Alfa Romeo Racing,20,83.665,29.89,30.029,23.746,MEDIUM,2,17,13,1,False,None,None,True,3676.355,2020-07-19T13:41:16.555000000,True
RAI,7,Alfa Romeo Racing,21,83.295,29.704,29.906,23.685,MEDIUM,2,18,12,1,False,None,None,True,3760.02,2020-07-19T13:42:40.220000000,True
RAI,7,Alfa Romeo Racing,22,83.135,29.742,29.758,23.635,MEDIUM,2,19,12,1,False,None,None,True,3843.315,2020-07-19T13:44:03.515000000,True
RAI,7,Alfa Romeo Racing,23,83.112,29.778,29.617,23.717,MEDIUM,2,20,12,1,False,None,None,True,3926.45,2020-07-19T13:45:26.650000000,True
RAI,7,Alfa Romeo Racing,24,83.205,29.703,29.85,23.652,MEDIUM,2,21,12,1,False,None,None,True,4009.562,2020-07-19T13:46:49.762000000,True
RAI,7,Alfa Romeo Racing,25,83.326,29.746,29.814,23.766,MEDIUM,2,22,12,1,False,None,None,True,4092.767,2020-07-19T13:48:12.967000000,True
RAI,7,Alfa Romeo Racing,26,83.377,29.909,29.802,23.666,MEDIUM,2,23,12,1,False,None,None,True,4176.093,2020-07-19T13:49:36.293000000,True
RAI,7,Alfa Romeo Racing,27,82.84,29.737,29.607,23.496,MEDIUM,2,24,12,1,True,None,None,True,4259.47,2020-07-19T13:50:59.670000000,True
RAI,7,Alfa Romeo Racing,28,84.798,29.835,31.268,23.695,MEDIUM,2,25,12,1,False,None,None,True,4342.31,2020-07-19T13:52:22.510000000,True
RAI,7,Alfa Romeo Racing,29,83.166,29.791,29.729,23.646,MEDIUM,2,26,12,1,False,None,None,True,4427.108,2020-07-19T13:53:47.308000000,True
RAI,7,Alfa Romeo Racing,30,83.124,29.85,29.735,23.539,MEDIUM,2,27,11,1,False,None,None,True,4510.274,2020-07-19T13:55:10.474000000,True
RAI,7,Alfa Romeo Racing,31,84.084,30.346,30.176,23.562,MEDIUM,2,28,12,1,False,None,None,True,4593.398,2020-07-19T13:56:33.598000000,True
RAI,7,Alfa Romeo Racing,32,83.431,29.98,29.778,23.673,MEDIUM,2,29,12,1,False,None,None,True,4677.482,2020-07-19T13:57:57.682000000,True
RAI,7,Alfa Romeo Racing,33,86.226,29.869,29.845,26.512,MEDIUM,2,30,13,1,False,None,4845.387,True,4760.913,2020-07-19T13:59:21.113000000,False
RAI,7,Alfa Romeo Racing,34,109.464,54.154,31.591,23.719,HARD,3,1,17,1,False,4872.621,None,True,4847.139,2020-07-19T14:00:47.339000000,False
RAI,7,Alfa Romeo Racing,35,82.241,29.373,29.981,22.887,HARD,3,2,17,1,True,None,None,True,4956.603,2020-07-19T14:02:36.803000000,True
RAI,7,Alfa Romeo Racing,36,83.753,30.451,30.181,23.121,HARD,3,3,17,1,False,None,None,True,5038.844,2020-07-19T14:03:59.044000000,True
RAI,7,Alfa Romeo Racing,37,81.625,29.027,29.489,23.109,HARD,3,4,17,1,True,None,None,True,5122.597,2020-07-19T14:05:22.797000000,True
RAI,7,Alfa Romeo Racing,38,84.009,29.403,29.641,24.965,HARD,3,5,17,1,False,None,None,True,5204.222,2020-07-19T14:06:44.422000000,True
RAI,7,Alfa Romeo Racing,39,82.616,29.197,30.022,23.397,HARD,3,6,17,1,False,None,None,True,5288.231,2020-07-19T14:08:08.431000000,True
RAI,7,Alfa Romeo Racing,40,81.83,29.185,29.545,23.1,HARD,3,7,17,1,False,None,None,True,5370.847,2020-07-19T14:09:31.047000000,True
RAI,7,Alfa Romeo Racing,41,81.73,29.242,29.436,23.052,HARD,3,8,17,12,False,None,None,True,5452.677,2020-07-19T14:10:52.877000000,True
RAI,7,Alfa Romeo Racing,42,81.733,29.239,29.505,22.989,HARD,3,9,17,1,False,None,None,True,5534.407,2020-07-19T14:12:14.607000000,True
RAI,7,Alfa Romeo Racing,43,82.199,29.278,29.925,22.996,HARD,3,10,17,1,False,None,None,True,5616.14,2020-07-19T14:13:36.340000000,True
RAI,7,Alfa Romeo Racing,44,81.055,29.128,29.096,22.831,HARD,3,11,17,1,True,None,None,True,5698.339,2020-07-19T14:14:58.539000000,True
RAI,7,Alfa Romeo Racing,45,81.26,29.137,29.153,22.97,HARD,3,12,17,1,False,None,None,True,5779.394,2020-07-19T14:16:19.594000000,True
RAI,7,Alfa Romeo Racing,46,81.477,29.153,29.388,22.936,HARD,3,13,17,1,False,None,None,True,5860.654,2020-07-19T14:17:40.854000000,True
RAI,7,Alfa Romeo Racing,47,81.317,29.153,29.169,22.995,HARD,3,14,17,1,False,None,None,True,5942.131,2020-07-19T14:19:02.331000000,True
RAI,7,Alfa Romeo Racing,48,81.37,29.176,29.172,23.022,HARD,3,15,17,1,False,None,None,True,6023.448,2020-07-19T14:20:23.648000000,True
RAI,7,Alfa Romeo Racing,49,82.811,29.238,29.309,24.264,HARD,3,16,17,1,False,None,None,True,6104.818,2020-07-19T14:21:45.018000000,True
RAI,7,Alfa Romeo Racing,50,82.069,29.092,29.775,23.202,HARD,3,17,16,1,False,None,None,True,6187.629,2020-07-19T14:23:07.829000000,True
RAI,7,Alfa Romeo Racing,51,82.033,29.279,29.476,23.278,HARD,3,18,16,1,False,None,None,True,6269.698,2020-07-19T14:24:29.898000000,True
RAI,7,Alfa Romeo Racing,52,80.854,29.17,28.837,22.847,HARD,3,19,16,1,True,None,None,True,6351.731,2020-07-19T14:25:51.931000000,True
RAI,7,Alfa Romeo Racing,53,80.583,29.109,28.734,22.74,HARD,3,20,16,1,True,None,None,True,6432.585,2020-07-19T14:27:12.785000000,True
RAI,7,Alfa Romeo Racing,54,80.533,29.074,28.682,22.777,HARD,3,21,16,1,True,None,None,True,6513.168,2020-07-19T14:28:33.368000000,True
RAI,7,Alfa Romeo Racing,55,80.568,29.103,28.664,22.801,HARD,3,22,16,1,False,None,None,True,6593.701,2020-07-19T14:29:53.901000000,True
RAI,7,Alfa Romeo Racing,56,80.409,29.067,28.486,22.856,HARD,3,23,16,1,True,None,None,True,6674.269,2020-07-19T14:31:14.469000000,True
RAI,7,Alfa Romeo Racing,57,81.39,29.762,28.717,22.911,HARD,3,24,16,1,False,None,None,True,6754.678,2020-07-19T14:32:34.878000000,True
RAI,7,Alfa Romeo Racing,58,80.512,29.059,28.602,22.851,HARD,3,25,16,1,False,None,None,True,6836.068,2020-07-19T14:33:56.268000000,True
RAI,7,Alfa Romeo Racing,59,80.484,29.07,28.739,22.675,HARD,3,26,16,1,False,None,None,True,6916.58,2020-07-19T14:35:16.780000000,True
RAI,7,Alfa Romeo Racing,60,80.524,29.024,28.563,22.937,HARD,3,27,16,1,False,None,None,True,6997.064,2020-07-19T14:36:37.264000000,True
RAI,7,Alfa Romeo Racing,61,80.232,28.851,28.615,22.766,HARD,3,28,16,1,True,None,None,True,7077.588,2020-07-19T14:37:57.788000000,True
RAI,7,Alfa Romeo Racing,62,80.568,29.022,28.751,22.795,HARD,3,29,16,1,False,None,None,True,7157.82,2020-07-19T14:39:18.020000000,True
RAI,7,Alfa Romeo Racing,63,80.348,28.995,28.549,22.804,HARD,3,30,16,1,False,None,None,True,7238.388,2020-07-19T14:40:38.588000000,True
RAI,7,Alfa Romeo Racing,64,81.117,29.02,28.758,23.339,HARD,3,31,16,1,False,None,None,True,7318.736,2020-07-19T14:41:58.936000000,True
RAI,7,Alfa Romeo Racing,65,80.478,29.008,28.689,22.781,HARD,3,32,16,1,False,None,None,True,7399.853,2020-07-19T14:43:20.053000000,True
RAI,7,Alfa Romeo Racing,66,80.737,29.084,28.842,22.811,HARD,3,33,16,1,False,None,None,True,7480.331,2020-07-19T14:44:40.531000000,True
RAI,7,Alfa Romeo Racing,67,80.889,28.803,28.849,22.838,HARD,3,34,16,1,False,None,None,True,7561.068,2020-07-19T14:46:01.268000000,True
RAI,7,Alfa Romeo Racing,68,80.635,28.863,28.739,23.033,HARD,3,35,16,1,False,None,None,True,7641.558,2020-07-19T14:47:21.758000000,True
RAI,7,Alfa Romeo Racing,69,81.513,29.052,29.194,23.267,HARD,3,36,16,1,False,None,None,True,7722.193,2020-07-19T14:48:42.393000000,True
RIC,3,Renault,1,105.692,None,37.402,27.033,INTERMEDIATE,1,1,9,1,False,None,None,True,1977.486,2020-07-19T13:12:57.686000000,False
RIC,3,Renault,2,96.511,34.093,35.521,26.897,INTERMEDIATE,1,2,9,1,True,None,None,True,2083.32,2020-07-19T13:14:43.520000000,True
RIC,3,Renault,3,95.918,33.896,35.001,27.021,INTERMEDIATE,1,3,6,1,True,None,None,True,2179.831,2020-07-19T13:16:20.031000000,True
RIC,3,Renault,4,97.019,33.347,34.1,29.572,INTERMEDIATE,1,4,2,12,False,None,2371.135,True,2275.749,2020-07-19T13:17:55.949000000,False
RIC,3,Renault,5,111.736,53.662,33.048,25.026,MEDIUM,2,4,11,12,False,2393.102,None,False,2372.768,2020-07-19T13:19:32.968000000,False
RIC,3,Renault,6,87.28,31.776,31.778,23.726,MEDIUM,2,5,11,1,True,None,None,False,2484.504,2020-07-19T13:21:24.704000000,True
RIC,3,Renault,7,85.192,30.959,30.783,23.45,MEDIUM,2,6,11,1,True,None,None,False,2571.784,2020-07-19T13:22:51.984000000,True
RIC,3,Renault,8,83.968,30.314,30.313,23.341,MEDIUM,2,7,11,1,True,None,None,False,2656.976,2020-07-19T13:24:17.176000000,True
RIC,3,Renault,9,83.543,30.071,30.062,23.41,MEDIUM,2,8,11,1,True,None,None,False,2740.944,2020-07-19T13:25:41.144000000,True
RIC,3,Renault,10,83.226,29.768,30.024,23.434,MEDIUM,2,9,11,1,True,None,None,False,2824.487,2020-07-19T13:27:04.687000000,True
RIC,3,Renault,11,83.54,29.892,29.986,23.662,MEDIUM,2,10,11,1,False,None,None,False,2907.713,2020-07-19T13:28:27.913000000,True
RIC,3,Renault,12,83.755,29.887,30.244,23.624,MEDIUM,2,11,11,1,False,None,None,False,2991.253,2020-07-19T13:29:51.453000000,True
RIC,3,Renault,13,83.599,29.976,29.997,23.626,MEDIUM,2,12,11,1,False,None,None,False,3075.008,2020-07-19T13:31:15.208000000,True
RIC,3,Renault,14,83.445,29.896,29.889,23.66,MEDIUM,2,13,11,1,False,None,None,False,3158.607,2020-07-19T13:32:38.807000000,True
RIC,3,Renault,15,83.65,29.922,29.989,23.739,MEDIUM,2,14,11,1,False,None,None,False,3242.052,2020-07-19T13:34:02.252000000,True
RIC,3,Renault,16,84.201,30.013,30.317,23.871,MEDIUM,2,15,11,1,False,None,None,False,3325.702,2020-07-19T13:35:25.902000000,True
RIC,3,Renault,17,84.37,29.908,30.438,24.024,MEDIUM,2,16,11,1,False,None,None,False,3409.903,2020-07-19T13:36:50.103000000,True
RIC,3,Renault,18,84.933,30.03,30.707,24.196,MEDIUM,2,17,11,1,False,None,None,False,3494.273,2020-07-19T13:38:14.473000000,True
RIC,3,Renault,19,85.251,30.037,31.003,24.211,MEDIUM,2,18,11,1,False,None,None,False,3579.206,2020-07-19T13:39:39.406000000,True
RIC,3,Renault,20,85.736,30.181,31.516,24.039,MEDIUM,2,19,10,1,False,None,None,False,3664.457,2020-07-19T13:41:04.657000000,True
RIC,3,Renault,21,83.038,29.621,29.656,23.761,MEDIUM,2,20,10,1,True,None,None,False,3750.193,2020-07-19T13:42:30.393000000,True
RIC,3,Renault,22,83.003,30.027,29.409,23.567,MEDIUM,2,21,10,1,True,None,None,False,3833.231,2020-07-19T13:43:53.431000000,True
RIC,3,Renault,23,82.79,29.649,29.433,23.708,MEDIUM,2,22,10,1,True,None,None,False,3916.234,2020-07-19T13:45:16.434000000,True
RIC,3,Renault,24,82.704,29.6,29.489,23.615,MEDIUM,2,23,10,1,True,None,None,False,3999.024,2020-07-19T13:46:39.224000000,True
RIC,3,Renault,25,82.728,29.712,29.447,23.569,MEDIUM,2,24,10,1,False,None,None,False,4081.728,2020-07-19T13:48:01.928000000,True
RIC,3,Renault,26,82.687,29.642,29.481,23.564,MEDIUM,2,25,10,1,True,None,None,False,4164.456,2020-07-19T13:49:24.656000000,True
RIC,3,Renault,27,82.509,29.571,29.357,23.581,MEDIUM,2,26,10,1,True,None,None,False,4247.143,2020-07-19T13:50:47.343000000,True
RIC,3,Renault,28,82.605,29.566,29.523,23.516,MEDIUM,2,27,10,1,False,None,None,False,4329.652,2020-07-19T13:52:09.852000000,True
RIC,3,Renault,29,82.462,29.481,29.447,23.534,MEDIUM,2,28,10,1,True,None,None,False,4412.257,2020-07-19T13:53:32.457000000,True
RIC,3,Renault,30,83.714,29.696,29.99,24.028,MEDIUM,2,29,9,1,False,None,None,False,4494.719,2020-07-19T13:54:54.919000000,True
RIC,3,Renault,31,82.645,29.576,29.488,23.581,MEDIUM,2,30,9,1,False,None,None,False,4578.433,2020-07-19T13:56:18.633000000,True
RIC,3,Renault,32,83.159,29.63,29.735,23.794,MEDIUM,2,31,9,1,False,None,None,False,4661.078,2020-07-19T13:57:41.278000000,True
RIC,3,Renault,33,82.107,29.761,29.109,23.237,MEDIUM,2,32,8,1,True,None,None,False,4744.237,2020-07-19T13:59:04.437000000,True
RIC,3,Renault,34,82.318,29.535,29.528,23.255,MEDIUM,2,33,8,1,False,None,None,False,4826.344,2020-07-19T14:00:26.544000000,True
RIC,3,Renault,35,82.16,29.377,29.498,23.285,MEDIUM,2,34,7,1,False,None,None,False,4908.662,2020-07-19T14:01:48.862000000,True
RIC,3,Renault,36,81.567,29.398,29.021,23.148,MEDIUM,2,35,5,1,True,None,None,False,4990.822,2020-07-19T14:03:11.022000000,True
RIC,3,Renault,37,81.545,29.319,28.995,23.231,MEDIUM,2,36,5,1,True,None,None,False,5072.389,2020-07-19T14:04:32.589000000,True
RIC,3,Renault,38,81.562,29.353,28.99,23.219,MEDIUM,2,37,5,1,False,None,None,False,5153.934,2020-07-19T14:05:54.134000000,True
RIC,3,Renault,39,81.72,29.411,29.093,23.216,MEDIUM,2,38,5,1,False,None,None,False,5235.496,2020-07-19T14:07:15.696000000,True
RIC,3,Renault,40,81.426,29.258,28.908,23.26,MEDIUM,2,39,5,1,True,None,None,False,5317.216,2020-07-19T14:08:37.416000000,True
RIC,3,Renault,41,81.566,29.351,28.937,23.278,MEDIUM,2,40,5,1,False,None,None,False,5398.642,2020-07-19T14:09:58.842000000,True
RIC,3,Renault,42,82.376,29.44,29.646,23.29,MEDIUM,2,41,5,12,False,None,None,False,5480.208,2020-07-19T14:11:20.408000000,True
RIC,3,Renault,43,84.27,29.276,29.036,25.958,MEDIUM,2,42,5,1,False,None,5645.254,False,5562.584,2020-07-19T14:12:42.784000000,False
RIC,3,Renault,44,99.42,47.866,28.918,22.636,MEDIUM,3,1,9,1,False,5667.35,None,True,5646.854,2020-07-19T14:14:07.054000000,False
RIC,3,Renault,45,79.727,28.889,28.369,22.469,MEDIUM,3,2,9,1,True,None,None,True,5746.274,2020-07-19T14:15:46.474000000,True
RIC,3,Renault,46,79.532,28.687,28.333,22.512,MEDIUM,3,3,8,1,True,None,None,True,5826.001,2020-07-19T14:17:06.201000000,True
RIC,3,Renault,47,80.196,28.893,28.696,22.607,MEDIUM,3,4,8,1,False,None,None,True,5905.533,2020-07-19T14:18:25.733000000,True
RIC,3,Renault,48,79.799,28.792,28.475,22.532,MEDIUM,3,5,8,1,False,None,None,True,5985.729,2020-07-19T14:19:45.929000000,True
RIC,3,Renault,49,79.877,28.754,28.537,22.586,MEDIUM,3,6,8,1,False,None,None,True,6065.528,2020-07-19T14:21:05.728000000,True
RIC,3,Renault,50,79.83,28.81,28.412,22.608,MEDIUM,3,7,8,1,False,None,None,True,6145.405,2020-07-19T14:22:25.605000000,True
RIC,3,Renault,51,80.335,29.009,28.608,22.718,MEDIUM,3,8,8,1,False,None,None,True,6225.235,2020-07-19T14:23:45.435000000,True
RIC,3,Renault,52,80.174,28.921,28.607,22.646,MEDIUM,3,9,8,1,False,None,None,True,6305.57,2020-07-19T14:25:05.770000000,True
RIC,3,Renault,53,80.176,28.765,28.538,22.873,MEDIUM,3,10,8,1,False,None,None,True,6385.744,2020-07-19T14:26:25.944000000,True
RIC,3,Renault,54,80.365,28.784,28.595,22.986,MEDIUM,3,11,8,1,False,None,None,True,6465.92,2020-07-19T14:27:46.120000000,True
RIC,3,Renault,55,80.246,28.957,28.475,22.814,MEDIUM,3,12,8,1,False,None,None,True,6546.285,2020-07-19T14:29:06.485000000,True
RIC,3,Renault,56,80.768,28.981,28.748,23.039,MEDIUM,3,13,8,1,False,None,None,True,6626.531,2020-07-19T14:30:26.731000000,True
RIC,3,Renault,57,80.506,28.877,28.604,23.025,MEDIUM,3,14,8,1,False,None,None,True,6707.299,2020-07-19T14:31:47.499000000,True
RIC,3,Renault,58,80.617,28.9,28.634,23.083,MEDIUM,3,15,8,1,False,None,None,True,6787.805,2020-07-19T14:33:08.005000000,True
RIC,3,Renault,59,80.634,28.992,28.667,22.975,MEDIUM,3,16,8,1,False,None,None,True,6868.422,2020-07-19T14:34:28.622000000,True
RIC,3,Renault,60,80.712,28.973,28.742,22.997,MEDIUM,3,17,8,1,False,None,None,True,6949.056,2020-07-19T14:35:49.256000000,True
RIC,3,Renault,61,80.966,28.955,28.945,23.066,MEDIUM,3,18,8,1,False,None,None,True,7029.768,2020-07-19T14:37:09.968000000,True
RIC,3,Renault,62,80.785,28.93,28.827,23.028,MEDIUM,3,19,8,1,False,None,None,True,7110.734,2020-07-19T14:38:30.934000000,True
RIC,3,Renault,63,80.765,29.135,28.652,22.978,MEDIUM,3,20,8,1,False,None,None,True,7191.519,2020-07-19T14:39:51.719000000,True
RIC,3,Renault,64,80.482,28.946,28.692,22.844,MEDIUM,3,21,8,1,False,None,None,True,7272.284,2020-07-19T14:41:12.484000000,True
RIC,3,Renault,65,80.178,28.893,28.479,22.806,MEDIUM,3,22,8,1,False,None,None,True,7352.766,2020-07-19T14:42:32.966000000,True
RIC,3,Renault,66,83.343,29.033,30.782,23.528,MEDIUM,3,23,8,1,False,None,None,True,7432.944,2020-07-19T14:43:53.144000000,True
RIC,3,Renault,67,80.017,28.767,28.623,22.627,MEDIUM,3,24,8,1,False,None,None,True,7516.287,2020-07-19T14:45:16.487000000,True
RIC,3,Renault,68,80.37,28.7,28.597,23.073,MEDIUM,3,25,8,1,False,None,None,True,7596.304,2020-07-19T14:46:36.504000000,True
RIC,3,Renault,69,81.003,29.151,28.785,23.067,MEDIUM,3,26,8,1,False,None,None,True,7676.674,2020-07-19T14:47:56.874000000,True
RUS,63,Williams,1,110.274,None,38.866,27.906,INTERMEDIATE,1,1,15,1,False,None,None,True,1977.486,2020-07-19T13:12:57.686000000,False
RUS,63,Williams,2,98.734,34.686,35.873,28.175,INTERMEDIATE,1,2,16,1,True,None,None,True,2087.902,2020-07-19T13:14:48.102000000,True
RUS,63,Williams,3,97.727,34.121,35.591,28.015,INTERMEDIATE,1,3,13,1,True,None,None,True,2186.636,2020-07-19T13:16:26.836000000,True
RUS,63,Williams,4,99.756,33.775,34.816,31.165,INTERMEDIATE,1,4,7,12,False,None,2382.527,True,2284.363,2020-07-19T13:18:04.563000000,False
RUS,63,Williams,5,106.226,50.108,32.106,24.012,SOFT,2,1,17,21,False,2403.689,None,True,2384.119,2020-07-19T13:19:44.319000000,False
RUS,63,Williams,6,86.458,31.411,31.109,23.938,SOFT,2,2,17,1,True,None,None,True,2490.345,2020-07-19T13:21:30.545000000,True
RUS,63,Williams,7,85.588,30.91,30.67,24.008,SOFT,2,3,17,1,True,None,None,True,2576.803,2020-07-19T13:22:57.003000000,True
RUS,63,Williams,8,85.307,30.598,30.614,24.095,SOFT,2,4,17,1,True,None,None,True,2662.391,2020-07-19T13:24:22.591000000,True
RUS,63,Williams,9,85.05,30.137,30.65,24.263,SOFT,2,5,17,1,True,None,None,True,2747.698,2020-07-19T13:25:47.898000000,True
RUS,63,Williams,10,84.713,30.063,30.494,24.156,SOFT,2,6,17,1,True,None,None,True,2832.748,2020-07-19T13:27:12.948000000,True
RUS,63,Williams,11,84.786,30.193,30.516,24.077,SOFT,2,7,17,1,False,None,None,True,2917.461,2020-07-19T13:28:37.661000000,True
RUS,63,Williams,12,84.545,30.45,30.039,24.056,SOFT,2,8,17,1,True,None,None,True,3002.247,2020-07-19T13:30:02.447000000,True
RUS,63,Williams,13,85.405,30.392,30.655,24.358,SOFT,2,9,17,1,False,None,None,True,3086.792,2020-07-19T13:31:26.992000000,True
RUS,63,Williams,14,86.607,30.401,31.351,24.855,SOFT,2,10,17,1,False,None,None,True,3172.197,2020-07-19T13:32:52.397000000,True
RUS,63,Williams,15,87.206,31.034,31.486,24.686,SOFT,2,11,17,1,False,None,None,True,3258.804,2020-07-19T13:34:19.004000000,True
RUS,63,Williams,16,85.608,29.994,30.929,24.685,SOFT,2,12,17,1,False,None,None,True,3346.01,2020-07-19T13:35:46.210000000,True
RUS,63,Williams,17,86.089,30.385,30.931,24.773,SOFT,2,13,17,1,False,None,None,True,3431.618,2020-07-19T13:37:11.818000000,True
RUS,63,Williams,18,86.981,30.452,31.228,25.301,SOFT,2,14,17,1,False,None,None,True,3517.707,2020-07-19T13:38:37.907000000,True
RUS,63,Williams,19,90.653,30.724,31.513,28.416,SOFT,2,15,16,1,False,None,3693.711,True,3604.688,2020-07-19T13:40:04.888000000,False
RUS,63,Williams,20,101.469,47.933,30.072,23.464,MEDIUM,3,1,18,1,False,3715.08,None,True,3695.341,2020-07-19T13:41:35.541000000,False
RUS,63,Williams,21,82.549,29.692,29.4,23.457,MEDIUM,3,2,17,1,True,None,None,True,3796.81,2020-07-19T13:43:17.010000000,True
RUS,63,Williams,22,82.493,29.737,29.37,23.386,MEDIUM,3,3,17,1,True,None,None,True,3879.359,2020-07-19T13:44:39.559000000,True
RUS,63,Williams,23,81.884,29.557,29.115,23.212,MEDIUM,3,4,17,1,True,None,None,True,3961.852,2020-07-19T13:46:02.052000000,True
RUS,63,Williams,24,81.685,29.435,29.035,23.215,MEDIUM,3,5,17,1,True,None,None,True,4043.736,2020-07-19T13:47:23.936000000,True
RUS,63,Williams,25,81.995,29.574,29.086,23.335,MEDIUM,3,6,17,1,False,None,None,True,4125.421,2020-07-19T13:48:45.621000000,True
RUS,63,Williams,26,81.691,29.492,28.955,23.244,MEDIUM,3,7,17,1,False,None,None,True,4207.416,2020-07-19T13:50:07.616000000,True
RUS,63,Williams,27,82.133,29.611,29.029,23.493,MEDIUM,3,8,17,1,False,None,None,True,4289.107,2020-07-19T13:51:29.307000000,True
RUS,63,Williams,28,82.201,29.519,29.258,23.424,MEDIUM,3,9,17,1,False,None,None,True,4371.24,2020-07-19T13:52:51.440000000,True
RUS,63,Williams,29,82.116,29.522,29.186,23.408,MEDIUM,3,10,17,1,False,None,None,True,4453.441,2020-07-19T13:54:13.641000000,True
RUS,63,Williams,30,82.026,29.435,29.21,23.381,MEDIUM,3,11,17,1,False,None,None,True,4535.557,2020-07-19T13:55:35.757000000,True
RUS,63,Williams,31,82.199,29.56,29.238,23.401,MEDIUM,3,12,17,1,False,None,None,True,4617.583,2020-07-19T13:56:57.783000000,True
RUS,63,Williams,32,84.164,30.751,29.951,23.462,MEDIUM,3,13,16,1,False,None,None,True,4699.782,2020-07-19T13:58:19.982000000,True
RUS,63,Williams,33,82.807,29.607,29.442,23.758,MEDIUM,3,14,16,1,False,None,None,True,4783.946,2020-07-19T13:59:44.146000000,True
RUS,63,Williams,34,85.545,30.163,31.265,24.117,MEDIUM,3,15,16,1,False,None,None,True,4866.753,2020-07-19T14:01:06.953000000,True
RUS,63,Williams,35,83.151,29.809,29.899,23.443,MEDIUM,3,16,16,1,False,None,None,True,4952.298,2020-07-19T14:02:32.498000000,True
RUS,63,Williams,36,83.74,29.952,30.38,23.408,MEDIUM,3,17,16,1,False,None,None,True,5035.449,2020-07-19T14:03:55.649000000,True
RUS,63,Williams,37,84.368,29.579,31.46,23.329,MEDIUM,3,18,16,1,False,None,None,True,5119.189,2020-07-19T14:05:19.389000000,True
RUS,63,Williams,38,82.112,29.326,29.221,23.565,MEDIUM,3,19,16,1,False,None,None,True,5203.557,2020-07-19T14:06:43.757000000,True
RUS,63,Williams,39,83.902,30.592,30.046,23.264,MEDIUM,3,20,16,1,False,None,None,True,5285.669,2020-07-19T14:08:05.869000000,True
RUS,63,Williams,40,81.833,29.379,29.137,23.317,MEDIUM,3,21,16,1,False,None,None,True,5369.571,2020-07-19T14:09:29.771000000,True
RUS,63,Williams,41,81.88,29.524,29.103,23.253,MEDIUM,3,22,16,12,False,None,None,True,5451.404,2020-07-19T14:10:51.604000000,True
RUS,63,Williams,42,81.197,29.195,28.742,23.26,MEDIUM,3,23,16,1,True,None,None,True,5533.284,2020-07-19T14:12:13.484000000,True
RUS,63,Williams,43,81.46,29.352,28.783,23.325,MEDIUM,3,24,16,1,False,None,None,True,5614.481,2020-07-19T14:13:34.681000000,True
RUS,63,Williams,44,81.32,29.26,28.874,23.186,MEDIUM,3,25,16,1,False,None,None,True,5695.941,2020-07-19T14:14:56.141000000,True
RUS,63,Williams,45,81.164,29.139,28.753,23.272,MEDIUM,3,26,16,1,True,None,None,True,5777.261,2020-07-19T14:16:17.461000000,True
RUS,63,Williams,46,81.677,29.359,29.017,23.301,MEDIUM,3,27,16,1,False,None,None,True,5858.425,2020-07-19T14:17:38.625000000,True
RUS,63,Williams,47,81.457,29.241,28.984,23.232,MEDIUM,3,28,16,1,False,None,None,True,5940.102,2020-07-19T14:19:00.302000000,True
RUS,63,Williams,48,81.458,29.205,28.914,23.339,MEDIUM,3,29,16,1,False,None,None,True,6021.559,2020-07-19T14:20:21.759000000,True
RUS,63,Williams,49,81.767,29.426,28.916,23.425,MEDIUM,3,30,16,1,False,None,None,True,6103.017,2020-07-19T14:21:43.217000000,True
RUS,63,Williams,50,86.125,30.367,30.183,25.575,MEDIUM,3,31,17,1,False,None,6269.277,True,6184.784,2020-07-19T14:23:04.984000000,False
RUS,63,Williams,51,100.66,48.059,29.5,23.101,MEDIUM,4,5,18,1,False,6291.332,None,False,6270.909,2020-07-19T14:24:31.109000000,False
RUS,63,Williams,52,80.514,29.128,28.567,22.819,MEDIUM,4,6,18,1,True,None,None,False,6371.569,2020-07-19T14:26:11.769000000,True
RUS,63,Williams,53,80.164,29.038,28.461,22.665,MEDIUM,4,7,18,1,True,None,None,False,6452.083,2020-07-19T14:27:32.283000000,True
RUS,63,Williams,54,80.238,29.022,28.446,22.77,MEDIUM,4,8,18,1,False,None,None,False,6532.247,2020-07-19T14:28:52.447000000,True
RUS,63,Williams,55,82.853,28.911,29.122,24.82,MEDIUM,4,9,18,1,False,None,None,False,6612.485,2020-07-19T14:30:12.685000000,True
RUS,63,Williams,56,81.023,28.837,28.839,23.347,MEDIUM,4,10,18,1,False,None,None,False,6695.338,2020-07-19T14:31:35.538000000,True
RUS,63,Williams,57,81.056,29.207,28.764,23.085,MEDIUM,4,11,18,1,False,None,None,False,6776.361,2020-07-19T14:32:56.561000000,True
RUS,63,Williams,58,80.968,29.137,28.706,23.125,MEDIUM,4,12,18,1,False,None,None,False,6857.417,2020-07-19T14:34:17.617000000,True
RUS,63,Williams,59,82.398,30.72,28.833,22.845,MEDIUM,4,13,18,1,False,None,None,False,6938.385,2020-07-19T14:35:38.585000000,True
RUS,63,Williams,60,80.62,28.993,28.629,22.998,MEDIUM,4,14,18,1,False,None,None,False,7020.783,2020-07-19T14:37:00.983000000,True
RUS,63,Williams,61,80.954,29.162,28.782,23.01,MEDIUM,4,15,18,1,False,None,None,False,7101.403,2020-07-19T14:38:21.603000000,True
RUS,63,Williams,62,80.28,28.933,28.327,23.02,MEDIUM,4,16,18,1,False,None,None,False,7182.357,2020-07-19T14:39:42.557000000,True
RUS,63,Williams,63,80.346,29.132,28.324,22.89,MEDIUM,4,17,18,1,False,None,None,False,7262.637,2020-07-19T14:41:02.837000000,True
RUS,63,Williams,64,80.369,28.987,28.361,23.021,MEDIUM,4,18,18,1,False,None,None,False,7342.983,2020-07-19T14:42:23.183000000,True
RUS,63,Williams,65,80.785,29.121,28.53,23.134,MEDIUM,4,19,18,1,False,None,None,False,7423.352,2020-07-19T14:43:43.552000000,True
RUS,63,Williams,66,80.541,28.973,28.534,23.034,MEDIUM,4,20,18,1,False,None,None,False,7504.137,2020-07-19T14:45:04.337000000,True
RUS,63,Williams,67,79.984,28.864,28.232,22.888,MEDIUM,4,21,18,1,True,None,None,False,7584.678,2020-07-19T14:46:24.878000000,True
RUS,63,Williams,68,80.197,28.878,28.41,22.909,MEDIUM,4,22,18,1,False,None,None,False,7664.662,2020-07-19T14:47:44.862000000,True
RUS,63,Williams,69,80.613,29.019,28.69,22.904,MEDIUM,4,23,18,1,False,None,None,False,7744.859,2020-07-19T14:49:05.059000000,True
SAI,55,McLaren,1,104.472,None,36.247,26.96,INTERMEDIATE,1,1,8,1,False,None,None,True,1977.486,2020-07-19T13:12:57.686000000,False
SAI,55,McLaren,2,96.099,33.19,35.607,27.302,INTERMEDIATE,1,2,7,1,True,None,None,True,2082.095,2020-07-19T13:14:42.295000000,True
SAI,55,McLaren,3,99.14,33.309,35.073,30.758,INTERMEDIATE,1,3,7,1,False,None,2275.664,True,2178.194,2020-07-19T13:16:18.394000000,False
SAI,55,McLaren,4,115.83,58.617,32.874,24.339,MEDIUM,2,1,16,12,False,2302.854,None,True,2277.334,2020-07-19T13:17:57.534000000,False
SAI,55,McLaren,5,91.968,33.643,32.986,25.339,MEDIUM,2,2,12,1,True,None,None,True,2393.164,2020-07-19T13:19:53.364000000,True
SAI,55,McLaren,6,87.395,31.797,31.537,24.061,MEDIUM,2,3,12,1,True,None,None,True,2485.132,2020-07-19T13:21:25.332000000,True
SAI,55,McLaren,7,85.317,30.667,30.921,23.729,MEDIUM,2,4,12,1,True,None,None,True,2572.527,2020-07-19T13:22:52.727000000,True
SAI,55,McLaren,8,84.239,30.142,30.416,23.681,MEDIUM,2,5,12,1,True,None,None,True,2657.844,2020-07-19T13:24:18.044000000,True
SAI,55,McLaren,9,83.595,30.235,29.67,23.69,MEDIUM,2,6,12,1,True,None,None,True,2742.083,2020-07-19T13:25:42.283000000,True
SAI,55,McLaren,10,83.072,29.848,29.619,23.605,MEDIUM,2,7,12,1,True,None,None,True,2825.678,2020-07-19T13:27:05.878000000,True
SAI,55,McLaren,11,83.749,30.131,29.795,23.823,MEDIUM,2,8,12,1,False,None,None,True,2908.75,2020-07-19T13:28:28.950000000,True
SAI,55,McLaren,12,83.527,29.725,29.97,23.832,MEDIUM,2,9,12,1,False,None,None,True,2992.499,2020-07-19T13:29:52.699000000,True
SAI,55,McLaren,13,83.4,29.749,30.067,23.584,MEDIUM,2,10,12,1,False,None,None,True,3076.026,2020-07-19T13:31:16.226000000,True
SAI,55,McLaren,14,83.435,29.8,30.066,23.569,MEDIUM,2,11,12,1,False,None,None,True,3159.426,2020-07-19T13:32:39.626000000,True
SAI,55,McLaren,15,83.648,29.593,30.215,23.84,MEDIUM,2,12,12,1,False,None,None,True,3242.861,2020-07-19T13:34:03.061000000,True
SAI,55,McLaren,16,84.097,29.856,30.349,23.892,MEDIUM,2,13,12,1,False,None,None,True,3326.509,2020-07-19T13:35:26.709000000,True
SAI,55,McLaren,17,84.467,29.602,30.551,24.314,MEDIUM,2,14,12,1,False,None,None,True,3410.606,2020-07-19T13:36:50.806000000,True
SAI,55,McLaren,18,84.805,29.695,30.71,24.4,MEDIUM,2,15,12,1,False,None,None,True,3495.073,2020-07-19T13:38:15.273000000,True
SAI,55,McLaren,19,85.161,29.81,30.964,24.387,MEDIUM,2,16,12,1,False,None,None,True,3579.878,2020-07-19T13:39:40.078000000,True
SAI,55,McLaren,20,85.976,29.878,31.758,24.34,MEDIUM,2,17,11,1,False,None,None,True,3665.039,2020-07-19T13:41:05.239000000,True
SAI,55,McLaren,21,82.923,29.397,29.833,23.693,MEDIUM,2,18,11,1,True,None,None,True,3751.015,2020-07-19T13:42:31.215000000,True
SAI,55,McLaren,22,83.55,29.674,29.967,23.909,MEDIUM,2,19,11,1,False,None,None,True,3833.938,2020-07-19T13:43:54.138000000,True
SAI,55,McLaren,23,83.144,29.67,29.743,23.731,MEDIUM,2,20,11,1,False,None,None,True,3917.488,2020-07-19T13:45:17.688000000,True
SAI,55,McLaren,24,82.85,29.718,29.417,23.715,MEDIUM,2,21,11,1,True,None,None,True,4000.632,2020-07-19T13:46:40.832000000,True
SAI,55,McLaren,25,82.772,29.571,29.555,23.646,MEDIUM,2,22,11,1,True,None,None,True,4083.482,2020-07-19T13:48:03.682000000,True
SAI,55,McLaren,26,82.681,29.631,29.422,23.628,MEDIUM,2,23,11,1,True,None,None,True,4166.254,2020-07-19T13:49:26.454000000,True
SAI,55,McLaren,27,82.574,29.435,29.456,23.683,MEDIUM,2,24,11,1,True,None,None,True,4248.935,2020-07-19T13:50:49.135000000,True
SAI,55,McLaren,28,82.596,29.498,29.443,23.655,MEDIUM,2,25,11,1,False,None,None,True,4331.509,2020-07-19T13:52:11.709000000,True
SAI,55,McLaren,29,82.583,29.505,29.542,23.536,MEDIUM,2,26,11,1,False,None,None,True,4414.105,2020-07-19T13:53:34.305000000,True
SAI,55,McLaren,30,82.917,29.469,29.644,23.804,MEDIUM,2,27,10,1,False,None,None,True,4496.688,2020-07-19T13:54:56.888000000,True
SAI,55,McLaren,31,83.098,29.836,29.674,23.588,MEDIUM,2,28,10,1,False,None,None,True,4579.605,2020-07-19T13:56:19.805000000,True
SAI,55,McLaren,32,82.676,29.52,29.526,23.63,MEDIUM,2,29,10,1,False,None,None,True,4662.703,2020-07-19T13:57:42.903000000,True
SAI,55,McLaren,33,84.849,29.724,30.975,24.15,MEDIUM,2,30,10,1,False,None,None,True,4745.379,2020-07-19T13:59:05.579000000,True
SAI,55,McLaren,34,82.361,29.555,29.454,23.352,MEDIUM,2,31,9,1,True,None,None,True,4830.228,2020-07-19T14:00:30.428000000,True
SAI,55,McLaren,35,82.562,29.552,29.595,23.415,MEDIUM,2,32,8,1,False,None,None,True,4912.589,2020-07-19T14:01:52.789000000,True
SAI,55,McLaren,36,82.077,29.515,29.272,23.29,MEDIUM,2,33,6,1,True,None,None,True,4995.151,2020-07-19T14:03:15.351000000,True
SAI,55,McLaren,37,81.865,29.41,29.123,23.332,MEDIUM,2,34,6,1,True,None,None,True,5077.228,2020-07-19T14:04:37.428000000,True
SAI,55,McLaren,38,81.763,29.374,29.1,23.289,MEDIUM,2,35,6,1,True,None,None,True,5159.093,2020-07-19T14:05:59.293000000,True
SAI,55,McLaren,39,82.121,29.474,29.169,23.478,MEDIUM,2,36,6,1,False,None,None,True,5240.856,2020-07-19T14:07:21.056000000,True
SAI,55,McLaren,40,85.041,29.531,29.37,26.14,MEDIUM,2,37,7,1,False,None,5406.421,True,5322.977,2020-07-19T14:08:43.177000000,False
SAI,55,McLaren,41,99.868,48.223,29.1,22.545,HARD,3,1,11,12,False,5428.863,None,True,5408.018,2020-07-19T14:10:08.218000000,False
SAI,55,McLaren,42,80.066,28.951,28.487,22.628,HARD,3,2,11,21,True,None,None,True,5507.886,2020-07-19T14:11:48.086000000,True
SAI,55,McLaren,43,80.233,28.942,28.642,22.649,HARD,3,3,11,1,False,None,None,True,5587.952,2020-07-19T14:13:08.152000000,True
SAI,55,McLaren,44,81.065,29.007,28.994,23.064,HARD,3,4,11,1,False,None,None,True,5668.185,2020-07-19T14:14:28.385000000,True
SAI,55,McLaren,45,80.752,28.93,28.965,22.857,HARD,3,5,11,1,False,None,None,True,5749.25,2020-07-19T14:15:49.450000000,True
SAI,55,McLaren,46,81.755,29.065,29.012,23.678,HARD,3,6,11,1,False,None,None,True,5830.002,2020-07-19T14:17:10.202000000,True
SAI,55,McLaren,47,80.794,28.999,28.816,22.979,HARD,3,7,11,1,False,None,None,True,5911.757,2020-07-19T14:18:31.957000000,True
SAI,55,McLaren,48,80.886,28.882,29.049,22.955,HARD,3,8,11,1,False,None,None,True,5992.551,2020-07-19T14:19:52.751000000,True
SAI,55,McLaren,49,81.464,29.397,29.038,23.029,HARD,3,9,11,1,False,None,None,True,6073.437,2020-07-19T14:21:13.637000000,True
SAI,55,McLaren,50,81.421,29.058,29.276,23.087,HARD,3,10,11,1,False,None,None,True,6154.901,2020-07-19T14:22:35.101000000,True
SAI,55,McLaren,51,81.629,29.299,29.178,23.152,HARD,3,11,11,1,False,None,None,True,6236.322,2020-07-19T14:23:56.522000000,True
SAI,55,McLaren,52,81.108,28.854,29.225,23.029,HARD,3,12,11,1,False,None,None,True,6317.951,2020-07-19T14:25:18.151000000,True
SAI,55,McLaren,53,81.34,29.171,29.05,23.119,HARD,3,13,11,1,False,None,None,True,6399.059,2020-07-19T14:26:39.259000000,True
SAI,55,McLaren,54,80.932,28.84,29.008,23.084,HARD,3,14,11,1,False,None,None,True,6480.399,2020-07-19T14:28:00.599000000,True
SAI,55,McLaren,55,81.63,29.187,29.213,23.23,HARD,3,15,11,1,False,None,None,True,6561.331,2020-07-19T14:29:21.531000000,True
SAI,55,McLaren,56,83.061,29.263,30.763,23.035,HARD,3,16,11,1,False,None,None,True,6642.961,2020-07-19T14:30:43.161000000,True
SAI,55,McLaren,57,82.084,29.014,29.86,23.21,HARD,3,17,11,1,False,None,None,True,6726.022,2020-07-19T14:32:06.222000000,True
SAI,55,McLaren,58,81.746,29.535,29.04,23.171,HARD,3,18,11,1,False,None,None,True,6808.106,2020-07-19T14:33:28.306000000,True
SAI,55,McLaren,59,82.032,29.477,29.423,23.132,HARD,3,19,11,1,False,None,None,True,6889.852,2020-07-19T14:34:50.052000000,True
SAI,55,McLaren,60,79.644,29.03,27.972,22.642,HARD,3,20,10,1,True,None,None,True,6971.884,2020-07-19T14:36:12.084000000,True
SAI,55,McLaren,61,82.493,30.768,28.952,22.773,HARD,3,21,10,1,False,None,None,True,7051.528,2020-07-19T14:37:31.728000000,True
SAI,55,McLaren,62,80.176,28.936,28.304,22.936,HARD,3,22,10,1,False,None,None,True,7134.021,2020-07-19T14:38:54.221000000,True
SAI,55,McLaren,63,79.581,28.906,28.095,22.58,HARD,3,23,10,1,True,None,None,True,7214.197,2020-07-19T14:40:14.397000000,True
SAI,55,McLaren,64,79.828,28.982,28.243,22.603,HARD,3,24,10,1,False,None,None,True,7293.778,2020-07-19T14:41:33.978000000,True
SAI,55,McLaren,65,79.806,28.925,28.128,22.753,HARD,3,25,10,1,False,None,None,True,7373.606,2020-07-19T14:42:53.806000000,True
SAI,55,McLaren,66,79.74,28.889,28.123,22.728,HARD,3,26,10,1,False,None,None,True,7453.412,2020-07-19T14:44:13.612000000,True
SAI,55,McLaren,67,79.457,28.757,28.054,22.646,HARD,3,27,10,1,True,None,None,True,7533.152,2020-07-19T14:45:33.352000000,True
SAI,55,McLaren,68,80.477,28.789,28.182,22.701,HARD,3,28,10,1,False,None,None,True,7612.609,2020-07-19T14:46:52.809000000,True
SAI,55,McLaren,69,79.81,28.81,28.243,22.757,HARD,3,29,10,1,False,None,None,True,7692.281,2020-07-19T14:48:12.481000000,True
STR,18,Racing Point,1,98.777,None,33.98,26.715,INTERMEDIATE,1,1,2,1,False,None,None,True,1977.486,2020-07-19T13:12:57.686000000,False
STR,18,Racing Point,2,93.732,32.726,34.133,26.873,INTERMEDIATE,1,2,2,1,True,None,None,True,2076.405,2020-07-19T13:14:36.605000000,True
STR,18,Racing Point,3,98.277,33.25,34.42,30.607,INTERMEDIATE,1,3,3,1,False,None,2266.784,True,2170.137,2020-07-19T13:16:10.337000000,False
STR,18,Racing Point,4,117.475,55.945,35.424,26.106,MEDIUM,2,4,9,12,False,2289.922,None,False,2268.414,2020-07-19T13:17:48.614000000,False
STR,18,Racing Point,5,88.51,32.234,31.754,24.522,MEDIUM,2,5,5,21,True,None,None,False,2385.889,2020-07-19T13:19:46.089000000,True
STR,18,Racing Point,6,85.602,31.168,30.649,23.785,MEDIUM,2,6,5,1,True,None,None,False,2474.399,2020-07-19T13:21:14.599000000,True
STR,18,Racing Point,7,83.104,30.014,29.793,23.297,MEDIUM,2,7,4,1,True,None,None,False,2560.001,2020-07-19T13:22:40.201000000,True
STR,18,Racing Point,8,83.649,29.855,30.027,23.767,MEDIUM,2,8,4,1,False,None,None,False,2643.105,2020-07-19T13:24:03.305000000,True
STR,18,Racing Point,9,83.44,29.916,30.093,23.431,MEDIUM,2,9,4,1,False,None,None,False,2726.754,2020-07-19T13:25:26.954000000,True
STR,18,Racing Point,10,83.549,29.671,30.19,23.688,MEDIUM,2,10,4,1,False,None,None,False,2810.194,2020-07-19T13:26:50.394000000,True
STR,18,Racing Point,11,83.11,29.522,29.913,23.675,MEDIUM,2,11,4,1,False,None,None,False,2893.743,2020-07-19T13:28:13.943000000,True
STR,18,Racing Point,12,83.022,29.517,30.014,23.491,MEDIUM,2,12,4,1,True,None,None,False,2976.853,2020-07-19T13:29:37.053000000,True
STR,18,Racing Point,13,83.105,29.842,29.617,23.646,MEDIUM,2,13,4,1,False,None,None,False,3059.875,2020-07-19T13:31:00.075000000,True
STR,18,Racing Point,14,82.741,29.607,29.638,23.496,MEDIUM,2,14,4,1,True,None,None,False,3142.98,2020-07-19T13:32:23.180000000,True
STR,18,Racing Point,15,82.904,29.704,29.683,23.517,MEDIUM,2,15,4,1,False,None,None,False,3225.721,2020-07-19T13:33:45.921000000,True
STR,18,Racing Point,16,81.523,29.132,28.987,23.404,MEDIUM,2,16,3,1,True,None,None,False,3308.625,2020-07-19T13:35:08.825000000,True
STR,18,Racing Point,17,82.184,29.43,29.198,23.556,MEDIUM,2,17,3,1,False,None,None,False,3390.148,2020-07-19T13:36:30.348000000,True
STR,18,Racing Point,18,82.039,29.492,28.971,23.576,MEDIUM,2,18,3,1,False,None,None,False,3472.332,2020-07-19T13:37:52.532000000,True
STR,18,Racing Point,19,82.354,29.403,29.375,23.576,MEDIUM,2,19,3,1,False,None,None,False,3554.371,2020-07-19T13:39:14.571000000,True
STR,18,Racing Point,20,81.707,29.329,29.145,23.233,MEDIUM,2,20,3,1,False,None,None,False,3636.725,2020-07-19T13:40:36.925000000,True
STR,18,Racing Point,21,81.629,29.241,28.896,23.492,MEDIUM,2,21,3,1,False,None,None,False,3718.432,2020-07-19T13:41:58.632000000,True
STR,18,Racing Point,22,81.868,29.425,28.952,23.491,MEDIUM,2,22,3,1,False,None,None,False,3800.061,2020-07-19T13:43:20.261000000,True
STR,18,Racing Point,23,82.009,29.347,29.169,23.493,MEDIUM,2,23,3,1,False,None,None,False,3881.929,2020-07-19T13:44:42.129000000,True
STR,18,Racing Point,24,82.109,29.275,29.244,23.59,MEDIUM,2,24,3,1,False,None,None,False,3963.938,2020-07-19T13:46:04.138000000,True
STR,18,Racing Point,25,82.154,29.406,29.297,23.451,MEDIUM,2,25,3,1,False,None,None,False,4046.047,2020-07-19T13:47:26.247000000,True
STR,18,Racing Point,26,81.882,29.412,29.1,23.37,MEDIUM,2,26,3,1,False,None,None,False,4128.201,2020-07-19T13:48:48.401000000,True
STR,18,Racing Point,27,81.946,29.325,29.271,23.35,MEDIUM,2,27,3,1,False,None,None,False,4210.083,2020-07-19T13:50:10.283000000,True
STR,18,Racing Point,28,81.975,29.407,29.224,23.344,MEDIUM,2,28,3,1,False,None,None,False,4292.029,2020-07-19T13:51:32.229000000,True
STR,18,Racing Point,29,82.228,29.315,29.277,23.636,MEDIUM,2,29,3,1,False,None,None,False,4374.004,2020-07-19T13:52:54.204000000,True
STR,18,Racing Point,30,82.152,29.447,29.289,23.416,MEDIUM,2,30,3,1,False,None,None,False,4456.232,2020-07-19T13:54:16.432000000,True
STR,18,Racing Point,31,82.324,29.51,29.35,23.464,MEDIUM,2,31,3,1,False,None,None,False,4538.384,2020-07-19T13:55:38.584000000,True
STR,18,Racing Point,32,82.395,29.558,29.414,23.423,MEDIUM,2,32,3,1,False,None,None,False,4620.708,2020-07-19T13:57:00.908000000,True
STR,18,Racing Point,33,83.57,29.743,30.096,23.731,MEDIUM,2,33,3,1,False,None,None,False,4703.103,2020-07-19T13:58:23.303000000,True
STR,18,Racing Point,34,83.151,29.639,29.696,23.816,MEDIUM,2,34,3,1,False,None,None,False,4786.673,2020-07-19T13:59:46.873000000,True
STR,18,Racing Point,35,86.452,29.677,30.522,26.253,MEDIUM,2,35,3,1,False,None,4954.697,False,4869.824,2020-07-19T14:01:10.024000000,False
STR,18,Racing Point,36,100.902,48.779,29.102,23.021,MEDIUM,3,6,4,1,False,4977.216,None,False,4956.276,2020-07-19T14:02:36.476000000,False
STR,18,Racing Point,37,81.144,29.088,29.193,22.863,MEDIUM,3,7,4,1,True,None,None,False,5057.178,2020-07-19T14:04:17.378000000,True
STR,18,Racing Point,38,81.205,29.16,29.009,23.036,MEDIUM,3,8,4,1,False,None,None,False,5138.322,2020-07-19T14:05:38.522000000,True
STR,18,Racing Point,39,80.955,29.037,28.856,23.062,MEDIUM,3,9,4,1,True,None,None,False,5219.527,2020-07-19T14:06:59.727000000,True
STR,18,Racing Point,40,81.237,29.112,29.056,23.069,MEDIUM,3,10,4,1,False,None,None,False,5300.482,2020-07-19T14:08:20.682000000,True
STR,18,Racing Point,41,81.589,29.149,29.329,23.111,MEDIUM,3,11,4,1,False,None,None,False,5381.719,2020-07-19T14:09:41.919000000,True
STR,18,Racing Point,42,80.929,29.176,28.892,22.861,MEDIUM,3,12,4,12,True,None,None,False,5463.308,2020-07-19T14:11:03.508000000,True
STR,18,Racing Point,43,80.751,29.152,28.629,22.97,MEDIUM,3,13,4,1,True,None,None,False,5544.237,2020-07-19T14:12:24.437000000,True
STR,18,Racing Point,44,80.822,29.135,28.695,22.992,MEDIUM,3,14,4,1,False,None,None,False,5624.988,2020-07-19T14:13:45.188000000,True
STR,18,Racing Point,45,80.778,29.061,28.695,23.022,MEDIUM,3,15,4,1,False,None,None,False,5705.81,2020-07-19T14:15:06.010000000,True
STR,18,Racing Point,46,80.746,29.048,28.759,22.939,MEDIUM,3,16,4,1,True,None,None,False,5786.588,2020-07-19T14:16:26.788000000,True
STR,18,Racing Point,47,80.922,29.18,28.862,22.88,MEDIUM,3,17,4,1,False,None,None,False,5867.334,2020-07-19T14:17:47.534000000,True
STR,18,Racing Point,48,80.713,29.048,28.754,22.911,MEDIUM,3,18,4,1,True,None,None,False,5948.256,2020-07-19T14:19:08.456000000,True
STR,18,Racing Point,49,81.207,29.138,29.047,23.022,MEDIUM,3,19,4,1,False,None,None,False,6028.969,2020-07-19T14:20:29.169000000,True
STR,18,Racing Point,50,81.595,29.346,29.091,23.158,MEDIUM,3,20,4,1,False,None,None,False,6110.176,2020-07-19T14:21:50.376000000,True
STR,18,Racing Point,51,80.899,29.094,28.783,23.022,MEDIUM,3,21,4,1,False,None,None,False,6191.771,2020-07-19T14:23:11.971000000,True
STR,18,Racing Point,52,83.652,29.059,28.867,25.726,MEDIUM,3,22,4,1,False,None,6354.739,False,6272.67,2020-07-19T14:24:32.870000000,False
STR,18,Racing Point,53,98.188,47.535,28.179,22.474,HARD,4,1,4,1,False,6376.786,None,True,6356.322,2020-07-19T14:25:56.522000000,False
STR,18,Racing Point,54,79.55,28.638,28.276,22.636,HARD,4,2,4,1,True,None,None,True,6454.51,2020-07-19T14:27:34.710000000,True
STR,18,Racing Point,55,80.012,28.756,28.428,22.828,HARD,4,3,4,1,False,None,None,True,6534.06,2020-07-19T14:28:54.260000000,True
STR,18,Racing Point,56,80.253,28.769,28.661,22.823,HARD,4,4,4,1,False,None,None,True,6614.072,2020-07-19T14:30:14.272000000,True
STR,18,Racing Point,57,80.262,28.775,28.451,23.036,HARD,4,5,4,1,False,None,None,True,6694.325,2020-07-19T14:31:34.525000000,True
STR,18,Racing Point,58,79.475,28.918,28.059,22.498,HARD,4,6,4,1,True,None,None,True,6774.587,2020-07-19T14:32:54.787000000,True
STR,18,Racing Point,59,79.598,28.847,28.216,22.535,HARD,4,7,4,1,False,None,None,True,6854.062,2020-07-19T14:34:14.262000000,True
STR,18,Racing Point,60,79.224,28.723,28.032,22.469,HARD,4,8,4,1,True,None,None,True,6933.66,2020-07-19T14:35:33.860000000,True
STR,18,Racing Point,61,79.397,28.876,28.048,22.473,HARD,4,9,4,1,False,None,None,True,7012.884,2020-07-19T14:36:53.084000000,True
STR,18,Racing Point,62,79.324,28.766,27.955,22.603,HARD,4,10,4,1,False,None,None,True,7092.281,2020-07-19T14:38:12.481000000,True
STR,18,Racing Point,63,79.337,28.75,28.061,22.526,HARD,4,11,4,1,False,None,None,True,7171.605,2020-07-19T14:39:31.805000000,True
STR,18,Racing Point,64,79.427,28.782,28.028,22.617,HARD,4,12,4,1,False,None,None,True,7250.942,2020-07-19T14:40:51.142000000,True
STR,18,Racing Point,65,79.378,28.787,28.084,22.507,HARD,4,13,4,1,False,None,None,True,7330.369,2020-07-19T14:42:10.569000000,True
STR,18,Racing Point,66,79.537,28.736,28.206,22.595,HARD,4,14,4,1,False,None,None,True,7409.747,2020-07-19T14:43:29.947000000,True
STR,18,Racing Point,67,79.694,28.741,28.385,22.568,HARD,4,15,4,1,False,None,None,True,7489.284,2020-07-19T14:44:49.484000000,True
STR,18,Racing Point,68,78.973,28.624,27.91,22.439,HARD,4,16,4,1,True,None,None,True,7568.978,2020-07-19T14:46:09.178000000,True
STR,18,Racing Point,69,79.151,28.588,27.984,22.579,HARD,4,17,4,1,False,None,None,True,7647.951,2020-07-19T14:47:28.151000000,True
STR,18,Racing Point,70,80.578,28.81,28.883,22.885,HARD,4,18,4,1,False,None,None,True,7727.102,2020-07-19T14:48:47.302000000,True
VER,33,Red Bull Racing,1,99.556,None,34.277,26.521,INTERMEDIATE,1,1,3,1,False,None,None,True,1977.486,2020-07-19T13:12:57.686000000,False
VER,33,Red Bull Racing,2,93.264,32.617,34.111,26.536,INTERMEDIATE,1,2,3,1,True,None,None,True,2077.184,2020-07-19T13:14:37.384000000,True
VER,33,Red Bull Racing,3,94.529,33.349,34.432,26.748,INTERMEDIATE,1,3,2,1,False,None,None,True,2170.448,2020-07-19T13:16:10.648000000,True
VER,33,Red Bull Racing,4,95.025,32.53,33.296,29.199,INTERMEDIATE,1,4,1,12,False,None,2359.184,True,2264.977,2020-07-19T13:17:45.177000000,False
VER,33,Red Bull Racing,5,107.204,51.379,32.006,23.819,MEDIUM,2,1,2,12,False,2379.925,None,True,2360.002,2020-07-19T13:19:20.202000000,False
VER,33,Red Bull Racing,6,83.73,30.817,29.801,23.112,MEDIUM,2,2,2,1,True,None,None,True,2467.206,2020-07-19T13:21:07.406000000,True
VER,33,Red Bull Racing,7,83.206,30.622,29.517,23.067,MEDIUM,2,3,2,1,True,None,None,True,2550.936,2020-07-19T13:22:31.136000000,True
VER,33,Red Bull Racing,8,82.741,30.238,29.508,22.995,MEDIUM,2,4,2,1,True,None,None,True,2634.142,2020-07-19T13:23:54.342000000,True
VER,33,Red Bull Racing,9,82.313,29.937,29.309,23.067,MEDIUM,2,5,2,1,True,None,None,True,2716.883,2020-07-19T13:25:17.083000000,True
VER,33,Red Bull Racing,10,82.402,30.124,29.165,23.113,MEDIUM,2,6,2,1,False,None,None,True,2799.196,2020-07-19T13:26:39.396000000,True
VER,33,Red Bull Racing,11,82.509,30.012,29.282,23.215,MEDIUM,2,7,2,1,False,None,None,True,2881.598,2020-07-19T13:28:01.798000000,True
VER,33,Red Bull Racing,12,82.17,29.901,29.055,23.214,MEDIUM,2,8,2,1,True,None,None,True,2964.107,2020-07-19T13:29:24.307000000,True
VER,33,Red Bull Racing,13,81.998,29.763,29.2,23.035,MEDIUM,2,9,2,1,True,None,None,True,3046.277,2020-07-19T13:30:46.477000000,True
VER,33,Red Bull Racing,14,82.296,29.826,29.193,23.277,MEDIUM,2,10,2,1,False,None,None,True,3128.275,2020-07-19T13:32:08.475000000,True
VER,33,Red Bull Racing,15,82.086,29.723,29.264,23.099,MEDIUM,2,11,2,1,False,None,None,True,3210.571,2020-07-19T13:33:30.771000000,True
VER,33,Red Bull Racing,16,81.769,29.596,29.096,23.077,MEDIUM,2,12,2,1,True,None,None,True,3292.657,2020-07-19T13:34:52.857000000,True
VER,33,Red Bull Racing,17,82.112,29.542,29.393,23.177,MEDIUM,2,13,2,1,False,None,None,True,3374.426,2020-07-19T13:36:14.626000000,True
VER,33,Red Bull Racing,18,81.559,29.402,28.948,23.209,MEDIUM,2,14,2,1,True,None,None,True,3456.538,2020-07-19T13:37:36.738000000,True
VER,33,Red Bull Racing,19,81.726,29.382,29.085,23.259,MEDIUM,2,15,2,1,False,None,None,True,3538.097,2020-07-19T13:38:58.297000000,True
VER,33,Red Bull Racing,20,82.278,29.487,29.363,23.428,MEDIUM,2,16,2,1,False,None,None,True,3619.823,2020-07-19T13:40:20.023000000,True
VER,33,Red Bull Racing,21,82.748,29.453,29.468,23.827,MEDIUM,2,17,2,1,False,None,None,True,3702.101,2020-07-19T13:41:42.301000000,True
VER,33,Red Bull Racing,22,81.52,29.057,29.151,23.312,MEDIUM,2,18,2,1,True,None,None,True,3784.849,2020-07-19T13:43:05.049000000,True
VER,33,Red Bull Racing,23,81.893,29.421,29.125,23.347,MEDIUM,2,19,2,1,False,None,None,True,3866.369,2020-07-19T13:44:26.569000000,True
VER,33,Red Bull Racing,24,81.747,29.325,29.236,23.186,MEDIUM,2,20,2,1,False,None,None,True,3948.262,2020-07-19T13:45:48.462000000,True
VER,33,Red Bull Racing,25,81.847,29.379,29.222,23.246,MEDIUM,2,21,2,1,False,None,None,True,4030.009,2020-07-19T13:47:10.209000000,True
VER,33,Red Bull Racing,26,81.722,29.348,29.196,23.178,MEDIUM,2,22,2,1,False,None,None,True,4111.856,2020-07-19T13:48:32.056000000,True
VER,33,Red Bull Racing,27,81.739,29.389,29.069,23.281,MEDIUM,2,23,2,1,False,None,None,True,4193.578,2020-07-19T13:49:53.778000000,True
VER,33,Red Bull Racing,28,81.809,29.368,29.238,23.203,MEDIUM,2,24,2,1,False,None,None,True,4275.317,2020-07-19T13:51:15.517000000,True
VER,33,Red Bull Racing,29,81.936,29.444,29.266,23.226,MEDIUM,2,25,2,1,False,None,None,True,4357.126,2020-07-19T13:52:37.326000000,True
VER,33,Red Bull Racing,30,82.188,29.452,29.444,23.292,MEDIUM,2,26,2,1,False,None,None,True,4439.062,2020-07-19T13:53:59.262000000,True
VER,33,Red Bull Racing,31,82.34,29.348,29.515,23.477,MEDIUM,2,27,2,1,False,None,None,True,4521.25,2020-07-19T13:55:21.450000000,True
VER,33,Red Bull Racing,32,82.877,29.757,29.773,23.347,MEDIUM,2,28,2,1,False,None,None,True,4603.59,2020-07-19T13:56:43.790000000,True
VER,33,Red Bull Racing,33,82.531,29.487,29.509,23.535,MEDIUM,2,29,2,1,False,None,None,True,4686.467,2020-07-19T13:58:06.667000000,True
VER,33,Red Bull Racing,34,82.736,29.486,29.681,23.569,MEDIUM,2,30,2,1,False,None,None,True,4768.998,2020-07-19T13:59:29.198000000,True
VER,33,Red Bull Racing,35,83.376,29.468,30.175,23.733,MEDIUM,2,31,2,1,False,None,None,True,4851.734,2020-07-19T14:00:51.934000000,True
VER,33,Red Bull Racing,36,85.839,29.531,30.074,26.234,MEDIUM,2,32,2,1,False,None,5019.298,True,4935.11,2020-07-19T14:02:15.310000000,False
VER,33,Red Bull Racing,37,100.097,47.924,29.492,22.681,HARD,3,1,2,1,False,5040.599,None,True,5020.949,2020-07-19T14:03:41.149000000,False
VER,33,Red Bull Racing,38,80.492,29.127,28.873,22.492,HARD,3,2,2,1,True,None,None,True,5121.046,2020-07-19T14:05:21.246000000,True
VER,33,Red Bull Racing,39,80.265,28.918,28.676,22.671,HARD,3,3,2,1,True,None,None,True,5201.538,2020-07-19T14:06:41.738000000,True
VER,33,Red Bull Racing,40,80.09,28.849,28.68,22.561,HARD,3,4,2,1,True,None,None,True,5281.803,2020-07-19T14:08:02.003000000,True
VER,33,Red Bull Racing,41,79.906,28.757,28.515,22.634,HARD,3,5,2,1,True,None,None,True,5361.893,2020-07-19T14:09:22.093000000,True
VER,33,Red Bull Racing,42,80.299,28.916,28.665,22.718,HARD,3,6,2,12,False,None,None,True,5441.799,2020-07-19T14:10:41.999000000,True
VER,33,Red Bull Racing,43,80.175,28.85,28.465,22.86,HARD,3,7,2,1,False,None,None,True,5522.098,2020-07-19T14:12:02.298000000,True
VER,33,Red Bull Racing,44,80.659,28.945,28.635,23.079,HARD,3,8,2,1,False,None,None,True,5602.273,2020-07-19T14:13:22.473000000,True
VER,33,Red Bull Racing,45,80.437,29.001,28.559,22.877,HARD,3,9,2,1,False,None,None,True,5682.932,2020-07-19T14:14:43.132000000,True
VER,33,Red Bull Racing,46,80.617,29.013,28.645,22.959,HARD,3,10,2,1,False,None,None,True,5763.369,2020-07-19T14:16:03.569000000,True
VER,33,Red Bull Racing,47,80.211,28.808,28.504,22.899,HARD,3,11,2,1,False,None,None,True,5843.986,2020-07-19T14:17:24.186000000,True
VER,33,Red Bull Racing,48,80.573,29.015,28.724,22.834,HARD,3,12,2,1,False,None,None,True,5924.197,2020-07-19T14:18:44.397000000,True
VER,33,Red Bull Racing,49,80.268,28.88,28.801,22.587,HARD,3,13,2,1,False,None,None,True,6004.77,2020-07-19T14:20:04.970000000,True
VER,33,Red Bull Racing,50,79.83,28.87,28.368,22.592,HARD,3,14,2,1,True,None,None,True,6085.038,2020-07-19T14:21:25.238000000,True
VER,33,Red Bull Racing,51,79.827,28.806,28.441,22.58,HARD,3,15,2,1,True,None,None,True,6164.868,2020-07-19T14:22:45.068000000,True
VER,33,Red Bull Racing,52,79.975,28.803,28.393,22.779,HARD,3,16,2,1,False,None,None,True,6244.695,2020-07-19T14:24:04.895000000,True
VER,33,Red Bull Racing,53,79.872,28.72,28.661,22.491,HARD,3,17,2,1,False,None,None,True,6324.67,2020-07-19T14:25:24.870000000,True
VER,33,Red Bull Racing,54,79.763,28.792,28.326,22.645,HARD,3,18,2,1,True,None,None,True,6404.542,2020-07-19T14:26:44.742000000,True
VER,33,Red Bull Racing,55,79.886,28.729,28.5,22.657,HARD,3,19,2,1,False,None,None,True,6484.305,2020-07-19T14:28:04.505000000,True
VER,33,Red Bull Racing,56,80.217,28.849,28.601,22.767,HARD,3,20,2,1,False,None,None,True,6564.191,2020-07-19T14:29:24.391000000,True
VER,33,Red Bull Racing,57,80.465,28.674,28.956,22.835,HARD,3,21,2,1,False,None,None,True,6644.408,2020-07-19T14:30:44.608000000,True
VER,33,Red Bull Racing,58,79.767,28.881,28.221,22.665,HARD,3,22,2,1,False,None,None,True,6724.873,2020-07-19T14:32:05.073000000,True
VER,33,Red Bull Racing,59,79.867,28.855,28.496,22.516,HARD,3,23,2,1,False,None,None,True,6804.64,2020-07-19T14:33:24.840000000,True
VER,33,Red Bull Racing,60,79.184,28.699,28.063,22.422,HARD,3,24,2,1,True,None,None,True,6884.507,2020-07-19T14:34:44.707000000,True
VER,33,Red Bull Racing,61,79.413,28.684,28.177,22.552,HARD,3,25,2,1,False,None,None,True,6963.691,2020-07-19T14:36:03.891000000,True
VER,33,Red Bull Racing,62,79.564,28.647,28.314,22.603,HARD,3,26,2,1,False,None,None,True,7043.104,2020-07-19T14:37:23.304000000,True
VER,33,Red Bull Racing,63,80.047,28.735,28.523,22.789,HARD,3,27,2,1,False,None,None,True,7122.668,2020-07-19T14:38:42.868000000,True
VER,33,Red Bull Racing,64,79.324,28.823,28.035,22.466,HARD,3,28,2,1,False,None,None,True,7202.715,2020-07-19T14:40:02.915000000,True
VER,33,Red Bull Racing,65,79.25,28.667,28.117,22.466,HARD,3,29,2,1,False,None,None,True,7282.039,2020-07-19T14:41:22.239000000,True
VER,33,Red Bull Racing,66,79.321,28.667,28.126,22.528,HARD,3,30,2,1,False,None,None,True,7361.289,2020-07-19T14:42:41.489000000,True
VER,33,Red Bull Racing,67,79.304,28.615,28.126,22.563,HARD,3,31,2,1,False,None,None,True,7440.61,2020-07-19T14:44:00.810000000,True
VER,33,Red Bull Racing,68,79.346,28.578,28.235,22.533,HARD,3,32,2,1,False,None,None,True,7519.914,2020-07-19T14:45:20.114000000,True
VER,33,Red Bull Racing,69,79.321,28.531,28.178,22.612,HARD,3,33,2,1,False,None,None,True,7599.26,2020-07-19T14:46:39.460000000,True
VER,33,Red Bull Racing,70,80.222,28.674,28.6,22.948,HARD,3,34,2,1,False,None,None,True,7678.581,2020-07-19T14:47:58.781000000,True
VET,5,Ferrari,1,100.746,None,34.752,26.719,INTERMEDIATE,1,1,4,1,False,None,None,True,1977.486,2020-07-19T13:12:57.686000000,False
VET,5,Ferrari,2,94.777,33.098,34.57,27.109,INTERMEDIATE,1,2,4,1,True,None,None,True,2078.374,2020-07-19T13:14:38.574000000,True
VET,5,Ferrari,3,99.675,33.563,34.886,31.226,INTERMEDIATE,1,3,4,1,False,None,2271.23,True,2173.151,2020-07-19T13:16:13.351000000,False
VET,5,Ferrari,4,117.261,59.4,33.039,24.822,MEDIUM,2,1,13,12,False,2299.536,None,True,2272.826,2020-07-19T13:17:53.026000000,False
VET,5,Ferrari,5,89.026,32.193,32.627,24.206,MEDIUM,2,2,8,1,True,None,None,True,2390.087,2020-07-19T13:19:50.287000000,True
VET,5,Ferrari,6,86.23,31.525,31.185,23.52,MEDIUM,2,3,8,1,True,None,None,True,2479.113,2020-07-19T13:21:19.313000000,True
VET,5,Ferrari,7,85.027,30.998,30.329,23.7,MEDIUM,2,4,8,1,True,None,None,True,2565.343,2020-07-19T13:22:45.543000000,True
VET,5,Ferrari,8,84.807,30.779,30.337,23.691,MEDIUM,2,5,8,1,True,None,None,True,2650.37,2020-07-19T13:24:10.570000000,True
VET,5,Ferrari,9,83.83,30.287,30.026,23.517,MEDIUM,2,6,8,1,True,None,None,True,2735.177,2020-07-19T13:25:35.377000000,True
VET,5,Ferrari,10,84.022,30.375,29.984,23.663,MEDIUM,2,7,8,1,False,None,None,True,2819.007,2020-07-19T13:26:59.207000000,True
VET,5,Ferrari,11,85.775,30.173,29.687,25.915,MEDIUM,2,8,9,1,False,None,None,True,2903.029,2020-07-19T13:28:23.229000000,True
VET,5,Ferrari,12,83.397,30.174,29.762,23.461,MEDIUM,2,9,9,1,True,None,None,True,2988.804,2020-07-19T13:29:49.004000000,True
VET,5,Ferrari,13,83.222,29.85,29.847,23.525,MEDIUM,2,10,9,1,True,None,None,True,3072.201,2020-07-19T13:31:12.401000000,True
VET,5,Ferrari,14,84.218,30.116,30.115,23.987,MEDIUM,2,11,9,1,False,None,None,True,3155.423,2020-07-19T13:32:35.623000000,True
VET,5,Ferrari,15,84.262,29.884,30.45,23.928,MEDIUM,2,12,9,1,False,None,None,True,3239.641,2020-07-19T13:33:59.841000000,True
VET,5,Ferrari,16,84.391,30.197,30.37,23.824,MEDIUM,2,13,9,1,False,None,None,True,3323.903,2020-07-19T13:35:24.103000000,True
VET,5,Ferrari,17,84.478,29.963,30.566,23.949,MEDIUM,2,14,9,1,False,None,None,True,3408.294,2020-07-19T13:36:48.494000000,True
VET,5,Ferrari,18,85.208,29.911,30.915,24.382,MEDIUM,2,15,9,1,False,None,None,True,3492.772,2020-07-19T13:38:12.972000000,True
VET,5,Ferrari,19,82.686,29.594,29.552,23.54,MEDIUM,2,16,8,1,True,None,None,True,3577.98,2020-07-19T13:39:38.180000000,True
VET,5,Ferrari,20,82.435,29.688,29.405,23.342,MEDIUM,2,17,8,1,True,None,None,True,3660.666,2020-07-19T13:41:00.866000000,True
VET,5,Ferrari,21,82.462,29.562,29.437,23.463,MEDIUM,2,18,8,1,False,None,None,True,3743.101,2020-07-19T13:42:23.301000000,True
VET,5,Ferrari,22,82.331,29.469,29.335,23.527,MEDIUM,2,19,8,1,True,None,None,True,3825.563,2020-07-19T13:43:45.763000000,True
VET,5,Ferrari,23,82.808,29.541,29.656,23.611,MEDIUM,2,20,8,1,False,None,None,True,3907.894,2020-07-19T13:45:08.094000000,True
VET,5,Ferrari,24,82.98,29.582,29.64,23.758,MEDIUM,2,21,8,1,False,None,None,True,3990.702,2020-07-19T13:46:30.902000000,True
VET,5,Ferrari,25,82.787,29.519,29.742,23.526,MEDIUM,2,22,8,1,False,None,None,True,4073.682,2020-07-19T13:47:53.882000000,True
VET,5,Ferrari,26,82.766,29.716,29.567,23.483,MEDIUM,2,23,8,1,False,None,None,True,4156.469,2020-07-19T13:49:16.669000000,True
VET,5,Ferrari,27,83.042,29.641,29.653,23.748,MEDIUM,2,24,8,1,False,None,None,True,4239.235,2020-07-19T13:50:39.435000000,True
VET,5,Ferrari,28,83.404,29.669,29.903,23.832,MEDIUM,2,25,8,1,False,None,None,True,4322.277,2020-07-19T13:52:02.477000000,True
VET,5,Ferrari,29,87.223,29.533,31.106,26.584,MEDIUM,2,26,9,1,False,None,4491.3,True,4405.681,2020-07-19T13:53:25.881000000,False
VET,5,Ferrari,30,101.18,48.205,29.731,23.244,HARD,3,1,12,1,False,4513.181,None,True,4492.904,2020-07-19T13:54:53.104000000,False
VET,5,Ferrari,31,80.786,29.105,28.804,22.877,HARD,3,2,11,1,True,None,None,True,4594.084,2020-07-19T13:56:34.284000000,True
VET,5,Ferrari,32,80.734,29.167,28.622,22.945,HARD,3,3,11,1,True,None,None,True,4674.87,2020-07-19T13:57:55.070000000,True
VET,5,Ferrari,33,81.617,29.234,29.034,23.349,HARD,3,4,11,1,False,None,None,True,4755.604,2020-07-19T13:59:15.804000000,True
VET,5,Ferrari,34,81.867,28.905,29.699,23.263,HARD,3,5,10,1,False,None,None,True,4837.221,2020-07-19T14:00:37.421000000,True
VET,5,Ferrari,35,82.539,29.372,30.086,23.081,HARD,3,6,9,1,False,None,None,True,4919.088,2020-07-19T14:01:59.288000000,True
VET,5,Ferrari,36,81.808,29.458,29.376,22.974,HARD,3,7,7,1,False,None,None,True,5001.627,2020-07-19T14:03:21.827000000,True
VET,5,Ferrari,37,81.091,29.251,28.922,22.918,HARD,3,8,7,1,False,None,None,True,5083.435,2020-07-19T14:04:43.635000000,True
VET,5,Ferrari,38,81.129,29.196,28.738,23.195,HARD,3,9,7,1,False,None,None,True,5164.526,2020-07-19T14:06:04.726000000,True
VET,5,Ferrari,39,80.966,29.251,28.758,22.957,HARD,3,10,7,1,False,None,None,True,5245.655,2020-07-19T14:07:25.855000000,True
VET,5,Ferrari,40,80.856,29.209,28.681,22.966,HARD,3,11,6,1,False,None,None,True,5326.621,2020-07-19T14:08:46.821000000,True
VET,5,Ferrari,41,80.503,29.156,28.552,22.795,HARD,3,12,6,1,True,None,None,True,5407.477,2020-07-19T14:10:07.677000000,True
VET,5,Ferrari,42,80.878,29.198,28.754,22.926,HARD,3,13,6,12,False,None,None,True,5487.98,2020-07-19T14:11:28.180000000,True
VET,5,Ferrari,43,80.966,29.243,28.684,23.039,HARD,3,14,6,1,False,None,None,True,5568.858,2020-07-19T14:12:49.058000000,True
VET,5,Ferrari,44,80.807,29.338,28.508,22.961,HARD,3,15,5,1,False,None,None,True,5649.824,2020-07-19T14:14:10.024000000,True
VET,5,Ferrari,45,80.408,29.221,28.336,22.851,HARD,3,16,5,1,True,None,None,True,5730.631,2020-07-19T14:15:30.831000000,True
VET,5,Ferrari,46,80.624,29.213,28.463,22.948,HARD,3,17,5,1,False,None,None,True,5811.039,2020-07-19T14:16:51.239000000,True
VET,5,Ferrari,47,80.865,29.331,28.474,23.06,HARD,3,18,5,1,False,None,None,True,5891.663,2020-07-19T14:18:11.863000000,True
VET,5,Ferrari,48,80.456,29.258,28.397,22.801,HARD,3,19,5,1,False,None,None,True,5972.528,2020-07-19T14:19:32.728000000,True
VET,5,Ferrari,49,80.363,29.186,28.313,22.864,HARD,3,20,5,1,True,None,None,True,6052.984,2020-07-19T14:20:53.184000000,True
VET,5,Ferrari,50,80.621,29.209,28.511,22.901,HARD,3,21,5,1,False,None,None,True,6133.347,2020-07-19T14:22:13.547000000,True
VET,5,Ferrari,51,80.647,29.27,28.465,22.912,HARD,3,22,5,1,False,None,None,True,6213.968,2020-07-19T14:23:34.168000000,True
VET,5,Ferrari,52,81.081,29.279,28.871,22.931,HARD,3,23,5,1,False,None,None,True,6294.615,2020-07-19T14:24:54.815000000,True
VET,5,Ferrari,53,81.596,29.524,28.994,23.078,HARD,3,24,5,1,False,None,None,True,6375.696,2020-07-19T14:26:15.896000000,True
VET,5,Ferrari,54,80.964,29.23,28.697,23.037,HARD,3,25,5,1,False,None,None,True,6457.292,2020-07-19T14:27:37.492000000,True
VET,5,Ferrari,55,80.623,29.256,28.453,22.914,HARD,3,26,5,1,False,None,None,True,6538.256,2020-07-19T14:28:58.456000000,True
VET,5,Ferrari,56,80.928,29.315,28.611,23.002,HARD,3,27,5,1,False,None,None,True,6618.879,2020-07-19T14:30:19.079000000,True
VET,5,Ferrari,57,82.882,30.168,29.569,23.145,HARD,3,28,5,1,False,None,None,True,6699.807,2020-07-19T14:31:40.007000000,True
VET,5,Ferrari,58,80.495,29.252,28.221,23.022,HARD,3,29,5,1,False,None,None,True,6782.689,2020-07-19T14:33:02.889000000,True
VET,5,Ferrari,59,80.681,29.189,28.494,22.998,HARD,3,30,5,1,False,None,None,True,6863.184,2020-07-19T14:34:23.384000000,True
VET,5,Ferrari,60,80.809,29.162,28.553,23.094,HARD,3,31,5,1,False,None,None,True,6943.865,2020-07-19T14:35:44.065000000,True
VET,5,Ferrari,61,80.831,29.297,28.473,23.061,HARD,3,32,5,1,False,None,None,True,7024.674,2020-07-19T14:37:04.874000000,True
VET,5,Ferrari,62,80.713,29.154,28.49,23.069,HARD,3,33,5,1,False,None,None,True,7105.505,2020-07-19T14:38:25.705000000,True
VET,5,Ferrari,63,80.805,29.279,28.528,22.998,HARD,3,34,5,1,False,None,None,True,7186.218,2020-07-19T14:39:46.418000000,True
VET,5,Ferrari,64,80.641,29.23,28.429,22.982,HARD,3,35,5,1,False,None,None,True,7267.023,2020-07-19T14:41:07.223000000,True
VET,5,Ferrari,65,80.54,29.18,28.382,22.978,HARD,3,36,5,1,False,None,None,True,7347.664,2020-07-19T14:42:27.864000000,True
VET,5,Ferrari,66,82.717,29.898,29.518,23.301,HARD,3,37,6,1,False,None,None,True,7428.204,2020-07-19T14:43:48.404000000,True
VET,5,Ferrari,67,80.85,29.219,28.635,22.996,HARD,3,38,6,1,False,None,None,True,7510.921,2020-07-19T14:45:11.121000000,True
VET,5,Ferrari,68,82.863,30.568,29.15,23.145,HARD,3,39,6,1,False,None,None,True,7591.771,2020-07-19T14:46:31.971000000,True
VET,5,Ferrari,69,80.955,29.031,28.847,23.077,HARD,3,40,6,1,False,None,None,True,7674.634,2020-07-19T14:47:54.834000000,True
