Driver,DriverNumber,Team,LapNumber,LapTime,Sector1Time,Sector2Time,Sector3Time,Compound,Stint,TyreLife,Position,TrackStatus,IsPersonalBest,PitOutTime,PitInTime,FreshTyre,LapStartTime,LapStartDate,IsAccurate
ALB,23,Red Bull Racing,1,155.76,None,70.186,41.65,SOFT,1,5,17,124,False,None,2161.381,False,2013.451,2020-09-27T11:13:33.505000000,False
ALB,23,Red Bull Racing,2,183.958,83.677,56.552,43.729,HARD,2,1,17,4,False,2191.606,None,True,2169.383,2020-09-27T11:16:09.437000000,False
ALB,23,Red Bull Racing,3,172.267,72.032,56.922,43.313,HARD,2,2,17,4,False,None,None,True,2353.318,2020-09-27T11:19:13.372000000,False
ALB,23,Red Bull Racing,4,170.956,68.752,55.551,46.653,HARD,2,3,17,4,False,None,None,True,2525.587,2020-09-27T11:22:05.641000000,False
ALB,23,Red Bull Racing,5,158.283,64.315,51.704,42.264,HARD,2,4,17,41,False,None,None,True,2696.571,2020-09-27T11:24:56.625000000,False
ALB,23,Red Bull Racing,6,106.544,36.921,37.719,31.904,HARD,2,5,18,1,True,None,None,True,2854.776,2020-09-27T11:27:34.830000000,True
ALB,23,Red Bull Racing,7,104.582,36.583,36.594,31.405,HARD,2,6,18,1,True,None,None,True,2961.32,2020-09-27T11:29:21.374000000,True
ALB,23,Red Bull Racing,8,104.309,36.771,36.009,31.529,HARD,2,7,18,1,True,None,None,True,3065.902,2020-09-27T11:31:05.956000000,True
ALB,23,Red Bull Racing,9,105.732,36.505,36.942,32.285,HARD,2,8,18,1,False,None,None,True,3170.211,2020-09-27T11:32:50.265000000,True
ALB,23,Red Bull Racing,10,105.105,36.632,35.908,32.565,HARD,2,9,18,1,False,None,None,True,3275.943,2020-09-27T11:34:35.997000000,True
ALB,23,Red Bull Racing,11,104.526,37.147,36.201,31.178,HARD,2,10,17,1,False,None,None,True,3381.048,2020-09-27T11:36:21.102000000,True
ALB,23,Red Bull Racing,12,102.925,36.464,35.596,30.865,HARD,2,11,16,1,True,None,None,True,3485.574,2020-09-27T11:38:05.628000000,True
ALB,23,Red Bull Racing,13,102.063,36.398,35.294,30.371,HARD,2,12,16,1,True,None,None,True,3588.499,2020-09-27T11:39:48.553000000,True
ALB,23,Red Bull Racing,14,102.04,36.194,35.325,30.521,HARD,2,13,16,1,True,None,None,True,3690.562,2020-09-27T11:41:30.616000000,True
ALB,23,Red Bull Racing,15,102.32,36.245,35.016,31.059,HARD,2,14,16,1,False,None,None,True,3792.602,2020-09-27T11:43:12.656000000,True
ALB,23,Red Bull Racing,16,102.402,36.574,35.697,30.131,HARD,2,15,15,1,False,None,None,True,3894.922,2020-09-27T11:44:54.976000000,True
ALB,23,Red Bull Racing,17,101.752,36.304,35.236,30.212,HARD,2,16,14,1,True,None,None,True,3997.324,2020-09-27T11:46:37.378000000,True
ALB,23,Red Bull Racing,18,101.222,36.089,35.05,30.083,HARD,2,17,13,1,True,None,None,True,4099.076,2020-09-27T11:48:19.130000000,True
ALB,23,Red Bull Racing,19,101.22,36.028,34.972,30.22,HARD,2,18,12,1,True,None,None,True,4200.298,2020-09-27T11:50:00.352000000,True
ALB,23,Red Bull Racing,20,101.77,36.134,35.235,30.401,HARD,2,19,11,1,False,None,None,True,4301.518,2020-09-27T11:51:41.572000000,True
ALB,23,Red Bull Racing,21,101.826,36.303,34.788,30.735,HARD,2,20,11,1,False,None,None,True,4403.288,2020-09-27T11:53:23.342000000,True
ALB,23,Red Bull Racing,22,101.623,36.448,35.136,30.039,HARD,2,21,11,1,False,None,None,True,4505.114,2020-09-27T11:55:05.168000000,True
ALB,23,Red Bull Racing,23,101.215,36.046,34.961,30.208,HARD,2,22,11,1,True,None,None,True,4606.737,2020-09-27T11:56:46.791000000,True
ALB,23,Red Bull Racing,24,101.549,36.105,35.047,30.397,HARD,2,23,11,1,False,None,None,True,4707.952,2020-09-27T11:58:28.006000000,True
ALB,23,Red Bull Racing,25,101.384,36.097,34.784,30.503,HARD,2,24,11,1,False,None,None,True,4809.501,2020-09-27T12:00:09.555000000,True
ALB,23,Red Bull Racing,26,101.676,36.142,35.063,30.471,HARD,2,25,11,1,False,None,None,True,4910.885,2020-09-27T12:01:50.939000000,True
ALB,23,Red Bull Racing,27,106.714,36.558,35.027,35.129,HARD,2,26,13,1,False,None,5111.382,True,5012.561,2020-09-27T12:03:32.615000000,False
ALB,23,Red Bull Racing,28,121.129,57.236,34.585,29.308,MEDIUM,3,1,16,1,False,5141.487,None,True,5119.275,2020-09-27T12:05:19.329000000,False
ALB,23,Red Bull Racing,29,99.262,35.917,34.426,28.919,MEDIUM,3,2,16,1,True,None,None,True,5240.404,2020-09-27T12:07:20.458000000,True
ALB,23,Red Bull Racing,30,99.245,35.886,34.202,29.157,MEDIUM,3,3,16,1,True,None,None,True,5339.666,2020-09-27T12:08:59.720000000,True
ALB,23,Red Bull Racing,31,99.326,35.852,34.189,29.285,MEDIUM,3,4,15,1,False,None,None,True,5438.911,2020-09-27T12:10:38.965000000,True
ALB,23,Red Bull Racing,32,99.328,35.777,34.29,29.261,MEDIUM,3,5,15,1,False,None,None,True,5538.237,2020-09-27T12:12:18.291000000,True
ALB,23,Red Bull Racing,33,99.809,35.904,34.59,29.315,MEDIUM,3,6,15,1,False,None,None,True,5637.565,2020-09-27T12:13:57.619000000,True
ALB,23,Red Bull Racing,34,100.075,35.83,34.619,29.626,MEDIUM,3,7,15,1,False,None,None,True,5737.374,2020-09-27T12:15:37.428000000,True
ALB,23,Red Bull Racing,35,100.416,35.782,34.738,29.896,MEDIUM,3,8,15,1,False,None,None,True,5837.449,2020-09-27T12:17:17.503000000,True
ALB,23,Red Bull Racing,36,100.335,35.689,34.487,30.159,MEDIUM,3,9,14,1,False,None,None,True,5937.865,2020-09-27T12:18:57.919000000,True
ALB,23,Red Bull Racing,37,101.11,35.768,34.894,30.448,MEDIUM,3,10,13,1,False,None,None,True,6038.2,2020-09-27T12:20:38.254000000,True
ALB,23,Red Bull Racing,38,100.564,35.88,34.773,29.911,MEDIUM,3,11,13,1,False,None,None,True,6139.31,2020-09-27T12:22:19.364000000,True
ALB,23,Red Bull Racing,39,98.986,35.415,34.386,29.185,MEDIUM,3,12,12,1,True,None,None,True,6239.874,2020-09-27T12:23:59.928000000,True
ALB,23,Red Bull Racing,40,99.106,35.568,34.221,29.317,MEDIUM,3,13,12,1,False,None,None,True,6338.86,2020-09-27T12:25:38.914000000,True
ALB,23,Red Bull Racing,41,99.994,35.559,34.327,30.108,MEDIUM,3,14,12,1,False,None,None,True,6437.966,2020-09-27T12:27:18.020000000,True
ALB,23,Red Bull Racing,42,109.522,35.31,43.728,30.484,MEDIUM,3,15,11,167,False,None,None,True,6537.96,2020-09-27T12:28:58.014000000,False
ALB,23,Red Bull Racing,43,99.615,35.557,34.453,29.605,MEDIUM,3,16,10,1,False,None,None,True,6647.482,2020-09-27T12:30:47.536000000,True
ALB,23,Red Bull Racing,44,101.219,35.858,34.607,30.754,MEDIUM,3,17,10,1,False,None,None,True,6747.097,2020-09-27T12:32:27.151000000,True
ALB,23,Red Bull Racing,45,104.113,36.183,37.248,30.682,MEDIUM,3,18,11,1,False,None,None,True,6848.316,2020-09-27T12:34:08.370000000,True
ALB,23,Red Bull Racing,46,100.924,35.666,34.436,30.822,MEDIUM,3,19,11,1,False,None,None,True,6952.429,2020-09-27T12:35:52.483000000,True
ALB,23,Red Bull Racing,47,100.795,36.181,35.19,29.424,MEDIUM,3,20,10,1,False,None,None,True,7053.353,2020-09-27T12:37:33.407000000,True
ALB,23,Red Bull Racing,48,98.521,35.553,34.007,28.961,MEDIUM,3,21,10,1,True,None,None,True,7154.148,2020-09-27T12:39:14.202000000,True
ALB,23,Red Bull Racing,49,98.511,35.598,33.94,28.973,MEDIUM,3,22,10,1,True,None,None,True,7252.669,2020-09-27T12:40:52.723000000,True
ALB,23,Red Bull Racing,50,100.144,36.626,34.327,29.191,MEDIUM,3,23,10,1,False,None,None,True,7351.18,2020-09-27T12:42:31.234000000,True
ALB,23,Red Bull Racing,51,98.377,35.539,33.84,28.998,MEDIUM,3,24,10,1,True,None,None,True,7451.324,2020-09-27T12:44:11.378000000,True
ALB,23,Red Bull Racing,52,98.646,35.4,33.879,29.367,MEDIUM,3,25,10,1,False,None,None,True,7549.701,2020-09-27T12:45:49.755000000,True
ALB,23,Red Bull Racing,53,98.429,35.35,33.849,29.23,MEDIUM,3,26,10,1,False,None,None,True,7648.347,2020-09-27T12:47:28.401000000,True
BOT,77,Mercedes,1,128.585,None,49.588,41.037,MEDIUM,1,4,2,124,False,None,None,False,2013.451,2020-09-27T11:13:33.505000000,False
BOT,77,Mercedes,2,186.87,87.574,52.269,47.027,MEDIUM,1,5,2,4,False,None,None,False,2142.193,2020-09-27T11:15:42.247000000,False
BOT,77,Mercedes,3,172.247,70.875,57.114,44.258,MEDIUM,1,6,2,4,False,None,None,False,2329.07,2020-09-27T11:18:49.124000000,False
BOT,77,Mercedes,4,172.506,69.062,56.883,46.561,MEDIUM,1,7,2,4,False,None,None,False,2501.309,2020-09-27T11:21:41.363000000,False
BOT,77,Mercedes,5,172.692,63.448,57.625,51.619,MEDIUM,1,8,2,41,False,None,None,False,2673.818,2020-09-27T11:24:33.872000000,False
BOT,77,Mercedes,6,100.702,35.87,34.884,29.948,MEDIUM,1,9,2,1,True,None,None,False,2846.503,2020-09-27T11:27:26.557000000,True
BOT,77,Mercedes,7,101.48,36.081,35.157,30.242,MEDIUM,1,10,2,1,False,None,None,False,2947.205,2020-09-27T11:29:07.259000000,True
BOT,77,Mercedes,8,101.179,35.857,35.041,30.281,MEDIUM,1,11,2,1,False,None,None,False,3048.685,2020-09-27T11:30:48.739000000,True
BOT,77,Mercedes,9,101.341,36.06,35.108,30.173,MEDIUM,1,12,2,1,False,None,None,False,3149.864,2020-09-27T11:32:29.918000000,True
BOT,77,Mercedes,10,101.431,36.018,35.105,30.308,MEDIUM,1,13,2,1,False,None,None,False,3251.205,2020-09-27T11:34:11.259000000,True
BOT,77,Mercedes,11,101.237,35.939,35.076,30.222,MEDIUM,1,14,2,1,False,None,None,False,3352.636,2020-09-27T11:35:52.690000000,True
BOT,77,Mercedes,12,101.233,35.981,35.288,29.964,MEDIUM,1,15,2,1,False,None,None,False,3453.873,2020-09-27T11:37:33.927000000,True
BOT,77,Mercedes,13,101.044,35.757,35.139,30.148,MEDIUM,1,16,2,1,False,None,None,False,3555.106,2020-09-27T11:39:15.160000000,True
BOT,77,Mercedes,14,100.307,35.642,34.768,29.897,MEDIUM,1,17,2,1,True,None,None,False,3656.15,2020-09-27T11:40:56.204000000,True
BOT,77,Mercedes,15,100.059,35.607,34.637,29.815,MEDIUM,1,18,2,1,True,None,None,False,3756.457,2020-09-27T11:42:36.511000000,True
BOT,77,Mercedes,16,99.727,35.414,34.587,29.726,MEDIUM,1,19,1,1,True,None,None,False,3856.516,2020-09-27T11:44:16.570000000,True
BOT,77,Mercedes,17,99.439,35.46,34.42,29.559,MEDIUM,1,20,1,1,True,None,None,False,3956.243,2020-09-27T11:45:56.297000000,True
BOT,77,Mercedes,18,99.375,35.651,34.295,29.429,MEDIUM,1,21,1,1,True,None,None,False,4055.682,2020-09-27T11:47:35.736000000,True
BOT,77,Mercedes,19,99.569,35.594,34.51,29.465,MEDIUM,1,22,1,1,False,None,None,False,4155.057,2020-09-27T11:49:15.111000000,True
BOT,77,Mercedes,20,99.221,35.48,34.258,29.483,MEDIUM,1,23,1,1,True,None,None,False,4254.626,2020-09-27T11:50:54.680000000,True
BOT,77,Mercedes,21,99.081,35.384,34.268,29.429,MEDIUM,1,24,1,1,True,None,None,False,4353.847,2020-09-27T11:52:33.901000000,True
BOT,77,Mercedes,22,99.667,35.541,34.592,29.534,MEDIUM,1,25,1,1,False,None,None,False,4452.928,2020-09-27T11:54:12.982000000,True
BOT,77,Mercedes,23,99.403,35.608,34.333,29.462,MEDIUM,1,26,1,1,False,None,None,False,4552.595,2020-09-27T11:55:52.649000000,True
BOT,77,Mercedes,24,99.168,35.497,34.26,29.411,MEDIUM,1,27,1,1,False,None,None,False,4651.998,2020-09-27T11:57:32.052000000,True
BOT,77,Mercedes,25,99.52,35.571,34.366,29.583,MEDIUM,1,28,1,1,False,None,None,False,4751.166,2020-09-27T11:59:11.220000000,True
BOT,77,Mercedes,26,104.581,35.471,34.593,34.517,MEDIUM,1,29,1,1,False,None,4947.129,False,4850.686,2020-09-27T12:00:50.740000000,False
BOT,77,Mercedes,27,120.33,57.091,34.499,28.74,HARD,2,1,1,1,False,4976.853,None,True,4955.267,2020-09-27T12:02:35.321000000,False
BOT,77,Mercedes,28,97.861,35.288,33.782,28.791,HARD,2,2,1,1,True,None,None,True,5075.597,2020-09-27T12:04:35.651000000,True
BOT,77,Mercedes,29,98.606,35.488,34.082,29.036,HARD,2,3,1,1,False,None,None,True,5173.458,2020-09-27T12:06:13.512000000,True
BOT,77,Mercedes,30,98.264,35.406,33.753,29.105,HARD,2,4,1,1,False,None,None,True,5272.064,2020-09-27T12:07:52.118000000,True
BOT,77,Mercedes,31,98.611,35.336,34.026,29.249,HARD,2,5,1,1,False,None,None,True,5370.328,2020-09-27T12:09:30.382000000,True
BOT,77,Mercedes,32,98.669,35.416,34.06,29.193,HARD,2,6,1,1,False,None,None,True,5468.939,2020-09-27T12:11:08.993000000,True
BOT,77,Mercedes,33,98.88,35.339,34.175,29.366,HARD,2,7,1,1,False,None,None,True,5567.608,2020-09-27T12:12:47.662000000,True
BOT,77,Mercedes,34,98.404,35.206,34.069,29.129,HARD,2,8,1,1,False,None,None,True,5666.488,2020-09-27T12:14:26.542000000,True
BOT,77,Mercedes,35,97.807,35.068,33.756,28.983,HARD,2,9,1,1,True,None,None,True,5764.892,2020-09-27T12:16:04.946000000,True
BOT,77,Mercedes,36,99.019,35.247,34.138,29.634,HARD,2,10,1,1,False,None,None,True,5862.699,2020-09-27T12:17:42.753000000,True
BOT,77,Mercedes,37,99.506,35.259,34.782,29.465,HARD,2,11,1,1,False,None,None,True,5961.718,2020-09-27T12:19:21.772000000,True
BOT,77,Mercedes,38,99.527,35.251,34.342,29.934,HARD,2,12,1,1,False,None,None,True,6061.224,2020-09-27T12:21:01.278000000,True
BOT,77,Mercedes,39,98.755,35.307,34.054,29.394,HARD,2,13,1,1,False,None,None,True,6160.751,2020-09-27T12:22:40.805000000,True
BOT,77,Mercedes,40,98.63,35.191,34.074,29.365,HARD,2,14,1,1,False,None,None,True,6259.506,2020-09-27T12:24:19.560000000,True
BOT,77,Mercedes,41,98.521,35.03,34.135,29.356,HARD,2,15,1,1,False,None,None,True,6358.136,2020-09-27T12:25:58.190000000,True
BOT,77,Mercedes,42,98.669,34.96,34.163,29.546,HARD,2,16,1,1,False,None,None,True,6456.657,2020-09-27T12:27:36.711000000,True
BOT,77,Mercedes,43,113.109,35.201,47.392,30.516,HARD,2,17,1,167,False,None,None,True,6555.326,2020-09-27T12:29:15.380000000,False
BOT,77,Mercedes,44,98.617,34.987,34.187,29.443,HARD,2,18,1,1,False,None,None,True,6668.435,2020-09-27T12:31:08.489000000,True
BOT,77,Mercedes,45,98.77,35.041,34.367,29.362,HARD,2,19,1,1,False,None,None,True,6767.052,2020-09-27T12:32:47.106000000,True
BOT,77,Mercedes,46,98.641,35.152,34.316,29.173,HARD,2,20,1,1,False,None,None,True,6865.822,2020-09-27T12:34:25.876000000,True
BOT,77,Mercedes,47,98.818,35.172,34.15,29.496,HARD,2,21,1,1,False,None,None,True,6964.463,2020-09-27T12:36:04.517000000,True
BOT,77,Mercedes,48,99.006,35.077,34.481,29.448,HARD,2,22,1,1,False,None,None,True,7063.281,2020-09-27T12:37:43.335000000,True
BOT,77,Mercedes,49,98.977,35.133,34.517,29.327,HARD,2,23,1,1,False,None,None,True,7162.287,2020-09-27T12:39:22.341000000,True
BOT,77,Mercedes,50,100.312,36.384,34.506,29.422,HARD,2,24,1,1,False,None,None,True,7261.264,2020-09-27T12:41:01.318000000,True
BOT,77,Mercedes,51,97.03,34.77,33.5,28.76,HARD,2,25,1,1,True,None,None,True,7361.576,2020-09-27T12:42:41.630000000,True
BOT,77,Mercedes,52,97.724,35.08,33.785,28.859,HARD,2,26,1,1,False,None,None,True,7458.606,2020-09-27T12:44:18.660000000,True
BOT,77,Mercedes,53,97.637,34.901,33.737,28.999,HARD,2,27,1,1,False,None,None,True,7556.33,2020-09-27T12:45:56.384000000,True
GAS,10,AlphaTauri,1,136.746,None,56.7,39.086,SOFT,1,4,7,124,False,None,None,False,2013.451,2020-09-27T11:13:33.505000000,False
GAS,10,AlphaTauri,2,185.898,85.887,53.486,46.525,SOFT,1,5,7,4,False,None,None,False,2150.403,2020-09-27T11:15:50.457000000,False
GAS,10,AlphaTauri,3,171.454,69.952,57.423,44.079,SOFT,1,6,7,4,False,None,None,False,2336.259,2020-09-27T11:18:56.313000000,False
GAS,10,AlphaTauri,4,172.253,68.761,57.662,45.83,SOFT,1,7,7,4,False,None,None,False,2507.704,2020-09-27T11:21:47.758000000,False
GAS,10,AlphaTauri,5,169.796,64.301,55.411,50.084,SOFT,1,8,7,41,False,None,None,False,2679.957,2020-09-27T11:24:40.011000000,False
GAS,10,AlphaTauri,6,102.552,36.499,35.525,30.528,SOFT,1,9,7,1,True,None,None,False,2849.694,2020-09-27T11:27:29.748000000,True
GAS,10,AlphaTauri,7,102.179,36.502,35.51,30.167,SOFT,1,10,7,1,True,None,None,False,2952.246,2020-09-27T11:29:12.300000000,True
GAS,10,AlphaTauri,8,101.775,36.353,35.207,30.215,SOFT,1,11,7,1,True,None,None,False,3054.425,2020-09-27T11:30:54.479000000,True
GAS,10,AlphaTauri,9,101.67,36.23,35.174,30.266,SOFT,1,12,7,1,True,None,None,False,3156.2,2020-09-27T11:32:36.254000000,True
GAS,10,AlphaTauri,10,101.757,36.336,35.233,30.188,SOFT,1,13,7,1,False,None,None,False,3257.87,2020-09-27T11:34:17.924000000,True
GAS,10,AlphaTauri,11,101.871,36.451,35.317,30.103,SOFT,1,14,7,1,False,None,None,False,3359.627,2020-09-27T11:35:59.681000000,True
GAS,10,AlphaTauri,12,101.812,36.339,35.333,30.14,SOFT,1,15,7,1,False,None,None,False,3461.498,2020-09-27T11:37:41.552000000,True
GAS,10,AlphaTauri,13,101.744,36.193,35.414,30.137,SOFT,1,16,7,1,False,None,None,False,3563.31,2020-09-27T11:39:23.364000000,True
GAS,10,AlphaTauri,14,101.665,36.215,35.309,30.141,SOFT,1,17,7,1,True,None,None,False,3665.054,2020-09-27T11:41:05.108000000,True
GAS,10,AlphaTauri,15,102.679,36.348,35.367,30.964,SOFT,1,18,6,1,False,None,None,False,3766.719,2020-09-27T11:42:46.773000000,True
GAS,10,AlphaTauri,16,101.944,36.379,35.335,30.23,SOFT,1,19,6,1,False,None,None,False,3869.398,2020-09-27T11:44:29.452000000,True
GAS,10,AlphaTauri,17,102.222,36.289,35.349,30.584,SOFT,1,20,5,1,False,None,None,False,3971.342,2020-09-27T11:46:11.396000000,True
GAS,10,AlphaTauri,18,107.7,36.794,35.598,35.308,SOFT,1,21,7,1,False,None,4173.281,False,4073.564,2020-09-27T11:47:53.618000000,False
GAS,10,AlphaTauri,19,122.181,57.115,35.172,29.894,HARD,2,1,13,1,False,4204.796,None,True,4181.264,2020-09-27T11:49:41.318000000,False
GAS,10,AlphaTauri,20,100.952,36.122,34.933,29.897,HARD,2,2,12,1,True,None,None,True,4303.445,2020-09-27T11:51:43.499000000,True
GAS,10,AlphaTauri,21,101.557,36.138,35.154,30.265,HARD,2,3,12,1,False,None,None,True,4404.397,2020-09-27T11:53:24.451000000,True
GAS,10,AlphaTauri,22,101.621,36.4,34.79,30.431,HARD,2,4,12,1,False,None,None,True,4505.954,2020-09-27T11:55:06.008000000,True
GAS,10,AlphaTauri,23,101.378,35.979,35.181,30.218,HARD,2,5,12,1,False,None,None,True,4607.575,2020-09-27T11:56:47.629000000,True
GAS,10,AlphaTauri,24,101.386,35.817,35.252,30.317,HARD,2,6,12,1,False,None,None,True,4708.953,2020-09-27T11:58:29.007000000,True
GAS,10,AlphaTauri,25,101.198,35.958,34.76,30.48,HARD,2,7,12,1,False,None,None,True,4810.339,2020-09-27T12:00:10.393000000,True
GAS,10,AlphaTauri,26,101.868,36.133,35.044,30.691,HARD,2,8,12,1,False,None,None,True,4911.537,2020-09-27T12:01:51.591000000,True
GAS,10,AlphaTauri,27,102.358,36.21,35.041,31.107,HARD,2,9,11,1,False,None,None,True,5013.405,2020-09-27T12:03:33.459000000,True
GAS,10,AlphaTauri,28,100.811,35.934,34.831,30.046,HARD,2,10,11,1,True,None,None,True,5115.763,2020-09-27T12:05:15.817000000,True
GAS,10,AlphaTauri,29,100.931,35.922,34.897,30.112,HARD,2,11,11,1,False,None,None,True,5216.574,2020-09-27T12:06:56.628000000,True
GAS,10,AlphaTauri,30,101.367,35.961,34.526,30.88,HARD,2,12,10,1,False,None,None,True,5317.505,2020-09-27T12:08:37.559000000,True
GAS,10,AlphaTauri,31,101.64,36.219,34.719,30.702,HARD,2,13,10,1,False,None,None,True,5418.872,2020-09-27T12:10:18.926000000,True
GAS,10,AlphaTauri,32,101.24,35.928,34.47,30.842,HARD,2,14,10,1,False,None,None,True,5520.512,2020-09-27T12:12:00.566000000,True
GAS,10,AlphaTauri,33,101.553,35.986,34.714,30.853,HARD,2,15,10,1,False,None,None,True,5621.752,2020-09-27T12:13:41.806000000,True
GAS,10,AlphaTauri,34,99.764,35.72,34.604,29.44,HARD,2,16,9,1,True,None,None,True,5723.305,2020-09-27T12:15:23.359000000,True
GAS,10,AlphaTauri,35,99.781,35.714,34.486,29.581,HARD,2,17,9,1,False,None,None,True,5823.069,2020-09-27T12:17:03.123000000,True
GAS,10,AlphaTauri,36,100.054,35.797,34.791,29.466,HARD,2,18,9,1,False,None,None,True,5922.85,2020-09-27T12:18:42.904000000,True
GAS,10,AlphaTauri,37,99.8,35.644,34.534,29.622,HARD,2,19,9,1,False,None,None,True,6022.904,2020-09-27T12:20:22.958000000,True
GAS,10,AlphaTauri,38,99.514,35.59,34.408,29.516,HARD,2,20,9,1,True,None,None,True,6122.704,2020-09-27T12:22:02.758000000,True
GAS,10,AlphaTauri,39,99.607,35.656,34.528,29.423,HARD,2,21,9,1,False,None,None,True,6222.218,2020-09-27T12:23:42.272000000,True
GAS,10,AlphaTauri,40,99.188,35.546,34.281,29.361,HARD,2,22,9,1,True,None,None,True,6321.825,2020-09-27T12:25:21.879000000,True
GAS,10,AlphaTauri,41,99.275,35.546,34.338,29.391,HARD,2,23,9,1,False,None,None,True,6421.013,2020-09-27T12:27:01.067000000,True
GAS,10,AlphaTauri,42,110.146,35.709,34.193,40.244,HARD,2,24,9,167,False,None,6622.48,True,6520.288,2020-09-27T12:28:40.342000000,False
GAS,10,AlphaTauri,43,118.506,55.347,34.142,29.017,MEDIUM,3,1,11,71,False,6651.868,None,True,6630.434,2020-09-27T12:30:30.488000000,False
GAS,10,AlphaTauri,44,99.945,35.15,33.72,31.075,MEDIUM,3,2,11,1,False,None,None,True,6748.94,2020-09-27T12:32:28.994000000,True
GAS,10,AlphaTauri,45,102.46,35.789,36.772,29.899,MEDIUM,3,3,10,1,False,None,None,True,6848.885,2020-09-27T12:34:08.939000000,True
GAS,10,AlphaTauri,46,101.314,35.559,34.829,30.926,MEDIUM,3,4,10,1,False,None,None,True,6951.345,2020-09-27T12:35:51.399000000,True
GAS,10,AlphaTauri,47,98.704,35.424,34.31,28.97,MEDIUM,3,5,9,1,True,None,None,True,7052.659,2020-09-27T12:37:32.713000000,True
GAS,10,AlphaTauri,48,98.555,35.6,33.967,28.988,MEDIUM,3,6,9,1,True,None,None,True,7151.363,2020-09-27T12:39:11.417000000,True
GAS,10,AlphaTauri,49,99.373,35.739,33.948,29.686,MEDIUM,3,7,9,1,False,None,None,True,7249.918,2020-09-27T12:40:49.972000000,True
GAS,10,AlphaTauri,50,97.231,34.994,33.54,28.697,MEDIUM,3,8,9,1,True,None,None,True,7349.291,2020-09-27T12:42:29.345000000,True
GAS,10,AlphaTauri,51,99.328,35.8,34.338,29.19,MEDIUM,3,9,9,1,False,None,None,True,7446.522,2020-09-27T12:44:06.576000000,True
GAS,10,AlphaTauri,52,98.886,35.604,34.104,29.178,MEDIUM,3,10,9,1,False,None,None,True,7545.85,2020-09-27T12:45:45.904000000,True
GAS,10,AlphaTauri,53,98.941,35.482,34.134,29.325,MEDIUM,3,11,9,1,False,None,None,True,7644.736,2020-09-27T12:47:24.790000000,True
GIO,99,Alfa Romeo Racing,1,144.259,None,63.257,38.472,MEDIUM,1,1,12,124,False,None,None,True,2013.451,2020-09-27T11:13:33.505000000,False
GIO,99,Alfa Romeo Racing,2,186.907,88.163,53.403,45.341,MEDIUM,1,2,12,4,False,None,None,True,2157.937,2020-09-27T11:15:57.991000000,False
GIO,99,Alfa Romeo Racing,3,172.045,71.377,56.653,44.015,MEDIUM,1,3,12,4,False,None,None,True,2344.781,2020-09-27T11:19:04.835000000,False
GIO,99,Alfa Romeo Racing,4,172.333,68.38,57.881,46.072,MEDIUM,1,4,12,4,False,None,None,True,2516.85,2020-09-27T11:21:56.904000000,False
GIO,99,Alfa Romeo Racing,5,163.543,62.487,54.541,46.515,MEDIUM,1,5,12,41,False,None,None,True,2689.2,2020-09-27T11:24:49.254000000,False
GIO,99,Alfa Romeo Racing,6,103.895,36.763,36.191,30.941,MEDIUM,1,6,12,1,True,None,None,True,2852.674,2020-09-27T11:27:32.728000000,True
GIO,99,Alfa Romeo Racing,7,103.798,36.71,36.186,30.902,MEDIUM,1,7,12,1,True,None,None,True,2956.569,2020-09-27T11:29:16.623000000,True
GIO,99,Alfa Romeo Racing,8,103.399,36.466,36.057,30.876,MEDIUM,1,8,12,1,True,None,None,True,3060.367,2020-09-27T11:31:00.421000000,True
GIO,99,Alfa Romeo Racing,9,103.386,36.558,35.996,30.832,MEDIUM,1,9,12,1,True,None,None,True,3163.766,2020-09-27T11:32:43.820000000,True
GIO,99,Alfa Romeo Racing,10,103.241,36.334,36.108,30.799,MEDIUM,1,10,12,1,True,None,None,True,3267.152,2020-09-27T11:34:27.206000000,True
GIO,99,Alfa Romeo Racing,11,102.9,36.378,35.83,30.692,MEDIUM,1,11,12,1,True,None,None,True,3370.393,2020-09-27T11:36:10.447000000,True
GIO,99,Alfa Romeo Racing,12,103.077,36.561,35.885,30.631,MEDIUM,1,12,12,1,False,None,None,True,3473.293,2020-09-27T11:37:53.347000000,True
GIO,99,Alfa Romeo Racing,13,102.876,36.302,35.907,30.667,MEDIUM,1,13,12,1,True,None,None,True,3576.37,2020-09-27T11:39:36.424000000,True
GIO,99,Alfa Romeo Racing,14,102.909,36.384,35.999,30.526,MEDIUM,1,14,12,1,False,None,None,True,3679.246,2020-09-27T11:41:19.300000000,True
GIO,99,Alfa Romeo Racing,15,102.767,36.408,35.733,30.626,MEDIUM,1,15,12,1,True,None,None,True,3782.155,2020-09-27T11:43:02.209000000,True
GIO,99,Alfa Romeo Racing,16,106.901,36.326,35.663,34.912,MEDIUM,1,16,12,1,False,None,3983.891,True,3884.922,2020-09-27T11:44:44.976000000,False
GIO,99,Alfa Romeo Racing,17,121.186,56.925,34.839,29.422,HARD,2,1,17,1,False,4014.43,None,True,3991.823,2020-09-27T11:46:31.877000000,False
GIO,99,Alfa Romeo Racing,18,102.303,36.751,35.422,30.13,HARD,2,2,16,1,True,None,None,True,4113.009,2020-09-27T11:48:33.063000000,True
GIO,99,Alfa Romeo Racing,19,101.592,36.244,35.302,30.046,HARD,2,3,16,1,True,None,None,True,4215.312,2020-09-27T11:50:15.366000000,True
GIO,99,Alfa Romeo Racing,20,101.24,36.251,35.114,29.875,HARD,2,4,16,1,True,None,None,True,4316.904,2020-09-27T11:51:56.958000000,True
GIO,99,Alfa Romeo Racing,21,101.14,36.171,35.065,29.904,HARD,2,5,16,1,True,None,None,True,4418.144,2020-09-27T11:53:38.198000000,True
GIO,99,Alfa Romeo Racing,22,100.888,36.05,34.967,29.871,HARD,2,6,16,1,True,None,None,True,4519.284,2020-09-27T11:55:19.338000000,True
GIO,99,Alfa Romeo Racing,23,101.333,36.118,35.105,30.11,HARD,2,7,16,1,False,None,None,True,4620.172,2020-09-27T11:57:00.226000000,True
GIO,99,Alfa Romeo Racing,24,101.46,36.222,35.207,30.031,HARD,2,8,16,1,False,None,None,True,4721.505,2020-09-27T11:58:41.559000000,True
GIO,99,Alfa Romeo Racing,25,101.065,36.098,35.128,29.839,HARD,2,9,16,1,False,None,None,True,4822.965,2020-09-27T12:00:23.019000000,True
GIO,99,Alfa Romeo Racing,26,101.565,36.011,35.522,30.032,HARD,2,10,16,1,False,None,None,True,4924.03,2020-09-27T12:02:04.084000000,True
GIO,99,Alfa Romeo Racing,27,101.377,36.272,35.004,30.101,HARD,2,11,16,1,False,None,None,True,5025.595,2020-09-27T12:03:45.649000000,True
GIO,99,Alfa Romeo Racing,28,101.34,36.135,35.174,30.031,HARD,2,12,15,1,False,None,None,True,5126.972,2020-09-27T12:05:27.026000000,True
GIO,99,Alfa Romeo Racing,29,101.037,36.109,35.049,29.879,HARD,2,13,15,1,False,None,None,True,5228.312,2020-09-27T12:07:08.366000000,True
GIO,99,Alfa Romeo Racing,30,101.194,36.142,35.12,29.932,HARD,2,14,15,1,False,None,None,True,5329.349,2020-09-27T12:08:49.403000000,True
GIO,99,Alfa Romeo Racing,31,101.227,36.129,35.113,29.985,HARD,2,15,14,1,False,None,None,True,5430.543,2020-09-27T12:10:30.597000000,True
GIO,99,Alfa Romeo Racing,32,101.131,36.083,35.105,29.943,HARD,2,16,14,1,False,None,None,True,5531.77,2020-09-27T12:12:11.824000000,True
GIO,99,Alfa Romeo Racing,33,101.298,36.185,35.17,29.943,HARD,2,17,14,1,False,None,None,True,5632.901,2020-09-27T12:13:52.955000000,True
GIO,99,Alfa Romeo Racing,34,100.817,36.012,34.948,29.857,HARD,2,18,14,1,True,None,None,True,5734.199,2020-09-27T12:15:34.253000000,True
GIO,99,Alfa Romeo Racing,35,101.16,36.07,34.834,30.256,HARD,2,19,14,1,False,None,None,True,5835.016,2020-09-27T12:17:15.070000000,True
GIO,99,Alfa Romeo Racing,36,101.406,35.995,34.874,30.537,HARD,2,20,13,1,False,None,None,True,5936.176,2020-09-27T12:18:56.230000000,True
GIO,99,Alfa Romeo Racing,37,102.814,36.006,35.207,31.601,HARD,2,21,14,1,False,None,None,True,6037.582,2020-09-27T12:20:37.636000000,True
GIO,99,Alfa Romeo Racing,38,101.265,36.051,35.179,30.035,HARD,2,22,14,1,False,None,None,True,6140.396,2020-09-27T12:22:20.450000000,True
GIO,99,Alfa Romeo Racing,39,101.947,36.461,35.002,30.484,HARD,2,23,14,1,False,None,None,True,6241.661,2020-09-27T12:24:01.715000000,True
GIO,99,Alfa Romeo Racing,40,100.951,36.266,34.963,29.722,HARD,2,24,13,1,False,None,None,True,6343.608,2020-09-27T12:25:43.662000000,True
GIO,99,Alfa Romeo Racing,41,100.44,35.95,34.887,29.603,HARD,2,25,13,1,True,None,None,True,6444.559,2020-09-27T12:27:24.613000000,True
GIO,99,Alfa Romeo Racing,42,112.26,35.85,44.76,31.65,HARD,2,26,13,167,False,None,None,True,6544.999,2020-09-27T12:29:05.053000000,False
GIO,99,Alfa Romeo Racing,43,99.994,35.821,34.674,29.499,HARD,2,27,13,1,True,None,None,True,6657.259,2020-09-27T12:30:57.313000000,True
GIO,99,Alfa Romeo Racing,44,99.766,35.787,34.493,29.486,HARD,2,28,13,1,True,None,None,True,6757.253,2020-09-27T12:32:37.307000000,True
GIO,99,Alfa Romeo Racing,45,100.501,35.876,34.857,29.768,HARD,2,29,13,1,False,None,None,True,6857.019,2020-09-27T12:34:17.073000000,True
GIO,99,Alfa Romeo Racing,46,100.249,35.859,34.739,29.651,HARD,2,30,13,1,False,None,None,True,6957.52,2020-09-27T12:35:57.574000000,True
GIO,99,Alfa Romeo Racing,47,100.569,35.954,34.732,29.883,HARD,2,31,12,1,False,None,None,True,7057.769,2020-09-27T12:37:37.823000000,True
GIO,99,Alfa Romeo Racing,48,101.215,36.594,34.98,29.641,HARD,2,32,11,1,False,None,None,True,7158.338,2020-09-27T12:39:18.392000000,True
GIO,99,Alfa Romeo Racing,49,104.076,38.756,35.556,29.764,HARD,2,33,11,1,False,None,None,True,7259.553,2020-09-27T12:40:59.607000000,True
GIO,99,Alfa Romeo Racing,50,100.162,36.054,34.522,29.586,HARD,2,34,11,1,False,None,None,True,7363.629,2020-09-27T12:42:43.683000000,True
GIO,99,Alfa Romeo Racing,51,102.21,36.046,35.48,30.684,HARD,2,35,11,1,False,None,None,True,7463.791,2020-09-27T12:44:23.845000000,True
GIO,99,Alfa Romeo Racing,52,100.095,35.733,34.695,29.667,HARD,2,36,11,1,False,None,None,True,7566.001,2020-09-27T12:46:06.055000000,True
GRO,8,Haas F1 Team,1,141.405,None,61.273,38.315,MEDIUM,1,1,10,124,False,None,None,True,2013.451,2020-09-27T11:13:33.505000000,False
GRO,8,Haas F1 Team,2,186.991,87.25,54.142,45.599,MEDIUM,1,2,10,4,False,None,None,True,2155.024,2020-09-27T11:15:55.078000000,False
GRO,8,Haas F1 Team,3,170.948,69.69,57.597,43.661,MEDIUM,1,3,10,4,False,None,None,True,2342.011,2020-09-27T11:19:02.065000000,False
GRO,8,Haas F1 Team,4,172.024,69.646,56.927,45.451,MEDIUM,1,4,10,4,False,None,None,True,2512.948,2020-09-27T11:21:53.002000000,False
GRO,8,Haas F1 Team,5,166.398,63.945,54.164,48.289,MEDIUM,1,5,10,41,False,None,None,True,2684.964,2020-09-27T11:24:45.018000000,False
GRO,8,Haas F1 Team,6,103.483,36.67,36.197,30.616,MEDIUM,1,6,10,1,True,None,None,True,2851.34,2020-09-27T11:27:31.394000000,True
GRO,8,Haas F1 Team,7,103.729,36.581,36.359,30.789,MEDIUM,1,7,10,1,False,None,None,True,2954.823,2020-09-27T11:29:14.877000000,True
GRO,8,Haas F1 Team,8,104.18,36.289,36.107,31.784,MEDIUM,1,8,11,1,False,None,None,True,3058.552,2020-09-27T11:30:58.606000000,True
GRO,8,Haas F1 Team,9,103.45,36.566,36.037,30.847,MEDIUM,1,9,11,1,True,None,None,True,3162.732,2020-09-27T11:32:42.786000000,True
GRO,8,Haas F1 Team,10,103.297,36.528,35.991,30.778,MEDIUM,1,10,11,1,True,None,None,True,3266.182,2020-09-27T11:34:26.236000000,True
GRO,8,Haas F1 Team,11,102.737,36.545,35.643,30.549,MEDIUM,1,11,11,1,True,None,None,True,3369.479,2020-09-27T11:36:09.533000000,True
GRO,8,Haas F1 Team,12,102.807,36.53,35.784,30.493,MEDIUM,1,12,11,1,False,None,None,True,3472.216,2020-09-27T11:37:52.270000000,True
GRO,8,Haas F1 Team,13,102.875,36.441,35.719,30.715,MEDIUM,1,13,11,1,False,None,None,True,3575.023,2020-09-27T11:39:35.077000000,True
GRO,8,Haas F1 Team,14,103.187,36.509,36.007,30.671,MEDIUM,1,14,11,1,False,None,None,True,3677.898,2020-09-27T11:41:17.952000000,True
GRO,8,Haas F1 Team,15,102.473,36.564,35.496,30.413,MEDIUM,1,15,11,1,True,None,None,True,3781.085,2020-09-27T11:43:01.139000000,True
GRO,8,Haas F1 Team,16,102.141,36.525,35.357,30.259,MEDIUM,1,16,10,1,True,None,None,True,3883.558,2020-09-27T11:44:43.612000000,True
GRO,8,Haas F1 Team,17,106.633,36.271,35.292,35.07,MEDIUM,1,17,11,1,False,None,4087.182,True,3985.699,2020-09-27T11:46:25.753000000,False
GRO,8,Haas F1 Team,18,121.162,56.636,34.832,29.694,HARD,2,1,15,1,False,4114.345,None,True,4092.332,2020-09-27T11:48:12.386000000,False
GRO,8,Haas F1 Team,19,101.055,36.268,34.971,29.816,HARD,2,2,15,1,True,None,None,True,4213.494,2020-09-27T11:50:13.548000000,True
GRO,8,Haas F1 Team,20,101.21,36.22,34.98,30.01,HARD,2,3,15,1,False,None,None,True,4314.549,2020-09-27T11:51:54.603000000,True
GRO,8,Haas F1 Team,21,101.379,36.218,35.093,30.068,HARD,2,4,15,1,False,None,None,True,4415.759,2020-09-27T11:53:35.813000000,True
GRO,8,Haas F1 Team,22,100.957,36.09,34.955,29.912,HARD,2,5,15,1,True,None,None,True,4517.138,2020-09-27T11:55:17.192000000,True
GRO,8,Haas F1 Team,23,101.349,36.308,35.082,29.959,HARD,2,6,15,1,False,None,None,True,4618.095,2020-09-27T11:56:58.149000000,True
GRO,8,Haas F1 Team,24,101.53,36.417,35.101,30.012,HARD,2,7,15,1,False,None,None,True,4719.444,2020-09-27T11:58:39.498000000,True
GRO,8,Haas F1 Team,25,101.223,36.157,35.069,29.997,HARD,2,8,15,1,False,None,None,True,4820.974,2020-09-27T12:00:21.028000000,True
GRO,8,Haas F1 Team,26,101.233,36.073,35.063,30.097,HARD,2,9,15,1,False,None,None,True,4922.197,2020-09-27T12:02:02.251000000,True
GRO,8,Haas F1 Team,27,101.758,36.377,35.09,30.291,HARD,2,10,15,1,False,None,None,True,5023.43,2020-09-27T12:03:43.484000000,True
GRO,8,Haas F1 Team,28,101.286,36.104,34.787,30.395,HARD,2,11,14,1,False,None,None,True,5125.188,2020-09-27T12:05:25.242000000,True
GRO,8,Haas F1 Team,29,101.283,36.117,34.943,30.223,HARD,2,12,14,1,False,None,None,True,5226.474,2020-09-27T12:07:06.528000000,True
GRO,8,Haas F1 Team,30,100.976,36.119,34.862,29.995,HARD,2,13,14,1,False,None,None,True,5327.757,2020-09-27T12:08:47.811000000,True
GRO,8,Haas F1 Team,31,101.135,36.018,34.898,30.219,HARD,2,14,13,1,False,None,None,True,5428.733,2020-09-27T12:10:28.787000000,True
GRO,8,Haas F1 Team,32,101.051,36.125,34.866,30.06,HARD,2,15,13,1,False,None,None,True,5529.868,2020-09-27T12:12:09.922000000,True
GRO,8,Haas F1 Team,33,101.864,36.06,35.584,30.22,HARD,2,16,13,1,False,None,None,True,5630.919,2020-09-27T12:13:50.973000000,True
GRO,8,Haas F1 Team,34,101.116,35.993,35.032,30.091,HARD,2,17,13,1,False,None,None,True,5732.783,2020-09-27T12:15:32.837000000,True
GRO,8,Haas F1 Team,35,101.478,36.209,35.185,30.084,HARD,2,18,13,1,False,None,None,True,5833.899,2020-09-27T12:17:13.953000000,True
GRO,8,Haas F1 Team,36,101.463,36.098,35.169,30.196,HARD,2,19,12,1,False,None,None,True,5935.377,2020-09-27T12:18:55.431000000,True
GRO,8,Haas F1 Team,37,101.119,36.037,34.924,30.158,HARD,2,20,12,1,False,None,None,True,6036.84,2020-09-27T12:20:36.894000000,True
GRO,8,Haas F1 Team,38,101.391,36.164,34.916,30.311,HARD,2,21,12,1,False,None,None,True,6137.959,2020-09-27T12:22:18.013000000,True
GRO,8,Haas F1 Team,39,103.656,38.114,35.302,30.24,HARD,2,22,13,1,False,None,None,True,6239.35,2020-09-27T12:23:59.404000000,True
GRO,8,Haas F1 Team,40,103.965,37.522,35.893,30.55,HARD,2,23,14,1,False,None,None,True,6343.006,2020-09-27T12:25:43.060000000,True
GRO,8,Haas F1 Team,41,105.76,39.962,35.654,30.144,HARD,2,24,15,1,False,None,None,True,6446.971,2020-09-27T12:27:27.025000000,True
GRO,8,Haas F1 Team,42,122.145,38.181,47.289,36.675,HARD,2,25,16,167,False,None,6666.876,True,6552.731,2020-09-27T12:29:12.785000000,False
GRO,8,Haas F1 Team,43,123.67,56.545,36.601,30.524,MEDIUM,3,1,18,1,False,6696.862,None,True,6674.876,2020-09-27T12:31:14.930000000,False
GRO,8,Haas F1 Team,44,99.614,35.78,34.408,29.426,MEDIUM,3,2,18,1,True,None,None,True,6798.546,2020-09-27T12:33:18.600000000,True
GRO,8,Haas F1 Team,45,99.891,35.612,34.508,29.771,MEDIUM,3,3,18,1,False,None,None,True,6898.16,2020-09-27T12:34:58.214000000,True
GRO,8,Haas F1 Team,46,101.287,35.717,35.049,30.521,MEDIUM,3,4,18,1,False,None,None,True,6998.051,2020-09-27T12:36:38.105000000,True
GRO,8,Haas F1 Team,47,101.542,36.931,34.839,29.772,MEDIUM,3,5,18,1,False,None,None,True,7099.338,2020-09-27T12:38:19.392000000,True
GRO,8,Haas F1 Team,48,102.962,37.83,35.154,29.978,MEDIUM,3,6,17,1,False,None,None,True,7200.88,2020-09-27T12:40:00.934000000,True
GRO,8,Haas F1 Team,49,102.262,35.738,34.477,32.047,MEDIUM,3,7,17,1,False,None,None,True,7303.842,2020-09-27T12:41:43.896000000,True
GRO,8,Haas F1 Team,50,100.051,35.77,34.558,29.723,MEDIUM,3,8,17,1,False,None,None,True,7406.104,2020-09-27T12:43:26.158000000,True
GRO,8,Haas F1 Team,51,100.009,35.644,34.585,29.78,MEDIUM,3,9,17,1,False,None,None,True,7506.155,2020-09-27T12:45:06.209000000,True
GRO,8,Haas F1 Team,52,102.318,35.914,35.527,30.877,MEDIUM,3,10,17,1,False,None,None,True,7606.164,2020-09-27T12:46:46.218000000,True
HAM,44,Mercedes,1,127.166,None,49.188,40.752,SOFT,1,4,1,124,False,None,None,False,2013.451,2020-09-27T11:13:33.505000000,False
HAM,44,Mercedes,2,186.175,88.085,52.126,45.964,SOFT,1,5,1,4,False,None,None,False,2140.792,2020-09-27T11:15:40.846000000,False
HAM,44,Mercedes,3,172.327,71.631,57.383,43.313,SOFT,1,6,1,4,False,None,None,False,2326.956,2020-09-27T11:18:47.010000000,False
HAM,44,Mercedes,4,172.64,69.954,57.322,45.364,SOFT,1,7,1,4,False,None,None,False,2499.27,2020-09-27T11:21:39.324000000,False
HAM,44,Mercedes,5,173.769,63.969,58.181,51.619,SOFT,1,8,1,41,False,None,None,False,2671.916,2020-09-27T11:24:31.970000000,False
HAM,44,Mercedes,6,100.056,35.936,34.721,29.399,SOFT,1,9,1,1,True,None,None,False,2845.674,2020-09-27T11:27:25.728000000,True
HAM,44,Mercedes,7,101.341,36.469,35.131,29.741,SOFT,1,10,1,1,False,None,None,False,2945.73,2020-09-27T11:29:05.784000000,True
HAM,44,Mercedes,8,100.879,36.361,34.969,29.549,SOFT,1,11,1,1,False,None,None,False,3047.071,2020-09-27T11:30:47.125000000,True
HAM,44,Mercedes,9,101.725,36.278,35.244,30.203,SOFT,1,12,1,1,False,None,None,False,3147.95,2020-09-27T11:32:28.004000000,True
HAM,44,Mercedes,10,101.062,36.137,35.129,29.796,SOFT,1,13,1,1,False,None,None,False,3249.675,2020-09-27T11:34:09.729000000,True
HAM,44,Mercedes,11,101.521,36.322,35.366,29.833,SOFT,1,14,1,1,False,None,None,False,3350.737,2020-09-27T11:35:50.791000000,True
HAM,44,Mercedes,12,101.269,36.346,35.147,29.776,SOFT,1,15,1,1,False,None,None,False,3452.258,2020-09-27T11:37:32.312000000,True
HAM,44,Mercedes,13,100.76,36.235,35.004,29.521,SOFT,1,16,1,1,False,None,None,False,3553.527,2020-09-27T11:39:13.581000000,True
HAM,44,Mercedes,14,99.773,35.883,34.541,29.349,SOFT,1,17,1,1,True,None,None,False,3654.287,2020-09-27T11:40:54.341000000,True
HAM,44,Mercedes,15,99.693,35.641,34.587,29.465,SOFT,1,18,1,1,True,None,None,False,3754.06,2020-09-27T11:42:34.114000000,True
HAM,44,Mercedes,16,104.935,35.843,34.586,34.506,SOFT,1,19,2,1,False,None,3950.572,False,3853.753,2020-09-27T11:44:13.807000000,False
HAM,44,Mercedes,17,132.717,68.399,34.46,29.858,HARD,2,1,10,1,False,3991.896,None,True,3958.688,2020-09-27T11:45:58.742000000,False
HAM,44,Mercedes,18,100.452,35.696,34.219,30.537,HARD,2,2,10,1,False,None,None,True,4091.405,2020-09-27T11:48:11.459000000,True
HAM,44,Mercedes,19,99.835,35.525,34.68,29.63,HARD,2,3,7,1,False,None,None,True,4191.857,2020-09-27T11:49:51.911000000,True
HAM,44,Mercedes,20,100.13,35.791,34.562,29.777,HARD,2,4,6,1,False,None,None,True,4291.692,2020-09-27T11:51:31.746000000,True
HAM,44,Mercedes,21,100.148,35.784,34.539,29.825,HARD,2,5,5,1,False,None,None,True,4391.822,2020-09-27T11:53:11.876000000,True
HAM,44,Mercedes,22,100.044,35.928,34.406,29.71,HARD,2,6,5,1,False,None,None,True,4491.97,2020-09-27T11:54:52.024000000,True
HAM,44,Mercedes,23,99.83,35.795,34.431,29.604,HARD,2,7,5,1,False,None,None,True,4592.014,2020-09-27T11:56:32.068000000,True
HAM,44,Mercedes,24,99.848,35.52,34.54,29.788,HARD,2,8,5,1,False,None,None,True,4691.844,2020-09-27T11:58:11.898000000,True
HAM,44,Mercedes,25,99.717,35.727,34.36,29.63,HARD,2,9,5,1,False,None,None,True,4791.692,2020-09-27T11:59:51.746000000,True
HAM,44,Mercedes,26,99.785,35.731,34.522,29.532,HARD,2,10,5,1,False,None,None,True,4891.409,2020-09-27T12:01:31.463000000,True
HAM,44,Mercedes,27,99.798,35.664,34.467,29.667,HARD,2,11,5,1,False,None,None,True,4991.194,2020-09-27T12:03:11.248000000,True
HAM,44,Mercedes,28,100.048,35.628,34.54,29.88,HARD,2,12,5,1,False,None,None,True,5090.992,2020-09-27T12:04:51.046000000,True
HAM,44,Mercedes,29,100.019,35.631,34.441,29.947,HARD,2,13,4,1,False,None,None,True,5191.04,2020-09-27T12:06:31.094000000,True
HAM,44,Mercedes,30,100.144,35.656,34.723,29.765,HARD,2,14,3,1,False,None,None,True,5291.059,2020-09-27T12:08:11.113000000,True
HAM,44,Mercedes,31,99.348,35.537,34.327,29.484,HARD,2,15,3,1,True,None,None,True,5391.203,2020-09-27T12:09:51.257000000,True
HAM,44,Mercedes,32,99.305,35.64,34.192,29.473,HARD,2,16,3,1,True,None,None,True,5490.551,2020-09-27T12:11:30.605000000,True
HAM,44,Mercedes,33,99.095,35.452,34.213,29.43,HARD,2,17,3,1,True,None,None,True,5589.856,2020-09-27T12:13:09.910000000,True
HAM,44,Mercedes,34,98.814,35.421,34.151,29.242,HARD,2,18,3,1,True,None,None,True,5688.951,2020-09-27T12:14:49.005000000,True
HAM,44,Mercedes,35,98.698,35.374,34.05,29.274,HARD,2,19,3,1,True,None,None,True,5787.765,2020-09-27T12:16:27.819000000,True
HAM,44,Mercedes,36,98.88,35.38,34.26,29.24,HARD,2,20,3,1,False,None,None,True,5886.463,2020-09-27T12:18:06.517000000,True
HAM,44,Mercedes,37,98.809,35.395,34.131,29.283,HARD,2,21,3,1,False,None,None,True,5985.343,2020-09-27T12:19:45.397000000,True
HAM,44,Mercedes,38,98.229,35.196,33.924,29.109,HARD,2,22,3,1,True,None,None,True,6084.152,2020-09-27T12:21:24.206000000,True
HAM,44,Mercedes,39,98.311,35.103,33.932,29.276,HARD,2,23,3,1,False,None,None,True,6182.381,2020-09-27T12:23:02.435000000,True
HAM,44,Mercedes,40,98.34,35.245,33.885,29.21,HARD,2,24,3,1,False,None,None,True,6280.692,2020-09-27T12:24:40.746000000,True
HAM,44,Mercedes,41,98.484,35.029,34.265,29.19,HARD,2,25,3,1,False,None,None,True,6379.032,2020-09-27T12:26:19.086000000,True
HAM,44,Mercedes,42,98.657,35.193,34.006,29.458,HARD,2,26,3,1,False,None,None,True,6477.516,2020-09-27T12:27:57.570000000,True
HAM,44,Mercedes,43,111.662,43.886,38.15,29.626,HARD,2,27,3,167,False,None,None,True,6576.173,2020-09-27T12:29:36.227000000,False
HAM,44,Mercedes,44,100.0,36.06,34.648,29.292,HARD,2,28,3,1,False,None,None,True,6687.835,2020-09-27T12:31:27.889000000,True
HAM,44,Mercedes,45,98.191,35.254,33.827,29.11,HARD,2,29,3,1,True,None,None,True,6787.835,2020-09-27T12:33:07.889000000,True
HAM,44,Mercedes,46,98.43,35.304,34.042,29.084,HARD,2,30,3,1,False,None,None,True,6886.026,2020-09-27T12:34:46.080000000,True
HAM,44,Mercedes,47,98.201,35.168,33.937,29.096,HARD,2,31,3,1,False,None,None,True,6984.456,2020-09-27T12:36:24.510000000,True
HAM,44,Mercedes,48,98.075,35.159,33.821,29.095,HARD,2,32,3,1,True,None,None,True,7082.657,2020-09-27T12:38:02.711000000,True
HAM,44,Mercedes,49,98.764,35.39,34.219,29.155,HARD,2,33,3,1,False,None,None,True,7180.732,2020-09-27T12:39:40.786000000,True
HAM,44,Mercedes,50,98.538,35.425,34.035,29.078,HARD,2,34,3,1,False,None,None,True,7279.496,2020-09-27T12:41:19.550000000,True
HAM,44,Mercedes,51,99.68,35.293,33.932,30.455,HARD,2,35,3,1,False,None,None,True,7378.034,2020-09-27T12:42:58.088000000,True
HAM,44,Mercedes,52,98.64,34.979,34.099,29.562,HARD,2,36,3,1,False,None,None,True,7477.714,2020-09-27T12:44:37.768000000,True
HAM,44,Mercedes,53,100.336,34.631,35.122,30.583,HARD,2,37,3,1,False,None,None,True,7576.354,2020-09-27T12:46:16.408000000,True
KVY,26,AlphaTauri,1,142.921,None,62.881,37.965,HARD,1,1,11,124,False,None,None,True,2013.451,2020-09-27T11:13:33.505000000,False
KVY,26,AlphaTauri,2,187.066,88.289,53.869,44.908,HARD,1,2,11,4,False,None,None,True,2156.541,2020-09-27T11:15:56.595000000,False
KVY,26,AlphaTauri,3,171.996,71.389,55.869,44.738,HARD,1,3,11,4,False,None,None,True,2343.602,2020-09-27T11:19:03.656000000,False
KVY,26,AlphaTauri,4,171.581,68.358,57.753,45.47,HARD,1,4,11,4,False,None,None,True,2515.615,2020-09-27T11:21:55.669000000,False
KVY,26,AlphaTauri,5,164.99,63.261,54.452,47.277,HARD,1,5,11,41,False,None,None,True,2687.18,2020-09-27T11:24:47.234000000,False
KVY,26,AlphaTauri,6,103.518,36.611,36.021,30.886,HARD,1,6,11,1,True,None,None,True,2852.106,2020-09-27T11:27:32.160000000,True
KVY,26,AlphaTauri,7,103.668,36.327,36.264,31.077,HARD,1,7,11,1,False,None,None,True,2955.624,2020-09-27T11:29:15.678000000,True
KVY,26,AlphaTauri,8,102.34,36.26,35.37,30.71,HARD,1,8,10,1,True,None,None,True,3059.292,2020-09-27T11:30:59.346000000,True
KVY,26,AlphaTauri,9,102.706,36.297,35.79,30.619,HARD,1,9,10,1,False,None,None,True,3161.632,2020-09-27T11:32:41.686000000,True
KVY,26,AlphaTauri,10,102.471,36.28,35.563,30.628,HARD,1,10,10,1,False,None,None,True,3264.338,2020-09-27T11:34:24.392000000,True
KVY,26,AlphaTauri,11,102.203,36.292,35.323,30.588,HARD,1,11,10,1,True,None,None,True,3366.809,2020-09-27T11:36:06.863000000,True
KVY,26,AlphaTauri,12,101.95,36.165,35.13,30.655,HARD,1,12,10,1,True,None,None,True,3469.012,2020-09-27T11:37:49.066000000,True
KVY,26,AlphaTauri,13,102.165,36.253,35.557,30.355,HARD,1,13,9,1,False,None,None,True,3570.962,2020-09-27T11:39:31.016000000,True
KVY,26,AlphaTauri,14,101.421,36.142,35.281,29.998,HARD,1,14,9,1,True,None,None,True,3673.127,2020-09-27T11:41:13.181000000,True
KVY,26,AlphaTauri,15,101.665,35.999,35.445,30.221,HARD,1,15,9,1,False,None,None,True,3774.548,2020-09-27T11:42:54.602000000,True
KVY,26,AlphaTauri,16,101.188,36.011,35.065,30.112,HARD,1,16,8,1,True,None,None,True,3876.213,2020-09-27T11:44:36.267000000,True
KVY,26,AlphaTauri,17,101.154,35.983,34.91,30.261,HARD,1,17,7,1,True,None,None,True,3977.401,2020-09-27T11:46:17.455000000,True
KVY,26,AlphaTauri,18,101.062,35.979,34.842,30.241,HARD,1,18,6,1,True,None,None,True,4078.555,2020-09-27T11:47:58.609000000,True
KVY,26,AlphaTauri,19,100.876,35.892,34.871,30.113,HARD,1,19,5,1,True,None,None,True,4179.617,2020-09-27T11:49:39.671000000,True
KVY,26,AlphaTauri,20,100.866,35.892,34.92,30.054,HARD,1,20,5,1,True,None,None,True,4280.493,2020-09-27T11:51:20.547000000,True
KVY,26,AlphaTauri,21,100.898,35.856,34.933,30.109,HARD,1,21,4,1,False,None,None,True,4381.359,2020-09-27T11:53:01.413000000,True
KVY,26,AlphaTauri,22,100.786,35.957,34.805,30.024,HARD,1,22,4,1,True,None,None,True,4482.257,2020-09-27T11:54:42.311000000,True
KVY,26,AlphaTauri,23,100.349,35.793,34.64,29.916,HARD,1,23,4,1,True,None,None,True,4583.043,2020-09-27T11:56:23.097000000,True
KVY,26,AlphaTauri,24,100.716,35.832,34.772,30.112,HARD,1,24,4,1,False,None,None,True,4683.392,2020-09-27T11:58:03.446000000,True
KVY,26,AlphaTauri,25,100.61,35.819,34.797,29.994,HARD,1,25,4,1,False,None,None,True,4784.108,2020-09-27T11:59:44.162000000,True
KVY,26,AlphaTauri,26,100.695,35.887,34.744,30.064,HARD,1,26,3,1,False,None,None,True,4884.718,2020-09-27T12:01:24.772000000,True
KVY,26,AlphaTauri,27,103.037,37.42,35.267,30.35,HARD,1,27,4,1,False,None,None,True,4985.413,2020-09-27T12:03:05.467000000,True
KVY,26,AlphaTauri,28,100.978,35.952,34.828,30.198,HARD,1,28,4,1,False,None,None,True,5088.45,2020-09-27T12:04:48.504000000,True
KVY,26,AlphaTauri,29,100.404,35.841,34.582,29.981,HARD,1,29,3,1,False,None,None,True,5189.428,2020-09-27T12:06:29.482000000,True
KVY,26,AlphaTauri,30,105.558,36.253,34.542,34.763,HARD,1,30,4,1,False,None,5387.355,True,5289.832,2020-09-27T12:08:09.886000000,False
KVY,26,AlphaTauri,31,120.322,56.453,34.529,29.34,MEDIUM,2,1,8,1,False,5417.022,None,True,5395.39,2020-09-27T12:09:55.444000000,False
KVY,26,AlphaTauri,32,99.552,35.441,34.376,29.735,MEDIUM,2,2,8,1,True,None,None,True,5515.712,2020-09-27T12:11:55.766000000,True
KVY,26,AlphaTauri,33,100.466,35.937,34.654,29.875,MEDIUM,2,3,8,1,False,None,None,True,5615.264,2020-09-27T12:13:35.318000000,True
KVY,26,AlphaTauri,34,99.602,35.493,34.364,29.745,MEDIUM,2,4,8,1,False,None,None,True,5715.73,2020-09-27T12:15:15.784000000,True
KVY,26,AlphaTauri,35,100.064,35.674,34.153,30.237,MEDIUM,2,5,8,1,False,None,None,True,5815.332,2020-09-27T12:16:55.386000000,True
KVY,26,AlphaTauri,36,100.138,35.469,34.336,30.333,MEDIUM,2,6,8,1,False,None,None,True,5915.396,2020-09-27T12:18:35.450000000,True
KVY,26,AlphaTauri,37,100.115,35.627,34.656,29.832,MEDIUM,2,7,8,1,False,None,None,True,6015.534,2020-09-27T12:20:15.588000000,True
KVY,26,AlphaTauri,38,99.89,35.525,34.423,29.942,MEDIUM,2,8,8,1,False,None,None,True,6115.649,2020-09-27T12:21:55.703000000,True
KVY,26,AlphaTauri,39,99.999,35.566,34.48,29.953,MEDIUM,2,9,8,1,False,None,None,True,6215.539,2020-09-27T12:23:35.593000000,True
KVY,26,AlphaTauri,40,99.555,35.488,34.184,29.883,MEDIUM,2,10,8,1,False,None,None,True,6315.538,2020-09-27T12:25:15.592000000,True
KVY,26,AlphaTauri,41,100.343,35.807,34.279,30.257,MEDIUM,2,11,8,1,False,None,None,True,6415.093,2020-09-27T12:26:55.147000000,True
KVY,26,AlphaTauri,42,110.256,35.519,34.031,40.706,MEDIUM,2,12,8,167,False,None,None,True,6515.436,2020-09-27T12:28:35.490000000,False
KVY,26,AlphaTauri,43,100.588,36.581,34.013,29.994,MEDIUM,2,13,8,71,False,None,None,True,6625.692,2020-09-27T12:30:25.746000000,False
KVY,26,AlphaTauri,44,99.608,35.374,34.022,30.212,MEDIUM,2,14,8,1,False,None,None,True,6726.28,2020-09-27T12:32:06.334000000,True
KVY,26,AlphaTauri,45,99.568,35.482,34.143,29.943,MEDIUM,2,15,8,1,False,None,None,True,6825.888,2020-09-27T12:33:45.942000000,True
KVY,26,AlphaTauri,46,99.533,35.297,34.296,29.94,MEDIUM,2,16,8,1,True,None,None,True,6925.456,2020-09-27T12:35:25.510000000,True
KVY,26,AlphaTauri,47,99.505,35.327,34.183,29.995,MEDIUM,2,17,8,1,True,None,None,True,7024.989,2020-09-27T12:37:05.043000000,True
KVY,26,AlphaTauri,48,99.133,35.426,33.922,29.785,MEDIUM,2,18,8,1,True,None,None,True,7124.494,2020-09-27T12:38:44.548000000,True
KVY,26,AlphaTauri,49,99.41,35.297,33.923,30.19,MEDIUM,2,19,8,1,False,None,None,True,7223.627,2020-09-27T12:40:23.681000000,True
KVY,26,AlphaTauri,50,99.819,35.26,33.987,30.572,MEDIUM,2,20,8,1,False,None,None,True,7323.037,2020-09-27T12:42:03.091000000,True
KVY,26,AlphaTauri,51,99.4,35.265,34.03,30.105,MEDIUM,2,21,8,1,False,None,None,True,7422.856,2020-09-27T12:43:42.910000000,True
KVY,26,AlphaTauri,52,99.594,35.299,34.007,30.288,MEDIUM,2,22,8,1,False,None,None,True,7522.256,2020-09-27T12:45:22.310000000,True
KVY,26,AlphaTauri,53,100.806,35.34,34.023,31.443,MEDIUM,2,23,8,1,False,None,None,True,7621.85,2020-09-27T12:47:01.904000000,True
LAT,6,Williams,1,149.884,None,68.684,38.075,MEDIUM,1,1,14,124,False,None,None,True,2013.451,2020-09-27T11:13:33.505000000,False
LAT,6,Williams,2,183.804,85.039,55.226,43.539,MEDIUM,1,2,14,4,False,None,None,True,2163.471,2020-09-27T11:16:03.525000000,False
LAT,6,Williams,3,172.754,71.996,58.076,42.682,MEDIUM,1,3,14,4,False,None,None,True,2347.303,2020-09-27T11:19:07.357000000,False
LAT,6,Williams,4,172.026,68.814,57.335,45.877,MEDIUM,1,4,14,4,False,None,None,True,2520.021,2020-09-27T11:22:00.075000000,False
LAT,6,Williams,5,161.473,63.176,52.814,45.483,MEDIUM,1,5,14,41,False,None,None,True,2692.06,2020-09-27T11:24:52.114000000,False
LAT,6,Williams,6,104.627,36.943,36.468,31.216,MEDIUM,1,6,14,1,True,None,None,True,2853.495,2020-09-27T11:27:33.549000000,True
LAT,6,Williams,7,104.713,36.938,36.735,31.04,MEDIUM,1,7,14,1,False,None,None,True,2958.122,2020-09-27T11:29:18.176000000,True
LAT,6,Williams,8,104.318,36.745,36.373,31.2,MEDIUM,1,8,14,1,True,None,None,True,3062.835,2020-09-27T11:31:02.889000000,True
LAT,6,Williams,9,106.594,37.654,37.577,31.363,MEDIUM,1,9,15,1,False,None,None,True,3167.153,2020-09-27T11:32:47.207000000,True
LAT,6,Williams,10,104.343,36.709,36.595,31.039,MEDIUM,1,10,15,1,False,None,None,True,3273.747,2020-09-27T11:34:33.801000000,True
LAT,6,Williams,11,103.836,36.657,36.203,30.976,MEDIUM,1,11,15,1,True,None,None,True,3378.09,2020-09-27T11:36:18.144000000,True
LAT,6,Williams,12,103.161,36.498,35.87,30.793,MEDIUM,1,12,15,1,True,None,None,True,3481.926,2020-09-27T11:38:01.980000000,True
LAT,6,Williams,13,103.244,36.542,35.938,30.764,MEDIUM,1,13,15,1,False,None,None,True,3585.087,2020-09-27T11:39:45.141000000,True
LAT,6,Williams,14,103.041,36.543,35.83,30.668,MEDIUM,1,14,15,1,True,None,None,True,3688.331,2020-09-27T11:41:28.385000000,True
LAT,6,Williams,15,102.764,36.456,35.628,30.68,MEDIUM,1,15,15,1,True,None,None,True,3791.372,2020-09-27T11:43:11.426000000,True
LAT,6,Williams,16,106.367,37.91,36.459,31.998,MEDIUM,1,16,17,1,False,None,None,True,3894.136,2020-09-27T11:44:54.190000000,True
LAT,6,Williams,17,108.279,36.784,36.308,35.187,MEDIUM,1,17,16,1,False,None,4100.901,True,4000.503,2020-09-27T11:46:40.557000000,False
LAT,6,Williams,18,120.944,56.59,34.957,29.397,HARD,2,1,17,1,False,4130.721,None,True,4108.782,2020-09-27T11:48:28.836000000,False
LAT,6,Williams,19,101.899,36.845,35.232,29.822,HARD,2,2,17,1,True,None,None,True,4229.726,2020-09-27T11:50:29.780000000,True
LAT,6,Williams,20,101.56,36.225,35.346,29.989,HARD,2,3,17,1,True,None,None,True,4331.625,2020-09-27T11:52:11.679000000,True
LAT,6,Williams,21,101.448,36.048,35.381,30.019,HARD,2,4,17,1,True,None,None,True,4433.185,2020-09-27T11:53:53.239000000,True
LAT,6,Williams,22,101.688,36.241,35.338,30.109,HARD,2,5,17,1,False,None,None,True,4534.633,2020-09-27T11:55:34.687000000,True
LAT,6,Williams,23,101.862,36.367,35.467,30.028,HARD,2,6,17,1,False,None,None,True,4636.321,2020-09-27T11:57:16.375000000,True
LAT,6,Williams,24,101.41,36.213,35.07,30.127,HARD,2,7,17,1,True,None,None,True,4738.183,2020-09-27T11:58:58.237000000,True
LAT,6,Williams,25,101.174,36.147,35.079,29.948,HARD,2,8,17,1,True,None,None,True,4839.593,2020-09-27T12:00:39.647000000,True
LAT,6,Williams,26,101.676,36.298,35.244,30.134,HARD,2,9,17,1,False,None,None,True,4940.767,2020-09-27T12:02:20.821000000,True
LAT,6,Williams,27,101.389,36.228,35.16,30.001,HARD,2,10,17,1,False,None,None,True,5042.443,2020-09-27T12:04:02.497000000,True
LAT,6,Williams,28,101.407,36.225,34.99,30.192,HARD,2,11,17,1,False,None,None,True,5143.832,2020-09-27T12:05:43.886000000,True
LAT,6,Williams,29,101.305,36.117,35.271,29.917,HARD,2,12,17,1,False,None,None,True,5245.239,2020-09-27T12:07:25.293000000,True
LAT,6,Williams,30,101.529,36.168,35.152,30.209,HARD,2,13,17,1,False,None,None,True,5346.544,2020-09-27T12:09:06.598000000,True
LAT,6,Williams,31,101.589,36.192,35.261,30.136,HARD,2,14,17,1,False,None,None,True,5448.073,2020-09-27T12:10:48.127000000,True
LAT,6,Williams,32,101.293,36.159,35.138,29.996,HARD,2,15,17,1,False,None,None,True,5549.662,2020-09-27T12:12:29.716000000,True
LAT,6,Williams,33,101.481,36.347,35.149,29.985,HARD,2,16,17,1,False,None,None,True,5650.955,2020-09-27T12:14:11.009000000,True
LAT,6,Williams,34,101.299,36.314,34.93,30.055,HARD,2,17,17,1,False,None,None,True,5752.436,2020-09-27T12:15:52.490000000,True
LAT,6,Williams,35,101.475,36.309,35.185,29.981,HARD,2,18,17,1,False,None,None,True,5853.735,2020-09-27T12:17:33.789000000,True
LAT,6,Williams,36,102.799,37.291,35.335,30.173,HARD,2,19,17,1,False,None,None,True,5955.21,2020-09-27T12:19:15.264000000,True
LAT,6,Williams,37,101.673,36.174,35.139,30.36,HARD,2,20,17,1,False,None,None,True,6058.009,2020-09-27T12:20:58.063000000,True
LAT,6,Williams,38,104.271,37.664,35.939,30.668,HARD,2,21,17,1,False,None,None,True,6159.682,2020-09-27T12:22:39.736000000,True
LAT,6,Williams,39,101.462,36.127,35.243,30.092,HARD,2,22,17,1,False,None,None,True,6263.953,2020-09-27T12:24:24.007000000,True
LAT,6,Williams,40,101.167,35.871,35.086,30.21,HARD,2,23,17,1,True,None,None,True,6365.415,2020-09-27T12:26:05.469000000,True
LAT,6,Williams,41,103.096,35.977,36.395,30.724,HARD,2,24,17,1,False,None,None,True,6466.582,2020-09-27T12:27:46.636000000,True
LAT,6,Williams,42,116.578,47.6,37.781,31.197,HARD,2,25,17,167,False,None,None,True,6569.678,2020-09-27T12:29:29.732000000,False
LAT,6,Williams,43,104.252,37.52,36.026,30.706,HARD,2,26,16,1,False,None,None,True,6686.256,2020-09-27T12:31:26.310000000,True
LAT,6,Williams,44,101.395,36.053,35.225,30.117,HARD,2,27,16,1,False,None,None,True,6790.508,2020-09-27T12:33:10.562000000,True
LAT,6,Williams,45,101.483,35.985,35.425,30.073,HARD,2,28,16,1,False,None,None,True,6891.903,2020-09-27T12:34:51.957000000,True
LAT,6,Williams,46,103.277,36.122,36.792,30.363,HARD,2,29,16,1,False,None,None,True,6993.386,2020-09-27T12:36:33.440000000,True
LAT,6,Williams,47,101.044,35.841,35.09,30.113,HARD,2,30,16,1,True,None,None,True,7096.663,2020-09-27T12:38:16.717000000,True
LAT,6,Williams,48,101.288,36.042,35.215,30.031,HARD,2,31,16,1,False,None,None,True,7197.707,2020-09-27T12:39:57.761000000,True
LAT,6,Williams,49,101.076,35.998,34.869,30.209,HARD,2,32,16,1,False,None,None,True,7298.995,2020-09-27T12:41:39.049000000,True
LAT,6,Williams,50,101.479,36.024,35.207,30.248,HARD,2,33,16,1,False,None,None,True,7400.071,2020-09-27T12:43:20.125000000,True
LAT,6,Williams,51,103.297,35.89,35.169,32.238,HARD,2,34,16,1,False,None,None,True,7501.55,2020-09-27T12:45:01.604000000,True
LAT,6,Williams,52,102.574,36.135,35.433,31.006,HARD,2,35,16,1,False,None,None,True,7604.847,2020-09-27T12:46:44.901000000,True
LEC,16,Ferrari,1,137.783,None,58.728,38.098,MEDIUM,1,1,8,124,False,None,None,True,2013.451,2020-09-27T11:13:33.505000000,False
LEC,16,Ferrari,2,185.851,86.319,54.085,45.447,MEDIUM,1,2,8,4,False,None,None,True,2151.426,2020-09-27T11:15:51.480000000,False
LEC,16,Ferrari,3,171.372,70.359,57.335,43.678,MEDIUM,1,3,8,4,False,None,None,True,2337.249,2020-09-27T11:18:57.303000000,False
LEC,16,Ferrari,4,172.756,70.467,56.378,45.911,MEDIUM,1,4,8,4,False,None,None,True,2508.634,2020-09-27T11:21:48.688000000,False
LEC,16,Ferrari,5,168.754,64.687,54.786,49.281,MEDIUM,1,5,8,41,False,None,None,True,2681.396,2020-09-27T11:24:41.450000000,False
LEC,16,Ferrari,6,103.024,36.738,35.443,30.843,MEDIUM,1,6,8,1,True,None,None,True,2850.12,2020-09-27T11:27:30.174000000,True
LEC,16,Ferrari,7,102.482,36.406,35.633,30.443,MEDIUM,1,7,8,1,True,None,None,True,2953.144,2020-09-27T11:29:13.198000000,True
LEC,16,Ferrari,8,102.477,36.295,35.671,30.511,MEDIUM,1,8,8,1,True,None,None,True,3055.626,2020-09-27T11:30:55.680000000,True
LEC,16,Ferrari,9,102.189,36.157,35.755,30.277,MEDIUM,1,9,8,1,True,None,None,True,3158.103,2020-09-27T11:32:38.157000000,True
LEC,16,Ferrari,10,102.232,36.235,35.657,30.34,MEDIUM,1,10,8,1,False,None,None,True,3260.292,2020-09-27T11:34:20.346000000,True
LEC,16,Ferrari,11,101.949,36.184,35.499,30.266,MEDIUM,1,11,8,1,True,None,None,True,3362.524,2020-09-27T11:36:02.578000000,True
LEC,16,Ferrari,12,102.138,36.324,35.409,30.405,MEDIUM,1,12,8,1,False,None,None,True,3464.473,2020-09-27T11:37:44.527000000,True
LEC,16,Ferrari,13,101.886,36.257,35.405,30.224,MEDIUM,1,13,8,1,True,None,None,True,3566.611,2020-09-27T11:39:26.665000000,True
LEC,16,Ferrari,14,101.609,36.183,35.402,30.024,MEDIUM,1,14,8,1,True,None,None,True,3668.497,2020-09-27T11:41:08.551000000,True
LEC,16,Ferrari,15,101.711,36.272,35.311,30.128,MEDIUM,1,15,7,1,False,None,None,True,3770.106,2020-09-27T11:42:50.160000000,True
LEC,16,Ferrari,16,101.554,36.198,35.281,30.075,MEDIUM,1,16,7,1,True,None,None,True,3871.817,2020-09-27T11:44:31.871000000,True
LEC,16,Ferrari,17,101.592,36.163,35.165,30.264,MEDIUM,1,17,6,1,False,None,None,True,3973.371,2020-09-27T11:46:13.425000000,True
LEC,16,Ferrari,18,102.23,36.228,35.19,30.812,MEDIUM,1,18,5,1,False,None,None,True,4074.963,2020-09-27T11:47:55.017000000,True
LEC,16,Ferrari,19,100.919,36.129,35.034,29.756,MEDIUM,1,19,4,1,True,None,None,True,4177.193,2020-09-27T11:49:37.247000000,True
LEC,16,Ferrari,20,100.715,35.96,35.043,29.712,MEDIUM,1,20,4,1,True,None,None,True,4278.112,2020-09-27T11:51:18.166000000,True
LEC,16,Ferrari,21,100.421,35.988,34.747,29.686,MEDIUM,1,21,3,1,True,None,None,True,4378.827,2020-09-27T11:52:58.881000000,True
LEC,16,Ferrari,22,100.497,36.047,34.776,29.674,MEDIUM,1,22,3,1,False,None,None,True,4479.248,2020-09-27T11:54:39.302000000,True
LEC,16,Ferrari,23,100.703,36.157,34.79,29.756,MEDIUM,1,23,3,1,False,None,None,True,4579.745,2020-09-27T11:56:19.799000000,True
LEC,16,Ferrari,24,100.631,36.101,34.922,29.608,MEDIUM,1,24,3,1,False,None,None,True,4680.448,2020-09-27T11:58:00.502000000,True
LEC,16,Ferrari,25,100.514,36.036,34.88,29.598,MEDIUM,1,25,3,1,False,None,None,True,4781.079,2020-09-27T11:59:41.133000000,True
LEC,16,Ferrari,26,100.558,36.08,34.915,29.563,MEDIUM,1,26,2,1,False,None,None,True,4881.593,2020-09-27T12:01:21.647000000,True
LEC,16,Ferrari,27,100.869,36.096,34.929,29.844,MEDIUM,1,27,2,1,False,None,None,True,4982.151,2020-09-27T12:03:02.205000000,True
LEC,16,Ferrari,28,105.93,36.356,35.077,34.497,MEDIUM,1,28,3,1,False,None,5180.902,True,5083.02,2020-09-27T12:04:43.074000000,False
LEC,16,Ferrari,29,120.849,56.77,34.844,29.235,HARD,2,1,7,1,False,5211.206,None,True,5188.95,2020-09-27T12:06:29.004000000,False
LEC,16,Ferrari,30,99.742,35.758,34.6,29.384,HARD,2,2,7,1,True,None,None,True,5309.799,2020-09-27T12:08:29.853000000,True
LEC,16,Ferrari,31,99.948,35.725,34.847,29.376,HARD,2,3,6,1,False,None,None,True,5409.541,2020-09-27T12:10:09.595000000,True
LEC,16,Ferrari,32,99.697,35.745,34.617,29.335,HARD,2,4,6,1,True,None,None,True,5509.489,2020-09-27T12:11:49.543000000,True
LEC,16,Ferrari,33,99.552,35.661,34.606,29.285,HARD,2,5,6,1,True,None,None,True,5609.186,2020-09-27T12:13:29.240000000,True
LEC,16,Ferrari,34,99.636,35.738,34.596,29.302,HARD,2,6,6,1,False,None,None,True,5708.738,2020-09-27T12:15:08.792000000,True
LEC,16,Ferrari,35,99.786,35.698,34.581,29.507,HARD,2,7,6,1,False,None,None,True,5808.374,2020-09-27T12:16:48.428000000,True
LEC,16,Ferrari,36,99.969,35.712,34.797,29.46,HARD,2,8,6,1,False,None,None,True,5908.16,2020-09-27T12:18:28.214000000,True
LEC,16,Ferrari,37,99.576,35.686,34.445,29.445,HARD,2,9,6,1,False,None,None,True,6008.129,2020-09-27T12:20:08.183000000,True
LEC,16,Ferrari,38,99.779,35.692,34.737,29.35,HARD,2,10,6,1,False,None,None,True,6107.705,2020-09-27T12:21:47.759000000,True
LEC,16,Ferrari,39,99.854,35.766,34.644,29.444,HARD,2,11,6,1,False,None,None,True,6207.484,2020-09-27T12:23:27.538000000,True
LEC,16,Ferrari,40,99.827,35.784,34.589,29.454,HARD,2,12,6,1,False,None,None,True,6307.338,2020-09-27T12:25:07.392000000,True
LEC,16,Ferrari,41,99.924,35.749,34.676,29.499,HARD,2,13,6,1,False,None,None,True,6407.165,2020-09-27T12:26:47.219000000,True
LEC,16,Ferrari,42,106.239,35.633,34.618,35.988,HARD,2,14,6,16,False,None,None,True,6507.089,2020-09-27T12:28:27.143000000,False
LEC,16,Ferrari,43,105.377,41.385,34.609,29.383,HARD,2,15,6,671,False,None,None,True,6613.328,2020-09-27T12:30:13.382000000,False
LEC,16,Ferrari,44,99.419,35.652,34.465,29.302,HARD,2,16,6,1,True,None,None,True,6718.705,2020-09-27T12:31:58.759000000,True
LEC,16,Ferrari,45,99.427,35.708,34.496,29.223,HARD,2,17,6,1,False,None,None,True,6818.124,2020-09-27T12:33:38.178000000,True
LEC,16,Ferrari,46,99.545,35.649,34.507,29.389,HARD,2,18,6,1,False,None,None,True,6917.551,2020-09-27T12:35:17.605000000,True
LEC,16,Ferrari,47,99.053,35.539,34.413,29.101,HARD,2,19,6,1,True,None,None,True,7017.096,2020-09-27T12:36:57.150000000,True
LEC,16,Ferrari,48,99.466,35.557,34.616,29.293,HARD,2,20,6,1,False,None,None,True,7116.149,2020-09-27T12:38:36.203000000,True
LEC,16,Ferrari,49,99.699,35.604,34.515,29.58,HARD,2,21,6,1,False,None,None,True,7215.615,2020-09-27T12:40:15.669000000,True
LEC,16,Ferrari,50,99.639,35.637,34.432,29.57,HARD,2,22,6,1,False,None,None,True,7315.314,2020-09-27T12:41:55.368000000,True
LEC,16,Ferrari,51,100.194,35.592,34.931,29.671,HARD,2,23,6,1,False,None,None,True,7414.953,2020-09-27T12:43:35.007000000,True
LEC,16,Ferrari,52,99.652,35.605,34.618,29.429,HARD,2,24,6,1,False,None,None,True,7515.147,2020-09-27T12:45:15.201000000,True
LEC,16,Ferrari,53,101.355,35.994,35.362,29.999,HARD,2,25,6,1,False,None,None,True,7614.799,2020-09-27T12:46:54.853000000,True
MAG,20,Haas F1 Team,1,139.727,None,59.038,39.209,MEDIUM,1,1,9,124,False,None,None,True,2013.451,2020-09-27T11:13:33.505000000,False
MAG,20,Haas F1 Team,2,185.211,85.95,54.084,45.177,MEDIUM,1,2,9,4,False,None,None,True,2153.333,2020-09-27T11:15:53.387000000,False
MAG,20,Haas F1 Team,3,172.871,71.088,56.918,44.865,MEDIUM,1,3,9,4,False,None,None,True,2338.553,2020-09-27T11:18:58.607000000,False
MAG,20,Haas F1 Team,4,171.165,68.931,56.695,45.539,MEDIUM,1,4,9,4,False,None,None,True,2511.416,2020-09-27T11:21:51.470000000,False
MAG,20,Haas F1 Team,5,168.123,64.338,55.562,48.223,MEDIUM,1,5,9,41,False,None,None,True,2682.555,2020-09-27T11:24:42.609000000,False
MAG,20,Haas F1 Team,6,103.318,36.545,36.004,30.769,MEDIUM,1,6,9,1,True,None,None,True,2850.689,2020-09-27T11:27:30.743000000,True
MAG,20,Haas F1 Team,7,103.02,36.543,36.014,30.463,MEDIUM,1,7,9,1,True,None,None,True,2954.007,2020-09-27T11:29:14.061000000,True
MAG,20,Haas F1 Team,8,103.04,36.604,35.981,30.455,MEDIUM,1,8,9,1,False,None,None,True,3057.027,2020-09-27T11:30:57.081000000,True
MAG,20,Haas F1 Team,9,102.696,36.483,35.816,30.397,MEDIUM,1,9,9,1,True,None,None,True,3160.067,2020-09-27T11:32:40.121000000,True
MAG,20,Haas F1 Team,10,102.783,36.511,35.777,30.495,MEDIUM,1,10,9,1,False,None,None,True,3262.763,2020-09-27T11:34:22.817000000,True
MAG,20,Haas F1 Team,11,102.258,36.488,35.646,30.124,MEDIUM,1,11,9,1,True,None,None,True,3365.546,2020-09-27T11:36:05.600000000,True
MAG,20,Haas F1 Team,12,102.367,36.511,35.656,30.2,MEDIUM,1,12,9,1,False,None,None,True,3467.804,2020-09-27T11:37:47.858000000,True
MAG,20,Haas F1 Team,13,104.922,37.812,36.491,30.619,MEDIUM,1,13,10,1,False,None,None,True,3570.171,2020-09-27T11:39:30.225000000,True
MAG,20,Haas F1 Team,14,102.345,36.421,35.666,30.258,MEDIUM,1,14,10,1,False,None,None,True,3675.093,2020-09-27T11:41:15.147000000,True
MAG,20,Haas F1 Team,15,101.849,36.36,35.481,30.008,MEDIUM,1,15,10,1,True,None,None,True,3777.438,2020-09-27T11:42:57.492000000,True
MAG,20,Haas F1 Team,16,102.079,36.402,35.527,30.15,MEDIUM,1,16,9,1,False,None,None,True,3879.287,2020-09-27T11:44:39.341000000,True
MAG,20,Haas F1 Team,17,102.082,36.498,35.349,30.235,MEDIUM,1,17,8,1,False,None,None,True,3981.366,2020-09-27T11:46:21.420000000,True
MAG,20,Haas F1 Team,18,101.88,36.394,35.387,30.099,MEDIUM,1,18,8,1,False,None,None,True,4083.448,2020-09-27T11:48:03.502000000,True
MAG,20,Haas F1 Team,19,106.342,36.32,35.396,34.626,MEDIUM,1,19,6,1,False,None,4283.653,True,4185.328,2020-09-27T11:49:45.382000000,False
MAG,20,Haas F1 Team,20,121.172,56.88,35.011,29.281,HARD,2,1,14,1,False,4313.848,None,True,4291.67,2020-09-27T11:51:31.724000000,False
MAG,20,Haas F1 Team,21,101.095,36.596,34.953,29.546,HARD,2,2,14,1,True,None,None,True,4412.842,2020-09-27T11:53:32.896000000,True
MAG,20,Haas F1 Team,22,100.477,35.971,34.903,29.603,HARD,2,3,14,1,True,None,None,True,4513.937,2020-09-27T11:55:13.991000000,True
MAG,20,Haas F1 Team,23,100.839,36.045,35.07,29.724,HARD,2,4,14,1,False,None,None,True,4614.414,2020-09-27T11:56:54.468000000,True
MAG,20,Haas F1 Team,24,100.944,36.097,34.956,29.891,HARD,2,5,14,1,False,None,None,True,4715.253,2020-09-27T11:58:35.307000000,True
MAG,20,Haas F1 Team,25,101.666,36.663,35.139,29.864,HARD,2,6,14,1,False,None,None,True,4816.197,2020-09-27T12:00:16.251000000,True
MAG,20,Haas F1 Team,26,101.672,36.33,35.197,30.145,HARD,2,7,14,1,False,None,None,True,4917.863,2020-09-27T12:01:57.917000000,True
MAG,20,Haas F1 Team,27,101.746,36.245,35.387,30.114,HARD,2,8,14,1,False,None,None,True,5019.535,2020-09-27T12:03:39.589000000,True
MAG,20,Haas F1 Team,28,101.569,36.247,35.289,30.033,HARD,2,9,13,1,False,None,None,True,5121.281,2020-09-27T12:05:21.335000000,True
MAG,20,Haas F1 Team,29,101.523,36.189,35.264,30.07,HARD,2,10,13,1,False,None,None,True,5222.85,2020-09-27T12:07:02.904000000,True
MAG,20,Haas F1 Team,30,101.326,36.12,35.147,30.059,HARD,2,11,13,1,False,None,None,True,5324.373,2020-09-27T12:08:44.427000000,True
MAG,20,Haas F1 Team,31,101.295,35.97,35.192,30.133,HARD,2,12,12,1,False,None,None,True,5425.699,2020-09-27T12:10:25.753000000,True
MAG,20,Haas F1 Team,32,101.046,36.107,35.015,29.924,HARD,2,13,12,1,False,None,None,True,5526.994,2020-09-27T12:12:07.048000000,True
MAG,20,Haas F1 Team,33,101.098,36.017,35.081,30.0,HARD,2,14,12,1,False,None,None,True,5628.04,2020-09-27T12:13:48.094000000,True
MAG,20,Haas F1 Team,34,100.993,36.039,35.006,29.948,HARD,2,15,12,1,False,None,None,True,5729.138,2020-09-27T12:15:29.192000000,True
MAG,20,Haas F1 Team,35,101.073,36.144,34.919,30.01,HARD,2,16,11,1,False,None,None,True,5830.131,2020-09-27T12:17:10.185000000,True
MAG,20,Haas F1 Team,36,101.089,36.017,35.117,29.955,HARD,2,17,11,1,False,None,None,True,5931.204,2020-09-27T12:18:51.258000000,True
MAG,20,Haas F1 Team,37,100.981,36.059,34.991,29.931,HARD,2,18,11,1,False,None,None,True,6032.293,2020-09-27T12:20:32.347000000,True
MAG,20,Haas F1 Team,38,100.94,35.956,34.981,30.003,HARD,2,19,11,1,False,None,None,True,6133.274,2020-09-27T12:22:13.328000000,True
MAG,20,Haas F1 Team,39,101.305,36.04,35.206,30.059,HARD,2,20,11,1,False,None,None,True,6234.214,2020-09-27T12:23:54.268000000,True
MAG,20,Haas F1 Team,40,100.973,36.022,35.036,29.915,HARD,2,21,11,1,False,None,None,True,6335.519,2020-09-27T12:25:35.573000000,True
MAG,20,Haas F1 Team,41,100.841,36.02,34.87,29.951,HARD,2,22,11,1,False,None,None,True,6436.492,2020-09-27T12:27:16.546000000,True
MAG,20,Haas F1 Team,42,115.541,36.707,48.572,30.262,HARD,2,23,12,167,False,None,None,True,6537.333,2020-09-27T12:28:57.387000000,False
MAG,20,Haas F1 Team,43,100.803,36.066,34.991,29.746,HARD,2,24,12,1,False,None,None,True,6652.874,2020-09-27T12:30:52.928000000,True
MAG,20,Haas F1 Team,44,100.891,36.073,34.969,29.849,HARD,2,25,12,1,False,None,None,True,6753.677,2020-09-27T12:32:33.731000000,True
MAG,20,Haas F1 Team,45,100.824,35.925,34.955,29.944,HARD,2,26,12,1,False,None,None,True,6854.568,2020-09-27T12:34:14.622000000,True
MAG,20,Haas F1 Team,46,100.626,35.923,34.756,29.947,HARD,2,27,12,1,False,None,None,True,6955.392,2020-09-27T12:35:55.446000000,True
MAG,20,Haas F1 Team,47,101.604,35.87,35.06,30.674,HARD,2,28,11,1,False,None,None,True,7056.018,2020-09-27T12:37:36.072000000,True
MAG,20,Haas F1 Team,48,105.463,37.696,36.922,30.845,HARD,2,29,12,1,False,None,None,True,7157.622,2020-09-27T12:39:17.676000000,True
MAG,20,Haas F1 Team,49,101.757,36.19,35.231,30.336,HARD,2,30,12,1,False,None,None,True,7263.085,2020-09-27T12:41:03.139000000,True
MAG,20,Haas F1 Team,50,101.021,35.995,34.892,30.134,HARD,2,31,12,1,False,None,None,True,7364.842,2020-09-27T12:42:44.896000000,True
MAG,20,Haas F1 Team,51,101.768,36.561,35.208,29.999,HARD,2,32,12,1,False,None,None,True,7465.863,2020-09-27T12:44:25.917000000,True
MAG,20,Haas F1 Team,52,100.38,35.88,34.781,29.719,HARD,2,33,12,1,True,None,None,True,7567.631,2020-09-27T12:46:07.685000000,True
NOR,4,McLaren,1,156.87,None,71.37,41.216,SOFT,1,4,18,124,False,None,2162.433,False,2013.451,2020-09-27T11:13:33.505000000,False
NOR,4,McLaren,2,184.575,86.029,57.314,41.232,HARD,2,1,18,4,False,2199.562,None,True,2170.471,2020-09-27T11:16:10.525000000,False
NOR,4,McLaren,3,172.067,74.129,56.189,41.749,HARD,2,2,18,4,False,None,None,True,2355.034,2020-09-27T11:19:15.088000000,False
NOR,4,McLaren,4,172.212,69.315,54.881,48.016,HARD,2,3,18,4,False,None,None,True,2527.114,2020-09-27T11:22:07.168000000,False
NOR,4,McLaren,5,155.953,65.534,48.894,41.525,HARD,2,4,18,41,False,None,None,True,2699.306,2020-09-27T11:24:59.360000000,False
NOR,4,McLaren,6,105.329,36.881,37.38,31.068,HARD,2,5,17,1,True,None,None,True,2855.263,2020-09-27T11:27:35.317000000,True
NOR,4,McLaren,7,104.746,36.916,36.19,31.64,HARD,2,6,17,1,True,None,None,True,2960.592,2020-09-27T11:29:20.646000000,True
NOR,4,McLaren,8,104.292,36.705,35.803,31.784,HARD,2,7,17,1,True,None,None,True,3065.338,2020-09-27T11:31:05.392000000,True
NOR,4,McLaren,9,105.84,36.834,36.806,32.2,HARD,2,8,17,1,False,None,None,True,3169.63,2020-09-27T11:32:49.684000000,True
NOR,4,McLaren,10,105.32,36.54,35.909,32.871,HARD,2,9,16,1,False,None,None,True,3275.47,2020-09-27T11:34:35.524000000,True
NOR,4,McLaren,11,105.441,38.057,35.945,31.439,HARD,2,10,18,1,False,None,None,True,3380.79,2020-09-27T11:36:20.844000000,True
NOR,4,McLaren,12,104.291,36.475,35.552,32.264,HARD,2,11,18,1,True,None,None,True,3486.231,2020-09-27T11:38:06.285000000,True
NOR,4,McLaren,13,102.16,36.263,35.528,30.369,HARD,2,12,17,1,True,None,None,True,3590.522,2020-09-27T11:39:50.576000000,True
NOR,4,McLaren,14,102.06,36.267,35.38,30.413,HARD,2,13,17,1,True,None,None,True,3692.682,2020-09-27T11:41:32.736000000,True
NOR,4,McLaren,15,102.064,36.31,35.393,30.361,HARD,2,14,17,1,False,None,None,True,3794.742,2020-09-27T11:43:14.796000000,True
NOR,4,McLaren,16,102.445,36.479,35.381,30.585,HARD,2,15,16,1,False,None,None,True,3896.806,2020-09-27T11:44:56.860000000,True
NOR,4,McLaren,17,102.036,36.318,35.183,30.535,HARD,2,16,15,1,True,None,None,True,3999.251,2020-09-27T11:46:39.305000000,True
NOR,4,McLaren,18,101.588,36.271,35.122,30.195,HARD,2,17,14,1,True,None,None,True,4101.287,2020-09-27T11:48:21.341000000,True
NOR,4,McLaren,19,102.274,36.504,35.43,30.34,HARD,2,18,14,1,False,None,None,True,4202.875,2020-09-27T11:50:02.929000000,True
NOR,4,McLaren,20,101.752,36.254,35.248,30.25,HARD,2,19,13,1,False,None,None,True,4305.149,2020-09-27T11:51:45.203000000,True
NOR,4,McLaren,21,101.768,36.5,35.053,30.215,HARD,2,20,13,1,False,None,None,True,4406.901,2020-09-27T11:53:26.955000000,True
NOR,4,McLaren,22,101.576,36.278,35.005,30.293,HARD,2,21,13,1,True,None,None,True,4508.669,2020-09-27T11:55:08.723000000,True
NOR,4,McLaren,23,101.639,36.39,34.974,30.275,HARD,2,22,13,1,False,None,None,True,4610.245,2020-09-27T11:56:50.299000000,True
NOR,4,McLaren,24,101.263,36.256,34.801,30.206,HARD,2,23,13,1,True,None,None,True,4711.884,2020-09-27T11:58:31.938000000,True
NOR,4,McLaren,25,101.247,36.302,34.758,30.187,HARD,2,24,13,1,True,None,None,True,4813.147,2020-09-27T12:00:13.201000000,True
NOR,4,McLaren,26,101.641,36.188,35.053,30.4,HARD,2,25,13,1,False,None,None,True,4914.394,2020-09-27T12:01:54.448000000,True
NOR,4,McLaren,27,102.043,36.268,35.338,30.437,HARD,2,26,12,1,False,None,None,True,5016.035,2020-09-27T12:03:36.089000000,True
NOR,4,McLaren,28,101.534,36.233,35.057,30.244,HARD,2,27,12,1,False,None,None,True,5118.078,2020-09-27T12:05:18.132000000,True
NOR,4,McLaren,29,101.432,36.238,34.955,30.239,HARD,2,28,12,1,False,None,None,True,5219.612,2020-09-27T12:06:59.666000000,True
NOR,4,McLaren,30,101.569,36.322,35.068,30.179,HARD,2,29,12,1,False,None,None,True,5321.044,2020-09-27T12:08:41.098000000,True
NOR,4,McLaren,31,101.378,36.2,34.937,30.241,HARD,2,30,11,1,False,None,None,True,5422.613,2020-09-27T12:10:22.667000000,True
NOR,4,McLaren,32,101.38,36.281,34.912,30.187,HARD,2,31,11,1,False,None,None,True,5523.991,2020-09-27T12:12:04.045000000,True
NOR,4,McLaren,33,101.408,36.202,35.127,30.079,HARD,2,32,11,1,False,None,None,True,5625.371,2020-09-27T12:13:45.425000000,True
NOR,4,McLaren,34,101.057,36.168,34.965,29.924,HARD,2,33,11,1,True,None,None,True,5726.779,2020-09-27T12:15:26.833000000,True
NOR,4,McLaren,35,101.434,36.215,35.003,30.216,HARD,2,34,10,1,False,None,None,True,5827.836,2020-09-27T12:17:07.890000000,True
NOR,4,McLaren,36,101.057,36.164,34.954,29.939,HARD,2,35,10,1,False,None,None,True,5929.27,2020-09-27T12:18:49.324000000,True
NOR,4,McLaren,37,100.857,36.137,34.847,29.873,HARD,2,36,10,1,True,None,None,True,6030.327,2020-09-27T12:20:30.381000000,True
NOR,4,McLaren,38,100.892,36.268,34.776,29.848,HARD,2,37,10,1,False,None,None,True,6131.184,2020-09-27T12:22:11.238000000,True
NOR,4,McLaren,39,100.833,36.27,34.8,29.763,HARD,2,38,10,1,True,None,None,True,6232.076,2020-09-27T12:23:52.130000000,True
NOR,4,McLaren,40,100.748,36.16,34.743,29.845,HARD,2,39,10,1,True,None,None,True,6332.909,2020-09-27T12:25:32.963000000,True
NOR,4,McLaren,41,100.656,36.125,34.724,29.807,HARD,2,40,10,1,True,None,None,True,6433.657,2020-09-27T12:27:13.711000000,True
NOR,4,McLaren,42,111.45,36.757,42.65,32.043,HARD,2,41,10,167,False,None,None,True,6534.313,2020-09-27T12:28:54.367000000,False
NOR,4,McLaren,43,100.393,36.128,34.542,29.723,HARD,2,42,9,1,True,None,None,True,6645.763,2020-09-27T12:30:45.817000000,True
NOR,4,McLaren,44,101.453,36.202,34.9,30.351,HARD,2,43,9,1,False,None,None,True,6746.156,2020-09-27T12:32:26.210000000,True
NOR,4,McLaren,45,102.519,36.771,35.783,29.965,HARD,2,44,9,1,False,None,None,True,6847.609,2020-09-27T12:34:07.663000000,True
NOR,4,McLaren,46,101.753,36.354,35.214,30.185,HARD,2,45,9,1,False,None,None,True,6950.128,2020-09-27T12:35:50.182000000,True
NOR,4,McLaren,47,110.419,37.188,35.314,37.917,HARD,2,46,14,1,False,None,7154.323,True,7051.881,2020-09-27T12:37:31.935000000,False
NOR,4,McLaren,48,120.564,57.61,34.053,28.901,MEDIUM,3,1,15,1,False,7185.641,None,True,7162.3,2020-09-27T12:39:22.354000000,False
NOR,4,McLaren,49,103.137,37.649,35.367,30.121,MEDIUM,3,2,15,1,False,None,None,True,7282.864,2020-09-27T12:41:22.918000000,True
NOR,4,McLaren,50,97.377,35.365,33.507,28.505,MEDIUM,3,3,15,1,True,None,None,True,7386.001,2020-09-27T12:43:06.055000000,True
NOR,4,McLaren,51,97.819,35.378,33.797,28.644,MEDIUM,3,4,15,1,False,None,None,True,7483.378,2020-09-27T12:44:43.432000000,True
NOR,4,McLaren,52,98.565,35.414,34.233,28.918,MEDIUM,3,5,15,1,False,None,None,True,7581.197,2020-09-27T12:46:21.251000000,True
OCO,31,Renault,1,130.838,None,51.725,39.781,SOFT,1,4,4,124,False,None,None,False,2013.451,2020-09-27T11:13:33.505000000,False
OCO,31,Renault,2,186.908,87.285,53.613,46.01,SOFT,1,5,4,4,False,None,None,False,2144.47,2020-09-27T11:15:44.524000000,False
OCO,31,Renault,3,171.957,70.494,56.573,44.89,SOFT,1,6,4,4,False,None,None,False,2331.361,2020-09-27T11:18:51.415000000,False
OCO,31,Renault,4,172.508,69.033,57.097,46.378,SOFT,1,7,4,4,False,None,None,False,2503.301,2020-09-27T11:21:43.355000000,False
OCO,31,Renault,5,172.069,63.297,57.344,51.428,SOFT,1,8,4,41,False,None,None,False,2675.812,2020-09-27T11:24:35.866000000,False
OCO,31,Renault,6,101.9,36.233,35.328,30.339,SOFT,1,9,4,1,True,None,None,False,2847.883,2020-09-27T11:27:27.937000000,True
OCO,31,Renault,7,101.742,36.202,35.355,30.185,SOFT,1,10,4,1,True,None,None,False,2949.783,2020-09-27T11:29:09.837000000,True
OCO,31,Renault,8,101.243,36.017,35.172,30.054,SOFT,1,11,4,1,True,None,None,False,3051.525,2020-09-27T11:30:51.579000000,True
OCO,31,Renault,9,101.536,36.119,35.368,30.049,SOFT,1,12,4,1,False,None,None,False,3152.768,2020-09-27T11:32:32.822000000,True
OCO,31,Renault,10,101.56,36.093,35.18,30.287,SOFT,1,13,4,1,False,None,None,False,3254.304,2020-09-27T11:34:14.358000000,True
OCO,31,Renault,11,101.484,36.201,35.193,30.09,SOFT,1,14,4,1,False,None,None,False,3355.864,2020-09-27T11:35:55.918000000,True
OCO,31,Renault,12,101.563,36.236,35.143,30.184,SOFT,1,15,4,1,False,None,None,False,3457.348,2020-09-27T11:37:37.402000000,True
OCO,31,Renault,13,101.32,36.093,35.025,30.202,SOFT,1,16,4,1,False,None,None,False,3558.911,2020-09-27T11:39:18.965000000,True
OCO,31,Renault,14,101.535,36.099,35.243,30.193,SOFT,1,17,4,1,False,None,None,False,3660.231,2020-09-27T11:41:00.285000000,True
OCO,31,Renault,15,101.422,36.172,35.18,30.07,SOFT,1,18,4,1,False,None,None,False,3761.766,2020-09-27T11:42:41.820000000,True
OCO,31,Renault,16,101.254,36.208,35.042,30.004,SOFT,1,19,4,1,False,None,None,False,3863.188,2020-09-27T11:44:23.242000000,True
OCO,31,Renault,17,101.571,36.264,35.133,30.174,SOFT,1,20,3,1,False,None,None,False,3964.442,2020-09-27T11:46:04.496000000,True
OCO,31,Renault,18,106.791,36.304,35.315,35.172,SOFT,1,21,4,1,False,None,4164.771,False,4066.013,2020-09-27T11:47:46.067000000,False
OCO,31,Renault,19,122.135,57.034,35.012,30.089,HARD,2,1,9,1,False,4194.828,None,True,4172.804,2020-09-27T11:49:32.858000000,False
OCO,31,Renault,20,101.472,36.068,35.285,30.119,HARD,2,2,8,1,False,None,None,True,4294.939,2020-09-27T11:51:34.993000000,True
OCO,31,Renault,21,102.485,36.395,35.274,30.816,HARD,2,3,8,1,False,None,None,True,4396.411,2020-09-27T11:53:16.465000000,True
OCO,31,Renault,22,101.56,36.213,35.042,30.305,HARD,2,4,8,1,False,None,None,True,4498.896,2020-09-27T11:54:58.950000000,True
OCO,31,Renault,23,101.429,36.137,34.916,30.376,HARD,2,5,8,1,False,None,None,True,4600.456,2020-09-27T11:56:40.510000000,True
OCO,31,Renault,24,101.102,35.969,35.01,30.123,HARD,2,6,8,1,True,None,None,True,4701.885,2020-09-27T11:58:21.939000000,True
OCO,31,Renault,25,103.422,38.112,34.884,30.426,HARD,2,7,9,1,False,None,None,True,4802.987,2020-09-27T12:00:03.041000000,True
OCO,31,Renault,26,100.969,35.888,35.024,30.057,HARD,2,8,9,1,True,None,None,True,4906.409,2020-09-27T12:01:46.463000000,True
OCO,31,Renault,27,102.626,36.218,35.254,31.154,HARD,2,9,9,1,False,None,None,True,5007.378,2020-09-27T12:03:27.432000000,True
OCO,31,Renault,28,100.377,35.491,35.037,29.849,HARD,2,10,8,1,True,None,None,True,5110.004,2020-09-27T12:05:10.058000000,True
OCO,31,Renault,29,101.447,36.247,35.19,30.01,HARD,2,11,8,1,False,None,None,True,5210.381,2020-09-27T12:06:50.435000000,True
OCO,31,Renault,30,100.661,35.862,34.832,29.967,HARD,2,12,8,1,False,None,None,True,5311.828,2020-09-27T12:08:31.882000000,True
OCO,31,Renault,31,100.729,35.964,34.799,29.966,HARD,2,13,7,1,False,None,None,True,5412.489,2020-09-27T12:10:12.543000000,True
OCO,31,Renault,32,100.436,35.95,34.797,29.689,HARD,2,14,7,1,False,None,None,True,5513.218,2020-09-27T12:11:53.272000000,True
OCO,31,Renault,33,100.431,35.811,34.875,29.745,HARD,2,15,7,1,False,None,None,True,5613.654,2020-09-27T12:13:33.708000000,True
OCO,31,Renault,34,100.164,35.785,34.707,29.672,HARD,2,16,7,1,True,None,None,True,5714.085,2020-09-27T12:15:14.139000000,True
OCO,31,Renault,35,100.321,35.745,34.813,29.763,HARD,2,17,7,1,False,None,None,True,5814.249,2020-09-27T12:16:54.303000000,True
OCO,31,Renault,36,99.967,35.498,34.856,29.613,HARD,2,18,7,1,True,None,None,True,5914.57,2020-09-27T12:18:34.624000000,True
OCO,31,Renault,37,99.907,35.57,34.63,29.707,HARD,2,19,7,1,True,None,None,True,6014.537,2020-09-27T12:20:14.591000000,True
OCO,31,Renault,38,99.914,35.693,34.557,29.664,HARD,2,20,7,1,False,None,None,True,6114.444,2020-09-27T12:21:54.498000000,True
OCO,31,Renault,39,100.096,35.647,34.658,29.791,HARD,2,21,7,1,False,None,None,True,6214.358,2020-09-27T12:23:34.412000000,True
OCO,31,Renault,40,99.844,35.71,34.503,29.631,HARD,2,22,7,1,True,None,None,True,6314.454,2020-09-27T12:25:14.508000000,True
OCO,31,Renault,41,100.079,35.98,34.532,29.567,HARD,2,23,7,1,False,None,None,True,6414.298,2020-09-27T12:26:54.352000000,True
OCO,31,Renault,42,108.016,35.635,34.569,37.812,HARD,2,24,7,167,False,None,None,True,6514.377,2020-09-27T12:28:34.431000000,False
OCO,31,Renault,43,103.124,39.159,34.464,29.501,HARD,2,25,7,71,False,None,None,True,6622.393,2020-09-27T12:30:22.447000000,False
OCO,31,Renault,44,99.455,35.486,34.378,29.591,HARD,2,26,7,1,True,None,None,True,6725.517,2020-09-27T12:32:05.571000000,True
OCO,31,Renault,45,99.601,35.672,34.461,29.468,HARD,2,27,7,1,False,None,None,True,6824.972,2020-09-27T12:33:45.026000000,True
OCO,31,Renault,46,99.516,35.557,34.439,29.52,HARD,2,28,7,1,False,None,None,True,6924.573,2020-09-27T12:35:24.627000000,True
OCO,31,Renault,47,99.412,35.581,34.442,29.389,HARD,2,29,7,1,True,None,None,True,7024.089,2020-09-27T12:37:04.143000000,True
OCO,31,Renault,48,99.216,35.536,34.296,29.384,HARD,2,30,7,1,True,None,None,True,7123.501,2020-09-27T12:38:43.555000000,True
OCO,31,Renault,49,99.394,35.553,34.24,29.601,HARD,2,31,7,1,False,None,None,True,7222.717,2020-09-27T12:40:22.771000000,True
OCO,31,Renault,50,99.907,35.565,34.402,29.94,HARD,2,32,7,1,False,None,None,True,7322.111,2020-09-27T12:42:02.165000000,True
OCO,31,Renault,51,99.359,35.597,34.24,29.522,HARD,2,33,7,1,False,None,None,True,7422.018,2020-09-27T12:43:42.072000000,True
OCO,31,Renault,52,99.61,35.511,34.398,29.701,HARD,2,34,7,1,False,None,None,True,7521.377,2020-09-27T12:45:21.431000000,True
OCO,31,Renault,53,100.986,35.648,34.474,30.864,HARD,2,35,7,1,False,None,None,True,7620.987,2020-09-27T12:47:01.041000000,True
PER,11,Racing Point,1,133.978,None,55.248,38.735,SOFT,1,4,6,124,False,None,None,False,2013.451,2020-09-27T11:13:33.505000000,False
PER,11,Racing Point,2,186.792,86.994,54.656,45.142,SOFT,1,5,6,4,False,None,None,False,2147.687,2020-09-27T11:15:47.741000000,False
PER,11,Racing Point,3,172.068,70.453,57.528,44.087,SOFT,1,6,6,4,False,None,None,False,2334.385,2020-09-27T11:18:54.439000000,False
PER,11,Racing Point,4,172.219,68.366,57.684,46.169,SOFT,1,7,6,4,False,None,None,False,2506.449,2020-09-27T11:21:46.503000000,False
PER,11,Racing Point,5,170.555,62.727,57.464,50.364,SOFT,1,8,6,41,False,None,None,False,2678.676,2020-09-27T11:24:38.730000000,False
PER,11,Racing Point,6,102.104,36.304,35.456,30.344,SOFT,1,9,6,1,True,None,None,False,2849.212,2020-09-27T11:27:29.266000000,True
PER,11,Racing Point,7,101.81,36.048,35.56,30.202,SOFT,1,10,6,1,True,None,None,False,2951.316,2020-09-27T11:29:11.370000000,True
PER,11,Racing Point,8,101.234,35.993,34.959,30.282,SOFT,1,11,6,1,True,None,None,False,3053.126,2020-09-27T11:30:53.180000000,True
PER,11,Racing Point,9,101.507,35.952,35.324,30.231,SOFT,1,12,6,1,False,None,None,False,3154.36,2020-09-27T11:32:34.414000000,True
PER,11,Racing Point,10,101.582,36.089,35.162,30.331,SOFT,1,13,6,1,False,None,None,False,3255.867,2020-09-27T11:34:15.921000000,True
PER,11,Racing Point,11,101.561,36.119,35.066,30.376,SOFT,1,14,6,1,False,None,None,False,3357.449,2020-09-27T11:35:57.503000000,True
PER,11,Racing Point,12,101.501,36.043,35.288,30.17,SOFT,1,15,6,1,False,None,None,False,3459.01,2020-09-27T11:37:39.064000000,True
PER,11,Racing Point,13,101.702,36.029,35.222,30.451,SOFT,1,16,6,1,False,None,None,False,3560.511,2020-09-27T11:39:20.565000000,True
PER,11,Racing Point,14,102.114,35.993,35.332,30.789,SOFT,1,17,6,1,False,None,None,False,3662.213,2020-09-27T11:41:02.267000000,True
PER,11,Racing Point,15,102.58,36.814,36.039,29.727,SOFT,1,18,5,1,False,None,None,False,3764.327,2020-09-27T11:42:44.381000000,True
PER,11,Racing Point,16,100.371,35.931,34.904,29.536,SOFT,1,19,5,1,True,None,None,False,3866.907,2020-09-27T11:44:26.961000000,True
PER,11,Racing Point,17,100.529,35.903,34.824,29.802,SOFT,1,20,4,1,False,None,None,False,3967.278,2020-09-27T11:46:07.332000000,True
PER,11,Racing Point,18,100.859,35.846,35.057,29.956,SOFT,1,21,3,1,False,None,None,False,4067.807,2020-09-27T11:47:47.861000000,True
PER,11,Racing Point,19,100.979,36.075,34.997,29.907,SOFT,1,22,3,1,False,None,None,False,4168.666,2020-09-27T11:49:28.720000000,True
PER,11,Racing Point,20,105.629,36.067,35.014,34.548,SOFT,1,23,3,1,False,None,4367.32,False,4269.645,2020-09-27T11:51:09.699000000,False
PER,11,Racing Point,21,120.325,56.165,34.88,29.28,HARD,2,1,6,1,False,4397.195,None,True,4375.274,2020-09-27T11:52:55.328000000,False
PER,11,Racing Point,22,99.755,35.92,34.536,29.299,HARD,2,2,6,1,True,None,None,True,4495.599,2020-09-27T11:54:55.653000000,True
PER,11,Racing Point,23,99.872,35.792,34.599,29.481,HARD,2,3,6,1,False,None,None,True,4595.354,2020-09-27T11:56:35.408000000,True
PER,11,Racing Point,24,99.721,35.791,34.511,29.419,HARD,2,4,6,1,True,None,None,True,4695.226,2020-09-27T11:58:15.280000000,True
PER,11,Racing Point,25,99.646,35.868,34.411,29.367,HARD,2,5,6,1,True,None,None,True,4794.947,2020-09-27T11:59:55.001000000,True
PER,11,Racing Point,26,100.736,35.975,35.12,29.641,HARD,2,6,6,1,False,None,None,True,4894.593,2020-09-27T12:01:34.647000000,True
PER,11,Racing Point,27,100.065,35.911,34.61,29.544,HARD,2,7,6,1,False,None,None,True,4995.329,2020-09-27T12:03:15.383000000,True
PER,11,Racing Point,28,100.555,36.062,34.854,29.639,HARD,2,8,6,1,False,None,None,True,5095.394,2020-09-27T12:04:55.448000000,True
PER,11,Racing Point,29,100.022,36.008,34.621,29.393,HARD,2,9,5,1,False,None,None,True,5195.949,2020-09-27T12:06:36.003000000,True
PER,11,Racing Point,30,99.976,36.026,34.602,29.348,HARD,2,10,5,1,False,None,None,True,5295.971,2020-09-27T12:08:16.025000000,True
PER,11,Racing Point,31,99.913,35.995,34.576,29.342,HARD,2,11,4,1,False,None,None,True,5395.947,2020-09-27T12:09:56.001000000,True
PER,11,Racing Point,32,99.67,35.78,34.562,29.328,HARD,2,12,4,1,False,None,None,True,5495.86,2020-09-27T12:11:35.914000000,True
PER,11,Racing Point,33,99.119,35.618,34.294,29.207,HARD,2,13,4,1,True,None,None,True,5595.53,2020-09-27T12:13:15.584000000,True
PER,11,Racing Point,34,99.376,35.644,34.484,29.248,HARD,2,14,4,1,False,None,None,True,5694.649,2020-09-27T12:14:54.703000000,True
PER,11,Racing Point,35,99.284,35.631,34.446,29.207,HARD,2,15,4,1,False,None,None,True,5794.025,2020-09-27T12:16:34.079000000,True
PER,11,Racing Point,36,99.447,35.714,34.435,29.298,HARD,2,16,4,1,False,None,None,True,5893.309,2020-09-27T12:18:13.363000000,True
PER,11,Racing Point,37,98.964,35.547,34.32,29.097,HARD,2,17,4,1,True,None,None,True,5992.756,2020-09-27T12:19:52.810000000,True
PER,11,Racing Point,38,99.404,35.69,34.535,29.179,HARD,2,18,4,1,False,None,None,True,6091.72,2020-09-27T12:21:31.774000000,True
PER,11,Racing Point,39,99.176,35.504,34.399,29.273,HARD,2,19,4,1,False,None,None,True,6191.124,2020-09-27T12:23:11.178000000,True
PER,11,Racing Point,40,98.811,35.485,34.377,28.949,HARD,2,20,4,1,True,None,None,True,6290.3,2020-09-27T12:24:50.354000000,True
PER,11,Racing Point,41,98.746,35.427,34.213,29.106,HARD,2,21,4,1,True,None,None,True,6389.111,2020-09-27T12:26:29.165000000,True
PER,11,Racing Point,42,98.67,35.488,34.278,28.904,HARD,2,22,4,1,True,None,None,True,6487.857,2020-09-27T12:28:07.911000000,True
PER,11,Racing Point,43,111.194,47.831,34.396,28.967,HARD,2,23,4,167,False,None,None,True,6586.527,2020-09-27T12:29:46.581000000,False
PER,11,Racing Point,44,99.008,35.497,34.443,29.068,HARD,2,24,4,1,False,None,None,True,6697.721,2020-09-27T12:31:37.775000000,True
PER,11,Racing Point,45,98.82,35.377,34.305,29.138,HARD,2,25,4,1,False,None,None,True,6796.729,2020-09-27T12:33:16.783000000,True
PER,11,Racing Point,46,99.229,35.324,34.54,29.365,HARD,2,26,4,1,False,None,None,True,6895.549,2020-09-27T12:34:55.603000000,True
PER,11,Racing Point,47,98.807,35.466,34.494,28.847,HARD,2,27,4,1,False,None,None,True,6994.778,2020-09-27T12:36:34.832000000,True
PER,11,Racing Point,48,98.152,35.409,34.101,28.642,HARD,2,28,4,1,True,None,None,True,7093.585,2020-09-27T12:38:13.639000000,True
PER,11,Racing Point,49,98.381,35.467,34.07,28.844,HARD,2,29,4,1,False,None,None,True,7191.737,2020-09-27T12:39:51.791000000,True
PER,11,Racing Point,50,98.228,35.35,33.907,28.971,HARD,2,30,4,1,False,None,None,True,7290.118,2020-09-27T12:41:30.172000000,True
PER,11,Racing Point,51,98.53,35.309,34.16,29.061,HARD,2,31,4,1,False,None,None,True,7388.346,2020-09-27T12:43:08.400000000,True
PER,11,Racing Point,52,98.141,35.234,34.047,28.86,HARD,2,32,4,1,True,None,None,True,7486.876,2020-09-27T12:44:46.930000000,True
PER,11,Racing Point,53,99.505,35.602,34.756,29.147,HARD,2,33,4,1,False,None,None,True,7585.017,2020-09-27T12:46:25.071000000,True
RAI,7,Alfa Romeo Racing,1,150.825,None,69.483,37.96,HARD,1,1,15,124,False,None,None,True,2013.451,2020-09-27T11:13:33.505000000,False
RAI,7,Alfa Romeo Racing,2,184.378,85.695,56.504,42.179,HARD,1,2,15,4,False,None,None,True,2164.435,2020-09-27T11:16:04.489000000,False
RAI,7,Alfa Romeo Racing,3,172.574,72.97,56.969,42.635,HARD,1,3,15,4,False,None,None,True,2348.818,2020-09-27T11:19:08.872000000,False
RAI,7,Alfa Romeo Racing,4,172.231,69.403,57.091,45.737,HARD,1,4,15,4,False,None,None,True,2521.389,2020-09-27T11:22:01.443000000,False
RAI,7,Alfa Romeo Racing,5,160.398,63.937,51.5,44.961,HARD,1,5,15,41,False,None,None,True,2693.602,2020-09-27T11:24:53.656000000,False
RAI,7,Alfa Romeo Racing,6,104.871,37.21,36.163,31.498,HARD,1,6,15,1,True,None,None,True,2853.967,2020-09-27T11:27:34.021000000,True
RAI,7,Alfa Romeo Racing,7,104.733,36.716,36.358,31.659,HARD,1,7,15,1,True,None,None,True,2958.838,2020-09-27T11:29:18.892000000,True
RAI,7,Alfa Romeo Racing,8,104.066,36.554,36.219,31.293,HARD,1,8,15,1,True,None,None,True,3063.571,2020-09-27T11:31:03.625000000,True
RAI,7,Alfa Romeo Racing,9,104.81,37.289,36.955,30.566,HARD,1,9,14,1,False,None,None,True,3167.637,2020-09-27T11:32:47.691000000,True
RAI,7,Alfa Romeo Racing,10,103.216,36.764,35.914,30.538,HARD,1,10,14,1,True,None,None,True,3272.447,2020-09-27T11:34:32.501000000,True
RAI,7,Alfa Romeo Racing,11,102.791,36.644,35.674,30.473,HARD,1,11,14,1,True,None,None,True,3375.663,2020-09-27T11:36:15.717000000,True
RAI,7,Alfa Romeo Racing,12,102.79,36.584,35.671,30.535,HARD,1,12,14,1,True,None,None,True,3478.454,2020-09-27T11:37:58.508000000,True
RAI,7,Alfa Romeo Racing,13,102.96,36.536,35.924,30.5,HARD,1,13,14,1,False,None,None,True,3581.244,2020-09-27T11:39:41.298000000,True
RAI,7,Alfa Romeo Racing,14,102.789,36.455,35.89,30.444,HARD,1,14,14,1,True,None,None,True,3684.204,2020-09-27T11:41:24.258000000,True
RAI,7,Alfa Romeo Racing,15,102.518,36.521,35.649,30.348,HARD,1,15,14,1,True,None,None,True,3786.993,2020-09-27T11:43:07.047000000,True
RAI,7,Alfa Romeo Racing,16,102.478,36.491,35.693,30.294,HARD,1,16,13,1,True,None,None,True,3889.511,2020-09-27T11:44:49.565000000,True
RAI,7,Alfa Romeo Racing,17,102.733,36.663,35.663,30.407,HARD,1,17,12,1,False,None,None,True,3991.989,2020-09-27T11:46:32.043000000,True
RAI,7,Alfa Romeo Racing,18,101.99,36.411,35.411,30.168,HARD,1,18,11,1,True,None,None,True,4094.722,2020-09-27T11:48:14.776000000,True
RAI,7,Alfa Romeo Racing,19,102.137,36.442,35.508,30.187,HARD,1,19,10,1,False,None,None,True,4196.712,2020-09-27T11:49:56.766000000,True
RAI,7,Alfa Romeo Racing,20,103.316,37.241,35.755,30.32,HARD,1,20,10,1,False,None,None,True,4298.849,2020-09-27T11:51:38.903000000,True
RAI,7,Alfa Romeo Racing,21,101.938,36.364,35.418,30.156,HARD,1,21,10,1,True,None,None,True,4402.165,2020-09-27T11:53:22.219000000,True
RAI,7,Alfa Romeo Racing,22,101.411,36.229,35.158,30.024,HARD,1,22,10,1,True,None,None,True,4504.103,2020-09-27T11:55:04.157000000,True
RAI,7,Alfa Romeo Racing,23,101.3,36.247,35.054,29.999,HARD,1,23,10,1,True,None,None,True,4605.514,2020-09-27T11:56:45.568000000,True
RAI,7,Alfa Romeo Racing,24,101.615,36.265,35.097,30.253,HARD,1,24,10,1,False,None,None,True,4706.814,2020-09-27T11:58:26.868000000,True
RAI,7,Alfa Romeo Racing,25,101.504,36.331,35.13,30.043,HARD,1,25,10,1,False,None,None,True,4808.429,2020-09-27T12:00:08.483000000,True
RAI,7,Alfa Romeo Racing,26,101.733,36.326,35.232,30.175,HARD,1,26,10,1,False,None,None,True,4909.933,2020-09-27T12:01:49.987000000,True
RAI,7,Alfa Romeo Racing,27,102.116,36.741,35.312,30.063,HARD,1,27,10,1,False,None,None,True,5011.666,2020-09-27T12:03:31.720000000,True
RAI,7,Alfa Romeo Racing,28,101.529,36.275,35.144,30.11,HARD,1,28,10,1,False,None,None,True,5113.782,2020-09-27T12:05:13.836000000,True
RAI,7,Alfa Romeo Racing,29,101.179,36.243,34.928,30.008,HARD,1,29,10,1,True,None,None,True,5215.311,2020-09-27T12:06:55.365000000,True
RAI,7,Alfa Romeo Racing,30,101.52,36.19,35.098,30.232,HARD,1,30,9,1,False,None,None,True,5316.49,2020-09-27T12:08:36.544000000,True
RAI,7,Alfa Romeo Racing,31,101.633,36.419,35.081,30.133,HARD,1,31,9,1,False,None,None,True,5418.01,2020-09-27T12:10:18.064000000,True
RAI,7,Alfa Romeo Racing,32,101.197,36.119,34.978,30.1,HARD,1,32,9,1,False,None,None,True,5519.643,2020-09-27T12:11:59.697000000,True
RAI,7,Alfa Romeo Racing,33,101.86,36.364,35.047,30.449,HARD,1,33,9,1,False,None,None,True,5620.84,2020-09-27T12:13:40.894000000,True
RAI,7,Alfa Romeo Racing,34,102.494,36.843,35.381,30.27,HARD,1,34,10,1,False,None,None,True,5722.7,2020-09-27T12:15:22.754000000,True
RAI,7,Alfa Romeo Racing,35,106.498,36.23,35.435,34.833,HARD,1,35,12,1,False,None,5923.773,True,5825.194,2020-09-27T12:17:05.248000000,False
RAI,7,Alfa Romeo Racing,36,123.49,59.905,34.547,29.038,MEDIUM,2,1,16,1,False,5956.951,None,True,5931.692,2020-09-27T12:18:51.746000000,False
RAI,7,Alfa Romeo Racing,37,98.858,35.692,34.223,28.943,MEDIUM,2,2,16,1,True,None,None,True,6055.182,2020-09-27T12:20:55.236000000,True
RAI,7,Alfa Romeo Racing,38,99.546,35.81,34.477,29.259,MEDIUM,2,3,16,1,False,None,None,True,6154.04,2020-09-27T12:22:34.094000000,True
RAI,7,Alfa Romeo Racing,39,99.649,35.856,34.455,29.338,MEDIUM,2,4,16,1,False,None,None,True,6253.586,2020-09-27T12:24:13.640000000,True
RAI,7,Alfa Romeo Racing,40,99.639,35.851,34.472,29.316,MEDIUM,2,5,16,1,False,None,None,True,6353.235,2020-09-27T12:25:53.289000000,True
RAI,7,Alfa Romeo Racing,41,100.522,35.939,34.705,29.878,MEDIUM,2,6,16,1,False,None,None,True,6452.874,2020-09-27T12:27:32.928000000,True
RAI,7,Alfa Romeo Racing,42,112.174,35.548,47.347,29.279,MEDIUM,2,7,15,167,False,None,None,True,6553.396,2020-09-27T12:29:13.450000000,False
RAI,7,Alfa Romeo Racing,43,99.292,35.763,34.357,29.172,MEDIUM,2,8,15,1,False,None,None,True,6665.57,2020-09-27T12:31:05.624000000,True
RAI,7,Alfa Romeo Racing,44,99.391,35.629,34.49,29.272,MEDIUM,2,9,15,1,False,None,None,True,6764.862,2020-09-27T12:32:44.916000000,True
RAI,7,Alfa Romeo Racing,45,101.687,37.059,34.927,29.701,MEDIUM,2,10,15,1,False,None,None,True,6864.253,2020-09-27T12:34:24.307000000,True
RAI,7,Alfa Romeo Racing,46,99.943,35.703,34.829,29.411,MEDIUM,2,11,15,1,False,None,None,True,6965.94,2020-09-27T12:36:05.994000000,True
RAI,7,Alfa Romeo Racing,47,99.517,35.755,34.638,29.124,MEDIUM,2,12,15,1,False,None,None,True,7065.883,2020-09-27T12:37:45.937000000,True
RAI,7,Alfa Romeo Racing,48,99.745,35.695,34.562,29.488,MEDIUM,2,13,14,1,False,None,None,True,7165.4,2020-09-27T12:39:25.454000000,True
RAI,7,Alfa Romeo Racing,49,101.032,35.647,34.599,30.786,MEDIUM,2,14,14,1,False,None,None,True,7265.145,2020-09-27T12:41:05.199000000,True
RAI,7,Alfa Romeo Racing,50,102.601,36.757,34.925,30.919,MEDIUM,2,15,14,1,False,None,None,True,7366.177,2020-09-27T12:42:46.231000000,True
RAI,7,Alfa Romeo Racing,51,100.518,35.61,34.757,30.151,MEDIUM,2,16,14,1,False,None,None,True,7468.778,2020-09-27T12:44:28.832000000,True
RAI,7,Alfa Romeo Racing,52,100.604,35.852,34.54,30.212,MEDIUM,2,17,14,1,False,None,None,True,7569.296,2020-09-27T12:46:09.350000000,True
RIC,3,Renault,1,132.36,None,55.597,38.044,SOFT,1,4,5,124,False,None,None,False,2013.451,2020-09-27T11:13:33.505000000,False
RIC,3,Renault,2,186.508,87.234,53.573,45.701,SOFT,1,5,5,4,False,None,None,False,2145.984,2020-09-27T11:15:46.038000000,False
RIC,3,Renault,3,172.849,71.293,55.826,45.73,SOFT,1,6,5,4,False,None,None,False,2332.483,2020-09-27T11:18:52.537000000,False
RIC,3,Renault,4,171.972,68.262,57.764,45.946,SOFT,1,7,5,4,False,None,None,False,2505.365,2020-09-27T11:21:45.419000000,False
RIC,3,Renault,5,171.308,63.285,57.396,50.627,SOFT,1,8,5,41,False,None,None,False,2677.295,2020-09-27T11:24:37.349000000,False
RIC,3,Renault,6,102.025,36.288,35.417,30.32,SOFT,1,9,5,1,True,None,None,False,2848.608,2020-09-27T11:27:28.662000000,True
RIC,3,Renault,7,101.799,36.105,35.47,30.224,SOFT,1,10,5,1,True,None,None,False,2950.633,2020-09-27T11:29:10.687000000,True
RIC,3,Renault,8,101.288,35.868,35.089,30.331,SOFT,1,11,5,1,True,None,None,False,3052.432,2020-09-27T11:30:52.486000000,True
RIC,3,Renault,9,101.432,35.924,35.259,30.249,SOFT,1,12,5,1,False,None,None,False,3153.72,2020-09-27T11:32:33.774000000,True
RIC,3,Renault,10,101.554,35.944,35.16,30.45,SOFT,1,13,5,1,False,None,None,False,3255.152,2020-09-27T11:34:15.206000000,True
RIC,3,Renault,11,101.534,36.077,34.987,30.47,SOFT,1,14,5,1,False,None,None,False,3356.706,2020-09-27T11:35:56.760000000,True
RIC,3,Renault,12,101.454,36.12,35.015,30.319,SOFT,1,15,5,1,False,None,None,False,3458.24,2020-09-27T11:37:38.294000000,True
RIC,3,Renault,13,101.77,36.077,35.566,30.127,SOFT,1,16,5,1,False,None,None,False,3559.694,2020-09-27T11:39:19.748000000,True
RIC,3,Renault,14,102.322,36.118,35.721,30.483,SOFT,1,17,5,1,False,None,None,False,3661.464,2020-09-27T11:41:01.518000000,True
RIC,3,Renault,15,109.549,37.756,36.485,35.308,SOFT,1,18,8,1,False,None,3865.341,False,3763.786,2020-09-27T11:42:43.840000000,False
RIC,3,Renault,16,122.018,57.366,34.949,29.703,HARD,2,1,14,1,False,3895.458,None,True,3873.335,2020-09-27T11:44:33.389000000,False
RIC,3,Renault,17,101.173,36.051,35.018,30.104,HARD,2,2,13,1,True,None,None,True,3995.353,2020-09-27T11:46:35.407000000,True
RIC,3,Renault,18,101.271,35.976,35.171,30.124,HARD,2,3,12,1,False,None,None,True,4096.526,2020-09-27T11:48:16.580000000,True
RIC,3,Renault,19,101.816,36.145,35.138,30.533,HARD,2,4,11,1,False,None,None,True,4197.797,2020-09-27T11:49:57.851000000,True
RIC,3,Renault,20,100.816,35.771,35.058,29.987,HARD,2,5,9,1,True,None,None,True,4299.613,2020-09-27T11:51:39.667000000,True
RIC,3,Renault,21,100.746,35.879,34.948,29.919,HARD,2,6,9,1,True,None,None,True,4400.429,2020-09-27T11:53:20.483000000,True
RIC,3,Renault,22,100.902,36.017,35.074,29.811,HARD,2,7,9,1,False,None,None,True,4501.175,2020-09-27T11:55:01.229000000,True
RIC,3,Renault,23,100.884,35.89,35.004,29.99,HARD,2,8,9,1,False,None,None,True,4602.077,2020-09-27T11:56:42.131000000,True
RIC,3,Renault,24,101.112,35.937,34.967,30.208,HARD,2,9,9,1,False,None,None,True,4702.961,2020-09-27T11:58:23.015000000,True
RIC,3,Renault,25,101.123,36.443,34.835,29.845,HARD,2,10,8,1,False,None,None,True,4804.073,2020-09-27T12:00:04.127000000,True
RIC,3,Renault,26,100.75,35.857,34.719,30.174,HARD,2,11,8,1,False,None,None,True,4905.196,2020-09-27T12:01:45.250000000,True
RIC,3,Renault,27,101.513,36.965,35.055,29.493,HARD,2,12,7,1,False,None,None,True,5005.946,2020-09-27T12:03:26.000000000,True
RIC,3,Renault,28,100.022,35.89,34.623,29.509,HARD,2,13,7,1,True,None,None,True,5107.459,2020-09-27T12:05:07.513000000,True
RIC,3,Renault,29,100.121,35.792,34.622,29.707,HARD,2,14,6,1,False,None,None,True,5207.481,2020-09-27T12:06:47.535000000,True
RIC,3,Renault,30,99.658,35.656,34.462,29.54,HARD,2,15,6,1,True,None,None,True,5307.602,2020-09-27T12:08:27.656000000,True
RIC,3,Renault,31,99.5,35.592,34.572,29.336,HARD,2,16,5,1,True,None,None,True,5407.26,2020-09-27T12:10:07.314000000,True
RIC,3,Renault,32,99.539,35.653,34.48,29.406,HARD,2,17,5,1,False,None,None,True,5506.76,2020-09-27T12:11:46.814000000,True
RIC,3,Renault,33,99.374,35.478,34.593,29.303,HARD,2,18,5,1,True,None,None,True,5606.299,2020-09-27T12:13:26.353000000,True
RIC,3,Renault,34,99.105,35.54,34.391,29.174,HARD,2,19,5,1,True,None,None,True,5705.673,2020-09-27T12:15:05.727000000,True
RIC,3,Renault,35,99.286,35.491,34.427,29.368,HARD,2,20,5,1,False,None,None,True,5804.778,2020-09-27T12:16:44.832000000,True
RIC,3,Renault,36,99.332,35.494,34.464,29.374,HARD,2,21,5,1,False,None,None,True,5904.064,2020-09-27T12:18:24.118000000,True
RIC,3,Renault,37,99.224,35.519,34.453,29.252,HARD,2,22,5,1,False,None,None,True,6003.396,2020-09-27T12:20:03.450000000,True
RIC,3,Renault,38,99.019,35.421,34.396,29.202,HARD,2,23,5,1,True,None,None,True,6102.62,2020-09-27T12:21:42.674000000,True
RIC,3,Renault,39,99.336,35.492,34.352,29.492,HARD,2,24,5,1,False,None,None,True,6201.639,2020-09-27T12:23:21.693000000,True
RIC,3,Renault,40,99.224,35.478,34.441,29.305,HARD,2,25,5,1,False,None,None,True,6300.975,2020-09-27T12:25:01.029000000,True
RIC,3,Renault,41,98.935,35.424,34.282,29.229,HARD,2,26,5,1,True,None,None,True,6400.199,2020-09-27T12:26:40.253000000,True
RIC,3,Renault,42,100.934,35.346,34.183,31.405,HARD,2,27,5,16,False,None,None,True,6499.134,2020-09-27T12:28:19.188000000,False
RIC,3,Renault,43,110.451,46.76,34.263,29.428,HARD,2,28,5,671,False,None,None,True,6600.068,2020-09-27T12:30:00.122000000,False
RIC,3,Renault,44,99.207,35.384,34.567,29.256,HARD,2,29,5,1,False,None,None,True,6710.519,2020-09-27T12:31:50.573000000,True
RIC,3,Renault,45,98.777,35.315,34.174,29.288,HARD,2,30,5,1,True,None,None,True,6809.726,2020-09-27T12:33:29.780000000,True
RIC,3,Renault,46,98.946,35.342,34.31,29.294,HARD,2,31,5,1,False,None,None,True,6908.503,2020-09-27T12:35:08.557000000,True
RIC,3,Renault,47,98.611,35.303,34.178,29.13,HARD,2,32,5,1,True,None,None,True,7007.449,2020-09-27T12:36:47.503000000,True
RIC,3,Renault,48,99.014,35.255,34.285,29.474,HARD,2,33,5,1,False,None,None,True,7106.06,2020-09-27T12:38:26.114000000,True
RIC,3,Renault,49,100.431,35.637,34.743,30.051,HARD,2,34,5,1,False,None,None,True,7205.074,2020-09-27T12:40:05.128000000,True
RIC,3,Renault,50,99.197,35.443,34.367,29.387,HARD,2,35,5,1,False,None,None,True,7305.505,2020-09-27T12:41:45.559000000,True
RIC,3,Renault,51,98.916,35.307,34.154,29.455,HARD,2,36,5,1,False,None,None,True,7404.702,2020-09-27T12:43:24.756000000,True
RIC,3,Renault,52,99.536,35.324,34.461,29.751,HARD,2,37,5,1,False,None,None,True,7503.618,2020-09-27T12:45:03.672000000,True
RIC,3,Renault,53,97.886,35.134,34.0,28.752,HARD,2,38,5,1,True,None,None,True,7603.154,2020-09-27T12:46:43.208000000,True
RUS,63,Williams,1,151.428,None,66.387,42.154,MEDIUM,1,1,16,124,False,None,2157.073,True,2013.451,2020-09-27T11:13:33.505000000,False
RUS,63,Williams,2,186.794,87.065,56.026,43.703,HARD,2,1,16,4,False,2187.223,None,True,2165.037,2020-09-27T11:16:05.091000000,False
RUS,63,Williams,3,172.107,72.077,57.702,42.328,HARD,2,2,16,4,False,None,None,True,2351.809,2020-09-27T11:19:11.863000000,False
RUS,63,Williams,4,171.916,68.045,56.992,46.879,HARD,2,3,16,4,False,None,None,True,2523.931,2020-09-27T11:22:03.985000000,False
RUS,63,Williams,5,158.542,62.738,53.117,42.687,HARD,2,4,16,41,False,None,None,True,2695.85,2020-09-27T11:24:55.904000000,False
RUS,63,Williams,6,105.675,37.253,36.835,31.587,HARD,2,5,16,1,True,None,None,True,2854.352,2020-09-27T11:27:34.406000000,True
RUS,63,Williams,7,104.64,36.863,36.337,31.44,HARD,2,6,16,1,True,None,None,True,2960.027,2020-09-27T11:29:20.081000000,True
RUS,63,Williams,8,104.309,36.606,36.071,31.632,HARD,2,7,16,1,True,None,None,True,3064.667,2020-09-27T11:31:04.721000000,True
RUS,63,Williams,9,105.727,36.905,36.944,31.878,HARD,2,8,16,1,False,None,None,True,3168.976,2020-09-27T11:32:49.030000000,True
RUS,63,Williams,10,106.291,36.601,36.228,33.462,HARD,2,9,17,1,False,None,None,True,3274.703,2020-09-27T11:34:34.757000000,True
RUS,63,Williams,11,103.797,36.879,35.974,30.944,HARD,2,10,16,1,True,None,None,True,3380.994,2020-09-27T11:36:21.048000000,True
RUS,63,Williams,12,105.342,36.51,35.888,32.944,HARD,2,11,17,1,False,None,None,True,3484.791,2020-09-27T11:38:04.845000000,True
RUS,63,Williams,13,105.606,37.692,36.485,31.429,HARD,2,12,18,1,False,None,None,True,3590.133,2020-09-27T11:39:50.187000000,True
RUS,63,Williams,14,109.162,37.384,36.393,35.385,HARD,2,13,18,1,False,None,3798.009,True,3695.739,2020-09-27T11:41:35.793000000,False
RUS,63,Williams,15,121.947,56.684,35.015,30.248,MEDIUM,3,3,18,1,False,3826.443,None,False,3804.901,2020-09-27T11:43:24.955000000,False
RUS,63,Williams,16,102.349,36.879,35.159,30.311,MEDIUM,3,4,18,1,True,None,None,False,3926.848,2020-09-27T11:45:26.902000000,True
RUS,63,Williams,17,101.396,36.386,34.814,30.196,MEDIUM,3,5,18,1,True,None,None,False,4029.197,2020-09-27T11:47:09.251000000,True
RUS,63,Williams,18,101.875,36.431,35.103,30.341,MEDIUM,3,6,18,1,False,None,None,False,4130.593,2020-09-27T11:48:50.647000000,True
RUS,63,Williams,19,101.95,36.249,35.205,30.496,MEDIUM,3,7,18,1,False,None,None,False,4232.468,2020-09-27T11:50:32.522000000,True
RUS,63,Williams,20,102.05,36.586,35.08,30.384,MEDIUM,3,8,18,1,False,None,None,False,4334.418,2020-09-27T11:52:14.472000000,True
RUS,63,Williams,21,102.02,36.536,35.02,30.464,MEDIUM,3,9,18,1,False,None,None,False,4436.468,2020-09-27T11:53:56.522000000,True
RUS,63,Williams,22,101.505,36.348,34.872,30.285,MEDIUM,3,10,18,1,False,None,None,False,4538.488,2020-09-27T11:55:38.542000000,True
RUS,63,Williams,23,101.322,36.343,34.906,30.073,MEDIUM,3,11,18,1,True,None,None,False,4639.993,2020-09-27T11:57:20.047000000,True
RUS,63,Williams,24,101.629,36.203,35.112,30.314,MEDIUM,3,12,18,1,False,None,None,False,4741.315,2020-09-27T11:59:01.369000000,True
RUS,63,Williams,25,101.329,36.099,34.996,30.234,MEDIUM,3,13,18,1,False,None,None,False,4842.944,2020-09-27T12:00:42.998000000,True
RUS,63,Williams,26,101.382,36.076,35.062,30.244,MEDIUM,3,14,18,1,False,None,None,False,4944.273,2020-09-27T12:02:24.327000000,True
RUS,63,Williams,27,101.913,36.663,34.937,30.313,MEDIUM,3,15,18,1,False,None,None,False,5045.655,2020-09-27T12:04:05.709000000,True
RUS,63,Williams,28,102.122,36.145,35.703,30.274,MEDIUM,3,16,18,1,False,None,None,False,5147.568,2020-09-27T12:05:47.622000000,True
RUS,63,Williams,29,101.301,36.225,34.794,30.282,MEDIUM,3,17,18,1,True,None,None,False,5249.69,2020-09-27T12:07:29.744000000,True
RUS,63,Williams,30,101.296,36.196,34.923,30.177,MEDIUM,3,18,18,1,True,None,None,False,5350.991,2020-09-27T12:09:11.045000000,True
RUS,63,Williams,31,101.66,36.232,35.024,30.404,MEDIUM,3,19,18,1,False,None,None,False,5452.287,2020-09-27T12:10:52.341000000,True
RUS,63,Williams,32,101.15,36.178,34.914,30.058,MEDIUM,3,20,18,1,True,None,None,False,5553.947,2020-09-27T12:12:34.001000000,True
RUS,63,Williams,33,101.243,36.166,34.801,30.276,MEDIUM,3,21,18,1,False,None,None,False,5655.097,2020-09-27T12:14:15.151000000,True
RUS,63,Williams,34,101.49,36.311,35.08,30.099,MEDIUM,3,22,18,1,False,None,None,False,5756.34,2020-09-27T12:15:56.394000000,True
RUS,63,Williams,35,101.317,36.11,34.917,30.29,MEDIUM,3,23,18,1,False,None,None,False,5857.83,2020-09-27T12:17:37.884000000,True
RUS,63,Williams,36,103.786,36.432,35.914,31.44,MEDIUM,3,24,18,1,False,None,None,False,5959.147,2020-09-27T12:19:19.201000000,True
RUS,63,Williams,37,101.513,36.164,35.093,30.256,MEDIUM,3,25,18,1,False,None,None,False,6062.933,2020-09-27T12:21:02.987000000,True
RUS,63,Williams,38,101.635,36.055,35.089,30.491,MEDIUM,3,26,18,1,False,None,None,False,6164.446,2020-09-27T12:22:44.500000000,True
RUS,63,Williams,39,101.411,36.002,34.873,30.536,MEDIUM,3,27,18,1,False,None,None,False,6266.081,2020-09-27T12:24:26.135000000,True
RUS,63,Williams,40,102.744,35.953,36.004,30.787,MEDIUM,3,28,18,1,False,None,None,False,6367.492,2020-09-27T12:26:07.546000000,True
RUS,63,Williams,41,101.182,36.044,34.9,30.238,MEDIUM,3,29,18,1,False,None,None,False,6470.236,2020-09-27T12:27:50.290000000,True
RUS,63,Williams,42,115.713,46.807,36.805,32.101,MEDIUM,3,30,18,167,False,None,None,False,6571.418,2020-09-27T12:29:31.472000000,False
RUS,63,Williams,43,104.604,37.298,35.603,31.703,MEDIUM,3,31,17,1,False,None,None,False,6687.131,2020-09-27T12:31:27.185000000,True
RUS,63,Williams,44,102.019,36.196,35.403,30.42,MEDIUM,3,32,17,1,False,None,None,False,6791.735,2020-09-27T12:33:11.789000000,True
RUS,63,Williams,45,103.168,36.062,36.462,30.644,MEDIUM,3,33,17,1,False,None,None,False,6893.754,2020-09-27T12:34:53.808000000,True
RUS,63,Williams,46,101.625,36.118,35.101,30.406,MEDIUM,3,34,17,1,False,None,None,False,6996.922,2020-09-27T12:36:36.976000000,True
RUS,63,Williams,47,101.512,35.83,35.364,30.318,MEDIUM,3,35,17,1,False,None,None,False,7098.547,2020-09-27T12:38:18.601000000,True
RUS,63,Williams,48,107.554,35.751,35.353,36.45,MEDIUM,3,36,18,1,False,None,None,False,7200.059,2020-09-27T12:40:00.113000000,True
RUS,63,Williams,49,103.098,36.643,35.68,30.775,MEDIUM,3,37,18,1,False,None,None,False,7307.613,2020-09-27T12:41:47.667000000,True
RUS,63,Williams,50,107.257,36.985,35.545,34.727,MEDIUM,3,38,18,1,False,None,7510.094,False,7410.711,2020-09-27T12:43:30.765000000,False
RUS,63,Williams,51,120.44,56.187,34.685,29.568,SOFT,4,1,18,1,False,7539.752,None,True,7517.968,2020-09-27T12:45:18.022000000,False
RUS,63,Williams,52,97.352,35.001,33.676,28.675,SOFT,4,2,18,1,True,None,None,True,7638.408,2020-09-27T12:47:18.462000000,True
SAI,55,McLaren,1,None,None,None,None,SOFT,1,4,None,124,False,None,None,False,2013.451,2020-09-27T11:13:33.505000000,False
STR,18,Racing Point,1,None,None,None,None,MEDIUM,1,1,None,124,False,None,None,True,2013.451,2020-09-27T11:13:33.505000000,False
VER,33,Red Bull Racing,1,129.668,None,50.328,40.544,MEDIUM,1,4,3,124,False,None,None,False,2013.451,2020-09-27T11:13:33.505000000,False
VER,33,Red Bull Racing,2,187.172,87.364,53.383,46.425,MEDIUM,1,5,3,4,False,None,None,False,2143.303,2020-09-27T11:15:43.357000000,False
VER,33,Red Bull Racing,3,171.464,70.203,56.795,44.466,MEDIUM,1,6,3,4,False,None,None,False,2330.455,2020-09-27T11:18:50.509000000,False
VER,33,Red Bull Racing,4,172.703,69.108,56.913,46.682,MEDIUM,1,7,3,4,False,None,None,False,2501.926,2020-09-27T11:21:41.980000000,False
VER,33,Red Bull Racing,5,172.572,63.426,57.65,51.496,MEDIUM,1,8,3,41,False,None,None,False,2674.625,2020-09-27T11:24:34.679000000,False
VER,33,Red Bull Racing,6,101.375,36.124,35.314,29.937,MEDIUM,1,9,3,1,True,None,None,False,2847.152,2020-09-27T11:27:27.206000000,True
VER,33,Red Bull Racing,7,101.52,36.025,35.548,29.947,MEDIUM,1,10,3,1,False,None,None,False,2948.527,2020-09-27T11:29:08.581000000,True
VER,33,Red Bull Racing,8,101.262,36.027,35.357,29.878,MEDIUM,1,11,3,1,True,None,None,False,3050.047,2020-09-27T11:30:50.101000000,True
VER,33,Red Bull Racing,9,101.085,36.012,35.23,29.843,MEDIUM,1,12,3,1,True,None,None,False,3151.309,2020-09-27T11:32:31.363000000,True
VER,33,Red Bull Racing,10,101.289,36.058,35.231,30.0,MEDIUM,1,13,3,1,False,None,None,False,3252.394,2020-09-27T11:34:12.448000000,True
VER,33,Red Bull Racing,11,101.418,36.074,35.236,30.108,MEDIUM,1,14,3,1,False,None,None,False,3353.683,2020-09-27T11:35:53.737000000,True
VER,33,Red Bull Racing,12,101.437,36.221,35.322,29.894,MEDIUM,1,15,3,1,False,None,None,False,3455.101,2020-09-27T11:37:35.155000000,True
VER,33,Red Bull Racing,13,100.881,35.983,35.099,29.799,MEDIUM,1,16,3,1,True,None,None,False,3556.538,2020-09-27T11:39:16.592000000,True
VER,33,Red Bull Racing,14,100.897,35.961,35.186,29.75,MEDIUM,1,17,3,1,False,None,None,False,3657.419,2020-09-27T11:40:57.473000000,True
VER,33,Red Bull Racing,15,100.646,36.077,34.903,29.666,MEDIUM,1,18,3,1,True,None,None,False,3758.316,2020-09-27T11:42:38.370000000,True
VER,33,Red Bull Racing,16,100.299,35.87,34.763,29.666,MEDIUM,1,19,3,1,True,None,None,False,3858.962,2020-09-27T11:44:19.016000000,True
VER,33,Red Bull Racing,17,100.252,35.939,34.675,29.638,MEDIUM,1,20,2,1,True,None,None,False,3959.261,2020-09-27T11:45:59.315000000,True
VER,33,Red Bull Racing,18,100.07,35.926,34.564,29.58,MEDIUM,1,21,2,1,True,None,None,False,4059.513,2020-09-27T11:47:39.567000000,True
VER,33,Red Bull Racing,19,99.941,35.828,34.609,29.504,MEDIUM,1,22,2,1,True,None,None,False,4159.583,2020-09-27T11:49:19.637000000,True
VER,33,Red Bull Racing,20,100.012,35.891,34.56,29.561,MEDIUM,1,23,2,1,False,None,None,False,4259.524,2020-09-27T11:50:59.578000000,True
VER,33,Red Bull Racing,21,99.92,35.88,34.541,29.499,MEDIUM,1,24,2,1,True,None,None,False,4359.536,2020-09-27T11:52:39.590000000,True
VER,33,Red Bull Racing,22,100.113,35.934,34.53,29.649,MEDIUM,1,25,2,1,False,None,None,False,4459.456,2020-09-27T11:54:19.510000000,True
VER,33,Red Bull Racing,23,100.266,36.002,34.558,29.706,MEDIUM,1,26,2,1,False,None,None,False,4559.569,2020-09-27T11:55:59.623000000,True
VER,33,Red Bull Racing,24,100.51,35.925,34.788,29.797,MEDIUM,1,27,2,1,False,None,None,False,4659.835,2020-09-27T11:57:39.889000000,True
VER,33,Red Bull Racing,25,105.264,36.051,34.752,34.461,MEDIUM,1,28,2,1,False,None,4857.705,False,4760.345,2020-09-27T11:59:20.399000000,False
VER,33,Red Bull Racing,26,120.406,55.649,34.446,30.311,HARD,2,1,4,1,False,4886.456,None,True,4865.609,2020-09-27T12:01:05.663000000,False
VER,33,Red Bull Racing,27,99.287,35.845,34.332,29.11,HARD,2,2,3,1,True,None,None,True,4986.015,2020-09-27T12:03:06.069000000,True
VER,33,Red Bull Racing,28,99.584,35.669,34.516,29.399,HARD,2,3,2,1,False,None,None,True,5085.302,2020-09-27T12:04:45.356000000,True
VER,33,Red Bull Racing,29,99.155,35.788,34.169,29.198,HARD,2,4,2,1,True,None,None,True,5184.886,2020-09-27T12:06:24.940000000,True
VER,33,Red Bull Racing,30,98.997,35.776,34.133,29.088,HARD,2,5,2,1,True,None,None,True,5284.041,2020-09-27T12:08:04.095000000,True
VER,33,Red Bull Racing,31,98.481,35.763,33.905,28.813,HARD,2,6,2,1,True,None,None,True,5383.038,2020-09-27T12:09:43.092000000,True
VER,33,Red Bull Racing,32,98.598,35.638,34.058,28.902,HARD,2,7,2,1,False,None,None,True,5481.519,2020-09-27T12:11:21.573000000,True
VER,33,Red Bull Racing,33,98.734,35.684,34.036,29.014,HARD,2,8,2,1,False,None,None,True,5580.117,2020-09-27T12:13:00.171000000,True
VER,33,Red Bull Racing,34,98.735,35.732,34.037,28.966,HARD,2,9,2,1,False,None,None,True,5678.851,2020-09-27T12:14:38.905000000,True
VER,33,Red Bull Racing,35,98.52,35.638,33.96,28.922,HARD,2,10,2,1,False,None,None,True,5777.586,2020-09-27T12:16:17.640000000,True
VER,33,Red Bull Racing,36,98.729,35.644,34.033,29.052,HARD,2,11,2,1,False,None,None,True,5876.106,2020-09-27T12:17:56.160000000,True
VER,33,Red Bull Racing,37,98.432,35.511,33.989,28.932,HARD,2,12,2,1,True,None,None,True,5974.835,2020-09-27T12:19:34.889000000,True
VER,33,Red Bull Racing,38,98.496,35.477,34.11,28.909,HARD,2,13,2,1,False,None,None,True,6073.267,2020-09-27T12:21:13.321000000,True
VER,33,Red Bull Racing,39,98.811,35.525,34.075,29.211,HARD,2,14,2,1,False,None,None,True,6171.763,2020-09-27T12:22:51.817000000,True
VER,33,Red Bull Racing,40,99.087,35.463,34.2,29.424,HARD,2,15,2,1,False,None,None,True,6270.574,2020-09-27T12:24:30.628000000,True
VER,33,Red Bull Racing,41,98.69,35.351,34.245,29.094,HARD,2,16,2,1,False,None,None,True,6369.661,2020-09-27T12:26:09.715000000,True
VER,33,Red Bull Racing,42,99.175,35.596,34.527,29.052,HARD,2,17,2,1,False,None,None,True,6468.351,2020-09-27T12:27:48.405000000,True
VER,33,Red Bull Racing,43,111.959,44.655,38.222,29.082,HARD,2,18,2,167,False,None,None,True,6567.526,2020-09-27T12:29:27.580000000,False
VER,33,Red Bull Racing,44,98.376,35.5,33.985,28.891,HARD,2,19,2,1,True,None,None,True,6679.485,2020-09-27T12:31:19.539000000,True
VER,33,Red Bull Racing,45,98.226,35.459,33.946,28.821,HARD,2,20,2,1,True,None,None,True,6777.861,2020-09-27T12:32:57.915000000,True
VER,33,Red Bull Racing,46,98.173,35.432,33.916,28.825,HARD,2,21,2,1,True,None,None,True,6876.087,2020-09-27T12:34:36.141000000,True
VER,33,Red Bull Racing,47,97.852,35.261,33.898,28.693,HARD,2,22,2,1,True,None,None,True,6974.26,2020-09-27T12:36:14.314000000,True
VER,33,Red Bull Racing,48,97.715,35.243,33.815,28.657,HARD,2,23,2,1,True,None,None,True,7072.112,2020-09-27T12:37:52.166000000,True
VER,33,Red Bull Racing,49,98.527,35.323,33.958,29.246,HARD,2,24,2,1,False,None,None,True,7169.827,2020-09-27T12:39:29.881000000,True
VER,33,Red Bull Racing,50,98.705,35.245,34.15,29.31,HARD,2,25,2,1,False,None,None,True,7268.354,2020-09-27T12:41:08.408000000,True
VER,33,Red Bull Racing,51,99.482,35.221,34.945,29.316,HARD,2,26,2,1,False,None,None,True,7367.059,2020-09-27T12:42:47.113000000,True
VER,33,Red Bull Racing,52,97.793,34.933,34.042,28.818,HARD,2,27,2,1,False,None,None,True,7466.541,2020-09-27T12:44:26.595000000,True
VER,33,Red Bull Racing,53,97.332,34.994,33.657,28.681,HARD,2,28,2,1,True,None,None,True,7564.334,2020-09-27T12:46:04.388000000,True
VET,5,Ferrari,1,145.469,None,64.972,37.812,MEDIUM,1,1,13,124,False,None,None,True,2013.451,2020-09-27T11:13:33.505000000,False
VET,5,Ferrari,2,187.025,88.079,54.905,44.041,MEDIUM,1,2,13,4,False,None,None,True,2159.082,2020-09-27T11:15:59.136000000,False
VET,5,Ferrari,3,171.821,71.182,58.436,42.203,MEDIUM,1,3,13,4,False,None,None,True,2346.109,2020-09-27T11:19:06.163000000,False
VET,5,Ferrari,4,172.181,69.161,57.905,45.115,MEDIUM,1,4,13,4,False,None,None,True,2517.898,2020-09-27T11:21:57.952000000,False
VET,5,Ferrari,5,162.973,63.769,53.391,45.813,MEDIUM,1,5,13,41,False,None,None,True,2690.101,2020-09-27T11:24:50.155000000,False
VET,5,Ferrari,6,104.022,36.792,36.329,30.901,MEDIUM,1,6,13,1,True,None,None,True,2853.026,2020-09-27T11:27:33.080000000,True
VET,5,Ferrari,7,103.788,36.901,36.145,30.742,MEDIUM,1,7,13,1,True,None,None,True,2957.048,2020-09-27T11:29:17.102000000,True
VET,5,Ferrari,8,103.393,36.566,35.951,30.876,MEDIUM,1,8,13,1,True,None,None,True,3060.836,2020-09-27T11:31:00.890000000,True
VET,5,Ferrari,9,103.518,36.832,35.695,30.991,MEDIUM,1,9,13,1,False,None,None,True,3164.229,2020-09-27T11:32:44.283000000,True
VET,5,Ferrari,10,103.524,36.346,36.066,31.112,MEDIUM,1,10,13,1,False,None,None,True,3267.747,2020-09-27T11:34:27.801000000,True
VET,5,Ferrari,11,102.867,36.334,35.536,30.997,MEDIUM,1,11,13,1,True,None,None,True,3371.271,2020-09-27T11:36:11.325000000,True
VET,5,Ferrari,12,102.947,36.542,35.57,30.835,MEDIUM,1,12,13,1,False,None,None,True,3474.138,2020-09-27T11:37:54.192000000,True
VET,5,Ferrari,13,102.805,36.288,35.516,31.001,MEDIUM,1,13,13,1,True,None,None,True,3577.085,2020-09-27T11:39:37.139000000,True
VET,5,Ferrari,14,103.166,36.521,35.616,31.029,MEDIUM,1,14,13,1,False,None,None,True,3679.89,2020-09-27T11:41:19.944000000,True
VET,5,Ferrari,15,102.573,36.288,35.258,31.027,MEDIUM,1,15,13,1,True,None,None,True,3783.056,2020-09-27T11:43:03.110000000,True
VET,5,Ferrari,16,102.364,36.616,35.264,30.484,MEDIUM,1,16,11,1,True,None,None,True,3885.629,2020-09-27T11:44:45.683000000,True
VET,5,Ferrari,17,101.893,36.318,35.081,30.494,MEDIUM,1,17,9,1,True,None,None,True,3987.993,2020-09-27T11:46:28.047000000,True
VET,5,Ferrari,18,101.217,36.338,34.924,29.955,MEDIUM,1,18,9,1,True,None,None,True,4089.886,2020-09-27T11:48:09.940000000,True
VET,5,Ferrari,19,102.989,37.279,35.421,30.289,MEDIUM,1,19,8,1,False,None,None,True,4191.103,2020-09-27T11:49:51.157000000,True
VET,5,Ferrari,20,101.37,36.096,35.093,30.181,MEDIUM,1,20,7,1,False,None,None,True,4294.092,2020-09-27T11:51:34.146000000,True
VET,5,Ferrari,21,102.519,36.899,35.243,30.377,MEDIUM,1,21,7,1,False,None,None,True,4395.462,2020-09-27T11:53:15.516000000,True
VET,5,Ferrari,22,101.326,36.246,35.093,29.987,MEDIUM,1,22,7,1,False,None,None,True,4497.981,2020-09-27T11:54:58.035000000,True
VET,5,Ferrari,23,101.478,36.409,34.888,30.181,MEDIUM,1,23,7,1,False,None,None,True,4599.307,2020-09-27T11:56:39.361000000,True
VET,5,Ferrari,24,101.288,36.301,34.872,30.115,MEDIUM,1,24,7,1,False,None,None,True,4700.785,2020-09-27T11:58:20.839000000,True
VET,5,Ferrari,25,101.575,36.402,35.048,30.125,MEDIUM,1,25,7,1,False,None,None,True,4802.073,2020-09-27T12:00:02.127000000,True
VET,5,Ferrari,26,101.409,36.432,34.89,30.087,MEDIUM,1,26,7,1,False,None,None,True,4903.648,2020-09-27T12:01:43.702000000,True
VET,5,Ferrari,27,104.22,37.54,35.33,31.35,MEDIUM,1,27,8,1,False,None,None,True,5005.057,2020-09-27T12:03:25.111000000,True
VET,5,Ferrari,28,103.088,37.119,35.356,30.613,MEDIUM,1,28,9,1,False,None,None,True,5109.277,2020-09-27T12:05:09.331000000,True
VET,5,Ferrari,29,102.312,36.312,35.544,30.456,MEDIUM,1,29,9,1,False,None,None,True,5212.365,2020-09-27T12:06:52.419000000,True
VET,5,Ferrari,30,106.978,36.231,35.561,35.186,MEDIUM,1,30,11,1,False,None,5413.669,True,5314.677,2020-09-27T12:08:34.731000000,False
VET,5,Ferrari,31,120.843,56.544,34.599,29.7,HARD,2,1,16,1,False,5443.011,None,True,5421.655,2020-09-27T12:10:21.709000000,False
VET,5,Ferrari,32,100.03,35.898,34.544,29.588,HARD,2,2,16,1,True,None,None,True,5542.498,2020-09-27T12:12:22.552000000,True
VET,5,Ferrari,33,100.062,35.964,34.626,29.472,HARD,2,3,16,1,False,None,None,True,5642.528,2020-09-27T12:14:02.582000000,True
VET,5,Ferrari,34,100.096,35.979,34.47,29.647,HARD,2,4,16,1,False,None,None,True,5742.59,2020-09-27T12:15:42.644000000,True
VET,5,Ferrari,35,100.412,35.957,34.717,29.738,HARD,2,5,16,1,False,None,None,True,5842.686,2020-09-27T12:17:22.740000000,True
VET,5,Ferrari,36,100.319,35.895,34.805,29.619,HARD,2,6,15,1,False,None,None,True,5943.098,2020-09-27T12:19:03.152000000,True
VET,5,Ferrari,37,100.487,35.846,34.673,29.968,HARD,2,7,15,1,False,None,None,True,6043.417,2020-09-27T12:20:43.471000000,True
VET,5,Ferrari,38,100.581,36.067,34.704,29.81,HARD,2,8,15,1,False,None,None,True,6143.904,2020-09-27T12:22:23.958000000,True
VET,5,Ferrari,39,100.942,36.01,34.817,30.115,HARD,2,9,15,1,False,None,None,True,6244.485,2020-09-27T12:24:04.539000000,True
VET,5,Ferrari,40,102.12,36.094,35.158,30.868,HARD,2,10,15,1,False,None,None,True,6345.427,2020-09-27T12:25:45.481000000,True
VET,5,Ferrari,41,102.145,37.301,35.123,29.721,HARD,2,11,14,1,False,None,None,True,6447.547,2020-09-27T12:27:27.601000000,True
VET,5,Ferrari,42,112.694,35.849,45.884,30.961,HARD,2,12,14,167,False,None,None,True,6549.692,2020-09-27T12:29:09.746000000,False
VET,5,Ferrari,43,99.658,35.852,34.397,29.409,HARD,2,13,14,1,True,None,None,True,6662.386,2020-09-27T12:31:02.440000000,True
VET,5,Ferrari,44,99.695,35.761,34.421,29.513,HARD,2,14,14,1,False,None,None,True,6762.044,2020-09-27T12:32:42.098000000,True
VET,5,Ferrari,45,99.768,35.805,34.415,29.548,HARD,2,15,14,1,False,None,None,True,6861.739,2020-09-27T12:34:21.793000000,True
VET,5,Ferrari,46,99.588,35.654,34.403,29.531,HARD,2,16,14,1,True,None,None,True,6961.507,2020-09-27T12:36:01.561000000,True
VET,5,Ferrari,47,99.665,35.756,34.385,29.524,HARD,2,17,13,1,False,None,None,True,7061.095,2020-09-27T12:37:41.149000000,True
VET,5,Ferrari,48,103.044,35.901,36.179,30.964,HARD,2,18,13,1,False,None,None,True,7160.76,2020-09-27T12:39:20.814000000,True
VET,5,Ferrari,49,101.74,36.026,34.873,30.841,HARD,2,19,13,1,False,None,None,True,7263.804,2020-09-27T12:41:03.858000000,True
VET,5,Ferrari,50,102.569,35.95,36.267,30.352,HARD,2,20,13,1,False,None,None,True,7365.544,2020-09-27T12:42:45.598000000,True
VET,5,Ferrari,51,100.518,35.754,34.711,30.053,HARD,2,21,13,1,False,None,None,True,7468.113,2020-09-27T12:44:28.167000000,True
VET,5,Ferrari,52,100.393,35.807,34.569,30.017,HARD,2,22,13,1,False,None,None,True,7568.631,2020-09-27T12:46:08.685000000,True
