Time,Category,Message,Status,Flag,Scope,Sector,RacingNumber,Lap,Year,RoundNumber
2019-03-17 04:40:04,Other,PIT EXIT CLOSED,,,,,,,2019,1
2019-03-17 04:55:05,Other,RISK OF RAIN FOR THIS SESSION IS 0%,,,,,,1.0,2019,1
2019-03-17 05:07:04,Drs,DRS DISABLED,DISABLED,,,,,1.0,2019,1
2019-03-17 05:13:33,Flag,GREEN LIGHT - PIT EXIT OPEN,,GREEN,Track,,,1.0,2019,1
2019-03-17 05:14:07,Flag,YELLOW IN TRACK SECTOR 1,,YELLOW,Sector,1.0,,1.0,2019,1
2019-03-17 05:14:50,Flag,CLEAR IN TRACK SECTOR 1,,CLEAR,Sector,1.0,,1.0,2019,1
2019-03-17 05:16:24,Drs,DRS ENABLED,ENABLED,,,,,2.0,2019,1
2019-03-17 05:27:32,Flag,WAVED BLUE FLAG FOR CAR 88 (KUB) TIMED AT 16:27:32,,BLUE,Driver,,88,10.0,2019,1
2019-03-17 05:28:13,Flag,WAVED BLUE FLAG FOR CAR 88 (KUB) TIMED AT 16:28:13,,BLUE,Driver,,88,10.0,2019,1
2019-03-17 05:29:02,Flag,WAVED BLUE FLAG FOR CAR 88 (KUB) TIMED AT 16:29:01,,BLUE,Driver,,88,11.0,2019,1
2019-03-17 05:29:16,Other,CAR 55 (SAI) STOPPED AT PIT ENTRY,,,,,,11.0,2019,1
2019-03-17 05:29:19,Flag,WAVED BLUE FLAG FOR CAR 88 (KUB) TIMED AT 16:29:18,,BLUE,Driver,,88,11.0,2019,1
2019-03-17 05:31:42,Flag,WAVED BLUE FLAG FOR CAR 88 (KUB) TIMED AT 16:31:41,,BLUE,Driver,,88,13.0,2019,1
2019-03-17 05:34:26,Flag,WAVED BLUE FLAG FOR CAR 88 (KUB) TIMED AT 16:34:25,,BLUE,Driver,,88,15.0,2019,1
2019-03-17 05:35:25,Flag,WAVED BLUE FLAG FOR CAR 88 (KUB) TIMED AT 16:35:24,,BLUE,Driver,,88,15.0,2019,1
2019-03-17 05:35:54,Flag,WAVED BLUE FLAG FOR CAR 88 (KUB) TIMED AT 16:35:54,,BLUE,Driver,,88,16.0,2019,1
2019-03-17 05:38:50,Flag,WAVED BLUE FLAG FOR CAR 3 (RIC) TIMED AT 16:38:50,,BLUE,Driver,,3,18.0,2019,1
2019-03-17 05:39:25,Flag,WAVED BLUE FLAG FOR CAR 88 (KUB) TIMED AT 16:39:24,,BLUE,Driver,,88,18.0,2019,1
2019-03-17 05:44:37,Flag,WAVED BLUE FLAG FOR CAR 88 (KUB) TIMED AT 16:44:36,,BLUE,Driver,,88,21.0,2019,1
2019-03-17 05:44:57,Flag,WAVED BLUE FLAG FOR CAR 88 (KUB) TIMED AT 16:44:57,,BLUE,Driver,,88,22.0,2019,1
2019-03-17 05:45:06,Flag,WAVED BLUE FLAG FOR CAR 63 (RUS) TIMED AT 16:45:05,,BLUE,Driver,,63,22.0,2019,1
2019-03-17 05:45:28,Flag,WAVED BLUE FLAG FOR CAR 88 (KUB) TIMED AT 16:45:28,,BLUE,Driver,,88,22.0,2019,1
2019-03-17 05:47:07,Flag,WAVED BLUE FLAG FOR CAR 88 (KUB) TIMED AT 16:47:06,,BLUE,Driver,,88,23.0,2019,1
2019-03-17 05:47:44,Flag,WAVED BLUE FLAG FOR CAR 88 (KUB) TIMED AT 16:47:44,,BLUE,Driver,,88,23.0,2019,1
2019-03-17 05:53:23,Flag,WAVED BLUE FLAG FOR CAR 3 (RIC) TIMED AT 16:53:22,,BLUE,Driver,,3,27.0,2019,1
2019-03-17 05:58:04,Flag,WAVED BLUE FLAG FOR CAR 88 (KUB) TIMED AT 16:58:04,,BLUE,Driver,,88,30.0,2019,1
2019-03-17 05:59:16,Flag,YELLOW IN TRACK SECTOR 19,,YELLOW,Sector,19.0,,31.0,2019,1
2019-03-17 05:59:24,Flag,CLEAR IN TRACK SECTOR 19,,CLEAR,Sector,19.0,,31.0,2019,1
2019-03-17 05:59:52,CarEvent,CAR 8 (GRO) STOPPED AT TURN 15,,,,,8,32.0,2019,1
2019-03-17 06:01:25,Flag,WAVED BLUE FLAG FOR CAR 99 (GIO) TIMED AT 17:01:25,,BLUE,Driver,,99,33.0,2019,1
2019-03-17 06:02:07,Flag,WAVED BLUE FLAG FOR CAR 63 (RUS) TIMED AT 17:02:06,,BLUE,Driver,,63,33.0,2019,1
2019-03-17 06:04:48,Flag,WAVED BLUE FLAG FOR CAR 88 (KUB) TIMED AT 17:04:47,,BLUE,Driver,,88,35.0,2019,1
2019-03-17 06:05:06,Flag,WAVED BLUE FLAG FOR CAR 23 (ALB) TIMED AT 17:05:05,,BLUE,Driver,,23,35.0,2019,1
2019-03-17 06:05:14,Flag,WAVED BLUE FLAG FOR CAR 99 (GIO) TIMED AT 17:05:14,,BLUE,Driver,,99,35.0,2019,1
2019-03-17 06:08:42,CarEvent,CAR 26 (KVY) OFF TRACK AND CONTINUED AT TURN 3,,,,,26,38.0,2019,1
2019-03-17 06:09:51,Flag,WAVED BLUE FLAG FOR CAR 11 (PER) TIMED AT 17:09:51,,BLUE,Driver,,11,38.0,2019,1
2019-03-17 06:15:32,Flag,WAVED BLUE FLAG FOR CAR 4 (NOR) TIMED AT 17:15:32,,BLUE,Driver,,4,42.0,2019,1
2019-03-17 06:15:41,Flag,WAVED BLUE FLAG FOR CAR 99 (GIO) TIMED AT 17:15:41,,BLUE,Driver,,99,43.0,2019,1
2019-03-17 06:17:23,Flag,WAVED BLUE FLAG FOR CAR 63 (RUS) TIMED AT 17:17:22,,BLUE,Driver,,63,44.0,2019,1
2019-03-17 06:19:05,Flag,WAVED BLUE FLAG FOR CAR 63 (RUS) TIMED AT 17:19:05,,BLUE,Driver,,63,45.0,2019,1
2019-03-17 06:22:20,Flag,WAVED BLUE FLAG FOR CAR 88 (KUB) TIMED AT 17:22:20,,BLUE,Driver,,88,47.0,2019,1
2019-03-17 06:24:03,Flag,WAVED BLUE FLAG FOR CAR 88 (KUB) TIMED AT 17:24:03,,BLUE,Driver,,88,48.0,2019,1
2019-03-17 06:24:21,Flag,WAVED BLUE FLAG FOR CAR 88 (KUB) TIMED AT 17:24:20,,BLUE,Driver,,88,48.0,2019,1
2019-03-17 06:26:17,Flag,WAVED BLUE FLAG FOR CAR 23 (ALB) TIMED AT 17:26:16,,BLUE,Driver,,23,50.0,2019,1
2019-03-17 06:27:21,Flag,WAVED BLUE FLAG FOR CAR 23 (ALB) TIMED AT 17:27:21,,BLUE,Driver,,23,51.0,2019,1
2019-03-17 06:27:31,Flag,WAVED BLUE FLAG FOR CAR 88 (KUB) TIMED AT 17:27:31,,BLUE,Driver,,88,51.0,2019,1
2019-03-17 06:27:48,Flag,WAVED BLUE FLAG FOR CAR 10 (GAS) TIMED AT 17:27:47,,BLUE,Driver,,10,51.0,2019,1
2019-03-17 06:28:34,Flag,WAVED BLUE FLAG FOR CAR 88 (KUB) TIMED AT 17:28:34,,BLUE,Driver,,88,51.0,2019,1
2019-03-17 06:29:07,Flag,WAVED BLUE FLAG FOR CAR 26 (KVY) TIMED AT 17:29:06,,BLUE,Driver,,26,52.0,2019,1
2019-03-17 06:29:32,Flag,WAVED BLUE FLAG FOR CAR 63 (RUS) TIMED AT 17:29:32,,BLUE,Driver,,63,52.0,2019,1
2019-03-17 06:29:46,Flag,WAVED BLUE FLAG FOR CAR 11 (PER) TIMED AT 17:29:46,,BLUE,Driver,,11,52.0,2019,1
2019-03-17 06:29:57,Flag,WAVED BLUE FLAG FOR CAR 63 (RUS) TIMED AT 17:29:57,,BLUE,Driver,,63,52.0,2019,1
2019-03-17 06:30:05,Flag,WAVED BLUE FLAG FOR CAR 4 (NOR) TIMED AT 17:30:05,,BLUE,Driver,,4,52.0,2019,1
2019-03-17 06:30:20,Flag,WAVED BLUE FLAG FOR CAR 26 (KVY) TIMED AT 17:30:19,,BLUE,Driver,,26,53.0,2019,1
2019-03-17 06:30:20,Flag,WAVED BLUE FLAG FOR CAR 11 (PER) TIMED AT 17:30:20,,BLUE,Driver,,11,53.0,2019,1
2019-03-17 06:30:45,Flag,WAVED BLUE FLAG FOR CAR 4 (NOR) TIMED AT 17:30:45,,BLUE,Driver,,4,53.0,2019,1
2019-03-17 06:32:07,Flag,WAVED BLUE FLAG FOR CAR 18 (STR) TIMED AT 17:32:07,,BLUE,Driver,,18,54.0,2019,1
2019-03-17 06:32:33,Flag,WAVED BLUE FLAG FOR CAR 88 (KUB) TIMED AT 17:32:32,,BLUE,Driver,,88,54.0,2019,1
2019-03-17 06:33:44,Flag,WAVED BLUE FLAG FOR CAR 7 (RAI) TIMED AT 17:33:44,,BLUE,Driver,,7,55.0,2019,1
2019-03-17 06:34:32,Flag,WAVED BLUE FLAG FOR CAR 27 (HUL) TIMED AT 17:34:32,,BLUE,Driver,,27,55.0,2019,1
2019-03-17 06:35:10,Flag,WAVED BLUE FLAG FOR CAR 63 (RUS) TIMED AT 17:35:09,,BLUE,Driver,,63,56.0,2019,1
2019-03-17 06:39:00,Flag,CHEQUERED FLAG,,CHEQUERED,Track,,,58.0,2019,1
2019-03-31 14:41:23,Flag,DOUBLE YELLOW IN TRACK SECTOR 15,,DOUBLE YELLOW,Sector,15.0,,1.0,2019,2
2019-03-31 14:41:47,Flag,CLEAR IN TRACK SECTOR 15,,CLEAR,Sector,15.0,,1.0,2019,2
2019-03-31 14:55:01,Other,RISK OF RAIN FOR THIS SESSION IS 10%,,,,,,1.0,2019,2
2019-03-31 14:55:31,Other,AIR TEMPERATURE 15 MINS BEFORE THE RACE = 26 DEGREES,,,,,,1.0,2019,2
2019-03-31 15:07:04,Drs,DRS DISABLED,DISABLED,,,,,1.0,2019,2
2019-03-31 15:13:31,Flag,GREEN LIGHT - PIT EXIT OPEN,,GREEN,Track,,,1.0,2019,2
2019-03-31 15:14:14,Flag,YELLOW IN TRACK SECTOR 6,,YELLOW,Sector,6.0,,1.0,2019,2
2019-03-31 15:14:15,Flag,CLEAR IN TRACK SECTOR 6,,CLEAR,Sector,6.0,,1.0,2019,2
2019-03-31 15:14:21,Flag,YELLOW IN TRACK SECTOR 6,,YELLOW,Sector,6.0,,1.0,2019,2
2019-03-31 15:14:23,Flag,CLEAR IN TRACK SECTOR 6,,CLEAR,Sector,6.0,,1.0,2019,2
2019-03-31 15:14:42,Flag,DOUBLE YELLOW IN TRACK SECTOR 3,,DOUBLE YELLOW,Sector,3.0,,1.0,2019,2
2019-03-31 15:14:48,Flag,CLEAR IN TRACK SECTOR 3,,CLEAR,Sector,3.0,,1.0,2019,2
2019-03-31 15:14:57,Flag,DOUBLE YELLOW IN TRACK SECTOR 9,,DOUBLE YELLOW,Sector,9.0,,1.0,2019,2
2019-03-31 15:15:06,Flag,YELLOW IN TRACK SECTOR 8,,YELLOW,Sector,8.0,,1.0,2019,2
2019-03-31 15:15:10,Flag,CLEAR IN TRACK SECTOR 9,,CLEAR,Sector,9.0,,2.0,2019,2
2019-03-31 15:15:16,Flag,CLEAR IN TRACK SECTOR 8,,CLEAR,Sector,8.0,,2.0,2019,2
2019-03-31 15:16:01,Flag,DOUBLE YELLOW IN TRACK SECTOR 16,,DOUBLE YELLOW,Sector,16.0,,2.0,2019,2
2019-03-31 15:16:05,Flag,CLEAR IN TRACK SECTOR 16,,CLEAR,Sector,16.0,,2.0,2019,2
2019-03-31 15:16:42,Drs,DRS ENABLED,ENABLED,,,,,2.0,2019,2
2019-03-31 15:19:02,Flag,DOUBLE YELLOW IN TRACK SECTOR 2,,DOUBLE YELLOW,Sector,2.0,,4.0,2019,2
2019-03-31 15:19:08,Flag,YELLOW IN TRACK SECTOR 1,,YELLOW,Sector,1.0,,4.0,2019,2
2019-03-31 15:19:09,Flag,YELLOW IN TRACK SECTOR 6,,YELLOW,Sector,6.0,,4.0,2019,2
2019-03-31 15:19:11,Flag,CLEAR IN TRACK SECTOR 6,,CLEAR,Sector,6.0,,4.0,2019,2
2019-03-31 15:19:16,Flag,CLEAR IN TRACK SECTOR 2,,CLEAR,Sector,2.0,,4.0,2019,2
2019-03-31 15:19:17,Flag,CLEAR IN TRACK SECTOR 1,,CLEAR,Sector,1.0,,4.0,2019,2
2019-03-31 15:21:31,Other,"LAP 1, TURN 2 INCIDENT INVOLVING CARS 8 (GRO) AND 18 (STR) NOTED",,,,,,5.0,2019,2
2019-03-31 15:22:30,Flag,DOUBLE YELLOW IN TRACK SECTOR 3,,DOUBLE YELLOW,Sector,3.0,,6.0,2019,2
2019-03-31 15:22:37,Flag,CLEAR IN TRACK SECTOR 3,,CLEAR,Sector,3.0,,6.0,2019,2
2019-03-31 15:27:17,Other,TURN 4 INCIDENT INVOLVING CARS 33 (VER) AND 55 (SAI) UNDER INVESTIGATION,,,,,,9.0,2019,2
2019-03-31 15:28:54,Other,TURN 2 INCIDENT INVOLVING CARS 8 (GRO) AND 18 (STR) - NO INVESTIGATION NECESSARY,,,,,,10.0,2019,2
2019-03-31 15:31:00,Other,TURN 4 INCIDENT INVOLVING CARS 33 (VER) AND 55 (SAI) - NO FURTHER ACTION,,,,,,11.0,2019,2
2019-03-31 15:33:00,Flag,DOUBLE YELLOW IN TRACK SECTOR 11,,DOUBLE YELLOW,Sector,11.0,,13.0,2019,2
2019-03-31 15:33:00,Flag,YELLOW IN TRACK SECTOR 11,,YELLOW,Sector,11.0,,13.0,2019,2
2019-03-31 15:33:01,Flag,YELLOW IN TRACK SECTOR 12,,YELLOW,Sector,12.0,,13.0,2019,2
2019-03-31 15:33:07,Flag,CLEAR IN TRACK SECTOR 11,,CLEAR,Sector,11.0,,13.0,2019,2
2019-03-31 15:33:09,Flag,CLEAR IN TRACK SECTOR 12,,CLEAR,Sector,12.0,,13.0,2019,2
2019-03-31 15:33:17,CarEvent,CAR 26 (KVY) SPUN AND CONTINUED AT TURN 11,,,,,26,13.0,2019,2
2019-03-31 15:37:23,Other,TURN 11 INCIDENT INVOLVING CARS 26 (KVY) AND 99 (GIO) UNDER INVESTIGATION,,,,,,15.0,2019,2
2019-03-31 15:41:57,Other,5 SECOND TIME PENALTY FOR CAR 26 (KVY) - SPEEDING IN THE PIT LANE,,,,,,18.0,2019,2
2019-03-31 15:45:12,Other,TURN 12 INCIDENT INVOLVING CARS 26 (KVY) AND 99 (GIO) - NO FURTHER ACTION,,,,,,20.0,2019,2
2019-03-31 15:52:30,Flag,WAVED BLUE FLAG FOR CAR 55 (SAI) TIMED AT 18:52:29,,BLUE,Driver,,55,24.0,2019,2
2019-03-31 15:53:00,Flag,WAVED BLUE FLAG FOR CAR 18 (STR) TIMED AT 18:53:00,,BLUE,Driver,,18,25.0,2019,2
2019-03-31 15:56:56,Flag,WAVED BLUE FLAG FOR CAR 88 (KUB) TIMED AT 18:56:56,,BLUE,Driver,,88,27.0,2019,2
2019-03-31 15:57:47,Flag,WAVED BLUE FLAG FOR CAR 63 (RUS) TIMED AT 18:57:47,,BLUE,Driver,,63,28.0,2019,2
2019-03-31 16:04:28,Flag,WAVED BLUE FLAG FOR CAR 18 (STR) TIMED AT 19:04:28,,BLUE,Driver,,18,32.0,2019,2
2019-03-31 16:09:22,Flag,WAVED BLUE FLAG FOR CAR 55 (SAI) TIMED AT 19:09:21,,BLUE,Driver,,55,35.0,2019,2
2019-03-31 16:09:59,Flag,WAVED BLUE FLAG FOR CAR 18 (STR) TIMED AT 19:09:59,,BLUE,Driver,,18,35.0,2019,2
2019-03-31 16:10:26,Flag,WAVED BLUE FLAG FOR CAR 63 (RUS) TIMED AT 19:10:26,,BLUE,Driver,,63,36.0,2019,2
2019-03-31 16:14:27,Flag,YELLOW IN TRACK SECTOR 3,,YELLOW,Sector,3.0,,38.0,2019,2
2019-03-31 16:14:29,Flag,YELLOW IN TRACK SECTOR 4,,YELLOW,Sector,4.0,,38.0,2019,2
2019-03-31 16:14:34,Flag,CLEAR IN TRACK SECTOR 3,,CLEAR,Sector,3.0,,38.0,2019,2
2019-03-31 16:14:38,Flag,CLEAR IN TRACK SECTOR 4,,CLEAR,Sector,4.0,,38.0,2019,2
2019-03-31 16:14:46,CarEvent,CAR 5 (VET) SPUN AND CONTINUED AT TURN 4,,,,,5,38.0,2019,2
2019-03-31 16:14:53,Flag,WAVED BLUE FLAG FOR CAR 18 (STR) TIMED AT 19:14:53,,BLUE,Driver,,18,38.0,2019,2
2019-03-31 16:15:05,Flag,WAVED BLUE FLAG FOR CAR 88 (KUB) TIMED AT 19:15:05,,BLUE,Driver,,88,38.0,2019,2
2019-03-31 16:15:10,Flag,WAVED BLUE FLAG FOR CAR 63 (RUS) TIMED AT 19:15:10,,BLUE,Driver,,63,38.0,2019,2
2019-03-31 16:15:14,Flag,WAVED BLUE FLAG FOR CAR 55 (SAI) TIMED AT 19:15:13,,BLUE,Driver,,55,38.0,2019,2
2019-03-31 16:16:28,Flag,WAVED BLUE FLAG FOR CAR 88 (KUB) TIMED AT 19:16:28,,BLUE,Driver,,88,39.0,2019,2
2019-03-31 16:18:46,Flag,DOUBLE YELLOW IN TRACK SECTOR 10,,DOUBLE YELLOW,Sector,10.0,,41.0,2019,2
2019-03-31 16:18:55,Flag,CLEAR IN TRACK SECTOR 10,,CLEAR,Sector,10.0,,41.0,2019,2
2019-03-31 16:20:03,Flag,WAVED BLUE FLAG FOR CAR 55 (SAI) TIMED AT 19:20:02,,BLUE,Driver,,55,41.0,2019,2
2019-03-31 16:20:25,Flag,WAVED BLUE FLAG FOR CAR 99 (GIO) TIMED AT 19:20:24,,BLUE,Driver,,99,42.0,2019,2
2019-03-31 16:20:48,Flag,WAVED BLUE FLAG FOR CAR 63 (RUS) TIMED AT 19:20:47,,BLUE,Driver,,63,42.0,2019,2
2019-03-31 16:22:50,Flag,DOUBLE YELLOW IN TRACK SECTOR 8,,DOUBLE YELLOW,Sector,8.0,,43.0,2019,2
2019-03-31 16:22:53,Flag,WAVED BLUE FLAG FOR CAR 63 (RUS) TIMED AT 19:22:53,,BLUE,Driver,,63,43.0,2019,2
2019-03-31 16:22:54,Flag,WAVED BLUE FLAG FOR CAR 18 (STR) TIMED AT 19:22:54,,BLUE,Driver,,18,43.0,2019,2
2019-03-31 16:22:58,Flag,CLEAR IN TRACK SECTOR 8,,CLEAR,Sector,8.0,,43.0,2019,2
2019-03-31 16:25:16,Flag,WAVED BLUE FLAG FOR CAR 11 (PER) TIMED AT 19:25:16,,BLUE,Driver,,11,45.0,2019,2
2019-03-31 16:26:08,Flag,WAVED BLUE FLAG FOR CAR 18 (STR) TIMED AT 19:26:08,,BLUE,Driver,,18,45.0,2019,2
2019-03-31 16:28:13,Flag,WAVED BLUE FLAG FOR CAR 11 (PER) TIMED AT 19:28:13,,BLUE,Driver,,11,47.0,2019,2
2019-03-31 16:28:18,Flag,WAVED BLUE FLAG FOR CAR 88 (KUB) TIMED AT 19:28:17,,BLUE,Driver,,88,47.0,2019,2
2019-03-31 16:28:49,Flag,WAVED BLUE FLAG FOR CAR 88 (KUB) TIMED AT 19:28:49,,BLUE,Driver,,88,47.0,2019,2
2019-03-31 16:30:07,Flag,WAVED BLUE FLAG FOR CAR 88 (KUB) TIMED AT 19:30:06,,BLUE,Driver,,88,48.0,2019,2
2019-03-31 16:30:44,Flag,WAVED BLUE FLAG FOR CAR 88 (KUB) TIMED AT 19:30:43,,BLUE,Driver,,88,48.0,2019,2
2019-03-31 16:31:57,Flag,WAVED BLUE FLAG FOR CAR 99 (GIO) TIMED AT 19:31:56,,BLUE,Driver,,99,49.0,2019,2
2019-03-31 16:32:19,Flag,WAVED BLUE FLAG FOR CAR 88 (KUB) TIMED AT 19:32:18,,BLUE,Driver,,88,49.0,2019,2
2019-03-31 16:34:40,Flag,WAVED BLUE FLAG FOR CAR 26 (KVY) TIMED AT 19:34:39,,BLUE,Driver,,26,50.0,2019,2
2019-03-31 16:35:53,Flag,WAVED BLUE FLAG FOR CAR 63 (RUS) TIMED AT 19:35:52,,BLUE,Driver,,63,51.0,2019,2
2019-03-31 16:37:21,Flag,WAVED BLUE FLAG FOR CAR 99 (GIO) TIMED AT 19:37:20,,BLUE,Driver,,99,52.0,2019,2
2019-03-31 16:37:26,Flag,WAVED BLUE FLAG FOR CAR 63 (RUS) TIMED AT 19:37:25,,BLUE,Driver,,63,52.0,2019,2
2019-03-31 16:37:38,Flag,WAVED BLUE FLAG FOR CAR 88 (KUB) TIMED AT 19:37:37,,BLUE,Driver,,88,52.0,2019,2
2019-03-31 16:38:18,Flag,WAVED BLUE FLAG FOR CAR 20 (MAG) TIMED AT 19:38:18,,BLUE,Driver,,20,53.0,2019,2
2019-03-31 16:38:23,Flag,WAVED BLUE FLAG FOR CAR 99 (GIO) TIMED AT 19:38:22,,BLUE,Driver,,99,53.0,2019,2
2019-03-31 16:38:25,Flag,WAVED BLUE FLAG FOR CAR 88 (KUB) TIMED AT 19:38:24,,BLUE,Driver,,88,53.0,2019,2
2019-03-31 16:39:20,Flag,WAVED BLUE FLAG FOR CAR 63 (RUS) TIMED AT 19:39:19,,BLUE,Driver,,63,53.0,2019,2
2019-03-31 16:40:07,Flag,WAVED BLUE FLAG FOR CAR 88 (KUB) TIMED AT 19:40:07,,BLUE,Driver,,88,54.0,2019,2
2019-03-31 16:40:25,Flag,WAVED BLUE FLAG FOR CAR 63 (RUS) TIMED AT 19:40:25,,BLUE,Driver,,63,54.0,2019,2
2019-03-31 16:40:25,Flag,WAVED BLUE FLAG FOR CAR 88 (KUB) TIMED AT 19:40:25,,BLUE,Driver,,88,54.0,2019,2
2019-03-31 16:40:47,Flag,YELLOW IN TRACK SECTOR 1,,YELLOW,Sector,1.0,,54.0,2019,2
2019-03-31 16:41:36,Flag,DOUBLE YELLOW IN TRACK SECTOR 1,,DOUBLE YELLOW,Sector,1.0,,55.0,2019,2
2019-03-31 16:41:58,Flag,WAVED BLUE FLAG FOR CAR 55 (SAI) TIMED AT 19:41:57,,BLUE,Driver,,55,55.0,2019,2
2019-03-31 16:42:12,Flag,DOUBLE YELLOW IN TRACK SECTOR 2,,DOUBLE YELLOW,Sector,2.0,,55.0,2019,2
2019-03-31 16:42:14,Flag,YELLOW IN TRACK SECTOR 2,,YELLOW,Sector,2.0,,55.0,2019,2
2019-03-31 16:42:15,SafetyCar,SAFETY CAR DEPLOYED,DEPLOYED,,,,,55.0,2019,2
2019-03-31 16:45:10,Flag,CLEAR IN TRACK SECTOR 1,,CLEAR,Sector,1.0,,56.0,2019,2
2019-03-31 16:45:50,Flag,CLEAR IN TRACK SECTOR 2,,CLEAR,Sector,2.0,,57.0,2019,2
2019-03-31 16:47:50,Flag,CHEQUERED FLAG,,CHEQUERED,Track,,,57.0,2019,2
2019-03-31 16:51:04,Flag,TRACK CLEAR,,CLEAR,Track,,,57.0,2019,2
2019-03-31 16:52:03,Other,INCIDENT INVOLVING CAR 3 (RIC) UNDER INVESTIGATION - FAILURE TO RE-ATTACH STEERING WHEEL AFTER LEAVING CAR,,,,,,57.0,2019,2
2019-04-14 05:55:00,Other,AIR TEMPERATURE 15 MINS BEFORE THE RACE  = 19 DEGREES,,,,,,1.0,2019,3
2019-04-14 05:55:09,Other,RISK OF RAIN FOR THIS SESSION IS 40%,,,,,,1.0,2019,3
2019-04-14 06:07:14,Drs,DRS DISABLED,DISABLED,,,,,1.0,2019,3
2019-04-14 06:13:29,Flag,GREEN LIGHT - PIT EXIT OPEN,,GREEN,Track,,,1.0,2019,3
2019-04-14 06:14:18,Flag,YELLOW IN TRACK SECTOR 7,,YELLOW,Sector,7.0,,1.0,2019,3
2019-04-14 06:14:23,Flag,CLEAR IN TRACK SECTOR 7,,CLEAR,Sector,7.0,,1.0,2019,3
2019-04-14 06:14:54,SafetyCar,VIRTUAL SAFETY CAR DEPLOYED,DEPLOYED,,,,,1.0,2019,3
2019-04-14 06:15:45,SafetyCar,VIRTUAL SAFETY CAR ENDING,ENDING,,,,,2.0,2019,3
2019-04-14 06:15:58,Flag,TRACK CLEAR,,CLEAR,Track,,,2.0,2019,3
2019-04-14 06:17:04,Drs,DRS ENABLED,ENABLED,,,,,2.0,2019,3
2019-04-14 06:18:29,Other,"TURN 6 INCIDENT INVOLVING CARS 4 (NOR), 55 (SAI) AND 26 (KVY) NOTED",,,,,,3.0,2019,3
2019-04-14 06:20:49,Other,"TURN 6 INCIDENT INVOLVING CARS 4 (NOR), 26 (KVY) AND 55 (SAI) UNDER INVESTIGATION - CAUSING A COLLISION",,,,,,5.0,2019,3
2019-04-14 06:23:13,Other,DRIVE THROUGH PENALTY FOR CAR 26 (KVY) - CAUSING A COLLISION,,,,,,6.0,2019,3
2019-04-14 06:42:34,Flag,WAVED BLUE FLAG FOR CAR 4 (NOR) TIMED AT 14:42:34,,BLUE,Driver,,4,18.0,2019,3
2019-04-14 06:44:37,Flag,WAVED BLUE FLAG FOR CAR 4 (NOR) TIMED AT 14:44:37,,BLUE,Driver,,4,19.0,2019,3
2019-04-14 06:50:47,Other,TURN 14 INCIDENT INVOLVING CARS 5 (VET) AND 33 (VER) NOTED,,,,,,23.0,2019,3
2019-04-14 06:54:04,Flag,WAVED BLUE FLAG FOR CAR 4 (NOR) TIMED AT 14:54:04,,BLUE,Driver,,4,25.0,2019,3
2019-04-14 06:56:14,Flag,WAVED BLUE FLAG FOR CAR 63 (RUS) TIMED AT 14:56:13,,BLUE,Driver,,63,26.0,2019,3
2019-04-14 06:56:18,Other,TURN 14 INCIDENT INVOLVING CARS 5 (VET) AND 33 (VER) - NO INVESTIGATION NECESSARY,,,,,,26.0,2019,3
2019-04-14 06:56:47,Flag,WAVED BLUE FLAG FOR CAR 63 (RUS) TIMED AT 14:56:47,,BLUE,Driver,,63,26.0,2019,3
2019-04-14 06:58:06,Flag,WAVED BLUE FLAG FOR CAR 88 (KUB) TIMED AT 14:58:05,,BLUE,Driver,,88,27.0,2019,3
2019-04-14 06:59:03,Flag,WAVED BLUE FLAG FOR CAR 88 (KUB) TIMED AT 14:59:03,,BLUE,Driver,,88,28.0,2019,3
2019-04-14 06:59:10,Flag,WAVED BLUE FLAG FOR CAR 88 (KUB) TIMED AT 14:59:09,,BLUE,Driver,,88,28.0,2019,3
2019-04-14 07:01:17,Flag,WAVED BLUE FLAG FOR CAR 63 (RUS) TIMED AT 15:01:16,,BLUE,Driver,,63,29.0,2019,3
2019-04-14 07:04:08,Flag,WAVED BLUE FLAG FOR CAR 63 (RUS) TIMED AT 15:04:07,,BLUE,Driver,,63,31.0,2019,3
2019-04-14 07:05:20,Flag,WAVED BLUE FLAG FOR CAR 99 (GIO) TIMED AT 15:05:20,,BLUE,Driver,,99,32.0,2019,3
2019-04-14 07:05:56,Flag,WAVED BLUE FLAG FOR CAR 4 (NOR) TIMED AT 15:05:56,,BLUE,Driver,,4,32.0,2019,3
2019-04-14 07:06:26,Flag,WAVED BLUE FLAG FOR CAR 63 (RUS) TIMED AT 15:06:25,,BLUE,Driver,,63,32.0,2019,3
2019-04-14 07:07:28,Flag,WAVED BLUE FLAG FOR CAR 55 (SAI) TIMED AT 15:07:28,,BLUE,Driver,,55,33.0,2019,3
2019-04-14 07:09:43,Flag,WAVED BLUE FLAG FOR CAR 55 (SAI) TIMED AT 15:09:43,,BLUE,Driver,,55,34.0,2019,3
2019-04-14 07:11:40,Flag,WAVED BLUE FLAG FOR CAR 99 (GIO) TIMED AT 15:11:39,,BLUE,Driver,,99,36.0,2019,3
2019-04-14 07:12:47,Flag,WAVED BLUE FLAG FOR CAR 4 (NOR) TIMED AT 15:12:46,,BLUE,Driver,,4,36.0,2019,3
2019-04-14 07:12:51,Flag,WAVED BLUE FLAG FOR CAR 63 (RUS) TIMED AT 15:12:51,,BLUE,Driver,,63,36.0,2019,3
2019-04-14 07:12:56,Flag,WAVED BLUE FLAG FOR CAR 4 (NOR) TIMED AT 15:12:56,,BLUE,Driver,,4,36.0,2019,3
2019-04-14 07:14:58,Flag,WAVED BLUE FLAG FOR CAR 99 (GIO) TIMED AT 15:14:58,,BLUE,Driver,,99,37.0,2019,3
2019-04-14 07:16:00,Flag,WAVED BLUE FLAG FOR CAR 63 (RUS) TIMED AT 15:15:59,,BLUE,Driver,,63,38.0,2019,3
2019-04-14 07:17:16,Flag,WAVED BLUE FLAG FOR CAR 20 (MAG) TIMED AT 15:17:15,,BLUE,Driver,,20,39.0,2019,3
2019-04-14 07:17:19,Flag,WAVED BLUE FLAG FOR CAR 55 (SAI) TIMED AT 15:17:18,,BLUE,Driver,,55,39.0,2019,3
2019-04-14 07:17:22,Flag,WAVED BLUE FLAG FOR CAR 4 (NOR) TIMED AT 15:17:22,,BLUE,Driver,,4,39.0,2019,3
2019-04-14 07:17:26,Flag,WAVED BLUE FLAG FOR CAR 99 (GIO) TIMED AT 15:17:25,,BLUE,Driver,,99,39.0,2019,3
2019-04-14 07:19:15,Flag,WAVED BLUE FLAG FOR CAR 88 (KUB) TIMED AT 15:19:14,,BLUE,Driver,,88,40.0,2019,3
2019-04-14 07:20:57,Flag,WAVED BLUE FLAG FOR CAR 8 (GRO) TIMED AT 15:20:57,,BLUE,Driver,,8,41.0,2019,3
2019-04-14 07:21:15,Flag,WAVED BLUE FLAG FOR CAR 4 (NOR) TIMED AT 15:21:15,,BLUE,Driver,,4,41.0,2019,3
2019-04-14 07:21:48,Flag,WAVED BLUE FLAG FOR CAR 20 (MAG) TIMED AT 15:21:47,,BLUE,Driver,,20,42.0,2019,3
2019-04-14 07:22:00,Flag,WAVED BLUE FLAG FOR CAR 4 (NOR) TIMED AT 15:22:00,,BLUE,Driver,,4,42.0,2019,3
2019-04-14 07:23:09,Flag,WAVED BLUE FLAG FOR CAR 4 (NOR) TIMED AT 15:23:09,,BLUE,Driver,,4,43.0,2019,3
2019-04-14 07:23:47,Flag,WAVED BLUE FLAG FOR CAR 20 (MAG) TIMED AT 15:23:46,,BLUE,Driver,,20,43.0,2019,3
2019-04-14 07:24:21,Flag,WAVED BLUE FLAG FOR CAR 88 (KUB) TIMED AT 15:24:21,,BLUE,Driver,,88,43.0,2019,3
2019-04-14 07:24:47,Flag,WAVED BLUE FLAG FOR CAR 88 (KUB) TIMED AT 15:24:46,,BLUE,Driver,,88,44.0,2019,3
2019-04-14 07:24:53,Flag,WAVED BLUE FLAG FOR CAR 99 (GIO) TIMED AT 15:24:52,,BLUE,Driver,,99,44.0,2019,3
2019-04-14 07:27:07,Flag,WAVED BLUE FLAG FOR CAR 18 (STR) TIMED AT 15:27:06,,BLUE,Driver,,18,45.0,2019,3
2019-04-14 07:27:14,Flag,WAVED BLUE FLAG FOR CAR 8 (GRO) TIMED AT 15:27:14,,BLUE,Driver,,8,45.0,2019,3
2019-04-14 07:28:15,Flag,WAVED BLUE FLAG FOR CAR 63 (RUS) TIMED AT 15:28:15,,BLUE,Driver,,63,46.0,2019,3
2019-04-14 07:28:24,Flag,WAVED BLUE FLAG FOR CAR 23 (ALB) TIMED AT 15:28:24,,BLUE,Driver,,23,46.0,2019,3
2019-04-14 07:29:18,Flag,WAVED BLUE FLAG FOR CAR 55 (SAI) TIMED AT 15:29:18,,BLUE,Driver,,55,46.0,2019,3
2019-04-14 07:29:45,Flag,WAVED BLUE FLAG FOR CAR 8 (GRO) TIMED AT 15:29:45,,BLUE,Driver,,8,47.0,2019,3
2019-04-14 07:31:25,Flag,WAVED BLUE FLAG FOR CAR 23 (ALB) TIMED AT 15:31:25,,BLUE,Driver,,23,48.0,2019,3
2019-04-14 07:32:00,Flag,WAVED BLUE FLAG FOR CAR 20 (MAG) TIMED AT 15:31:59,,BLUE,Driver,,20,48.0,2019,3
2019-04-14 07:32:30,Flag,WAVED BLUE FLAG FOR CAR 99 (GIO) TIMED AT 15:32:30,,BLUE,Driver,,99,48.0,2019,3
2019-04-14 07:32:47,Flag,WAVED BLUE FLAG FOR CAR 88 (KUB) TIMED AT 15:32:46,,BLUE,Driver,,88,49.0,2019,3
2019-04-14 07:33:19,Flag,WAVED BLUE FLAG FOR CAR 23 (ALB) TIMED AT 15:33:19,,BLUE,Driver,,23,49.0,2019,3
2019-04-14 07:35:11,Flag,WAVED BLUE FLAG FOR CAR 88 (KUB) TIMED AT 15:35:11,,BLUE,Driver,,88,50.0,2019,3
2019-04-14 07:36:26,Flag,WAVED BLUE FLAG FOR CAR 4 (NOR) TIMED AT 15:36:26,,BLUE,Driver,,4,51.0,2019,3
2019-04-14 07:36:48,Flag,WAVED BLUE FLAG FOR CAR 88 (KUB) TIMED AT 15:36:48,,BLUE,Driver,,88,51.0,2019,3
2019-04-14 07:37:34,Flag,WAVED BLUE FLAG FOR CAR 18 (STR) TIMED AT 15:37:33,,BLUE,Driver,,18,52.0,2019,3
2019-04-14 07:37:45,Flag,WAVED BLUE FLAG FOR CAR 7 (RAI) TIMED AT 15:37:45,,BLUE,Driver,,7,52.0,2019,3
2019-04-14 07:38:50,Flag,WAVED BLUE FLAG FOR CAR 20 (MAG) TIMED AT 15:38:50,,BLUE,Driver,,20,52.0,2019,3
2019-04-14 07:39:28,Flag,WAVED BLUE FLAG FOR CAR 11 (PER) TIMED AT 15:39:27,,BLUE,Driver,,11,53.0,2019,3
2019-04-14 07:39:45,Flag,WAVED BLUE FLAG FOR CAR 8 (GRO) TIMED AT 15:39:44,,BLUE,Driver,,8,53.0,2019,3
2019-04-14 07:40:15,Flag,WAVED BLUE FLAG FOR CAR 3 (RIC) TIMED AT 15:40:15,,BLUE,Driver,,3,53.0,2019,3
2019-04-14 07:40:21,Flag,WAVED BLUE FLAG FOR CAR 7 (RAI) TIMED AT 15:40:21,,BLUE,Driver,,7,53.0,2019,3
2019-04-14 07:40:23,Flag,WAVED BLUE FLAG FOR CAR 23 (ALB) TIMED AT 15:40:22,,BLUE,Driver,,23,53.0,2019,3
2019-04-14 07:41:18,Flag,WAVED BLUE FLAG FOR CAR 88 (KUB) TIMED AT 15:41:17,,BLUE,Driver,,88,54.0,2019,3
2019-04-14 07:41:43,Flag,WAVED BLUE FLAG FOR CAR 88 (KUB) TIMED AT 15:41:43,,BLUE,Driver,,88,54.0,2019,3
2019-04-14 07:41:58,Flag,WAVED BLUE FLAG FOR CAR 11 (PER) TIMED AT 15:41:58,,BLUE,Driver,,11,54.0,2019,3
2019-04-14 07:42:03,Flag,WAVED BLUE FLAG FOR CAR 7 (RAI) TIMED AT 15:42:03,,BLUE,Driver,,7,54.0,2019,3
2019-04-14 07:43:01,Flag,WAVED BLUE FLAG FOR CAR 88 (KUB) TIMED AT 15:43:00,,BLUE,Driver,,88,55.0,2019,3
2019-04-14 07:43:10,Flag,WAVED BLUE FLAG FOR CAR 3 (RIC) TIMED AT 15:43:10,,BLUE,Driver,,3,55.0,2019,3
2019-04-14 07:43:34,Flag,WAVED BLUE FLAG FOR CAR 8 (GRO) TIMED AT 15:43:34,,BLUE,Driver,,8,55.0,2019,3
2019-04-14 07:43:59,Flag,WAVED BLUE FLAG FOR CAR 23 (ALB) TIMED AT 15:43:59,,BLUE,Driver,,23,56.0,2019,3
2019-04-14 07:44:48,Flag,WAVED BLUE FLAG FOR CAR 11 (PER) TIMED AT 15:44:47,,BLUE,Driver,,11,56.0,2019,3
2019-04-14 07:45:34,Flag,CHEQUERED FLAG,,CHEQUERED,Track,,,56.0,2019,3
2019-04-14 07:45:38,Flag,WAVED BLUE FLAG FOR CAR 3 (RIC) TIMED AT 15:45:38,,BLUE,Driver,,3,56.0,2019,3
2019-04-28 11:41:22,Flag,DOUBLE YELLOW IN TRACK SECTOR 17,,DOUBLE YELLOW,Sector,17.0,,1.0,2019,4
2019-04-28 11:41:26,Flag,CLEAR IN TRACK SECTOR 17,,CLEAR,Sector,17.0,,1.0,2019,4
2019-04-28 11:41:30,Flag,DOUBLE YELLOW IN TRACK SECTOR 2,,DOUBLE YELLOW,Sector,2.0,,1.0,2019,4
2019-04-28 11:42:12,Flag,DOUBLE YELLOW IN TRACK SECTOR 14,,DOUBLE YELLOW,Sector,14.0,,1.0,2019,4
2019-04-28 11:42:13,Flag,DOUBLE YELLOW IN TRACK SECTOR 12,,DOUBLE YELLOW,Sector,12.0,,1.0,2019,4
2019-04-28 11:42:13,Flag,CLEAR IN TRACK SECTOR 2,,CLEAR,Sector,2.0,,1.0,2019,4
2019-04-28 11:42:23,Flag,CLEAR IN TRACK SECTOR 14,,CLEAR,Sector,14.0,,1.0,2019,4
2019-04-28 11:42:42,Flag,DOUBLE YELLOW IN TRACK SECTOR 16,,DOUBLE YELLOW,Sector,16.0,,1.0,2019,4
2019-04-28 11:42:42,Flag,CLEAR IN TRACK SECTOR 12,,CLEAR,Sector,12.0,,1.0,2019,4
2019-04-28 11:42:56,Flag,CLEAR IN TRACK SECTOR 16,,CLEAR,Sector,16.0,,1.0,2019,4
2019-04-28 11:48:20,Flag,DOUBLE YELLOW IN TRACK SECTOR 18,,DOUBLE YELLOW,Sector,18.0,,1.0,2019,4
2019-04-28 11:48:43,Flag,CLEAR IN TRACK SECTOR 18,,CLEAR,Sector,18.0,,1.0,2019,4
2019-04-28 11:49:00,Flag,DOUBLE YELLOW IN TRACK SECTOR 2,,DOUBLE YELLOW,Sector,2.0,,1.0,2019,4
2019-04-28 11:49:04,Flag,CLEAR IN TRACK SECTOR 2,,CLEAR,Sector,2.0,,1.0,2019,4
2019-04-28 11:55:03,Other,RISK OF RAIN FOR THIS SESSION IS 0%,,,,,,1.0,2019,4
2019-04-28 11:55:34,Other,AIR TEMPERATURE 15MINS BEFORE THE RACE = 21 DEGREES,,,,,,1.0,2019,4
2019-04-28 12:07:05,Drs,DRS DISABLED,DISABLED,,,,,1.0,2019,4
2019-04-28 12:09:01,Flag,DOUBLE YELLOW IN TRACK SECTOR 2,,DOUBLE YELLOW,Sector,2.0,,1.0,2019,4
2019-04-28 12:09:10,Flag,CLEAR IN TRACK SECTOR 2,,CLEAR,Sector,2.0,,1.0,2019,4
2019-04-28 12:13:38,Flag,GREEN LIGHT - PIT EXIT OPEN,,GREEN,Track,,,1.0,2019,4
2019-04-28 12:17:19,Drs,DRS ENABLED,ENABLED,,,,,3.0,2019,4
2019-04-28 12:23:07,Other,TRACK SURFACE SLIPPERY IN TRACK SECTOR 11,,,,,,6.0,2019,4
2019-04-28 12:23:54,Other,INCIDENT INVOLVING CAR 88 (KUB) UNDER INVESTIGATION - START PROCEDURE,,,,,,6.0,2019,4
2019-04-28 12:24:19,Flag,CLEAR IN TRACK SECTOR 11,,CLEAR,Sector,11.0,,6.0,2019,4
2019-04-28 12:38:26,Other,DRIVE THROUGH PENALTY FOR CAR 88 (KUB) - CAR BEING DRIVEN TO PIT EXIT EARLY,,,,,,14.0,2019,4
2019-04-28 12:45:03,Other,AIR TEMPERATURE IS NOW 19 DEGREES,,,,,,18.0,2019,4
2019-04-28 12:56:37,Flag,WAVED BLUE FLAG FOR CAR 88 (KUB) TIMED AT 16:56:36,,BLUE,Driver,,88,24.0,2019,4
2019-04-28 12:59:12,Flag,WAVED BLUE FLAG FOR CAR 88 (KUB) TIMED AT 16:59:11,,BLUE,Driver,,88,26.0,2019,4
2019-04-28 13:06:11,Flag,WAVED BLUE FLAG FOR CAR 63 (RUS) TIMED AT 17:06:11,,BLUE,Driver,,63,30.0,2019,4
2019-04-28 13:09:18,Flag,YELLOW IN TRACK SECTOR 4,,YELLOW,Sector,4.0,,31.0,2019,4
2019-04-28 13:09:36,Flag,DOUBLE YELLOW IN TRACK SECTOR 4,,DOUBLE YELLOW,Sector,4.0,,32.0,2019,4
2019-04-28 13:10:06,Flag,CLEAR IN TRACK SECTOR 4,,CLEAR,Sector,4.0,,32.0,2019,4
2019-04-28 13:10:22,Other,TRACK SURFACE SLIPPERY IN TRACK SECTOR 9,,,,,,32.0,2019,4
2019-04-28 13:10:34,Flag,CLEAR IN TRACK SECTOR 9,,CLEAR,Sector,9.0,,32.0,2019,4
2019-04-28 13:11:04,Flag,WAVED BLUE FLAG FOR CAR 26 (KVY) TIMED AT 17:11:03,,BLUE,Driver,,26,32.0,2019,4
2019-04-28 13:11:43,Flag,WAVED BLUE FLAG FOR CAR 26 (KVY) TIMED AT 17:11:43,,BLUE,Driver,,26,33.0,2019,4
2019-04-28 13:12:15,Flag,DOUBLE YELLOW IN TRACK SECTOR 4,,DOUBLE YELLOW,Sector,4.0,,33.0,2019,4
2019-04-28 13:12:25,Flag,CLEAR IN TRACK SECTOR 4,,CLEAR,Sector,4.0,,33.0,2019,4
2019-04-28 13:12:46,Flag,WAVED BLUE FLAG FOR CAR 26 (KVY) TIMED AT 17:12:46,,BLUE,Driver,,26,33.0,2019,4
2019-04-28 13:13:38,Flag,WAVED BLUE FLAG FOR CAR 88 (KUB) TIMED AT 17:13:37,,BLUE,Driver,,88,34.0,2019,4
2019-04-28 13:13:50,Other,TURN 3 INCIDENT INVOLVING CARS 3 (RIC) AND 26 (KVY) UNDER INVESTIGATION,,,,,,34.0,2019,4
2019-04-28 13:13:55,Flag,WAVED BLUE FLAG FOR CAR 88 (KUB) TIMED AT 17:13:54,,BLUE,Driver,,88,34.0,2019,4
2019-04-28 13:14:07,Flag,WAVED BLUE FLAG FOR CAR 88 (KUB) TIMED AT 17:14:07,,BLUE,Driver,,88,34.0,2019,4
2019-04-28 13:16:01,Flag,WAVED BLUE FLAG FOR CAR 8 (GRO) TIMED AT 17:16:00,,BLUE,Driver,,8,35.0,2019,4
2019-04-28 13:19:06,Other,TURN 3 INCIDENT INVOLVING CARS 3 (RIC) AND 26 (KVY) WILL BE INVESTIGATED AFTER THE RACE,,,,,,37.0,2019,4
2019-04-28 13:19:14,Flag,WAVED BLUE FLAG FOR CAR 8 (GRO) TIMED AT 17:19:13,,BLUE,Driver,,8,37.0,2019,4
2019-04-28 13:19:30,Flag,WAVED BLUE FLAG FOR CAR 8 (GRO) TIMED AT 17:19:29,,BLUE,Driver,,8,37.0,2019,4
2019-04-28 13:19:46,Other,TRACK SURFACE SLIPPERY IN TRACK SECTOR 6,,,,,,37.0,2019,4
2019-04-28 13:21:00,Flag,CLEAR IN TRACK SECTOR 6,,CLEAR,Sector,6.0,,38.0,2019,4
2019-04-28 13:21:09,Flag,WAVED BLUE FLAG FOR CAR 20 (MAG) TIMED AT 17:21:08,,BLUE,Driver,,20,38.0,2019,4
2019-04-28 13:21:53,Flag,WAVED BLUE FLAG FOR CAR 20 (MAG) TIMED AT 17:21:53,,BLUE,Driver,,20,39.0,2019,4
2019-04-28 13:22:21,Flag,WAVED BLUE FLAG FOR CAR 20 (MAG) TIMED AT 17:22:20,,BLUE,Driver,,20,39.0,2019,4
2019-04-28 13:23:04,Flag,WAVED BLUE FLAG FOR CAR 8 (GRO) TIMED AT 17:23:03,,BLUE,Driver,,8,39.0,2019,4
2019-04-28 13:23:07,Flag,WAVED BLUE FLAG FOR CAR 20 (MAG) TIMED AT 17:23:06,,BLUE,Driver,,20,39.0,2019,4
2019-04-28 13:23:13,Flag,WAVED BLUE FLAG FOR CAR 63 (RUS) TIMED AT 17:23:12,,BLUE,Driver,,63,39.0,2019,4
2019-04-28 13:23:25,Flag,YELLOW IN TRACK SECTOR 6,,YELLOW,Sector,6.0,,39.0,2019,4
2019-04-28 13:23:44,SafetyCar,VIRTUAL SAFETY CAR DEPLOYED,DEPLOYED,,,,,40.0,2019,4
2019-04-28 13:26:47,Flag,CLEAR IN TRACK SECTOR 6,,CLEAR,Sector,6.0,,41.0,2019,4
2019-04-28 13:26:55,SafetyCar,VIRTUAL SAFETY CAR ENDING,ENDING,,,,,41.0,2019,4
2019-04-28 13:27:10,Flag,TRACK CLEAR,,CLEAR,Track,,,41.0,2019,4
2019-04-28 13:27:11,Drs,DRS ENABLED,ENABLED,,,,,41.0,2019,4
2019-04-28 13:27:21,Flag,WAVED BLUE FLAG FOR CAR 63 (RUS) TIMED AT 17:27:21,,BLUE,Driver,,63,41.0,2019,4
2019-04-28 13:27:31,Flag,WAVED BLUE FLAG FOR CAR 99 (GIO) TIMED AT 17:27:31,,BLUE,Driver,,99,41.0,2019,4
2019-04-28 13:28:43,Flag,WAVED BLUE FLAG FOR CAR 27 (HUL) TIMED AT 17:28:43,,BLUE,Driver,,27,42.0,2019,4
2019-04-28 13:29:21,Flag,WAVED BLUE FLAG FOR CAR 23 (ALB) TIMED AT 17:29:21,,BLUE,Driver,,23,42.0,2019,4
2019-04-28 13:29:22,Flag,WAVED BLUE FLAG FOR CAR 88 (KUB) TIMED AT 17:29:21,,BLUE,Driver,,88,42.0,2019,4
2019-04-28 13:29:36,Flag,WAVED BLUE FLAG FOR CAR 99 (GIO) TIMED AT 17:29:35,,BLUE,Driver,,99,42.0,2019,4
2019-04-28 13:30:30,Flag,WAVED BLUE FLAG FOR CAR 99 (GIO) TIMED AT 17:30:29,,BLUE,Driver,,99,43.0,2019,4
2019-04-28 13:30:43,Flag,WAVED BLUE FLAG FOR CAR 23 (ALB) TIMED AT 17:30:42,,BLUE,Driver,,23,43.0,2019,4
2019-04-28 13:32:24,Flag,WAVED BLUE FLAG FOR CAR 99 (GIO) TIMED AT 17:32:24,,BLUE,Driver,,99,44.0,2019,4
2019-04-28 13:32:34,Flag,WAVED BLUE FLAG FOR CAR 23 (ALB) TIMED AT 17:32:34,,BLUE,Driver,,23,44.0,2019,4
2019-04-28 13:33:25,Flag,WAVED BLUE FLAG FOR CAR 99 (GIO) TIMED AT 17:33:24,,BLUE,Driver,,99,45.0,2019,4
2019-04-28 13:34:48,Flag,WAVED BLUE FLAG FOR CAR 7 (RAI) TIMED AT 17:34:48,,BLUE,Driver,,7,45.0,2019,4
2019-04-28 13:35:04,Flag,WAVED BLUE FLAG FOR CAR 63 (RUS) TIMED AT 17:35:03,,BLUE,Driver,,63,46.0,2019,4
2019-04-28 13:35:18,Flag,WAVED BLUE FLAG FOR CAR 7 (RAI) TIMED AT 17:35:17,,BLUE,Driver,,7,46.0,2019,4
2019-04-28 13:36:51,Flag,WAVED BLUE FLAG FOR CAR 7 (RAI) TIMED AT 17:36:50,,BLUE,Driver,,7,47.0,2019,4
2019-04-28 13:36:56,Flag,WAVED BLUE FLAG FOR CAR 23 (ALB) TIMED AT 17:36:55,,BLUE,Driver,,23,47.0,2019,4
2019-04-28 13:41:22,Flag,WAVED BLUE FLAG FOR CAR 63 (RUS) TIMED AT 17:41:21,,BLUE,Driver,,63,49.0,2019,4
2019-04-28 13:43:25,Flag,WAVED BLUE FLAG FOR CAR 63 (RUS) TIMED AT 17:43:24,,BLUE,Driver,,63,50.0,2019,4
2019-04-28 13:44:24,Flag,WAVED BLUE FLAG FOR CAR 27 (HUL) TIMED AT 17:44:23,,BLUE,Driver,,27,51.0,2019,4
2019-04-28 13:44:45,Flag,WAVED BLUE FLAG FOR CAR 27 (HUL) TIMED AT 17:44:45,,BLUE,Driver,,27,51.0,2019,4
2019-04-28 13:44:58,Flag,WAVED BLUE FLAG FOR CAR 63 (RUS) TIMED AT 17:44:57,,BLUE,Driver,,63,51.0,2019,4
2019-04-28 13:45:28,Flag,CHEQUERED FLAG,,CHEQUERED,Track,,,51.0,2019,4
2019-05-12 12:55:04,Other,AIR TEMPERATURE 15 MIN BEFORE THE RACE = 20 DEGREES,,,,,,1.0,2019,5
2019-05-12 12:55:12,Other,RISK OF RAIN FOR THIS SESSION IS 0%,,,,,,1.0,2019,5
2019-05-12 13:01:30,Flag,YELLOW IN TRACK SECTOR 10,,YELLOW,Sector,10.0,,1.0,2019,5
2019-05-12 13:01:35,Flag,CLEAR IN TRACK SECTOR 10,,CLEAR,Sector,10.0,,1.0,2019,5
2019-05-12 13:07:08,Drs,DRS DISABLED,DISABLED,,,,,1.0,2019,5
2019-05-12 13:13:07,Flag,GREEN LIGHT - PIT EXIT OPEN,,GREEN,Track,,,1.0,2019,5
2019-05-12 13:13:44,Flag,YELLOW IN TRACK SECTOR 6,,YELLOW,Sector,6.0,,1.0,2019,5
2019-05-12 13:13:53,Flag,CLEAR IN TRACK SECTOR 6,,CLEAR,Sector,6.0,,1.0,2019,5
2019-05-12 13:14:11,CarEvent,CAR 7 (RAI) OFF TRACK AND CONTINUED AT TURN 4,,,,,7,1.0,2019,5
2019-05-12 13:16:10,Drs,DRS ENABLED,ENABLED,,,,,3.0,2019,5
2019-05-12 13:37:22,Flag,WAVED BLUE FLAG FOR CAR 99 (GIO) TIMED AT 15:37:22,,BLUE,Driver,,99,18.0,2019,5
2019-05-12 13:38:01,Flag,WAVED BLUE FLAG FOR CAR 88 (KUB) TIMED AT 15:38:00,,BLUE,Driver,,88,19.0,2019,5
2019-05-12 13:38:49,Flag,WAVED BLUE FLAG FOR CAR 99 (GIO) TIMED AT 15:38:49,,BLUE,Driver,,99,19.0,2019,5
2019-05-12 13:39:00,Flag,WAVED BLUE FLAG FOR CAR 63 (RUS) TIMED AT 15:39:00,,BLUE,Driver,,63,19.0,2019,5
2019-05-12 13:39:28,Flag,WAVED BLUE FLAG FOR CAR 88 (KUB) TIMED AT 15:39:27,,BLUE,Driver,,88,20.0,2019,5
2019-05-12 13:40:58,Flag,WAVED BLUE FLAG FOR CAR 63 (RUS) TIMED AT 15:40:58,,BLUE,Driver,,63,21.0,2019,5
2019-05-12 13:43:07,Flag,WAVED BLUE FLAG FOR CAR 88 (KUB) TIMED AT 15:43:06,,BLUE,Driver,,88,22.0,2019,5
2019-05-12 13:45:05,Flag,WAVED BLUE FLAG FOR CAR 99 (GIO) TIMED AT 15:45:05,,BLUE,Driver,,99,24.0,2019,5
2019-05-12 13:45:19,Flag,WAVED BLUE FLAG FOR CAR 63 (RUS) TIMED AT 15:45:18,,BLUE,Driver,,63,24.0,2019,5
2019-05-12 13:45:29,Flag,WAVED BLUE FLAG FOR CAR 99 (GIO) TIMED AT 15:45:28,,BLUE,Driver,,99,24.0,2019,5
2019-05-12 13:47:44,Flag,WAVED BLUE FLAG FOR CAR 3 (RIC) TIMED AT 15:47:44,,BLUE,Driver,,3,26.0,2019,5
2019-05-12 13:48:54,Flag,WAVED BLUE FLAG FOR CAR 88 (KUB) TIMED AT 15:48:54,,BLUE,Driver,,88,27.0,2019,5
2019-05-12 13:49:33,Flag,WAVED BLUE FLAG FOR CAR 63 (RUS) TIMED AT 15:49:32,,BLUE,Driver,,63,27.0,2019,5
2019-05-12 13:49:52,Flag,WAVED BLUE FLAG FOR CAR 63 (RUS) TIMED AT 15:49:51,,BLUE,Driver,,63,27.0,2019,5
2019-05-12 13:51:53,Flag,WAVED BLUE FLAG FOR CAR 88 (KUB) TIMED AT 15:51:52,,BLUE,Driver,,88,28.0,2019,5
2019-05-12 13:51:55,Flag,WAVED BLUE FLAG FOR CAR 99 (GIO) TIMED AT 15:51:54,,BLUE,Driver,,99,28.0,2019,5
2019-05-12 13:52:59,Flag,WAVED BLUE FLAG FOR CAR 99 (GIO) TIMED AT 15:52:58,,BLUE,Driver,,99,29.0,2019,5
2019-05-12 13:53:26,Flag,WAVED BLUE FLAG FOR CAR 63 (RUS) TIMED AT 15:53:25,,BLUE,Driver,,63,30.0,2019,5
2019-05-12 13:53:35,Flag,WAVED BLUE FLAG FOR CAR 63 (RUS) TIMED AT 15:53:35,,BLUE,Driver,,63,30.0,2019,5
2019-05-12 13:53:36,Flag,WAVED BLUE FLAG FOR CAR 99 (GIO) TIMED AT 15:53:35,,BLUE,Driver,,99,30.0,2019,5
2019-05-12 13:55:25,Flag,WAVED BLUE FLAG FOR CAR 88 (KUB) TIMED AT 15:55:25,,BLUE,Driver,,88,31.0,2019,5
2019-05-12 13:57:44,Flag,WAVED BLUE FLAG FOR CAR 7 (RAI) TIMED AT 15:57:44,,BLUE,Driver,,7,33.0,2019,5
2019-05-12 13:58:29,Flag,WAVED BLUE FLAG FOR CAR 99 (GIO) TIMED AT 15:58:29,,BLUE,Driver,,99,33.0,2019,5
2019-05-12 13:58:34,Flag,WAVED BLUE FLAG FOR CAR 63 (RUS) TIMED AT 15:58:34,,BLUE,Driver,,63,33.0,2019,5
2019-05-12 13:58:45,Flag,WAVED BLUE FLAG FOR CAR 88 (KUB) TIMED AT 15:58:45,,BLUE,Driver,,88,33.0,2019,5
2019-05-12 13:58:54,Flag,WAVED BLUE FLAG FOR CAR 88 (KUB) TIMED AT 15:58:54,,BLUE,Driver,,88,34.0,2019,5
2019-05-12 13:59:09,Flag,WAVED BLUE FLAG FOR CAR 88 (KUB) TIMED AT 15:59:09,,BLUE,Driver,,88,34.0,2019,5
2019-05-12 13:59:27,Flag,WAVED BLUE FLAG FOR CAR 7 (RAI) TIMED AT 15:59:27,,BLUE,Driver,,7,34.0,2019,5
2019-05-12 13:59:30,Flag,WAVED BLUE FLAG FOR CAR 88 (KUB) TIMED AT 15:59:29,,BLUE,Driver,,88,34.0,2019,5
2019-05-12 13:59:40,Flag,WAVED BLUE FLAG FOR CAR 88 (KUB) TIMED AT 15:59:39,,BLUE,Driver,,88,34.0,2019,5
2019-05-12 14:00:25,Flag,WAVED BLUE FLAG FOR CAR 7 (RAI) TIMED AT 16:00:25,,BLUE,Driver,,7,35.0,2019,5
2019-05-12 14:00:50,Flag,WAVED BLUE FLAG FOR CAR 88 (KUB) TIMED AT 16:00:49,,BLUE,Driver,,88,35.0,2019,5
2019-05-12 14:02:45,Flag,WAVED BLUE FLAG FOR CAR 4 (NOR) TIMED AT 16:02:44,,BLUE,Driver,,4,36.0,2019,5
2019-05-12 14:03:00,Flag,WAVED BLUE FLAG FOR CAR 88 (KUB) TIMED AT 16:02:59,,BLUE,Driver,,88,37.0,2019,5
2019-05-12 14:03:00,Flag,WAVED BLUE FLAG FOR CAR 4 (NOR) TIMED AT 16:03:00,,BLUE,Driver,,4,37.0,2019,5
2019-05-12 14:03:25,Flag,WAVED BLUE FLAG FOR CAR 88 (KUB) TIMED AT 16:03:25,,BLUE,Driver,,88,37.0,2019,5
2019-05-12 14:04:03,Flag,WAVED BLUE FLAG FOR CAR 18 (STR) TIMED AT 16:04:02,,BLUE,Driver,,18,37.0,2019,5
2019-05-12 14:04:35,Flag,WAVED BLUE FLAG FOR CAR 88 (KUB) TIMED AT 16:04:35,,BLUE,Driver,,88,38.0,2019,5
2019-05-12 14:04:41,Flag,WAVED BLUE FLAG FOR CAR 27 (HUL) TIMED AT 16:04:41,,BLUE,Driver,,27,38.0,2019,5
2019-05-12 14:05:06,Flag,WAVED BLUE FLAG FOR CAR 11 (PER) TIMED AT 16:05:06,,BLUE,Driver,,11,38.0,2019,5
2019-05-12 14:05:49,Flag,WAVED BLUE FLAG FOR CAR 63 (RUS) TIMED AT 16:05:49,,BLUE,Driver,,63,39.0,2019,5
2019-05-12 14:06:20,Flag,WAVED BLUE FLAG FOR CAR 99 (GIO) TIMED AT 16:06:20,,BLUE,Driver,,99,39.0,2019,5
2019-05-12 14:06:57,Flag,WAVED BLUE FLAG FOR CAR 63 (RUS) TIMED AT 16:06:56,,BLUE,Driver,,63,39.0,2019,5
2019-05-12 14:07:50,Flag,WAVED BLUE FLAG FOR CAR 88 (KUB) TIMED AT 16:07:50,,BLUE,Driver,,88,40.0,2019,5
2019-05-12 14:07:53,Flag,WAVED BLUE FLAG FOR CAR 63 (RUS) TIMED AT 16:07:53,,BLUE,Driver,,63,40.0,2019,5
2019-05-12 14:07:56,Flag,WAVED BLUE FLAG FOR CAR 27 (HUL) TIMED AT 16:07:55,,BLUE,Driver,,27,40.0,2019,5
2019-05-12 14:08:11,Flag,WAVED BLUE FLAG FOR CAR 7 (RAI) TIMED AT 16:08:10,,BLUE,Driver,,7,40.0,2019,5
2019-05-12 14:08:19,Flag,WAVED BLUE FLAG FOR CAR 3 (RIC) TIMED AT 16:08:18,,BLUE,Driver,,3,40.0,2019,5
2019-05-12 14:08:20,Flag,WAVED BLUE FLAG FOR CAR 7 (RAI) TIMED AT 16:08:19,,BLUE,Driver,,7,40.0,2019,5
2019-05-12 14:08:39,Flag,WAVED BLUE FLAG FOR CAR 63 (RUS) TIMED AT 16:08:38,,BLUE,Driver,,63,41.0,2019,5
2019-05-12 14:09:04,Flag,WAVED BLUE FLAG FOR CAR 63 (RUS) TIMED AT 16:09:04,,BLUE,Driver,,63,41.0,2019,5
2019-05-12 14:09:06,Flag,WAVED BLUE FLAG FOR CAR 88 (KUB) TIMED AT 16:09:05,,BLUE,Driver,,88,41.0,2019,5
2019-05-12 14:09:39,Flag,WAVED BLUE FLAG FOR CAR 4 (NOR) TIMED AT 16:09:38,,BLUE,Driver,,4,41.0,2019,5
2019-05-12 14:09:46,Flag,WAVED BLUE FLAG FOR CAR 55 (SAI) TIMED AT 16:09:45,,BLUE,Driver,,55,41.0,2019,5
2019-05-12 14:10:18,Flag,WAVED BLUE FLAG FOR CAR 18 (STR) TIMED AT 16:10:17,,BLUE,Driver,,18,42.0,2019,5
2019-05-12 14:10:31,Flag,WAVED BLUE FLAG FOR CAR 63 (RUS) TIMED AT 16:10:30,,BLUE,Driver,,63,42.0,2019,5
2019-05-12 14:10:43,Flag,WAVED BLUE FLAG FOR CAR 99 (GIO) TIMED AT 16:10:42,,BLUE,Driver,,99,42.0,2019,5
2019-05-12 14:11:34,Flag,WAVED BLUE FLAG FOR CAR 63 (RUS) TIMED AT 16:11:33,,BLUE,Driver,,63,43.0,2019,5
2019-05-12 14:11:36,Flag,WAVED BLUE FLAG FOR CAR 11 (PER) TIMED AT 16:11:36,,BLUE,Driver,,11,43.0,2019,5
2019-05-12 14:12:48,Flag,WAVED BLUE FLAG FOR CAR 99 (GIO) TIMED AT 16:12:47,,BLUE,Driver,,99,44.0,2019,5
2019-05-12 14:13:48,Flag,WAVED BLUE FLAG FOR CAR 88 (KUB) TIMED AT 16:13:47,,BLUE,Driver,,88,44.0,2019,5
2019-05-12 14:14:44,Flag,WAVED BLUE FLAG FOR CAR 99 (GIO) TIMED AT 16:14:43,,BLUE,Driver,,99,45.0,2019,5
2019-05-12 14:14:45,Flag,WAVED BLUE FLAG FOR CAR 7 (RAI) TIMED AT 16:14:44,,BLUE,Driver,,7,45.0,2019,5
2019-05-12 14:15:27,Flag,WAVED BLUE FLAG FOR CAR 99 (GIO) TIMED AT 16:15:26,,BLUE,Driver,,99,46.0,2019,5
2019-05-12 14:15:29,Flag,WAVED BLUE FLAG FOR CAR 99 (GIO) TIMED AT 16:15:29,,BLUE,Driver,,99,46.0,2019,5
2019-05-12 14:15:41,Flag,WAVED BLUE FLAG FOR CAR 7 (RAI) TIMED AT 16:15:41,,BLUE,Driver,,7,46.0,2019,5
2019-05-12 14:15:43,Flag,YELLOW IN TRACK SECTOR 2,,YELLOW,Sector,2.0,,46.0,2019,5
2019-05-12 14:15:48,Flag,YELLOW IN TRACK SECTOR 3,,YELLOW,Sector,3.0,,46.0,2019,5
2019-05-12 14:16:04,Flag,DOUBLE YELLOW IN TRACK SECTOR 3,,DOUBLE YELLOW,Sector,3.0,,46.0,2019,5
2019-05-12 14:16:08,SafetyCar,SAFETY CAR DEPLOYED,DEPLOYED,,,,,46.0,2019,5
2019-05-12 14:24:35,Other,"LAPPED CARS MAY NOW OVERTAKE - 3,7,11,23,27,63,88,99",,,,,,50.0,2019,5
2019-05-12 14:27:23,Flag,CLEAR IN TRACK SECTOR 3,,CLEAR,Sector,3.0,,51.0,2019,5
2019-05-12 14:27:35,Flag,CLEAR IN TRACK SECTOR 2,,CLEAR,Sector,2.0,,51.0,2019,5
2019-05-12 14:28:36,SafetyCar,SAFETY CAR IN THIS LAP,IN THIS LAP,,,,,52.0,2019,5
2019-05-12 14:30:15,Flag,TRACK CLEAR,,CLEAR,Track,,,52.0,2019,5
2019-05-12 14:30:22,Flag,WAVED BLUE FLAG FOR CAR 63 (RUS) TIMED AT 16:30:21,,BLUE,Driver,,63,53.0,2019,5
2019-05-12 14:30:23,Flag,WAVED BLUE FLAG FOR CAR 88 (KUB) TIMED AT 16:30:22,,BLUE,Driver,,88,53.0,2019,5
2019-05-12 14:30:27,Flag,WAVED BLUE FLAG FOR CAR 63 (RUS) TIMED AT 16:30:27,,BLUE,Driver,,63,53.0,2019,5
2019-05-12 14:30:36,Flag,WAVED BLUE FLAG FOR CAR 88 (KUB) TIMED AT 16:30:36,,BLUE,Driver,,88,53.0,2019,5
2019-05-12 14:30:38,Flag,WAVED BLUE FLAG FOR CAR 63 (RUS) TIMED AT 16:30:37,,BLUE,Driver,,63,53.0,2019,5
2019-05-12 14:31:53,Other,"TURN 2 INCIDENT INVOLVING CARS 4 (NOR),18 (STR) WILL BE INVESTIGATED AFTER THE RACE",,,,,,54.0,2019,5
2019-05-12 14:33:16,Drs,DRS ENABLED,ENABLED,,,,,55.0,2019,5
2019-05-12 14:40:22,Other,TURN 1 INCIDENT INVOLVING CARS 8 (GRO) AND 55 (SAI) NOTED,,,,,,60.0,2019,5
2019-05-12 14:48:57,Flag,CHEQUERED FLAG,,CHEQUERED,Track,,,66.0,2019,5
2019-05-12 14:52:14,Flag,DOUBLE YELLOW IN TRACK SECTOR 10,,DOUBLE YELLOW,Sector,10.0,,66.0,2019,5
2019-05-12 14:52:19,Flag,CLEAR IN TRACK SECTOR 10,,CLEAR,Sector,10.0,,66.0,2019,5
2019-05-26 12:54:40,Other,RISK OF RAIN FOR THIS SESSION IS 90%,,,,,,1.0,2019,6
2019-05-26 12:55:40,Other,AIR TEMPERATURE 15 MINS BEFORE RACE = 22 DEGREES,,,,,,1.0,2019,6
2019-05-26 13:04:58,Flag,YELLOW IN TRACK SECTOR 4,,YELLOW,Sector,4.0,,1.0,2019,6
2019-05-26 13:05:04,Flag,CLEAR IN TRACK SECTOR 4,,CLEAR,Sector,4.0,,1.0,2019,6
2019-05-26 13:05:10,Flag,YELLOW IN TRACK SECTOR 6,,YELLOW,Sector,6.0,,1.0,2019,6
2019-05-26 13:05:19,Flag,CLEAR IN TRACK SECTOR 6,,CLEAR,Sector,6.0,,1.0,2019,6
2019-05-26 13:05:32,Flag,YELLOW IN TRACK SECTOR 4,,YELLOW,Sector,4.0,,1.0,2019,6
2019-05-26 13:05:38,Flag,CLEAR IN TRACK SECTOR 4,,CLEAR,Sector,4.0,,1.0,2019,6
2019-05-26 13:05:43,Flag,YELLOW IN TRACK SECTOR 6,,YELLOW,Sector,6.0,,1.0,2019,6
2019-05-26 13:05:49,Flag,YELLOW IN TRACK SECTOR 7,,YELLOW,Sector,7.0,,1.0,2019,6
2019-05-26 13:05:52,Flag,CLEAR IN TRACK SECTOR 6,,CLEAR,Sector,6.0,,1.0,2019,6
2019-05-26 13:05:58,Flag,CLEAR IN TRACK SECTOR 7,,CLEAR,Sector,7.0,,1.0,2019,6
2019-05-26 13:07:05,Drs,DRS DISABLED,DISABLED,,,,,1.0,2019,6
2019-05-26 13:12:46,Flag,GREEN LIGHT - PIT EXIT OPEN,,GREEN,Track,,,1.0,2019,6
2019-05-26 13:13:22,Flag,YELLOW IN TRACK SECTOR 5,,YELLOW,Sector,5.0,,1.0,2019,6
2019-05-26 13:13:26,Flag,CLEAR IN TRACK SECTOR 5,,CLEAR,Sector,5.0,,1.0,2019,6
2019-05-26 13:15:00,Other,TURN 1 INCIDENT NOTED - LEAVING THE TRACK AND GAINING AN ADVANTAGE,,,,,,2.0,2019,6
2019-05-26 13:15:35,Drs,DRS ENABLED,ENABLED,,,,,3.0,2019,6
2019-05-26 13:16:41,Other,TURN 1 INCIDENT ON LAP 1 - NO INVESTIGATION NECESSARY,,,,,,3.0,2019,6
2019-05-26 13:20:26,Flag,YELLOW IN TRACK SECTOR 4,,YELLOW,Sector,4.0,,6.0,2019,6
2019-05-26 13:20:30,Flag,CLEAR IN TRACK SECTOR 4,,CLEAR,Sector,4.0,,6.0,2019,6
2019-05-26 13:23:29,Flag,YELLOW IN TRACK SECTOR 16,,YELLOW,Sector,16.0,,9.0,2019,6
2019-05-26 13:23:33,Flag,CLEAR IN TRACK SECTOR 16,,CLEAR,Sector,16.0,,9.0,2019,6
2019-05-26 13:24:15,Flag,YELLOW IN TRACK SECTOR 7,,YELLOW,Sector,7.0,,9.0,2019,6
2019-05-26 13:24:16,Flag,YELLOW IN TRACK SECTOR 8,,YELLOW,Sector,8.0,,9.0,2019,6
2019-05-26 13:24:17,Flag,CLEAR IN TRACK SECTOR 7,,CLEAR,Sector,7.0,,9.0,2019,6
2019-05-26 13:24:18,Flag,CLEAR IN TRACK SECTOR 8,,CLEAR,Sector,8.0,,9.0,2019,6
2019-05-26 13:24:24,Flag,DOUBLE YELLOW IN TRACK SECTOR 7,,DOUBLE YELLOW,Sector,7.0,,10.0,2019,6
2019-05-26 13:24:28,Flag,CLEAR IN TRACK SECTOR 7,,CLEAR,Sector,7.0,,10.0,2019,6
2019-05-26 13:25:35,Flag,YELLOW IN TRACK SECTOR 14,,YELLOW,Sector,14.0,,10.0,2019,6
2019-05-26 13:25:51,Flag,WAVED BLUE FLAG FOR CAR 16 (LEC) TIMED AT 15:25:50,,BLUE,Driver,,16,11.0,2019,6
2019-05-26 13:26:09,SafetyCar,SAFETY CAR DEPLOYED,DEPLOYED,,,,,11.0,2019,6
2019-05-26 13:31:25,Flag,CLEAR IN TRACK SECTOR 14,,CLEAR,Sector,14.0,,14.0,2019,6
2019-05-26 13:31:53,SafetyCar,SAFETY CAR IN THIS LAP,IN THIS LAP,,,,,14.0,2019,6
2019-05-26 13:33:10,Flag,TRACK CLEAR,,CLEAR,Track,,,14.0,2019,6
2019-05-26 13:34:26,Flag,YELLOW IN TRACK SECTOR 8,,YELLOW,Sector,8.0,,15.0,2019,6
2019-05-26 13:34:27,Flag,CLEAR IN TRACK SECTOR 8,,CLEAR,Sector,8.0,,15.0,2019,6
2019-05-26 13:34:42,Flag,YELLOW IN TRACK SECTOR 16,,YELLOW,Sector,16.0,,16.0,2019,6
2019-05-26 13:34:44,Flag,DOUBLE YELLOW IN TRACK SECTOR 16,,DOUBLE YELLOW,Sector,16.0,,16.0,2019,6
2019-05-26 13:34:58,Flag,DOUBLE YELLOW IN TRACK SECTOR 15,,DOUBLE YELLOW,Sector,15.0,,16.0,2019,6
2019-05-26 13:35:05,Flag,CLEAR IN TRACK SECTOR 16,,CLEAR,Sector,16.0,,16.0,2019,6
2019-05-26 13:35:07,Flag,CLEAR IN TRACK SECTOR 15,,CLEAR,Sector,15.0,,16.0,2019,6
2019-05-26 13:35:58,Other,INCIDENT INVOLVING CARS 33 (VER) AND 77 (BOT) UNDER INVESTIGATION - UNSAFE RELEASE,,,,,,16.0,2019,6
2019-05-26 13:36:14,Drs,DRS ENABLED,ENABLED,,,,,17.0,2019,6
2019-05-26 13:39:08,Other,TURN 18 INCIDENT INVOLVING CARS 88 (KUB) AND 99 (GIO) UNDER INVESTIGATION - CAUSING A COLLISION,,,,,,19.0,2019,6
2019-05-26 13:43:38,Other,5 SECOND TIME PENALTY FOR CAR 33 (VER) - UNSAFE RELEASE,,,,,,22.0,2019,6
2019-05-26 13:48:10,Other,10 SECOND TIME PENALTY FOR CAR 99 (GIO) - CAUSING A COLLISION,,,,,,26.0,2019,6
2019-05-26 14:05:55,Other,CAR 18 (STR) MISSED THE APEX OF TURN 10 ON PREVIOUS LAP,,,,,,40.0,2019,6
2019-05-26 14:06:40,Other,TURN 10 INCIDENT INVOLVING CAR 18 (STR) NOTED - LEAVING THE TRACK AND GAINING AN ADVANTAGE,,,,,,40.0,2019,6
2019-05-26 14:07:55,Flag,DOUBLE YELLOW IN TRACK SECTOR 5,,DOUBLE YELLOW,Sector,5.0,,41.0,2019,6
2019-05-26 14:07:58,Flag,CLEAR IN TRACK SECTOR 5,,CLEAR,Sector,5.0,,41.0,2019,6
2019-05-26 14:08:06,Flag,WAVED BLUE FLAG FOR CAR 88 (KUB) TIMED AT 16:08:05,,BLUE,Driver,,88,41.0,2019,6
2019-05-26 14:08:21,Flag,WAVED BLUE FLAG FOR CAR 88 (KUB) TIMED AT 16:08:21,,BLUE,Driver,,88,41.0,2019,6
2019-05-26 14:08:28,Flag,WAVED BLUE FLAG FOR CAR 88 (KUB) TIMED AT 16:08:27,,BLUE,Driver,,88,42.0,2019,6
2019-05-26 14:12:19,Flag,WAVED BLUE FLAG FOR CAR 88 (KUB) TIMED AT 16:12:18,,BLUE,Driver,,88,44.0,2019,6
2019-05-26 14:13:29,Flag,WAVED BLUE FLAG FOR CAR 18 (STR) TIMED AT 16:13:29,,BLUE,Driver,,18,45.0,2019,6
2019-05-26 14:14:21,Flag,WAVED BLUE FLAG FOR CAR 88 (KUB) TIMED AT 16:14:20,,BLUE,Driver,,88,46.0,2019,6
2019-05-26 14:16:23,Other,5 SECOND TIME PENALTY FOR CAR 18 (STR) - LEAVING THE TRACK AND GAINING AN ADVANTAGE,,,,,,48.0,2019,6
2019-05-26 14:16:26,Flag,WAVED BLUE FLAG FOR CAR 18 (STR) TIMED AT 16:16:26,,BLUE,Driver,,18,48.0,2019,6
2019-05-26 14:16:34,Flag,WAVED BLUE FLAG FOR CAR 7 (RAI) TIMED AT 16:16:34,,BLUE,Driver,,7,48.0,2019,6
2019-05-26 14:17:01,Flag,WAVED BLUE FLAG FOR CAR 63 (RUS) TIMED AT 16:17:00,,BLUE,Driver,,63,48.0,2019,6
2019-05-26 14:17:02,Flag,WAVED BLUE FLAG FOR CAR 18 (STR) TIMED AT 16:17:02,,BLUE,Driver,,18,48.0,2019,6
2019-05-26 14:17:08,Flag,WAVED BLUE FLAG FOR CAR 63 (RUS) TIMED AT 16:17:07,,BLUE,Driver,,63,48.0,2019,6
2019-05-26 14:17:13,Flag,WAVED BLUE FLAG FOR CAR 63 (RUS) TIMED AT 16:17:12,,BLUE,Driver,,63,48.0,2019,6
2019-05-26 14:17:48,Flag,WAVED BLUE FLAG FOR CAR 63 (RUS) TIMED AT 16:17:48,,BLUE,Driver,,63,49.0,2019,6
2019-05-26 14:20:08,Flag,WAVED BLUE FLAG FOR CAR 88 (KUB) TIMED AT 16:20:08,,BLUE,Driver,,88,51.0,2019,6
2019-05-26 14:21:01,Flag,WAVED BLUE FLAG FOR CAR 88 (KUB) TIMED AT 16:21:00,,BLUE,Driver,,88,51.0,2019,6
2019-05-26 14:21:15,Flag,WAVED BLUE FLAG FOR CAR 88 (KUB) TIMED AT 16:21:15,,BLUE,Driver,,88,51.0,2019,6
2019-05-26 14:21:22,Flag,WAVED BLUE FLAG FOR CAR 88 (KUB) TIMED AT 16:21:21,,BLUE,Driver,,88,51.0,2019,6
2019-05-26 14:21:48,Flag,WAVED BLUE FLAG FOR CAR 99 (GIO) TIMED AT 16:21:48,,BLUE,Driver,,99,52.0,2019,6
2019-05-26 14:22:09,Flag,WAVED BLUE FLAG FOR CAR 18 (STR) TIMED AT 16:22:09,,BLUE,Driver,,18,52.0,2019,6
2019-05-26 14:22:29,Flag,WAVED BLUE FLAG FOR CAR 88 (KUB) TIMED AT 16:22:28,,BLUE,Driver,,88,52.0,2019,6
2019-05-26 14:25:29,Flag,WAVED BLUE FLAG FOR CAR 27 (HUL) TIMED AT 16:25:28,,BLUE,Driver,,27,55.0,2019,6
2019-05-26 14:25:51,Other,TURN 10 INCIDENT INVOLVING CARS 20 (MAG) AND 11 (PER) NOTED - LEAVING THE TRACK AND GAINING AN ADVANTAGE,,,,,,55.0,2019,6
2019-05-26 14:25:53,Flag,WAVED BLUE FLAG FOR CAR 63 (RUS) TIMED AT 16:25:53,,BLUE,Driver,,63,55.0,2019,6
2019-05-26 14:25:58,Flag,WAVED BLUE FLAG FOR CAR 27 (HUL) TIMED AT 16:25:57,,BLUE,Driver,,27,55.0,2019,6
2019-05-26 14:27:46,Flag,WAVED BLUE FLAG FOR CAR 11 (PER) TIMED AT 16:27:46,,BLUE,Driver,,11,56.0,2019,6
2019-05-26 14:28:00,Flag,WAVED BLUE FLAG FOR CAR 11 (PER) TIMED AT 16:28:00,,BLUE,Driver,,11,57.0,2019,6
2019-05-26 14:39:26,Flag,WAVED BLUE FLAG FOR CAR 7 (RAI) TIMED AT 16:39:25,,BLUE,Driver,,7,65.0,2019,6
2019-05-26 14:40:24,Other,TURN 10 INCIDENT INVOLVING CARS 11 (PER) AND 20 (MAG) WILL BE INVESTIGATED AFTER THE RACE,,,,,,66.0,2019,6
2019-05-26 14:43:02,Flag,WAVED BLUE FLAG FOR CAR 18 (STR) TIMED AT 16:43:02,,BLUE,Driver,,18,68.0,2019,6
2019-05-26 14:46:08,Flag,WAVED BLUE FLAG FOR CAR 63 (RUS) TIMED AT 16:46:07,,BLUE,Driver,,63,71.0,2019,6
2019-05-26 14:47:20,Other,INCIDENT INVOLVING CAR 8 (GRO) NOTED - CROSSING THE LINE AT PIT EXIT ON LEAVING THE PITS,,,,,,72.0,2019,6
2019-05-26 14:48:19,Flag,WAVED BLUE FLAG FOR CAR 99 (GIO) TIMED AT 16:48:19,,BLUE,Driver,,99,72.0,2019,6
2019-05-26 14:48:41,Flag,WAVED BLUE FLAG FOR CAR 99 (GIO) TIMED AT 16:48:41,,BLUE,Driver,,99,73.0,2019,6
2019-05-26 14:49:50,Other,5 SECOND TIME PENALTY FOR CAR 8 (GRO) - CROSSING THE LINE AT PIT EXIT,,,,,,74.0,2019,6
2019-05-26 14:50:50,Flag,WAVED BLUE FLAG FOR CAR 88 (KUB) TIMED AT 16:50:50,,BLUE,Driver,,88,74.0,2019,6
2019-05-26 14:51:22,Flag,WAVED BLUE FLAG FOR CAR 88 (KUB) TIMED AT 16:51:21,,BLUE,Driver,,88,75.0,2019,6
2019-05-26 14:52:42,Flag,WAVED BLUE FLAG FOR CAR 20 (MAG) TIMED AT 16:52:41,,BLUE,Driver,,20,76.0,2019,6
2019-05-26 14:53:04,Flag,WAVED BLUE FLAG FOR CAR 20 (MAG) TIMED AT 16:53:03,,BLUE,Driver,,20,76.0,2019,6
2019-05-26 14:53:17,Flag,WAVED BLUE FLAG FOR CAR 20 (MAG) TIMED AT 16:53:17,,BLUE,Driver,,20,76.0,2019,6
2019-05-26 14:53:29,Flag,WAVED BLUE FLAG FOR CAR 27 (HUL) TIMED AT 16:53:28,,BLUE,Driver,,27,76.0,2019,6
2019-05-26 14:53:59,Flag,WAVED BLUE FLAG FOR CAR 99 (GIO) TIMED AT 16:53:59,,BLUE,Driver,,99,77.0,2019,6
2019-05-26 14:54:24,Flag,WAVED BLUE FLAG FOR CAR 99 (GIO) TIMED AT 16:54:23,,BLUE,Driver,,99,77.0,2019,6
2019-05-26 14:54:52,Flag,WAVED BLUE FLAG FOR CAR 99 (GIO) TIMED AT 16:54:51,,BLUE,Driver,,99,77.0,2019,6
2019-05-26 14:55:04,Other,TURN 10 INCIDENT INVOLVING CARS 44 (HAM) AND 33 (VER) UNDER INVESTIGATION,,,,,,78.0,2019,6
2019-05-26 14:56:01,Flag,WAVED BLUE FLAG FOR CAR 88 (KUB) TIMED AT 16:56:00,,BLUE,Driver,,88,78.0,2019,6
2019-05-26 14:56:13,Flag,CHEQUERED FLAG,,CHEQUERED,Track,,,78.0,2019,6
2019-05-26 14:56:34,Other,TRACK SURFACE SLIPPERY IN TRACK SECTOR 3,,,,,,78.0,2019,6
2019-05-26 14:56:37,Flag,DOUBLE YELLOW IN TRACK SECTOR 4,,DOUBLE YELLOW,Sector,4.0,,78.0,2019,6
2019-06-09 17:40:04,Other,PIT EXIT CLOSED,,,,,,,2019,7
2019-06-09 17:55:09,Other,AIR TEMPERATURE 15 MIN BEFORE THE RACE = 29 DEGREES,,,,,,1.0,2019,7
2019-06-09 17:55:16,Other,RISK OF RAIN FOR THIS SESSION IS 0%,,,,,,1.0,2019,7
2019-06-09 18:07:10,Drs,DRS DISABLED,DISABLED,,,,,1.0,2019,7
2019-06-09 18:13:04,Flag,GREEN LIGHT - PIT EXIT OPEN,,GREEN,Track,,,1.0,2019,7
2019-06-09 18:13:19,Flag,DOUBLE YELLOW IN TRACK SECTOR 1,,DOUBLE YELLOW,Sector,1.0,,1.0,2019,7
2019-06-09 18:13:23,Flag,CLEAR IN TRACK SECTOR 1,,CLEAR,Sector,1.0,,1.0,2019,7
2019-06-09 18:13:26,Flag,YELLOW IN TRACK SECTOR 1,,YELLOW,Sector,1.0,,1.0,2019,7
2019-06-09 18:13:32,Flag,DOUBLE YELLOW IN TRACK SECTOR 1,,DOUBLE YELLOW,Sector,1.0,,1.0,2019,7
2019-06-09 18:13:46,Flag,CLEAR IN TRACK SECTOR 1,,CLEAR,Sector,1.0,,1.0,2019,7
2019-06-09 18:14:01,Flag,DOUBLE YELLOW IN TRACK SECTOR 1,,DOUBLE YELLOW,Sector,1.0,,1.0,2019,7
2019-06-09 18:14:33,Flag,CLEAR IN TRACK SECTOR 1,,CLEAR,Sector,1.0,,2.0,2019,7
2019-06-09 18:15:52,Drs,DRS ENABLED,ENABLED,,,,,3.0,2019,7
2019-06-09 18:20:13,Other,"LAP 1, TURN 1 INCIDENT INVOLVING CARS 23 (ALB) AND 99 (GIO) NOTED - NO INVESTIGATION NECESSARY",,,,,,6.0,2019,7
2019-06-09 18:23:19,CarEvent,CAR 4 (NOR) OFF TRACK AND CONTINUED AT TURN 8,,,,,4,8.0,2019,7
2019-06-09 18:23:56,CarEvent,CAR 4 (NOR) OFF TRACK AND CONTINUED AT TURN 13,,,,,4,9.0,2019,7
2019-06-09 18:24:12,Flag,DOUBLE YELLOW IN TRACK SECTOR 1,,DOUBLE YELLOW,Sector,1.0,,9.0,2019,7
2019-06-09 18:27:21,Flag,CLEAR IN TRACK SECTOR 1,,CLEAR,Sector,1.0,,12.0,2019,7
2019-06-09 18:27:59,Flag,WAVED BLUE FLAG FOR CAR 88 (KUB) TIMED AT 14:27:58,,BLUE,Driver,,88,12.0,2019,7
2019-06-09 18:28:46,Flag,WAVED BLUE FLAG FOR CAR 88 (KUB) TIMED AT 14:28:45,,BLUE,Driver,,88,13.0,2019,7
2019-06-09 18:28:55,Flag,DOUBLE YELLOW IN TRACK SECTOR 1,,DOUBLE YELLOW,Sector,1.0,,13.0,2019,7
2019-06-09 18:30:05,Flag,CLEAR IN TRACK SECTOR 1,,CLEAR,Sector,1.0,,14.0,2019,7
2019-06-09 18:30:12,Flag,WAVED BLUE FLAG FOR CAR 88 (KUB) TIMED AT 14:30:11,,BLUE,Driver,,88,14.0,2019,7
2019-06-09 18:31:34,Flag,WAVED BLUE FLAG FOR CAR 23 (ALB) TIMED AT 14:31:33,,BLUE,Driver,,23,15.0,2019,7
2019-06-09 18:32:19,Flag,WAVED BLUE FLAG FOR CAR 23 (ALB) TIMED AT 14:32:18,,BLUE,Driver,,23,15.0,2019,7
2019-06-09 18:34:14,Flag,WAVED BLUE FLAG FOR CAR 23 (ALB) TIMED AT 14:34:14,,BLUE,Driver,,23,17.0,2019,7
2019-06-09 18:35:30,Flag,WAVED BLUE FLAG FOR CAR 63 (RUS) TIMED AT 14:35:29,,BLUE,Driver,,63,18.0,2019,7
2019-06-09 18:36:09,Flag,WAVED BLUE FLAG FOR CAR 63 (RUS) TIMED AT 14:36:08,,BLUE,Driver,,63,18.0,2019,7
2019-06-09 18:37:17,Flag,WAVED BLUE FLAG FOR CAR 88 (KUB) TIMED AT 14:37:16,,BLUE,Driver,,88,19.0,2019,7
2019-06-09 18:37:30,Flag,WAVED BLUE FLAG FOR CAR 63 (RUS) TIMED AT 14:37:29,,BLUE,Driver,,63,20.0,2019,7
2019-06-09 18:40:49,Flag,WAVED BLUE FLAG FOR CAR 20 (MAG) TIMED AT 14:40:49,,BLUE,Driver,,20,22.0,2019,7
2019-06-09 18:41:14,Flag,WAVED BLUE FLAG FOR CAR 20 (MAG) TIMED AT 14:41:14,,BLUE,Driver,,20,22.0,2019,7
2019-06-09 18:42:00,Flag,WAVED BLUE FLAG FOR CAR 20 (MAG) TIMED AT 14:41:59,,BLUE,Driver,,20,23.0,2019,7
2019-06-09 18:44:26,Flag,WAVED BLUE FLAG FOR CAR 88 (KUB) TIMED AT 14:44:25,,BLUE,Driver,,88,25.0,2019,7
2019-06-09 18:46:39,Flag,WAVED BLUE FLAG FOR CAR 88 (KUB) TIMED AT 14:46:38,,BLUE,Driver,,88,27.0,2019,7
2019-06-09 18:46:49,Flag,WAVED BLUE FLAG FOR CAR 63 (RUS) TIMED AT 14:46:48,,BLUE,Driver,,63,27.0,2019,7
2019-06-09 18:46:57,Flag,WAVED BLUE FLAG FOR CAR 63 (RUS) TIMED AT 14:46:57,,BLUE,Driver,,63,27.0,2019,7
2019-06-09 18:47:07,CarEvent,CAR 63 (RUS) OFF TRACK AND CONTINUED AT TURN 13,,,,,63,27.0,2019,7
2019-06-09 18:47:15,Flag,WAVED BLUE FLAG FOR CAR 23 (ALB) TIMED AT 14:47:15,,BLUE,Driver,,23,27.0,2019,7
2019-06-09 18:47:44,Flag,WAVED BLUE FLAG FOR CAR 88 (KUB) TIMED AT 14:47:43,,BLUE,Driver,,88,27.0,2019,7
2019-06-09 18:47:52,CarEvent,CAR 99 (GIO) SPUN AND CONTINUED AT TURN 2,,,,,99,28.0,2019,7
2019-06-09 18:47:57,Flag,WAVED BLUE FLAG FOR CAR 23 (ALB) TIMED AT 14:47:56,,BLUE,Driver,,23,28.0,2019,7
2019-06-09 18:48:44,Flag,WAVED BLUE FLAG FOR CAR 88 (KUB) TIMED AT 14:48:43,,BLUE,Driver,,88,28.0,2019,7
2019-06-09 18:49:39,Flag,WAVED BLUE FLAG FOR CAR 20 (MAG) TIMED AT 14:49:38,,BLUE,Driver,,20,29.0,2019,7
2019-06-09 18:51:21,Flag,WAVED BLUE FLAG FOR CAR 20 (MAG) TIMED AT 14:51:20,,BLUE,Driver,,20,30.0,2019,7
2019-06-09 18:51:22,CarEvent,CAR 55 (SAI) OFF TRACK AND CONTINUED AT TURN 13,,,,,55,30.0,2019,7
2019-06-09 18:51:37,Flag,DOUBLE YELLOW IN TRACK SECTOR 1,,DOUBLE YELLOW,Sector,1.0,,30.0,2019,7
2019-06-09 18:52:52,Flag,CLEAR IN TRACK SECTOR 1,,CLEAR,Sector,1.0,,31.0,2019,7
2019-06-09 18:53:11,Flag,WAVED BLUE FLAG FOR CAR 20 (MAG) TIMED AT 14:53:11,,BLUE,Driver,,20,32.0,2019,7
2019-06-09 18:53:27,CarEvent,CAR 27 (HUL) OFF TRACK AND CONTINUED AT TURN 8,,,,,27,32.0,2019,7
2019-06-09 18:54:18,Flag,WAVED BLUE FLAG FOR CAR 88 (KUB) TIMED AT 14:54:17,,BLUE,Driver,,88,33.0,2019,7
2019-06-09 18:56:48,Other,TURN 1 INCIDENT INVOLVING CARS 8 (GRO) AND 11 (PER) NOTED - NO INVESTIGATION NECESSARY,,,,,,34.0,2019,7
2019-06-09 18:57:06,Flag,WAVED BLUE FLAG FOR CAR 99 (GIO) TIMED AT 14:57:06,,BLUE,Driver,,99,35.0,2019,7
2019-06-09 18:58:36,Flag,WAVED BLUE FLAG FOR CAR 8 (GRO) TIMED AT 14:58:36,,BLUE,Driver,,8,36.0,2019,7
2019-06-09 18:59:13,Flag,WAVED BLUE FLAG FOR CAR 63 (RUS) TIMED AT 14:59:13,,BLUE,Driver,,63,36.0,2019,7
2019-06-09 19:00:19,Flag,WAVED BLUE FLAG FOR CAR 88 (KUB) TIMED AT 15:00:19,,BLUE,Driver,,88,37.0,2019,7
2019-06-09 19:01:38,Flag,WAVED BLUE FLAG FOR CAR 63 (RUS) TIMED AT 15:01:38,,BLUE,Driver,,63,38.0,2019,7
2019-06-09 19:01:57,Flag,WAVED BLUE FLAG FOR CAR 7 (RAI) TIMED AT 15:01:57,,BLUE,Driver,,7,39.0,2019,7
2019-06-09 19:02:33,Flag,WAVED BLUE FLAG FOR CAR 7 (RAI) TIMED AT 15:02:32,,BLUE,Driver,,7,39.0,2019,7
2019-06-09 19:02:50,Flag,WAVED BLUE FLAG FOR CAR 88 (KUB) TIMED AT 15:02:49,,BLUE,Driver,,88,39.0,2019,7
2019-06-09 19:03:14,Flag,WAVED BLUE FLAG FOR CAR 99 (GIO) TIMED AT 15:03:14,,BLUE,Driver,,99,40.0,2019,7
2019-06-09 19:04:11,Flag,WAVED BLUE FLAG FOR CAR 23 (ALB) TIMED AT 15:04:11,,BLUE,Driver,,23,40.0,2019,7
2019-06-09 19:04:30,Flag,WAVED BLUE FLAG FOR CAR 23 (ALB) TIMED AT 15:04:30,,BLUE,Driver,,23,41.0,2019,7
2019-06-09 19:04:37,Flag,WAVED BLUE FLAG FOR CAR 20 (MAG) TIMED AT 15:04:37,,BLUE,Driver,,20,41.0,2019,7
2019-06-09 19:04:50,Flag,WAVED BLUE FLAG FOR CAR 88 (KUB) TIMED AT 15:04:50,,BLUE,Driver,,88,41.0,2019,7
2019-06-09 19:05:01,Flag,WAVED BLUE FLAG FOR CAR 63 (RUS) TIMED AT 15:05:01,,BLUE,Driver,,63,41.0,2019,7
2019-06-09 19:05:27,Flag,WAVED BLUE FLAG FOR CAR 88 (KUB) TIMED AT 15:05:26,,BLUE,Driver,,88,41.0,2019,7
2019-06-09 19:05:33,Flag,WAVED BLUE FLAG FOR CAR 63 (RUS) TIMED AT 15:05:32,,BLUE,Driver,,63,41.0,2019,7
2019-06-09 19:06:13,Flag,WAVED BLUE FLAG FOR CAR 23 (ALB) TIMED AT 15:06:12,,BLUE,Driver,,23,42.0,2019,7
2019-06-09 19:07:51,Flag,WAVED BLUE FLAG FOR CAR 11 (PER) TIMED AT 15:07:50,,BLUE,Driver,,11,43.0,2019,7
2019-06-09 19:08:18,Flag,WAVED BLUE FLAG FOR CAR 88 (KUB) TIMED AT 15:08:17,,BLUE,Driver,,88,44.0,2019,7
2019-06-09 19:09:30,Flag,WAVED BLUE FLAG FOR CAR 99 (GIO) TIMED AT 15:09:30,,BLUE,Driver,,99,45.0,2019,7
2019-06-09 19:10:20,Flag,WAVED BLUE FLAG FOR CAR 88 (KUB) TIMED AT 15:10:20,,BLUE,Driver,,88,45.0,2019,7
2019-06-09 19:10:40,Flag,WAVED BLUE FLAG FOR CAR 7 (RAI) TIMED AT 15:10:39,,BLUE,Driver,,7,45.0,2019,7
2019-06-09 19:12:36,Flag,WAVED BLUE FLAG FOR CAR 20 (MAG) TIMED AT 15:12:36,,BLUE,Driver,,20,47.0,2019,7
2019-06-09 19:12:53,Flag,WAVED BLUE FLAG FOR CAR 8 (GRO) TIMED AT 15:12:53,,BLUE,Driver,,8,47.0,2019,7
2019-06-09 19:13:26,Flag,WAVED BLUE FLAG FOR CAR 26 (KVY) TIMED AT 15:13:25,,BLUE,Driver,,26,48.0,2019,7
2019-06-09 19:14:54,Flag,WAVED BLUE FLAG FOR CAR 26 (KVY) TIMED AT 15:14:53,,BLUE,Driver,,26,49.0,2019,7
2019-06-09 19:15:14,Flag,WAVED BLUE FLAG FOR CAR 99 (GIO) TIMED AT 15:15:13,,BLUE,Driver,,99,49.0,2019,7
2019-06-09 19:15:17,Flag,WAVED BLUE FLAG FOR CAR 23 (ALB) TIMED AT 15:15:16,,BLUE,Driver,,23,49.0,2019,7
2019-06-09 19:15:36,Flag,WAVED BLUE FLAG FOR CAR 11 (PER) TIMED AT 15:15:35,,BLUE,Driver,,11,49.0,2019,7
2019-06-09 19:15:39,Flag,WAVED BLUE FLAG FOR CAR 26 (KVY) TIMED AT 15:15:38,,BLUE,Driver,,26,49.0,2019,7
2019-06-09 19:15:48,Flag,WAVED BLUE FLAG FOR CAR 88 (KUB) TIMED AT 15:15:47,,BLUE,Driver,,88,49.0,2019,7
2019-06-09 19:16:29,Other,TURN 4 INCIDENT INVOLVING CARS 5 (VET) AND 44 (HAM) UNDER INVESTIGATION,,,,,,50.0,2019,7
2019-06-09 19:16:45,Flag,WAVED BLUE FLAG FOR CAR 18 (STR) TIMED AT 15:16:45,,BLUE,Driver,,18,50.0,2019,7
2019-06-09 19:16:51,Flag,WAVED BLUE FLAG FOR CAR 20 (MAG) TIMED AT 15:16:51,,BLUE,Driver,,20,50.0,2019,7
2019-06-09 19:18:31,Flag,WAVED BLUE FLAG FOR CAR 20 (MAG) TIMED AT 15:18:31,,BLUE,Driver,,20,52.0,2019,7
2019-06-09 19:20:22,Flag,WAVED BLUE FLAG FOR CAR 88 (KUB) TIMED AT 15:20:22,,BLUE,Driver,,88,53.0,2019,7
2019-06-09 19:20:28,Flag,WAVED BLUE FLAG FOR CAR 20 (MAG) TIMED AT 15:20:28,,BLUE,Driver,,20,53.0,2019,7
2019-06-09 19:21:00,Flag,WAVED BLUE FLAG FOR CAR 55 (SAI) TIMED AT 15:21:00,,BLUE,Driver,,55,54.0,2019,7
2019-06-09 19:22:01,Flag,WAVED BLUE FLAG FOR CAR 63 (RUS) TIMED AT 15:22:00,,BLUE,Driver,,63,54.0,2019,7
2019-06-09 19:22:18,Flag,WAVED BLUE FLAG FOR CAR 26 (KVY) TIMED AT 15:22:17,,BLUE,Driver,,26,55.0,2019,7
2019-06-09 19:22:25,Flag,WAVED BLUE FLAG FOR CAR 63 (RUS) TIMED AT 15:22:25,,BLUE,Driver,,63,55.0,2019,7
2019-06-09 19:22:30,Flag,WAVED BLUE FLAG FOR CAR 63 (RUS) TIMED AT 15:22:29,,BLUE,Driver,,63,55.0,2019,7
2019-06-09 19:24:14,Flag,WAVED BLUE FLAG FOR CAR 18 (STR) TIMED AT 15:24:14,,BLUE,Driver,,18,56.0,2019,7
2019-06-09 19:25:09,Flag,WAVED BLUE FLAG FOR CAR 8 (GRO) TIMED AT 15:25:08,,BLUE,Driver,,8,57.0,2019,7
2019-06-09 19:25:10,Flag,WAVED BLUE FLAG FOR CAR 23 (ALB) TIMED AT 15:25:10,,BLUE,Driver,,23,57.0,2019,7
2019-06-09 19:25:16,Flag,WAVED BLUE FLAG FOR CAR 63 (RUS) TIMED AT 15:25:16,,BLUE,Driver,,63,57.0,2019,7
2019-06-09 19:25:21,Flag,WAVED BLUE FLAG FOR CAR 20 (MAG) TIMED AT 15:25:20,,BLUE,Driver,,20,57.0,2019,7
2019-06-09 19:25:22,Flag,WAVED BLUE FLAG FOR CAR 7 (RAI) TIMED AT 15:25:21,,BLUE,Driver,,7,57.0,2019,7
2019-06-09 19:25:33,Other,5 SECOND TIME PENALTY FOR CAR 5 (VET) - UNSAFE RE-ENTRY AND FORCING ANOTHER DRIVER OFF THE TRACK,,,,,,57.0,2019,7
2019-06-09 19:25:41,Flag,WAVED BLUE FLAG FOR CAR 63 (RUS) TIMED AT 15:25:40,,BLUE,Driver,,63,57.0,2019,7
2019-06-09 19:25:42,Flag,WAVED BLUE FLAG FOR CAR 23 (ALB) TIMED AT 15:25:42,,BLUE,Driver,,23,57.0,2019,7
2019-06-09 19:26:21,Flag,WAVED BLUE FLAG FOR CAR 63 (RUS) TIMED AT 15:26:21,,BLUE,Driver,,63,58.0,2019,7
2019-06-09 19:26:53,Flag,WAVED BLUE FLAG FOR CAR 55 (SAI) TIMED AT 15:26:53,,BLUE,Driver,,55,58.0,2019,7
2019-06-09 19:27:12,Flag,WAVED BLUE FLAG FOR CAR 88 (KUB) TIMED AT 15:27:12,,BLUE,Driver,,88,59.0,2019,7
2019-06-09 19:27:18,Flag,WAVED BLUE FLAG FOR CAR 55 (SAI) TIMED AT 15:27:17,,BLUE,Driver,,55,59.0,2019,7
2019-06-09 19:28:00,Flag,WAVED BLUE FLAG FOR CAR 88 (KUB) TIMED AT 15:27:59,,BLUE,Driver,,88,59.0,2019,7
2019-06-09 19:28:13,Flag,WAVED BLUE FLAG FOR CAR 99 (GIO) TIMED AT 15:28:12,,BLUE,Driver,,99,59.0,2019,7
2019-06-09 19:28:32,Flag,WAVED BLUE FLAG FOR CAR 23 (ALB) TIMED AT 15:28:31,,BLUE,Driver,,23,60.0,2019,7
2019-06-09 19:29:36,CarEvent,CAR 23 (ALB) OFF TRACK AND CONTINUED AT TURN 8,,,,,23,60.0,2019,7
2019-06-09 19:30:11,Flag,WAVED BLUE FLAG FOR CAR 23 (ALB) TIMED AT 15:30:10,,BLUE,Driver,,23,61.0,2019,7
2019-06-09 19:30:30,Flag,WAVED BLUE FLAG FOR CAR 20 (MAG) TIMED AT 15:30:30,,BLUE,Driver,,20,61.0,2019,7
2019-06-09 19:31:00,Flag,WAVED BLUE FLAG FOR CAR 23 (ALB) TIMED AT 15:30:59,,BLUE,Driver,,23,62.0,2019,7
2019-06-09 19:31:20,Flag,WAVED BLUE FLAG FOR CAR 88 (KUB) TIMED AT 15:31:19,,BLUE,Driver,,88,62.0,2019,7
2019-06-09 19:31:44,Flag,WAVED BLUE FLAG FOR CAR 7 (RAI) TIMED AT 15:31:44,,BLUE,Driver,,7,62.0,2019,7
2019-06-09 19:32:00,Flag,WAVED BLUE FLAG FOR CAR 23 (ALB) TIMED AT 15:31:59,,BLUE,Driver,,23,62.0,2019,7
2019-06-09 19:33:00,Flag,WAVED BLUE FLAG FOR CAR 7 (RAI) TIMED AT 15:33:00,,BLUE,Driver,,7,63.0,2019,7
2019-06-09 19:33:22,Flag,WAVED BLUE FLAG FOR CAR 10 (GAS) TIMED AT 15:33:22,,BLUE,Driver,,10,63.0,2019,7
2019-06-09 19:33:58,Flag,WAVED BLUE FLAG FOR CAR 10 (GAS) TIMED AT 15:33:57,,BLUE,Driver,,10,64.0,2019,7
2019-06-09 19:34:32,Flag,WAVED BLUE FLAG FOR CAR 11 (PER) TIMED AT 15:34:32,,BLUE,Driver,,11,64.0,2019,7
2019-06-09 19:35:52,Flag,WAVED BLUE FLAG FOR CAR 63 (RUS) TIMED AT 15:35:52,,BLUE,Driver,,63,65.0,2019,7
2019-06-09 19:36:41,Flag,WAVED BLUE FLAG FOR CAR 63 (RUS) TIMED AT 15:36:41,,BLUE,Driver,,63,66.0,2019,7
2019-06-09 19:37:53,Flag,WAVED BLUE FLAG FOR CAR 27 (HUL) TIMED AT 15:37:53,,BLUE,Driver,,27,67.0,2019,7
2019-06-09 19:38:07,Flag,WAVED BLUE FLAG FOR CAR 10 (GAS) TIMED AT 15:38:07,,BLUE,Driver,,10,67.0,2019,7
2019-06-09 19:39:52,Flag,WAVED BLUE FLAG FOR CAR 3 (RIC) TIMED AT 15:39:52,,BLUE,Driver,,3,69.0,2019,7
2019-06-09 19:40:29,Flag,WAVED BLUE FLAG FOR CAR 20 (MAG) TIMED AT 15:40:29,,BLUE,Driver,,20,69.0,2019,7
2019-06-09 19:42:06,Flag,CHEQUERED FLAG,,CHEQUERED,Track,,,70.0,2019,7
2019-06-09 19:42:11,Flag,WAVED BLUE FLAG FOR CAR 27 (HUL) TIMED AT 15:42:11,,BLUE,Driver,,27,70.0,2019,7
2019-06-09 19:42:43,Flag,WAVED BLUE FLAG FOR CAR 63 (RUS) TIMED AT 15:42:43,,BLUE,Driver,,63,70.0,2019,7
2019-06-23 12:55:01,Other,RISK OF RAIN FOR THIS SESSION IS 0%,,,,,,1.0,2019,8
2019-06-23 13:07:15,Drs,DRS DISABLED,DISABLED,,,,,1.0,2019,8
2019-06-23 13:13:25,Flag,GREEN LIGHT - PIT EXIT OPEN,,GREEN,Track,,,1.0,2019,8
2019-06-23 13:16:46,Drs,DRS ENABLED,ENABLED,,,,,3.0,2019,8
2019-06-23 13:21:54,Other,"LAP 1, TURN 3 INCIDENT INVOLVING CAR 11 (PER) NOTED - LEAVING THE TRACK AND GAINING AN ADVANTAGE",,,,,,6.0,2019,8
2019-06-23 13:26:54,Other,"LAP 1, TURN 3 INCIDENT INVOLVING CAR 11 (PER) UNDER INVESTIGATION - LEAVING THE TRACK AND GAINING AN ADVANTAGE",,,,,,9.0,2019,8
2019-06-23 13:27:48,Other,5 SECOND TIME PENALTY FOR CAR 11 (PER) - LEAVING THE TRACK AND GAINING AN ADVANTAGE,,,,,,9.0,2019,8
2019-06-23 13:45:54,Flag,WAVED BLUE FLAG FOR CAR 20 (MAG) TIMED AT 15:45:53,,BLUE,Driver,,20,21.0,2019,8
2019-06-23 13:46:10,Flag,WAVED BLUE FLAG FOR CAR 88 (KUB) TIMED AT 15:46:09,,BLUE,Driver,,88,21.0,2019,8
2019-06-23 13:46:29,Flag,WAVED BLUE FLAG FOR CAR 20 (MAG) TIMED AT 15:46:29,,BLUE,Driver,,20,21.0,2019,8
2019-06-23 13:47:18,Flag,WAVED BLUE FLAG FOR CAR 63 (RUS) TIMED AT 15:47:18,,BLUE,Driver,,63,22.0,2019,8
2019-06-23 13:48:14,Flag,WAVED BLUE FLAG FOR CAR 88 (KUB) TIMED AT 15:48:13,,BLUE,Driver,,88,22.0,2019,8
2019-06-23 13:48:51,Flag,DOUBLE YELLOW IN TRACK SECTOR 2,,DOUBLE YELLOW,Sector,2.0,,23.0,2019,8
2019-06-23 13:49:01,Flag,CLEAR IN TRACK SECTOR 2,,CLEAR,Sector,2.0,,23.0,2019,8
2019-06-23 13:49:51,Flag,WAVED BLUE FLAG FOR CAR 20 (MAG) TIMED AT 15:49:50,,BLUE,Driver,,20,23.0,2019,8
2019-06-23 13:54:18,Flag,WAVED BLUE FLAG FOR CAR 88 (KUB) TIMED AT 15:54:17,,BLUE,Driver,,88,26.0,2019,8
2019-06-23 13:56:04,Flag,WAVED BLUE FLAG FOR CAR 63 (RUS) TIMED AT 15:56:03,,BLUE,Driver,,63,27.0,2019,8
2019-06-23 13:56:31,Flag,WAVED BLUE FLAG FOR CAR 88 (KUB) TIMED AT 15:56:31,,BLUE,Driver,,88,27.0,2019,8
2019-06-23 13:58:22,Flag,WAVED BLUE FLAG FOR CAR 20 (MAG) TIMED AT 15:58:22,,BLUE,Driver,,20,28.0,2019,8
2019-06-23 13:58:41,Flag,WAVED BLUE FLAG FOR CAR 63 (RUS) TIMED AT 15:58:40,,BLUE,Driver,,63,29.0,2019,8
2019-06-23 13:59:09,Flag,WAVED BLUE FLAG FOR CAR 20 (MAG) TIMED AT 15:59:08,,BLUE,Driver,,20,29.0,2019,8
2019-06-23 14:00:30,Other,TURN 8 INCIDENT INVOLVING CARS 3 (RIC) AND 8 (GRO) NOTED,,,,,,30.0,2019,8
2019-06-23 14:05:31,Flag,WAVED BLUE FLAG FOR CAR 20 (MAG) TIMED AT 16:05:30,,BLUE,Driver,,20,33.0,2019,8
2019-06-23 14:06:00,Flag,WAVED BLUE FLAG FOR CAR 99 (GIO) TIMED AT 16:05:59,,BLUE,Driver,,99,33.0,2019,8
2019-06-23 14:07:00,Flag,WAVED BLUE FLAG FOR CAR 8 (GRO) TIMED AT 16:07:00,,BLUE,Driver,,8,34.0,2019,8
2019-06-23 14:07:54,Flag,WAVED BLUE FLAG FOR CAR 23 (ALB) TIMED AT 16:07:54,,BLUE,Driver,,23,34.0,2019,8
2019-06-23 14:07:56,Flag,WAVED BLUE FLAG FOR CAR 88 (KUB) TIMED AT 16:07:55,,BLUE,Driver,,88,35.0,2019,8
2019-06-23 14:08:36,Flag,WAVED BLUE FLAG FOR CAR 20 (MAG) TIMED AT 16:08:35,,BLUE,Driver,,20,35.0,2019,8
2019-06-23 14:09:21,Flag,WAVED BLUE FLAG FOR CAR 63 (RUS) TIMED AT 16:09:21,,BLUE,Driver,,63,35.0,2019,8
2019-06-23 14:10:07,Flag,DOUBLE YELLOW IN TRACK SECTOR 2,,DOUBLE YELLOW,Sector,2.0,,36.0,2019,8
2019-06-23 14:10:09,Flag,WAVED BLUE FLAG FOR CAR 63 (RUS) TIMED AT 16:10:08,,BLUE,Driver,,63,36.0,2019,8
2019-06-23 14:10:13,Flag,CLEAR IN TRACK SECTOR 2,,CLEAR,Sector,2.0,,36.0,2019,8
2019-06-23 14:11:34,Flag,WAVED BLUE FLAG FOR CAR 8 (GRO) TIMED AT 16:11:33,,BLUE,Driver,,8,37.0,2019,8
2019-06-23 14:11:44,Other,TURN 8 INCIDENT INVOLVING CARS 3 (RIC) AND 8 (GRO) - NO INVESTIGATION NECESSARY,,,,,,37.0,2019,8
2019-06-23 14:12:17,Flag,WAVED BLUE FLAG FOR CAR 99 (GIO) TIMED AT 16:12:16,,BLUE,Driver,,99,37.0,2019,8
2019-06-23 14:12:26,Flag,WAVED BLUE FLAG FOR CAR 20 (MAG) TIMED AT 16:12:26,,BLUE,Driver,,20,37.0,2019,8
2019-06-23 14:12:36,Flag,WAVED BLUE FLAG FOR CAR 26 (KVY) TIMED AT 16:12:35,,BLUE,Driver,,26,37.0,2019,8
2019-06-23 14:13:58,Flag,WAVED BLUE FLAG FOR CAR 63 (RUS) TIMED AT 16:13:57,,BLUE,Driver,,63,38.0,2019,8
2019-06-23 14:16:21,Flag,WAVED BLUE FLAG FOR CAR 23 (ALB) TIMED AT 16:16:21,,BLUE,Driver,,23,40.0,2019,8
2019-06-23 14:16:35,Flag,WAVED BLUE FLAG FOR CAR 8 (GRO) TIMED AT 16:16:34,,BLUE,Driver,,8,40.0,2019,8
2019-06-23 14:16:38,Flag,WAVED BLUE FLAG FOR CAR 11 (PER) TIMED AT 16:16:37,,BLUE,Driver,,11,40.0,2019,8
2019-06-23 14:16:43,Flag,WAVED BLUE FLAG FOR CAR 23 (ALB) TIMED AT 16:16:42,,BLUE,Driver,,23,40.0,2019,8
2019-06-23 14:17:32,Flag,WAVED BLUE FLAG FOR CAR 63 (RUS) TIMED AT 16:17:32,,BLUE,Driver,,63,41.0,2019,8
2019-06-23 14:17:38,Flag,WAVED BLUE FLAG FOR CAR 20 (MAG) TIMED AT 16:17:38,,BLUE,Driver,,20,41.0,2019,8
2019-06-23 14:19:09,Flag,WAVED BLUE FLAG FOR CAR 10 (GAS) TIMED AT 16:19:08,,BLUE,Driver,,10,42.0,2019,8
2019-06-23 14:20:07,Flag,WAVED BLUE FLAG FOR CAR 63 (RUS) TIMED AT 16:20:06,,BLUE,Driver,,63,42.0,2019,8
2019-06-23 14:20:45,Flag,WAVED BLUE FLAG FOR CAR 88 (KUB) TIMED AT 16:20:44,,BLUE,Driver,,88,43.0,2019,8
2019-06-23 14:20:54,Flag,WAVED BLUE FLAG FOR CAR 26 (KVY) TIMED AT 16:20:54,,BLUE,Driver,,26,43.0,2019,8
2019-06-23 14:21:22,Flag,WAVED BLUE FLAG FOR CAR 88 (KUB) TIMED AT 16:21:22,,BLUE,Driver,,88,43.0,2019,8
2019-06-23 14:21:33,Flag,WAVED BLUE FLAG FOR CAR 26 (KVY) TIMED AT 16:21:32,,BLUE,Driver,,26,43.0,2019,8
2019-06-23 14:22:21,Flag,WAVED BLUE FLAG FOR CAR 8 (GRO) TIMED AT 16:22:20,,BLUE,Driver,,8,44.0,2019,8
2019-06-23 14:22:27,Flag,WAVED BLUE FLAG FOR CAR 23 (ALB) TIMED AT 16:22:26,,BLUE,Driver,,23,44.0,2019,8
2019-06-23 14:22:47,Flag,WAVED BLUE FLAG FOR CAR 88 (KUB) TIMED AT 16:22:47,,BLUE,Driver,,88,44.0,2019,8
2019-06-23 14:23:54,Flag,WAVED BLUE FLAG FOR CAR 27 (HUL) TIMED AT 16:23:54,,BLUE,Driver,,27,45.0,2019,8
2019-06-23 14:24:05,Flag,WAVED BLUE FLAG FOR CAR 27 (HUL) TIMED AT 16:24:05,,BLUE,Driver,,27,45.0,2019,8
2019-06-23 14:24:25,Flag,WAVED BLUE FLAG FOR CAR 63 (RUS) TIMED AT 16:24:25,,BLUE,Driver,,63,45.0,2019,8
2019-06-23 14:24:45,Flag,WAVED BLUE FLAG FOR CAR 88 (KUB) TIMED AT 16:24:44,,BLUE,Driver,,88,45.0,2019,8
2019-06-23 14:25:24,Flag,WAVED BLUE FLAG FOR CAR 88 (KUB) TIMED AT 16:25:23,,BLUE,Driver,,88,46.0,2019,8
2019-06-23 14:25:34,Flag,WAVED BLUE FLAG FOR CAR 7 (RAI) TIMED AT 16:25:33,,BLUE,Driver,,7,46.0,2019,8
2019-06-23 14:26:04,Flag,WAVED BLUE FLAG FOR CAR 18 (STR) TIMED AT 16:26:04,,BLUE,Driver,,18,46.0,2019,8
2019-06-23 14:26:33,Flag,WAVED BLUE FLAG FOR CAR 63 (RUS) TIMED AT 16:26:32,,BLUE,Driver,,63,46.0,2019,8
2019-06-23 14:27:13,Flag,WAVED BLUE FLAG FOR CAR 26 (KVY) TIMED AT 16:27:12,,BLUE,Driver,,26,47.0,2019,8
2019-06-23 14:27:31,Flag,WAVED BLUE FLAG FOR CAR 63 (RUS) TIMED AT 16:27:30,,BLUE,Driver,,63,47.0,2019,8
2019-06-23 14:27:38,Flag,WAVED BLUE FLAG FOR CAR 88 (KUB) TIMED AT 16:27:38,,BLUE,Driver,,88,47.0,2019,8
2019-06-23 14:28:22,Flag,WAVED BLUE FLAG FOR CAR 88 (KUB) TIMED AT 16:28:21,,BLUE,Driver,,88,48.0,2019,8
2019-06-23 14:28:48,Flag,WAVED BLUE FLAG FOR CAR 26 (KVY) TIMED AT 16:28:47,,BLUE,Driver,,26,48.0,2019,8
2019-06-23 14:29:04,Flag,WAVED BLUE FLAG FOR CAR 3 (RIC) TIMED AT 16:29:03,,BLUE,Driver,,3,48.0,2019,8
2019-06-23 14:29:17,Flag,WAVED BLUE FLAG FOR CAR 88 (KUB) TIMED AT 16:29:17,,BLUE,Driver,,88,48.0,2019,8
2019-06-23 14:29:49,Flag,WAVED BLUE FLAG FOR CAR 23 (ALB) TIMED AT 16:29:48,,BLUE,Driver,,23,48.0,2019,8
2019-06-23 14:29:57,Flag,WAVED BLUE FLAG FOR CAR 88 (KUB) TIMED AT 16:29:57,,BLUE,Driver,,88,49.0,2019,8
2019-06-23 14:30:23,Flag,WAVED BLUE FLAG FOR CAR 26 (KVY) TIMED AT 16:30:22,,BLUE,Driver,,26,49.0,2019,8
2019-06-23 14:30:30,Flag,WAVED BLUE FLAG FOR CAR 26 (KVY) TIMED AT 16:30:29,,BLUE,Driver,,26,49.0,2019,8
2019-06-23 14:31:04,Flag,WAVED BLUE FLAG FOR CAR 63 (RUS) TIMED AT 16:31:03,,BLUE,Driver,,63,49.0,2019,8
2019-06-23 14:31:08,Flag,WAVED BLUE FLAG FOR CAR 26 (KVY) TIMED AT 16:31:07,,BLUE,Driver,,26,49.0,2019,8
2019-06-23 14:31:16,Flag,DOUBLE YELLOW IN TRACK SECTOR 4,,DOUBLE YELLOW,Sector,4.0,,49.0,2019,8
2019-06-23 14:31:17,Flag,WAVED BLUE FLAG FOR CAR 26 (KVY) TIMED AT 16:31:16,,BLUE,Driver,,26,49.0,2019,8
2019-06-23 14:31:25,Flag,CLEAR IN TRACK SECTOR 4,,CLEAR,Sector,4.0,,49.0,2019,8
2019-06-23 14:32:12,Flag,WAVED BLUE FLAG FOR CAR 18 (STR) TIMED AT 16:32:12,,BLUE,Driver,,18,50.0,2019,8
2019-06-23 14:32:41,Flag,YELLOW IN TRACK SECTOR 2,,YELLOW,Sector,2.0,,50.0,2019,8
2019-06-23 14:32:49,Flag,WAVED BLUE FLAG FOR CAR 11 (PER) TIMED AT 16:32:48,,BLUE,Driver,,11,50.0,2019,8
2019-06-23 14:32:53,SafetyCar,VIRTUAL SAFETY CAR DEPLOYED,DEPLOYED,,,,,50.0,2019,8
2019-06-23 14:33:08,Flag,CLEAR IN TRACK SECTOR 2,,CLEAR,Sector,2.0,,50.0,2019,8
2019-06-23 14:33:11,SafetyCar,VIRTUAL SAFETY CAR ENDING,ENDING,,,,,50.0,2019,8
2019-06-23 14:33:25,Flag,TRACK CLEAR,,CLEAR,Track,,,51.0,2019,8
2019-06-23 14:33:26,Flag,WAVED BLUE FLAG FOR CAR 23 (ALB) TIMED AT 16:33:25,,BLUE,Driver,,23,51.0,2019,8
2019-06-23 14:33:27,Drs,DRS ENABLED,ENABLED,,,,,51.0,2019,8
2019-06-23 14:33:38,Flag,WAVED BLUE FLAG FOR CAR 4 (NOR) TIMED AT 16:33:37,,BLUE,Driver,,4,51.0,2019,8
2019-06-23 14:33:59,Flag,WAVED BLUE FLAG FOR CAR 4 (NOR) TIMED AT 16:33:59,,BLUE,Driver,,4,51.0,2019,8
2019-06-23 14:36:16,Flag,WAVED BLUE FLAG FOR CAR 11 (PER) TIMED AT 16:36:15,,BLUE,Driver,,11,52.0,2019,8
2019-06-23 14:36:41,Flag,WAVED BLUE FLAG FOR CAR 11 (PER) TIMED AT 16:36:40,,BLUE,Driver,,11,53.0,2019,8
2019-06-23 14:37:56,Flag,CHEQUERED FLAG,,CHEQUERED,Track,,,53.0,2019,8
2019-06-23 14:38:45,Flag,YELLOW IN TRACK SECTOR 4,,YELLOW,Sector,4.0,,53.0,2019,8
2019-06-23 14:38:48,Flag,CLEAR IN TRACK SECTOR 4,,CLEAR,Sector,4.0,,53.0,2019,8
2019-06-23 14:41:15,Other,TURN 9 INCIDENT INVOLVING CAR 3 (RIC) UNDER INVESTIGATION - LEAVING THE TRACK AND GAINING AN ADVANTAGE,,,,,,53.0,2019,8
2019-06-30 12:55:09,Other,RISK OF RAIN FOR THIS SESSION IS 0%,,,,,,1.0,2019,9
2019-06-30 13:07:03,Drs,DRS DISABLED,DISABLED,,,,,1.0,2019,9
2019-06-30 13:12:52,Flag,GREEN LIGHT - PIT EXIT OPEN,,GREEN,Track,,,1.0,2019,9
2019-06-30 13:15:11,Drs,DRS ENABLED,ENABLED,,,,,2.0,2019,9
2019-06-30 13:19:11,Other,"LAP 1, TURN 1 INCIDENT INVOLVING CARS 99 (GIO) NOTED - NO INVESTIGATION NECESSARY",,,,,,6.0,2019,9
2019-06-30 13:19:43,Other,"LAP 1,TURN 5 INCIDENT INVOLVING CARS 4 (NOR) AND 7 (RAI) NOTED - NO INVESTIGATION NECESSARY",,,,,,6.0,2019,9
2019-06-30 13:21:34,Other,INCIDENT INVOLVING CAR 20 (MAG) UNDER INVESTIGATION - OUT OF POSITION AT THE START,,,,,,8.0,2019,9
2019-06-30 13:27:11,Other,DRIVE THROUGH PENALTY FOR CAR 20 (MAG) - OUT OF POSITION AT THE START,,,,,,13.0,2019,9
2019-06-30 13:29:27,Flag,WAVED BLUE FLAG FOR CAR 20 (MAG) TIMED AT 15:29:26,,BLUE,Driver,,20,15.0,2019,9
2019-06-30 13:31:54,Flag,WAVED BLUE FLAG FOR CAR 20 (MAG) TIMED AT 15:31:54,,BLUE,Driver,,20,17.0,2019,9
2019-06-30 13:38:54,Flag,WAVED BLUE FLAG FOR CAR 88 (KUB) TIMED AT 15:38:53,,BLUE,Driver,,88,23.0,2019,9
2019-06-30 13:39:51,Flag,WAVED BLUE FLAG FOR CAR 88 (KUB) TIMED AT 15:39:50,,BLUE,Driver,,88,24.0,2019,9
2019-06-30 13:40:15,Flag,WAVED BLUE FLAG FOR CAR 88 (KUB) TIMED AT 15:40:15,,BLUE,Driver,,88,24.0,2019,9
2019-06-30 13:40:23,Flag,WAVED BLUE FLAG FOR CAR 20 (MAG) TIMED AT 15:40:22,,BLUE,Driver,,20,24.0,2019,9
2019-06-30 13:40:31,Flag,WAVED BLUE FLAG FOR CAR 20 (MAG) TIMED AT 15:40:31,,BLUE,Driver,,20,24.0,2019,9
2019-06-30 13:41:56,Flag,WAVED BLUE FLAG FOR CAR 88 (KUB) TIMED AT 15:41:55,,BLUE,Driver,,88,25.0,2019,9
2019-06-30 13:42:05,Flag,WAVED BLUE FLAG FOR CAR 88 (KUB) TIMED AT 15:42:05,,BLUE,Driver,,88,26.0,2019,9
2019-06-30 13:42:22,Flag,WAVED BLUE FLAG FOR CAR 88 (KUB) TIMED AT 15:42:22,,BLUE,Driver,,88,26.0,2019,9
2019-06-30 13:42:54,Flag,WAVED BLUE FLAG FOR CAR 88 (KUB) TIMED AT 15:42:53,,BLUE,Driver,,88,26.0,2019,9
2019-06-30 13:43:25,Flag,WAVED BLUE FLAG FOR CAR 88 (KUB) TIMED AT 15:43:25,,BLUE,Driver,,88,27.0,2019,9
2019-06-30 13:43:58,Flag,WAVED BLUE FLAG FOR CAR 20 (MAG) TIMED AT 15:43:58,,BLUE,Driver,,20,27.0,2019,9
2019-06-30 13:44:44,Flag,WAVED BLUE FLAG FOR CAR 20 (MAG) TIMED AT 15:44:44,,BLUE,Driver,,20,28.0,2019,9
2019-06-30 13:48:24,Flag,WAVED BLUE FLAG FOR CAR 20 (MAG) TIMED AT 15:48:24,,BLUE,Driver,,20,31.0,2019,9
2019-06-30 13:49:30,Flag,WAVED BLUE FLAG FOR CAR 63 (RUS) TIMED AT 15:49:29,,BLUE,Driver,,63,32.0,2019,9
2019-06-30 13:50:54,Flag,WAVED BLUE FLAG FOR CAR 63 (RUS) TIMED AT 15:50:53,,BLUE,Driver,,63,33.0,2019,9
2019-06-30 13:51:47,Flag,WAVED BLUE FLAG FOR CAR 26 (KVY) TIMED AT 15:51:46,,BLUE,Driver,,26,34.0,2019,9
2019-06-30 13:52:30,Flag,WAVED BLUE FLAG FOR CAR 88 (KUB) TIMED AT 15:52:29,,BLUE,Driver,,88,34.0,2019,9
2019-06-30 13:52:46,Flag,WAVED BLUE FLAG FOR CAR 88 (KUB) TIMED AT 15:52:46,,BLUE,Driver,,88,35.0,2019,9
2019-06-30 13:54:05,Flag,WAVED BLUE FLAG FOR CAR 8 (GRO) TIMED AT 15:54:04,,BLUE,Driver,,8,36.0,2019,9
2019-06-30 13:54:51,Flag,WAVED BLUE FLAG FOR CAR 63 (RUS) TIMED AT 15:54:50,,BLUE,Driver,,63,36.0,2019,9
2019-06-30 13:55:25,Flag,WAVED BLUE FLAG FOR CAR 88 (KUB) TIMED AT 15:55:25,,BLUE,Driver,,88,37.0,2019,9
2019-06-30 13:55:28,Flag,WAVED BLUE FLAG FOR CAR 23 (ALB) TIMED AT 15:55:28,,BLUE,Driver,,23,37.0,2019,9
2019-06-30 13:56:23,Flag,WAVED BLUE FLAG FOR CAR 88 (KUB) TIMED AT 15:56:22,,BLUE,Driver,,88,38.0,2019,9
2019-06-30 13:57:59,Flag,WAVED BLUE FLAG FOR CAR 88 (KUB) TIMED AT 15:57:58,,BLUE,Driver,,88,39.0,2019,9
2019-06-30 13:58:42,Flag,WAVED BLUE FLAG FOR CAR 26 (KVY) TIMED AT 15:58:42,,BLUE,Driver,,26,40.0,2019,9
2019-06-30 13:59:04,Flag,WAVED BLUE FLAG FOR CAR 88 (KUB) TIMED AT 15:59:03,,BLUE,Driver,,88,40.0,2019,9
2019-06-30 13:59:36,Flag,WAVED BLUE FLAG FOR CAR 23 (ALB) TIMED AT 15:59:36,,BLUE,Driver,,23,41.0,2019,9
2019-06-30 13:59:56,Flag,WAVED BLUE FLAG FOR CAR 88 (KUB) TIMED AT 15:59:55,,BLUE,Driver,,88,41.0,2019,9
2019-06-30 14:00:51,Flag,WAVED BLUE FLAG FOR CAR 23 (ALB) TIMED AT 16:00:50,,BLUE,Driver,,23,42.0,2019,9
2019-06-30 14:01:13,Flag,WAVED BLUE FLAG FOR CAR 88 (KUB) TIMED AT 16:01:13,,BLUE,Driver,,88,42.0,2019,9
2019-06-30 14:02:42,Flag,WAVED BLUE FLAG FOR CAR 88 (KUB) TIMED AT 16:02:41,,BLUE,Driver,,88,43.0,2019,9
2019-06-30 14:04:35,Flag,WAVED BLUE FLAG FOR CAR 88 (KUB) TIMED AT 16:04:35,,BLUE,Driver,,88,45.0,2019,9
2019-06-30 14:04:49,Flag,WAVED BLUE FLAG FOR CAR 8 (GRO) TIMED AT 16:04:48,,BLUE,Driver,,8,45.0,2019,9
2019-06-30 14:06:19,Flag,WAVED BLUE FLAG FOR CAR 88 (KUB) TIMED AT 16:06:18,,BLUE,Driver,,88,46.0,2019,9
2019-06-30 14:06:53,Flag,WAVED BLUE FLAG FOR CAR 88 (KUB) TIMED AT 16:06:53,,BLUE,Driver,,88,47.0,2019,9
2019-06-30 14:07:06,Flag,WAVED BLUE FLAG FOR CAR 88 (KUB) TIMED AT 16:07:06,,BLUE,Driver,,88,47.0,2019,9
2019-06-30 14:08:29,Flag,WAVED BLUE FLAG FOR CAR 88 (KUB) TIMED AT 16:08:28,,BLUE,Driver,,88,48.0,2019,9
2019-06-30 14:09:36,Flag,WAVED BLUE FLAG FOR CAR 88 (KUB) TIMED AT 16:09:35,,BLUE,Driver,,88,49.0,2019,9
2019-06-30 14:11:26,Flag,WAVED BLUE FLAG FOR CAR 18 (STR) TIMED AT 16:11:25,,BLUE,Driver,,18,51.0,2019,9
2019-06-30 14:12:08,Flag,WAVED BLUE FLAG FOR CAR 88 (KUB) TIMED AT 16:12:08,,BLUE,Driver,,88,52.0,2019,9
2019-06-30 14:13:09,Flag,WAVED BLUE FLAG FOR CAR 18 (STR) TIMED AT 16:13:09,,BLUE,Driver,,18,52.0,2019,9
2019-06-30 14:13:24,Flag,WAVED BLUE FLAG FOR CAR 18 (STR) TIMED AT 16:13:23,,BLUE,Driver,,18,53.0,2019,9
2019-06-30 14:14:01,Flag,WAVED BLUE FLAG FOR CAR 8 (GRO) TIMED AT 16:14:00,,BLUE,Driver,,8,53.0,2019,9
2019-06-30 14:14:13,Flag,WAVED BLUE FLAG FOR CAR 27 (HUL) TIMED AT 16:14:13,,BLUE,Driver,,27,53.0,2019,9
2019-06-30 14:14:50,Flag,WAVED BLUE FLAG FOR CAR 88 (KUB) TIMED AT 16:14:49,,BLUE,Driver,,88,54.0,2019,9
2019-06-30 14:15:14,Flag,WAVED BLUE FLAG FOR CAR 11 (PER) TIMED AT 16:15:14,,BLUE,Driver,,11,54.0,2019,9
2019-06-30 14:16:00,Flag,WAVED BLUE FLAG FOR CAR 88 (KUB) TIMED AT 16:15:59,,BLUE,Driver,,88,55.0,2019,9
2019-06-30 14:16:03,Flag,WAVED BLUE FLAG FOR CAR 99 (GIO) TIMED AT 16:16:02,,BLUE,Driver,,99,55.0,2019,9
2019-06-30 14:17:03,Flag,WAVED BLUE FLAG FOR CAR 23 (ALB) TIMED AT 16:17:03,,BLUE,Driver,,23,56.0,2019,9
2019-06-30 14:17:52,Flag,WAVED BLUE FLAG FOR CAR 7 (RAI) TIMED AT 16:17:52,,BLUE,Driver,,7,57.0,2019,9
2019-06-30 14:18:11,Flag,WAVED BLUE FLAG FOR CAR 27 (HUL) TIMED AT 16:18:10,,BLUE,Driver,,27,57.0,2019,9
2019-06-30 14:18:55,Flag,WAVED BLUE FLAG FOR CAR 11 (PER) TIMED AT 16:18:55,,BLUE,Driver,,11,57.0,2019,9
2019-06-30 14:20:01,Flag,WAVED BLUE FLAG FOR CAR 88 (KUB) TIMED AT 16:20:01,,BLUE,Driver,,88,58.0,2019,9
2019-06-30 14:20:07,Flag,WAVED BLUE FLAG FOR CAR 99 (GIO) TIMED AT 16:20:06,,BLUE,Driver,,99,59.0,2019,9
2019-06-30 14:20:15,Flag,WAVED BLUE FLAG FOR CAR 99 (GIO) TIMED AT 16:20:14,,BLUE,Driver,,99,59.0,2019,9
2019-06-30 14:20:27,Flag,WAVED BLUE FLAG FOR CAR 23 (ALB) TIMED AT 16:20:26,,BLUE,Driver,,23,59.0,2019,9
2019-06-30 14:20:31,Flag,WAVED BLUE FLAG FOR CAR 27 (HUL) TIMED AT 16:20:31,,BLUE,Driver,,27,59.0,2019,9
2019-06-30 14:21:12,Flag,WAVED BLUE FLAG FOR CAR 7 (RAI) TIMED AT 16:21:12,,BLUE,Driver,,7,59.0,2019,9
2019-06-30 14:22:29,Flag,WAVED BLUE FLAG FOR CAR 20 (MAG) TIMED AT 16:22:28,,BLUE,Driver,,20,61.0,2019,9
2019-06-30 14:22:59,Flag,WAVED BLUE FLAG FOR CAR 3 (RIC) TIMED AT 16:22:58,,BLUE,Driver,,3,61.0,2019,9
2019-06-30 14:23:13,Flag,WAVED BLUE FLAG FOR CAR 20 (MAG) TIMED AT 16:23:12,,BLUE,Driver,,20,61.0,2019,9
2019-06-30 14:23:58,Flag,WAVED BLUE FLAG FOR CAR 55 (SAI) TIMED AT 16:23:58,,BLUE,Driver,,55,62.0,2019,9
2019-06-30 14:24:33,Flag,WAVED BLUE FLAG FOR CAR 11 (PER) TIMED AT 16:24:32,,BLUE,Driver,,11,62.0,2019,9
2019-06-30 14:24:38,Flag,WAVED BLUE FLAG FOR CAR 3 (RIC) TIMED AT 16:24:37,,BLUE,Driver,,3,63.0,2019,9
2019-06-30 14:24:38,Flag,WAVED BLUE FLAG FOR CAR 55 (SAI) TIMED AT 16:24:38,,BLUE,Driver,,55,63.0,2019,9
2019-06-30 14:24:53,Flag,WAVED BLUE FLAG FOR CAR 20 (MAG) TIMED AT 16:24:52,,BLUE,Driver,,20,63.0,2019,9
2019-06-30 14:25:04,Flag,WAVED BLUE FLAG FOR CAR 63 (RUS) TIMED AT 16:25:03,,BLUE,Driver,,63,63.0,2019,9
2019-06-30 14:25:16,Flag,WAVED BLUE FLAG FOR CAR 18 (STR) TIMED AT 16:25:15,,BLUE,Driver,,18,63.0,2019,9
2019-06-30 14:25:36,Flag,WAVED BLUE FLAG FOR CAR 63 (RUS) TIMED AT 16:25:36,,BLUE,Driver,,63,63.0,2019,9
2019-06-30 14:25:37,Flag,WAVED BLUE FLAG FOR CAR 20 (MAG) TIMED AT 16:25:36,,BLUE,Driver,,20,63.0,2019,9
2019-06-30 14:25:39,Flag,WAVED BLUE FLAG FOR CAR 3 (RIC) TIMED AT 16:25:39,,BLUE,Driver,,3,63.0,2019,9
2019-06-30 14:25:49,Flag,WAVED BLUE FLAG FOR CAR 18 (STR) TIMED AT 16:25:49,,BLUE,Driver,,18,64.0,2019,9
2019-06-30 14:26:34,Flag,WAVED BLUE FLAG FOR CAR 63 (RUS) TIMED AT 16:26:33,,BLUE,Driver,,63,64.0,2019,9
2019-06-30 14:26:54,Flag,WAVED BLUE FLAG FOR CAR 63 (RUS) TIMED AT 16:26:53,,BLUE,Driver,,63,64.0,2019,9
2019-06-30 14:26:55,Flag,WAVED BLUE FLAG FOR CAR 20 (MAG) TIMED AT 16:26:55,,BLUE,Driver,,20,65.0,2019,9
2019-06-30 14:26:58,Flag,WAVED BLUE FLAG FOR CAR 99 (GIO) TIMED AT 16:26:58,,BLUE,Driver,,99,65.0,2019,9
2019-06-30 14:28:20,Flag,WAVED BLUE FLAG FOR CAR 10 (GAS) TIMED AT 16:28:20,,BLUE,Driver,,10,66.0,2019,9
2019-06-30 14:28:46,Flag,WAVED BLUE FLAG FOR CAR 20 (MAG) TIMED AT 16:28:46,,BLUE,Driver,,20,66.0,2019,9
2019-06-30 14:29:00,Flag,WAVED BLUE FLAG FOR CAR 10 (GAS) TIMED AT 16:29:00,,BLUE,Driver,,10,66.0,2019,9
2019-06-30 14:29:38,Flag,WAVED BLUE FLAG FOR CAR 88 (KUB) TIMED AT 16:29:37,,BLUE,Driver,,88,67.0,2019,9
2019-06-30 14:30:01,Flag,WAVED BLUE FLAG FOR CAR 27 (HUL) TIMED AT 16:30:01,,BLUE,Driver,,27,67.0,2019,9
2019-06-30 14:31:08,Flag,WAVED BLUE FLAG FOR CAR 88 (KUB) TIMED AT 16:31:08,,BLUE,Driver,,88,68.0,2019,9
2019-06-30 14:31:12,Flag,WAVED BLUE FLAG FOR CAR 11 (PER) TIMED AT 16:31:11,,BLUE,Driver,,11,68.0,2019,9
2019-06-30 14:31:12,Flag,WAVED BLUE FLAG FOR CAR 88 (KUB) TIMED AT 16:31:12,,BLUE,Driver,,88,68.0,2019,9
2019-06-30 14:31:50,Flag,WAVED BLUE FLAG FOR CAR 88 (KUB) TIMED AT 16:31:50,,BLUE,Driver,,88,69.0,2019,9
2019-06-30 14:31:57,Flag,WAVED BLUE FLAG FOR CAR 11 (PER) TIMED AT 16:31:57,,BLUE,Driver,,11,69.0,2019,9
2019-06-30 14:32:46,Other,TURN 3 INCIDENT INVOLVING CARS 16 (LEC) AND 33 (VER) NOTED,,,,,,70.0,2019,9
2019-06-30 14:33:28,Flag,WAVED BLUE FLAG FOR CAR 99 (GIO) TIMED AT 16:33:28,,BLUE,Driver,,99,70.0,2019,9
2019-06-30 14:33:46,Flag,WAVED BLUE FLAG FOR CAR 7 (RAI) TIMED AT 16:33:46,,BLUE,Driver,,7,70.0,2019,9
2019-06-30 14:33:51,Flag,WAVED BLUE FLAG FOR CAR 4 (NOR) TIMED AT 16:33:51,,BLUE,Driver,,4,71.0,2019,9
2019-06-30 14:34:53,Flag,CHEQUERED FLAG,,CHEQUERED,Track,,,71.0,2019,9
2019-06-30 14:34:56,Flag,WAVED BLUE FLAG FOR CAR 55 (SAI) TIMED AT 16:34:55,,BLUE,Driver,,55,71.0,2019,9
2019-06-30 14:35:08,Other,TURN 3 INCIDENT INVOLVING CARS 16 (LEC) AND 33 (VER) UNDER INVESTIGATION,,,,,,71.0,2019,9
2019-07-14 12:55:10,Other,RISK OF RAIN FOR THIS SESSION IS 20%,,,,,,1.0,2019,10
2019-07-14 13:07:04,Drs,DRS DISABLED,DISABLED,,,,,1.0,2019,10
2019-07-14 13:13:09,Flag,GREEN LIGHT - PIT EXIT OPEN,,GREEN,Track,,,1.0,2019,10
2019-07-14 13:16:12,Drs,DRS ENABLED,ENABLED,,,,,2.0,2019,10
2019-07-14 13:16:57,Other,TURN 5 INCIDENT INVOLVING CARS 8 (GRO) AND 20 (MAG) NOTED - NO INVESTIGATION NECESSARY,,,,,,3.0,2019,10
2019-07-14 13:17:01,Flag,WAVED BLUE FLAG FOR CAR 20 (MAG) TIMED AT 14:17:00,,BLUE,Driver,,20,3.0,2019,10
2019-07-14 13:17:09,Flag,WAVED BLUE FLAG FOR CAR 20 (MAG) TIMED AT 14:17:08,,BLUE,Driver,,20,3.0,2019,10
2019-07-14 13:17:13,Flag,WAVED BLUE FLAG FOR CAR 20 (MAG) TIMED AT 14:17:12,,BLUE,Driver,,20,3.0,2019,10
2019-07-14 13:17:25,Flag,WAVED BLUE FLAG FOR CAR 20 (MAG) TIMED AT 14:17:24,,BLUE,Driver,,20,3.0,2019,10
2019-07-14 13:17:51,Flag,WAVED BLUE FLAG FOR CAR 20 (MAG) TIMED AT 14:17:51,,BLUE,Driver,,20,4.0,2019,10
2019-07-14 13:18:13,Flag,WAVED BLUE FLAG FOR CAR 20 (MAG) TIMED AT 14:18:12,,BLUE,Driver,,20,4.0,2019,10
2019-07-14 13:18:30,Flag,WAVED BLUE FLAG FOR CAR 20 (MAG) TIMED AT 14:18:29,,BLUE,Driver,,20,4.0,2019,10
2019-07-14 13:18:39,Flag,WAVED BLUE FLAG FOR CAR 20 (MAG) TIMED AT 14:18:38,,BLUE,Driver,,20,4.0,2019,10
2019-07-14 13:18:56,Flag,WAVED BLUE FLAG FOR CAR 20 (MAG) TIMED AT 14:18:55,,BLUE,Driver,,20,4.0,2019,10
2019-07-14 13:19:05,Flag,WAVED BLUE FLAG FOR CAR 20 (MAG) TIMED AT 14:19:05,,BLUE,Driver,,20,4.0,2019,10
2019-07-14 13:26:44,Flag,WAVED BLUE FLAG FOR CAR 8 (GRO) TIMED AT 14:26:43,,BLUE,Driver,,8,9.0,2019,10
2019-07-14 13:27:27,Flag,WAVED BLUE FLAG FOR CAR 8 (GRO) TIMED AT 14:27:26,,BLUE,Driver,,8,10.0,2019,10
2019-07-14 13:38:49,Other,PIT LANE INCIDENT INVOLVING CARS 4 (NOR) AND 23 (ALB) UNDER INVESTIGATION,,,,,,17.0,2019,10
2019-07-14 13:40:36,Other,PIT LANE INCIDENT INVOLVING CARS 4 (NOR) AND 23 (ALB) - NO FURTHER ACTION ,,,,,,19.0,2019,10
2019-07-14 13:42:45,Flag,YELLOW IN TRACK SECTOR 14,,YELLOW,Sector,14.0,,20.0,2019,10
2019-07-14 13:43:15,SafetyCar,SAFETY CAR DEPLOYED,DEPLOYED,,,,,20.0,2019,10
2019-07-14 13:43:57,CarEvent,CAR 99 (GIO) STOPPED AT TURN 16,,,,,99,21.0,2019,10
2019-07-14 13:48:25,Flag,CLEAR IN TRACK SECTOR 14,,CLEAR,Sector,14.0,,22.0,2019,10
2019-07-14 13:49:25,SafetyCar,SAFETY CAR IN THIS LAP,IN THIS LAP,,,,,23.0,2019,10
2019-07-14 13:51:06,Flag,TRACK CLEAR,,CLEAR,Track,,,23.0,2019,10
2019-07-14 13:52:02,Other,TRACK SURFACE SLIPPERY IN TRACK SECTOR 6,,,,,,24.0,2019,10
2019-07-14 13:54:10,Flag,CLEAR IN TRACK SECTOR 6,,CLEAR,Sector,6.0,,25.0,2019,10
2019-07-14 13:54:13,Drs,DRS ENABLED,ENABLED,,,,,26.0,2019,10
2019-07-14 13:55:43,Flag,YELLOW IN TRACK SECTOR 6,,YELLOW,Sector,6.0,,27.0,2019,10
2019-07-14 13:55:55,Flag,DOUBLE YELLOW IN TRACK SECTOR 6,,DOUBLE YELLOW,Sector,6.0,,27.0,2019,10
2019-07-14 13:56:08,Flag,CLEAR IN TRACK SECTOR 6,,CLEAR,Sector,6.0,,27.0,2019,10
2019-07-14 13:57:09,Other,TURN 6 INCIDENT INVOLVING CARS 11 (PER) AND 27 (HUL) NOTED - NO INVESTIGATION NECESSARY,,,,,,27.0,2019,10
2019-07-14 14:12:10,Flag,YELLOW IN TRACK SECTOR 14,,YELLOW,Sector,14.0,,38.0,2019,10
2019-07-14 14:12:25,Flag,CLEAR IN TRACK SECTOR 14,,CLEAR,Sector,14.0,,38.0,2019,10
2019-07-14 14:12:37,Other,TRACK SURFACE SLIPPERY IN TRACK SECTOR 15,,,,,,38.0,2019,10
2019-07-14 14:13:28,Other,TURN 16 INCIDENT INVOLVING CARS 5 (VET) AND 33 (VER) UNDER INVESTIGATION - CAUSING A COLLISION,,,,,,38.0,2019,10
2019-07-14 14:14:55,Flag,CLEAR IN TRACK SECTOR 15,,CLEAR,Sector,15.0,,39.0,2019,10
2019-07-14 14:15:38,Flag,WAVED BLUE FLAG FOR CAR 5 (VET) TIMED AT 15:15:37,,BLUE,Driver,,5,40.0,2019,10
2019-07-14 14:16:00,Flag,WAVED BLUE FLAG FOR CAR 5 (VET) TIMED AT 15:16:00,,BLUE,Driver,,5,40.0,2019,10
2019-07-14 14:19:51,Other,10 SECOND TIME PENALTY FOR CAR 5 (VET) - CAUSING A COLLISION,,,,,,43.0,2019,10
2019-07-14 14:20:22,Flag,WAVED BLUE FLAG FOR CAR 11 (PER) TIMED AT 15:20:21,,BLUE,Driver,,11,43.0,2019,10
2019-07-14 14:21:35,Flag,WAVED BLUE FLAG FOR CAR 11 (PER) TIMED AT 15:21:35,,BLUE,Driver,,11,44.0,2019,10
2019-07-14 14:24:07,Flag,WAVED BLUE FLAG FOR CAR 88 (KUB) TIMED AT 15:24:07,,BLUE,Driver,,88,46.0,2019,10
2019-07-14 14:26:51,Flag,WAVED BLUE FLAG FOR CAR 63 (RUS) TIMED AT 15:26:51,,BLUE,Driver,,63,47.0,2019,10
2019-07-14 14:33:32,Flag,WAVED BLUE FLAG FOR CAR 88 (KUB) TIMED AT 15:33:31,,BLUE,Driver,,88,52.0,2019,10
2019-07-14 14:34:17,Flag,CHEQUERED FLAG,,CHEQUERED,Track,,,52.0,2019,10
2019-07-28 12:40:05,Other,PIT EXIT CLOSED,,,,,,1.0,2019,11
2019-07-28 12:55:00,Other,RISK OF RAIN FOR THIS SESSION IS 100%,,,,,,1.0,2019,11
2019-07-28 13:00:05,Other,FORMATION LAPS WILL COMMENCE ON TIME AT 15:10 BEHIND THE SAFETY CAR,,,,,,1.0,2019,11
2019-07-28 13:17:20,Other,SAFETY CAR WILL ENTER PITS: STANDING START,,,,,,1.0,2019,11
2019-07-28 13:19:59,Flag,GREEN LIGHT - PIT EXIT OPEN,,GREEN,Track,,,1.0,2019,11
2019-07-28 13:23:20,SafetyCar,SAFETY CAR DEPLOYED,DEPLOYED,,,,,3.0,2019,11
2019-07-28 13:24:34,Flag,DOUBLE YELLOW IN TRACK SECTOR 10,,DOUBLE YELLOW,Sector,10.0,,3.0,2019,11
2019-07-28 13:26:39,SafetyCar,SAFETY CAR IN THIS LAP,IN THIS LAP,,,,,4.0,2019,11
2019-07-28 13:26:45,Flag,CLEAR IN TRACK SECTOR 10,,CLEAR,Sector,10.0,,4.0,2019,11
2019-07-28 13:27:36,Flag,TRACK CLEAR,,CLEAR,Track,,,4.0,2019,11
2019-07-28 13:32:57,Other,PIT LANE INCIDENT INVOLVING CARS 16 (LEC) AND 8 (GRO) UNDER INVESTIGATION - UNSAFE RELEASE,,,,,,8.0,2019,11
2019-07-28 13:41:06,Other,PIT LANE INCIDENT INVOLVING CAR 16 (LEC) AND 8 (GRO) - TEAM FINE IMPOSED ON FERRARI,,,,,,13.0,2019,11
2019-07-28 13:43:11,Flag,YELLOW IN TRACK SECTOR 9,,YELLOW,Sector,9.0,,15.0,2019,11
2019-07-28 13:43:42,CarEvent,CAR 3 (RIC) STOPPED AT TURN 8,,,,,3,15.0,2019,11
2019-07-28 13:43:45,Flag,WAVED BLUE FLAG FOR CAR 88 (KUB) TIMED AT 15:43:44,,BLUE,Driver,,88,15.0,2019,11
2019-07-28 13:43:48,SafetyCar,VIRTUAL SAFETY CAR DEPLOYED,DEPLOYED,,,,,15.0,2019,11
2019-07-28 13:44:57,Flag,CLEAR IN TRACK SECTOR 9,,CLEAR,Sector,9.0,,16.0,2019,11
2019-07-28 13:44:59,SafetyCar,VIRTUAL SAFETY CAR ENDING,ENDING,,,,,16.0,2019,11
2019-07-28 13:45:13,Flag,TRACK CLEAR,,CLEAR,Track,,,16.0,2019,11
2019-07-28 13:45:42,Flag,WAVED BLUE FLAG FOR CAR 88 (KUB) TIMED AT 15:45:42,,BLUE,Driver,,88,16.0,2019,11
2019-07-28 13:46:15,Drs,DRS ENABLED,ENABLED,,,,,17.0,2019,11
2019-07-28 13:47:15,Flag,WAVED BLUE FLAG FOR CAR 88 (KUB) TIMED AT 15:47:14,,BLUE,Driver,,88,17.0,2019,11
2019-07-28 13:47:53,Flag,WAVED BLUE FLAG FOR CAR 88 (KUB) TIMED AT 15:47:52,,BLUE,Driver,,88,18.0,2019,11
2019-07-28 13:49:41,Flag,WAVED BLUE FLAG FOR CAR 88 (KUB) TIMED AT 15:49:40,,BLUE,Driver,,88,19.0,2019,11
2019-07-28 13:49:48,Flag,WAVED BLUE FLAG FOR CAR 63 (RUS) TIMED AT 15:49:47,,BLUE,Driver,,63,19.0,2019,11
2019-07-28 13:49:52,Flag,YELLOW IN TRACK SECTOR 14,,YELLOW,Sector,14.0,,19.0,2019,11
2019-07-28 13:50:12,Flag,CLEAR IN TRACK SECTOR 14,,CLEAR,Sector,14.0,,19.0,2019,11
2019-07-28 13:50:50,CarEvent,CAR 55 (SAI) SPUN AND CONTINUED AT TURN 17,,,,,55,20.0,2019,11
2019-07-28 13:51:22,Flag,WAVED BLUE FLAG FOR CAR 63 (RUS) TIMED AT 15:51:21,,BLUE,Driver,,63,20.0,2019,11
2019-07-28 13:51:34,Flag,WAVED BLUE FLAG FOR CAR 63 (RUS) TIMED AT 15:51:34,,BLUE,Driver,,63,20.0,2019,11
2019-07-28 13:52:51,Flag,WAVED BLUE FLAG FOR CAR 63 (RUS) TIMED AT 15:52:51,,BLUE,Driver,,63,21.0,2019,11
2019-07-28 13:56:35,Flag,WAVED BLUE FLAG FOR CAR 88 (KUB) TIMED AT 15:56:35,,BLUE,Driver,,88,23.0,2019,11
2019-07-28 13:56:40,Other,TRACK SURFACE SLIPPERY IN TRACK SECTOR 5,,,,,,23.0,2019,11
2019-07-28 13:57:26,Flag,CLEAR IN TRACK SECTOR 5,,CLEAR,Sector,5.0,,24.0,2019,11
2019-07-28 13:58:31,Flag,WAVED BLUE FLAG FOR CAR 88 (KUB) TIMED AT 15:58:31,,BLUE,Driver,,88,25.0,2019,11
2019-07-28 14:01:04,Other,TRACK SURFACE SLIPPERY IN TRACK SECTOR 3,,,,,,26.0,2019,11
2019-07-28 14:01:51,Flag,DOUBLE YELLOW IN TRACK SECTOR 13,,DOUBLE YELLOW,Sector,13.0,,27.0,2019,11
2019-07-28 14:01:53,Flag,YELLOW IN TRACK SECTOR 13,,YELLOW,Sector,13.0,,27.0,2019,11
2019-07-28 14:01:53,Flag,WAVED BLUE FLAG FOR CAR 18 (STR) TIMED AT 16:01:53,,BLUE,Driver,,18,27.0,2019,11
2019-07-28 14:02:12,Flag,CLEAR IN TRACK SECTOR 13,,CLEAR,Sector,13.0,,27.0,2019,11
2019-07-28 14:02:42,Flag,YELLOW IN TRACK SECTOR 10,,YELLOW,Sector,10.0,,27.0,2019,11
2019-07-28 14:02:47,Flag,WAVED BLUE FLAG FOR CAR 88 (KUB) TIMED AT 16:02:46,,BLUE,Driver,,88,27.0,2019,11
2019-07-28 14:03:17,SafetyCar,VIRTUAL SAFETY CAR DEPLOYED,DEPLOYED,,,,,28.0,2019,11
2019-07-28 14:03:18,Flag,CLEAR IN TRACK SECTOR 3,,CLEAR,Sector,3.0,,28.0,2019,11
2019-07-28 14:03:47,CarEvent,CAR 4 (NOR) STOPPED AT TURN 10,,,,,4,28.0,2019,11
2019-07-28 14:04:44,Flag,CLEAR IN TRACK SECTOR 10,,CLEAR,Sector,10.0,,28.0,2019,11
2019-07-28 14:04:46,SafetyCar,VIRTUAL SAFETY CAR ENDING,ENDING,,,,,28.0,2019,11
2019-07-28 14:04:58,Flag,TRACK CLEAR,,CLEAR,Track,,,28.0,2019,11
2019-07-28 14:05:02,Drs,DRS ENABLED,ENABLED,,,,,29.0,2019,11
2019-07-28 14:05:16,Flag,WAVED BLUE FLAG FOR CAR 88 (KUB) TIMED AT 16:05:16,,BLUE,Driver,,88,29.0,2019,11
2019-07-28 14:05:17,Other,TRACK SURFACE SLIPPERY IN TRACK SECTOR 12,,,,,,29.0,2019,11
2019-07-28 14:05:23,Flag,YELLOW IN TRACK SECTOR 14,,YELLOW,Sector,14.0,,29.0,2019,11
2019-07-28 14:05:46,Flag,WAVED BLUE FLAG FOR CAR 20 (MAG) TIMED AT 16:05:46,,BLUE,Driver,,20,29.0,2019,11
2019-07-28 14:05:46,SafetyCar,SAFETY CAR DEPLOYED,DEPLOYED,,,,,29.0,2019,11
2019-07-28 14:05:47,Flag,CLEAR IN TRACK SECTOR 12,,CLEAR,Sector,12.0,,29.0,2019,11
2019-07-28 14:09:52,Other,INCIDENT INVOLVING CAR 44 (HAM) NOTED - WRONG SIDE OF BOLLARD AT PIT ENTRY,,,,,,30.0,2019,11
2019-07-28 14:12:20,Other,INCIDENT INVOLVING CAR 44 (HAM) UNDER INVESTIGATION - WRONG SIDE OF BOLLARD AT PIT ENTRY,,,,,,32.0,2019,11
2019-07-28 14:12:59,Other,"LAPPED CARS MAY NOW OVERTAKE - 18,63,88",,,,,,32.0,2019,11
2019-07-28 14:14:18,Flag,CLEAR IN TRACK SECTOR 14,,CLEAR,Sector,14.0,,32.0,2019,11
2019-07-28 14:15:10,SafetyCar,SAFETY CAR IN THIS LAP,IN THIS LAP,,,,,33.0,2019,11
2019-07-28 14:16:35,Flag,TRACK CLEAR,,CLEAR,Track,,,33.0,2019,11
2019-07-28 14:17:23,Other,5 SECOND TIME PENALTY FOR CAR 44 (HAM) - WRONG SIDE OF BOLLARD AT PIT ENTRY,,,,,,34.0,2019,11
2019-07-28 14:19:51,Other,INCIDENT INVOLVING CAR 44 (HAM) UNDER INVESTIGATION - DRIVING UNNECESSARILY SLOWLY WHILE SAFETY CAR DEPLOYED,,,,,,36.0,2019,11
2019-07-28 14:20:00,Drs,DRS ENABLED,ENABLED,,,,,36.0,2019,11
2019-07-28 14:26:48,Flag,WAVED BLUE FLAG FOR CAR 88 (KUB) TIMED AT 16:26:48,,BLUE,Driver,,88,40.0,2019,11
2019-07-28 14:27:16,Flag,YELLOW IN TRACK SECTOR 14,,YELLOW,Sector,14.0,,41.0,2019,11
2019-07-28 14:27:52,SafetyCar,SAFETY CAR DEPLOYED,DEPLOYED,,,,,41.0,2019,11
2019-07-28 14:28:28,CarEvent,CAR 27 (HUL) STOPPED AT TURN 17,,,,,27,41.0,2019,11
2019-07-28 14:34:55,Flag,CLEAR IN TRACK SECTOR 14,,CLEAR,Sector,14.0,,44.0,2019,11
2019-07-28 14:35:25,SafetyCar,SAFETY CAR IN THIS LAP,IN THIS LAP,,,,,45.0,2019,11
2019-07-28 14:37:05,Flag,TRACK CLEAR,,CLEAR,Track,,,45.0,2019,11
2019-07-28 14:40:01,Drs,DRS ENABLED,ENABLED,,,,,47.0,2019,11
2019-07-28 14:47:25,Flag,YELLOW IN TRACK SECTOR 2,,YELLOW,Sector,2.0,,53.0,2019,11
2019-07-28 14:47:32,Flag,CLEAR IN TRACK SECTOR 2,,CLEAR,Sector,2.0,,53.0,2019,11
2019-07-28 14:47:43,CarEvent,CAR 44 (HAM) OFF TRACK AND CONTINUED AT TURN 1,,,,,44,53.0,2019,11
2019-07-28 14:52:25,Flag,YELLOW IN TRACK SECTOR 2,,YELLOW,Sector,2.0,,57.0,2019,11
2019-07-28 14:52:31,Flag,YELLOW IN TRACK SECTOR 3,,YELLOW,Sector,3.0,,57.0,2019,11
2019-07-28 14:52:36,Flag,CLEAR IN TRACK SECTOR 3,,CLEAR,Sector,3.0,,57.0,2019,11
2019-07-28 14:52:44,SafetyCar,SAFETY CAR DEPLOYED,DEPLOYED,,,,,57.0,2019,11
2019-07-28 14:53:13,CarEvent,CAR 77 (BOT) STOPPED AT TURN 1,,,,,77,57.0,2019,11
2019-07-28 14:57:19,SafetyCar,SAFETY CAR IN THIS LAP,IN THIS LAP,,,,,59.0,2019,11
2019-07-28 14:57:23,Flag,CLEAR IN TRACK SECTOR 2,,CLEAR,Sector,2.0,,59.0,2019,11
2019-07-28 14:57:58,Flag,TRACK CLEAR,,CLEAR,Track,,,59.0,2019,11
2019-07-28 14:59:09,Other,TURN 6 INCIDENT INVOLVING CARS 8 (GRO) AND 20 (MAG) NOTED,,,,,,60.0,2019,11
2019-07-28 15:00:35,Drs,DRS ENABLED,ENABLED,,,,,61.0,2019,11
2019-07-28 15:01:20,Other,TURN 6 INCIDENT INVOLVING CARS 8 (GRO) AND 20 (MAG) - NO INVESTIGATION NECESSARY,,,,,,62.0,2019,11
2019-07-28 15:02:11,CarEvent,CAR 10 (GAS) STOPPED AT TURN 7,,,,,10,63.0,2019,11
2019-07-28 15:02:44,Other,TURN 7 INCIDENT INVOLVING CARS 10 (GAS) AND 23 (ALB) UNDER INVESTIGATION,,,,,,63.0,2019,11
2019-07-28 15:04:26,Flag,CHEQUERED FLAG,,CHEQUERED,Track,,,64.0,2019,11
2019-07-28 15:08:39,Other,TURN 7 INCIDENT INVOLVING CARS 10 (GAS) AND 23 (ALB) - NO FURTHER ACTION ,,,,,,64.0,2019,11
2019-08-04 12:55:02,Other,RISK OF RAIN FOR F1 RACE IS 20%,,,,,,1.0,2019,12
2019-08-04 13:07:05,Drs,DRS DISABLED,DISABLED,,,,,1.0,2019,12
2019-08-04 13:12:49,Flag,GREEN LIGHT - PIT EXIT OPEN,,GREEN,Track,,,1.0,2019,12
2019-08-04 13:14:41,Flag,DOUBLE YELLOW IN TRACK SECTOR 15,,DOUBLE YELLOW,Sector,15.0,,2.0,2019,12
2019-08-04 13:14:45,Flag,YELLOW IN TRACK SECTOR 15,,YELLOW,Sector,15.0,,2.0,2019,12
2019-08-04 13:14:46,Flag,CLEAR IN TRACK SECTOR 15,,CLEAR,Sector,15.0,,2.0,2019,12
2019-08-04 13:16:09,Drs,DRS ENABLED,ENABLED,,,,,3.0,2019,12
2019-08-04 13:16:48,Other,"LAP 1, TURN 3 INCIDENT INVOLVING CARS 44 (HAM) AND 77 (BOT) NOTED - NO INVESTIGATION NECESSARY",,,,,,3.0,2019,12
2019-08-04 13:23:51,Other,"LAP 1, TURN 4 INCIDENT INVOLVING CARS 77 (BOT) AND 16 (LEC) NOTED - NO INVESTIGATION NECESSARY",,,,,,9.0,2019,12
2019-08-04 13:39:19,Flag,WAVED BLUE FLAG FOR CAR 88 (KUB) TIMED AT 15:39:19,,BLUE,Driver,,88,20.0,2019,12
2019-08-04 13:40:53,Flag,WAVED BLUE FLAG FOR CAR 8 (GRO) TIMED AT 15:40:53,,BLUE,Driver,,8,21.0,2019,12
2019-08-04 13:41:03,Flag,WAVED BLUE FLAG FOR CAR 8 (GRO) TIMED AT 15:41:02,,BLUE,Driver,,8,21.0,2019,12
2019-08-04 13:44:39,Flag,WAVED BLUE FLAG FOR CAR 11 (PER) TIMED AT 15:44:38,,BLUE,Driver,,11,24.0,2019,12
2019-08-04 13:45:02,Flag,WAVED BLUE FLAG FOR CAR 11 (PER) TIMED AT 15:45:01,,BLUE,Driver,,11,24.0,2019,12
2019-08-04 13:47:26,Flag,WAVED BLUE FLAG FOR CAR 99 (GIO) TIMED AT 15:47:26,,BLUE,Driver,,99,26.0,2019,12
2019-08-04 13:47:54,Flag,WAVED BLUE FLAG FOR CAR 99 (GIO) TIMED AT 15:47:54,,BLUE,Driver,,99,26.0,2019,12
2019-08-04 13:48:05,Flag,WAVED BLUE FLAG FOR CAR 18 (STR) TIMED AT 15:48:04,,BLUE,Driver,,18,26.0,2019,12
2019-08-04 13:48:34,Flag,WAVED BLUE FLAG FOR CAR 63 (RUS) TIMED AT 15:48:34,,BLUE,Driver,,63,27.0,2019,12
2019-08-04 13:49:00,Flag,WAVED BLUE FLAG FOR CAR 99 (GIO) TIMED AT 15:49:00,,BLUE,Driver,,99,27.0,2019,12
2019-08-04 13:54:20,Flag,WAVED BLUE FLAG FOR CAR 18 (STR) TIMED AT 15:54:20,,BLUE,Driver,,18,31.0,2019,12
2019-08-04 13:55:07,Flag,WAVED BLUE FLAG FOR CAR 8 (GRO) TIMED AT 15:55:07,,BLUE,Driver,,8,31.0,2019,12
2019-08-04 13:55:32,Flag,WAVED BLUE FLAG FOR CAR 88 (KUB) TIMED AT 15:55:32,,BLUE,Driver,,88,32.0,2019,12
2019-08-04 13:57:27,Flag,WAVED BLUE FLAG FOR CAR 63 (RUS) TIMED AT 15:57:27,,BLUE,Driver,,63,33.0,2019,12
2019-08-04 13:57:33,Flag,WAVED BLUE FLAG FOR CAR 8 (GRO) TIMED AT 15:57:32,,BLUE,Driver,,8,33.0,2019,12
2019-08-04 14:00:49,Flag,WAVED BLUE FLAG FOR CAR 23 (ALB) TIMED AT 16:00:48,,BLUE,Driver,,23,35.0,2019,12
2019-08-04 14:02:10,Flag,WAVED BLUE FLAG FOR CAR 26 (KVY) TIMED AT 16:02:09,,BLUE,Driver,,26,36.0,2019,12
2019-08-04 14:02:16,Flag,WAVED BLUE FLAG FOR CAR 99 (GIO) TIMED AT 16:02:15,,BLUE,Driver,,99,36.0,2019,12
2019-08-04 14:02:17,Flag,WAVED BLUE FLAG FOR CAR 16 (LEC) TIMED AT 16:02:17,,BLUE,Driver,,16,37.0,2019,12
2019-08-04 14:03:06,Flag,WAVED BLUE FLAG FOR CAR 11 (PER) TIMED AT 16:03:05,,BLUE,Driver,,11,37.0,2019,12
2019-08-04 14:03:47,Flag,WAVED BLUE FLAG FOR CAR 18 (STR) TIMED AT 16:03:47,,BLUE,Driver,,18,38.0,2019,12
2019-08-04 14:04:17,Flag,WAVED BLUE FLAG FOR CAR 3 (RIC) TIMED AT 16:04:17,,BLUE,Driver,,3,38.0,2019,12
2019-08-04 14:04:41,Flag,WAVED BLUE FLAG FOR CAR 63 (RUS) TIMED AT 16:04:41,,BLUE,Driver,,63,38.0,2019,12
2019-08-04 14:05:53,Flag,WAVED BLUE FLAG FOR CAR 20 (MAG) TIMED AT 16:05:52,,BLUE,Driver,,20,39.0,2019,12
2019-08-04 14:09:35,Flag,WAVED BLUE FLAG FOR CAR 88 (KUB) TIMED AT 16:09:35,,BLUE,Driver,,88,42.0,2019,12
2019-08-04 14:12:27,Flag,WAVED BLUE FLAG FOR CAR 77 (BOT) TIMED AT 16:12:26,,BLUE,Driver,,77,44.0,2019,12
2019-08-04 14:13:31,Flag,WAVED BLUE FLAG FOR CAR 99 (GIO) TIMED AT 16:13:31,,BLUE,Driver,,99,45.0,2019,12
2019-08-04 14:13:42,Flag,WAVED BLUE FLAG FOR CAR 4 (NOR) TIMED AT 16:13:41,,BLUE,Driver,,4,45.0,2019,12
2019-08-04 14:13:56,Flag,WAVED BLUE FLAG FOR CAR 4 (NOR) TIMED AT 16:13:56,,BLUE,Driver,,4,45.0,2019,12
2019-08-04 14:14:13,Flag,WAVED BLUE FLAG FOR CAR 18 (STR) TIMED AT 16:14:12,,BLUE,Driver,,18,45.0,2019,12
2019-08-04 14:14:20,Flag,WAVED BLUE FLAG FOR CAR 8 (GRO) TIMED AT 16:14:20,,BLUE,Driver,,8,45.0,2019,12
2019-08-04 14:14:55,Flag,WAVED BLUE FLAG FOR CAR 63 (RUS) TIMED AT 16:14:55,,BLUE,Driver,,63,46.0,2019,12
2019-08-04 14:16:07,Flag,WAVED BLUE FLAG FOR CAR 88 (KUB) TIMED AT 16:16:07,,BLUE,Driver,,88,47.0,2019,12
2019-08-04 14:16:15,Flag,WAVED BLUE FLAG FOR CAR 7 (RAI) TIMED AT 16:16:14,,BLUE,Driver,,7,47.0,2019,12
2019-08-04 14:16:28,Flag,WAVED BLUE FLAG FOR CAR 7 (RAI) TIMED AT 16:16:28,,BLUE,Driver,,7,47.0,2019,12
2019-08-04 14:18:08,Flag,WAVED BLUE FLAG FOR CAR 88 (KUB) TIMED AT 16:18:07,,BLUE,Driver,,88,48.0,2019,12
2019-08-04 14:19:04,Flag,WAVED BLUE FLAG FOR CAR 20 (MAG) TIMED AT 16:19:04,,BLUE,Driver,,20,49.0,2019,12
2019-08-04 14:19:36,Flag,WAVED BLUE FLAG FOR CAR 10 (GAS) TIMED AT 16:19:36,,BLUE,Driver,,10,49.0,2019,12
2019-08-04 14:20:32,Flag,WAVED BLUE FLAG FOR CAR 55 (SAI) TIMED AT 16:20:31,,BLUE,Driver,,55,50.0,2019,12
2019-08-04 14:20:56,Flag,WAVED BLUE FLAG FOR CAR 88 (KUB) TIMED AT 16:20:56,,BLUE,Driver,,88,50.0,2019,12
2019-08-04 14:21:26,Flag,WAVED BLUE FLAG FOR CAR 8 (GRO) TIMED AT 16:21:26,,BLUE,Driver,,8,51.0,2019,12
2019-08-04 14:22:08,Flag,WAVED BLUE FLAG FOR CAR 88 (KUB) TIMED AT 16:22:07,,BLUE,Driver,,88,51.0,2019,12
2019-08-04 14:22:47,Flag,WAVED BLUE FLAG FOR CAR 99 (GIO) TIMED AT 16:22:46,,BLUE,Driver,,99,52.0,2019,12
2019-08-04 14:23:08,Flag,WAVED BLUE FLAG FOR CAR 18 (STR) TIMED AT 16:23:08,,BLUE,Driver,,18,52.0,2019,12
2019-08-04 14:23:33,Flag,WAVED BLUE FLAG FOR CAR 88 (KUB) TIMED AT 16:23:32,,BLUE,Driver,,88,52.0,2019,12
2019-08-04 14:23:49,Flag,WAVED BLUE FLAG FOR CAR 63 (RUS) TIMED AT 16:23:48,,BLUE,Driver,,63,53.0,2019,12
2019-08-04 14:24:40,Flag,WAVED BLUE FLAG FOR CAR 4 (NOR) TIMED AT 16:24:39,,BLUE,Driver,,4,53.0,2019,12
2019-08-04 14:25:08,Flag,WAVED BLUE FLAG FOR CAR 99 (GIO) TIMED AT 16:25:07,,BLUE,Driver,,99,54.0,2019,12
2019-08-04 14:25:25,Flag,WAVED BLUE FLAG FOR CAR 27 (HUL) TIMED AT 16:25:25,,BLUE,Driver,,27,54.0,2019,12
2019-08-04 14:26:17,Flag,WAVED BLUE FLAG FOR CAR 7 (RAI) TIMED AT 16:26:17,,BLUE,Driver,,7,54.0,2019,12
2019-08-04 14:27:28,Flag,WAVED BLUE FLAG FOR CAR 63 (RUS) TIMED AT 16:27:27,,BLUE,Driver,,63,55.0,2019,12
2019-08-04 14:27:56,Flag,WAVED BLUE FLAG FOR CAR 99 (GIO) TIMED AT 16:27:56,,BLUE,Driver,,99,56.0,2019,12
2019-08-04 14:28:13,Flag,WAVED BLUE FLAG FOR CAR 63 (RUS) TIMED AT 16:28:13,,BLUE,Driver,,63,56.0,2019,12
2019-08-04 14:28:16,Flag,WAVED BLUE FLAG FOR CAR 88 (KUB) TIMED AT 16:28:16,,BLUE,Driver,,88,56.0,2019,12
2019-08-04 14:28:36,Flag,WAVED BLUE FLAG FOR CAR 10 (GAS) TIMED AT 16:28:35,,BLUE,Driver,,10,56.0,2019,12
2019-08-04 14:28:48,Flag,WAVED BLUE FLAG FOR CAR 99 (GIO) TIMED AT 16:28:47,,BLUE,Driver,,99,56.0,2019,12
2019-08-04 14:29:16,Flag,WAVED BLUE FLAG FOR CAR 55 (SAI) TIMED AT 16:29:16,,BLUE,Driver,,55,57.0,2019,12
2019-08-04 14:29:22,Flag,WAVED BLUE FLAG FOR CAR 63 (RUS) TIMED AT 16:29:21,,BLUE,Driver,,63,57.0,2019,12
2019-08-04 14:29:52,Flag,WAVED BLUE FLAG FOR CAR 99 (GIO) TIMED AT 16:29:51,,BLUE,Driver,,99,57.0,2019,12
2019-08-04 14:30:04,Flag,WAVED BLUE FLAG FOR CAR 63 (RUS) TIMED AT 16:30:04,,BLUE,Driver,,63,57.0,2019,12
2019-08-04 14:30:05,Flag,WAVED BLUE FLAG FOR CAR 3 (RIC) TIMED AT 16:30:05,,BLUE,Driver,,3,57.0,2019,12
2019-08-04 14:30:17,Flag,WAVED BLUE FLAG FOR CAR 23 (ALB) TIMED AT 16:30:16,,BLUE,Driver,,23,57.0,2019,12
2019-08-04 14:30:49,Flag,WAVED BLUE FLAG FOR CAR 20 (MAG) TIMED AT 16:30:49,,BLUE,Driver,,20,58.0,2019,12
2019-08-04 14:32:11,Flag,WAVED BLUE FLAG FOR CAR 18 (STR) TIMED AT 16:32:10,,BLUE,Driver,,18,59.0,2019,12
2019-08-04 14:32:36,Flag,WAVED BLUE FLAG FOR CAR 99 (GIO) TIMED AT 16:32:36,,BLUE,Driver,,99,59.0,2019,12
2019-08-04 14:32:50,Flag,WAVED BLUE FLAG FOR CAR 63 (RUS) TIMED AT 16:32:49,,BLUE,Driver,,63,59.0,2019,12
2019-08-04 14:34:35,Flag,WAVED BLUE FLAG FOR CAR 26 (KVY) TIMED AT 16:34:34,,BLUE,Driver,,26,61.0,2019,12
2019-08-04 14:36:24,Flag,WAVED BLUE FLAG FOR CAR 27 (HUL) TIMED AT 16:36:24,,BLUE,Driver,,27,62.0,2019,12
2019-08-04 14:36:25,Flag,WAVED BLUE FLAG FOR CAR 88 (KUB) TIMED AT 16:36:24,,BLUE,Driver,,88,62.0,2019,12
2019-08-04 14:36:38,Flag,WAVED BLUE FLAG FOR CAR 11 (PER) TIMED AT 16:36:37,,BLUE,Driver,,11,62.0,2019,12
2019-08-04 14:37:11,Flag,WAVED BLUE FLAG FOR CAR 11 (PER) TIMED AT 16:37:11,,BLUE,Driver,,11,63.0,2019,12
2019-08-04 14:37:16,Flag,WAVED BLUE FLAG FOR CAR 88 (KUB) TIMED AT 16:37:16,,BLUE,Driver,,88,63.0,2019,12
2019-08-04 14:37:45,Flag,WAVED BLUE FLAG FOR CAR 26 (KVY) TIMED AT 16:37:44,,BLUE,Driver,,26,63.0,2019,12
2019-08-04 14:37:54,Flag,WAVED BLUE FLAG FOR CAR 88 (KUB) TIMED AT 16:37:54,,BLUE,Driver,,88,63.0,2019,12
2019-08-04 14:38:15,Flag,WAVED BLUE FLAG FOR CAR 88 (KUB) TIMED AT 16:38:14,,BLUE,Driver,,88,63.0,2019,12
2019-08-04 14:38:38,Flag,WAVED BLUE FLAG FOR CAR 23 (ALB) TIMED AT 16:38:37,,BLUE,Driver,,23,64.0,2019,12
2019-08-04 14:39:29,Flag,WAVED BLUE FLAG FOR CAR 88 (KUB) TIMED AT 16:39:29,,BLUE,Driver,,88,64.0,2019,12
2019-08-04 14:39:37,Flag,WAVED BLUE FLAG FOR CAR 11 (PER) TIMED AT 16:39:36,,BLUE,Driver,,11,64.0,2019,12
2019-08-04 14:42:49,Other,TURN 1 INCIDENT INVOLVING CARS 11 (PER) AND 23 (ALB) NOTED,,,,,,67.0,2019,12
2019-08-04 14:43:13,Flag,WAVED BLUE FLAG FOR CAR 88 (KUB) TIMED AT 16:43:13,,BLUE,Driver,,88,67.0,2019,12
2019-08-04 14:44:09,Flag,WAVED BLUE FLAG FOR CAR 99 (GIO) TIMED AT 16:44:08,,BLUE,Driver,,99,68.0,2019,12
2019-08-04 14:45:55,Flag,WAVED BLUE FLAG FOR CAR 26 (KVY) TIMED AT 16:45:54,,BLUE,Driver,,26,69.0,2019,12
2019-08-04 14:46:10,Flag,WAVED BLUE FLAG FOR CAR 99 (GIO) TIMED AT 16:46:09,,BLUE,Driver,,99,69.0,2019,12
2019-08-04 14:47:53,Flag,CHEQUERED FLAG,,CHEQUERED,Track,,,70.0,2019,12
2019-08-04 14:48:05,Flag,WAVED BLUE FLAG FOR CAR 18 (STR) TIMED AT 16:48:04,,BLUE,Driver,,18,70.0,2019,12
2019-08-04 14:53:26,Other,TURN 1 INCIDENT INVOLVING CARS 11 (PER) AND 23 (ALB) - NO INVESTIGATION NECESSARY,,,,,,70.0,2019,12
2019-08-04 14:53:50,Other,THANKS AGAIN MR TAYLOR,,,,,,70.0,2019,12
2019-09-01 12:41:14,Flag,DOUBLE YELLOW IN TRACK SECTOR 12,,DOUBLE YELLOW,Sector,12.0,,1.0,2019,13
2019-09-01 12:42:01,Flag,CLEAR IN TRACK SECTOR 12,,CLEAR,Sector,12.0,,1.0,2019,13
2019-09-01 12:44:18,Other,RISK OF RAIN FOR F1 RACE IS 40%,,,,,,1.0,2019,13
2019-09-01 13:07:04,Drs,DRS DISABLED,DISABLED,,,,,1.0,2019,13
2019-09-01 13:13:27,Flag,GREEN LIGHT - PIT EXIT OPEN,,GREEN,Track,,,1.0,2019,13
2019-09-01 13:13:38,Flag,YELLOW IN TRACK SECTOR 2,,YELLOW,Sector,2.0,,1.0,2019,13
2019-09-01 13:13:39,Flag,DOUBLE YELLOW IN TRACK SECTOR 2,,DOUBLE YELLOW,Sector,2.0,,1.0,2019,13
2019-09-01 13:13:39,Flag,CLEAR IN TRACK SECTOR 2,,CLEAR,Sector,2.0,,1.0,2019,13
2019-09-01 13:13:48,Flag,CLEAR IN TRACK SECTOR 2,,CLEAR,Sector,2.0,,1.0,2019,13
2019-09-01 13:13:50,Flag,YELLOW IN TRACK SECTOR 2,,YELLOW,Sector,2.0,,1.0,2019,13
2019-09-01 13:14:00,Flag,YELLOW IN TRACK SECTOR 4,,YELLOW,Sector,4.0,,1.0,2019,13
2019-09-01 13:14:00,Flag,CLEAR IN TRACK SECTOR 2,,CLEAR,Sector,2.0,,1.0,2019,13
2019-09-01 13:14:21,Flag,DOUBLE YELLOW IN TRACK SECTOR 4,,DOUBLE YELLOW,Sector,4.0,,1.0,2019,13
2019-09-01 13:14:23,SafetyCar,SAFETY CAR DEPLOYED,DEPLOYED,,,,,1.0,2019,13
2019-09-01 13:15:11,CarEvent,CAR 33 (VER) STOPPED AT TURN 3,,,,,33,1.0,2019,13
2019-09-01 13:16:58,Flag,DOUBLE YELLOW IN TRACK SECTOR 2,,DOUBLE YELLOW,Sector,2.0,,2.0,2019,13
2019-09-01 13:17:03,Flag,DOUBLE YELLOW IN TRACK SECTOR 4,,DOUBLE YELLOW,Sector,4.0,,2.0,2019,13
2019-09-01 13:19:31,Flag,CLEAR IN TRACK SECTOR 2,,CLEAR,Sector,2.0,,3.0,2019,13
2019-09-01 13:19:33,Flag,CLEAR IN TRACK SECTOR 4,,CLEAR,Sector,4.0,,3.0,2019,13
2019-09-01 13:19:42,SafetyCar,SAFETY CAR IN THIS LAP,IN THIS LAP,,,,,3.0,2019,13
2019-09-01 13:21:03,SafetyCar,SAFETY CAR DEPLOYED,DEPLOYED,,,,,3.0,2019,13
2019-09-01 13:21:26,Flag,DOUBLE YELLOW IN TRACK SECTOR 19,,DOUBLE YELLOW,Sector,19.0,,3.0,2019,13
2019-09-01 13:22:11,Flag,CLEAR IN TRACK SECTOR 19,,CLEAR,Sector,19.0,,4.0,2019,13
2019-09-01 13:22:26,SafetyCar,SAFETY CAR IN THIS LAP,IN THIS LAP,,,,,4.0,2019,13
2019-09-01 13:22:41,CarEvent,CAR 55 (SAI) STOPPED AT TURN 19,,,,,55,4.0,2019,13
2019-09-01 13:24:30,Flag,TRACK CLEAR,,CLEAR,Track,,,4.0,2019,13
2019-09-01 13:26:35,Other,"LAP 1, TURN 1 INCIDENT INVOLVING CARS 7 (RAI) AND 33 (VER) NOTED - NO INVESTIGATION NECESSARY",,,,,,6.0,2019,13
2019-09-01 13:27:08,Other,"LAP 1, TURN 1 INCIDENT INVOLVING CARS 3 (RIC) AND 18 (STR) NOTED - NO INVESTIGATION NECESSARY",,,,,,6.0,2019,13
2019-09-01 13:28:04,Other,"LAP 1, TURN 1 CARS RUNNING WIDE NOTED - NO INVESTIGATION NECESSARY",,,,,,6.0,2019,13
2019-09-01 13:28:30,Drs,DRS ENABLED,ENABLED,,,,,7.0,2019,13
2019-09-01 13:33:26,CarEvent,CAR 16 (LEC) MISSED THE APEX OF TURN 6,,,,,16,9.0,2019,13
2019-09-01 13:34:15,Other,TURN 5 INCIDENT INVOLVING CAR 16 (LEC) NOTED,,,,,,10.0,2019,13
2019-09-01 13:35:38,Other,TURN 5 INCIDENT INVOLVING CAR 16 (LEC) - NO INVESTIGATION NECESSARY,,,,,,11.0,2019,13
2019-09-01 13:52:37,Other,TURN 5 INCIDENT INVOLVING CARS 10 (GAS) AND 20 (MAG) NOTED,,,,,,20.0,2019,13
2019-09-01 13:56:55,Other,BLACK AND WHITE FLAG FOR CAR 10 (GAS) - MOVING UNDER BRAKES AT TURN 5,,,,,,22.0,2019,13
2019-09-01 14:14:10,Flag,WAVED BLUE FLAG FOR CAR 63 (RUS) TIMED AT 16:14:10,,BLUE,Driver,,63,32.0,2019,13
2019-09-01 14:22:01,CarEvent,CAR 5 (VET) MISSED THE APEX OF TURN 5,,,,,5,36.0,2019,13
2019-09-01 14:22:34,Other,TURN 5 INCIDENT INVOLVING CAR 5 (VET) NOTED - NO INVESTIGATION NECESSARY,,,,,,36.0,2019,13
2019-09-01 14:23:11,Flag,WAVED BLUE FLAG FOR CAR 7 (RAI) TIMED AT 16:23:11,,BLUE,Driver,,7,37.0,2019,13
2019-09-01 14:23:50,Flag,WAVED BLUE FLAG FOR CAR 88 (KUB) TIMED AT 16:23:49,,BLUE,Driver,,88,37.0,2019,13
2019-09-01 14:25:58,Other,TURN 5 INCIDENT INVOLVING CARS 10 (GAS) AND 99 (GIO) NOTED - NO INVESTIGATION NECESSARY,,,,,,38.0,2019,13
2019-09-01 14:30:13,Flag,WAVED BLUE FLAG FOR CAR 63 (RUS) TIMED AT 16:30:12,,BLUE,Driver,,63,41.0,2019,13
2019-09-01 14:31:25,Flag,WAVED BLUE FLAG FOR CAR 20 (MAG) TIMED AT 16:31:25,,BLUE,Driver,,20,41.0,2019,13
2019-09-01 14:32:10,Flag,WAVED BLUE FLAG FOR CAR 8 (GRO) TIMED AT 16:32:10,,BLUE,Driver,,8,42.0,2019,13
2019-09-01 14:32:29,Flag,WAVED BLUE FLAG FOR CAR 3 (RIC) TIMED AT 16:32:28,,BLUE,Driver,,3,42.0,2019,13
2019-09-01 14:32:35,Flag,WAVED BLUE FLAG FOR CAR 20 (MAG) TIMED AT 16:32:35,,BLUE,Driver,,20,42.0,2019,13
2019-09-01 14:33:00,Flag,WAVED BLUE FLAG FOR CAR 3 (RIC) TIMED AT 16:32:59,,BLUE,Driver,,3,42.0,2019,13
2019-09-01 14:33:25,Other,TURN 5 INCIDENT INVOLVING CARS 8 (GRO) AND 18 (STR) NOTED - NO INVESTIGATION NECESSARY,,,,,,42.0,2019,13
2019-09-01 14:34:40,Flag,WAVED BLUE FLAG FOR CAR 3 (RIC) TIMED AT 16:34:39,,BLUE,Driver,,3,43.0,2019,13
2019-09-01 14:36:16,Flag,YELLOW IN TRACK SECTOR 12,,YELLOW,Sector,12.0,,44.0,2019,13
2019-09-01 14:36:18,CarEvent,CAR 10 (GAS) MISSED THE APEX OF TURN 5,,,,,10,44.0,2019,13
2019-09-01 14:36:34,Flag,DOUBLE YELLOW IN TRACK SECTOR 12,,DOUBLE YELLOW,Sector,12.0,,44.0,2019,13
2019-09-01 14:36:34,Flag,WAVED BLUE FLAG FOR CAR 18 (STR) TIMED AT 16:36:34,,BLUE,Driver,,18,44.0,2019,13
2019-09-01 14:36:38,Flag,DOUBLE YELLOW IN TRACK SECTOR 11,,DOUBLE YELLOW,Sector,11.0,,44.0,2019,13
2019-09-01 14:37:01,Flag,WAVED BLUE FLAG FOR CAR 8 (GRO) TIMED AT 16:37:01,,BLUE,Driver,,8,44.0,2019,13
2019-09-01 14:37:12,Flag,CHEQUERED FLAG,,CHEQUERED,Track,,,44.0,2019,13
2019-09-01 14:37:17,Flag,DOUBLE YELLOW IN TRACK SECTOR 2,,DOUBLE YELLOW,Sector,2.0,,44.0,2019,13
2019-09-01 14:39:41,Flag,CLEAR IN TRACK SECTOR 2,,CLEAR,Sector,2.0,,44.0,2019,13
2019-09-01 14:41:42,Other,TURN 5 INCIDENT ON FINAL LAP INVOLVING CARS 23 (ALB) AND 11 (PER) NOTED,,,,,,44.0,2019,13
2019-09-01 14:43:38,Flag,DOUBLE YELLOW IN TRACK SECTOR 19,,DOUBLE YELLOW,Sector,19.0,,44.0,2019,13
2019-09-01 14:45:08,Other,TURN 5 INCIDENT INVOLVING CARS 23 (ALB) AND 11 (PER) UNDER INVESTIGATION,,,,,,44.0,2019,13
2019-09-08 12:55:04,Other,RISK OF RAIN FOR F1 RACE IS 10%,,,,,,1.0,2019,14
2019-09-08 13:07:07,Drs,DRS DISABLED,DISABLED,,,,,1.0,2019,14
2019-09-08 13:13:21,Flag,GREEN LIGHT - PIT EXIT OPEN,,GREEN,Track,,,1.0,2019,14
2019-09-08 13:13:38,Flag,DOUBLE YELLOW IN TRACK SECTOR 3,,DOUBLE YELLOW,Sector,3.0,,1.0,2019,14
2019-09-08 13:13:41,Flag,CLEAR IN TRACK SECTOR 3,,CLEAR,Sector,3.0,,1.0,2019,14
2019-09-08 13:16:31,Other,"TURN 1 INCIDENT INVOLVING CARS 7 (RAI),11 (PER),33 (VER) AND 8 (GRO) NOTED",,,,,,3.0,2019,14
2019-09-08 13:16:32,Drs,DRS ENABLED,ENABLED,,,,,3.0,2019,14
2019-09-08 13:17:07,Flag,YELLOW IN TRACK SECTOR 8,,YELLOW,Sector,8.0,,3.0,2019,14
2019-09-08 13:17:11,Flag,CLEAR IN TRACK SECTOR 8,,CLEAR,Sector,8.0,,3.0,2019,14
2019-09-08 13:17:54,Other,TURN 7 INCIDENT INVOLVING CARS 23 (ALB) AND 55 (SAI) NOTED,,,,,,4.0,2019,14
2019-09-08 13:21:08,Other,TURN 6 INCIDENT INVOLVING CARS 23 (ALB) AND 55 (SAI) - NO INVESTIGATION NECESSARY,,,,,,6.0,2019,14
2019-09-08 13:21:36,Flag,DOUBLE YELLOW IN TRACK SECTOR 13,,DOUBLE YELLOW,Sector,13.0,,6.0,2019,14
2019-09-08 13:21:57,Flag,CLEAR IN TRACK SECTOR 13,,CLEAR,Sector,13.0,,7.0,2019,14
2019-09-08 13:22:13,CarEvent,CAR 5 (VET) SPUN AND CONTINUED AT TURN 9,,,,,5,7.0,2019,14
2019-09-08 13:22:53,Other,TURN 9 INCIDENT INVOLVING CARS 5 (VET) AND 18 (STR) NOTED - CAUSING A COLLISION,,,,,,7.0,2019,14
2019-09-08 13:24:10,Other,TURN 9 INCIDENT INVOLVING CARS 5 (VET) AND 18 (STR) UNDER INVESTIGATION - RETURNING TO THE TRACK IN AN UNSAFE MANNER,,,,,,8.0,2019,14
2019-09-08 13:24:18,CarEvent,CAR 8 (GRO) SPUN AND CONTINUED AT TURN 10,,,,,8,8.0,2019,14
2019-09-08 13:24:40,CarEvent,CAR 23 (ALB) MISSED THE APEX OF TURN 5,,,,,23,8.0,2019,14
2019-09-08 13:26:59,Other,TURN 5 INCIDENT INVOLVING CARS 23 (ALB) AND 20 (MAG) NOTED,,,,,,10.0,2019,14
2019-09-08 13:29:52,Other,10 SECOND STOP/GO PENALTY FOR CAR 5 (VET) - RETURNING TO THE TRACK IN AN UNSAFE MANNER,,,,,,12.0,2019,14
2019-09-08 13:30:58,Other,INCIDENT INVOLVING CAR 7 (RAI) UNDER INVESTIGATION - STARTING THE RACE ON INCORRECT TYRES,,,,,,13.0,2019,14
2019-09-08 13:33:26,Other,DRIVE THROUGH PENALTY FOR CAR 18 (STR) - REJOINING THE TRACK IN AN UNSAFE MANNER,,,,,,15.0,2019,14
2019-09-08 13:37:57,Other,5 SECOND TIME PENALTY FOR CAR 23 (ALB) - LEAVING THE TRACK AND GAINING A LASTING ADVANTAGE,,,,,,18.0,2019,14
2019-09-08 13:39:57,Other,10 SECOND STOP/GO PENALTY FOR CAR 7 (RAI) - STARTING THE RACE ON INCORRECT TYRES,,,,,,19.0,2019,14
2019-09-08 13:40:13,Other,CAR 4 (NOR) TIME 1:26.102 DELETED - TRACK LIMITS AT TURN 11,,,,,,19.0,2019,14
2019-09-08 13:40:20,Other,CAR 4 (NOR) TIME 1:26.181 DELETED - TRACK LIMITS AT TURN 11,,,,,,20.0,2019,14
2019-09-08 13:40:38,Flag,WAVED BLUE FLAG FOR CAR 8 (GRO) TIMED AT 15:40:38,,BLUE,Driver,,8,20.0,2019,14
2019-09-08 13:41:26,Flag,WAVED BLUE FLAG FOR CAR 8 (GRO) TIMED AT 15:41:25,,BLUE,Driver,,8,20.0,2019,14
2019-09-08 13:43:11,Flag,WAVED BLUE FLAG FOR CAR 7 (RAI) TIMED AT 15:43:10,,BLUE,Driver,,7,22.0,2019,14
2019-09-08 13:45:32,Flag,WAVED BLUE FLAG FOR CAR 16 (LEC) TIMED AT 15:45:31,,BLUE,Driver,,16,23.0,2019,14
2019-09-08 13:45:44,CarEvent,CAR 44 (HAM) MISSED THE APEX OF TURN 5,,,,,44,23.0,2019,14
2019-09-08 13:45:51,CarEvent,CAR 27 (HUL) MISSED THE APEX OF TURN 5,,,,,27,23.0,2019,14
2019-09-08 13:46:12,Other,BLACK AND WHITE FLAG FOR CAR 16 (LEC),,,,,,24.0,2019,14
2019-09-08 13:51:49,Flag,WAVED BLUE FLAG FOR CAR 8 (GRO) TIMED AT 15:51:49,,BLUE,Driver,,8,28.0,2019,14
2019-09-08 13:52:58,Flag,YELLOW IN TRACK SECTOR 2,,YELLOW,Sector,2.0,,28.0,2019,14
2019-09-08 13:53:21,Other,CAR 55 (SAI) STOPPED AT PIT EXIT,,,,,,29.0,2019,14
2019-09-08 13:53:28,SafetyCar,VIRTUAL SAFETY CAR DEPLOYED,DEPLOYED,,,,,29.0,2019,14
2019-09-08 13:54:09,SafetyCar,VIRTUAL SAFETY CAR ENDING,ENDING,,,,,29.0,2019,14
2019-09-08 13:54:22,Flag,TRACK CLEAR,,CLEAR,Track,,,29.0,2019,14
2019-09-08 13:54:22,Flag,CLEAR IN TRACK SECTOR 2,,CLEAR,Sector,2.0,,29.0,2019,14
2019-09-08 13:54:23,Drs,DRS ENABLED,ENABLED,,,,,29.0,2019,14
2019-09-08 13:55:24,Flag,WAVED BLUE FLAG FOR CAR 8 (GRO) TIMED AT 15:55:23,,BLUE,Driver,,8,30.0,2019,14
2019-09-08 13:56:18,Flag,YELLOW IN TRACK SECTOR 4,,YELLOW,Sector,4.0,,30.0,2019,14
2019-09-08 13:56:18,Flag,YELLOW IN TRACK SECTOR 3,,YELLOW,Sector,3.0,,30.0,2019,14
2019-09-08 13:56:31,SafetyCar,VIRTUAL SAFETY CAR DEPLOYED,DEPLOYED,,,,,31.0,2019,14
2019-09-08 13:56:46,CarEvent,CAR 26 (KVY) STOPPED AT TURN 2,,,,,26,31.0,2019,14
2019-09-08 13:57:35,SafetyCar,VIRTUAL SAFETY CAR ENDING,ENDING,,,,,31.0,2019,14
2019-09-08 13:57:50,Flag,TRACK CLEAR,,CLEAR,Track,,,31.0,2019,14
2019-09-08 13:57:50,Flag,CLEAR IN TRACK SECTOR 3,,CLEAR,Sector,3.0,,31.0,2019,14
2019-09-08 13:57:50,Flag,CLEAR IN TRACK SECTOR 4,,CLEAR,Sector,4.0,,31.0,2019,14
2019-09-08 13:57:52,Drs,DRS ENABLED,ENABLED,,,,,31.0,2019,14
2019-09-08 13:58:05,Flag,WAVED BLUE FLAG FOR CAR 7 (RAI) TIMED AT 15:58:05,,BLUE,Driver,,7,31.0,2019,14
2019-09-08 13:58:22,Flag,WAVED BLUE FLAG FOR CAR 7 (RAI) TIMED AT 15:58:21,,BLUE,Driver,,7,32.0,2019,14
2019-09-08 14:00:10,Flag,WAVED BLUE FLAG FOR CAR 5 (VET) TIMED AT 16:00:09,,BLUE,Driver,,5,33.0,2019,14
2019-09-08 14:00:39,Flag,WAVED BLUE FLAG FOR CAR 63 (RUS) TIMED AT 16:00:38,,BLUE,Driver,,63,33.0,2019,14
2019-09-08 14:00:50,Flag,WAVED BLUE FLAG FOR CAR 88 (KUB) TIMED AT 16:00:50,,BLUE,Driver,,88,33.0,2019,14
2019-09-08 14:02:15,Flag,WAVED BLUE FLAG FOR CAR 63 (RUS) TIMED AT 16:02:15,,BLUE,Driver,,63,34.0,2019,14
2019-09-08 14:02:53,CarEvent,CAR 20 (MAG) MISSED THE APEX OF TURN 5,,,,,20,35.0,2019,14
2019-09-08 14:03:45,Flag,WAVED BLUE FLAG FOR CAR 5 (VET) TIMED AT 16:03:44,,BLUE,Driver,,5,35.0,2019,14
2019-09-08 14:05:15,Other,TURN 2 INCIDENT INVOLVING CAR 16 (LEC) NOTED - MISSING THE APEX,,,,,,37.0,2019,14
2019-09-08 14:06:19,Other,TURN 2 INCIDENT INVOLVING CAR 16 (LEC) NOTED - NO INVESTIGATION NECESSARY,,,,,,37.0,2019,14
2019-09-08 14:11:05,Other,CAR 55 (SAI) BEING RELEASED IN AN UNSAFE CONDITION WILL BE INVESTIGATED AFTER THE RACE,,,,,,41.0,2019,14
2019-09-08 14:12:03,Flag,WAVED BLUE FLAG FOR CAR 8 (GRO) TIMED AT 16:12:02,,BLUE,Driver,,8,41.0,2019,14
2019-09-08 14:12:31,Flag,WAVED BLUE FLAG FOR CAR 88 (KUB) TIMED AT 16:12:30,,BLUE,Driver,,88,42.0,2019,14
2019-09-08 14:12:36,Flag,WAVED BLUE FLAG FOR CAR 18 (STR) TIMED AT 16:12:35,,BLUE,Driver,,18,42.0,2019,14
2019-09-08 14:13:14,Flag,WAVED BLUE FLAG FOR CAR 18 (STR) TIMED AT 16:13:14,,BLUE,Driver,,18,42.0,2019,14
2019-09-08 14:13:28,Flag,WAVED BLUE FLAG FOR CAR 18 (STR) TIMED AT 16:13:28,,BLUE,Driver,,18,42.0,2019,14
2019-09-08 14:14:21,Flag,WAVED BLUE FLAG FOR CAR 8 (GRO) TIMED AT 16:14:21,,BLUE,Driver,,8,43.0,2019,14
2019-09-08 14:14:37,Flag,WAVED BLUE FLAG FOR CAR 88 (KUB) TIMED AT 16:14:37,,BLUE,Driver,,88,43.0,2019,14
2019-09-08 14:17:49,Flag,WAVED BLUE FLAG FOR CAR 88 (KUB) TIMED AT 16:17:49,,BLUE,Driver,,88,46.0,2019,14
2019-09-08 14:18:30,Flag,WAVED BLUE FLAG FOR CAR 5 (VET) TIMED AT 16:18:29,,BLUE,Driver,,5,46.0,2019,14
2019-09-08 14:18:51,Flag,WAVED BLUE FLAG FOR CAR 88 (KUB) TIMED AT 16:18:51,,BLUE,Driver,,88,46.0,2019,14
2019-09-08 14:19:19,Flag,WAVED BLUE FLAG FOR CAR 88 (KUB) TIMED AT 16:19:19,,BLUE,Driver,,88,47.0,2019,14
2019-09-08 14:21:23,Flag,WAVED BLUE FLAG FOR CAR 10 (GAS) TIMED AT 16:21:23,,BLUE,Driver,,10,48.0,2019,14
2019-09-08 14:21:37,Flag,WAVED BLUE FLAG FOR CAR 8 (GRO) TIMED AT 16:21:37,,BLUE,Driver,,8,48.0,2019,14
2019-09-08 14:21:46,Flag,WAVED BLUE FLAG FOR CAR 8 (GRO) TIMED AT 16:21:45,,BLUE,Driver,,8,48.0,2019,14
2019-09-08 14:21:51,Flag,WAVED BLUE FLAG FOR CAR 7 (RAI) TIMED AT 16:21:50,,BLUE,Driver,,7,48.0,2019,14
2019-09-08 14:22:02,Flag,WAVED BLUE FLAG FOR CAR 10 (GAS) TIMED AT 16:22:01,,BLUE,Driver,,10,49.0,2019,14
2019-09-08 14:22:21,Flag,WAVED BLUE FLAG FOR CAR 7 (RAI) TIMED AT 16:22:21,,BLUE,Driver,,7,49.0,2019,14
2019-09-08 14:24:12,Flag,WAVED BLUE FLAG FOR CAR 4 (NOR) TIMED AT 16:24:11,,BLUE,Driver,,4,50.0,2019,14
2019-09-08 14:24:46,Flag,WAVED BLUE FLAG FOR CAR 4 (NOR) TIMED AT 16:24:46,,BLUE,Driver,,4,51.0,2019,14
2019-09-08 14:27:33,Flag,WAVED BLUE FLAG FOR CAR 99 (GIO) TIMED AT 16:27:32,,BLUE,Driver,,99,53.0,2019,14
2019-09-08 14:28:46,Flag,CHEQUERED FLAG,,CHEQUERED,Track,,,53.0,2019,14
2019-09-22 11:55:07,Other,RISK OF RAIN FOR F1 RACE IS 10%,,,,,,1.0,2019,15
2019-09-22 12:07:04,Drs,DRS DISABLED,DISABLED,,,,,1.0,2019,15
2019-09-22 12:13:41,Flag,GREEN LIGHT - PIT EXIT OPEN,,GREEN,Track,,,1.0,2019,15
2019-09-22 12:15:33,Other,TURN 1 INCIDENT INVOLVING CAR 8 (GRO) NOTED,,,,,,2.0,2019,15
2019-09-22 12:17:19,Other,"LAP 1, TURN 5 INCIDENT INVOLVING CARS 27 (HUL) AND 55 (SAI) NOTED",,,,,,2.0,2019,15
2019-09-22 12:17:25,Drs,DRS ENABLED,ENABLED,,,,,3.0,2019,15
2019-09-22 12:17:45,Flag,WAVED BLUE FLAG FOR CAR 55 (SAI) TIMED AT 20:17:44,,BLUE,Driver,,55,3.0,2019,15
2019-09-22 12:18:24,Flag,WAVED BLUE FLAG FOR CAR 55 (SAI) TIMED AT 20:18:24,,BLUE,Driver,,55,3.0,2019,15
2019-09-22 12:18:41,Flag,WAVED BLUE FLAG FOR CAR 55 (SAI) TIMED AT 20:18:41,,BLUE,Driver,,55,3.0,2019,15
2019-09-22 12:25:06,Flag,WAVED BLUE FLAG FOR CAR 55 (SAI) TIMED AT 20:25:06,,BLUE,Driver,,55,7.0,2019,15
2019-09-22 12:26:05,Other,TURN 5 INCIDENT INVOLVING CARS 27 (HUL) AND 55 (SAI) - NO FURTHER ACTION ,,,,,,7.0,2019,15
2019-09-22 12:29:52,Other,"LAP 1, TURN 1 INCIDENT INVOLVING CAR 8 (GRO) - NO INVESTIGATION NECESSARY",,,,,,9.0,2019,15
2019-09-22 12:36:48,Flag,WAVED BLUE FLAG FOR CAR 55 (SAI) TIMED AT 20:36:47,,BLUE,Driver,,55,13.0,2019,15
2019-09-22 12:51:44,Flag,WAVED BLUE FLAG FOR CAR 55 (SAI) TIMED AT 20:51:44,,BLUE,Driver,,55,21.0,2019,15
2019-09-22 12:52:21,Flag,WAVED BLUE FLAG FOR CAR 55 (SAI) TIMED AT 20:52:20,,BLUE,Driver,,55,22.0,2019,15
2019-09-22 12:53:26,Flag,WAVED BLUE FLAG FOR CAR 55 (SAI) TIMED AT 20:53:25,,BLUE,Driver,,55,22.0,2019,15
2019-09-22 13:08:31,Other,TURN 7 INCIDENT INVOLVING CARS 5 (VET) AND 10 (GAS) NOTED,,,,,,31.0,2019,15
2019-09-22 13:09:20,Other,TURN 7 INCIDENT INVOLVING CARS 5 (VET) AND 10 (GAS) - NO INVESTIGATION NECESSARY,,,,,,31.0,2019,15
2019-09-22 13:15:18,Other,TURN 7 INCIDENT INVOLVING CARS 3 (RIC) AND 99 (GIO) NOTED,,,,,,34.0,2019,15
2019-09-22 13:17:19,Flag,YELLOW IN TRACK SECTOR 7,,YELLOW,Sector,7.0,,35.0,2019,15
2019-09-22 13:17:21,Flag,DOUBLE YELLOW IN TRACK SECTOR 7,,DOUBLE YELLOW,Sector,7.0,,36.0,2019,15
2019-09-22 13:17:53,Flag,YELLOW IN TRACK SECTOR 6,,YELLOW,Sector,6.0,,36.0,2019,15
2019-09-22 13:18:42,SafetyCar,SAFETY CAR DEPLOYED,DEPLOYED,,,,,36.0,2019,15
2019-09-22 13:22:41,Other,CRANE ON TRACK AT TURN 8,,,,,,38.0,2019,15
2019-09-22 13:26:16,Other,LAPPED CARS MAY NOW OVERTAKE - 55,,,,,,39.0,2019,15
2019-09-22 13:27:05,Flag,CLEAR IN TRACK SECTOR 6,,CLEAR,Sector,6.0,,39.0,2019,15
2019-09-22 13:28:00,Flag,CLEAR IN TRACK SECTOR 7,,CLEAR,Sector,7.0,,40.0,2019,15
2019-09-22 13:28:08,SafetyCar,SAFETY CAR IN THIS LAP,IN THIS LAP,,,,,40.0,2019,15
2019-09-22 13:30:17,Flag,TRACK CLEAR,,CLEAR,Track,,,40.0,2019,15
2019-09-22 13:31:32,Other,TURN 8 INCIDENT INVOLVING CARS 8 (GRO) AND 63 (RUS) NOTED,,,,,,41.0,2019,15
2019-09-22 13:32:41,Other,TURN 7 INCIDENT INVOLVING CARS 3 (RIC) AND 99 (GIO) - NO INVESTIGATION NECESSARY,,,,,,42.0,2019,15
2019-09-22 13:33:42,Other,TURN 8 INCIDENT INVOLVING CARS 8 (GRO) AND 63 (RUS) UNDER INVESTIGATION,,,,,,42.0,2019,15
2019-09-22 13:34:08,Drs,DRS ENABLED,ENABLED,,,,,43.0,2019,15
2019-09-22 13:34:33,Other,TURN 8 INCIDENT INVOLVING CAR 99 (GIO) WILL BE INVESTIGATED AFTER THE RACE,,,,,,43.0,2019,15
2019-09-22 13:35:32,Other,TURN 8 INCIDENT INVOLVING CARS 8 (GRO) AND 63 (RUS) WILL BE INVESTIGATED AFTER THE RACE,,,,,,43.0,2019,15
2019-09-22 13:36:02,Flag,YELLOW IN TRACK SECTOR 11,,YELLOW,Sector,11.0,,44.0,2019,15
2019-09-22 13:36:49,SafetyCar,SAFETY CAR DEPLOYED,DEPLOYED,,,,,44.0,2019,15
2019-09-22 13:38:52,Other,CRANE ON TRACK BEFORE TURN 14,,,,,,45.0,2019,15
2019-09-22 13:43:22,Flag,CLEAR IN TRACK SECTOR 11,,CLEAR,Sector,11.0,,46.0,2019,15
2019-09-22 13:43:52,SafetyCar,SAFETY CAR IN THIS LAP,IN THIS LAP,,,,,47.0,2019,15
2019-09-22 13:46:02,Flag,TRACK CLEAR,,CLEAR,Track,,,47.0,2019,15
2019-09-22 13:49:53,Drs,DRS ENABLED,ENABLED,,,,,50.0,2019,15
2019-09-22 13:50:12,Flag,YELLOW IN TRACK SECTOR 2,,YELLOW,Sector,2.0,,50.0,2019,15
2019-09-22 13:50:13,Flag,CLEAR IN TRACK SECTOR 2,,CLEAR,Sector,2.0,,50.0,2019,15
2019-09-22 13:50:15,Flag,DOUBLE YELLOW IN TRACK SECTOR 2,,DOUBLE YELLOW,Sector,2.0,,50.0,2019,15
2019-09-22 13:51:02,SafetyCar,SAFETY CAR DEPLOYED,DEPLOYED,,,,,50.0,2019,15
2019-09-22 13:53:39,SafetyCar,SAFETY CAR IN THIS LAP,IN THIS LAP,,,,,51.0,2019,15
2019-09-22 13:53:55,Flag,CLEAR IN TRACK SECTOR 2,,CLEAR,Sector,2.0,,51.0,2019,15
2019-09-22 13:54:32,Flag,TRACK CLEAR,,CLEAR,Track,,,51.0,2019,15
2019-09-22 13:55:44,Other,TURN 1 INCIDENT INVOLVING CARS 7 (RAI) AND 26 (KVY) WILL BE INVESTIGATED AFTER THE RACE,,,,,,52.0,2019,15
2019-09-22 13:58:17,Drs,DRS ENABLED,ENABLED,,,,,54.0,2019,15
2019-09-22 14:12:14,Flag,CHEQUERED FLAG,,CHEQUERED,Track,,,61.0,2019,15
2019-09-22 14:20:28,Flag,DOUBLE YELLOW IN TRACK SECTOR 4,,DOUBLE YELLOW,Sector,4.0,,61.0,2019,15
2019-09-22 14:20:40,Flag,CLEAR IN TRACK SECTOR 4,,CLEAR,Sector,4.0,,61.0,2019,15
2019-09-29 10:53:01,Other,RISK OF RAIN FOR F1 RACE IS 20%,,,,,,1.0,2019,16
2019-09-29 11:07:05,Drs,DRS DISABLED,DISABLED,,,,,1.0,2019,16
2019-09-29 11:13:28,Flag,GREEN LIGHT - PIT EXIT OPEN,,GREEN,Track,,,1.0,2019,16
2019-09-29 11:14:05,Flag,DOUBLE YELLOW IN TRACK SECTOR 7,,DOUBLE YELLOW,Sector,7.0,,1.0,2019,16
2019-09-29 11:14:11,Flag,YELLOW IN TRACK SECTOR 6,,YELLOW,Sector,6.0,,1.0,2019,16
2019-09-29 11:14:22,SafetyCar,SAFETY CAR DEPLOYED,DEPLOYED,,,,,1.0,2019,16
2019-09-29 11:19:45,SafetyCar,SAFETY CAR IN THIS LAP,IN THIS LAP,,,,,3.0,2019,16
2019-09-29 11:19:48,Flag,CLEAR IN TRACK SECTOR 7,,CLEAR,Sector,7.0,,3.0,2019,16
2019-09-29 11:19:50,Flag,CLEAR IN TRACK SECTOR 6,,CLEAR,Sector,6.0,,3.0,2019,16
2019-09-29 11:20:15,Other,"TURN 4 INCIDENT INVOLVING CARS 3 (RIC), 99 (GIO) AND 8 (GRO) NOTED",,,,,,3.0,2019,16
2019-09-29 11:20:45,Flag,TRACK CLEAR,,CLEAR,Track,,,3.0,2019,16
2019-09-29 11:22:54,Other,"TURN 4 INCIDENT INVOLVING CARS 3 (RIC),99 (GIO)  AND 8 (GRO) - NO INVESTIGATION NECESSARY",,,,,,5.0,2019,16
2019-09-29 11:23:53,Other,INCIDENT INVOLVING CAR 7 (RAI) UNDER INVESTIGATION - FALSE START,,,,,,5.0,2019,16
2019-09-29 11:24:12,Drs,DRS ENABLED,ENABLED,,,,,5.0,2019,16
2019-09-29 11:29:19,Other,CAR 23 (ALB) MISSED THE APEX OF TURN 2 NOTED - NO LASTING ADVANTAGE GAINED,,,,,,9.0,2019,16
2019-09-29 11:29:42,Other,DRIVE THROUGH PENALTY FOR CAR 7 (RAI) - FALSE START,,,,,,9.0,2019,16
2019-09-29 11:50:21,Other,TURN 2 INCIDENT INVOLVING CARS 27 (HUL) AND 99 (GIO) NOTED,,,,,,21.0,2019,16
2019-09-29 11:50:51,Flag,WAVED BLUE FLAG FOR CAR 88 (KUB) TIMED AT 14:50:50,,BLUE,Driver,,88,22.0,2019,16
2019-09-29 11:53:03,Flag,WAVED BLUE FLAG FOR CAR 88 (KUB) TIMED AT 14:53:03,,BLUE,Driver,,88,23.0,2019,16
2019-09-29 11:56:10,Other,BLACK AND WHITE FLAG FOR CAR 27 (HUL),,,,,,25.0,2019,16
2019-09-29 11:57:41,Flag,WAVED BLUE FLAG FOR CAR 88 (KUB) TIMED AT 14:57:40,,BLUE,Driver,,88,26.0,2019,16
2019-09-29 11:59:56,Flag,WAVED BLUE FLAG FOR CAR 88 (KUB) TIMED AT 14:59:56,,BLUE,Driver,,88,27.0,2019,16
2019-09-29 12:00:49,Flag,DOUBLE YELLOW IN TRACK SECTOR 17,,DOUBLE YELLOW,Sector,17.0,,28.0,2019,16
2019-09-29 12:00:50,Flag,YELLOW IN TRACK SECTOR 17,,YELLOW,Sector,17.0,,28.0,2019,16
2019-09-29 12:01:00,Flag,DOUBLE YELLOW IN TRACK SECTOR 16,,DOUBLE YELLOW,Sector,16.0,,28.0,2019,16
2019-09-29 12:01:01,Flag,DOUBLE YELLOW IN TRACK SECTOR 17,,DOUBLE YELLOW,Sector,17.0,,28.0,2019,16
2019-09-29 12:01:12,CarEvent,CAR 5 (VET) STOPPED AT TURN 15,,,,,5,28.0,2019,16
2019-09-29 12:01:20,SafetyCar,VIRTUAL SAFETY CAR DEPLOYED,DEPLOYED,,,,,28.0,2019,16
2019-09-29 12:03:26,Flag,CLEAR IN TRACK SECTOR 16,,CLEAR,Sector,16.0,,29.0,2019,16
2019-09-29 12:03:28,Flag,CLEAR IN TRACK SECTOR 17,,CLEAR,Sector,17.0,,29.0,2019,16
2019-09-29 12:03:30,SafetyCar,VIRTUAL SAFETY CAR ENDING,ENDING,,,,,29.0,2019,16
2019-09-29 12:03:40,Flag,TRACK CLEAR,,CLEAR,Track,,,29.0,2019,16
2019-09-29 12:03:48,Drs,DRS ENABLED,ENABLED,,,,,29.0,2019,16
2019-09-29 12:03:53,Flag,YELLOW IN TRACK SECTOR 11,,YELLOW,Sector,11.0,,29.0,2019,16
2019-09-29 12:04:29,SafetyCar,SAFETY CAR DEPLOYED,DEPLOYED,,,,,29.0,2019,16
2019-09-29 12:05:09,CarEvent,CAR 63 (RUS) STOPPED AT TURN 8,,,,,63,30.0,2019,16
2019-09-29 12:08:37,Other,LAPPED CARS MAY NOW OVERTAKE - CAR 7 (RAI),,,,,,31.0,2019,16
2019-09-29 12:09:07,Flag,CLEAR IN TRACK SECTOR 11,,CLEAR,Sector,11.0,,31.0,2019,16
2019-09-29 12:11:58,SafetyCar,SAFETY CAR IN THIS LAP,IN THIS LAP,,,,,32.0,2019,16
2019-09-29 12:12:59,Flag,TRACK CLEAR,,CLEAR,Track,,,32.0,2019,16
2019-09-29 12:16:19,Drs,DRS ENABLED,ENABLED,,,,,34.0,2019,16
2019-09-29 12:17:11,Other,TURN 4 INCIDENT INVOLVING CARS 27 (HUL) AND 18 (STR) NOTED ,,,,,,35.0,2019,16
2019-09-29 12:17:43,Other,TURN 2 INCIDENT INVOLVING CAR 26 (KVY) NOTED,,,,,,35.0,2019,16
2019-09-29 12:19:20,Other,TURN 4 INCIDENT INVOLVING CARS 27 (HUL) AND 18 (STR) - NO INVESTIGATION NECESSARY,,,,,,36.0,2019,16
2019-09-29 12:20:15,Other,TURN 2 INCIDENT INVOLVING CAR 26 (KVY) - NO INVESTIGATION NECESSARY,,,,,,37.0,2019,16
2019-09-29 12:33:20,Other,TURN 2 INCIDENT INVOLVING CAR 20 (MAG) NOTED,,,,,,45.0,2019,16
2019-09-29 12:35:31,Other,5 SECOND TIME PENALTY FOR CAR 20 (MAG) - LEAVING THE TRACK AT TURN 2,,,,,,46.0,2019,16
2019-09-29 12:47:04,Flag,CHEQUERED FLAG,,CHEQUERED,Track,,,53.0,2019,16
2019-10-13 04:55:09,Other,RISK OF RAIN FOR F1 RACE IS 0%,,,,,,1.0,2019,17
2019-10-13 05:07:05,Drs,DRS DISABLED,DISABLED,,,,,1.0,2019,17
2019-10-13 05:13:34,Flag,GREEN LIGHT - PIT EXIT OPEN,,GREEN,Track,,,1.0,2019,17
2019-10-13 05:16:16,Other,TURN 2 INCIDENT INVOLVING CARS 16 (LEC) AND 33 (VER) NOTED - NO INVESTIGATION NECESSARY,,,,,,2.0,2019,17
2019-10-13 05:16:55,Drs,DRS ENABLED,ENABLED,,,,,3.0,2019,17
2019-10-13 05:18:42,Flag,YELLOW IN TRACK SECTOR 12,,YELLOW,Sector,12.0,,4.0,2019,17
2019-10-13 05:18:54,Flag,CLEAR IN TRACK SECTOR 12,,CLEAR,Sector,12.0,,4.0,2019,17
2019-10-13 05:22:17,Other,TURN 16 INCIDENT INVOLVING CARS 4 (NOR) AND 23 (ALB) NOTED,,,,,,6.0,2019,17
2019-10-13 05:23:55,Other,"LAP 1, TURN 2 INCIDENT INVOLVING CARS 16 (LEC) AND 33 (VER) NOW UNDER INVESTIGATION - CAUSING A COLLISION",,,,,,7.0,2019,17
2019-10-13 05:27:11,Other,INCIDENT INVOLVING CAR 5 (VET) UNDER INVESTIGATION - FALSE START,,,,,,9.0,2019,17
2019-10-13 05:33:58,Other,INCIDENT INVOLVING AN ALLEGED FALSE START FOR CAR 5 (VET) - NO FURTHER ACTION,,,,,,13.0,2019,17
2019-10-13 05:42:49,Other,"LAP 1, TURN 2 INCIDENT INVOLVING CARS 16 (LEC) AND 33 (VER) WILL BE INVESTIGATED AFTER THE RACE",,,,,,19.0,2019,17
2019-10-13 05:47:36,Other,TURN 16 INCIDENT INVOLVING CARS 4 (NOR) AND 23 (ALB) - NO FURTHER ACTION ,,,,,,22.0,2019,17
2019-10-13 05:47:37,Flag,WAVED BLUE FLAG FOR CAR 88 (KUB) TIMED AT 14:47:37,,BLUE,Driver,,88,22.0,2019,17
2019-10-13 05:48:12,Flag,WAVED BLUE FLAG FOR CAR 27 (HUL) TIMED AT 14:48:12,,BLUE,Driver,,27,22.0,2019,17
2019-10-13 05:50:42,Flag,WAVED BLUE FLAG FOR CAR 88 (KUB) TIMED AT 14:50:42,,BLUE,Driver,,88,24.0,2019,17
2019-10-13 05:54:57,Flag,WAVED BLUE FLAG FOR CAR 4 (NOR) TIMED AT 14:54:56,,BLUE,Driver,,4,27.0,2019,17
2019-10-13 05:57:29,Flag,WAVED BLUE FLAG FOR CAR 20 (MAG) TIMED AT 14:57:29,,BLUE,Driver,,20,28.0,2019,17
2019-10-13 05:58:29,Flag,WAVED BLUE FLAG FOR CAR 7 (RAI) TIMED AT 14:58:28,,BLUE,Driver,,7,29.0,2019,17
2019-10-13 05:58:46,Flag,WAVED BLUE FLAG FOR CAR 88 (KUB) TIMED AT 14:58:45,,BLUE,Driver,,88,29.0,2019,17
2019-10-13 05:59:20,Flag,WAVED BLUE FLAG FOR CAR 99 (GIO) TIMED AT 14:59:19,,BLUE,Driver,,99,29.0,2019,17
2019-10-13 05:59:47,Flag,WAVED BLUE FLAG FOR CAR 99 (GIO) TIMED AT 14:59:47,,BLUE,Driver,,99,30.0,2019,17
2019-10-13 06:00:24,Flag,WAVED BLUE FLAG FOR CAR 88 (KUB) TIMED AT 15:00:23,,BLUE,Driver,,88,30.0,2019,17
2019-10-13 06:00:40,Flag,WAVED BLUE FLAG FOR CAR 88 (KUB) TIMED AT 15:00:40,,BLUE,Driver,,88,30.0,2019,17
2019-10-13 06:02:28,Flag,WAVED BLUE FLAG FOR CAR 8 (GRO) TIMED AT 15:02:27,,BLUE,Driver,,8,31.0,2019,17
2019-10-13 06:02:36,Flag,WAVED BLUE FLAG FOR CAR 8 (GRO) TIMED AT 15:02:36,,BLUE,Driver,,8,32.0,2019,17
2019-10-13 06:03:13,Flag,WAVED BLUE FLAG FOR CAR 88 (KUB) TIMED AT 15:03:12,,BLUE,Driver,,88,32.0,2019,17
2019-10-13 06:03:59,Flag,WAVED BLUE FLAG FOR CAR 88 (KUB) TIMED AT 15:03:58,,BLUE,Driver,,88,32.0,2019,17
2019-10-13 06:04:04,Flag,WAVED BLUE FLAG FOR CAR 63 (RUS) TIMED AT 15:04:03,,BLUE,Driver,,63,33.0,2019,17
2019-10-13 06:04:14,Flag,WAVED BLUE FLAG FOR CAR 26 (KVY) TIMED AT 15:04:13,,BLUE,Driver,,26,33.0,2019,17
2019-10-13 06:04:15,Flag,WAVED BLUE FLAG FOR CAR 20 (MAG) TIMED AT 15:04:15,,BLUE,Driver,,20,33.0,2019,17
2019-10-13 06:04:25,Flag,WAVED BLUE FLAG FOR CAR 88 (KUB) TIMED AT 15:04:24,,BLUE,Driver,,88,33.0,2019,17
2019-10-13 06:05:47,Flag,WAVED BLUE FLAG FOR CAR 4 (NOR) TIMED AT 15:05:46,,BLUE,Driver,,4,34.0,2019,17
2019-10-13 06:05:49,Flag,WAVED BLUE FLAG FOR CAR 26 (KVY) TIMED AT 15:05:49,,BLUE,Driver,,26,34.0,2019,17
2019-10-13 06:06:59,Flag,WAVED BLUE FLAG FOR CAR 4 (NOR) TIMED AT 15:06:59,,BLUE,Driver,,4,34.0,2019,17
2019-10-13 06:07:03,Flag,WAVED BLUE FLAG FOR CAR 88 (KUB) TIMED AT 15:07:03,,BLUE,Driver,,88,34.0,2019,17
2019-10-13 06:07:06,Flag,WAVED BLUE FLAG FOR CAR 88 (KUB) TIMED AT 15:07:06,,BLUE,Driver,,88,34.0,2019,17
2019-10-13 06:07:24,Flag,WAVED BLUE FLAG FOR CAR 26 (KVY) TIMED AT 15:07:23,,BLUE,Driver,,26,35.0,2019,17
2019-10-13 06:07:24,Flag,WAVED BLUE FLAG FOR CAR 4 (NOR) TIMED AT 15:07:24,,BLUE,Driver,,4,35.0,2019,17
2019-10-13 06:07:31,Flag,WAVED BLUE FLAG FOR CAR 7 (RAI) TIMED AT 15:07:30,,BLUE,Driver,,7,35.0,2019,17
2019-10-13 06:07:35,Flag,WAVED BLUE FLAG FOR CAR 88 (KUB) TIMED AT 15:07:35,,BLUE,Driver,,88,35.0,2019,17
2019-10-13 06:07:37,Flag,WAVED BLUE FLAG FOR CAR 4 (NOR) TIMED AT 15:07:37,,BLUE,Driver,,4,35.0,2019,17
2019-10-13 06:08:43,Flag,WAVED BLUE FLAG FOR CAR 99 (GIO) TIMED AT 15:08:43,,BLUE,Driver,,99,36.0,2019,17
2019-10-13 06:10:09,Flag,WAVED BLUE FLAG FOR CAR 8 (GRO) TIMED AT 15:10:08,,BLUE,Driver,,8,36.0,2019,17
2019-10-13 06:10:14,Flag,WAVED BLUE FLAG FOR CAR 3 (RIC) TIMED AT 15:10:14,,BLUE,Driver,,3,36.0,2019,17
2019-10-13 06:10:26,Flag,WAVED BLUE FLAG FOR CAR 88 (KUB) TIMED AT 15:10:25,,BLUE,Driver,,88,37.0,2019,17
2019-10-13 06:11:47,Flag,WAVED BLUE FLAG FOR CAR 26 (KVY) TIMED AT 15:11:46,,BLUE,Driver,,26,37.0,2019,17
2019-10-13 06:12:01,Flag,WAVED BLUE FLAG FOR CAR 20 (MAG) TIMED AT 15:12:01,,BLUE,Driver,,20,37.0,2019,17
2019-10-13 06:12:08,Flag,WAVED BLUE FLAG FOR CAR 99 (GIO) TIMED AT 15:12:08,,BLUE,Driver,,99,38.0,2019,17
2019-10-13 06:12:10,Flag,WAVED BLUE FLAG FOR CAR 4 (NOR) TIMED AT 15:12:09,,BLUE,Driver,,4,38.0,2019,17
2019-10-13 06:12:11,Flag,WAVED BLUE FLAG FOR CAR 26 (KVY) TIMED AT 15:12:11,,BLUE,Driver,,26,38.0,2019,17
2019-10-13 06:12:21,Flag,WAVED BLUE FLAG FOR CAR 4 (NOR) TIMED AT 15:12:20,,BLUE,Driver,,4,38.0,2019,17
2019-10-13 06:12:27,Flag,WAVED BLUE FLAG FOR CAR 99 (GIO) TIMED AT 15:12:27,,BLUE,Driver,,99,38.0,2019,17
2019-10-13 06:13:41,Flag,WAVED BLUE FLAG FOR CAR 8 (GRO) TIMED AT 15:13:40,,BLUE,Driver,,8,39.0,2019,17
2019-10-13 06:15:00,Flag,WAVED BLUE FLAG FOR CAR 26 (KVY) TIMED AT 15:14:59,,BLUE,Driver,,26,39.0,2019,17
2019-10-13 06:15:11,Flag,WAVED BLUE FLAG FOR CAR 99 (GIO) TIMED AT 15:15:10,,BLUE,Driver,,99,40.0,2019,17
2019-10-13 06:15:32,Flag,WAVED BLUE FLAG FOR CAR 26 (KVY) TIMED AT 15:15:31,,BLUE,Driver,,26,40.0,2019,17
2019-10-13 06:16:57,Flag,WAVED BLUE FLAG FOR CAR 4 (NOR) TIMED AT 15:16:57,,BLUE,Driver,,4,41.0,2019,17
2019-10-13 06:17:08,Flag,WAVED BLUE FLAG FOR CAR 8 (GRO) TIMED AT 15:17:08,,BLUE,Driver,,8,41.0,2019,17
2019-10-13 06:17:49,Flag,WAVED BLUE FLAG FOR CAR 4 (NOR) TIMED AT 15:17:48,,BLUE,Driver,,4,41.0,2019,17
2019-10-13 06:18:10,Flag,WAVED BLUE FLAG FOR CAR 88 (KUB) TIMED AT 15:18:09,,BLUE,Driver,,88,41.0,2019,17
2019-10-13 06:20:39,Flag,WAVED BLUE FLAG FOR CAR 4 (NOR) TIMED AT 15:20:38,,BLUE,Driver,,4,43.0,2019,17
2019-10-13 06:22:16,Flag,WAVED BLUE FLAG FOR CAR 63 (RUS) TIMED AT 15:22:15,,BLUE,Driver,,63,44.0,2019,17
2019-10-13 06:22:38,Flag,WAVED BLUE FLAG FOR CAR 11 (PER) TIMED AT 15:22:38,,BLUE,Driver,,11,44.0,2019,17
2019-10-13 06:22:45,Flag,WAVED BLUE FLAG FOR CAR 63 (RUS) TIMED AT 15:22:44,,BLUE,Driver,,63,44.0,2019,17
2019-10-13 06:24:53,Flag,WAVED BLUE FLAG FOR CAR 63 (RUS) TIMED AT 15:24:53,,BLUE,Driver,,63,46.0,2019,17
2019-10-13 06:24:57,Flag,WAVED BLUE FLAG FOR CAR 27 (HUL) TIMED AT 15:24:56,,BLUE,Driver,,27,46.0,2019,17
2019-10-13 06:25:31,Flag,WAVED BLUE FLAG FOR CAR 18 (STR) TIMED AT 15:25:31,,BLUE,Driver,,18,46.0,2019,17
2019-10-13 06:26:29,Flag,WAVED BLUE FLAG FOR CAR 88 (KUB) TIMED AT 15:26:28,,BLUE,Driver,,88,47.0,2019,17
2019-10-13 06:26:30,Flag,WAVED BLUE FLAG FOR CAR 3 (RIC) TIMED AT 15:26:29,,BLUE,Driver,,3,47.0,2019,17
2019-10-13 06:26:59,Flag,WAVED BLUE FLAG FOR CAR 10 (GAS) TIMED AT 15:26:59,,BLUE,Driver,,10,47.0,2019,17
2019-10-13 06:27:54,Flag,WAVED BLUE FLAG FOR CAR 16 (LEC) TIMED AT 15:27:54,,BLUE,Driver,,16,48.0,2019,17
2019-10-13 06:28:37,Flag,WAVED BLUE FLAG FOR CAR 88 (KUB) TIMED AT 15:28:36,,BLUE,Driver,,88,48.0,2019,17
2019-10-13 06:29:18,Flag,WAVED BLUE FLAG FOR CAR 18 (STR) TIMED AT 15:29:17,,BLUE,Driver,,18,49.0,2019,17
2019-10-13 06:29:37,Flag,WAVED BLUE FLAG FOR CAR 88 (KUB) TIMED AT 15:29:37,,BLUE,Driver,,88,49.0,2019,17
2019-10-13 06:30:05,Flag,WAVED BLUE FLAG FOR CAR 18 (STR) TIMED AT 15:30:05,,BLUE,Driver,,18,49.0,2019,17
2019-10-13 06:31:20,Flag,WAVED BLUE FLAG FOR CAR 27 (HUL) TIMED AT 15:31:20,,BLUE,Driver,,27,50.0,2019,17
2019-10-13 06:31:54,Flag,WAVED BLUE FLAG FOR CAR 10 (GAS) TIMED AT 15:31:54,,BLUE,Driver,,10,50.0,2019,17
2019-10-13 06:33:37,Flag,WAVED BLUE FLAG FOR CAR 88 (KUB) TIMED AT 15:33:36,,BLUE,Driver,,88,51.0,2019,17
2019-10-13 06:34:01,Flag,WAVED BLUE FLAG FOR CAR 88 (KUB) TIMED AT 15:34:00,,BLUE,Driver,,88,52.0,2019,17
2019-10-13 06:35:23,Flag,CHEQUERED FLAG,,CHEQUERED,Track,,,53.0,2019,17
2019-10-13 06:36:01,Flag,YELLOW IN TRACK SECTOR 2,,YELLOW,Sector,2.0,,53.0,2019,17
2019-10-13 06:36:06,Flag,WAVED BLUE FLAG FOR CAR 63 (RUS) TIMED AT 15:36:05,,BLUE,Driver,,63,53.0,2019,17
2019-10-13 06:36:24,Flag,YELLOW IN TRACK SECTOR 1,,YELLOW,Sector,1.0,,53.0,2019,17
2019-10-13 06:36:55,Flag,CHEQUERED FLAG,,CHEQUERED,Track,,,53.0,2019,17
2019-10-13 06:39:43,Other,TURN 2 INCIDENT INVOLVING CARS 10 (GAS) AND 11 (PER) UNDER INVESTIGATION - CAUSING A COLLISION,,,,,,53.0,2019,17
2019-10-13 06:40:30,Flag,CLEAR IN TRACK SECTOR 2,,CLEAR,Sector,2.0,,53.0,2019,17
2019-10-13 06:41:05,Flag,CLEAR IN TRACK SECTOR 1,,CLEAR,Sector,1.0,,53.0,2019,17
2019-10-13 06:57:37,Flag,YELLOW IN TRACK SECTOR 3,,YELLOW,Sector,3.0,,53.0,2019,17
2019-10-13 06:57:40,Flag,CLEAR IN TRACK SECTOR 3,,CLEAR,Sector,3.0,,53.0,2019,17
2019-10-27 18:55:44,Other,RISK OF RAIN FOR F1 RACE IS 20%,,,,,,1.0,2019,18
2019-10-27 18:56:27,Other,RISK OF RAIN FOR F1 RACE IS 20%,,,,,,1.0,2019,18
2019-10-27 19:07:06,Drs,DRS DISABLED,DISABLED,,,,,1.0,2019,18
2019-10-27 19:13:01,Flag,GREEN LIGHT - PIT EXIT OPEN,,GREEN,Track,,,1.0,2019,18
2019-10-27 19:14:14,SafetyCar,VIRTUAL SAFETY CAR DEPLOYED,DEPLOYED,,,,,1.0,2019,18
2019-10-27 19:14:56,Other,DEBRIS ON TRACK AT TURN 2,,,,,,2.0,2019,18
2019-10-27 19:16:25,SafetyCar,VIRTUAL SAFETY CAR ENDING,ENDING,,,,,3.0,2019,18
2019-10-27 19:16:39,Flag,TRACK CLEAR,,CLEAR,Track,,,3.0,2019,18
2019-10-27 19:17:04,Drs,DRS ENABLED,ENABLED,,,,,3.0,2019,18
2019-10-27 19:17:37,Other,TURN 2 INCIDENT INVOLVING CARS 5 (VET) AND 44 (HAM) NOTED,,,,,,3.0,2019,18
2019-10-27 19:17:57,Other,TURN 2 INCIDENT INVOLVING CARS 33 (VER) AND 44 (HAM) NOTED,,,,,,4.0,2019,18
2019-10-27 19:20:13,Flag,YELLOW IN TRACK SECTOR 6,,YELLOW,Sector,6.0,,5.0,2019,18
2019-10-27 19:20:30,Flag,CLEAR IN TRACK SECTOR 6,,CLEAR,Sector,6.0,,5.0,2019,18
2019-10-27 19:22:50,Other,TURN 1 INCIDENT INVOLVING CARS 5 (VET) AND 44 (HAM) - NO INVESTIGATION NECESSARY,,,,,,7.0,2019,18
2019-10-27 19:23:38,Other,TURN 2 INCIDENT INVOLVING CARS 33 (VER) AND 44 (HAM) - NO INVESTIGATION NECESSARY,,,,,,8.0,2019,18
2019-10-27 19:33:38,Other,PIT LANE INCIDENT INVOLVING CAR 4 (NOR) NOTED - PIT RELEASE IN UNSAFE CONDITION,,,,,,15.0,2019,18
2019-10-27 19:36:32,Other,PIT LANE INCIDENT INVOLVING CAR 4 (NOR) UNDER INVESTIGATION - PIT RELEASE IN UNSAFE CONDITION,,,,,,17.0,2019,18
2019-10-27 19:43:43,Other,PIT LANE INCIDENT INCIDENT INVOLVING CAR 4 (NOR) WILL BE INVESTIGATED AFTER THE RACE,,,,,,23.0,2019,18
2019-10-27 19:43:58,Flag,WAVED BLUE FLAG FOR CAR 99 (GIO) TIMED AT 13:43:58,,BLUE,Driver,,99,23.0,2019,18
2019-10-27 19:44:01,Flag,WAVED BLUE FLAG FOR CAR 88 (KUB) TIMED AT 13:44:00,,BLUE,Driver,,88,23.0,2019,18
2019-10-27 19:45:06,Other,PIT LANE INCIDENT INVOLVING CAR 99 (GIO) NOTED,,,,,,24.0,2019,18
2019-10-27 19:45:11,Flag,WAVED BLUE FLAG FOR CAR 4 (NOR) TIMED AT 13:45:10,,BLUE,Driver,,4,24.0,2019,18
2019-10-27 19:45:52,Flag,WAVED BLUE FLAG FOR CAR 8 (GRO) TIMED AT 13:45:52,,BLUE,Driver,,8,24.0,2019,18
2019-10-27 19:46:18,Flag,WAVED BLUE FLAG FOR CAR 63 (RUS) TIMED AT 13:46:18,,BLUE,Driver,,63,24.0,2019,18
2019-10-27 19:46:29,Other,TURN 4 INCIDENT INVOLVING CARS 33 (VER) AND 20 (MAG) NOTED,,,,,,25.0,2019,18
2019-10-27 19:46:56,Flag,WAVED BLUE FLAG FOR CAR 88 (KUB) TIMED AT 13:46:56,,BLUE,Driver,,88,25.0,2019,18
2019-10-27 19:47:38,Flag,WAVED BLUE FLAG FOR CAR 63 (RUS) TIMED AT 13:47:38,,BLUE,Driver,,63,25.0,2019,18
2019-10-27 19:47:46,Flag,WAVED BLUE FLAG FOR CAR 63 (RUS) TIMED AT 13:47:45,,BLUE,Driver,,63,26.0,2019,18
2019-10-27 19:47:48,Flag,WAVED BLUE FLAG FOR CAR 4 (NOR) TIMED AT 13:47:48,,BLUE,Driver,,4,26.0,2019,18
2019-10-27 19:48:05,Flag,WAVED BLUE FLAG FOR CAR 88 (KUB) TIMED AT 13:48:05,,BLUE,Driver,,88,26.0,2019,18
2019-10-27 19:48:50,Flag,WAVED BLUE FLAG FOR CAR 8 (GRO) TIMED AT 13:48:50,,BLUE,Driver,,8,26.0,2019,18
2019-10-27 19:49:27,Other,TURN 4 INCIDENT INVOLVING CARS 20 (MAG) AND 33 (VER) - NO INVESTIGATION NECESSARY,,,,,,27.0,2019,18
2019-10-27 19:50:24,Flag,WAVED BLUE FLAG FOR CAR 99 (GIO) TIMED AT 13:50:24,,BLUE,Driver,,99,27.0,2019,18
2019-10-27 19:50:55,Flag,WAVED BLUE FLAG FOR CAR 20 (MAG) TIMED AT 13:50:55,,BLUE,Driver,,20,28.0,2019,18
2019-10-27 19:51:53,Flag,WAVED BLUE FLAG FOR CAR 8 (GRO) TIMED AT 13:51:52,,BLUE,Driver,,8,29.0,2019,18
2019-10-27 19:51:55,Flag,WAVED BLUE FLAG FOR CAR 4 (NOR) TIMED AT 13:51:54,,BLUE,Driver,,4,29.0,2019,18
2019-10-27 19:52:14,Flag,WAVED BLUE FLAG FOR CAR 4 (NOR) TIMED AT 13:52:14,,BLUE,Driver,,4,29.0,2019,18
2019-10-27 19:53:19,Flag,WAVED BLUE FLAG FOR CAR 99 (GIO) TIMED AT 13:53:18,,BLUE,Driver,,99,30.0,2019,18
2019-10-27 19:53:47,Flag,WAVED BLUE FLAG FOR CAR 8 (GRO) TIMED AT 13:53:46,,BLUE,Driver,,8,30.0,2019,18
2019-10-27 19:54:05,Flag,WAVED BLUE FLAG FOR CAR 99 (GIO) TIMED AT 13:54:04,,BLUE,Driver,,99,30.0,2019,18
2019-10-27 19:55:49,Flag,WAVED BLUE FLAG FOR CAR 4 (NOR) TIMED AT 13:55:49,,BLUE,Driver,,4,31.0,2019,18
2019-10-27 19:56:01,Flag,WAVED BLUE FLAG FOR CAR 8 (GRO) TIMED AT 13:56:01,,BLUE,Driver,,8,32.0,2019,18
2019-10-27 19:58:33,Flag,WAVED BLUE FLAG FOR CAR 99 (GIO) TIMED AT 13:58:32,,BLUE,Driver,,99,33.0,2019,18
2019-10-27 19:59:30,Flag,WAVED BLUE FLAG FOR CAR 4 (NOR) TIMED AT 13:59:29,,BLUE,Driver,,4,34.0,2019,18
2019-10-27 20:00:17,Flag,WAVED BLUE FLAG FOR CAR 63 (RUS) TIMED AT 14:00:16,,BLUE,Driver,,63,35.0,2019,18
2019-10-27 20:00:48,Flag,WAVED BLUE FLAG FOR CAR 7 (RAI) TIMED AT 14:00:47,,BLUE,Driver,,7,35.0,2019,18
2019-10-27 20:01:15,Flag,WAVED BLUE FLAG FOR CAR 10 (GAS) TIMED AT 14:01:15,,BLUE,Driver,,10,35.0,2019,18
2019-10-27 20:01:38,Flag,WAVED BLUE FLAG FOR CAR 10 (GAS) TIMED AT 14:01:38,,BLUE,Driver,,10,36.0,2019,18
2019-10-27 20:01:48,Flag,WAVED BLUE FLAG FOR CAR 10 (GAS) TIMED AT 14:01:47,,BLUE,Driver,,10,36.0,2019,18
2019-10-27 20:01:49,Flag,WAVED BLUE FLAG FOR CAR 55 (SAI) TIMED AT 14:01:49,,BLUE,Driver,,55,36.0,2019,18
2019-10-27 20:01:57,Flag,WAVED BLUE FLAG FOR CAR 10 (GAS) TIMED AT 14:01:57,,BLUE,Driver,,10,36.0,2019,18
2019-10-27 20:02:23,Flag,WAVED BLUE FLAG FOR CAR 7 (RAI) TIMED AT 14:02:23,,BLUE,Driver,,7,36.0,2019,18
2019-10-27 20:02:26,Flag,WAVED BLUE FLAG FOR CAR 7 (RAI) TIMED AT 14:02:26,,BLUE,Driver,,7,36.0,2019,18
2019-10-27 20:03:01,Flag,WAVED BLUE FLAG FOR CAR 4 (NOR) TIMED AT 14:03:01,,BLUE,Driver,,4,37.0,2019,18
2019-10-27 20:03:02,Flag,WAVED BLUE FLAG FOR CAR 88 (KUB) TIMED AT 14:03:02,,BLUE,Driver,,88,37.0,2019,18
2019-10-27 20:03:13,Flag,WAVED BLUE FLAG FOR CAR 99 (GIO) TIMED AT 14:03:13,,BLUE,Driver,,99,37.0,2019,18
2019-10-27 20:04:25,Flag,WAVED BLUE FLAG FOR CAR 55 (SAI) TIMED AT 14:04:25,,BLUE,Driver,,55,38.0,2019,18
2019-10-27 20:04:56,Flag,WAVED BLUE FLAG FOR CAR 4 (NOR) TIMED AT 14:04:55,,BLUE,Driver,,4,38.0,2019,18
2019-10-27 20:04:57,Flag,WAVED BLUE FLAG FOR CAR 4 (NOR) TIMED AT 14:04:57,,BLUE,Driver,,4,38.0,2019,18
2019-10-27 20:05:06,Flag,WAVED BLUE FLAG FOR CAR 7 (RAI) TIMED AT 14:05:05,,BLUE,Driver,,7,38.0,2019,18
2019-10-27 20:05:06,Flag,WAVED BLUE FLAG FOR CAR 55 (SAI) TIMED AT 14:05:05,,BLUE,Driver,,55,38.0,2019,18
2019-10-27 20:10:12,Flag,WAVED BLUE FLAG FOR CAR 4 (NOR) TIMED AT 14:10:11,,BLUE,Driver,,4,42.0,2019,18
2019-10-27 20:13:38,Flag,WAVED BLUE FLAG FOR CAR 63 (RUS) TIMED AT 14:13:37,,BLUE,Driver,,63,44.0,2019,18
2019-10-27 20:14:20,Flag,WAVED BLUE FLAG FOR CAR 4 (NOR) TIMED AT 14:14:19,,BLUE,Driver,,4,45.0,2019,18
2019-10-27 20:14:36,Flag,WAVED BLUE FLAG FOR CAR 63 (RUS) TIMED AT 14:14:36,,BLUE,Driver,,63,45.0,2019,18
2019-10-27 20:15:28,Flag,WAVED BLUE FLAG FOR CAR 88 (KUB) TIMED AT 14:15:28,,BLUE,Driver,,88,46.0,2019,18
2019-10-27 20:16:20,Flag,WAVED BLUE FLAG FOR CAR 55 (SAI) TIMED AT 14:16:19,,BLUE,Driver,,55,46.0,2019,18
2019-10-27 20:16:47,Flag,WAVED BLUE FLAG FOR CAR 99 (GIO) TIMED AT 14:16:46,,BLUE,Driver,,99,47.0,2019,18
2019-10-27 20:16:49,Flag,WAVED BLUE FLAG FOR CAR 7 (RAI) TIMED AT 14:16:49,,BLUE,Driver,,7,47.0,2019,18
2019-10-27 20:17:19,Flag,WAVED BLUE FLAG FOR CAR 88 (KUB) TIMED AT 14:17:19,,BLUE,Driver,,88,47.0,2019,18
2019-10-27 20:17:27,Flag,WAVED BLUE FLAG FOR CAR 88 (KUB) TIMED AT 14:17:26,,BLUE,Driver,,88,47.0,2019,18
2019-10-27 20:17:29,Flag,WAVED BLUE FLAG FOR CAR 7 (RAI) TIMED AT 14:17:28,,BLUE,Driver,,7,47.0,2019,18
2019-10-27 20:18:05,Flag,WAVED BLUE FLAG FOR CAR 7 (RAI) TIMED AT 14:18:04,,BLUE,Driver,,7,48.0,2019,18
2019-10-27 20:21:14,Flag,WAVED BLUE FLAG FOR CAR 8 (GRO) TIMED AT 14:21:13,,BLUE,Driver,,8,50.0,2019,18
2019-10-27 20:22:27,Flag,WAVED BLUE FLAG FOR CAR 63 (RUS) TIMED AT 14:22:27,,BLUE,Driver,,63,51.0,2019,18
2019-10-27 20:22:29,Flag,WAVED BLUE FLAG FOR CAR 7 (RAI) TIMED AT 14:22:29,,BLUE,Driver,,7,51.0,2019,18
2019-10-27 20:23:26,Flag,WAVED BLUE FLAG FOR CAR 55 (SAI) TIMED AT 14:23:25,,BLUE,Driver,,55,52.0,2019,18
2019-10-27 20:23:44,Flag,WAVED BLUE FLAG FOR CAR 8 (GRO) TIMED AT 14:23:43,,BLUE,Driver,,8,52.0,2019,18
2019-10-27 20:23:59,Flag,WAVED BLUE FLAG FOR CAR 8 (GRO) TIMED AT 14:23:58,,BLUE,Driver,,8,52.0,2019,18
2019-10-27 20:25:01,Flag,WAVED BLUE FLAG FOR CAR 63 (RUS) TIMED AT 14:25:00,,BLUE,Driver,,63,53.0,2019,18
2019-10-27 20:25:15,Flag,WAVED BLUE FLAG FOR CAR 88 (KUB) TIMED AT 14:25:14,,BLUE,Driver,,88,53.0,2019,18
2019-10-27 20:26:00,Flag,WAVED BLUE FLAG FOR CAR 8 (GRO) TIMED AT 14:25:59,,BLUE,Driver,,8,54.0,2019,18
2019-10-27 20:26:34,Flag,WAVED BLUE FLAG FOR CAR 8 (GRO) TIMED AT 14:26:34,,BLUE,Driver,,8,54.0,2019,18
2019-10-27 20:26:37,Flag,WAVED BLUE FLAG FOR CAR 63 (RUS) TIMED AT 14:26:37,,BLUE,Driver,,63,54.0,2019,18
2019-10-27 20:27:15,Flag,WAVED BLUE FLAG FOR CAR 8 (GRO) TIMED AT 14:27:15,,BLUE,Driver,,8,55.0,2019,18
2019-10-27 20:27:55,Flag,WAVED BLUE FLAG FOR CAR 63 (RUS) TIMED AT 14:27:55,,BLUE,Driver,,63,55.0,2019,18
2019-10-27 20:29:05,Flag,WAVED BLUE FLAG FOR CAR 88 (KUB) TIMED AT 14:29:05,,BLUE,Driver,,88,56.0,2019,18
2019-10-27 20:29:19,Flag,WAVED BLUE FLAG FOR CAR 26 (KVY) TIMED AT 14:29:18,,BLUE,Driver,,26,56.0,2019,18
2019-10-27 20:29:28,Flag,WAVED BLUE FLAG FOR CAR 63 (RUS) TIMED AT 14:29:28,,BLUE,Driver,,63,56.0,2019,18
2019-10-27 20:30:11,Flag,WAVED BLUE FLAG FOR CAR 88 (KUB) TIMED AT 14:30:10,,BLUE,Driver,,88,57.0,2019,18
2019-10-27 20:30:39,Flag,WAVED BLUE FLAG FOR CAR 88 (KUB) TIMED AT 14:30:39,,BLUE,Driver,,88,57.0,2019,18
2019-10-27 20:30:54,Flag,WAVED BLUE FLAG FOR CAR 8 (GRO) TIMED AT 14:30:53,,BLUE,Driver,,8,57.0,2019,18
2019-10-27 20:31:04,Flag,WAVED BLUE FLAG FOR CAR 18 (STR) TIMED AT 14:31:03,,BLUE,Driver,,18,57.0,2019,18
2019-10-27 20:31:13,Flag,WAVED BLUE FLAG FOR CAR 8 (GRO) TIMED AT 14:31:13,,BLUE,Driver,,8,58.0,2019,18
2019-10-27 20:31:17,Flag,WAVED BLUE FLAG FOR CAR 88 (KUB) TIMED AT 14:31:17,,BLUE,Driver,,88,58.0,2019,18
2019-10-27 20:31:26,Flag,WAVED BLUE FLAG FOR CAR 26 (KVY) TIMED AT 14:31:25,,BLUE,Driver,,26,58.0,2019,18
2019-10-27 20:32:00,Flag,WAVED BLUE FLAG FOR CAR 26 (KVY) TIMED AT 14:32:00,,BLUE,Driver,,26,58.0,2019,18
2019-10-27 20:32:40,Flag,WAVED BLUE FLAG FOR CAR 18 (STR) TIMED AT 14:32:39,,BLUE,Driver,,18,59.0,2019,18
2019-10-27 20:33:45,Flag,WAVED BLUE FLAG FOR CAR 63 (RUS) TIMED AT 14:33:45,,BLUE,Driver,,63,59.0,2019,18
2019-10-27 20:34:00,Flag,WAVED BLUE FLAG FOR CAR 18 (STR) TIMED AT 14:33:59,,BLUE,Driver,,18,60.0,2019,18
2019-10-27 20:34:00,Flag,WAVED BLUE FLAG FOR CAR 63 (RUS) TIMED AT 14:33:59,,BLUE,Driver,,63,60.0,2019,18
2019-10-27 20:34:19,Flag,WAVED BLUE FLAG FOR CAR 10 (GAS) TIMED AT 14:34:19,,BLUE,Driver,,10,60.0,2019,18
2019-10-27 20:35:48,Flag,WAVED BLUE FLAG FOR CAR 88 (KUB) TIMED AT 14:35:48,,BLUE,Driver,,88,61.0,2019,18
2019-10-27 20:37:44,Flag,WAVED BLUE FLAG FOR CAR 18 (STR) TIMED AT 14:37:43,,BLUE,Driver,,18,62.0,2019,18
2019-10-27 20:37:44,Other,TURN 1 INCIDENT INVOLVING CARS 3 (RIC) AND 11 (PER) NOTED - NO INVESTIGATION NECESSARY,,,,,,62.0,2019,18
2019-10-27 20:37:51,Flag,WAVED BLUE FLAG FOR CAR 8 (GRO) TIMED AT 14:37:51,,BLUE,Driver,,8,62.0,2019,18
2019-10-27 20:38:54,Flag,WAVED BLUE FLAG FOR CAR 20 (MAG) TIMED AT 14:38:54,,BLUE,Driver,,20,63.0,2019,18
2019-10-27 20:39:17,Flag,WAVED BLUE FLAG FOR CAR 63 (RUS) TIMED AT 14:39:16,,BLUE,Driver,,63,64.0,2019,18
2019-10-27 20:39:23,Flag,WAVED BLUE FLAG FOR CAR 27 (HUL) TIMED AT 14:39:23,,BLUE,Driver,,27,64.0,2019,18
2019-10-27 20:39:52,Flag,WAVED BLUE FLAG FOR CAR 27 (HUL) TIMED AT 14:39:51,,BLUE,Driver,,27,64.0,2019,18
2019-10-27 20:40:35,Flag,WAVED BLUE FLAG FOR CAR 27 (HUL) TIMED AT 14:40:35,,BLUE,Driver,,27,65.0,2019,18
2019-10-27 20:45:53,Flag,WAVED BLUE FLAG FOR CAR 20 (MAG) TIMED AT 14:45:52,,BLUE,Driver,,20,69.0,2019,18
2019-10-27 20:46:20,Flag,WAVED BLUE FLAG FOR CAR 20 (MAG) TIMED AT 14:46:19,,BLUE,Driver,,20,69.0,2019,18
2019-10-27 20:49:16,Flag,WAVED BLUE FLAG FOR CAR 20 (MAG) TIMED AT 14:49:15,,BLUE,Driver,,20,71.0,2019,18
2019-10-27 20:49:31,Flag,WAVED BLUE FLAG FOR CAR 26 (KVY) TIMED AT 14:49:30,,BLUE,Driver,,26,71.0,2019,18
2019-10-27 20:49:34,Flag,WAVED BLUE FLAG FOR CAR 20 (MAG) TIMED AT 14:49:33,,BLUE,Driver,,20,71.0,2019,18
2019-10-27 20:49:52,Flag,CHEQUERED FLAG,,CHEQUERED,Track,,,71.0,2019,18
2019-10-27 20:50:03,Flag,WAVED BLUE FLAG FOR CAR 26 (KVY) TIMED AT 14:50:02,,BLUE,Driver,,26,71.0,2019,18
2019-10-27 20:50:07,Flag,YELLOW IN TRACK SECTOR 14,,YELLOW,Sector,14.0,,71.0,2019,18
2019-10-27 20:50:12,Flag,CLEAR IN TRACK SECTOR 14,,CLEAR,Sector,14.0,,71.0,2019,18
2019-10-27 20:51:52,Other,TURN 16 INCIDENT INVOLVING CARS 27 (HUL) AND 26 (KVY) UNDER INVESTIGATION,,,,,,71.0,2019,18
2019-10-27 20:56:25,Other,10 SECOND TIME PENALTY FOR CAR 26 (KVY) - CAUSING A COLLISION,,,,,,71.0,2019,18
2019-11-03 18:55:13,Other,RISK OF RAIN FOR THIS SESSION IS 0%,,,,,,1.0,2019,19
2019-11-03 19:07:04,Drs,DRS DISABLED,DISABLED,,,,,1.0,2019,19
2019-11-03 19:13:24,Flag,GREEN LIGHT - PIT EXIT OPEN,,GREEN,Track,,,1.0,2019,19
2019-11-03 19:15:30,Other,TURN 1 INCIDENT INVOLVING CARS 55 (SAI) AND 23 (ALB) NOTED,,,,,,2.0,2019,19
2019-11-03 19:17:07,Drs,DRS ENABLED,ENABLED,,,,,3.0,2019,19
2019-11-03 19:17:41,Other,TURN 1 INCIDENT INVOLVING CARS 55 (SAI) AND 23 (ALB) UNDER INVESTIGATION,,,,,,3.0,2019,19
2019-11-03 19:18:42,Other,TURN 1 INCIDENT INVOLVING CARS 55 (SAI) AND 23 (ALB) - NO FURTHER ACTION ,,,,,,4.0,2019,19
2019-11-03 19:24:29,Other,CAR 23 (ALB) TIME 1:41.410 DELETED - TRACK LIMITS AT TURN 19,,,,,,7.0,2019,19
2019-11-03 19:26:40,Flag,YELLOW IN TRACK SECTOR 11,,YELLOW,Sector,11.0,,8.0,2019,19
2019-11-03 19:27:04,Flag,DOUBLE YELLOW IN TRACK SECTOR 10,,DOUBLE YELLOW,Sector,10.0,,9.0,2019,19
2019-11-03 19:27:11,Flag,DOUBLE YELLOW IN TRACK SECTOR 11,,DOUBLE YELLOW,Sector,11.0,,9.0,2019,19
2019-11-03 19:27:34,CarEvent,CAR 5 (VET) STOPPED AT TURN 11,,,,,5,9.0,2019,19
2019-11-03 19:27:42,Flag,CLEAR IN TRACK SECTOR 10,,CLEAR,Sector,10.0,,9.0,2019,19
2019-11-03 19:27:43,Flag,CLEAR IN TRACK SECTOR 11,,CLEAR,Sector,11.0,,9.0,2019,19
2019-11-03 19:28:47,Other,CAR 55 (SAI) TIME 1:43.326 DELETED - TRACK LIMITS AT TURN 19,,,,,,10.0,2019,19
2019-11-03 19:29:03,Other,CAR 20 (MAG) TIME 1:44.145 DELETED - TRACK LIMITS AT TURN 19,,,,,,10.0,2019,19
2019-11-03 19:29:30,Other,CAR 8 (GRO) TIME 1:43.737 DELETED - TRACK LIMITS AT TURN 19,,,,,,10.0,2019,19
2019-11-03 19:29:42,Other,CAR 99 (GIO) TIME 1:43.994 DELETED - TRACK LIMITS AT TURN 19,,,,,,10.0,2019,19
2019-11-03 19:36:09,Other,CAR 26 (KVY) TIME 1:43.237 DELETED - TRACK LIMITS AT TURN 19,,,,,,14.0,2019,19
2019-11-03 19:44:05,Flag,WAVED BLUE FLAG FOR CAR 88 (KUB) TIMED AT 13:44:05,,BLUE,Driver,,88,19.0,2019,19
2019-11-03 19:46:32,Other,CAR 26 (KVY) TIME 1:43.245 DELETED - TRACK LIMITS AT TURN 19,,,,,,20.0,2019,19
2019-11-03 19:46:35,Flag,WAVED BLUE FLAG FOR CAR 88 (KUB) TIMED AT 13:46:34,,BLUE,Driver,,88,20.0,2019,19
2019-11-03 19:46:51,Other,CAR 8 (GRO) TIME 1:44.767 DELETED - TRACK LIMITS AT TURN 19,,,,,,20.0,2019,19
2019-11-03 19:48:01,Flag,WAVED BLUE FLAG FOR CAR 88 (KUB) TIMED AT 13:48:00,,BLUE,Driver,,88,21.0,2019,19
2019-11-03 19:49:15,Other,CAR 99 (GIO) TIME 1:42.198 DELETED - TRACK LIMITS AT TURN 19,,,,,,22.0,2019,19
2019-11-03 19:54:55,Flag,WAVED BLUE FLAG FOR CAR 88 (KUB) TIMED AT 13:54:54,,BLUE,Driver,,88,25.0,2019,19
2019-11-03 19:55:57,Flag,WAVED BLUE FLAG FOR CAR 8 (GRO) TIMED AT 13:55:56,,BLUE,Driver,,8,26.0,2019,19
2019-11-03 20:00:12,Flag,WAVED BLUE FLAG FOR CAR 63 (RUS) TIMED AT 14:00:11,,BLUE,Driver,,63,28.0,2019,19
2019-11-03 20:02:54,Flag,WAVED BLUE FLAG FOR CAR 88 (KUB) TIMED AT 14:02:54,,BLUE,Driver,,88,30.0,2019,19
2019-11-03 20:03:40,Flag,WAVED BLUE FLAG FOR CAR 8 (GRO) TIMED AT 14:03:40,,BLUE,Driver,,8,30.0,2019,19
2019-11-03 20:08:14,Flag,WAVED BLUE FLAG FOR CAR 88 (KUB) TIMED AT 14:08:14,,BLUE,Driver,,88,33.0,2019,19
2019-11-03 20:08:43,Flag,WAVED BLUE FLAG FOR CAR 99 (GIO) TIMED AT 14:08:42,,BLUE,Driver,,99,33.0,2019,19
2019-11-03 20:09:38,Other,CAR 63 (RUS) TIME 1:42.259 DELETED - TRACK LIMITS AT TURN 19,,,,,,34.0,2019,19
2019-11-03 20:09:47,Flag,WAVED BLUE FLAG FOR CAR 20 (MAG) TIMED AT 14:09:46,,BLUE,Driver,,20,34.0,2019,19
2019-11-03 20:12:05,Flag,WAVED BLUE FLAG FOR CAR 8 (GRO) TIMED AT 14:12:05,,BLUE,Driver,,8,35.0,2019,19
2019-11-03 20:15:45,Flag,WAVED BLUE FLAG FOR CAR 18 (STR) TIMED AT 14:15:44,,BLUE,Driver,,18,37.0,2019,19
2019-11-03 20:16:20,Flag,WAVED BLUE FLAG FOR CAR 99 (GIO) TIMED AT 14:16:20,,BLUE,Driver,,99,38.0,2019,19
2019-11-03 20:17:27,Flag,WAVED BLUE FLAG FOR CAR 20 (MAG) TIMED AT 14:17:26,,BLUE,Driver,,20,38.0,2019,19
2019-11-03 20:18:07,Flag,WAVED BLUE FLAG FOR CAR 63 (RUS) TIMED AT 14:18:06,,BLUE,Driver,,63,39.0,2019,19
2019-11-03 20:18:26,Flag,WAVED BLUE FLAG FOR CAR 18 (STR) TIMED AT 14:18:25,,BLUE,Driver,,18,39.0,2019,19
2019-11-03 20:18:41,Flag,WAVED BLUE FLAG FOR CAR 99 (GIO) TIMED AT 14:18:40,,BLUE,Driver,,99,39.0,2019,19
2019-11-03 20:18:53,Flag,WAVED BLUE FLAG FOR CAR 18 (STR) TIMED AT 14:18:53,,BLUE,Driver,,18,39.0,2019,19
2019-11-03 20:19:41,Flag,WAVED BLUE FLAG FOR CAR 20 (MAG) TIMED AT 14:19:40,,BLUE,Driver,,20,40.0,2019,19
2019-11-03 20:20:38,Flag,WAVED BLUE FLAG FOR CAR 99 (GIO) TIMED AT 14:20:37,,BLUE,Driver,,99,40.0,2019,19
2019-11-03 20:21:14,Flag,WAVED BLUE FLAG FOR CAR 27 (HUL) TIMED AT 14:21:13,,BLUE,Driver,,27,41.0,2019,19
2019-11-03 20:21:28,Flag,WAVED BLUE FLAG FOR CAR 18 (STR) TIMED AT 14:21:28,,BLUE,Driver,,18,41.0,2019,19
2019-11-03 20:21:57,Flag,WAVED BLUE FLAG FOR CAR 20 (MAG) TIMED AT 14:21:56,,BLUE,Driver,,20,41.0,2019,19
2019-11-03 20:22:17,Flag,WAVED BLUE FLAG FOR CAR 18 (STR) TIMED AT 14:22:16,,BLUE,Driver,,18,41.0,2019,19
2019-11-03 20:23:19,Flag,WAVED BLUE FLAG FOR CAR 27 (HUL) TIMED AT 14:23:18,,BLUE,Driver,,27,42.0,2019,19
2019-11-03 20:23:37,Flag,WAVED BLUE FLAG FOR CAR 27 (HUL) TIMED AT 14:23:37,,BLUE,Driver,,27,42.0,2019,19
2019-11-03 20:25:06,Flag,WAVED BLUE FLAG FOR CAR 7 (RAI) TIMED AT 14:25:06,,BLUE,Driver,,7,43.0,2019,19
2019-11-03 20:28:04,Flag,WAVED BLUE FLAG FOR CAR 26 (KVY) TIMED AT 14:28:03,,BLUE,Driver,,26,45.0,2019,19
2019-11-03 20:29:07,Flag,WAVED BLUE FLAG FOR CAR 27 (HUL) TIMED AT 14:29:07,,BLUE,Driver,,27,46.0,2019,19
2019-11-03 20:29:25,Other,TURN 15 INCIDENT INVOLVING CARS 27 (HUL) AND 7 (RAI) NOTED - LEAVING THE TRACK AND GAINING AN ADVANTAGE,,,,,,46.0,2019,19
2019-11-03 20:29:34,Flag,WAVED BLUE FLAG FOR CAR 7 (RAI) TIMED AT 14:29:33,,BLUE,Driver,,7,46.0,2019,19
2019-11-03 20:29:48,Other,TURN 15 INCIDENT INVOLVING CARS 27 (HUL) AND 7 (RAI) - NO INVESTIGATION NECESSARY,,,,,,46.0,2019,19
2019-11-03 20:30:18,Flag,WAVED BLUE FLAG FOR CAR 63 (RUS) TIMED AT 14:30:17,,BLUE,Driver,,63,46.0,2019,19
2019-11-03 20:32:14,Flag,WAVED BLUE FLAG FOR CAR 11 (PER) TIMED AT 14:32:14,,BLUE,Driver,,11,47.0,2019,19
2019-11-03 20:35:21,Other,CAR 20 (MAG) TIME 1:41.540 DELETED - TRACK LIMITS AT TURN 19,,,,,,49.0,2019,19
2019-11-03 20:35:46,Flag,WAVED BLUE FLAG FOR CAR 26 (KVY) TIMED AT 14:35:46,,BLUE,Driver,,26,50.0,2019,19
2019-11-03 20:37:19,Flag,WAVED BLUE FLAG FOR CAR 63 (RUS) TIMED AT 14:37:19,,BLUE,Driver,,63,50.0,2019,19
2019-11-03 20:37:26,Flag,WAVED BLUE FLAG FOR CAR 63 (RUS) TIMED AT 14:37:26,,BLUE,Driver,,63,51.0,2019,19
2019-11-03 20:37:46,Flag,WAVED BLUE FLAG FOR CAR 11 (PER) TIMED AT 14:37:45,,BLUE,Driver,,11,51.0,2019,19
2019-11-03 20:38:05,Flag,WAVED BLUE FLAG FOR CAR 8 (GRO) TIMED AT 14:38:05,,BLUE,Driver,,8,51.0,2019,19
2019-11-03 20:38:27,Flag,WAVED BLUE FLAG FOR CAR 11 (PER) TIMED AT 14:38:27,,BLUE,Driver,,11,51.0,2019,19
2019-11-03 20:38:40,Flag,WAVED BLUE FLAG FOR CAR 10 (GAS) TIMED AT 14:38:39,,BLUE,Driver,,10,51.0,2019,19
2019-11-03 20:39:04,Flag,WAVED BLUE FLAG FOR CAR 63 (RUS) TIMED AT 14:39:04,,BLUE,Driver,,63,52.0,2019,19
2019-11-03 20:39:40,Flag,WAVED BLUE FLAG FOR CAR 11 (PER) TIMED AT 14:39:39,,BLUE,Driver,,11,52.0,2019,19
2019-11-03 20:39:53,Flag,WAVED BLUE FLAG FOR CAR 20 (MAG) TIMED AT 14:39:53,,BLUE,Driver,,20,52.0,2019,19
2019-11-03 20:40:11,Flag,WAVED BLUE FLAG FOR CAR 10 (GAS) TIMED AT 14:40:11,,BLUE,Driver,,10,52.0,2019,19
2019-11-03 20:41:47,Flag,WAVED BLUE FLAG FOR CAR 63 (RUS) TIMED AT 14:41:46,,BLUE,Driver,,63,53.0,2019,19
2019-11-03 20:42:16,Flag,WAVED BLUE FLAG FOR CAR 55 (SAI) TIMED AT 14:42:16,,BLUE,Driver,,55,53.0,2019,19
2019-11-03 20:42:22,Flag,WAVED BLUE FLAG FOR CAR 11 (PER) TIMED AT 14:42:21,,BLUE,Driver,,11,54.0,2019,19
2019-11-03 20:42:31,Flag,WAVED BLUE FLAG FOR CAR 63 (RUS) TIMED AT 14:42:30,,BLUE,Driver,,63,54.0,2019,19
2019-11-03 20:42:37,Other,CAR 4 (NOR) TIME 1:38.803 DELETED - TRACK LIMITS AT TURN 19,,,,,,54.0,2019,19
2019-11-03 20:42:49,Other,CAR 33 (VER) TIME 1:38.866 DELETED - TRACK LIMITS AT TURN 19,,,,,,54.0,2019,19
2019-11-03 20:43:44,Flag,WAVED BLUE FLAG FOR CAR 63 (RUS) TIMED AT 14:43:43,,BLUE,Driver,,63,54.0,2019,19
2019-11-03 20:43:53,Flag,WAVED BLUE FLAG FOR CAR 55 (SAI) TIMED AT 14:43:53,,BLUE,Driver,,55,54.0,2019,19
2019-11-03 20:44:26,Flag,YELLOW IN TRACK SECTOR 14,,YELLOW,Sector,14.0,,55.0,2019,19
2019-11-03 20:44:38,Other,TRACK SURFACE SLIPPERY IN TRACK SECTOR 13,,,,,,55.0,2019,19
2019-11-03 20:44:40,Flag,DOUBLE YELLOW IN TRACK SECTOR 13,,DOUBLE YELLOW,Sector,13.0,,55.0,2019,19
2019-11-03 20:44:41,Flag,DOUBLE YELLOW IN TRACK SECTOR 14,,DOUBLE YELLOW,Sector,14.0,,55.0,2019,19
2019-11-03 20:45:32,Flag,WAVED BLUE FLAG FOR CAR 55 (SAI) TIMED AT 14:45:31,,BLUE,Driver,,55,55.0,2019,19
2019-11-03 20:47:11,Flag,WAVED BLUE FLAG FOR CAR 99 (GIO) TIMED AT 14:47:10,,BLUE,Driver,,99,56.0,2019,19
2019-11-03 20:47:19,Flag,CHEQUERED FLAG,,CHEQUERED,Track,,,56.0,2019,19
2019-11-03 20:48:16,Other,TURN 12 INCIDENT INVOLVING CARS 11 (PER) AND 26 (KVY) NOTED - CAUSING A COLLISION,,,,,,56.0,2019,19
2019-11-03 20:50:01,Other,TURN 15 INCIDENT INVOLVING CAR 11 (PER) UNDER INVESTIGATION - CAUSING A COLLISION,,,,,,56.0,2019,19
2019-11-03 20:51:42,Flag,CLEAR IN TRACK SECTOR 13,,CLEAR,Sector,13.0,,56.0,2019,19
2019-11-03 20:51:44,Flag,CLEAR IN TRACK SECTOR 14,,CLEAR,Sector,14.0,,56.0,2019,19
2019-11-03 20:53:53,Other,5 SECOND TIME PENALTY FOR CAR 26 (KVY) - CAUSING A COLLISION,,,,,,56.0,2019,19
2019-11-17 16:55:09,Other,RISK OF RAIN FOR F1 RACE IS 0%,,,,,,1.0,2019,20
2019-11-17 17:07:07,Drs,DRS DISABLED,DISABLED,,,,,1.0,2019,20
2019-11-17 17:13:00,Flag,GREEN LIGHT - PIT EXIT OPEN,,GREEN,Track,,,1.0,2019,20
2019-11-17 17:15:30,Drs,DRS ENABLED,ENABLED,,,,,3.0,2019,20
2019-11-17 17:22:24,Flag,YELLOW IN TRACK SECTOR 5,,YELLOW,Sector,5.0,,8.0,2019,20
2019-11-17 17:22:29,Flag,DOUBLE YELLOW IN TRACK SECTOR 5,,DOUBLE YELLOW,Sector,5.0,,8.0,2019,20
2019-11-17 17:22:32,Flag,CLEAR IN TRACK SECTOR 5,,CLEAR,Sector,5.0,,8.0,2019,20
2019-11-17 17:23:00,Other,TURN 4 INCIDENT INVOLVING CARS 20 (MAG) AND 3 (RIC) NOTED,,,,,,9.0,2019,20
2019-11-17 17:25:44,Other,TURN 4 INCIDENT INVOLVING CARS 3 (RIC) AND 20 (MAG) UNDER INVESTIGATION,,,,,,11.0,2019,20
2019-11-17 17:30:41,Other,5 SECOND TIME PENALTY FOR CAR 3 (RIC) - CAUSING A COLLISION,,,,,,15.0,2019,20
2019-11-17 17:38:20,Flag,WAVED BLUE FLAG FOR CAR 63 (RUS) TIMED AT 14:38:19,,BLUE,Driver,,63,21.0,2019,20
2019-11-17 17:39:27,Flag,WAVED BLUE FLAG FOR CAR 88 (KUB) TIMED AT 14:39:26,,BLUE,Driver,,88,22.0,2019,20
2019-11-17 17:41:52,Other,PIT LANE INCIDENT INVOLVING CARS 33 (VER) AND 88 (KUB) NOTED,,,,,,24.0,2019,20
2019-11-17 17:43:57,Other,PIT LANE INCIDENT INVOLVING CARS 33 (VER) AND 88 (KUB) UNDER INVESTIGATION,,,,,,25.0,2019,20
2019-11-17 17:45:07,Flag,WAVED BLUE FLAG FOR CAR 63 (RUS) TIMED AT 14:45:06,,BLUE,Driver,,63,26.0,2019,20
2019-11-17 17:45:28,Flag,WAVED BLUE FLAG FOR CAR 88 (KUB) TIMED AT 14:45:28,,BLUE,Driver,,88,27.0,2019,20
2019-11-17 17:45:47,Flag,WAVED BLUE FLAG FOR CAR 63 (RUS) TIMED AT 14:45:46,,BLUE,Driver,,63,27.0,2019,20
2019-11-17 17:47:51,Flag,WAVED BLUE FLAG FOR CAR 88 (KUB) TIMED AT 14:47:51,,BLUE,Driver,,88,29.0,2019,20
2019-11-17 17:49:03,Flag,WAVED BLUE FLAG FOR CAR 63 (RUS) TIMED AT 14:49:03,,BLUE,Driver,,63,30.0,2019,20
2019-11-17 17:49:23,Flag,WAVED BLUE FLAG FOR CAR 88 (KUB) TIMED AT 14:49:23,,BLUE,Driver,,88,30.0,2019,20
2019-11-17 17:51:16,Other,5 SECOND TIME PENALTY FOR CAR 88 (KUB) - UNSAFE RELEASE,,,,,,31.0,2019,20
2019-11-17 17:51:23,Flag,WAVED BLUE FLAG FOR CAR 63 (RUS) TIMED AT 14:51:23,,BLUE,Driver,,63,32.0,2019,20
2019-11-17 17:53:54,Flag,WAVED BLUE FLAG FOR CAR 27 (HUL) TIMED AT 14:53:53,,BLUE,Driver,,27,34.0,2019,20
2019-11-17 17:54:16,Flag,WAVED BLUE FLAG FOR CAR 88 (KUB) TIMED AT 14:54:15,,BLUE,Driver,,88,34.0,2019,20
2019-11-17 17:55:34,Flag,WAVED BLUE FLAG FOR CAR 27 (HUL) TIMED AT 14:55:34,,BLUE,Driver,,27,35.0,2019,20
2019-11-17 17:56:22,Flag,WAVED BLUE FLAG FOR CAR 88 (KUB) TIMED AT 14:56:21,,BLUE,Driver,,88,36.0,2019,20
2019-11-17 17:56:25,Flag,WAVED BLUE FLAG FOR CAR 18 (STR) TIMED AT 14:56:25,,BLUE,Driver,,18,36.0,2019,20
2019-11-17 17:56:40,Flag,WAVED BLUE FLAG FOR CAR 20 (MAG) TIMED AT 14:56:40,,BLUE,Driver,,20,36.0,2019,20
2019-11-17 17:58:04,Flag,WAVED BLUE FLAG FOR CAR 18 (STR) TIMED AT 14:58:04,,BLUE,Driver,,18,37.0,2019,20
2019-11-17 17:58:11,Flag,WAVED BLUE FLAG FOR CAR 88 (KUB) TIMED AT 14:58:10,,BLUE,Driver,,88,37.0,2019,20
2019-11-17 17:58:20,Flag,WAVED BLUE FLAG FOR CAR 63 (RUS) TIMED AT 14:58:19,,BLUE,Driver,,63,37.0,2019,20
2019-11-17 18:00:16,Flag,WAVED BLUE FLAG FOR CAR 88 (KUB) TIMED AT 15:00:15,,BLUE,Driver,,88,39.0,2019,20
2019-11-17 18:00:21,Flag,WAVED BLUE FLAG FOR CAR 55 (SAI) TIMED AT 15:00:21,,BLUE,Driver,,55,39.0,2019,20
2019-11-17 18:01:05,Flag,WAVED BLUE FLAG FOR CAR 88 (KUB) TIMED AT 15:01:05,,BLUE,Driver,,88,40.0,2019,20
2019-11-17 18:02:47,Flag,WAVED BLUE FLAG FOR CAR 26 (KVY) TIMED AT 15:02:46,,BLUE,Driver,,26,41.0,2019,20
2019-11-17 18:02:50,Flag,WAVED BLUE FLAG FOR CAR 55 (SAI) TIMED AT 15:02:50,,BLUE,Driver,,55,41.0,2019,20
2019-11-17 18:03:05,Flag,WAVED BLUE FLAG FOR CAR 27 (HUL) TIMED AT 15:03:05,,BLUE,Driver,,27,41.0,2019,20
2019-11-17 18:03:36,Flag,WAVED BLUE FLAG FOR CAR 4 (NOR) TIMED AT 15:03:36,,BLUE,Driver,,4,42.0,2019,20
2019-11-17 18:04:04,Flag,WAVED BLUE FLAG FOR CAR 88 (KUB) TIMED AT 15:04:04,,BLUE,Driver,,88,42.0,2019,20
2019-11-17 18:04:20,Flag,WAVED BLUE FLAG FOR CAR 26 (KVY) TIMED AT 15:04:19,,BLUE,Driver,,26,42.0,2019,20
2019-11-17 18:04:52,Flag,WAVED BLUE FLAG FOR CAR 8 (GRO) TIMED AT 15:04:51,,BLUE,Driver,,8,43.0,2019,20
2019-11-17 18:05:00,Flag,WAVED BLUE FLAG FOR CAR 4 (NOR) TIMED AT 15:04:59,,BLUE,Driver,,4,43.0,2019,20
2019-11-17 18:05:14,Flag,WAVED BLUE FLAG FOR CAR 88 (KUB) TIMED AT 15:05:13,,BLUE,Driver,,88,43.0,2019,20
2019-11-17 18:05:35,Flag,WAVED BLUE FLAG FOR CAR 63 (RUS) TIMED AT 15:05:34,,BLUE,Driver,,63,43.0,2019,20
2019-11-17 18:06:31,Flag,WAVED BLUE FLAG FOR CAR 3 (RIC) TIMED AT 15:06:31,,BLUE,Driver,,3,44.0,2019,20
2019-11-17 18:07:37,Flag,WAVED BLUE FLAG FOR CAR 20 (MAG) TIMED AT 15:07:36,,BLUE,Driver,,20,45.0,2019,20
2019-11-17 18:08:15,Flag,WAVED BLUE FLAG FOR CAR 27 (HUL) TIMED AT 15:08:14,,BLUE,Driver,,27,45.0,2019,20
2019-11-17 18:08:26,Flag,WAVED BLUE FLAG FOR CAR 18 (STR) TIMED AT 15:08:25,,BLUE,Driver,,18,45.0,2019,20
2019-11-17 18:09:14,Flag,WAVED BLUE FLAG FOR CAR 27 (HUL) TIMED AT 15:09:14,,BLUE,Driver,,27,46.0,2019,20
2019-11-17 18:10:05,Flag,WAVED BLUE FLAG FOR CAR 63 (RUS) TIMED AT 15:10:05,,BLUE,Driver,,63,47.0,2019,20
2019-11-17 18:10:42,Flag,WAVED BLUE FLAG FOR CAR 18 (STR) TIMED AT 15:10:41,,BLUE,Driver,,18,47.0,2019,20
2019-11-17 18:11:04,Flag,WAVED BLUE FLAG FOR CAR 88 (KUB) TIMED AT 15:11:03,,BLUE,Driver,,88,48.0,2019,20
2019-11-17 18:11:24,Flag,WAVED BLUE FLAG FOR CAR 18 (STR) TIMED AT 15:11:23,,BLUE,Driver,,18,48.0,2019,20
2019-11-17 18:11:38,Flag,WAVED BLUE FLAG FOR CAR 88 (KUB) TIMED AT 15:11:38,,BLUE,Driver,,88,48.0,2019,20
2019-11-17 18:12:04,Flag,WAVED BLUE FLAG FOR CAR 55 (SAI) TIMED AT 15:12:04,,BLUE,Driver,,55,48.0,2019,20
2019-11-17 18:12:28,Flag,WAVED BLUE FLAG FOR CAR 7 (RAI) TIMED AT 15:12:28,,BLUE,Driver,,7,49.0,2019,20
2019-11-17 18:12:49,Flag,WAVED BLUE FLAG FOR CAR 55 (SAI) TIMED AT 15:12:48,,BLUE,Driver,,55,49.0,2019,20
2019-11-17 18:13:02,Flag,WAVED BLUE FLAG FOR CAR 55 (SAI) TIMED AT 15:13:02,,BLUE,Driver,,55,49.0,2019,20
2019-11-17 18:13:30,Flag,WAVED BLUE FLAG FOR CAR 4 (NOR) TIMED AT 15:13:29,,BLUE,Driver,,4,50.0,2019,20
2019-11-17 18:13:44,Flag,WAVED BLUE FLAG FOR CAR 26 (KVY) TIMED AT 15:13:43,,BLUE,Driver,,26,50.0,2019,20
2019-11-17 18:13:57,Flag,WAVED BLUE FLAG FOR CAR 4 (NOR) TIMED AT 15:13:57,,BLUE,Driver,,4,50.0,2019,20
2019-11-17 18:14:58,Flag,WAVED BLUE FLAG FOR CAR 8 (GRO) TIMED AT 15:14:57,,BLUE,Driver,,8,51.0,2019,20
2019-11-17 18:15:29,Flag,WAVED BLUE FLAG FOR CAR 10 (GAS) TIMED AT 15:15:29,,BLUE,Driver,,10,51.0,2019,20
2019-11-17 18:16:17,Flag,WAVED BLUE FLAG FOR CAR 20 (MAG) TIMED AT 15:16:17,,BLUE,Driver,,20,52.0,2019,20
2019-11-17 18:16:39,Flag,WAVED BLUE FLAG FOR CAR 27 (HUL) TIMED AT 15:16:38,,BLUE,Driver,,27,52.0,2019,20
2019-11-17 18:17:06,Flag,DOUBLE YELLOW IN TRACK SECTOR 5,,DOUBLE YELLOW,Sector,5.0,,53.0,2019,20
2019-11-17 18:17:13,Flag,DOUBLE YELLOW IN TRACK SECTOR 4,,DOUBLE YELLOW,Sector,4.0,,53.0,2019,20
2019-11-17 18:17:16,Flag,WAVED BLUE FLAG FOR CAR 26 (KVY) TIMED AT 15:17:16,,BLUE,Driver,,26,53.0,2019,20
2019-11-17 18:18:14,Flag,WAVED BLUE FLAG FOR CAR 26 (KVY) TIMED AT 15:18:14,,BLUE,Driver,,26,54.0,2019,20
2019-11-17 18:18:44,SafetyCar,SAFETY CAR DEPLOYED,DEPLOYED,,,,,54.0,2019,20
2019-11-17 18:22:58,Flag,CLEAR IN TRACK SECTOR 4,,CLEAR,Sector,4.0,,56.0,2019,20
2019-11-17 18:23:23,Other,"LAPPED CARS MAY NOW OVERTAKE - 10,8,55,7,99,4,11,18,3,26,20,27,63,88",,,,,,56.0,2019,20
2019-11-17 18:24:00,Flag,CLEAR IN TRACK SECTOR 5,,CLEAR,Sector,5.0,,57.0,2019,20
2019-11-17 18:26:39,Flag,DOUBLE YELLOW IN TRACK SECTOR 5,,DOUBLE YELLOW,Sector,5.0,,58.0,2019,20
2019-11-17 18:27:19,Flag,CLEAR IN TRACK SECTOR 5,,CLEAR,Sector,5.0,,59.0,2019,20
2019-11-17 18:27:44,SafetyCar,SAFETY CAR IN THIS LAP,IN THIS LAP,,,,,59.0,2019,20
2019-11-17 18:28:58,Flag,TRACK CLEAR,,CLEAR,Track,,,59.0,2019,20
2019-11-17 18:29:14,Flag,WAVED BLUE FLAG FOR CAR 88 (KUB) TIMED AT 15:29:14,,BLUE,Driver,,88,60.0,2019,20
2019-11-17 18:29:17,Flag,WAVED BLUE FLAG FOR CAR 88 (KUB) TIMED AT 15:29:17,,BLUE,Driver,,88,60.0,2019,20
2019-11-17 18:31:33,Other,TURN 2 INCIDENT INVOLVING CARS 8 (GRO) AND 55 (SAI) NOTED,,,,,,61.0,2019,20
2019-11-17 18:31:34,Drs,DRS ENABLED,ENABLED,,,,,61.0,2019,20
2019-11-17 18:33:20,Other,INCIDENT INVOLVING CAR 27 (HUL) UNDER INVESTIGATION - OVERTAKING CAR 20 (MAG) AT THE CONTROL LINE ON THE RE-START,,,,,,63.0,2019,20
2019-11-17 18:37:19,SafetyCar,SAFETY CAR DEPLOYED,DEPLOYED,,,,,66.0,2019,20
2019-11-17 18:38:02,Flag,DOUBLE YELLOW IN TRACK SECTOR 5,,DOUBLE YELLOW,Sector,5.0,,67.0,2019,20
2019-11-17 18:39:52,Flag,CLEAR IN TRACK SECTOR 5,,CLEAR,Sector,5.0,,68.0,2019,20
2019-11-17 18:43:09,SafetyCar,SAFETY CAR IN THIS LAP,IN THIS LAP,,,,,69.0,2019,20
2019-11-17 18:43:14,Flag,TRACK CLEAR,,CLEAR,Track,,,69.0,2019,20
2019-11-17 18:43:52,Flag,WAVED BLUE FLAG FOR CAR 88 (KUB) TIMED AT 15:43:51,,BLUE,Driver,,88,69.0,2019,20
2019-11-17 18:43:58,Flag,WAVED BLUE FLAG FOR CAR 88 (KUB) TIMED AT 15:43:57,,BLUE,Driver,,88,70.0,2019,20
2019-11-17 18:44:44,Flag,DOUBLE YELLOW IN TRACK SECTOR 11,,DOUBLE YELLOW,Sector,11.0,,70.0,2019,20
2019-11-17 18:44:52,Flag,CLEAR IN TRACK SECTOR 11,,CLEAR,Sector,11.0,,70.0,2019,20
2019-11-17 18:44:55,Flag,WAVED BLUE FLAG FOR CAR 88 (KUB) TIMED AT 15:44:55,,BLUE,Driver,,88,70.0,2019,20
2019-11-17 18:45:47,Other,TURN 10 INCIDENT INVOLVING CARS 23 (ALB) AND 44 (HAM) UNDER INVESTIGATION,,,,,,71.0,2019,20
2019-11-17 18:46:16,Flag,CHEQUERED FLAG,,CHEQUERED,Track,,,71.0,2019,20
2019-11-17 18:47:34,Other,5 SECOND TIME PENALTY FOR CAR 27 (HUL) - OVERTAKING CAR 20 (MAG) AT THE CONTROL LINE ON THE RE-START,,,,,,71.0,2019,20
2019-11-17 18:48:34,Other,TURN 10 INCIDENT INVOLVING CARS 23 (ALB) AND 44 (HAM) WILL BE INVESTIGATED AFTER THE RACE,,,,,,71.0,2019,20
2019-11-17 18:51:47,Other,CARS USING DRS IN A YELLOW SECTOR ON LAP 53 AT TURN 4 ARE BEING INVESTIGATED,,,,,,71.0,2019,20
2019-11-17 18:55:32,Other,TURN 4 INCIDENT INVOLVING CARS 5 (VET) AND 16 (LEC) NOTED,,,,,,71.0,2019,20
2019-12-01 12:53:28,Other,RISK OF RAIN FOR F1 RACE IS 0%,,,,,,1.0,2019,21
2019-12-01 13:07:45,Drs,DRS DISABLED,DISABLED,,,,,1.0,2019,21
2019-12-01 13:13:31,Flag,GREEN LIGHT - PIT EXIT OPEN,,GREEN,Track,,,1.0,2019,21
2019-12-01 13:13:45,Flag,YELLOW IN TRACK SECTOR 2,,YELLOW,Sector,2.0,,1.0,2019,21
2019-12-01 13:14:51,Flag,CLEAR IN TRACK SECTOR 2,,CLEAR,Sector,2.0,,1.0,2019,21
2019-12-01 13:15:54,Other,"TURN 1 INCIDENT INVOLVING CARS 10 (GAS), 11 (PER) AND 18 (STR) NOTED",,,,,,2.0,2019,21
2019-12-01 13:16:57,Drs,DRS ENABLED,ENABLED,,,,,2.0,2019,21
2019-12-01 13:17:25,Other,"TURN 1 INCIDENT INVOLVING CARS 10 (GAS), 11 (PER) AND 18 (STR) - NO INVESTIGATION NECESSARY",,,,,,3.0,2019,21
2019-12-01 13:18:08,Drs,DRS DISABLED,DISABLED,,,,,3.0,2019,21
2019-12-01 13:18:43,Other,DRS CURRENTLY DISABLED DUE TO A TECHNICAL ISSUE,,,,,,4.0,2019,21
2019-12-01 13:21:08,Flag,WAVED BLUE FLAG FOR CAR 10 (GAS) TIMED AT 17:21:07,,BLUE,Driver,,10,5.0,2019,21
2019-12-01 13:22:24,Flag,WAVED BLUE FLAG FOR CAR 10 (GAS) TIMED AT 17:22:23,,BLUE,Driver,,10,6.0,2019,21
2019-12-01 13:23:23,Flag,WAVED BLUE FLAG FOR CAR 10 (GAS) TIMED AT 17:23:22,,BLUE,Driver,,10,6.0,2019,21
2019-12-01 13:23:33,Flag,WAVED BLUE FLAG FOR CAR 10 (GAS) TIMED AT 17:23:32,,BLUE,Driver,,10,6.0,2019,21
2019-12-01 13:24:53,Flag,WAVED BLUE FLAG FOR CAR 10 (GAS) TIMED AT 17:24:53,,BLUE,Driver,,10,7.0,2019,21
2019-12-01 13:36:08,Flag,WAVED BLUE FLAG FOR CAR 10 (GAS) TIMED AT 17:36:08,,BLUE,Driver,,10,14.0,2019,21
2019-12-01 13:39:12,Other,TURN 6 INCIDENT INVOLVING CARS 3 (RIC) AND 55 (SAI) NOTED - NO INVESTIGATION NECESSARY,,,,,,15.0,2019,21
2019-12-01 13:43:26,Drs,DRS ENABLED,ENABLED,,,,,18.0,2019,21
2019-12-01 13:49:06,Flag,WAVED BLUE FLAG FOR CAR 8 (GRO) TIMED AT 17:49:05,,BLUE,Driver,,8,21.0,2019,21
2019-12-01 13:51:38,Flag,WAVED BLUE FLAG FOR CAR 18 (STR) TIMED AT 17:51:38,,BLUE,Driver,,18,23.0,2019,21
2019-12-01 13:52:05,Flag,WAVED BLUE FLAG FOR CAR 63 (RUS) TIMED AT 17:52:04,,BLUE,Driver,,63,23.0,2019,21
2019-12-01 13:52:21,Flag,WAVED BLUE FLAG FOR CAR 10 (GAS) TIMED AT 17:52:20,,BLUE,Driver,,10,23.0,2019,21
2019-12-01 13:52:50,Flag,WAVED BLUE FLAG FOR CAR 99 (GIO) TIMED AT 17:52:49,,BLUE,Driver,,99,23.0,2019,21
2019-12-01 13:53:06,Flag,WAVED BLUE FLAG FOR CAR 88 (KUB) TIMED AT 17:53:05,,BLUE,Driver,,88,24.0,2019,21
2019-12-01 13:53:47,Other,TURN 11 INCIDENT INVOLVING CARS 88 (KUB) AND 99 (GIO) NOTED,,,,,,24.0,2019,21
2019-12-01 13:54:03,Flag,WAVED BLUE FLAG FOR CAR 10 (GAS) TIMED AT 17:54:02,,BLUE,Driver,,10,24.0,2019,21
2019-12-01 13:55:06,Flag,WAVED BLUE FLAG FOR CAR 10 (GAS) TIMED AT 17:55:06,,BLUE,Driver,,10,25.0,2019,21
2019-12-01 13:55:23,Flag,WAVED BLUE FLAG FOR CAR 18 (STR) TIMED AT 17:55:22,,BLUE,Driver,,18,25.0,2019,21
2019-12-01 13:56:27,Other,"SMALL DEBRIS AT TURNS 11, 12 AND 14",,,,,,26.0,2019,21
2019-12-01 13:57:37,Other,TURN 11 INCIDENT INVOLVING CARS 88 (KUB) AND 99 (GIO) UNDER INVESTIGATION,,,,,,26.0,2019,21
2019-12-01 13:58:37,Flag,WAVED BLUE FLAG FOR CAR 88 (KUB) TIMED AT 17:58:36,,BLUE,Driver,,88,27.0,2019,21
2019-12-01 13:59:39,Flag,WAVED BLUE FLAG FOR CAR 18 (STR) TIMED AT 17:59:38,,BLUE,Driver,,18,27.0,2019,21
2019-12-01 14:00:01,Other,TURN 11 INCIDENT INVOLVING CARS 88 (KUB) AND 99 (GIO) - NO FURTHER ACTION,,,,,,27.0,2019,21
2019-12-01 14:00:36,Flag,WAVED BLUE FLAG FOR CAR 99 (GIO) TIMED AT 18:00:36,,BLUE,Driver,,99,28.0,2019,21
2019-12-01 14:01:50,Flag,WAVED BLUE FLAG FOR CAR 63 (RUS) TIMED AT 18:01:50,,BLUE,Driver,,63,28.0,2019,21
2019-12-01 14:04:25,Flag,WAVED BLUE FLAG FOR CAR 8 (GRO) TIMED AT 18:04:24,,BLUE,Driver,,8,30.0,2019,21
2019-12-01 14:06:35,Flag,WAVED BLUE FLAG FOR CAR 10 (GAS) TIMED AT 18:06:34,,BLUE,Driver,,10,31.0,2019,21
2019-12-01 14:07:28,Flag,WAVED BLUE FLAG FOR CAR 63 (RUS) TIMED AT 18:07:27,,BLUE,Driver,,63,32.0,2019,21
2019-12-01 14:10:35,Flag,WAVED BLUE FLAG FOR CAR 88 (KUB) TIMED AT 18:10:34,,BLUE,Driver,,88,34.0,2019,21
2019-12-01 14:11:16,Flag,WAVED BLUE FLAG FOR CAR 88 (KUB) TIMED AT 18:11:15,,BLUE,Driver,,88,34.0,2019,21
2019-12-01 14:11:25,Flag,WAVED BLUE FLAG FOR CAR 63 (RUS) TIMED AT 18:11:24,,BLUE,Driver,,63,34.0,2019,21
2019-12-01 14:12:42,Flag,WAVED BLUE FLAG FOR CAR 88 (KUB) TIMED AT 18:12:41,,BLUE,Driver,,88,35.0,2019,21
2019-12-01 14:15:31,Flag,WAVED BLUE FLAG FOR CAR 8 (GRO) TIMED AT 18:15:31,,BLUE,Driver,,8,37.0,2019,21
2019-12-01 14:17:21,Flag,WAVED BLUE FLAG FOR CAR 7 (RAI) TIMED AT 18:17:21,,BLUE,Driver,,7,38.0,2019,21
2019-12-01 14:17:59,Flag,WAVED BLUE FLAG FOR CAR 7 (RAI) TIMED AT 18:17:59,,BLUE,Driver,,7,38.0,2019,21
2019-12-01 14:18:18,Flag,WAVED BLUE FLAG FOR CAR 20 (MAG) TIMED AT 18:18:18,,BLUE,Driver,,20,38.0,2019,21
2019-12-01 14:20:11,Flag,WAVED BLUE FLAG FOR CAR 10 (GAS) TIMED AT 18:20:11,,BLUE,Driver,,10,39.0,2019,21
2019-12-01 14:21:59,Flag,WAVED BLUE FLAG FOR CAR 18 (STR) TIMED AT 18:21:58,,BLUE,Driver,,18,40.0,2019,21
2019-12-01 14:22:23,Flag,WAVED BLUE FLAG FOR CAR 88 (KUB) TIMED AT 18:22:22,,BLUE,Driver,,88,41.0,2019,21
2019-12-01 14:23:32,Flag,WAVED BLUE FLAG FOR CAR 18 (STR) TIMED AT 18:23:31,,BLUE,Driver,,18,41.0,2019,21
2019-12-01 14:23:53,Flag,WAVED BLUE FLAG FOR CAR 3 (RIC) TIMED AT 18:23:52,,BLUE,Driver,,3,41.0,2019,21
2019-12-01 14:24:38,Flag,WAVED BLUE FLAG FOR CAR 99 (GIO) TIMED AT 18:24:38,,BLUE,Driver,,99,42.0,2019,21
2019-12-01 14:24:44,Flag,WAVED BLUE FLAG FOR CAR 18 (STR) TIMED AT 18:24:44,,BLUE,Driver,,18,42.0,2019,21
2019-12-01 14:25:35,Flag,WAVED BLUE FLAG FOR CAR 11 (PER) TIMED AT 18:25:35,,BLUE,Driver,,11,42.0,2019,21
2019-12-01 14:25:45,Flag,WAVED BLUE FLAG FOR CAR 20 (MAG) TIMED AT 18:25:45,,BLUE,Driver,,20,43.0,2019,21
2019-12-01 14:25:56,Flag,WAVED BLUE FLAG FOR CAR 63 (RUS) TIMED AT 18:25:56,,BLUE,Driver,,63,43.0,2019,21
2019-12-01 14:27:44,Flag,WAVED BLUE FLAG FOR CAR 27 (HUL) TIMED AT 18:27:43,,BLUE,Driver,,27,44.0,2019,21
2019-12-01 14:27:54,Flag,WAVED BLUE FLAG FOR CAR 99 (GIO) TIMED AT 18:27:53,,BLUE,Driver,,99,44.0,2019,21
2019-12-01 14:29:10,Flag,WAVED BLUE FLAG FOR CAR 4 (NOR) TIMED AT 18:29:09,,BLUE,Driver,,4,45.0,2019,21
2019-12-01 14:29:54,Flag,WAVED BLUE FLAG FOR CAR 8 (GRO) TIMED AT 18:29:53,,BLUE,Driver,,8,45.0,2019,21
2019-12-01 14:30:07,Flag,WAVED BLUE FLAG FOR CAR 7 (RAI) TIMED AT 18:30:07,,BLUE,Driver,,7,45.0,2019,21
2019-12-01 14:30:31,Flag,WAVED BLUE FLAG FOR CAR 18 (STR) TIMED AT 18:30:31,,BLUE,Driver,,18,45.0,2019,21
2019-12-01 14:31:47,Flag,WAVED BLUE FLAG FOR CAR 99 (GIO) TIMED AT 18:31:47,,BLUE,Driver,,99,46.0,2019,21
2019-12-01 14:33:04,CarEvent,CAR 18 (STR) MISSED THE APEX OF TURN 9,,,,,18,47.0,2019,21
2019-12-01 14:33:45,Flag,WAVED BLUE FLAG FOR CAR 8 (GRO) TIMED AT 18:33:45,,BLUE,Driver,,8,47.0,2019,21
2019-12-01 14:34:02,Flag,WAVED BLUE FLAG FOR CAR 8 (GRO) TIMED AT 18:34:01,,BLUE,Driver,,8,47.0,2019,21
2019-12-01 14:36:03,Flag,WAVED BLUE FLAG FOR CAR 88 (KUB) TIMED AT 18:36:03,,BLUE,Driver,,88,49.0,2019,21
2019-12-01 14:36:24,Flag,WAVED BLUE FLAG FOR CAR 99 (GIO) TIMED AT 18:36:24,,BLUE,Driver,,99,49.0,2019,21
2019-12-01 14:36:32,Flag,WAVED BLUE FLAG FOR CAR 27 (HUL) TIMED AT 18:36:32,,BLUE,Driver,,27,49.0,2019,21
2019-12-01 14:37:40,Flag,WAVED BLUE FLAG FOR CAR 10 (GAS) TIMED AT 18:37:40,,BLUE,Driver,,10,50.0,2019,21
2019-12-01 14:37:47,CarEvent,CAR 26 (KVY) MISSED THE APEX OF TURN 18,,,,,26,50.0,2019,21
2019-12-01 14:37:58,Flag,WAVED BLUE FLAG FOR CAR 26 (KVY) TIMED AT 18:37:57,,BLUE,Driver,,26,50.0,2019,21
2019-12-01 14:39:21,Flag,WAVED BLUE FLAG FOR CAR 20 (MAG) TIMED AT 18:39:20,,BLUE,Driver,,20,51.0,2019,21
2019-12-01 14:41:22,Flag,WAVED BLUE FLAG FOR CAR 20 (MAG) TIMED AT 18:41:21,,BLUE,Driver,,20,52.0,2019,21
2019-12-01 14:42:21,Flag,WAVED BLUE FLAG FOR CAR 11 (PER) TIMED AT 18:42:20,,BLUE,Driver,,11,52.0,2019,21
2019-12-01 14:42:51,Flag,WAVED BLUE FLAG FOR CAR 8 (GRO) TIMED AT 18:42:51,,BLUE,Driver,,8,53.0,2019,21
2019-12-01 14:43:29,Flag,WAVED BLUE FLAG FOR CAR 11 (PER) TIMED AT 18:43:29,,BLUE,Driver,,11,53.0,2019,21
2019-12-01 14:43:32,Flag,WAVED BLUE FLAG FOR CAR 4 (NOR) TIMED AT 18:43:32,,BLUE,Driver,,4,53.0,2019,21
2019-12-01 14:44:49,Flag,WAVED BLUE FLAG FOR CAR 88 (KUB) TIMED AT 18:44:48,,BLUE,Driver,,88,54.0,2019,21
2019-12-01 14:47:17,Flag,WAVED BLUE FLAG FOR CAR 88 (KUB) TIMED AT 18:47:16,,BLUE,Driver,,88,55.0,2019,21
2019-12-01 14:47:37,Flag,CHEQUERED FLAG,,CHEQUERED,Track,,,55.0,2019,21
2019-12-01 14:47:55,Flag,WAVED BLUE FLAG FOR CAR 88 (KUB) TIMED AT 18:47:54,,BLUE,Driver,,88,55.0,2019,21
