Time,Driver,DriverNumber,LapTime,LapNumber,Stint,PitOutTime,PitInTime,Sector1Time,Sector2Time,Sector3Time,Sector1SessionTime,Sector2SessionTime,Sector3SessionTime,SpeedI1,SpeedI2,SpeedFL,SpeedST,IsPersonalBest,Compound,TyreLife,FreshTyre,Team,LapStartTime,LapStartDate,TrackStatus,Position,Deleted,DeletedReason,FastF1Generated,IsAccurate,Year,RoundNumber
0 days 01:15:49.358000,VER,1,,2.0,1.0,,0 days 01:15:38.205000,0 days 00:00:58.141000,0 days 00:00:37.976000,0 days 00:01:13.205000,0 days 01:13:58.233000,0 days 01:14:36.257000,0 days 01:15:49.446000,66.0,222.0,,210.0,False,INTERMEDIATE,2.0,True,Red Bull Racing,0 days 01:13:00.002000,,4,2.0,,,False,False,2025,1
0 days 01:18:31.526000,VER,1,,3.0,2.0,0 days 01:15:51.658000,0 days 01:18:20.223000,0 days 00:00:56.230000,0 days 00:00:33.683000,0 days 00:01:12.232000,0 days 01:16:45.667000,0 days 01:17:19.489000,0 days 01:18:31.643000,78.0,203.0,,180.0,False,INTERMEDIATE,3.0,False,Red Bull Racing,0 days 01:15:49.358000,,4,2.0,,,False,False,2025,1
0 days 01:21:07.226000,VER,1,,4.0,3.0,0 days 01:18:34.029000,0 days 01:20:56.543000,0 days 00:00:54.351000,0 days 00:00:32.712000,0 days 00:01:08.712000,0 days 01:19:26.041000,0 days 01:19:58.680000,0 days 01:21:07.378000,103.0,240.0,,187.0,False,INTERMEDIATE,4.0,False,Red Bull Racing,0 days 01:18:31.526000,,4,2.0,,,False,False,2025,1
0 days 01:23:30.835000,VER,1,0 days 00:02:23.609000,5.0,4.0,0 days 01:21:09.534000,,0 days 00:00:53.513000,0 days 00:00:32.627000,0 days 00:00:57.469000,0 days 01:22:00.795000,0 days 01:22:33.422000,0 days 01:23:30.891000,79.0,130.0,237.0,194.0,False,INTERMEDIATE,5.0,False,Red Bull Racing,0 days 01:21:07.226000,,4,2.0,,,False,False,2025,1
0 days 02:09:41.123000,VER,1,0 days 00:02:08.598000,34.0,4.0,,0 days 02:09:24.559000,0 days 00:00:38.569000,0 days 00:00:29.499000,0 days 00:01:00.530000,0 days 02:08:11.150000,0 days 02:08:40.649000,0 days 02:09:41.179000,193.0,276.0,,288.0,False,INTERMEDIATE,34.0,False,Red Bull Racing,0 days 02:07:32.525000,,24,3.0,,,False,False,2025,1
0 days 02:11:45.631000,VER,1,0 days 00:02:04.508000,35.0,5.0,0 days 02:09:43.218000,,0 days 00:00:46.794000,0 days 00:00:27.330000,0 days 00:00:50.384000,0 days 02:10:27.973000,0 days 02:10:55.303000,0 days 02:11:45.687000,241.0,275.0,253.0,177.0,False,MEDIUM,1.0,True,Red Bull Racing,0 days 02:09:41.123000,,4,3.0,,,False,False,2025,1
0 days 02:32:59.592000,VER,1,0 days 00:01:52.606000,46.0,5.0,,0 days 02:32:42.968000,0 days 00:00:31.037000,0 days 00:00:19.186000,0 days 00:01:02.383000,0 days 02:31:38.079000,0 days 02:31:57.265000,0 days 02:32:59.648000,268.0,287.0,,266.0,False,MEDIUM,12.0,True,Red Bull Racing,0 days 02:31:06.986000,,1,5.0,,,False,False,2025,1
0 days 02:35:06.805000,VER,1,0 days 00:02:07.213000,47.0,6.0,0 days 02:33:01.788000,,0 days 00:00:40.700000,0 days 00:00:31.560000,0 days 00:00:54.953000,0 days 02:33:40.348000,0 days 02:34:11.908000,0 days 02:35:06.861000,249.0,227.0,257.0,224.0,False,INTERMEDIATE,1.0,True,Red Bull Racing,0 days 02:32:59.592000,,124,2.0,,,False,False,2025,1
0 days 01:16:06.103000,GAS,10,,2.0,1.0,,0 days 01:15:53.611000,0 days 00:00:55.855000,0 days 00:00:35.135000,0 days 00:01:20.320000,0 days 01:14:10.867000,0 days 01:14:45.842000,0 days 01:16:06.234000,62.0,163.0,,195.0,False,INTERMEDIATE,2.0,True,Alpine,0 days 01:13:14.728000,,4,9.0,,,False,False,2025,1
0 days 01:18:49.068000,GAS,10,,3.0,2.0,0 days 01:16:08.591000,0 days 01:18:36.076000,0 days 00:00:50.510000,0 days 00:00:36.049000,0 days 00:01:16.333000,0 days 01:16:56.745000,0 days 01:17:32.821000,0 days 01:18:49.127000,54.0,130.0,,189.0,False,INTERMEDIATE,3.0,False,Alpine,0 days 01:16:06.103000,,4,9.0,,,False,False,2025,1
0 days 01:21:23.515000,GAS,10,,4.0,3.0,0 days 01:18:51.914000,0 days 01:21:12.398000,0 days 00:00:50.360000,0 days 00:00:32.205000,0 days 00:01:12.024000,0 days 01:19:39.451000,0 days 01:20:11.612000,0 days 01:21:23.780000,89.0,279.0,,194.0,False,INTERMEDIATE,4.0,False,Alpine,0 days 01:18:49.068000,,4,9.0,,,False,False,2025,1
0 days 01:23:44.875000,GAS,10,0 days 00:02:21.360000,5.0,4.0,0 days 01:21:27.130000,,0 days 00:00:51.180000,0 days 00:00:30.446000,0 days 00:00:59.734000,0 days 01:22:14.754000,0 days 01:22:45.200000,0 days 01:23:44.934000,116.0,284.0,198.0,204.0,False,INTERMEDIATE,5.0,False,Alpine,0 days 01:21:23.515000,,4,9.0,,,False,False,2025,1
0 days 02:08:35.425000,GAS,10,0 days 00:01:51.300000,33.0,4.0,,0 days 02:08:17.990000,0 days 00:00:31.296000,0 days 00:00:18.975000,0 days 00:01:01.029000,0 days 02:07:15.480000,0 days 02:07:34.455000,0 days 02:08:35.484000,263.0,298.0,,284.0,False,INTERMEDIATE,33.0,False,Alpine,0 days 02:06:44.125000,,124,9.0,,,False,False,2025,1
0 days 02:11:00.474000,GAS,10,0 days 00:02:25.049000,34.0,5.0,0 days 02:08:37.599000,,0 days 00:00:53.338000,0 days 00:00:42.356000,0 days 00:00:49.355000,0 days 02:09:28.822000,0 days 02:10:11.178000,0 days 02:11:00.533000,107.0,119.0,268.0,162.0,False,HARD,1.0,True,Alpine,0 days 02:08:35.425000,,4,9.0,,,False,False,2025,1
0 days 02:33:12.621000,GAS,10,0 days 00:01:56.069000,46.0,5.0,,0 days 02:32:55.194000,0 days 00:00:33.157000,0 days 00:00:18.982000,0 days 00:01:03.930000,0 days 02:31:49.768000,0 days 02:32:08.750000,0 days 02:33:12.680000,262.0,292.0,,262.0,False,HARD,13.0,True,Alpine,0 days 02:31:16.552000,,1,11.0,,,False,False,2025,1
0 days 02:35:19.361000,GAS,10,0 days 00:02:06.740000,47.0,6.0,0 days 02:33:14.929000,,0 days 00:00:45.479000,0 days 00:00:24.021000,0 days 00:00:57.240000,0 days 02:33:58.159000,0 days 02:34:22.180000,0 days 02:35:19.420000,226.0,212.0,266.0,221.0,False,INTERMEDIATE,1.0,True,Alpine,0 days 02:33:12.621000,,124,8.0,,,False,False,2025,1
0 days 01:16:12.898000,ANT,12,,2.0,1.0,,0 days 01:16:01.429000,0 days 00:00:55.459000,0 days 00:00:32.481000,0 days 00:01:21.860000,0 days 01:14:18.601000,0 days 01:14:51.238000,0 days 01:16:13.028000,78.0,167.0,,145.0,False,INTERMEDIATE,2.0,True,Mercedes,0 days 01:13:22.976000,,4,13.0,,,False,False,2025,1
0 days 01:18:57.575000,ANT,12,,3.0,2.0,0 days 01:16:16.265000,0 days 01:18:43.529000,0 days 00:00:51.498000,0 days 00:00:33.080000,0 days 00:01:20.177000,0 days 01:17:04.362000,0 days 01:17:37.551000,0 days 01:18:57.746000,97.0,123.0,,177.0,False,INTERMEDIATE,3.0,False,Mercedes,0 days 01:16:12.898000,,4,13.0,,,False,False,2025,1
0 days 01:21:32.097000,ANT,12,,4.0,3.0,0 days 01:18:59.964000,0 days 01:21:21.148000,0 days 00:00:49.814000,0 days 00:00:32.851000,0 days 00:01:11.933000,0 days 01:19:47.390000,0 days 01:20:20.290000,0 days 01:21:32.318000,81.0,156.0,,196.0,False,INTERMEDIATE,4.0,False,Mercedes,0 days 01:18:57.575000,,4,13.0,,,False,False,2025,1
0 days 01:23:51.260000,ANT,12,0 days 00:02:19.163000,5.0,4.0,0 days 01:21:35.283000,,0 days 00:00:49.979000,0 days 00:00:30.052000,0 days 00:00:59.132000,0 days 01:22:22.120000,0 days 01:22:52.172000,0 days 01:23:51.304000,125.0,274.0,193.0,187.0,False,INTERMEDIATE,5.0,False,Mercedes,0 days 01:21:32.097000,,4,13.0,,,False,False,2025,1
0 days 02:08:39.832000,ANT,12,0 days 00:01:52.635000,33.0,4.0,,0 days 02:08:23.095000,0 days 00:00:31.156000,0 days 00:00:19.488000,0 days 00:01:01.991000,0 days 02:07:18.397000,0 days 02:07:37.885000,0 days 02:08:39.876000,268.0,302.0,,290.0,False,INTERMEDIATE,33.0,False,Mercedes,0 days 02:06:47.197000,,124,10.0,,,False,False,2025,1
0 days 02:11:02.428000,ANT,12,0 days 00:02:22.596000,34.0,5.0,0 days 02:08:42.155000,,0 days 00:00:50.260000,0 days 00:00:41.918000,0 days 00:00:50.418000,0 days 02:09:30.136000,0 days 02:10:12.054000,0 days 02:11:02.472000,144.0,130.0,279.0,175.0,False,HARD,1.0,True,Mercedes,0 days 02:08:39.832000,,4,10.0,,,False,False,2025,1
0 days 02:30:03.891000,ANT,12,0 days 00:01:48.276000,44.0,5.0,,0 days 02:29:44.044000,0 days 00:00:29.991000,0 days 00:00:18.732000,0 days 00:00:59.553000,0 days 02:28:45.650000,0 days 02:29:04.382000,0 days 02:30:03.935000,264.0,298.0,,292.0,False,HARD,11.0,True,Mercedes,0 days 02:28:15.615000,,12,11.0,,,False,False,2025,1
0 days 02:31:39.484000,ANT,12,0 days 00:01:35.593000,45.0,6.0,0 days 02:30:06.012000,,0 days 00:00:37.157000,0 days 00:00:19.091000,0 days 00:00:39.345000,0 days 02:30:41.092000,0 days 02:31:00.183000,0 days 02:31:39.528000,263.0,291.0,299.0,223.0,False,INTERMEDIATE,1.0,True,Mercedes,0 days 02:30:03.891000,,21,11.0,,,False,False,2025,1
0 days 01:16:07.295000,ALO,14,,2.0,1.0,,0 days 01:15:54.830000,0 days 00:00:55.076000,0 days 00:00:34.640000,0 days 00:01:19.692000,0 days 01:14:13.051000,0 days 01:14:47.658000,0 days 01:16:07.421000,80.0,132.0,,185.0,False,INTERMEDIATE,2.0,True,Aston Martin,0 days 01:13:17.788000,,4,10.0,,,False,False,2025,1
0 days 01:18:50.610000,ALO,14,,3.0,2.0,0 days 01:16:10.400000,0 days 01:18:37.191000,0 days 00:00:52.882000,0 days 00:00:33.441000,0 days 00:01:17.022000,0 days 01:17:00.313000,0 days 01:17:33.756000,0 days 01:18:50.665000,80.0,116.0,,168.0,False,INTERMEDIATE,3.0,False,Aston Martin,0 days 01:16:07.295000,,4,10.0,,,False,False,2025,1
0 days 01:21:25.229000,ALO,14,,4.0,3.0,0 days 01:18:53.529000,0 days 01:21:13.968000,0 days 00:00:52.331000,0 days 00:00:32.068000,0 days 00:01:10.307000,0 days 01:19:43.042000,0 days 01:20:15.106000,0 days 01:21:25.474000,121.0,255.0,,179.0,False,INTERMEDIATE,4.0,False,Aston Martin,0 days 01:18:50.610000,,4,10.0,,,False,False,2025,1
0 days 01:23:47.410000,ALO,14,0 days 00:02:22.181000,5.0,4.0,0 days 01:21:29.030000,,0 days 00:00:52.318000,0 days 00:00:29.721000,0 days 00:01:00.142000,0 days 01:22:17.602000,0 days 01:22:47.323000,0 days 01:23:47.465000,121.0,273.0,176.0,185.0,False,INTERMEDIATE,5.0,False,Aston Martin,0 days 01:21:25.229000,,4,10.0,,,False,False,2025,1
0 days 01:15:56.324000,LEC,16,,2.0,1.0,,0 days 01:15:44.366000,0 days 00:00:55.101000,0 days 00:00:36.092000,0 days 00:01:16.040000,0 days 01:14:04.519000,0 days 01:14:40.314000,0 days 01:15:56.518000,67.0,200.0,,218.0,False,INTERMEDIATE,2.0,True,Ferrari,0 days 01:13:09.163000,,4,5.0,,,False,False,2025,1
0 days 01:18:38.523000,LEC,16,,3.0,2.0,0 days 01:15:58.544000,0 days 01:18:26.003000,0 days 00:00:54.771000,0 days 00:00:32.738000,0 days 00:01:14.652000,0 days 01:16:51.301000,0 days 01:17:23.901000,0 days 01:18:38.572000,46.0,206.0,,185.0,False,INTERMEDIATE,3.0,False,Ferrari,0 days 01:15:56.324000,,4,5.0,,,False,False,2025,1
0 days 01:21:14.268000,LEC,16,,4.0,3.0,0 days 01:18:40.624000,0 days 01:21:02.246000,0 days 00:00:52.602000,0 days 00:00:32.053000,0 days 00:01:11.147000,0 days 01:19:31.290000,0 days 01:20:03.221000,0 days 01:21:14.426000,98.0,260.0,,150.0,False,INTERMEDIATE,4.0,False,Ferrari,0 days 01:18:38.523000,,4,5.0,,,False,False,2025,1
0 days 01:23:36.865000,LEC,16,0 days 00:02:22.597000,5.0,4.0,0 days 01:21:16.471000,,0 days 00:00:51.208000,0 days 00:00:31.916000,0 days 00:00:59.473000,0 days 01:22:05.506000,0 days 01:22:37.422000,0 days 01:23:36.895000,99.0,259.0,223.0,197.0,False,INTERMEDIATE,5.0,False,Ferrari,0 days 01:21:14.268000,,4,5.0,,,False,False,2025,1
0 days 02:10:11.057000,LEC,16,0 days 00:02:13.905000,34.0,4.0,,0 days 02:09:55.018000,0 days 00:00:41.463000,0 days 00:00:27.483000,0 days 00:01:04.959000,0 days 02:08:38.645000,0 days 02:09:06.128000,0 days 02:10:11.087000,144.0,194.0,,197.0,False,INTERMEDIATE,34.0,False,Ferrari,0 days 02:07:57.152000,,4,5.0,,,False,False,2025,1
0 days 02:12:17.929000,LEC,16,0 days 00:02:06.872000,35.0,5.0,0 days 02:10:13.161000,,0 days 00:00:47.333000,0 days 00:00:29.541000,0 days 00:00:49.998000,0 days 02:10:58.420000,0 days 02:11:27.961000,0 days 02:12:17.959000,224.0,272.0,267.0,180.0,False,HARD,2.0,False,Ferrari,0 days 02:10:11.057000,,4,5.0,,,False,False,2025,1
0 days 02:35:29.215000,LEC,16,,47.0,5.0,,0 days 02:35:06.901000,0 days 00:00:41.619000,0 days 00:00:31.863000,0 days 00:01:18.975000,0 days 02:33:38.561000,0 days 02:34:10.498000,0 days 02:35:29.362000,227.0,187.0,,218.0,False,HARD,14.0,False,Ferrari,0 days 02:32:56.733000,,124,10.0,,,False,False,2025,1
0 days 02:37:25.259000,LEC,16,0 days 00:01:56.044000,48.0,6.0,0 days 02:35:31.368000,,0 days 00:00:42.860000,0 days 00:00:21.823000,0 days 00:00:51.361000,0 days 02:36:12.105000,0 days 02:36:33.928000,0 days 02:37:25.289000,247.0,261.0,239.0,208.0,False,INTERMEDIATE,1.0,True,Ferrari,0 days 02:35:29.215000,,4,10.0,,,False,False,2025,1
0 days 01:16:09.657000,STR,18,,2.0,1.0,,0 days 01:15:57.307000,0 days 00:00:54.693000,0 days 00:00:34.276000,0 days 00:01:20.512000,0 days 01:14:14.927000,0 days 01:14:49.274000,0 days 01:16:09.738000,95.0,121.0,,187.0,False,INTERMEDIATE,2.0,True,Aston Martin,0 days 01:13:20.053000,,4,11.0,,,False,False,2025,1
0 days 01:18:53.621000,STR,18,,3.0,2.0,0 days 01:16:13.028000,0 days 01:18:40.020000,0 days 00:00:51.700000,0 days 00:00:33.597000,0 days 00:01:18.641000,0 days 01:17:01.441000,0 days 01:17:35.129000,0 days 01:18:53.690000,86.0,135.0,,172.0,False,INTERMEDIATE,1.0,True,Aston Martin,0 days 01:16:09.657000,,4,11.0,,,False,False,2025,1
0 days 01:21:28.367000,STR,18,,4.0,3.0,0 days 01:18:56.155000,0 days 01:21:17.105000,0 days 00:00:50.522000,0 days 00:00:33.100000,0 days 00:01:11.249000,0 days 01:19:44.270000,0 days 01:20:17.215000,0 days 01:21:28.547000,130.0,224.0,,166.0,False,INTERMEDIATE,1.0,True,Aston Martin,0 days 01:18:53.621000,,4,11.0,,,False,False,2025,1
0 days 01:23:48.776000,STR,18,0 days 00:02:20.409000,5.0,4.0,0 days 01:21:31.574000,,0 days 00:00:50.391000,0 days 00:00:31.168000,0 days 00:00:58.850000,0 days 01:22:18.816000,0 days 01:22:49.984000,0 days 01:23:48.834000,133.0,256.0,144.0,166.0,False,INTERMEDIATE,1.0,True,Aston Martin,0 days 01:21:28.367000,,4,11.0,,,False,False,2025,1
0 days 02:09:01.609000,STR,18,0 days 00:02:02.766000,33.0,4.0,,0 days 02:08:44.912000,0 days 00:00:32.155000,0 days 00:00:25.972000,0 days 00:01:04.639000,0 days 02:07:31.056000,0 days 02:07:57.028000,0 days 02:09:01.667000,266.0,136.0,,284.0,False,INTERMEDIATE,29.0,True,Aston Martin,0 days 02:06:58.843000,,124,11.0,,,False,False,2025,1
0 days 02:11:06.602000,STR,18,0 days 00:02:04.993000,34.0,5.0,0 days 02:09:03.663000,,0 days 00:00:47.742000,0 days 00:00:26.264000,0 days 00:00:50.987000,0 days 02:09:49.409000,0 days 02:10:15.673000,0 days 02:11:06.660000,203.0,255.0,276.0,162.0,False,HARD,2.0,False,Aston Martin,0 days 02:09:01.609000,,4,11.0,,,False,False,2025,1
0 days 02:30:01.763000,STR,18,0 days 00:01:44.738000,44.0,5.0,,0 days 02:29:44.983000,0 days 00:00:29.501000,0 days 00:00:18.324000,0 days 00:00:56.913000,0 days 02:28:46.584000,0 days 02:29:04.908000,0 days 02:30:01.821000,266.0,317.0,,300.0,False,HARD,12.0,False,Aston Martin,0 days 02:28:17.025000,,12,10.0,,,False,False,2025,1
0 days 02:31:39.019000,STR,18,0 days 00:01:37.256000,45.0,6.0,0 days 02:30:03.907000,,0 days 00:00:37.854000,0 days 00:00:19.421000,0 days 00:00:39.981000,0 days 02:30:39.675000,0 days 02:30:59.096000,0 days 02:31:39.077000,259.0,285.0,286.0,222.0,False,INTERMEDIATE,1.0,True,Aston Martin,0 days 02:30:01.763000,,21,10.0,,,False,False,2025,1
0 days 01:15:59.588000,TSU,22,,2.0,1.0,,0 days 01:15:46.618000,0 days 00:00:54.848000,0 days 00:00:35.961000,0 days 00:01:17.410000,0 days 01:14:06.313000,0 days 01:14:42.240000,0 days 01:15:59.642000,68.0,219.0,,201.0,False,INTERMEDIATE,2.0,True,Racing Bulls,0 days 01:13:11.264000,,4,6.0,,,False,False,2025,1
0 days 01:18:42.370000,TSU,22,,3.0,2.0,0 days 01:16:01.530000,0 days 01:18:29.345000,0 days 00:00:52.547000,0 days 00:00:33.756000,0 days 00:01:16.617000,0 days 01:16:52.265000,0 days 01:17:25.807000,0 days 01:18:42.608000,48.0,212.0,,167.0,False,INTERMEDIATE,3.0,False,Racing Bulls,0 days 01:15:59.588000,,4,6.0,,,False,False,2025,1
0 days 01:21:17.581000,TSU,22,,4.0,3.0,0 days 01:18:44.490000,0 days 01:21:06.137000,0 days 00:00:50.759000,0 days 00:00:33.109000,0 days 00:01:11.327000,0 days 01:19:33.362000,0 days 01:20:06.448000,0 days 01:21:17.807000,91.0,272.0,,166.0,False,INTERMEDIATE,4.0,False,Racing Bulls,0 days 01:18:42.370000,,4,6.0,,,False,False,2025,1
0 days 01:23:39.022000,TSU,22,0 days 00:02:21.441000,5.0,4.0,0 days 01:21:19.691000,,0 days 00:00:49.721000,0 days 00:00:33.012000,0 days 00:00:58.708000,0 days 01:22:07.356000,0 days 01:22:40.368000,0 days 01:23:39.076000,90.0,274.0,197.0,187.0,False,INTERMEDIATE,5.0,False,Racing Bulls,0 days 01:21:17.581000,,4,6.0,,,False,False,2025,1
0 days 02:08:30.129000,TSU,22,0 days 00:01:50.651000,33.0,4.0,,0 days 02:08:13.310000,0 days 00:00:31.860000,0 days 00:00:19.027000,0 days 00:00:59.764000,0 days 02:07:11.392000,0 days 02:07:30.419000,0 days 02:08:30.183000,266.0,302.0,,281.0,False,INTERMEDIATE,33.0,False,Racing Bulls,0 days 02:06:39.478000,,124,6.0,,,False,False,2025,1
0 days 02:10:56.940000,TSU,22,0 days 00:02:26.811000,34.0,5.0,0 days 02:08:32.258000,,0 days 00:00:55.104000,0 days 00:00:43.265000,0 days 00:00:48.442000,0 days 02:09:25.287000,0 days 02:10:08.552000,0 days 02:10:56.994000,114.0,165.0,258.0,119.0,False,MEDIUM,1.0,True,Racing Bulls,0 days 02:08:30.129000,,4,6.0,,,False,False,2025,1
0 days 02:35:30.876000,TSU,22,,47.0,5.0,,0 days 02:35:13.664000,0 days 00:00:44.638000,0 days 00:00:33.072000,0 days 00:01:15.602000,0 days 02:33:42.454000,0 days 02:34:15.513000,0 days 02:35:31.069000,196.0,171.0,,183.0,False,MEDIUM,14.0,True,Racing Bulls,0 days 02:32:57.528000,,124,11.0,,,False,False,2025,1
0 days 02:37:27.162000,TSU,22,0 days 00:01:56.286000,48.0,6.0,0 days 02:35:32.932000,,0 days 00:00:44.076000,0 days 00:00:21.954000,0 days 00:00:50.256000,0 days 02:36:15.006000,0 days 02:36:36.960000,0 days 02:37:27.216000,232.0,276.0,247.0,183.0,False,INTERMEDIATE,1.0,True,Racing Bulls,0 days 02:35:30.876000,,4,11.0,,,False,False,2025,1
0 days 01:16:01.755000,ALB,23,,2.0,1.0,,0 days 01:15:48.835000,0 days 00:00:54.638000,0 days 00:00:35.482000,0 days 00:01:18.744000,0 days 01:14:07.749000,0 days 01:14:43.050000,0 days 01:16:01.889000,64.0,206.0,,192.0,False,INTERMEDIATE,2.0,True,Williams,0 days 01:13:12.809000,,4,7.0,,,False,False,2025,1
0 days 01:18:45.336000,ALB,23,,3.0,2.0,0 days 01:16:03.745000,0 days 01:18:31.238000,0 days 00:00:51.460000,0 days 00:00:35.308000,0 days 00:01:16.855000,0 days 01:16:53.359000,0 days 01:17:28.520000,0 days 01:18:45.532000,49.0,127.0,,160.0,False,INTERMEDIATE,1.0,True,Williams,0 days 01:16:01.755000,,4,7.0,,,False,False,2025,1
0 days 01:21:19.555000,ALB,23,,4.0,3.0,0 days 01:18:48.304000,0 days 01:21:07.775000,0 days 00:00:50.009000,0 days 00:00:33.111000,0 days 00:01:11.161000,0 days 01:19:35.390000,0 days 01:20:08.577000,0 days 01:21:19.792000,90.0,267.0,,186.0,False,INTERMEDIATE,2.0,False,Williams,0 days 01:18:45.336000,,4,7.0,,,False,False,2025,1
0 days 01:23:41.639000,ALB,23,0 days 00:02:22.084000,5.0,4.0,0 days 01:21:22.068000,,0 days 00:00:51.338000,0 days 00:00:30.169000,0 days 00:01:00.577000,0 days 01:22:10.932000,0 days 01:22:41.101000,0 days 01:23:41.678000,101.0,246.0,200.0,190.0,False,INTERMEDIATE,3.0,False,Williams,0 days 01:21:19.555000,,4,7.0,,,False,False,2025,1
0 days 02:08:30.736000,ALB,23,0 days 00:01:50.179000,33.0,4.0,,0 days 02:08:14.228000,0 days 00:00:31.780000,0 days 00:00:18.934000,0 days 00:00:59.465000,0 days 02:07:12.376000,0 days 02:07:31.310000,0 days 02:08:30.775000,270.0,304.0,,280.0,False,INTERMEDIATE,31.0,False,Williams,0 days 02:06:40.557000,,124,7.0,,,False,False,2025,1
0 days 02:10:58.208000,ALB,23,0 days 00:02:27.472000,34.0,5.0,0 days 02:08:32.903000,,0 days 00:00:55.333000,0 days 00:00:43.059000,0 days 00:00:49.080000,0 days 02:09:26.108000,0 days 02:10:09.167000,0 days 02:10:58.247000,120.0,169.0,279.0,116.0,False,MEDIUM,1.0,True,Williams,0 days 02:08:30.736000,,4,7.0,,,False,False,2025,1
0 days 02:29:58.439000,ALB,23,0 days 00:01:45.335000,44.0,5.0,,0 days 02:29:41.637000,0 days 00:00:29.876000,0 days 00:00:18.171000,0 days 00:00:57.288000,0 days 02:28:43.019000,0 days 02:29:01.190000,0 days 02:29:58.478000,276.0,317.0,,290.0,False,MEDIUM,11.0,True,Williams,0 days 02:28:13.104000,,12,9.0,,,False,False,2025,1
0 days 02:31:35.012000,ALB,23,0 days 00:01:36.573000,45.0,6.0,0 days 02:30:00.469000,,0 days 00:00:37.246000,0 days 00:00:18.881000,0 days 00:00:40.446000,0 days 02:30:35.724000,0 days 02:30:54.605000,0 days 02:31:35.051000,270.0,307.0,291.0,219.0,False,INTERMEDIATE,1.0,True,Williams,0 days 02:29:58.439000,,21,9.0,,,False,False,2025,1
0 days 01:16:11.323000,HUL,27,,2.0,1.0,,0 days 01:15:59.421000,0 days 00:00:54.941000,0 days 00:00:32.858000,0 days 00:01:21.599000,0 days 01:14:16.866000,0 days 01:14:49.728000,0 days 01:16:11.449000,86.0,160.0,,174.0,False,INTERMEDIATE,2.0,True,Kick Sauber,0 days 01:13:21.891000,,4,12.0,,,False,False,2025,1
0 days 01:18:55.515000,HUL,27,,3.0,2.0,0 days 01:16:14.730000,0 days 01:18:41.760000,0 days 00:00:51.306000,0 days 00:00:33.479000,0 days 00:01:19.438000,0 days 01:17:02.644000,0 days 01:17:36.077000,0 days 01:18:55.773000,107.0,114.0,,168.0,False,INTERMEDIATE,3.0,False,Kick Sauber,0 days 01:16:11.323000,,4,12.0,,,False,False,2025,1
0 days 01:21:30.571000,HUL,27,,4.0,3.0,0 days 01:18:57.772000,0 days 01:21:19.330000,0 days 00:00:50.322000,0 days 00:00:32.589000,0 days 00:01:12.226000,0 days 01:19:45.943000,0 days 01:20:18.523000,0 days 01:21:30.845000,96.0,215.0,,167.0,False,INTERMEDIATE,4.0,False,Kick Sauber,0 days 01:18:55.515000,,4,12.0,,,False,False,2025,1
0 days 01:23:49.629000,HUL,27,0 days 00:02:19.058000,5.0,4.0,0 days 01:21:33.532000,,0 days 00:00:49.793000,0 days 00:00:30.263000,0 days 00:00:59.002000,0 days 01:22:20.364000,0 days 01:22:50.627000,0 days 01:23:49.629000,124.0,256.0,170.0,180.0,False,INTERMEDIATE,5.0,False,Kick Sauber,0 days 01:21:30.571000,,4,12.0,,,False,False,2025,1
0 days 02:09:12.132000,HUL,27,0 days 00:02:05.643000,33.0,4.0,,0 days 02:08:53.146000,0 days 00:00:31.748000,0 days 00:00:27.040000,0 days 00:01:06.855000,0 days 02:07:38.237000,0 days 02:08:05.277000,0 days 02:09:12.132000,262.0,265.0,,291.0,False,INTERMEDIATE,33.0,False,Kick Sauber,0 days 02:07:06.489000,,124,12.0,,,False,False,2025,1
0 days 02:11:16.679000,HUL,27,0 days 00:02:04.547000,34.0,5.0,0 days 02:09:14.269000,,0 days 00:00:47.723000,0 days 00:00:29.614000,0 days 00:00:47.210000,0 days 02:09:59.855000,0 days 02:10:29.469000,0 days 02:11:16.679000,165.0,270.0,248.0,160.0,False,MEDIUM,1.0,True,Kick Sauber,0 days 02:09:12.132000,,4,12.0,,,False,False,2025,1
0 days 02:30:04.352000,HUL,27,0 days 00:01:46.696000,44.0,5.0,,0 days 02:29:46.305000,0 days 00:00:30.497000,0 days 00:00:18.959000,0 days 00:00:57.240000,0 days 02:28:48.153000,0 days 02:29:07.112000,0 days 02:30:04.352000,259.0,290.0,,293.0,False,MEDIUM,11.0,True,Kick Sauber,0 days 02:28:17.656000,,12,12.0,,,False,False,2025,1
0 days 02:31:41.489000,HUL,27,0 days 00:01:37.137000,45.0,6.0,0 days 02:30:06.468000,,0 days 00:00:37.709000,0 days 00:00:19.258000,0 days 00:00:40.170000,0 days 02:30:42.061000,0 days 02:31:01.319000,0 days 02:31:41.489000,265.0,291.0,287.0,211.0,False,INTERMEDIATE,1.0,True,Kick Sauber,0 days 02:30:04.352000,,21,12.0,,,False,False,2025,1
0 days 01:13:29.452000,LAW,30,0 days 00:02:28.795000,1.0,1.0,0 days 01:11:10.858000,,,0 days 00:00:30.971000,0 days 00:01:04.122000,,0 days 01:12:25.489000,0 days 01:13:29.501000,212.0,130.0,189.0,188.0,False,INTERMEDIATE,1.0,False,Red Bull Racing,0 days 01:11:00.355000,,124,16.0,,,False,False,2025,1
0 days 01:16:18.867000,LAW,30,,2.0,1.0,,0 days 01:16:07.402000,0 days 00:00:55.833000,0 days 00:00:30.350000,0 days 00:01:23.116000,0 days 01:14:25.512000,0 days 01:14:55.812000,0 days 01:16:18.916000,60.0,165.0,,163.0,False,INTERMEDIATE,2.0,False,Red Bull Racing,0 days 01:13:29.452000,,4,16.0,,,False,False,2025,1
0 days 01:19:04.190000,LAW,30,,3.0,2.0,0 days 01:16:22.171000,0 days 01:18:50.242000,0 days 00:00:50.966000,0 days 00:00:32.077000,0 days 00:01:22.298000,0 days 01:17:09.864000,0 days 01:17:41.947000,0 days 01:19:04.271000,168.0,162.0,,169.0,False,INTERMEDIATE,3.0,False,Red Bull Racing,0 days 01:16:18.867000,,4,16.0,,,False,False,2025,1
0 days 01:21:44.420000,LAW,30,,4.0,3.0,0 days 01:19:06.403000,0 days 01:21:27.905000,0 days 00:00:50.211000,0 days 00:00:29.835000,0 days 00:01:20.347000,0 days 01:19:54.432000,0 days 01:20:24.330000,0 days 01:21:44.535000,90.0,151.0,,175.0,False,INTERMEDIATE,1.0,False,Red Bull Racing,0 days 01:19:04.190000,,4,16.0,,,False,False,2025,1
0 days 01:23:55.713000,LAW,30,0 days 00:02:11.293000,5.0,4.0,0 days 01:21:46.674000,,0 days 00:00:49.874000,0 days 00:00:23.666000,0 days 00:00:57.753000,0 days 01:22:34.343000,0 days 01:22:58.009000,0 days 01:23:55.762000,102.0,272.0,143.0,148.0,False,INTERMEDIATE,4.0,False,Red Bull Racing,0 days 01:21:44.420000,,4,16.0,,,False,False,2025,1
0 days 02:09:28.402000,LAW,30,0 days 00:02:08.342000,33.0,4.0,,0 days 02:09:10.507000,0 days 00:00:33.470000,0 days 00:00:30.518000,0 days 00:01:04.354000,0 days 02:07:53.579000,0 days 02:08:24.097000,0 days 02:09:28.451000,106.0,228.0,,277.0,False,INTERMEDIATE,32.0,False,Red Bull Racing,0 days 02:07:20.060000,,124,15.0,,,False,False,2025,1
0 days 02:11:32.677000,LAW,30,0 days 00:02:04.275000,34.0,5.0,0 days 02:09:30.536000,,0 days 00:00:46.181000,0 days 00:00:29.653000,0 days 00:00:48.441000,0 days 02:10:14.632000,0 days 02:10:44.285000,0 days 02:11:32.726000,246.0,275.0,249.0,155.0,False,MEDIUM,1.0,True,Red Bull Racing,0 days 02:09:28.402000,,4,16.0,,,False,False,2025,1
0 days 01:16:16.308000,OCO,31,,2.0,1.0,,0 days 01:16:05.054000,0 days 00:00:55.831000,0 days 00:00:31.695000,0 days 00:01:22.393000,0 days 01:14:22.397000,0 days 01:14:53.969000,0 days 01:16:16.579000,65.0,214.0,,156.0,False,INTERMEDIATE,2.0,True,Haas F1 Team,0 days 01:13:26.359000,,4,15.0,,,False,False,2025,1
0 days 01:19:01.413000,OCO,31,,3.0,2.0,0 days 01:16:19.513000,0 days 01:18:47.469000,0 days 00:00:51.532000,0 days 00:00:32.008000,0 days 00:01:21.531000,0 days 01:17:07.928000,0 days 01:17:39.973000,0 days 01:19:01.680000,119.0,126.0,,155.0,False,INTERMEDIATE,3.0,False,Haas F1 Team,0 days 01:16:16.308000,,4,15.0,,,False,False,2025,1
0 days 01:21:43.543000,OCO,31,,4.0,3.0,0 days 01:19:04.029000,0 days 01:21:25.943000,0 days 00:00:50.497000,0 days 00:00:30.586000,0 days 00:01:21.109000,0 days 01:19:51.945000,0 days 01:20:22.594000,0 days 01:21:43.632000,77.0,187.0,,179.0,False,INTERMEDIATE,4.0,False,Haas F1 Team,0 days 01:19:01.413000,,4,15.0,,,False,False,2025,1
0 days 01:23:54.071000,OCO,31,0 days 00:02:10.528000,5.0,4.0,0 days 01:21:45.607000,,0 days 00:00:48.221000,0 days 00:00:25.144000,0 days 00:00:57.163000,0 days 01:22:31.818000,0 days 01:22:56.962000,0 days 01:23:54.125000,93.0,250.0,133.0,184.0,False,INTERMEDIATE,1.0,True,Haas F1 Team,0 days 01:21:43.543000,,4,15.0,,,False,False,2025,1
0 days 02:22:54.359000,OCO,31,0 days 00:02:04.201000,39.0,4.0,,0 days 02:22:37.662000,0 days 00:00:42.286000,0 days 00:00:21.998000,0 days 00:00:59.917000,0 days 02:21:32.498000,0 days 02:21:54.496000,0 days 02:22:54.413000,232.0,255.0,,169.0,False,INTERMEDIATE,35.0,True,Haas F1 Team,0 days 02:20:50.158000,,4,15.0,,,False,False,2025,1
0 days 02:24:36.394000,OCO,31,0 days 00:01:42.035000,40.0,5.0,0 days 02:22:56.609000,,0 days 00:00:42.369000,0 days 00:00:20.285000,0 days 00:00:39.381000,0 days 02:23:36.782000,0 days 02:23:57.067000,0 days 02:24:36.448000,244.0,283.0,280.0,180.0,False,MEDIUM,1.0,True,Haas F1 Team,0 days 02:22:54.359000,,4,15.0,,,False,False,2025,1
0 days 02:34:32.580000,OCO,31,0 days 00:02:21.745000,46.0,5.0,,0 days 02:34:14.801000,0 days 00:00:40.828000,0 days 00:00:23.639000,0 days 00:01:17.278000,0 days 02:32:51.717000,0 days 02:33:15.356000,0 days 02:34:32.634000,233.0,205.0,,227.0,False,MEDIUM,7.0,True,Haas F1 Team,0 days 02:32:10.835000,,124,13.0,,,False,False,2025,1
0 days 02:36:39.806000,OCO,31,0 days 00:02:07.226000,47.0,6.0,0 days 02:34:34.762000,,0 days 00:00:52.325000,0 days 00:00:26.250000,0 days 00:00:48.651000,0 days 02:35:24.959000,0 days 02:35:51.209000,0 days 02:36:39.860000,138.0,264.0,274.0,190.0,False,INTERMEDIATE,1.0,True,Haas F1 Team,0 days 02:34:32.580000,,4,12.0,,,False,False,2025,1
0 days 01:15:47.663000,NOR,4,,2.0,1.0,,0 days 01:15:36.644000,0 days 00:00:58.907000,0 days 00:00:38.076000,0 days 00:01:12.905000,0 days 01:13:56.774000,0 days 01:14:34.847000,0 days 01:15:47.721000,68.0,223.0,,242.0,False,INTERMEDIATE,2.0,True,McLaren,0 days 01:12:57.726000,,4,1.0,,,False,False,2025,1
0 days 01:18:29.359000,NOR,4,,3.0,2.0,0 days 01:15:50.143000,0 days 01:18:18.691000,0 days 00:00:56.498000,0 days 00:00:34.215000,0 days 00:01:11.010000,0 days 01:16:44.192000,0 days 01:17:18.529000,0 days 01:18:29.450000,84.0,149.0,,184.0,False,INTERMEDIATE,3.0,False,McLaren,0 days 01:15:47.663000,,4,1.0,,,False,False,2025,1
0 days 01:21:05.355000,NOR,4,,4.0,3.0,0 days 01:18:31.544000,0 days 01:20:54.690000,0 days 00:00:55.356000,0 days 00:00:32.664000,0 days 00:01:08.033000,0 days 01:19:24.745000,0 days 01:19:57.424000,0 days 01:21:05.559000,83.0,239.0,,188.0,False,INTERMEDIATE,4.0,False,McLaren,0 days 01:18:29.359000,,4,1.0,,,False,False,2025,1
0 days 01:23:29.003000,NOR,4,0 days 00:02:23.648000,5.0,4.0,0 days 01:21:07.473000,,0 days 00:00:53.992000,0 days 00:00:31.669000,0 days 00:00:57.987000,0 days 01:21:59.405000,0 days 01:22:31.074000,0 days 01:23:29.061000,89.0,144.0,260.0,186.0,False,INTERMEDIATE,5.0,False,McLaren,0 days 01:21:05.355000,,4,1.0,,,False,False,2025,1
0 days 02:09:16.412000,NOR,4,0 days 00:02:02.273000,34.0,4.0,,0 days 02:09:00.096000,0 days 00:00:30.897000,0 days 00:00:28.566000,0 days 00:01:02.810000,0 days 02:07:45.094000,0 days 02:08:13.660000,0 days 02:09:16.470000,267.0,212.0,,294.0,False,INTERMEDIATE,34.0,False,McLaren,0 days 02:07:14.139000,,124,1.0,,,False,False,2025,1
0 days 02:11:19.860000,NOR,4,0 days 00:02:03.448000,35.0,5.0,0 days 02:09:18.613000,,0 days 00:00:46.512000,0 days 00:00:32.868000,0 days 00:00:44.068000,0 days 02:10:02.982000,0 days 02:10:35.850000,0 days 02:11:19.918000,244.0,245.0,270.0,179.0,False,HARD,2.0,False,McLaren,0 days 02:09:16.412000,,4,1.0,,,False,False,2025,1
0 days 02:29:49.173000,NOR,4,0 days 00:01:45.587000,44.0,5.0,,0 days 02:29:33.442000,0 days 00:00:28.841000,0 days 00:00:18.581000,0 days 00:00:58.165000,0 days 02:28:32.485000,0 days 02:28:51.066000,0 days 02:29:49.231000,272.0,289.0,,305.0,False,HARD,11.0,False,McLaren,0 days 02:28:03.586000,,12,6.0,,,False,False,2025,1
0 days 02:31:25.580000,NOR,4,0 days 00:01:36.407000,45.0,6.0,0 days 02:29:51.347000,,0 days 00:00:37.170000,0 days 00:00:18.913000,0 days 00:00:40.324000,0 days 02:30:26.401000,0 days 02:30:45.314000,0 days 02:31:25.638000,273.0,297.0,299.0,223.0,False,INTERMEDIATE,1.0,True,McLaren,0 days 02:29:49.173000,,21,6.0,,,False,False,2025,1
0 days 01:16:03.467000,HAM,44,,2.0,1.0,,0 days 01:15:51.246000,0 days 00:00:55.534000,0 days 00:00:35.740000,0 days 00:01:18.634000,0 days 01:14:09.216000,0 days 01:14:44.901000,0 days 01:16:03.522000,63.0,187.0,,202.0,False,INTERMEDIATE,2.0,True,Ferrari,0 days 01:13:13.605000,,4,8.0,,,False,False,2025,1
0 days 01:18:47.223000,HAM,44,,3.0,2.0,0 days 01:16:05.978000,0 days 01:18:33.930000,0 days 00:00:50.598000,0 days 00:00:35.108000,0 days 00:01:18.107000,0 days 01:16:54.180000,0 days 01:17:29.171000,0 days 01:18:47.469000,48.0,157.0,,185.0,False,INTERMEDIATE,3.0,False,Ferrari,0 days 01:16:03.467000,,4,8.0,,,False,False,2025,1
0 days 01:21:21.296000,HAM,44,,4.0,3.0,0 days 01:18:50.272000,0 days 01:21:09.633000,0 days 00:00:49.775000,0 days 00:00:32.493000,0 days 00:01:11.832000,0 days 01:19:37.168000,0 days 01:20:09.609000,0 days 01:21:21.519000,98.0,256.0,,193.0,False,INTERMEDIATE,4.0,False,Ferrari,0 days 01:18:47.223000,,4,8.0,,,False,False,2025,1
0 days 01:23:43.068000,HAM,44,0 days 00:02:21.772000,5.0,4.0,0 days 01:21:24.483000,,0 days 00:00:51.182000,0 days 00:00:31.506000,0 days 00:00:59.084000,0 days 01:22:12.533000,0 days 01:22:44.039000,0 days 01:23:43.123000,101.0,256.0,200.0,181.0,False,INTERMEDIATE,5.0,False,Ferrari,0 days 01:21:21.296000,,4,8.0,,,False,False,2025,1
0 days 02:08:32.483000,HAM,44,0 days 00:01:50.479000,33.0,4.0,,0 days 02:08:16.061000,0 days 00:00:31.722000,0 days 00:00:19.152000,0 days 00:00:59.605000,0 days 02:07:13.781000,0 days 02:07:32.933000,0 days 02:08:32.538000,263.0,300.0,,292.0,False,INTERMEDIATE,33.0,False,Ferrari,0 days 02:06:42.004000,,124,8.0,,,False,False,2025,1
0 days 02:10:59.368000,HAM,44,0 days 00:02:26.885000,34.0,5.0,0 days 02:08:34.670000,,0 days 00:00:54.802000,0 days 00:00:42.626000,0 days 00:00:49.457000,0 days 02:09:27.340000,0 days 02:10:09.966000,0 days 02:10:59.423000,95.0,134.0,251.0,142.0,False,HARD,2.0,False,Ferrari,0 days 02:08:32.483000,,4,8.0,,,False,False,2025,1
0 days 02:35:23.425000,HAM,44,,47.0,5.0,,0 days 02:35:04.708000,0 days 00:00:43.851000,0 days 00:00:29.959000,0 days 00:01:16.885000,0 days 02:33:36.756000,0 days 02:34:06.595000,0 days 02:35:23.608000,211.0,170.0,,198.0,False,HARD,15.0,False,Ferrari,0 days 02:32:52.732000,,124,9.0,,,False,False,2025,1
0 days 02:37:22.644000,HAM,44,0 days 00:01:59.219000,48.0,6.0,0 days 02:35:25.627000,,0 days 00:00:44.112000,0 days 00:00:22.186000,0 days 00:00:52.921000,0 days 02:36:07.592000,0 days 02:36:29.778000,0 days 02:37:22.699000,237.0,262.0,185.0,190.0,False,INTERMEDIATE,1.0,True,Ferrari,0 days 02:35:23.425000,,4,9.0,,,False,False,2025,1
0 days 01:16:14.333000,BOR,5,,2.0,1.0,,0 days 01:16:03.063000,0 days 00:00:55.049000,0 days 00:00:32.292000,0 days 00:01:22.231000,0 days 01:14:19.953000,0 days 01:14:52.153000,0 days 01:16:14.446000,84.0,191.0,,169.0,False,INTERMEDIATE,2.0,True,Kick Sauber,0 days 01:13:24.739000,,4,14.0,,,False,False,2025,1
0 days 01:18:59.555000,BOR,5,,3.0,2.0,0 days 01:16:17.705000,0 days 01:18:45.520000,0 days 00:00:51.090000,0 days 00:00:32.707000,0 days 00:01:21.420000,0 days 01:17:05.479000,0 days 01:17:38.186000,0 days 01:18:59.629000,94.0,135.0,,167.0,False,INTERMEDIATE,3.0,False,Kick Sauber,0 days 01:16:14.333000,,4,14.0,,,False,False,2025,1
0 days 01:21:34.266000,BOR,5,,4.0,3.0,0 days 01:19:01.883000,0 days 01:21:23.257000,0 days 00:00:49.090000,0 days 00:00:32.645000,0 days 00:01:13.087000,0 days 01:19:48.656000,0 days 01:20:21.391000,0 days 01:21:34.451000,101.0,161.0,,184.0,False,INTERMEDIATE,4.0,False,Kick Sauber,0 days 01:18:59.555000,,4,14.0,,,False,False,2025,1
0 days 01:23:52.582000,BOR,5,0 days 00:02:18.316000,5.0,4.0,0 days 01:21:37.664000,,0 days 00:00:49.203000,0 days 00:00:29.928000,0 days 00:00:59.185000,0 days 01:22:23.520000,0 days 01:22:53.448000,0 days 01:23:52.633000,133.0,257.0,157.0,158.0,False,INTERMEDIATE,5.0,False,Kick Sauber,0 days 01:21:34.266000,,4,14.0,,,False,False,2025,1
0 days 02:09:21.102000,BOR,5,0 days 00:02:10.326000,33.0,4.0,,0 days 02:08:59.204000,0 days 00:00:32.229000,0 days 00:00:26.932000,0 days 00:01:11.165000,0 days 02:07:43.056000,0 days 02:08:09.988000,0 days 02:09:21.153000,262.0,220.0,,290.0,False,INTERMEDIATE,33.0,False,Kick Sauber,0 days 02:07:10.776000,,124,13.0,,,False,False,2025,1
0 days 02:11:25.658000,BOR,5,0 days 00:02:04.556000,34.0,5.0,0 days 02:09:23.220000,,0 days 00:00:46.489000,0 days 00:00:29.834000,0 days 00:00:48.233000,0 days 02:10:07.642000,0 days 02:10:37.476000,0 days 02:11:25.709000,228.0,233.0,245.0,159.0,False,MEDIUM,1.0,True,Kick Sauber,0 days 02:09:21.102000,,4,13.0,,,False,False,2025,1
0 days 02:30:19.994000,BOR,5,0 days 00:01:52.582000,44.0,5.0,,0 days 02:29:55.899000,0 days 00:00:30.251000,0 days 00:00:18.627000,0 days 00:01:03.704000,0 days 02:28:57.714000,0 days 02:29:16.341000,0 days 02:30:20.045000,264.0,290.0,,265.0,False,MEDIUM,11.0,True,Kick Sauber,0 days 02:28:27.412000,,12,13.0,,,False,False,2025,1
0 days 02:31:56.249000,BOR,5,0 days 00:01:36.255000,45.0,6.0,0 days 02:30:21.968000,,0 days 00:00:37.176000,0 days 00:00:19.099000,0 days 00:00:39.980000,0 days 02:30:57.221000,0 days 02:31:16.320000,0 days 02:31:56.300000,261.0,281.0,285.0,209.0,False,INTERMEDIATE,1.0,True,Kick Sauber,0 days 02:30:19.994000,,21,13.0,,,False,False,2025,1
0 days 01:15:53.439000,RUS,63,,2.0,1.0,,0 days 01:15:41.818000,0 days 00:00:57.443000,0 days 00:00:36.070000,0 days 00:01:14.613000,0 days 01:14:02.911000,0 days 01:14:38.887000,0 days 01:15:53.515000,65.0,219.0,,181.0,False,INTERMEDIATE,2.0,True,Mercedes,0 days 01:13:05.317000,,4,4.0,,,False,False,2025,1
0 days 01:18:35.888000,RUS,63,,3.0,2.0,0 days 01:15:55.644000,0 days 01:18:23.749000,0 days 00:00:55.842000,0 days 00:00:33.693000,0 days 00:01:12.902000,0 days 01:16:49.373000,0 days 01:17:23.070000,0 days 01:18:35.949000,54.0,223.0,,148.0,False,INTERMEDIATE,3.0,False,Mercedes,0 days 01:15:53.439000,,4,4.0,,,False,False,2025,1
0 days 01:21:12.306000,RUS,63,,4.0,3.0,0 days 01:18:37.950000,0 days 01:21:00.668000,0 days 00:00:53.578000,0 days 00:00:32.777000,0 days 00:01:10.152000,0 days 01:19:29.479000,0 days 01:20:02.215000,0 days 01:21:12.491000,95.0,223.0,,169.0,False,INTERMEDIATE,4.0,False,Mercedes,0 days 01:18:35.888000,,4,4.0,,,False,False,2025,1
0 days 01:23:34.018000,RUS,63,0 days 00:02:21.712000,5.0,4.0,0 days 01:21:14.431000,,0 days 00:00:51.373000,0 days 00:00:31.913000,0 days 00:00:58.426000,0 days 01:22:03.740000,0 days 01:22:35.653000,0 days 01:23:34.079000,88.0,226.0,250.0,185.0,False,INTERMEDIATE,5.0,False,Mercedes,0 days 01:21:12.306000,,4,4.0,,,False,False,2025,1
0 days 02:10:03.018000,RUS,63,0 days 00:02:15.518000,34.0,4.0,,0 days 02:09:45.950000,0 days 00:00:42.826000,0 days 00:00:28.443000,0 days 00:01:04.249000,0 days 02:08:30.387000,0 days 02:08:58.830000,0 days 02:10:03.079000,193.0,286.0,,121.0,False,INTERMEDIATE,34.0,False,Mercedes,0 days 02:07:47.500000,,4,4.0,,,False,False,2025,1
0 days 02:12:08.999000,RUS,63,0 days 00:02:05.981000,35.0,5.0,0 days 02:10:05.197000,,0 days 00:00:49.054000,0 days 00:00:30.229000,0 days 00:00:46.698000,0 days 02:10:52.133000,0 days 02:11:22.362000,0 days 02:12:09.060000,200.0,295.0,278.0,159.0,False,HARD,1.0,True,Mercedes,0 days 02:10:03.018000,,4,4.0,,,False,False,2025,1
0 days 02:29:57.391000,RUS,63,0 days 00:01:46.238000,44.0,5.0,,0 days 02:29:40.154000,0 days 00:00:29.685000,0 days 00:00:18.585000,0 days 00:00:57.968000,0 days 02:28:40.899000,0 days 02:28:59.484000,0 days 02:29:57.452000,274.0,287.0,,304.0,False,HARD,10.0,True,Mercedes,0 days 02:28:11.153000,,12,8.0,,,False,False,2025,1
0 days 02:31:33.721000,RUS,63,0 days 00:01:36.330000,45.0,6.0,0 days 02:29:59.594000,,0 days 00:00:37.662000,0 days 00:00:18.989000,0 days 00:00:39.679000,0 days 02:30:35.114000,0 days 02:30:54.103000,0 days 02:31:33.782000,266.0,284.0,291.0,224.0,False,INTERMEDIATE,1.0,True,Mercedes,0 days 02:29:57.391000,,21,8.0,,,False,False,2025,1
0 days 01:15:50.986000,PIA,81,,2.0,1.0,,0 days 01:15:40.060000,0 days 00:00:58.462000,0 days 00:00:37.621000,0 days 00:01:13.460000,0 days 01:14:00.139000,0 days 01:14:37.662000,0 days 01:15:51.065000,67.0,197.0,,191.0,False,INTERMEDIATE,2.0,True,McLaren,0 days 01:13:01.467000,,4,3.0,,,False,False,2025,1
0 days 01:18:33.336000,PIA,81,,3.0,2.0,0 days 01:15:53.106000,0 days 01:18:21.675000,0 days 00:00:56.776000,0 days 00:00:33.402000,0 days 00:01:12.129000,0 days 01:16:47.888000,0 days 01:17:21.286000,0 days 01:18:33.504000,61.0,233.0,,163.0,False,INTERMEDIATE,3.0,False,McLaren,0 days 01:15:50.986000,,4,3.0,,,False,False,2025,1
0 days 01:21:08.974000,PIA,81,,4.0,3.0,0 days 01:18:35.632000,0 days 01:20:58.263000,0 days 00:00:54.050000,0 days 00:00:33.430000,0 days 00:01:08.245000,0 days 01:19:27.526000,0 days 01:20:00.922000,0 days 01:21:09.117000,96.0,233.0,,160.0,False,INTERMEDIATE,4.0,False,McLaren,0 days 01:18:33.336000,,4,3.0,,,False,False,2025,1
0 days 01:23:32.129000,PIA,81,0 days 00:02:23.155000,5.0,4.0,0 days 01:21:11.064000,,0 days 00:00:53.433000,0 days 00:00:32.176000,0 days 00:00:57.546000,0 days 01:22:02.486000,0 days 01:22:34.662000,0 days 01:23:32.208000,87.0,199.0,252.0,189.0,False,INTERMEDIATE,5.0,False,McLaren,0 days 01:21:08.974000,,4,3.0,,,False,False,2025,1
0 days 02:09:24.597000,PIA,81,0 days 00:02:07.025000,34.0,4.0,,0 days 02:09:07.101000,0 days 00:00:31.271000,0 days 00:00:30.119000,0 days 00:01:05.635000,0 days 02:07:48.922000,0 days 02:08:19.041000,0 days 02:09:24.676000,247.0,226.0,,294.0,False,INTERMEDIATE,34.0,False,McLaren,0 days 02:07:17.572000,,124,2.0,,,False,False,2025,1
0 days 02:11:28.378000,PIA,81,0 days 00:02:03.781000,35.0,5.0,0 days 02:09:26.718000,,0 days 00:00:46.738000,0 days 00:00:30.477000,0 days 00:00:46.566000,0 days 02:10:11.414000,0 days 02:10:41.891000,0 days 02:11:28.457000,209.0,264.0,280.0,170.0,False,HARD,2.0,False,McLaren,0 days 02:09:24.597000,,4,2.0,,,False,False,2025,1
0 days 02:31:17.415000,PIA,81,,44.0,5.0,,0 days 02:30:59.848000,0 days 00:00:28.917000,0 days 00:00:18.393000,,0 days 02:28:35.366000,0 days 02:28:53.797000,,276.0,290.0,,302.0,False,HARD,11.0,False,McLaren,0 days 02:28:06.358000,,12,15.0,,,False,False,2025,1
0 days 02:32:55.599000,PIA,81,0 days 00:01:38.184000,45.0,6.0,0 days 02:31:19.599000,,0 days 00:00:36.775000,0 days 00:00:19.084000,0 days 00:00:42.325000,0 days 02:31:54.269000,0 days 02:32:13.353000,0 days 02:32:55.678000,263.0,285.0,295.0,216.0,False,INTERMEDIATE,1.0,True,McLaren,0 days 02:31:17.415000,,1,15.0,,,False,False,2025,1
0 days 01:13:29.913000,BEA,87,0 days 00:02:29.413000,1.0,1.0,0 days 01:11:12.042000,,,0 days 00:00:32.850000,0 days 00:01:01.402000,,0 days 01:12:28.685000,0 days 01:13:29.976000,133.0,189.0,203.0,170.0,False,INTERMEDIATE,1.0,False,Haas F1 Team,0 days 01:11:00.355000,,124,17.0,,,False,False,2025,1
0 days 01:16:19.855000,BEA,87,,2.0,1.0,,0 days 01:16:08.478000,0 days 00:00:56.636000,0 days 00:00:30.377000,0 days 00:01:22.785000,0 days 01:14:26.756000,0 days 01:14:57.153000,0 days 01:16:20.133000,55.0,178.0,,142.0,False,INTERMEDIATE,2.0,False,Haas F1 Team,0 days 01:13:29.913000,,4,17.0,,,False,False,2025,1
0 days 01:19:05.266000,BEA,87,,3.0,2.0,0 days 01:16:23.180000,0 days 01:18:51.042000,0 days 00:00:51.619000,0 days 00:00:31.436000,0 days 00:01:22.324000,0 days 01:17:11.672000,0 days 01:17:43.061000,0 days 01:19:05.329000,117.0,149.0,,122.0,False,INTERMEDIATE,3.0,False,Haas F1 Team,0 days 01:16:19.855000,,4,17.0,,,False,False,2025,1
0 days 01:21:50.926000,BEA,87,,4.0,3.0,0 days 01:19:07.407000,0 days 01:21:30.664000,0 days 00:00:50.200000,0 days 00:00:29.524000,0 days 00:01:26.020000,0 days 01:19:55.564000,0 days 01:20:24.969000,0 days 01:21:51.078000,92.0,100.0,,123.0,False,INTERMEDIATE,4.0,False,Haas F1 Team,0 days 01:19:05.266000,,4,17.0,,,False,False,2025,1
0 days 01:23:56.338000,BEA,87,0 days 00:02:05.412000,5.0,4.0,0 days 01:21:52.962000,,0 days 00:00:45.526000,0 days 00:00:23.469000,0 days 00:00:56.417000,0 days 01:22:36.515000,0 days 01:22:59.984000,0 days 01:23:56.401000,150.0,261.0,137.0,179.0,False,INTERMEDIATE,1.0,False,Haas F1 Team,0 days 01:21:50.926000,,4,17.0,,,False,False,2025,1
0 days 02:23:03.212000,BEA,87,0 days 00:02:10.476000,39.0,4.0,,0 days 02:22:42.794000,0 days 00:00:43.905000,0 days 00:00:23.897000,0 days 00:01:02.674000,0 days 02:21:36.704000,0 days 02:22:00.601000,0 days 02:23:03.275000,172.0,283.0,,207.0,False,INTERMEDIATE,35.0,False,Haas F1 Team,0 days 02:20:52.736000,,4,16.0,,,False,False,2025,1
0 days 02:24:57.034000,BEA,87,0 days 00:01:53.822000,40.0,5.0,0 days 02:23:05.453000,,0 days 00:00:47.593000,0 days 00:00:25.942000,0 days 00:00:40.287000,0 days 02:23:50.868000,0 days 02:24:16.810000,0 days 02:24:57.097000,146.0,253.0,280.0,176.0,False,MEDIUM,,True,Haas F1 Team,0 days 02:23:03.212000,,4,16.0,,,False,False,2025,1
0 days 02:31:27.804000,BEA,87,0 days 00:02:02.961000,44.0,5.0,,0 days 02:31:10.506000,0 days 00:00:30.419000,0 days 00:00:19.282000,0 days 00:01:13.260000,0 days 02:29:55.325000,0 days 02:30:14.607000,0 days 02:31:27.867000,268.0,292.0,,278.0,False,MEDIUM,,True,Haas F1 Team,0 days 02:29:24.843000,,12,16.0,,,False,False,2025,1
0 days 02:33:09.581000,BEA,87,0 days 00:01:41.777000,45.0,6.0,0 days 02:31:29.994000,,0 days 00:00:38.459000,0 days 00:00:19.274000,0 days 00:00:44.044000,0 days 02:32:06.326000,0 days 02:32:25.600000,0 days 02:33:09.644000,269.0,247.0,280.0,219.0,False,INTERMEDIATE,1.0,True,Haas F1 Team,0 days 02:31:27.804000,,1,16.0,,,False,False,2025,1
0 days 01:21:59.213000,PIA,81,0 days 00:01:42.626000,14.0,1.0,,0 days 01:21:57.540000,0 days 00:00:26.250000,0 days 00:00:29.472000,0 days 00:00:46.904000,0 days 01:20:42.958000,0 days 01:21:12.430000,0 days 01:21:59.334000,273.0,271.0,,313.0,False,MEDIUM,14.0,True,McLaren,0 days 01:20:16.587000,,1,2.0,,,False,False,2025,2
0 days 01:23:56.743000,PIA,81,0 days 00:01:57.530000,15.0,2.0,0 days 01:22:21.395000,,0 days 00:00:45.661000,0 days 00:00:29.730000,0 days 00:00:42.139000,0 days 01:22:44.995000,0 days 01:23:14.725000,0 days 01:23:56.864000,278.0,269.0,258.0,312.0,False,HARD,1.0,True,McLaren,0 days 01:21:59.213000,,1,4.0,,,False,False,2025,2
0 days 01:23:40.785000,NOR,4,0 days 00:01:43.269000,15.0,1.0,,0 days 01:23:39.074000,0 days 00:00:26.264000,0 days 00:00:29.807000,0 days 00:00:47.198000,0 days 01:22:23.847000,0 days 01:22:53.654000,0 days 01:23:40.852000,275.0,269.0,,314.0,False,MEDIUM,15.0,True,McLaren,0 days 01:21:57.516000,,1,1.0,,,False,False,2025,2
0 days 01:25:36.442000,NOR,4,0 days 00:01:55.657000,16.0,2.0,0 days 01:24:01.276000,,0 days 00:00:44.416000,0 days 00:00:29.743000,0 days 00:00:41.498000,0 days 01:24:25.268000,0 days 01:24:55.011000,0 days 01:25:36.509000,285.0,270.0,266.0,333.0,False,HARD,1.0,True,McLaren,0 days 01:23:40.785000,,1,4.0,,,False,False,2025,2
0 days 01:22:04.745000,RUS,63,0 days 00:01:43.046000,14.0,1.0,,0 days 01:22:03.037000,0 days 00:00:26.408000,0 days 00:00:29.768000,0 days 00:00:46.870000,0 days 01:20:48.185000,0 days 01:21:17.953000,0 days 01:22:04.823000,276.0,271.0,,317.0,False,MEDIUM,14.0,True,Mercedes,0 days 01:20:21.699000,,1,4.0,,,False,False,2025,2
0 days 01:23:58.981000,RUS,63,0 days 00:01:54.236000,15.0,2.0,0 days 01:22:25.322000,,0 days 00:00:44.081000,0 days 00:00:29.162000,0 days 00:00:40.993000,0 days 01:22:48.904000,0 days 01:23:18.066000,0 days 01:23:59.059000,285.0,275.0,266.0,345.0,False,HARD,1.0,True,Mercedes,0 days 01:22:04.745000,,1,6.0,,,False,False,2025,2
0 days 01:20:34.705000,VER,1,0 days 00:01:42.610000,13.0,1.0,,0 days 01:20:33.047000,0 days 00:00:26.203000,0 days 00:00:29.569000,0 days 00:00:46.838000,0 days 01:19:18.385000,0 days 01:19:47.954000,0 days 01:20:34.792000,279.0,270.0,,315.0,False,MEDIUM,13.0,True,Red Bull Racing,0 days 01:18:52.095000,,1,6.0,,,False,False,2025,2
0 days 01:22:29.957000,VER,1,0 days 00:01:55.252000,14.0,2.0,0 days 01:20:55.521000,,0 days 00:00:44.159000,0 days 00:00:29.214000,0 days 00:00:41.879000,0 days 01:21:18.951000,0 days 01:21:48.165000,0 days 01:22:30.044000,278.0,269.0,259.0,312.0,False,HARD,1.0,True,Red Bull Racing,0 days 01:20:34.705000,,1,11.0,,,False,False,2025,2
0 days 01:17:24.087000,OCO,31,0 days 00:01:44.123000,11.0,1.0,,0 days 01:17:22.490000,0 days 00:00:26.414000,0 days 00:00:30.152000,0 days 00:00:47.557000,0 days 01:16:06.416000,0 days 01:16:36.568000,0 days 01:17:24.125000,276.0,266.0,,330.0,False,MEDIUM,11.0,True,Haas F1 Team,0 days 01:15:39.964000,,1,13.0,,,False,False,2025,2
0 days 01:19:19.144000,OCO,31,0 days 00:01:55.057000,12.0,2.0,0 days 01:17:45.530000,,0 days 00:00:44.740000,0 days 00:00:28.926000,0 days 00:00:41.391000,0 days 01:18:08.865000,0 days 01:18:37.791000,0 days 01:19:19.182000,276.0,272.0,260.0,324.0,False,HARD,1.0,True,Haas F1 Team,0 days 01:17:24.087000,,1,16.0,,,False,False,2025,2
0 days 01:18:59.540000,ANT,12,0 days 00:01:44.270000,12.0,1.0,,0 days 01:18:57.833000,0 days 00:00:26.501000,0 days 00:00:30.206000,0 days 00:00:47.563000,0 days 01:17:41.828000,0 days 01:18:12.034000,0 days 01:18:59.597000,273.0,266.0,,317.0,False,MEDIUM,12.0,True,Mercedes,0 days 01:17:15.270000,,1,8.0,,,False,False,2025,2
0 days 01:20:56.548000,ANT,12,0 days 00:01:57.008000,13.0,2.0,0 days 01:19:20.620000,,0 days 00:00:45.177000,0 days 00:00:30.082000,0 days 00:00:41.749000,0 days 01:19:44.774000,0 days 01:20:14.856000,0 days 01:20:56.605000,281.0,265.0,264.0,334.0,False,HARD,1.0,True,Mercedes,0 days 01:18:59.540000,,1,14.0,,,False,False,2025,2
0 days 01:32:14.357000,ALB,23,0 days 00:01:44.708000,20.0,1.0,,0 days 01:32:12.597000,0 days 00:00:26.544000,0 days 00:00:30.336000,0 days 00:00:47.828000,0 days 01:30:56.232000,0 days 01:31:26.568000,0 days 01:32:14.396000,280.0,274.0,,317.0,False,MEDIUM,20.0,True,Williams,0 days 01:30:29.649000,,1,6.0,,,False,False,2025,2
0 days 01:34:12.506000,ALB,23,0 days 00:01:58.149000,21.0,2.0,0 days 01:32:36.100000,,0 days 00:00:45.969000,0 days 00:00:29.866000,0 days 00:00:42.314000,0 days 01:33:00.365000,0 days 01:33:30.231000,0 days 01:34:12.545000,280.0,271.0,260.0,314.0,False,HARD,1.0,True,Williams,0 days 01:32:14.357000,,1,14.0,,,False,False,2025,2
0 days 01:42:14.671000,BEA,87,0 days 00:01:43.800000,26.0,1.0,,0 days 01:42:12.972000,0 days 00:00:26.517000,0 days 00:00:30.083000,0 days 00:00:47.200000,0 days 01:40:57.439000,0 days 01:41:27.522000,0 days 01:42:14.722000,277.0,268.0,,326.0,False,HARD,26.0,True,Haas F1 Team,0 days 01:40:30.871000,,1,9.0,,,False,False,2025,2
0 days 01:44:09.550000,BEA,87,0 days 00:01:54.879000,27.0,2.0,0 days 01:42:35.857000,,0 days 00:00:44.035000,0 days 00:00:29.084000,0 days 00:00:41.760000,0 days 01:42:58.757000,0 days 01:43:27.841000,0 days 01:44:09.601000,281.0,270.0,259.0,309.0,False,MEDIUM,1.0,True,Haas F1 Team,0 days 01:42:14.671000,,1,17.0,,,False,False,2025,2
0 days 01:58:35.106000,STR,18,0 days 00:01:42.687000,36.0,1.0,,0 days 01:58:33.495000,0 days 00:00:26.085000,0 days 00:00:29.347000,0 days 00:00:47.255000,0 days 01:57:18.584000,0 days 01:57:47.931000,0 days 01:58:35.186000,274.0,270.0,,310.0,False,HARD,36.0,True,Aston Martin,0 days 01:56:52.419000,,1,8.0,,,False,False,2025,2
0 days 02:00:29.348000,STR,18,0 days 00:01:54.242000,37.0,2.0,0 days 01:58:56.390000,,0 days 00:00:44.329000,0 days 00:00:28.586000,0 days 00:00:41.327000,0 days 01:59:19.515000,0 days 01:59:48.101000,0 days 02:00:29.428000,277.0,266.0,262.0,307.0,False,MEDIUM,1.0,False,Aston Martin,0 days 01:58:35.106000,,1,14.0,,,False,False,2025,2
0 days 01:27:23.907000,SAI,55,0 days 00:01:45.121000,17.0,1.0,,0 days 01:27:22.188000,0 days 00:00:26.488000,0 days 00:00:30.218000,0 days 00:00:48.415000,0 days 01:26:05.283000,0 days 01:26:35.501000,0 days 01:27:23.916000,274.0,269.0,,316.0,False,MEDIUM,17.0,True,Williams,0 days 01:25:38.786000,,1,10.0,,,False,False,2025,2
0 days 01:29:20.282000,SAI,55,0 days 00:01:56.375000,18.0,2.0,0 days 01:27:45.024000,,0 days 00:00:44.812000,0 days 00:00:29.629000,0 days 00:00:41.934000,0 days 01:28:08.728000,0 days 01:28:38.357000,0 days 01:29:20.291000,275.0,265.0,261.0,315.0,False,HARD,1.0,True,Williams,0 days 01:27:23.907000,,1,18.0,,,False,False,2025,2
0 days 01:19:01.745000,HAD,6,0 days 00:01:43.647000,12.0,1.0,,0 days 01:19:00.039000,0 days 00:00:26.344000,0 days 00:00:29.782000,0 days 00:00:47.521000,0 days 01:17:44.516000,0 days 01:18:14.298000,0 days 01:19:01.819000,268.0,270.0,,315.0,False,MEDIUM,12.0,True,Racing Bulls,0 days 01:17:18.098000,,1,10.0,,,False,False,2025,2
0 days 01:20:58.688000,HAD,6,0 days 00:01:56.943000,13.0,2.0,0 days 01:19:22.914000,,0 days 00:00:45.050000,0 days 00:00:29.981000,0 days 00:00:41.912000,0 days 01:19:46.869000,0 days 01:20:16.850000,0 days 01:20:58.762000,269.0,270.0,267.0,340.0,False,HARD,1.0,True,Racing Bulls,0 days 01:19:01.745000,,1,17.0,,,False,False,2025,2
0 days 01:53:49.517000,HAD,6,0 days 00:01:42.744000,33.0,2.0,,0 days 01:53:47.902000,0 days 00:00:26.137000,0 days 00:00:29.451000,0 days 00:00:47.156000,0 days 01:52:32.984000,0 days 01:53:02.435000,0 days 01:53:49.591000,277.0,272.0,,312.0,False,HARD,21.0,True,Racing Bulls,0 days 01:52:06.773000,,1,12.0,,,False,False,2025,2
0 days 01:55:43.302000,HAD,6,0 days 00:01:53.785000,34.0,3.0,0 days 01:54:10.161000,,0 days 00:00:43.868000,0 days 00:00:28.645000,0 days 00:00:41.272000,0 days 01:54:33.459000,0 days 01:55:02.104000,0 days 01:55:43.376000,275.0,271.0,261.0,307.0,False,HARD,1.0,True,Racing Bulls,0 days 01:53:49.517000,,1,16.0,,,False,False,2025,2
0 days 01:00:52.030000,LAW,30,0 days 00:01:48.928000,1.0,1.0,0 days 00:59:12.755000,,,0 days 00:00:31.237000,0 days 00:00:43.426000,,0 days 01:00:08.809000,0 days 01:00:52.080000,282.0,271.0,257.0,312.0,False,HARD,1.0,True,Red Bull Racing,0 days 00:59:02.863000,,12,18.0,,,False,False,2025,2
0 days 01:29:07.738000,LAW,30,0 days 00:01:43.770000,18.0,1.0,,0 days 01:29:06.016000,0 days 00:00:26.561000,0 days 00:00:30.172000,0 days 00:00:47.037000,0 days 01:27:50.569000,0 days 01:28:20.741000,0 days 01:29:07.778000,279.0,269.0,,316.0,False,HARD,18.0,True,Red Bull Racing,0 days 01:27:23.968000,,1,10.0,,,False,False,2025,2
0 days 01:31:03.906000,LAW,30,0 days 00:01:56.168000,19.0,2.0,0 days 01:29:28.538000,,0 days 00:00:44.678000,0 days 00:00:29.567000,0 days 00:00:41.923000,0 days 01:29:52.456000,0 days 01:30:22.023000,0 days 01:31:03.946000,277.0,271.0,260.0,313.0,False,MEDIUM,1.0,True,Red Bull Racing,0 days 01:29:07.738000,,1,18.0,,,False,False,2025,2
0 days 01:49:05.810000,LAW,30,0 days 00:01:42.962000,30.0,2.0,,0 days 01:49:04.139000,0 days 00:00:26.178000,0 days 00:00:29.691000,0 days 00:00:47.093000,0 days 01:47:49.066000,0 days 01:48:18.757000,0 days 01:49:05.850000,281.0,272.0,,314.0,False,MEDIUM,12.0,True,Red Bull Racing,0 days 01:47:22.848000,,1,17.0,,,False,False,2025,2
0 days 01:51:01.148000,LAW,30,0 days 00:01:55.338000,31.0,3.0,0 days 01:49:26.455000,,0 days 00:00:44.395000,0 days 00:00:29.283000,0 days 00:00:41.660000,0 days 01:49:50.245000,0 days 01:50:19.528000,0 days 01:51:01.188000,280.0,272.0,268.0,314.0,False,HARD,1.0,True,Red Bull Racing,0 days 01:49:05.810000,,1,18.0,,,False,False,2025,2
0 days 01:17:30.085000,DOO,7,0 days 00:01:43.650000,11.0,1.0,,0 days 01:17:28.472000,0 days 00:00:26.447000,0 days 00:00:30.135000,0 days 00:00:47.068000,0 days 01:16:12.946000,0 days 01:16:43.081000,0 days 01:17:30.149000,272.0,265.0,,328.0,False,MEDIUM,11.0,False,Alpine,0 days 01:15:46.435000,,1,16.0,,,False,False,2025,2
0 days 01:19:25.704000,DOO,7,0 days 00:01:55.619000,12.0,2.0,0 days 01:17:51.221000,,0 days 00:00:44.471000,0 days 00:00:29.218000,0 days 00:00:41.930000,0 days 01:18:14.620000,0 days 01:18:43.838000,0 days 01:19:25.768000,271.0,262.0,258.0,305.0,False,HARD,1.0,True,Alpine,0 days 01:17:30.085000,,1,18.0,,,False,False,2025,2
0 days 01:01:06.759000,BOR,5,0 days 00:02:03.657000,1.0,1.0,,0 days 01:01:05.064000,,0 days 00:00:43.030000,0 days 00:00:48.608000,,0 days 01:00:18.364000,0 days 01:01:06.838000,285.0,262.0,,301.0,False,MEDIUM,1.0,True,Kick Sauber,0 days 00:59:02.863000,,12,20.0,,,False,False,2025,2
0 days 01:03:03.874000,BOR,5,0 days 00:01:57.115000,2.0,2.0,0 days 01:01:28.427000,,0 days 00:00:45.659000,0 days 00:00:29.352000,0 days 00:00:42.104000,0 days 01:01:52.418000,0 days 01:02:21.770000,0 days 01:03:03.874000,275.0,270.0,255.0,308.0,False,HARD,1.0,True,Kick Sauber,0 days 01:01:06.759000,,12,20.0,,,False,False,2025,2
0 days 01:42:49.372000,BOR,5,0 days 00:01:43.974000,26.0,2.0,,0 days 01:42:47.676000,0 days 00:00:26.546000,0 days 00:00:30.103000,0 days 00:00:47.325000,0 days 01:41:31.944000,0 days 01:42:02.047000,0 days 01:42:49.372000,277.0,269.0,,310.0,False,HARD,25.0,True,Kick Sauber,0 days 01:41:05.398000,,1,18.0,,,False,False,2025,2
0 days 01:44:45.613000,BOR,5,0 days 00:01:56.241000,27.0,3.0,0 days 01:43:10.530000,,0 days 00:00:45.092000,0 days 00:00:29.367000,0 days 00:00:41.782000,0 days 01:43:34.464000,0 days 01:44:03.831000,0 days 01:44:45.613000,276.0,270.0,258.0,309.0,False,HARD,1.0,True,Kick Sauber,0 days 01:42:49.372000,,1,19.0,,,False,False,2025,2
0 days 01:32:42.577000,HUL,27,0 days 00:01:45.305000,20.0,1.0,,0 days 01:32:40.897000,0 days 00:00:26.616000,0 days 00:00:30.565000,0 days 00:00:48.124000,0 days 01:31:23.944000,0 days 01:31:54.509000,0 days 01:32:42.633000,279.0,269.0,,314.0,False,MEDIUM,20.0,True,Kick Sauber,0 days 01:30:57.272000,,1,18.0,,,False,False,2025,2
0 days 01:34:40.372000,HUL,27,0 days 00:01:57.795000,21.0,2.0,0 days 01:33:03.878000,,0 days 00:00:45.299000,0 days 00:00:30.051000,0 days 00:00:42.445000,0 days 01:33:27.932000,0 days 01:33:57.983000,0 days 01:34:40.428000,275.0,267.0,258.0,310.0,False,HARD,1.0,True,Kick Sauber,0 days 01:32:42.577000,,1,19.0,,,False,False,2025,2
0 days 01:17:21.658000,TSU,22,0 days 00:01:43.845000,11.0,1.0,,0 days 01:17:20.041000,0 days 00:00:26.643000,0 days 00:00:30.003000,0 days 00:00:47.199000,0 days 01:16:04.532000,0 days 01:16:34.535000,0 days 01:17:21.734000,276.0,271.0,,317.0,False,MEDIUM,11.0,True,Racing Bulls,0 days 01:15:37.813000,,1,11.0,,,False,False,2025,2
0 days 01:19:18.004000,TSU,22,0 days 00:01:56.346000,12.0,2.0,0 days 01:17:42.512000,,0 days 00:00:44.710000,0 days 00:00:29.899000,0 days 00:00:41.737000,0 days 01:18:06.444000,0 days 01:18:36.343000,0 days 01:19:18.080000,274.0,271.0,260.0,313.0,False,HARD,1.0,True,Racing Bulls,0 days 01:17:21.658000,,1,15.0,,,False,False,2025,2
0 days 01:56:59.577000,TSU,22,0 days 00:01:42.522000,35.0,2.0,,0 days 01:56:58.016000,0 days 00:00:26.209000,0 days 00:00:29.605000,0 days 00:00:46.708000,0 days 01:55:43.340000,0 days 01:56:12.945000,0 days 01:56:59.653000,280.0,270.0,,311.0,False,HARD,24.0,True,Racing Bulls,0 days 01:55:17.055000,,1,10.0,,,False,False,2025,2
0 days 01:58:54.583000,TSU,22,0 days 00:01:55.006000,36.0,3.0,0 days 01:57:20.508000,,0 days 00:00:44.236000,0 days 00:00:29.224000,0 days 00:00:41.546000,0 days 01:57:43.889000,0 days 01:58:13.113000,0 days 01:58:54.659000,281.0,274.0,263.0,312.0,False,HARD,1.0,True,Racing Bulls,0 days 01:56:59.577000,,1,15.0,,,False,False,2025,2
0 days 02:15:12.914000,TSU,22,0 days 00:01:46.754000,46.0,3.0,,0 days 02:15:11.330000,0 days 00:00:26.638000,0 days 00:00:31.152000,0 days 00:00:48.964000,0 days 02:13:52.874000,0 days 02:14:24.026000,0 days 02:15:12.990000,284.0,270.0,,314.0,False,HARD,11.0,True,Racing Bulls,0 days 02:13:26.160000,,1,17.0,,,False,False,2025,2
0 days 02:17:28.781000,TSU,22,0 days 00:02:15.867000,47.0,4.0,0 days 02:15:49.270000,,0 days 00:01:04.552000,0 days 00:00:29.537000,0 days 00:00:41.778000,0 days 02:16:17.542000,0 days 02:16:47.079000,0 days 02:17:28.857000,256.0,273.0,263.0,318.0,False,MEDIUM,7.0,False,Racing Bulls,0 days 02:15:12.914000,,1,19.0,,,False,False,2025,2
0 days 01:06:28.676000,ALO,14,0 days 00:02:20.966000,4.0,1.0,,0 days 01:06:26.536000,0 days 00:00:28.677000,0 days 00:00:40.107000,0 days 00:01:12.182000,0 days 01:04:36.469000,0 days 01:05:16.576000,0 days 01:06:28.758000,135.0,135.0,,123.0,False,MEDIUM,9.0,False,Aston Martin,0 days 01:04:07.710000,,1,20.0,,,False,False,2025,2
0 days 01:23:46.005000,LEC,16,0 days 00:01:42.863000,15.0,1.0,,0 days 01:23:44.244000,0 days 00:00:26.171000,0 days 00:00:29.850000,0 days 00:00:46.842000,0 days 01:22:29.400000,0 days 01:22:59.250000,0 days 01:23:46.092000,281.0,271.0,,316.0,False,MEDIUM,15.0,True,Ferrari,0 days 01:22:03.142000,,1,2.0,,,False,False,2025,2
0 days 01:25:41.139000,LEC,16,0 days 00:01:55.134000,16.0,2.0,0 days 01:24:06.526000,,0 days 00:00:43.985000,0 days 00:00:29.589000,0 days 00:00:41.560000,0 days 01:24:30.077000,0 days 01:24:59.666000,0 days 01:25:41.226000,288.0,272.0,267.0,345.0,False,HARD,1.0,True,Ferrari,0 days 01:23:46.005000,,1,8.0,,,False,False,2025,2
0 days 01:20:29.287000,HAM,44,0 days 00:01:43.379000,13.0,1.0,,0 days 01:20:27.674000,0 days 00:00:26.204000,0 days 00:00:30.002000,0 days 00:00:47.173000,0 days 01:19:12.175000,0 days 01:19:42.177000,0 days 01:20:29.350000,281.0,271.0,,316.0,False,MEDIUM,13.0,True,Ferrari,0 days 01:18:45.908000,,1,5.0,,,False,False,2025,2
0 days 01:22:25.024000,HAM,44,0 days 00:01:55.737000,14.0,2.0,0 days 01:20:50.029000,,0 days 00:00:44.106000,0 days 00:00:29.608000,0 days 00:00:42.023000,0 days 01:21:13.456000,0 days 01:21:43.064000,0 days 01:22:25.087000,283.0,269.0,260.0,312.0,False,HARD,1.0,True,Ferrari,0 days 01:20:29.287000,,1,10.0,,,False,False,2025,2
0 days 01:59:52.114000,HAM,44,0 days 00:01:42.451000,37.0,2.0,,0 days 01:59:50.459000,0 days 00:00:25.937000,0 days 00:00:29.605000,0 days 00:00:46.909000,0 days 01:58:35.663000,0 days 01:59:05.268000,0 days 01:59:52.177000,282.0,272.0,,315.0,False,HARD,24.0,True,Ferrari,0 days 01:58:09.663000,,1,6.0,,,False,False,2025,2
0 days 02:01:45.616000,HAM,44,0 days 00:01:53.502000,38.0,3.0,0 days 02:00:12.853000,,0 days 00:00:43.476000,0 days 00:00:28.735000,0 days 00:00:41.291000,0 days 02:00:35.653000,0 days 02:01:04.388000,0 days 02:01:45.679000,278.0,272.0,263.0,308.0,False,HARD,1.0,True,Ferrari,0 days 01:59:52.114000,,1,6.0,,,False,False,2025,2
0 days 01:15:46.464000,GAS,10,0 days 00:01:44.157000,10.0,1.0,,0 days 01:15:44.821000,0 days 00:00:26.551000,0 days 00:00:30.286000,0 days 00:00:47.320000,0 days 01:14:28.925000,0 days 01:14:59.211000,0 days 01:15:46.531000,272.0,263.0,,328.0,False,MEDIUM,10.0,False,Alpine,0 days 01:14:02.307000,,1,16.0,,,False,False,2025,2
0 days 01:17:41.874000,GAS,10,0 days 00:01:55.410000,11.0,2.0,0 days 01:16:07.887000,,0 days 00:00:44.679000,0 days 00:00:28.957000,0 days 00:00:41.774000,0 days 01:16:31.210000,0 days 01:17:00.167000,0 days 01:17:41.941000,270.0,263.0,256.0,304.0,False,HARD,1.0,True,Alpine,0 days 01:15:46.464000,,1,18.0,,,False,False,2025,2
0 days 01:28:54.023000,VER,1,0 days 00:01:35.220000,21.0,1.0,,0 days 01:28:52.762000,0 days 00:00:32.449000,0 days 00:00:42.440000,0 days 00:00:20.331000,0 days 01:27:51.273000,0 days 01:28:33.713000,0 days 01:28:54.044000,281.0,298.0,,299.0,False,MEDIUM,21.0,True,Red Bull Racing,0 days 01:27:18.803000,,1,1.0,,,False,False,2025,3
0 days 01:30:48.101000,VER,1,0 days 00:01:54.078000,22.0,2.0,0 days 01:29:17.340000,,0 days 00:00:54.295000,0 days 00:00:41.802000,0 days 00:00:17.981000,0 days 01:29:48.339000,0 days 01:30:30.141000,0 days 01:30:48.122000,283.0,302.0,266.0,301.0,False,HARD,1.0,True,Red Bull Racing,0 days 01:28:54.023000,,1,5.0,,,False,False,2025,3
0 days 01:28:55.352000,NOR,4,0 days 00:01:35.034000,21.0,1.0,,0 days 01:28:54.184000,0 days 00:00:32.337000,0 days 00:00:42.480000,0 days 00:00:20.217000,0 days 01:27:52.700000,0 days 01:28:35.180000,0 days 01:28:55.397000,284.0,299.0,,300.0,False,MEDIUM,21.0,True,McLaren,0 days 01:27:20.318000,,1,2.0,,,False,False,2025,3
0 days 01:30:50.149000,NOR,4,0 days 00:01:54.797000,22.0,2.0,0 days 01:29:17.403000,,0 days 00:00:54.865000,0 days 00:00:41.955000,0 days 00:00:17.977000,0 days 01:29:50.262000,0 days 01:30:32.217000,0 days 01:30:50.194000,281.0,300.0,267.0,300.0,False,HARD,1.0,True,McLaren,0 days 01:28:55.352000,,1,6.0,,,False,False,2025,3
0 days 01:27:25.078000,PIA,81,0 days 00:01:35.359000,20.0,1.0,,0 days 01:27:23.879000,0 days 00:00:32.616000,0 days 00:00:42.366000,0 days 00:00:20.377000,0 days 01:26:22.374000,0 days 01:27:04.740000,0 days 01:27:25.117000,282.0,300.0,,299.0,False,MEDIUM,20.0,True,McLaren,0 days 01:25:49.719000,,1,3.0,,,False,False,2025,3
0 days 01:29:18.113000,PIA,81,0 days 00:01:53.035000,21.0,2.0,0 days 01:27:46.796000,,0 days 00:00:53.115000,0 days 00:00:41.802000,0 days 00:00:18.118000,0 days 01:28:18.232000,0 days 01:29:00.034000,0 days 01:29:18.152000,281.0,301.0,265.0,295.0,False,HARD,1.0,True,McLaren,0 days 01:27:25.078000,,1,9.0,,,False,False,2025,3
0 days 01:29:01.551000,LEC,16,0 days 00:01:35.423000,21.0,1.0,,0 days 01:29:00.325000,0 days 00:00:32.688000,0 days 00:00:42.456000,0 days 00:00:20.279000,0 days 01:27:58.860000,0 days 01:28:41.316000,0 days 01:29:01.595000,281.0,299.0,,297.0,False,MEDIUM,21.0,True,Ferrari,0 days 01:27:26.128000,,1,3.0,,,False,False,2025,3
0 days 01:30:55.162000,LEC,16,0 days 00:01:53.611000,22.0,2.0,0 days 01:29:23.559000,,0 days 00:00:54.102000,0 days 00:00:41.743000,0 days 00:00:17.766000,0 days 01:29:55.697000,0 days 01:30:37.440000,0 days 01:30:55.206000,277.0,303.0,268.0,303.0,False,HARD,1.0,True,Ferrari,0 days 01:29:01.551000,,1,10.0,,,False,False,2025,3
0 days 01:25:56.802000,RUS,63,0 days 00:01:35.756000,19.0,1.0,,0 days 01:25:55.425000,0 days 00:00:32.784000,0 days 00:00:42.623000,0 days 00:00:20.349000,0 days 01:24:53.874000,0 days 01:25:36.497000,0 days 01:25:56.846000,283.0,303.0,,301.0,False,MEDIUM,19.0,True,Mercedes,0 days 01:24:21.046000,,1,5.0,,,False,False,2025,3
0 days 01:27:49.714000,RUS,63,0 days 00:01:52.912000,20.0,2.0,0 days 01:26:18.644000,,0 days 00:00:53.463000,0 days 00:00:41.515000,0 days 00:00:17.934000,0 days 01:26:50.309000,0 days 01:27:31.824000,0 days 01:27:49.758000,283.0,305.0,269.0,303.0,False,HARD,1.0,True,Mercedes,0 days 01:25:56.802000,,1,13.0,,,False,False,2025,3
0 days 01:44:37.737000,ANT,12,0 days 00:01:35.456000,31.0,1.0,,0 days 01:44:36.470000,0 days 00:00:32.521000,0 days 00:00:42.503000,0 days 00:00:20.432000,0 days 01:43:34.808000,0 days 01:44:17.311000,0 days 01:44:37.743000,284.0,299.0,,298.0,False,MEDIUM,31.0,True,Mercedes,0 days 01:43:02.281000,,1,1.0,,,False,False,2025,3
0 days 01:46:33.264000,ANT,12,0 days 00:01:55.527000,32.0,2.0,0 days 01:45:00.814000,,0 days 00:00:55.864000,0 days 00:00:41.899000,0 days 00:00:17.764000,0 days 01:45:33.607000,0 days 01:46:15.506000,0 days 01:46:33.270000,283.0,300.0,268.0,297.0,False,HARD,1.0,True,Mercedes,0 days 01:44:37.737000,,1,6.0,,,False,False,2025,3
0 days 01:43:09.818000,HAM,44,0 days 00:01:36.186000,30.0,1.0,,0 days 01:43:08.469000,0 days 00:00:32.308000,0 days 00:00:42.764000,0 days 00:00:21.114000,0 days 01:42:05.995000,0 days 01:42:48.759000,0 days 01:43:09.873000,283.0,300.0,,300.0,False,HARD,30.0,True,Ferrari,0 days 01:41:33.632000,,1,4.0,,,False,False,2025,3
0 days 01:45:02.180000,HAM,44,0 days 00:01:52.362000,31.0,2.0,0 days 01:43:31.485000,,0 days 00:00:52.756000,0 days 00:00:41.789000,0 days 00:00:17.817000,0 days 01:44:02.629000,0 days 01:44:44.418000,0 days 01:45:02.235000,278.0,299.0,266.0,293.0,False,MEDIUM,1.0,True,Ferrari,0 days 01:43:09.818000,,1,7.0,,,False,False,2025,3
0 days 01:35:27.208000,HAD,6,0 days 00:01:36.218000,25.0,1.0,,0 days 01:35:25.953000,0 days 00:00:32.607000,0 days 00:00:42.635000,0 days 00:00:20.976000,0 days 01:34:23.603000,0 days 01:35:06.238000,0 days 01:35:27.214000,284.0,300.0,,301.0,False,MEDIUM,25.0,True,Racing Bulls,0 days 01:33:50.990000,,1,4.0,,,False,False,2025,3
0 days 01:37:22.794000,HAD,6,0 days 00:01:55.586000,26.0,2.0,0 days 01:35:49.203000,,0 days 00:00:55.181000,0 days 00:00:42.396000,0 days 00:00:18.009000,0 days 01:36:22.395000,0 days 01:37:04.791000,0 days 01:37:22.800000,281.0,301.0,267.0,301.0,False,HARD,1.0,True,Racing Bulls,0 days 01:35:27.208000,,1,10.0,,,False,False,2025,3
0 days 01:33:57.409000,ALB,23,0 days 00:01:36.927000,24.0,1.0,,0 days 01:33:56.218000,0 days 00:00:33.585000,0 days 00:00:42.868000,0 days 00:00:20.474000,0 days 01:32:54.096000,0 days 01:33:36.964000,0 days 01:33:57.438000,286.0,305.0,,304.0,False,MEDIUM,24.0,True,Williams,0 days 01:32:20.482000,,1,7.0,,,False,False,2025,3
0 days 01:35:53.165000,ALB,23,0 days 00:01:55.756000,25.0,2.0,0 days 01:34:19.218000,,0 days 00:00:54.966000,0 days 00:00:42.636000,0 days 00:00:18.154000,0 days 01:34:52.404000,0 days 01:35:35.040000,0 days 01:35:53.194000,281.0,302.0,267.0,301.0,False,HARD,1.0,True,Williams,0 days 01:33:57.409000,,1,13.0,,,False,False,2025,3
0 days 01:32:29.078000,BEA,87,0 days 00:01:36.245000,23.0,1.0,,0 days 01:32:27.811000,0 days 00:00:33.019000,0 days 00:00:42.868000,0 days 00:00:20.358000,0 days 01:31:25.870000,0 days 01:32:08.738000,0 days 01:32:29.096000,278.0,300.0,,300.0,False,MEDIUM,23.0,True,Haas F1 Team,0 days 01:30:52.833000,,1,9.0,,,False,False,2025,3
0 days 01:34:23.680000,BEA,87,0 days 00:01:54.602000,24.0,2.0,0 days 01:32:52.623000,,0 days 00:00:54.735000,0 days 00:00:41.850000,0 days 00:00:18.017000,0 days 01:33:23.831000,0 days 01:34:05.681000,0 days 01:34:23.698000,281.0,297.0,266.0,296.0,False,HARD,2.0,False,Haas F1 Team,0 days 01:32:29.078000,,1,16.0,,,False,False,2025,3
0 days 01:34:06.524000,ALO,14,0 days 00:01:37.548000,24.0,1.0,,0 days 01:34:05.249000,0 days 00:00:33.805000,0 days 00:00:42.935000,0 days 00:00:20.808000,0 days 01:33:02.828000,0 days 01:33:45.763000,0 days 01:34:06.571000,280.0,301.0,,302.0,False,MEDIUM,25.0,False,Aston Martin,0 days 01:32:28.976000,,1,10.0,,,False,False,2025,3
0 days 01:36:03.059000,ALO,14,0 days 00:01:56.535000,25.0,2.0,0 days 01:34:30.931000,,0 days 00:00:56.212000,0 days 00:00:42.200000,0 days 00:00:18.123000,0 days 01:35:02.783000,0 days 01:35:44.983000,0 days 01:36:03.106000,275.0,298.0,265.0,297.0,False,HARD,2.0,False,Aston Martin,0 days 01:34:06.524000,,1,15.0,,,False,False,2025,3
0 days 01:32:35.412000,TSU,22,0 days 00:01:36.396000,23.0,1.0,,0 days 01:32:34.201000,0 days 00:00:33.187000,0 days 00:00:42.970000,0 days 00:00:20.239000,0 days 01:31:32.255000,0 days 01:32:15.225000,0 days 01:32:35.464000,277.0,301.0,,302.0,False,MEDIUM,23.0,True,Red Bull Racing,0 days 01:30:59.016000,,1,13.0,,,False,False,2025,3
0 days 01:34:29.991000,TSU,22,0 days 00:01:54.579000,24.0,2.0,0 days 01:32:58.280000,,0 days 00:00:54.637000,0 days 00:00:41.887000,0 days 00:00:18.055000,0 days 01:33:30.101000,0 days 01:34:11.988000,0 days 01:34:30.043000,276.0,296.0,265.0,295.0,False,HARD,1.0,True,Red Bull Racing,0 days 01:32:35.412000,,1,17.0,,,False,False,2025,3
0 days 01:34:09.684000,GAS,10,0 days 00:01:36.901000,24.0,1.0,,0 days 01:34:08.327000,0 days 00:00:33.128000,0 days 00:00:43.021000,0 days 00:00:20.752000,0 days 01:33:05.968000,0 days 01:33:48.989000,0 days 01:34:09.741000,274.0,301.0,,298.0,False,MEDIUM,24.0,True,Alpine,0 days 01:32:32.783000,,1,11.0,,,False,False,2025,3
0 days 01:36:09.790000,GAS,10,0 days 00:02:00.106000,25.0,2.0,0 days 01:34:34.347000,,0 days 00:00:58.568000,0 days 00:00:43.264000,0 days 00:00:18.274000,0 days 01:35:08.309000,0 days 01:35:51.573000,0 days 01:36:09.847000,270.0,300.0,266.0,293.0,False,HARD,1.0,True,Alpine,0 days 01:34:09.684000,,1,18.0,,,False,False,2025,3
0 days 01:48:24.613000,SAI,55,0 days 00:01:36.256000,33.0,1.0,,0 days 01:48:23.384000,0 days 00:00:32.767000,0 days 00:00:42.807000,0 days 00:00:20.682000,0 days 01:47:21.175000,0 days 01:48:03.982000,0 days 01:48:24.664000,287.0,303.0,,301.0,False,MEDIUM,33.0,True,Williams,0 days 01:46:48.357000,,1,12.0,,,False,False,2025,3
0 days 01:50:17.571000,SAI,55,0 days 00:01:52.958000,34.0,2.0,0 days 01:48:46.603000,,0 days 00:00:53.380000,0 days 00:00:41.651000,0 days 00:00:17.927000,0 days 01:49:18.044000,0 days 01:49:59.695000,0 days 01:50:17.622000,285.0,303.0,271.0,300.0,False,SOFT,1.0,True,Williams,0 days 01:48:24.613000,,1,17.0,,,False,False,2025,3
0 days 01:20:08.302000,DOO,7,0 days 00:01:37.254000,15.0,1.0,,0 days 01:20:07.246000,0 days 00:00:33.403000,0 days 00:00:43.047000,0 days 00:00:20.804000,0 days 01:19:04.497000,0 days 01:19:47.544000,0 days 01:20:08.348000,277.0,300.0,,298.0,False,SOFT,15.0,True,Alpine,0 days 01:18:31.048000,,1,19.0,,,False,False,2025,3
0 days 01:22:02.872000,DOO,7,0 days 00:01:54.570000,16.0,2.0,0 days 01:20:30.403000,,0 days 00:00:54.025000,0 days 00:00:42.289000,0 days 00:00:18.256000,0 days 01:21:02.373000,0 days 01:21:44.662000,0 days 01:22:02.918000,280.0,298.0,263.0,293.0,False,HARD,1.0,True,Alpine,0 days 01:20:08.302000,,1,19.0,,,False,False,2025,3
0 days 01:31:06.215000,HUL,27,0 days 00:01:36.739000,22.0,1.0,,0 days 01:31:05.091000,0 days 00:00:33.230000,0 days 00:00:43.099000,0 days 00:00:20.410000,0 days 01:30:02.743000,0 days 01:30:45.842000,0 days 01:31:06.252000,278.0,303.0,,302.0,False,MEDIUM,22.0,True,Kick Sauber,0 days 01:29:29.476000,,1,17.0,,,False,False,2025,3
0 days 01:33:00.683000,HUL,27,0 days 00:01:54.468000,23.0,2.0,0 days 01:31:28.716000,,0 days 00:00:54.304000,0 days 00:00:42.053000,0 days 00:00:18.111000,0 days 01:32:00.556000,0 days 01:32:42.609000,0 days 01:33:00.720000,276.0,301.0,265.0,298.0,False,HARD,1.0,True,Kick Sauber,0 days 01:31:06.215000,,1,19.0,,,False,False,2025,3
0 days 01:48:22.430000,LAW,30,0 days 00:01:36.455000,33.0,1.0,,0 days 01:48:21.259000,0 days 00:00:33.181000,0 days 00:00:42.742000,0 days 00:00:20.532000,0 days 01:47:19.211000,0 days 01:48:01.953000,0 days 01:48:22.485000,281.0,302.0,,300.0,False,MEDIUM,33.0,True,Racing Bulls,0 days 01:46:45.975000,,1,10.0,,,False,False,2025,3
0 days 01:50:16.666000,LAW,30,0 days 00:01:54.236000,34.0,2.0,0 days 01:48:44.728000,,0 days 00:00:54.354000,0 days 00:00:41.907000,0 days 00:00:17.975000,0 days 01:49:16.839000,0 days 01:49:58.746000,0 days 01:50:16.721000,282.0,300.0,266.0,297.0,False,SOFT,1.0,True,Racing Bulls,0 days 01:48:22.430000,,1,16.0,,,False,False,2025,3
0 days 01:46:51.178000,OCO,31,0 days 00:01:36.135000,32.0,1.0,,0 days 01:46:49.898000,0 days 00:00:32.496000,0 days 00:00:42.827000,0 days 00:00:20.812000,0 days 01:45:47.539000,0 days 01:46:30.366000,0 days 01:46:51.178000,281.0,300.0,,301.0,False,HARD,33.0,False,Haas F1 Team,0 days 01:45:15.043000,,1,13.0,,,False,False,2025,3
0 days 01:48:46.012000,OCO,31,0 days 00:01:54.834000,33.0,2.0,0 days 01:47:14.340000,,0 days 00:00:54.741000,0 days 00:00:42.074000,0 days 00:00:18.019000,0 days 01:47:45.919000,0 days 01:48:27.993000,0 days 01:48:46.012000,276.0,298.0,266.0,294.0,False,MEDIUM,1.0,True,Haas F1 Team,0 days 01:46:51.178000,,1,18.0,,,False,False,2025,3
0 days 01:45:19.883000,BOR,5,0 days 00:01:37.484000,31.0,1.0,,0 days 01:45:18.580000,0 days 00:00:32.931000,0 days 00:00:43.802000,0 days 00:00:20.751000,0 days 01:44:15.345000,0 days 01:44:59.147000,0 days 01:45:19.898000,278.0,303.0,,301.0,False,HARD,31.0,True,Kick Sauber,0 days 01:43:42.399000,,1,14.0,,,False,False,2025,3
0 days 01:47:14.567000,BOR,5,0 days 00:01:54.684000,32.0,2.0,0 days 01:45:41.939000,,0 days 00:00:54.755000,0 days 00:00:41.961000,0 days 00:00:17.968000,0 days 01:46:14.653000,0 days 01:46:56.614000,0 days 01:47:14.582000,270.0,297.0,267.0,295.0,False,MEDIUM,1.0,True,Kick Sauber,0 days 01:45:19.883000,,1,19.0,,,False,False,2025,3
0 days 01:10:39.775000,STR,18,0 days 00:01:37.946000,9.0,1.0,,0 days 01:10:38.519000,0 days 00:00:34.057000,0 days 00:00:43.185000,0 days 00:00:20.704000,0 days 01:09:35.920000,0 days 01:10:19.105000,0 days 01:10:39.809000,275.0,301.0,,296.0,False,SOFT,9.0,True,Aston Martin,0 days 01:09:01.829000,,1,20.0,,,False,False,2025,3
0 days 01:12:34.982000,STR,18,0 days 00:01:55.207000,10.0,2.0,0 days 01:11:02.158000,,0 days 00:00:54.304000,0 days 00:00:42.546000,0 days 00:00:18.357000,0 days 01:11:34.113000,0 days 01:12:16.659000,0 days 01:12:35.016000,273.0,296.0,264.0,293.0,False,HARD,2.0,False,Aston Martin,0 days 01:10:39.775000,,1,20.0,,,False,False,2025,3
0 days 01:44:03.833000,STR,18,0 days 00:01:35.972000,30.0,2.0,,0 days 01:44:02.482000,0 days 00:00:32.791000,0 days 00:00:42.580000,0 days 00:00:20.601000,0 days 01:43:00.686000,0 days 01:43:43.266000,0 days 01:44:03.867000,281.0,299.0,,298.0,False,HARD,22.0,False,Aston Martin,0 days 01:42:27.861000,,1,20.0,,,False,False,2025,3
0 days 01:45:57.203000,STR,18,0 days 00:01:53.370000,31.0,3.0,0 days 01:44:26.190000,,0 days 00:00:53.300000,0 days 00:00:41.874000,0 days 00:00:18.196000,0 days 01:44:57.167000,0 days 01:45:39.041000,0 days 01:45:57.237000,278.0,297.0,265.0,295.0,False,MEDIUM,2.0,False,Aston Martin,0 days 01:44:03.833000,,1,20.0,,,False,False,2025,3
0 days 01:18:36.124000,PIA,81,0 days 00:01:41.297000,14.0,1.0,,0 days 01:18:34.427000,0 days 00:00:31.525000,0 days 00:00:42.952000,0 days 00:00:26.820000,0 days 01:17:26.407000,0 days 01:18:09.359000,0 days 01:18:36.179000,231.0,249.0,,295.0,False,SOFT,17.0,False,McLaren,0 days 01:16:54.827000,,1,1.0,,,False,False,2025,4
0 days 01:20:34.980000,PIA,81,0 days 00:01:58.856000,15.0,2.0,0 days 01:18:58.980000,,0 days 00:00:52.025000,0 days 00:00:43.048000,0 days 00:00:23.783000,0 days 01:19:28.204000,0 days 01:20:11.252000,0 days 01:20:35.035000,232.0,233.0,277.0,218.0,False,MEDIUM,1.0,True,McLaren,0 days 01:18:36.124000,,1,3.0,,,False,False,2025,4
0 days 01:48:26.499000,PIA,81,0 days 00:01:48.702000,32.0,2.0,,0 days 01:48:24.783000,0 days 00:00:31.309000,0 days 00:00:42.539000,0 days 00:00:34.854000,0 days 01:47:09.161000,0 days 01:47:51.700000,0 days 01:48:26.554000,234.0,248.0,,299.0,False,MEDIUM,18.0,True,McLaren,0 days 01:46:37.797000,,14,1.0,,,False,False,2025,4
0 days 01:51:12.577000,PIA,81,,33.0,3.0,0 days 01:48:49.751000,,0 days 00:01:07.443000,0 days 00:01:04.333000,0 days 00:00:34.294000,0 days 01:49:34.180000,0 days 01:50:38.527000,0 days 01:51:12.754000,144.0,147.0,147.0,216.0,False,MEDIUM,1.0,True,McLaren,0 days 01:48:26.499000,,4,1.0,,,False,False,2025,4
0 days 01:17:01.867000,RUS,63,0 days 00:01:41.867000,13.0,1.0,,0 days 01:17:00.288000,0 days 00:00:31.499000,0 days 00:00:43.339000,0 days 00:00:27.029000,0 days 01:15:51.529000,0 days 01:16:34.868000,0 days 01:17:01.897000,231.0,252.0,,302.0,False,SOFT,16.0,False,Mercedes,0 days 01:15:20,,1,3.0,,,False,False,2025,4
0 days 01:18:59.182000,RUS,63,0 days 00:01:57.315000,14.0,2.0,0 days 01:17:24.227000,,0 days 00:00:51.291000,0 days 00:00:41.871000,0 days 00:00:24.153000,0 days 01:17:53.188000,0 days 01:18:35.059000,0 days 01:18:59.212000,232.0,256.0,285.0,218.0,False,MEDIUM,1.0,True,Mercedes,0 days 01:17:01.867000,,1,6.0,,,False,False,2025,4
0 days 01:48:35.988000,RUS,63,0 days 00:01:51.016000,32.0,2.0,,0 days 01:48:34.368000,0 days 00:00:31.384000,0 days 00:00:44.226000,0 days 00:00:35.406000,0 days 01:47:16.386000,0 days 01:48:00.612000,0 days 01:48:36.018000,228.0,117.0,,297.0,False,MEDIUM,19.0,True,Mercedes,0 days 01:46:44.972000,,14,2.0,,,False,False,2025,4
0 days 01:51:13.839000,RUS,63,,33.0,3.0,0 days 01:48:58.415000,,0 days 00:01:00.536000,0 days 00:01:02.337000,0 days 00:00:34.931000,0 days 01:49:36.641000,0 days 01:50:38.942000,0 days 01:51:13.920000,194.0,164.0,163.0,217.0,False,SOFT,4.0,False,Mercedes,0 days 01:48:35.988000,,4,2.0,,,False,False,2025,4
0 days 01:12:05.370000,NOR,4,0 days 00:01:41.534000,10.0,1.0,,0 days 01:12:03.834000,0 days 00:00:31.277000,0 days 00:00:42.952000,0 days 00:00:27.305000,0 days 01:10:55.153000,0 days 01:11:38.105000,0 days 01:12:05.410000,228.0,252.0,,311.0,False,SOFT,13.0,False,McLaren,0 days 01:10:23.836000,,1,4.0,,,False,False,2025,4
0 days 01:14:08.221000,NOR,4,0 days 00:02:02.851000,11.0,2.0,0 days 01:12:33.449000,,0 days 00:00:56.972000,0 days 00:00:42.146000,0 days 00:00:23.733000,0 days 01:13:02.382000,0 days 01:13:44.528000,0 days 01:14:08.261000,232.0,241.0,281.0,219.0,False,MEDIUM,1.0,True,McLaren,0 days 01:12:05.370000,,1,14.0,,,False,False,2025,4
0 days 01:48:40.081000,NOR,4,0 days 00:01:51.704000,32.0,2.0,,0 days 01:48:38.428000,0 days 00:00:31.305000,0 days 00:00:45.997000,0 days 00:00:34.402000,0 days 01:47:19.722000,0 days 01:48:05.719000,0 days 01:48:40.121000,230.0,111.0,,304.0,False,MEDIUM,22.0,True,McLaren,0 days 01:46:48.377000,,14,4.0,,,False,False,2025,4
0 days 01:51:16.679000,NOR,4,,33.0,3.0,0 days 01:49:02.487000,,0 days 00:00:59.608000,0 days 00:01:01.793000,0 days 00:00:35.203000,0 days 01:49:39.913000,0 days 01:50:41.657000,0 days 01:51:16.967000,209.0,119.0,243.0,219.0,False,MEDIUM,1.0,True,McLaren,0 days 01:48:40.081000,,4,4.0,,,False,False,2025,4
0 days 01:23:39.545000,LEC,16,0 days 00:01:41.560000,17.0,1.0,,0 days 01:23:38.022000,0 days 00:00:31.569000,0 days 00:00:42.962000,0 days 00:00:27.029000,0 days 01:22:29.593000,0 days 01:23:12.555000,0 days 01:23:39.584000,231.0,257.0,,296.0,False,MEDIUM,17.0,True,Ferrari,0 days 01:21:57.985000,,1,1.0,,,False,False,2025,4
0 days 01:25:37.362000,LEC,16,0 days 00:01:57.817000,18.0,2.0,0 days 01:24:02.723000,,0 days 00:00:52.023000,0 days 00:00:42.088000,0 days 00:00:23.706000,0 days 01:24:31.607000,0 days 01:25:13.695000,0 days 01:25:37.401000,228.0,252.0,280.0,221.0,False,MEDIUM,1.0,True,Ferrari,0 days 01:23:39.545000,,1,4.0,,,False,False,2025,4
0 days 01:48:37.423000,LEC,16,0 days 00:01:51.116000,32.0,2.0,,0 days 01:48:35.804000,0 days 00:00:31.341000,0 days 00:00:45.608000,0 days 00:00:34.167000,0 days 01:47:17.687000,0 days 01:48:03.295000,0 days 01:48:37.462000,232.0,101.0,,300.0,False,MEDIUM,15.0,True,Ferrari,0 days 01:46:46.307000,,14,3.0,,,False,False,2025,4
0 days 01:51:15.498000,LEC,16,,33.0,3.0,0 days 01:49:00.041000,,0 days 00:01:01.227000,0 days 00:01:01.565000,0 days 00:00:35.278000,0 days 01:49:38.798000,0 days 01:50:40.334000,0 days 01:51:15.626000,187.0,170.0,149.0,219.0,False,HARD,1.0,True,Ferrari,0 days 01:48:37.423000,,4,3.0,,,False,False,2025,4
0 days 01:23:49.681000,HAM,44,0 days 00:01:41.684000,17.0,1.0,,0 days 01:23:48.039000,0 days 00:00:31.533000,0 days 00:00:43.123000,0 days 00:00:27.028000,0 days 01:22:39.580000,0 days 01:23:22.703000,0 days 01:23:49.731000,229.0,252.0,,298.0,False,MEDIUM,17.0,True,Ferrari,0 days 01:22:07.997000,,1,2.0,,,False,False,2025,4
0 days 01:25:47.568000,HAM,44,0 days 00:01:57.887000,18.0,2.0,0 days 01:24:12.399000,,0 days 00:00:51.608000,0 days 00:00:42.206000,0 days 00:00:24.073000,0 days 01:24:41.339000,0 days 01:25:23.545000,0 days 01:25:47.618000,229.0,244.0,289.0,209.0,False,MEDIUM,1.0,True,Ferrari,0 days 01:23:49.681000,,1,11.0,,,False,False,2025,4
0 days 01:48:53.065000,HAM,44,0 days 00:01:55.663000,32.0,2.0,,0 days 01:48:51.358000,0 days 00:00:31.202000,0 days 00:00:49.762000,0 days 00:00:34.699000,0 days 01:47:28.654000,0 days 01:48:18.416000,0 days 01:48:53.115000,231.0,184.0,,298.0,False,MEDIUM,15.0,True,Ferrari,0 days 01:46:57.402000,,14,5.0,,,False,False,2025,4
0 days 01:51:25.268000,HAM,44,,33.0,3.0,0 days 01:49:15.781000,,0 days 00:01:03.394000,0 days 00:00:54.187000,0 days 00:00:34.613000,0 days 01:49:56.570000,0 days 01:50:50.731000,0 days 01:51:25.531000,136.0,242.0,195.0,205.0,False,HARD,1.0,True,Ferrari,0 days 01:48:53.065000,,4,5.0,,,False,False,2025,4
0 days 01:12:13.068000,VER,1,0 days 00:01:43.293000,10.0,1.0,,0 days 01:12:11.433000,0 days 00:00:31.490000,0 days 00:00:43.931000,0 days 00:00:27.872000,0 days 01:11:01.289000,0 days 01:11:45.220000,0 days 01:12:13.092000,231.0,247.0,,295.0,False,SOFT,13.0,False,Red Bull Racing,0 days 01:10:29.775000,,1,7.0,,,False,False,2025,4
0 days 01:14:12.986000,VER,1,0 days 00:01:59.918000,11.0,2.0,0 days 01:12:37.959000,,0 days 00:00:54.092000,0 days 00:00:41.985000,0 days 00:00:23.841000,0 days 01:13:07.184000,0 days 01:13:49.169000,0 days 01:14:13.010000,235.0,260.0,283.0,215.0,False,HARD,1.0,True,Red Bull Racing,0 days 01:12:13.068000,,1,17.0,,,False,False,2025,4
0 days 01:38:58.405000,VER,1,0 days 00:01:42.488000,26.0,2.0,,0 days 01:38:56.736000,0 days 00:00:31.598000,0 days 00:00:43.747000,0 days 00:00:27.143000,0 days 01:37:47.539000,0 days 01:38:31.286000,0 days 01:38:58.429000,232.0,260.0,,299.0,False,HARD,16.0,True,Red Bull Racing,0 days 01:37:15.917000,,1,11.0,,,False,False,2025,4
0 days 01:40:58.450000,VER,1,0 days 00:02:00.045000,27.0,3.0,0 days 01:39:24.978000,,0 days 00:00:54.872000,0 days 00:00:41.508000,0 days 00:00:23.665000,0 days 01:39:53.301000,0 days 01:40:34.809000,0 days 01:40:58.474000,236.0,259.0,281.0,219.0,False,MEDIUM,1.0,True,Red Bull Racing,0 days 01:38:58.405000,,1,19.0,,,False,False,2025,4
0 days 01:12:12.206000,GAS,10,0 days 00:01:44.215000,10.0,1.0,,0 days 01:12:10.485000,0 days 00:00:32.381000,0 days 00:00:44.578000,0 days 00:00:27.256000,0 days 01:11:00.401000,0 days 01:11:44.979000,0 days 01:12:12.235000,222.0,245.0,,302.0,False,SOFT,13.0,False,Alpine,0 days 01:10:27.991000,,1,6.0,,,False,False,2025,4
0 days 01:14:10.066000,GAS,10,0 days 00:01:57.860000,11.0,2.0,0 days 01:12:35.507000,,0 days 00:00:52.269000,0 days 00:00:41.802000,0 days 00:00:23.789000,0 days 01:13:04.504000,0 days 01:13:46.306000,0 days 01:14:10.095000,234.0,246.0,279.0,219.0,False,MEDIUM,1.0,True,Alpine,0 days 01:12:12.206000,,1,15.0,,,False,False,2025,4
0 days 01:42:06.046000,GAS,10,0 days 00:01:41.166000,28.0,2.0,,0 days 01:42:04.406000,0 days 00:00:31.628000,0 days 00:00:42.718000,0 days 00:00:26.820000,0 days 01:40:56.537000,0 days 01:41:39.255000,0 days 01:42:06.075000,230.0,255.0,,287.0,False,MEDIUM,18.0,True,Alpine,0 days 01:40:24.880000,,1,6.0,,,False,False,2025,4
0 days 01:44:04.229000,GAS,10,0 days 00:01:58.183000,29.0,3.0,0 days 01:42:29.311000,,0 days 00:00:52.389000,0 days 00:00:41.954000,0 days 00:00:23.840000,0 days 01:42:58.464000,0 days 01:43:40.418000,0 days 01:44:04.258000,228.0,250.0,279.0,219.0,False,HARD,1.0,True,Alpine,0 days 01:42:06.046000,,1,10.0,,,False,False,2025,4
0 days 01:08:58.270000,OCO,31,0 days 00:01:42.510000,8.0,1.0,,0 days 01:08:56.531000,0 days 00:00:31.362000,0 days 00:00:43.598000,0 days 00:00:27.550000,0 days 01:07:47.166000,0 days 01:08:30.764000,0 days 01:08:58.314000,231.0,249.0,,314.0,False,SOFT,8.0,True,Haas F1 Team,0 days 01:07:15.760000,,1,13.0,,,False,False,2025,4
0 days 01:10:55.986000,OCO,31,0 days 00:01:57.716000,9.0,2.0,0 days 01:09:21.478000,,0 days 00:00:52.274000,0 days 00:00:41.581000,0 days 00:00:23.861000,0 days 01:09:50.588000,0 days 01:10:32.169000,0 days 01:10:56.030000,232.0,257.0,279.0,208.0,False,MEDIUM,1.0,True,Haas F1 Team,0 days 01:08:58.270000,,1,18.0,,,False,False,2025,4
0 days 01:40:33.654000,OCO,31,0 days 00:01:41.961000,27.0,2.0,,0 days 01:40:31.923000,0 days 00:00:31.587000,0 days 00:00:43.183000,0 days 00:00:27.191000,0 days 01:39:23.324000,0 days 01:40:06.507000,0 days 01:40:33.698000,233.0,253.0,,304.0,False,MEDIUM,19.0,True,Haas F1 Team,0 days 01:38:51.693000,,1,7.0,,,False,False,2025,4
0 days 01:42:32.126000,OCO,31,0 days 00:01:58.472000,28.0,3.0,0 days 01:40:57.088000,,0 days 00:00:52.442000,0 days 00:00:42.239000,0 days 00:00:23.791000,0 days 01:41:26.140000,0 days 01:42:08.379000,0 days 01:42:32.170000,233.0,252.0,282.0,211.0,False,HARD,1.0,True,Haas F1 Team,0 days 01:40:33.654000,,1,14.0,,,False,False,2025,4
0 days 01:13:56.309000,TSU,22,0 days 00:01:42.023000,11.0,1.0,,0 days 01:13:54.666000,0 days 00:00:31.111000,0 days 00:00:43.654000,0 days 00:00:27.258000,0 days 01:12:45.438000,0 days 01:13:29.092000,0 days 01:13:56.350000,231.0,241.0,,313.0,False,SOFT,14.0,False,Red Bull Racing,0 days 01:12:14.286000,,1,7.0,,,False,False,2025,4
0 days 01:15:57.213000,TSU,22,0 days 00:02:00.904000,12.0,2.0,0 days 01:14:21.132000,,0 days 00:00:53.967000,0 days 00:00:42.951000,0 days 00:00:23.986000,0 days 01:14:50.317000,0 days 01:15:33.268000,0 days 01:15:57.254000,229.0,230.0,280.0,220.0,False,MEDIUM,1.0,True,Red Bull Racing,0 days 01:13:56.309000,,1,19.0,,,False,False,2025,4
0 days 01:49:20.898000,TSU,22,0 days 00:02:03.721000,32.0,2.0,,0 days 01:49:19.162000,0 days 00:00:31.828000,0 days 00:00:56.539000,0 days 00:00:35.354000,0 days 01:47:49.046000,0 days 01:48:45.585000,0 days 01:49:20.939000,230.0,159.0,,322.0,False,MEDIUM,21.0,True,Red Bull Racing,0 days 01:47:17.177000,,14,7.0,,,False,False,2025,4
0 days 01:51:52.435000,TSU,22,,33.0,3.0,0 days 01:49:43.957000,,0 days 00:01:00.522000,0 days 00:00:56.507000,0 days 00:00:34.481000,0 days 01:50:21.626000,0 days 01:51:18.112000,0 days 01:51:52.539000,199.0,187.0,187.0,218.0,False,SOFT,4.0,False,Red Bull Racing,0 days 01:49:20.898000,,4,11.0,,,False,False,2025,4
0 days 01:19:01.337000,BEA,87,0 days 00:01:42.596000,14.0,1.0,,0 days 01:18:59.634000,0 days 00:00:31.688000,0 days 00:00:43.658000,0 days 00:00:27.250000,0 days 01:17:50.478000,0 days 01:18:34.136000,0 days 01:19:01.386000,231.0,253.0,,302.0,False,SOFT,14.0,True,Haas F1 Team,0 days 01:17:18.741000,,1,7.0,,,False,False,2025,4
0 days 01:20:58.626000,BEA,87,0 days 00:01:57.289000,15.0,2.0,0 days 01:19:24.277000,,0 days 00:00:51.827000,0 days 00:00:41.723000,0 days 00:00:23.739000,0 days 01:19:53.213000,0 days 01:20:34.936000,0 days 01:20:58.675000,232.0,258.0,282.0,222.0,False,HARD,1.0,True,Haas F1 Team,0 days 01:19:01.337000,,1,17.0,,,False,False,2025,4
0 days 01:49:25.763000,BEA,87,0 days 00:02:06.958000,32.0,2.0,,0 days 01:49:23.999000,0 days 00:00:32.271000,0 days 00:00:57.965000,0 days 00:00:36.722000,0 days 01:47:51.125000,0 days 01:48:49.090000,0 days 01:49:25.812000,229.0,171.0,,304.0,False,HARD,18.0,True,Haas F1 Team,0 days 01:47:18.805000,,14,10.0,,,False,False,2025,4
0 days 01:51:55.498000,BEA,87,0 days 00:02:29.735000,33.0,3.0,0 days 01:49:49.031000,,0 days 00:00:58.188000,0 days 00:00:58.382000,0 days 00:00:33.165000,0 days 01:50:24,0 days 01:51:22.382000,0 days 01:51:55.547000,128.0,175.0,202.0,222.0,False,SOFT,1.0,True,Haas F1 Team,0 days 01:49:25.763000,,4,12.0,,,False,False,2025,4
0 days 01:15:29.597000,ANT,12,0 days 00:01:41.886000,12.0,1.0,,0 days 01:15:27.861000,0 days 00:00:31.623000,0 days 00:00:43.561000,0 days 00:00:26.702000,0 days 01:14:19.392000,0 days 01:15:02.953000,0 days 01:15:29.655000,231.0,249.0,,299.0,False,SOFT,15.0,False,Mercedes,0 days 01:13:47.711000,,1,4.0,,,False,False,2025,4
0 days 01:17:29.310000,ANT,12,0 days 00:01:59.713000,13.0,2.0,0 days 01:15:52.720000,,0 days 00:00:52.280000,0 days 00:00:43.491000,0 days 00:00:23.942000,0 days 01:16:21.935000,0 days 01:17:05.426000,0 days 01:17:29.368000,231.0,249.0,284.0,216.0,False,MEDIUM,1.0,True,Mercedes,0 days 01:15:29.597000,,1,14.0,,,False,False,2025,4
0 days 01:40:34.694000,ANT,12,0 days 00:01:41.768000,27.0,2.0,,0 days 01:40:33.109000,0 days 00:00:31.550000,0 days 00:00:43.312000,0 days 00:00:26.906000,0 days 01:39:24.534000,0 days 01:40:07.846000,0 days 01:40:34.752000,234.0,246.0,,307.0,False,MEDIUM,15.0,True,Mercedes,0 days 01:38:52.926000,,1,8.0,,,False,False,2025,4
0 days 01:42:33.631000,ANT,12,0 days 00:01:58.937000,28.0,3.0,0 days 01:40:57.526000,,0 days 00:00:52.551000,0 days 00:00:42.781000,0 days 00:00:23.605000,0 days 01:41:27.303000,0 days 01:42:10.084000,0 days 01:42:33.689000,232.0,249.0,283.0,220.0,False,SOFT,4.0,False,Mercedes,0 days 01:40:34.694000,,1,15.0,,,False,False,2025,4
0 days 01:49:29.494000,ANT,12,0 days 00:02:04.952000,32.0,3.0,,0 days 01:49:27.885000,0 days 00:00:30.679000,0 days 00:00:59.659000,0 days 00:00:34.614000,0 days 01:47:55.279000,0 days 01:48:54.938000,0 days 01:49:29.552000,234.0,178.0,,329.0,False,SOFT,8.0,False,Mercedes,0 days 01:47:24.542000,,14,12.0,,,False,False,2025,4
0 days 01:52:00.687000,ANT,12,,33.0,4.0,0 days 01:49:52.527000,,0 days 00:01:00.089000,0 days 00:00:59.236000,0 days 00:00:31.869000,0 days 01:50:29.774000,0 days 01:51:28.979000,0 days 01:52:00.873000,149.0,162.0,183.0,194.0,False,SOFT,4.0,False,Mercedes,0 days 01:49:29.494000,,4,14.0,,,False,False,2025,4
0 days 01:22:20.622000,ALB,23,0 days 00:01:42.382000,16.0,1.0,,0 days 01:22:19.013000,0 days 00:00:31.477000,0 days 00:00:43.775000,0 days 00:00:27.130000,0 days 01:21:09.759000,0 days 01:21:53.534000,0 days 01:22:20.664000,229.0,249.0,,322.0,False,SOFT,16.0,True,Williams,0 days 01:20:38.240000,,1,6.0,,,False,False,2025,4
0 days 01:24:20.214000,ALB,23,0 days 00:01:59.592000,17.0,2.0,0 days 01:22:44.437000,,0 days 00:00:52.918000,0 days 00:00:42.879000,0 days 00:00:23.795000,0 days 01:23:13.582000,0 days 01:23:56.461000,0 days 01:24:20.256000,230.0,237.0,280.0,221.0,False,HARD,1.0,True,Williams,0 days 01:22:20.622000,,1,16.0,,,False,False,2025,4
0 days 01:49:25.246000,ALB,23,0 days 00:02:07.594000,32.0,2.0,,0 days 01:49:23.329000,0 days 00:00:31.762000,0 days 00:00:58.079000,0 days 00:00:37.753000,0 days 01:47:49.456000,0 days 01:48:47.535000,0 days 01:49:25.288000,229.0,170.0,,330.0,False,HARD,16.0,True,Williams,0 days 01:47:17.652000,,14,9.0,,,False,False,2025,4
0 days 01:51:56.376000,ALB,23,,33.0,3.0,0 days 01:49:49.420000,,0 days 00:00:59.368000,0 days 00:00:58.864000,0 days 00:00:32.894000,0 days 01:50:24.773000,0 days 01:51:23.719000,0 days 01:51:56.475000,140.0,165.0,202.0,204.0,False,MEDIUM,1.0,True,Williams,0 days 01:49:25.246000,,4,13.0,,,False,False,2025,4
0 days 01:05:44.283000,HAD,6,0 days 00:01:42.366000,6.0,1.0,,0 days 01:05:42.618000,0 days 00:00:31.235000,0 days 00:00:43.758000,0 days 00:00:27.373000,0 days 01:04:33.186000,0 days 01:05:16.944000,0 days 01:05:44.317000,231.0,249.0,,319.0,False,SOFT,6.0,True,Racing Bulls,0 days 01:04:01.917000,,1,18.0,,,False,False,2025,4
0 days 01:07:43.075000,HAD,6,0 days 00:01:58.792000,7.0,2.0,0 days 01:06:07.903000,,0 days 00:00:52.493000,0 days 00:00:42.065000,0 days 00:00:24.234000,0 days 01:06:36.810000,0 days 01:07:18.875000,0 days 01:07:43.109000,231.0,256.0,286.0,220.0,False,MEDIUM,1.0,True,Racing Bulls,0 days 01:05:44.283000,,1,20.0,,,False,False,2025,4
0 days 01:42:30.252000,HAD,6,0 days 00:01:42.076000,28.0,2.0,,0 days 01:42:28.733000,0 days 00:00:31.655000,0 days 00:00:43.402000,0 days 00:00:27.019000,0 days 01:41:19.865000,0 days 01:42:03.267000,0 days 01:42:30.286000,233.0,254.0,,299.0,False,MEDIUM,22.0,True,Racing Bulls,0 days 01:40:48.176000,,1,13.0,,,False,False,2025,4
0 days 01:44:28.438000,HAD,6,0 days 00:01:58.186000,29.0,3.0,0 days 01:42:53.155000,,0 days 00:00:52.074000,0 days 00:00:42.386000,0 days 00:00:23.726000,0 days 01:43:22.360000,0 days 01:44:04.746000,0 days 01:44:28.472000,235.0,253.0,282.0,220.0,False,HARD,1.0,True,Racing Bulls,0 days 01:42:30.252000,,1,19.0,,,False,False,2025,4
0 days 01:10:38.296000,DOO,7,0 days 00:01:43.531000,9.0,1.0,,0 days 01:10:36.604000,0 days 00:00:31.411000,0 days 00:00:44.334000,0 days 00:00:27.786000,0 days 01:09:26.224000,0 days 01:10:10.558000,0 days 01:10:38.344000,229.0,231.0,,313.0,False,SOFT,9.0,True,Alpine,0 days 01:08:54.765000,,1,12.0,,,False,False,2025,4
0 days 01:12:36.378000,DOO,7,0 days 00:01:58.082000,10.0,2.0,0 days 01:11:01.409000,,0 days 00:00:52.353000,0 days 00:00:41.858000,0 days 00:00:23.871000,0 days 01:11:30.697000,0 days 01:12:12.555000,0 days 01:12:36.426000,229.0,255.0,278.0,219.0,False,MEDIUM,1.0,True,Alpine,0 days 01:10:38.296000,,1,18.0,,,False,False,2025,4
0 days 01:42:18.467000,DOO,7,0 days 00:01:41.908000,28.0,2.0,,0 days 01:42:16.778000,0 days 00:00:31.897000,0 days 00:00:43.285000,0 days 00:00:26.726000,,0 days 01:41:51.789000,0 days 01:42:18.515000,233.0,254.0,,296.0,False,MEDIUM,19.0,True,Alpine,0 days 01:40:36.559000,,1,9.0,,,False,False,2025,4
0 days 01:44:16.481000,DOO,7,0 days 00:01:58.014000,29.0,3.0,0 days 01:42:41.917000,,0 days 00:00:52.474000,0 days 00:00:41.745000,0 days 00:00:23.795000,0 days 01:43:10.989000,0 days 01:43:52.734000,0 days 01:44:16.529000,233.0,258.0,284.0,218.0,False,HARD,1.0,True,Alpine,0 days 01:42:18.467000,,1,17.0,,,False,False,2025,4
0 days 01:22:26.025000,ALO,14,0 days 00:01:43.567000,16.0,1.0,,0 days 01:22:24.299000,0 days 00:00:32.204000,0 days 00:00:43.835000,0 days 00:00:27.528000,0 days 01:21:14.682000,0 days 01:21:58.517000,0 days 01:22:26.045000,231.0,250.0,,284.0,False,MEDIUM,16.0,True,Aston Martin,0 days 01:20:42.458000,,1,12.0,,,False,False,2025,4
0 days 01:24:24.314000,ALO,14,0 days 00:01:58.289000,17.0,2.0,0 days 01:22:49.257000,,0 days 00:00:51.870000,0 days 00:00:42.411000,0 days 00:00:24.008000,0 days 01:23:17.915000,0 days 01:24:00.326000,0 days 01:24:24.334000,226.0,241.0,288.0,220.0,False,MEDIUM,1.0,True,Aston Martin,0 days 01:22:26.025000,,1,19.0,,,False,False,2025,4
0 days 01:49:32.506000,ALO,14,0 days 00:02:06.361000,32.0,2.0,,0 days 01:49:30.793000,0 days 00:00:32.185000,0 days 00:00:59.501000,0 days 00:00:34.675000,0 days 01:47:58.350000,0 days 01:48:57.851000,0 days 01:49:32.526000,138.0,180.0,,284.0,False,MEDIUM,16.0,True,Aston Martin,0 days 01:47:26.145000,,14,14.0,,,False,False,2025,4
0 days 01:52:04.249000,ALO,14,,33.0,3.0,0 days 01:49:55.576000,,0 days 00:00:59.597000,0 days 00:00:59.293000,0 days 00:00:32.817000,0 days 01:50:32.334000,0 days 01:51:31.508000,0 days 01:52:04.428000,214.0,181.0,231.0,222.0,False,HARD,1.0,True,Aston Martin,0 days 01:49:32.506000,,4,15.0,,,False,False,2025,4
0 days 01:19:07.052000,LAW,30,0 days 00:01:43.984000,14.0,1.0,,0 days 01:19:05.384000,0 days 00:00:32.735000,0 days 00:00:43.877000,0 days 00:00:27.372000,0 days 01:17:55.845000,0 days 01:18:39.722000,0 days 01:19:07.094000,232.0,244.0,,298.0,False,MEDIUM,14.0,True,Racing Bulls,0 days 01:17:23.068000,,1,14.0,,,False,False,2025,4
0 days 01:21:07.860000,LAW,30,0 days 00:02:00.808000,15.0,2.0,0 days 01:19:30.576000,,0 days 00:00:53.820000,0 days 00:00:42.929000,0 days 00:00:24.059000,0 days 01:20:00.914000,0 days 01:20:43.843000,0 days 01:21:07.902000,234.0,252.0,281.0,220.0,False,HARD,1.0,True,Racing Bulls,0 days 01:19:07.052000,,1,19.0,,,False,False,2025,4
0 days 01:49:44.132000,LAW,30,0 days 00:02:09.302000,32.0,2.0,,0 days 01:49:42.611000,0 days 00:00:38.462000,0 days 00:00:56.293000,0 days 00:00:34.547000,0 days 01:48:13.334000,0 days 01:49:09.627000,0 days 01:49:44.174000,151.0,212.0,,328.0,False,HARD,18.0,True,Racing Bulls,0 days 01:47:34.830000,,14,16.0,,,False,False,2025,4
0 days 01:52:16.235000,LAW,30,,33.0,3.0,0 days 01:50:06.553000,,0 days 00:01:00.504000,0 days 00:00:58.612000,0 days 00:00:32.998000,0 days 01:50:44.824000,0 days 01:51:43.584000,0 days 01:52:16.430000,171.0,205.0,167.0,219.0,False,SOFT,1.0,True,Racing Bulls,0 days 01:49:44.132000,,4,18.0,,,False,False,2025,4
0 days 01:15:47.778000,STR,18,0 days 00:01:42.834000,12.0,1.0,,0 days 01:15:46.098000,0 days 00:00:31.897000,0 days 00:00:43.638000,0 days 00:00:27.299000,0 days 01:14:36.875000,0 days 01:15:20.513000,0 days 01:15:47.812000,232.0,240.0,,293.0,False,SOFT,12.0,True,Aston Martin,0 days 01:14:04.944000,,1,14.0,,,False,False,2025,4
0 days 01:17:45.535000,STR,18,0 days 00:01:57.757000,13.0,2.0,0 days 01:16:10.701000,,0 days 00:00:51.437000,0 days 00:00:42.093000,0 days 00:00:24.227000,0 days 01:16:39.249000,0 days 01:17:21.342000,0 days 01:17:45.569000,231.0,251.0,278.0,219.0,False,MEDIUM,1.0,True,Aston Martin,0 days 01:15:47.778000,,1,20.0,,,False,False,2025,4
0 days 01:49:44.918000,STR,18,0 days 00:02:10.743000,32.0,2.0,,0 days 01:49:43.251000,0 days 00:00:39.601000,0 days 00:00:56.575000,0 days 00:00:34.567000,0 days 01:48:13.810000,0 days 01:49:10.385000,0 days 01:49:44.952000,157.0,195.0,,303.0,False,MEDIUM,20.0,True,Aston Martin,0 days 01:47:34.175000,,14,17.0,,,False,False,2025,4
0 days 01:52:17.571000,STR,18,,33.0,3.0,0 days 01:50:07.742000,,0 days 00:01:00.569000,0 days 00:00:58.722000,0 days 00:00:33.329000,0 days 01:50:45.590000,0 days 01:51:44.453000,0 days 01:52:17.697000,174.0,178.0,170.0,219.0,False,HARD,1.0,True,Aston Martin,0 days 01:49:44.918000,,4,19.0,,,False,False,2025,4
0 days 01:17:30.233000,BOR,5,0 days 00:01:42.993000,13.0,1.0,,0 days 01:17:28.545000,0 days 00:00:31.613000,0 days 00:00:44.026000,0 days 00:00:27.354000,0 days 01:16:18.877000,0 days 01:17:02.903000,0 days 01:17:30.257000,230.0,248.0,,312.0,False,MEDIUM,13.0,True,Kick Sauber,0 days 01:15:47.240000,,1,15.0,,,False,False,2025,4
0 days 01:19:29.307000,BOR,5,0 days 00:01:59.074000,14.0,2.0,0 days 01:17:52.614000,,0 days 00:00:52.203000,0 days 00:00:42.690000,0 days 00:00:24.181000,0 days 01:18:22.460000,0 days 01:19:05.150000,0 days 01:19:29.331000,229.0,256.0,279.0,222.0,False,HARD,1.0,True,Kick Sauber,0 days 01:17:30.233000,,1,20.0,,,False,False,2025,4
0 days 01:49:52.419000,BOR,5,0 days 00:02:12.657000,32.0,2.0,,0 days 01:49:50.777000,0 days 00:00:37.983000,0 days 00:00:58.226000,0 days 00:00:36.448000,0 days 01:48:17.769000,0 days 01:49:15.995000,0 days 01:49:52.443000,158.0,188.0,,302.0,False,HARD,19.0,True,Kick Sauber,0 days 01:47:39.762000,,14,18.0,,,False,False,2025,4
0 days 01:52:24.362000,BOR,5,,33.0,3.0,0 days 01:50:16.083000,,0 days 00:01:00.144000,0 days 00:00:56.162000,0 days 00:00:35.593000,0 days 01:50:52.744000,0 days 01:51:48.883000,0 days 01:52:24.551000,141.0,218.0,216.0,203.0,False,MEDIUM,1.0,True,Kick Sauber,0 days 01:49:52.419000,,4,20.0,,,False,False,2025,4
0 days 01:18:58.887000,SAI,55,0 days 00:01:42.908000,14.0,1.0,,0 days 01:18:57.126000,0 days 00:00:31.787000,0 days 00:00:43.679000,0 days 00:00:27.442000,0 days 01:17:47.766000,0 days 01:18:31.445000,0 days 01:18:58.887000,232.0,250.0,,300.0,False,SOFT,17.0,False,Williams,0 days 01:17:15.979000,,1,5.0,,,False,False,2025,4
0 days 01:20:57.190000,SAI,55,0 days 00:01:58.303000,15.0,2.0,0 days 01:19:21.703000,,0 days 00:00:51.911000,0 days 00:00:42.364000,0 days 00:00:24.028000,0 days 01:19:50.798000,0 days 01:20:33.162000,0 days 01:20:57.190000,233.0,253.0,288.0,221.0,False,MEDIUM,1.0,True,Williams,0 days 01:18:58.887000,,1,16.0,,,False,False,2025,4
0 days 01:49:19.644000,SAI,55,0 days 00:02:03.071000,32.0,2.0,,0 days 01:49:17.919000,0 days 00:00:32.009000,0 days 00:00:56.480000,0 days 00:00:34.582000,0 days 01:47:48.582000,0 days 01:48:45.062000,0 days 01:49:19.644000,227.0,154.0,,303.0,False,MEDIUM,18.0,True,Williams,0 days 01:47:16.573000,,14,6.0,,,False,False,2025,4
0 days 01:51:51.427000,SAI,55,,33.0,3.0,0 days 01:49:42.374000,,0 days 00:00:59.675000,0 days 00:00:57.963000,0 days 00:00:34.055000,0 days 01:50:19.441000,0 days 01:51:17.388000,0 days 01:51:51.554000,186.0,188.0,190.0,215.0,False,HARD,1.0,True,Williams,0 days 01:49:19.644000,,4,10.0,,,False,False,2025,4
0 days 02:10:59.417000,SAI,55,0 days 00:01:43.871000,44.0,3.0,,0 days 02:10:57.722000,0 days 00:00:32.838000,0 days 00:00:44.242000,0 days 00:00:26.791000,0 days 02:09:48.384000,0 days 02:10:32.626000,0 days 02:10:59.417000,233.0,244.0,,309.0,False,HARD,12.0,True,Williams,0 days 02:09:15.546000,,1,20.0,,,False,False,2025,4
0 days 02:13:11.767000,SAI,55,0 days 00:02:12.350000,45.0,4.0,0 days 02:11:34.683000,0 days 02:13:09.914000,0 days 00:01:04.649000,0 days 00:00:41.807000,0 days 00:00:25.894000,0 days 02:12:04.066000,0 days 02:12:45.873000,0 days 02:13:11.767000,235.0,254.0,,220.0,False,SOFT,4.0,False,Williams,0 days 02:10:59.417000,,1,20.0,,,False,False,2025,4
0 days 01:04:07.056000,HUL,27,0 days 00:01:41.958000,5.0,1.0,,0 days 01:04:05.488000,0 days 00:00:31.095000,0 days 00:00:43.509000,0 days 00:00:27.354000,0 days 01:02:56.235000,0 days 01:03:39.744000,0 days 01:04:07.098000,227.0,244.0,,326.0,False,SOFT,5.0,True,Kick Sauber,0 days 01:02:25.098000,,1,20.0,,,False,False,2025,4
0 days 01:06:04.680000,HUL,27,0 days 00:01:57.624000,6.0,2.0,0 days 01:04:29.591000,,0 days 00:00:51.249000,0 days 00:00:42.098000,0 days 00:00:24.277000,0 days 01:04:58.347000,0 days 01:05:40.445000,0 days 01:06:04.722000,234.0,252.0,278.0,221.0,False,MEDIUM,1.0,True,Kick Sauber,0 days 01:04:07.056000,,1,20.0,,,False,False,2025,4
0 days 01:40:55.605000,HUL,27,0 days 00:01:42.461000,27.0,2.0,,0 days 01:40:53.992000,0 days 00:00:31.679000,0 days 00:00:43.688000,0 days 00:00:27.094000,0 days 01:39:44.865000,0 days 01:40:28.553000,0 days 01:40:55.647000,232.0,253.0,,302.0,False,MEDIUM,22.0,True,Kick Sauber,0 days 01:39:13.144000,,1,17.0,,,False,False,2025,4
0 days 01:42:54.417000,HUL,27,0 days 00:01:58.812000,28.0,3.0,0 days 01:41:18.179000,,0 days 00:00:51.551000,0 days 00:00:43.203000,0 days 00:00:24.058000,0 days 01:41:47.198000,0 days 01:42:30.401000,0 days 01:42:54.459000,233.0,239.0,282.0,225.0,False,MEDIUM,1.0,True,Kick Sauber,0 days 01:40:55.605000,,1,20.0,,,False,False,2025,4
0 days 01:29:47.232000,PIA,81,0 days 00:01:36.450000,19.0,1.0,,0 days 01:29:46.222000,0 days 00:00:34.626000,0 days 00:00:29.498000,0 days 00:00:32.326000,0 days 01:28:45.408000,0 days 01:29:14.906000,0 days 01:29:47.232000,288.0,301.0,,309.0,False,MEDIUM,19.0,True,McLaren,0 days 01:28:10.782000,,1,2.0,,,False,False,2025,5
0 days 01:31:37.838000,PIA,81,0 days 00:01:50.606000,20.0,2.0,0 days 01:30:07.523000,,0 days 00:00:51.972000,0 days 00:00:29.347000,0 days 00:00:29.287000,0 days 01:30:39.204000,0 days 01:31:08.551000,0 days 01:31:37.838000,290.0,302.0,299.0,310.0,False,HARD,1.0,True,McLaren,0 days 01:29:47.232000,,1,6.0,,,False,False,2025,5
0 days 01:32:52.420000,VER,1,0 days 00:01:36.500000,21.0,1.0,,0 days 01:32:51.477000,0 days 00:00:34.592000,0 days 00:00:29.564000,0 days 00:00:32.344000,0 days 01:31:50.663000,0 days 01:32:20.227000,0 days 01:32:52.571000,288.0,297.0,,314.0,False,MEDIUM,21.0,True,Red Bull Racing,0 days 01:31:15.920000,,1,1.0,,,False,False,2025,5
0 days 01:34:48.252000,VER,1,0 days 00:01:55.832000,22.0,2.0,0 days 01:33:17.527000,,0 days 00:00:56.930000,0 days 00:00:29.397000,0 days 00:00:29.505000,0 days 01:33:49.501000,0 days 01:34:18.898000,0 days 01:34:48.403000,286.0,299.0,309.0,305.0,False,HARD,1.0,True,Red Bull Racing,0 days 01:32:52.420000,,1,5.0,,,False,False,2025,5
0 days 01:45:32.098000,LEC,16,0 days 00:01:36.062000,29.0,1.0,,0 days 01:45:31.143000,0 days 00:00:34.438000,0 days 00:00:29.368000,0 days 00:00:32.256000,0 days 01:44:30.633000,0 days 01:45:00.001000,0 days 01:45:32.257000,289.0,308.0,,313.0,False,MEDIUM,29.0,True,Ferrari,0 days 01:43:56.036000,,1,1.0,,,False,False,2025,5
0 days 01:47:22.592000,LEC,16,0 days 00:01:50.494000,30.0,2.0,0 days 01:45:51.296000,,0 days 00:00:51.763000,0 days 00:00:29.368000,0 days 00:00:29.363000,0 days 01:46:24.020000,0 days 01:46:53.388000,0 days 01:47:22.751000,289.0,303.0,299.0,309.0,False,HARD,1.0,True,Ferrari,0 days 01:45:32.098000,,1,5.0,,,False,False,2025,5
0 days 01:53:21.005000,NOR,4,0 days 00:01:36.105000,34.0,1.0,,0 days 01:53:19.918000,0 days 00:00:34.225000,0 days 00:00:29.429000,0 days 00:00:32.451000,0 days 01:52:19.146000,0 days 01:52:48.575000,0 days 01:53:21.026000,290.0,302.0,,306.0,False,HARD,34.0,True,McLaren,0 days 01:51:44.900000,,1,2.0,,,False,False,2025,5
0 days 01:55:10.872000,NOR,4,0 days 00:01:49.867000,35.0,2.0,0 days 01:53:40.312000,,0 days 00:00:50.942000,0 days 00:00:29.517000,0 days 00:00:29.408000,0 days 01:54:11.968000,0 days 01:54:41.485000,0 days 01:55:10.893000,290.0,300.0,298.0,301.0,False,MEDIUM,1.0,True,McLaren,0 days 01:53:21.005000,,1,5.0,,,False,False,2025,5
0 days 01:31:27.383000,RUS,63,0 days 00:01:36.707000,20.0,1.0,,0 days 01:31:26.484000,0 days 00:00:34.929000,0 days 00:00:29.482000,0 days 00:00:32.296000,0 days 01:30:25.702000,0 days 01:30:55.184000,0 days 01:31:27.480000,289.0,306.0,,317.0,False,MEDIUM,20.0,True,Mercedes,0 days 01:29:50.676000,,1,3.0,,,False,False,2025,5
0 days 01:33:17.799000,RUS,63,0 days 00:01:50.416000,21.0,2.0,0 days 01:31:46.719000,,0 days 00:00:51.335000,0 days 00:00:29.370000,0 days 00:00:29.711000,0 days 01:32:18.815000,0 days 01:32:48.185000,0 days 01:33:17.896000,289.0,316.0,305.0,333.0,False,HARD,1.0,True,Mercedes,0 days 01:31:27.383000,,1,6.0,,,False,False,2025,5
0 days 01:30:02.309000,ANT,12,0 days 00:01:38.932000,19.0,1.0,,0 days 01:30:01.263000,0 days 00:00:36.098000,0 days 00:00:30.027000,0 days 00:00:32.807000,0 days 01:28:59.589000,0 days 01:29:29.616000,0 days 01:30:02.423000,289.0,309.0,,314.0,False,MEDIUM,19.0,True,Mercedes,0 days 01:28:23.377000,,1,7.0,,,False,False,2025,5
0 days 01:31:54.185000,ANT,12,0 days 00:01:51.876000,20.0,2.0,0 days 01:30:21.732000,,0 days 00:00:52.537000,0 days 00:00:29.628000,0 days 00:00:29.711000,0 days 01:30:54.960000,0 days 01:31:24.588000,0 days 01:31:54.299000,287.0,305.0,295.0,310.0,False,HARD,1.0,True,Mercedes,0 days 01:30:02.309000,,1,11.0,,,False,False,2025,5
0 days 01:36:25.504000,HAM,44,0 days 00:01:37.866000,23.0,1.0,,0 days 01:36:24.747000,0 days 00:00:35.125000,0 days 00:00:29.895000,0 days 00:00:32.846000,0 days 01:35:22.808000,0 days 01:35:52.703000,0 days 01:36:25.549000,289.0,308.0,,313.0,False,MEDIUM,23.0,True,Ferrari,0 days 01:34:47.638000,,1,6.0,,,False,False,2025,5
0 days 01:38:17.305000,HAM,44,0 days 00:01:51.801000,24.0,2.0,0 days 01:36:45.028000,,0 days 00:00:52.086000,0 days 00:00:29.895000,0 days 00:00:29.820000,0 days 01:37:17.635000,0 days 01:37:47.530000,0 days 01:38:17.350000,285.0,300.0,297.0,306.0,False,HARD,1.0,True,Ferrari,0 days 01:36:25.504000,,1,8.0,,,False,False,2025,5
0 days 01:33:20.200000,SAI,55,0 days 00:01:37.788000,21.0,1.0,,0 days 01:33:19.262000,0 days 00:00:35.368000,0 days 00:00:29.806000,0 days 00:00:32.614000,0 days 01:32:17.799000,0 days 01:32:47.605000,0 days 01:33:20.219000,290.0,311.0,,320.0,False,MEDIUM,21.0,True,Williams,0 days 01:31:42.412000,,1,7.0,,,False,False,2025,5
0 days 01:35:16.024000,SAI,55,0 days 00:01:55.824000,22.0,2.0,0 days 01:33:43.258000,,0 days 00:00:56.154000,0 days 00:00:30.081000,0 days 00:00:29.589000,0 days 01:34:16.373000,0 days 01:34:46.454000,0 days 01:35:16.043000,286.0,313.0,300.0,339.0,False,HARD,1.0,True,Williams,0 days 01:33:20.200000,,1,14.0,,,False,False,2025,5
0 days 01:34:59.490000,ALB,23,0 days 00:01:38.088000,22.0,1.0,,0 days 01:34:58.462000,0 days 00:00:35.651000,0 days 00:00:29.950000,0 days 00:00:32.487000,0 days 01:33:57.076000,0 days 01:34:27.026000,0 days 01:34:59.513000,291.0,313.0,,318.0,False,MEDIUM,22.0,True,Williams,0 days 01:33:21.402000,,1,8.0,,,False,False,2025,5
0 days 01:36:53.094000,ALB,23,0 days 00:01:53.604000,23.0,2.0,0 days 01:35:20.580000,,0 days 00:00:54.057000,0 days 00:00:29.828000,0 days 00:00:29.719000,0 days 01:35:53.570000,0 days 01:36:23.398000,0 days 01:36:53.117000,288.0,314.0,311.0,318.0,False,HARD,1.0,True,Williams,0 days 01:34:59.490000,,1,15.0,,,False,False,2025,5
0 days 01:53:55.656000,HAD,6,0 days 00:01:36.999000,34.0,1.0,,0 days 01:53:54.834000,0 days 00:00:34.831000,0 days 00:00:29.486000,0 days 00:00:32.682000,0 days 01:52:53.592000,0 days 01:53:23.078000,0 days 01:53:55.760000,287.0,305.0,,307.0,False,HARD,34.0,True,Racing Bulls,0 days 01:52:18.657000,,1,8.0,,,False,False,2025,5
0 days 01:55:46.146000,HAD,6,0 days 00:01:50.490000,35.0,2.0,0 days 01:54:15.533000,,0 days 00:00:51.670000,0 days 00:00:29.094000,0 days 00:00:29.726000,0 days 01:54:47.430000,0 days 01:55:16.524000,0 days 01:55:46.250000,288.0,304.0,300.0,304.0,False,MEDIUM,1.0,True,Racing Bulls,0 days 01:53:55.656000,,1,10.0,,,False,False,2025,5
0 days 01:30:19.184000,ALO,14,0 days 00:01:38.587000,19.0,1.0,,0 days 01:30:18.138000,0 days 00:00:35.676000,0 days 00:00:30.047000,0 days 00:00:32.864000,0 days 01:29:16.349000,0 days 01:29:46.396000,0 days 01:30:19.260000,280.0,300.0,,310.0,False,MEDIUM,20.0,False,Aston Martin,0 days 01:28:40.597000,,1,12.0,,,False,False,2025,5
0 days 01:32:11.664000,ALO,14,0 days 00:01:52.480000,20.0,2.0,0 days 01:30:40.125000,,0 days 00:00:52.999000,0 days 00:00:29.540000,0 days 00:00:29.941000,0 days 01:31:12.259000,0 days 01:31:41.799000,0 days 01:32:11.740000,284.0,296.0,294.0,306.0,False,HARD,2.0,False,Aston Martin,0 days 01:30:19.184000,,1,17.0,,,False,False,2025,5
0 days 01:31:52.170000,LAW,30,0 days 00:01:37.855000,20.0,1.0,,0 days 01:31:51.235000,0 days 00:00:35.276000,0 days 00:00:30.067000,0 days 00:00:32.512000,0 days 01:30:49.701000,0 days 01:31:19.768000,0 days 01:31:52.280000,287.0,305.0,,311.0,False,MEDIUM,20.0,True,Racing Bulls,0 days 01:30:14.315000,,1,10.0,,,False,False,2025,5
0 days 01:33:43.968000,LAW,30,0 days 00:01:51.798000,21.0,2.0,0 days 01:32:11.783000,,0 days 00:00:52.303000,0 days 00:00:29.716000,0 days 00:00:29.779000,0 days 01:32:44.583000,0 days 01:33:14.299000,0 days 01:33:44.078000,288.0,305.0,298.0,308.0,False,HARD,2.0,False,Racing Bulls,0 days 01:31:52.170000,,1,16.0,,,False,False,2025,5
0 days 01:28:46.375000,BEA,87,0 days 00:01:38.409000,18.0,1.0,,0 days 01:28:45.478000,0 days 00:00:35.632000,0 days 00:00:30.409000,0 days 00:00:32.368000,0 days 01:27:43.690000,0 days 01:28:14.099000,0 days 01:28:46.467000,285.0,302.0,,308.0,False,MEDIUM,18.0,True,Haas F1 Team,0 days 01:27:07.966000,,1,14.0,,,False,False,2025,5
0 days 01:30:39.679000,BEA,87,0 days 00:01:53.304000,19.0,2.0,0 days 01:29:07.420000,,0 days 00:00:53.406000,0 days 00:00:30.050000,0 days 00:00:29.848000,0 days 01:29:39.873000,0 days 01:30:09.923000,0 days 01:30:39.771000,281.0,297.0,294.0,304.0,False,HARD,1.0,True,Haas F1 Team,0 days 01:28:46.375000,,1,18.0,,,False,False,2025,5
0 days 00:59:26.753000,OCO,31,0 days 00:02:29.408000,1.0,1.0,,0 days 00:59:25.637000,,0 days 00:00:43.922000,0 days 00:01:01.646000,,0 days 00:58:25.233000,0 days 00:59:26.902000,284.0,88.0,,158.0,False,MEDIUM,1.0,True,Haas F1 Team,0 days 00:56:57.036000,,124,17.0,,,False,False,2025,5
0 days 01:02:08.292000,OCO,31,,2.0,2.0,0 days 00:59:47.200000,,0 days 00:01:05.086000,0 days 00:00:48.759000,0 days 00:00:47.808000,0 days 01:00:31.851000,0 days 01:01:20.619000,0 days 01:02:08.597000,243.0,155.0,259.0,168.0,False,HARD,1.0,True,Haas F1 Team,0 days 00:59:26.753000,,4,17.0,,,False,False,2025,5
0 days 01:52:45.304000,HUL,27,0 days 00:01:38.006000,33.0,1.0,,0 days 01:52:44.409000,0 days 00:00:35.228000,0 days 00:00:29.931000,0 days 00:00:32.847000,0 days 01:51:42.714000,0 days 01:52:12.645000,0 days 01:52:45.492000,286.0,306.0,,310.0,False,HARD,33.0,True,Kick Sauber,0 days 01:51:07.298000,,1,15.0,,,False,False,2025,5
0 days 01:54:34.973000,HUL,27,0 days 00:01:49.669000,34.0,2.0,0 days 01:53:04.909000,,0 days 00:00:51.150000,0 days 00:00:29.143000,0 days 00:00:29.376000,0 days 01:53:36.642000,0 days 01:54:05.785000,0 days 01:54:35.161000,291.0,303.0,302.0,305.0,False,MEDIUM,1.0,True,Kick Sauber,0 days 01:52:45.304000,,1,17.0,,,False,False,2025,5
0 days 02:02:15.884000,STR,18,0 days 00:01:39.544000,39.0,1.0,,0 days 02:02:14.864000,0 days 00:00:36.362000,0 days 00:00:29.965000,0 days 00:00:33.217000,0 days 02:01:12.714000,0 days 02:01:42.679000,0 days 02:02:15.896000,288.0,308.0,,313.0,False,HARD,40.0,False,Aston Martin,0 days 02:00:36.340000,,1,15.0,,,False,False,2025,5
0 days 02:04:06.442000,STR,18,0 days 00:01:50.558000,40.0,2.0,0 days 02:02:35.330000,,0 days 00:00:51.438000,0 days 00:00:29.293000,0 days 00:00:29.827000,0 days 02:03:07.334000,0 days 02:03:36.627000,0 days 02:04:06.454000,288.0,296.0,296.0,301.0,False,MEDIUM,2.0,False,Aston Martin,0 days 02:02:15.884000,,1,17.0,,,False,False,2025,5
0 days 00:59:25.565000,DOO,7,0 days 00:02:28.383000,1.0,1.0,,0 days 00:59:24.793000,,0 days 00:00:41.751000,0 days 00:01:03.695000,,0 days 00:58:22.046000,0 days 00:59:25.730000,289.0,84.0,,153.0,False,MEDIUM,1.0,True,Alpine,0 days 00:56:57.036000,,124,16.0,,,False,False,2025,5
0 days 01:02:06.948000,DOO,7,,2.0,2.0,0 days 00:59:45.200000,,0 days 00:01:05.091000,0 days 00:00:48.360000,0 days 00:00:47.885000,0 days 01:00:30.976000,0 days 01:01:19.228000,0 days 01:02:07.181000,251.0,132.0,270.0,169.0,False,HARD,1.0,True,Alpine,0 days 00:59:25.565000,,4,16.0,,,False,False,2025,5
0 days 01:51:18.970000,DOO,7,0 days 00:01:38.193000,32.0,2.0,,0 days 01:51:18.017000,0 days 00:00:35.389000,0 days 00:00:29.999000,0 days 00:00:32.805000,0 days 01:50:16.331000,0 days 01:50:46.330000,0 days 01:51:19.135000,289.0,306.0,,313.0,False,HARD,31.0,True,Alpine,0 days 01:49:40.777000,,1,18.0,,,False,False,2025,5
0 days 01:53:12.555000,DOO,7,0 days 00:01:53.585000,33.0,3.0,0 days 01:51:39.651000,,0 days 00:00:54.059000,0 days 00:00:29.647000,0 days 00:00:29.879000,0 days 01:52:13.194000,0 days 01:52:42.841000,0 days 01:53:12.720000,290.0,303.0,297.0,309.0,False,HARD,1.0,True,Alpine,0 days 01:51:18.970000,,1,18.0,,,False,False,2025,5
0 days 00:59:27.159000,BOR,5,0 days 00:02:29.952000,1.0,1.0,,0 days 00:59:26.199000,,0 days 00:00:44.862000,0 days 00:01:00.721000,,0 days 00:58:26.717000,0 days 00:59:27.293000,282.0,92.0,,157.0,False,MEDIUM,1.0,True,Kick Sauber,0 days 00:56:57.036000,,124,18.0,,,False,False,2025,5
0 days 01:02:09.016000,BOR,5,,2.0,2.0,0 days 00:59:48.044000,,0 days 00:01:05.215000,0 days 00:00:48.645000,0 days 00:00:47.983000,0 days 01:00:32.522000,0 days 01:01:21.244000,0 days 01:02:09.221000,194.0,142.0,263.0,156.0,False,HARD,1.0,True,Kick Sauber,0 days 00:59:27.159000,,4,18.0,,,False,False,2025,5
0 days 00:59:43.086000,TSU,22,0 days 00:02:45.662000,1.0,1.0,,0 days 00:59:41.846000,,0 days 00:00:33.152000,0 days 00:00:37.433000,,0 days 00:59:05.653000,0 days 00:59:43.091000,266.0,272.0,,266.0,False,MEDIUM,1.0,True,Red Bull Racing,0 days 00:56:57.036000,,124,19.0,,,False,False,2025,5
0 days 01:38:27.254000,VER,1,0 days 00:01:36.935000,26.0,1.0,,0 days 01:38:21.934000,0 days 00:00:30.974000,0 days 00:00:35.241000,0 days 00:00:30.720000,0 days 01:37:21.322000,0 days 01:37:56.563000,0 days 01:38:27.283000,208.0,183.0,,309.0,False,MEDIUM,2.0,True,Red Bull Racing,0 days 01:36:50.319000,,1,4.0,,,False,False,2025,6
0 days 01:40:12.765000,VER,1,0 days 00:01:45.511000,27.0,1.0,0 days 01:38:44.374000,,0 days 00:00:45.272000,0 days 00:00:34.872000,0 days 00:00:25.367000,0 days 01:39:12.555000,0 days 01:39:47.427000,0 days 01:40:12.794000,215.0,188.0,278.0,328.0,False,MEDIUM,3.0,True,Red Bull Racing,0 days 01:38:27.254000,,1,5.0,,,False,False,2025,6
0 days 00:59:01.062000,GAS,10,0 days 00:01:45.474000,1.0,,0 days 00:57:24.733000,,,0 days 00:00:37.740000,0 days 00:00:26.452000,,0 days 00:58:34.757000,0 days 00:59:01.185000,209.0,182.0,276.0,309.0,False,nan,,True,Alpine,0 days 00:57:15.384000,,12,18.0,,,False,False,2025,6
0 days 01:48:54.427000,GAS,10,0 days 00:01:38.570000,32.0,1.0,,0 days 01:48:49.016000,0 days 00:00:31.123000,0 days 00:00:35.328000,0 days 00:00:32.119000,0 days 01:47:46.997000,0 days 01:48:22.325000,0 days 01:48:54.444000,210.0,185.0,,311.0,False,HARD,9.0,True,Alpine,0 days 01:47:15.857000,,16,13.0,,,False,False,2025,6
0 days 01:50:57.799000,GAS,10,0 days 00:02:03.372000,33.0,2.0,0 days 01:49:11.105000,,0 days 00:00:55.004000,0 days 00:00:42.574000,0 days 00:00:25.794000,0 days 01:49:49.448000,0 days 01:50:32.022000,0 days 01:50:57.816000,179.0,188.0,279.0,306.0,False,MEDIUM,1.0,True,Alpine,0 days 01:48:54.427000,,671,14.0,,,False,False,2025,6
0 days 01:36:57.182000,ANT,12,0 days 00:01:37.258000,25.0,1.0,,0 days 01:36:51.811000,0 days 00:00:31.087000,0 days 00:00:35.379000,0 days 00:00:30.792000,0 days 01:35:51.053000,0 days 01:36:26.432000,0 days 01:36:57.224000,208.0,183.0,,317.0,False,MEDIUM,1.0,True,Mercedes,0 days 01:35:19.924000,,1,6.0,,,False,False,2025,6
0 days 01:38:45.329000,ANT,12,0 days 00:01:48.147000,26.0,1.0,0 days 01:37:16.241000,,0 days 00:00:47.764000,0 days 00:00:34.639000,0 days 00:00:25.744000,0 days 01:37:44.988000,0 days 01:38:19.627000,0 days 01:38:45.371000,211.0,184.0,279.0,316.0,False,MEDIUM,2.0,True,Mercedes,0 days 01:36:57.182000,,1,9.0,,,False,False,2025,6
0 days 01:42:17.233000,ALO,14,0 days 00:01:48.651000,28.0,1.0,,0 days 01:42:11.888000,0 days 00:00:31.661000,0 days 00:00:35.910000,0 days 00:00:41.080000,0 days 01:41:00.258000,0 days 01:41:36.168000,0 days 01:42:17.248000,203.0,184.0,,210.0,False,HARD,6.0,False,Aston Martin,0 days 01:40:28.582000,,16,15.0,,,False,False,2025,6
0 days 01:44:25.963000,ALO,14,0 days 00:02:08.730000,29.0,1.0,0 days 01:42:35.377000,,0 days 00:00:54.730000,0 days 00:00:46.459000,0 days 00:00:27.541000,0 days 01:43:11.978000,0 days 01:43:58.437000,0 days 01:44:25.978000,147.0,150.0,279.0,314.0,False,HARD,7.0,False,Aston Martin,0 days 01:42:17.233000,,671,16.0,,,False,False,2025,6
0 days 01:43:48.454000,LEC,16,0 days 00:02:11.178000,29.0,1.0,,0 days 01:43:43.052000,0 days 00:00:43.777000,0 days 00:00:47.708000,0 days 00:00:39.693000,0 days 01:42:21.095000,0 days 01:43:08.803000,0 days 01:43:48.496000,138.0,117.0,,218.0,False,MEDIUM,5.0,True,Ferrari,0 days 01:41:37.276000,,167,4.0,,,False,False,2025,6
0 days 01:45:35.070000,LEC,16,0 days 00:01:46.616000,30.0,1.0,0 days 01:44:05.210000,,0 days 00:00:45.823000,0 days 00:00:34.730000,0 days 00:00:26.063000,0 days 01:44:34.319000,0 days 01:45:09.049000,0 days 01:45:35.112000,218.0,190.0,281.0,309.0,False,MEDIUM,6.0,True,Ferrari,0 days 01:43:48.454000,,71,7.0,,,False,False,2025,6
0 days 01:29:37.892000,STR,18,0 days 00:01:38.388000,20.0,1.0,,0 days 01:29:32.515000,0 days 00:00:31.624000,0 days 00:00:35.727000,0 days 00:00:31.037000,0 days 01:28:31.147000,0 days 01:29:06.874000,0 days 01:29:37.911000,208.0,184.0,,315.0,False,MEDIUM,21.0,False,Aston Martin,0 days 01:27:59.504000,,1,17.0,,,False,False,2025,6
0 days 01:31:24.354000,STR,18,0 days 00:01:46.462000,21.0,2.0,0 days 01:29:54.798000,,0 days 00:00:45.373000,0 days 00:00:35.015000,0 days 00:00:26.074000,0 days 01:30:23.284000,0 days 01:30:58.299000,0 days 01:31:24.373000,212.0,186.0,277.0,309.0,False,HARD,2.0,False,Aston Martin,0 days 01:29:37.892000,,1,18.0,,,False,False,2025,6
0 days 01:40:13.031000,TSU,22,0 days 00:01:37.380000,27.0,1.0,,0 days 01:40:07.133000,0 days 00:00:31.062000,0 days 00:00:35.401000,0 days 00:00:30.917000,0 days 01:39:06.735000,0 days 01:39:42.136000,0 days 01:40:13.053000,207.0,183.0,,308.0,False,MEDIUM,3.0,True,Red Bull Racing,0 days 01:38:35.651000,,1,6.0,,,False,False,2025,6
0 days 01:42:08.137000,TSU,22,0 days 00:01:55.106000,28.0,1.0,0 days 01:40:29.714000,,0 days 00:00:45.702000,0 days 00:00:34.836000,0 days 00:00:34.568000,0 days 01:40:58.755000,0 days 01:41:33.591000,0 days 01:42:08.159000,214.0,186.0,210.0,230.0,False,MEDIUM,4.0,True,Red Bull Racing,0 days 01:40:13.031000,,16,12.0,,,False,False,2025,6
0 days 01:38:31.628000,ALB,23,0 days 00:01:37.279000,26.0,1.0,,0 days 01:38:26.177000,0 days 00:00:31.375000,0 days 00:00:35.200000,0 days 00:00:30.704000,0 days 01:37:25.724000,0 days 01:38:00.924000,0 days 01:38:31.628000,208.0,184.0,,321.0,False,MEDIUM,2.0,True,Williams,0 days 01:36:54.349000,,1,5.0,,,False,False,2025,6
0 days 01:40:16.897000,ALB,23,0 days 00:01:45.269000,27.0,1.0,0 days 01:38:48.149000,,0 days 00:00:45.272000,0 days 00:00:34.516000,0 days 00:00:25.481000,0 days 01:39:16.900000,0 days 01:39:51.416000,0 days 01:40:16.897000,213.0,187.0,282.0,321.0,False,MEDIUM,3.0,True,Williams,0 days 01:38:31.628000,,1,9.0,,,False,False,2025,6
0 days 01:55:27.620000,HUL,27,0 days 00:01:37.202000,36.0,1.0,,0 days 01:55:22.202000,0 days 00:00:30.827000,0 days 00:00:35.547000,0 days 00:00:30.828000,0 days 01:54:21.280000,0 days 01:54:56.827000,0 days 01:55:27.655000,213.0,188.0,,318.0,False,HARD,13.0,True,Kick Sauber,0 days 01:53:50.418000,,1,13.0,,,False,False,2025,6
0 days 01:57:12.584000,HUL,27,0 days 00:01:44.964000,37.0,2.0,0 days 01:55:44.362000,,0 days 00:00:44.767000,0 days 00:00:34.361000,0 days 00:00:25.836000,0 days 01:56:12.422000,0 days 01:56:46.783000,0 days 01:57:12.619000,213.0,190.0,281.0,301.0,False,MEDIUM,1.0,True,Kick Sauber,0 days 01:55:27.620000,,1,14.0,,,False,False,2025,6
0 days 01:42:52.990000,LAW,30,0 days 00:01:58.141000,28.0,1.0,,0 days 01:42:47.596000,0 days 00:00:32.221000,0 days 00:00:44.697000,0 days 00:00:41.223000,0 days 01:41:27.126000,0 days 01:42:11.823000,0 days 01:42:53.046000,207.0,100.0,,225.0,False,HARD,5.0,True,Racing Bulls,0 days 01:40:54.849000,,16,18.0,,,False,False,2025,6
0 days 01:44:51.636000,LAW,30,0 days 00:01:58.646000,29.0,1.0,0 days 01:43:09.972000,,0 days 00:00:53.285000,0 days 00:00:39.367000,0 days 00:00:25.994000,0 days 01:43:46.331000,0 days 01:44:25.698000,0 days 01:44:51.692000,187.0,188.0,280.0,311.0,False,HARD,6.0,True,Racing Bulls,0 days 01:42:52.990000,,671,18.0,,,False,False,2025,6
0 days 01:56:22.099000,LAW,30,0 days 00:01:47.470000,36.0,2.0,,0 days 01:56:15.428000,0 days 00:00:31.600000,0 days 00:00:37.345000,0 days 00:00:38.525000,0 days 01:55:06.285000,0 days 01:55:43.630000,0 days 01:56:22.155000,210.0,184.0,,217.0,False,MEDIUM,5.0,True,Racing Bulls,0 days 01:54:34.629000,,1,17.0,,,False,False,2025,6
0 days 01:34:08.736000,OCO,31,0 days 00:01:38.825000,23.0,1.0,,0 days 01:34:03.409000,0 days 00:00:31.949000,0 days 00:00:35.741000,0 days 00:00:31.135000,0 days 01:33:01.936000,0 days 01:33:37.677000,0 days 01:34:08.812000,208.0,185.0,,326.0,False,MEDIUM,23.0,True,Haas F1 Team,0 days 01:32:29.911000,,1,11.0,,,False,False,2025,6
0 days 01:35:55.502000,OCO,31,0 days 00:01:46.766000,24.0,2.0,0 days 01:34:26.483000,,0 days 00:00:46.191000,0 days 00:00:34.819000,0 days 00:00:25.756000,0 days 01:34:55.003000,0 days 01:35:29.822000,0 days 01:35:55.578000,215.0,188.0,280.0,316.0,False,HARD,1.0,True,Haas F1 Team,0 days 01:34:08.736000,,1,16.0,,,False,False,2025,6
0 days 01:43:18.617000,NOR,4,0 days 00:02:01.886000,29.0,1.0,,0 days 01:43:13.197000,0 days 00:00:35.038000,0 days 00:00:47.782000,0 days 00:00:39.066000,0 days 01:41:51.831000,0 days 01:42:39.613000,0 days 01:43:18.679000,129.0,102.0,,250.0,False,MEDIUM,5.0,True,McLaren,0 days 01:41:16.731000,,16,2.0,,,False,False,2025,6
0 days 01:45:07.906000,NOR,4,0 days 00:01:49.289000,30.0,1.0,0 days 01:43:35.201000,,0 days 00:00:49.689000,0 days 00:00:34.065000,0 days 00:00:25.535000,0 days 01:44:08.368000,0 days 01:44:42.433000,0 days 01:45:07.968000,214.0,190.0,273.0,310.0,False,MEDIUM,6.0,True,McLaren,0 days 01:43:18.617000,,671,2.0,,,False,False,2025,6
0 days 01:41:53.226000,HAM,44,0 days 00:01:39.786000,28.0,1.0,,0 days 01:41:47.873000,0 days 00:00:31.062000,0 days 00:00:35.380000,0 days 00:00:33.344000,0 days 01:40:44.524000,0 days 01:41:19.904000,0 days 01:41:53.248000,209.0,186.0,,315.0,False,HARD,5.0,True,Ferrari,0 days 01:40:13.440000,,16,6.0,,,False,False,2025,6
0 days 01:44:08.372000,HAM,44,0 days 00:02:15.146000,29.0,1.0,0 days 01:42:11.023000,,0 days 00:00:54.625000,0 days 00:00:48.492000,0 days 00:00:32.029000,0 days 01:42:47.873000,0 days 01:43:36.365000,0 days 01:44:08.394000,159.0,140.0,281.0,203.0,False,HARD,6.0,True,Ferrari,0 days 01:41:53.226000,,671,10.0,,,False,False,2025,6
0 days 01:28:00.264000,BOR,5,0 days 00:01:38.410000,19.0,1.0,,0 days 01:27:54.870000,0 days 00:00:31.530000,0 days 00:00:35.744000,0 days 00:00:31.136000,0 days 01:26:53.423000,0 days 01:27:29.167000,0 days 01:28:00.303000,207.0,184.0,,306.0,False,MEDIUM,19.0,True,Kick Sauber,0 days 01:26:21.854000,,1,16.0,,,False,False,2025,6
0 days 01:29:46.822000,BOR,5,0 days 00:01:46.558000,20.0,2.0,0 days 01:28:17.069000,,0 days 00:00:45.688000,0 days 00:00:34.930000,0 days 00:00:25.940000,0 days 01:28:45.991000,0 days 01:29:20.921000,0 days 01:29:46.861000,215.0,188.0,278.0,305.0,False,HARD,1.0,True,Kick Sauber,0 days 01:28:00.264000,,1,18.0,,,False,False,2025,6
0 days 01:37:03.364000,SAI,55,0 days 00:01:37.333000,25.0,1.0,,0 days 01:36:57.932000,0 days 00:00:31.462000,0 days 00:00:35.174000,0 days 00:00:30.697000,0 days 01:35:57.529000,0 days 01:36:32.703000,0 days 01:37:03.400000,208.0,184.0,,323.0,False,MEDIUM,7.0,False,Williams,0 days 01:35:26.031000,,1,9.0,,,False,False,2025,6
0 days 01:38:49.091000,SAI,55,0 days 00:01:45.727000,26.0,1.0,0 days 01:37:20.457000,,0 days 00:00:45.520000,0 days 00:00:34.539000,0 days 00:00:25.668000,0 days 01:37:48.920000,0 days 01:38:23.459000,0 days 01:38:49.127000,215.0,186.0,282.0,312.0,False,MEDIUM,8.0,False,Williams,0 days 01:37:03.364000,,1,11.0,,,False,False,2025,6
0 days 01:32:36.603000,HAD,6,0 days 00:01:38.581000,22.0,1.0,,0 days 01:32:31.168000,0 days 00:00:31.546000,0 days 00:00:35.564000,0 days 00:00:31.471000,0 days 01:31:29.588000,0 days 01:32:05.152000,0 days 01:32:36.623000,209.0,182.0,,311.0,False,MEDIUM,22.0,False,Racing Bulls,0 days 01:30:58.022000,,1,13.0,,,False,False,2025,6
0 days 01:34:22.360000,HAD,6,0 days 00:01:45.757000,23.0,2.0,0 days 01:32:53.367000,,0 days 00:00:45.083000,0 days 00:00:34.709000,0 days 00:00:25.965000,0 days 01:33:21.706000,0 days 01:33:56.415000,0 days 01:34:22.380000,215.0,186.0,278.0,309.0,False,HARD,1.0,True,Racing Bulls,0 days 01:32:36.603000,,1,16.0,,,False,False,2025,6
0 days 01:43:38.548000,RUS,63,0 days 00:02:08.381000,29.0,1.0,,0 days 01:43:33.026000,0 days 00:00:41.391000,0 days 00:00:47.835000,0 days 00:00:39.155000,0 days 01:42:11.589000,0 days 01:42:59.424000,0 days 01:43:38.579000,127.0,123.0,,230.0,False,HARD,5.0,True,Mercedes,0 days 01:41:30.167000,,16,3.0,,,False,False,2025,6
0 days 01:45:24.393000,RUS,63,0 days 00:01:45.845000,30.0,1.0,0 days 01:43:57.234000,,0 days 00:00:46.040000,0 days 00:00:34.209000,0 days 00:00:25.596000,0 days 01:44:24.619000,0 days 01:44:58.828000,0 days 01:45:24.424000,217.0,189.0,280.0,314.0,False,HARD,6.0,True,Mercedes,0 days 01:43:38.548000,,671,3.0,,,False,False,2025,6
0 days 01:43:07.130000,PIA,81,0 days 00:01:59.118000,29.0,1.0,,0 days 01:43:01.690000,0 days 00:00:30.585000,0 days 00:00:49.070000,0 days 00:00:39.463000,0 days 01:41:38.641000,0 days 01:42:27.711000,0 days 01:43:07.174000,210.0,137.0,,219.0,False,MEDIUM,5.0,True,McLaren,0 days 01:41:08.012000,,16,1.0,,,False,False,2025,6
0 days 01:45:00.891000,PIA,81,0 days 00:01:53.761000,30.0,1.0,0 days 01:43:23.785000,,0 days 00:00:53.255000,0 days 00:00:34.877000,0 days 00:00:25.629000,0 days 01:44:00.429000,0 days 01:44:35.306000,0 days 01:45:00.935000,183.0,188.0,281.0,316.0,False,MEDIUM,6.0,True,McLaren,0 days 01:43:07.130000,,671,1.0,,,False,False,2025,6
0 days 01:35:28.850000,VER,1,0 days 00:01:32.728000,29.0,1.0,,0 days 01:35:24.473000,0 days 00:00:25.677000,0 days 00:00:28.968000,0 days 00:00:38.083000,0 days 01:34:21.817000,0 days 01:34:50.785000,0 days 01:35:28.868000,218.0,258.0,,141.0,False,MEDIUM,29.0,True,Red Bull Racing,0 days 01:33:56.122000,,126,1.0,,,False,False,2025,7
0 days 01:37:41.529000,VER,1,0 days 00:02:12.679000,30.0,2.0,0 days 01:35:54.524000,,0 days 00:00:56.379000,0 days 00:00:37.829000,0 days 00:00:38.471000,0 days 01:36:25.247000,0 days 01:37:03.076000,0 days 01:37:41.547000,120.0,176.0,156.0,230.0,False,HARD,1.0,True,Red Bull Racing,0 days 01:35:28.850000,,6,1.0,,,False,False,2025,7
0 days 01:59:32.243000,VER,1,0 days 00:01:34.977000,46.0,2.0,,0 days 01:59:27.753000,0 days 00:00:25.373000,0 days 00:00:28.503000,0 days 00:00:41.101000,0 days 01:58:22.657000,0 days 01:58:51.160000,0 days 01:59:32.261000,219.0,260.0,,237.0,False,HARD,17.0,True,Red Bull Racing,0 days 01:57:57.266000,,124,1.0,,,False,False,2025,7
0 days 02:01:47.247000,VER,1,0 days 00:02:15.004000,47.0,3.0,0 days 01:59:57.537000,,0 days 00:00:55.088000,0 days 00:00:40.321000,0 days 00:00:39.595000,0 days 02:00:27.349000,0 days 02:01:07.670000,0 days 02:01:47.265000,207.0,171.0,195.0,205.0,False,HARD,1.0,True,Red Bull Racing,0 days 01:59:32.243000,,4,1.0,,,False,False,2025,7
0 days 01:08:31.927000,GAS,10,0 days 00:01:26.399000,9.0,1.0,,0 days 01:08:27.487000,0 days 00:00:25.796000,0 days 00:00:28.770000,0 days 00:00:31.833000,0 days 01:07:31.345000,0 days 01:08:00.115000,0 days 01:08:31.948000,211.0,254.0,,291.0,False,MEDIUM,9.0,True,Alpine,0 days 01:07:05.528000,,1,17.0,,,False,False,2025,7
0 days 01:10:17.333000,GAS,10,0 days 00:01:45.406000,10.0,2.0,0 days 01:08:59.009000,,0 days 00:00:50.314000,0 days 00:00:28.204000,0 days 00:00:26.888000,0 days 01:09:22.262000,0 days 01:09:50.466000,0 days 01:10:17.354000,215.0,252.0,274.0,289.0,False,HARD,1.0,True,Alpine,0 days 01:08:31.927000,,1,20.0,,,False,False,2025,7
0 days 01:36:50.587000,GAS,10,0 days 00:01:54.260000,29.0,2.0,,0 days 01:36:46.310000,0 days 00:00:34.848000,0 days 00:00:38.701000,0 days 00:00:40.711000,0 days 01:35:31.196000,0 days 01:36:09.897000,0 days 01:36:50.608000,170.0,133.0,,192.0,False,HARD,20.0,True,Alpine,0 days 01:34:56.327000,,26,16.0,,,False,False,2025,7
0 days 01:38:58.628000,GAS,10,0 days 00:02:08.041000,30.0,3.0,0 days 01:37:18.187000,,0 days 00:00:58.053000,0 days 00:00:37.928000,0 days 00:00:32.060000,0 days 01:37:48.661000,0 days 01:38:26.589000,0 days 01:38:58.649000,139.0,225.0,276.0,283.0,False,HARD,1.0,True,Alpine,0 days 01:36:50.587000,,671,17.0,,,False,False,2025,7
0 days 01:36:16.970000,ANT,12,0 days 00:01:45.993000,29.0,1.0,,0 days 01:36:12.616000,0 days 00:00:26.147000,0 days 00:00:40.237000,0 days 00:00:39.609000,0 days 01:34:57.124000,0 days 01:35:37.361000,0 days 01:36:16.970000,212.0,170.0,,194.0,False,HARD,29.0,True,Mercedes,0 days 01:34:30.977000,,126,6.0,,,False,False,2025,7
0 days 01:38:29.534000,ANT,12,0 days 00:02:12.564000,30.0,2.0,0 days 01:36:42.556000,,0 days 00:00:56.343000,0 days 00:00:38.731000,0 days 00:00:37.490000,0 days 01:37:13.313000,0 days 01:37:52.044000,0 days 01:38:29.534000,155.0,197.0,188.0,225.0,False,MEDIUM,1.0,True,Mercedes,0 days 01:36:16.970000,,67,6.0,,,False,False,2025,7
0 days 01:12:32.854000,ALO,14,0 days 00:01:26.152000,12.0,1.0,,0 days 01:12:28.409000,0 days 00:00:25.594000,0 days 00:00:28.849000,0 days 00:00:31.709000,0 days 01:11:32.307000,0 days 01:12:01.156000,0 days 01:12:32.865000,215.0,253.0,,291.0,False,MEDIUM,15.0,False,Aston Martin,0 days 01:11:06.702000,,1,9.0,,,False,False,2025,7
0 days 01:14:17.191000,ALO,14,0 days 00:01:44.337000,13.0,2.0,0 days 01:12:58.646000,,0 days 00:00:48.948000,0 days 00:00:28.319000,0 days 00:00:27.070000,0 days 01:13:21.813000,0 days 01:13:50.132000,0 days 01:14:17.202000,216.0,256.0,273.0,290.0,False,HARD,2.0,False,Aston Martin,0 days 01:12:32.854000,,1,15.0,,,False,False,2025,7
0 days 02:01:17.227000,ALO,14,0 days 00:01:55.706000,46.0,2.0,,0 days 02:01:12.765000,0 days 00:00:35.156000,0 days 00:00:38.798000,0 days 00:00:41.752000,0 days 01:59:56.688000,0 days 02:00:35.486000,0 days 02:01:17.238000,173.0,203.0,,268.0,False,HARD,35.0,False,Aston Martin,0 days 01:59:21.521000,,4,12.0,,,False,False,2025,7
0 days 02:03:18.906000,ALO,14,0 days 00:02:01.679000,47.0,3.0,0 days 02:01:43.760000,,0 days 00:00:57.465000,0 days 00:00:36.134000,0 days 00:00:28.080000,0 days 02:02:14.703000,0 days 02:02:50.837000,0 days 02:03:18.917000,189.0,259.0,273.0,296.0,False,MEDIUM,5.0,False,Aston Martin,0 days 02:01:17.227000,,4,14.0,,,False,False,2025,7
0 days 01:09:49.585000,LEC,16,0 days 00:01:26.751000,10.0,1.0,,0 days 01:09:45.227000,0 days 00:00:25.555000,0 days 00:00:29.053000,0 days 00:00:32.143000,0 days 01:08:48.401000,0 days 01:09:17.454000,0 days 01:09:49.597000,214.0,255.0,,291.0,False,MEDIUM,10.0,True,Ferrari,0 days 01:08:22.834000,,1,13.0,,,False,False,2025,7
0 days 01:11:32.039000,LEC,16,0 days 00:01:42.454000,11.0,2.0,0 days 01:10:14.814000,,0 days 00:00:48.016000,0 days 00:00:27.821000,0 days 00:00:26.617000,0 days 01:10:37.613000,0 days 01:11:05.434000,0 days 01:11:32.051000,219.0,254.0,274.0,284.0,False,HARD,1.0,True,Ferrari,0 days 01:09:49.585000,,1,17.0,,,False,False,2025,7
0 days 01:36:22.699000,LEC,16,0 days 00:01:46.742000,29.0,2.0,,0 days 01:36:18.242000,0 days 00:00:25.675000,0 days 00:00:41.104000,0 days 00:00:39.963000,0 days 01:35:01.644000,0 days 01:35:42.748000,0 days 01:36:22.711000,215.0,197.0,,165.0,False,HARD,19.0,True,Ferrari,0 days 01:34:35.957000,,126,8.0,,,False,False,2025,7
0 days 01:38:38.100000,LEC,16,0 days 00:02:15.401000,30.0,3.0,0 days 01:36:50.216000,,0 days 00:00:59.399000,0 days 00:00:40.956000,0 days 00:00:35.046000,0 days 01:37:22.110000,0 days 01:38:03.066000,0 days 01:38:38.112000,154.0,230.0,276.0,181.0,False,HARD,1.0,True,Ferrari,0 days 01:36:22.699000,,67,10.0,,,False,False,2025,7
0 days 01:15:20.206000,STR,18,0 days 00:01:27.014000,14.0,1.0,,0 days 01:15:15.860000,0 days 00:00:26.181000,0 days 00:00:28.629000,0 days 00:00:32.204000,0 days 01:14:19.374000,0 days 01:14:48.003000,0 days 01:15:20.207000,216.0,254.0,,297.0,False,MEDIUM,17.0,False,Aston Martin,0 days 01:13:53.192000,,1,7.0,,,False,False,2025,7
0 days 01:17:05.558000,STR,18,0 days 00:01:45.352000,15.0,2.0,0 days 01:15:47.126000,,0 days 00:00:49.973000,0 days 00:00:28.222000,0 days 00:00:27.157000,0 days 01:16:10.180000,0 days 01:16:38.402000,0 days 01:17:05.559000,214.0,253.0,280.0,293.0,False,HARD,2.0,False,Aston Martin,0 days 01:15:20.206000,,1,17.0,,,False,False,2025,7
0 days 02:01:20.690000,STR,18,0 days 00:01:55.462000,46.0,2.0,,0 days 02:01:16.327000,0 days 00:00:35.402000,0 days 00:00:38.629000,0 days 00:00:41.431000,0 days 02:00:00.631000,0 days 02:00:39.260000,0 days 02:01:20.691000,184.0,165.0,,242.0,False,HARD,33.0,False,Aston Martin,0 days 01:59:25.228000,,4,14.0,,,False,False,2025,7
0 days 02:03:24.019000,STR,18,0 days 00:02:03.329000,47.0,3.0,0 days 02:01:50.846000,,0 days 00:00:56.501000,0 days 00:00:37.379000,0 days 00:00:29.449000,0 days 02:02:17.192000,0 days 02:02:54.571000,0 days 02:03:24.020000,165.0,244.0,276.0,216.0,False,MEDIUM,7.0,False,Aston Martin,0 days 02:01:20.690000,,4,15.0,,,False,False,2025,7
0 days 00:57:34.409000,TSU,22,0 days 00:01:35.056000,1.0,1.0,0 days 00:56:14.667000,,,0 days 00:00:28.507000,0 days 00:00:27.429000,,0 days 00:57:07.048000,0 days 00:57:34.452000,214.0,255.0,272.0,291.0,False,HARD,1.0,True,Red Bull Racing,0 days 00:55:59.147000,,1,19.0,,,False,False,2025,7
0 days 01:36:36.629000,TSU,22,0 days 00:01:50.958000,29.0,1.0,,0 days 01:36:32.168000,0 days 00:00:31.600000,0 days 00:00:37.790000,0 days 00:00:41.568000,0 days 01:35:17.287000,0 days 01:35:55.077000,0 days 01:36:36.645000,156.0,183.0,,211.0,False,HARD,29.0,True,Red Bull Racing,0 days 01:34:45.671000,,26,12.0,,,False,False,2025,7
0 days 01:38:46.571000,TSU,22,0 days 00:02:09.942000,30.0,2.0,0 days 01:37:02.138000,,0 days 00:00:55.472000,0 days 00:00:38.307000,0 days 00:00:36.163000,0 days 01:37:32.117000,0 days 01:38:10.424000,0 days 01:38:46.587000,157.0,195.0,266.0,217.0,False,MEDIUM,1.0,True,Red Bull Racing,0 days 01:36:36.629000,,671,14.0,,,False,False,2025,7
0 days 01:36:04.640000,ALB,23,0 days 00:01:43.058000,29.0,1.0,,0 days 01:36:00.165000,0 days 00:00:26.092000,0 days 00:00:36.675000,0 days 00:00:40.291000,0 days 01:34:47.694000,0 days 01:35:24.369000,0 days 01:36:04.660000,217.0,155.0,,206.0,False,MEDIUM,29.0,True,Williams,0 days 01:34:21.582000,,126,2.0,,,False,False,2025,7
0 days 01:38:17.368000,ALB,23,0 days 00:02:12.728000,30.0,2.0,0 days 01:36:30.731000,,0 days 00:00:56.098000,0 days 00:00:38.883000,0 days 00:00:37.747000,0 days 01:37:00.758000,0 days 01:37:39.641000,0 days 01:38:17.388000,132.0,204.0,213.0,210.0,False,HARD,1.0,True,Williams,0 days 01:36:04.640000,,6,4.0,,,False,False,2025,7
0 days 02:02:17.143000,ALB,23,0 days 00:01:56.404000,47.0,2.0,,0 days 02:02:12.739000,0 days 00:00:35.511000,0 days 00:00:39.797000,0 days 00:00:41.096000,0 days 02:00:56.270000,0 days 02:01:36.067000,0 days 02:02:17.163000,167.0,161.0,,276.0,False,HARD,18.0,True,Williams,0 days 02:00:20.739000,,4,4.0,,,False,False,2025,7
0 days 02:04:18.490000,ALB,23,0 days 00:02:01.347000,48.0,3.0,0 days 02:02:42.564000,,0 days 00:00:51.066000,0 days 00:00:39.585000,0 days 00:00:30.696000,0 days 02:03:08.229000,0 days 02:03:47.814000,0 days 02:04:18.510000,191.0,239.0,246.0,285.0,False,HARD,1.0,True,Williams,0 days 02:02:17.143000,,4,5.0,,,False,False,2025,7
0 days 01:36:27.563000,HUL,27,0 days 00:01:48.201000,29.0,1.0,,0 days 01:36:23.137000,0 days 00:00:28.617000,0 days 00:00:38.450000,0 days 00:00:41.134000,0 days 01:35:07.988000,0 days 01:35:46.438000,0 days 01:36:27.572000,95.0,221.0,,214.0,False,HARD,29.0,True,Kick Sauber,0 days 01:34:39.362000,,26,9.0,,,False,False,2025,7
0 days 01:38:39.957000,HUL,27,0 days 00:02:12.394000,30.0,2.0,0 days 01:36:53.403000,,0 days 00:00:57.856000,0 days 00:00:38.927000,0 days 00:00:35.611000,0 days 01:37:25.428000,0 days 01:38:04.355000,0 days 01:38:39.966000,142.0,227.0,249.0,163.0,False,MEDIUM,1.0,True,Kick Sauber,0 days 01:36:27.563000,,67,11.0,,,False,False,2025,7
0 days 01:09:54.992000,LAW,30,0 days 00:01:26.200000,10.0,1.0,,0 days 01:09:50.680000,0 days 00:00:25.997000,0 days 00:00:28.382000,0 days 00:00:31.821000,0 days 01:08:54.804000,0 days 01:09:23.186000,0 days 01:09:55.007000,218.0,257.0,,289.0,False,MEDIUM,10.0,True,Racing Bulls,0 days 01:08:28.792000,,1,17.0,,,False,False,2025,7
0 days 01:11:40.444000,LAW,30,0 days 00:01:45.452000,11.0,2.0,0 days 01:10:20.332000,,0 days 00:00:49.473000,0 days 00:00:28.528000,0 days 00:00:27.451000,0 days 01:10:44.480000,0 days 01:11:13.008000,0 days 01:11:40.459000,215.0,258.0,273.0,285.0,False,HARD,1.0,True,Racing Bulls,0 days 01:09:54.992000,,1,20.0,,,False,False,2025,7
0 days 01:36:54.026000,LAW,30,0 days 00:01:55.803000,29.0,2.0,,0 days 01:36:49.669000,0 days 00:00:37.104000,0 days 00:00:37.500000,0 days 00:00:41.199000,0 days 01:35:35.342000,0 days 01:36:12.842000,0 days 01:36:54.041000,189.0,150.0,,189.0,False,HARD,19.0,True,Racing Bulls,0 days 01:34:58.223000,,26,17.0,,,False,False,2025,7
0 days 01:39:00.333000,LAW,30,0 days 00:02:06.307000,30.0,3.0,0 days 01:37:19.906000,,0 days 00:00:57.194000,0 days 00:00:37.463000,0 days 00:00:31.650000,0 days 01:37:51.235000,0 days 01:38:28.698000,0 days 01:39:00.348000,186.0,240.0,277.0,288.0,False,HARD,1.0,True,Racing Bulls,0 days 01:36:54.026000,,671,18.0,,,False,False,2025,7
0 days 00:57:35.850000,OCO,31,0 days 00:01:36.497000,1.0,1.0,,0 days 00:57:31.537000,,0 days 00:00:30.165000,0 days 00:00:33.234000,,0 days 00:57:02.642000,0 days 00:57:36.037000,209.0,255.0,,272.0,False,MEDIUM,1.0,True,Haas F1 Team,0 days 00:55:59.147000,,1,20.0,,,False,False,2025,7
0 days 00:59:20.337000,OCO,31,0 days 00:01:44.487000,2.0,2.0,0 days 00:58:02.009000,,0 days 00:00:49.338000,0 days 00:00:28.173000,0 days 00:00:26.976000,0 days 00:58:25.214000,0 days 00:58:53.387000,0 days 00:59:20.363000,212.0,253.0,269.0,288.0,False,HARD,1.0,True,Haas F1 Team,0 days 00:57:35.850000,,1,20.0,,,False,False,2025,7
0 days 01:34:10.501000,NOR,4,0 days 00:01:26.185000,28.0,1.0,,0 days 01:34:06.093000,0 days 00:00:25.728000,0 days 00:00:28.505000,0 days 00:00:31.952000,0 days 01:33:10.070000,0 days 01:33:38.575000,0 days 01:34:10.527000,219.0,255.0,,287.0,False,MEDIUM,28.0,True,McLaren,0 days 01:32:44.316000,,1,2.0,,,False,False,2025,7
0 days 01:36:15.512000,NOR,4,0 days 00:02:05.011000,29.0,2.0,0 days 01:34:35.600000,,0 days 00:00:48.262000,0 days 00:00:39.411000,0 days 00:00:37.338000,0 days 01:34:58.789000,0 days 01:35:38.200000,0 days 01:36:15.538000,217.0,165.0,211.0,200.0,False,HARD,1.0,True,McLaren,0 days 01:34:10.501000,,126,4.0,,,False,False,2025,7
0 days 01:59:58.742000,NOR,4,0 days 00:01:42.996000,46.0,2.0,,0 days 01:59:54.350000,0 days 00:00:25.483000,0 days 00:00:37.211000,0 days 00:00:40.302000,0 days 01:58:41.255000,0 days 01:59:18.466000,0 days 01:59:58.768000,221.0,210.0,,205.0,False,HARD,18.0,True,McLaren,0 days 01:58:15.746000,,124,2.0,,,False,False,2025,7
0 days 02:02:13.289000,NOR,4,0 days 00:02:14.547000,47.0,3.0,0 days 02:00:26.146000,,0 days 00:00:56.891000,0 days 00:00:39.281000,0 days 00:00:38.375000,0 days 02:00:55.659000,0 days 02:01:34.940000,0 days 02:02:13.315000,163.0,202.0,212.0,258.0,False,HARD,2.0,False,McLaren,0 days 01:59:58.742000,,4,3.0,,,False,False,2025,7
0 days 01:26:31.390000,COL,43,0 days 00:01:27.193000,22.0,1.0,,0 days 01:26:27.062000,0 days 00:00:26.094000,0 days 00:00:29.110000,0 days 00:00:31.989000,0 days 01:25:30.304000,0 days 01:25:59.414000,0 days 01:26:31.403000,214.0,252.0,,292.0,False,MEDIUM,22.0,True,Alpine,0 days 01:25:04.197000,,1,13.0,,,False,False,2025,7
0 days 01:28:17.273000,COL,43,0 days 00:01:45.883000,23.0,2.0,0 days 01:26:57.320000,,0 days 00:00:49.857000,0 days 00:00:28.784000,0 days 00:00:27.242000,0 days 01:27:21.260000,0 days 01:27:50.044000,0 days 01:28:17.286000,207.0,251.0,276.0,291.0,False,HARD,1.0,True,Alpine,0 days 01:26:31.390000,,1,20.0,,,False,False,2025,7
0 days 02:01:27.373000,COL,43,0 days 00:01:57.151000,46.0,2.0,,0 days 02:01:22.958000,0 days 00:00:36.508000,0 days 00:00:39.266000,0 days 00:00:41.377000,0 days 02:00:06.743000,0 days 02:00:46.009000,0 days 02:01:27.386000,183.0,178.0,,208.0,False,HARD,24.0,True,Alpine,0 days 01:59:30.222000,,4,16.0,,,False,False,2025,7
0 days 02:03:26.547000,COL,43,0 days 00:01:59.174000,47.0,3.0,0 days 02:01:54.127000,,0 days 00:00:54.187000,0 days 00:00:36.260000,0 days 00:00:28.727000,0 days 02:02:21.573000,0 days 02:02:57.833000,0 days 02:03:26.560000,132.0,241.0,269.0,284.0,False,HARD,1.0,True,Alpine,0 days 02:01:27.373000,,4,16.0,,,False,False,2025,7
0 days 01:36:17.463000,HAM,44,0 days 00:01:45.548000,29.0,1.0,,0 days 01:36:13.018000,0 days 00:00:25.858000,0 days 00:00:39.891000,0 days 00:00:39.799000,0 days 01:34:57.783000,0 days 01:35:37.674000,0 days 01:36:17.473000,212.0,177.0,,188.0,False,HARD,29.0,True,Ferrari,0 days 01:34:31.915000,,126,7.0,,,False,False,2025,7
0 days 01:38:34.231000,HAM,44,0 days 00:02:16.768000,30.0,2.0,0 days 01:36:43.056000,,0 days 00:00:56.351000,0 days 00:00:42.610000,0 days 00:00:37.807000,0 days 01:37:13.824000,0 days 01:37:56.434000,0 days 01:38:34.241000,153.0,182.0,245.0,154.0,False,MEDIUM,1.0,True,Ferrari,0 days 01:36:17.463000,,67,7.0,,,False,False,2025,7
0 days 02:00:31.921000,HAM,44,0 days 00:01:51.555000,46.0,2.0,,0 days 02:00:27.594000,0 days 00:00:33.654000,0 days 00:00:38.119000,0 days 00:00:39.782000,0 days 01:59:14.030000,0 days 01:59:52.149000,0 days 02:00:31.931000,177.0,184.0,,239.0,False,MEDIUM,17.0,True,Ferrari,0 days 01:58:40.366000,,24,6.0,,,False,False,2025,7
0 days 02:02:43.539000,HAM,44,0 days 00:02:11.618000,47.0,3.0,0 days 02:00:57.562000,,0 days 00:00:56.694000,0 days 00:00:39.033000,0 days 00:00:35.891000,0 days 02:01:28.625000,0 days 02:02:07.658000,0 days 02:02:43.549000,95.0,169.0,264.0,230.0,False,HARD,1.0,True,Ferrari,0 days 02:00:31.921000,,4,7.0,,,False,False,2025,7
0 days 01:12:39.845000,BOR,5,0 days 00:01:27.591000,12.0,1.0,,0 days 01:12:35.493000,0 days 00:00:26.121000,0 days 00:00:29.044000,0 days 00:00:32.426000,0 days 01:11:38.388000,0 days 01:12:07.432000,0 days 01:12:39.858000,215.0,252.0,,286.0,False,MEDIUM,12.0,True,Kick Sauber,0 days 01:11:12.254000,,1,13.0,,,False,False,2025,7
0 days 01:14:25.772000,BOR,5,0 days 00:01:45.927000,13.0,2.0,0 days 01:13:06.268000,,0 days 00:00:50.083000,0 days 00:00:28.374000,0 days 00:00:27.470000,0 days 01:13:29.941000,0 days 01:13:58.315000,0 days 01:14:25.785000,214.0,254.0,275.0,285.0,False,HARD,1.0,True,Kick Sauber,0 days 01:12:39.845000,,1,20.0,,,False,False,2025,7
0 days 01:36:56.713000,BOR,5,0 days 00:01:56.575000,29.0,2.0,,0 days 01:36:52.216000,0 days 00:00:36.684000,0 days 00:00:38.172000,0 days 00:00:41.719000,0 days 01:35:36.835000,0 days 01:36:15.007000,0 days 01:36:56.726000,170.0,171.0,,190.0,False,HARD,17.0,True,Kick Sauber,0 days 01:35:00.138000,,26,18.0,,,False,False,2025,7
0 days 01:39:01.796000,BOR,5,0 days 00:02:05.083000,30.0,3.0,0 days 01:37:22.968000,,0 days 00:00:56.506000,0 days 00:00:38.422000,0 days 00:00:30.155000,0 days 01:37:53.232000,0 days 01:38:31.654000,0 days 01:39:01.809000,159.0,212.0,275.0,286.0,False,HARD,1.0,True,Kick Sauber,0 days 01:36:56.713000,,671,19.0,,,False,False,2025,7
0 days 02:01:31.345000,BOR,5,0 days 00:01:56.404000,46.0,3.0,,0 days 02:01:26.942000,0 days 00:00:35.845000,0 days 00:00:41.155000,0 days 00:00:39.404000,0 days 02:00:10.799000,0 days 02:00:51.954000,0 days 02:01:31.358000,153.0,201.0,,182.0,False,HARD,17.0,True,Kick Sauber,0 days 01:59:34.941000,,4,17.0,,,False,False,2025,7
0 days 02:03:28.771000,BOR,5,0 days 00:01:57.426000,47.0,4.0,0 days 02:01:56.828000,,0 days 00:00:51.432000,0 days 00:00:36.375000,0 days 00:00:29.619000,0 days 02:02:22.790000,0 days 02:02:59.165000,0 days 02:03:28.784000,154.0,227.0,265.0,258.0,False,MEDIUM,13.0,False,Kick Sauber,0 days 02:01:31.345000,,4,17.0,,,False,False,2025,7
0 days 01:11:11.754000,SAI,55,0 days 00:01:28.303000,11.0,1.0,,0 days 01:11:07.379000,0 days 00:00:25.896000,0 days 00:00:29.601000,0 days 00:00:32.806000,0 days 01:10:09.361000,0 days 01:10:38.962000,0 days 01:11:11.768000,213.0,257.0,,291.0,False,MEDIUM,11.0,True,Williams,0 days 01:09:43.451000,,1,11.0,,,False,False,2025,7
0 days 01:12:55.575000,SAI,55,0 days 00:01:43.821000,12.0,2.0,0 days 01:11:37.527000,,0 days 00:00:48.424000,0 days 00:00:28.230000,0 days 00:00:27.167000,0 days 01:12:00.192000,0 days 01:12:28.422000,0 days 01:12:55.589000,214.0,254.0,273.0,288.0,False,HARD,1.0,True,Williams,0 days 01:11:11.754000,,1,17.0,,,False,False,2025,7
0 days 01:36:37.177000,SAI,55,0 days 00:01:50.594000,29.0,2.0,,0 days 01:36:32.840000,0 days 00:00:32.227000,0 days 00:00:38.356000,0 days 00:00:40.011000,0 days 01:35:18.824000,0 days 01:35:57.180000,0 days 01:36:37.191000,172.0,239.0,,188.0,False,HARD,18.0,True,Williams,0 days 01:34:46.583000,,26,13.0,,,False,False,2025,7
0 days 01:38:47.607000,SAI,55,0 days 00:02:10.430000,30.0,3.0,0 days 01:37:03.357000,,0 days 00:00:56.645000,0 days 00:00:38.333000,0 days 00:00:35.452000,0 days 01:37:33.836000,0 days 01:38:12.169000,0 days 01:38:47.621000,150.0,204.0,274.0,175.0,False,HARD,1.0,True,Williams,0 days 01:36:37.177000,,671,15.0,,,False,False,2025,7
0 days 01:36:16.283000,HAD,6,0 days 00:01:46.215000,29.0,1.0,,0 days 01:36:11.892000,0 days 00:00:25.923000,0 days 00:00:39.623000,0 days 00:00:40.669000,0 days 01:34:56.003000,0 days 01:35:35.626000,0 days 01:36:16.295000,212.0,175.0,,201.0,False,MEDIUM,29.0,True,Racing Bulls,0 days 01:34:30.068000,,126,5.0,,,False,False,2025,7
0 days 01:38:28.427000,HAD,6,0 days 00:02:12.144000,30.0,2.0,0 days 01:36:42.036000,,0 days 00:00:56.138000,0 days 00:00:38.369000,0 days 00:00:37.637000,0 days 01:37:12.433000,0 days 01:37:50.802000,0 days 01:38:28.439000,136.0,214.0,187.0,245.0,False,HARD,1.0,True,Racing Bulls,0 days 01:36:16.283000,,6,5.0,,,False,False,2025,7
0 days 02:00:42.117000,HAD,6,0 days 00:01:54.690000,46.0,2.0,,0 days 02:00:37.611000,0 days 00:00:36.823000,0 days 00:00:37.464000,0 days 00:00:40.403000,0 days 01:59:24.262000,0 days 02:00:01.726000,0 days 02:00:42.129000,141.0,245.0,,173.0,False,HARD,17.0,True,Racing Bulls,0 days 01:58:47.427000,,24,7.0,,,False,False,2025,7
0 days 02:02:54.196000,HAD,6,0 days 00:02:12.079000,47.0,3.0,0 days 02:01:07.890000,,0 days 00:00:57.184000,0 days 00:00:37.295000,0 days 00:00:37.600000,0 days 02:01:39.313000,0 days 02:02:16.608000,0 days 02:02:54.208000,200.0,166.0,224.0,214.0,False,HARD,1.0,True,Racing Bulls,0 days 02:00:42.117000,,4,9.0,,,False,False,2025,7
0 days 01:11:10.514000,RUS,63,0 days 00:01:29.274000,11.0,1.0,,0 days 01:11:06.108000,0 days 00:00:27.059000,0 days 00:00:29.828000,0 days 00:00:32.387000,0 days 01:10:08.315000,0 days 01:10:38.143000,0 days 01:11:10.530000,199.0,256.0,,298.0,False,MEDIUM,14.0,False,Mercedes,0 days 01:09:41.240000,,1,10.0,,,False,False,2025,7
0 days 01:12:54.219000,RUS,63,0 days 00:01:43.705000,12.0,2.0,0 days 01:11:35.824000,,0 days 00:00:48.384000,0 days 00:00:28.029000,0 days 00:00:27.292000,0 days 01:11:58.914000,0 days 01:12:26.943000,0 days 01:12:54.235000,218.0,258.0,273.0,293.0,False,HARD,1.0,True,Mercedes,0 days 01:11:10.514000,,1,16.0,,,False,False,2025,7
0 days 01:36:30.011000,RUS,63,0 days 00:01:48.463000,29.0,2.0,,0 days 01:36:25.543000,0 days 00:00:29.799000,0 days 00:00:38.753000,0 days 00:00:39.911000,0 days 01:35:11.363000,0 days 01:35:50.116000,0 days 01:36:30.027000,123.0,218.0,,227.0,False,HARD,18.0,True,Mercedes,0 days 01:34:41.548000,,26,11.0,,,False,False,2025,7
0 days 01:38:42.388000,RUS,63,0 days 00:02:12.377000,30.0,3.0,0 days 01:36:56.263000,,0 days 00:00:56.848000,0 days 00:00:38.028000,0 days 00:00:37.501000,0 days 01:37:26.875000,0 days 01:38:04.903000,0 days 01:38:42.404000,150.0,239.0,234.0,195.0,False,HARD,1.0,True,Mercedes,0 days 01:36:30.011000,,671,12.0,,,False,False,2025,7
0 days 01:13:45.088000,PIA,81,0 days 00:01:26.205000,13.0,1.0,,0 days 01:13:40.689000,0 days 00:00:25.808000,0 days 00:00:28.316000,0 days 00:00:32.081000,0 days 01:12:44.713000,0 days 01:13:13.029000,0 days 01:13:45.110000,218.0,258.0,,291.0,False,MEDIUM,13.0,True,McLaren,0 days 01:12:18.883000,,1,2.0,,,False,False,2025,7
0 days 01:15:30.212000,PIA,81,0 days 00:01:45.124000,14.0,2.0,0 days 01:14:11.624000,,0 days 00:00:49.783000,0 days 00:00:28.301000,0 days 00:00:27.040000,0 days 01:14:34.893000,0 days 01:15:03.194000,0 days 01:15:30.234000,219.0,256.0,274.0,291.0,False,HARD,1.0,True,McLaren,0 days 01:13:45.088000,,1,12.0,,,False,False,2025,7
0 days 01:38:05.979000,PIA,81,0 days 00:01:55.029000,30.0,2.0,,0 days 01:38:01.641000,0 days 00:00:34.945000,0 days 00:00:40.273000,0 days 00:00:39.811000,0 days 01:36:45.917000,0 days 01:37:26.190000,0 days 01:38:06.001000,141.0,236.0,,191.0,False,HARD,17.0,True,McLaren,0 days 01:36:10.950000,,6,2.0,,,False,False,2025,7
0 days 01:39:52.119000,PIA,81,0 days 00:01:46.140000,31.0,3.0,0 days 01:38:32.102000,,0 days 00:00:50.886000,0 days 00:00:28.343000,0 days 00:00:26.911000,0 days 01:38:56.887000,0 days 01:39:25.230000,0 days 01:39:52.141000,220.0,259.0,274.0,290.0,False,HARD,1.0,True,McLaren,0 days 01:38:05.979000,,671,4.0,,,False,False,2025,7
0 days 01:36:29.630000,BEA,87,0 days 00:01:48.720000,29.0,1.0,,0 days 01:36:25.246000,0 days 00:00:29.148000,0 days 00:00:38.396000,0 days 00:00:41.176000,0 days 01:35:10.067000,0 days 01:35:48.463000,0 days 01:36:29.639000,132.0,173.0,,216.0,False,HARD,29.0,True,Haas F1 Team,0 days 01:34:40.910000,,26,10.0,,,False,False,2025,7
0 days 01:38:43.005000,BEA,87,0 days 00:02:13.375000,30.0,2.0,0 days 01:36:56.622000,,0 days 00:00:58.009000,0 days 00:00:38.297000,0 days 00:00:37.069000,0 days 01:37:27.648000,0 days 01:38:05.945000,0 days 01:38:43.014000,174.0,197.0,221.0,182.0,False,MEDIUM,1.0,True,Haas F1 Team,0 days 01:36:29.630000,,671,13.0,,,False,False,2025,7
0 days 01:40:11.917000,BEA,87,0 days 00:01:28.912000,31.0,2.0,,0 days 01:40:07.541000,0 days 00:00:26.909000,0 days 00:00:28.467000,0 days 00:00:33.536000,0 days 01:39:09.923000,0 days 01:39:38.390000,0 days 01:40:11.926000,218.0,259.0,,282.0,False,MEDIUM,2.0,True,Haas F1 Team,0 days 01:38:43.005000,,1,16.0,,,False,False,2025,7
0 days 01:42:22.164000,BEA,87,0 days 00:02:10.247000,32.0,3.0,0 days 01:41:04.264000,,0 days 00:01:15.816000,0 days 00:00:27.630000,0 days 00:00:26.801000,0 days 01:41:27.742000,0 days 01:41:55.372000,0 days 01:42:22.173000,220.0,257.0,274.0,287.0,False,HARD,1.0,True,Haas F1 Team,0 days 01:40:11.917000,,1,19.0,,,False,False,2025,7
0 days 01:33:52.916000,VER,1,0 days 00:01:32.651000,28.0,1.0,,0 days 01:33:29.565000,0 days 00:00:19.666000,0 days 00:00:35.884000,0 days 00:00:37.101000,0 days 01:32:39.966000,0 days 01:33:15.850000,0 days 01:33:52.951000,207.0,193.0,,280.0,False,HARD,28.0,True,Red Bull Racing,0 days 01:32:20.265000,,1,4.0,,,False,False,2025,8
0 days 01:35:11.487000,VER,1,0 days 00:01:18.571000,29.0,2.0,0 days 01:33:53.706000,,0 days 00:00:22.400000,0 days 00:00:36.001000,0 days 00:00:20.170000,0 days 01:34:15.351000,0 days 01:34:51.352000,0 days 01:35:11.522000,196.0,194.0,257.0,274.0,False,MEDIUM,1.0,True,Red Bull Racing,0 days 01:33:52.916000,,1,4.0,,,False,False,2025,8
0 days 02:35:45.715000,VER,1,0 days 00:01:33.332000,77.0,2.0,,0 days 02:35:22.869000,0 days 00:00:19.910000,0 days 00:00:36.656000,0 days 00:00:36.766000,0 days 02:34:32.328000,0 days 02:35:08.984000,0 days 02:35:45.750000,202.0,194.0,,281.0,False,MEDIUM,49.0,True,Red Bull Racing,0 days 02:34:12.383000,,1,4.0,,,False,False,2025,8
0 days 02:37:03.485000,VER,1,0 days 00:01:17.770000,78.0,3.0,0 days 02:35:46.459000,,0 days 00:00:22.061000,0 days 00:00:35.599000,0 days 00:00:20.110000,0 days 02:36:07.811000,0 days 02:36:43.410000,0 days 02:37:03.520000,189.0,195.0,226.0,280.0,False,SOFT,4.0,False,Red Bull Racing,0 days 02:35:45.715000,,1,4.0,,,False,False,2025,8
0 days 00:58:01.293000,GAS,10,0 days 00:01:52.223000,1.0,1.0,,0 days 00:57:37.624000,,0 days 00:00:40.955000,0 days 00:00:39.268000,,0 days 00:57:22.237000,0 days 00:58:01.441000,158.0,180.0,,279.0,False,MEDIUM,7.0,False,Alpine,0 days 00:56:08.809000,,126,18.0,,,False,False,2025,8
0 days 00:59:50.267000,GAS,10,0 days 00:01:48.974000,2.0,2.0,0 days 00:58:01.973000,,0 days 00:00:31.384000,0 days 00:00:48.802000,0 days 00:00:28.788000,0 days 00:58:32.733000,0 days 00:59:21.535000,0 days 00:59:50.323000,150.0,103.0,166.0,249.0,False,MEDIUM,1.0,True,Alpine,0 days 00:58:01.293000,,6,18.0,,,False,False,2025,8
0 days 01:08:39.921000,GAS,10,,8.0,2.0,,0 days 01:08:39.977000,0 days 00:00:20.865000,0 days 00:00:40.814000,,0 days 01:07:27.725000,0 days 01:08:08.445000,,186.0,64.0,,287.0,False,MEDIUM,7.0,True,Alpine,0 days 01:07:06.679000,,12,19.0,,,False,False,2025,8
0 days 02:28:59.295000,ANT,12,0 days 00:01:34.121000,69.0,1.0,,0 days 02:28:35.673000,0 days 00:00:19.786000,0 days 00:00:36.682000,0 days 00:00:37.653000,0 days 02:27:44.960000,0 days 02:28:21.642000,0 days 02:28:59.295000,200.0,183.0,,276.0,False,HARD,69.0,True,Mercedes,0 days 02:27:25.174000,,1,18.0,,,False,False,2025,8
0 days 02:30:18.798000,ANT,12,0 days 00:01:19.503000,70.0,2.0,0 days 02:29:00.047000,,0 days 00:00:23.648000,0 days 00:00:36.183000,0 days 00:00:19.672000,0 days 02:29:22.943000,0 days 02:29:59.126000,0 days 02:30:18.798000,197.0,192.0,260.0,281.0,False,MEDIUM,1.0,True,Mercedes,0 days 02:28:59.295000,,1,18.0,,,False,False,2025,8
0 days 02:31:50.310000,ANT,12,0 days 00:01:31.512000,71.0,2.0,,0 days 02:31:26.292000,0 days 00:00:19.316000,0 days 00:00:34.860000,0 days 00:00:37.336000,0 days 02:30:38.114000,0 days 02:31:12.974000,0 days 02:31:50.310000,214.0,196.0,,282.0,False,MEDIUM,2.0,True,Mercedes,0 days 02:30:18.798000,,1,18.0,,,False,False,2025,8
0 days 02:33:09.319000,ANT,12,0 days 00:01:19.009000,72.0,3.0,0 days 02:31:51.023000,,0 days 00:00:22.866000,0 days 00:00:35.872000,0 days 00:00:20.271000,0 days 02:32:13.176000,0 days 02:32:49.048000,0 days 02:33:09.319000,207.0,191.0,261.0,279.0,False,HARD,1.0,True,Mercedes,0 days 02:31:50.310000,,1,18.0,,,False,False,2025,8
0 days 01:18:53.656000,ALO,14,0 days 00:01:34.168000,16.0,1.0,,0 days 01:18:29.008000,0 days 00:00:20.009000,0 days 00:00:35.857000,0 days 00:00:38.302000,0 days 01:17:39.552000,0 days 01:18:15.409000,0 days 01:18:53.711000,205.0,191.0,,277.0,False,HARD,17.0,False,Aston Martin,0 days 01:17:19.488000,,1,6.0,,,False,False,2025,8
0 days 01:20:13.939000,ALO,14,0 days 00:01:20.283000,17.0,2.0,0 days 01:18:54.476000,,0 days 00:00:22.958000,0 days 00:00:37.053000,0 days 00:00:20.272000,0 days 01:19:16.669000,0 days 01:19:53.722000,0 days 01:20:13.994000,189.0,186.0,256.0,276.0,False,HARD,2.0,False,Aston Martin,0 days 01:18:53.656000,,1,7.0,,,False,False,2025,8
0 days 01:26:13.768000,LEC,16,0 days 00:01:32.412000,22.0,1.0,,0 days 01:25:50.970000,0 days 00:00:19.607000,0 days 00:00:36.094000,0 days 00:00:36.711000,0 days 01:25:00.985000,0 days 01:25:37.079000,0 days 01:26:13.790000,204.0,188.0,,280.0,False,MEDIUM,22.0,True,Ferrari,0 days 01:24:41.356000,,1,3.0,,,False,False,2025,8
0 days 01:27:33.867000,LEC,16,0 days 00:01:20.099000,23.0,2.0,0 days 01:26:14.501000,,0 days 00:00:23.227000,0 days 00:00:36.554000,0 days 00:00:20.318000,0 days 01:26:37.017000,0 days 01:27:13.571000,0 days 01:27:33.889000,192.0,188.0,256.0,276.0,False,HARD,1.0,True,Ferrari,0 days 01:26:13.768000,,1,3.0,,,False,False,2025,8
0 days 02:00:15.764000,LEC,16,0 days 00:01:31.977000,49.0,2.0,,0 days 01:59:52.894000,0 days 00:00:19.562000,0 days 00:00:35.663000,0 days 00:00:36.752000,0 days 01:59:03.371000,0 days 01:59:39.034000,0 days 02:00:15.786000,202.0,196.0,,284.0,False,HARD,27.0,True,Ferrari,0 days 01:58:43.787000,,1,3.0,,,False,False,2025,8
0 days 02:01:32.864000,LEC,16,0 days 00:01:17.100000,50.0,3.0,0 days 02:00:16.472000,,0 days 00:00:22.255000,0 days 00:00:35.258000,0 days 00:00:19.587000,0 days 02:00:38.041000,0 days 02:01:13.299000,0 days 02:01:32.886000,198.0,199.0,258.0,275.0,False,MEDIUM,4.0,False,Ferrari,0 days 02:00:15.764000,,1,3.0,,,False,False,2025,8
0 days 01:20:45.239000,STR,18,0 days 00:01:37.825000,17.0,1.0,,0 days 01:20:22.010000,0 days 00:00:21.311000,0 days 00:00:38.216000,0 days 00:00:38.298000,0 days 01:19:28.757000,0 days 01:20:06.973000,0 days 01:20:45.271000,171.0,181.0,,283.0,False,HARD,18.0,False,Aston Martin,0 days 01:19:07.414000,,1,18.0,,,False,False,2025,8
0 days 01:22:04.802000,STR,18,0 days 00:01:19.563000,18.0,2.0,0 days 01:20:45.968000,,0 days 00:00:23.073000,0 days 00:00:36.169000,0 days 00:00:20.321000,0 days 01:21:08.344000,0 days 01:21:44.513000,0 days 01:22:04.834000,196.0,191.0,258.0,277.0,False,HARD,2.0,False,Aston Martin,0 days 01:20:45.239000,,1,18.0,,,False,False,2025,8
0 days 02:22:39.175000,STR,18,0 days 00:01:37.177000,64.0,2.0,,0 days 02:22:14.083000,0 days 00:00:20.516000,0 days 00:00:37.060000,0 days 00:00:39.601000,0 days 02:21:22.546000,0 days 02:21:59.606000,0 days 02:22:39.207000,195.0,185.0,,283.0,False,HARD,48.0,False,Aston Martin,0 days 02:21:01.998000,,1,18.0,,,False,False,2025,8
0 days 02:23:57.119000,STR,18,0 days 00:01:17.944000,65.0,3.0,0 days 02:22:39.958000,,0 days 00:00:22.153000,0 days 00:00:35.691000,0 days 00:00:20.100000,0 days 02:23:01.360000,0 days 02:23:37.051000,0 days 02:23:57.151000,200.0,191.0,262.0,281.0,False,MEDIUM,2.0,False,Aston Martin,0 days 02:22:39.175000,,1,18.0,,,False,False,2025,8
0 days 00:57:59.546000,TSU,22,0 days 00:01:50.476000,1.0,1.0,,0 days 00:57:35.742000,,0 days 00:00:40.335000,0 days 00:00:39.397000,,0 days 00:57:20.206000,0 days 00:57:59.756000,164.0,180.0,,274.0,False,SOFT,1.0,True,Red Bull Racing,0 days 00:56:08.809000,,126,17.0,,,False,False,2025,8
0 days 00:59:48.422000,TSU,22,0 days 00:01:48.876000,2.0,2.0,0 days 00:58:00.228000,,0 days 00:00:31.845000,0 days 00:00:47.901000,0 days 00:00:29.130000,0 days 00:58:31.421000,0 days 00:59:19.322000,0 days 00:59:48.452000,129.0,155.0,178.0,251.0,False,HARD,1.0,True,Red Bull Racing,0 days 00:57:59.546000,,6,17.0,,,False,False,2025,8
0 days 02:34:04.496000,TSU,22,0 days 00:01:31.926000,73.0,2.0,,0 days 02:33:41.231000,0 days 00:00:19.623000,0 days 00:00:35.537000,0 days 00:00:36.766000,0 days 02:32:52.223000,0 days 02:33:27.760000,0 days 02:34:04.526000,207.0,196.0,,278.0,False,HARD,72.0,True,Red Bull Racing,0 days 02:32:32.570000,,1,17.0,,,False,False,2025,8
0 days 02:35:23.963000,TSU,22,0 days 00:01:19.467000,74.0,3.0,0 days 02:34:05.123000,,0 days 00:00:23.105000,0 days 00:00:36.228000,0 days 00:00:20.134000,0 days 02:34:27.631000,0 days 02:35:03.859000,0 days 02:35:23.993000,196.0,187.0,258.0,281.0,False,MEDIUM,1.0,True,Red Bull Racing,0 days 02:34:04.496000,,1,17.0,,,False,False,2025,8
0 days 01:40:03.935000,ALB,23,0 days 00:01:32.994000,32.0,1.0,,0 days 01:39:40.820000,0 days 00:00:20.118000,0 days 00:00:35.999000,0 days 00:00:36.877000,0 days 01:38:51.078000,0 days 01:39:27.077000,0 days 01:40:03.954000,207.0,188.0,,276.0,False,MEDIUM,36.0,False,Williams,0 days 01:38:30.941000,,1,9.0,,,False,False,2025,8
0 days 01:41:26.171000,ALB,23,0 days 00:01:22.236000,33.0,2.0,0 days 01:40:04.702000,,0 days 00:00:24.385000,0 days 00:00:37.059000,0 days 00:00:20.792000,0 days 01:40:28.339000,0 days 01:41:05.398000,0 days 01:41:26.190000,182.0,181.0,255.0,275.0,False,MEDIUM,9.0,False,Williams,0 days 01:40:03.935000,,1,10.0,,,False,False,2025,8
0 days 01:50:38.110000,ALB,23,0 days 00:01:32.156000,40.0,2.0,,0 days 01:50:14.937000,0 days 00:00:19.670000,0 days 00:00:35.565000,0 days 00:00:36.921000,0 days 01:49:25.643000,0 days 01:50:01.208000,0 days 01:50:38.129000,207.0,194.0,,279.0,False,MEDIUM,16.0,False,Williams,0 days 01:49:05.954000,,1,9.0,,,False,False,2025,8
0 days 01:51:59.508000,ALB,23,0 days 00:01:21.398000,41.0,3.0,0 days 01:50:38.922000,,0 days 00:00:23.718000,0 days 00:00:37.051000,0 days 00:00:20.629000,0 days 01:51:01.847000,0 days 01:51:38.898000,0 days 01:51:59.527000,186.0,182.0,256.0,274.0,False,HARD,1.0,True,Williams,0 days 01:50:38.110000,,1,9.0,,,False,False,2025,8
0 days 01:14:03.762000,HUL,27,0 days 00:01:36.743000,12.0,1.0,,0 days 01:13:40.488000,0 days 00:00:21.116000,0 days 00:00:37.719000,0 days 00:00:37.908000,0 days 01:12:48.148000,0 days 01:13:25.867000,0 days 01:14:03.775000,190.0,181.0,,278.0,False,MEDIUM,12.0,True,Kick Sauber,0 days 01:12:27.019000,,1,19.0,,,False,False,2025,8
0 days 01:15:22.041000,HUL,27,0 days 00:01:18.279000,13.0,2.0,0 days 01:14:04.463000,,0 days 00:00:22.322000,0 days 00:00:35.879000,0 days 00:00:20.078000,0 days 01:14:26.097000,0 days 01:15:01.976000,0 days 01:15:22.054000,200.0,190.0,254.0,275.0,False,HARD,1.0,True,Kick Sauber,0 days 01:14:03.762000,,1,18.0,,,False,False,2025,8
0 days 01:56:15.148000,HUL,27,0 days 00:01:35.627000,44.0,2.0,,0 days 01:55:51.467000,0 days 00:00:20.541000,0 days 00:00:37.081000,0 days 00:00:38.005000,0 days 01:55:00.075000,0 days 01:55:37.156000,0 days 01:56:15.161000,202.0,189.0,,282.0,False,HARD,32.0,True,Kick Sauber,0 days 01:54:39.521000,,1,18.0,,,False,False,2025,8
0 days 01:57:34.216000,HUL,27,0 days 00:01:19.068000,45.0,3.0,0 days 01:56:15.957000,,0 days 00:00:22.798000,0 days 00:00:36.085000,0 days 00:00:20.185000,0 days 01:56:37.959000,0 days 01:57:14.044000,0 days 01:57:34.229000,203.0,186.0,256.0,276.0,False,SOFT,1.0,True,Kick Sauber,0 days 01:56:15.148000,,1,18.0,,,False,False,2025,8
0 days 01:38:45.919000,LAW,30,0 days 00:01:33.531000,31.0,1.0,,0 days 01:38:22.830000,0 days 00:00:19.934000,0 days 00:00:36.323000,0 days 00:00:37.274000,0 days 01:37:32.366000,0 days 01:38:08.689000,0 days 01:38:45.963000,209.0,192.0,,275.0,False,MEDIUM,31.0,True,Racing Bulls,0 days 01:37:12.388000,,1,10.0,,,False,False,2025,8
0 days 01:40:05.120000,LAW,30,0 days 00:01:19.201000,32.0,2.0,0 days 01:38:46.736000,,0 days 00:00:22.999000,0 days 00:00:36.211000,0 days 00:00:19.991000,0 days 01:39:08.962000,0 days 01:39:45.173000,0 days 01:40:05.164000,172.0,193.0,256.0,275.0,False,SOFT,4.0,False,Racing Bulls,0 days 01:38:45.919000,,1,10.0,,,False,False,2025,8
0 days 01:50:36.164000,LAW,30,0 days 00:01:32.467000,40.0,2.0,,0 days 01:50:12.953000,0 days 00:00:19.821000,0 days 00:00:35.595000,0 days 00:00:37.051000,0 days 01:49:23.562000,0 days 01:49:59.157000,0 days 01:50:36.208000,205.0,194.0,,277.0,False,SOFT,12.0,False,Racing Bulls,0 days 01:49:03.697000,,1,8.0,,,False,False,2025,8
0 days 01:51:57.047000,LAW,30,0 days 00:01:20.883000,41.0,3.0,0 days 01:50:37,,0 days 00:00:23.241000,0 days 00:00:36.970000,0 days 00:00:20.672000,0 days 01:50:59.449000,0 days 01:51:36.419000,0 days 01:51:57.091000,180.0,187.0,256.0,275.0,False,HARD,2.0,False,Racing Bulls,0 days 01:50:36.164000,,1,8.0,,,False,False,2025,8
0 days 01:18:58.794000,OCO,31,0 days 00:01:34.940000,16.0,1.0,,0 days 01:18:33.961000,0 days 00:00:20.242000,0 days 00:00:35.992000,0 days 00:00:38.706000,0 days 01:17:44.116000,0 days 01:18:20.108000,0 days 01:18:58.814000,193.0,191.0,,277.0,False,MEDIUM,16.0,True,Haas F1 Team,0 days 01:17:23.854000,,1,8.0,,,False,False,2025,8
0 days 01:20:17.595000,OCO,31,0 days 00:01:18.801000,17.0,2.0,0 days 01:18:59.601000,,0 days 00:00:23.085000,0 days 00:00:35.915000,0 days 00:00:19.801000,0 days 01:19:21.899000,0 days 01:19:57.814000,0 days 01:20:17.615000,186.0,193.0,257.0,275.0,False,MEDIUM,5.0,False,Haas F1 Team,0 days 01:18:58.794000,,1,8.0,,,False,False,2025,8
0 days 01:34:43.654000,OCO,31,0 days 00:01:34.005000,28.0,2.0,,0 days 01:34:19.654000,0 days 00:00:20.171000,0 days 00:00:35.989000,0 days 00:00:37.845000,0 days 01:33:29.840000,0 days 01:34:05.829000,0 days 01:34:43.674000,189.0,193.0,,277.0,False,MEDIUM,16.0,False,Haas F1 Team,0 days 01:33:09.649000,,1,10.0,,,False,False,2025,8
0 days 01:36:03.142000,OCO,31,0 days 00:01:19.488000,29.0,3.0,0 days 01:34:44.406000,,0 days 00:00:23.141000,0 days 00:00:36.162000,0 days 00:00:20.185000,0 days 01:35:06.815000,0 days 01:35:42.977000,0 days 01:36:03.162000,180.0,193.0,257.0,276.0,False,HARD,1.0,True,Haas F1 Team,0 days 01:34:43.654000,,1,10.0,,,False,False,2025,8
0 days 01:22:24.435000,NOR,4,0 days 00:01:32.254000,19.0,1.0,,0 days 01:22:00.706000,0 days 00:00:19.653000,0 days 00:00:35.366000,0 days 00:00:37.235000,0 days 01:21:11.881000,0 days 01:21:47.247000,0 days 01:22:24.482000,204.0,199.0,,279.0,False,MEDIUM,19.0,True,McLaren,0 days 01:20:52.181000,,1,4.0,,,False,False,2025,8
0 days 01:23:42.468000,NOR,4,0 days 00:01:18.033000,20.0,2.0,0 days 01:22:25.221000,,0 days 00:00:22.708000,0 days 00:00:35.363000,0 days 00:00:19.962000,0 days 01:22:47.190000,0 days 01:23:22.553000,0 days 01:23:42.515000,198.0,197.0,257.0,275.0,False,HARD,1.0,True,McLaren,0 days 01:22:24.435000,,1,3.0,,,False,False,2025,8
0 days 02:01:25.961000,NOR,4,0 days 00:01:30.893000,50.0,2.0,,0 days 02:01:03.269000,0 days 00:00:19.674000,0 days 00:00:35.075000,0 days 00:00:36.144000,0 days 02:00:14.789000,0 days 02:00:49.864000,0 days 02:01:26.008000,205.0,203.0,,275.0,False,HARD,31.0,True,McLaren,0 days 01:59:55.068000,,1,2.0,,,False,False,2025,8
0 days 02:02:44.198000,NOR,4,0 days 00:01:18.237000,51.0,3.0,0 days 02:01:26.738000,,0 days 00:00:22.407000,0 days 00:00:35.760000,0 days 00:00:20.070000,0 days 02:01:48.415000,0 days 02:02:24.175000,0 days 02:02:44.245000,205.0,197.0,260.0,281.0,False,HARD,1.0,True,McLaren,0 days 02:01:25.961000,,1,2.0,,,False,False,2025,8
0 days 01:15:25.078000,COL,43,0 days 00:01:35.917000,13.0,1.0,,0 days 01:15:01.421000,0 days 00:00:20.886000,0 days 00:00:37.175000,0 days 00:00:37.856000,0 days 01:14:10.098000,0 days 01:14:47.273000,0 days 01:15:25.129000,184.0,187.0,,277.0,False,HARD,13.0,True,Alpine,0 days 01:13:49.161000,,1,19.0,,,False,False,2025,8
0 days 01:16:45.140000,COL,43,0 days 00:01:20.062000,14.0,2.0,0 days 01:15:25.791000,,0 days 00:00:23.649000,0 days 00:00:36.345000,0 days 00:00:20.068000,0 days 01:15:48.778000,0 days 01:16:25.123000,0 days 01:16:45.191000,185.0,190.0,254.0,274.0,False,MEDIUM,8.0,False,Alpine,0 days 01:15:25.078000,,1,19.0,,,False,False,2025,8
0 days 01:32:33.791000,COL,43,0 days 00:01:35.572000,26.0,2.0,,0 days 01:32:09.986000,0 days 00:00:20.336000,0 days 00:00:37.145000,0 days 00:00:38.091000,0 days 01:31:18.606000,0 days 01:31:55.751000,0 days 01:32:33.842000,194.0,189.0,,279.0,False,MEDIUM,20.0,False,Alpine,0 days 01:30:58.219000,,1,19.0,,,False,False,2025,8
0 days 01:33:54.028000,COL,43,0 days 00:01:20.237000,27.0,3.0,0 days 01:32:34.627000,,0 days 00:00:24.137000,0 days 00:00:36.107000,0 days 00:00:19.993000,0 days 01:32:57.979000,0 days 01:33:34.086000,0 days 01:33:54.079000,181.0,192.0,258.0,278.0,False,MEDIUM,1.0,True,Alpine,0 days 01:32:33.791000,,1,19.0,,,False,False,2025,8
0 days 01:21:24.024000,HAM,44,0 days 00:01:31.862000,18.0,1.0,,0 days 01:21:01.299000,0 days 00:00:19.705000,0 days 00:00:35.837000,0 days 00:00:36.320000,0 days 01:20:11.907000,0 days 01:20:47.744000,0 days 01:21:24.064000,208.0,194.0,,276.0,False,HARD,18.0,True,Ferrari,0 days 01:19:52.162000,,1,5.0,,,False,False,2025,8
0 days 01:22:42.066000,HAM,44,0 days 00:01:18.042000,19.0,2.0,0 days 01:21:24.815000,,0 days 00:00:22.287000,0 days 00:00:35.664000,0 days 00:00:20.091000,0 days 01:21:46.351000,0 days 01:22:22.015000,0 days 01:22:42.106000,201.0,190.0,254.0,274.0,False,HARD,2.0,False,Ferrari,0 days 01:21:24.024000,,1,5.0,,,False,False,2025,8
0 days 02:09:39.914000,HAM,44,0 days 00:01:33.566000,56.0,2.0,,0 days 02:09:16.665000,0 days 00:00:19.953000,0 days 00:00:36.254000,0 days 00:00:37.359000,0 days 02:08:26.341000,0 days 02:09:02.595000,0 days 02:09:39.954000,200.0,192.0,,282.0,False,HARD,39.0,False,Ferrari,0 days 02:08:06.348000,,1,5.0,,,False,False,2025,8
0 days 02:11:01.382000,HAM,44,0 days 00:01:21.468000,57.0,3.0,0 days 02:09:40.706000,,0 days 00:00:23.190000,0 days 00:00:37.238000,0 days 00:00:21.040000,0 days 02:10:03.144000,0 days 02:10:40.382000,0 days 02:11:01.422000,179.0,187.0,256.0,271.0,False,MEDIUM,4.0,False,Ferrari,0 days 02:09:39.914000,,1,5.0,,,False,False,2025,8
0 days 00:58:34.634000,BOR,5,0 days 00:02:25.564000,1.0,1.0,,0 days 00:57:58.119000,,0 days 00:00:58.901000,0 days 00:00:54.994000,,0 days 00:57:39.833000,0 days 00:58:34.794000,153.0,170.0,,222.0,False,MEDIUM,1.0,True,Kick Sauber,0 days 00:56:08.809000,,126,20.0,,,False,False,2025,8
0 days 01:00:24.380000,BOR,5,0 days 00:01:49.746000,2.0,2.0,0 days 00:58:35.435000,,0 days 00:00:31.568000,0 days 00:00:48.667000,0 days 00:00:29.511000,0 days 00:59:06.230000,0 days 00:59:54.897000,0 days 01:00:24.408000,115.0,164.0,179.0,178.0,False,HARD,1.0,True,Kick Sauber,0 days 00:58:34.634000,,6,20.0,,,False,False,2025,8
0 days 01:32:32.648000,BOR,5,0 days 00:01:36.175000,26.0,2.0,,0 days 01:32:08.977000,0 days 00:00:20.533000,0 days 00:00:37.357000,0 days 00:00:38.285000,0 days 01:31:17.034000,0 days 01:31:54.391000,0 days 01:32:32.676000,195.0,188.0,,278.0,False,HARD,25.0,True,Kick Sauber,0 days 01:30:56.473000,,1,18.0,,,False,False,2025,8
0 days 01:33:52.857000,BOR,5,0 days 00:01:20.209000,27.0,3.0,0 days 01:32:33.502000,,0 days 00:00:22.930000,0 days 00:00:35.698000,0 days 00:00:21.581000,0 days 01:32:55.606000,0 days 01:33:31.304000,0 days 01:33:52.885000,195.0,189.0,236.0,277.0,False,SOFT,1.0,True,Kick Sauber,0 days 01:32:32.648000,,1,18.0,,,False,False,2025,8
0 days 01:44:30.973000,BOR,5,0 days 00:01:35.247000,35.0,3.0,,0 days 01:44:07.465000,0 days 00:00:20.264000,0 days 00:00:36.876000,0 days 00:00:38.107000,0 days 01:43:16.018000,0 days 01:43:52.894000,0 days 01:44:31.001000,191.0,191.0,,282.0,False,SOFT,9.0,True,Kick Sauber,0 days 01:42:55.726000,,1,19.0,,,False,False,2025,8
0 days 01:45:49.580000,BOR,5,0 days 00:01:18.607000,36.0,4.0,0 days 01:44:31.908000,,0 days 00:00:23.022000,0 days 00:00:35.628000,0 days 00:00:19.957000,0 days 01:44:54.023000,0 days 01:45:29.651000,0 days 01:45:49.608000,197.0,192.0,254.0,273.0,False,MEDIUM,1.0,False,Kick Sauber,0 days 01:44:30.973000,,1,19.0,,,False,False,2025,8
0 days 02:01:09.754000,SAI,55,0 days 00:01:32.875000,48.0,1.0,,0 days 02:00:46.035000,0 days 00:00:19.720000,0 days 00:00:35.874000,0 days 00:00:37.281000,0 days 01:59:56.627000,0 days 02:00:32.501000,0 days 02:01:09.782000,211.0,195.0,,276.0,False,HARD,48.0,True,Williams,0 days 01:59:36.879000,,1,9.0,,,False,False,2025,8
0 days 02:02:28.716000,SAI,55,0 days 00:01:18.962000,49.0,2.0,0 days 02:01:10.441000,,0 days 00:00:22.449000,0 days 00:00:36.265000,0 days 00:00:20.248000,0 days 02:01:32.231000,0 days 02:02:08.496000,0 days 02:02:28.744000,200.0,191.0,255.0,271.0,False,MEDIUM,1.0,True,Williams,0 days 02:01:09.754000,,1,9.0,,,False,False,2025,8
0 days 02:07:44.579000,SAI,55,0 days 00:01:31.446000,53.0,2.0,,0 days 02:07:21.272000,0 days 00:00:19.485000,0 days 00:00:35.348000,0 days 00:00:36.613000,0 days 02:06:32.646000,0 days 02:07:07.994000,0 days 02:07:44.607000,212.0,187.0,,274.0,False,MEDIUM,5.0,True,Williams,0 days 02:06:13.133000,,1,9.0,,,False,False,2025,8
0 days 02:09:05.280000,SAI,55,0 days 00:01:20.701000,54.0,3.0,0 days 02:07:45.278000,,0 days 00:00:23.543000,0 days 00:00:37.078000,0 days 00:00:20.080000,0 days 02:08:08.150000,0 days 02:08:45.228000,0 days 02:09:05.308000,127.0,190.0,257.0,277.0,False,MEDIUM,9.0,False,Williams,0 days 02:07:44.579000,,1,9.0,,,False,False,2025,8
0 days 01:16:18.636000,HAD,6,0 days 00:01:34.072000,14.0,1.0,,0 days 01:15:55.354000,0 days 00:00:19.969000,0 days 00:00:36.266000,0 days 00:00:37.837000,0 days 01:15:04.556000,0 days 01:15:40.822000,0 days 01:16:18.659000,196.0,191.0,,277.0,False,MEDIUM,14.0,True,Racing Bulls,0 days 01:14:44.564000,,1,8.0,,,False,False,2025,8
0 days 01:17:38.407000,HAD,6,0 days 00:01:19.771000,15.0,2.0,0 days 01:16:19.448000,,0 days 00:00:23.110000,0 days 00:00:36.409000,0 days 00:00:20.252000,0 days 01:16:41.769000,0 days 01:17:18.178000,0 days 01:17:38.430000,184.0,190.0,253.0,275.0,False,SOFT,4.0,False,Racing Bulls,0 days 01:16:18.636000,,1,8.0,,,False,False,2025,8
0 days 01:23:01.275000,HAD,6,0 days 00:01:33.324000,19.0,2.0,,0 days 01:22:38.206000,0 days 00:00:20.005000,0 days 00:00:36.117000,0 days 00:00:37.202000,0 days 01:21:47.979000,0 days 01:22:24.096000,0 days 01:23:01.298000,201.0,192.0,,276.0,False,SOFT,8.0,False,Racing Bulls,0 days 01:21:27.951000,,1,8.0,,,False,False,2025,8
0 days 01:24:20.450000,HAD,6,0 days 00:01:19.175000,20.0,3.0,0 days 01:23:01.956000,,0 days 00:00:23.001000,0 days 00:00:36.193000,0 days 00:00:19.981000,0 days 01:23:24.299000,0 days 01:24:00.492000,0 days 01:24:20.473000,194.0,192.0,253.0,274.0,False,HARD,2.0,False,Racing Bulls,0 days 01:23:01.275000,,1,8.0,,,False,False,2025,8
0 days 02:07:45.937000,RUS,63,0 days 00:01:27.933000,53.0,1.0,,0 days 02:07:27.309000,0 days 00:00:19.740000,0 days 00:00:35.962000,0 days 00:00:32.231000,0 days 02:06:37.777000,0 days 02:07:13.739000,0 days 02:07:45.970000,203.0,194.0,,278.0,False,HARD,53.0,True,Mercedes,0 days 02:06:18.004000,,1,10.0,,,False,False,2025,8
0 days 02:09:06.719000,RUS,63,0 days 00:01:20.782000,54.0,2.0,0 days 02:07:46.715000,,0 days 00:00:23.611000,0 days 00:00:36.740000,0 days 00:00:20.431000,0 days 02:08:09.581000,0 days 02:08:46.321000,0 days 02:09:06.752000,195.0,192.0,261.0,282.0,False,MEDIUM,1.0,True,Mercedes,0 days 02:07:45.937000,,1,10.0,,,False,False,2025,8
0 days 02:19:36.770000,RUS,63,0 days 00:01:34.078000,62.0,2.0,,0 days 02:19:12.534000,0 days 00:00:19.745000,0 days 00:00:36.358000,0 days 00:00:37.975000,0 days 02:18:22.470000,0 days 02:18:58.828000,0 days 02:19:36.803000,207.0,193.0,,280.0,False,MEDIUM,9.0,True,Mercedes,0 days 02:18:02.692000,,1,11.0,,,False,False,2025,8
0 days 02:20:54.531000,RUS,63,0 days 00:01:17.761000,63.0,2.0,0 days 02:19:37.454000,,0 days 00:00:22.363000,0 days 00:00:35.650000,0 days 00:00:19.748000,0 days 02:19:59.166000,0 days 02:20:34.816000,0 days 02:20:54.564000,201.0,196.0,260.0,278.0,False,MEDIUM,10.0,True,Mercedes,0 days 02:19:36.770000,,1,11.0,,,False,False,2025,8
0 days 02:27:21.153000,RUS,63,0 days 00:01:31.077000,68.0,2.0,,0 days 02:26:57.920000,0 days 00:00:19.230000,0 days 00:00:35.169000,0 days 00:00:36.678000,0 days 02:26:09.339000,0 days 02:26:44.508000,0 days 02:27:21.186000,211.0,197.0,,281.0,False,MEDIUM,15.0,True,Mercedes,0 days 02:25:50.076000,,1,11.0,,,False,False,2025,8
0 days 02:28:39.272000,RUS,63,0 days 00:01:18.119000,69.0,3.0,0 days 02:27:21.897000,,0 days 00:00:22.530000,0 days 00:00:35.801000,0 days 00:00:19.788000,0 days 02:27:43.716000,0 days 02:28:19.517000,0 days 02:28:39.305000,203.0,197.0,258.0,278.0,False,HARD,1.0,True,Mercedes,0 days 02:27:21.153000,,1,11.0,,,False,False,2025,8
0 days 01:23:47.314000,PIA,81,0 days 00:01:33.720000,20.0,1.0,,0 days 01:23:22.299000,0 days 00:00:19.728000,0 days 00:00:35.365000,0 days 00:00:38.627000,0 days 01:22:33.348000,0 days 01:23:08.713000,0 days 01:23:47.340000,202.0,196.0,,279.0,False,MEDIUM,20.0,True,McLaren,0 days 01:22:13.594000,,1,4.0,,,False,False,2025,8
0 days 01:25:05.328000,PIA,81,0 days 00:01:18.014000,21.0,2.0,0 days 01:23:48.158000,,0 days 00:00:22.592000,0 days 00:00:35.549000,0 days 00:00:19.873000,0 days 01:24:09.932000,0 days 01:24:45.481000,0 days 01:25:05.354000,200.0,193.0,257.0,275.0,False,HARD,1.0,True,McLaren,0 days 01:23:47.314000,,1,4.0,,,False,False,2025,8
0 days 01:59:09.229000,PIA,81,0 days 00:01:31.028000,48.0,2.0,,0 days 01:58:46.120000,0 days 00:00:19.507000,0 days 00:00:35.054000,0 days 00:00:36.467000,0 days 01:57:57.734000,0 days 01:58:32.788000,0 days 01:59:09.255000,208.0,200.0,,282.0,False,HARD,28.0,True,McLaren,0 days 01:57:38.201000,,1,4.0,,,False,False,2025,8
0 days 02:00:27.690000,PIA,81,0 days 00:01:18.461000,49.0,3.0,0 days 01:59:10.050000,,0 days 00:00:22.763000,0 days 00:00:35.937000,0 days 00:00:19.761000,0 days 01:59:32.018000,0 days 02:00:07.955000,0 days 02:00:27.716000,198.0,195.0,261.0,278.0,False,HARD,1.0,True,McLaren,0 days 01:59:09.229000,,1,4.0,,,False,False,2025,8
0 days 00:58:29.002000,BEA,87,0 days 00:02:19.932000,1.0,1.0,,0 days 00:57:39.578000,,0 days 00:00:42.114000,0 days 00:01:04.803000,,0 days 00:57:24.305000,0 days 00:58:29.060000,147.0,176.0,,277.0,False,MEDIUM,1.0,True,Haas F1 Team,0 days 00:56:08.809000,,126,19.0,,,False,False,2025,8
0 days 01:00:19.656000,BEA,87,0 days 00:01:50.654000,2.0,2.0,0 days 00:58:29.747000,,0 days 00:00:31.873000,0 days 00:00:49.013000,0 days 00:00:29.768000,0 days 00:59:00.904000,0 days 00:59:49.917000,0 days 01:00:19.685000,143.0,139.0,177.0,231.0,False,HARD,1.0,True,Haas F1 Team,0 days 00:58:29.002000,,6,19.0,,,False,False,2025,8
0 days 01:20:47.113000,BEA,87,0 days 00:01:37.866000,17.0,2.0,,0 days 01:20:23.516000,0 days 00:00:20.871000,0 days 00:00:38.203000,0 days 00:00:38.792000,0 days 01:19:30.147000,0 days 01:20:08.350000,0 days 01:20:47.142000,180.0,183.0,,283.0,False,HARD,16.0,True,Haas F1 Team,0 days 01:19:09.247000,,1,19.0,,,False,False,2025,8
0 days 01:22:05.539000,BEA,87,0 days 00:01:18.426000,18.0,3.0,0 days 01:20:47.949000,,0 days 00:00:22.546000,0 days 00:00:35.656000,0 days 00:00:20.224000,0 days 01:21:09.688000,0 days 01:21:45.344000,0 days 01:22:05.568000,198.0,195.0,264.0,278.0,False,MEDIUM,1.0,True,Haas F1 Team,0 days 01:20:47.113000,,1,19.0,,,False,False,2025,8
0 days 01:16:53.688000,VER,1,0 days 00:01:26.030000,13.0,1.0,,0 days 01:16:50.998000,0 days 00:00:24.522000,0 days 00:00:33.331000,0 days 00:00:28.177000,0 days 01:15:52.195000,0 days 01:16:25.526000,0 days 01:16:53.703000,250.0,268.0,,309.0,False,SOFT,16.0,False,Red Bull Racing,0 days 01:15:27.658000,,1,3.0,,,False,False,2025,9
0 days 01:18:30.888000,VER,1,0 days 00:01:37.200000,14.0,2.0,0 days 01:17:12.799000,,0 days 00:00:41.850000,0 days 00:00:31.809000,0 days 00:00:23.541000,0 days 01:17:35.553000,0 days 01:18:07.362000,0 days 01:18:30.903000,264.0,267.0,282.0,252.0,False,SOFT,1.0,True,Red Bull Racing,0 days 01:16:53.688000,,1,8.0,,,False,False,2025,9
0 days 01:38:35.823000,VER,1,0 days 00:01:24.509000,29.0,2.0,,0 days 01:38:33.050000,0 days 00:00:23.843000,0 days 00:00:32.715000,0 days 00:00:27.951000,0 days 01:37:35.172000,0 days 01:38:07.887000,0 days 01:38:35.838000,265.0,274.0,,309.0,False,SOFT,16.0,True,Red Bull Racing,0 days 01:37:11.314000,,1,2.0,,,False,False,2025,9
0 days 01:40:12.102000,VER,1,0 days 00:01:36.279000,30.0,3.0,0 days 01:38:55.114000,,0 days 00:00:41.636000,0 days 00:00:31.283000,0 days 00:00:23.360000,0 days 01:39:17.474000,0 days 01:39:48.757000,0 days 01:40:12.117000,265.0,270.0,282.0,253.0,False,MEDIUM,1.0,True,Red Bull Racing,0 days 01:38:35.823000,,1,4.0,,,False,False,2025,9
0 days 02:02:46.795000,VER,1,0 days 00:01:23.558000,47.0,3.0,,0 days 02:02:44.158000,0 days 00:00:23.728000,0 days 00:00:32.149000,0 days 00:00:27.681000,0 days 02:01:46.980000,0 days 02:02:19.129000,0 days 02:02:46.810000,274.0,279.0,,315.0,False,MEDIUM,18.0,True,Red Bull Racing,0 days 02:01:23.237000,,1,3.0,,,False,False,2025,9
0 days 02:04:22.710000,VER,1,0 days 00:01:35.915000,48.0,4.0,0 days 02:03:05.962000,,0 days 00:00:41.938000,0 days 00:00:30.996000,0 days 00:00:22.981000,0 days 02:03:28.748000,0 days 02:03:59.744000,0 days 02:04:22.725000,272.0,276.0,286.0,253.0,False,SOFT,4.0,False,Red Bull Racing,0 days 02:02:46.795000,,1,3.0,,,False,False,2025,9
0 days 02:13:47.433000,VER,1,0 days 00:01:34.644000,55.0,4.0,,0 days 02:13:44.750000,0 days 00:00:23.359000,0 days 00:00:38.480000,0 days 00:00:32.805000,0 days 02:12:36.163000,0 days 02:13:14.643000,0 days 02:13:47.448000,265.0,204.0,,310.0,False,SOFT,11.0,False,Red Bull Racing,0 days 02:12:12.789000,,124,3.0,,,False,False,2025,9
0 days 02:16:12.559000,VER,1,0 days 00:02:25.126000,56.0,5.0,0 days 02:14:07.144000,,0 days 00:00:50.508000,0 days 00:00:54.769000,0 days 00:00:39.849000,0 days 02:14:37.956000,0 days 02:15:32.725000,0 days 02:16:12.574000,247.0,135.0,176.0,250.0,False,HARD,1.0,True,Red Bull Racing,0 days 02:13:47.433000,,4,3.0,,,False,False,2025,9
0 days 01:13:03.286000,GAS,10,0 days 00:01:25.670000,10.0,1.0,,0 days 01:13:00.614000,0 days 00:00:24.290000,0 days 00:00:33.002000,0 days 00:00:28.378000,0 days 01:12:01.921000,0 days 01:12:34.923000,0 days 01:13:03.301000,261.0,268.0,,309.0,False,SOFT,12.0,False,Alpine,0 days 01:11:37.616000,,1,10.0,,,False,False,2025,9
0 days 01:14:42.124000,GAS,10,0 days 00:01:38.838000,11.0,2.0,0 days 01:13:22.762000,,0 days 00:00:42.497000,0 days 00:00:32.059000,0 days 00:00:24.282000,0 days 01:13:45.798000,0 days 01:14:17.857000,0 days 01:14:42.139000,269.0,263.0,276.0,251.0,False,SOFT,4.0,False,Alpine,0 days 01:13:03.286000,,1,14.0,,,False,False,2025,9
0 days 01:42:10.312000,GAS,10,0 days 00:01:26.267000,31.0,2.0,,0 days 01:42:07.569000,0 days 00:00:24.234000,0 days 00:00:33.262000,0 days 00:00:28.771000,0 days 01:41:08.294000,0 days 01:41:41.556000,0 days 01:42:10.327000,265.0,267.0,,310.0,False,SOFT,24.0,False,Alpine,0 days 01:40:44.045000,,1,10.0,,,False,False,2025,9
0 days 01:43:49.851000,GAS,10,0 days 00:01:39.539000,32.0,3.0,0 days 01:42:29.692000,,0 days 00:00:42.593000,0 days 00:00:32.379000,0 days 00:00:24.567000,0 days 01:42:52.920000,0 days 01:43:25.299000,0 days 01:43:49.866000,261.0,265.0,278.0,254.0,False,MEDIUM,1.0,True,Alpine,0 days 01:42:10.312000,,1,17.0,,,False,False,2025,9
0 days 02:15:41.352000,GAS,10,0 days 00:01:50.935000,55.0,3.0,,0 days 02:15:38.580000,0 days 00:00:33.188000,0 days 00:00:43.338000,0 days 00:00:34.409000,0 days 02:14:23.620000,0 days 02:15:06.958000,0 days 02:15:41.367000,219.0,239.0,,243.0,False,MEDIUM,24.0,True,Alpine,0 days 02:13:50.417000,,4,9.0,,,False,False,2025,9
0 days 02:17:28.158000,GAS,10,0 days 00:01:46.806000,56.0,4.0,0 days 02:16:01.418000,,0 days 00:00:45.001000,0 days 00:00:34.027000,0 days 00:00:27.778000,0 days 02:16:26.368000,0 days 02:17:00.395000,0 days 02:17:28.173000,249.0,205.0,281.0,255.0,False,SOFT,4.0,False,Alpine,0 days 02:15:41.352000,,4,9.0,,,False,False,2025,9
0 days 01:28:04.731000,ANT,12,0 days 00:01:26.745000,21.0,1.0,,0 days 01:28:01.961000,0 days 00:00:24.293000,0 days 00:00:33.587000,0 days 00:00:28.865000,0 days 01:27:02.286000,0 days 01:27:35.873000,0 days 01:28:04.738000,267.0,274.0,,307.0,False,SOFT,24.0,False,Mercedes,0 days 01:26:37.986000,,1,4.0,,,False,False,2025,9
0 days 01:29:44.416000,ANT,12,0 days 00:01:39.685000,22.0,2.0,0 days 01:28:24.319000,,0 days 00:00:42.942000,0 days 00:00:32.668000,0 days 00:00:24.075000,0 days 01:28:47.680000,0 days 01:29:20.348000,0 days 01:29:44.423000,269.0,273.0,277.0,250.0,False,MEDIUM,1.0,True,Mercedes,0 days 01:28:04.731000,,1,8.0,,,False,False,2025,9
0 days 02:06:07.660000,ANT,12,0 days 00:01:24.211000,49.0,2.0,,0 days 02:06:04.932000,0 days 00:00:23.722000,0 days 00:00:32.522000,0 days 00:00:27.967000,0 days 02:05:07.178000,0 days 02:05:39.700000,0 days 02:06:07.667000,274.0,276.0,,312.0,False,MEDIUM,28.0,True,Mercedes,0 days 02:04:43.449000,,1,7.0,,,False,False,2025,9
0 days 02:07:47.957000,ANT,12,0 days 00:01:40.297000,50.0,3.0,0 days 02:06:28.379000,,0 days 00:00:44.518000,0 days 00:00:32.152000,0 days 00:00:23.627000,0 days 02:06:52.185000,0 days 02:07:24.337000,0 days 02:07:47.964000,265.0,278.0,279.0,251.0,False,SOFT,4.0,False,Mercedes,0 days 02:06:07.660000,,1,7.0,,,False,False,2025,9
0 days 01:20:10.637000,ALO,14,0 days 00:01:27.958000,15.0,1.0,,0 days 01:20:07.865000,0 days 00:00:24.663000,0 days 00:00:34.086000,0 days 00:00:29.209000,0 days 01:19:07.372000,0 days 01:19:41.458000,0 days 01:20:10.667000,257.0,255.0,,300.0,False,SOFT,17.0,False,Aston Martin,0 days 01:18:42.679000,,1,13.0,,,False,False,2025,9
0 days 01:21:50.924000,ALO,14,0 days 00:01:40.287000,16.0,2.0,0 days 01:20:31.020000,,0 days 00:00:43.468000,0 days 00:00:32.581000,0 days 00:00:24.238000,0 days 01:20:54.135000,0 days 01:21:26.716000,0 days 01:21:50.954000,246.0,258.0,275.0,249.0,False,MEDIUM,2.0,False,Aston Martin,0 days 01:20:10.637000,,1,19.0,,,False,False,2025,9
0 days 01:57:16.190000,ALO,14,0 days 00:01:25.467000,42.0,2.0,,0 days 01:57:13.431000,0 days 00:00:24.097000,0 days 00:00:33.126000,0 days 00:00:28.244000,0 days 01:56:14.850000,0 days 01:56:47.976000,0 days 01:57:16.220000,268.0,271.0,,306.0,False,MEDIUM,28.0,False,Aston Martin,0 days 01:55:50.723000,,1,12.0,,,False,False,2025,9
0 days 01:58:54.709000,ALO,14,0 days 00:01:38.519000,43.0,3.0,0 days 01:57:35.784000,,0 days 00:00:42.627000,0 days 00:00:32.233000,0 days 00:00:23.659000,0 days 01:57:58.847000,0 days 01:58:31.080000,0 days 01:58:54.739000,254.0,265.0,278.0,253.0,False,SOFT,4.0,False,Aston Martin,0 days 01:57:16.190000,,1,16.0,,,False,False,2025,9
0 days 02:13:55.669000,ALO,14,0 days 00:01:37.388000,54.0,3.0,,0 days 02:13:53.176000,0 days 00:00:23.591000,0 days 00:00:40.736000,0 days 00:00:33.061000,0 days 02:12:41.902000,0 days 02:13:22.638000,0 days 02:13:55.699000,262.0,212.0,,309.0,False,SOFT,15.0,False,Aston Martin,0 days 02:12:18.281000,,124,11.0,,,False,False,2025,9
0 days 02:16:14.369000,ALO,14,0 days 00:02:18.700000,55.0,4.0,0 days 02:14:15.132000,,0 days 00:00:48.056000,0 days 00:00:51.391000,0 days 00:00:39.253000,0 days 02:14:43.755000,0 days 02:15:35.146000,0 days 02:16:14.399000,210.0,100.0,165.0,254.0,False,SOFT,4.0,False,Aston Martin,0 days 02:13:55.669000,,4,14.0,,,False,False,2025,9
0 days 01:22:24.885000,LEC,16,0 days 00:01:25.153000,17.0,1.0,,0 days 01:22:22.089000,0 days 00:00:24.018000,0 days 00:00:32.833000,0 days 00:00:28.302000,0 days 01:21:23.793000,0 days 01:21:56.626000,0 days 01:22:24.928000,273.0,284.0,,308.0,False,SOFT,18.0,False,Ferrari,0 days 01:20:59.732000,,1,3.0,,,False,False,2025,9
0 days 01:24:04.056000,LEC,16,0 days 00:01:39.171000,18.0,2.0,0 days 01:22:46.677000,,0 days 00:00:42.623000,0 days 00:00:32.349000,0 days 00:00:24.199000,0 days 01:23:07.551000,0 days 01:23:39.900000,0 days 01:24:04.099000,264.0,272.0,279.0,255.0,False,MEDIUM,1.0,True,Ferrari,0 days 01:22:24.885000,,1,7.0,,,False,False,2025,9
0 days 01:53:35.021000,LEC,16,0 days 00:01:25.756000,40.0,2.0,,0 days 01:53:32.336000,0 days 00:00:23.910000,0 days 00:00:33.227000,0 days 00:00:28.619000,0 days 01:52:33.218000,0 days 01:53:06.445000,0 days 01:53:35.064000,279.0,285.0,,312.0,False,MEDIUM,23.0,True,Ferrari,0 days 01:52:09.265000,,1,4.0,,,False,False,2025,9
0 days 01:55:13.585000,LEC,16,0 days 00:01:38.564000,41.0,3.0,0 days 01:53:54.134000,,0 days 00:00:42.647000,0 days 00:00:31.939000,0 days 00:00:23.978000,0 days 01:54:17.711000,0 days 01:54:49.650000,0 days 01:55:13.628000,270.0,272.0,281.0,257.0,False,MEDIUM,1.0,True,Ferrari,0 days 01:53:35.021000,,1,6.0,,,False,False,2025,9
0 days 02:14:10.507000,LEC,16,0 days 00:01:41.931000,55.0,3.0,,0 days 02:14:07.841000,0 days 00:00:24.319000,0 days 00:00:43.486000,0 days 00:00:34.126000,0 days 02:12:52.938000,0 days 02:13:36.424000,0 days 02:14:10.550000,270.0,184.0,,313.0,False,MEDIUM,15.0,True,Ferrari,0 days 02:12:28.576000,,124,4.0,,,False,False,2025,9
0 days 02:16:18.355000,LEC,16,0 days 00:02:07.848000,56.0,4.0,0 days 02:14:30.183000,,0 days 00:00:47.589000,0 days 00:00:45.192000,0 days 00:00:35.067000,0 days 02:14:58.139000,0 days 02:15:43.331000,0 days 02:16:18.398000,218.0,122.0,153.0,258.0,False,SOFT,4.0,False,Ferrari,0 days 02:14:10.507000,,4,4.0,,,False,False,2025,9
0 days 01:00:47.262000,TSU,22,0 days 00:01:33.614000,1.0,1.0,0 days 00:59:23.884000,,,0 days 00:00:33.422000,0 days 00:00:24.875000,,0 days 01:00:22.445000,0 days 01:00:47.623000,249.0,248.0,279.0,248.0,False,MEDIUM,1.0,True,Red Bull Racing,0 days 00:59:13.393000,,1,19.0,,,False,False,2025,9
0 days 01:10:31.410000,TSU,22,0 days 00:01:27.017000,8.0,1.0,,0 days 01:10:28.681000,0 days 00:00:24.167000,0 days 00:00:33.996000,0 days 00:00:28.854000,0 days 01:09:28.568000,0 days 01:10:02.564000,0 days 01:10:31.418000,249.0,268.0,,336.0,False,MEDIUM,8.0,True,Red Bull Racing,0 days 01:09:04.393000,,1,18.0,,,False,False,2025,9
0 days 01:12:10.388000,TSU,22,0 days 00:01:38.978000,9.0,2.0,0 days 01:10:50.536000,,0 days 00:00:42.680000,0 days 00:00:32.185000,0 days 00:00:24.113000,0 days 01:11:14.098000,0 days 01:11:46.283000,0 days 01:12:10.396000,248.0,277.0,282.0,251.0,False,SOFT,1.0,True,Red Bull Racing,0 days 01:10:31.410000,,1,19.0,,,False,False,2025,9
0 days 01:32:41.921000,TSU,22,0 days 00:01:26.048000,24.0,2.0,,0 days 01:32:39.185000,0 days 00:00:24.234000,0 days 00:00:33.403000,0 days 00:00:28.411000,0 days 01:31:40.115000,0 days 01:32:13.518000,0 days 01:32:41.929000,257.0,269.0,,313.0,False,SOFT,16.0,True,Red Bull Racing,0 days 01:31:15.873000,,1,15.0,,,False,False,2025,9
0 days 01:34:20.575000,TSU,22,0 days 00:01:38.654000,25.0,3.0,0 days 01:33:01.328000,,0 days 00:00:42.788000,0 days 00:00:31.993000,0 days 00:00:23.873000,0 days 01:33:24.717000,0 days 01:33:56.710000,0 days 01:34:20.583000,259.0,276.0,282.0,252.0,False,SOFT,1.0,True,Red Bull Racing,0 days 01:32:41.921000,,1,19.0,,,False,False,2025,9
0 days 02:00:08.993000,TSU,22,0 days 00:01:27.462000,44.0,3.0,,0 days 02:00:06.313000,0 days 00:00:25.817000,0 days 00:00:33.299000,0 days 00:00:28.346000,0 days 01:59:07.356000,0 days 01:59:40.655000,0 days 02:00:09.001000,255.0,275.0,,263.0,False,SOFT,20.0,True,Red Bull Racing,0 days 01:58:41.531000,,1,13.0,,,False,False,2025,9
0 days 02:01:47.213000,TSU,22,0 days 00:01:38.220000,45.0,4.0,0 days 02:00:28.123000,,0 days 00:00:42.285000,0 days 00:00:32.067000,0 days 00:00:23.868000,0 days 02:00:51.286000,0 days 02:01:23.353000,0 days 02:01:47.221000,256.0,267.0,287.0,256.0,False,SOFT,1.0,True,Red Bull Racing,0 days 02:00:08.993000,,1,17.0,,,False,False,2025,9
0 days 02:14:03.296000,TSU,22,0 days 00:01:40.175000,54.0,4.0,,0 days 02:14:00.538000,0 days 00:00:24.055000,0 days 00:00:42.601000,0 days 00:00:33.519000,0 days 02:12:47.184000,0 days 02:13:29.785000,0 days 02:14:03.304000,251.0,212.0,,338.0,False,SOFT,10.0,True,Red Bull Racing,0 days 02:12:23.121000,,124,15.0,,,False,False,2025,9
0 days 02:16:16.968000,TSU,22,0 days 00:02:13.672000,55.0,5.0,0 days 02:14:22.796000,,0 days 00:00:47.955000,0 days 00:00:46.699000,0 days 00:00:39.018000,0 days 02:14:51.259000,0 days 02:15:37.958000,0 days 02:16:16.976000,190.0,117.0,140.0,240.0,False,SOFT,4.0,False,Red Bull Racing,0 days 02:14:03.296000,,4,16.0,,,False,False,2025,9
0 days 01:07:41.268000,ALB,23,0 days 00:01:26.284000,6.0,1.0,,0 days 01:07:38.535000,0 days 00:00:24.112000,0 days 00:00:33.666000,0 days 00:00:28.506000,0 days 01:06:39.132000,0 days 01:07:12.798000,0 days 01:07:41.304000,253.0,271.0,,332.0,False,SOFT,9.0,False,Williams,0 days 01:06:14.984000,,1,18.0,,,False,False,2025,9
0 days 01:09:28.908000,ALB,23,0 days 00:01:47.640000,7.0,2.0,0 days 01:08:09.328000,,0 days 00:00:51.767000,0 days 00:00:31.944000,0 days 00:00:23.929000,0 days 01:08:33.071000,0 days 01:09:05.015000,0 days 01:09:28.944000,258.0,272.0,277.0,247.0,False,SOFT,1.0,True,Williams,0 days 01:07:41.268000,,1,19.0,,,False,False,2025,9
0 days 01:35:34.577000,ALB,23,0 days 00:01:29.868000,26.0,2.0,,0 days 01:35:31.882000,0 days 00:00:24.156000,0 days 00:00:36.504000,0 days 00:00:29.208000,0 days 01:34:28.901000,0 days 01:35:05.405000,0 days 01:35:34.613000,253.0,254.0,,316.0,False,SOFT,20.0,True,Williams,0 days 01:34:04.709000,,1,17.0,,,False,False,2025,9
0 days 01:37:36.796000,ALB,23,0 days 00:02:02.219000,27.0,3.0,0 days 01:36:09.501000,0 days 01:37:34.115000,0 days 00:00:59.458000,0 days 00:00:33.691000,0 days 00:00:29.070000,0 days 01:36:34.071000,0 days 01:37:07.762000,0 days 01:37:36.832000,244.0,262.0,,248.0,False,SOFT,21.0,False,Williams,0 days 01:35:34.577000,,1,19.0,,,False,False,2025,9
0 days 01:11:43.134000,HUL,27,0 days 00:01:25.851000,9.0,1.0,,0 days 01:11:40.454000,0 days 00:00:24.064000,0 days 00:00:33.408000,0 days 00:00:28.379000,0 days 01:10:41.347000,0 days 01:11:14.755000,0 days 01:11:43.134000,261.0,267.0,,334.0,False,SOFT,9.0,True,Kick Sauber,0 days 01:10:17.283000,,1,11.0,,,False,False,2025,9
0 days 01:13:22.029000,HUL,27,0 days 00:01:38.895000,10.0,2.0,0 days 01:12:02.768000,,0 days 00:00:42.788000,0 days 00:00:32.192000,0 days 00:00:23.915000,0 days 01:12:25.922000,0 days 01:12:58.114000,0 days 01:13:22.029000,264.0,278.0,280.0,253.0,False,MEDIUM,1.0,True,Kick Sauber,0 days 01:11:43.134000,,1,15.0,,,False,False,2025,9
0 days 02:01:06.114000,HUL,27,0 days 00:01:25.589000,45.0,2.0,,0 days 02:01:03.489000,0 days 00:00:24.137000,0 days 00:00:33.064000,0 days 00:00:28.388000,0 days 02:00:04.662000,0 days 02:00:37.726000,0 days 02:01:06.114000,270.0,279.0,,310.0,False,MEDIUM,36.0,True,Kick Sauber,0 days 01:59:40.525000,,1,9.0,,,False,False,2025,9
0 days 02:02:45.266000,HUL,27,0 days 00:01:39.152000,46.0,3.0,0 days 02:01:25.408000,,0 days 00:00:42.462000,0 days 00:00:32.484000,0 days 00:00:24.206000,0 days 02:01:48.576000,0 days 02:02:21.060000,0 days 02:02:45.266000,261.0,280.0,279.0,257.0,False,SOFT,1.0,True,Kick Sauber,0 days 02:01:06.114000,,1,9.0,,,False,False,2025,9
0 days 02:17:04.470000,HUL,27,0 days 00:01:33.749000,56.0,3.0,,0 days 02:17:01.732000,0 days 00:00:28.083000,0 days 00:00:34.244000,0 days 00:00:31.422000,0 days 02:15:58.804000,0 days 02:16:33.048000,0 days 02:17:04.470000,209.0,206.0,,267.0,False,SOFT,11.0,True,Kick Sauber,0 days 02:15:30.721000,,4,8.0,,,False,False,2025,9
0 days 02:18:54.366000,HUL,27,0 days 00:01:49.896000,57.0,4.0,0 days 02:17:23.773000,,0 days 00:00:44.055000,0 days 00:00:35.221000,0 days 00:00:30.620000,0 days 02:17:48.525000,0 days 02:18:23.746000,0 days 02:18:54.366000,226.0,181.0,255.0,256.0,False,SOFT,1.0,True,Kick Sauber,0 days 02:17:04.470000,,4,8.0,,,False,False,2025,9
0 days 01:24:11.080000,LAW,30,0 days 00:01:27.446000,18.0,1.0,,0 days 01:24:08.445000,0 days 00:00:24.999000,0 days 00:00:33.784000,0 days 00:00:28.663000,0 days 01:23:08.642000,0 days 01:23:42.426000,0 days 01:24:11.089000,258.0,266.0,,306.0,False,SOFT,18.0,True,Racing Bulls,0 days 01:22:43.634000,,1,9.0,,,False,False,2025,9
0 days 01:25:51.123000,LAW,30,0 days 00:01:40.043000,19.0,2.0,0 days 01:24:30.391000,,0 days 00:00:42.930000,0 days 00:00:32.689000,0 days 00:00:24.424000,0 days 01:24:54.019000,0 days 01:25:26.708000,0 days 01:25:51.132000,261.0,268.0,278.0,252.0,False,MEDIUM,1.0,True,Racing Bulls,0 days 01:24:11.080000,,1,16.0,,,False,False,2025,9
0 days 01:59:52.746000,LAW,30,0 days 00:01:24.710000,44.0,2.0,,0 days 01:59:50.122000,0 days 00:00:23.996000,0 days 00:00:32.771000,0 days 00:00:27.943000,0 days 01:58:52.041000,0 days 01:59:24.812000,0 days 01:59:52.755000,268.0,273.0,,309.0,False,MEDIUM,26.0,True,Racing Bulls,0 days 01:58:28.036000,,1,10.0,,,False,False,2025,9
0 days 02:01:32.364000,LAW,30,0 days 00:01:39.618000,45.0,3.0,0 days 02:00:12.093000,,0 days 00:00:43.242000,0 days 00:00:32.304000,0 days 00:00:24.072000,0 days 02:00:35.997000,0 days 02:01:08.301000,0 days 02:01:32.373000,254.0,272.0,281.0,254.0,False,SOFT,4.0,False,Racing Bulls,0 days 01:59:52.746000,,1,13.0,,,False,False,2025,9
0 days 01:27:08.150000,OCO,31,0 days 00:01:28.077000,20.0,1.0,,0 days 01:27:05.433000,0 days 00:00:24.951000,0 days 00:00:33.760000,0 days 00:00:29.366000,0 days 01:26:05.044000,0 days 01:26:38.804000,0 days 01:27:08.170000,243.0,264.0,,309.0,False,SOFT,20.0,True,Haas F1 Team,0 days 01:25:40.073000,,1,12.0,,,False,False,2025,9
0 days 01:28:48.131000,OCO,31,0 days 00:01:39.981000,21.0,2.0,0 days 01:27:28.106000,,0 days 00:00:43.317000,0 days 00:00:32.329000,0 days 00:00:24.335000,0 days 01:27:51.487000,0 days 01:28:23.816000,0 days 01:28:48.151000,253.0,272.0,277.0,252.0,False,MEDIUM,1.0,True,Haas F1 Team,0 days 01:27:08.150000,,1,19.0,,,False,False,2025,9
0 days 01:58:47.860000,OCO,31,0 days 00:01:25.554000,43.0,2.0,,0 days 01:58:45.209000,0 days 00:00:24.677000,0 days 00:00:32.699000,0 days 00:00:28.178000,0 days 01:57:47.003000,0 days 01:58:19.702000,0 days 01:58:47.880000,269.0,278.0,,309.0,False,MEDIUM,23.0,True,Haas F1 Team,0 days 01:57:22.306000,,1,14.0,,,False,False,2025,9
0 days 02:00:26.028000,OCO,31,0 days 00:01:38.168000,44.0,3.0,0 days 01:59:07.689000,,0 days 00:00:42.609000,0 days 00:00:31.972000,0 days 00:00:23.587000,0 days 01:59:30.489000,0 days 02:00:02.461000,0 days 02:00:26.048000,268.0,278.0,281.0,256.0,False,MEDIUM,1.0,True,Haas F1 Team,0 days 01:58:47.860000,,1,17.0,,,False,False,2025,9
0 days 01:27:40.924000,NOR,4,0 days 00:01:25.617000,21.0,1.0,,0 days 01:27:38.148000,0 days 00:00:23.886000,0 days 00:00:33.215000,0 days 00:00:28.516000,0 days 01:26:39.222000,0 days 01:27:12.437000,0 days 01:27:40.953000,269.0,273.0,,311.0,False,SOFT,21.0,True,McLaren,0 days 01:26:15.307000,,1,2.0,,,False,False,2025,9
0 days 01:29:20.011000,NOR,4,0 days 00:01:39.087000,22.0,2.0,0 days 01:28:00.659000,,0 days 00:00:42.827000,0 days 00:00:32.165000,0 days 00:00:24.095000,0 days 01:28:23.780000,0 days 01:28:55.945000,0 days 01:29:20.040000,262.0,264.0,277.0,255.0,False,MEDIUM,1.0,True,McLaren,0 days 01:27:40.924000,,1,3.0,,,False,False,2025,9
0 days 02:04:02.864000,NOR,4,0 days 00:01:23.999000,48.0,2.0,,0 days 02:04:00.195000,0 days 00:00:23.492000,0 days 00:00:32.329000,0 days 00:00:28.178000,0 days 02:03:02.386000,0 days 02:03:34.715000,0 days 02:04:02.893000,277.0,278.0,,314.0,False,MEDIUM,27.0,True,McLaren,0 days 02:02:38.865000,,1,2.0,,,False,False,2025,9
0 days 02:05:39.264000,NOR,4,0 days 00:01:36.400000,49.0,3.0,0 days 02:04:22.068000,,0 days 00:00:41.979000,0 days 00:00:31.179000,0 days 00:00:23.242000,0 days 02:04:44.872000,0 days 02:05:16.051000,0 days 02:05:39.293000,265.0,280.0,291.0,249.0,False,SOFT,4.0,False,McLaren,0 days 02:04:02.864000,,1,2.0,,,False,False,2025,9
0 days 02:13:43.573000,NOR,4,0 days 00:01:33.197000,55.0,3.0,,0 days 02:13:40.876000,0 days 00:00:23.085000,0 days 00:00:38.119000,0 days 00:00:31.993000,0 days 02:12:33.490000,0 days 02:13:11.609000,0 days 02:13:43.602000,274.0,141.0,,314.0,False,SOFT,10.0,False,McLaren,0 days 02:12:10.376000,,124,2.0,,,False,False,2025,9
0 days 02:16:10.270000,NOR,4,0 days 00:02:26.697000,56.0,4.0,0 days 02:14:04.496000,,0 days 00:00:49.073000,0 days 00:00:57,0 days 00:00:40.624000,0 days 02:14:32.675000,0 days 02:15:29.675000,0 days 02:16:10.299000,220.0,149.0,198.0,257.0,False,SOFT,4.0,False,McLaren,0 days 02:13:43.573000,,4,2.0,,,False,False,2025,9
0 days 01:18:48.777000,COL,43,0 days 00:01:26.715000,14.0,1.0,,0 days 01:18:46.119000,0 days 00:00:24.374000,0 days 00:00:33.557000,0 days 00:00:28.784000,0 days 01:17:46.447000,0 days 01:18:20.004000,0 days 01:18:48.788000,269.0,271.0,,311.0,False,SOFT,14.0,True,Alpine,0 days 01:17:22.062000,,1,14.0,,,False,False,2025,9
0 days 01:20:27.911000,COL,43,0 days 00:01:39.134000,15.0,2.0,0 days 01:19:08.655000,,0 days 00:00:43.015000,0 days 00:00:32.090000,0 days 00:00:24.029000,0 days 01:19:31.803000,0 days 01:20:03.893000,0 days 01:20:27.922000,269.0,269.0,282.0,252.0,False,MEDIUM,1.0,True,Alpine,0 days 01:18:48.777000,,1,19.0,,,False,False,2025,9
0 days 01:53:42.317000,COL,43,0 days 00:01:26.444000,39.0,2.0,,0 days 01:53:39.561000,0 days 00:00:24.287000,0 days 00:00:33.426000,0 days 00:00:28.731000,0 days 01:52:40.171000,0 days 01:53:13.597000,0 days 01:53:42.328000,266.0,266.0,,311.0,False,MEDIUM,25.0,True,Alpine,0 days 01:52:15.873000,,1,18.0,,,False,False,2025,9
0 days 01:55:21.871000,COL,43,0 days 00:01:39.554000,40.0,3.0,0 days 01:54:01.758000,,0 days 00:00:43.068000,0 days 00:00:32.427000,0 days 00:00:24.059000,0 days 01:54:25.396000,0 days 01:54:57.823000,0 days 01:55:21.882000,258.0,269.0,281.0,254.0,False,SOFT,1.0,True,Alpine,0 days 01:53:42.317000,,1,18.0,,,False,False,2025,9
0 days 02:14:37.403000,COL,43,0 days 00:01:48.581000,54.0,3.0,,0 days 02:14:34.669000,0 days 00:00:31.090000,0 days 00:00:42.321000,0 days 00:00:35.170000,0 days 02:13:19.923000,0 days 02:14:02.244000,0 days 02:14:37.414000,222.0,174.0,,311.0,False,SOFT,15.0,True,Alpine,0 days 02:12:48.822000,,24,17.0,,,False,False,2025,9
0 days 02:16:42.253000,COL,43,0 days 00:02:04.850000,55.0,4.0,0 days 02:14:56.549000,,0 days 00:00:47.914000,0 days 00:00:43.658000,0 days 00:00:33.278000,0 days 02:15:25.328000,0 days 02:16:08.986000,0 days 02:16:42.264000,206.0,191.0,237.0,242.0,False,SOFT,2.0,False,Alpine,0 days 02:14:37.403000,,4,17.0,,,False,False,2025,9
0 days 01:21:07.948000,HAM,44,0 days 00:01:25.739000,16.0,1.0,,0 days 01:21:05.232000,0 days 00:00:24.214000,0 days 00:00:32.885000,0 days 00:00:28.640000,0 days 01:20:06.461000,0 days 01:20:39.346000,0 days 01:21:07.986000,269.0,279.0,,308.0,False,SOFT,19.0,False,Ferrari,0 days 01:19:42.209000,,1,5.0,,,False,False,2025,9
0 days 01:22:47.728000,HAM,44,0 days 00:01:39.780000,17.0,2.0,0 days 01:21:27.233000,,0 days 00:00:42.624000,0 days 00:00:32.697000,0 days 00:00:24.459000,0 days 01:21:50.610000,0 days 01:22:23.307000,0 days 01:22:47.766000,262.0,268.0,275.0,255.0,False,MEDIUM,1.0,True,Ferrari,0 days 01:21:07.948000,,1,9.0,,,False,False,2025,9
0 days 02:01:49.982000,HAM,44,0 days 00:01:25.116000,46.0,2.0,,0 days 02:01:47.305000,0 days 00:00:23.868000,0 days 00:00:32.526000,0 days 00:00:28.722000,0 days 02:00:48.772000,0 days 02:01:21.298000,0 days 02:01:50.020000,282.0,284.0,,311.0,False,MEDIUM,30.0,True,Ferrari,0 days 02:00:24.866000,,1,4.0,,,False,False,2025,9
0 days 02:03:29.770000,HAM,44,0 days 00:01:39.788000,47.0,3.0,0 days 02:02:11.696000,,0 days 00:00:44.546000,0 days 00:00:31.734000,0 days 00:00:23.508000,0 days 02:02:34.566000,0 days 02:03:06.300000,0 days 02:03:29.808000,271.0,280.0,281.0,257.0,False,SOFT,4.0,False,Ferrari,0 days 02:01:49.982000,,1,7.0,,,False,False,2025,9
0 days 02:14:26.596000,HAM,44,0 days 00:01:45.765000,55.0,3.0,,0 days 02:14:23.842000,0 days 00:00:30.414000,0 days 00:00:41.530000,0 days 00:00:33.821000,0 days 02:13:11.283000,0 days 02:13:52.813000,0 days 02:14:26.634000,154.0,215.0,,312.0,False,SOFT,12.0,False,Ferrari,0 days 02:12:40.831000,,124,6.0,,,False,False,2025,9
0 days 02:16:35.726000,HAM,44,0 days 00:02:09.130000,56.0,4.0,0 days 02:14:46.743000,,0 days 00:00:49.544000,0 days 00:00:43.925000,0 days 00:00:35.661000,0 days 02:15:16.178000,0 days 02:16:00.103000,0 days 02:16:35.764000,223.0,154.0,256.0,230.0,False,SOFT,4.0,False,Ferrari,0 days 02:14:26.596000,,4,6.0,,,False,False,2025,9
0 days 01:25:41.801000,BOR,5,0 days 00:01:27.666000,19.0,1.0,,0 days 01:25:39.156000,0 days 00:00:24.382000,0 days 00:00:33.934000,0 days 00:00:29.350000,0 days 01:24:38.520000,0 days 01:25:12.454000,0 days 01:25:41.804000,266.0,265.0,,308.0,False,SOFT,22.0,False,Kick Sauber,0 days 01:24:14.135000,,1,12.0,,,False,False,2025,9
0 days 01:27:23.389000,BOR,5,0 days 00:01:41.588000,20.0,2.0,0 days 01:26:01.241000,,0 days 00:00:43.406000,0 days 00:00:33.180000,0 days 00:00:25.002000,0 days 01:26:25.210000,0 days 01:26:58.390000,0 days 01:27:23.392000,258.0,259.0,276.0,255.0,False,MEDIUM,1.0,True,Kick Sauber,0 days 01:25:41.801000,,1,19.0,,,False,False,2025,9
0 days 02:06:53.845000,BOR,5,0 days 00:01:24.483000,49.0,2.0,,0 days 02:06:51.229000,0 days 00:00:23.595000,0 days 00:00:32.605000,0 days 00:00:28.283000,0 days 02:05:52.960000,0 days 02:06:25.565000,0 days 02:06:53.848000,272.0,273.0,,313.0,False,MEDIUM,30.0,True,Kick Sauber,0 days 02:05:29.362000,,1,13.0,,,False,False,2025,9
0 days 02:08:31.877000,BOR,5,0 days 00:01:38.032000,50.0,3.0,0 days 02:07:14.195000,,0 days 00:00:42.911000,0 days 00:00:31.674000,0 days 00:00:23.447000,0 days 02:07:36.759000,0 days 02:08:08.433000,0 days 02:08:31.880000,282.0,276.0,284.0,258.0,False,SOFT,1.0,True,Kick Sauber,0 days 02:06:53.845000,,1,17.0,,,False,False,2025,9
0 days 01:11:52.513000,SAI,55,0 days 00:01:26.311000,9.0,1.0,,0 days 01:11:49.772000,0 days 00:00:24.380000,0 days 00:00:33.724000,0 days 00:00:28.207000,0 days 01:10:50.616000,0 days 01:11:24.340000,0 days 01:11:52.547000,250.0,256.0,,313.0,False,SOFT,9.0,True,Williams,0 days 01:10:26.202000,,1,16.0,,,False,False,2025,9
0 days 01:13:40.828000,SAI,55,0 days 00:01:48.315000,10.0,2.0,0 days 01:12:20.322000,,0 days 00:00:51.333000,0 days 00:00:32.715000,0 days 00:00:24.267000,0 days 01:12:43.880000,0 days 01:13:16.595000,0 days 01:13:40.862000,256.0,263.0,278.0,251.0,False,SOFT,1.0,True,Williams,0 days 01:11:52.513000,,1,19.0,,,False,False,2025,9
0 days 01:46:29.139000,SAI,55,0 days 00:01:26.912000,34.0,2.0,,0 days 01:46:26.464000,0 days 00:00:25.268000,0 days 00:00:33.799000,0 days 00:00:27.845000,0 days 01:45:27.529000,0 days 01:46:01.328000,0 days 01:46:29.173000,248.0,275.0,,313.0,False,SOFT,25.0,True,Williams,0 days 01:45:02.227000,,1,16.0,,,False,False,2025,9
0 days 01:48:08.668000,SAI,55,0 days 00:01:39.529000,35.0,3.0,0 days 01:46:48.676000,,0 days 00:00:43.106000,0 days 00:00:32.700000,0 days 00:00:23.723000,0 days 01:47:12.279000,0 days 01:47:44.979000,0 days 01:48:08.702000,263.0,276.0,282.0,255.0,False,MEDIUM,1.0,True,Williams,0 days 01:46:29.139000,,1,18.0,,,False,False,2025,9
0 days 02:16:09.781000,SAI,55,0 days 00:02:09.946000,55.0,3.0,,0 days 02:16:07.284000,0 days 00:00:33.755000,0 days 00:00:57.059000,0 days 00:00:39.132000,0 days 02:14:33.624000,0 days 02:15:30.683000,0 days 02:16:09.815000,214.0,143.0,,278.0,False,MEDIUM,21.0,True,Williams,0 days 02:13:59.835000,,4,11.0,,,False,False,2025,9
0 days 02:18:27.495000,SAI,55,0 days 00:02:17.714000,56.0,4.0,0 days 02:16:29.122000,,0 days 00:00:47.822000,0 days 00:00:49.183000,0 days 00:00:40.709000,0 days 02:16:57.637000,0 days 02:17:46.820000,0 days 02:18:27.529000,174.0,122.0,92.0,256.0,False,SOFT,1.0,True,Williams,0 days 02:16:09.781000,,4,16.0,,,False,False,2025,9
0 days 01:25:25.461000,HAD,6,0 days 00:01:26.307000,19.0,1.0,,0 days 01:25:22.760000,0 days 00:00:24.281000,0 days 00:00:33.307000,0 days 00:00:28.719000,0 days 01:24:23.446000,0 days 01:24:56.753000,0 days 01:25:25.472000,271.0,276.0,,306.0,False,SOFT,22.0,False,Racing Bulls,0 days 01:23:59.154000,,1,7.0,,,False,False,2025,9
0 days 01:27:04.621000,HAD,6,0 days 00:01:39.160000,20.0,2.0,0 days 01:25:44.646000,,0 days 00:00:42.490000,0 days 00:00:32.425000,0 days 00:00:24.245000,0 days 01:26:07.962000,0 days 01:26:40.387000,0 days 01:27:04.632000,271.0,273.0,281.0,251.0,False,MEDIUM,1.0,True,Racing Bulls,0 days 01:25:25.461000,,1,10.0,,,False,False,2025,9
0 days 02:04:57.007000,HAD,6,0 days 00:01:24.323000,48.0,2.0,,0 days 02:04:54.151000,0 days 00:00:23.753000,0 days 00:00:32.341000,0 days 00:00:28.229000,0 days 02:03:56.448000,0 days 02:04:28.789000,0 days 02:04:57.018000,271.0,285.0,,311.0,False,MEDIUM,29.0,True,Racing Bulls,0 days 02:03:32.684000,,1,8.0,,,False,False,2025,9
0 days 02:06:35.216000,HAD,6,0 days 00:01:38.209000,49.0,3.0,0 days 02:05:16.320000,,0 days 00:00:42.544000,0 days 00:00:31.934000,0 days 00:00:23.731000,0 days 02:05:39.562000,0 days 02:06:11.496000,0 days 02:06:35.227000,266.0,274.0,282.0,253.0,False,SOFT,4.0,False,Racing Bulls,0 days 02:04:57.007000,,1,8.0,,,False,False,2025,9
0 days 02:15:12.475000,HAD,6,0 days 00:01:50.630000,55.0,3.0,,0 days 02:15:09.769000,0 days 00:00:32.209000,0 days 00:00:43.447000,0 days 00:00:34.974000,0 days 02:13:54.065000,0 days 02:14:37.512000,0 days 02:15:12.486000,219.0,196.0,,204.0,False,SOFT,10.0,False,Racing Bulls,0 days 02:13:21.845000,,4,7.0,,,False,False,2025,9
0 days 02:17:00.918000,HAD,6,0 days 00:01:48.443000,56.0,4.0,0 days 02:15:31.549000,,0 days 00:00:44.984000,0 days 00:00:34.475000,0 days 00:00:28.984000,0 days 02:15:57.470000,0 days 02:16:31.945000,0 days 02:17:00.929000,244.0,181.0,258.0,252.0,False,SOFT,4.0,False,Racing Bulls,0 days 02:15:12.475000,,4,7.0,,,False,False,2025,9
0 days 01:26:37.738000,RUS,63,0 days 00:01:26.155000,20.0,1.0,,0 days 01:26:34.945000,0 days 00:00:24.050000,0 days 00:00:33.320000,0 days 00:00:28.785000,0 days 01:25:35.647000,0 days 01:26:08.967000,0 days 01:26:37.752000,267.0,271.0,,311.0,False,SOFT,23.0,False,Mercedes,0 days 01:25:11.583000,,1,4.0,,,False,False,2025,9
0 days 01:28:14.940000,RUS,63,0 days 00:01:37.202000,21.0,2.0,0 days 01:26:56.869000,,0 days 00:00:41.943000,0 days 00:00:31.721000,0 days 00:00:23.538000,0 days 01:27:19.695000,0 days 01:27:51.416000,0 days 01:28:14.954000,271.0,270.0,281.0,250.0,False,MEDIUM,1.0,True,Mercedes,0 days 01:26:37.738000,,1,7.0,,,False,False,2025,9
0 days 01:55:06.568000,RUS,63,0 days 00:01:24.584000,41.0,2.0,,0 days 01:55:03.855000,0 days 00:00:23.649000,0 days 00:00:32.821000,0 days 00:00:28.114000,0 days 01:54:05.647000,0 days 01:54:38.468000,0 days 01:55:06.582000,270.0,276.0,,313.0,False,MEDIUM,21.0,True,Mercedes,0 days 01:53:41.984000,,1,5.0,,,False,False,2025,9
0 days 01:56:41.783000,RUS,63,0 days 00:01:35.215000,42.0,3.0,0 days 01:55:25.626000,,0 days 00:00:41.426000,0 days 00:00:30.632000,0 days 00:00:23.157000,0 days 01:55:48.008000,0 days 01:56:18.640000,0 days 01:56:41.797000,284.0,290.0,284.0,253.0,False,SOFT,1.0,True,Mercedes,0 days 01:55:06.568000,,1,7.0,,,False,False,2025,9
0 days 02:14:14.682000,RUS,63,0 days 00:01:42.124000,55.0,3.0,,0 days 02:14:12.059000,0 days 00:00:23.498000,0 days 00:00:44.438000,0 days 00:00:34.188000,0 days 02:12:56.070000,0 days 02:13:40.508000,0 days 02:14:14.696000,262.0,211.0,,313.0,False,SOFT,14.0,True,Mercedes,0 days 02:12:32.558000,,124,5.0,,,False,False,2025,9
0 days 02:16:22.229000,RUS,63,0 days 00:02:07.547000,56.0,4.0,0 days 02:14:35.093000,,0 days 00:00:49.342000,0 days 00:00:44.187000,0 days 00:00:34.018000,0 days 02:15:04.038000,0 days 02:15:48.225000,0 days 02:16:22.243000,181.0,197.0,215.0,254.0,False,SOFT,4.0,False,Mercedes,0 days 02:14:14.682000,,4,5.0,,,False,False,2025,9
0 days 01:28:56.635000,PIA,81,0 days 00:01:25.235000,22.0,1.0,,0 days 01:28:53.993000,0 days 00:00:24.005000,0 days 00:00:32.982000,0 days 00:00:28.248000,0 days 01:27:55.424000,0 days 01:28:28.406000,0 days 01:28:56.654000,265.0,275.0,,313.0,False,SOFT,22.0,True,McLaren,0 days 01:27:31.400000,,1,1.0,,,False,False,2025,9
0 days 01:30:35.314000,PIA,81,0 days 00:01:38.679000,23.0,2.0,0 days 01:29:15.719000,,0 days 00:00:42.367000,0 days 00:00:32.392000,0 days 00:00:23.920000,0 days 01:29:39.021000,0 days 01:30:11.413000,0 days 01:30:35.333000,255.0,270.0,282.0,255.0,False,MEDIUM,1.0,True,McLaren,0 days 01:28:56.635000,,1,2.0,,,False,False,2025,9
0 days 02:05:15.979000,PIA,81,0 days 00:01:23.190000,49.0,2.0,,0 days 02:05:13.232000,0 days 00:00:23.405000,0 days 00:00:32.173000,0 days 00:00:27.612000,0 days 02:04:16.213000,0 days 02:04:48.386000,0 days 02:05:15.998000,272.0,283.0,,315.0,False,MEDIUM,27.0,True,McLaren,0 days 02:03:52.789000,,1,1.0,,,False,False,2025,9
0 days 02:06:53.719000,PIA,81,0 days 00:01:37.740000,50.0,3.0,0 days 02:05:35.140000,,0 days 00:00:42.176000,0 days 00:00:31.785000,0 days 00:00:23.779000,0 days 02:05:58.174000,0 days 02:06:29.959000,0 days 02:06:53.738000,265.0,274.0,285.0,258.0,False,SOFT,4.0,False,McLaren,0 days 02:05:15.979000,,1,1.0,,,False,False,2025,9
0 days 02:13:38.102000,PIA,81,0 days 00:01:31.156000,55.0,3.0,,0 days 02:13:35.412000,0 days 00:00:23.051000,0 days 00:00:34.302000,0 days 00:00:33.803000,0 days 02:12:30.016000,0 days 02:13:04.318000,0 days 02:13:38.121000,269.0,90.0,,313.0,False,SOFT,9.0,False,McLaren,0 days 02:12:06.946000,,124,1.0,,,False,False,2025,9
0 days 02:16:06.896000,PIA,81,0 days 00:02:28.794000,56.0,4.0,0 days 02:13:58.183000,,0 days 00:00:48.336000,0 days 00:00:59.483000,0 days 00:00:40.975000,0 days 02:14:26.457000,0 days 02:15:25.940000,0 days 02:16:06.915000,207.0,108.0,202.0,258.0,False,SOFT,4.0,False,McLaren,0 days 02:13:38.102000,,4,1.0,,,False,False,2025,9
0 days 01:10:26.318000,BEA,87,0 days 00:01:26.186000,8.0,1.0,,0 days 01:10:23.615000,0 days 00:00:24.367000,0 days 00:00:33.495000,0 days 00:00:28.324000,0 days 01:09:24.510000,0 days 01:09:58.005000,0 days 01:10:26.329000,267.0,275.0,,309.0,False,SOFT,8.0,True,Haas F1 Team,0 days 01:09:00.132000,,1,16.0,,,False,False,2025,9
0 days 01:12:03.987000,BEA,87,0 days 00:01:37.669000,9.0,2.0,0 days 01:10:45.556000,,0 days 00:00:42.015000,0 days 00:00:31.785000,0 days 00:00:23.869000,0 days 01:11:08.344000,0 days 01:11:40.129000,0 days 01:12:03.998000,273.0,277.0,274.0,253.0,False,MEDIUM,1.0,True,Haas F1 Team,0 days 01:10:26.318000,,1,17.0,,,False,False,2025,9
0 days 01:47:43.532000,BEA,87,0 days 00:01:27.065000,35.0,2.0,,0 days 01:47:41.016000,0 days 00:00:25.166000,0 days 00:00:33.646000,0 days 00:00:28.253000,0 days 01:46:41.644000,0 days 01:47:15.290000,0 days 01:47:43.543000,257.0,276.0,,306.0,False,MEDIUM,27.0,True,Haas F1 Team,0 days 01:46:16.467000,,1,12.0,,,False,False,2025,9
0 days 01:49:22.209000,BEA,87,0 days 00:01:38.677000,36.0,3.0,0 days 01:48:03.106000,,0 days 00:00:42.411000,0 days 00:00:32.119000,0 days 00:00:24.147000,0 days 01:48:25.954000,0 days 01:48:58.073000,0 days 01:49:22.220000,272.0,277.0,277.0,255.0,False,MEDIUM,1.0,True,Haas F1 Team,0 days 01:47:43.532000,,1,16.0,,,False,False,2025,9
0 days 02:13:59.319000,BEA,87,0 days 00:01:38.755000,54.0,3.0,,0 days 02:13:56.541000,0 days 00:00:23.781000,0 days 00:00:42.989000,0 days 00:00:31.985000,0 days 02:12:44.356000,0 days 02:13:27.345000,0 days 02:13:59.330000,269.0,224.0,,309.0,False,MEDIUM,19.0,True,Haas F1 Team,0 days 02:12:20.564000,,124,12.0,,,False,False,2025,9
0 days 02:16:15.397000,BEA,87,0 days 00:02:16.078000,55.0,4.0,0 days 02:14:19.356000,,0 days 00:00:48.481000,0 days 00:00:48.352000,0 days 00:00:39.245000,0 days 02:14:47.811000,0 days 02:15:36.163000,0 days 02:16:15.408000,183.0,120.0,137.0,256.0,False,SOFT,7.0,False,Haas F1 Team,0 days 02:13:59.319000,,4,15.0,,,False,False,2025,9
0 days 01:13:40.065000,VER,1,0 days 00:01:33.110000,12.0,1.0,,0 days 01:13:18.038000,0 days 00:00:21.612000,0 days 00:00:24.387000,0 days 00:00:47.111000,0 days 01:12:28.607000,0 days 01:12:52.994000,0 days 01:13:40.105000,248.0,280.0,,308.0,False,MEDIUM,15.0,False,Red Bull Racing,0 days 01:12:06.955000,,1,9.0,,,False,False,2025,10
0 days 01:14:59.113000,VER,1,0 days 00:01:19.048000,13.0,2.0,0 days 01:13:41.716000,,0 days 00:00:23.971000,0 days 00:00:24.402000,0 days 00:00:30.675000,0 days 01:14:04.076000,0 days 01:14:28.478000,0 days 01:14:59.153000,248.0,280.0,279.0,308.0,False,HARD,1.0,True,Red Bull Racing,0 days 01:13:40.065000,,1,9.0,,,False,False,2025,10
0 days 01:45:37.262000,VER,1,0 days 00:01:31.919000,37.0,2.0,,0 days 01:45:15.788000,0 days 00:00:21.298000,0 days 00:00:24.125000,0 days 00:00:46.496000,0 days 01:44:26.681000,0 days 01:44:50.806000,0 days 01:45:37.302000,243.0,282.0,,309.0,False,HARD,25.0,True,Red Bull Racing,0 days 01:44:05.343000,,1,6.0,,,False,False,2025,10
0 days 01:46:55.986000,VER,1,0 days 00:01:18.724000,38.0,3.0,0 days 01:45:38.867000,,0 days 00:00:23.955000,0 days 00:00:24.191000,0 days 00:00:30.578000,0 days 01:46:01.257000,0 days 01:46:25.448000,0 days 01:46:56.026000,255.0,282.0,282.0,308.0,False,HARD,1.0,True,Red Bull Racing,0 days 01:45:37.262000,,1,6.0,,,False,False,2025,10
0 days 02:23:37.076000,VER,1,0 days 00:01:43.478000,67.0,3.0,,0 days 02:23:20.428000,0 days 00:00:20.816000,0 days 00:00:31.604000,0 days 00:00:51.058000,0 days 02:22:14.454000,0 days 02:22:46.058000,0 days 02:23:37.116000,260.0,195.0,,154.0,False,HARD,30.0,True,Red Bull Racing,0 days 02:21:53.598000,,124,2.0,,,False,False,2025,10
0 days 02:25:42.352000,VER,1,0 days 00:02:05.276000,68.0,4.0,0 days 02:23:38.616000,0 days 02:25:24.736000,0 days 00:00:29.937000,0 days 00:00:32.750000,0 days 00:01:02.589000,0 days 02:24:07.053000,0 days 02:24:39.803000,0 days 02:25:42.392000,250.0,187.0,,99.0,False,HARD,31.0,False,Red Bull Racing,0 days 02:23:37.076000,,4,2.0,,,False,False,2025,10
0 days 02:27:46.097000,VER,1,0 days 00:02:03.745000,69.0,5.0,0 days 02:25:43.895000,0 days 02:27:29.424000,0 days 00:00:34.370000,0 days 00:00:35.780000,0 days 00:00:53.595000,0 days 02:26:16.762000,0 days 02:26:52.542000,0 days 02:27:46.137000,129.0,238.0,,165.0,False,HARD,32.0,False,Red Bull Racing,0 days 02:25:42.352000,,4,2.0,,,False,False,2025,10
0 days 02:29:52.780000,VER,1,0 days 00:02:06.683000,70.0,6.0,0 days 02:27:47.612000,,0 days 00:00:33.449000,0 days 00:00:36.998000,0 days 00:00:56.236000,0 days 02:28:19.586000,0 days 02:28:56.584000,0 days 02:29:52.820000,113.0,149.0,254.0,100.0,False,HARD,33.0,False,Red Bull Racing,0 days 02:27:46.097000,,4,2.0,,,False,False,2025,10
0 days 00:59:34.191000,GAS,10,0 days 00:01:34.327000,1.0,1.0,0 days 00:58:13.190000,,,0 days 00:00:25.475000,0 days 00:00:31.760000,,0 days 00:59:02.550000,0 days 00:59:34.379000,240.0,277.0,273.0,309.0,False,HARD,1.0,True,Alpine,0 days 00:57:59.581000,,1,20.0,,,False,False,2025,10
0 days 02:07:12.143000,GAS,10,0 days 00:01:33.243000,53.0,1.0,,0 days 02:06:49.789000,0 days 00:00:21.546000,0 days 00:00:24.363000,0 days 00:00:47.334000,0 days 02:06:00.468000,0 days 02:06:24.831000,0 days 02:07:12.165000,252.0,277.0,,304.0,False,HARD,53.0,True,Alpine,0 days 02:05:38.900000,,1,17.0,,,False,False,2025,10
0 days 02:08:31.223000,GAS,10,0 days 00:01:19.080000,54.0,2.0,0 days 02:07:13.774000,,0 days 00:00:23.603000,0 days 00:00:25.048000,0 days 00:00:30.429000,0 days 02:07:35.768000,0 days 02:08:00.816000,0 days 02:08:31.245000,250.0,281.0,293.0,316.0,False,MEDIUM,1.0,True,Alpine,0 days 02:07:12.143000,,1,17.0,,,False,False,2025,10
0 days 02:24:19.385000,GAS,10,0 days 00:01:56.515000,66.0,2.0,,0 days 02:24:02.772000,0 days 00:00:34.095000,0 days 00:00:29.958000,0 days 00:00:52.462000,0 days 02:22:56.987000,0 days 02:23:26.945000,0 days 02:24:19.407000,156.0,195.0,,207.0,False,MEDIUM,13.0,True,Alpine,0 days 02:22:22.870000,,24,16.0,,,False,False,2025,10
0 days 02:26:14.812000,GAS,10,0 days 00:01:55.427000,67.0,3.0,0 days 02:24:20.976000,0 days 02:25:58.223000,0 days 00:00:30.992000,0 days 00:00:34.660000,0 days 00:00:49.775000,0 days 02:24:50.399000,0 days 02:25:25.059000,0 days 02:26:14.834000,196.0,144.0,,238.0,False,MEDIUM,14.0,False,Alpine,0 days 02:24:19.385000,,4,15.0,,,False,False,2025,10
0 days 02:28:01.542000,GAS,10,0 days 00:01:46.730000,68.0,4.0,0 days 02:26:16.438000,0 days 02:27:44.940000,0 days 00:00:31.549000,0 days 00:00:26.773000,0 days 00:00:48.408000,0 days 02:26:46.383000,0 days 02:27:13.156000,0 days 02:28:01.564000,211.0,264.0,,195.0,False,MEDIUM,15.0,False,Alpine,0 days 02:26:14.812000,,4,15.0,,,False,False,2025,10
0 days 02:30:00.502000,GAS,10,0 days 00:01:58.960000,69.0,5.0,0 days 02:28:03.065000,,0 days 00:00:31.456000,0 days 00:00:33.109000,0 days 00:00:54.395000,0 days 02:28:33.020000,0 days 02:29:06.129000,0 days 02:30:00.524000,242.0,154.0,247.0,81.0,False,MEDIUM,16.0,False,Alpine,0 days 02:28:01.542000,,4,15.0,,,False,False,2025,10
0 days 01:16:15.236000,ANT,12,0 days 00:01:33.110000,14.0,1.0,,0 days 01:15:53.561000,0 days 00:00:21.829000,0 days 00:00:24.604000,0 days 00:00:46.677000,0 days 01:15:03.999000,0 days 01:15:28.603000,0 days 01:16:15.280000,245.0,278.0,,304.0,False,MEDIUM,20.0,False,Mercedes,0 days 01:14:42.126000,,1,9.0,,,False,False,2025,10
0 days 01:17:34.992000,ANT,12,0 days 00:01:19.756000,15.0,2.0,0 days 01:16:16.796000,,0 days 00:00:24.290000,0 days 00:00:24.657000,0 days 00:00:30.809000,0 days 01:16:39.570000,0 days 01:17:04.227000,0 days 01:17:35.036000,244.0,279.0,279.0,310.0,False,HARD,2.0,False,Mercedes,0 days 01:16:15.236000,,1,7.0,,,False,False,2025,10
0 days 01:46:53.449000,ANT,12,0 days 00:01:31.064000,38.0,2.0,,0 days 01:46:31.523000,0 days 00:00:21.113000,0 days 00:00:23.857000,0 days 00:00:46.094000,0 days 01:45:43.542000,0 days 01:46:07.399000,0 days 01:46:53.493000,248.0,283.0,,311.0,False,HARD,25.0,False,Mercedes,0 days 01:45:22.385000,,1,5.0,,,False,False,2025,10
0 days 01:48:12.557000,ANT,12,0 days 00:01:19.108000,39.0,3.0,0 days 01:46:55.070000,,0 days 00:00:24.316000,0 days 00:00:24.217000,0 days 00:00:30.575000,0 days 01:47:17.809000,0 days 01:47:42.026000,0 days 01:48:12.601000,242.0,283.0,283.0,309.0,False,HARD,1.0,True,Mercedes,0 days 01:46:53.449000,,1,6.0,,,False,False,2025,10
0 days 02:23:40.186000,ANT,12,0 days 00:01:44.172000,67.0,3.0,,0 days 02:23:23.475000,0 days 00:00:20.882000,0 days 00:00:31.781000,0 days 00:00:51.509000,0 days 02:22:16.940000,0 days 02:22:48.721000,0 days 02:23:40.230000,254.0,184.0,,182.0,False,HARD,29.0,True,Mercedes,0 days 02:21:56.014000,,124,3.0,,,False,False,2025,10
0 days 02:25:43.489000,ANT,12,0 days 00:02:03.303000,68.0,4.0,0 days 02:23:41.725000,0 days 02:25:26.109000,0 days 00:00:30.541000,0 days 00:00:32.085000,0 days 00:01:00.677000,0 days 02:24:10.771000,0 days 02:24:42.856000,0 days 02:25:43.533000,227.0,212.0,,106.0,False,HARD,30.0,False,Mercedes,0 days 02:23:40.186000,,4,3.0,,,False,False,2025,10
0 days 02:27:47.195000,ANT,12,0 days 00:02:03.706000,69.0,5.0,0 days 02:25:45.036000,0 days 02:27:30.534000,0 days 00:00:33.894000,0 days 00:00:35.999000,0 days 00:00:53.813000,0 days 02:26:17.427000,0 days 02:26:53.426000,0 days 02:27:47.239000,151.0,204.0,,165.0,False,HARD,31.0,False,Mercedes,0 days 02:25:43.489000,,4,3.0,,,False,False,2025,10
0 days 02:29:53.566000,ANT,12,0 days 00:02:06.371000,70.0,6.0,0 days 02:27:48.799000,,0 days 00:00:33.072000,0 days 00:00:36.850000,0 days 00:00:56.449000,0 days 02:28:20.311000,0 days 02:28:57.161000,0 days 02:29:53.610000,133.0,174.0,263.0,101.0,False,HARD,32.0,False,Mercedes,0 days 02:27:47.195000,,4,3.0,,,False,False,2025,10
0 days 01:17:46.922000,ALO,14,0 days 00:01:35.382000,15.0,1.0,,0 days 01:17:24.467000,0 days 00:00:22.250000,0 days 00:00:25.506000,0 days 00:00:47.626000,0 days 01:16:33.821000,0 days 01:16:59.327000,0 days 01:17:46.953000,245.0,281.0,,323.0,False,MEDIUM,19.0,False,Aston Martin,0 days 01:16:11.540000,,1,17.0,,,False,False,2025,10
0 days 01:19:06.763000,ALO,14,0 days 00:01:19.841000,16.0,2.0,0 days 01:17:48.472000,,0 days 00:00:24,0 days 00:00:24.707000,0 days 00:00:31.134000,0 days 01:18:10.953000,0 days 01:18:35.660000,0 days 01:19:06.794000,245.0,279.0,281.0,307.0,False,HARD,2.0,False,Aston Martin,0 days 01:17:46.922000,,1,18.0,,,False,False,2025,10
0 days 02:02:53.012000,ALO,14,0 days 00:01:32.749000,50.0,2.0,,0 days 02:02:31.159000,0 days 00:00:21.414000,0 days 00:00:24.305000,0 days 00:00:47.030000,0 days 02:01:41.708000,0 days 02:02:06.013000,0 days 02:02:53.043000,249.0,282.0,,307.0,False,HARD,36.0,False,Aston Martin,0 days 02:01:20.263000,,1,12.0,,,False,False,2025,10
0 days 02:04:11.405000,ALO,14,0 days 00:01:18.393000,51.0,3.0,0 days 02:02:54.678000,,0 days 00:00:23.644000,0 days 00:00:24.184000,0 days 00:00:30.565000,0 days 02:03:16.687000,0 days 02:03:40.871000,0 days 02:04:11.436000,249.0,284.0,283.0,308.0,False,HARD,2.0,False,Aston Martin,0 days 02:02:53.012000,,1,12.0,,,False,False,2025,10
0 days 02:23:26.776000,ALO,14,0 days 00:01:39.524000,66.0,3.0,,0 days 02:23:10.069000,0 days 00:00:21.007000,0 days 00:00:28.690000,0 days 00:00:49.827000,0 days 02:22:08.290000,0 days 02:22:36.980000,0 days 02:23:26.807000,250.0,156.0,,277.0,False,HARD,17.0,False,Aston Martin,0 days 02:21:47.252000,,124,8.0,,,False,False,2025,10
0 days 02:25:20.524000,ALO,14,0 days 00:01:53.748000,67.0,4.0,0 days 02:23:28.382000,0 days 02:25:03.867000,0 days 00:00:29.313000,0 days 00:00:34.222000,0 days 00:00:50.213000,0 days 02:23:56.120000,0 days 02:24:30.342000,0 days 02:25:20.555000,182.0,172.0,,155.0,False,HARD,18.0,False,Aston Martin,0 days 02:23:26.776000,,4,7.0,,,False,False,2025,10
0 days 02:26:59.846000,ALO,14,0 days 00:01:39.322000,68.0,5.0,0 days 02:25:22.095000,0 days 02:26:43.158000,0 days 00:00:29.532000,0 days 00:00:25.763000,0 days 00:00:44.027000,0 days 02:25:50.087000,0 days 02:26:15.850000,0 days 02:26:59.877000,243.0,280.0,,305.0,False,HARD,19.0,False,Aston Martin,0 days 02:25:20.524000,,4,7.0,,,False,False,2025,10
0 days 02:28:36.416000,ALO,14,0 days 00:01:36.570000,69.0,6.0,0 days 02:27:01.471000,0 days 02:28:19.831000,0 days 00:00:29.329000,0 days 00:00:24.739000,0 days 00:00:42.502000,0 days 02:27:29.206000,0 days 02:27:53.945000,0 days 02:28:36.447000,246.0,282.0,,306.0,False,HARD,20.0,False,Aston Martin,0 days 02:26:59.846000,,4,7.0,,,False,False,2025,10
0 days 02:30:03.524000,ALO,14,0 days 00:01:27.108000,70.0,7.0,0 days 02:28:38.065000,,0 days 00:00:27.535000,0 days 00:00:24.114000,0 days 00:00:35.459000,0 days 02:29:03.982000,0 days 02:29:28.096000,0 days 02:30:03.555000,249.0,281.0,242.0,153.0,False,HARD,21.0,False,Aston Martin,0 days 02:28:36.416000,,4,7.0,,,False,False,2025,10
0 days 01:34:12.417000,LEC,16,0 days 00:01:31.967000,28.0,1.0,,0 days 01:33:50.589000,0 days 00:00:21.431000,0 days 00:00:24.252000,0 days 00:00:46.284000,0 days 01:33:01.938000,0 days 01:33:26.190000,0 days 01:34:12.474000,250.0,283.0,,311.0,False,HARD,28.0,True,Ferrari,0 days 01:32:40.450000,,1,6.0,,,False,False,2025,10
0 days 01:35:31.419000,LEC,16,0 days 00:01:19.002000,29.0,2.0,0 days 01:34:14.077000,,0 days 00:00:23.883000,0 days 00:00:24.326000,0 days 00:00:30.793000,0 days 01:34:36.357000,0 days 01:35:00.683000,0 days 01:35:31.476000,248.0,281.0,279.0,302.0,False,HARD,1.0,True,Ferrari,0 days 01:34:12.417000,,1,6.0,,,False,False,2025,10
0 days 02:05:56.533000,LEC,16,0 days 00:01:31.576000,53.0,2.0,,0 days 02:05:34.226000,0 days 00:00:21.045000,0 days 00:00:23.889000,0 days 00:00:46.642000,0 days 02:04:46.059000,0 days 02:05:09.948000,0 days 02:05:56.590000,253.0,287.0,,314.0,False,HARD,25.0,True,Ferrari,0 days 02:04:24.957000,,1,6.0,,,False,False,2025,10
0 days 02:07:15.136000,LEC,16,0 days 00:01:18.603000,54.0,3.0,0 days 02:05:58.101000,,0 days 00:00:24.060000,0 days 00:00:24.325000,0 days 00:00:30.218000,0 days 02:06:20.650000,0 days 02:06:44.975000,0 days 02:07:15.193000,251.0,284.0,284.0,323.0,False,MEDIUM,1.0,True,Ferrari,0 days 02:05:56.533000,,1,6.0,,,False,False,2025,10
0 days 02:24:07.263000,LEC,16,0 days 00:01:52.504000,67.0,3.0,,0 days 02:23:50.538000,0 days 00:00:27.808000,0 days 00:00:33.456000,0 days 00:00:51.240000,0 days 02:22:42.624000,0 days 02:23:16.080000,0 days 02:24:07.320000,163.0,194.0,,224.0,False,MEDIUM,14.0,True,Ferrari,0 days 02:22:14.759000,,24,5.0,,,False,False,2025,10
0 days 02:26:02.201000,LEC,16,0 days 00:01:54.938000,68.0,4.0,0 days 02:24:08.835000,0 days 02:25:45.567000,0 days 00:00:30.569000,0 days 00:00:33.440000,0 days 00:00:50.929000,0 days 02:24:37.889000,0 days 02:25:11.329000,0 days 02:26:02.258000,169.0,169.0,,212.0,False,MEDIUM,15.0,False,Ferrari,0 days 02:24:07.263000,,4,5.0,,,False,False,2025,10
0 days 02:27:53.001000,LEC,16,0 days 00:01:50.800000,69.0,5.0,0 days 02:26:03.817000,0 days 02:27:36.331000,0 days 00:00:28.003000,0 days 00:00:29.232000,0 days 00:00:53.565000,0 days 02:26:30.261000,0 days 02:26:59.493000,0 days 02:27:53.058000,207.0,190.0,,195.0,False,MEDIUM,16.0,False,Ferrari,0 days 02:26:02.201000,,4,5.0,,,False,False,2025,10
0 days 02:29:55.994000,LEC,16,0 days 00:02:02.993000,70.0,6.0,0 days 02:27:54.534000,,0 days 00:00:32.095000,0 days 00:00:35.168000,0 days 00:00:55.730000,0 days 02:28:25.153000,0 days 02:29:00.321000,0 days 02:29:56.051000,223.0,199.0,273.0,87.0,False,MEDIUM,17.0,False,Ferrari,0 days 02:27:53.001000,,4,5.0,,,False,False,2025,10
0 days 01:29:44.149000,STR,18,0 days 00:01:33.814000,24.0,1.0,,0 days 01:29:22.003000,0 days 00:00:21.834000,0 days 00:00:24.744000,0 days 00:00:47.236000,0 days 01:28:32.209000,0 days 01:28:56.953000,0 days 01:29:44.189000,249.0,281.0,,308.0,False,HARD,25.0,False,Aston Martin,0 days 01:28:10.335000,,1,19.0,,,False,False,2025,10
0 days 01:31:03.768000,STR,18,0 days 00:01:19.619000,25.0,2.0,0 days 01:29:45.659000,,0 days 00:00:24.088000,0 days 00:00:24.414000,0 days 00:00:31.117000,0 days 01:30:08.277000,0 days 01:30:32.691000,0 days 01:31:03.808000,245.0,279.0,279.0,302.0,False,HARD,2.0,False,Aston Martin,0 days 01:29:44.149000,,1,19.0,,,False,False,2025,10
0 days 02:04:48.684000,STR,18,0 days 00:01:43.588000,51.0,2.0,,0 days 02:04:15.569000,0 days 00:00:21.649000,0 days 00:00:24.070000,0 days 00:00:57.869000,0 days 02:03:26.785000,0 days 02:03:50.855000,0 days 02:04:48.724000,257.0,285.0,,333.0,False,HARD,28.0,False,Aston Martin,0 days 02:03:05.096000,,1,19.0,,,False,False,2025,10
0 days 02:06:07.610000,STR,18,0 days 00:01:18.926000,52.0,3.0,0 days 02:04:50.351000,,0 days 00:00:23.734000,0 days 00:00:24.191000,0 days 00:00:31.001000,0 days 02:05:12.458000,0 days 02:05:36.649000,0 days 02:06:07.650000,254.0,281.0,281.0,303.0,False,MEDIUM,1.0,False,Aston Martin,0 days 02:04:48.684000,,1,19.0,,,False,False,2025,10
0 days 02:24:28.343000,STR,18,0 days 00:02:03.386000,66.0,3.0,,0 days 02:24:06.116000,0 days 00:00:36.315000,0 days 00:00:30.379000,0 days 00:00:56.692000,0 days 02:23:01.312000,0 days 02:23:31.691000,0 days 02:24:28.383000,154.0,251.0,,195.0,False,MEDIUM,15.0,False,Aston Martin,0 days 02:22:24.957000,,24,18.0,,,False,False,2025,10
0 days 02:26:24.277000,STR,18,0 days 00:01:55.934000,67.0,4.0,0 days 02:24:29.937000,0 days 02:26:07.598000,0 days 00:00:32.424000,0 days 00:00:32.160000,0 days 00:00:51.350000,0 days 02:25:00.807000,0 days 02:25:32.967000,0 days 02:26:24.317000,189.0,142.0,,209.0,False,SOFT,1.0,True,Aston Martin,0 days 02:24:28.343000,,4,17.0,,,False,False,2025,10
0 days 02:28:06.088000,STR,18,0 days 00:01:41.811000,68.0,5.0,0 days 02:26:25.908000,0 days 02:27:49.487000,0 days 00:00:32.126000,0 days 00:00:25.509000,0 days 00:00:44.176000,0 days 02:26:56.443000,0 days 02:27:21.952000,0 days 02:28:06.128000,244.0,266.0,,278.0,False,SOFT,2.0,False,Aston Martin,0 days 02:26:24.277000,,4,17.0,,,False,False,2025,10
0 days 02:30:01.615000,STR,18,0 days 00:01:55.527000,69.0,6.0,0 days 02:28:07.846000,,0 days 00:00:31.029000,0 days 00:00:31.496000,0 days 00:00:53.002000,0 days 02:28:37.157000,0 days 02:29:08.653000,0 days 02:30:01.655000,246.0,171.0,263.0,95.0,False,SOFT,3.0,False,Aston Martin,0 days 02:28:06.088000,,4,17.0,,,False,False,2025,10
0 days 02:10:50.830000,TSU,22,0 days 00:01:34.420000,56.0,1.0,,0 days 02:10:27.400000,0 days 00:00:21.447000,0 days 00:00:24.282000,0 days 00:00:48.691000,0 days 02:09:37.870000,0 days 02:10:02.152000,0 days 02:10:50.843000,258.0,285.0,,308.0,False,HARD,56.0,True,Red Bull Racing,0 days 02:09:16.410000,,1,15.0,,,False,False,2025,10
0 days 02:12:10.474000,TSU,22,0 days 00:01:19.644000,57.0,2.0,0 days 02:10:52.463000,,0 days 00:00:24.492000,0 days 00:00:24.407000,0 days 00:00:30.745000,0 days 02:11:15.335000,0 days 02:11:39.742000,0 days 02:12:10.487000,247.0,284.0,283.0,306.0,False,MEDIUM,1.0,True,Red Bull Racing,0 days 02:10:50.830000,,1,15.0,,,False,False,2025,10
0 days 02:24:12.513000,TSU,22,0 days 00:01:53.199000,66.0,2.0,,0 days 02:23:55.772000,0 days 00:00:29.823000,0 days 00:00:32.134000,0 days 00:00:51.242000,0 days 02:22:49.150000,0 days 02:23:21.284000,0 days 02:24:12.526000,157.0,208.0,,202.0,False,MEDIUM,10.0,True,Red Bull Racing,0 days 02:22:19.314000,,24,13.0,,,False,False,2025,10
0 days 02:26:09.755000,TSU,22,0 days 00:01:57.242000,67.0,3.0,0 days 02:24:14.022000,0 days 02:25:53.130000,0 days 00:00:31.721000,0 days 00:00:33.383000,0 days 00:00:52.138000,0 days 02:24:44.247000,0 days 02:25:17.630000,0 days 02:26:09.768000,176.0,175.0,,206.0,False,MEDIUM,11.0,False,Red Bull Racing,0 days 02:24:12.513000,,4,12.0,,,False,False,2025,10
0 days 02:27:56.104000,TSU,22,0 days 00:01:46.349000,68.0,4.0,0 days 02:26:11.377000,0 days 02:27:39.424000,0 days 00:00:28.871000,0 days 00:00:26.533000,0 days 00:00:50.945000,0 days 02:26:38.639000,0 days 02:27:05.172000,0 days 02:27:56.117000,241.0,254.0,,174.0,False,MEDIUM,12.0,False,Red Bull Racing,0 days 02:26:09.755000,,4,12.0,,,False,False,2025,10
0 days 02:29:58.008000,TSU,22,0 days 00:02:01.904000,69.0,5.0,0 days 02:27:57.674000,,0 days 00:00:31.047000,0 days 00:00:35.669000,0 days 00:00:55.188000,0 days 02:28:27.164000,0 days 02:29:02.833000,0 days 02:29:58.021000,227.0,163.0,235.0,84.0,False,MEDIUM,13.0,False,Red Bull Racing,0 days 02:27:56.104000,,4,12.0,,,False,False,2025,10
0 days 01:28:27.372000,ALB,23,0 days 00:01:37.229000,23.0,1.0,,0 days 01:28:05.116000,0 days 00:00:23.253000,0 days 00:00:25.322000,0 days 00:00:48.654000,0 days 01:27:13.429000,0 days 01:27:38.751000,0 days 01:28:27.405000,246.0,280.0,,309.0,False,MEDIUM,27.0,False,Williams,0 days 01:26:50.143000,,1,20.0,,,False,False,2025,10
0 days 01:29:48.211000,ALB,23,0 days 00:01:20.839000,24.0,2.0,0 days 01:28:28.913000,,0 days 00:00:24.929000,0 days 00:00:24.845000,0 days 00:00:31.065000,0 days 01:28:52.334000,0 days 01:29:17.179000,0 days 01:29:48.244000,241.0,280.0,280.0,303.0,False,HARD,1.0,True,Williams,0 days 01:28:27.372000,,1,20.0,,,False,False,2025,10
0 days 01:23:01.569000,HUL,27,0 days 00:01:34.418000,19.0,1.0,,0 days 01:22:39.677000,0 days 00:00:22.097000,0 days 00:00:25.013000,0 days 00:00:47.308000,0 days 01:21:49.248000,0 days 01:22:14.261000,0 days 01:23:01.569000,250.0,276.0,,305.0,False,MEDIUM,19.0,True,Kick Sauber,0 days 01:21:27.151000,,1,17.0,,,False,False,2025,10
0 days 01:24:21.810000,HUL,27,0 days 00:01:20.241000,20.0,2.0,0 days 01:23:03.099000,,0 days 00:00:24.312000,0 days 00:00:24.819000,0 days 00:00:31.110000,0 days 01:23:25.881000,0 days 01:23:50.700000,0 days 01:24:21.810000,236.0,276.0,281.0,308.0,False,HARD,1.0,True,Kick Sauber,0 days 01:23:01.569000,,1,17.0,,,False,False,2025,10
0 days 02:23:30.948000,HUL,27,0 days 00:01:41.808000,66.0,2.0,,0 days 02:23:14.178000,0 days 00:00:21.116000,0 days 00:00:29.189000,0 days 00:00:51.503000,0 days 02:22:10.256000,0 days 02:22:39.445000,0 days 02:23:30.948000,259.0,152.0,,223.0,False,HARD,47.0,True,Kick Sauber,0 days 02:21:49.140000,,124,9.0,,,False,False,2025,10
0 days 02:25:23.310000,HUL,27,0 days 00:01:52.362000,67.0,3.0,0 days 02:23:32.538000,0 days 02:25:06.621000,0 days 00:00:27.936000,0 days 00:00:33.053000,0 days 00:00:51.373000,0 days 02:23:58.884000,0 days 02:24:31.937000,0 days 02:25:23.310000,234.0,155.0,,157.0,False,HARD,48.0,False,Kick Sauber,0 days 02:23:30.948000,,4,8.0,,,False,False,2025,10
0 days 02:27:02.490000,HUL,27,0 days 00:01:39.180000,68.0,4.0,0 days 02:25:24.880000,0 days 02:26:45.690000,0 days 00:00:28.663000,0 days 00:00:26.717000,0 days 00:00:43.800000,0 days 02:25:51.973000,0 days 02:26:18.690000,0 days 02:27:02.490000,235.0,255.0,,299.0,False,HARD,49.0,False,Kick Sauber,0 days 02:25:23.310000,,4,8.0,,,False,False,2025,10
0 days 02:28:39.345000,HUL,27,0 days 00:01:36.855000,69.0,5.0,0 days 02:27:04.096000,0 days 02:28:22.597000,0 days 00:00:27.998000,0 days 00:00:25.648000,0 days 00:00:43.209000,0 days 02:27:30.488000,0 days 02:27:56.136000,0 days 02:28:39.345000,243.0,278.0,,290.0,False,HARD,50.0,False,Kick Sauber,0 days 02:27:02.490000,,4,8.0,,,False,False,2025,10
0 days 02:30:07.916000,HUL,27,0 days 00:01:28.571000,70.0,6.0,0 days 02:28:40.956000,,0 days 00:00:27.796000,0 days 00:00:27.025000,0 days 00:00:33.750000,0 days 02:29:07.141000,0 days 02:29:34.166000,0 days 02:30:07.916000,215.0,262.0,238.0,285.0,False,HARD,51.0,False,Kick Sauber,0 days 02:28:39.345000,,4,8.0,,,False,False,2025,10
0 days 00:59:33.162000,LAW,30,0 days 00:01:33.298000,1.0,1.0,0 days 00:58:12.190000,,,0 days 00:00:25.378000,0 days 00:00:31.652000,,0 days 00:59:01.660000,0 days 00:59:33.300000,244.0,280.0,279.0,313.0,False,HARD,2.0,False,Racing Bulls,0 days 00:57:59.581000,,1,19.0,,,False,False,2025,10
0 days 01:47:53.062000,LAW,30,0 days 00:01:33.990000,38.0,1.0,,0 days 01:47:31.321000,0 days 00:00:22.137000,0 days 00:00:24.823000,0 days 00:00:47.030000,0 days 01:46:41.252000,0 days 01:47:06.075000,0 days 01:47:53.105000,256.0,285.0,,314.0,False,HARD,39.0,False,Racing Bulls,0 days 01:46:19.072000,,1,20.0,,,False,False,2025,10
0 days 01:49:13.833000,LAW,30,0 days 00:01:20.771000,39.0,2.0,0 days 01:47:54.604000,,0 days 00:00:24.915000,0 days 00:00:24.863000,0 days 00:00:30.993000,0 days 01:48:18.020000,0 days 01:48:42.883000,0 days 01:49:13.876000,253.0,283.0,283.0,309.0,False,MEDIUM,1.0,False,Racing Bulls,0 days 01:47:53.062000,,1,20.0,,,False,False,2025,10
0 days 02:08:45.544000,LAW,30,,54.0,2.0,,0 days 02:08:45.587000,0 days 00:00:21.604000,0 days 00:00:24.456000,,0 days 02:07:37.961000,0 days 02:08:02.399000,,254.0,259.0,,115.0,False,MEDIUM,16.0,False,Racing Bulls,0 days 02:07:16.136000,,1,19.0,,,False,False,2025,10
0 days 02:11:56.418000,OCO,31,0 days 00:01:33.711000,57.0,1.0,,0 days 02:11:33.613000,0 days 00:00:21.425000,0 days 00:00:24.261000,0 days 00:00:48.025000,0 days 02:10:44.197000,0 days 02:11:08.458000,0 days 02:11:56.483000,245.0,281.0,,305.0,False,HARD,57.0,True,Haas F1 Team,0 days 02:10:22.707000,,1,10.0,,,False,False,2025,10
0 days 02:13:17.682000,OCO,31,0 days 00:01:21.264000,58.0,2.0,0 days 02:11:58.066000,,0 days 00:00:25.237000,0 days 00:00:25.748000,0 days 00:00:30.279000,0 days 02:12:21.720000,0 days 02:12:47.468000,0 days 02:13:17.747000,235.0,278.0,292.0,323.0,False,MEDIUM,1.0,True,Haas F1 Team,0 days 02:11:56.418000,,1,10.0,,,False,False,2025,10
0 days 02:23:48.010000,OCO,31,0 days 00:01:46.256000,66.0,2.0,,0 days 02:23:31.335000,0 days 00:00:21.791000,0 days 00:00:34.010000,0 days 00:00:50.455000,0 days 02:22:23.610000,0 days 02:22:57.620000,0 days 02:23:48.075000,255.0,199.0,,201.0,False,MEDIUM,9.0,True,Haas F1 Team,0 days 02:22:01.754000,,24,10.0,,,False,False,2025,10
0 days 02:25:45.098000,OCO,31,0 days 00:01:57.088000,67.0,3.0,0 days 02:23:49.522000,0 days 02:25:28.401000,0 days 00:00:30.699000,0 days 00:00:32.597000,0 days 00:00:53.792000,0 days 02:24:18.774000,0 days 02:24:51.371000,0 days 02:25:45.163000,197.0,210.0,,203.0,False,MEDIUM,10.0,False,Haas F1 Team,0 days 02:23:48.010000,,4,9.0,,,False,False,2025,10
0 days 02:27:48.339000,OCO,31,0 days 00:02:03.241000,68.0,4.0,0 days 02:25:46.630000,0 days 02:27:31.752000,0 days 00:00:33.273000,0 days 00:00:35.833000,0 days 00:00:54.135000,0 days 02:26:18.436000,0 days 02:26:54.269000,0 days 02:27:48.404000,172.0,215.0,,174.0,False,MEDIUM,11.0,False,Haas F1 Team,0 days 02:25:45.098000,,4,9.0,,,False,False,2025,10
0 days 02:29:54.025000,OCO,31,0 days 00:02:05.686000,69.0,5.0,0 days 02:27:49.909000,,0 days 00:00:33.010000,0 days 00:00:36.531000,0 days 00:00:56.145000,0 days 02:28:21.414000,0 days 02:28:57.945000,0 days 02:29:54.090000,151.0,181.0,241.0,104.0,False,MEDIUM,12.0,False,Haas F1 Team,0 days 02:27:48.339000,,4,9.0,,,False,False,2025,10
0 days 01:35:25.899000,NOR,4,0 days 00:01:32.211000,29.0,1.0,,0 days 01:35:04.240000,0 days 00:00:21.259000,0 days 00:00:24.112000,0 days 00:00:46.840000,0 days 01:34:14.969000,0 days 01:34:39.081000,0 days 01:35:25.921000,251.0,279.0,,300.0,False,HARD,29.0,True,McLaren,0 days 01:33:53.688000,,1,5.0,,,False,False,2025,10
0 days 01:36:44.071000,NOR,4,0 days 00:01:18.172000,30.0,2.0,0 days 01:35:27.503000,,0 days 00:00:23.591000,0 days 00:00:24.185000,0 days 00:00:30.396000,0 days 01:35:49.512000,0 days 01:36:13.697000,0 days 01:36:44.093000,245.0,279.0,277.0,299.0,False,MEDIUM,1.0,True,McLaren,0 days 01:35:25.899000,,1,5.0,,,False,False,2025,10
0 days 01:58:18.867000,NOR,4,0 days 00:01:31.610000,47.0,2.0,,0 days 01:57:57.048000,0 days 00:00:21.055000,0 days 00:00:23.977000,0 days 00:00:46.578000,0 days 01:57:08.334000,0 days 01:57:32.311000,0 days 01:58:18.889000,251.0,284.0,,311.0,False,MEDIUM,18.0,True,McLaren,0 days 01:56:47.257000,,1,6.0,,,False,False,2025,10
0 days 01:59:36.851000,NOR,4,0 days 00:01:17.984000,48.0,3.0,0 days 01:58:20.376000,,0 days 00:00:23.421000,0 days 00:00:24.144000,0 days 00:00:30.419000,0 days 01:58:42.310000,0 days 01:59:06.454000,0 days 01:59:36.873000,246.0,285.0,285.0,310.0,False,HARD,1.0,True,McLaren,0 days 01:58:18.867000,,12,6.0,,,False,False,2025,10
0 days 01:16:35.733000,COL,43,0 days 00:01:35.104000,14.0,1.0,,0 days 01:16:12.702000,0 days 00:00:21.899000,0 days 00:00:24.593000,0 days 00:00:48.612000,0 days 01:15:22.581000,0 days 01:15:47.174000,0 days 01:16:35.786000,249.0,275.0,,304.0,False,MEDIUM,19.0,False,Alpine,0 days 01:15:00.629000,,1,19.0,,,False,False,2025,10
0 days 01:17:56.523000,COL,43,0 days 00:01:20.790000,15.0,2.0,0 days 01:16:37.249000,,0 days 00:00:24.491000,0 days 00:00:24.809000,0 days 00:00:31.490000,0 days 01:17:00.277000,0 days 01:17:25.086000,0 days 01:17:56.576000,244.0,271.0,276.0,298.0,False,HARD,1.0,True,Alpine,0 days 01:16:35.733000,,1,19.0,,,False,False,2025,10
0 days 02:24:15.029000,COL,43,0 days 00:01:54.740000,66.0,2.0,,0 days 02:23:58.429000,0 days 00:00:32.150000,0 days 00:00:30.773000,0 days 00:00:51.817000,0 days 02:22:52.492000,0 days 02:23:23.265000,0 days 02:24:15.082000,192.0,175.0,,204.0,False,HARD,52.0,True,Alpine,0 days 02:22:20.289000,,24,14.0,,,False,False,2025,10
0 days 02:26:11.949000,COL,43,0 days 00:01:56.920000,67.0,3.0,0 days 02:24:16.616000,0 days 02:25:55.364000,0 days 00:00:31.454000,0 days 00:00:33.513000,0 days 00:00:51.953000,0 days 02:24:46.536000,0 days 02:25:20.049000,0 days 02:26:12.002000,199.0,154.0,,164.0,False,HARD,53.0,False,Alpine,0 days 02:24:15.029000,,4,13.0,,,False,False,2025,10
0 days 02:27:57.783000,COL,43,0 days 00:01:45.834000,68.0,4.0,0 days 02:26:13.533000,0 days 02:27:41.206000,0 days 00:00:31.154000,0 days 00:00:26.299000,0 days 00:00:48.381000,0 days 02:26:43.156000,0 days 02:27:09.455000,0 days 02:27:57.836000,239.0,262.0,,176.0,False,HARD,54.0,False,Alpine,0 days 02:26:11.949000,,4,13.0,,,False,False,2025,10
0 days 02:29:59.570000,COL,43,0 days 00:02:01.787000,69.0,5.0,0 days 02:27:59.393000,,0 days 00:00:32.166000,0 days 00:00:33.810000,0 days 00:00:55.811000,0 days 02:28:30.002000,0 days 02:29:03.812000,0 days 02:29:59.623000,227.0,142.0,268.0,87.0,False,HARD,55.0,False,Alpine,0 days 02:27:57.783000,,4,13.0,,,False,False,2025,10
0 days 01:17:38.763000,HAM,44,0 days 00:01:34.965000,15.0,1.0,,0 days 01:17:16.765000,0 days 00:00:21.906000,0 days 00:00:24.783000,0 days 00:00:48.276000,0 days 01:16:25.734000,0 days 01:16:50.517000,0 days 01:17:38.793000,248.0,279.0,,309.0,False,MEDIUM,15.0,True,Ferrari,0 days 01:16:03.798000,,1,9.0,,,False,False,2025,10
0 days 01:18:58.949000,HAM,44,0 days 00:01:20.186000,16.0,2.0,0 days 01:17:40.378000,,0 days 00:00:24.306000,0 days 00:00:24.733000,0 days 00:00:31.147000,0 days 01:18:03.099000,0 days 01:18:27.832000,0 days 01:18:58.979000,233.0,281.0,281.0,308.0,False,HARD,1.0,True,Ferrari,0 days 01:17:38.763000,,1,10.0,,,False,False,2025,10
0 days 01:56:09.353000,HAM,44,0 days 00:01:32.121000,45.0,2.0,,0 days 01:55:47.543000,0 days 00:00:21.307000,0 days 00:00:24.110000,0 days 00:00:46.704000,0 days 01:54:58.569000,0 days 01:55:22.679000,0 days 01:56:09.383000,251.0,284.0,,311.0,False,HARD,30.0,True,Ferrari,0 days 01:54:37.232000,,1,7.0,,,False,False,2025,10
0 days 01:57:28.002000,HAM,44,0 days 00:01:18.649000,46.0,3.0,0 days 01:56:10.903000,,0 days 00:00:23.784000,0 days 00:00:24.028000,0 days 00:00:30.837000,0 days 01:56:33.167000,0 days 01:56:57.195000,0 days 01:57:28.032000,248.0,281.0,281.0,301.0,False,HARD,1.0,True,Ferrari,0 days 01:56:09.353000,,1,7.0,,,False,False,2025,10
0 days 02:24:39.166000,HAM,44,0 days 00:01:55.724000,67.0,3.0,,0 days 02:24:22.413000,0 days 00:00:37.809000,0 days 00:00:31.271000,0 days 00:00:46.644000,0 days 02:23:21.281000,0 days 02:23:52.552000,0 days 02:24:39.196000,165.0,263.0,,265.0,False,HARD,22.0,True,Ferrari,0 days 02:22:43.442000,,4,6.0,,,False,False,2025,10
0 days 02:26:29.784000,HAM,44,0 days 00:01:50.618000,68.0,4.0,0 days 02:24:40.745000,0 days 02:26:13.122000,0 days 00:00:29.372000,0 days 00:00:30.597000,0 days 00:00:50.649000,0 days 02:25:08.568000,0 days 02:25:39.165000,0 days 02:26:29.814000,216.0,184.0,,218.0,False,HARD,23.0,False,Ferrari,0 days 02:24:39.166000,,4,6.0,,,False,False,2025,10
0 days 02:28:07.515000,HAM,44,0 days 00:01:37.731000,69.0,5.0,0 days 02:26:31.377000,0 days 02:27:50.909000,0 days 00:00:27.282000,0 days 00:00:26.156000,0 days 00:00:44.293000,0 days 02:26:57.096000,0 days 02:27:23.252000,0 days 02:28:07.545000,239.0,258.0,,288.0,False,HARD,24.0,False,Ferrari,0 days 02:26:29.784000,,4,6.0,,,False,False,2025,10
0 days 02:30:03.265000,HAM,44,0 days 00:01:55.750000,70.0,6.0,0 days 02:28:09.081000,,0 days 00:00:30.432000,0 days 00:00:31.347000,0 days 00:00:53.971000,0 days 02:28:37.977000,0 days 02:29:09.324000,0 days 02:30:03.295000,235.0,163.0,261.0,95.0,False,HARD,25.0,False,Ferrari,0 days 02:28:07.515000,,4,6.0,,,False,False,2025,10
0 days 02:02:00.739000,BOR,5,0 days 00:01:33.551000,49.0,1.0,,0 days 02:01:38.612000,0 days 00:00:21.828000,0 days 00:00:24.687000,0 days 00:00:47.036000,0 days 02:00:49.061000,0 days 02:01:13.748000,0 days 02:02:00.784000,248.0,277.0,,309.0,False,HARD,49.0,True,Kick Sauber,0 days 02:00:27.188000,,1,18.0,,,False,False,2025,10
0 days 02:03:21.589000,BOR,5,0 days 00:01:20.850000,50.0,2.0,0 days 02:02:02.440000,,0 days 00:00:24.878000,0 days 00:00:24.424000,0 days 00:00:31.548000,0 days 02:02:25.662000,0 days 02:02:50.086000,0 days 02:03:21.634000,252.0,278.0,280.0,242.0,False,MEDIUM,1.0,True,Kick Sauber,0 days 02:02:00.739000,,1,18.0,,,False,False,2025,10
0 days 02:24:15.950000,BOR,5,0 days 00:01:53.764000,66.0,2.0,,0 days 02:23:59.319000,0 days 00:00:32.533000,0 days 00:00:30.085000,0 days 00:00:51.146000,0 days 02:22:54.764000,0 days 02:23:24.849000,0 days 02:24:15.995000,150.0,168.0,,205.0,False,MEDIUM,17.0,True,Kick Sauber,0 days 02:22:22.186000,,24,15.0,,,False,False,2025,10
0 days 02:26:13.512000,BOR,5,0 days 00:01:57.562000,67.0,3.0,0 days 02:24:17.585000,0 days 02:25:56.926000,0 days 00:00:32.004000,0 days 00:00:34.424000,0 days 00:00:51.134000,0 days 02:24:47.999000,0 days 02:25:22.423000,0 days 02:26:13.557000,172.0,159.0,,205.0,False,MEDIUM,18.0,False,Kick Sauber,0 days 02:24:15.950000,,4,14.0,,,False,False,2025,10
0 days 02:27:59.542000,BOR,5,0 days 00:01:46.030000,68.0,4.0,0 days 02:26:15.264000,0 days 02:27:42.831000,0 days 00:00:31.233000,0 days 00:00:27.513000,0 days 00:00:47.284000,0 days 02:26:44.790000,0 days 02:27:12.303000,0 days 02:27:59.587000,211.0,255.0,,208.0,False,MEDIUM,19.0,False,Kick Sauber,0 days 02:26:13.512000,,4,14.0,,,False,False,2025,10
0 days 02:30:00.431000,BOR,5,0 days 00:02:00.889000,69.0,5.0,0 days 02:28:01.143000,,0 days 00:00:32.021000,0 days 00:00:32.847000,0 days 00:00:56.021000,0 days 02:28:31.608000,0 days 02:29:04.455000,0 days 02:30:00.476000,225.0,148.0,254.0,85.0,False,MEDIUM,20.0,False,Kick Sauber,0 days 02:27:59.542000,,4,14.0,,,False,False,2025,10
0 days 02:12:00.312000,SAI,55,0 days 00:01:33.451000,57.0,1.0,,0 days 02:11:38.582000,0 days 00:00:22.027000,0 days 00:00:24.412000,0 days 00:00:47.012000,0 days 02:10:48.910000,0 days 02:11:13.322000,0 days 02:12:00.334000,254.0,278.0,,313.0,False,HARD,57.0,True,Williams,0 days 02:10:26.861000,,1,11.0,,,False,False,2025,10
0 days 02:13:18.990000,SAI,55,0 days 00:01:18.678000,58.0,2.0,0 days 02:12:01.848000,,0 days 00:00:24.165000,0 days 00:00:24.380000,0 days 00:00:30.133000,0 days 02:12:24.499000,0 days 02:12:48.879000,0 days 02:13:19.012000,254.0,278.0,295.0,318.0,False,MEDIUM,1.0,True,Williams,0 days 02:12:00.312000,,1,11.0,,,False,False,2025,10
0 days 02:23:48.566000,SAI,55,0 days 00:01:45.951000,66.0,2.0,,0 days 02:23:31.897000,0 days 00:00:21.527000,0 days 00:00:34.095000,0 days 00:00:50.329000,0 days 02:22:24.164000,0 days 02:22:58.259000,0 days 02:23:48.588000,255.0,195.0,,203.0,False,MEDIUM,9.0,True,Williams,0 days 02:22:02.615000,,24,11.0,,,False,False,2025,10
0 days 02:25:46.045000,SAI,55,0 days 00:01:57.479000,67.0,3.0,0 days 02:23:50.163000,0 days 02:25:29.378000,0 days 00:00:31.491000,0 days 00:00:31.969000,0 days 00:00:54.019000,0 days 02:24:20.079000,0 days 02:24:52.048000,0 days 02:25:46.067000,230.0,217.0,,171.0,False,MEDIUM,10.0,False,Williams,0 days 02:23:48.566000,,4,10.0,,,False,False,2025,10
0 days 02:27:49.585000,SAI,55,0 days 00:02:03.540000,68.0,4.0,0 days 02:25:47.630000,0 days 02:27:33.018000,0 days 00:00:33.051000,0 days 00:00:36.086000,0 days 00:00:54.403000,0 days 02:26:19.118000,0 days 02:26:55.204000,0 days 02:27:49.607000,186.0,191.0,,174.0,False,MEDIUM,11.0,False,Williams,0 days 02:25:46.045000,,4,10.0,,,False,False,2025,10
0 days 02:29:54.438000,SAI,55,0 days 00:02:04.853000,69.0,5.0,0 days 02:27:51.159000,,0 days 00:00:32.458000,0 days 00:00:36.779000,0 days 00:00:55.616000,0 days 02:28:22.065000,0 days 02:28:58.844000,0 days 02:29:54.460000,148.0,163.0,258.0,106.0,False,MEDIUM,12.0,False,Williams,0 days 02:27:49.585000,,4,10.0,,,False,False,2025,10
0 days 01:15:21.516000,HAD,6,0 days 00:01:36.665000,13.0,1.0,,0 days 01:14:58.967000,0 days 00:00:22.299000,0 days 00:00:26.039000,0 days 00:00:48.327000,0 days 01:14:07.201000,0 days 01:14:33.240000,0 days 01:15:21.567000,244.0,275.0,,329.0,False,MEDIUM,13.0,True,Racing Bulls,0 days 01:13:44.851000,,1,20.0,,,False,False,2025,10
0 days 01:16:41.812000,HAD,6,0 days 00:01:20.296000,14.0,2.0,0 days 01:15:23.030000,,0 days 00:00:24.256000,0 days 00:00:24.711000,0 days 00:00:31.329000,0 days 01:15:45.823000,0 days 01:16:10.534000,0 days 01:16:41.863000,249.0,279.0,277.0,307.0,False,HARD,2.0,False,Racing Bulls,0 days 01:15:21.516000,,1,20.0,,,False,False,2025,10
0 days 02:24:25.628000,HAD,6,0 days 00:02:01.476000,66.0,2.0,,0 days 02:24:03.491000,0 days 00:00:35.226000,0 days 00:00:29.505000,0 days 00:00:56.745000,0 days 02:22:59.429000,0 days 02:23:28.934000,0 days 02:24:25.679000,191.0,215.0,,242.0,False,HARD,54.0,False,Racing Bulls,0 days 02:22:24.152000,,24,17.0,,,False,False,2025,10
0 days 02:26:21.279000,HAD,6,0 days 00:01:55.651000,67.0,3.0,0 days 02:24:27.172000,0 days 02:26:04.505000,0 days 00:00:32.329000,0 days 00:00:33.557000,0 days 00:00:49.765000,0 days 02:24:58.008000,0 days 02:25:31.565000,0 days 02:26:21.330000,220.0,182.0,,213.0,False,SOFT,4.0,False,Racing Bulls,0 days 02:24:25.628000,,4,16.0,,,False,False,2025,10
0 days 02:28:04.177000,HAD,6,0 days 00:01:42.898000,68.0,4.0,0 days 02:26:22.830000,0 days 02:27:47.503000,0 days 00:00:31.413000,0 days 00:00:25.378000,0 days 00:00:46.107000,0 days 02:26:52.743000,0 days 02:27:18.121000,0 days 02:28:04.228000,251.0,256.0,,222.0,False,SOFT,5.0,False,Racing Bulls,0 days 02:26:21.279000,,4,16.0,,,False,False,2025,10
0 days 02:30:01.289000,HAD,6,0 days 00:01:57.112000,69.0,5.0,0 days 02:28:05.800000,,0 days 00:00:30.589000,0 days 00:00:32.831000,0 days 00:00:53.692000,0 days 02:28:34.817000,0 days 02:29:07.648000,0 days 02:30:01.340000,254.0,172.0,260.0,95.0,False,SOFT,6.0,False,Racing Bulls,0 days 02:28:04.177000,,4,16.0,,,False,False,2025,10
0 days 01:14:53.751000,RUS,63,0 days 00:01:32.351000,13.0,1.0,,0 days 01:14:32.061000,0 days 00:00:21.314000,0 days 00:00:24.358000,0 days 00:00:46.679000,0 days 01:13:42.745000,0 days 01:14:07.103000,0 days 01:14:53.782000,248.0,280.0,,304.0,False,MEDIUM,16.0,False,Mercedes,0 days 01:13:21.400000,,1,7.0,,,False,False,2025,10
0 days 01:16:12.507000,RUS,63,0 days 00:01:18.756000,14.0,2.0,0 days 01:14:55.405000,,0 days 00:00:23.959000,0 days 00:00:24.269000,0 days 00:00:30.528000,0 days 01:15:17.741000,0 days 01:15:42.010000,0 days 01:16:12.538000,244.0,279.0,280.0,309.0,False,HARD,2.0,False,Mercedes,0 days 01:14:53.751000,,1,6.0,,,False,False,2025,10
0 days 01:51:50.476000,RUS,63,0 days 00:01:32.340000,42.0,2.0,,0 days 01:51:27.898000,0 days 00:00:21.163000,0 days 00:00:23.915000,0 days 00:00:47.262000,0 days 01:50:39.330000,0 days 01:51:03.245000,0 days 01:51:50.507000,250.0,284.0,,313.0,False,HARD,30.0,False,Mercedes,0 days 01:50:18.136000,,1,4.0,,,False,False,2025,10
0 days 01:53:08.966000,RUS,63,0 days 00:01:18.490000,43.0,3.0,0 days 01:51:52.210000,,0 days 00:00:24.081000,0 days 00:00:24.029000,0 days 00:00:30.380000,0 days 01:52:14.588000,0 days 01:52:38.617000,0 days 01:53:08.997000,245.0,284.0,284.0,309.0,False,HARD,1.0,True,Mercedes,0 days 01:51:50.476000,,1,4.0,,,False,False,2025,10
0 days 02:23:34.430000,RUS,63,0 days 00:01:43.500000,67.0,3.0,,0 days 02:23:17.819000,0 days 00:00:20.757000,0 days 00:00:30.538000,0 days 00:00:52.205000,0 days 02:22:11.718000,0 days 02:22:42.256000,0 days 02:23:34.461000,253.0,216.0,,191.0,False,HARD,25.0,True,Mercedes,0 days 02:21:50.930000,,124,1.0,,,False,False,2025,10
0 days 02:25:41.199000,RUS,63,0 days 00:02:06.769000,68.0,4.0,0 days 02:23:36.053000,0 days 02:25:23.600000,0 days 00:00:30.445000,0 days 00:00:31.384000,0 days 00:01:04.940000,0 days 02:24:04.906000,0 days 02:24:36.290000,0 days 02:25:41.230000,232.0,186.0,,122.0,False,HARD,26.0,False,Mercedes,0 days 02:23:34.430000,,4,1.0,,,False,False,2025,10
0 days 02:27:45.016000,RUS,63,0 days 00:02:03.817000,69.0,5.0,0 days 02:25:42.942000,0 days 02:27:28.393000,0 days 00:00:35.051000,0 days 00:00:35.243000,0 days 00:00:53.523000,0 days 02:26:16.281000,0 days 02:26:51.524000,0 days 02:27:45.047000,143.0,198.0,,191.0,False,HARD,27.0,False,Mercedes,0 days 02:25:41.199000,,4,1.0,,,False,False,2025,10
0 days 02:29:52.552000,RUS,63,0 days 00:02:07.536000,70.0,6.0,0 days 02:27:46.581000,,0 days 00:00:33.947000,0 days 00:00:36.857000,0 days 00:00:56.732000,0 days 02:28:18.994000,0 days 02:28:55.851000,0 days 02:29:52.583000,126.0,177.0,272.0,107.0,False,HARD,28.0,False,Mercedes,0 days 02:27:45.016000,,4,1.0,,,False,False,2025,10
0 days 01:18:51.030000,PIA,81,0 days 00:01:32.816000,16.0,1.0,,0 days 01:18:29.425000,0 days 00:00:21.740000,0 days 00:00:24.503000,0 days 00:00:46.573000,0 days 01:17:39.999000,0 days 01:18:04.502000,0 days 01:18:51.075000,246.0,278.0,,304.0,False,MEDIUM,16.0,True,McLaren,0 days 01:17:18.214000,,1,7.0,,,False,False,2025,10
0 days 01:20:10.743000,PIA,81,0 days 00:01:19.713000,17.0,2.0,0 days 01:18:52.644000,,0 days 00:00:24.070000,0 days 00:00:24.644000,0 days 00:00:30.999000,0 days 01:19:15.145000,0 days 01:19:39.789000,0 days 01:20:10.788000,238.0,281.0,282.0,310.0,False,HARD,1.0,True,McLaren,0 days 01:18:51.030000,,1,7.0,,,False,False,2025,10
0 days 01:55:44.455000,PIA,81,0 days 00:01:31.172000,45.0,2.0,,0 days 01:55:22.981000,0 days 00:00:21.100000,0 days 00:00:23.927000,0 days 00:00:46.145000,0 days 01:54:34.428000,0 days 01:54:58.355000,0 days 01:55:44.500000,253.0,285.0,,312.0,False,HARD,29.0,True,McLaren,0 days 01:54:13.283000,,1,5.0,,,False,False,2025,10
0 days 01:57:02.533000,PIA,81,0 days 00:01:18.078000,46.0,3.0,0 days 01:55:46.028000,,0 days 00:00:23.517000,0 days 00:00:24.207000,0 days 00:00:30.354000,0 days 01:56:08.017000,0 days 01:56:32.224000,0 days 01:57:02.578000,249.0,285.0,284.0,309.0,False,HARD,1.0,True,McLaren,0 days 01:55:44.455000,,1,6.0,,,False,False,2025,10
0 days 02:23:48.789000,PIA,81,0 days 00:01:51.532000,67.0,3.0,,0 days 02:23:24.428000,0 days 00:00:21.248000,0 days 00:00:33.977000,0 days 00:00:56.307000,0 days 02:22:18.550000,0 days 02:22:52.527000,0 days 02:23:48.834000,256.0,178.0,,252.0,False,HARD,22.0,True,McLaren,0 days 02:21:57.257000,,124,4.0,,,False,False,2025,10
0 days 02:25:47.236000,PIA,81,0 days 00:01:58.447000,68.0,4.0,0 days 02:23:50.882000,0 days 02:25:30.537000,0 days 00:00:32.991000,0 days 00:00:32.022000,0 days 00:00:53.434000,0 days 02:24:21.825000,0 days 02:24:53.847000,0 days 02:25:47.281000,193.0,212.0,,177.0,False,SOFT,4.0,False,McLaren,0 days 02:23:48.789000,,4,4.0,,,False,False,2025,10
0 days 02:27:51.171000,PIA,81,0 days 00:02:03.935000,69.0,5.0,0 days 02:25:48.880000,0 days 02:27:34.549000,0 days 00:00:33.300000,0 days 00:00:36.143000,0 days 00:00:54.492000,0 days 02:26:20.581000,0 days 02:26:56.724000,0 days 02:27:51.216000,197.0,183.0,,163.0,False,SOFT,5.0,False,McLaren,0 days 02:25:47.236000,,4,4.0,,,False,False,2025,10
0 days 02:29:54.661000,PIA,81,0 days 00:02:03.490000,70.0,6.0,0 days 02:27:52.737000,,0 days 00:00:31.670000,0 days 00:00:36.829000,0 days 00:00:54.991000,0 days 02:28:22.886000,0 days 02:28:59.715000,0 days 02:29:54.706000,173.0,191.0,282.0,93.0,False,SOFT,6.0,False,McLaren,0 days 02:27:51.171000,,4,4.0,,,False,False,2025,10
0 days 01:21:53.500000,BEA,87,0 days 00:01:35.065000,18.0,1.0,,0 days 01:21:31.473000,0 days 00:00:22.245000,0 days 00:00:24.748000,0 days 00:00:48.072000,0 days 01:20:40.706000,0 days 01:21:05.454000,0 days 01:21:53.526000,242.0,278.0,,309.0,False,MEDIUM,18.0,True,Haas F1 Team,0 days 01:20:18.435000,,1,20.0,,,False,False,2025,10
0 days 01:23:13.546000,BEA,87,0 days 00:01:20.046000,19.0,2.0,0 days 01:21:55.099000,,0 days 00:00:24.220000,0 days 00:00:24.808000,0 days 00:00:31.018000,0 days 01:22:17.746000,0 days 01:22:42.554000,0 days 01:23:13.572000,239.0,273.0,278.0,300.0,False,HARD,1.0,True,Haas F1 Team,0 days 01:21:53.500000,,1,20.0,,,False,False,2025,10
0 days 02:24:10.147000,BEA,87,0 days 00:01:58.863000,66.0,2.0,,0 days 02:23:43.804000,0 days 00:00:26.852000,0 days 00:00:32.728000,0 days 00:00:59.283000,0 days 02:22:38.162000,0 days 02:23:10.890000,0 days 02:24:10.173000,117.0,192.0,,216.0,False,HARD,48.0,True,Haas F1 Team,0 days 02:22:11.284000,,24,12.0,,,False,False,2025,10
0 days 02:26:06.979000,BEA,87,0 days 00:01:56.832000,67.0,3.0,0 days 02:24:11.741000,0 days 02:25:50.301000,0 days 00:00:31.324000,0 days 00:00:34.649000,0 days 00:00:50.859000,0 days 02:24:41.497000,0 days 02:25:16.146000,0 days 02:26:07.005000,198.0,163.0,,245.0,False,SOFT,1.0,True,Haas F1 Team,0 days 02:24:10.147000,,4,11.0,,,False,False,2025,10
0 days 02:27:54.044000,BEA,87,0 days 00:01:47.065000,68.0,4.0,0 days 02:26:08.505000,0 days 02:27:37.362000,0 days 00:00:29.283000,0 days 00:00:25.581000,0 days 00:00:52.201000,0 days 02:26:36.288000,0 days 02:27:01.869000,0 days 02:27:54.070000,239.0,258.0,,187.0,False,SOFT,2.0,False,Haas F1 Team,0 days 02:26:06.979000,,4,11.0,,,False,False,2025,10
0 days 02:29:56.269000,BEA,87,0 days 00:02:02.225000,69.0,5.0,0 days 02:27:55.534000,,0 days 00:00:31.481000,0 days 00:00:36.457000,0 days 00:00:54.287000,0 days 02:28:25.551000,0 days 02:29:02.008000,0 days 02:29:56.295000,237.0,174.0,258.0,88.0,False,SOFT,3.0,False,Haas F1 Team,0 days 02:27:54.044000,,4,11.0,,,False,False,2025,10
0 days 01:36:23.939000,NOR,4,0 days 00:01:13.982000,20.0,1.0,,0 days 01:36:20.748000,0 days 00:00:17.709000,0 days 00:00:31.431000,0 days 00:00:24.842000,0 days 01:35:27.700000,0 days 01:35:59.131000,0 days 01:36:23.973000,301.0,229.0,,297.0,False,MEDIUM,20.0,True,McLaren,0 days 01:35:09.957000,,1,2.0,,,False,False,2025,11
0 days 01:37:51.754000,NOR,4,0 days 00:01:27.815000,21.0,2.0,0 days 01:36:42.709000,,0 days 00:00:35.278000,0 days 00:00:31.151000,0 days 00:00:21.386000,0 days 01:36:59.251000,0 days 01:37:30.402000,0 days 01:37:51.788000,295.0,229.0,271.0,290.0,False,HARD,1.0,True,McLaren,0 days 01:36:23.939000,,1,4.0,,,False,False,2025,11
0 days 02:13:59.333000,NOR,4,0 days 00:01:13.952000,52.0,2.0,,0 days 02:13:56.072000,0 days 00:00:17.582000,0 days 00:00:31.453000,0 days 00:00:24.917000,0 days 02:13:02.997000,0 days 02:13:34.450000,0 days 02:13:59.367000,298.0,226.0,,299.0,False,HARD,32.0,True,McLaren,0 days 02:12:45.381000,,1,2.0,,,False,False,2025,11
0 days 02:15:25.458000,NOR,4,0 days 00:01:26.125000,53.0,3.0,0 days 02:14:17.430000,,0 days 00:00:34.475000,0 days 00:00:30.674000,0 days 00:00:20.976000,0 days 02:14:33.842000,0 days 02:15:04.516000,0 days 02:15:25.492000,299.0,234.0,276.0,295.0,False,MEDIUM,1.0,True,McLaren,0 days 02:13:59.333000,,1,2.0,,,False,False,2025,11
0 days 01:41:09.112000,PIA,81,0 days 00:01:14.728000,24.0,1.0,,0 days 01:41:05.817000,0 days 00:00:17.939000,0 days 00:00:31.898000,0 days 00:00:24.891000,0 days 01:40:12.349000,0 days 01:40:44.247000,0 days 01:41:09.138000,295.0,223.0,,291.0,False,MEDIUM,24.0,True,McLaren,0 days 01:39:54.384000,,1,1.0,,,False,False,2025,11
0 days 01:42:37.441000,PIA,81,0 days 00:01:28.329000,25.0,2.0,0 days 01:41:28.494000,,0 days 00:00:35.618000,0 days 00:00:31.405000,0 days 00:00:21.306000,0 days 01:41:44.756000,0 days 01:42:16.161000,0 days 01:42:37.467000,297.0,230.0,272.0,293.0,False,HARD,1.0,True,McLaren,0 days 01:41:09.112000,,1,4.0,,,False,False,2025,11
0 days 02:15:12.360000,PIA,81,0 days 00:01:13.038000,53.0,2.0,,0 days 02:15:09.047000,0 days 00:00:17.542000,0 days 00:00:31.202000,0 days 00:00:24.294000,0 days 02:14:16.890000,0 days 02:14:48.092000,0 days 02:15:12.386000,300.0,229.0,,299.0,False,HARD,29.0,True,McLaren,0 days 02:13:59.322000,,1,1.0,,,False,False,2025,11
0 days 02:16:38.667000,PIA,81,0 days 00:01:26.307000,54.0,3.0,0 days 02:15:30.124000,,0 days 00:00:33.772000,0 days 00:00:31.651000,0 days 00:00:20.884000,0 days 02:15:46.158000,0 days 02:16:17.809000,0 days 02:16:38.693000,309.0,232.0,276.0,308.0,False,MEDIUM,1.0,True,McLaren,0 days 02:15:12.360000,,1,2.0,,,False,False,2025,11
0 days 01:42:27.541000,LEC,16,0 days 00:01:15.052000,25.0,1.0,,0 days 01:42:24.220000,0 days 00:00:17.949000,0 days 00:00:31.783000,0 days 00:00:25.320000,0 days 01:41:30.460000,0 days 01:42:02.243000,0 days 01:42:27.563000,296.0,222.0,,294.0,False,MEDIUM,25.0,True,Ferrari,0 days 01:41:12.489000,,1,2.0,,,False,False,2025,11
0 days 01:43:54.897000,LEC,16,0 days 00:01:27.356000,26.0,2.0,0 days 01:42:45.583000,,0 days 00:00:34.352000,0 days 00:00:31.393000,0 days 00:00:21.611000,0 days 01:43:01.915000,0 days 01:43:33.308000,0 days 01:43:54.919000,295.0,223.0,280.0,295.0,False,HARD,1.0,True,Ferrari,0 days 01:42:27.541000,,1,6.0,,,False,False,2025,11
0 days 02:10:45.847000,LEC,16,0 days 00:01:13.884000,49.0,2.0,,0 days 02:10:42.750000,0 days 00:00:17.518000,0 days 00:00:31.160000,0 days 00:00:25.206000,0 days 02:09:49.503000,0 days 02:10:20.663000,0 days 02:10:45.869000,304.0,227.0,,298.0,False,HARD,24.0,True,Ferrari,0 days 02:09:31.963000,,1,3.0,,,False,False,2025,11
0 days 02:12:13.196000,LEC,16,0 days 00:01:27.349000,50.0,3.0,0 days 02:11:04.038000,,0 days 00:00:34.743000,0 days 00:00:31.269000,0 days 00:00:21.337000,0 days 02:11:20.612000,0 days 02:11:51.881000,0 days 02:12:13.218000,295.0,226.0,272.0,289.0,False,MEDIUM,1.0,True,Ferrari,0 days 02:10:45.847000,,1,4.0,,,False,False,2025,11
0 days 01:43:41.847000,HAM,44,0 days 00:01:14.514000,26.0,1.0,,0 days 01:43:38.541000,0 days 00:00:17.816000,0 days 00:00:31.753000,0 days 00:00:24.945000,0 days 01:42:45.167000,0 days 01:43:16.920000,0 days 01:43:41.865000,297.0,219.0,,295.0,False,MEDIUM,26.0,True,Ferrari,0 days 01:42:27.333000,,1,2.0,,,False,False,2025,11
0 days 01:45:08.874000,HAM,44,0 days 00:01:27.027000,27.0,2.0,0 days 01:43:59.861000,,0 days 00:00:34.105000,0 days 00:00:31.377000,0 days 00:00:21.545000,0 days 01:44:15.970000,0 days 01:44:47.347000,0 days 01:45:08.892000,295.0,223.0,273.0,291.0,False,HARD,1.0,True,Ferrari,0 days 01:43:41.847000,,1,6.0,,,False,False,2025,11
0 days 02:12:05.229000,HAM,44,0 days 00:01:13.950000,50.0,2.0,,0 days 02:12:01.834000,0 days 00:00:17.609000,0 days 00:00:31.426000,0 days 00:00:24.915000,0 days 02:11:08.906000,0 days 02:11:40.332000,0 days 02:12:05.247000,299.0,225.0,,295.0,False,HARD,24.0,True,Ferrari,0 days 02:10:51.279000,,1,3.0,,,False,False,2025,11
0 days 02:13:30.956000,HAM,44,0 days 00:01:25.727000,51.0,3.0,0 days 02:12:23.106000,,0 days 00:00:33.864000,0 days 00:00:30.906000,0 days 00:00:20.957000,0 days 02:12:39.111000,0 days 02:13:10.017000,0 days 02:13:30.974000,290.0,227.0,275.0,290.0,False,MEDIUM,1.0,True,Ferrari,0 days 02:12:05.229000,,1,4.0,,,False,False,2025,11
0 days 01:34:19.707000,RUS,63,0 days 00:01:15.249000,18.0,1.0,,0 days 01:34:16.444000,0 days 00:00:18.055000,0 days 00:00:32.024000,0 days 00:00:25.170000,0 days 01:33:22.531000,0 days 01:33:54.555000,0 days 01:34:19.725000,296.0,220.0,,290.0,False,MEDIUM,18.0,True,Mercedes,0 days 01:33:04.458000,,1,6.0,,,False,False,2025,11
0 days 01:35:47.584000,RUS,63,0 days 00:01:27.877000,19.0,2.0,0 days 01:34:37.817000,,0 days 00:00:34.678000,0 days 00:00:31.512000,0 days 00:00:21.687000,0 days 01:34:54.403000,0 days 01:35:25.915000,0 days 01:35:47.602000,290.0,233.0,272.0,293.0,False,MEDIUM,1.0,True,Mercedes,0 days 01:34:19.707000,,1,11.0,,,False,False,2025,11
0 days 02:06:32.997000,RUS,63,0 days 00:01:14.223000,45.0,2.0,,0 days 02:06:29.755000,0 days 00:00:17.746000,0 days 00:00:31.605000,0 days 00:00:24.872000,0 days 02:05:36.538000,0 days 02:06:08.143000,0 days 02:06:33.015000,299.0,228.0,,295.0,False,MEDIUM,27.0,True,Mercedes,0 days 02:05:18.774000,,1,5.0,,,False,False,2025,11
0 days 02:07:59.836000,RUS,63,0 days 00:01:26.839000,46.0,3.0,0 days 02:06:51.596000,,0 days 00:00:34.787000,0 days 00:00:30.850000,0 days 00:00:21.202000,0 days 02:07:07.802000,0 days 02:07:38.652000,0 days 02:07:59.854000,307.0,235.0,275.0,320.0,False,HARD,1.0,True,Mercedes,0 days 02:06:32.997000,,1,9.0,,,False,False,2025,11
0 days 01:51:10.155000,LAW,30,0 days 00:01:15.289000,32.0,1.0,,0 days 01:51:06.939000,0 days 00:00:18.067000,0 days 00:00:32.010000,0 days 00:00:25.212000,0 days 01:50:12.935000,0 days 01:50:44.945000,0 days 01:51:10.157000,293.0,224.0,,291.0,False,MEDIUM,32.0,False,Racing Bulls,0 days 01:49:54.866000,,1,6.0,,,False,False,2025,11
0 days 01:52:39.344000,LAW,30,0 days 00:01:29.189000,33.0,2.0,0 days 01:51:28.316000,,0 days 00:00:34.989000,0 days 00:00:32.165000,0 days 00:00:22.035000,0 days 01:51:45.146000,0 days 01:52:17.311000,0 days 01:52:39.346000,296.0,228.0,271.0,290.0,False,HARD,1.0,True,Racing Bulls,0 days 01:51:10.155000,,1,12.0,,,False,False,2025,11
0 days 01:52:24.166000,ALO,14,0 days 00:01:15.811000,33.0,1.0,,0 days 01:52:20.826000,0 days 00:00:18.060000,0 days 00:00:32.272000,0 days 00:00:25.479000,0 days 01:51:26.459000,0 days 01:51:58.731000,0 days 01:52:24.210000,287.0,222.0,,279.0,False,MEDIUM,34.0,False,Aston Martin,0 days 01:51:08.355000,,1,6.0,,,False,False,2025,11
0 days 01:53:52.170000,ALO,14,0 days 00:01:28.004000,34.0,2.0,0 days 01:52:42.705000,,0 days 00:00:34.856000,0 days 00:00:31.531000,0 days 00:00:21.617000,0 days 01:52:59.066000,0 days 01:53:30.597000,0 days 01:53:52.214000,298.0,228.0,271.0,291.0,False,HARD,2.0,False,Aston Martin,0 days 01:52:24.166000,,1,12.0,,,False,False,2025,11
0 days 01:37:57.446000,BOR,5,0 days 00:01:15.062000,21.0,1.0,,0 days 01:37:54.269000,0 days 00:00:17.946000,0 days 00:00:32.125000,0 days 00:00:24.991000,0 days 01:37:00.352000,0 days 01:37:32.477000,0 days 01:37:57.468000,295.0,221.0,,291.0,False,MEDIUM,21.0,True,Kick Sauber,0 days 01:36:42.384000,,1,7.0,,,False,False,2025,11
0 days 01:39:26.689000,BOR,5,0 days 00:01:29.243000,22.0,2.0,0 days 01:38:15.808000,,0 days 00:00:34.874000,0 days 00:00:32.517000,0 days 00:00:21.852000,0 days 01:38:32.342000,0 days 01:39:04.859000,0 days 01:39:26.711000,299.0,225.0,279.0,309.0,False,MEDIUM,1.0,True,Kick Sauber,0 days 01:37:57.446000,,1,13.0,,,False,False,2025,11
0 days 02:11:21.733000,BOR,5,0 days 00:01:14.673000,49.0,2.0,,0 days 02:11:18.413000,0 days 00:00:17.793000,0 days 00:00:31.807000,0 days 00:00:25.073000,0 days 02:10:24.875000,0 days 02:10:56.682000,0 days 02:11:21.755000,293.0,229.0,,288.0,False,MEDIUM,28.0,True,Kick Sauber,0 days 02:10:07.060000,,1,5.0,,,False,False,2025,11
0 days 02:12:50.577000,BOR,5,0 days 00:01:28.844000,50.0,3.0,0 days 02:11:39.650000,,0 days 00:00:34.808000,0 days 00:00:32.751000,0 days 00:00:21.285000,0 days 02:11:56.563000,0 days 02:12:29.314000,0 days 02:12:50.599000,223.0,231.0,273.0,299.0,False,HARD,1.0,True,Kick Sauber,0 days 02:11:21.733000,,1,10.0,,,False,False,2025,11
0 days 01:27:19.061000,HUL,27,0 days 00:01:15.086000,12.0,1.0,,0 days 01:27:15.761000,0 days 00:00:17.429000,0 days 00:00:32.085000,0 days 00:00:25.572000,0 days 01:26:21.404000,0 days 01:26:53.489000,0 days 01:27:19.061000,317.0,222.0,,313.0,False,SOFT,12.0,True,Kick Sauber,0 days 01:26:03.975000,,1,16.0,,,False,False,2025,11
0 days 01:28:46.561000,HUL,27,0 days 00:01:27.500000,13.0,2.0,0 days 01:27:36.949000,,0 days 00:00:34.053000,0 days 00:00:31.627000,0 days 00:00:21.820000,0 days 01:27:53.114000,0 days 01:28:24.741000,0 days 01:28:46.561000,289.0,224.0,270.0,290.0,False,MEDIUM,1.0,True,Kick Sauber,0 days 01:27:19.061000,,1,17.0,,,False,False,2025,11
0 days 02:03:09.915000,HUL,27,0 days 00:01:14.479000,42.0,2.0,,0 days 02:03:06.602000,0 days 00:00:17.813000,0 days 00:00:31.705000,0 days 00:00:24.961000,0 days 02:02:13.249000,0 days 02:02:44.954000,0 days 02:03:09.915000,292.0,225.0,,291.0,False,MEDIUM,30.0,True,Kick Sauber,0 days 02:01:55.436000,,1,8.0,,,False,False,2025,11
0 days 02:04:36.943000,HUL,27,0 days 00:01:27.028000,43.0,3.0,0 days 02:03:27.666000,,0 days 00:00:33.621000,0 days 00:00:31.670000,0 days 00:00:21.737000,0 days 02:03:43.536000,0 days 02:04:15.206000,0 days 02:04:36.943000,293.0,225.0,273.0,303.0,False,MEDIUM,1.0,True,Kick Sauber,0 days 02:03:09.915000,,1,11.0,,,False,False,2025,11
0 days 01:35:40.838000,OCO,31,0 days 00:01:15.316000,19.0,1.0,,0 days 01:35:37.593000,0 days 00:00:17.845000,0 days 00:00:31.771000,0 days 00:00:25.700000,0 days 01:34:43.375000,0 days 01:35:15.146000,0 days 01:35:40.846000,293.0,226.0,,290.0,False,MEDIUM,19.0,True,Haas F1 Team,0 days 01:34:25.522000,,1,8.0,,,False,False,2025,11
0 days 01:37:10.148000,OCO,31,0 days 00:01:29.310000,20.0,2.0,0 days 01:36:00.667000,,0 days 00:00:36.413000,0 days 00:00:31.524000,0 days 00:00:21.373000,0 days 01:36:17.259000,0 days 01:36:48.783000,0 days 01:37:10.156000,302.0,226.0,273.0,313.0,False,HARD,1.0,True,Haas F1 Team,0 days 01:35:40.838000,,1,15.0,,,False,False,2025,11
0 days 02:12:38.352000,OCO,31,0 days 00:01:14.680000,50.0,2.0,,0 days 02:12:35.021000,0 days 00:00:17.695000,0 days 00:00:31.667000,0 days 00:00:25.318000,0 days 02:11:41.375000,0 days 02:12:13.042000,0 days 02:12:38.360000,296.0,224.0,,292.0,False,HARD,31.0,True,Haas F1 Team,0 days 02:11:23.672000,,1,7.0,,,False,False,2025,11
0 days 02:14:05.967000,OCO,31,0 days 00:01:27.615000,51.0,3.0,0 days 02:12:57.345000,,0 days 00:00:35.410000,0 days 00:00:30.964000,0 days 00:00:21.241000,0 days 02:13:13.770000,0 days 02:13:44.734000,0 days 02:14:05.975000,303.0,228.0,274.0,305.0,False,HARD,1.0,True,Haas F1 Team,0 days 02:12:38.352000,,1,11.0,,,False,False,2025,11
0 days 01:26:03.592000,BEA,87,0 days 00:01:14.538000,11.0,1.0,,0 days 01:26:00.232000,0 days 00:00:17.314000,0 days 00:00:31.750000,0 days 00:00:25.474000,0 days 01:25:06.387000,0 days 01:25:38.137000,0 days 01:26:03.611000,319.0,228.0,,315.0,False,SOFT,11.0,True,Haas F1 Team,0 days 01:24:49.054000,,1,15.0,,,False,False,2025,11
0 days 01:27:31.752000,BEA,87,0 days 00:01:28.160000,12.0,2.0,0 days 01:26:22.216000,,0 days 00:00:35.160000,0 days 00:00:31.575000,0 days 00:00:21.425000,0 days 01:26:38.771000,0 days 01:27:10.346000,0 days 01:27:31.771000,289.0,223.0,270.0,286.0,False,HARD,1.0,True,Haas F1 Team,0 days 01:26:03.592000,,1,17.0,,,False,False,2025,11
0 days 01:59:44.625000,BEA,87,0 days 00:01:14.083000,39.0,2.0,,0 days 01:59:41.314000,0 days 00:00:17.785000,0 days 00:00:31.478000,0 days 00:00:24.820000,0 days 01:58:48.346000,0 days 01:59:19.824000,0 days 01:59:44.644000,302.0,232.0,,300.0,False,HARD,28.0,True,Haas F1 Team,0 days 01:58:30.542000,,1,10.0,,,False,False,2025,11
0 days 02:01:12.864000,BEA,87,0 days 00:01:28.239000,40.0,3.0,0 days 02:00:03.095000,,0 days 00:00:34.979000,0 days 00:00:31.705000,0 days 00:00:21.555000,0 days 02:00:19.623000,0 days 02:00:51.328000,0 days 02:01:12.883000,291.0,225.0,271.0,287.0,False,MEDIUM,1.0,True,Haas F1 Team,0 days 01:59:44.625000,,1,13.0,,,False,False,2025,11
0 days 01:14:47.955000,HAD,6,0 days 00:01:42.317000,2.0,1.0,,0 days 01:14:44.738000,0 days 00:00:24.610000,0 days 00:00:46.482000,0 days 00:00:31.225000,0 days 01:13:30.257000,0 days 01:14:16.739000,0 days 01:14:47.964000,186.0,157.0,,225.0,False,SOFT,2.0,False,Racing Bulls,0 days 01:13:05.638000,,4,15.0,,,False,False,2025,11
0 days 01:16:31.944000,HAD,6,0 days 00:01:43.989000,3.0,2.0,0 days 01:15:05.962000,,0 days 00:00:36.051000,0 days 00:00:42.484000,0 days 00:00:25.454000,0 days 01:15:24.015000,0 days 01:16:06.499000,0 days 01:16:31.953000,192.0,76.0,271.0,267.0,False,MEDIUM,1.0,True,Racing Bulls,0 days 01:14:47.955000,,41,17.0,,,False,False,2025,11
0 days 01:46:34.150000,HAD,6,0 days 00:01:14.834000,28.0,2.0,,0 days 01:46:30.897000,0 days 00:00:17.936000,0 days 00:00:31.985000,0 days 00:00:24.913000,0 days 01:45:37.261000,0 days 01:46:09.246000,0 days 01:46:34.159000,295.0,225.0,,287.0,False,MEDIUM,26.0,True,Racing Bulls,0 days 01:45:19.316000,,1,10.0,,,False,False,2025,11
0 days 01:48:02.434000,HAD,6,0 days 00:01:28.284000,29.0,3.0,0 days 01:46:52.493000,,0 days 00:00:34.965000,0 days 00:00:31.700000,0 days 00:00:21.619000,0 days 01:47:09.124000,0 days 01:47:40.824000,0 days 01:48:02.443000,284.0,230.0,269.0,287.0,False,HARD,1.0,True,Racing Bulls,0 days 01:46:34.150000,,1,15.0,,,False,False,2025,11
0 days 01:27:13.989000,GAS,10,0 days 00:01:15.976000,12.0,1.0,,0 days 01:27:10.734000,0 days 00:00:17.855000,0 days 00:00:32.615000,0 days 00:00:25.506000,0 days 01:26:15.872000,0 days 01:26:48.487000,0 days 01:27:13.993000,303.0,215.0,,298.0,False,SOFT,15.0,False,Alpine,0 days 01:25:58.013000,,1,11.0,,,False,False,2025,11
0 days 01:28:43.343000,GAS,10,0 days 00:01:29.354000,13.0,2.0,0 days 01:27:32.699000,,0 days 00:00:35.366000,0 days 00:00:32.280000,0 days 00:00:21.708000,0 days 01:27:49.359000,0 days 01:28:21.639000,0 days 01:28:43.347000,290.0,222.0,276.0,299.0,False,HARD,1.0,True,Alpine,0 days 01:27:13.989000,,1,16.0,,,False,False,2025,11
0 days 01:58:36.581000,GAS,10,0 days 00:01:15.313000,38.0,2.0,,0 days 01:58:33.205000,0 days 00:00:17.899000,0 days 00:00:31.925000,0 days 00:00:25.489000,0 days 01:57:39.171000,0 days 01:58:11.096000,0 days 01:58:36.585000,297.0,221.0,,296.0,False,HARD,26.0,True,Alpine,0 days 01:57:21.268000,,1,12.0,,,False,False,2025,11
0 days 02:00:05.179000,GAS,10,0 days 00:01:28.598000,39.0,3.0,0 days 01:58:55.377000,,0 days 00:00:35.297000,0 days 00:00:31.576000,0 days 00:00:21.725000,0 days 01:59:11.882000,0 days 01:59:43.458000,0 days 02:00:05.183000,295.0,224.0,271.0,293.0,False,MEDIUM,1.0,True,Alpine,0 days 01:58:36.581000,,1,15.0,,,False,False,2025,11
0 days 01:44:15.304000,STR,18,0 days 00:01:18.405000,26.0,1.0,,0 days 01:44:11.971000,0 days 00:00:18.010000,0 days 00:00:33.710000,0 days 00:00:26.685000,0 days 01:43:14.927000,0 days 01:43:48.637000,0 days 01:44:15.322000,293.0,218.0,,285.0,False,MEDIUM,27.0,False,Aston Martin,0 days 01:42:56.899000,,1,15.0,,,False,False,2025,11
0 days 01:45:44.536000,STR,18,0 days 00:01:29.232000,27.0,2.0,0 days 01:44:34.877000,,0 days 00:00:36.222000,0 days 00:00:31.490000,0 days 00:00:21.520000,0 days 01:44:51.544000,0 days 01:45:23.034000,0 days 01:45:44.554000,290.0,229.0,271.0,289.0,False,HARD,2.0,False,Aston Martin,0 days 01:44:15.304000,,1,16.0,,,False,False,2025,11
0 days 02:16:36.646000,STR,18,0 days 00:01:15.636000,53.0,2.0,,0 days 02:16:33.467000,0 days 00:00:17.692000,0 days 00:00:32.518000,0 days 00:00:25.426000,0 days 02:15:38.720000,0 days 02:16:11.238000,0 days 02:16:36.664000,300.0,214.0,,303.0,False,HARD,28.0,False,Aston Martin,0 days 02:15:21.010000,,1,14.0,,,False,False,2025,11
0 days 02:18:03.843000,STR,18,0 days 00:01:27.197000,54.0,3.0,0 days 02:16:55.119000,,0 days 00:00:34.858000,0 days 00:00:31.059000,0 days 00:00:21.280000,0 days 02:17:11.522000,0 days 02:17:42.581000,0 days 02:18:03.861000,298.0,225.0,275.0,295.0,False,SOFT,1.0,False,Aston Martin,0 days 02:16:36.646000,,1,16.0,,,False,False,2025,11
0 days 01:28:30.268000,COL,43,0 days 00:01:16.450000,13.0,1.0,,0 days 01:28:26.973000,0 days 00:00:17.895000,0 days 00:00:32.908000,0 days 00:00:25.647000,0 days 01:27:31.726000,0 days 01:28:04.634000,0 days 01:28:30.281000,292.0,216.0,,290.0,False,SOFT,13.0,True,Alpine,0 days 01:27:13.818000,,1,14.0,,,False,False,2025,11
0 days 01:30:00.075000,COL,43,0 days 00:01:29.807000,14.0,2.0,0 days 01:28:49.942000,,0 days 00:00:36.428000,0 days 00:00:31.626000,0 days 00:00:21.753000,0 days 01:29:06.709000,0 days 01:29:38.335000,0 days 01:30:00.088000,286.0,224.0,269.0,288.0,False,MEDIUM,1.0,True,Alpine,0 days 01:28:30.268000,,1,17.0,,,False,False,2025,11
0 days 01:59:58.312000,COL,43,0 days 00:01:15.693000,39.0,2.0,,0 days 01:59:54.939000,0 days 00:00:18.031000,0 days 00:00:32.552000,0 days 00:00:25.110000,0 days 01:59:00.663000,0 days 01:59:33.215000,0 days 01:59:58.325000,289.0,219.0,,303.0,False,MEDIUM,26.0,True,Alpine,0 days 01:58:42.619000,,1,14.0,,,False,False,2025,11
0 days 02:01:25.718000,COL,43,0 days 00:01:27.406000,40.0,3.0,0 days 02:00:16.141000,,0 days 00:00:34.460000,0 days 00:00:31.598000,0 days 00:00:21.348000,0 days 02:00:32.785000,0 days 02:01:04.383000,0 days 02:01:25.731000,292.0,226.0,271.0,291.0,False,HARD,1.0,True,Alpine,0 days 01:59:58.312000,,1,16.0,,,False,False,2025,11
0 days 01:34:31.762000,TSU,22,0 days 00:01:15.031000,18.0,1.0,,0 days 01:34:28.493000,0 days 00:00:17.909000,0 days 00:00:31.905000,0 days 00:00:25.217000,0 days 01:33:34.651000,0 days 01:34:06.556000,0 days 01:34:31.773000,304.0,218.0,,292.0,False,MEDIUM,18.0,True,Red Bull Racing,0 days 01:33:16.731000,,1,12.0,,,False,False,2025,11
0 days 01:35:59.433000,TSU,22,0 days 00:01:27.671000,19.0,2.0,0 days 01:34:50.057000,,0 days 00:00:34.706000,0 days 00:00:31.483000,0 days 00:00:21.482000,0 days 01:35:06.479000,0 days 01:35:37.962000,0 days 01:35:59.444000,293.0,226.0,271.0,289.0,False,HARD,1.0,True,Red Bull Racing,0 days 01:34:31.762000,,1,16.0,,,False,False,2025,11
0 days 01:49:09.025000,TSU,22,0 days 00:01:19.039000,30.0,2.0,,0 days 01:49:05.703000,0 days 00:00:17.329000,0 days 00:00:33.582000,0 days 00:00:28.128000,0 days 01:48:07.326000,0 days 01:48:40.908000,0 days 01:49:09.036000,325.0,213.0,,310.0,False,HARD,12.0,True,Red Bull Racing,0 days 01:47:49.986000,,12,14.0,,,False,False,2025,11
0 days 01:50:46.533000,TSU,22,0 days 00:01:37.508000,31.0,3.0,0 days 01:49:35.770000,,0 days 00:00:43.428000,0 days 00:00:32.374000,0 days 00:00:21.706000,0 days 01:49:52.464000,0 days 01:50:24.838000,0 days 01:50:46.544000,286.0,223.0,273.0,289.0,False,MEDIUM,1.0,True,Red Bull Racing,0 days 01:49:09.025000,,1,16.0,,,False,False,2025,11
0 days 02:25:02.097000,TSU,22,0 days 00:01:14.033000,60.0,3.0,,0 days 02:24:58.946000,0 days 00:00:17.663000,0 days 00:00:31.577000,0 days 00:00:24.793000,0 days 02:24:05.738000,0 days 02:24:37.315000,0 days 02:25:02.108000,301.0,222.0,,298.0,False,MEDIUM,30.0,True,Red Bull Racing,0 days 02:23:48.064000,,1,15.0,,,False,False,2025,11
0 days 02:26:42.735000,TSU,22,0 days 00:01:40.638000,61.0,4.0,0 days 02:25:31.846000,,0 days 00:00:46.884000,0 days 00:00:32.267000,0 days 00:00:21.487000,0 days 02:25:48.992000,0 days 02:26:21.259000,0 days 02:26:42.746000,254.0,227.0,276.0,295.0,False,SOFT,1.0,True,Red Bull Racing,0 days 02:25:02.097000,,1,16.0,,,False,False,2025,11
0 days 01:28:22.319000,ALB,23,0 days 00:01:14.030000,13.0,1.0,,0 days 01:28:19.065000,0 days 00:00:17.785000,0 days 00:00:31.520000,0 days 00:00:24.725000,0 days 01:27:26.077000,0 days 01:27:57.597000,0 days 01:28:22.322000,297.0,227.0,,293.0,False,MEDIUM,13.0,True,Williams,0 days 01:27:08.289000,,1,7.0,,,False,False,2025,11
0 days 01:29:49.934000,ALB,23,0 days 00:01:27.615000,14.0,2.0,0 days 01:28:40.345000,,0 days 00:00:34.337000,0 days 00:00:31.550000,0 days 00:00:21.728000,0 days 01:28:56.659000,0 days 01:29:28.209000,0 days 01:29:49.937000,296.0,228.0,271.0,286.0,False,MEDIUM,1.0,True,Williams,0 days 01:28:22.319000,,1,13.0,,,False,False,2025,11
0 days 01:31:08.779000,ALB,23,0 days 00:01:18.845000,15.0,2.0,,0 days 01:31:05.506000,0 days 00:00:17.755000,0 days 00:00:31.437000,0 days 00:00:29.653000,0 days 01:30:07.692000,0 days 01:30:39.129000,0 days 01:31:08.782000,291.0,226.0,,285.0,False,MEDIUM,2.0,True,Williams,0 days 01:29:49.934000,,1,16.0,,,False,False,2025,11
0 days 01:17:29.799000,VER,1,0 days 00:01:50.497000,11.0,1.0,,0 days 01:17:23.948000,0 days 00:00:33.168000,0 days 00:00:49.265000,0 days 00:00:28.064000,0 days 01:16:12.535000,0 days 01:17:01.800000,0 days 01:17:29.864000,251.0,184.0,,310.0,False,INTERMEDIATE,11.0,True,Red Bull Racing,0 days 01:15:39.302000,,1,3.0,,,False,False,2025,12
0 days 01:19:36.713000,VER,1,0 days 00:02:06.914000,12.0,2.0,0 days 01:17:52.088000,,0 days 00:00:52.919000,0 days 00:00:45.231000,0 days 00:00:28.764000,0 days 01:18:22.783000,0 days 01:19:08.014000,0 days 01:19:36.778000,276.0,241.0,212.0,310.0,False,INTERMEDIATE,1.0,True,Red Bull Racing,0 days 01:17:29.799000,,1,2.0,,,False,False,2025,12
0 days 02:16:47.175000,VER,1,0 days 00:01:39.465000,41.0,2.0,,0 days 02:16:41.355000,0 days 00:00:32.089000,0 days 00:00:41.316000,0 days 00:00:26.060000,0 days 02:15:39.864000,0 days 02:16:21.180000,0 days 02:16:47.240000,308.0,245.0,,312.0,False,INTERMEDIATE,30.0,True,Red Bull Racing,0 days 02:15:07.710000,,1,6.0,,,False,False,2025,12
0 days 02:18:54.959000,VER,1,0 days 00:02:07.784000,42.0,3.0,0 days 02:17:11.002000,,0 days 00:00:55.726000,0 days 00:00:43.191000,0 days 00:00:28.867000,0 days 02:17:42.966000,0 days 02:18:26.157000,0 days 02:18:55.024000,297.0,147.0,245.0,304.0,False,MEDIUM,1.0,True,Red Bull Racing,0 days 02:16:47.175000,,12,9.0,,,False,False,2025,12
0 days 01:17:39.896000,GAS,10,0 days 00:01:49.240000,11.0,1.0,,0 days 01:17:34.025000,0 days 00:00:33.788000,0 days 00:00:47.721000,0 days 00:00:27.731000,0 days 01:16:24.472000,0 days 01:17:12.193000,0 days 01:17:39.924000,275.0,230.0,,309.0,False,INTERMEDIATE,11.0,True,Alpine,0 days 01:15:50.656000,,1,5.0,,,False,False,2025,12
0 days 01:19:46.899000,GAS,10,0 days 00:02:07.003000,12.0,2.0,0 days 01:18:02.828000,,0 days 00:00:53.214000,0 days 00:00:44.725000,0 days 00:00:29.064000,0 days 01:18:33.138000,0 days 01:19:17.863000,0 days 01:19:46.927000,270.0,237.0,215.0,311.0,False,INTERMEDIATE,1.0,True,Alpine,0 days 01:17:39.896000,,1,9.0,,,False,False,2025,12
0 days 02:16:49.634000,GAS,10,0 days 00:01:42.126000,41.0,2.0,,0 days 02:16:43.664000,0 days 00:00:33.280000,0 days 00:00:42.453000,0 days 00:00:26.393000,0 days 02:15:40.816000,0 days 02:16:23.269000,0 days 02:16:49.662000,298.0,238.0,,306.0,False,INTERMEDIATE,30.0,True,Alpine,0 days 02:15:07.508000,,1,7.0,,,False,False,2025,12
0 days 02:18:56.264000,GAS,10,0 days 00:02:06.630000,42.0,3.0,0 days 02:17:12.127000,,0 days 00:00:56.240000,0 days 00:00:42.955000,0 days 00:00:27.435000,0 days 02:17:45.902000,0 days 02:18:28.857000,0 days 02:18:56.292000,291.0,246.0,243.0,312.0,False,MEDIUM,1.0,True,Alpine,0 days 02:16:49.634000,,12,10.0,,,False,False,2025,12
0 days 01:00:14.055000,ANT,12,0 days 00:02:13.229000,2.0,1.0,,0 days 01:00:08.067000,0 days 00:00:57.948000,0 days 00:00:46.640000,0 days 00:00:28.641000,0 days 00:58:58.843000,0 days 00:59:45.483000,0 days 01:00:14.124000,100.0,227.0,,270.0,False,INTERMEDIATE,2.0,True,Mercedes,0 days 00:58:00.826000,,26,4.0,,,False,False,2025,12
0 days 01:02:47.614000,ANT,12,,3.0,2.0,0 days 01:00:36.856000,,0 days 00:01:05.602000,0 days 00:00:49.214000,0 days 00:00:38.734000,0 days 01:01:19.847000,0 days 01:02:08.971000,0 days 01:02:47.814000,140.0,189.0,156.0,185.0,False,HARD,1.0,True,Mercedes,0 days 01:00:14.055000,,67,13.0,,,False,False,2025,12
0 days 01:14:20.664000,ANT,12,0 days 00:01:39.336000,9.0,2.0,,0 days 01:14:14.745000,0 days 00:00:32.350000,0 days 00:00:38.922000,0 days 00:00:28.064000,0 days 01:13:13.747000,0 days 01:13:52.669000,0 days 01:14:20.733000,298.0,252.0,,296.0,False,HARD,7.0,True,Mercedes,0 days 01:12:41.328000,,1,14.0,,,False,False,2025,12
0 days 01:16:26.643000,ANT,12,0 days 00:02:05.979000,10.0,3.0,0 days 01:14:43.467000,,0 days 00:00:51.667000,0 days 00:00:44.491000,0 days 00:00:29.821000,0 days 01:15:12.400000,0 days 01:15:56.891000,0 days 01:16:26.712000,285.0,243.0,203.0,309.0,False,INTERMEDIATE,1.0,True,Mercedes,0 days 01:14:20.664000,,1,17.0,,,False,False,2025,12
0 days 01:39:31.365000,ANT,12,,20.0,3.0,,0 days 01:39:25.387000,0 days 00:00:52.249000,0 days 00:01:05.660000,0 days 00:00:36.420000,0 days 01:37:49.466000,0 days 01:38:55.155000,0 days 01:39:31.434000,145.0,81.0,,175.0,False,INTERMEDIATE,11.0,True,Mercedes,0 days 01:36:57.026000,,4,6.0,,,False,False,2025,12
0 days 01:42:16.194000,ANT,12,,21.0,4.0,0 days 01:39:55.175000,,0 days 00:01:04.833000,0 days 00:01:00.817000,0 days 00:00:39.134000,0 days 01:40:36.396000,0 days 01:41:37.183000,0 days 01:42:16.351000,176.0,80.0,191.0,157.0,False,INTERMEDIATE,1.0,True,Mercedes,0 days 01:39:31.365000,,41,16.0,,,False,False,2025,12
0 days 01:46:08.395000,ANT,12,0 days 00:01:56.700000,23.0,4.0,,0 days 01:46:02.187000,0 days 00:00:37.944000,0 days 00:00:48.402000,0 days 00:00:30.354000,0 days 01:44:49.708000,0 days 01:45:38.110000,0 days 01:46:08.464000,265.0,227.0,,276.0,False,INTERMEDIATE,3.0,True,Mercedes,0 days 01:44:11.695000,,1,16.0,,,False,False,2025,12
0 days 01:17:40.931000,ALO,14,0 days 00:01:49.478000,11.0,1.0,,0 days 01:17:35.022000,0 days 00:00:33.787000,0 days 00:00:47.624000,0 days 00:00:28.067000,0 days 01:16:25.296000,0 days 01:17:12.920000,0 days 01:17:40.987000,260.0,230.0,,309.0,False,INTERMEDIATE,11.0,True,Aston Martin,0 days 01:15:51.453000,,1,6.0,,,False,False,2025,12
0 days 01:19:48.447000,ALO,14,0 days 00:02:07.516000,12.0,2.0,0 days 01:18:03.719000,,0 days 00:00:52.681000,0 days 00:00:44.935000,0 days 00:00:29.900000,0 days 01:18:33.668000,0 days 01:19:18.603000,0 days 01:19:48.503000,268.0,241.0,185.0,304.0,False,INTERMEDIATE,1.0,True,Aston Martin,0 days 01:17:40.931000,,1,10.0,,,False,False,2025,12
0 days 02:10:00.628000,ALO,14,0 days 00:01:40.138000,37.0,2.0,,0 days 02:09:54.708000,0 days 00:00:32.110000,0 days 00:00:41.901000,0 days 00:00:26.127000,0 days 02:08:52.656000,0 days 02:09:34.557000,0 days 02:10:00.684000,296.0,241.0,,307.0,False,INTERMEDIATE,26.0,True,Aston Martin,0 days 02:08:20.490000,,1,7.0,,,False,False,2025,12
0 days 02:12:17.429000,ALO,14,0 days 00:02:16.801000,38.0,3.0,0 days 02:10:23.290000,,0 days 00:00:57.516000,0 days 00:00:49.345000,0 days 00:00:29.940000,0 days 02:10:58.200000,0 days 02:11:47.545000,0 days 02:12:17.485000,289.0,219.0,216.0,299.0,False,MEDIUM,2.0,False,Aston Martin,0 days 02:10:00.628000,,1,15.0,,,False,False,2025,12
0 days 00:58:21.200000,LEC,16,0 days 00:02:11.978000,1.0,1.0,0 days 00:56:24.191000,,,0 days 00:00:46.019000,0 days 00:00:38.067000,,0 days 00:57:43.279000,0 days 00:58:21.480000,259.0,197.0,120.0,280.0,False,MEDIUM,1.0,True,Ferrari,0 days 00:56:09.003000,,126,15.0,,,False,False,2025,12
0 days 01:16:02.605000,LEC,16,0 days 00:01:40.092000,10.0,1.0,,0 days 01:15:56.680000,0 days 00:00:31.426000,0 days 00:00:41.038000,0 days 00:00:27.628000,0 days 01:14:54.018000,0 days 01:15:35.056000,0 days 01:16:02.684000,287.0,252.0,,302.0,False,MEDIUM,10.0,True,Ferrari,0 days 01:14:22.513000,,1,13.0,,,False,False,2025,12
0 days 01:18:11.181000,LEC,16,0 days 00:02:08.576000,11.0,2.0,0 days 01:16:25.769000,,0 days 00:00:53.666000,0 days 00:00:45.316000,0 days 00:00:29.594000,0 days 01:16:56.350000,0 days 01:17:41.666000,0 days 01:18:11.260000,280.0,220.0,211.0,295.0,False,INTERMEDIATE,1.0,True,Ferrari,0 days 01:16:02.605000,,1,14.0,,,False,False,2025,12
0 days 02:18:35.935000,LEC,16,0 days 00:01:42.920000,42.0,2.0,,0 days 02:18:30.020000,0 days 00:00:35.359000,0 days 00:00:41.354000,0 days 00:00:26.207000,0 days 02:17:28.453000,0 days 02:18:09.807000,0 days 02:18:36.014000,289.0,235.0,,304.0,False,INTERMEDIATE,32.0,True,Ferrari,0 days 02:16:53.015000,,12,4.0,,,False,False,2025,12
0 days 02:20:56.985000,LEC,16,0 days 00:02:21.050000,43.0,3.0,0 days 02:18:58.818000,,0 days 00:00:56.711000,0 days 00:00:44.166000,0 days 00:00:40.173000,0 days 02:19:32.725000,0 days 02:20:16.891000,0 days 02:20:57.064000,247.0,240.0,235.0,312.0,False,SOFT,4.0,False,Ferrari,0 days 02:18:35.935000,,12,14.0,,,False,False,2025,12
0 days 01:08:29.440000,STR,18,0 days 00:02:11.987000,6.0,1.0,,0 days 01:08:23.537000,0 days 00:00:40.703000,0 days 00:01:01.130000,0 days 00:00:30.154000,0 days 01:06:58.195000,0 days 01:07:59.325000,0 days 01:08:29.479000,181.0,218.0,,275.0,False,INTERMEDIATE,6.0,True,Aston Martin,0 days 01:06:17.453000,,6,8.0,,,False,False,2025,12
0 days 01:10:41.263000,STR,18,0 days 00:02:11.823000,7.0,2.0,0 days 01:08:52.659000,,0 days 00:00:59.741000,0 days 00:00:40.659000,0 days 00:00:31.423000,0 days 01:09:29.220000,0 days 01:10:09.879000,0 days 01:10:41.302000,201.0,246.0,182.0,306.0,False,SOFT,1.0,True,Aston Martin,0 days 01:08:29.440000,,671,12.0,,,False,False,2025,12
0 days 01:15:50.236000,STR,18,0 days 00:01:40.708000,10.0,2.0,,0 days 01:15:44.281000,0 days 00:00:32.535000,0 days 00:00:40.558000,0 days 00:00:27.615000,0 days 01:14:42.102000,0 days 01:15:22.660000,0 days 01:15:50.275000,298.0,254.0,,305.0,False,SOFT,4.0,True,Aston Martin,0 days 01:14:09.528000,,1,5.0,,,False,False,2025,12
0 days 01:17:56.500000,STR,18,0 days 00:02:06.264000,11.0,3.0,0 days 01:16:13.146000,,0 days 00:00:51.725000,0 days 00:00:45.388000,0 days 00:00:29.151000,0 days 01:16:42,0 days 01:17:27.388000,0 days 01:17:56.539000,279.0,233.0,216.0,297.0,False,INTERMEDIATE,1.0,True,Aston Martin,0 days 01:15:50.236000,,1,11.0,,,False,False,2025,12
0 days 02:16:43.618000,STR,18,0 days 00:01:40.951000,41.0,3.0,,0 days 02:16:37.690000,0 days 00:00:32.521000,0 days 00:00:42.342000,0 days 00:00:26.088000,0 days 02:15:35.227000,0 days 02:16:17.569000,0 days 02:16:43.657000,292.0,239.0,,308.0,False,INTERMEDIATE,31.0,True,Aston Martin,0 days 02:15:02.667000,,1,5.0,,,False,False,2025,12
0 days 02:18:48.043000,STR,18,0 days 00:02:04.425000,42.0,4.0,0 days 02:17:06.220000,,0 days 00:00:55.582000,0 days 00:00:42.380000,0 days 00:00:26.463000,0 days 02:17:39.239000,0 days 02:18:21.619000,0 days 02:18:48.082000,289.0,250.0,249.0,305.0,False,SOFT,1.0,True,Aston Martin,0 days 02:16:43.618000,,12,8.0,,,False,False,2025,12
0 days 01:17:49.904000,TSU,22,0 days 00:01:51.245000,11.0,1.0,,0 days 01:17:43.967000,0 days 00:00:34.841000,0 days 00:00:48.637000,0 days 00:00:27.767000,0 days 01:16:33.578000,0 days 01:17:22.215000,0 days 01:17:49.982000,251.0,219.0,,307.0,False,INTERMEDIATE,11.0,True,Red Bull Racing,0 days 01:15:58.659000,,1,9.0,,,False,False,2025,12
0 days 01:19:58.265000,TSU,22,0 days 00:02:08.361000,12.0,2.0,0 days 01:18:12.578000,,0 days 00:00:53.294000,0 days 00:00:45.676000,0 days 00:00:29.391000,0 days 01:18:43.276000,0 days 01:19:28.952000,0 days 01:19:58.343000,275.0,239.0,205.0,312.0,False,INTERMEDIATE,1.0,True,Red Bull Racing,0 days 01:17:49.904000,,1,13.0,,,False,False,2025,12
0 days 02:17:24.041000,TSU,22,0 days 00:01:43.258000,41.0,2.0,,0 days 02:17:18.191000,0 days 00:00:33.008000,0 days 00:00:43.454000,0 days 00:00:26.796000,0 days 02:16:13.869000,0 days 02:16:57.323000,0 days 02:17:24.119000,300.0,244.0,,315.0,False,INTERMEDIATE,30.0,True,Red Bull Racing,0 days 02:15:40.783000,,1,13.0,,,False,False,2025,12
0 days 02:19:48.107000,TSU,22,0 days 00:02:24.066000,42.0,3.0,0 days 02:17:58.302000,,0 days 00:01:07.847000,0 days 00:00:46.804000,0 days 00:00:29.415000,0 days 02:18:31.966000,0 days 02:19:18.770000,0 days 02:19:48.185000,279.0,239.0,221.0,315.0,False,MEDIUM,1.0,True,Red Bull Racing,0 days 02:17:24.041000,,12,15.0,,,False,False,2025,12
0 days 01:19:37.533000,ALB,23,0 days 00:01:49.680000,12.0,1.0,,0 days 01:19:31.664000,0 days 00:00:34.463000,0 days 00:00:47.712000,0 days 00:00:27.505000,0 days 01:18:22.394000,0 days 01:19:10.106000,0 days 01:19:37.611000,277.0,227.0,,308.0,False,INTERMEDIATE,12.0,True,Williams,0 days 01:17:47.853000,,1,3.0,,,False,False,2025,12
0 days 01:21:56.293000,ALB,23,0 days 00:02:18.760000,13.0,2.0,0 days 01:20:00.918000,,0 days 00:00:54.156000,0 days 00:00:46.637000,0 days 00:00:37.967000,0 days 01:20:31.767000,0 days 01:21:18.404000,0 days 01:21:56.371000,263.0,236.0,84.0,306.0,False,INTERMEDIATE,1.0,True,Williams,0 days 01:19:37.533000,,124,12.0,,,False,False,2025,12
0 days 02:18:39.881000,ALB,23,0 days 00:01:39.220000,42.0,2.0,,0 days 02:18:33.848000,0 days 00:00:31.919000,0 days 00:00:41.422000,0 days 00:00:25.879000,0 days 02:17:32.658000,0 days 02:18:14.080000,0 days 02:18:39.959000,298.0,242.0,,313.0,False,INTERMEDIATE,30.0,True,Williams,0 days 02:17:00.661000,,12,5.0,,,False,False,2025,12
0 days 02:20:44.046000,ALB,23,0 days 00:02:04.165000,43.0,3.0,0 days 02:19:03.131000,,0 days 00:00:55.329000,0 days 00:00:42.316000,0 days 00:00:26.520000,0 days 02:19:35.288000,0 days 02:20:17.604000,0 days 02:20:44.124000,266.0,254.0,249.0,332.0,False,MEDIUM,1.0,True,Williams,0 days 02:18:39.881000,,12,8.0,,,False,False,2025,12
0 days 01:14:06.559000,HUL,27,0 days 00:01:45.879000,9.0,1.0,,0 days 01:14:00.711000,0 days 00:00:32.936000,0 days 00:00:45.163000,0 days 00:00:27.780000,0 days 01:12:53.623000,0 days 01:13:38.786000,0 days 01:14:06.566000,299.0,236.0,,316.0,False,INTERMEDIATE,9.0,True,Kick Sauber,0 days 01:12:20.680000,,1,8.0,,,False,False,2025,12
0 days 01:16:11.231000,HUL,27,0 days 00:02:04.672000,10.0,2.0,0 days 01:14:30.446000,,0 days 00:00:52.942000,0 days 00:00:43.537000,0 days 00:00:28.193000,0 days 01:14:59.508000,0 days 01:15:43.045000,0 days 01:16:11.238000,256.0,245.0,229.0,299.0,False,INTERMEDIATE,1.0,True,Kick Sauber,0 days 01:14:06.559000,,1,16.0,,,False,False,2025,12
0 days 02:18:08.560000,HUL,27,0 days 00:01:38.912000,42.0,2.0,,0 days 02:18:02.637000,0 days 00:00:31.757000,0 days 00:00:41.280000,0 days 00:00:25.875000,0 days 02:17:01.412000,0 days 02:17:42.692000,0 days 02:18:08.567000,294.0,244.0,,303.0,False,INTERMEDIATE,33.0,True,Kick Sauber,0 days 02:16:29.648000,,1,3.0,,,False,False,2025,12
0 days 02:20:09.819000,HUL,27,0 days 00:02:01.259000,43.0,3.0,0 days 02:18:32.770000,,0 days 00:00:55.107000,0 days 00:00:40.125000,0 days 00:00:26.027000,0 days 02:19:03.674000,0 days 02:19:43.799000,0 days 02:20:09.826000,291.0,256.0,247.0,303.0,False,MEDIUM,1.0,True,Kick Sauber,0 days 02:18:08.560000,,12,3.0,,,False,False,2025,12
0 days 01:34:11.049000,OCO,31,0 days 00:02:03.452000,18.0,1.0,,0 days 01:34:05.049000,0 days 00:00:38.974000,0 days 00:00:49.236000,0 days 00:00:35.242000,0 days 01:32:46.571000,0 days 01:33:35.807000,0 days 01:34:11.049000,243.0,228.0,,200.0,False,INTERMEDIATE,18.0,True,Haas F1 Team,0 days 01:32:07.597000,,124,6.0,,,False,False,2025,12
0 days 01:36:58.073000,OCO,31,,19.0,2.0,0 days 01:34:34.616000,,0 days 00:01:01.447000,0 days 00:01:01.396000,0 days 00:00:44.112000,0 days 01:35:12.622000,0 days 01:36:14.073000,0 days 01:36:58.073000,193.0,193.0,83.0,166.0,False,INTERMEDIATE,1.0,True,Haas F1 Team,0 days 01:34:11.049000,,4,16.0,,,False,False,2025,12
0 days 02:18:42.566000,OCO,31,0 days 00:01:39.944000,42.0,2.0,,0 days 02:18:36.551000,0 days 00:00:32.006000,0 days 00:00:41.572000,0 days 00:00:26.366000,0 days 02:17:34.628000,0 days 02:18:16.200000,0 days 02:18:42.566000,290.0,243.0,,308.0,False,INTERMEDIATE,24.0,True,Haas F1 Team,0 days 02:17:02.622000,,12,7.0,,,False,False,2025,12
0 days 02:20:54.852000,OCO,31,0 days 00:02:12.286000,43.0,3.0,0 days 02:19:05.209000,,0 days 00:00:52.956000,0 days 00:00:51.764000,0 days 00:00:27.566000,0 days 02:19:35.522000,0 days 02:20:27.286000,0 days 02:20:54.852000,262.0,243.0,237.0,237.0,False,MEDIUM,1.0,True,Haas F1 Team,0 days 02:18:42.566000,,12,13.0,,,False,False,2025,12
0 days 01:17:28.403000,NOR,4,0 days 00:01:47.735000,11.0,1.0,,0 days 01:17:22.431000,0 days 00:00:32.917000,0 days 00:00:47.442000,0 days 00:00:27.376000,0 days 01:16:13.609000,0 days 01:17:01.051000,0 days 01:17:28.427000,275.0,234.0,,311.0,False,INTERMEDIATE,11.0,True,McLaren,0 days 01:15:40.668000,,1,2.0,,,False,False,2025,12
0 days 01:19:38.854000,NOR,4,0 days 00:02:10.451000,12.0,2.0,0 days 01:17:53.064000,,0 days 00:00:55.268000,0 days 00:00:46.176000,0 days 00:00:29.007000,0 days 01:18:23.695000,0 days 01:19:09.871000,0 days 01:19:38.878000,278.0,241.0,210.0,301.0,False,INTERMEDIATE,1.0,True,McLaren,0 days 01:17:28.403000,,1,4.0,,,False,False,2025,12
0 days 02:20:54.395000,NOR,4,0 days 00:01:38.903000,44.0,2.0,,0 days 02:20:48.417000,0 days 00:00:31.454000,0 days 00:00:41.257000,0 days 00:00:26.192000,0 days 02:19:46.970000,0 days 02:20:28.227000,0 days 02:20:54.419000,276.0,245.0,,244.0,False,INTERMEDIATE,33.0,True,McLaren,0 days 02:19:15.492000,,12,1.0,,,False,False,2025,12
0 days 02:22:52.343000,NOR,4,0 days 00:01:57.948000,45.0,3.0,0 days 02:21:16.628000,,0 days 00:00:52.626000,0 days 00:00:39.764000,0 days 00:00:25.558000,0 days 02:21:47.045000,0 days 02:22:26.809000,0 days 02:22:52.367000,295.0,256.0,251.0,306.0,False,MEDIUM,1.0,True,McLaren,0 days 02:20:54.395000,,1,1.0,,,False,False,2025,12
0 days 01:17:38.663000,HAM,44,0 days 00:01:49.484000,11.0,1.0,,0 days 01:17:32.787000,0 days 00:00:33.469000,0 days 00:00:48.256000,0 days 00:00:27.759000,0 days 01:16:22.676000,0 days 01:17:10.932000,0 days 01:17:38.691000,275.0,224.0,,308.0,False,INTERMEDIATE,11.0,True,Ferrari,0 days 01:15:49.179000,,1,4.0,,,False,False,2025,12
0 days 01:19:45.707000,HAM,44,0 days 00:02:07.044000,12.0,2.0,0 days 01:18:01.672000,,0 days 00:00:53.133000,0 days 00:00:45.146000,0 days 00:00:28.765000,0 days 01:18:31.824000,0 days 01:19:16.970000,0 days 01:19:45.735000,283.0,240.0,210.0,300.0,False,INTERMEDIATE,1.0,True,Ferrari,0 days 01:17:38.663000,,1,8.0,,,False,False,2025,12
0 days 02:16:30.973000,HAM,44,0 days 00:01:39.553000,41.0,2.0,,0 days 02:16:24.964000,0 days 00:00:31.768000,0 days 00:00:41.583000,0 days 00:00:26.202000,0 days 02:15:23.216000,0 days 02:16:04.799000,0 days 02:16:31.001000,294.0,234.0,,308.0,False,INTERMEDIATE,30.0,True,Ferrari,0 days 02:14:51.420000,,1,4.0,,,False,False,2025,12
0 days 02:18:40.745000,HAM,44,0 days 00:02:09.772000,42.0,3.0,0 days 02:16:54.162000,,0 days 00:00:58.575000,0 days 00:00:43.289000,0 days 00:00:27.908000,0 days 02:17:29.576000,0 days 02:18:12.865000,0 days 02:18:40.773000,283.0,226.0,232.0,301.0,False,SOFT,4.0,False,Ferrari,0 days 02:16:30.973000,,12,6.0,,,False,False,2025,12
0 days 00:58:24.424000,BOR,5,0 days 00:02:15.202000,1.0,1.0,0 days 00:56:25.786000,,,0 days 00:00:46.265000,0 days 00:00:38.544000,,0 days 00:57:46.434000,0 days 00:58:24.714000,260.0,197.0,128.0,267.0,False,MEDIUM,1.0,True,Kick Sauber,0 days 00:56:09.003000,,126,17.0,,,False,False,2025,12
0 days 01:17:42.500000,SAI,55,0 days 00:01:49.688000,11.0,1.0,,0 days 01:17:36.614000,0 days 00:00:33.952000,0 days 00:00:48.152000,0 days 00:00:27.584000,0 days 01:16:26.814000,0 days 01:17:14.966000,0 days 01:17:42.550000,262.0,231.0,,310.0,False,INTERMEDIATE,11.0,True,Williams,0 days 01:15:52.812000,,1,7.0,,,False,False,2025,12
0 days 01:19:50.634000,SAI,55,0 days 00:02:08.134000,12.0,2.0,0 days 01:18:06.125000,,0 days 00:00:53.666000,0 days 00:00:44.881000,0 days 00:00:29.587000,0 days 01:18:36.216000,0 days 01:19:21.097000,0 days 01:19:50.684000,275.0,240.0,193.0,306.0,False,INTERMEDIATE,1.0,True,Williams,0 days 01:17:42.500000,,1,12.0,,,False,False,2025,12
0 days 02:16:58.564000,SAI,55,0 days 00:01:40.264000,41.0,2.0,,0 days 02:16:52.699000,0 days 00:00:32.247000,0 days 00:00:42.239000,0 days 00:00:25.778000,0 days 02:15:50.597000,0 days 02:16:32.836000,0 days 02:16:58.614000,301.0,245.0,,311.0,False,INTERMEDIATE,30.0,True,Williams,0 days 02:15:18.300000,,1,9.0,,,False,False,2025,12
0 days 02:19:02.635000,SAI,55,0 days 00:02:04.071000,42.0,3.0,0 days 02:17:21.287000,,0 days 00:00:54.507000,0 days 00:00:41.407000,0 days 00:00:28.157000,0 days 02:17:53.121000,0 days 02:18:34.528000,0 days 02:19:02.685000,293.0,191.0,238.0,307.0,False,MEDIUM,1.0,True,Williams,0 days 02:16:58.564000,,12,11.0,,,False,False,2025,12
0 days 00:58:22.393000,HAD,6,0 days 00:02:13.171000,1.0,1.0,0 days 00:56:24.826000,,,0 days 00:00:45.799000,0 days 00:00:37.873000,,0 days 00:57:44.624000,0 days 00:58:22.555000,266.0,204.0,140.0,277.0,False,MEDIUM,1.0,True,Racing Bulls,0 days 00:56:09.003000,,126,16.0,,,False,False,2025,12
0 days 01:16:08.146000,HAD,6,0 days 00:01:42.691000,10.0,1.0,,0 days 01:16:02.226000,0 days 00:00:31.608000,0 days 00:00:43.987000,0 days 00:00:27.096000,0 days 01:14:57.129000,0 days 01:15:41.116000,0 days 01:16:08.212000,297.0,248.0,,310.0,False,MEDIUM,10.0,True,Racing Bulls,0 days 01:14:25.455000,,1,14.0,,,False,False,2025,12
0 days 01:18:18.123000,HAD,6,0 days 00:02:09.977000,11.0,2.0,0 days 01:16:30.859000,,0 days 00:00:54.045000,0 days 00:00:45.463000,0 days 00:00:30.469000,0 days 01:17:02.257000,0 days 01:17:47.720000,0 days 01:18:18.189000,263.0,237.0,209.0,305.0,False,INTERMEDIATE,1.0,True,Racing Bulls,0 days 01:16:08.146000,,1,16.0,,,False,False,2025,12
0 days 00:58:19.789000,RUS,63,0 days 00:02:10.567000,1.0,1.0,0 days 00:56:22.315000,,,0 days 00:00:46.483000,0 days 00:00:37.692000,,0 days 00:57:42.379000,0 days 00:58:19.928000,272.0,207.0,140.0,249.0,False,HARD,1.0,True,Mercedes,0 days 00:56:09.003000,,126,14.0,,,False,False,2025,12
0 days 01:15:56.367000,RUS,63,0 days 00:01:42.417000,10.0,1.0,,0 days 01:15:50.497000,0 days 00:00:31.628000,0 days 00:00:42.290000,0 days 00:00:28.499000,0 days 01:14:45.590000,0 days 01:15:27.880000,0 days 01:15:56.379000,298.0,249.0,,280.0,False,HARD,10.0,True,Mercedes,0 days 01:14:13.950000,,1,10.0,,,False,False,2025,12
0 days 01:18:01.248000,RUS,63,0 days 00:02:04.881000,11.0,2.0,0 days 01:16:19.162000,,0 days 00:00:52.121000,0 days 00:00:43.847000,0 days 00:00:28.913000,0 days 01:16:48.500000,0 days 01:17:32.347000,0 days 01:18:01.260000,287.0,238.0,227.0,309.0,False,INTERMEDIATE,1.0,True,Mercedes,0 days 01:15:56.367000,,1,13.0,,,False,False,2025,12
0 days 02:11:42.227000,RUS,63,0 days 00:01:41.178000,38.0,2.0,,0 days 02:11:36.329000,0 days 00:00:32.070000,0 days 00:00:42.790000,0 days 00:00:26.318000,0 days 02:10:33.131000,0 days 02:11:15.921000,0 days 02:11:42.239000,297.0,246.0,,322.0,False,INTERMEDIATE,28.0,True,Mercedes,0 days 02:10:01.049000,,1,6.0,,,False,False,2025,12
0 days 02:13:59.749000,RUS,63,0 days 00:02:17.522000,39.0,3.0,0 days 02:12:04.554000,,0 days 00:00:56.444000,0 days 00:00:49.949000,0 days 00:00:31.129000,0 days 02:12:38.683000,0 days 02:13:28.632000,0 days 02:13:59.761000,285.0,194.0,203.0,299.0,False,HARD,1.0,True,Mercedes,0 days 02:11:42.227000,,12,14.0,,,False,False,2025,12
0 days 01:17:20.772000,PIA,81,0 days 00:01:45.937000,11.0,1.0,,0 days 01:17:14.916000,0 days 00:00:32.236000,0 days 00:00:46.880000,0 days 00:00:26.821000,0 days 01:16:07.151000,0 days 01:16:54.031000,0 days 01:17:20.852000,259.0,235.0,,311.0,False,INTERMEDIATE,11.0,True,McLaren,0 days 01:15:34.835000,,1,1.0,,,False,False,2025,12
0 days 01:19:26.922000,PIA,81,0 days 00:02:06.150000,12.0,2.0,0 days 01:17:44.304000,,0 days 00:00:53.419000,0 days 00:00:43.664000,0 days 00:00:29.067000,0 days 01:18:14.271000,0 days 01:18:57.935000,0 days 01:19:27.002000,284.0,243.0,217.0,302.0,False,INTERMEDIATE,1.0,True,McLaren,0 days 01:17:20.772000,,1,1.0,,,False,False,2025,12
0 days 02:19:12.598000,PIA,81,0 days 00:01:37.478000,43.0,2.0,,0 days 02:19:06.693000,0 days 00:00:31.369000,0 days 00:00:40.528000,0 days 00:00:25.581000,0 days 02:18:06.569000,0 days 02:18:47.097000,0 days 02:19:12.678000,293.0,243.0,,310.0,False,INTERMEDIATE,32.0,True,McLaren,0 days 02:17:35.120000,,12,1.0,,,False,False,2025,12
0 days 02:21:22.234000,PIA,81,0 days 00:02:09.636000,44.0,3.0,0 days 02:19:47.025000,,0 days 00:01:04.552000,0 days 00:00:39.650000,0 days 00:00:25.434000,0 days 02:20:17.230000,0 days 02:20:56.880000,0 days 02:21:22.314000,298.0,256.0,252.0,309.0,False,MEDIUM,1.0,True,McLaren,0 days 02:19:12.598000,,12,2.0,,,False,False,2025,12
0 days 00:58:25.564000,BEA,87,0 days 00:02:16.342000,1.0,1.0,0 days 00:56:26.410000,,,0 days 00:00:46.851000,0 days 00:00:38.669000,,0 days 00:57:47.079000,0 days 00:58:25.761000,263.0,199.0,141.0,291.0,False,HARD,1.0,True,Haas F1 Team,0 days 00:56:09.003000,,126,18.0,,,False,False,2025,12
0 days 01:16:10.470000,BEA,87,0 days 00:01:43.208000,10.0,1.0,,0 days 01:16:04.657000,0 days 00:00:32.530000,0 days 00:00:43.643000,0 days 00:00:27.035000,0 days 01:14:59.841000,0 days 01:15:43.484000,0 days 01:16:10.519000,287.0,249.0,,310.0,False,HARD,10.0,True,Haas F1 Team,0 days 01:14:27.262000,,1,15.0,,,False,False,2025,12
0 days 01:18:19.286000,BEA,87,0 days 00:02:08.816000,11.0,2.0,0 days 01:16:33.749000,,0 days 00:00:53.791000,0 days 00:00:44.860000,0 days 00:00:30.165000,0 days 01:17:04.310000,0 days 01:17:49.170000,0 days 01:18:19.335000,281.0,239.0,207.0,298.0,False,INTERMEDIATE,1.0,True,Haas F1 Team,0 days 01:16:10.470000,,1,17.0,,,False,False,2025,12
0 days 02:16:59.815000,BEA,87,0 days 00:01:39.875000,41.0,2.0,,0 days 02:16:53.990000,0 days 00:00:31.854000,0 days 00:00:42.126000,0 days 00:00:25.895000,0 days 02:15:51.843000,0 days 02:16:33.969000,0 days 02:16:59.864000,312.0,243.0,,324.0,False,INTERMEDIATE,31.0,True,Haas F1 Team,0 days 02:15:19.940000,,1,10.0,,,False,False,2025,12
0 days 02:19:04.771000,BEA,87,0 days 00:02:04.956000,42.0,3.0,0 days 02:17:23.069000,,0 days 00:00:54.659000,0 days 00:00:42.258000,0 days 00:00:28.039000,0 days 02:17:54.523000,0 days 02:18:36.781000,0 days 02:19:04.820000,286.0,221.0,240.0,298.0,False,MEDIUM,1.0,True,Haas F1 Team,0 days 02:16:59.815000,,12,12.0,,,False,False,2025,12
0 days 02:17:37.928000,PIA,81,0 days 00:03:05.558000,1.0,1.0,0 days 02:14:45.252000,,,0 days 00:01:22.953000,0 days 00:00:46.768000,,0 days 02:16:51.276000,0 days 02:17:37.931000,203.0,103.0,178.0,142.0,False,INTERMEDIATE,1.0,True,McLaren,0 days 02:14:32.096000,,14,2.0,,,False,False,2025,13
0 days 02:42:35.650000,PIA,81,0 days 00:02:06.019000,12.0,1.0,,0 days 02:42:31.751000,0 days 00:00:33.696000,0 days 00:00:55.638000,0 days 00:00:36.685000,0 days 02:41:03.330000,0 days 02:41:58.968000,0 days 02:42:35.653000,301.0,175.0,,296.0,False,INTERMEDIATE,12.0,True,McLaren,0 days 02:40:29.631000,,1,2.0,,,False,False,2025,13
0 days 02:44:45.974000,PIA,81,0 days 00:02:10.324000,13.0,2.0,0 days 02:42:55.576000,,0 days 00:00:48.957000,0 days 00:00:51.542000,0 days 00:00:29.825000,0 days 02:43:24.610000,0 days 02:44:16.152000,0 days 02:44:45.977000,307.0,200.0,219.0,282.0,False,MEDIUM,1.0,True,McLaren,0 days 02:42:35.650000,,1,2.0,,,False,False,2025,13
0 days 02:17:37.017000,NOR,4,0 days 00:03:04.619000,1.0,1.0,0 days 02:14:41.752000,,,0 days 00:01:24.158000,0 days 00:00:46.473000,,0 days 02:16:50.636000,0 days 02:17:37.056000,178.0,103.0,177.0,139.0,False,INTERMEDIATE,1.0,True,McLaren,0 days 02:14:32.096000,,14,1.0,,,False,False,2025,13
0 days 02:44:35.023000,NOR,4,0 days 00:02:02.962000,13.0,1.0,,0 days 02:44:31.199000,0 days 00:00:33.105000,0 days 00:00:53.967000,0 days 00:00:35.890000,0 days 02:43:05.205000,0 days 02:43:59.172000,0 days 02:44:35.062000,304.0,181.0,,305.0,False,INTERMEDIATE,13.0,True,McLaren,0 days 02:42:32.061000,,1,1.0,,,False,False,2025,13
0 days 02:46:45.939000,NOR,4,0 days 00:02:10.916000,14.0,2.0,0 days 02:44:55.556000,,0 days 00:00:50.208000,0 days 00:00:50.967000,0 days 00:00:29.741000,0 days 02:45:25.270000,0 days 02:46:16.237000,0 days 02:46:45.978000,310.0,202.0,219.0,273.0,False,HARD,1.0,True,McLaren,0 days 02:44:35.023000,,1,2.0,,,False,False,2025,13
0 days 02:17:40.888000,LEC,16,0 days 00:03:08.456000,1.0,1.0,0 days 02:14:48.268000,,,0 days 00:01:22.600000,0 days 00:00:48.890000,,0 days 02:16:52.026000,0 days 02:17:40.931000,202.0,133.0,189.0,184.0,False,INTERMEDIATE,1.0,True,Ferrari,0 days 02:14:32.096000,,14,3.0,,,False,False,2025,13
0 days 02:42:45.824000,LEC,16,0 days 00:02:05.855000,12.0,1.0,,0 days 02:42:42.092000,0 days 00:00:33.329000,0 days 00:00:56.074000,0 days 00:00:36.452000,0 days 02:41:13.326000,0 days 02:42:09.400000,0 days 02:42:45.852000,311.0,176.0,,306.0,False,INTERMEDIATE,12.0,True,Ferrari,0 days 02:40:39.969000,,1,3.0,,,False,False,2025,13
0 days 02:45:02.487000,LEC,16,0 days 00:02:16.663000,13.0,2.0,0 days 02:43:05.873000,,0 days 00:00:50.538000,0 days 00:00:56.004000,0 days 00:00:30.121000,0 days 02:43:36.390000,0 days 02:44:32.394000,0 days 02:45:02.515000,301.0,191.0,219.0,252.0,False,MEDIUM,1.0,True,Ferrari,0 days 02:42:45.824000,,1,5.0,,,False,False,2025,13
0 days 02:17:42.391000,VER,1,0 days 00:03:10.061000,1.0,1.0,0 days 02:14:52.932000,,,0 days 00:01:22.808000,0 days 00:00:48.558000,,0 days 02:16:53.940000,0 days 02:17:42.588000,219.0,123.0,187.0,219.0,False,INTERMEDIATE,1.0,True,Red Bull Racing,0 days 02:14:32.096000,,14,4.0,,,False,False,2025,13
0 days 02:42:46.240000,VER,1,0 days 00:02:05.626000,12.0,1.0,,0 days 02:42:42.509000,0 days 00:00:33.519000,0 days 00:00:55.639000,0 days 00:00:36.468000,0 days 02:41:14.240000,0 days 02:42:09.879000,0 days 02:42:46.347000,304.0,177.0,,307.0,False,INTERMEDIATE,12.0,True,Red Bull Racing,0 days 02:40:40.614000,,1,4.0,,,False,False,2025,13
0 days 02:45:03.239000,VER,1,0 days 00:02:16.999000,13.0,2.0,0 days 02:43:08.560000,,0 days 00:00:51.468000,0 days 00:00:54.827000,0 days 00:00:30.704000,0 days 02:43:37.815000,0 days 02:44:32.642000,0 days 02:45:03.346000,295.0,188.0,220.0,296.0,False,MEDIUM,1.0,True,Red Bull Racing,0 days 02:42:46.240000,,1,6.0,,,False,False,2025,13
0 days 02:17:46.120000,RUS,63,0 days 00:03:13.707000,1.0,1.0,0 days 02:14:59.051000,,,0 days 00:01:23.647000,0 days 00:00:47.587000,,0 days 02:16:58.676000,0 days 02:17:46.197000,254.0,65.0,193.0,233.0,False,INTERMEDIATE,1.0,True,Mercedes,0 days 02:14:32.096000,,14,6.0,,,False,False,2025,13
0 days 02:42:50.380000,RUS,63,0 days 00:02:06.737000,12.0,1.0,,0 days 02:42:46.609000,0 days 00:00:33.626000,0 days 00:00:56.855000,0 days 00:00:36.256000,0 days 02:41:17.346000,0 days 02:42:14.201000,0 days 02:42:50.457000,322.0,174.0,,293.0,False,INTERMEDIATE,12.0,True,Mercedes,0 days 02:40:43.643000,,1,5.0,,,False,False,2025,13
0 days 02:45:03.796000,RUS,63,0 days 00:02:13.416000,13.0,2.0,0 days 02:43:10.342000,,0 days 00:00:49.114000,0 days 00:00:53.604000,0 days 00:00:30.698000,0 days 02:43:39.571000,0 days 02:44:33.175000,0 days 02:45:03.873000,303.0,189.0,220.0,273.0,False,MEDIUM,1.0,True,Mercedes,0 days 02:42:50.380000,,1,7.0,,,False,False,2025,13
0 days 02:17:43.654000,ALB,23,0 days 00:03:11.296000,1.0,1.0,0 days 02:14:56.100000,,,0 days 00:01:24.062000,0 days 00:00:47.500000,,0 days 02:16:56.184000,0 days 02:17:43.838000,208.0,87.0,195.0,238.0,False,INTERMEDIATE,1.0,True,Williams,0 days 02:14:32.096000,,14,5.0,,,False,False,2025,13
0 days 02:42:52.086000,ALB,23,0 days 00:02:06.684000,12.0,1.0,,0 days 02:42:48.435000,0 days 00:00:33.532000,0 days 00:00:56.433000,0 days 00:00:36.719000,0 days 02:41:18.964000,0 days 02:42:15.397000,0 days 02:42:52.116000,307.0,176.0,,303.0,False,INTERMEDIATE,12.0,True,Williams,0 days 02:40:45.402000,,1,7.0,,,False,False,2025,13
0 days 02:45:05.329000,ALB,23,0 days 00:02:13.243000,13.0,2.0,0 days 02:43:12.373000,,0 days 00:00:49.304000,0 days 00:00:52.407000,0 days 00:00:31.532000,0 days 02:43:41.420000,0 days 02:44:33.827000,0 days 02:45:05.359000,295.0,197.0,222.0,274.0,False,MEDIUM,1.0,True,Williams,0 days 02:42:52.086000,,1,8.0,,,False,False,2025,13
0 days 02:18:05.985000,HAM,44,0 days 00:03:33.712000,1.0,1.0,0 days 02:15:53.006000,,,0 days 00:01:01.046000,0 days 00:00:39.267000,,0 days 02:17:26.806000,0 days 02:18:06.156000,253.0,172.0,192.0,248.0,False,INTERMEDIATE,1.0,True,Ferrari,0 days 02:14:32.096000,,14,18.0,,,False,False,2025,13
0 days 02:41:03.583000,HAM,44,0 days 00:02:10.597000,11.0,1.0,,0 days 02:40:59.936000,0 days 00:00:34.016000,0 days 00:00:59.124000,0 days 00:00:37.457000,0 days 02:39:27.090000,0 days 02:40:26.214000,0 days 02:41:03.671000,309.0,167.0,,299.0,False,INTERMEDIATE,11.0,True,Ferrari,0 days 02:38:52.986000,,1,14.0,,,False,False,2025,13
0 days 02:43:15.797000,HAM,44,0 days 00:02:12.214000,12.0,2.0,0 days 02:41:23.170000,,0 days 00:00:49.518000,0 days 00:00:52.978000,0 days 00:00:29.718000,0 days 02:41:53.189000,0 days 02:42:46.167000,0 days 02:43:15.885000,302.0,201.0,219.0,267.0,False,MEDIUM,1.0,True,Ferrari,0 days 02:41:03.583000,,1,17.0,,,False,False,2025,13
0 days 02:17:50.718000,LAW,30,0 days 00:03:18.369000,1.0,1.0,0 days 02:15:14.179000,,,0 days 00:01:16.101000,0 days 00:00:46.522000,,0 days 02:17:04.343000,0 days 02:17:50.900000,258.0,71.0,193.0,223.0,False,INTERMEDIATE,1.0,True,Racing Bulls,0 days 02:14:32.096000,,14,9.0,,,False,False,2025,13
0 days 02:42:58.605000,LAW,30,0 days 00:02:07.696000,12.0,1.0,,0 days 02:42:55.029000,0 days 00:00:33.567000,0 days 00:00:57.051000,0 days 00:00:37.078000,0 days 02:41:24.623000,0 days 02:42:21.674000,0 days 02:42:58.752000,314.0,176.0,,300.0,False,INTERMEDIATE,12.0,True,Racing Bulls,0 days 02:40:50.909000,,1,9.0,,,False,False,2025,13
0 days 02:45:12.418000,LAW,30,0 days 00:02:13.813000,13.0,2.0,0 days 02:43:18.264000,,0 days 00:00:49.802000,0 days 00:00:54.080000,0 days 00:00:29.931000,0 days 02:43:48.554000,0 days 02:44:42.634000,0 days 02:45:12.565000,256.0,193.0,219.0,251.0,False,MEDIUM,1.0,True,Racing Bulls,0 days 02:42:58.605000,,1,11.0,,,False,False,2025,13
0 days 02:17:51.822000,BOR,5,0 days 00:03:19.512000,1.0,1.0,0 days 02:15:17.861000,,,0 days 00:01:10.904000,0 days 00:00:46.596000,,0 days 02:17:05.320000,0 days 02:17:52.072000,230.0,99.0,193.0,184.0,False,INTERMEDIATE,1.0,True,Kick Sauber,0 days 02:14:32.096000,,14,10.0,,,False,False,2025,13
0 days 02:43:00.810000,BOR,5,0 days 00:02:07.969000,12.0,1.0,,0 days 02:42:57.217000,0 days 00:00:33.563000,0 days 00:00:57.596000,0 days 00:00:36.810000,0 days 02:41:26.498000,0 days 02:42:24.094000,0 days 02:43:00.904000,310.0,174.0,,301.0,False,INTERMEDIATE,12.0,True,Kick Sauber,0 days 02:40:52.841000,,1,10.0,,,False,False,2025,13
0 days 02:45:13.287000,BOR,5,0 days 00:02:12.477000,13.0,2.0,0 days 02:43:20.426000,,0 days 00:00:49.599000,0 days 00:00:53.306000,0 days 00:00:29.572000,0 days 02:43:50.503000,0 days 02:44:43.809000,0 days 02:45:13.381000,291.0,202.0,221.0,255.0,False,MEDIUM,1.0,True,Kick Sauber,0 days 02:43:00.810000,,1,12.0,,,False,False,2025,13
0 days 02:17:56.827000,GAS,10,0 days 00:03:24.447000,1.0,1.0,0 days 02:15:31.943000,,,0 days 00:01:06.253000,0 days 00:00:46.274000,,0 days 02:17:10.638000,0 days 02:17:56.947000,223.0,64.0,195.0,236.0,False,INTERMEDIATE,1.0,True,Alpine,0 days 02:14:32.096000,,14,13.0,,,False,False,2025,13
0 days 02:41:06.673000,GAS,10,0 days 00:02:10.058000,11.0,1.0,,0 days 02:41:02.999000,0 days 00:00:34.119000,0 days 00:00:58.570000,0 days 00:00:37.369000,0 days 02:39:30.819000,0 days 02:40:29.389000,0 days 02:41:06.758000,313.0,167.0,,275.0,False,INTERMEDIATE,11.0,True,Alpine,0 days 02:38:56.615000,,1,18.0,,,False,False,2025,13
0 days 02:43:22.168000,GAS,10,0 days 00:02:15.495000,12.0,2.0,0 days 02:41:29.713000,,0 days 00:00:52.157000,0 days 00:00:53.718000,0 days 00:00:29.620000,0 days 02:41:58.915000,0 days 02:42:52.633000,0 days 02:43:22.253000,318.0,198.0,219.0,272.0,False,MEDIUM,1.0,True,Alpine,0 days 02:41:06.673000,,1,19.0,,,False,False,2025,13
0 days 02:17:54.480000,BEA,87,0 days 00:03:21.972000,1.0,1.0,0 days 02:15:27.631000,,,0 days 00:01:06.420000,0 days 00:00:45.419000,,0 days 02:17:09.084000,0 days 02:17:54.494000,239.0,83.0,180.0,193.0,False,INTERMEDIATE,1.0,True,Haas F1 Team,0 days 02:14:32.096000,,14,12.0,,,False,False,2025,13
0 days 02:43:01.855000,BEA,87,0 days 00:02:07.261000,12.0,1.0,,0 days 02:42:58.076000,0 days 00:00:34.044000,0 days 00:00:56.398000,0 days 00:00:36.819000,0 days 02:41:28.652000,0 days 02:42:25.050000,0 days 02:43:01.869000,298.0,180.0,,300.0,False,INTERMEDIATE,12.0,True,Haas F1 Team,0 days 02:40:54.594000,,1,12.0,,,False,False,2025,13
0 days 02:45:15.688000,BEA,87,0 days 00:02:13.833000,13.0,2.0,0 days 02:43:22.451000,,0 days 00:00:49.619000,0 days 00:00:53.320000,0 days 00:00:30.894000,0 days 02:43:51.488000,0 days 02:44:44.808000,0 days 02:45:15.702000,300.0,196.0,159.0,277.0,False,MEDIUM,1.0,True,Haas F1 Team,0 days 02:43:01.855000,,1,15.0,,,False,False,2025,13
0 days 02:17:58.963000,HUL,27,0 days 00:03:26.488000,1.0,1.0,0 days 02:15:36.143000,,,0 days 00:01:02.840000,0 days 00:00:45.333000,,0 days 02:17:13.731000,0 days 02:17:59.041000,227.0,172.0,192.0,210.0,False,INTERMEDIATE,1.0,True,Kick Sauber,0 days 02:14:32.096000,,14,14.0,,,False,False,2025,13
0 days 02:41:07.228000,HUL,27,0 days 00:02:09.695000,11.0,1.0,,0 days 02:41:03.577000,0 days 00:00:33.774000,0 days 00:00:58.491000,0 days 00:00:37.430000,0 days 02:39:31.385000,0 days 02:40:29.876000,0 days 02:41:07.306000,313.0,172.0,,297.0,False,INTERMEDIATE,11.0,True,Kick Sauber,0 days 02:38:57.533000,,1,19.0,,,False,False,2025,13
0 days 02:43:18.906000,HUL,27,0 days 00:02:11.678000,12.0,2.0,0 days 02:41:27.174000,,0 days 00:00:48.695000,0 days 00:00:52.685000,0 days 00:00:30.298000,0 days 02:41:56.001000,0 days 02:42:48.686000,0 days 02:43:18.984000,309.0,202.0,218.0,278.0,False,MEDIUM,1.0,True,Kick Sauber,0 days 02:41:07.228000,,1,18.0,,,False,False,2025,13
0 days 03:19:37.889000,HUL,27,0 days 00:01:52.356000,32.0,2.0,,0 days 03:19:34.128000,0 days 00:00:31.430000,0 days 00:00:47.528000,0 days 00:00:33.398000,0 days 03:18:17.041000,0 days 03:19:04.569000,0 days 03:19:37.967000,311.0,209.0,,312.0,False,MEDIUM,21.0,True,Kick Sauber,0 days 03:17:45.533000,,1,10.0,,,False,False,2025,13
0 days 03:21:41.131000,HUL,27,0 days 00:02:03.242000,33.0,3.0,0 days 03:19:58.010000,,0 days 00:00:46.631000,0 days 00:00:47.944000,0 days 00:00:28.667000,0 days 03:20:24.598000,0 days 03:21:12.542000,0 days 03:21:41.209000,320.0,204.0,225.0,308.0,False,None,,False,Kick Sauber,0 days 03:19:37.889000,,1,15.0,,,False,False,2025,13
0 days 02:17:48.043000,TSU,22,0 days 00:03:15.676000,1.0,1.0,0 days 02:15:05.161000,,,0 days 00:01:21.848000,0 days 00:00:47.250000,,0 days 02:17:00.853000,0 days 02:17:48.135000,237.0,58.0,181.0,233.0,False,INTERMEDIATE,1.0,True,Red Bull Racing,0 days 02:14:32.096000,,14,7.0,,,False,False,2025,13
0 days 02:44:58.450000,TSU,22,0 days 00:02:07.153000,13.0,1.0,,0 days 02:44:54.915000,0 days 00:00:33.982000,0 days 00:00:56.507000,0 days 00:00:36.664000,0 days 02:43:25.339000,0 days 02:44:21.846000,0 days 02:44:58.510000,294.0,181.0,,269.0,False,INTERMEDIATE,13.0,True,Red Bull Racing,0 days 02:42:51.297000,,1,3.0,,,False,False,2025,13
0 days 02:47:09.807000,TSU,22,0 days 00:02:11.357000,14.0,2.0,0 days 02:45:18.118000,,0 days 00:00:49.134000,0 days 00:00:52.573000,0 days 00:00:29.650000,0 days 02:45:47.644000,0 days 02:46:40.217000,0 days 02:47:09.867000,264.0,200.0,219.0,275.0,False,MEDIUM,1.0,True,Red Bull Racing,0 days 02:44:58.450000,,1,12.0,,,False,False,2025,13
0 days 02:18:01.514000,STR,18,0 days 00:03:29.116000,1.0,1.0,0 days 02:15:42.640000,,,0 days 00:01:02.500000,0 days 00:00:43.867000,,0 days 02:17:17.825000,0 days 02:18:01.589000,239.0,167.0,200.0,237.0,False,INTERMEDIATE,1.0,True,Aston Martin,0 days 02:14:32.096000,,14,16.0,,,False,False,2025,13
0 days 02:43:14.137000,STR,18,0 days 00:02:07.592000,12.0,1.0,,0 days 02:43:10.435000,0 days 00:00:34.058000,0 days 00:00:56.715000,0 days 00:00:36.819000,0 days 02:41:40.678000,0 days 02:42:37.393000,0 days 02:43:14.212000,309.0,177.0,,280.0,False,INTERMEDIATE,12.0,True,Aston Martin,0 days 02:41:06.545000,,1,16.0,,,False,False,2025,13
0 days 02:45:24.867000,STR,18,0 days 00:02:10.730000,13.0,2.0,0 days 02:43:34.204000,,0 days 00:00:49.663000,0 days 00:00:51.697000,0 days 00:00:29.370000,0 days 02:44:03.875000,0 days 02:44:55.572000,0 days 02:45:24.942000,303.0,200.0,221.0,251.0,False,MEDIUM,1.0,True,Aston Martin,0 days 02:43:14.137000,,1,19.0,,,False,False,2025,13
0 days 02:17:53.923000,OCO,31,0 days 00:03:21.517000,1.0,1.0,0 days 02:15:21.919000,,,0 days 00:01:07.371000,0 days 00:00:47.321000,,0 days 02:17:06.737000,0 days 02:17:53.931000,198.0,134.0,161.0,208.0,False,INTERMEDIATE,1.0,True,Haas F1 Team,0 days 02:14:32.096000,,14,11.0,,,False,False,2025,13
0 days 02:45:10.784000,OCO,31,0 days 00:02:09.199000,13.0,1.0,,0 days 02:45:06.946000,0 days 00:00:33.401000,0 days 00:00:57.395000,0 days 00:00:38.403000,0 days 02:43:34.994000,0 days 02:44:32.389000,0 days 02:45:10.792000,317.0,170.0,,289.0,False,INTERMEDIATE,13.0,True,Haas F1 Team,0 days 02:43:01.585000,,1,10.0,,,False,False,2025,13
0 days 02:47:23.262000,OCO,31,0 days 00:02:12.478000,14.0,2.0,0 days 02:45:30.902000,,0 days 00:00:49.417000,0 days 00:00:52.986000,0 days 00:00:30.075000,0 days 02:46:00.209000,0 days 02:46:53.195000,0 days 02:47:23.270000,295.0,196.0,219.0,263.0,False,MEDIUM,8.0,False,Haas F1 Team,0 days 02:45:10.784000,,1,20.0,,,False,False,2025,13
0 days 02:18:08.844000,ANT,12,0 days 00:03:36.399000,1.0,1.0,0 days 02:15:56.303000,,,0 days 00:00:59.266000,0 days 00:00:39.511000,,0 days 02:17:29.416000,0 days 02:18:08.862000,246.0,168.0,201.0,241.0,False,INTERMEDIATE,1.0,True,Mercedes,0 days 02:14:32.096000,,14,19.0,,,False,False,2025,13
0 days 02:43:13.348000,ANT,12,0 days 00:02:08.264000,12.0,1.0,,0 days 02:43:09.607000,0 days 00:00:34.008000,0 days 00:00:57.404000,0 days 00:00:36.852000,0 days 02:41:39.110000,0 days 02:42:36.514000,0 days 02:43:13.366000,310.0,179.0,,289.0,False,INTERMEDIATE,12.0,True,Mercedes,0 days 02:41:05.084000,,1,15.0,,,False,False,2025,13
0 days 02:45:23.985000,ANT,12,0 days 00:02:10.637000,13.0,2.0,0 days 02:43:33.126000,,0 days 00:00:49.887000,0 days 00:00:51.429000,0 days 00:00:29.321000,0 days 02:44:03.253000,0 days 02:44:54.682000,0 days 02:45:24.003000,313.0,202.0,217.0,255.0,False,MEDIUM,1.0,True,Mercedes,0 days 02:43:13.348000,,1,18.0,,,False,False,2025,13
0 days 03:16:09.280000,ANT,12,0 days 00:01:52.443000,30.0,2.0,,0 days 03:16:05.447000,0 days 00:00:30.673000,0 days 00:00:48.295000,0 days 00:00:33.475000,0 days 03:14:47.528000,0 days 03:15:35.823000,0 days 03:16:09.298000,345.0,205.0,,315.0,False,MEDIUM,18.0,True,Mercedes,0 days 03:14:16.837000,,1,14.0,,,False,False,2025,13
0 days 03:18:10.029000,ANT,12,0 days 00:02:00.749000,31.0,3.0,0 days 03:16:28.553000,,0 days 00:00:46.524000,0 days 00:00:45.877000,0 days 00:00:28.348000,0 days 03:16:55.822000,0 days 03:17:41.699000,0 days 03:18:10.047000,320.0,214.0,222.0,305.0,False,None,,False,Mercedes,0 days 03:16:09.280000,,1,16.0,,,False,False,2025,13
0 days 02:18:11.092000,ALO,14,0 days 00:03:38.679000,1.0,1.0,0 days 02:15:57.928000,,,0 days 00:01:01.180000,0 days 00:00:36.143000,,0 days 02:17:35.103000,0 days 02:18:11.143000,244.0,173.0,197.0,194.0,False,INTERMEDIATE,1.0,True,Aston Martin,0 days 02:14:32.096000,,14,20.0,,,False,False,2025,13
0 days 02:41:10.638000,ALO,14,0 days 00:02:09.812000,11.0,1.0,,0 days 02:41:06.983000,0 days 00:00:34.072000,0 days 00:00:58.479000,0 days 00:00:37.261000,0 days 02:39:34.949000,0 days 02:40:33.428000,0 days 02:41:10.689000,306.0,164.0,,296.0,False,INTERMEDIATE,11.0,True,Aston Martin,0 days 02:39:00.826000,,1,20.0,,,False,False,2025,13
0 days 02:43:23.824000,ALO,14,0 days 00:02:13.186000,12.0,2.0,0 days 02:41:30.291000,,0 days 00:00:49.013000,0 days 00:00:53.930000,0 days 00:00:30.243000,0 days 02:41:59.702000,0 days 02:42:53.632000,0 days 02:43:23.875000,314.0,195.0,217.0,277.0,False,MEDIUM,1.0,True,Aston Martin,0 days 02:41:10.638000,,1,20.0,,,False,False,2025,13
0 days 03:14:23.081000,ALO,14,0 days 00:01:52.557000,29.0,2.0,,0 days 03:14:19.358000,0 days 00:00:31.443000,0 days 00:00:47.475000,0 days 00:00:33.639000,0 days 03:13:02.018000,0 days 03:13:49.493000,0 days 03:14:23.132000,314.0,206.0,,310.0,False,MEDIUM,18.0,True,Aston Martin,0 days 03:12:30.524000,,1,16.0,,,False,False,2025,13
0 days 03:16:25.077000,ALO,14,0 days 00:02:01.996000,30.0,3.0,0 days 03:14:42.983000,,0 days 00:00:47.118000,0 days 00:00:46.134000,0 days 00:00:28.744000,0 days 03:15:10.250000,0 days 03:15:56.384000,0 days 03:16:25.128000,311.0,211.0,221.0,304.0,False,None,,False,Aston Martin,0 days 03:14:23.081000,,1,17.0,,,False,False,2025,13
0 days 02:18:03.860000,SAI,55,0 days 00:03:31.318000,1.0,1.0,0 days 02:15:46.818000,,,0 days 00:00:59.487000,0 days 00:00:44.051000,,0 days 02:17:19.809000,0 days 02:18:03.862000,263.0,164.0,197.0,245.0,False,INTERMEDIATE,1.0,True,Williams,0 days 02:14:32.096000,,14,17.0,,,False,False,2025,13
0 days 02:43:11.286000,SAI,55,0 days 00:02:07.240000,12.0,1.0,,0 days 02:43:07.529000,0 days 00:00:33.734000,0 days 00:00:56.938000,0 days 00:00:36.568000,0 days 02:41:37.780000,0 days 02:42:34.718000,0 days 02:43:11.286000,302.0,180.0,,297.0,False,INTERMEDIATE,12.0,True,Williams,0 days 02:41:04.046000,,1,14.0,,,False,False,2025,13
0 days 02:45:26.230000,SAI,55,0 days 00:02:14.944000,13.0,2.0,0 days 02:43:35.063000,,0 days 00:00:53.017000,0 days 00:00:52.316000,0 days 00:00:29.611000,0 days 02:44:04.303000,0 days 02:44:56.619000,0 days 02:45:26.230000,293.0,198.0,218.0,275.0,False,MEDIUM,1.0,True,Williams,0 days 02:43:11.286000,,1,20.0,,,False,False,2025,13
0 days 03:09:07.874000,SAI,55,0 days 00:01:53.275000,26.0,2.0,,0 days 03:09:04.295000,0 days 00:00:31.151000,0 days 00:00:48.240000,0 days 00:00:33.884000,0 days 03:07:45.750000,0 days 03:08:33.990000,0 days 03:09:07.874000,328.0,206.0,,311.0,False,MEDIUM,14.0,True,Williams,0 days 03:07:14.599000,,1,18.0,,,False,False,2025,13
0 days 03:11:12.139000,SAI,55,0 days 00:02:04.265000,27.0,3.0,0 days 03:09:27.926000,,0 days 00:00:47.803000,0 days 00:00:47.458000,0 days 00:00:29.004000,0 days 03:09:55.677000,0 days 03:10:43.135000,0 days 03:11:12.139000,313.0,212.0,220.0,301.0,False,HARD,,False,Williams,0 days 03:09:07.874000,,1,19.0,,,False,False,2025,13
0 days 02:17:59.926000,COL,43,0 days 00:03:27.440000,1.0,1.0,0 days 02:15:39.242000,,,0 days 00:01:02.702000,0 days 00:00:44.679000,,0 days 02:17:15.294000,0 days 02:18:00.010000,266.0,165.0,196.0,215.0,False,INTERMEDIATE,1.0,True,Alpine,0 days 02:14:32.096000,,14,15.0,,,False,False,2025,13
0 days 02:43:10.253000,COL,43,0 days 00:02:07.109000,12.0,1.0,,0 days 02:43:07.154000,0 days 00:00:33.699000,0 days 00:00:57.233000,0 days 00:00:36.177000,0 days 02:41:36.890000,0 days 02:42:34.123000,0 days 02:43:10.300000,313.0,177.0,,293.0,False,INTERMEDIATE,12.0,True,Alpine,0 days 02:41:03.144000,,1,13.0,,,False,False,2025,13
0 days 02:45:20.430000,COL,43,0 days 00:02:10.177000,13.0,2.0,0 days 02:43:30.110000,,0 days 00:00:48.611000,0 days 00:00:52.176000,0 days 00:00:29.390000,0 days 02:43:58.911000,0 days 02:44:51.087000,0 days 02:45:20.477000,319.0,198.0,218.0,287.0,False,MEDIUM,1.0,True,Alpine,0 days 02:43:10.253000,,1,17.0,,,False,False,2025,13
0 days 03:12:44.014000,COL,43,0 days 00:01:52.935000,28.0,2.0,,0 days 03:12:40.319000,0 days 00:00:31.122000,0 days 00:00:48.335000,0 days 00:00:33.478000,0 days 03:11:22.248000,0 days 03:12:10.583000,0 days 03:12:44.061000,320.0,206.0,,318.0,False,MEDIUM,16.0,True,Alpine,0 days 03:10:51.079000,,1,18.0,,,False,False,2025,13
0 days 03:14:46.765000,COL,43,0 days 00:02:02.751000,29.0,3.0,0 days 03:13:03.729000,,0 days 00:00:46.698000,0 days 00:00:47.505000,0 days 00:00:28.548000,0 days 03:13:30.759000,0 days 03:14:18.264000,0 days 03:14:46.812000,311.0,209.0,221.0,315.0,False,None,,False,Alpine,0 days 03:12:44.014000,,1,19.0,,,False,False,2025,13
0 days 02:17:49.312000,HAD,6,0 days 00:03:16.869000,1.0,1.0,0 days 02:15:09.438000,,,0 days 00:01:18.190000,0 days 00:00:46.492000,,0 days 02:17:02.879000,0 days 02:17:49.369000,265.0,74.0,192.0,213.0,False,INTERMEDIATE,1.0,True,Racing Bulls,0 days 02:14:32.096000,,14,8.0,,,False,False,2025,13
0 days 02:45:00.171000,HAD,6,0 days 00:02:05.678000,13.0,1.0,,0 days 02:44:56.400000,0 days 00:00:33.861000,0 days 00:00:55.354000,0 days 00:00:36.463000,0 days 02:43:28.411000,0 days 02:44:23.765000,0 days 02:45:00.228000,298.0,176.0,,292.0,False,INTERMEDIATE,13.0,True,Racing Bulls,0 days 02:42:54.493000,,1,4.0,,,False,False,2025,13
0 days 02:47:12.551000,HAD,6,0 days 00:02:12.380000,14.0,2.0,0 days 02:45:19.993000,,0 days 00:00:49.947000,0 days 00:00:51.936000,0 days 00:00:30.497000,0 days 02:45:50.175000,0 days 02:46:42.111000,0 days 02:47:12.608000,306.0,197.0,217.0,260.0,False,MEDIUM,4.0,False,Racing Bulls,0 days 02:45:00.171000,,1,16.0,,,False,False,2025,13
0 days 02:58:17.169000,HAD,6,0 days 00:01:54.281000,20.0,2.0,,0 days 02:58:13.418000,0 days 00:00:31.804000,0 days 00:00:48.288000,0 days 00:00:34.189000,0 days 02:56:54.749000,0 days 02:57:43.037000,0 days 02:58:17.226000,309.0,202.0,,309.0,False,MEDIUM,10.0,False,Racing Bulls,0 days 02:56:22.888000,,1,19.0,,,False,False,2025,13
0 days 03:00:23.538000,HAD,6,0 days 00:02:06.369000,21.0,3.0,0 days 02:58:36.896000,,0 days 00:00:48.310000,0 days 00:00:48.326000,0 days 00:00:29.733000,0 days 02:59:05.536000,0 days 02:59:53.862000,0 days 03:00:23.595000,302.0,204.0,213.0,300.0,False,HARD,1.0,True,Racing Bulls,0 days 02:58:17.169000,,1,20.0,,,False,False,2025,13
0 days 01:40:30.131000,NOR,4,0 days 00:01:25.567000,31.0,1.0,,0 days 01:40:28.419000,0 days 00:00:29.764000,0 days 00:00:29.603000,0 days 00:00:26.200000,0 days 01:39:34.347000,0 days 01:40:03.950000,0 days 01:40:30.150000,275.0,242.0,,282.0,False,MEDIUM,31.0,True,McLaren,0 days 01:39:04.564000,,1,2.0,,,False,False,2025,14
0 days 01:42:10.090000,NOR,4,0 days 00:01:39.959000,32.0,2.0,0 days 01:40:49.303000,,0 days 00:00:47.448000,0 days 00:00:29.537000,0 days 00:00:22.974000,0 days 01:41:17.598000,0 days 01:41:47.135000,0 days 01:42:10.109000,273.0,238.0,246.0,282.0,False,HARD,2.0,False,McLaren,0 days 01:40:30.131000,,1,4.0,,,False,False,2025,14
0 days 01:22:37.139000,PIA,81,0 days 00:01:24.668000,18.0,1.0,,0 days 01:22:35.491000,0 days 00:00:29.711000,0 days 00:00:29.249000,0 days 00:00:25.708000,0 days 01:21:42.207000,0 days 01:22:11.456000,0 days 01:22:37.164000,274.0,241.0,,284.0,False,MEDIUM,18.0,True,McLaren,0 days 01:21:12.471000,,1,2.0,,,False,False,2025,14
0 days 01:24:16.053000,PIA,81,0 days 00:01:38.914000,19.0,2.0,0 days 01:22:56.632000,,0 days 00:00:47.735000,0 days 00:00:28.718000,0 days 00:00:22.461000,0 days 01:23:24.899000,0 days 01:23:53.617000,0 days 01:24:16.078000,271.0,244.0,248.0,284.0,False,HARD,2.0,False,McLaren,0 days 01:22:37.139000,,1,5.0,,,False,False,2025,14
0 days 01:59:33.521000,PIA,81,0 days 00:01:23.987000,45.0,2.0,,0 days 01:59:31.787000,0 days 00:00:29.522000,0 days 00:00:29.144000,0 days 00:00:25.321000,0 days 01:58:39.081000,0 days 01:59:08.225000,0 days 01:59:33.546000,272.0,245.0,,288.0,False,HARD,28.0,False,McLaren,0 days 01:58:09.534000,,1,1.0,,,False,False,2025,14
0 days 02:01:11.419000,PIA,81,0 days 00:01:37.898000,46.0,3.0,0 days 01:59:52.792000,,0 days 00:00:47.090000,0 days 00:00:28.466000,0 days 00:00:22.342000,0 days 02:00:20.636000,0 days 02:00:49.102000,0 days 02:01:11.444000,274.0,248.0,250.0,288.0,False,HARD,1.0,True,McLaren,0 days 01:59:33.521000,,1,3.0,,,False,False,2025,14
0 days 01:24:03.289000,RUS,63,0 days 00:01:24.726000,19.0,1.0,,0 days 01:24:01.661000,0 days 00:00:29.698000,0 days 00:00:29.414000,0 days 00:00:25.614000,0 days 01:23:08.261000,0 days 01:23:37.675000,0 days 01:24:03.289000,276.0,243.0,,287.0,False,MEDIUM,19.0,True,Mercedes,0 days 01:22:38.563000,,1,3.0,,,False,False,2025,14
0 days 01:25:43.129000,RUS,63,0 days 00:01:39.840000,20.0,2.0,0 days 01:24:23.262000,,0 days 00:00:47.872000,0 days 00:00:28.907000,0 days 00:00:23.061000,0 days 01:24:51.161000,0 days 01:25:20.068000,0 days 01:25:43.129000,279.0,242.0,253.0,287.0,False,HARD,1.0,True,Mercedes,0 days 01:24:03.289000,,1,6.0,,,False,False,2025,14
0 days 01:57:00.321000,RUS,63,0 days 00:01:24.284000,43.0,2.0,,0 days 01:56:58.551000,0 days 00:00:29.480000,0 days 00:00:29.289000,0 days 00:00:25.515000,0 days 01:56:05.517000,0 days 01:56:34.806000,0 days 01:57:00.321000,276.0,247.0,,293.0,False,HARD,24.0,True,Mercedes,0 days 01:55:36.037000,,1,3.0,,,False,False,2025,14
0 days 01:58:38.792000,RUS,63,0 days 00:01:38.471000,44.0,3.0,0 days 01:57:20.131000,,0 days 00:00:47.699000,0 days 00:00:28.529000,0 days 00:00:22.243000,0 days 01:57:48.020000,0 days 01:58:16.549000,0 days 01:58:38.792000,278.0,247.0,252.0,293.0,False,HARD,1.0,True,Mercedes,0 days 01:57:00.321000,,1,4.0,,,False,False,2025,14
0 days 01:23:56.831000,LEC,16,0 days 00:01:24.552000,19.0,1.0,,0 days 01:23:55.108000,0 days 00:00:29.580000,0 days 00:00:29.137000,0 days 00:00:25.835000,0 days 01:23:01.871000,0 days 01:23:31.008000,0 days 01:23:56.843000,278.0,243.0,,285.0,False,MEDIUM,19.0,True,Ferrari,0 days 01:22:32.279000,,1,1.0,,,False,False,2025,14
0 days 01:25:35.914000,LEC,16,0 days 00:01:39.083000,20.0,2.0,0 days 01:24:16.388000,,0 days 00:00:47.529000,0 days 00:00:28.780000,0 days 00:00:22.774000,0 days 01:24:44.372000,0 days 01:25:13.152000,0 days 01:25:35.926000,276.0,247.0,254.0,285.0,False,HARD,1.0,True,Ferrari,0 days 01:23:56.831000,,1,3.0,,,False,False,2025,14
0 days 01:52:45.075000,LEC,16,0 days 00:01:24.018000,40.0,2.0,,0 days 01:52:43.334000,0 days 00:00:29.462000,0 days 00:00:28.983000,0 days 00:00:25.573000,0 days 01:51:50.531000,0 days 01:52:19.514000,0 days 01:52:45.087000,272.0,248.0,,286.0,False,HARD,21.0,True,Ferrari,0 days 01:51:21.057000,,1,2.0,,,False,False,2025,14
0 days 01:54:23.060000,LEC,16,0 days 00:01:37.985000,41.0,3.0,0 days 01:53:04.482000,,0 days 00:00:46.959000,0 days 00:00:28.318000,0 days 00:00:22.708000,0 days 01:53:32.046000,0 days 01:54:00.364000,0 days 01:54:23.072000,271.0,249.0,250.0,286.0,False,HARD,1.0,True,Ferrari,0 days 01:52:45.075000,,1,4.0,,,False,False,2025,14
0 days 01:51:57.116000,ALO,14,0 days 00:01:26.440000,39.0,1.0,,0 days 01:51:55.472000,0 days 00:00:29.931000,0 days 00:00:29.981000,0 days 00:00:26.528000,0 days 01:51:00.631000,0 days 01:51:30.612000,0 days 01:51:57.140000,274.0,241.0,,284.0,False,MEDIUM,40.0,False,Aston Martin,0 days 01:50:30.676000,,1,5.0,,,False,False,2025,14
0 days 01:53:38.815000,ALO,14,0 days 00:01:41.699000,40.0,2.0,0 days 01:52:17.779000,,0 days 00:00:48.654000,0 days 00:00:29.775000,0 days 00:00:23.270000,0 days 01:52:45.794000,0 days 01:53:15.569000,0 days 01:53:38.839000,273.0,237.0,246.0,284.0,False,HARD,2.0,False,Aston Martin,0 days 01:51:57.116000,,1,8.0,,,False,False,2025,14
0 days 01:53:25.230000,BOR,5,0 days 00:01:25.253000,40.0,1.0,,0 days 01:53:23.492000,0 days 00:00:29.735000,0 days 00:00:29.679000,0 days 00:00:25.839000,0 days 01:52:29.743000,0 days 01:52:59.422000,0 days 01:53:25.261000,275.0,234.0,,284.0,False,MEDIUM,40.0,True,Kick Sauber,0 days 01:51:59.977000,,1,5.0,,,False,False,2025,14
0 days 01:55:05.413000,BOR,5,0 days 00:01:40.183000,41.0,2.0,0 days 01:53:45.359000,,0 days 00:00:48.443000,0 days 00:00:29.014000,0 days 00:00:22.726000,0 days 01:54:13.704000,0 days 01:54:42.718000,0 days 01:55:05.444000,274.0,242.0,247.0,284.0,False,HARD,1.0,True,Kick Sauber,0 days 01:53:25.230000,,1,8.0,,,False,False,2025,14
0 days 01:48:00.538000,STR,18,0 days 00:01:26.688000,36.0,1.0,,0 days 01:47:58.780000,0 days 00:00:30.149000,0 days 00:00:30.005000,0 days 00:00:26.534000,0 days 01:47:04.026000,0 days 01:47:34.031000,0 days 01:48:00.565000,277.0,239.0,,285.0,False,MEDIUM,37.0,False,Aston Martin,0 days 01:46:33.850000,,1,8.0,,,False,False,2025,14
0 days 01:49:39.928000,STR,18,0 days 00:01:39.390000,37.0,2.0,0 days 01:48:20.292000,,0 days 00:00:47.529000,0 days 00:00:29.072000,0 days 00:00:22.789000,0 days 01:48:48.094000,0 days 01:49:17.166000,0 days 01:49:39.955000,277.0,241.0,248.0,285.0,False,HARD,2.0,False,Aston Martin,0 days 01:48:00.538000,,1,12.0,,,False,False,2025,14
0 days 01:53:31.118000,LAW,30,0 days 00:01:25.076000,40.0,1.0,,0 days 01:53:29.437000,0 days 00:00:29.606000,0 days 00:00:29.645000,0 days 00:00:25.825000,0 days 01:52:35.670000,0 days 01:53:05.315000,0 days 01:53:31.140000,277.0,239.0,,285.0,False,MEDIUM,40.0,True,Racing Bulls,0 days 01:52:06.042000,,1,7.0,,,False,False,2025,14
0 days 01:55:12.352000,LAW,30,0 days 00:01:41.234000,41.0,2.0,0 days 01:53:51.624000,,0 days 00:00:48.697000,0 days 00:00:29.643000,0 days 00:00:22.894000,0 days 01:54:19.837000,0 days 01:54:49.480000,0 days 01:55:12.374000,278.0,239.0,246.0,285.0,False,HARD,1.0,True,Racing Bulls,0 days 01:53:31.118000,,1,12.0,,,False,False,2025,14
0 days 01:21:37.044000,VER,1,0 days 00:01:25.556000,17.0,1.0,,0 days 01:21:35.516000,0 days 00:00:29.855000,0 days 00:00:29.742000,0 days 00:00:25.959000,0 days 01:20:41.355000,0 days 01:21:11.097000,0 days 01:21:37.056000,277.0,242.0,,285.0,False,MEDIUM,17.0,True,Red Bull Racing,0 days 01:20:11.488000,,1,8.0,,,False,False,2025,14
0 days 01:23:16.296000,VER,1,0 days 00:01:39.252000,18.0,2.0,0 days 01:21:56.735000,,0 days 00:00:47.735000,0 days 00:00:28.820000,0 days 00:00:22.697000,0 days 01:22:24.791000,0 days 01:22:53.611000,0 days 01:23:16.308000,274.0,246.0,244.0,285.0,False,HARD,1.0,True,Red Bull Racing,0 days 01:21:37.044000,,1,16.0,,,False,False,2025,14
0 days 02:04:27.640000,VER,1,0 days 00:01:24.338000,48.0,2.0,,0 days 02:04:25.971000,0 days 00:00:29.525000,0 days 00:00:29.056000,0 days 00:00:25.757000,0 days 02:03:32.839000,0 days 02:04:01.895000,0 days 02:04:27.652000,277.0,248.0,,285.0,False,HARD,31.0,True,Red Bull Racing,0 days 02:03:03.302000,,1,5.0,,,False,False,2025,14
0 days 02:06:05.757000,VER,1,0 days 00:01:38.117000,49.0,3.0,0 days 02:04:47.245000,,0 days 00:00:47.297000,0 days 00:00:28.288000,0 days 00:00:22.532000,0 days 02:05:14.949000,0 days 02:05:43.237000,0 days 02:06:05.769000,276.0,250.0,248.0,285.0,False,HARD,1.0,True,Red Bull Racing,0 days 02:04:27.640000,,1,9.0,,,False,False,2025,14
0 days 01:27:19.997000,ANT,12,0 days 00:01:26.348000,21.0,1.0,,0 days 01:27:18.371000,0 days 00:00:29.734000,0 days 00:00:30.354000,0 days 00:00:26.260000,0 days 01:26:23.399000,0 days 01:26:53.753000,0 days 01:27:20.013000,278.0,239.0,,307.0,False,MEDIUM,21.0,True,Mercedes,0 days 01:25:53.649000,,1,12.0,,,False,False,2025,14
0 days 01:29:03.209000,ANT,12,0 days 00:01:43.212000,22.0,2.0,0 days 01:27:40.559000,,0 days 00:00:50.443000,0 days 00:00:29.793000,0 days 00:00:22.976000,0 days 01:28:10.456000,0 days 01:28:40.249000,0 days 01:29:03.225000,274.0,241.0,248.0,307.0,False,HARD,1.0,True,Mercedes,0 days 01:27:19.997000,,1,19.0,,,False,False,2025,14
0 days 01:44:05.141000,HAD,6,0 days 00:01:25.543000,33.0,1.0,,0 days 01:44:03.461000,0 days 00:00:29.852000,0 days 00:00:29.785000,0 days 00:00:25.906000,0 days 01:43:09.475000,0 days 01:43:39.260000,0 days 01:44:05.166000,277.0,242.0,,285.0,False,MEDIUM,33.0,True,Racing Bulls,0 days 01:42:39.598000,,1,11.0,,,False,False,2025,14
0 days 01:45:44.790000,HAD,6,0 days 00:01:39.649000,34.0,2.0,0 days 01:44:24.585000,,0 days 00:00:47.408000,0 days 00:00:29.298000,0 days 00:00:22.943000,0 days 01:44:52.574000,0 days 01:45:21.872000,0 days 01:45:44.815000,275.0,239.0,244.0,285.0,False,HARD,1.0,True,Racing Bulls,0 days 01:44:05.141000,,1,19.0,,,False,False,2025,14
0 days 01:56:29.465000,HAM,44,0 days 00:01:25.996000,42.0,1.0,,0 days 01:56:27.717000,0 days 00:00:30.029000,0 days 00:00:29.869000,0 days 00:00:26.098000,0 days 01:55:33.515000,0 days 01:56:03.384000,0 days 01:56:29.482000,279.0,237.0,,288.0,False,HARD,42.0,True,Ferrari,0 days 01:55:03.469000,,1,9.0,,,False,False,2025,14
0 days 01:58:11.009000,HAM,44,0 days 00:01:41.544000,43.0,2.0,0 days 01:56:48.847000,,0 days 00:00:48.890000,0 days 00:00:29.819000,0 days 00:00:22.835000,0 days 01:57:18.372000,0 days 01:57:48.191000,0 days 01:58:11.026000,274.0,238.0,249.0,288.0,False,MEDIUM,1.0,True,Ferrari,0 days 01:56:29.465000,,1,16.0,,,False,False,2025,14
0 days 01:05:04.444000,HUL,27,0 days 00:01:26.448000,5.0,1.0,,0 days 01:05:02.803000,0 days 00:00:29.909000,0 days 00:00:30.585000,0 days 00:00:25.954000,0 days 01:04:07.927000,0 days 01:04:38.512000,0 days 01:05:04.466000,276.0,236.0,,307.0,False,SOFT,5.0,True,Kick Sauber,0 days 01:03:37.996000,,1,20.0,,,False,False,2025,14
0 days 01:06:44.662000,HUL,27,0 days 00:01:40.218000,6.0,2.0,0 days 01:05:24.403000,,0 days 00:00:47.852000,0 days 00:00:29.479000,0 days 00:00:22.887000,0 days 01:05:52.318000,0 days 01:06:21.797000,0 days 01:06:44.684000,274.0,238.0,246.0,307.0,False,MEDIUM,1.0,True,Kick Sauber,0 days 01:05:04.444000,,1,20.0,,,False,False,2025,14
0 days 01:55:11.182000,HUL,27,0 days 00:01:26.922000,41.0,2.0,,0 days 01:55:09.502000,0 days 00:00:30.338000,0 days 00:00:30.458000,0 days 00:00:26.126000,0 days 01:54:14.620000,0 days 01:54:45.078000,0 days 01:55:11.204000,280.0,238.0,,288.0,False,MEDIUM,36.0,True,Kick Sauber,0 days 01:53:44.260000,,1,11.0,,,False,False,2025,14
0 days 01:56:59.752000,HUL,27,0 days 00:01:48.570000,42.0,3.0,0 days 01:55:38.445000,,0 days 00:00:55.454000,0 days 00:00:30.091000,0 days 00:00:23.025000,0 days 01:56:06.658000,0 days 01:56:36.749000,0 days 01:56:59.774000,272.0,239.0,249.0,288.0,False,MEDIUM,1.0,True,Kick Sauber,0 days 01:55:11.182000,,1,19.0,,,False,False,2025,14
0 days 01:18:57.441000,SAI,55,0 days 00:01:26.131000,15.0,1.0,,0 days 01:18:55.643000,0 days 00:00:30.046000,0 days 00:00:30.141000,0 days 00:00:25.944000,0 days 01:18:01.376000,0 days 01:18:31.517000,0 days 01:18:57.461000,274.0,238.0,,291.0,False,SOFT,15.0,True,Williams,0 days 01:17:31.310000,,1,14.0,,,False,False,2025,14
0 days 01:20:37.286000,SAI,55,0 days 00:01:39.845000,16.0,2.0,0 days 01:19:17.377000,,0 days 00:00:47.897000,0 days 00:00:29.183000,0 days 00:00:22.765000,0 days 01:19:45.358000,0 days 01:20:14.541000,0 days 01:20:37.306000,270.0,240.0,247.0,291.0,False,HARD,1.0,True,Williams,0 days 01:18:57.441000,,1,17.0,,,False,False,2025,14
0 days 02:09:02.756000,SAI,55,0 days 00:01:25.648000,51.0,2.0,,0 days 02:09:01.002000,0 days 00:00:29.946000,0 days 00:00:29.859000,0 days 00:00:25.843000,0 days 02:08:07.074000,0 days 02:08:36.933000,0 days 02:09:02.776000,277.0,238.0,,288.0,False,HARD,36.0,True,Williams,0 days 02:07:37.108000,,1,14.0,,,False,False,2025,14
0 days 02:10:41.401000,SAI,55,0 days 00:01:38.645000,52.0,3.0,0 days 02:09:22.625000,,0 days 00:00:47.555000,0 days 00:00:28.695000,0 days 00:00:22.395000,0 days 02:09:50.331000,0 days 02:10:19.026000,0 days 02:10:41.421000,280.0,247.0,256.0,288.0,False,MEDIUM,1.0,True,Williams,0 days 02:09:02.756000,,1,18.0,,,False,False,2025,14
0 days 01:17:36.954000,ALB,23,0 days 00:01:26.232000,14.0,1.0,,0 days 01:17:35.258000,0 days 00:00:29.653000,0 days 00:00:30.288000,0 days 00:00:26.291000,0 days 01:16:40.390000,0 days 01:17:10.678000,0 days 01:17:36.969000,278.0,238.0,,305.0,False,SOFT,14.0,True,Williams,0 days 01:16:10.722000,,1,17.0,,,False,False,2025,14
0 days 01:19:17.463000,ALB,23,0 days 00:01:40.509000,15.0,2.0,0 days 01:17:56.550000,,0 days 00:00:48.152000,0 days 00:00:29.632000,0 days 00:00:22.725000,0 days 01:18:25.121000,0 days 01:18:54.753000,0 days 01:19:17.478000,271.0,239.0,246.0,305.0,False,MEDIUM,1.0,True,Williams,0 days 01:17:36.954000,,1,18.0,,,False,False,2025,14
0 days 01:51:07.577000,ALB,23,0 days 00:01:25.277000,38.0,2.0,,0 days 01:51:05.941000,0 days 00:00:29.798000,0 days 00:00:29.692000,0 days 00:00:25.787000,0 days 01:50:12.113000,0 days 01:50:41.805000,0 days 01:51:07.592000,278.0,242.0,,286.0,False,MEDIUM,24.0,True,Williams,0 days 01:49:42.300000,,1,15.0,,,False,False,2025,14
0 days 01:52:48.990000,ALB,23,0 days 00:01:41.413000,39.0,3.0,0 days 01:51:28.648000,,0 days 00:00:49.218000,0 days 00:00:29.412000,0 days 00:00:22.783000,0 days 01:51:56.810000,0 days 01:52:26.222000,0 days 01:52:49.005000,273.0,242.0,249.0,286.0,False,HARD,1.0,True,Williams,0 days 01:51:07.577000,,1,18.0,,,False,False,2025,14
0 days 01:17:36.228000,OCO,31,0 days 00:01:26.259000,14.0,1.0,,0 days 01:17:34.555000,0 days 00:00:29.765000,0 days 00:00:30.156000,0 days 00:00:26.338000,0 days 01:16:39.752000,0 days 01:17:09.908000,0 days 01:17:36.246000,278.0,240.0,,306.0,False,MEDIUM,14.0,True,Haas F1 Team,0 days 01:16:09.969000,,1,16.0,,,False,False,2025,14
0 days 01:19:18.558000,OCO,31,0 days 00:01:42.330000,15.0,2.0,0 days 01:17:56.971000,,0 days 00:00:49.468000,0 days 00:00:29.989000,0 days 00:00:22.873000,0 days 01:18:25.714000,0 days 01:18:55.703000,0 days 01:19:18.576000,275.0,239.0,247.0,306.0,False,HARD,1.0,True,Haas F1 Team,0 days 01:17:36.228000,,1,19.0,,,False,False,2025,14
0 days 00:59:25.957000,TSU,22,0 days 00:01:37.737000,1.0,1.0,0 days 00:57:59.502000,,,0 days 00:00:31.870000,0 days 00:00:24.586000,,0 days 00:59:01.489000,0 days 00:59:26.166000,252.0,233.0,246.0,,False,MEDIUM,1.0,True,Red Bull Racing,0 days 00:57:47.946000,,1,20.0,,,False,False,2025,14
0 days 01:26:03.875000,TSU,22,0 days 00:01:28.115000,20.0,1.0,,0 days 01:26:02.289000,0 days 00:00:30.579000,0 days 00:00:30.377000,0 days 00:00:27.159000,0 days 01:25:06.362000,0 days 01:25:36.739000,0 days 01:26:03.898000,280.0,238.0,,286.0,False,MEDIUM,20.0,True,Red Bull Racing,0 days 01:24:35.760000,,1,16.0,,,False,False,2025,14
0 days 01:27:44.712000,TSU,22,0 days 00:01:40.837000,21.0,2.0,0 days 01:26:23.617000,,0 days 00:00:48.203000,0 days 00:00:29.674000,0 days 00:00:22.960000,0 days 01:26:52.101000,0 days 01:27:21.775000,0 days 01:27:44.735000,270.0,241.0,246.0,286.0,False,SOFT,1.0,True,Red Bull Racing,0 days 01:26:03.875000,,1,20.0,,,False,False,2025,14
0 days 01:49:48.297000,TSU,22,0 days 00:01:25.309000,37.0,2.0,,0 days 01:49:46.580000,0 days 00:00:29.853000,0 days 00:00:29.588000,0 days 00:00:25.868000,0 days 01:48:52.864000,0 days 01:49:22.452000,0 days 01:49:48.320000,281.0,240.0,,288.0,False,SOFT,17.0,True,Red Bull Racing,0 days 01:48:22.988000,,1,16.0,,,False,False,2025,14
0 days 01:51:28.884000,TSU,22,0 days 00:01:40.587000,38.0,3.0,0 days 01:50:08.125000,,0 days 00:00:48.125000,0 days 00:00:29.423000,0 days 00:00:23.039000,0 days 01:50:36.445000,0 days 01:51:05.868000,0 days 01:51:28.907000,276.0,242.0,248.0,288.0,False,HARD,1.0,True,Red Bull Racing,0 days 01:49:48.297000,,1,19.0,,,False,False,2025,14
0 days 01:16:14.718000,COL,43,0 days 00:01:25.901000,13.0,1.0,,0 days 01:16:13.022000,0 days 00:00:29.694000,0 days 00:00:30.153000,0 days 00:00:26.054000,0 days 01:15:18.567000,0 days 01:15:48.720000,0 days 01:16:14.774000,277.0,241.0,,305.0,False,MEDIUM,13.0,True,Alpine,0 days 01:14:48.817000,,1,19.0,,,False,False,2025,14
0 days 01:18:04.854000,COL,43,0 days 00:01:50.136000,14.0,2.0,0 days 01:16:43.227000,,0 days 00:00:57.391000,0 days 00:00:29.630000,0 days 00:00:23.115000,0 days 01:17:12.165000,0 days 01:17:41.795000,0 days 01:18:04.910000,267.0,238.0,244.0,305.0,False,HARD,1.0,True,Alpine,0 days 01:16:14.718000,,1,20.0,,,False,False,2025,14
0 days 01:47:00.313000,COL,43,0 days 00:01:25.606000,35.0,2.0,,0 days 01:46:58.633000,0 days 00:00:30.022000,0 days 00:00:29.756000,0 days 00:00:25.828000,0 days 01:46:04.785000,0 days 01:46:34.541000,0 days 01:47:00.369000,274.0,244.0,,289.0,False,HARD,22.0,True,Alpine,0 days 01:45:34.707000,,1,17.0,,,False,False,2025,14
0 days 01:48:45.807000,COL,43,0 days 00:01:45.494000,36.0,3.0,0 days 01:47:24.867000,,0 days 00:00:52.929000,0 days 00:00:29.731000,0 days 00:00:22.834000,0 days 01:47:53.298000,0 days 01:48:23.029000,0 days 01:48:45.863000,271.0,242.0,248.0,289.0,False,HARD,1.0,True,Alpine,0 days 01:47:00.313000,,1,20.0,,,False,False,2025,14
0 days 01:42:45.420000,GAS,10,0 days 00:01:26.192000,32.0,1.0,,0 days 01:42:43.804000,0 days 00:00:29.942000,0 days 00:00:30.325000,0 days 00:00:25.925000,0 days 01:41:49.198000,0 days 01:42:19.523000,0 days 01:42:45.448000,276.0,236.0,,287.0,False,HARD,32.0,True,Alpine,0 days 01:41:19.228000,,1,15.0,,,False,False,2025,14
0 days 01:44:25.563000,GAS,10,0 days 00:01:40.143000,33.0,2.0,0 days 01:43:05.392000,,0 days 00:00:47.983000,0 days 00:00:29.455000,0 days 00:00:22.705000,0 days 01:43:33.431000,0 days 01:44:02.886000,0 days 01:44:25.591000,273.0,241.0,248.0,287.0,False,MEDIUM,1.0,True,Alpine,0 days 01:42:45.420000,,1,20.0,,,False,False,2025,14
0 days 01:39:53.852000,BEA,87,0 days 00:01:26.031000,30.0,1.0,,0 days 01:39:52.305000,0 days 00:00:30.029000,0 days 00:00:29.952000,0 days 00:00:26.050000,0 days 01:38:57.867000,0 days 01:39:27.819000,0 days 01:39:53.869000,271.0,239.0,,286.0,False,MEDIUM,30.0,True,Haas F1 Team,0 days 01:38:27.821000,,1,11.0,,,False,False,2025,14
0 days 01:41:34.587000,BEA,87,0 days 00:01:40.735000,31.0,2.0,0 days 01:40:14.019000,,0 days 00:00:48.560000,0 days 00:00:29.337000,0 days 00:00:22.838000,0 days 01:40:42.429000,0 days 01:41:11.766000,0 days 01:41:34.604000,272.0,242.0,246.0,286.0,False,HARD,1.0,True,Haas F1 Team,0 days 01:39:53.852000,,1,20.0,,,False,False,2025,14
0 days 02:05:07.969000,BEA,87,0 days 00:01:29.720000,48.0,2.0,,0 days 02:05:06.251000,0 days 00:00:30.043000,0 days 00:00:32.193000,0 days 00:00:27.484000,0 days 02:04:08.309000,0 days 02:04:40.502000,0 days 02:05:07.986000,276.0,233.0,,291.0,False,HARD,18.0,True,Haas F1 Team,0 days 02:03:38.249000,,1,19.0,,,False,False,2025,14
0 days 01:26:03.952000,VER,1,0 days 00:01:30.929000,23.0,1.0,,0 days 01:26:02.731000,0 days 00:00:25.650000,0 days 00:00:33.518000,0 days 00:00:31.761000,0 days 01:24:58.689000,0 days 01:25:32.207000,0 days 01:26:03.968000,285.0,213.0,,296.0,False,SOFT,23.0,True,Red Bull Racing,0 days 01:24:33.023000,,124,3.0,,,False,False,2025,15
0 days 01:28:02.455000,VER,1,0 days 00:01:58.503000,24.0,2.0,0 days 01:26:21.478000,,0 days 00:00:54.152000,0 days 00:00:34.189000,0 days 00:00:30.162000,0 days 01:26:58.120000,0 days 01:27:32.309000,0 days 01:28:02.471000,257.0,123.0,231.0,296.0,False,MEDIUM,1.0,True,Red Bull Racing,0 days 01:26:03.952000,,4,3.0,,,False,False,2025,15
0 days 02:06:10.322000,VER,1,0 days 00:01:27.371000,53.0,2.0,,0 days 02:06:09.146000,0 days 00:00:25.273000,0 days 00:00:29.225000,0 days 00:00:32.873000,0 days 02:05:08.240000,0 days 02:05:37.465000,0 days 02:06:10.338000,286.0,100.0,,299.0,False,MEDIUM,30.0,True,Red Bull Racing,0 days 02:04:42.951000,,124,3.0,,,False,False,2025,15
0 days 02:08:08.921000,VER,1,0 days 00:01:58.599000,54.0,3.0,0 days 02:06:27.414000,,0 days 00:00:54.943000,0 days 00:00:30.112000,0 days 00:00:33.544000,0 days 02:07:05.281000,0 days 02:07:35.393000,0 days 02:08:08.937000,265.0,244.0,237.0,299.0,False,SOFT,4.0,False,Red Bull Racing,0 days 02:06:10.322000,,4,3.0,,,False,False,2025,15
0 days 01:26:41.117000,GAS,10,0 days 00:01:41.559000,23.0,1.0,,0 days 01:26:39.992000,0 days 00:00:32.800000,0 days 00:00:35.441000,0 days 00:00:33.318000,0 days 01:25:32.419000,0 days 01:26:07.860000,0 days 01:26:41.178000,259.0,175.0,,299.0,False,MEDIUM,23.0,True,Alpine,0 days 01:24:59.558000,,124,11.0,,,False,False,2025,15
0 days 01:28:41.405000,GAS,10,0 days 00:02:00.288000,24.0,2.0,0 days 01:26:59.169000,,0 days 00:00:53.476000,0 days 00:00:33.386000,0 days 00:00:33.426000,0 days 01:27:34.654000,0 days 01:28:08.040000,0 days 01:28:41.466000,260.0,213.0,249.0,299.0,False,HARD,1.0,True,Alpine,0 days 01:26:41.117000,,4,16.0,,,False,False,2025,15
0 days 01:26:34.679000,ANT,12,0 days 00:01:40.206000,23.0,1.0,,0 days 01:26:33.466000,0 days 00:00:31.614000,0 days 00:00:35.848000,0 days 00:00:32.744000,0 days 01:25:26.107000,0 days 01:26:01.955000,0 days 01:26:34.699000,158.0,222.0,,299.0,False,MEDIUM,23.0,True,Mercedes,0 days 01:24:54.473000,,124,10.0,,,False,False,2025,15
0 days 01:28:31.736000,ANT,12,0 days 00:01:57.057000,24.0,2.0,0 days 01:26:51.056000,,0 days 00:00:50.193000,0 days 00:00:35.002000,0 days 00:00:31.862000,0 days 01:27:24.892000,0 days 01:27:59.894000,0 days 01:28:31.756000,243.0,233.0,211.0,299.0,False,HARD,1.0,True,Mercedes,0 days 01:26:34.679000,,4,11.0,,,False,False,2025,15
0 days 02:03:37.913000,ANT,12,0 days 00:01:17.187000,51.0,2.0,,0 days 02:03:36.713000,0 days 00:00:25.240000,0 days 00:00:27.088000,0 days 00:00:24.859000,0 days 02:02:45.986000,0 days 02:03:13.074000,0 days 02:03:37.933000,287.0,269.0,,301.0,False,HARD,28.0,True,Mercedes,0 days 02:02:20.726000,,1,6.0,,,False,False,2025,15
0 days 02:05:06.980000,ANT,12,0 days 00:01:29.067000,52.0,3.0,0 days 02:03:54.348000,,0 days 00:00:41.006000,0 days 00:00:26.015000,0 days 00:00:22.046000,0 days 02:04:18.939000,0 days 02:04:44.954000,0 days 02:05:07,285.0,270.0,297.0,301.0,False,SOFT,1.0,True,Mercedes,0 days 02:03:37.913000,,1,8.0,,,False,False,2025,15
0 days 02:06:52.139000,ANT,12,0 days 00:01:45.159000,53.0,3.0,,0 days 02:06:50.735000,0 days 00:00:27.470000,0 days 00:00:39.780000,0 days 00:00:37.909000,0 days 02:05:34.470000,0 days 02:06:14.250000,0 days 02:06:52.159000,180.0,150.0,,303.0,False,SOFT,2.0,True,Mercedes,0 days 02:05:06.980000,,124,7.0,,,False,False,2025,15
0 days 02:08:50.614000,ANT,12,0 days 00:01:58.475000,54.0,4.0,0 days 02:07:12.097000,,0 days 00:00:55.102000,0 days 00:00:33.128000,0 days 00:00:30.245000,0 days 02:07:47.261000,0 days 02:08:20.389000,0 days 02:08:50.634000,250.0,221.0,219.0,303.0,False,SOFT,4.0,False,Mercedes,0 days 02:06:52.139000,,4,7.0,,,False,False,2025,15
0 days 01:19:50.825000,ALO,14,0 days 00:01:19.636000,18.0,1.0,,0 days 01:19:49.704000,0 days 00:00:25.995000,0 days 00:00:27.991000,0 days 00:00:25.650000,0 days 01:18:57.195000,0 days 01:19:25.186000,0 days 01:19:50.836000,289.0,276.0,,325.0,False,MEDIUM,18.0,True,Aston Martin,0 days 01:18:31.189000,,1,14.0,,,False,False,2025,15
0 days 01:21:21.262000,ALO,14,0 days 00:01:30.437000,19.0,2.0,0 days 01:20:07.085000,,0 days 00:00:41.609000,0 days 00:00:26.287000,0 days 00:00:22.541000,0 days 01:20:32.445000,0 days 01:20:58.732000,0 days 01:21:21.273000,284.0,266.0,298.0,325.0,False,HARD,1.0,True,Aston Martin,0 days 01:19:50.825000,,1,20.0,,,False,False,2025,15
0 days 01:50:09.932000,ALO,14,0 days 00:01:19.102000,40.0,2.0,,0 days 01:50:08.759000,0 days 00:00:26.232000,0 days 00:00:27.285000,0 days 00:00:25.585000,0 days 01:49:17.073000,0 days 01:49:44.358000,0 days 01:50:09.943000,289.0,281.0,,306.0,False,HARD,22.0,True,Aston Martin,0 days 01:48:50.830000,,1,16.0,,,False,False,2025,15
0 days 01:51:39.238000,ALO,14,0 days 00:01:29.306000,41.0,3.0,0 days 01:50:26.661000,,0 days 00:00:41.422000,0 days 00:00:25.718000,0 days 00:00:22.166000,0 days 01:50:51.365000,0 days 01:51:17.083000,0 days 01:51:39.249000,285.0,268.0,296.0,306.0,False,HARD,1.0,True,Aston Martin,0 days 01:50:09.932000,,1,17.0,,,False,False,2025,15
0 days 01:24:39.325000,LEC,16,0 days 00:01:19.330000,22.0,1.0,,0 days 01:24:38.172000,0 days 00:00:26.176000,0 days 00:00:27.802000,0 days 00:00:25.352000,0 days 01:23:46.214000,0 days 01:24:14.016000,0 days 01:24:39.368000,286.0,266.0,,305.0,False,MEDIUM,22.0,True,Ferrari,0 days 01:23:19.995000,,1,6.0,,,False,False,2025,15
0 days 01:26:32.101000,LEC,16,0 days 00:01:52.776000,23.0,2.0,0 days 01:24:55.321000,,0 days 00:00:44.281000,0 days 00:00:36.531000,0 days 00:00:31.964000,0 days 01:25:23.649000,0 days 01:26:00.180000,0 days 01:26:32.144000,130.0,220.0,198.0,305.0,False,HARD,2.0,False,Ferrari,0 days 01:24:39.325000,,124,9.0,,,False,False,2025,15
0 days 02:04:51.320000,LEC,16,0 days 00:01:17.659000,52.0,2.0,,0 days 02:04:50.148000,0 days 00:00:25.473000,0 days 00:00:26.888000,0 days 00:00:25.298000,0 days 02:03:59.177000,0 days 02:04:26.065000,0 days 02:04:51.363000,285.0,269.0,,301.0,False,HARD,31.0,False,Ferrari,0 days 02:03:33.661000,,1,5.0,,,False,False,2025,15
0 days 01:07:05.401000,STR,18,0 days 00:01:19.763000,8.0,1.0,,0 days 01:07:04.159000,0 days 00:00:26.103000,0 days 00:00:27.744000,0 days 00:00:25.916000,0 days 01:06:11.751000,0 days 01:06:39.495000,0 days 01:07:05.411000,287.0,277.0,,310.0,False,MEDIUM,8.0,True,Aston Martin,0 days 01:05:45.638000,,1,20.0,,,False,False,2025,15
0 days 01:08:36.943000,STR,18,0 days 00:01:31.542000,9.0,2.0,0 days 01:07:21.836000,,0 days 00:00:42.282000,0 days 00:00:26.437000,0 days 00:00:22.823000,0 days 01:07:47.693000,0 days 01:08:14.130000,0 days 01:08:36.953000,281.0,266.0,295.0,310.0,False,HARD,1.0,True,Aston Martin,0 days 01:07:05.401000,,1,20.0,,,False,False,2025,15
0 days 02:05:25.076000,STR,18,0 days 00:01:19.702000,52.0,2.0,,0 days 02:05:23.834000,0 days 00:00:26.052000,0 days 00:00:27.774000,0 days 00:00:25.876000,0 days 02:04:31.436000,0 days 02:04:59.210000,0 days 02:05:25.086000,273.0,268.0,,304.0,False,HARD,44.0,True,Aston Martin,0 days 02:04:05.374000,,12,10.0,,,False,False,2025,15
0 days 02:07:22.322000,STR,18,0 days 00:01:57.246000,53.0,3.0,0 days 02:05:41.526000,,0 days 00:01:01.255000,0 days 00:00:28.330000,0 days 00:00:27.661000,0 days 02:06:26.341000,0 days 02:06:54.671000,0 days 02:07:22.332000,142.0,270.0,233.0,304.0,False,HARD,1.0,True,Aston Martin,0 days 02:05:25.076000,,24,15.0,,,False,False,2025,15
0 days 01:21:07.150000,TSU,22,0 days 00:01:20.019000,19.0,1.0,,0 days 01:21:05.976000,0 days 00:00:26.257000,0 days 00:00:27.971000,0 days 00:00:25.791000,0 days 01:20:13.420000,0 days 01:20:41.391000,0 days 01:21:07.182000,286.0,264.0,,306.0,False,SOFT,19.0,True,Red Bull Racing,0 days 01:19:47.131000,,1,12.0,,,False,False,2025,15
0 days 01:22:40.583000,TSU,22,0 days 00:01:33.433000,20.0,2.0,0 days 01:21:24.299000,,0 days 00:00:43.833000,0 days 00:00:26.893000,0 days 00:00:22.707000,0 days 01:21:51.015000,0 days 01:22:17.908000,0 days 01:22:40.615000,286.0,265.0,297.0,306.0,False,HARD,1.0,True,Red Bull Racing,0 days 01:21:07.150000,,1,18.0,,,False,False,2025,15
0 days 02:07:09.581000,TSU,22,0 days 00:01:43.703000,53.0,2.0,,0 days 02:07:08.394000,0 days 00:00:38.481000,0 days 00:00:31.834000,0 days 00:00:33.388000,0 days 02:06:04.391000,0 days 02:06:36.225000,0 days 02:07:09.613000,230.0,195.0,,303.0,False,HARD,34.0,True,Red Bull Racing,0 days 02:05:25.878000,,24,10.0,,,False,False,2025,15
0 days 02:09:14.551000,TSU,22,0 days 00:02:04.970000,54.0,3.0,0 days 02:07:26.797000,,0 days 00:00:59.660000,0 days 00:00:39.447000,0 days 00:00:25.863000,0 days 02:08:09.273000,0 days 02:08:48.720000,0 days 02:09:14.583000,132.0,237.0,266.0,303.0,False,SOFT,4.0,False,Red Bull Racing,0 days 02:07:09.581000,,4,13.0,,,False,False,2025,15
0 days 01:26:31.218000,ALB,23,0 days 00:01:41.701000,23.0,1.0,,0 days 01:26:30.059000,0 days 00:00:26.584000,0 days 00:00:41.686000,0 days 00:00:33.431000,0 days 01:25:16.131000,0 days 01:25:57.817000,0 days 01:26:31.248000,283.0,140.0,,311.0,False,MEDIUM,23.0,True,Williams,0 days 01:24:49.517000,,124,8.0,,,False,False,2025,15
0 days 01:28:28.384000,ALB,23,0 days 00:01:57.166000,24.0,2.0,0 days 01:26:49.822000,,0 days 00:00:52.278000,0 days 00:00:34.268000,0 days 00:00:30.620000,0 days 01:27:23.526000,0 days 01:27:57.794000,0 days 01:28:28.414000,260.0,225.0,257.0,311.0,False,HARD,1.0,True,Williams,0 days 01:26:31.218000,,4,10.0,,,False,False,2025,15
0 days 02:06:37.131000,ALB,23,0 days 00:01:34.627000,53.0,2.0,,0 days 02:06:35.923000,0 days 00:00:25.343000,0 days 00:00:36.448000,0 days 00:00:32.836000,0 days 02:05:27.877000,0 days 02:06:04.325000,0 days 02:06:37.161000,286.0,233.0,,309.0,False,HARD,30.0,True,Williams,0 days 02:05:02.504000,,124,6.0,,,False,False,2025,15
0 days 02:08:33.788000,ALB,23,0 days 00:01:56.657000,54.0,3.0,0 days 02:06:53.849000,,0 days 00:00:53.299000,0 days 00:00:32.301000,0 days 00:00:31.057000,0 days 02:07:30.460000,0 days 02:08:02.761000,0 days 02:08:33.818000,264.0,255.0,279.0,309.0,False,SOFT,1.0,True,Williams,0 days 02:06:37.131000,,4,6.0,,,False,False,2025,15
0 days 01:21:12.077000,HUL,27,0 days 00:01:19.257000,19.0,1.0,,0 days 01:21:10.834000,0 days 00:00:26.178000,0 days 00:00:27.844000,0 days 00:00:25.235000,0 days 01:20:18.998000,0 days 01:20:46.842000,0 days 01:21:12.077000,287.0,268.0,,306.0,False,SOFT,19.0,True,Kick Sauber,0 days 01:19:52.820000,,1,16.0,,,False,False,2025,15
0 days 01:22:46.103000,HUL,27,0 days 00:01:34.026000,20.0,2.0,0 days 01:21:28.553000,,0 days 00:00:43.137000,0 days 00:00:27.879000,0 days 00:00:23.010000,0 days 01:21:55.214000,0 days 01:22:23.093000,0 days 01:22:46.103000,286.0,266.0,298.0,306.0,False,HARD,1.0,True,Kick Sauber,0 days 01:21:12.077000,,1,20.0,,,False,False,2025,15
0 days 02:07:19.717000,HUL,27,0 days 00:01:51.410000,53.0,2.0,,0 days 02:07:18.394000,0 days 00:00:42.977000,0 days 00:00:34.395000,0 days 00:00:34.038000,0 days 02:06:11.284000,0 days 02:06:45.679000,0 days 02:07:19.717000,206.0,172.0,,314.0,False,HARD,34.0,True,Kick Sauber,0 days 02:05:28.307000,,24,14.0,,,False,False,2025,15
0 days 02:09:18.016000,HUL,27,0 days 00:01:58.299000,54.0,3.0,0 days 02:07:36.411000,,0 days 00:00:53.938000,0 days 00:00:37.908000,0 days 00:00:26.453000,0 days 02:08:13.655000,0 days 02:08:51.563000,0 days 02:09:18.016000,167.0,249.0,274.0,314.0,False,MEDIUM,1.0,True,Kick Sauber,0 days 02:07:19.717000,,4,16.0,,,False,False,2025,15
0 days 01:26:23.014000,LAW,30,0 days 00:01:36.821000,23.0,1.0,,0 days 01:26:21.841000,0 days 00:00:26.592000,0 days 00:00:37.195000,0 days 00:00:33.034000,0 days 01:25:12.798000,0 days 01:25:49.993000,0 days 01:26:23.027000,282.0,198.0,,295.0,False,MEDIUM,23.0,True,Racing Bulls,0 days 01:24:46.193000,,124,6.0,,,False,False,2025,15
0 days 01:28:21.240000,LAW,30,0 days 00:01:58.226000,24.0,2.0,0 days 01:26:39.398000,,0 days 00:00:51.990000,0 days 00:00:34.182000,0 days 00:00:32.054000,0 days 01:27:15.017000,0 days 01:27:49.199000,0 days 01:28:21.253000,248.0,236.0,257.0,295.0,False,HARD,1.0,True,Racing Bulls,0 days 01:26:23.014000,,4,7.0,,,False,False,2025,15
0 days 01:33:56.049000,LAW,30,0 days 00:02:04.543000,27.0,2.0,,0 days 01:33:55.079000,0 days 00:00:35.826000,0 days 00:00:45.625000,0 days 00:00:43.092000,0 days 01:32:27.345000,0 days 01:33:12.970000,0 days 01:33:56.062000,141.0,150.0,,303.0,False,HARD,4.0,True,Racing Bulls,0 days 01:31:51.506000,,1,19.0,,,False,False,2025,15
0 days 01:35:41.721000,LAW,30,0 days 00:01:45.672000,28.0,3.0,0 days 01:34:17.081000,,0 days 00:00:48.370000,0 days 00:00:32.570000,0 days 00:00:24.732000,0 days 01:34:44.432000,0 days 01:35:17.002000,0 days 01:35:41.734000,239.0,268.0,307.0,303.0,False,SOFT,4.0,False,Racing Bulls,0 days 01:33:56.049000,,1,18.0,,,False,False,2025,15
0 days 02:06:52.956000,LAW,30,0 days 00:01:42.655000,52.0,3.0,,0 days 02:06:51.720000,0 days 00:00:32.361000,0 days 00:00:35.918000,0 days 00:00:34.376000,0 days 02:05:42.675000,0 days 02:06:18.593000,0 days 02:06:52.969000,211.0,161.0,,293.0,False,SOFT,28.0,False,Racing Bulls,0 days 02:05:10.301000,,124,18.0,,,False,False,2025,15
0 days 02:08:50.072000,LAW,30,0 days 00:01:57.116000,53.0,4.0,0 days 02:07:10.253000,,0 days 00:00:51.498000,0 days 00:00:34.115000,0 days 00:00:31.503000,0 days 02:07:44.467000,0 days 02:08:18.582000,0 days 02:08:50.085000,257.0,237.0,235.0,293.0,False,SOFT,4.0,False,Racing Bulls,0 days 02:06:52.956000,,4,17.0,,,False,False,2025,15
0 days 02:05:27.204000,OCO,31,0 days 00:01:19.681000,52.0,1.0,,0 days 02:05:26.244000,0 days 00:00:25.904000,0 days 00:00:28.111000,0 days 00:00:25.666000,0 days 02:04:33.462000,0 days 02:05:01.573000,0 days 02:05:27.239000,284.0,267.0,,297.0,False,HARD,52.0,True,Haas F1 Team,0 days 02:04:07.523000,,12,13.0,,,False,False,2025,15
0 days 02:07:25.798000,OCO,31,0 days 00:01:58.594000,53.0,2.0,0 days 02:05:44.365000,,0 days 00:00:59.505000,0 days 00:00:29.295000,0 days 00:00:29.794000,0 days 02:06:26.744000,0 days 02:06:56.039000,0 days 02:07:25.833000,142.0,249.0,203.0,297.0,False,MEDIUM,1.0,True,Haas F1 Team,0 days 02:05:27.204000,,24,16.0,,,False,False,2025,15
0 days 01:25:44.735000,NOR,4,0 days 00:01:26.038000,23.0,1.0,,0 days 01:25:43.427000,0 days 00:00:25.333000,0 days 00:00:27.145000,0 days 00:00:33.560000,0 days 01:24:44.079000,0 days 01:25:11.224000,0 days 01:25:44.784000,286.0,266.0,,301.0,False,MEDIUM,23.0,True,McLaren,0 days 01:24:18.697000,,124,2.0,,,False,False,2025,15
0 days 01:27:48.636000,NOR,4,0 days 00:02:03.901000,24.0,2.0,0 days 01:26:03.496000,,0 days 00:00:50.940000,0 days 00:00:35.892000,0 days 00:00:37.069000,0 days 01:26:35.724000,0 days 01:27:11.616000,0 days 01:27:48.685000,264.0,241.0,242.0,301.0,False,HARD,1.0,True,McLaren,0 days 01:25:44.735000,,4,2.0,,,False,False,2025,15
0 days 02:05:57.579000,NOR,4,0 days 00:01:25.907000,53.0,2.0,,0 days 02:05:56.065000,0 days 00:00:25.096000,0 days 00:00:26.829000,0 days 00:00:33.982000,0 days 02:04:56.817000,0 days 02:05:23.646000,0 days 02:05:57.628000,287.0,270.0,,303.0,False,HARD,30.0,True,McLaren,0 days 02:04:31.672000,,124,2.0,,,False,False,2025,15
0 days 02:08:06.429000,NOR,4,0 days 00:02:08.850000,54.0,3.0,0 days 02:06:18.666000,,0 days 00:01:01.780000,0 days 00:00:28.829000,0 days 00:00:38.241000,0 days 02:06:59.408000,0 days 02:07:28.237000,0 days 02:08:06.478000,212.0,244.0,150.0,303.0,False,HARD,2.0,False,McLaren,0 days 02:05:57.579000,,4,2.0,,,False,False,2025,15
0 days 01:21:11.103000,COL,43,0 days 00:01:19.497000,19.0,1.0,,0 days 01:21:09.872000,0 days 00:00:26.056000,0 days 00:00:28.015000,0 days 00:00:25.426000,0 days 01:20:17.668000,0 days 01:20:45.683000,0 days 01:21:11.109000,288.0,266.0,,296.0,False,SOFT,19.0,True,Alpine,0 days 01:19:51.606000,,1,14.0,,,False,False,2025,15
0 days 01:22:43.499000,COL,43,0 days 00:01:32.396000,20.0,2.0,0 days 01:21:27.876000,,0 days 00:00:42.711000,0 days 00:00:26.911000,0 days 00:00:22.774000,0 days 01:21:53.820000,0 days 01:22:20.731000,0 days 01:22:43.505000,286.0,265.0,299.0,296.0,False,HARD,1.0,True,Alpine,0 days 01:21:11.103000,,1,19.0,,,False,False,2025,15
0 days 02:07:19.215000,COL,43,0 days 00:01:51.419000,53.0,2.0,,0 days 02:07:18.013000,0 days 00:00:43.179000,0 days 00:00:34.376000,0 days 00:00:33.864000,0 days 02:06:10.981000,0 days 02:06:45.357000,0 days 02:07:19.221000,198.0,175.0,,313.0,False,HARD,34.0,True,Alpine,0 days 02:05:27.796000,,24,13.0,,,False,False,2025,15
0 days 02:09:15.750000,COL,43,0 days 00:01:56.535000,54.0,3.0,0 days 02:07:35.708000,,0 days 00:00:53.121000,0 days 00:00:38.241000,0 days 00:00:25.173000,0 days 02:08:12.342000,0 days 02:08:50.583000,0 days 02:09:15.756000,158.0,231.0,230.0,313.0,False,MEDIUM,1.0,True,Alpine,0 days 02:07:19.215000,,4,15.0,,,False,False,2025,15
0 days 02:24:45.187000,COL,43,0 days 00:01:36.875000,65.0,3.0,,0 days 02:24:44.038000,0 days 00:00:26.088000,0 days 00:00:40.377000,0 days 00:00:30.410000,0 days 02:23:34.406000,0 days 02:24:14.783000,0 days 02:24:45.193000,291.0,149.0,,312.0,False,MEDIUM,12.0,True,Alpine,0 days 02:23:08.312000,,124,14.0,,,False,False,2025,15
0 days 02:26:38.723000,COL,43,0 days 00:01:53.536000,66.0,4.0,0 days 02:25:02.102000,,0 days 00:00:46.966000,0 days 00:00:35.334000,0 days 00:00:31.236000,0 days 02:25:32.159000,0 days 02:26:07.493000,0 days 02:26:38.729000,244.0,237.0,280.0,312.0,False,SOFT,1.0,True,Alpine,0 days 02:24:45.187000,,4,14.0,,,False,False,2025,15
0 days 01:25:08.224000,BOR,5,0 days 00:01:19.761000,22.0,1.0,,0 days 01:25:07.123000,0 days 00:00:26.134000,0 days 00:00:28.209000,0 days 00:00:25.418000,0 days 01:24:14.617000,0 days 01:24:42.826000,0 days 01:25:08.244000,288.0,264.0,,302.0,False,MEDIUM,22.0,True,Kick Sauber,0 days 01:23:48.463000,,12,17.0,,,False,False,2025,15
0 days 01:27:06.407000,BOR,5,0 days 00:01:58.183000,23.0,2.0,0 days 01:25:24.908000,,0 days 00:00:57.826000,0 days 00:00:33.327000,0 days 00:00:27.030000,0 days 01:26:06.070000,0 days 01:26:39.397000,0 days 01:27:06.427000,120.0,235.0,203.0,302.0,False,HARD,1.0,True,Kick Sauber,0 days 01:25:08.224000,,24,18.0,,,False,False,2025,15
0 days 02:18:11.671000,BOR,5,0 days 00:01:21.060000,60.0,2.0,,0 days 02:18:10.435000,0 days 00:00:27.217000,0 days 00:00:28.048000,0 days 00:00:25.795000,0 days 02:17:17.848000,0 days 02:17:45.896000,0 days 02:18:11.691000,273.0,271.0,,317.0,False,HARD,38.0,True,Kick Sauber,0 days 02:16:50.611000,,1,16.0,,,False,False,2025,15
0 days 02:19:42.521000,BOR,5,0 days 00:01:30.850000,61.0,3.0,0 days 02:18:27.989000,,0 days 00:00:41.871000,0 days 00:00:26.524000,0 days 00:00:22.455000,0 days 02:18:53.562000,0 days 02:19:20.086000,0 days 02:19:42.541000,288.0,270.0,292.0,317.0,False,SOFT,1.0,True,Kick Sauber,0 days 02:18:11.671000,,1,18.0,,,False,False,2025,15
0 days 01:26:24.327000,SAI,55,0 days 00:01:36.933000,23.0,1.0,,0 days 01:26:23.216000,0 days 00:00:26.655000,0 days 00:00:37.986000,0 days 00:00:32.292000,0 days 01:25:14.098000,0 days 01:25:52.084000,0 days 01:26:24.376000,286.0,200.0,,301.0,False,MEDIUM,23.0,True,Williams,0 days 01:24:47.394000,,124,7.0,,,False,False,2025,15
0 days 01:28:21.692000,SAI,55,0 days 00:01:57.365000,24.0,2.0,0 days 01:26:40.945000,,0 days 00:00:51.552000,0 days 00:00:37.267000,0 days 00:00:28.546000,0 days 01:27:15.928000,0 days 01:27:53.195000,0 days 01:28:21.741000,255.0,238.0,265.0,301.0,False,HARD,1.0,True,Williams,0 days 01:26:24.327000,,4,8.0,,,False,False,2025,15
0 days 01:33:55.030000,SAI,55,0 days 00:02:03.374000,27.0,2.0,,0 days 01:33:53.829000,0 days 00:00:39.357000,0 days 00:00:40.301000,0 days 00:00:43.716000,0 days 01:32:31.062000,0 days 01:33:11.363000,0 days 01:33:55.079000,129.0,186.0,,300.0,False,HARD,4.0,True,Williams,0 days 01:31:51.656000,,1,18.0,,,False,False,2025,15
0 days 01:35:41.813000,SAI,55,0 days 00:01:46.783000,28.0,3.0,0 days 01:34:23.454000,,0 days 00:00:55.133000,0 days 00:00:28.897000,0 days 00:00:22.753000,0 days 01:34:50.212000,0 days 01:35:19.109000,0 days 01:35:41.862000,285.0,280.0,326.0,300.0,False,SOFT,4.0,False,Williams,0 days 01:33:55.030000,,1,19.0,,,False,False,2025,15
0 days 02:05:11.161000,SAI,55,0 days 00:01:20.226000,51.0,3.0,,0 days 02:05:10.066000,0 days 00:00:25.629000,0 days 00:00:28.139000,0 days 00:00:26.458000,0 days 02:04:16.613000,0 days 02:04:44.752000,0 days 02:05:11.210000,285.0,209.0,,306.0,False,SOFT,27.0,False,Williams,0 days 02:03:50.935000,,1,19.0,,,False,False,2025,15
0 days 02:07:21.220000,SAI,55,0 days 00:02:10.059000,52.0,4.0,0 days 02:05:40.365000,,0 days 00:01:12.353000,0 days 00:00:28.045000,0 days 00:00:29.661000,0 days 02:06:23.563000,0 days 02:06:51.608000,0 days 02:07:21.269000,236.0,259.0,201.0,306.0,False,SOFT,4.0,False,Williams,0 days 02:05:11.161000,,124,19.0,,,False,False,2025,15
0 days 02:25:04.426000,SAI,55,0 days 00:01:39.735000,65.0,4.0,,0 days 02:25:03.245000,0 days 00:00:33.716000,0 days 00:00:37.555000,0 days 00:00:28.464000,0 days 02:23:58.456000,0 days 02:24:36.011000,0 days 02:25:04.475000,135.0,267.0,,308.0,False,SOFT,17.0,False,Williams,0 days 02:23:24.691000,,124,16.0,,,False,False,2025,15
0 days 02:27:02.200000,SAI,55,0 days 00:01:57.774000,66.0,5.0,0 days 02:25:21.316000,,0 days 00:00:49.042000,0 days 00:00:36.464000,0 days 00:00:32.268000,0 days 02:25:53.517000,0 days 02:26:29.981000,0 days 02:27:02.249000,215.0,184.0,261.0,308.0,False,SOFT,4.0,False,Williams,0 days 02:25:04.426000,,4,17.0,,,False,False,2025,15
0 days 01:26:07.423000,HAD,6,0 days 00:01:32.010000,23.0,1.0,,0 days 01:26:06.277000,0 days 00:00:25.587000,0 days 00:00:34.994000,0 days 00:00:31.429000,0 days 01:25:01.036000,0 days 01:25:36.030000,0 days 01:26:07.459000,287.0,188.0,,298.0,False,MEDIUM,23.0,True,Racing Bulls,0 days 01:24:35.413000,,124,4.0,,,False,False,2025,15
0 days 01:28:04.963000,HAD,6,0 days 00:01:57.540000,24.0,2.0,0 days 01:26:23.669000,,0 days 00:00:52.451000,0 days 00:00:33.741000,0 days 00:00:31.348000,0 days 01:26:59.910000,0 days 01:27:33.651000,0 days 01:28:04.999000,252.0,120.0,211.0,298.0,False,HARD,1.0,True,Racing Bulls,0 days 01:26:07.423000,,4,4.0,,,False,False,2025,15
0 days 02:06:14.446000,HAD,6,0 days 00:01:28.722000,53.0,2.0,,0 days 02:06:13.306000,0 days 00:00:25.265000,0 days 00:00:31.147000,0 days 00:00:32.310000,0 days 02:05:11.025000,0 days 02:05:42.172000,0 days 02:06:14.482000,287.0,192.0,,301.0,False,HARD,30.0,True,Racing Bulls,0 days 02:04:45.724000,,124,4.0,,,False,False,2025,15
0 days 02:08:13.813000,HAD,6,0 days 00:01:59.367000,54.0,3.0,0 days 02:06:31.855000,,0 days 00:00:54.308000,0 days 00:00:33.257000,0 days 00:00:31.802000,0 days 02:07:08.790000,0 days 02:07:42.047000,0 days 02:08:13.849000,270.0,184.0,191.0,301.0,False,SOFT,3.0,False,Racing Bulls,0 days 02:06:14.446000,,4,4.0,,,False,False,2025,15
0 days 01:26:10.746000,RUS,63,0 days 00:01:32.078000,23.0,1.0,,0 days 01:26:09.601000,0 days 00:00:25.638000,0 days 00:00:34.343000,0 days 00:00:32.097000,0 days 01:25:04.347000,0 days 01:25:38.690000,0 days 01:26:10.787000,284.0,228.0,,306.0,False,MEDIUM,23.0,True,Mercedes,0 days 01:24:38.668000,,124,5.0,,,False,False,2025,15
0 days 01:28:09.161000,RUS,63,0 days 00:01:58.415000,24.0,2.0,0 days 01:26:28.341000,,0 days 00:00:56.081000,0 days 00:00:31.489000,0 days 00:00:30.845000,0 days 01:27:06.868000,0 days 01:27:38.357000,0 days 01:28:09.202000,260.0,230.0,258.0,306.0,False,HARD,1.0,True,Mercedes,0 days 01:26:10.746000,,4,5.0,,,False,False,2025,15
0 days 02:06:33.572000,RUS,63,0 days 00:01:33.540000,53.0,2.0,,0 days 02:06:32.408000,0 days 00:00:25.571000,0 days 00:00:35.348000,0 days 00:00:32.621000,0 days 02:05:25.644000,0 days 02:06:00.992000,0 days 02:06:33.613000,284.0,224.0,,303.0,False,HARD,30.0,True,Mercedes,0 days 02:05:00.032000,,124,5.0,,,False,False,2025,15
0 days 02:08:30.727000,RUS,63,0 days 00:01:57.155000,54.0,3.0,0 days 02:06:49.751000,,0 days 00:00:55.523000,0 days 00:00:31.636000,0 days 00:00:29.996000,0 days 02:07:29.136000,0 days 02:08:00.772000,0 days 02:08:30.768000,262.0,251.0,264.0,303.0,False,SOFT,4.0,False,Mercedes,0 days 02:06:33.572000,,4,5.0,,,False,False,2025,15
0 days 01:25:39.401000,PIA,81,0 days 00:01:24.180000,23.0,1.0,,0 days 01:25:38.174000,0 days 00:00:25.372000,0 days 00:00:27.276000,0 days 00:00:31.532000,0 days 01:24:40.641000,0 days 01:25:07.917000,0 days 01:25:39.449000,278.0,265.0,,301.0,False,MEDIUM,23.0,True,McLaren,0 days 01:24:15.221000,,124,1.0,,,False,False,2025,15
0 days 01:27:44.099000,PIA,81,0 days 00:02:04.698000,24.0,2.0,0 days 01:25:55.681000,,0 days 00:00:50.216000,0 days 00:00:35.586000,0 days 00:00:38.896000,0 days 01:26:29.665000,0 days 01:27:05.251000,0 days 01:27:44.147000,258.0,153.0,111.0,301.0,False,HARD,1.0,True,McLaren,0 days 01:25:39.401000,,4,1.0,,,False,False,2025,15
0 days 02:05:53.132000,PIA,81,0 days 00:01:22.803000,53.0,2.0,,0 days 02:05:51.907000,0 days 00:00:25.134000,0 days 00:00:26.572000,0 days 00:00:31.097000,0 days 02:04:55.511000,0 days 02:05:22.083000,0 days 02:05:53.180000,272.0,268.0,,301.0,False,HARD,30.0,True,McLaren,0 days 02:04:30.329000,,124,1.0,,,False,False,2025,15
0 days 02:08:04.181000,PIA,81,0 days 00:02:11.049000,54.0,3.0,0 days 02:06:10.667000,,0 days 00:00:58.219000,0 days 00:00:33.246000,0 days 00:00:39.584000,0 days 02:06:51.399000,0 days 02:07:24.645000,0 days 02:08:04.229000,230.0,127.0,119.0,301.0,False,HARD,2.0,False,McLaren,0 days 02:05:53.132000,,4,1.0,,,False,False,2025,15
0 days 00:58:05.724000,BEA,87,0 days 00:01:31.422000,1.0,1.0,0 days 00:56:48.175000,,,0 days 00:00:27.180000,0 days 00:00:23.101000,,0 days 00:57:42.721000,0 days 00:58:05.802000,281.0,264.0,295.0,,False,HARD,1.0,True,Haas F1 Team,0 days 00:56:34.052000,,1,20.0,,,False,False,2025,15
0 days 02:07:08.567000,BEA,87,0 days 00:01:43.502000,53.0,1.0,,0 days 02:07:07.410000,0 days 00:00:37.513000,0 days 00:00:32.696000,0 days 00:00:33.293000,0 days 02:06:02.627000,0 days 02:06:35.323000,0 days 02:07:08.616000,254.0,181.0,,317.0,False,HARD,53.0,True,Haas F1 Team,0 days 02:05:25.065000,,24,8.0,,,False,False,2025,15
0 days 02:09:06.102000,BEA,87,0 days 00:01:57.535000,54.0,2.0,0 days 02:07:26.125000,,0 days 00:00:51.447000,0 days 00:00:34.153000,0 days 00:00:31.935000,0 days 02:08:00.063000,0 days 02:08:34.216000,0 days 02:09:06.151000,197.0,228.0,241.0,317.0,False,MEDIUM,1.0,True,Haas F1 Team,0 days 02:07:08.567000,,4,11.0,,,False,False,2025,15
0 days 01:49:11.842000,VER,1,0 days 00:01:27.432000,37.0,1.0,,0 days 01:49:08.226000,0 days 00:00:27.321000,0 days 00:00:28.233000,0 days 00:00:31.878000,0 days 01:48:11.731000,0 days 01:48:39.964000,0 days 01:49:11.842000,317.0,320.0,,324.0,False,MEDIUM,37.0,True,Red Bull Racing,0 days 01:47:44.410000,,1,1.0,,,False,False,2025,16
0 days 01:50:54.191000,VER,1,0 days 00:01:42.349000,38.0,2.0,0 days 01:49:32.596000,,0 days 00:00:47.531000,0 days 00:00:27.885000,0 days 00:00:26.933000,0 days 01:49:59.373000,0 days 01:50:27.258000,0 days 01:50:54.191000,313.0,317.0,316.0,285.0,False,HARD,1.0,True,Red Bull Racing,0 days 01:49:11.842000,,1,3.0,,,False,False,2025,16
0 days 02:01:41.868000,NOR,4,0 days 00:01:27.287000,46.0,1.0,,0 days 02:01:38.248000,0 days 00:00:27.307000,0 days 00:00:28.158000,0 days 00:00:31.822000,0 days 02:00:41.963000,0 days 02:01:10.121000,0 days 02:01:41.943000,312.0,317.0,,327.0,False,MEDIUM,46.0,True,McLaren,0 days 02:00:14.581000,,1,1.0,,,False,False,2025,16
0 days 02:03:26.854000,NOR,4,0 days 00:01:44.986000,47.0,2.0,0 days 02:02:05.702000,,0 days 00:00:50.245000,0 days 00:00:27.741000,0 days 00:00:27,0 days 02:02:32.188000,0 days 02:02:59.929000,0 days 02:03:26.929000,315.0,310.0,316.0,285.0,False,SOFT,3.0,False,McLaren,0 days 02:01:41.868000,,1,3.0,,,False,False,2025,16
0 days 02:00:22.132000,PIA,81,0 days 00:01:26.609000,45.0,1.0,,0 days 02:00:18.498000,0 days 00:00:27.112000,0 days 00:00:27.965000,0 days 00:00:31.532000,0 days 01:59:22.692000,0 days 01:59:50.657000,0 days 02:00:22.189000,317.0,321.0,,330.0,False,MEDIUM,45.0,True,McLaren,0 days 01:58:55.523000,,1,2.0,,,False,False,2025,16
0 days 02:02:03.534000,PIA,81,0 days 00:01:41.402000,46.0,2.0,0 days 02:00:41.951000,,0 days 00:00:46.368000,0 days 00:00:27.995000,0 days 00:00:27.039000,0 days 02:01:08.557000,0 days 02:01:36.552000,0 days 02:02:03.591000,316.0,311.0,314.0,288.0,False,SOFT,4.0,False,McLaren,0 days 02:00:22.132000,,1,3.0,,,False,False,2025,16
0 days 01:43:59.484000,LEC,16,0 days 00:01:27.019000,33.0,1.0,,0 days 01:43:55.616000,0 days 00:00:27.235000,0 days 00:00:28.220000,0 days 00:00:31.564000,0 days 01:42:59.746000,0 days 01:43:27.966000,0 days 01:43:59.530000,319.0,320.0,,325.0,False,MEDIUM,33.0,True,Ferrari,0 days 01:42:32.465000,,1,4.0,,,False,False,2025,16
0 days 01:45:42.457000,LEC,16,0 days 00:01:42.973000,34.0,2.0,0 days 01:44:19.867000,,0 days 00:00:47.385000,0 days 00:00:28.318000,0 days 00:00:27.270000,0 days 01:44:46.915000,0 days 01:45:15.233000,0 days 01:45:42.503000,327.0,315.0,315.0,288.0,False,HARD,1.0,True,Ferrari,0 days 01:43:59.484000,,1,6.0,,,False,False,2025,16
0 days 01:35:47.090000,RUS,63,0 days 00:01:27.978000,27.0,1.0,,0 days 01:35:43.361000,0 days 00:00:27.531000,0 days 00:00:28.524000,0 days 00:00:31.923000,0 days 01:34:46.687000,0 days 01:35:15.211000,0 days 01:35:47.134000,315.0,315.0,,328.0,False,MEDIUM,27.0,True,Mercedes,0 days 01:34:19.112000,,1,6.0,,,False,False,2025,16
0 days 01:37:31.253000,RUS,63,0 days 00:01:44.163000,28.0,2.0,0 days 01:36:08.424000,,0 days 00:00:48.729000,0 days 00:00:28.069000,0 days 00:00:27.365000,0 days 01:36:35.863000,0 days 01:37:03.932000,0 days 01:37:31.297000,308.0,313.0,312.0,284.0,False,HARD,1.0,True,Mercedes,0 days 01:35:47.090000,,1,12.0,,,False,False,2025,16
0 days 01:51:03.130000,HAM,44,0 days 00:01:27.181000,38.0,1.0,,0 days 01:50:59.392000,0 days 00:00:27.227000,0 days 00:00:28.211000,0 days 00:00:31.743000,0 days 01:50:03.253000,0 days 01:50:31.464000,0 days 01:51:03.207000,320.0,322.0,,324.0,False,MEDIUM,38.0,True,Ferrari,0 days 01:49:35.949000,,1,4.0,,,False,False,2025,16
0 days 01:52:45.905000,HAM,44,0 days 00:01:42.775000,39.0,2.0,0 days 01:51:23.392000,,0 days 00:00:47.127000,0 days 00:00:28.217000,0 days 00:00:27.431000,0 days 01:51:50.334000,0 days 01:52:18.551000,0 days 01:52:45.982000,317.0,320.0,319.0,289.0,False,HARD,1.0,True,Ferrari,0 days 01:51:03.130000,,1,9.0,,,False,False,2025,16
0 days 01:55:21.124000,ALB,23,0 days 00:01:26.328000,41.0,1.0,,0 days 01:55:17.332000,0 days 00:00:27.118000,0 days 00:00:27.934000,0 days 00:00:31.276000,0 days 01:54:21.940000,0 days 01:54:49.874000,0 days 01:55:21.150000,315.0,328.0,,324.0,False,HARD,41.0,True,Williams,0 days 01:53:54.796000,,1,5.0,,,False,False,2025,16
0 days 01:57:03.891000,ALB,23,0 days 00:01:42.767000,42.0,2.0,0 days 01:55:42.168000,,0 days 00:00:47.672000,0 days 00:00:27.777000,0 days 00:00:27.318000,0 days 01:56:08.822000,0 days 01:56:36.599000,0 days 01:57:03.917000,315.0,330.0,315.0,287.0,False,MEDIUM,1.0,True,Williams,0 days 01:55:21.124000,,1,10.0,,,False,False,2025,16
0 days 01:26:10.820000,BOR,5,0 days 00:01:28.759000,20.0,1.0,,0 days 01:26:07.116000,0 days 00:00:27.520000,0 days 00:00:28.658000,0 days 00:00:32.581000,0 days 01:25:09.610000,0 days 01:25:38.268000,0 days 01:26:10.849000,313.0,319.0,,322.0,False,MEDIUM,20.0,True,Kick Sauber,0 days 01:24:42.061000,,1,9.0,,,False,False,2025,16
0 days 01:27:57.527000,BOR,5,0 days 00:01:46.707000,21.0,2.0,0 days 01:26:33.196000,,0 days 00:00:49.722000,0 days 00:00:28.978000,0 days 00:00:28.007000,0 days 01:27:00.571000,0 days 01:27:29.549000,0 days 01:27:57.556000,334.0,345.0,318.0,285.0,False,HARD,1.0,True,Kick Sauber,0 days 01:26:10.820000,,1,17.0,,,False,False,2025,16
0 days 01:37:21.824000,ANT,12,0 days 00:01:27.750000,28.0,1.0,,0 days 01:37:18.023000,0 days 00:00:27.497000,0 days 00:00:28.513000,0 days 00:00:31.740000,0 days 01:36:21.621000,0 days 01:36:50.134000,0 days 01:37:21.874000,315.0,314.0,,324.0,False,MEDIUM,28.0,True,Mercedes,0 days 01:35:54.074000,,1,7.0,,,False,False,2025,16
0 days 01:39:05.769000,ANT,12,0 days 00:01:43.945000,29.0,2.0,0 days 01:37:43.015000,,0 days 00:00:48.192000,0 days 00:00:28.330000,0 days 00:00:27.423000,0 days 01:38:10.066000,0 days 01:38:38.396000,0 days 01:39:05.819000,317.0,313.0,312.0,284.0,False,HARD,1.0,True,Mercedes,0 days 01:37:21.824000,,1,14.0,,,False,False,2025,16
0 days 00:59:24.990000,HAD,6,0 days 00:01:34.878000,1.0,1.0,0 days 00:57:58.346000,,,0 days 00:00:29.816000,0 days 00:00:28.549000,,0 days 00:58:56.589000,0 days 00:59:25.170000,328.0,324.0,313.0,283.0,False,HARD,2.0,False,Racing Bulls,0 days 00:57:49.893000,,1,18.0,,,False,False,2025,16
0 days 01:43:04.356000,HAD,6,0 days 00:01:28.342000,32.0,1.0,,0 days 01:43:00.676000,0 days 00:00:27.312000,0 days 00:00:28.834000,0 days 00:00:32.196000,0 days 01:42:03.353000,0 days 01:42:32.187000,0 days 01:43:04.383000,323.0,337.0,,346.0,False,HARD,33.0,False,Racing Bulls,0 days 01:41:36.014000,,1,10.0,,,False,False,2025,16
0 days 01:44:47.348000,HAD,6,0 days 00:01:42.992000,33.0,2.0,0 days 01:43:24.903000,,0 days 00:00:47.595000,0 days 00:00:28.068000,0 days 00:00:27.329000,0 days 01:43:51.978000,0 days 01:44:20.046000,0 days 01:44:47.375000,318.0,320.0,313.0,287.0,False,MEDIUM,1.0,True,Racing Bulls,0 days 01:43:04.356000,,1,16.0,,,False,False,2025,16
0 days 01:40:14.118000,SAI,55,0 days 00:01:27.825000,30.0,1.0,,0 days 01:40:10.317000,0 days 00:00:27.367000,0 days 00:00:28.398000,0 days 00:00:32.060000,0 days 01:39:13.722000,0 days 01:39:42.120000,0 days 01:40:14.180000,315.0,318.0,,323.0,False,MEDIUM,30.0,True,Williams,0 days 01:38:46.293000,,1,10.0,,,False,False,2025,16
0 days 01:41:57.950000,SAI,55,0 days 00:01:43.832000,31.0,2.0,0 days 01:40:35.052000,,0 days 00:00:47.992000,0 days 00:00:28.328000,0 days 00:00:27.512000,0 days 01:41:02.172000,0 days 01:41:30.500000,0 days 01:41:58.012000,316.0,316.0,314.0,285.0,False,HARD,1.0,True,Williams,0 days 01:40:14.118000,,1,16.0,,,False,False,2025,16
0 days 01:23:26.322000,BEA,87,0 days 00:01:29.433000,18.0,1.0,,0 days 01:23:22.731000,0 days 00:00:27.608000,0 days 00:00:29.019000,0 days 00:00:32.806000,0 days 01:22:24.541000,0 days 01:22:53.560000,0 days 01:23:26.366000,318.0,338.0,,346.0,False,MEDIUM,18.0,True,Haas F1 Team,0 days 01:21:56.889000,,1,16.0,,,False,False,2025,16
0 days 01:25:11.091000,BEA,87,0 days 00:01:44.769000,19.0,2.0,0 days 01:23:47.902000,,0 days 00:00:48.769000,0 days 00:00:28.528000,0 days 00:00:27.472000,0 days 01:24:15.135000,0 days 01:24:43.663000,0 days 01:25:11.135000,310.0,315.0,312.0,279.0,False,HARD,1.0,True,Haas F1 Team,0 days 01:23:26.322000,,1,19.0,,,False,False,2025,16
0 days 01:24:50.112000,TSU,22,0 days 00:01:28.943000,19.0,1.0,,0 days 01:24:46.402000,0 days 00:00:27.578000,0 days 00:00:29.061000,0 days 00:00:32.304000,0 days 01:23:48.803000,0 days 01:24:17.864000,0 days 01:24:50.168000,317.0,320.0,,330.0,False,MEDIUM,19.0,True,Red Bull Racing,0 days 01:23:21.169000,,1,14.0,,,False,False,2025,16
0 days 01:26:35.239000,TSU,22,0 days 00:01:45.127000,20.0,2.0,0 days 01:25:10.725000,,0 days 00:00:48.070000,0 days 00:00:29.126000,0 days 00:00:27.931000,0 days 01:25:38.238000,0 days 01:26:07.364000,0 days 01:26:35.295000,324.0,332.0,314.0,280.0,False,HARD,1.0,True,Red Bull Racing,0 days 01:24:50.112000,,1,19.0,,,False,False,2025,16
0 days 01:10:48.146000,LAW,30,0 days 00:01:28.824000,9.0,1.0,,0 days 01:10:44.492000,0 days 00:00:27.362000,0 days 00:00:28.963000,0 days 00:00:32.499000,0 days 01:09:46.724000,0 days 01:10:15.687000,0 days 01:10:48.186000,319.0,347.0,,332.0,False,SOFT,9.0,True,Racing Bulls,0 days 01:09:19.322000,,1,18.0,,,False,False,2025,16
0 days 01:12:33.294000,LAW,30,0 days 00:01:45.148000,10.0,2.0,0 days 01:11:08.602000,,0 days 00:00:47.886000,0 days 00:00:29.203000,0 days 00:00:28.059000,0 days 01:11:36.072000,0 days 01:12:05.275000,0 days 01:12:33.334000,310.0,316.0,309.0,283.0,False,HARD,1.0,True,Racing Bulls,0 days 01:10:48.146000,,1,19.0,,,False,False,2025,16
0 days 02:09:25.847000,OCO,31,0 days 00:01:27.687000,51.0,1.0,,0 days 02:09:22.182000,0 days 00:00:27.471000,0 days 00:00:28.254000,0 days 00:00:31.962000,0 days 02:08:25.669000,0 days 02:08:53.923000,0 days 02:09:25.885000,309.0,320.0,,315.0,False,HARD,51.0,True,Haas F1 Team,0 days 02:07:58.160000,,1,9.0,,,False,False,2025,16
0 days 02:11:16.572000,OCO,31,0 days 00:01:50.725000,52.0,2.0,0 days 02:09:52.849000,,0 days 00:00:54.612000,0 days 00:00:28.306000,0 days 00:00:27.807000,0 days 02:10:20.497000,0 days 02:10:48.803000,0 days 02:11:16.610000,283.0,329.0,314.0,288.0,False,SOFT,1.0,True,Haas F1 Team,0 days 02:09:25.847000,,1,15.0,,,False,False,2025,16
0 days 00:59:25.788000,GAS,10,0 days 00:01:35.676000,1.0,1.0,0 days 00:57:59.455000,,,0 days 00:00:29.724000,0 days 00:00:28.616000,,0 days 00:58:57.445000,0 days 00:59:25.940000,328.0,321.0,310.0,261.0,False,HARD,1.0,True,Alpine,0 days 00:57:49.893000,,1,19.0,,,False,False,2025,16
0 days 02:06:52.192000,GAS,10,0 days 00:01:27.335000,49.0,1.0,,0 days 02:06:48.509000,0 days 00:00:27.429000,0 days 00:00:28.268000,0 days 00:00:31.638000,0 days 02:05:52.373000,0 days 02:06:20.641000,0 days 02:06:52.279000,311.0,313.0,,317.0,False,HARD,49.0,True,Alpine,0 days 02:05:24.857000,,1,14.0,,,False,False,2025,16
0 days 02:08:35.765000,GAS,10,0 days 00:01:43.573000,50.0,2.0,0 days 02:07:13.471000,,0 days 00:00:48.333000,0 days 00:00:28.059000,0 days 00:00:27.181000,0 days 02:07:40.612000,0 days 02:08:08.671000,0 days 02:08:35.852000,312.0,314.0,317.0,286.0,False,SOFT,1.0,True,Alpine,0 days 02:06:52.192000,,1,17.0,,,False,False,2025,16
0 days 01:44:39.654000,COL,43,0 days 00:01:28.479000,33.0,1.0,,0 days 01:44:35.886000,0 days 00:00:27.584000,0 days 00:00:28.756000,0 days 00:00:32.139000,0 days 01:43:38.835000,0 days 01:44:07.591000,0 days 01:44:39.730000,309.0,312.0,,318.0,False,MEDIUM,33.0,True,Alpine,0 days 01:43:11.175000,,1,12.0,,,False,False,2025,16
0 days 01:46:24.473000,COL,43,0 days 00:01:44.819000,34.0,2.0,0 days 01:45:00.961000,,0 days 00:00:48.696000,0 days 00:00:28.517000,0 days 00:00:27.606000,0 days 01:45:28.426000,0 days 01:45:56.943000,0 days 01:46:24.549000,311.0,312.0,309.0,282.0,False,HARD,1.0,True,Alpine,0 days 01:44:39.654000,,1,18.0,,,False,False,2025,16
0 days 02:06:42.264000,STR,18,0 days 00:01:28.053000,49.0,1.0,,0 days 02:06:38.460000,0 days 00:00:27.334000,0 days 00:00:28.204000,0 days 00:00:32.515000,0 days 02:05:41.585000,0 days 02:06:09.789000,0 days 02:06:42.304000,317.0,327.0,,328.0,False,HARD,50.0,False,Aston Martin,0 days 02:05:14.211000,,1,10.0,,,False,False,2025,16
0 days 02:08:39.292000,STR,18,0 days 00:01:57.028000,50.0,2.0,0 days 02:07:16.987000,,0 days 00:01:01.669000,0 days 00:00:28.007000,0 days 00:00:27.352000,0 days 02:07:43.973000,0 days 02:08:11.980000,0 days 02:08:39.332000,309.0,314.0,314.0,287.0,False,SOFT,1.0,True,Aston Martin,0 days 02:06:42.264000,,1,18.0,,,False,False,2025,16
0 days 01:26:11.170000,ALO,14,0 days 00:01:28.466000,20.0,1.0,,0 days 01:26:07.444000,0 days 00:00:27.533000,0 days 00:00:28.663000,0 days 00:00:32.270000,0 days 01:25:10.298000,0 days 01:25:38.961000,0 days 01:26:11.231000,315.0,327.0,,336.0,False,MEDIUM,21.0,False,Aston Martin,0 days 01:24:42.704000,,1,10.0,,,False,False,2025,16
0 days 01:27:56.360000,ALO,14,0 days 00:01:45.190000,21.0,2.0,0 days 01:26:32.649000,,0 days 00:00:48.615000,0 days 00:00:28.592000,0 days 00:00:27.983000,0 days 01:26:59.846000,0 days 01:27:28.438000,0 days 01:27:56.421000,319.0,310.0,309.0,282.0,False,HARD,2.0,False,Aston Martin,0 days 01:26:11.170000,,1,15.0,,,False,False,2025,16
0 days 01:32:31.614000,ALO,14,0 days 00:01:47.419000,24.0,2.0,,0 days 01:32:27.788000,0 days 00:00:27.553000,0 days 00:00:28.447000,0 days 00:00:51.419000,0 days 01:31:11.809000,0 days 01:31:40.256000,0 days 01:32:31.675000,311.0,312.0,,322.0,False,HARD,5.0,False,Aston Martin,0 days 01:30:44.195000,,1,19.0,,,False,False,2025,16
0 days 02:11:33.735000,VER,1,0 days 00:01:48.754000,40.0,1.0,,0 days 02:11:32.561000,0 days 00:00:37.142000,0 days 00:00:42.503000,0 days 00:00:29.109000,0 days 02:10:22.251000,0 days 02:11:04.754000,0 days 02:11:33.863000,214.0,215.0,,323.0,False,HARD,40.0,True,Red Bull Racing,0 days 02:09:44.981000,,1,1.0,,,False,False,2025,17
0 days 02:13:35.260000,VER,1,0 days 00:02:01.525000,41.0,2.0,0 days 02:11:52.841000,,0 days 00:00:53.844000,0 days 00:00:42.213000,0 days 00:00:25.468000,0 days 02:12:27.707000,0 days 02:13:09.920000,0 days 02:13:35.388000,206.0,216.0,316.0,319.0,False,MEDIUM,5.0,False,Red Bull Racing,0 days 02:11:33.735000,,1,1.0,,,False,False,2025,17
0 days 02:10:02.215000,RUS,63,0 days 00:01:48.001000,39.0,1.0,,0 days 02:10:00.892000,0 days 00:00:37.123000,0 days 00:00:42.532000,0 days 00:00:28.346000,0 days 02:08:51.360000,0 days 02:09:33.892000,0 days 02:10:02.238000,216.0,218.0,,319.0,False,HARD,39.0,True,Mercedes,0 days 02:08:14.214000,,1,2.0,,,False,False,2025,17
0 days 02:12:02.793000,RUS,63,0 days 00:02:00.578000,40.0,2.0,0 days 02:10:20.803000,,0 days 00:00:53.036000,0 days 00:00:42.172000,0 days 00:00:25.370000,0 days 02:10:55.274000,0 days 02:11:37.446000,0 days 02:12:02.816000,202.0,220.0,322.0,320.0,False,MEDIUM,7.0,False,Mercedes,0 days 02:10:02.215000,,1,2.0,,,False,False,2025,17
0 days 01:49:00.784000,SAI,55,0 days 00:01:49.291000,27.0,1.0,,0 days 01:48:59.466000,0 days 00:00:37.290000,0 days 00:00:42.819000,0 days 00:00:29.182000,0 days 01:47:48.853000,0 days 01:48:31.672000,0 days 01:49:00.854000,201.0,212.0,,316.0,False,MEDIUM,32.0,False,Williams,0 days 01:47:11.493000,,1,3.0,,,False,False,2025,17
0 days 01:51:03.791000,SAI,55,0 days 00:02:03.007000,28.0,2.0,0 days 01:49:19.964000,,0 days 00:00:54.726000,0 days 00:00:42.740000,0 days 00:00:25.541000,0 days 01:49:55.580000,0 days 01:50:38.320000,0 days 01:51:03.861000,193.0,211.0,322.0,317.0,False,HARD,1.0,True,Williams,0 days 01:49:00.784000,,1,6.0,,,False,False,2025,17
0 days 01:33:12.421000,ANT,12,0 days 00:01:49.655000,18.0,1.0,,0 days 01:33:11.151000,0 days 00:00:38.056000,0 days 00:00:43.227000,0 days 00:00:28.372000,0 days 01:32:00.850000,0 days 01:32:44.077000,0 days 01:33:12.449000,196.0,205.0,,325.0,False,MEDIUM,23.0,False,Mercedes,0 days 01:31:22.766000,,12,6.0,,,False,False,2025,17
0 days 01:35:16.055000,ANT,12,0 days 00:02:03.634000,19.0,2.0,0 days 01:33:31.809000,,0 days 00:00:54.850000,0 days 00:00:43.262000,0 days 00:00:25.522000,0 days 01:34:07.299000,0 days 01:34:50.561000,0 days 01:35:16.083000,202.0,211.0,320.0,322.0,False,HARD,1.0,True,Mercedes,0 days 01:33:12.421000,,21,12.0,,,False,False,2025,17
0 days 01:36:44.719000,LAW,30,0 days 00:01:49.664000,20.0,1.0,,0 days 01:36:43.539000,0 days 00:00:37.534000,0 days 00:00:42.992000,0 days 00:00:29.138000,0 days 01:35:32.625000,0 days 01:36:15.617000,0 days 01:36:44.755000,200.0,213.0,,318.0,False,MEDIUM,26.0,False,Racing Bulls,0 days 01:34:55.055000,,1,5.0,,,False,False,2025,17
0 days 01:38:48.331000,LAW,30,0 days 00:02:03.612000,21.0,2.0,0 days 01:37:03.677000,,0 days 00:00:54.445000,0 days 00:00:43.409000,0 days 00:00:25.758000,0 days 01:37:39.200000,0 days 01:38:22.609000,0 days 01:38:48.367000,182.0,201.0,308.0,315.0,False,HARD,2.0,False,Racing Bulls,0 days 01:36:44.719000,,1,10.0,,,False,False,2025,17
0 days 02:08:26.633000,TSU,22,0 days 00:01:48.763000,38.0,1.0,,0 days 02:08:25.366000,0 days 00:00:37.104000,0 days 00:00:42.514000,0 days 00:00:29.145000,0 days 02:07:14.974000,0 days 02:07:57.488000,0 days 02:08:26.633000,205.0,209.0,,318.0,False,HARD,38.0,True,Red Bull Racing,0 days 02:06:37.870000,,1,3.0,,,False,False,2025,17
0 days 02:10:30.118000,TSU,22,0 days 00:02:03.485000,39.0,2.0,0 days 02:08:45.630000,,0 days 00:00:55.211000,0 days 00:00:42.891000,0 days 00:00:25.383000,0 days 02:09:21.844000,0 days 02:10:04.735000,0 days 02:10:30.118000,187.0,203.0,325.0,321.0,False,MEDIUM,7.0,False,Red Bull Racing,0 days 02:08:26.633000,,1,6.0,,,False,False,2025,17
0 days 02:06:42.940000,NOR,4,0 days 00:01:48.087000,37.0,1.0,,0 days 02:06:41.705000,0 days 00:00:36.950000,0 days 00:00:42.482000,0 days 00:00:28.655000,0 days 02:05:31.863000,0 days 02:06:14.345000,0 days 02:06:43,208.0,204.0,,321.0,False,MEDIUM,37.0,True,McLaren,0 days 02:04:54.853000,,1,4.0,,,False,False,2025,17
0 days 02:08:45.795000,NOR,4,0 days 00:02:02.855000,38.0,2.0,0 days 02:07:03.639000,,0 days 00:00:55.198000,0 days 00:00:42.591000,0 days 00:00:25.066000,0 days 02:07:38.198000,0 days 02:08:20.789000,0 days 02:08:45.855000,212.0,213.0,327.0,323.0,False,HARD,1.0,True,McLaren,0 days 02:06:42.940000,,1,8.0,,,False,False,2025,17
0 days 02:05:05.508000,HAM,44,0 days 00:01:48.550000,36.0,1.0,,0 days 02:05:04.310000,0 days 00:00:37.356000,0 days 00:00:42.754000,0 days 00:00:28.440000,0 days 02:03:54.402000,0 days 02:04:37.156000,0 days 02:05:05.596000,202.0,209.0,,320.0,False,HARD,36.0,True,Ferrari,0 days 02:03:16.958000,,1,6.0,,,False,False,2025,17
0 days 02:07:07.203000,HAM,44,0 days 00:02:01.695000,37.0,2.0,0 days 02:05:24.366000,,0 days 00:00:53.740000,0 days 00:00:42.666000,0 days 00:00:25.289000,0 days 02:05:59.336000,0 days 02:06:42.002000,0 days 02:07:07.291000,191.0,210.0,315.0,320.0,False,MEDIUM,1.0,True,Ferrari,0 days 02:05:05.508000,,1,9.0,,,False,False,2025,17
0 days 01:35:02.658000,LEC,16,0 days 00:01:49.688000,19.0,1.0,,0 days 01:35:01.298000,0 days 00:00:37.738000,0 days 00:00:43.118000,0 days 00:00:28.832000,0 days 01:33:50.745000,0 days 01:34:33.863000,0 days 01:35:02.695000,200.0,206.0,,323.0,False,MEDIUM,22.0,False,Ferrari,0 days 01:33:12.970000,,21,7.0,,,False,False,2025,17
0 days 01:37:05.749000,LEC,16,0 days 00:02:03.091000,20.0,2.0,0 days 01:35:21.885000,,0 days 00:00:54.826000,0 days 00:00:42.939000,0 days 00:00:25.326000,0 days 01:35:57.521000,0 days 01:36:40.460000,0 days 01:37:05.786000,198.0,209.0,315.0,321.0,False,HARD,1.0,True,Ferrari,0 days 01:35:02.658000,,1,12.0,,,False,False,2025,17
0 days 01:52:54.732000,HAD,6,0 days 00:01:49.300000,29.0,1.0,,0 days 01:52:53.495000,0 days 00:00:37.487000,0 days 00:00:42.983000,0 days 00:00:28.830000,0 days 01:51:43.060000,0 days 01:52:26.043000,0 days 01:52:54.873000,206.0,211.0,,318.0,False,MEDIUM,33.0,False,Racing Bulls,0 days 01:51:05.432000,,1,8.0,,,False,False,2025,17
0 days 01:54:57.798000,HAD,6,0 days 00:02:03.066000,30.0,2.0,0 days 01:53:13.852000,,0 days 00:00:54.255000,0 days 00:00:42.940000,0 days 00:00:25.871000,0 days 01:53:49.128000,0 days 01:54:32.068000,0 days 01:54:57.939000,201.0,214.0,302.0,315.0,False,HARD,2.0,False,Racing Bulls,0 days 01:52:54.732000,,1,10.0,,,False,False,2025,17
0 days 01:47:40.774000,BOR,5,0 days 00:01:50.598000,26.0,1.0,,0 days 01:47:39.716000,0 days 00:00:38.527000,0 days 00:00:43.374000,0 days 00:00:28.697000,0 days 01:46:28.807000,0 days 01:47:12.181000,0 days 01:47:40.878000,195.0,204.0,,320.0,False,HARD,26.0,True,Kick Sauber,0 days 01:45:50.176000,,1,11.0,,,False,False,2025,17
0 days 01:49:44.516000,BOR,5,0 days 00:02:03.742000,27.0,2.0,0 days 01:48:00.509000,,0 days 00:00:55.206000,0 days 00:00:43.449000,0 days 00:00:25.087000,0 days 01:48:36.084000,0 days 01:49:19.533000,0 days 01:49:44.620000,190.0,203.0,335.0,327.0,False,MEDIUM,4.0,False,Kick Sauber,0 days 01:47:40.774000,,1,16.0,,,False,False,2025,17
0 days 01:51:29.650000,BEA,87,0 days 00:01:50.592000,28.0,1.0,,0 days 01:51:28.382000,0 days 00:00:38.119000,0 days 00:00:43.669000,0 days 00:00:28.804000,0 days 01:50:17.293000,0 days 01:51:00.962000,0 days 01:51:29.766000,194.0,206.0,,324.0,False,HARD,28.0,True,Haas F1 Team,0 days 01:49:39.058000,,1,14.0,,,False,False,2025,17
0 days 01:53:32.875000,BEA,87,0 days 00:02:03.225000,29.0,2.0,0 days 01:51:49.617000,,0 days 00:00:55.142000,0 days 00:00:42.707000,0 days 00:00:25.376000,0 days 01:52:24.908000,0 days 01:53:07.615000,0 days 01:53:32.991000,195.0,215.0,314.0,321.0,False,MEDIUM,1.0,True,Haas F1 Team,0 days 01:51:29.650000,,1,18.0,,,False,False,2025,17
0 days 01:00:04.185000,ALB,23,0 days 00:02:36.417000,1.0,1.0,,0 days 01:00:03.038000,,0 days 00:01:07.421000,0 days 00:00:39.289000,,0 days 00:59:25.053000,0 days 01:00:04.286000,161.0,119.0,,192.0,False,MEDIUM,1.0,True,Williams,0 days 00:57:27.534000,,124,19.0,,,False,False,2025,17
0 days 01:02:45.967000,ALB,23,,2.0,2.0,0 days 01:00:23.788000,,0 days 00:01:04.168000,0 days 00:01:01.023000,0 days 00:00:36.616000,0 days 01:01:08.469000,0 days 01:02:09.570000,0 days 01:02:46.068000,67.0,158.0,212.0,238.0,False,MEDIUM,1.0,True,Williams,0 days 01:00:04.185000,,4,18.0,,,False,False,2025,17
0 days 01:28:16.017000,ALB,23,0 days 00:01:50.919000,15.0,2.0,,0 days 01:28:14.747000,0 days 00:00:38.296000,0 days 00:00:44.071000,0 days 00:00:28.552000,0 days 01:27:03.495000,0 days 01:27:47.566000,0 days 01:28:16.118000,191.0,200.0,,326.0,False,MEDIUM,14.0,True,Williams,0 days 01:26:25.098000,,1,19.0,,,False,False,2025,17
0 days 01:30:19.006000,ALB,23,0 days 00:02:02.989000,16.0,3.0,0 days 01:28:35.357000,,0 days 00:00:54.316000,0 days 00:00:43.132000,0 days 00:00:25.541000,0 days 01:29:10.434000,0 days 01:29:53.566000,0 days 01:30:19.107000,195.0,215.0,318.0,318.0,False,HARD,1.0,True,Williams,0 days 01:28:16.017000,,1,19.0,,,False,False,2025,17
0 days 01:00:00.838000,OCO,31,0 days 00:02:32.985000,1.0,1.0,,0 days 00:59:59.603000,,0 days 00:01:04.655000,0 days 00:00:39.544000,,0 days 00:59:21.417000,0 days 01:00:00.941000,175.0,78.0,,251.0,False,HARD,1.0,True,Haas F1 Team,0 days 00:57:27.534000,,124,18.0,,,False,False,2025,17
0 days 01:02:47.648000,OCO,31,,2.0,2.0,0 days 01:00:20.341000,0 days 01:02:46.419000,0 days 00:01:05.598000,0 days 00:01:01.447000,0 days 00:00:39.833000,0 days 01:01:06.471000,0 days 01:02:07.955000,0 days 01:02:47.887000,49.0,106.0,,213.0,False,MEDIUM,1.0,True,Haas F1 Team,0 days 01:00:00.838000,,4,19.0,,,False,False,2025,17
0 days 01:05:23.718000,OCO,31,,3.0,3.0,0 days 01:03:07.256000,,0 days 00:01:03.076000,0 days 00:00:58.365000,0 days 00:00:34.611000,0 days 01:03:50.965000,0 days 01:04:49.210000,0 days 01:05:23.963000,55.0,157.0,260.0,229.0,False,HARD,2.0,False,Haas F1 Team,0 days 01:02:47.648000,,4,19.0,,,False,False,2025,17
0 days 01:38:48.904000,ALO,14,0 days 00:01:50.767000,21.0,1.0,,0 days 01:38:47.667000,0 days 00:00:37.724000,0 days 00:00:43.486000,0 days 00:00:29.557000,0 days 01:37:35.934000,0 days 01:38:19.420000,0 days 01:38:48.977000,208.0,195.0,,321.0,False,MEDIUM,24.0,False,Aston Martin,0 days 01:36:58.137000,,1,11.0,,,False,False,2025,17
0 days 01:40:58.223000,ALO,14,0 days 00:02:09.319000,22.0,2.0,0 days 01:39:13.348000,,0 days 00:00:59.539000,0 days 00:00:44.117000,0 days 00:00:25.663000,0 days 01:39:48.516000,0 days 01:40:32.633000,0 days 01:40:58.296000,190.0,188.0,334.0,320.0,False,HARD,1.0,True,Aston Martin,0 days 01:38:48.904000,,1,18.0,,,False,False,2025,17
0 days 02:05:46.343000,HUL,27,0 days 00:01:51.613000,36.0,1.0,,0 days 02:05:45.149000,0 days 00:00:38.774000,0 days 00:00:43.848000,0 days 00:00:28.991000,0 days 02:04:33.627000,0 days 02:05:17.475000,0 days 02:05:46.466000,199.0,220.0,,324.0,False,HARD,36.0,True,Kick Sauber,0 days 02:03:54.730000,,1,15.0,,,False,False,2025,17
0 days 02:07:47.782000,HUL,27,0 days 00:02:01.439000,37.0,2.0,0 days 02:06:05.164000,,0 days 00:00:53.697000,0 days 00:00:42.295000,0 days 00:00:25.447000,0 days 02:06:40.163000,0 days 02:07:22.458000,0 days 02:07:47.905000,200.0,214.0,320.0,317.0,False,MEDIUM,1.0,True,Kick Sauber,0 days 02:05:46.343000,,1,17.0,,,False,False,2025,17
0 days 02:07:30.289000,STR,18,0 days 00:01:50.968000,37.0,1.0,,0 days 02:07:29.077000,0 days 00:00:38.507000,0 days 00:00:43.201000,0 days 00:00:29.260000,0 days 02:06:17.867000,0 days 02:07:01.068000,0 days 02:07:30.328000,195.0,205.0,,319.0,False,MEDIUM,40.0,False,Aston Martin,0 days 02:05:39.321000,,1,14.0,,,False,False,2025,17
0 days 02:09:35.776000,STR,18,0 days 00:02:05.487000,38.0,2.0,0 days 02:07:50.863000,,0 days 00:00:56.283000,0 days 00:00:43.672000,0 days 00:00:25.532000,0 days 02:08:26.611000,0 days 02:09:10.283000,0 days 02:09:35.815000,194.0,205.0,320.0,320.0,False,HARD,1.0,True,Aston Martin,0 days 02:07:30.289000,,1,17.0,,,False,False,2025,17
0 days 02:04:05.741000,GAS,10,0 days 00:01:50.710000,35.0,1.0,,0 days 02:04:04.673000,0 days 00:00:38.156000,0 days 00:00:43.663000,0 days 00:00:28.891000,0 days 02:02:53.332000,0 days 02:03:36.995000,0 days 02:04:05.886000,193.0,207.0,,322.0,False,HARD,35.0,True,Alpine,0 days 02:02:15.031000,,1,18.0,,,False,False,2025,17
0 days 02:06:10.406000,GAS,10,0 days 00:02:04.665000,36.0,2.0,0 days 02:04:26.340000,,0 days 00:00:55.496000,0 days 00:00:43.675000,0 days 00:00:25.494000,0 days 02:05:01.382000,0 days 02:05:45.057000,0 days 02:06:10.551000,190.0,205.0,315.0,322.0,False,MEDIUM,1.0,True,Alpine,0 days 02:04:05.741000,,1,19.0,,,False,False,2025,17
0 days 01:30:01.526000,COL,43,0 days 00:01:50.980000,16.0,1.0,,0 days 01:30:00.346000,0 days 00:00:38.413000,0 days 00:00:43.766000,0 days 00:00:28.801000,0 days 01:28:48.988000,0 days 01:29:32.754000,0 days 01:30:01.555000,199.0,210.0,,319.0,False,MEDIUM,16.0,True,Alpine,0 days 01:28:10.546000,,1,16.0,,,False,False,2025,17
0 days 01:32:18.154000,COL,43,0 days 00:02:16.628000,17.0,2.0,0 days 01:30:21.491000,,0 days 00:00:56.168000,0 days 00:00:54.634000,0 days 00:00:25.826000,0 days 01:30:57.723000,0 days 01:31:52.357000,0 days 01:32:18.183000,207.0,194.0,310.0,318.0,False,HARD,1.0,True,Alpine,0 days 01:30:01.526000,,12,19.0,,,False,False,2025,17
0 days 01:35:38.208000,RUS,63,0 days 00:01:43.178000,25.0,1.0,,0 days 01:35:32.507000,0 days 00:00:28.747000,0 days 00:00:41.237000,0 days 00:00:33.194000,0 days 01:34:23.809000,0 days 01:35:05.046000,0 days 01:35:38.240000,290.0,263.0,,285.0,False,MEDIUM,25.0,True,Mercedes,0 days 01:33:55.030000,,1,1.0,,,False,False,2025,18
0 days 01:37:31.306000,RUS,63,0 days 00:01:53.098000,26.0,2.0,0 days 01:35:56.501000,,0 days 00:00:45.791000,0 days 00:00:40.340000,0 days 00:00:26.967000,0 days 01:36:24.031000,0 days 01:37:04.371000,0 days 01:37:31.338000,288.0,260.0,251.0,285.0,False,HARD,1.0,True,Mercedes,0 days 01:35:38.208000,,1,3.0,,,False,False,2025,18
0 days 01:26:04.389000,VER,1,0 days 00:01:43.287000,19.0,1.0,,0 days 01:25:58.620000,0 days 00:00:28.933000,0 days 00:00:41.202000,0 days 00:00:33.152000,0 days 01:24:50.095000,0 days 01:25:31.297000,0 days 01:26:04.449000,284.0,260.0,,280.0,False,SOFT,22.0,False,Red Bull Racing,0 days 01:24:21.102000,,1,4.0,,,False,False,2025,18
0 days 01:27:57.425000,VER,1,0 days 00:01:53.036000,20.0,2.0,0 days 01:26:22.690000,,0 days 00:00:45.627000,0 days 00:00:40.421000,0 days 00:00:26.988000,0 days 01:26:50.076000,0 days 01:27:30.497000,0 days 01:27:57.485000,284.0,260.0,249.0,280.0,False,HARD,1.0,True,Red Bull Racing,0 days 01:26:04.389000,,1,7.0,,,False,False,2025,18
0 days 01:37:23.719000,NOR,4,0 days 00:01:42.705000,26.0,1.0,,0 days 01:37:17.996000,0 days 00:00:28.768000,0 days 00:00:40.955000,0 days 00:00:32.982000,0 days 01:36:09.871000,0 days 01:36:50.826000,0 days 01:37:23.808000,286.0,261.0,,279.0,False,MEDIUM,26.0,True,McLaren,0 days 01:35:41.014000,,1,2.0,,,False,False,2025,18
0 days 01:39:15.665000,NOR,4,0 days 00:01:51.946000,27.0,2.0,0 days 01:37:41.203000,,0 days 00:00:44.640000,0 days 00:00:40.277000,0 days 00:00:27.029000,0 days 01:38:08.448000,0 days 01:38:48.725000,0 days 01:39:15.754000,284.0,258.0,250.0,279.0,False,HARD,1.0,True,McLaren,0 days 01:37:23.719000,,1,4.0,,,False,False,2025,18
0 days 01:39:05.142000,PIA,81,0 days 00:01:42.830000,27.0,1.0,,0 days 01:38:59.354000,0 days 00:00:28.735000,0 days 00:00:40.964000,0 days 00:00:33.131000,0 days 01:37:51.150000,0 days 01:38:32.114000,0 days 01:39:05.245000,284.0,258.0,,279.0,False,MEDIUM,27.0,True,McLaren,0 days 01:37:22.312000,,1,1.0,,,False,False,2025,18
0 days 01:41:01.185000,PIA,81,0 days 00:01:56.043000,28.0,2.0,0 days 01:39:26.033000,,0 days 00:00:48.263000,0 days 00:00:40.573000,0 days 00:00:27.207000,0 days 01:39:53.508000,0 days 01:40:34.081000,0 days 01:41:01.288000,281.0,257.0,250.0,279.0,False,HARD,1.0,True,McLaren,0 days 01:39:05.142000,,1,4.0,,,False,False,2025,18
0 days 01:35:59.196000,ANT,12,0 days 00:01:42.347000,25.0,1.0,,0 days 01:35:53.444000,0 days 00:00:28.581000,0 days 00:00:40.964000,0 days 00:00:32.802000,0 days 01:34:45.496000,0 days 01:35:26.460000,0 days 01:35:59.262000,293.0,264.0,,286.0,False,MEDIUM,25.0,True,Mercedes,0 days 01:34:16.849000,,1,5.0,,,False,False,2025,18
0 days 01:37:53.706000,ANT,12,0 days 00:01:54.510000,26.0,2.0,0 days 01:36:17.163000,,0 days 00:00:46.451000,0 days 00:00:40.857000,0 days 00:00:27.202000,0 days 01:36:45.713000,0 days 01:37:26.570000,0 days 01:37:53.772000,292.0,265.0,249.0,286.0,False,HARD,1.0,True,Mercedes,0 days 01:35:59.196000,,1,7.0,,,False,False,2025,18
0 days 01:29:30.208000,LEC,16,0 days 00:01:43.372000,21.0,1.0,,0 days 01:29:24.436000,0 days 00:00:28.846000,0 days 00:00:41.183000,0 days 00:00:33.343000,0 days 01:28:15.762000,0 days 01:28:56.945000,0 days 01:29:30.288000,291.0,262.0,,285.0,False,MEDIUM,21.0,True,Ferrari,0 days 01:27:46.836000,,1,6.0,,,False,False,2025,18
0 days 01:31:24.397000,LEC,16,0 days 00:01:54.189000,22.0,2.0,0 days 01:29:48.148000,,0 days 00:00:45.619000,0 days 00:00:41.214000,0 days 00:00:27.356000,0 days 01:30:15.907000,0 days 01:30:57.121000,0 days 01:31:24.477000,316.0,262.0,249.0,285.0,False,HARD,1.0,True,Ferrari,0 days 01:29:30.208000,,1,9.0,,,False,False,2025,18
0 days 01:39:33.837000,ALO,14,0 days 00:01:45.503000,27.0,1.0,,0 days 01:39:28.221000,0 days 00:00:29.155000,0 days 00:00:42.004000,0 days 00:00:34.344000,0 days 01:38:17.512000,0 days 01:38:59.516000,0 days 01:39:33.860000,288.0,259.0,,280.0,False,SOFT,30.0,False,Aston Martin,0 days 01:37:48.334000,,1,7.0,,,False,False,2025,18
0 days 01:41:36.193000,ALO,14,0 days 00:02:02.356000,28.0,2.0,0 days 01:39:58.885000,,0 days 00:00:52.827000,0 days 00:00:41.908000,0 days 00:00:27.621000,0 days 01:40:26.687000,0 days 01:41:08.595000,0 days 01:41:36.216000,288.0,258.0,247.0,280.0,False,MEDIUM,2.0,False,Aston Martin,0 days 01:39:33.837000,,1,15.0,,,False,False,2025,18
0 days 01:34:27.611000,HAM,44,0 days 00:01:43.559000,24.0,1.0,,0 days 01:34:21.905000,0 days 00:00:28.935000,0 days 00:00:41.460000,0 days 00:00:33.164000,0 days 01:33:13.091000,0 days 01:33:54.551000,0 days 01:34:27.715000,294.0,264.0,,287.0,False,MEDIUM,24.0,True,Ferrari,0 days 01:32:44.052000,,1,6.0,,,False,False,2025,18
0 days 01:36:22.269000,HAM,44,0 days 00:01:54.658000,25.0,2.0,0 days 01:34:46.623000,,0 days 00:00:46.473000,0 days 00:00:40.943000,0 days 00:00:27.242000,0 days 01:35:14.188000,0 days 01:35:55.131000,0 days 01:36:22.373000,291.0,263.0,250.0,287.0,False,HARD,1.0,True,Ferrari,0 days 01:34:27.611000,,1,8.0,,,False,False,2025,18
0 days 02:10:08.772000,HAM,44,0 days 00:01:41.821000,46.0,2.0,,0 days 02:10:03.032000,0 days 00:00:28.590000,0 days 00:00:40.643000,0 days 00:00:32.588000,0 days 02:08:55.645000,0 days 02:09:36.288000,0 days 02:10:08.876000,298.0,266.0,,289.0,False,HARD,22.0,True,Ferrari,0 days 02:08:26.951000,,1,7.0,,,False,False,2025,18
0 days 02:11:59.275000,HAM,44,0 days 00:01:50.503000,47.0,3.0,0 days 02:10:26.416000,,0 days 00:00:44.667000,0 days 00:00:39.476000,0 days 00:00:26.360000,0 days 02:10:53.543000,0 days 02:11:33.019000,0 days 02:11:59.379000,291.0,262.0,253.0,289.0,False,SOFT,4.0,False,Ferrari,0 days 02:10:08.772000,,1,7.0,,,False,False,2025,18
0 days 01:33:05.163000,BEA,87,0 days 00:01:43.418000,23.0,1.0,,0 days 01:32:59.369000,0 days 00:00:28.877000,0 days 00:00:41.407000,0 days 00:00:33.134000,0 days 01:31:50.699000,0 days 01:32:32.106000,0 days 01:33:05.240000,292.0,264.0,,285.0,False,MEDIUM,23.0,True,Haas F1 Team,0 days 01:31:21.745000,,1,10.0,,,False,False,2025,18
0 days 01:34:59.239000,BEA,87,0 days 00:01:54.076000,24.0,2.0,0 days 01:33:23.467000,,0 days 00:00:45.703000,0 days 00:00:41.027000,0 days 00:00:27.346000,0 days 01:33:50.943000,0 days 01:34:31.970000,0 days 01:34:59.316000,295.0,263.0,248.0,285.0,False,HARD,1.0,True,Haas F1 Team,0 days 01:33:05.163000,,1,15.0,,,False,False,2025,18
0 days 02:17:42.412000,SAI,55,0 days 00:01:43.958000,50.0,1.0,,0 days 02:17:36.703000,0 days 00:00:29.090000,0 days 00:00:41.936000,0 days 00:00:32.932000,0 days 02:16:27.575000,0 days 02:17:09.511000,0 days 02:17:42.443000,293.0,262.0,,281.0,False,MEDIUM,50.0,True,Williams,0 days 02:15:58.454000,,1,12.0,,,False,False,2025,18
0 days 02:19:35.710000,SAI,55,0 days 00:01:53.298000,51.0,2.0,0 days 02:18:00.733000,,0 days 00:00:45.151000,0 days 00:00:40.846000,0 days 00:00:27.301000,0 days 02:18:27.594000,0 days 02:19:08.440000,0 days 02:19:35.741000,315.0,273.0,249.0,281.0,False,SOFT,1.0,True,Williams,0 days 02:17:42.412000,,1,14.0,,,False,False,2025,18
0 days 01:28:10.730000,HAD,6,0 days 00:01:44.812000,20.0,1.0,,0 days 01:28:04.958000,0 days 00:00:29.431000,0 days 00:00:41.794000,0 days 00:00:33.587000,0 days 01:26:55.407000,0 days 01:27:37.201000,0 days 01:28:10.788000,277.0,256.0,,268.0,False,SOFT,22.0,False,Racing Bulls,0 days 01:26:25.918000,,1,11.0,,,False,False,2025,18
0 days 01:30:06.756000,HAD,6,0 days 00:01:56.026000,21.0,2.0,0 days 01:28:28.780000,,0 days 00:00:46.217000,0 days 00:00:42.025000,0 days 00:00:27.784000,0 days 01:28:57.005000,0 days 01:29:39.030000,0 days 01:30:06.814000,285.0,258.0,244.0,268.0,False,HARD,1.0,True,Racing Bulls,0 days 01:28:10.730000,,1,17.0,,,False,False,2025,18
0 days 01:16:52.935000,TSU,22,0 days 00:01:45.142000,13.0,1.0,,0 days 01:16:47.243000,0 days 00:00:29.160000,0 days 00:00:42.106000,0 days 00:00:33.876000,0 days 01:15:37.019000,0 days 01:16:19.125000,0 days 01:16:53.001000,305.0,260.0,,295.0,False,SOFT,13.0,True,Red Bull Racing,0 days 01:15:07.793000,,1,20.0,,,False,False,2025,18
0 days 01:18:49.930000,TSU,22,0 days 00:01:56.995000,14.0,2.0,0 days 01:17:11.742000,,0 days 00:00:47.589000,0 days 00:00:41.819000,0 days 00:00:27.587000,0 days 01:17:40.590000,0 days 01:18:22.409000,0 days 01:18:49.996000,282.0,256.0,247.0,295.0,False,HARD,1.0,True,Red Bull Racing,0 days 01:16:52.935000,,1,19.0,,,False,False,2025,18
0 days 01:57:58.021000,STR,18,0 days 00:01:45.618000,38.0,1.0,,0 days 01:57:52.398000,0 days 00:00:29.312000,0 days 00:00:42.537000,0 days 00:00:33.769000,0 days 01:56:41.715000,0 days 01:57:24.252000,0 days 01:57:58.021000,280.0,256.0,,278.0,False,SOFT,38.0,True,Aston Martin,0 days 01:56:12.403000,,1,13.0,,,False,False,2025,18
0 days 01:59:52.545000,STR,18,0 days 00:01:54.524000,39.0,2.0,0 days 01:58:16.266000,,0 days 00:00:46.033000,0 days 00:00:41.194000,0 days 00:00:27.297000,0 days 01:58:44.054000,0 days 01:59:25.248000,0 days 01:59:52.545000,280.0,256.0,248.0,278.0,False,MEDIUM,2.0,False,Aston Martin,0 days 01:57:58.021000,,1,20.0,,,False,False,2025,18
0 days 00:56:54.696000,ALB,23,0 days 00:01:56.760000,1.0,1.0,0 days 00:55:08.635000,,,0 days 00:00:47.458000,0 days 00:00:29.737000,,0 days 00:56:25.073000,0 days 00:56:54.918000,289.0,258.0,239.0,,False,MEDIUM,1.0,True,Williams,0 days 00:54:57.735000,,1,20.0,,,False,False,2025,18
0 days 02:04:38.296000,ALB,23,0 days 00:01:48.020000,42.0,1.0,,0 days 02:04:32.477000,0 days 00:00:29.061000,0 days 00:00:44.963000,0 days 00:00:33.996000,0 days 02:03:19.382000,0 days 02:04:04.345000,0 days 02:04:38.341000,295.0,264.0,,285.0,False,MEDIUM,42.0,True,Williams,0 days 02:02:50.276000,,1,13.0,,,False,False,2025,18
0 days 02:06:35.293000,ALB,23,0 days 00:01:56.997000,43.0,2.0,0 days 02:04:58.212000,,0 days 00:00:47.001000,0 days 00:00:42.640000,0 days 00:00:27.356000,0 days 02:05:25.342000,0 days 02:06:07.982000,0 days 02:06:35.338000,283.0,268.0,248.0,285.0,False,SOFT,1.0,True,Williams,0 days 02:04:38.296000,,1,20.0,,,False,False,2025,18
0 days 02:14:25.397000,LAW,30,0 days 00:01:46.869000,48.0,1.0,,0 days 02:14:19.560000,0 days 00:00:29.646000,0 days 00:00:43.072000,0 days 00:00:34.151000,0 days 02:13:08.198000,0 days 02:13:51.270000,0 days 02:14:25.421000,288.0,259.0,,293.0,False,MEDIUM,48.0,True,Racing Bulls,0 days 02:12:38.528000,,1,13.0,,,False,False,2025,18
0 days 02:16:21.053000,LAW,30,0 days 00:01:55.656000,49.0,2.0,0 days 02:14:43.743000,,0 days 00:00:46.781000,0 days 00:00:41.345000,0 days 00:00:27.530000,0 days 02:15:12.202000,0 days 02:15:53.547000,0 days 02:16:21.077000,306.0,270.0,249.0,293.0,False,SOFT,1.0,True,Racing Bulls,0 days 02:14:25.397000,,1,19.0,,,False,False,2025,18
0 days 01:18:25.578000,COL,43,0 days 00:01:44.453000,14.0,1.0,,0 days 01:18:19.919000,0 days 00:00:29.300000,0 days 00:00:42.054000,0 days 00:00:33.099000,0 days 01:17:10.544000,0 days 01:17:52.598000,0 days 01:18:25.697000,291.0,260.0,,285.0,False,SOFT,14.0,True,Alpine,0 days 01:16:41.125000,,1,15.0,,,False,False,2025,18
0 days 01:20:19.894000,COL,43,0 days 00:01:54.316000,15.0,2.0,0 days 01:18:43.875000,,0 days 00:00:46.404000,0 days 00:00:40.813000,0 days 00:00:27.099000,0 days 01:19:12.101000,0 days 01:19:52.914000,0 days 01:20:20.013000,287.0,260.0,250.0,285.0,False,MEDIUM,1.0,True,Alpine,0 days 01:18:25.578000,,1,18.0,,,False,False,2025,18
0 days 01:16:50.053000,BOR,5,0 days 00:01:44.393000,13.0,1.0,,0 days 01:16:44.262000,0 days 00:00:29.221000,0 days 00:00:41.813000,0 days 00:00:33.359000,0 days 01:15:34.929000,0 days 01:16:16.742000,0 days 01:16:50.101000,291.0,263.0,,280.0,False,MEDIUM,13.0,True,Kick Sauber,0 days 01:15:05.660000,,1,17.0,,,False,False,2025,18
0 days 01:18:54.016000,BOR,5,0 days 00:02:03.963000,14.0,2.0,0 days 01:17:17.165000,,0 days 00:00:55.248000,0 days 00:00:41.214000,0 days 00:00:27.501000,0 days 01:17:45.349000,0 days 01:18:26.563000,0 days 01:18:54.064000,288.0,262.0,248.0,280.0,False,HARD,1.0,True,Kick Sauber,0 days 01:16:50.053000,,1,20.0,,,False,False,2025,18
0 days 01:44:46.042000,OCO,31,0 days 00:01:44.299000,30.0,1.0,,0 days 01:44:40.291000,0 days 00:00:29.087000,0 days 00:00:41.857000,0 days 00:00:33.355000,0 days 01:43:30.874000,0 days 01:44:12.731000,0 days 01:44:46.086000,296.0,264.0,,285.0,False,MEDIUM,30.0,True,Haas F1 Team,0 days 01:43:01.743000,,1,12.0,,,False,False,2025,18
0 days 01:46:41.239000,OCO,31,0 days 00:01:55.197000,31.0,2.0,0 days 01:45:05.450000,,0 days 00:00:47.072000,0 days 00:00:40.786000,0 days 00:00:27.339000,0 days 01:45:33.158000,0 days 01:46:13.944000,0 days 01:46:41.283000,290.0,265.0,248.0,285.0,False,HARD,1.0,True,Haas F1 Team,0 days 01:44:46.042000,,1,20.0,,,False,False,2025,18
0 days 00:56:54.277000,GAS,10,0 days 00:01:56.341000,1.0,1.0,0 days 00:55:07.706000,,,0 days 00:00:47.764000,0 days 00:00:29.755000,,0 days 00:56:24.714000,0 days 00:56:54.450000,289.0,249.0,242.0,,False,MEDIUM,1.0,True,Alpine,0 days 00:54:57.735000,,1,19.0,,,False,False,2025,18
0 days 01:35:02.088000,GAS,10,0 days 00:01:44.096000,24.0,1.0,,0 days 01:34:56.421000,0 days 00:00:29.114000,0 days 00:00:41.977000,0 days 00:00:33.005000,0 days 01:33:47.164000,0 days 01:34:29.141000,0 days 01:35:02.146000,289.0,258.0,,283.0,False,MEDIUM,24.0,True,Alpine,0 days 01:33:17.992000,,1,17.0,,,False,False,2025,18
0 days 01:36:57.265000,GAS,10,0 days 00:01:55.177000,25.0,2.0,0 days 01:35:22.009000,,0 days 00:00:47.236000,0 days 00:00:40.733000,0 days 00:00:27.208000,0 days 01:35:49.382000,0 days 01:36:30.115000,0 days 01:36:57.323000,287.0,259.0,249.0,283.0,False,HARD,1.0,True,Alpine,0 days 01:35:02.088000,,1,20.0,,,False,False,2025,18
0 days 02:19:46.232000,GAS,10,0 days 00:01:47.482000,51.0,2.0,,0 days 02:19:40.595000,0 days 00:00:30.518000,0 days 00:00:42.680000,0 days 00:00:34.284000,0 days 02:18:29.326000,0 days 02:19:12.006000,0 days 02:19:46.290000,310.0,269.0,,284.0,False,HARD,27.0,True,Alpine,0 days 02:17:58.750000,,1,19.0,,,False,False,2025,18
0 days 02:21:39.281000,GAS,10,0 days 00:01:53.049000,52.0,3.0,0 days 02:20:05.734000,,0 days 00:00:46.491000,0 days 00:00:39.834000,0 days 00:00:26.724000,0 days 02:20:32.781000,0 days 02:21:12.615000,0 days 02:21:39.339000,287.0,260.0,255.0,284.0,False,SOFT,1.0,True,Alpine,0 days 02:19:46.232000,,1,20.0,,,False,False,2025,18
0 days 01:36:26.742000,HUL,27,0 days 00:01:43.809000,25.0,1.0,,0 days 01:36:21.085000,0 days 00:00:28.896000,0 days 00:00:41.490000,0 days 00:00:33.423000,0 days 01:35:11.907000,0 days 01:35:53.397000,0 days 01:36:26.820000,287.0,260.0,,282.0,False,MEDIUM,25.0,True,Kick Sauber,0 days 01:34:42.933000,,1,11.0,,,False,False,2025,18
0 days 01:38:21.714000,HUL,27,0 days 00:01:54.972000,26.0,2.0,0 days 01:36:45.117000,,0 days 00:00:46.034000,0 days 00:00:41.432000,0 days 00:00:27.506000,0 days 01:37:12.854000,0 days 01:37:54.286000,0 days 01:38:21.792000,288.0,260.0,252.0,282.0,False,HARD,1.0,True,Kick Sauber,0 days 01:36:26.742000,,1,18.0,,,False,False,2025,18
0 days 02:08:22.291000,HUL,27,0 days 00:02:02.923000,44.0,2.0,,0 days 02:08:16.479000,0 days 00:00:28.699000,0 days 00:00:58.921000,0 days 00:00:35.303000,0 days 02:06:48.145000,0 days 02:07:47.066000,0 days 02:08:22.369000,308.0,237.0,,301.0,False,HARD,19.0,True,Kick Sauber,0 days 02:06:19.368000,,12,20.0,,,False,False,2025,18
0 days 02:10:23.782000,HUL,27,0 days 00:02:01.491000,45.0,3.0,0 days 02:08:48.391000,,0 days 00:00:53.791000,0 days 00:00:40.683000,0 days 00:00:27.017000,0 days 02:09:16.160000,0 days 02:09:56.843000,0 days 02:10:23.860000,283.0,258.0,249.0,301.0,False,SOFT,1.0,True,Kick Sauber,0 days 02:08:22.291000,,1,20.0,,,False,False,2025,18
0 days 01:52:40.240000,VER,1,0 days 00:01:41.408000,33.0,1.0,,0 days 01:52:39.562000,0 days 00:00:26.678000,0 days 00:00:40.553000,0 days 00:00:34.177000,0 days 01:51:25.550000,0 days 01:52:06.103000,0 days 01:52:40.280000,221.0,180.0,,307.0,False,MEDIUM,33.0,True,Red Bull Racing,0 days 01:50:58.832000,,1,1.0,,,False,False,2025,19
0 days 01:54:38.545000,VER,1,0 days 00:01:58.305000,34.0,2.0,0 days 01:53:03.283000,,0 days 00:00:46.346000,0 days 00:00:39.590000,0 days 00:00:32.369000,0 days 01:53:26.626000,0 days 01:54:06.216000,0 days 01:54:38.585000,223.0,181.0,204.0,305.0,False,SOFT,3.0,False,Red Bull Racing,0 days 01:52:40.240000,,1,1.0,,,False,False,2025,19
0 days 01:43:32.327000,GAS,10,0 days 00:01:42.200000,27.0,1.0,,0 days 01:43:31.489000,0 days 00:00:27.013000,0 days 00:00:40.718000,0 days 00:00:34.469000,0 days 01:42:17.191000,0 days 01:42:57.909000,0 days 01:43:32.378000,218.0,178.0,,297.0,False,MEDIUM,27.0,True,Alpine,0 days 01:41:50.127000,,1,13.0,,,False,False,2025,19
0 days 01:45:34.624000,GAS,10,0 days 00:02:02.297000,28.0,2.0,0 days 01:43:58.004000,,0 days 00:00:49.769000,0 days 00:00:39.654000,0 days 00:00:32.874000,0 days 01:44:22.147000,0 days 01:45:01.801000,0 days 01:45:34.675000,216.0,181.0,207.0,318.0,False,SOFT,3.0,False,Alpine,0 days 01:43:32.327000,,1,19.0,,,False,False,2025,19
0 days 01:50:15.889000,ANT,12,0 days 00:01:42.151000,31.0,1.0,,0 days 01:50:14.987000,0 days 00:00:27.076000,0 days 00:00:40.416000,0 days 00:00:34.659000,0 days 01:49:00.850000,0 days 01:49:41.266000,0 days 01:50:15.925000,209.0,180.0,,309.0,False,MEDIUM,31.0,True,Mercedes,0 days 01:48:33.738000,,1,10.0,,,False,False,2025,19
0 days 01:52:18.548000,ANT,12,0 days 00:02:02.659000,32.0,2.0,0 days 01:50:38.901000,,0 days 00:00:48.457000,0 days 00:00:40.920000,0 days 00:00:33.282000,0 days 01:51:04.382000,0 days 01:51:45.302000,0 days 01:52:18.584000,207.0,173.0,206.0,299.0,False,SOFT,4.0,False,Mercedes,0 days 01:50:15.889000,,1,18.0,,,False,False,2025,19
0 days 01:48:25.123000,ALO,14,0 days 00:01:42.592000,30.0,1.0,,0 days 01:48:24.274000,0 days 00:00:26.981000,0 days 00:00:40.364000,0 days 00:00:35.247000,0 days 01:47:09.555000,0 days 01:47:49.919000,0 days 01:48:25.166000,213.0,184.0,,305.0,False,MEDIUM,31.0,False,Aston Martin,0 days 01:46:42.531000,,1,9.0,,,False,False,2025,19
0 days 01:50:25.164000,ALO,14,0 days 00:02:00.041000,31.0,2.0,0 days 01:48:48.208000,,0 days 00:00:46.970000,0 days 00:00:39.691000,0 days 00:00:33.380000,0 days 01:49:12.136000,0 days 01:49:51.827000,0 days 01:50:25.207000,213.0,185.0,208.0,303.0,False,SOFT,4.0,False,Aston Martin,0 days 01:48:25.123000,,1,14.0,,,False,False,2025,19
0 days 01:34:34.174000,LEC,16,0 days 00:01:42.445000,22.0,1.0,,0 days 01:34:33.344000,0 days 00:00:26.576000,0 days 00:00:41.193000,0 days 00:00:34.676000,0 days 01:33:18.338000,0 days 01:33:59.531000,0 days 01:34:34.207000,216.0,180.0,,302.0,False,SOFT,25.0,False,Ferrari,0 days 01:32:51.729000,,1,4.0,,,False,False,2025,19
0 days 01:36:33.787000,LEC,16,0 days 00:01:59.613000,23.0,2.0,0 days 01:34:56.987000,,0 days 00:00:46.265000,0 days 00:00:40.207000,0 days 00:00:33.141000,0 days 01:35:20.472000,0 days 01:36:00.679000,0 days 01:36:33.820000,222.0,176.0,203.0,298.0,False,MEDIUM,1.0,True,Ferrari,0 days 01:34:34.174000,,1,9.0,,,False,False,2025,19
0 days 01:45:10.289000,STR,18,0 days 00:01:41.870000,28.0,1.0,,0 days 01:45:09.357000,0 days 00:00:26.894000,0 days 00:00:40.642000,0 days 00:00:34.334000,0 days 01:43:55.329000,0 days 01:44:35.971000,0 days 01:45:10.305000,210.0,182.0,,304.0,False,SOFT,28.0,True,Aston Martin,0 days 01:43:28.419000,,1,12.0,,,False,False,2025,19
0 days 01:47:09.463000,STR,18,0 days 00:01:59.174000,29.0,2.0,0 days 01:45:33.573000,,0 days 00:00:46.737000,0 days 00:00:39.480000,0 days 00:00:32.957000,0 days 01:45:57.042000,0 days 01:46:36.522000,0 days 01:47:09.479000,212.0,180.0,207.0,300.0,False,MEDIUM,2.0,False,Aston Martin,0 days 01:45:10.289000,,1,16.0,,,False,False,2025,19
0 days 01:46:31.453000,TSU,22,0 days 00:01:42.402000,29.0,1.0,,0 days 01:46:30.886000,0 days 00:00:27.039000,0 days 00:00:40.428000,0 days 00:00:34.935000,0 days 01:45:16.126000,0 days 01:45:56.554000,0 days 01:46:31.489000,216.0,173.0,,306.0,False,MEDIUM,29.0,True,Red Bull Racing,0 days 01:44:49.051000,,1,7.0,,,False,False,2025,19
0 days 01:48:31.549000,TSU,22,0 days 00:02:00.096000,30.0,2.0,0 days 01:46:55.048000,,0 days 00:00:47.491000,0 days 00:00:39.463000,0 days 00:00:33.142000,0 days 01:47:18.980000,0 days 01:47:58.443000,0 days 01:48:31.585000,211.0,177.0,201.0,301.0,False,SOFT,1.0,True,Red Bull Racing,0 days 01:46:31.453000,,1,11.0,,,False,False,2025,19
0 days 01:09:21.728000,ALB,23,0 days 00:02:10.241000,7.0,1.0,,0 days 01:09:20.832000,0 days 00:00:27.207000,0 days 00:00:56.073000,0 days 00:00:46.961000,0 days 01:07:38.694000,0 days 01:08:34.767000,0 days 01:09:21.728000,213.0,137.0,,241.0,False,HARD,7.0,True,Williams,0 days 01:07:11.487000,,26,17.0,,,False,False,2025,19
0 days 01:11:41.949000,ALB,23,0 days 00:02:20.221000,8.0,2.0,0 days 01:09:44.599000,,0 days 00:00:50.891000,0 days 00:00:54.545000,0 days 00:00:34.785000,0 days 01:10:12.619000,0 days 01:11:07.164000,0 days 01:11:41.949000,192.0,152.0,204.0,226.0,False,MEDIUM,1.0,True,Williams,0 days 01:09:21.728000,,671,19.0,,,False,False,2025,19
0 days 01:58:40.692000,ALB,23,0 days 00:01:41.501000,36.0,2.0,,0 days 01:58:40.075000,0 days 00:00:26.755000,0 days 00:00:40.291000,0 days 00:00:34.455000,0 days 01:57:25.946000,0 days 01:58:06.237000,0 days 01:58:40.692000,218.0,181.0,,310.0,False,MEDIUM,29.0,True,Williams,0 days 01:56:59.191000,,1,10.0,,,False,False,2025,19
0 days 02:00:39.771000,ALB,23,0 days 00:01:59.079000,37.0,3.0,0 days 01:59:04.308000,,0 days 00:00:47.078000,0 days 00:00:39.441000,0 days 00:00:32.560000,0 days 01:59:27.770000,0 days 02:00:07.211000,0 days 02:00:39.771000,217.0,185.0,206.0,310.0,False,SOFT,1.0,True,Williams,0 days 01:58:40.692000,,1,17.0,,,False,False,2025,19
0 days 01:53:15.841000,HUL,27,0 days 00:01:41.064000,33.0,1.0,,0 days 01:53:14.937000,0 days 00:00:26.814000,0 days 00:00:40.256000,0 days 00:00:33.994000,0 days 01:52:01.628000,0 days 01:52:41.884000,0 days 01:53:15.878000,212.0,183.0,,306.0,False,MEDIUM,33.0,True,Kick Sauber,0 days 01:51:34.777000,,1,5.0,,,False,False,2025,19
0 days 01:55:15.415000,HUL,27,0 days 00:01:59.574000,34.0,2.0,0 days 01:53:38.691000,,0 days 00:00:46.461000,0 days 00:00:39.950000,0 days 00:00:33.163000,0 days 01:54:02.339000,0 days 01:54:42.289000,0 days 01:55:15.452000,209.0,183.0,208.0,299.0,False,SOFT,4.0,False,Kick Sauber,0 days 01:53:15.841000,,12,9.0,,,False,False,2025,19
0 days 01:48:27.873000,LAW,30,0 days 00:01:41.587000,30.0,1.0,,0 days 01:48:27.276000,0 days 00:00:26.778000,0 days 00:00:40.357000,0 days 00:00:34.452000,0 days 01:47:13.113000,0 days 01:47:53.470000,0 days 01:48:27.922000,222.0,180.0,,296.0,False,MEDIUM,30.0,True,Racing Bulls,0 days 01:46:46.286000,,1,10.0,,,False,False,2025,19
0 days 01:50:27.645000,LAW,30,0 days 00:01:59.772000,31.0,2.0,0 days 01:48:50.700000,,0 days 00:00:46.882000,0 days 00:00:39.778000,0 days 00:00:33.112000,0 days 01:49:14.804000,0 days 01:49:54.582000,0 days 01:50:27.694000,219.0,181.0,204.0,294.0,False,SOFT,1.0,True,Racing Bulls,0 days 01:48:27.873000,,1,15.0,,,False,False,2025,19
0 days 01:38:34.636000,OCO,31,0 days 00:01:42.213000,24.0,1.0,,0 days 01:38:33.734000,0 days 00:00:26.729000,0 days 00:00:40.639000,0 days 00:00:34.845000,0 days 01:37:19.208000,0 days 01:37:59.847000,0 days 01:38:34.692000,219.0,179.0,,309.0,False,HARD,24.0,True,Haas F1 Team,0 days 01:36:52.423000,,1,17.0,,,False,False,2025,19
0 days 01:40:35.044000,OCO,31,0 days 00:02:00.408000,25.0,2.0,0 days 01:38:58.822000,,0 days 00:00:47.802000,0 days 00:00:39.663000,0 days 00:00:32.943000,0 days 01:39:22.494000,0 days 01:40:02.157000,0 days 01:40:35.100000,229.0,179.0,201.0,299.0,False,MEDIUM,1.0,True,Haas F1 Team,0 days 01:38:34.636000,,1,19.0,,,False,False,2025,19
0 days 01:51:09.903000,NOR,4,0 days 00:01:41.727000,32.0,1.0,,0 days 01:51:09.034000,0 days 00:00:26.440000,0 days 00:00:40.957000,0 days 00:00:34.330000,0 days 01:49:54.661000,0 days 01:50:35.618000,0 days 01:51:09.948000,227.0,183.0,,303.0,False,MEDIUM,32.0,True,McLaren,0 days 01:49:28.176000,,1,2.0,,,False,False,2025,19
0 days 01:53:09.164000,NOR,4,0 days 00:01:59.261000,33.0,2.0,0 days 01:51:33.549000,,0 days 00:00:47.530000,0 days 00:00:39.328000,0 days 00:00:32.403000,0 days 01:51:57.478000,0 days 01:52:36.806000,0 days 01:53:09.209000,216.0,185.0,204.0,300.0,False,SOFT,7.0,False,McLaren,0 days 01:51:09.903000,,1,4.0,,,False,False,2025,19
0 days 01:52:05.722000,COL,43,0 days 00:01:42.054000,32.0,1.0,,0 days 01:52:05.080000,0 days 00:00:26.874000,0 days 00:00:40.734000,0 days 00:00:34.446000,0 days 01:50:50.601000,0 days 01:51:31.335000,0 days 01:52:05.781000,222.0,175.0,,307.0,False,MEDIUM,32.0,True,Alpine,0 days 01:50:23.668000,,1,11.0,,,False,False,2025,19
0 days 01:54:06.881000,COL,43,0 days 00:02:01.159000,33.0,2.0,0 days 01:52:28.865000,,0 days 00:00:47.512000,0 days 00:00:40.304000,0 days 00:00:33.343000,0 days 01:52:53.293000,0 days 01:53:33.597000,0 days 01:54:06.940000,213.0,175.0,202.0,306.0,False,SOFT,3.0,False,Alpine,0 days 01:52:05.722000,,1,19.0,,,False,False,2025,19
0 days 01:49:37.833000,HAM,44,0 days 00:01:41.625000,31.0,1.0,,0 days 01:49:36.921000,0 days 00:00:26.403000,0 days 00:00:40.441000,0 days 00:00:34.781000,0 days 01:48:22.645000,0 days 01:49:03.086000,0 days 01:49:37.867000,231.0,180.0,,308.0,False,MEDIUM,31.0,True,Ferrari,0 days 01:47:56.208000,,1,3.0,,,False,False,2025,19
0 days 01:51:37.295000,HAM,44,0 days 00:01:59.462000,32.0,2.0,0 days 01:50:00.873000,,0 days 00:00:46.736000,0 days 00:00:39.696000,0 days 00:00:33.030000,0 days 01:50:24.603000,0 days 01:51:04.299000,0 days 01:51:37.329000,216.0,182.0,203.0,301.0,False,SOFT,3.0,False,Ferrari,0 days 01:49:37.833000,,1,6.0,,,False,False,2025,19
0 days 01:21:32.509000,BOR,5,0 days 00:01:41.933000,14.0,1.0,,0 days 01:21:31.655000,0 days 00:00:27.039000,0 days 00:00:40.554000,0 days 00:00:34.340000,0 days 01:20:17.639000,0 days 01:20:58.193000,0 days 01:21:32.533000,206.0,181.0,,317.0,False,SOFT,14.0,True,Kick Sauber,0 days 01:19:50.576000,,1,13.0,,,False,False,2025,19
0 days 01:23:34.386000,BOR,5,0 days 00:02:01.877000,15.0,2.0,0 days 01:21:57.269000,,0 days 00:00:48.679000,0 days 00:00:40.177000,0 days 00:00:33.021000,0 days 01:22:21.212000,0 days 01:23:01.389000,0 days 01:23:34.410000,217.0,183.0,200.0,293.0,False,MEDIUM,1.0,True,Kick Sauber,0 days 01:21:32.509000,,1,19.0,,,False,False,2025,19
0 days 01:58:53.375000,BOR,5,0 days 00:01:41.160000,36.0,2.0,,0 days 01:58:52.523000,0 days 00:00:26.611000,0 days 00:00:40.235000,0 days 00:00:34.314000,0 days 01:57:38.850000,0 days 01:58:19.085000,0 days 01:58:53.399000,216.0,182.0,,304.0,False,MEDIUM,22.0,True,Kick Sauber,0 days 01:57:12.215000,,1,15.0,,,False,False,2025,19
0 days 02:00:52.234000,BOR,5,0 days 00:01:58.859000,37.0,3.0,0 days 01:59:16.496000,,0 days 00:00:46.654000,0 days 00:00:39.506000,0 days 00:00:32.699000,0 days 01:59:40.053000,0 days 02:00:19.559000,0 days 02:00:52.258000,220.0,186.0,201.0,297.0,False,SOFT,1.0,True,Kick Sauber,0 days 01:58:53.375000,,1,19.0,,,False,False,2025,19
0 days 01:45:22.886000,HAD,6,0 days 00:01:41.674000,28.0,1.0,,0 days 01:45:22.347000,0 days 00:00:26.862000,0 days 00:00:40.399000,0 days 00:00:34.413000,0 days 01:44:08.099000,0 days 01:44:48.498000,0 days 01:45:22.911000,219.0,180.0,,308.0,False,HARD,28.0,True,Racing Bulls,0 days 01:43:41.212000,,1,16.0,,,False,False,2025,19
0 days 01:47:22.293000,HAD,6,0 days 00:01:59.407000,29.0,2.0,0 days 01:45:45.815000,,0 days 00:00:46.568000,0 days 00:00:39.836000,0 days 00:00:33.003000,0 days 01:46:09.479000,0 days 01:46:49.315000,0 days 01:47:22.318000,225.0,177.0,202.0,299.0,False,SOFT,1.0,True,Racing Bulls,0 days 01:45:22.886000,,1,19.0,,,False,False,2025,19
0 days 01:53:05.837000,RUS,63,0 days 00:01:41.652000,33.0,1.0,,0 days 01:53:04.998000,0 days 00:00:26.722000,0 days 00:00:40.518000,0 days 00:00:34.412000,0 days 01:51:50.956000,0 days 01:52:31.474000,0 days 01:53:05.886000,223.0,182.0,,305.0,False,MEDIUM,33.0,True,Mercedes,0 days 01:51:24.185000,,1,2.0,,,False,False,2025,19
0 days 01:55:03.655000,RUS,63,0 days 00:01:57.818000,34.0,2.0,0 days 01:53:28.463000,,0 days 00:00:46.199000,0 days 00:00:39.156000,0 days 00:00:32.463000,0 days 01:53:52.085000,0 days 01:54:31.241000,0 days 01:55:03.704000,228.0,184.0,204.0,300.0,False,SOFT,4.0,False,Mercedes,0 days 01:53:05.837000,,12,6.0,,,False,False,2025,19
0 days 01:48:01.942000,PIA,81,0 days 00:01:41.292000,30.0,1.0,,0 days 01:48:00.997000,0 days 00:00:26.647000,0 days 00:00:40.259000,0 days 00:00:34.386000,0 days 01:46:47.327000,0 days 01:47:27.586000,0 days 01:48:01.972000,220.0,183.0,,306.0,False,MEDIUM,30.0,True,McLaren,0 days 01:46:20.650000,,1,4.0,,,False,False,2025,19
0 days 01:50:01.040000,PIA,81,0 days 00:01:59.098000,31.0,2.0,0 days 01:48:24.457000,,0 days 00:00:46.310000,0 days 00:00:39.650000,0 days 00:00:33.138000,0 days 01:48:48.282000,0 days 01:49:27.932000,0 days 01:50:01.070000,218.0,183.0,201.0,301.0,False,SOFT,4.0,False,McLaren,0 days 01:48:01.942000,,1,7.0,,,False,False,2025,19
0 days 01:48:13.655000,BEA,87,0 days 00:01:41.097000,30.0,1.0,,0 days 01:48:13.090000,0 days 00:00:26.532000,0 days 00:00:40.191000,0 days 00:00:34.374000,0 days 01:46:59.151000,0 days 01:47:39.342000,0 days 01:48:13.716000,223.0,184.0,,311.0,False,MEDIUM,30.0,True,Haas F1 Team,0 days 01:46:32.558000,,1,7.0,,,False,False,2025,19
0 days 01:50:12.352000,BEA,87,0 days 00:01:58.697000,31.0,2.0,0 days 01:48:36.802000,,0 days 00:00:46.242000,0 days 00:00:39.564000,0 days 00:00:32.891000,0 days 01:48:59.958000,0 days 01:49:39.522000,0 days 01:50:12.413000,229.0,183.0,204.0,301.0,False,SOFT,4.0,False,Haas F1 Team,0 days 01:48:13.655000,,1,9.0,,,False,False,2025,19
0 days 01:48:41.709000,VER,1,0 days 00:01:27.255000,37.0,1.0,,0 days 01:48:39.134000,0 days 00:00:29.249000,0 days 00:00:32.963000,0 days 00:00:25.043000,0 days 01:47:43.719000,0 days 01:48:16.682000,0 days 01:48:41.725000,289.0,281.0,,325.0,False,MEDIUM,37.0,True,Red Bull Racing,0 days 01:47:14.454000,,1,2.0,,,False,False,2025,20
0 days 01:50:22.608000,VER,1,0 days 00:01:40.899000,38.0,2.0,0 days 01:49:01.864000,,0 days 00:00:48.138000,0 days 00:00:31.824000,0 days 00:00:20.937000,0 days 01:49:29.863000,0 days 01:50:01.687000,0 days 01:50:22.624000,288.0,282.0,247.0,306.0,False,SOFT,4.0,False,Red Bull Racing,0 days 01:48:41.709000,,1,8.0,,,False,False,2025,20
0 days 01:43:56.955000,GAS,10,0 days 00:01:28.210000,33.0,1.0,,0 days 01:43:54.452000,0 days 00:00:29.550000,0 days 00:00:33.355000,0 days 00:00:25.305000,0 days 01:42:58.313000,0 days 01:43:31.668000,0 days 01:43:56.973000,293.0,279.0,,327.0,False,MEDIUM,33.0,True,Alpine,0 days 01:42:28.745000,,1,18.0,,,False,False,2025,20
0 days 01:45:39.003000,GAS,10,0 days 00:01:42.048000,34.0,2.0,0 days 01:44:17.228000,,0 days 00:00:48.287000,0 days 00:00:32.411000,0 days 00:00:21.350000,0 days 01:44:45.260000,0 days 01:45:17.671000,0 days 01:45:39.021000,294.0,280.0,245.0,305.0,False,SOFT,1.0,True,Alpine,0 days 01:43:56.955000,,1,18.0,,,False,False,2025,20
0 days 01:27:50.806000,ANT,12,0 days 00:01:26.134000,22.0,1.0,,0 days 01:27:48.170000,0 days 00:00:29.083000,0 days 00:00:32.485000,0 days 00:00:24.566000,0 days 01:26:53.779000,0 days 01:27:26.264000,0 days 01:27:50.830000,294.0,283.0,,330.0,False,SOFT,25.0,False,Mercedes,0 days 01:26:24.672000,,1,8.0,,,False,False,2025,20
0 days 01:29:31.364000,ANT,12,0 days 00:01:40.558000,23.0,2.0,0 days 01:28:10.623000,,0 days 00:00:47.713000,0 days 00:00:31.869000,0 days 00:00:20.976000,0 days 01:28:38.543000,0 days 01:29:10.412000,0 days 01:29:31.388000,297.0,282.0,245.0,303.0,False,MEDIUM,1.0,False,Mercedes,0 days 01:27:50.806000,,1,13.0,,,False,False,2025,20
0 days 02:02:36.163000,ANT,12,0 days 00:01:26.184000,47.0,2.0,,0 days 02:02:33.545000,0 days 00:00:28.975000,0 days 00:00:32.825000,0 days 00:00:24.384000,0 days 02:01:38.978000,0 days 02:02:11.803000,0 days 02:02:36.187000,288.0,282.0,,335.0,False,MEDIUM,25.0,False,Mercedes,0 days 02:01:09.979000,,1,6.0,,,False,False,2025,20
0 days 02:04:18.621000,ANT,12,0 days 00:01:42.458000,48.0,3.0,0 days 02:02:58.099000,,0 days 00:00:50.004000,0 days 00:00:31.697000,0 days 00:00:20.757000,0 days 02:03:26.191000,0 days 02:03:57.888000,0 days 02:04:18.645000,288.0,281.0,249.0,307.0,False,SOFT,4.0,False,Mercedes,0 days 02:02:36.163000,,1,8.0,,,False,False,2025,20
0 days 01:25:23.445000,ALO,14,0 days 00:01:28.541000,20.0,1.0,,0 days 01:25:20.882000,0 days 00:00:30.387000,0 days 00:00:33.179000,0 days 00:00:24.975000,0 days 01:24:25.329000,0 days 01:24:58.508000,0 days 01:25:23.483000,280.0,286.0,,328.0,False,SOFT,20.0,True,Aston Martin,0 days 01:23:54.904000,,1,15.0,,,False,False,2025,20
0 days 01:27:08.823000,ALO,14,0 days 00:01:45.378000,21.0,2.0,0 days 01:25:47.750000,,0 days 00:00:52.329000,0 days 00:00:32.087000,0 days 00:00:20.962000,0 days 01:26:15.812000,0 days 01:26:47.899000,0 days 01:27:08.861000,278.0,280.0,246.0,304.0,False,MEDIUM,2.0,False,Aston Martin,0 days 01:25:23.445000,,1,19.0,,,False,False,2025,20
0 days 01:45:14.079000,ALO,14,0 days 00:01:33.698000,34.0,2.0,,0 days 01:45:11.490000,0 days 00:00:29.694000,0 days 00:00:34.511000,0 days 00:00:29.493000,0 days 01:44:10.113000,0 days 01:44:44.624000,0 days 01:45:14.117000,206.0,218.0,,327.0,False,MEDIUM,15.0,False,Aston Martin,0 days 01:43:40.381000,,1,16.0,,,False,False,2025,20
0 days 01:40:08.856000,LEC,16,0 days 00:01:27.353000,31.0,1.0,,0 days 01:40:06.174000,0 days 00:00:29.294000,0 days 00:00:32.922000,0 days 00:00:25.137000,0 days 01:39:10.809000,0 days 01:39:43.731000,0 days 01:40:08.868000,284.0,280.0,,323.0,False,SOFT,31.0,True,Ferrari,0 days 01:38:41.503000,,1,2.0,,,False,False,2025,20
0 days 01:41:50.348000,LEC,16,0 days 00:01:41.492000,32.0,2.0,0 days 01:40:28.568000,,0 days 00:00:47.597000,0 days 00:00:32.401000,0 days 00:00:21.494000,0 days 01:40:56.465000,0 days 01:41:28.866000,0 days 01:41:50.360000,279.0,277.0,245.0,308.0,False,MEDIUM,1.0,True,Ferrari,0 days 01:40:08.856000,,1,3.0,,,False,False,2025,20
0 days 01:33:45.996000,STR,18,0 days 00:01:27.111000,26.0,1.0,,0 days 01:33:43.524000,0 days 00:00:29.478000,0 days 00:00:32.875000,0 days 00:00:24.758000,0 days 01:32:48.389000,0 days 01:33:21.264000,0 days 01:33:46.022000,283.0,277.0,,331.0,False,SOFT,26.0,True,Aston Martin,0 days 01:32:18.885000,,1,12.0,,,False,False,2025,20
0 days 01:35:27.541000,STR,18,0 days 00:01:41.545000,27.0,2.0,0 days 01:34:05.449000,,0 days 00:00:47.902000,0 days 00:00:32.061000,0 days 00:00:21.582000,0 days 01:34:33.924000,0 days 01:35:05.985000,0 days 01:35:27.567000,295.0,287.0,245.0,307.0,False,MEDIUM,2.0,False,Aston Martin,0 days 01:33:45.996000,,1,18.0,,,False,False,2025,20
0 days 01:57:31.193000,STR,18,0 days 00:01:25.444000,43.0,2.0,,0 days 01:57:28.672000,0 days 00:00:29.040000,0 days 00:00:32.130000,0 days 00:00:24.274000,0 days 01:56:34.815000,0 days 01:57:06.945000,0 days 01:57:31.219000,290.0,281.0,,327.0,False,MEDIUM,18.0,False,Aston Martin,0 days 01:56:05.749000,,1,11.0,,,False,False,2025,20
0 days 01:59:13.655000,STR,18,0 days 00:01:42.462000,44.0,3.0,0 days 01:57:52.295000,,0 days 00:00:49.789000,0 days 00:00:31.981000,0 days 00:00:20.692000,0 days 01:58:21.008000,0 days 01:58:52.989000,0 days 01:59:13.681000,277.0,287.0,248.0,304.0,False,SOFT,2.0,False,Aston Martin,0 days 01:57:31.193000,,1,15.0,,,False,False,2025,20
0 days 01:47:36.523000,TSU,22,0 days 00:01:27.065000,36.0,1.0,,0 days 01:47:33.892000,0 days 00:00:29.319000,0 days 00:00:32.921000,0 days 00:00:24.825000,0 days 01:46:38.784000,0 days 01:47:11.705000,0 days 01:47:36.530000,290.0,282.0,,328.0,False,MEDIUM,36.0,True,Red Bull Racing,0 days 01:46:09.458000,,1,9.0,,,False,False,2025,20
0 days 01:49:26.857000,TSU,22,0 days 00:01:50.334000,37.0,2.0,0 days 01:48:05.614000,,0 days 00:00:57.161000,0 days 00:00:32.066000,0 days 00:00:21.107000,0 days 01:48:33.691000,0 days 01:49:05.757000,0 days 01:49:26.864000,279.0,280.0,248.0,306.0,False,SOFT,1.0,True,Red Bull Racing,0 days 01:47:36.523000,,1,15.0,,,False,False,2025,20
0 days 01:54:50.725000,ALB,23,0 days 00:01:26.735000,41.0,1.0,,0 days 01:54:48.157000,0 days 00:00:29.094000,0 days 00:00:32.901000,0 days 00:00:24.740000,0 days 01:53:53.101000,0 days 01:54:26.002000,0 days 01:54:50.742000,294.0,280.0,,333.0,False,HARD,41.0,True,Williams,0 days 01:53:23.990000,,1,13.0,,,False,False,2025,20
0 days 01:56:30.701000,ALB,23,0 days 00:01:39.976000,42.0,2.0,0 days 01:55:10.196000,,0 days 00:00:47.039000,0 days 00:00:31.536000,0 days 00:00:21.401000,0 days 01:55:37.781000,0 days 01:56:09.317000,0 days 01:56:30.718000,292.0,291.0,247.0,310.0,False,SOFT,1.0,True,Williams,0 days 01:54:50.725000,,1,16.0,,,False,False,2025,20
0 days 01:32:32.510000,HUL,27,0 days 00:01:28.796000,25.0,1.0,,0 days 01:32:29.986000,0 days 00:00:30.477000,0 days 00:00:33.083000,0 days 00:00:25.236000,0 days 01:31:34.205000,0 days 01:32:07.288000,0 days 01:32:32.524000,269.0,268.0,,309.0,False,SOFT,25.0,True,Kick Sauber,0 days 01:31:03.714000,,1,16.0,,,False,False,2025,20
0 days 01:00:12.226000,LAW,30,0 days 00:01:31.076000,2.0,1.0,,0 days 01:00:09.599000,0 days 00:00:30.169000,0 days 00:00:34.033000,0 days 00:00:26.874000,0 days 00:59:11.365000,0 days 00:59:45.398000,0 days 01:00:12.272000,278.0,275.0,,328.0,False,SOFT,2.0,True,Racing Bulls,0 days 00:58:41.150000,,1,19.0,,,False,False,2025,20
0 days 01:02:10.683000,LAW,30,0 days 00:01:58.457000,3.0,2.0,0 days 01:00:43.770000,,0 days 00:01:02.821000,0 days 00:00:33.588000,0 days 00:00:22.048000,0 days 01:01:15.093000,0 days 01:01:48.681000,0 days 01:02:10.729000,273.0,275.0,242.0,281.0,False,HARD,1.0,True,Racing Bulls,0 days 01:00:12.226000,,12,20.0,,,False,False,2025,20
0 days 01:05:09.298000,LAW,30,0 days 00:01:33.491000,5.0,2.0,,0 days 01:05:06.760000,0 days 00:00:30.015000,0 days 00:00:33.256000,0 days 00:00:30.220000,0 days 01:04:05.868000,0 days 01:04:39.124000,0 days 01:05:09.344000,279.0,245.0,,317.0,False,HARD,3.0,True,Racing Bulls,0 days 01:03:35.807000,,12,20.0,,,False,False,2025,20
0 days 01:35:01.388000,OCO,31,0 days 00:01:27.287000,27.0,1.0,,0 days 01:34:58.834000,0 days 00:00:29.381000,0 days 00:00:32.830000,0 days 00:00:25.076000,0 days 01:34:03.502000,0 days 01:34:36.332000,0 days 01:35:01.408000,289.0,282.0,,324.0,False,SOFT,27.0,True,Haas F1 Team,0 days 01:33:34.101000,,1,8.0,,,False,False,2025,20
0 days 01:36:43.040000,OCO,31,0 days 00:01:41.652000,28.0,2.0,0 days 01:35:21.929000,,0 days 00:00:48.503000,0 days 00:00:31.954000,0 days 00:00:21.195000,0 days 01:35:49.911000,0 days 01:36:21.865000,0 days 01:36:43.060000,293.0,283.0,247.0,307.0,False,MEDIUM,1.0,True,Haas F1 Team,0 days 01:35:01.388000,,1,14.0,,,False,False,2025,20
0 days 01:44:00.231000,NOR,4,0 days 00:01:26.035000,34.0,1.0,,0 days 01:43:57.572000,0 days 00:00:29.120000,0 days 00:00:32.303000,0 days 00:00:24.612000,0 days 01:43:03.316000,0 days 01:43:35.619000,0 days 01:44:00.231000,286.0,283.0,,317.0,False,SOFT,34.0,True,McLaren,0 days 01:42:34.196000,,1,1.0,,,False,False,2025,20
0 days 01:45:41.617000,NOR,4,0 days 00:01:41.386000,35.0,2.0,0 days 01:44:20.100000,,0 days 00:00:48.296000,0 days 00:00:31.992000,0 days 00:00:21.098000,0 days 01:44:48.527000,0 days 01:45:20.519000,0 days 01:45:41.617000,281.0,283.0,249.0,300.0,False,MEDIUM,1.0,True,McLaren,0 days 01:44:00.231000,,1,1.0,,,False,False,2025,20
0 days 02:04:59.719000,COL,43,0 days 00:01:27.326000,48.0,1.0,,0 days 02:04:57.095000,0 days 00:00:29.428000,0 days 00:00:33.021000,0 days 00:00:24.877000,0 days 02:04:01.870000,0 days 02:04:34.891000,0 days 02:04:59.768000,293.0,280.0,,329.0,False,HARD,48.0,True,Alpine,0 days 02:03:32.393000,,1,17.0,,,False,False,2025,20
0 days 02:06:41.637000,COL,43,0 days 00:01:41.918000,49.0,2.0,0 days 02:05:19.906000,,0 days 00:00:48.504000,0 days 00:00:32.202000,0 days 00:00:21.212000,0 days 02:05:48.272000,0 days 02:06:20.474000,0 days 02:06:41.686000,295.0,280.0,248.0,310.0,False,SOFT,1.0,True,Alpine,0 days 02:04:59.719000,,1,17.0,,,False,False,2025,20
0 days 01:29:09.373000,HAM,44,0 days 00:01:28.985000,23.0,1.0,,0 days 01:29:06.780000,0 days 00:00:29.095000,0 days 00:00:34.807000,0 days 00:00:25.083000,0 days 01:28:09.501000,0 days 01:28:44.308000,0 days 01:29:09.391000,280.0,278.0,,323.0,False,SOFT,26.0,False,Ferrari,0 days 01:27:40.388000,,1,4.0,,,False,False,2025,20
0 days 01:31:01.287000,HAM,44,0 days 00:01:51.914000,24.0,2.0,0 days 01:29:40.174000,,0 days 00:00:58.686000,0 days 00:00:32.239000,0 days 00:00:20.989000,0 days 01:30:08.077000,0 days 01:30:40.316000,0 days 01:31:01.305000,284.0,275.0,247.0,309.0,False,MEDIUM,1.0,True,Ferrari,0 days 01:29:09.373000,,1,14.0,,,False,False,2025,20
0 days 02:02:40.093000,HAM,44,0 days 00:01:26.636000,47.0,2.0,,0 days 02:02:37.399000,0 days 00:00:29.177000,0 days 00:00:32.831000,0 days 00:00:24.628000,0 days 02:01:42.652000,0 days 02:02:15.483000,0 days 02:02:40.111000,288.0,278.0,,327.0,False,MEDIUM,24.0,True,Ferrari,0 days 02:01:13.457000,,1,8.0,,,False,False,2025,20
0 days 02:04:21.251000,HAM,44,0 days 00:01:41.158000,48.0,3.0,0 days 02:03:00.797000,,0 days 00:00:48.537000,0 days 00:00:31.755000,0 days 00:00:20.866000,0 days 02:03:28.648000,0 days 02:04:00.403000,0 days 02:04:21.269000,289.0,276.0,251.0,313.0,False,SOFT,4.0,False,Ferrari,0 days 02:02:40.093000,,1,9.0,,,False,False,2025,20
0 days 01:49:07.712000,BOR,5,0 days 00:01:26.807000,37.0,1.0,,0 days 01:49:05.145000,0 days 00:00:29.354000,0 days 00:00:32.694000,0 days 00:00:24.759000,0 days 01:48:10.275000,0 days 01:48:42.969000,0 days 01:49:07.728000,291.0,281.0,,321.0,False,MEDIUM,37.0,True,Kick Sauber,0 days 01:47:40.905000,,1,10.0,,,False,False,2025,20
0 days 01:50:47.275000,BOR,5,0 days 00:01:39.563000,38.0,2.0,0 days 01:49:27.433000,,0 days 00:00:47.590000,0 days 00:00:31.149000,0 days 00:00:20.824000,0 days 01:49:55.318000,0 days 01:50:26.467000,0 days 01:50:47.291000,298.0,282.0,247.0,306.0,False,SOFT,1.0,True,Kick Sauber,0 days 01:49:07.712000,,1,14.0,,,False,False,2025,20
0 days 01:21:08.458000,SAI,55,0 days 00:01:27.173000,17.0,1.0,,0 days 01:21:05.899000,0 days 00:00:29.633000,0 days 00:00:33.046000,0 days 00:00:24.494000,0 days 01:20:10.938000,0 days 01:20:43.984000,0 days 01:21:08.478000,278.0,280.0,,326.0,False,MEDIUM,17.0,True,Williams,0 days 01:19:41.285000,,1,15.0,,,False,False,2025,20
0 days 01:22:50.974000,SAI,55,0 days 00:01:42.516000,18.0,2.0,0 days 01:21:28.416000,,0 days 00:00:47.358000,0 days 00:00:32.759000,0 days 00:00:22.399000,0 days 01:21:55.836000,0 days 01:22:28.595000,0 days 01:22:50.994000,265.0,269.0,246.0,304.0,False,SOFT,4.0,False,Williams,0 days 01:21:08.458000,,1,19.0,,,False,False,2025,20
0 days 02:01:29.095000,SAI,55,0 days 00:01:26.002000,46.0,2.0,,0 days 02:01:26.279000,0 days 00:00:28.960000,0 days 00:00:32.285000,0 days 00:00:24.757000,0 days 02:00:32.073000,0 days 02:01:04.358000,0 days 02:01:29.115000,301.0,281.0,,330.0,False,SOFT,32.0,False,Williams,0 days 02:00:03.093000,,1,9.0,,,False,False,2025,20
0 days 02:03:16.894000,SAI,55,0 days 00:01:47.799000,47.0,3.0,0 days 02:01:56.702000,,0 days 00:00:55.680000,0 days 00:00:31.613000,0 days 00:00:20.506000,0 days 02:02:24.795000,0 days 02:02:56.408000,0 days 02:03:16.914000,298.0,283.0,250.0,308.0,False,SOFT,4.0,False,Williams,0 days 02:01:29.095000,,1,14.0,,,False,False,2025,20
0 days 02:15:29.921000,SAI,55,0 days 00:01:25.116000,56.0,3.0,,0 days 02:15:27.048000,0 days 00:00:28.551000,0 days 00:00:31.833000,0 days 00:00:24.732000,0 days 02:14:33.376000,0 days 02:15:05.209000,0 days 02:15:29.941000,298.0,285.0,,336.0,False,SOFT,13.0,False,Williams,0 days 02:14:04.805000,,1,13.0,,,False,False,2025,20
0 days 02:17:05.974000,SAI,55,0 days 00:01:36.053000,57.0,4.0,0 days 02:15:44.933000,,0 days 00:00:42.879000,0 days 00:00:32.219000,0 days 00:00:20.955000,0 days 02:16:12.820000,0 days 02:16:45.039000,0 days 02:17:05.994000,294.0,284.0,249.0,314.0,False,SOFT,14.0,False,Williams,0 days 02:15:29.921000,,1,15.0,,,False,False,2025,20
0 days 01:44:54.579000,HAD,6,0 days 00:01:27.423000,34.0,1.0,,0 days 01:44:51.921000,0 days 00:00:29.657000,0 days 00:00:32.876000,0 days 00:00:24.890000,0 days 01:43:56.838000,0 days 01:44:29.714000,0 days 01:44:54.604000,292.0,279.0,,319.0,False,MEDIUM,34.0,True,Racing Bulls,0 days 01:43:27.156000,,1,12.0,,,False,False,2025,20
0 days 01:46:35.313000,HAD,6,0 days 00:01:40.734000,35.0,2.0,0 days 01:45:14.214000,,0 days 00:00:47.660000,0 days 00:00:31.936000,0 days 00:00:21.138000,0 days 01:45:42.264000,0 days 01:46:14.200000,0 days 01:46:35.338000,282.0,280.0,245.0,304.0,False,SOFT,4.0,False,Racing Bulls,0 days 01:44:54.579000,,1,15.0,,,False,False,2025,20
0 days 01:32:02.361000,RUS,63,0 days 00:01:26.420000,25.0,1.0,,0 days 01:31:59.773000,0 days 00:00:29.206000,0 days 00:00:32.638000,0 days 00:00:24.576000,0 days 01:31:05.169000,0 days 01:31:37.807000,0 days 01:32:02.383000,281.0,280.0,,327.0,False,SOFT,28.0,False,Mercedes,0 days 01:30:35.941000,,1,4.0,,,False,False,2025,20
0 days 01:33:43.279000,RUS,63,0 days 00:01:40.918000,26.0,2.0,0 days 01:32:22.191000,,0 days 00:00:47.699000,0 days 00:00:31.786000,0 days 00:00:21.433000,0 days 01:32:50.082000,0 days 01:33:21.868000,0 days 01:33:43.301000,297.0,289.0,246.0,311.0,False,MEDIUM,1.0,True,Mercedes,0 days 01:32:02.361000,,1,10.0,,,False,False,2025,20
0 days 02:03:56.184000,RUS,63,0 days 00:01:25.208000,48.0,2.0,,0 days 02:03:53.585000,0 days 00:00:28.734000,0 days 00:00:32.190000,0 days 00:00:24.284000,0 days 02:02:59.732000,0 days 02:03:31.922000,0 days 02:03:56.206000,291.0,284.0,,332.0,False,MEDIUM,23.0,True,Mercedes,0 days 02:02:30.976000,,1,4.0,,,False,False,2025,20
0 days 02:05:35.992000,RUS,63,0 days 00:01:39.808000,49.0,3.0,0 days 02:04:16.038000,,0 days 00:00:47.734000,0 days 00:00:31.415000,0 days 00:00:20.659000,0 days 02:04:43.940000,0 days 02:05:15.355000,0 days 02:05:36.014000,299.0,282.0,251.0,308.0,False,SOFT,4.0,False,Mercedes,0 days 02:03:56.184000,,1,5.0,,,False,False,2025,20
0 days 01:30:40.482000,PIA,81,0 days 00:01:26.653000,24.0,1.0,,0 days 01:30:37.871000,0 days 00:00:29.237000,0 days 00:00:32.796000,0 days 00:00:24.620000,0 days 01:29:43.089000,0 days 01:30:15.885000,0 days 01:30:40.505000,293.0,280.0,,324.0,False,SOFT,27.0,False,McLaren,0 days 01:29:13.829000,,1,6.0,,,False,False,2025,20
0 days 01:32:22.057000,PIA,81,0 days 00:01:41.575000,25.0,2.0,0 days 01:31:01.062000,,0 days 00:00:48.435000,0 days 00:00:31.710000,0 days 00:00:21.430000,0 days 01:31:28.940000,0 days 01:32:00.650000,0 days 01:32:22.080000,295.0,291.0,246.0,311.0,False,MEDIUM,1.0,True,McLaren,0 days 01:30:40.482000,,1,13.0,,,False,False,2025,20
0 days 02:02:36.844000,PIA,81,0 days 00:01:26.262000,47.0,2.0,,0 days 02:02:34.296000,0 days 00:00:28.510000,0 days 00:00:33.194000,0 days 00:00:24.558000,0 days 02:01:39.115000,0 days 02:02:12.309000,0 days 02:02:36.867000,285.0,286.0,,357.0,False,MEDIUM,23.0,True,McLaren,0 days 02:01:10.582000,,1,7.0,,,False,False,2025,20
0 days 02:04:16.288000,PIA,81,0 days 00:01:39.444000,48.0,3.0,0 days 02:02:56.501000,,0 days 00:00:47.317000,0 days 00:00:31.580000,0 days 00:00:20.547000,0 days 02:03:24.184000,0 days 02:03:55.764000,0 days 02:04:16.311000,293.0,279.0,252.0,308.0,False,SOFT,4.0,False,McLaren,0 days 02:02:36.844000,,1,7.0,,,False,False,2025,20
0 days 01:30:33.753000,BEA,87,0 days 00:01:26.191000,24.0,1.0,,0 days 01:30:31.137000,0 days 00:00:29.145000,0 days 00:00:32.343000,0 days 00:00:24.703000,0 days 01:29:36.735000,0 days 01:30:09.078000,0 days 01:30:33.781000,290.0,281.0,,320.0,False,SOFT,27.0,False,Haas F1 Team,0 days 01:29:07.562000,,1,4.0,,,False,False,2025,20
0 days 01:32:15.371000,BEA,87,0 days 00:01:41.618000,25.0,2.0,0 days 01:30:53.788000,,0 days 00:00:48.109000,0 days 00:00:32.239000,0 days 00:00:21.270000,0 days 01:31:21.890000,0 days 01:31:54.129000,0 days 01:32:15.399000,287.0,284.0,247.0,309.0,False,MEDIUM,1.0,True,Haas F1 Team,0 days 01:30:33.753000,,1,9.0,,,False,False,2025,20
0 days 02:03:53.767000,BEA,87,0 days 00:01:25.115000,48.0,2.0,,0 days 02:03:51.122000,0 days 00:00:28.855000,0 days 00:00:32.024000,0 days 00:00:24.236000,0 days 02:02:57.535000,0 days 02:03:29.559000,0 days 02:03:53.795000,286.0,282.0,,326.0,False,MEDIUM,24.0,True,Haas F1 Team,0 days 02:02:28.652000,,1,3.0,,,False,False,2025,20
0 days 02:05:33.813000,BEA,87,0 days 00:01:40.046000,49.0,3.0,0 days 02:04:13.311000,,0 days 00:00:47.360000,0 days 00:00:31.809000,0 days 00:00:20.877000,0 days 02:04:41.155000,0 days 02:05:12.964000,0 days 02:05:33.841000,288.0,280.0,249.0,306.0,False,SOFT,4.0,False,Haas F1 Team,0 days 02:03:53.767000,,1,4.0,,,False,False,2025,20
0 days 00:58:21.863000,VER,1,0 days 00:01:27.191000,1.0,1.0,0 days 00:57:08.347000,,,0 days 00:00:39.288000,0 days 00:00:17.131000,,0 days 00:58:04.976000,0 days 00:58:22.006000,306.0,244.0,305.0,,False,HARD,1.0,True,Red Bull Racing,0 days 00:56:54.480000,,12,18.0,,,False,False,2025,21
0 days 01:08:51.748000,VER,1,0 days 00:01:47.461000,7.0,1.0,,0 days 01:08:48.918000,0 days 00:00:34.453000,0 days 00:00:45.325000,0 days 00:00:27.683000,0 days 01:07:38.806000,0 days 01:08:24.131000,0 days 01:08:51.814000,157.0,178.0,,287.0,False,HARD,7.0,True,Red Bull Racing,0 days 01:07:04.287000,,26,17.0,,,False,False,2025,21
0 days 01:10:36.096000,VER,1,0 days 00:01:44.348000,8.0,2.0,0 days 01:09:12.204000,,0 days 00:00:37.366000,0 days 00:00:49.826000,0 days 00:00:17.156000,0 days 01:09:29.180000,0 days 01:10:19.006000,0 days 01:10:36.162000,287.0,178.0,318.0,287.0,False,MEDIUM,1.0,True,Red Bull Racing,0 days 01:08:51.748000,,671,18.0,,,False,False,2025,21
0 days 01:43:08.876000,VER,1,0 days 00:01:19.344000,34.0,2.0,,0 days 01:43:06.142000,0 days 00:00:19.175000,0 days 00:00:38.975000,0 days 00:00:21.194000,0 days 01:42:08.773000,0 days 01:42:47.748000,0 days 01:43:08.942000,312.0,253.0,,308.0,False,MEDIUM,27.0,True,Red Bull Racing,0 days 01:41:49.532000,,1,5.0,,,False,False,2025,21
0 days 01:44:40.213000,VER,1,0 days 00:01:31.337000,35.0,3.0,0 days 01:43:29.172000,,0 days 00:00:36.894000,0 days 00:00:37.657000,0 days 00:00:16.786000,0 days 01:43:45.836000,0 days 01:44:23.493000,0 days 01:44:40.279000,304.0,254.0,327.0,308.0,False,MEDIUM,1.0,True,Red Bull Racing,0 days 01:43:08.876000,,1,11.0,,,False,False,2025,21
0 days 02:08:05.009000,VER,1,0 days 00:01:17.514000,54.0,3.0,,0 days 02:08:02.145000,0 days 00:00:18.817000,0 days 00:00:38.042000,0 days 00:00:20.655000,0 days 02:07:06.378000,0 days 02:07:44.420000,0 days 02:08:05.075000,314.0,255.0,,305.0,False,MEDIUM,20.0,True,Red Bull Racing,0 days 02:06:47.495000,,1,1.0,,,False,False,2025,21
0 days 02:09:35.326000,VER,1,0 days 00:01:30.317000,55.0,4.0,0 days 02:08:25.635000,,0 days 00:00:36.840000,0 days 00:00:36.746000,0 days 00:00:16.731000,0 days 02:08:41.915000,0 days 02:09:18.661000,0 days 02:09:35.392000,306.0,255.0,311.0,305.0,False,SOFT,1.0,True,Red Bull Racing,0 days 02:08:05.009000,,1,4.0,,,False,False,2025,21
0 days 01:23:05.072000,GAS,10,0 days 00:01:19.740000,18.0,1.0,,0 days 01:23:02.441000,0 days 00:00:19.223000,0 days 00:00:39.232000,0 days 00:00:21.285000,0 days 01:22:04.657000,0 days 01:22:43.889000,0 days 01:23:05.174000,319.0,245.0,,309.0,False,SOFT,21.0,False,Alpine,0 days 01:21:45.332000,,1,11.0,,,False,False,2025,21
0 days 01:24:37.219000,GAS,10,0 days 00:01:32.147000,19.0,2.0,0 days 01:23:25.939000,,0 days 00:00:37.513000,0 days 00:00:37.952000,0 days 00:00:16.682000,0 days 01:23:42.687000,0 days 01:24:20.639000,0 days 01:24:37.321000,296.0,257.0,325.0,309.0,False,MEDIUM,1.0,True,Alpine,0 days 01:23:05.072000,,1,16.0,,,False,False,2025,21
0 days 01:49:41.415000,GAS,10,0 days 00:01:18.463000,39.0,2.0,,0 days 01:49:38.646000,0 days 00:00:19.021000,0 days 00:00:38.481000,0 days 00:00:20.961000,0 days 01:48:42.075000,0 days 01:49:20.556000,0 days 01:49:41.517000,306.0,249.0,,303.0,False,MEDIUM,21.0,True,Alpine,0 days 01:48:22.952000,,1,8.0,,,False,False,2025,21
0 days 01:51:13.822000,GAS,10,0 days 00:01:32.407000,40.0,3.0,0 days 01:50:02.264000,,0 days 00:00:37.588000,0 days 00:00:38.119000,0 days 00:00:16.700000,0 days 01:50:19.105000,0 days 01:50:57.224000,0 days 01:51:13.924000,299.0,259.0,326.0,303.0,False,MEDIUM,7.0,False,Alpine,0 days 01:49:41.415000,,1,16.0,,,False,False,2025,21
0 days 01:26:40.691000,ANT,12,0 days 00:01:19.328000,21.0,1.0,,0 days 01:26:37.851000,0 days 00:00:19.244000,0 days 00:00:38.705000,0 days 00:00:21.379000,0 days 01:25:40.717000,0 days 01:26:19.422000,0 days 01:26:40.801000,311.0,252.0,,301.0,False,SOFT,24.0,False,Mercedes,0 days 01:25:21.363000,,1,4.0,,,False,False,2025,21
0 days 01:28:13.441000,ANT,12,0 days 00:01:32.750000,22.0,2.0,0 days 01:27:01.261000,,0 days 00:00:37.875000,0 days 00:00:38.117000,0 days 00:00:16.758000,0 days 01:27:18.676000,0 days 01:27:56.793000,0 days 01:28:13.551000,299.0,259.0,323.0,301.0,False,MEDIUM,1.0,True,Mercedes,0 days 01:26:40.691000,,1,11.0,,,False,False,2025,21
0 days 01:59:20.570000,ANT,12,0 days 00:01:19.038000,47.0,2.0,,0 days 01:59:17.759000,0 days 00:00:19.115000,0 days 00:00:38.869000,0 days 00:00:21.054000,0 days 01:58:20.757000,0 days 01:58:59.626000,0 days 01:59:20.680000,311.0,256.0,,303.0,False,MEDIUM,26.0,True,Mercedes,0 days 01:58:01.532000,,1,3.0,,,False,False,2025,21
0 days 02:00:53.574000,ANT,12,0 days 00:01:33.004000,48.0,3.0,0 days 01:59:41.180000,,0 days 00:00:37.840000,0 days 00:00:38.153000,0 days 00:00:17.011000,0 days 01:59:58.520000,0 days 02:00:36.673000,0 days 02:00:53.684000,300.0,259.0,308.0,303.0,False,MEDIUM,6.0,False,Mercedes,0 days 01:59:20.570000,,1,6.0,,,False,False,2025,21
0 days 01:35:49.763000,ALO,14,0 days 00:01:19.939000,28.0,1.0,,0 days 01:35:47.019000,0 days 00:00:19.276000,0 days 00:00:39.281000,0 days 00:00:21.382000,0 days 01:34:49.185000,0 days 01:35:28.466000,0 days 01:35:49.848000,308.0,256.0,,307.0,False,HARD,28.0,True,Aston Martin,0 days 01:34:29.824000,,1,11.0,,,False,False,2025,21
0 days 01:37:23.467000,ALO,14,0 days 00:01:33.704000,29.0,2.0,0 days 01:36:11.039000,,0 days 00:00:38.002000,0 days 00:00:38.594000,0 days 00:00:17.108000,0 days 01:36:27.850000,0 days 01:37:06.444000,0 days 01:37:23.552000,297.0,248.0,305.0,307.0,False,MEDIUM,7.0,False,Aston Martin,0 days 01:35:49.763000,,1,17.0,,,False,False,2025,21
0 days 01:58:40.715000,ALO,14,0 days 00:01:18.872000,46.0,2.0,,0 days 01:58:37.981000,0 days 00:00:19.215000,0 days 00:00:38.672000,0 days 00:00:20.985000,0 days 01:57:41.143000,0 days 01:58:19.815000,0 days 01:58:40.800000,309.0,255.0,,312.0,False,MEDIUM,24.0,False,Aston Martin,0 days 01:57:21.843000,,1,15.0,,,False,False,2025,21
0 days 02:00:12.562000,ALO,14,0 days 00:01:31.847000,47.0,3.0,0 days 01:59:01.549000,,0 days 00:00:37.116000,0 days 00:00:37.844000,0 days 00:00:16.887000,0 days 01:59:17.916000,0 days 01:59:55.760000,0 days 02:00:12.647000,301.0,250.0,304.0,312.0,False,MEDIUM,1.0,True,Aston Martin,0 days 01:58:40.715000,,1,16.0,,,False,False,2025,21
0 days 01:37:08.594000,STR,18,0 days 00:01:19.662000,29.0,1.0,,0 days 01:37:05.727000,0 days 00:00:19.187000,0 days 00:00:39.148000,0 days 00:00:21.327000,0 days 01:36:08.119000,0 days 01:36:47.267000,0 days 01:37:08.594000,319.0,248.0,,308.0,False,HARD,29.0,True,Aston Martin,0 days 01:35:48.932000,,1,14.0,,,False,False,2025,21
0 days 01:38:42.092000,STR,18,0 days 00:01:33.498000,30.0,2.0,0 days 01:37:29.568000,,0 days 00:00:37.766000,0 days 00:00:38.829000,0 days 00:00:16.903000,0 days 01:37:46.360000,0 days 01:38:25.189000,0 days 01:38:42.092000,299.0,251.0,326.0,308.0,False,MEDIUM,7.0,False,Aston Martin,0 days 01:37:08.594000,,1,18.0,,,False,False,2025,21
0 days 02:08:43.011000,STR,18,0 days 00:01:19.447000,54.0,2.0,,0 days 02:08:40.083000,0 days 00:00:19.202000,0 days 00:00:38.890000,0 days 00:00:21.355000,0 days 02:07:42.766000,0 days 02:08:21.656000,0 days 02:08:43.011000,303.0,254.0,,311.0,False,MEDIUM,31.0,False,Aston Martin,0 days 02:07:23.564000,,1,13.0,,,False,False,2025,21
0 days 02:10:14.238000,STR,18,0 days 00:01:31.227000,55.0,3.0,0 days 02:09:03.218000,,0 days 00:00:36.756000,0 days 00:00:37.524000,0 days 00:00:16.947000,0 days 02:09:19.767000,0 days 02:09:57.291000,0 days 02:10:14.238000,299.0,251.0,301.0,311.0,False,MEDIUM,7.0,False,Aston Martin,0 days 02:08:43.011000,,1,16.0,,,False,False,2025,21
0 days 01:00:19.758000,TSU,22,0 days 00:01:59.580000,2.0,1.0,,0 days 01:00:16.899000,0 days 00:00:19.921000,0 days 00:01:14.700000,0 days 00:00:24.959000,0 days 00:58:40.184000,0 days 00:59:54.884000,0 days 01:00:19.843000,266.0,201.0,,271.0,False,HARD,2.0,True,Red Bull Racing,0 days 00:58:20.178000,,24,16.0,,,False,False,2025,21
0 days 01:02:14.495000,TSU,22,0 days 00:01:54.737000,3.0,2.0,0 days 01:00:39.939000,,0 days 00:00:37.699000,0 days 00:00:49.096000,0 days 00:00:27.942000,0 days 01:00:57.542000,0 days 01:01:46.638000,0 days 01:02:14.580000,295.0,212.0,237.0,271.0,False,MEDIUM,1.0,True,Red Bull Racing,0 days 01:00:19.758000,,4,18.0,,,False,False,2025,21
0 days 01:30:45.810000,TSU,22,0 days 00:01:19.809000,24.0,2.0,,0 days 01:30:42.910000,0 days 00:00:19.301000,0 days 00:00:39.276000,0 days 00:00:21.232000,0 days 01:29:45.387000,0 days 01:30:24.663000,0 days 01:30:45.895000,313.0,250.0,,302.0,False,MEDIUM,22.0,True,Red Bull Racing,0 days 01:29:26.001000,,1,12.0,,,False,False,2025,21
0 days 01:32:29.982000,TSU,22,0 days 00:01:44.172000,25.0,3.0,0 days 01:31:17.224000,,0 days 00:00:48.685000,0 days 00:00:38.611000,0 days 00:00:16.876000,0 days 01:31:34.580000,0 days 01:32:13.191000,0 days 01:32:30.067000,299.0,250.0,307.0,302.0,False,MEDIUM,1.0,True,Red Bull Racing,0 days 01:30:45.810000,,1,18.0,,,False,False,2025,21
0 days 02:00:04.412000,TSU,22,0 days 00:01:18.697000,47.0,3.0,,0 days 02:00:01.560000,0 days 00:00:19.136000,0 days 00:00:38.762000,0 days 00:00:20.799000,0 days 01:59:04.936000,0 days 01:59:43.698000,0 days 02:00:04.497000,313.0,253.0,,311.0,False,MEDIUM,23.0,True,Red Bull Racing,0 days 01:58:45.715000,,1,15.0,,,False,False,2025,21
0 days 02:01:47.868000,TSU,22,0 days 00:01:43.456000,48.0,4.0,0 days 02:00:35.464000,,0 days 00:00:48.420000,0 days 00:00:38.198000,0 days 00:00:16.838000,0 days 02:00:52.917000,0 days 02:01:31.115000,0 days 02:01:47.953000,301.0,257.0,307.0,311.0,False,MEDIUM,1.0,True,Red Bull Racing,0 days 02:00:04.412000,,1,17.0,,,False,False,2025,21
0 days 01:44:37.792000,ALB,23,0 days 00:01:20.772000,35.0,1.0,,0 days 01:44:35.099000,0 days 00:00:19.783000,0 days 00:00:39.686000,0 days 00:00:21.303000,0 days 01:43:36.855000,0 days 01:44:16.541000,0 days 01:44:37.844000,325.0,252.0,,285.0,False,MEDIUM,41.0,False,Williams,0 days 01:43:17.020000,,1,9.0,,,False,False,2025,21
0 days 01:46:09.412000,ALB,23,0 days 00:01:31.620000,36.0,2.0,0 days 01:44:58.146000,,0 days 00:00:36.803000,0 days 00:00:38.195000,0 days 00:00:16.622000,0 days 01:45:14.647000,0 days 01:45:52.842000,0 days 01:46:09.464000,301.0,255.0,327.0,285.0,False,SOFT,3.0,False,Williams,0 days 01:44:37.792000,,1,16.0,,,False,False,2025,21
0 days 02:09:52.361000,ALB,23,0 days 00:01:18.437000,55.0,2.0,,0 days 02:09:49.518000,0 days 00:00:19.085000,0 days 00:00:38.687000,0 days 00:00:20.665000,0 days 02:08:53.061000,0 days 02:09:31.748000,0 days 02:09:52.413000,312.0,255.0,,310.0,False,SOFT,22.0,False,Williams,0 days 02:08:33.924000,,1,11.0,,,False,False,2025,21
0 days 02:11:23.423000,ALB,23,0 days 00:01:31.062000,56.0,3.0,0 days 02:10:12.668000,,0 days 00:00:36.867000,0 days 00:00:37.560000,0 days 00:00:16.635000,0 days 02:10:29.280000,0 days 02:11:06.840000,0 days 02:11:23.475000,303.0,252.0,309.0,310.0,False,MEDIUM,1.0,True,Williams,0 days 02:09:52.361000,,1,15.0,,,False,False,2025,21
0 days 01:45:50.331000,HUL,27,0 days 00:01:18.996000,36.0,1.0,,0 days 01:45:47.583000,0 days 00:00:19.310000,0 days 00:00:38.616000,0 days 00:00:21.070000,0 days 01:44:50.691000,0 days 01:45:29.307000,0 days 01:45:50.377000,303.0,244.0,,303.0,False,MEDIUM,36.0,True,Kick Sauber,0 days 01:44:31.335000,,1,6.0,,,False,False,2025,21
0 days 01:47:22.385000,HUL,27,0 days 00:01:32.054000,37.0,2.0,0 days 01:46:10.550000,,0 days 00:00:36.832000,0 days 00:00:38.504000,0 days 00:00:16.718000,0 days 01:46:27.209000,0 days 01:47:05.713000,0 days 01:47:22.431000,297.0,248.0,326.0,303.0,False,SOFT,4.0,False,Kick Sauber,0 days 01:45:50.331000,,1,14.0,,,False,False,2025,21
0 days 01:24:20.443000,LAW,30,0 days 00:01:19.832000,19.0,1.0,,0 days 01:24:17.847000,0 days 00:00:19.408000,0 days 00:00:38.904000,0 days 00:00:21.520000,0 days 01:23:20.120000,0 days 01:23:59.024000,0 days 01:24:20.544000,310.0,250.0,,300.0,False,SOFT,22.0,False,Racing Bulls,0 days 01:23:00.611000,,1,9.0,,,False,False,2025,21
0 days 01:25:52.837000,LAW,30,0 days 00:01:32.394000,20.0,2.0,0 days 01:24:40.669000,,0 days 00:00:36.972000,0 days 00:00:38.419000,0 days 00:00:17.003000,0 days 01:24:57.516000,0 days 01:25:35.935000,0 days 01:25:52.938000,302.0,249.0,313.0,300.0,False,MEDIUM,1.0,True,Racing Bulls,0 days 01:24:20.443000,,1,16.0,,,False,False,2025,21
0 days 00:58:23.053000,OCO,31,0 days 00:01:28.381000,1.0,1.0,0 days 00:57:09.520000,,,0 days 00:00:39.043000,0 days 00:00:17.355000,,0 days 00:58:05.933000,0 days 00:58:23.202000,299.0,246.0,299.0,,False,HARD,1.0,True,Haas F1 Team,0 days 00:56:54.480000,,12,19.0,,,False,False,2025,21
0 days 01:10:32.568000,OCO,31,0 days 00:01:41.912000,8.0,1.0,,0 days 01:10:29.780000,0 days 00:00:27.270000,0 days 00:00:52.621000,0 days 00:00:22.021000,0 days 01:09:18.045000,0 days 01:10:10.666000,0 days 01:10:32.687000,243.0,187.0,,145.0,False,HARD,8.0,True,Haas F1 Team,0 days 01:08:50.656000,,671,16.0,,,False,False,2025,21
0 days 01:12:05.920000,OCO,31,0 days 00:01:33.352000,9.0,2.0,0 days 01:10:53.830000,,0 days 00:00:38.101000,0 days 00:00:38.377000,0 days 00:00:16.874000,0 days 01:11:10.788000,0 days 01:11:49.165000,0 days 01:12:06.039000,293.0,249.0,303.0,145.0,False,MEDIUM,1.0,True,Haas F1 Team,0 days 01:10:32.568000,,1,18.0,,,False,False,2025,21
0 days 01:59:51.383000,OCO,31,0 days 00:01:20.583000,47.0,2.0,,0 days 01:59:48.664000,0 days 00:00:19.643000,0 days 00:00:39.369000,0 days 00:00:21.571000,0 days 01:58:50.562000,0 days 01:59:29.931000,0 days 01:59:51.502000,321.0,249.0,,308.0,False,MEDIUM,39.0,True,Haas F1 Team,0 days 01:58:30.800000,,1,10.0,,,False,False,2025,21
0 days 02:01:23.952000,OCO,31,0 days 00:01:32.569000,48.0,3.0,0 days 02:00:12.793000,,0 days 00:00:37.874000,0 days 00:00:37.906000,0 days 00:00:16.789000,0 days 02:00:29.376000,0 days 02:01:07.282000,0 days 02:01:24.071000,300.0,252.0,305.0,308.0,False,MEDIUM,1.0,True,Haas F1 Team,0 days 01:59:51.383000,,1,14.0,,,False,False,2025,21
0 days 01:37:46.244000,NOR,4,0 days 00:01:18.720000,30.0,1.0,,0 days 01:37:43.414000,0 days 00:00:19.145000,0 days 00:00:38.464000,0 days 00:00:21.111000,0 days 01:36:46.776000,0 days 01:37:25.240000,0 days 01:37:46.351000,310.0,257.0,,299.0,False,MEDIUM,30.0,True,McLaren,0 days 01:36:27.524000,,1,1.0,,,False,False,2025,21
0 days 01:39:19.120000,NOR,4,0 days 00:01:32.876000,31.0,2.0,0 days 01:38:06.868000,,0 days 00:00:37.743000,0 days 00:00:38.344000,0 days 00:00:16.789000,0 days 01:38:24.094000,0 days 01:39:02.438000,0 days 01:39:19.227000,300.0,240.0,310.0,299.0,False,SOFT,4.0,False,McLaren,0 days 01:37:46.244000,,1,4.0,,,False,False,2025,21
0 days 02:02:54.907000,NOR,4,0 days 00:01:17.963000,50.0,2.0,,0 days 02:02:52.114000,0 days 00:00:18.936000,0 days 00:00:38.103000,0 days 00:00:20.924000,0 days 02:01:55.987000,0 days 02:02:34.090000,0 days 02:02:55.014000,311.0,259.0,,298.0,False,SOFT,23.0,False,McLaren,0 days 02:01:36.944000,,1,1.0,,,False,False,2025,21
0 days 02:04:27.288000,NOR,4,0 days 00:01:32.381000,51.0,3.0,0 days 02:03:15.362000,,0 days 00:00:37.350000,0 days 00:00:38.256000,0 days 00:00:16.775000,0 days 02:03:32.364000,0 days 02:04:10.620000,0 days 02:04:27.395000,301.0,250.0,308.0,298.0,False,MEDIUM,10.0,False,McLaren,0 days 02:02:54.907000,,1,3.0,,,False,False,2025,21
0 days 01:37:07.972000,COL,43,0 days 00:01:19.686000,29.0,1.0,,0 days 01:37:05.186000,0 days 00:00:19.304000,0 days 00:00:38.964000,0 days 00:00:21.418000,0 days 01:36:07.670000,0 days 01:36:46.634000,0 days 01:37:08.052000,303.0,250.0,,299.0,False,MEDIUM,29.0,True,Alpine,0 days 01:35:48.286000,,1,12.0,,,False,False,2025,21
0 days 01:38:40.651000,COL,43,0 days 00:01:32.679000,30.0,2.0,0 days 01:37:28.918000,,0 days 00:00:37.515000,0 days 00:00:37.973000,0 days 00:00:17.191000,0 days 01:37:45.567000,0 days 01:38:23.540000,0 days 01:38:40.731000,298.0,245.0,307.0,299.0,False,SOFT,1.0,True,Alpine,0 days 01:37:07.972000,,1,16.0,,,False,False,2025,21
0 days 01:54:58.650000,COL,43,0 days 00:01:19.598000,43.0,2.0,,0 days 01:54:55.886000,0 days 00:00:19.403000,0 days 00:00:39.142000,0 days 00:00:21.053000,0 days 01:53:58.535000,0 days 01:54:37.677000,0 days 01:54:58.730000,302.0,251.0,,294.0,False,SOFT,14.0,True,Alpine,0 days 01:53:39.052000,,1,16.0,,,False,False,2025,21
0 days 01:56:33.326000,COL,43,0 days 00:01:34.676000,44.0,3.0,0 days 01:55:22.027000,,0 days 00:00:39.837000,0 days 00:00:37.963000,0 days 00:00:16.876000,0 days 01:55:38.567000,0 days 01:56:16.530000,0 days 01:56:33.406000,289.0,255.0,303.0,294.0,False,MEDIUM,1.0,True,Alpine,0 days 01:54:58.650000,,1,17.0,,,False,False,2025,21
0 days 01:00:27.377000,HAM,44,0 days 00:02:05.836000,2.0,1.0,,0 days 01:00:24.500000,0 days 00:00:27.500000,0 days 00:01:12.053000,0 days 00:00:26.283000,0 days 00:58:49.123000,0 days 01:00:01.176000,0 days 01:00:27.459000,105.0,169.0,,237.0,False,SOFT,2.0,True,Ferrari,0 days 00:58:21.541000,,24,19.0,,,False,False,2025,21
0 days 01:02:27.874000,HAM,44,0 days 00:02:00.497000,3.0,2.0,0 days 01:01:04.675000,,0 days 00:00:56.023000,0 days 00:00:47.240000,0 days 00:00:17.234000,0 days 01:01:23.482000,0 days 01:02:10.722000,0 days 01:02:27.956000,268.0,223.0,304.0,237.0,False,HARD,1.0,True,Ferrari,0 days 01:00:27.377000,,4,19.0,,,False,False,2025,21
0 days 01:18:07.428000,HAM,44,0 days 00:01:20.101000,14.0,2.0,,0 days 01:18:04.580000,0 days 00:00:19.429000,0 days 00:00:39.425000,0 days 00:00:21.247000,0 days 01:17:06.838000,0 days 01:17:46.263000,0 days 01:18:07.510000,315.0,248.0,,288.0,False,HARD,12.0,True,Ferrari,0 days 01:16:47.327000,,1,17.0,,,False,False,2025,21
0 days 01:19:40.276000,HAM,44,0 days 00:01:32.848000,15.0,3.0,0 days 01:18:27.921000,,0 days 00:00:37.599000,0 days 00:00:38.347000,0 days 00:00:16.902000,0 days 01:18:45.109000,0 days 01:19:23.456000,0 days 01:19:40.358000,301.0,250.0,308.0,288.0,False,MEDIUM,1.0,True,Ferrari,0 days 01:18:07.428000,,1,18.0,,,False,False,2025,21
0 days 01:41:08.600000,HAM,44,0 days 00:01:20.294000,32.0,3.0,,0 days 01:41:05.755000,0 days 00:00:19.150000,0 days 00:00:39.532000,0 days 00:00:21.612000,0 days 01:40:07.538000,0 days 01:40:47.070000,0 days 01:41:08.682000,308.0,225.0,,304.0,False,MEDIUM,18.0,True,Ferrari,0 days 01:39:48.306000,,1,15.0,,,False,False,2025,21
0 days 01:42:49.862000,HAM,44,0 days 00:01:41.262000,33.0,4.0,0 days 01:41:36.672000,,0 days 00:00:44.998000,0 days 00:00:39.352000,0 days 00:00:16.912000,0 days 01:41:53.680000,0 days 01:42:33.032000,0 days 01:42:49.944000,297.0,247.0,304.0,304.0,False,MEDIUM,1.0,False,Ferrari,0 days 01:41:08.600000,,1,18.0,,,False,False,2025,21
0 days 01:47:56.961000,HAM,44,0 days 00:01:24.144000,37.0,4.0,,0 days 01:47:54.234000,0 days 00:00:19.106000,0 days 00:00:40.261000,0 days 00:00:24.777000,0 days 01:46:52.005000,0 days 01:47:32.266000,0 days 01:47:57.043000,309.0,176.0,,302.0,False,MEDIUM,5.0,False,Ferrari,0 days 01:46:32.817000,,1,18.0,,,False,False,2025,21
0 days 01:21:51.053000,SAI,55,0 days 00:01:20.066000,17.0,1.0,,0 days 01:21:48.445000,0 days 00:00:19.388000,0 days 00:00:39.749000,0 days 00:00:20.929000,0 days 01:20:50.455000,0 days 01:21:30.204000,0 days 01:21:51.133000,307.0,248.0,,314.0,False,SOFT,17.0,True,Williams,0 days 01:20:30.987000,,1,14.0,,,False,False,2025,21
0 days 01:23:25.476000,SAI,55,0 days 00:01:34.423000,18.0,2.0,0 days 01:22:14.380000,,0 days 00:00:39.710000,0 days 00:00:37.838000,0 days 00:00:16.875000,0 days 01:22:30.843000,0 days 01:23:08.681000,0 days 01:23:25.556000,301.0,249.0,309.0,314.0,False,MEDIUM,1.0,True,Williams,0 days 01:21:51.053000,,1,18.0,,,False,False,2025,21
0 days 01:48:29.929000,SAI,55,0 days 00:01:18.817000,38.0,2.0,,0 days 01:48:27.158000,0 days 00:00:19.056000,0 days 00:00:39.010000,0 days 00:00:20.751000,0 days 01:47:30.248000,0 days 01:48:09.258000,0 days 01:48:30.009000,309.0,250.0,,314.0,False,MEDIUM,21.0,True,Williams,0 days 01:47:11.112000,,1,10.0,,,False,False,2025,21
0 days 01:50:00.429000,SAI,55,0 days 00:01:30.500000,39.0,3.0,0 days 01:48:50.481000,,0 days 00:00:36.654000,0 days 00:00:37.230000,0 days 00:00:16.616000,0 days 01:49:06.663000,0 days 01:49:43.893000,0 days 01:50:00.509000,302.0,255.0,311.0,314.0,False,MEDIUM,1.0,True,Williams,0 days 01:48:29.929000,,1,17.0,,,False,False,2025,21
0 days 01:23:02.079000,HAD,6,0 days 00:01:19.726000,18.0,1.0,,0 days 01:22:59.244000,0 days 00:00:19.452000,0 days 00:00:38.951000,0 days 00:00:21.323000,0 days 01:22:01.889000,0 days 01:22:40.840000,0 days 01:23:02.163000,308.0,255.0,,304.0,False,SOFT,21.0,False,Racing Bulls,0 days 01:21:42.353000,,1,7.0,,,False,False,2025,21
0 days 01:24:36.601000,HAD,6,0 days 00:01:34.522000,19.0,2.0,0 days 01:23:23.025000,,0 days 00:00:38.601000,0 days 00:00:38.592000,0 days 00:00:17.329000,0 days 01:23:40.764000,0 days 01:24:19.356000,0 days 01:24:36.685000,300.0,256.0,308.0,304.0,False,MEDIUM,7.0,False,Racing Bulls,0 days 01:23:02.079000,,1,15.0,,,False,False,2025,21
0 days 01:47:10.600000,HAD,6,0 days 00:01:18.786000,37.0,2.0,,0 days 01:47:08.180000,0 days 00:00:19.186000,0 days 00:00:38.601000,0 days 00:00:20.999000,0 days 01:46:11.084000,0 days 01:46:49.685000,0 days 01:47:10.684000,305.0,257.0,,300.0,False,MEDIUM,25.0,False,Racing Bulls,0 days 01:45:51.814000,,1,9.0,,,False,False,2025,21
0 days 01:48:42.658000,HAD,6,0 days 00:01:32.058000,38.0,3.0,0 days 01:47:31.260000,,0 days 00:00:37.324000,0 days 00:00:37.981000,0 days 00:00:16.753000,0 days 01:47:48.008000,0 days 01:48:25.989000,0 days 01:48:42.742000,302.0,259.0,326.0,300.0,False,MEDIUM,1.0,True,Racing Bulls,0 days 01:47:10.600000,,1,17.0,,,False,False,2025,21
0 days 01:43:02.442000,RUS,63,0 days 00:01:19.220000,34.0,1.0,,0 days 01:42:59.687000,0 days 00:00:19.103000,0 days 00:00:39.071000,0 days 00:00:21.046000,0 days 01:42:02.410000,0 days 01:42:41.481000,0 days 01:43:02.527000,311.0,253.0,,309.0,False,MEDIUM,38.0,False,Mercedes,0 days 01:41:43.222000,,1,3.0,,,False,False,2025,21
0 days 01:44:33.839000,RUS,63,0 days 00:01:31.397000,35.0,2.0,0 days 01:43:23.004000,,0 days 00:00:37.029000,0 days 00:00:37.638000,0 days 00:00:16.730000,0 days 01:43:39.556000,0 days 01:44:17.194000,0 days 01:44:33.924000,303.0,262.0,325.0,309.0,False,SOFT,2.0,False,Mercedes,0 days 01:43:02.442000,,1,6.0,,,False,False,2025,21
0 days 02:00:38.353000,RUS,63,0 days 00:01:17.843000,48.0,2.0,,0 days 02:00:35.603000,0 days 00:00:19.051000,0 days 00:00:38.256000,0 days 00:00:20.536000,0 days 01:59:39.646000,0 days 02:00:17.902000,0 days 02:00:38.438000,312.0,259.0,,311.0,False,SOFT,15.0,False,Mercedes,0 days 01:59:20.510000,,1,3.0,,,False,False,2025,21
0 days 02:02:09.431000,RUS,63,0 days 00:01:31.078000,49.0,3.0,0 days 02:00:58.573000,,0 days 00:00:36.729000,0 days 00:00:37.545000,0 days 00:00:16.804000,0 days 02:01:15.167000,0 days 02:01:52.712000,0 days 02:02:09.516000,303.0,261.0,310.0,311.0,False,MEDIUM,4.0,False,Mercedes,0 days 02:00:38.353000,,1,6.0,,,False,False,2025,21
0 days 01:47:56.081000,PIA,81,0 days 00:01:20.264000,38.0,1.0,,0 days 01:47:53.215000,0 days 00:00:19.108000,0 days 00:00:38.912000,0 days 00:00:22.244000,0 days 01:46:55.008000,0 days 01:47:33.920000,0 days 01:47:56.164000,306.0,252.0,,308.0,False,MEDIUM,38.0,True,McLaren,0 days 01:46:35.817000,,1,1.0,,,False,False,2025,21
0 days 01:49:39.377000,PIA,81,0 days 00:01:43.296000,39.0,2.0,0 days 01:48:27.960000,,0 days 00:00:48.419000,0 days 00:00:38.249000,0 days 00:00:16.628000,0 days 01:48:44.583000,0 days 01:49:22.832000,0 days 01:49:39.460000,301.0,256.0,328.0,308.0,False,SOFT,3.0,False,McLaren,0 days 01:47:56.081000,,1,7.0,,,False,False,2025,21
0 days 02:04:27.187000,PIA,81,0 days 00:01:17.965000,51.0,2.0,,0 days 02:04:24.420000,0 days 00:00:18.935000,0 days 00:00:37.822000,0 days 00:00:21.208000,0 days 02:03:28.240000,0 days 02:04:06.062000,0 days 02:04:27.270000,311.0,258.0,,307.0,False,SOFT,15.0,False,McLaren,0 days 02:03:09.222000,,1,2.0,,,False,False,2025,21
0 days 02:05:58.758000,PIA,81,0 days 00:01:31.571000,52.0,3.0,0 days 02:04:47.562000,,0 days 00:00:36.938000,0 days 00:00:37.980000,0 days 00:00:16.653000,0 days 02:05:04.208000,0 days 02:05:42.188000,0 days 02:05:58.841000,300.0,259.0,310.0,307.0,False,MEDIUM,10.0,False,McLaren,0 days 02:04:27.187000,,1,7.0,,,False,False,2025,21
0 days 01:21:47.493000,BEA,87,0 days 00:01:20.163000,17.0,1.0,,0 days 01:21:44.740000,0 days 00:00:19.479000,0 days 00:00:39.224000,0 days 00:00:21.460000,0 days 01:20:46.902000,0 days 01:21:26.126000,0 days 01:21:47.586000,309.0,246.0,,295.0,False,SOFT,19.0,False,Haas F1 Team,0 days 01:20:27.330000,,1,9.0,,,False,False,2025,21
0 days 01:23:19.270000,BEA,87,0 days 00:01:31.777000,18.0,2.0,0 days 01:22:08.385000,,0 days 00:00:37.587000,0 days 00:00:37.462000,0 days 00:00:16.728000,0 days 01:22:25.173000,0 days 01:23:02.635000,0 days 01:23:19.363000,299.0,252.0,320.0,295.0,False,MEDIUM,1.0,True,Haas F1 Team,0 days 01:21:47.493000,,1,15.0,,,False,False,2025,21
0 days 01:53:18.133000,BEA,87,0 days 00:01:18.073000,42.0,2.0,,0 days 01:53:15.314000,0 days 00:00:19.062000,0 days 00:00:38.188000,0 days 00:00:20.823000,0 days 01:52:19.215000,0 days 01:52:57.403000,0 days 01:53:18.226000,308.0,254.0,,295.0,False,MEDIUM,25.0,True,Haas F1 Team,0 days 01:52:00.060000,,1,5.0,,,False,False,2025,21
0 days 01:54:51.882000,BEA,87,0 days 00:01:33.749000,43.0,3.0,0 days 01:53:39.917000,,0 days 00:00:38.526000,0 days 00:00:38.263000,0 days 00:00:16.960000,0 days 01:53:56.752000,0 days 01:54:35.015000,0 days 01:54:51.975000,295.0,250.0,306.0,295.0,False,MEDIUM,7.0,False,Haas F1 Team,0 days 01:53:18.133000,,1,11.0,,,False,False,2025,21
0 days 01:39:13.598000,VER,1,0 days 00:01:40.284000,25.0,1.0,,0 days 01:39:10.736000,0 days 00:00:27.065000,0 days 00:00:32.131000,0 days 00:00:41.088000,0 days 01:38:00.393000,0 days 01:38:32.524000,0 days 01:39:13.612000,182.0,,,321.0,False,MEDIUM,25.0,True,Red Bull Racing,0 days 01:37:33.314000,,1,1.0,,,False,False,2025,22
0 days 01:41:04.771000,VER,1,0 days 00:01:51.173000,26.0,2.0,0 days 01:39:32.455000,,0 days 00:00:43.029000,0 days 00:00:31.564000,0 days 00:00:36.580000,0 days 01:39:56.641000,0 days 01:40:28.205000,0 days 01:41:04.785000,185.0,,312.0,314.0,False,HARD,1.0,True,Red Bull Racing,0 days 01:39:13.598000,,1,1.0,,,False,False,2025,22
0 days 01:26:28.977000,RUS,63,0 days 00:01:40.031000,17.0,1.0,,0 days 01:26:26.128000,0 days 00:00:27.468000,0 days 00:00:31.977000,0 days 00:00:40.586000,0 days 01:25:16.422000,0 days 01:25:48.399000,0 days 01:26:28.985000,181.0,,,327.0,False,MEDIUM,17.0,True,Mercedes,0 days 01:24:48.946000,,1,3.0,,,False,False,2025,22
0 days 01:28:20.529000,RUS,63,0 days 00:01:51.552000,18.0,2.0,0 days 01:26:47,,0 days 00:00:42.938000,0 days 00:00:32.325000,0 days 00:00:36.289000,0 days 01:27:11.923000,0 days 01:27:44.248000,0 days 01:28:20.537000,180.0,,312.0,338.0,False,HARD,1.0,True,Mercedes,0 days 01:26:28.977000,,1,7.0,,,False,False,2025,22
0 days 01:01:35.518000,ANT,12,0 days 00:02:02.573000,2.0,1.0,,0 days 01:01:32.526000,0 days 00:00:29.681000,0 days 00:00:34.477000,0 days 00:00:58.415000,0 days 01:00:02.639000,0 days 01:00:37.116000,0 days 01:01:35.531000,178.0,,,150.0,False,SOFT,2.0,True,Mercedes,0 days 00:59:32.945000,,126,14.0,,,False,False,2025,22
0 days 01:03:53.623000,ANT,12,0 days 00:02:18.105000,3.0,2.0,0 days 01:01:54.635000,,0 days 00:00:50.380000,0 days 00:00:40.649000,0 days 00:00:47.076000,0 days 01:02:25.911000,0 days 01:03:06.560000,0 days 01:03:53.636000,148.0,,313.0,260.0,False,HARD,1.0,True,Mercedes,0 days 01:01:35.518000,,671,15.0,,,False,False,2025,22
0 days 01:37:58.567000,LEC,16,0 days 00:01:40.815000,24.0,1.0,,0 days 01:37:55.729000,0 days 00:00:27.414000,0 days 00:00:31.999000,0 days 00:00:41.402000,0 days 01:36:45.171000,0 days 01:37:17.170000,0 days 01:37:58.572000,181.0,,,314.0,False,MEDIUM,24.0,True,Ferrari,0 days 01:36:17.752000,,1,4.0,,,False,False,2025,22
0 days 01:39:50.101000,LEC,16,0 days 00:01:51.534000,25.0,2.0,0 days 01:38:17.082000,,0 days 00:00:43.060000,0 days 00:00:31.792000,0 days 00:00:36.682000,0 days 01:38:41.632000,0 days 01:39:13.424000,0 days 01:39:50.106000,183.0,,310.0,317.0,False,HARD,1.0,True,Ferrari,0 days 01:37:58.567000,,1,9.0,,,False,False,2025,22
0 days 01:34:44.902000,SAI,55,0 days 00:01:42.420000,22.0,1.0,,0 days 01:34:41.934000,0 days 00:00:27.949000,0 days 00:00:32.823000,0 days 00:00:41.648000,0 days 01:33:30.444000,0 days 01:34:03.267000,0 days 01:34:44.915000,182.0,,,319.0,False,MEDIUM,22.0,True,Williams,0 days 01:33:02.482000,,1,5.0,,,False,False,2025,22
0 days 01:36:38.084000,SAI,55,0 days 00:01:53.182000,23.0,2.0,0 days 01:35:03.097000,,0 days 00:00:43.875000,0 days 00:00:32.747000,0 days 00:00:36.560000,0 days 01:35:28.790000,0 days 01:36:01.537000,0 days 01:36:38.097000,177.0,,314.0,312.0,False,HARD,1.0,True,Williams,0 days 01:34:44.902000,,1,10.0,,,False,False,2025,22
0 days 01:31:37.456000,HAD,6,0 days 00:01:42.417000,20.0,1.0,,0 days 01:31:34.518000,0 days 00:00:27.667000,0 days 00:00:32.598000,0 days 00:00:42.152000,0 days 01:30:22.706000,0 days 01:30:55.304000,0 days 01:31:37.456000,177.0,,,296.0,False,MEDIUM,20.0,True,Racing Bulls,0 days 01:29:55.039000,,1,8.0,,,False,False,2025,22
0 days 01:33:30.025000,HAD,6,0 days 00:01:52.569000,21.0,2.0,0 days 01:31:56.032000,,0 days 00:00:43.479000,0 days 00:00:32.180000,0 days 00:00:36.910000,0 days 01:32:20.935000,0 days 01:32:53.115000,0 days 01:33:30.025000,179.0,,314.0,320.0,False,HARD,1.0,True,Racing Bulls,0 days 01:31:37.456000,,1,11.0,,,False,False,2025,22
0 days 01:47:43.486000,HUL,27,0 days 00:01:40.783000,30.0,1.0,,0 days 01:47:40.668000,0 days 00:00:27.471000,0 days 00:00:32.270000,0 days 00:00:41.042000,0 days 01:46:30.190000,0 days 01:47:02.460000,0 days 01:47:43.502000,185.0,,,323.0,False,HARD,30.0,True,Kick Sauber,0 days 01:46:02.703000,,1,5.0,,,False,False,2025,22
0 days 01:49:36.714000,HUL,27,0 days 00:01:53.228000,31.0,2.0,0 days 01:48:03.035000,,0 days 00:00:44.201000,0 days 00:00:32.409000,0 days 00:00:36.618000,0 days 01:48:27.703000,0 days 01:49:00.112000,0 days 01:49:36.730000,184.0,,313.0,322.0,False,MEDIUM,1.0,True,Kick Sauber,0 days 01:47:43.486000,,1,9.0,,,False,False,2025,22
0 days 01:46:07.610000,HAM,44,0 days 00:01:40.519000,29.0,1.0,,0 days 01:46:04.747000,0 days 00:00:27.514000,0 days 00:00:32.147000,0 days 00:00:40.858000,0 days 01:44:54.617000,0 days 01:45:26.764000,0 days 01:46:07.622000,183.0,,,321.0,False,HARD,29.0,True,Ferrari,0 days 01:44:27.091000,,1,6.0,,,False,False,2025,22
0 days 01:48:03.696000,HAM,44,0 days 00:01:56.086000,30.0,2.0,0 days 01:46:26.369000,,0 days 00:00:44.288000,0 days 00:00:32.926000,0 days 00:00:38.872000,0 days 01:46:51.910000,0 days 01:47:24.836000,0 days 01:48:03.708000,177.0,,312.0,319.0,False,MEDIUM,1.0,True,Ferrari,0 days 01:46:07.610000,,1,10.0,,,False,False,2025,22
0 days 01:43:03.065000,OCO,31,0 days 00:01:41.965000,27.0,1.0,,0 days 01:43:00.069000,0 days 00:00:27.813000,0 days 00:00:32.554000,0 days 00:00:41.598000,0 days 01:41:48.929000,0 days 01:42:21.483000,0 days 01:43:03.081000,181.0,,,332.0,False,MEDIUM,27.0,True,Haas F1 Team,0 days 01:41:21.100000,,1,10.0,,,False,False,2025,22
0 days 01:44:56.336000,OCO,31,0 days 00:01:53.271000,28.0,2.0,0 days 01:43:22.570000,,0 days 00:00:44.563000,0 days 00:00:32.195000,0 days 00:00:36.513000,0 days 01:43:47.644000,0 days 01:44:19.839000,0 days 01:44:56.352000,179.0,,317.0,325.0,False,HARD,1.0,True,Haas F1 Team,0 days 01:43:03.065000,,1,13.0,,,False,False,2025,22
0 days 01:26:52.438000,BEA,87,0 days 00:01:42.814000,17.0,1.0,,0 days 01:26:49.549000,0 days 00:00:27.721000,0 days 00:00:33.013000,0 days 00:00:42.080000,0 days 01:25:37.364000,0 days 01:26:10.377000,0 days 01:26:52.457000,182.0,,,300.0,False,MEDIUM,17.0,True,Haas F1 Team,0 days 01:25:09.624000,,1,11.0,,,False,False,2025,22
0 days 01:28:46.142000,BEA,87,0 days 00:01:53.704000,18.0,2.0,0 days 01:27:11.113000,,0 days 00:00:43.703000,0 days 00:00:33.256000,0 days 00:00:36.745000,0 days 01:27:36.160000,0 days 01:28:09.416000,0 days 01:28:46.161000,180.0,,318.0,311.0,False,HARD,1.0,True,Haas F1 Team,0 days 01:26:52.438000,,1,15.0,,,False,False,2025,22
0 days 01:25:15.112000,ALO,14,0 days 00:02:03.307000,16.0,1.0,,0 days 01:25:12.181000,0 days 00:00:38.125000,0 days 00:00:43.143000,0 days 00:00:42.039000,0 days 01:23:49.953000,0 days 01:24:33.096000,0 days 01:25:15.135000,137.0,,,307.0,False,MEDIUM,16.0,True,Aston Martin,0 days 01:23:11.805000,,167,12.0,,,False,False,2025,22
0 days 01:27:07.051000,ALO,14,0 days 00:01:51.939000,17.0,2.0,0 days 01:25:33.217000,,0 days 00:00:42.722000,0 days 00:00:32.493000,0 days 00:00:36.724000,0 days 01:25:57.857000,0 days 01:26:30.350000,0 days 01:27:07.074000,176.0,,310.0,312.0,False,HARD,1.0,True,Aston Martin,0 days 01:25:15.112000,,1,15.0,,,False,False,2025,22
0 days 00:59:39.595000,TSU,22,0 days 00:01:57.698000,1.0,1.0,0 days 00:57:57.394000,0 days 00:59:36.751000,,0 days 00:00:33.657000,0 days 00:00:41.687000,,0 days 00:58:57.926000,0 days 00:59:39.732000,169.0,,,264.0,False,MEDIUM,1.0,True,Red Bull Racing,0 days 00:57:41.627000,,12,18.0,,,False,False,2025,22
0 days 01:01:57.292000,TSU,22,0 days 00:02:17.697000,2.0,2.0,0 days 00:59:58.063000,,0 days 00:00:46.022000,0 days 00:00:42.282000,0 days 00:00:49.393000,0 days 01:00:25.633000,0 days 01:01:07.915000,0 days 01:01:57.308000,168.0,,272.0,234.0,False,HARD,1.0,True,Red Bull Racing,0 days 00:59:39.595000,,26,18.0,,,False,False,2025,22
0 days 01:43:24.031000,TSU,22,0 days 00:01:41.343000,27.0,2.0,,0 days 01:43:21.053000,0 days 00:00:27.717000,0 days 00:00:32.650000,0 days 00:00:40.976000,0 days 01:42:10.421000,0 days 01:42:43.071000,0 days 01:43:24.047000,179.0,,,323.0,False,HARD,26.0,True,Red Bull Racing,0 days 01:41:42.688000,,1,16.0,,,False,False,2025,22
0 days 01:45:15.606000,TSU,22,0 days 00:01:51.575000,28.0,3.0,0 days 01:43:41.873000,,0 days 00:00:42.942000,0 days 00:00:32.143000,0 days 00:00:36.490000,0 days 01:44:06.989000,0 days 01:44:39.132000,0 days 01:45:15.622000,180.0,,318.0,316.0,False,MEDIUM,2.0,False,Red Bull Racing,0 days 01:43:24.031000,,1,16.0,,,False,False,2025,22
0 days 01:01:45.915000,GAS,10,0 days 00:02:08.486000,2.0,1.0,,0 days 01:01:42.957000,0 days 00:00:30.572000,0 days 00:00:32.982000,0 days 00:01:04.932000,0 days 01:00:08.019000,0 days 01:00:41.001000,0 days 01:01:45.933000,175.0,,,165.0,False,MEDIUM,2.0,True,Alpine,0 days 00:59:37.429000,,26,17.0,,,False,False,2025,22
0 days 01:04:04.372000,GAS,10,0 days 00:02:18.457000,3.0,2.0,0 days 01:02:06.804000,,0 days 00:00:52.566000,0 days 00:00:42.454000,0 days 00:00:43.437000,0 days 01:02:38.499000,0 days 01:03:20.953000,0 days 01:04:04.390000,160.0,,312.0,268.0,False,HARD,1.0,True,Alpine,0 days 01:01:45.915000,,671,17.0,,,False,False,2025,22
0 days 01:01:45.418000,LAW,30,0 days 00:02:17.377000,2.0,1.0,,0 days 01:01:42.525000,0 days 00:00:29.279000,0 days 00:00:42.374000,0 days 00:01:05.724000,0 days 00:59:57.346000,0 days 01:00:39.720000,0 days 01:01:45.444000,174.0,,,173.0,False,MEDIUM,2.0,True,Racing Bulls,0 days 00:59:28.041000,,126,16.0,,,False,False,2025,22
0 days 01:04:05.747000,LAW,30,0 days 00:02:20.329000,3.0,2.0,0 days 01:02:15.343000,,0 days 00:01:02.022000,0 days 00:00:36.102000,0 days 00:00:42.205000,0 days 01:02:47.466000,0 days 01:03:23.568000,0 days 01:04:05.773000,164.0,,322.0,273.0,False,HARD,1.0,True,Racing Bulls,0 days 01:01:45.418000,,671,18.0,,,False,False,2025,22
0 days 01:45:05.321000,LAW,30,0 days 00:01:42.231000,28.0,2.0,,0 days 01:45:02.481000,0 days 00:00:27.960000,0 days 00:00:32.620000,0 days 00:00:41.651000,0 days 01:43:51.076000,0 days 01:44:23.696000,0 days 01:45:05.347000,180.0,,,313.0,False,HARD,26.0,True,Racing Bulls,0 days 01:43:23.090000,,1,15.0,,,False,False,2025,22
0 days 01:46:59.323000,LAW,30,0 days 00:01:54.002000,29.0,3.0,0 days 01:45:23.756000,,0 days 00:00:44.552000,0 days 00:00:32.801000,0 days 00:00:36.649000,0 days 01:45:49.899000,0 days 01:46:22.700000,0 days 01:46:59.349000,177.0,,315.0,310.0,False,HARD,1.0,True,Racing Bulls,0 days 01:45:05.321000,,1,18.0,,,False,False,2025,22
0 days 01:40:09.820000,COL,43,0 days 00:01:42.106000,25.0,1.0,,0 days 01:40:06.924000,0 days 00:00:28.231000,0 days 00:00:32.432000,0 days 00:00:41.443000,0 days 01:38:55.972000,0 days 01:39:28.404000,0 days 01:40:09.847000,176.0,,,320.0,False,HARD,25.0,True,Alpine,0 days 01:38:27.714000,,1,17.0,,,False,False,2025,22
0 days 01:42:04.818000,COL,43,0 days 00:01:54.998000,26.0,2.0,0 days 01:40:29.772000,,0 days 00:00:45.353000,0 days 00:00:32.486000,0 days 00:00:37.159000,0 days 01:40:55.200000,0 days 01:41:27.686000,0 days 01:42:04.845000,176.0,,313.0,317.0,False,MEDIUM,1.0,True,Alpine,0 days 01:40:09.820000,,1,17.0,,,False,False,2025,22
0 days 01:20:05.909000,ALB,23,0 days 00:01:43.792000,13.0,1.0,,0 days 01:20:02.964000,0 days 00:00:28.039000,0 days 00:00:33.099000,0 days 00:00:42.654000,0 days 01:18:50.168000,0 days 01:19:23.267000,0 days 01:20:05.921000,177.0,,,327.0,False,HARD,13.0,True,Williams,0 days 01:18:22.117000,,1,14.0,,,False,False,2025,22
0 days 01:22:08.513000,ALB,23,0 days 00:02:02.604000,14.0,2.0,0 days 01:20:26.332000,0 days 01:22:05.497000,0 days 00:00:46.692000,0 days 00:00:33.858000,0 days 00:00:42.054000,0 days 01:20:52.613000,0 days 01:21:26.471000,0 days 01:22:08.525000,169.0,,,292.0,False,MEDIUM,1.0,True,Williams,0 days 01:20:05.909000,,1,18.0,,,False,False,2025,22
0 days 01:24:32.017000,ALB,23,0 days 00:02:23.504000,15.0,3.0,0 days 01:22:35.633000,,0 days 00:00:52.206000,0 days 00:00:40.281000,0 days 00:00:51.017000,0 days 01:23:00.731000,0 days 01:23:41.012000,0 days 01:24:32.029000,179.0,,262.0,157.0,False,HARD,1.0,True,Williams,0 days 01:22:08.513000,,167,18.0,,,False,False,2025,22
0 days 01:54:58.719000,ALB,23,0 days 00:01:40.698000,34.0,3.0,,0 days 01:54:55.818000,0 days 00:00:27.330000,0 days 00:00:32.082000,0 days 00:00:41.286000,0 days 01:53:45.363000,0 days 01:54:17.445000,0 days 01:54:58.731000,184.0,,,323.0,False,HARD,20.0,True,Williams,0 days 01:53:18.021000,,1,18.0,,,False,False,2025,22
0 days 01:57:09.898000,ALB,23,0 days 00:02:11.179000,35.0,4.0,0 days 01:55:25.242000,0 days 01:57:06.896000,0 days 00:00:53.891000,0 days 00:00:34.563000,0 days 00:00:42.725000,0 days 01:55:52.622000,0 days 01:56:27.185000,0 days 01:57:09.910000,136.0,,,328.0,False,MEDIUM,2.0,False,Williams,0 days 01:54:58.719000,,1,18.0,,,False,False,2025,22
0 days 00:59:52.443000,BOR,5,0 days 00:02:10.427000,1.0,1.0,,0 days 00:59:49.436000,,0 days 00:00:38.734000,0 days 00:00:44.553000,,0 days 00:59:07.890000,0 days 00:59:52.570000,145.0,,,235.0,False,HARD,1.0,True,Kick Sauber,0 days 00:57:41.627000,,12,19.0,,,False,False,2025,22
0 days 01:02:34.053000,BOR,5,,2.0,2.0,0 days 01:00:22.659000,0 days 01:02:31.067000,0 days 00:00:59.757000,0 days 00:00:45.862000,0 days 00:00:56.007000,0 days 01:00:52.241000,0 days 01:01:38.046000,0 days 01:02:34.144000,150.0,,,165.0,False,MEDIUM,1.0,True,Kick Sauber,0 days 00:59:52.443000,,26,19.0,,,False,False,2025,22
0 days 01:34:30.327000,NOR,4,0 days 00:01:41.141000,22.0,1.0,,0 days 01:34:27.356000,0 days 00:00:27.446000,0 days 00:00:32.425000,0 days 00:00:41.270000,0 days 01:33:16.634000,0 days 01:33:49.059000,0 days 01:34:30.329000,181.0,,,326.0,False,MEDIUM,22.0,True,McLaren,0 days 01:32:49.186000,,1,2.0,,,False,False,2025,22
0 days 01:36:22.231000,NOR,4,0 days 00:01:51.904000,23.0,2.0,0 days 01:34:48.468000,,0 days 00:00:43.197000,0 days 00:00:32.220000,0 days 00:00:36.487000,0 days 01:35:13.526000,0 days 01:35:45.746000,0 days 01:36:22.233000,180.0,,299.0,314.0,False,HARD,1.0,True,McLaren,0 days 01:34:30.327000,,1,4.0,,,False,False,2025,22
0 days 01:33:09.095000,PIA,81,0 days 00:01:40.682000,21.0,1.0,,0 days 01:33:06.170000,0 days 00:00:27.612000,0 days 00:00:32.380000,0 days 00:00:40.690000,0 days 01:31:56.041000,0 days 01:32:28.421000,0 days 01:33:09.111000,180.0,,,329.0,False,MEDIUM,21.0,True,McLaren,0 days 01:31:28.413000,,1,6.0,,,False,False,2025,22
0 days 01:35:00.387000,PIA,81,0 days 00:01:51.292000,22.0,2.0,0 days 01:33:27.566000,,0 days 00:00:43.088000,0 days 00:00:31.907000,0 days 00:00:36.297000,0 days 01:33:52.199000,0 days 01:34:24.106000,0 days 01:35:00.403000,181.0,,319.0,324.0,False,HARD,1.0,True,McLaren,0 days 01:33:09.095000,,1,10.0,,,False,False,2025,22
0 days 01:09:09.078000,VER,1,0 days 00:01:42.211000,7.0,1.0,,0 days 01:09:05.045000,0 days 00:00:32.127000,0 days 00:00:35.587000,0 days 00:00:34.497000,0 days 01:07:59.020000,0 days 01:08:34.607000,0 days 01:09:09.104000,238.0,261.0,,308.0,False,MEDIUM,7.0,True,Red Bull Racing,0 days 01:07:26.867000,,124,3.0,,,False,False,2025,23
0 days 01:11:34.838000,VER,1,0 days 00:02:25.760000,8.0,2.0,0 days 01:09:34.951000,,0 days 00:01:06.261000,0 days 00:00:36.680000,0 days 00:00:42.819000,0 days 01:10:15.365000,0 days 01:10:52.045000,0 days 01:11:34.864000,219.0,186.0,133.0,168.0,False,MEDIUM,1.0,True,Red Bull Racing,0 days 01:09:09.078000,,4,3.0,,,False,False,2025,23
0 days 01:47:48.132000,VER,1,0 days 00:01:29.369000,32.0,2.0,,0 days 01:47:44.071000,0 days 00:00:31.623000,0 days 00:00:29.075000,0 days 00:00:28.671000,0 days 01:46:50.412000,0 days 01:47:19.487000,0 days 01:47:48.158000,243.0,286.0,,306.0,False,MEDIUM,25.0,True,Red Bull Racing,0 days 01:46:18.763000,,1,1.0,,,False,False,2025,23
0 days 01:49:35.002000,VER,1,0 days 00:01:46.870000,33.0,3.0,0 days 01:48:12.273000,,0 days 00:00:53.667000,0 days 00:00:28.594000,0 days 00:00:24.609000,0 days 01:48:41.825000,0 days 01:49:10.419000,0 days 01:49:35.028000,244.0,286.0,280.0,175.0,False,HARD,1.0,True,Red Bull Racing,0 days 01:47:48.132000,,1,3.0,,,False,False,2025,23
0 days 01:09:59.832000,GAS,10,0 days 00:02:22.022000,7.0,1.0,,0 days 01:09:55.686000,0 days 00:00:42.904000,0 days 00:00:49.694000,0 days 00:00:49.424000,0 days 01:08:20.733000,0 days 01:09:10.427000,0 days 01:09:59.851000,119.0,155.0,,308.0,False,MEDIUM,7.0,True,Alpine,0 days 01:07:37.810000,,124,19.0,,,False,False,2025,23
0 days 01:12:00.685000,GAS,10,0 days 00:02:00.853000,8.0,2.0,0 days 01:10:26.978000,,0 days 00:01:03.784000,0 days 00:00:30.530000,0 days 00:00:26.539000,0 days 01:11:03.635000,0 days 01:11:34.165000,0 days 01:12:00.704000,221.0,278.0,274.0,168.0,False,HARD,1.0,True,Alpine,0 days 01:09:59.832000,,4,19.0,,,False,False,2025,23
0 days 01:48:42.196000,GAS,10,0 days 00:01:34.234000,32.0,2.0,,0 days 01:48:38.061000,0 days 00:00:33.051000,0 days 00:00:30.815000,0 days 00:00:30.368000,0 days 01:47:41.032000,0 days 01:48:11.847000,0 days 01:48:42.215000,236.0,281.0,,308.0,False,HARD,25.0,True,Alpine,0 days 01:47:07.962000,,1,18.0,,,False,False,2025,23
0 days 01:50:33.492000,GAS,10,0 days 00:01:51.296000,33.0,3.0,0 days 01:49:08.745000,,0 days 00:00:56.826000,0 days 00:00:29.172000,0 days 00:00:25.298000,0 days 01:49:39.041000,0 days 01:50:08.213000,0 days 01:50:33.511000,237.0,285.0,278.0,182.0,False,MEDIUM,1.0,True,Alpine,0 days 01:48:42.196000,,1,19.0,,,False,False,2025,23
0 days 01:09:14.415000,ANT,12,0 days 00:01:43.942000,7.0,1.0,,0 days 01:09:10.654000,0 days 00:00:32.070000,0 days 00:00:37.247000,0 days 00:00:34.625000,0 days 01:08:02.561000,0 days 01:08:39.808000,0 days 01:09:14.433000,237.0,233.0,,312.0,False,MEDIUM,7.0,True,Mercedes,0 days 01:07:30.473000,,124,4.0,,,False,False,2025,23
0 days 01:11:36.763000,ANT,12,0 days 00:02:22.348000,8.0,2.0,0 days 01:09:42.326000,,0 days 00:01:07.462000,0 days 00:00:38.407000,0 days 00:00:36.479000,0 days 01:10:21.895000,0 days 01:11:00.302000,0 days 01:11:36.781000,207.0,250.0,130.0,177.0,False,MEDIUM,1.0,True,Mercedes,0 days 01:09:14.415000,,4,6.0,,,False,False,2025,23
0 days 01:48:10.780000,ANT,12,0 days 00:01:30.776000,32.0,2.0,,0 days 01:48:06.705000,0 days 00:00:31.969000,0 days 00:00:29.448000,0 days 00:00:29.359000,0 days 01:47:11.991000,0 days 01:47:41.439000,0 days 01:48:10.798000,242.0,288.0,,311.0,False,MEDIUM,25.0,True,Mercedes,0 days 01:46:40.004000,,1,5.0,,,False,False,2025,23
0 days 01:49:59.701000,ANT,12,0 days 00:01:48.921000,33.0,3.0,0 days 01:48:35.207000,,0 days 00:00:54.830000,0 days 00:00:29.046000,0 days 00:00:25.045000,0 days 01:49:05.628000,0 days 01:49:34.674000,0 days 01:49:59.719000,237.0,287.0,281.0,175.0,False,HARD,1.0,True,Mercedes,0 days 01:48:10.780000,,1,5.0,,,False,False,2025,23
0 days 01:09:19.491000,ALO,14,0 days 00:01:45.813000,7.0,1.0,,0 days 01:09:15.342000,0 days 00:00:32.596000,0 days 00:00:36.523000,0 days 00:00:36.694000,0 days 01:08:06.315000,0 days 01:08:42.838000,0 days 01:09:19.532000,229.0,264.0,,307.0,False,MEDIUM,7.0,True,Aston Martin,0 days 01:07:33.678000,,124,6.0,,,False,False,2025,23
0 days 01:11:38.185000,ALO,14,0 days 00:02:18.694000,8.0,2.0,0 days 01:09:43.717000,,0 days 00:01:05.045000,0 days 00:00:36.439000,0 days 00:00:37.210000,0 days 01:10:24.577000,0 days 01:11:01.016000,0 days 01:11:38.226000,212.0,208.0,159.0,177.0,False,MEDIUM,1.0,True,Aston Martin,0 days 01:09:19.491000,,4,7.0,,,False,False,2025,23
0 days 01:48:16.819000,ALO,14,0 days 00:01:30.639000,32.0,2.0,,0 days 01:48:12.733000,0 days 00:00:31.966000,0 days 00:00:29.300000,0 days 00:00:29.373000,0 days 01:47:18.187000,0 days 01:47:47.487000,0 days 01:48:16.860000,232.0,284.0,,306.0,False,MEDIUM,25.0,True,Aston Martin,0 days 01:46:46.180000,,1,6.0,,,False,False,2025,23
0 days 01:50:06.008000,ALO,14,0 days 00:01:49.189000,33.0,3.0,0 days 01:48:41.715000,,0 days 00:00:54.645000,0 days 00:00:29.250000,0 days 00:00:25.294000,0 days 01:49:11.505000,0 days 01:49:40.755000,0 days 01:50:06.049000,228.0,283.0,277.0,180.0,False,HARD,1.0,True,Aston Martin,0 days 01:48:16.819000,,1,7.0,,,False,False,2025,23
0 days 01:09:26.517000,LEC,16,0 days 00:01:47.451000,7.0,1.0,,0 days 01:09:22.420000,0 days 00:00:32.494000,0 days 00:00:38.622000,0 days 00:00:36.335000,0 days 01:08:11.581000,0 days 01:08:50.203000,0 days 01:09:26.538000,235.0,256.0,,329.0,False,MEDIUM,7.0,True,Ferrari,0 days 01:07:39.066000,,124,9.0,,,False,False,2025,23
0 days 01:11:42.331000,LEC,16,0 days 00:02:15.814000,8.0,2.0,0 days 01:09:52.779000,,0 days 00:01:07.165000,0 days 00:00:37.052000,0 days 00:00:31.597000,0 days 01:10:33.703000,0 days 01:11:10.755000,0 days 01:11:42.352000,216.0,236.0,240.0,174.0,False,MEDIUM,1.0,True,Ferrari,0 days 01:09:26.517000,,4,10.0,,,False,False,2025,23
0 days 01:48:25.691000,LEC,16,0 days 00:01:31.432000,32.0,2.0,,0 days 01:48:21.693000,0 days 00:00:32.161000,0 days 00:00:29.704000,0 days 00:00:29.567000,0 days 01:47:26.441000,0 days 01:47:56.145000,0 days 01:48:25.712000,238.0,287.0,,310.0,False,MEDIUM,25.0,True,Ferrari,0 days 01:46:54.259000,,1,9.0,,,False,False,2025,23
0 days 01:50:14.015000,LEC,16,0 days 00:01:48.324000,33.0,3.0,0 days 01:48:50.593000,,0 days 00:00:54.719000,0 days 00:00:28.869000,0 days 00:00:24.736000,0 days 01:49:20.431000,0 days 01:49:49.300000,0 days 01:50:14.036000,239.0,287.0,279.0,179.0,False,HARD,1.0,True,Ferrari,0 days 01:48:25.691000,,1,10.0,,,False,False,2025,23
0 days 01:09:35.931000,STR,18,0 days 00:01:51.704000,7.0,1.0,,0 days 01:09:31.873000,0 days 00:00:35.023000,0 days 00:00:40.693000,0 days 00:00:35.988000,0 days 01:08:19.279000,0 days 01:08:59.972000,0 days 01:09:35.960000,201.0,280.0,,330.0,False,MEDIUM,7.0,True,Aston Martin,0 days 01:07:44.227000,,124,17.0,,,False,False,2025,23
0 days 01:11:49.889000,STR,18,0 days 00:02:13.958000,8.0,2.0,0 days 01:10:00.029000,,0 days 00:01:07.972000,0 days 00:00:35.019000,0 days 00:00:30.967000,0 days 01:10:43.932000,0 days 01:11:18.951000,0 days 01:11:49.918000,218.0,139.0,258.0,181.0,False,MEDIUM,1.0,True,Aston Martin,0 days 01:09:35.931000,,4,17.0,,,False,False,2025,23
0 days 01:36:56.044000,STR,18,0 days 00:01:32.338000,24.0,2.0,,0 days 01:36:52.019000,0 days 00:00:32.510000,0 days 00:00:30.055000,0 days 00:00:29.773000,0 days 01:35:56.245000,0 days 01:36:26.300000,0 days 01:36:56.073000,231.0,286.0,,330.0,False,MEDIUM,17.0,True,Aston Martin,0 days 01:35:23.706000,,1,19.0,,,False,False,2025,23
0 days 01:38:43.535000,STR,18,0 days 00:01:47.491000,25.0,3.0,0 days 01:37:20.113000,,0 days 00:00:53.497000,0 days 00:00:28.842000,0 days 00:00:25.152000,0 days 01:37:49.570000,0 days 01:38:18.412000,0 days 01:38:43.564000,233.0,283.0,277.0,177.0,False,MEDIUM,1.0,True,Aston Martin,0 days 01:36:56.044000,,1,19.0,,,False,False,2025,23
0 days 02:13:10.087000,STR,18,0 days 00:01:29.693000,49.0,3.0,,0 days 02:13:06.081000,0 days 00:00:31.724000,0 days 00:00:29.040000,0 days 00:00:28.929000,0 days 02:12:12.147000,0 days 02:12:41.187000,0 days 02:13:10.116000,237.0,286.0,,306.0,False,MEDIUM,25.0,True,Aston Martin,0 days 02:11:40.394000,,1,13.0,,,False,False,2025,23
0 days 02:15:03.221000,STR,18,0 days 00:01:53.134000,50.0,4.0,0 days 02:13:41.628000,,0 days 00:01:00.404000,0 days 00:00:28.069000,0 days 00:00:24.661000,0 days 02:14:10.520000,0 days 02:14:38.589000,0 days 02:15:03.250000,237.0,286.0,279.0,178.0,False,SOFT,1.0,True,Aston Martin,0 days 02:13:10.087000,,1,18.0,,,False,False,2025,23
0 days 02:22:16.980000,STR,18,0 days 00:01:32.951000,55.0,4.0,,0 days 02:22:12.835000,0 days 00:00:31.358000,0 days 00:00:28.728000,0 days 00:00:32.865000,0 days 02:21:15.416000,0 days 02:21:44.144000,0 days 02:22:17.009000,240.0,280.0,,306.0,False,SOFT,6.0,True,Aston Martin,0 days 02:20:44.029000,,1,17.0,,,False,False,2025,23
0 days 01:09:31.905000,TSU,22,0 days 00:01:49.215000,7.0,1.0,,0 days 01:09:27.857000,0 days 00:00:32.577000,0 days 00:00:41.391000,0 days 00:00:35.247000,0 days 01:08:15.267000,0 days 01:08:56.658000,0 days 01:09:31.905000,231.0,243.0,,337.0,False,MEDIUM,7.0,True,Red Bull Racing,0 days 01:07:42.690000,,124,14.0,,,False,False,2025,23
0 days 01:11:46.277000,TSU,22,0 days 00:02:14.372000,8.0,2.0,0 days 01:09:56.998000,,0 days 00:01:08.030000,0 days 00:00:35.685000,0 days 00:00:30.657000,0 days 01:10:39.935000,0 days 01:11:15.620000,0 days 01:11:46.277000,222.0,225.0,241.0,178.0,False,MEDIUM,1.0,True,Red Bull Racing,0 days 01:09:31.905000,,4,13.0,,,False,False,2025,23
0 days 01:48:29.902000,TSU,22,0 days 00:01:31.141000,32.0,2.0,,0 days 01:48:25.993000,0 days 00:00:32.048000,0 days 00:00:29.808000,0 days 00:00:29.285000,0 days 01:47:30.809000,0 days 01:48:00.617000,0 days 01:48:29.902000,238.0,285.0,,309.0,False,MEDIUM,25.0,True,Red Bull Racing,0 days 01:46:58.761000,,1,12.0,,,False,False,2025,23
0 days 01:50:18.381000,TSU,22,0 days 00:01:48.479000,33.0,3.0,0 days 01:48:54.177000,,0 days 00:00:54.354000,0 days 00:00:29.037000,0 days 00:00:25.088000,0 days 01:49:24.256000,0 days 01:49:53.293000,0 days 01:50:18.381000,234.0,287.0,281.0,178.0,False,HARD,1.0,True,Red Bull Racing,0 days 01:48:29.902000,,1,13.0,,,False,False,2025,23
0 days 01:09:33.107000,ALB,23,0 days 00:01:49.685000,7.0,1.0,,0 days 01:09:28.967000,0 days 00:00:32.830000,0 days 00:00:41.331000,0 days 00:00:35.524000,0 days 01:08:16.264000,0 days 01:08:57.595000,0 days 01:09:33.119000,230.0,259.0,,332.0,False,HARD,7.0,True,Williams,0 days 01:07:43.422000,,124,15.0,,,False,False,2025,23
0 days 01:11:47.536000,ALB,23,0 days 00:02:14.429000,8.0,2.0,0 days 01:09:57.873000,,0 days 00:01:08.074000,0 days 00:00:35.357000,0 days 00:00:30.998000,0 days 01:10:41.193000,0 days 01:11:16.550000,0 days 01:11:47.548000,220.0,204.0,238.0,163.0,False,MEDIUM,1.0,True,Williams,0 days 01:09:33.107000,,4,14.0,,,False,False,2025,23
0 days 01:48:31.393000,ALB,23,0 days 00:01:31.241000,32.0,2.0,,0 days 01:48:27.379000,0 days 00:00:32.256000,0 days 00:00:29.696000,0 days 00:00:29.289000,0 days 01:47:32.420000,0 days 01:48:02.116000,0 days 01:48:31.405000,231.0,286.0,,310.0,False,MEDIUM,25.0,True,Williams,0 days 01:47:00.152000,,1,13.0,,,False,False,2025,23
0 days 01:50:19.560000,ALB,23,0 days 00:01:48.167000,33.0,3.0,0 days 01:48:56.704000,,0 days 00:00:54.501000,0 days 00:00:28.845000,0 days 00:00:24.821000,0 days 01:49:25.906000,0 days 01:49:54.751000,0 days 01:50:19.572000,236.0,286.0,280.0,183.0,False,MEDIUM,1.0,True,Williams,0 days 01:48:31.393000,,1,14.0,,,False,False,2025,23
0 days 01:09:29.961000,LAW,30,0 days 00:01:49.397000,7.0,1.0,,0 days 01:09:25.857000,0 days 00:00:32.816000,0 days 00:00:40.094000,0 days 00:00:36.487000,0 days 01:08:13.397000,0 days 01:08:53.491000,0 days 01:09:29.978000,231.0,282.0,,329.0,False,MEDIUM,7.0,True,Racing Bulls,0 days 01:07:40.564000,,124,12.0,,,False,False,2025,23
0 days 01:11:44.688000,LAW,30,0 days 00:02:14.727000,8.0,2.0,0 days 01:09:54.826000,,0 days 00:01:07.948000,0 days 00:00:35.749000,0 days 00:00:31.030000,0 days 01:10:37.926000,0 days 01:11:13.675000,0 days 01:11:44.705000,228.0,234.0,233.0,164.0,False,MEDIUM,1.0,True,Racing Bulls,0 days 01:09:29.961000,,4,12.0,,,False,False,2025,23
0 days 01:48:28.543000,LAW,30,0 days 00:01:31.451000,32.0,2.0,,0 days 01:48:24.531000,0 days 00:00:32.030000,0 days 00:00:29.820000,0 days 00:00:29.601000,0 days 01:47:29.139000,0 days 01:47:58.959000,0 days 01:48:28.560000,235.0,287.0,,308.0,False,MEDIUM,25.0,True,Racing Bulls,0 days 01:46:57.092000,,1,11.0,,,False,False,2025,23
0 days 01:50:17.228000,LAW,30,0 days 00:01:48.685000,33.0,3.0,0 days 01:48:52.516000,,0 days 00:00:54.208000,0 days 00:00:29.535000,0 days 00:00:24.942000,0 days 01:49:22.768000,0 days 01:49:52.303000,0 days 01:50:17.245000,235.0,285.0,280.0,181.0,False,HARD,1.0,True,Racing Bulls,0 days 01:48:28.543000,,1,12.0,,,False,False,2025,23
0 days 01:11:35.065000,OCO,31,0 days 00:02:07.608000,8.0,1.0,,0 days 01:11:30.941000,0 days 00:00:46.140000,0 days 00:00:37.777000,0 days 00:00:43.691000,0 days 01:10:13.622000,0 days 01:10:51.399000,0 days 01:11:35.090000,201.0,174.0,,206.0,False,MEDIUM,8.0,True,Haas F1 Team,0 days 01:09:27.457000,,4,4.0,,,False,False,2025,23
0 days 01:14:15.766000,OCO,31,,9.0,2.0,0 days 01:12:05.066000,0 days 01:14:11.674000,0 days 00:01:10.712000,0 days 00:00:43.985000,0 days 00:00:46.039000,0 days 01:12:45.955000,0 days 01:13:29.815000,0 days 01:14:15.955000,86.0,239.0,,169.0,False,HARD,1.0,True,Haas F1 Team,0 days 01:11:35.065000,,4,19.0,,,False,False,2025,23
0 days 01:16:21.594000,OCO,31,0 days 00:02:05.828000,10.0,3.0,0 days 01:14:46.346000,,0 days 00:01:04.204000,0 days 00:00:29.124000,0 days 00:00:32.500000,0 days 01:15:19.995000,0 days 01:15:49.119000,0 days 01:16:21.619000,233.0,273.0,286.0,167.0,False,MEDIUM,1.0,True,Haas F1 Team,0 days 01:14:15.766000,,41,19.0,,,False,False,2025,23
0 days 01:51:32.423000,OCO,31,0 days 00:01:30.888000,34.0,3.0,,0 days 01:51:28.451000,0 days 00:00:32.151000,0 days 00:00:29.448000,0 days 00:00:29.289000,0 days 01:50:33.711000,0 days 01:51:03.159000,0 days 01:51:32.448000,242.0,286.0,,308.0,False,MEDIUM,25.0,True,Haas F1 Team,0 days 01:50:01.535000,,1,6.0,,,False,False,2025,23
0 days 01:53:21.678000,OCO,31,0 days 00:01:49.255000,35.0,4.0,0 days 01:51:58.936000,,0 days 00:00:55.807000,0 days 00:00:28.846000,0 days 00:00:24.602000,0 days 01:52:28.255000,0 days 01:52:57.101000,0 days 01:53:21.703000,240.0,286.0,280.0,179.0,False,HARD,2.0,False,Haas F1 Team,0 days 01:51:32.423000,,1,17.0,,,False,False,2025,23
0 days 01:37:46.617000,NOR,4,0 days 00:01:30.084000,25.0,1.0,,0 days 01:37:42.504000,0 days 00:00:31.738000,0 days 00:00:29.253000,0 days 00:00:29.093000,0 days 01:36:48.296000,0 days 01:37:17.549000,0 days 01:37:46.642000,237.0,286.0,,307.0,False,MEDIUM,25.0,True,McLaren,0 days 01:36:16.533000,,1,2.0,,,False,False,2025,23
0 days 01:39:34.206000,NOR,4,0 days 00:01:47.589000,26.0,2.0,0 days 01:38:10.457000,,0 days 00:00:53.419000,0 days 00:00:29.056000,0 days 00:00:25.114000,0 days 01:38:40.061000,0 days 01:39:09.117000,0 days 01:39:34.231000,234.0,288.0,281.0,180.0,False,MEDIUM,1.0,True,McLaren,0 days 01:37:46.617000,,1,5.0,,,False,False,2025,23
0 days 02:05:10.564000,NOR,4,0 days 00:01:29.254000,44.0,2.0,,0 days 02:05:06.462000,0 days 00:00:31.483000,0 days 00:00:29.031000,0 days 00:00:28.740000,0 days 02:04:12.818000,0 days 02:04:41.849000,0 days 02:05:10.589000,240.0,288.0,,308.0,False,MEDIUM,19.0,True,McLaren,0 days 02:03:41.310000,,1,2.0,,,False,False,2025,23
0 days 02:06:57.724000,NOR,4,0 days 00:01:47.160000,45.0,3.0,0 days 02:05:34.712000,,0 days 00:00:53.737000,0 days 00:00:29.026000,0 days 00:00:24.397000,0 days 02:06:04.326000,0 days 02:06:33.352000,0 days 02:06:57.749000,236.0,289.0,282.0,181.0,False,HARD,1.0,True,McLaren,0 days 02:05:10.564000,,1,5.0,,,False,False,2025,23
0 days 01:00:20.551000,COL,43,0 days 00:01:38.774000,1.0,1.0,0 days 00:58:51.170000,,,0 days 00:00:30.844000,0 days 00:00:26.571000,,0 days 00:59:54.155000,0 days 01:00:20.702000,230.0,283.0,276.0,162.0,False,HARD,1.0,True,Alpine,0 days 00:58:41.498000,,1,20.0,,,False,False,2025,23
0 days 01:09:36.514000,COL,43,0 days 00:01:50.372000,7.0,1.0,,0 days 01:09:32.498000,0 days 00:00:34.356000,0 days 00:00:40.358000,0 days 00:00:35.658000,0 days 01:08:20.542000,0 days 01:09:00.900000,0 days 01:09:36.558000,102.0,261.0,,312.0,False,HARD,7.0,True,Alpine,0 days 01:07:46.142000,,124,18.0,,,False,False,2025,23
0 days 01:11:51.144000,COL,43,0 days 00:02:14.630000,8.0,2.0,0 days 01:10:01.936000,,0 days 00:01:09.598000,0 days 00:00:33.917000,0 days 00:00:31.115000,0 days 01:10:46.156000,0 days 01:11:20.073000,0 days 01:11:51.188000,216.0,135.0,256.0,161.0,False,MEDIUM,1.0,True,Alpine,0 days 01:09:36.514000,,4,18.0,,,False,False,2025,23
0 days 01:48:36.796000,COL,43,0 days 00:01:31.355000,32.0,2.0,,0 days 01:48:32.659000,0 days 00:00:32.215000,0 days 00:00:29.734000,0 days 00:00:29.406000,0 days 01:47:37.700000,0 days 01:48:07.434000,0 days 01:48:36.840000,236.0,282.0,,308.0,False,MEDIUM,25.0,True,Alpine,0 days 01:47:05.441000,,1,17.0,,,False,False,2025,23
0 days 01:50:25.515000,COL,43,0 days 00:01:48.719000,33.0,3.0,0 days 01:49:01.759000,,0 days 00:00:54.750000,0 days 00:00:29.012000,0 days 00:00:24.957000,0 days 01:49:31.590000,0 days 01:50:00.602000,0 days 01:50:25.559000,237.0,285.0,278.0,180.0,False,MEDIUM,1.0,True,Alpine,0 days 01:48:36.796000,,1,17.0,,,False,False,2025,23
0 days 01:09:30.711000,HAM,44,0 days 00:01:49.205000,7.0,1.0,,0 days 01:09:26.764000,0 days 00:00:32.644000,0 days 00:00:40.515000,0 days 00:00:36.046000,0 days 01:08:14.166000,0 days 01:08:54.681000,0 days 01:09:30.727000,232.0,255.0,,330.0,False,SOFT,7.0,True,Ferrari,0 days 01:07:41.506000,,124,13.0,,,False,False,2025,23
0 days 01:11:48.535000,HAM,44,0 days 00:02:17.824000,8.0,2.0,0 days 01:09:58.748000,,0 days 00:01:11.039000,0 days 00:00:35.505000,0 days 00:00:31.280000,0 days 01:10:41.766000,0 days 01:11:17.271000,0 days 01:11:48.551000,205.0,198.0,236.0,166.0,False,MEDIUM,1.0,True,Ferrari,0 days 01:09:30.711000,,4,15.0,,,False,False,2025,23
0 days 01:48:32.778000,HAM,44,0 days 00:01:31.659000,32.0,2.0,,0 days 01:48:28.784000,0 days 00:00:32.035000,0 days 00:00:29.935000,0 days 00:00:29.689000,0 days 01:47:33.170000,0 days 01:48:03.105000,0 days 01:48:32.794000,239.0,289.0,,328.0,False,MEDIUM,25.0,True,Ferrari,0 days 01:47:01.119000,,1,14.0,,,False,False,2025,23
0 days 01:50:20.474000,HAM,44,0 days 00:01:47.696000,33.0,3.0,0 days 01:48:57.236000,,0 days 00:00:53.890000,0 days 00:00:28.883000,0 days 00:00:24.923000,0 days 01:49:26.684000,0 days 01:49:55.567000,0 days 01:50:20.490000,243.0,288.0,282.0,181.0,False,MEDIUM,1.0,True,Ferrari,0 days 01:48:32.778000,,1,15.0,,,False,False,2025,23
0 days 01:09:35.426000,BOR,5,0 days 00:01:50.552000,7.0,1.0,,0 days 01:09:31.404000,0 days 00:00:34.048000,0 days 00:00:39.823000,0 days 00:00:36.681000,0 days 01:08:18.937000,0 days 01:08:58.760000,0 days 01:09:35.441000,197.0,239.0,,328.0,False,MEDIUM,7.0,True,Kick Sauber,0 days 01:07:44.874000,,124,16.0,,,False,False,2025,23
0 days 01:11:49.301000,BOR,5,0 days 00:02:13.875000,8.0,2.0,0 days 01:09:59.795000,,0 days 00:01:07.771000,0 days 00:00:35.038000,0 days 00:00:31.066000,0 days 01:10:43.212000,0 days 01:11:18.250000,0 days 01:11:49.316000,205.0,155.0,238.0,181.0,False,MEDIUM,1.0,True,Kick Sauber,0 days 01:09:35.426000,,4,16.0,,,False,False,2025,23
0 days 01:48:35.645000,BOR,5,0 days 00:01:31.602000,32.0,2.0,,0 days 01:48:31.661000,0 days 00:00:32.100000,0 days 00:00:29.808000,0 days 00:00:29.694000,0 days 01:47:36.158000,0 days 01:48:05.966000,0 days 01:48:35.660000,238.0,284.0,,307.0,False,MEDIUM,25.0,True,Kick Sauber,0 days 01:47:04.043000,,1,16.0,,,False,False,2025,23
0 days 01:50:23.675000,BOR,5,0 days 00:01:48.030000,33.0,3.0,0 days 01:48:59.811000,,0 days 00:00:53.781000,0 days 00:00:29.226000,0 days 00:00:25.023000,0 days 01:49:29.441000,0 days 01:49:58.667000,0 days 01:50:23.690000,236.0,284.0,278.0,184.0,False,SOFT,1.0,True,Kick Sauber,0 days 01:48:35.645000,,1,16.0,,,False,False,2025,23
0 days 01:09:16.909000,SAI,55,0 days 00:01:44.711000,7.0,1.0,,0 days 01:09:13.107000,0 days 00:00:32.470000,0 days 00:00:36.902000,0 days 00:00:35.339000,0 days 01:08:04.704000,0 days 01:08:41.606000,0 days 01:09:16.945000,230.0,239.0,,309.0,False,MEDIUM,7.0,True,Williams,0 days 01:07:32.198000,,124,5.0,,,False,False,2025,23
0 days 01:11:36.333000,SAI,55,0 days 00:02:19.424000,8.0,2.0,0 days 01:09:41.326000,,0 days 00:01:01.763000,0 days 00:00:40.669000,0 days 00:00:36.992000,0 days 01:10:18.708000,0 days 01:10:59.377000,0 days 01:11:36.369000,225.0,258.0,114.0,173.0,False,MEDIUM,1.0,True,Williams,0 days 01:09:16.909000,,4,5.0,,,False,False,2025,23
0 days 01:48:06.625000,SAI,55,0 days 00:01:30.422000,32.0,2.0,,0 days 01:48:02.621000,0 days 00:00:32.026000,0 days 00:00:29.305000,0 days 00:00:29.091000,0 days 01:47:08.265000,0 days 01:47:37.570000,0 days 01:48:06.661000,230.0,286.0,,306.0,False,MEDIUM,25.0,True,Williams,0 days 01:46:36.203000,,1,3.0,,,False,False,2025,23
0 days 01:49:54.346000,SAI,55,0 days 00:01:47.721000,33.0,3.0,0 days 01:48:30.794000,,0 days 00:00:53.756000,0 days 00:00:28.945000,0 days 00:00:25.020000,0 days 01:49:00.417000,0 days 01:49:29.362000,0 days 01:49:54.382000,230.0,286.0,279.0,181.0,False,HARD,1.0,True,Williams,0 days 01:48:06.625000,,1,4.0,,,False,False,2025,23
0 days 01:09:22.353000,HAD,6,0 days 00:01:46.437000,7.0,1.0,,0 days 01:09:18.201000,0 days 00:00:32.498000,0 days 00:00:37.784000,0 days 00:00:36.155000,0 days 01:08:08.429000,0 days 01:08:46.213000,0 days 01:09:22.368000,232.0,258.0,,311.0,False,MEDIUM,7.0,True,Racing Bulls,0 days 01:07:35.916000,,124,8.0,,,False,False,2025,23
0 days 01:11:39.812000,HAD,6,0 days 00:02:17.459000,8.0,2.0,0 days 01:09:47.154000,,0 days 00:01:05.583000,0 days 00:00:36.178000,0 days 00:00:35.698000,0 days 01:10:27.951000,0 days 01:11:04.129000,0 days 01:11:39.827000,218.0,213.0,138.0,161.0,False,MEDIUM,1.0,True,Racing Bulls,0 days 01:09:22.353000,,4,8.0,,,False,False,2025,23
0 days 01:48:20.375000,HAD,6,0 days 00:01:30.549000,32.0,2.0,,0 days 01:48:16.338000,0 days 00:00:32.125000,0 days 00:00:29.170000,0 days 00:00:29.254000,0 days 01:47:21.966000,0 days 01:47:51.136000,0 days 01:48:20.390000,236.0,285.0,,308.0,False,MEDIUM,25.0,True,Racing Bulls,0 days 01:46:49.826000,,1,7.0,,,False,False,2025,23
0 days 01:50:08.046000,HAD,6,0 days 00:01:47.671000,33.0,3.0,0 days 01:48:44.236000,,0 days 00:00:53.891000,0 days 00:00:28.863000,0 days 00:00:24.917000,0 days 01:49:14.281000,0 days 01:49:43.144000,0 days 01:50:08.061000,236.0,285.0,278.0,174.0,False,HARD,1.0,True,Racing Bulls,0 days 01:48:20.375000,,1,8.0,,,False,False,2025,23
0 days 02:22:34.219000,HAD,6,,55.0,3.0,,0 days 02:22:29.914000,0 days 00:00:36.751000,0 days 00:00:57.620000,0 days 00:01:04.556000,0 days 02:20:32.068000,0 days 02:21:29.678000,0 days 02:22:34.265000,181.0,127.0,,304.0,False,HARD,23.0,True,Racing Bulls,0 days 02:19:55.174000,,1,18.0,,,False,False,2025,23
0 days 01:09:20.148000,RUS,63,0 days 00:01:45.551000,7.0,1.0,,0 days 01:09:16.123000,0 days 00:00:32.382000,0 days 00:00:37.992000,0 days 00:00:35.177000,0 days 01:08:06.997000,0 days 01:08:44.989000,0 days 01:09:20.166000,235.0,256.0,,327.0,False,MEDIUM,7.0,True,Mercedes,0 days 01:07:34.597000,,124,7.0,,,False,False,2025,23
0 days 01:11:41.431000,RUS,63,0 days 00:02:21.283000,8.0,2.0,0 days 01:09:49.373000,,0 days 00:01:10.832000,0 days 00:00:35.247000,0 days 00:00:35.204000,0 days 01:10:30.998000,0 days 01:11:06.245000,0 days 01:11:41.449000,218.0,169.0,191.0,173.0,False,MEDIUM,1.0,True,Mercedes,0 days 01:09:20.148000,,4,9.0,,,False,False,2025,23
0 days 01:48:22.706000,RUS,63,0 days 00:01:30.763000,32.0,2.0,,0 days 01:48:18.671000,0 days 00:00:32.061000,0 days 00:00:29.548000,0 days 00:00:29.154000,0 days 01:47:24.022000,0 days 01:47:53.570000,0 days 01:48:22.724000,239.0,288.0,,313.0,False,MEDIUM,25.0,True,Mercedes,0 days 01:46:51.943000,,1,8.0,,,False,False,2025,23
0 days 01:50:11.065000,RUS,63,0 days 00:01:48.359000,33.0,3.0,0 days 01:48:47.693000,,0 days 00:00:54.664000,0 days 00:00:28.899000,0 days 00:00:24.796000,0 days 01:49:17.388000,0 days 01:49:46.287000,0 days 01:50:11.083000,237.0,287.0,281.0,177.0,False,HARD,1.0,True,Mercedes,0 days 01:48:22.706000,,1,9.0,,,False,False,2025,23
0 days 01:36:17.216000,PIA,81,0 days 00:01:30.513000,24.0,1.0,,0 days 01:36:13.079000,0 days 00:00:31.995000,0 days 00:00:29.257000,0 days 00:00:29.261000,0 days 01:35:18.738000,0 days 01:35:47.995000,0 days 01:36:17.256000,234.0,287.0,,308.0,False,MEDIUM,24.0,True,McLaren,0 days 01:34:46.703000,,1,2.0,,,False,False,2025,23
0 days 01:38:05.140000,PIA,81,0 days 00:01:47.924000,25.0,2.0,0 days 01:36:42.191000,,0 days 00:00:54.447000,0 days 00:00:28.766000,0 days 00:00:24.711000,0 days 01:37:11.703000,0 days 01:37:40.469000,0 days 01:38:05.180000,235.0,287.0,281.0,181.0,False,MEDIUM,1.0,True,McLaren,0 days 01:36:17.216000,,1,5.0,,,False,False,2025,23
0 days 02:02:12.894000,PIA,81,0 days 00:01:29.077000,42.0,2.0,,0 days 02:02:08.747000,0 days 00:00:31.504000,0 days 00:00:28.888000,0 days 00:00:28.685000,0 days 02:01:15.361000,0 days 02:01:44.249000,0 days 02:02:12.934000,241.0,289.0,,310.0,False,MEDIUM,18.0,True,McLaren,0 days 02:00:43.817000,,1,1.0,,,False,False,2025,23
0 days 02:03:59.172000,PIA,81,0 days 00:01:46.278000,43.0,3.0,0 days 02:02:36.637000,,0 days 00:00:53.380000,0 days 00:00:28.570000,0 days 00:00:24.328000,0 days 02:03:06.314000,0 days 02:03:34.884000,0 days 02:03:59.212000,238.0,289.0,282.0,178.0,False,HARD,1.0,True,McLaren,0 days 02:02:12.894000,,1,3.0,,,False,False,2025,23
0 days 01:09:28.565000,BEA,87,0 days 00:01:48.904000,7.0,1.0,,0 days 01:09:24.451000,0 days 00:00:33.090000,0 days 00:00:39.533000,0 days 00:00:36.281000,0 days 01:08:12.787000,0 days 01:08:52.320000,0 days 01:09:28.601000,233.0,259.0,,325.0,False,MEDIUM,7.0,True,Haas F1 Team,0 days 01:07:39.661000,,124,11.0,,,False,False,2025,23
0 days 01:11:43.935000,BEA,87,0 days 00:02:15.370000,8.0,2.0,0 days 01:09:53.295000,,0 days 00:01:06.401000,0 days 00:00:37.016000,0 days 00:00:31.953000,0 days 01:10:35.002000,0 days 01:11:12.018000,0 days 01:11:43.971000,224.0,238.0,232.0,167.0,False,MEDIUM,1.0,True,Haas F1 Team,0 days 01:09:28.565000,,4,11.0,,,False,False,2025,23
0 days 01:48:26.948000,BEA,87,0 days 00:01:31.094000,32.0,2.0,,0 days 01:48:22.932000,0 days 00:00:32.009000,0 days 00:00:29.637000,0 days 00:00:29.448000,0 days 01:47:27.899000,0 days 01:47:57.536000,0 days 01:48:26.984000,242.0,285.0,,310.0,False,MEDIUM,25.0,True,Haas F1 Team,0 days 01:46:55.854000,,1,10.0,,,False,False,2025,23
0 days 01:50:31.973000,BEA,87,0 days 00:02:05.025000,33.0,3.0,0 days 01:49:08.108000,,0 days 00:01:11.380000,0 days 00:00:28.830000,0 days 00:00:24.815000,0 days 01:49:38.364000,0 days 01:50:07.194000,0 days 01:50:32.009000,239.0,284.0,277.0,173.0,False,HARD,1.0,True,Haas F1 Team,0 days 01:48:26.948000,,1,18.0,,,False,False,2025,23
0 days 02:00:34.535000,BEA,87,0 days 00:01:30.153000,40.0,3.0,,0 days 02:00:30.569000,0 days 00:00:31.397000,0 days 00:00:29.350000,0 days 00:00:29.406000,0 days 01:59:35.815000,0 days 02:00:05.165000,0 days 02:00:34.571000,240.0,288.0,,323.0,False,HARD,8.0,True,Haas F1 Team,0 days 01:59:04.382000,,1,19.0,,,False,False,2025,23
0 days 02:02:35.669000,BEA,87,0 days 00:02:01.134000,41.0,4.0,0 days 02:01:07.908000,0 days 02:02:31.106000,0 days 00:01:02.329000,0 days 00:00:28.786000,0 days 00:00:30.019000,0 days 02:01:36.900000,0 days 02:02:05.686000,0 days 02:02:35.705000,244.0,285.0,,182.0,False,HARD,9.0,False,Haas F1 Team,0 days 02:00:34.535000,,1,19.0,,,False,False,2025,23
0 days 01:32:44.133000,VER,1,0 days 00:01:31.365000,23.0,1.0,,0 days 01:32:43.105000,0 days 00:00:17.903000,0 days 00:00:38.590000,0 days 00:00:34.872000,0 days 01:31:30.746000,0 days 01:32:09.336000,0 days 01:32:44.208000,287.0,299.0,,300.0,False,MEDIUM,23.0,True,Red Bull Racing,0 days 01:31:12.768000,,1,1.0,,,False,False,2025,24
0 days 01:34:33.056000,VER,1,0 days 00:01:48.923000,24.0,2.0,0 days 01:33:04.789000,,0 days 00:00:38.129000,0 days 00:00:38.518000,0 days 00:00:32.276000,0 days 01:33:22.337000,0 days 01:34:00.855000,0 days 01:34:33.131000,285.0,295.0,214.0,297.0,False,HARD,1.0,True,Red Bull Racing,0 days 01:32:44.133000,,1,2.0,,,False,False,2025,24
0 days 01:59:33.423000,PIA,81,0 days 00:01:32.723000,41.0,1.0,,0 days 01:59:32.422000,0 days 00:00:17.759000,0 days 00:00:38.944000,0 days 00:00:36.020000,0 days 01:58:18.459000,0 days 01:58:57.403000,0 days 01:59:33.423000,291.0,312.0,,310.0,False,HARD,41.0,True,McLaren,0 days 01:58:00.700000,,1,2.0,,,False,False,2025,24
0 days 02:01:21.790000,PIA,81,0 days 00:01:48.367000,42.0,2.0,0 days 01:59:54.028000,,0 days 00:00:38.028000,0 days 00:00:38.313000,0 days 00:00:32.026000,0 days 02:00:11.451000,0 days 02:00:49.764000,0 days 02:01:21.790000,287.0,293.0,218.0,299.0,False,MEDIUM,1.0,True,McLaren,0 days 01:59:33.423000,,1,2.0,,,False,False,2025,24
0 days 01:22:23.028000,NOR,4,0 days 00:01:31.722000,16.0,1.0,,0 days 01:22:22.132000,0 days 00:00:17.984000,0 days 00:00:38.821000,0 days 00:00:34.917000,0 days 01:21:09.356000,0 days 01:21:48.177000,0 days 01:22:23.094000,288.0,293.0,,301.0,False,MEDIUM,16.0,True,McLaren,0 days 01:20:51.306000,,1,3.0,,,False,False,2025,24
0 days 01:24:13.347000,NOR,4,0 days 00:01:50.319000,17.0,2.0,0 days 01:22:43.334000,,0 days 00:00:37.858000,0 days 00:00:38.405000,0 days 00:00:34.056000,0 days 01:23:00.952000,0 days 01:23:39.357000,0 days 01:24:13.413000,289.0,296.0,214.0,313.0,False,HARD,1.0,True,McLaren,0 days 01:22:23.028000,,1,9.0,,,False,False,2025,24
0 days 01:58:10.049000,NOR,4,0 days 00:01:30.069000,40.0,2.0,,0 days 01:58:09.085000,0 days 00:00:17.505000,0 days 00:00:38.172000,0 days 00:00:34.392000,0 days 01:56:57.551000,0 days 01:57:35.723000,0 days 01:58:10.115000,293.0,299.0,,308.0,False,HARD,24.0,True,McLaren,0 days 01:56:39.980000,,1,3.0,,,False,False,2025,24
0 days 01:59:58.315000,NOR,4,0 days 00:01:48.266000,41.0,3.0,0 days 01:58:30.524000,,0 days 00:00:37.840000,0 days 00:00:38.281000,0 days 00:00:32.145000,0 days 01:58:47.955000,0 days 01:59:26.236000,0 days 01:59:58.381000,286.0,295.0,218.0,298.0,False,HARD,1.0,True,McLaren,0 days 01:58:10.049000,,1,3.0,,,False,False,2025,24
0 days 01:22:25.377000,LEC,16,0 days 00:01:31.990000,16.0,1.0,,0 days 01:22:24.397000,0 days 00:00:18.139000,0 days 00:00:38.786000,0 days 00:00:35.065000,0 days 01:21:11.556000,0 days 01:21:50.342000,0 days 01:22:25.407000,285.0,296.0,,306.0,False,MEDIUM,16.0,True,Ferrari,0 days 01:20:53.387000,,1,4.0,,,False,False,2025,24
0 days 01:24:15.593000,LEC,16,0 days 00:01:50.216000,17.0,2.0,0 days 01:22:46.156000,,0 days 00:00:38.568000,0 days 00:00:38.630000,0 days 00:00:33.018000,0 days 01:23:03.975000,0 days 01:23:42.605000,0 days 01:24:15.623000,283.0,303.0,213.0,312.0,False,HARD,1.0,True,Ferrari,0 days 01:22:25.377000,,1,10.0,,,False,False,2025,24
0 days 01:56:48.277000,LEC,16,0 days 00:01:30.239000,39.0,2.0,,0 days 01:56:47.241000,0 days 00:00:17.835000,0 days 00:00:38.244000,0 days 00:00:34.160000,0 days 01:55:35.903000,0 days 01:56:14.147000,0 days 01:56:48.307000,290.0,302.0,,309.0,False,HARD,23.0,True,Ferrari,0 days 01:55:18.038000,,1,4.0,,,False,False,2025,24
0 days 01:58:36.454000,LEC,16,0 days 00:01:48.177000,40.0,3.0,0 days 01:57:08.251000,,0 days 00:00:37.907000,0 days 00:00:38.143000,0 days 00:00:32.127000,0 days 01:57:26.214000,0 days 01:58:04.357000,0 days 01:58:36.484000,284.0,295.0,215.0,303.0,False,MEDIUM,4.0,False,Ferrari,0 days 01:56:48.277000,,1,5.0,,,False,False,2025,24
0 days 01:19:28.512000,RUS,63,0 days 00:01:32.081000,14.0,1.0,,0 days 01:19:27.532000,0 days 00:00:18.104000,0 days 00:00:38.906000,0 days 00:00:35.071000,0 days 01:18:14.594000,0 days 01:18:53.500000,0 days 01:19:28.571000,286.0,303.0,,309.0,False,MEDIUM,14.0,True,Mercedes,0 days 01:17:56.431000,,1,6.0,,,False,False,2025,24
0 days 01:21:17.965000,RUS,63,0 days 00:01:49.453000,15.0,2.0,0 days 01:19:49.553000,,0 days 00:00:38.526000,0 days 00:00:37.930000,0 days 00:00:32.997000,0 days 01:20:07.097000,0 days 01:20:45.027000,0 days 01:21:18.024000,287.0,301.0,214.0,313.0,False,HARD,1.0,True,Mercedes,0 days 01:19:28.512000,,1,13.0,,,False,False,2025,24
0 days 01:22:29.895000,ALO,14,0 days 00:01:31.928000,16.0,1.0,,0 days 01:22:28.853000,0 days 00:00:17.936000,0 days 00:00:38.897000,0 days 00:00:35.095000,0 days 01:21:16.001000,0 days 01:21:54.898000,0 days 01:22:29.993000,287.0,289.0,,299.0,False,MEDIUM,17.0,False,Aston Martin,0 days 01:20:57.967000,,1,5.0,,,False,False,2025,24
0 days 01:24:21.143000,ALO,14,0 days 00:01:51.248000,17.0,2.0,0 days 01:22:52.211000,,0 days 00:00:39.371000,0 days 00:00:38.614000,0 days 00:00:33.263000,0 days 01:23:09.364000,0 days 01:23:47.978000,0 days 01:24:21.241000,286.0,312.0,214.0,315.0,False,HARD,2.0,False,Aston Martin,0 days 01:22:29.895000,,1,14.0,,,False,False,2025,24
0 days 01:27:10.904000,OCO,31,0 days 00:01:33.060000,19.0,1.0,,0 days 01:27:09.983000,0 days 00:00:18.122000,0 days 00:00:38.952000,0 days 00:00:35.986000,0 days 01:25:56.024000,0 days 01:26:34.976000,0 days 01:27:10.962000,288.0,302.0,,304.0,False,MEDIUM,19.0,True,Haas F1 Team,0 days 01:25:37.844000,,1,4.0,,,False,False,2025,24
0 days 01:29:00.705000,OCO,31,0 days 00:01:49.801000,20.0,2.0,0 days 01:27:32.271000,,0 days 00:00:38.660000,0 days 00:00:38.557000,0 days 00:00:32.584000,0 days 01:27:49.622000,0 days 01:28:28.179000,0 days 01:29:00.763000,285.0,295.0,216.0,305.0,False,HARD,1.0,True,Haas F1 Team,0 days 01:27:10.904000,,1,17.0,,,False,False,2025,24
0 days 01:10:35.189000,HAM,44,0 days 00:01:32.249000,8.0,1.0,,0 days 01:10:34.214000,0 days 00:00:18.229000,0 days 00:00:38.316000,0 days 00:00:35.704000,0 days 01:09:21.201000,0 days 01:09:59.517000,0 days 01:10:35.221000,281.0,317.0,,326.0,False,SOFT,8.0,True,Ferrari,0 days 01:09:02.940000,,1,14.0,,,False,False,2025,24
0 days 01:12:23.689000,HAM,44,0 days 00:01:48.500000,9.0,2.0,0 days 01:10:55.839000,,0 days 00:00:37.926000,0 days 00:00:38.326000,0 days 00:00:32.248000,0 days 01:11:13.147000,0 days 01:11:51.473000,0 days 01:12:23.721000,282.0,294.0,215.0,304.0,False,HARD,1.0,True,Ferrari,0 days 01:10:35.189000,,1,18.0,,,False,False,2025,24
0 days 01:45:21.034000,HAM,44,0 days 00:01:31.397000,31.0,2.0,,0 days 01:45:20.080000,0 days 00:00:18.038000,0 days 00:00:38.240000,0 days 00:00:35.119000,0 days 01:44:07.707000,0 days 01:44:45.947000,0 days 01:45:21.066000,285.0,315.0,,315.0,False,HARD,23.0,True,Ferrari,0 days 01:43:49.637000,,1,8.0,,,False,False,2025,24
0 days 01:47:09.748000,HAM,44,0 days 00:01:48.714000,32.0,3.0,0 days 01:45:41.536000,,0 days 00:00:37.579000,0 days 00:00:38.561000,0 days 00:00:32.574000,0 days 01:45:58.645000,0 days 01:46:37.206000,0 days 01:47:09.780000,280.0,294.0,215.0,300.0,False,MEDIUM,1.0,True,Ferrari,0 days 01:45:21.034000,,1,19.0,,,False,False,2025,24
0 days 01:09:07.625000,HUL,27,0 days 00:01:31.972000,7.0,1.0,,0 days 01:09:06.710000,0 days 00:00:18.376000,0 days 00:00:37.975000,0 days 00:00:35.621000,0 days 01:07:54.100000,0 days 01:08:32.075000,0 days 01:09:07.696000,283.0,321.0,,312.0,False,SOFT,7.0,True,Kick Sauber,0 days 01:07:35.653000,,1,18.0,,,False,False,2025,24
0 days 01:10:56.147000,HUL,27,0 days 00:01:48.522000,8.0,2.0,0 days 01:09:28.258000,,0 days 00:00:38.067000,0 days 00:00:38.331000,0 days 00:00:32.124000,0 days 01:09:45.763000,0 days 01:10:24.094000,0 days 01:10:56.218000,281.0,283.0,213.0,303.0,False,HARD,1.0,True,Kick Sauber,0 days 01:09:07.625000,,1,20.0,,,False,False,2025,24
0 days 02:01:58.595000,HUL,27,0 days 00:01:32.159000,42.0,2.0,,0 days 02:01:57.580000,0 days 00:00:18.152000,0 days 00:00:38.187000,0 days 00:00:35.820000,0 days 02:00:44.659000,0 days 02:01:22.846000,0 days 02:01:58.666000,291.0,289.0,,331.0,False,HARD,35.0,True,Kick Sauber,0 days 02:00:26.436000,,1,13.0,,,False,False,2025,24
0 days 02:03:45.891000,HUL,27,0 days 00:01:47.296000,43.0,3.0,0 days 02:02:19.078000,,0 days 00:00:37.537000,0 days 00:00:37.978000,0 days 00:00:31.781000,0 days 02:02:36.203000,0 days 02:03:14.181000,0 days 02:03:45.962000,288.0,290.0,217.0,300.0,False,MEDIUM,1.0,True,Kick Sauber,0 days 02:01:58.595000,,1,18.0,,,False,False,2025,24
0 days 02:01:51.236000,STR,18,0 days 00:01:32.323000,42.0,1.0,,0 days 02:01:50.262000,0 days 00:00:18.062000,0 days 00:00:38.989000,0 days 00:00:35.272000,0 days 02:00:37.002000,0 days 02:01:15.991000,0 days 02:01:51.263000,287.0,290.0,,298.0,False,HARD,43.0,False,Aston Martin,0 days 02:00:18.913000,,1,6.0,,,False,False,2025,24
0 days 02:03:40.013000,STR,18,0 days 00:01:48.777000,43.0,2.0,0 days 02:02:11.824000,,0 days 00:00:37.976000,0 days 00:00:38.318000,0 days 00:00:32.483000,0 days 02:02:29.239000,0 days 02:03:07.557000,0 days 02:03:40.040000,287.0,290.0,215.0,300.0,False,MEDIUM,2.0,False,Aston Martin,0 days 02:01:51.236000,,1,17.0,,,False,False,2025,24
0 days 01:21:01.806000,BOR,5,0 days 00:01:31.832000,15.0,1.0,,0 days 01:21:00.857000,0 days 00:00:18.149000,0 days 00:00:38.695000,0 days 00:00:34.988000,0 days 01:19:48.145000,0 days 01:20:26.840000,0 days 01:21:01.828000,283.0,296.0,,310.0,False,MEDIUM,15.0,True,Kick Sauber,0 days 01:19:29.974000,,1,6.0,,,False,False,2025,24
0 days 01:22:51.488000,BOR,5,0 days 00:01:49.682000,16.0,2.0,0 days 01:21:22.892000,,0 days 00:00:38.621000,0 days 00:00:38.623000,0 days 00:00:32.438000,0 days 01:21:40.449000,0 days 01:22:19.072000,0 days 01:22:51.510000,287.0,289.0,213.0,305.0,False,HARD,1.0,True,Kick Sauber,0 days 01:21:01.806000,,1,15.0,,,False,False,2025,24
0 days 01:19:39.408000,BEA,87,0 days 00:01:32.668000,14.0,1.0,,0 days 01:19:38.498000,0 days 00:00:18.137000,0 days 00:00:38.453000,0 days 00:00:36.078000,0 days 01:18:24.960000,0 days 01:19:03.413000,0 days 01:19:39.491000,286.0,315.0,,325.0,False,MEDIUM,14.0,True,Haas F1 Team,0 days 01:18:06.740000,,1,14.0,,,False,False,2025,24
0 days 01:21:29.657000,BEA,87,0 days 00:01:50.249000,15.0,2.0,0 days 01:20:00.692000,,0 days 00:00:38.628000,0 days 00:00:38.762000,0 days 00:00:32.859000,0 days 01:20:18.119000,0 days 01:20:56.881000,0 days 01:21:29.740000,285.0,292.0,213.0,303.0,False,HARD,1.0,True,Haas F1 Team,0 days 01:19:39.408000,,1,19.0,,,False,False,2025,24
0 days 01:25:46.028000,SAI,55,0 days 00:01:33.531000,18.0,1.0,,0 days 01:25:45.121000,0 days 00:00:18.253000,0 days 00:00:39.131000,0 days 00:00:36.147000,0 days 01:24:30.792000,0 days 01:25:09.923000,0 days 01:25:46.070000,288.0,294.0,,310.0,False,MEDIUM,18.0,True,Williams,0 days 01:24:12.497000,,1,10.0,,,False,False,2025,24
0 days 01:27:35.305000,SAI,55,0 days 00:01:49.277000,19.0,2.0,0 days 01:26:06.786000,,0 days 00:00:38.263000,0 days 00:00:38.367000,0 days 00:00:32.647000,0 days 01:26:24.333000,0 days 01:27:02.700000,0 days 01:27:35.347000,286.0,299.0,215.0,323.0,False,HARD,1.0,True,Williams,0 days 01:25:46.028000,,1,18.0,,,False,False,2025,24
0 days 01:46:46.597000,TSU,22,0 days 00:01:31.781000,32.0,1.0,,0 days 01:46:45.713000,0 days 00:00:17.863000,0 days 00:00:38.729000,0 days 00:00:35.189000,0 days 01:45:32.731000,0 days 01:46:11.460000,0 days 01:46:46.649000,285.0,299.0,,307.0,False,HARD,32.0,True,Red Bull Racing,0 days 01:45:14.816000,,1,6.0,,,False,False,2025,24
0 days 01:48:41.646000,TSU,22,0 days 00:01:55.049000,33.0,2.0,0 days 01:47:12.647000,,0 days 00:00:43.708000,0 days 00:00:38.456000,0 days 00:00:32.885000,0 days 01:47:30.357000,0 days 01:48:08.813000,0 days 01:48:41.698000,285.0,292.0,213.0,304.0,False,MEDIUM,1.0,True,Red Bull Racing,0 days 01:46:46.597000,,1,18.0,,,False,False,2025,24
0 days 01:46:58.739000,ANT,12,0 days 00:01:32.815000,32.0,1.0,,0 days 01:46:57.849000,0 days 00:00:17.919000,0 days 00:00:39.043000,0 days 00:00:35.853000,0 days 01:45:43.904000,0 days 01:46:22.947000,0 days 01:46:58.800000,288.0,310.0,,293.0,False,HARD,32.0,True,Mercedes,0 days 01:45:25.924000,,1,13.0,,,False,False,2025,24
0 days 01:48:49.463000,ANT,12,0 days 00:01:50.724000,33.0,2.0,0 days 01:47:20.688000,,0 days 00:00:39.422000,0 days 00:00:38.675000,0 days 00:00:32.627000,0 days 01:47:38.222000,0 days 01:48:16.897000,0 days 01:48:49.524000,283.0,298.0,214.0,305.0,False,MEDIUM,1.0,True,Mercedes,0 days 01:46:58.739000,,1,20.0,,,False,False,2025,24
0 days 01:10:36.230000,ALB,23,0 days 00:01:31.974000,8.0,1.0,,0 days 01:10:35.232000,0 days 00:00:18.247000,0 days 00:00:37.994000,0 days 00:00:35.733000,0 days 01:09:22.550000,0 days 01:10:00.544000,0 days 01:10:36.277000,286.0,323.0,,328.0,False,SOFT,8.0,True,Williams,0 days 01:09:04.256000,,1,17.0,,,False,False,2025,24
0 days 01:12:25.590000,ALB,23,0 days 00:01:49.360000,9.0,2.0,0 days 01:10:56.840000,,0 days 00:00:38.060000,0 days 00:00:37.887000,0 days 00:00:33.413000,0 days 01:11:14.337000,0 days 01:11:52.224000,0 days 01:12:25.637000,288.0,306.0,212.0,331.0,False,HARD,1.0,True,Williams,0 days 01:10:36.230000,,1,20.0,,,False,False,2025,24
0 days 01:48:30.927000,ALB,23,0 days 00:01:31.616000,33.0,2.0,,0 days 01:48:29.894000,0 days 00:00:17.983000,0 days 00:00:38.644000,0 days 00:00:34.989000,0 days 01:47:17.341000,0 days 01:47:55.985000,0 days 01:48:30.974000,289.0,310.0,,313.0,False,HARD,25.0,True,Williams,0 days 01:46:59.311000,,1,13.0,,,False,False,2025,24
0 days 01:50:19.804000,ALB,23,0 days 00:01:48.877000,34.0,3.0,0 days 01:48:51.506000,,0 days 00:00:37.621000,0 days 00:00:38.292000,0 days 00:00:32.964000,0 days 01:49:08.595000,0 days 01:49:46.887000,0 days 01:50:19.851000,284.0,303.0,216.0,306.0,False,MEDIUM,1.0,True,Williams,0 days 01:48:30.927000,,1,20.0,,,False,False,2025,24
0 days 01:19:35.624000,HAD,6,0 days 00:01:32.759000,14.0,1.0,,0 days 01:19:34.627000,0 days 00:00:18.281000,0 days 00:00:39.255000,0 days 00:00:35.223000,0 days 01:18:21.231000,0 days 01:19:00.486000,0 days 01:19:35.709000,284.0,301.0,,295.0,False,MEDIUM,14.0,True,Racing Bulls,0 days 01:18:02.865000,,1,9.0,,,False,False,2025,24
0 days 01:21:25.869000,HAD,6,0 days 00:01:50.245000,15.0,2.0,0 days 01:19:56.550000,,0 days 00:00:38.398000,0 days 00:00:38.825000,0 days 00:00:33.022000,0 days 01:20:14.107000,0 days 01:20:52.932000,0 days 01:21:25.954000,286.0,295.0,210.0,292.0,False,HARD,1.0,True,Racing Bulls,0 days 01:19:35.624000,,1,18.0,,,False,False,2025,24
0 days 01:30:21.656000,LAW,30,0 days 00:01:35.813000,21.0,1.0,,0 days 01:30:20.768000,0 days 00:00:18.191000,0 days 00:00:39.209000,0 days 00:00:38.413000,0 days 01:29:04.081000,0 days 01:29:43.290000,0 days 01:30:21.703000,283.0,322.0,,306.0,False,MEDIUM,21.0,True,Racing Bulls,0 days 01:28:45.843000,,1,12.0,,,False,False,2025,24
0 days 01:32:19.414000,LAW,30,0 days 00:01:57.758000,22.0,2.0,0 days 01:30:49.131000,,0 days 00:00:45.694000,0 days 00:00:39.125000,0 days 00:00:32.939000,0 days 01:31:07.397000,0 days 01:31:46.522000,0 days 01:32:19.461000,277.0,289.0,211.0,293.0,False,HARD,1.0,True,Racing Bulls,0 days 01:30:21.656000,,1,20.0,,,False,False,2025,24
0 days 01:18:15.957000,GAS,10,0 days 00:01:33.540000,13.0,1.0,,0 days 01:18:15.061000,0 days 00:00:18.540000,0 days 00:00:39.177000,0 days 00:00:35.823000,0 days 01:17:01.066000,0 days 01:17:40.243000,0 days 01:18:16.066000,277.0,292.0,,303.0,False,MEDIUM,13.0,True,Alpine,0 days 01:16:42.417000,,1,17.0,,,False,False,2025,24
0 days 01:20:07.499000,GAS,10,0 days 00:01:51.542000,14.0,2.0,0 days 01:18:37.618000,,0 days 00:00:39.534000,0 days 00:00:38.852000,0 days 00:00:33.156000,0 days 01:18:55.600000,0 days 01:19:34.452000,0 days 01:20:07.608000,277.0,287.0,211.0,297.0,False,HARD,1.0,True,Alpine,0 days 01:18:15.957000,,1,20.0,,,False,False,2025,24
0 days 01:59:08.739000,GAS,10,0 days 00:01:31.907000,40.0,2.0,,0 days 01:59:07.779000,0 days 00:00:18.088000,0 days 00:00:38.701000,0 days 00:00:35.118000,0 days 01:57:55.029000,0 days 01:58:33.730000,0 days 01:59:08.848000,285.0,293.0,,306.0,False,HARD,27.0,True,Alpine,0 days 01:57:36.832000,,1,16.0,,,False,False,2025,24
0 days 02:00:59.085000,GAS,10,0 days 00:01:50.346000,41.0,3.0,0 days 01:59:30.022000,,0 days 00:00:38.635000,0 days 00:00:38.690000,0 days 00:00:33.021000,0 days 01:59:47.483000,0 days 02:00:26.173000,0 days 02:00:59.194000,278.0,307.0,214.0,314.0,False,MEDIUM,4.0,False,Alpine,0 days 01:59:08.739000,,1,19.0,,,False,False,2025,24
0 days 01:21:19.450000,COL,43,0 days 00:01:32.799000,15.0,1.0,,0 days 01:21:18.540000,0 days 00:00:18.311000,0 days 00:00:39.089000,0 days 00:00:35.399000,0 days 01:20:05.036000,0 days 01:20:44.125000,0 days 01:21:19.524000,283.0,292.0,,302.0,False,MEDIUM,15.0,True,Alpine,0 days 01:19:46.651000,,1,15.0,,,False,False,2025,24
0 days 01:23:10.844000,COL,43,0 days 00:01:51.394000,16.0,2.0,0 days 01:21:40.465000,,0 days 00:00:38.753000,0 days 00:00:39.136000,0 days 00:00:33.505000,0 days 01:21:58.277000,0 days 01:22:37.413000,0 days 01:23:10.918000,279.0,292.0,210.0,298.0,False,HARD,1.0,True,Alpine,0 days 01:21:19.450000,,1,20.0,,,False,False,2025,24
0 days 01:59:15.221000,COL,43,0 days 00:01:33.034000,40.0,2.0,,0 days 01:59:14.311000,0 days 00:00:18.293000,0 days 00:00:39.120000,0 days 00:00:35.621000,0 days 01:58:00.554000,0 days 01:58:39.674000,0 days 01:59:15.295000,288.0,309.0,,302.0,False,HARD,25.0,True,Alpine,0 days 01:57:42.187000,,1,20.0,,,False,False,2025,24
0 days 02:01:05.462000,COL,43,0 days 00:01:50.241000,41.0,3.0,0 days 01:59:37.208000,,0 days 00:00:39.369000,0 days 00:00:38.412000,0 days 00:00:32.460000,0 days 01:59:54.664000,0 days 02:00:33.076000,0 days 02:01:05.536000,283.0,294.0,213.0,300.0,False,MEDIUM,1.0,True,Alpine,0 days 01:59:15.221000,,1,20.0,,,False,False,2025,24
